,R05_07_N_CO201,R05_07_N_FCI01_1,R05_07_N_TRU01,R05_07_V_CO201,R05_07_V_FCI01_1,R05_07_V_TRU01,HTRK_VEN01_TI01,HTR9_VES01_AZ01,HTR9_VES01_SI01,HTR9_VES01_SV01,HTR9_VES01_TUD01
2025-04-01 00:00:00+00:00,473.0,0.0,22.0,469.0,0.0,21.8,12.9,15.5,0.0,-30.0,4.1
2025-04-01 00:15:00+00:00,472.0,0.0,21.9,470.5,0.0,21.6,15.0,20.0,0.0,-29.0,4.2
2025-04-01 00:30:00+00:00,471.5,0.0,21.9,470.5,0.0,21.7,14.8,24.0,0.0,-28.0,4.0
2025-04-01 00:45:00+00:00,469.0,0.0,21.9,469.0,0.0,21.7,13.0,28.0,0.0,-28.0,4.0
2025-04-01 01:00:00+00:00,470.0,0.0,21.8,468.0,0.0,21.7,13.7,32.0,0.0,-26.0,4.0
2025-04-01 01:15:00+00:00,445.5,0.0,21.8,465.0,0.0,21.7,14.6,35.0,0.0,-25.0,3.8
2025-04-01 01:30:00+00:00,423.0,0.0,21.8,466.5,0.0,21.6,13.3,39.0,0.0,-24.0,3.7
2025-04-01 01:45:00+00:00,424.0,0.0,21.8,464.5,0.0,21.6,13.0,43.0,0.0,-23.0,3.5
2025-04-01 02:00:00+00:00,423.0,0.0,21.8,464.5,0.0,21.6,14.6,47.0,0.0,-21.0,3.5
2025-04-01 02:15:00+00:00,422.0,0.0,21.8,464.5,0.0,21.6,14.1,50.0,0.0,-20.0,3.5
2025-04-01 02:30:00+00:00,430.6,0.0,21.8,477.8333333,0.0,21.6,13.0,53.0,0.0,-18.0,3.6
2025-04-01 02:45:00+00:00,441.25,0.0,21.8,493.5,0.0,21.8,13.9,57.0,0.0,-16.0,3.6
2025-04-01 03:00:00+00:00,447.5,64.77777778,21.9,489.8333333,52.66666667,21.9,16.7,61.0,0.0,-14.0,3.5
2025-04-01 03:15:00+00:00,446.0,61.21428571,21.9,491.0,61.90909091,21.9,20.9,64.0,0.0,-12.0,3.5
2025-04-01 03:30:00+00:00,443.5,60.78571429,22.0,486.5,61.73333333,22.0,18.8,67.0,0.0,-11.0,3.5
2025-04-01 03:45:00+00:00,443.5,60.8,22.0,482.0,61.83333333,22.3,17.4,70.0,0.0,-9.0,3.5
2025-04-01 04:00:00+00:00,441.5,61.06666667,22.0,483.0,62.07142857,22.1,18.4,73.0,0.0,-7.0,3.2
2025-04-01 04:15:00+00:00,441.5,61.2,22.1,482.0,61.69230769,22.1,18.0,76.0,0.4,-4.0,3.2
2025-04-01 04:30:00+00:00,438.5,60.93333333,22.1,481.0,61.46153846,21.9,17.9,79.0,2.4,-2.0,3.1
2025-04-01 04:45:00+00:00,443.0,61.07142857,22.1,488.6666667,61.64285714,22.0,17.8,83.0,8.48,0.0,3.6
2025-04-01 05:00:00+00:00,460.5,60.73333333,22.2,509.8571429,61.85714286,22.1,18.3,86.0,24.67272727,2.0,4.1
2025-04-01 05:15:00+00:00,476.4285714,65.86666667,22.2,602.0,68.42857143,22.2,17.9,89.0,51.70666667,4.0,4.3
2025-04-01 05:30:00+00:00,500.0,65.93333333,22.3,577.2222222,69.26666667,22.4,18.0,92.0,82.79285714,7.0,4.8
2025-04-01 05:45:00+00:00,533.25,65.2,22.3,594.0,62.53333333,22.8,18.0,95.0,116.2866667,10.0,4.7
2025-04-01 06:00:00+00:00,566.5,65.33333333,22.1,639.0833333,62.4,22.5,17.7,98.0,147.7153846,12.0,5.0
2025-04-01 06:15:00+00:00,592.6363636,64.26666667,22.4,653.5,63.73333333,22.5,18.0,101.0,179.3,14.0,5.5
2025-04-01 06:30:00+00:00,638.1428571,60.5,22.4,689.2727273,63.35714286,22.7,17.8,105.0,213.2933333,16.0,6.1
2025-04-01 06:45:00+00:00,703.1428571,59.93333333,22.6,751.0,62.28571429,22.8,17.7,108.0,247.3333333,18.0,6.9
2025-04-01 07:00:00+00:00,765.0,60.6,22.8,814.7142857,85.71428571,22.7,17.8,111.0,277.8785714,20.0,7.5
2025-04-01 07:15:00+00:00,798.6153846,65.4,22.9,843.1538462,114.7333333,23.0,17.5,114.0,308.95,22.0,7.6
2025-04-01 07:30:00+00:00,809.0833333,73.26666667,22.8,868.4444444,152.2,23.0,17.5,118.0,337.1692308,24.0,8.4
2025-04-01 07:45:00+00:00,819.1666667,87.8,22.9,857.0,137.2666667,23.0,17.5,122.5,364.0071429,26.0,9.1
2025-04-01 08:00:00+00:00,826.0,96.86666667,23.1,835.4,114.0666667,23.0,17.2,126.0,391.7461538,28.0,8.8
2025-04-01 08:15:00+00:00,809.375,76.2,23.1,841.7777778,115.3333333,23.1,17.0,129.0,416.8833333,30.0,9.6
2025-04-01 08:30:00+00:00,814.6,83.33333333,23.2,851.4,131.3571429,23.1,17.1,133.0,434.1636364,31.0,11.1
2025-04-01 08:45:00+00:00,821.8181818,92.06666667,23.2,841.6666667,119.5333333,23.0,17.0,137.0,400.4076923,33.0,11.2
2025-04-01 09:00:00+00:00,773.6153846,76.53333333,23.3,803.7857143,92.2,23.1,17.0,141.0,435.5307692,34.0,11.6
2025-04-01 09:15:00+00:00,752.1333333,65.33333333,23.5,784.8,68.93333333,23.2,16.8,145.0,499.8166667,35.0,11.4
2025-04-01 09:30:00+00:00,737.0666667,66.06666667,23.5,780.0,72.8,23.0,16.8,150.0,519.1555556,36.0,12.3
2025-04-01 09:45:00+00:00,710.7333333,66.73333333,23.4,710.4666667,64.46666667,23.0,16.7,154.0,535.38,37.0,13.1
2025-04-01 10:00:00+00:00,674.7333333,61.14285714,23.4,695.7142857,64.14285714,23.0,16.8,158.0,550.3875,38.0,13.4
2025-04-01 10:15:00+00:00,661.3571429,60.73333333,23.5,695.2666667,64.33333333,23.2,16.8,163.0,561.7,39.0,13.9
2025-04-01 10:30:00+00:00,666.9166667,60.33333333,23.4,707.3333333,66.53333333,23.0,16.8,169.0,569.0,39.0,13.4
2025-04-01 10:45:00+00:00,666.8461538,60.53333333,23.6,697.3333333,66.53333333,23.1,16.9,173.0,576.9875,40.0,14.2
2025-04-01 11:00:00+00:00,668.8181818,60.66666667,23.6,678.2,66.06666667,23.1,16.9,177.0,578.0777778,40.0,13.7
2025-04-01 11:15:00+00:00,659.9090909,59.93333333,23.7,653.8571429,66.35714286,22.9,17.1,182.0,579.88,40.0,13.8
2025-04-01 11:30:00+00:00,651.4545455,58.73333333,23.7,659.5714286,122.2307692,23.0,17.2,187.0,579.4,39.0,14.4
2025-04-01 11:45:00+00:00,638.5,58.86666667,23.5,660.5714286,128.2666667,23.1,17.1,192.0,573.6714286,39.0,13.9
2025-04-01 12:00:00+00:00,642.4666667,58.4,23.4,673.2666667,65.35714286,23.3,17.3,197.0,565.5125,38.0,15.4
2025-04-01 12:15:00+00:00,639.6428571,60.13333333,23.7,660.5333333,60.07142857,23.3,17.1,202.0,556.9222222,38.0,15.5
2025-04-01 12:30:00+00:00,649.6428571,59.4,23.7,659.1333333,60.13333333,23.4,17.0,206.0,544.325,37.0,16.1
2025-04-01 12:45:00+00:00,640.3571429,60.2,23.7,669.5,59.86666667,23.4,16.9,211.0,528.2666667,36.0,15.5
2025-04-01 13:00:00+00:00,650.5333333,59.4,23.5,663.6,59.64285714,23.3,16.8,215.0,514.0125,34.0,14.5
2025-04-01 13:15:00+00:00,627.2857143,60.57142857,23.7,640.1428571,60.53333333,23.6,17.0,219.0,501.7416667,33.0,14.2
2025-04-01 13:30:00+00:00,602.5384615,60.73333333,23.6,622.6363636,60.85714286,23.5,16.6,223.0,478.6,32.0,14.0
2025-04-01 13:45:00+00:00,570.5384615,62.2,23.7,598.6666667,61.21428571,23.4,16.9,227.0,456.6090909,30.0,13.7
2025-04-01 14:00:00+00:00,554.5454545,64.66666667,23.5,590.5,64.66666667,23.7,16.9,231.5,431.5833333,28.0,14.0
2025-04-01 14:15:00+00:00,545.2857143,65.26666667,23.4,581.75,63.6,23.9,16.8,235.0,406.375,27.0,13.6
2025-04-01 14:30:00+00:00,529.4444444,65.73333333,23.5,568.25,63.07142857,24.1,17.2,238.0,379.7,25.0,13.6
2025-04-01 14:45:00+00:00,511.0,65.21428571,23.6,557.0,63.14285714,24.3,16.3,242.0,350.1285714,23.0,13.5
2025-04-01 15:00:00+00:00,506.4,65.13333333,23.7,549.5,63.35714286,24.6,17.3,245.0,319.8214286,21.0,13.1
2025-04-01 15:15:00+00:00,494.0,65.86666667,23.7,542.0,63.71428571,24.6,17.2,248.0,289.0214286,19.0,13.2
2025-04-01 15:30:00+00:00,485.5,65.4,23.8,536.0,63.8,24.6,16.4,253.0,256.7923077,17.0,13.2
2025-04-01 15:45:00+00:00,482.0,65.13333333,23.9,533.0,63.33333333,24.6,17.4,256.0,221.075,15.0,13.1
2025-04-01 16:00:00+00:00,478.0,65.06666667,23.9,530.0,62.78571429,24.6,17.7,259.0,187.0866667,13.0,13.1
2025-04-01 16:15:00+00:00,477.4,65.6,23.9,527.0,63.0,25.5,16.5,262.0,151.0538462,11.0,12.6
2025-04-01 16:30:00+00:00,477.0,64.93333333,23.9,526.0,63.14285714,25.7,16.85,265.0,124.08,9.0,12.7
2025-04-01 16:45:00+00:00,478.1428571,65.73333333,23.9,526.0,63.16666667,25.6,15.9,268.0,90.28571429,7.0,12.0
2025-04-01 17:00:00+00:00,476.5,65.6,23.9,521.0,63.2,25.2,16.9,271.0,61.04615385,5.0,11.8
2025-04-01 17:15:00+00:00,473.8333333,65.06666667,23.9,522.3333333,63.07692308,24.8,17.9,275.0,34.4,3.0,11.2
2025-04-01 17:30:00+00:00,476.0,65.13333333,23.9,520.0,62.61538462,24.3,15.9,278.0,15.05,0.0,10.5
2025-04-01 17:45:00+00:00,478.6666667,65.26666667,23.8,518.5,62.92307692,24.0,16.9,281.0,4.0,-2.0,9.8
2025-04-01 18:00:00+00:00,475.0,3.5,23.7,518.0,3.5,23.7,15.7,284.0,0.3,-4.0,9.2
2025-04-01 18:15:00+00:00,480.0,0.0,23.7,521.0,0.0,23.6,15.6,287.0,0.0,-6.0,8.8
2025-04-01 18:30:00+00:00,487.0,0.0,23.6,523.0,0.0,23.6,15.4,290.0,0.0,-8.0,8.4
2025-04-01 18:45:00+00:00,489.5,0.0,23.6,525.0,0.0,23.5,15.2,294.0,0.0,-10.0,8.1
2025-04-01 19:00:00+00:00,500.1666667,0.0,23.6,527.3333333,0.0,23.4,14.8,297.0,0.0,-12.0,7.8
2025-04-01 19:15:00+00:00,513.5,0.0,23.5,531.0,0.0,23.3,14.4,300.0,0.0,-13.0,7.6
2025-04-01 19:30:00+00:00,521.5,0.0,23.4,534.0,0.0,23.3,14.0,303.0,0.0,-15.0,7.5
2025-04-01 19:45:00+00:00,513.25,0.0,23.4,538.5,0.0,23.2,13.5,307.0,0.0,-17.0,7.2
2025-04-01 20:00:00+00:00,498.5,0.0,23.3,541.5,0.0,23.1,13.2,310.0,0.0,-19.0,7.3
2025-04-01 20:15:00+00:00,497.0,0.0,23.2,540.0,0.0,23.1,12.9,313.0,0.0,-20.0,7.2
2025-04-01 20:30:00+00:00,498.0,0.0,23.1,540.0,0.0,23.0,12.6,318.0,0.0,-22.0,7.1
2025-04-01 20:45:00+00:00,495.0,0.0,23.1,540.0,0.0,22.9,12.3,322.0,0.0,-23.0,7.1
2025-04-01 21:00:00+00:00,496.5,0.0,23.0,538.0,0.0,22.8,12.0,325.0,0.0,-24.0,7.2
2025-04-01 21:15:00+00:00,492.0,0.0,23.0,536.5,0.0,22.7,11.8,328.0,0.0,-26.0,7.2
2025-04-01 21:30:00+00:00,491.0,0.0,22.9,535.0,0.0,22.7,11.6,332.0,0.0,-27.0,7.0
2025-04-01 21:45:00+00:00,490.0,0.0,22.8,533.5,0.0,22.6,11.3,337.0,0.0,-28.0,6.8
2025-04-01 22:00:00+00:00,490.0,0.0,22.8,532.0,0.0,22.6,11.1,341.0,0.0,-28.0,6.7
2025-04-01 22:15:00+00:00,487.5,0.0,22.7,530.5,0.0,22.5,11.0,345.0,0.0,-29.0,6.5
2025-04-01 22:30:00+00:00,484.0,0.0,22.7,530.0,0.0,22.5,10.7,349.0,0.0,-30.0,6.4
2025-04-01 22:45:00+00:00,484.0,0.0,22.6,527.0,0.0,22.4,10.5,353.0,0.0,-30.0,6.9
2025-04-01 23:00:00+00:00,482.5,0.0,22.6,528.5,0.0,22.3,10.4,238.3333333,0.0,-30.0,8.0
2025-04-01 23:15:00+00:00,481.0,0.0,22.5,526.0,0.0,22.3,10.3,3.0,0.0,-30.0,7.1
2025-04-01 23:30:00+00:00,480.25,0.0,22.5,523.0,0.0,22.3,10.0,7.0,0.0,-30.0,6.9
2025-04-01 23:45:00+00:00,479.0,0.0,22.4,524.5,0.0,22.2,9.9,11.0,0.0,-30.0,7.5
2025-04-02 00:00:00+00:00,476.0,0.0,22.4,522.0,0.0,22.2,9.8,15.5,0.0,-29.0,7.0
2025-04-02 00:15:00+00:00,476.5,0.0,22.4,520.0,0.0,22.1,9.6,20.0,0.0,-28.0,6.9
2025-04-02 00:30:00+00:00,473.0,0.0,22.4,520.0,0.0,22.1,9.6,24.0,0.0,-28.0,7.2
2025-04-02 00:45:00+00:00,472.0,0.0,22.3,518.0,0.0,22.1,9.4,28.0,0.0,-27.0,6.9
2025-04-02 01:00:00+00:00,472.0,0.0,22.3,516.5,0.0,22.0,9.3,31.0,0.0,-26.0,7.2
2025-04-02 01:15:00+00:00,470.5,0.0,22.3,514.0,0.0,22.0,9.3,34.0,0.0,-24.0,7.2
2025-04-02 01:30:00+00:00,470.0,0.0,22.2,512.0,0.0,21.9,9.2,39.0,0.0,-23.0,7.8
2025-04-02 01:45:00+00:00,466.0,0.0,22.2,513.0,0.0,21.9,11.1,43.0,0.0,-22.0,7.7
2025-04-02 02:00:00+00:00,467.0,0.0,22.1,510.0,0.0,21.9,13.1,47.0,0.0,-20.0,7.0
2025-04-02 02:15:00+00:00,465.0,0.0,22.1,511.0,0.0,21.9,14.0,50.0,0.0,-19.0,7.0
2025-04-02 02:30:00+00:00,468.4,0.0,22.0,519.3333333,0.0,21.9,13.8,53.0,0.0,-17.0,6.9
2025-04-02 02:45:00+00:00,487.7142857,0.0,22.1,532.25,0.0,22.0,12.8,57.0,0.0,-15.0,6.8
2025-04-02 03:00:00+00:00,495.1111111,61.18181818,22.1,529.4,60.8,21.8,15.9,61.0,0.0,-13.0,9.6
2025-04-02 03:15:00+00:00,488.2,61.35714286,22.1,528.0,62.06666667,21.9,19.7,64.0,0.0,-11.0,10.5
2025-04-02 03:30:00+00:00,481.0,61.66666667,22.1,520.0,62.71428571,21.9,16.23333333,67.0,0.0,-9.0,11.6
2025-04-02 03:45:00+00:00,472.0,61.93333333,22.1,513.5,62.64285714,21.8,17.6,70.0,0.0,-7.0,9.4
2025-04-02 04:00:00+00:00,464.5,61.4,22.0,507.5,61.8,21.9,16.6,73.0,0.0,-5.0,10.4
2025-04-02 04:15:00+00:00,460.6666667,61.86666667,22.0,502.0,62.23076923,21.9,17.0,76.0,0.5,-3.0,10.8
2025-04-02 04:30:00+00:00,454.5,61.33333333,22.0,498.5,62.13333333,21.9,17.0,79.0,3.55,-1.0,10.8
2025-04-02 04:45:00+00:00,456.2222222,61.21428571,22.0,497.0,62.14285714,21.9,16.8,83.0,12.7,1.0,9.6
2025-04-02 05:00:00+00:00,468.8888889,60.93333333,22.0,498.0,62.4,22.0,17.3,86.0,32.00833333,3.0,8.4
2025-04-02 05:15:00+00:00,474.0,61.8,22.0,501.0,62.57142857,22.0,17.0,89.0,57.88461538,5.0,9.8
2025-04-02 05:30:00+00:00,484.2727273,61.8,22.1,506.75,62.06666667,22.1,16.9,92.0,87.48571429,7.0,10.4
2025-04-02 05:45:00+00:00,501.1666667,61.26666667,22.1,512.6666667,62.07692308,22.2,17.1,95.0,109.7142857,9.0,9.7
2025-04-02 06:00:00+00:00,535.0,61.6,21.8,540.8,62.2,22.4,17.1,98.0,137.2866667,11.0,10.0
2025-04-02 06:15:00+00:00,537.0,61.2,22.3,571.0,61.78571429,22.4,17.2,101.0,188.6285714,13.0,10.6
2025-04-02 06:30:00+00:00,538.0,60.73333333,22.4,584.6,66.26666667,22.5,17.1,105.0,220.6571429,16.0,10.4
2025-04-02 06:45:00+00:00,557.7142857,61.46666667,22.4,608.2857143,66.0,22.5,17.0,108.0,251.6714286,18.0,10.6
2025-04-02 07:00:00+00:00,571.7142857,61.0,22.4,630.0,65.86666667,22.4,17.0,111.0,281.9642857,20.0,10.8
2025-04-02 07:15:00+00:00,601.6153846,59.73333333,22.5,648.5,65.46666667,22.6,17.0,114.0,313.6133333,22.0,11.0
2025-04-02 07:30:00+00:00,686.7857143,61.13333333,22.7,677.1818182,65.93333333,22.5,17.3,118.0,342.2384615,24.0,11.5
2025-04-02 07:45:00+00:00,739.8,60.26666667,22.8,700.375,65.35714286,22.6,17.0,121.0,368.6230769,25.0,11.0
2025-04-02 08:00:00+00:00,741.4285714,60.73333333,22.8,730.9,66.6,22.6,16.9,125.0,396.4692308,27.0,11.5
2025-04-02 08:15:00+00:00,760.8666667,60.53333333,23.0,754.4444444,66.25,22.7,16.9,129.0,418.4833333,29.0,11.8
2025-04-02 08:30:00+00:00,759.8571429,60.53333333,23.1,768.4444444,66.26666667,22.7,16.8,133.0,440.0416667,31.0,12.7
2025-04-02 08:45:00+00:00,759.0,61.0,23.1,765.0833333,65.92857143,22.8,17.0,137.0,398.3307692,32.0,12.5
2025-04-02 09:00:00+00:00,757.4285714,61.28571429,23.3,754.6428571,64.46153846,22.8,17.0,141.0,438.6846154,34.0,13.7
2025-04-02 09:15:00+00:00,709.8,62.33333333,23.3,722.0666667,65.73333333,22.8,17.0,145.0,500.5153846,35.0,13.6
2025-04-02 09:30:00+00:00,689.5333333,63.4,23.4,688.1428571,66.78571429,22.8,17.0,150.0,520.7666667,36.0,14.2
2025-04-02 09:45:00+00:00,696.2666667,62.13333333,23.5,685.2857143,65.8,22.8,17.2,154.0,537.0,37.0,14.3
2025-04-02 10:00:00+00:00,667.6666667,63.13333333,23.5,672.2666667,66.86666667,22.8,17.2,158.0,551.9666667,38.0,14.4
2025-04-02 10:15:00+00:00,655.2307692,62.4,23.5,658.3571429,64.73333333,22.8,17.0,163.0,564.3833333,39.0,14.4
2025-04-02 10:30:00+00:00,643.7333333,63.53333333,23.4,656.1538462,63.0,22.9,17.2,169.0,574.9333333,39.0,14.6
2025-04-02 10:45:00+00:00,652.2666667,62.46666667,23.5,656.4666667,62.92857143,22.9,17.0,173.0,572.4307692,40.0,14.8
2025-04-02 11:00:00+00:00,649.4444444,63.93333333,23.4,641.2666667,63.71428571,23.0,17.1,178.0,580.125,40.0,15.1
2025-04-02 11:15:00+00:00,644.4615385,63.33333333,23.5,638.5833333,64.26666667,22.9,17.1,183.0,585.2285714,40.0,15.2
2025-04-02 11:30:00+00:00,642.1333333,63.8,23.3,640.8,64.5,23.0,16.8,187.0,581.7666667,40.0,15.2
2025-04-02 11:45:00+00:00,640.9230769,64.0,23.5,633.8461538,63.33333333,23.0,17.3,192.0,579.6166667,40.0,15.5
2025-04-02 12:00:00+00:00,656.1428571,62.4,23.5,654.2857143,62.66666667,23.1,17.1,197.0,568.175,39.0,14.8
2025-04-02 12:15:00+00:00,634.4285714,63.42857143,23.5,650.2666667,63.92857143,22.9,16.8,202.0,554.65,38.0,15.1
2025-04-02 12:30:00+00:00,612.1111111,63.0,23.3,632.0,63.0,23.0,17.1,206.0,543.3666667,38.0,15.1
2025-04-02 12:45:00+00:00,595.5454545,64.13333333,23.6,612.6428571,64.6,23.0,17.2,211.0,534.5625,37.0,15.6
2025-04-02 13:00:00+00:00,583.5,64.6,23.5,600.8,64.71428571,23.1,17.0,215.0,516.91,35.0,15.5
2025-04-02 13:15:00+00:00,564.8181818,64.46666667,23.4,588.6666667,64.26666667,23.1,17.0,219.0,503.3357143,34.0,15.5
2025-04-02 13:30:00+00:00,559.7692308,64.26666667,23.4,579.0,63.86666667,23.3,17.4,223.0,478.7083333,33.0,16.2
2025-04-02 13:45:00+00:00,539.5454545,64.13333333,23.5,571.8,65.64285714,23.4,17.5,227.0,461.2,31.0,17.0
2025-04-02 14:00:00+00:00,510.7142857,64.73333333,23.5,559.25,63.06666667,23.5,17.3,231.5,422.4923077,30.0,16.6
2025-04-02 14:15:00+00:00,492.5,63.0,23.2,547.3333333,63.0,23.7,17.1,236.0,399.9466667,28.0,17.8
2025-04-02 14:30:00+00:00,480.5,64.26666667,23.5,534.75,64.53846154,23.9,16.9,239.0,383.7785714,26.0,18.2
2025-04-02 14:45:00+00:00,470.6,64.71428571,23.4,523.6666667,64.5,24.2,17.5,242.0,353.8133333,24.0,17.5
2025-04-02 15:00:00+00:00,462.5,65.6,23.5,515.0,64.21428571,24.5,17.0,246.0,323.1615385,22.0,18.7
2025-04-02 15:15:00+00:00,456.5,64.86666667,23.6,508.0,64.2,24.6,17.0,249.0,287.4153846,20.0,18.4
2025-04-02 15:30:00+00:00,453.0,65.26666667,23.6,501.5,64.33333333,24.6,17.0,253.0,250.7076923,18.0,17.6
2025-04-02 15:45:00+00:00,448.5,65.06666667,23.7,497.0,64.28571429,24.6,15.2,256.0,235.4466667,16.0,16.7
2025-04-02 16:00:00+00:00,444.3333333,65.26666667,23.7,494.0,64.6,24.6,17.3,259.0,183.3933333,14.0,15.9
2025-04-02 16:15:00+00:00,441.5,64.53333333,23.8,491.0,64.5,25.7,16.8,262.0,156.3642857,12.0,15.6
2025-04-02 16:30:00+00:00,438.0,65.06666667,23.8,488.5,64.30769231,25.9,17.0,265.0,129.1066667,10.0,15.3
2025-04-02 16:45:00+00:00,436.5,65.6,23.8,487.0,64.2,25.8,16.3,268.5,96.49333333,8.0,14.6
2025-04-02 17:00:00+00:00,435.0,65.07142857,23.9,485.0,64.28571429,25.4,17.2,272.0,66.33571429,6.0,14.9
2025-04-02 17:15:00+00:00,435.0,65.21428571,23.8,486.0,64.69230769,24.7,17.45,275.0,37.75,4.0,12.8
2025-04-02 17:30:00+00:00,434.5,65.26666667,23.8,482.0,64.5,24.5,18.5,278.0,15.05714286,1.0,11.9
2025-04-02 17:45:00+00:00,434.5,65.26666667,23.7,485.0,62.33333333,24.1,16.4,281.0,5.0,-2.0,11.5
2025-04-02 18:00:00+00:00,436.0,1.5,23.6,484.0,26.66666667,23.8,16.1,284.0,1.0,-4.0,10.9
2025-04-02 18:15:00+00:00,435.5,0.0,23.6,482.5,0.0,23.7,16.6,287.0,0.1,-6.0,10.8
2025-04-02 18:30:00+00:00,437.0,0.0,23.5,482.0,0.0,23.6,16.9,290.0,0.0,-8.0,10.9
2025-04-02 18:45:00+00:00,434.0,0.0,23.5,480.5,0.0,23.6,16.9,294.0,0.0,-10.0,11.0
2025-04-02 19:00:00+00:00,434.0,0.0,23.4,480.5,0.0,23.5,16.6,297.0,0.0,-12.0,11.7
2025-04-02 19:15:00+00:00,434.0,0.0,23.4,479.0,0.0,23.5,16.0,300.0,0.0,-14.0,11.7
2025-04-02 19:30:00+00:00,434.0,0.0,23.3,478.5,0.0,23.4,15.4,303.0,0.0,-16.0,10.9
2025-04-02 19:45:00+00:00,432.0,0.0,23.3,479.0,0.0,23.3,14.7,306.0,0.0,-17.0,11.2
2025-04-02 20:00:00+00:00,433.5,0.0,23.2,477.0,0.0,23.2,14.3,310.0,0.0,-19.0,11.0
2025-04-02 20:15:00+00:00,431.0,0.0,23.1,478.5,0.0,23.2,13.9,315.0,0.0,-21.0,10.4
2025-04-02 20:30:00+00:00,432.5,0.0,23.1,476.0,0.0,23.1,13.5,318.0,0.0,-22.0,11.0
2025-04-02 20:45:00+00:00,431.0,0.0,23.1,475.0,0.0,23.0,13.2,321.0,0.0,-23.0,10.6
2025-04-02 21:00:00+00:00,430.0,0.0,23.0,476.0,0.0,23.0,12.9,325.0,0.0,-25.0,9.8
2025-04-02 21:15:00+00:00,430.0,0.0,23.0,474.5,0.0,22.9,12.7,329.0,0.0,-26.0,10.2
2025-04-02 21:30:00+00:00,429.8,0.0,22.9,475.0,0.0,22.9,12.5,333.0,0.0,-27.0,10.2
2025-04-02 21:45:00+00:00,428.0,0.0,22.8,475.0,0.0,22.8,12.3,338.0,0.0,-28.0,10.1
2025-04-02 22:00:00+00:00,429.0,0.0,22.8,472.0,0.0,22.7,12.2,342.0,0.0,-28.0,9.9
2025-04-02 22:15:00+00:00,428.5,0.0,22.8,473.0,0.0,22.7,12.2,346.0,0.0,-29.0,9.9
2025-04-02 22:30:00+00:00,426.5,0.0,22.7,473.0,0.0,22.6,12.1,350.0,0.0,-29.0,10.1
2025-04-02 22:45:00+00:00,428.0,0.0,22.7,470.0,0.0,22.6,11.9,354.5,0.0,-30.0,9.3
2025-04-02 23:00:00+00:00,428.0,0.0,22.7,471.0,0.0,22.6,11.9,239.3333333,0.0,-30.0,9.1
2025-04-02 23:15:00+00:00,427.0,0.0,22.6,471.0,0.0,22.5,11.8,3.0,0.0,-30.0,8.8
2025-04-02 23:30:00+00:00,427.5,0.0,22.6,471.5,0.0,22.5,11.7,7.0,0.0,-29.0,8.8
2025-04-02 23:45:00+00:00,426.0,0.0,22.6,469.0,0.0,22.4,11.6,11.0,0.0,-29.0,8.8
2025-04-03 00:00:00+00:00,424.5,0.0,22.5,468.0,0.0,22.4,11.5,15.5,0.0,-28.0,8.7
2025-04-03 00:15:00+00:00,423.0,0.0,22.5,467.0,0.0,22.3,11.4,20.0,0.0,-28.0,8.6
2025-04-03 00:30:00+00:00,423.0,0.0,22.5,468.0,0.0,22.3,11.3,24.0,0.0,-27.0,8.7
2025-04-03 00:45:00+00:00,424.0,0.0,22.5,466.0,0.0,22.3,11.2,28.0,0.0,-26.0,8.8
2025-04-03 01:00:00+00:00,423.0,0.0,22.4,467.3333333,0.0,22.3,11.1,31.0,0.0,-25.0,8.8
2025-04-03 01:15:00+00:00,423.0,0.0,22.4,465.0,0.0,22.2,11.0,34.0,0.0,-24.0,8.5
2025-04-03 01:30:00+00:00,423.0,0.0,22.4,465.0,0.0,22.2,10.9,39.0,0.0,-22.0,8.5
2025-04-03 01:45:00+00:00,421.0,0.0,22.4,464.5,0.0,22.2,10.8,43.0,0.0,-21.0,8.4
2025-04-03 02:00:00+00:00,421.5,0.0,22.4,464.0,0.0,22.2,10.7,47.0,0.0,-19.0,8.2
2025-04-03 02:15:00+00:00,422.0,0.0,22.3,463.5,0.0,22.1,10.7,50.0,0.0,-18.0,7.9
2025-04-03 02:30:00+00:00,430.8571429,0.0,22.3,473.0,0.0,22.2,10.6,53.0,0.0,-16.0,7.8
2025-04-03 02:45:00+00:00,442.5,0.0,22.4,479.0,0.0,22.2,10.5,57.0,0.0,-14.0,7.9
2025-04-03 03:00:00+00:00,440.5,60.375,22.3,477.0,65.875,22.1,11.45,61.0,0.0,-12.0,8.4
2025-04-03 03:15:00+00:00,440.5,63.8,22.3,476.0,63.4,22.1,18.84,64.0,0.0,-10.0,8.3
2025-04-03 03:30:00+00:00,438.0,62.93333333,22.3,477.0,63.14285714,22.1,17.675,67.0,0.0,-8.0,10.8
2025-04-03 03:45:00+00:00,438.0,62.8,22.3,478.0,62.73333333,22.0,17.65,70.0,0.0,-6.0,11.85
2025-04-03 04:00:00+00:00,438.0,63.13333333,22.2,479.0,63.21428571,22.0,17.2,73.0,0.0,-4.0,10.9
2025-04-03 04:15:00+00:00,437.5,62.73333333,22.2,478.0,62.85714286,22.0,16.6,76.0,0.4,-2.0,10.7
2025-04-03 04:30:00+00:00,437.5,62.66666667,22.1,482.0,62.6,21.9,17.1,79.0,4.3,0.0,9.8
2025-04-03 04:45:00+00:00,440.5,62.66666667,22.1,480.0,62.46153846,21.9,16.9,83.0,15.875,2.0,8.8
2025-04-03 05:00:00+00:00,452.8,62.4,22.0,484.5,62.92857143,21.9,17.2,86.0,34.825,4.0,8.4
2025-04-03 05:15:00+00:00,469.0,62.92857143,22.1,499.5714286,62.92307692,21.9,17.3,89.0,61.59,6.0,8.4
2025-04-03 05:30:00+00:00,484.6666667,62.93333333,22.0,525.375,62.66666667,21.9,17.4,92.0,92.91428571,8.0,8.7
2025-04-03 05:45:00+00:00,499.5555556,62.2,22.2,543.3333333,62.66666667,22.0,17.2,95.0,124.5066667,10.0,8.9
2025-04-03 06:00:00+00:00,516.625,62.6,22.0,574.0769231,62.8,22.0,17.2,98.0,158.9466667,12.0,9.4
2025-04-03 06:15:00+00:00,543.375,62.93333333,22.4,582.2,63.0,22.2,17.2,101.0,189.6583333,14.0,9.5
2025-04-03 06:30:00+00:00,578.4545455,62.93333333,22.3,611.3,63.71428571,22.4,17.1,105.0,223.5357143,17.0,9.9
2025-04-03 06:45:00+00:00,627.6666667,62.13333333,22.4,663.625,63.0,22.6,16.8,108.0,250.5444444,19.0,10.4
2025-04-03 07:00:00+00:00,647.9285714,62.78571429,22.6,690.25,62.42857143,22.6,17.2,111.0,276.0909091,21.0,11.1
2025-04-03 07:15:00+00:00,647.1111111,62.86666667,22.6,718.625,63.0,22.7,16.8,114.0,313.7133333,23.0,11.8
2025-04-03 07:30:00+00:00,690.8,62.86666667,22.8,756.0,63.0,22.9,16.9,118.0,346.5166667,25.0,12.2
2025-04-03 07:45:00+00:00,724.4545455,62.6,23.1,793.1,63.8,22.9,17.3,121.0,364.8866667,26.0,13.1
2025-04-03 08:00:00+00:00,765.75,61.93333333,23.1,815.5,79.6,23.0,16.8,125.0,397.6384615,28.0,14.0
2025-04-03 08:15:00+00:00,777.2,63.06666667,23.5,803.125,69.86666667,23.1,16.9,129.0,422.925,30.0,14.4
2025-04-03 08:30:00+00:00,804.6153846,85.4,23.3,808.8888889,78.0,23.2,17.0,133.0,442.8583333,32.0,14.7
2025-04-03 08:45:00+00:00,742.4,64.66666667,23.5,771.4,65.78571429,23.2,17.2,137.0,400.6285714,33.0,15.6
2025-04-03 09:00:00+00:00,723.2,64.06666667,23.5,764.0,65.73333333,23.3,17.2,141.0,470.5384615,34.0,15.7
2025-04-03 09:15:00+00:00,686.3846154,65.46666667,23.7,704.7142857,64.13333333,23.2,17.0,145.0,506.7545455,36.0,15.1
2025-04-03 09:30:00+00:00,682.6,65.73333333,23.6,684.8666667,61.0,23.3,17.2,150.0,524.24,37.0,16.7
2025-04-03 09:45:00+00:00,679.6,64.2,23.8,673.1333333,60.42857143,23.3,17.0,154.0,542.0545455,38.0,17.1
2025-04-03 10:00:00+00:00,653.2857143,65.66666667,23.8,653.0,61.06666667,23.2,16.9,158.0,556.3125,39.0,16.6
2025-04-03 10:15:00+00:00,641.4615385,64.85714286,23.7,651.1333333,60.78571429,23.3,17.0,163.0,566.7285714,40.0,17.8
2025-04-03 10:30:00+00:00,611.7,64.06666667,23.6,633.9230769,60.23076923,23.2,17.0,169.0,575.7666667,40.0,17.3
2025-04-03 10:45:00+00:00,602.0,64.4,23.5,627.6,60.66666667,23.3,17.0,173.0,581.3,40.0,18.3
2025-04-03 11:00:00+00:00,613.3636364,64.33333333,23.6,634.5,60.93333333,23.3,17.0,178.0,585.5,40.0,18.1
2025-04-03 11:15:00+00:00,626.25,65.66666667,23.8,621.3571429,61.5,23.3,17.8,183.0,585.2,40.0,18.0
2025-04-03 11:30:00+00:00,640.2666667,66.26666667,23.9,631.1333333,60.86666667,23.4,17.4,187.0,581.2083333,40.0,17.8
2025-04-03 11:45:00+00:00,632.8571429,65.13333333,23.9,630.5,61.06666667,23.5,17.7,192.0,576.2222222,40.0,17.9
2025-04-03 12:00:00+00:00,652.3571429,63.66666667,23.9,655.5333333,59.26666667,23.6,17.9,197.0,564.1846154,39.0,17.8
2025-04-03 12:15:00+00:00,656.2857143,64.8,24.1,673.9333333,60.28571429,23.6,17.6,202.0,547.8090909,38.0,17.8
2025-04-03 12:30:00+00:00,639.8571429,68.13333333,24.1,651.3333333,61.53333333,23.7,17.6,206.0,551.0625,38.0,17.7
2025-04-03 12:45:00+00:00,649.2,67.2,24.0,628.2307692,60.0,23.6,15.5,211.0,534.5555556,36.0,17.5
2025-04-03 13:00:00+00:00,667.7857143,71.93333333,24.1,642.7692308,59.66666667,23.8,15.9,215.0,517.5785714,35.0,18.2
2025-04-03 13:15:00+00:00,651.2,88.13333333,24.2,640.7333333,59.14285714,23.9,16.5,219.0,510.0545455,34.0,17.9
2025-04-03 13:30:00+00:00,643.5333333,96.71428571,24.2,647.0666667,59.2,24.0,16.6,223.0,485.3,32.0,17.8
2025-04-03 13:45:00+00:00,631.8333333,106.4666667,24.2,626.2666667,70.53333333,24.2,17.2,227.0,462.2,31.0,17.8
2025-04-03 14:00:00+00:00,632.7333333,110.8,23.9,634.0833333,87.46666667,24.3,17.4,231.5,436.1545455,29.0,18.4
2025-04-03 14:15:00+00:00,622.1428571,122.6666667,24.2,632.8666667,117.9285714,24.5,16.5,236.0,410.2916667,28.0,18.0
2025-04-03 14:30:00+00:00,616.3333333,127.4666667,24.1,637.8,161.3333333,24.6,16.7,239.0,380.7727273,26.0,17.5
2025-04-03 14:45:00+00:00,590.3333333,119.0666667,23.9,620.0,214.6666667,24.6,17.3,242.0,350.05,24.0,17.5
2025-04-03 15:00:00+00:00,590.8461538,61.66666667,23.7,610.0,67.0,24.7,15.8,246.0,319.3,22.0,18.1
2025-04-03 15:15:00+00:00,588.4545455,57.73333333,24.1,632.4,58.46666667,24.7,17.8,249.0,295.975,20.0,18.8
2025-04-03 15:30:00+00:00,578.8888889,63.13333333,24.3,636.4285714,62.0,24.9,17.1,253.0,261.1076923,18.0,18.3
2025-04-03 15:45:00+00:00,565.0,63.53333333,24.4,623.0,64.8,24.8,17.1,256.0,214.8923077,16.0,18.2
2025-04-03 16:00:00+00:00,554.6666667,63.4,24.3,604.6666667,64.33333333,24.9,17.2,259.0,181.8833333,14.0,17.4
2025-04-03 16:15:00+00:00,538.25,64.21428571,24.4,588.25,64.64285714,25.9,16.5,262.0,157.4083333,12.0,16.5
2025-04-03 16:30:00+00:00,527.0,63.86666667,24.4,575.6666667,64.33333333,26.0,16.0,265.0,123.3333333,10.0,16.4
2025-04-03 16:45:00+00:00,515.0,63.93333333,24.4,565.3333333,64.69230769,25.9,17.2,268.0,86.475,8.0,16.0
2025-04-03 17:00:00+00:00,505.3333333,64.26666667,24.4,557.5,64.28571429,25.5,16.7,271.0,57.63333333,6.0,15.0
2025-04-03 17:15:00+00:00,502.0,63.66666667,24.5,551.0,63.35714286,25.2,16.1,275.0,36.38,4.0,14.5
2025-04-03 17:30:00+00:00,499.5555556,63.66666667,24.4,544.5,64.64285714,24.7,17.15,278.0,17.05555556,2.0,14.0
2025-04-03 17:45:00+00:00,502.0,64.06666667,24.4,540.0,64.14285714,24.4,18.2,281.0,4.933333333,0.0,13.5
2025-04-03 18:00:00+00:00,497.0,18.5,24.2,536.0,24.0,24.2,17.0,284.0,0.9,-3.0,13.3
2025-04-03 18:15:00+00:00,507.6666667,0.0,24.3,541.5,0.0,24.1,16.8,287.0,0.1,-5.0,13.7
2025-04-03 18:30:00+00:00,513.8,0.0,24.1,547.5,0.0,24.0,16.5,290.0,0.0,-7.0,14.5
2025-04-03 18:45:00+00:00,504.5,0.0,24.1,548.0,0.0,23.9,16.3,294.0,0.0,-9.0,14.0
2025-04-03 19:00:00+00:00,501.5,0.0,24.0,545.0,0.0,23.8,16.1,297.0,0.0,-10.0,13.0
2025-04-03 19:15:00+00:00,500.0,0.0,23.9,545.0,0.0,23.7,15.9,301.0,0.0,-12.0,12.0
2025-04-03 19:30:00+00:00,498.25,0.0,23.9,542.0,0.0,23.8,15.7,304.0,0.0,-14.0,11.5
2025-04-03 19:45:00+00:00,497.5,0.0,23.8,542.0,0.0,23.7,15.7,307.0,0.0,-16.0,11.4
2025-04-03 20:00:00+00:00,493.5,0.0,23.7,539.0,0.0,23.6,15.6,310.0,0.0,-18.0,11.2
2025-04-03 20:15:00+00:00,495.0,0.0,23.6,538.0,0.0,23.6,15.5,313.0,0.0,-19.0,11.2
2025-04-03 20:30:00+00:00,492.0,0.0,23.6,536.0,0.0,23.5,15.3,318.0,0.0,-21.0,11.0
2025-04-03 20:45:00+00:00,491.5,0.0,23.5,534.5,0.0,23.4,15.0,322.0,0.0,-22.0,10.7
2025-04-03 21:00:00+00:00,490.0,0.0,23.4,534.0,0.0,23.4,14.7,326.0,0.0,-24.0,10.6
2025-04-03 21:15:00+00:00,487.0,0.0,23.4,531.0,0.0,23.3,14.4,329.0,0.0,-25.0,10.4
2025-04-03 21:30:00+00:00,486.0,0.0,23.4,529.5,0.0,23.3,14.1,332.0,0.0,-26.0,10.2
2025-04-03 21:45:00+00:00,484.5,0.0,23.3,529.5,0.0,23.2,13.9,337.0,0.0,-27.0,10.2
2025-04-03 22:00:00+00:00,483.0,0.0,23.3,528.0,0.0,23.1,13.7,341.0,0.0,-28.0,11.1
2025-04-03 22:15:00+00:00,482.0,0.0,23.3,525.0,0.0,23.1,13.6,345.0,0.0,-28.0,11.3
2025-04-03 22:30:00+00:00,479.0,0.0,23.2,524.0,0.0,23.0,13.4,349.0,0.0,-29.0,11.0
2025-04-03 22:45:00+00:00,479.0,0.0,23.2,524.0,0.0,22.9,13.2,353.0,0.0,-29.0,11.4
2025-04-03 23:00:00+00:00,478.0,0.0,23.1,521.0,0.0,22.9,13.2,238.3333333,0.0,-29.0,10.6
2025-04-03 23:15:00+00:00,475.0,0.0,23.1,519.5,0.0,22.8,13.1,3.0,0.0,-29.0,10.5
2025-04-03 23:30:00+00:00,475.5,0.0,23.1,517.0,0.0,22.8,13.0,7.0,0.0,-29.0,10.6
2025-04-03 23:45:00+00:00,474.0,0.0,23.0,516.0,0.0,22.8,12.9,11.0,0.0,-29.0,9.9
2025-04-04 00:00:00+00:00,471.0,0.0,23.0,515.0,0.0,22.7,12.8,15.5,0.0,-28.0,10.1
2025-04-04 00:15:00+00:00,470.0,0.0,22.9,513.0,0.0,22.7,12.7,20.0,0.0,-28.0,9.9
2025-04-04 00:30:00+00:00,469.0,0.0,22.9,511.5,0.0,22.7,12.7,24.0,0.0,-27.0,10.0
2025-04-04 00:45:00+00:00,468.5,0.0,22.9,512.0,0.0,22.6,12.5,28.0,0.0,-26.0,9.9
2025-04-04 01:00:00+00:00,465.5,0.0,22.9,510.5,0.0,22.6,12.4,31.0,0.0,-25.0,10.4
2025-04-04 01:15:00+00:00,465.0,0.0,22.8,509.0,0.0,22.6,12.3,34.0,0.0,-24.0,10.3
2025-04-04 01:30:00+00:00,465.0,0.0,22.8,506.5,0.0,22.6,12.2,39.0,0.0,-23.0,9.9
2025-04-04 01:45:00+00:00,462.0,0.0,22.8,505.0,0.0,22.5,12.0,43.0,0.0,-21.0,9.5
2025-04-04 02:00:00+00:00,462.0,0.0,22.7,505.0,0.0,22.5,12.0,47.0,0.0,-20.0,9.8
2025-04-04 02:15:00+00:00,461.0,0.0,22.7,508.0,0.0,22.5,11.8,50.0,0.0,-18.0,9.4
2025-04-04 02:30:00+00:00,473.4285714,0.0,22.7,516.0,0.0,22.6,11.8,53.0,0.0,-16.0,9.2
2025-04-04 02:45:00+00:00,483.0,0.0,22.7,522.5,0.0,22.5,11.8,56.0,0.0,-15.0,8.9
2025-04-04 03:00:00+00:00,478.4,51.83333333,22.7,517.0,58.66666667,22.5,13.7,59.5,0.0,-13.0,8.7
2025-04-04 03:15:00+00:00,472.3333333,59.93333333,22.7,514.0,59.0,22.4,18.95,64.0,0.0,-11.0,8.9
2025-04-04 03:30:00+00:00,467.0,60.06666667,22.7,506.5,59.46666667,22.5,16.9,67.0,0.0,-9.0,9.0
2025-04-04 03:45:00+00:00,461.0,60.06666667,22.6,501.0,59.69230769,22.4,17.9,70.0,0.0,-7.0,9.5
2025-04-04 04:00:00+00:00,455.0,59.6,22.6,497.5,59.6,22.4,16.0,73.0,0.0,-5.0,9.1
2025-04-04 04:15:00+00:00,451.5,59.07692308,22.6,492.0,59.35714286,22.3,18.1,76.0,0.7,-3.0,9.0
2025-04-04 04:30:00+00:00,447.0,59.26666667,22.5,489.0,59.0,22.3,16.3,79.0,4.7,-1.0,9.1
2025-04-04 04:45:00+00:00,447.5,59.26666667,22.5,486.5,59.45454545,22.3,17.3,83.0,15.7875,1.0,8.9
2025-04-04 05:00:00+00:00,444.5,59.42857143,22.4,486.5,59.06666667,22.2,17.1,86.0,36.175,3.0,8.9
2025-04-04 05:15:00+00:00,444.5,58.4,22.4,484.0,59.5,22.3,17.3,89.0,61.0,5.0,9.4
2025-04-04 05:30:00+00:00,450.6666667,59.26666667,22.4,493.2,59.75,22.3,17.0,92.0,90.30769231,7.0,9.3
2025-04-04 05:45:00+00:00,462.7142857,58.8,22.5,506.0,60.0,22.2,17.0,95.0,126.6538462,10.0,9.4
2025-04-04 06:00:00+00:00,499.0,59.26666667,22.6,532.8333333,59.2,22.0,17.0,98.0,155.86,12.0,9.6
2025-04-04 06:15:00+00:00,518.6363636,59.66666667,22.7,559.8571429,59.30769231,22.5,17.0,101.0,193.7,14.0,9.6
2025-04-04 06:30:00+00:00,545.1428571,59.2,22.4,586.0,59.71428571,22.5,17.1,105.0,231.0846154,16.0,10.2
2025-04-04 06:45:00+00:00,561.2307692,59.33333333,22.8,621.3333333,59.6,22.6,17.2,108.0,259.2307692,18.0,10.5
2025-04-04 07:00:00+00:00,566.8181818,59.33333333,22.9,641.0,59.57142857,22.8,17.2,111.0,266.2533333,20.0,10.7
2025-04-04 07:15:00+00:00,575.9,59.0,23.0,650.3333333,59.13333333,22.8,17.0,114.0,314.3133333,22.0,11.0
2025-04-04 07:30:00+00:00,583.6428571,59.73333333,23.0,660.0,59.8,22.9,16.9,118.0,333.4133333,24.0,11.3
2025-04-04 07:45:00+00:00,596.9090909,59.5,23.1,670.0,59.69230769,23.0,16.8,121.0,372.4,26.0,11.0
2025-04-04 08:00:00+00:00,588.8,60.06666667,23.1,670.2,60.73333333,23.1,17.2,125.0,404.2066667,28.0,11.2
2025-04-04 08:15:00+00:00,593.0,59.93333333,23.4,664.5833333,60.53846154,23.1,17.2,129.0,410.4,29.0,11.4
2025-04-04 08:30:00+00:00,584.7,60.06666667,23.3,659.2857143,61.33333333,23.1,16.9,133.0,433.46,31.0,11.2
2025-04-04 08:45:00+00:00,365.8366784,44.06981765,23.35,479.7346628,44.81585874,23.15,15.0,137.0,415.44,33.0,12.0
2025-04-04 09:00:00+00:00,571.217404,60.99750712,23.40372024,646.4364403,61.95637239,23.20145833,13.69895833,141.0,494.9,34.0,11.1
2025-04-04 09:15:00+00:00,567.9892145,61.693,23.42828283,638.6113095,62.48019149,23.22705628,16.91818182,145.0,521.14,35.0,11.1
2025-04-04 09:30:00+00:00,573.6951221,63.9658483,23.58138145,623.8389912,63.11149405,23.2,17.10416667,150.0,531.0733333,37.0,11.2
2025-04-04 09:45:00+00:00,563.0515247,66.84296296,23.59553571,599.9192033,65.31934483,23.2,17.0,154.0,505.5533333,38.0,11.4
2025-04-04 10:00:00+00:00,556.9185599,66.74186015,23.52,598.4729736,65.39072881,23.2,16.98333333,158.0,525.5066667,39.0,12.5
2025-04-04 10:15:00+00:00,534.7220442,65.39726496,23.57,585.9901816,64.41228216,23.2,17.0577381,163.0,523.3666667,40.0,11.9
2025-04-04 10:30:00+00:00,525.4212225,66.3219246,23.50769231,578.9411493,64.83217092,23.26083333,17.01282051,169.0,620.6928571,40.0,12.3
2025-04-04 10:45:00+00:00,531.2039855,66.9627572,23.6,572.5738966,66.31740587,23.3,16.96944444,173.0,420.0266667,40.0,12.1
2025-04-04 11:00:00+00:00,525.3537299,64.54854485,23.53866667,573.4784542,64.89900183,23.27904762,17.2,178.0,559.4666667,41.0,12.1
2025-04-04 11:15:00+00:00,524.5890066,66.43755022,23.52760417,577.7343434,64.99537982,23.33214286,17.08958333,183.0,543.36,41.0,11.7
2025-04-04 11:30:00+00:00,522.8521465,66.53639847,23.54196825,574.7976884,65.31914871,23.32448718,16.96444444,187.0,444.0866667,41.0,11.8
2025-04-04 11:45:00+00:00,525.2631436,66.92530423,23.59375,566.9757774,66.03903479,23.36875,16.87133838,193.0,418.8,40.0,11.5
2025-04-04 12:00:00+00:00,517.3322487,67.00657125,23.5818287,564.4289028,65.2290811,23.4,16.9,198.0,422.4266667,40.0,11.9
2025-04-04 12:15:00+00:00,511.5568182,67.24490741,23.6,561.697928,66.58232323,23.4765625,16.941875,202.0,489.9533333,39.0,11.9
2025-04-04 12:30:00+00:00,502.9079563,67.07777778,23.55989583,558.6329372,66.00912183,23.5,17.16423611,206.0,464.6266667,38.0,11.9
2025-04-04 12:45:00+00:00,492.9165838,67.31856581,23.59285714,549.4977855,66.51532375,23.5,16.95222222,211.0,467.3,38.0,12.4
2025-04-04 13:00:00+00:00,481.3240135,67.27006406,23.5636569,540.8400889,66.28026455,23.55333333,17.1454934,215.0,535.4866667,36.0,12.2
2025-04-04 13:15:00+00:00,469.8570599,67.92629884,23.57720486,528.5953965,66.54672305,23.58039187,17.055,219.0,452.9666667,35.0,12.9
2025-04-04 13:30:00+00:00,460.4286602,67.28040224,23.49375,518.5969144,66.56607657,23.603125,17.0828125,223.0,472.7466667,34.0,12.6
2025-04-04 13:45:00+00:00,451.4804672,67.72730019,23.5,510.209872,66.37905658,23.71481481,17.32539683,227.0,446.46,32.0,13.1
2025-04-04 14:00:00+00:00,443.3209165,62.91496732,23.42916667,497.6557389,63.51336793,23.81436012,17.55992063,231.5,430.0533333,31.0,12.7
2025-04-04 14:15:00+00:00,441.3917584,60.89197393,23.45555556,487.8705707,62.50065117,24.02416667,16.49385714,236.0,416.24,29.0,13.2
2025-04-04 14:30:00+00:00,437.8930488,60.39598626,23.4640625,485.4407376,61.88315357,24.17013889,17.100625,240.0,381.6133333,27.0,13.3
2025-04-04 14:45:00+00:00,435.9135452,61.25574478,23.50583333,482.983903,61.44234674,24.34666667,16.35119312,243.0,350.6866667,25.0,12.5
2025-04-04 15:00:00+00:00,434.1947087,60.90313803,23.61298138,481.2186901,62.24675031,24.52422619,17.2532197,246.0,310.1428571,23.0,12.9
2025-04-04 15:15:00+00:00,431.4978788,60.58633005,23.6,480.2119649,61.81840629,24.52066667,16.8267619,249.0,290.3857143,21.0,12.9
2025-04-04 15:30:00+00:00,430.3993056,61.09963239,23.68875,477.8758051,62.12074792,24.571875,16.6296875,253.0,258.1214286,19.0,12.5
2025-04-04 15:45:00+00:00,428.9769697,61.25567345,23.75407407,476.2648889,62.17916266,24.52351515,17.21658995,257.0,225.0,17.0,12.1
2025-04-04 16:00:00+00:00,427.6046627,61.03612479,23.8,475.5127306,62.24630902,24.55178571,16.56,260.0,183.4857143,15.0,12.1
2025-04-04 16:15:00+00:00,426.8986352,61.3428083,23.8375,475.0346348,61.78905706,25.33125,16.66642857,263.0,157.0866667,13.0,11.8
2025-04-04 16:30:00+00:00,426.948476,60.66221063,23.89866667,474.6672405,62.18218128,25.69762963,17.5977619,266.0,124.5933333,11.0,11.5
2025-04-04 16:45:00+00:00,426.1766234,60.7626431,23.84375,472.4884867,61.71689459,25.615,16.46617647,269.0,90.9,9.0,11.2
2025-04-04 17:00:00+00:00,425.5883333,60.72965968,23.8,473.6137931,62.50376176,25.35333333,16.67428571,272.0,58.20714286,7.0,10.6
2025-04-04 17:15:00+00:00,425.0474206,61.12797656,23.76875,473.3537577,61.46155328,24.9040625,17.3296875,275.0,32.96,5.0,10.1
2025-04-04 17:30:00+00:00,424.7913493,60.76065875,23.7,472.8175122,61.83839408,24.50888889,15.9025,278.0,15.81428571,3.0,9.5
2025-04-04 17:45:00+00:00,425.3990021,60.82449939,23.6,470.3580083,61.67328329,24.22641941,17.62282197,281.0,4.8,0.0,9.2
2025-04-04 18:00:00+00:00,424.8632799,4.0,23.59666667,470.9891304,9.119047619,23.8725,16.31875,284.0,0.3,-2.0,7.4
2025-04-04 18:15:00+00:00,424.8147974,0.0,23.5,469.9251001,0.0,23.72933333,16.97773016,287.0,0.0,-4.0,6.5
2025-04-04 18:30:00+00:00,424.3055727,0.0,23.5,469.3071316,0.0,23.69128788,17.14293651,290.0,0.0,-6.0,6.1
2025-04-04 18:45:00+00:00,423.3866667,0.0,23.40666667,468.0174151,0.0,23.58,16.755,294.0,0.0,-8.0,6.1
2025-04-04 19:00:00+00:00,422.4338048,0.0,23.4,467.021288,0.0,23.54375,15.87395833,297.0,0.0,-10.0,6.0
2025-04-04 19:15:00+00:00,422.1854966,0.0,23.36370491,466.0849743,0.0,23.48,14.88127008,301.0,0.0,-12.0,5.7
2025-04-04 19:30:00+00:00,421.8834511,0.0,23.3,465.216369,0.0,23.38125,14.04267857,304.0,0.0,-13.0,5.7
2025-04-04 19:45:00+00:00,421.1948718,0.0,23.21818182,464.7838828,0.0,23.3,13.21818182,307.0,0.0,-15.0,5.6
2025-04-04 20:00:00+00:00,420.6135101,0.0,23.16580357,464.0095395,0.0,23.2125,12.53098214,311.0,0.0,-17.0,5.5
2025-04-04 20:15:00+00:00,420.2382828,0.0,23.1,463.7467413,0.0,23.16,12.06153846,314.0,0.0,-18.0,5.6
2025-04-04 20:30:00+00:00,419.4359821,0.0,23.02791667,463.0049297,0.0,23.06875,11.2508056,318.0,0.0,-20.0,5.5
2025-04-04 20:45:00+00:00,419.3002743,0.0,23.0,462.0268767,0.0,22.99375,10.72135417,322.0,0.0,-21.0,5.4
2025-04-04 21:00:00+00:00,418.8347464,0.0,22.92285714,461.3385502,0.0,22.92285714,10.26766138,326.0,0.0,-23.0,5.3
2025-04-04 21:15:00+00:00,418.1876668,0.0,22.9,460.6196273,0.0,22.84375,9.966666667,330.0,0.0,-24.0,5.5
2025-04-04 21:30:00+00:00,417.1704843,0.0,22.9,460.7607787,0.0,22.8,9.745333333,333.0,0.0,-25.0,5.7
2025-04-04 21:45:00+00:00,416.9068543,0.0,22.84166667,459.2147346,0.0,22.72,9.577380952,337.0,0.0,-26.0,5.7
2025-04-04 22:00:00+00:00,416.6639216,0.0,22.8,457.7439216,0.0,22.69333333,9.424,341.0,0.0,-27.0,5.8
2025-04-04 22:15:00+00:00,416.4764385,0.0,22.78125,458.4185185,0.0,22.6,9.3,345.0,0.0,-28.0,5.5
2025-04-04 22:30:00+00:00,415.4871708,0.0,22.7,458.5208244,0.0,22.6,9.233333333,349.0,0.0,-28.0,5.3
2025-04-04 22:45:00+00:00,415.294697,0.0,22.7,457.087015,0.0,22.59333333,9.2,353.0,0.0,-29.0,5.1
2025-04-04 23:00:00+00:00,413.429123,0.0,22.65625,456.23125,0.0,22.5,9.2,238.3333333,0.0,-29.0,5.1
2025-04-04 23:15:00+00:00,414.3172446,0.0,22.6,455.0920535,0.0,22.5,9.244888889,3.0,0.0,-29.0,5.6
2025-04-04 23:30:00+00:00,413.4139615,0.0,22.6,454.6531971,0.0,22.46796875,9.208055556,7.0,0.0,-29.0,5.8
2025-04-04 23:45:00+00:00,412.7487179,0.0,22.55833333,453.9501504,0.0,22.4,9.2,11.0,0.0,-28.0,5.8
2025-04-05 00:00:00+00:00,412.4932712,0.0,22.5,453.398379,0.0,22.4,9.1125,15.5,0.0,-28.0,5.3
2025-04-05 00:15:00+00:00,412.4098229,0.0,22.5,452.962365,0.0,22.345,9.1,20.0,0.0,-28.0,5.1
2025-04-05 00:30:00+00:00,411.6747984,0.0,22.5,452.2673611,0.0,22.3,9.1,24.0,0.0,-27.0,4.9
2025-04-05 00:45:00+00:00,411.646829,0.0,22.45071429,451.5904646,0.0,22.3,9.1,28.0,0.0,-26.0,4.7
2025-04-05 01:00:00+00:00,410.2056987,0.0,22.4,451.4803922,0.0,22.3,9.1,31.0,0.0,-25.0,4.6
2025-04-05 01:15:00+00:00,409.334188,0.0,22.4,450.3766138,0.0,22.23118881,9.1,34.0,0.0,-24.0,4.6
2025-04-05 01:30:00+00:00,409.0293561,0.0,22.4,449.4919828,0.0,22.2,9.073958333,39.0,0.0,-23.0,4.4
2025-04-05 01:45:00+00:00,408.9960234,0.0,22.4,448.7624668,0.0,22.1875,10.04928571,43.0,0.0,-21.0,4.3
2025-04-05 02:00:00+00:00,408.4789216,0.0,22.37904762,448.3315372,0.0,22.1,12.83744444,46.0,0.0,-20.0,4.2
2025-04-05 02:15:00+00:00,408.3896776,0.0,22.3,448.7284537,0.0,22.1,14.09125,49.0,0.0,-18.0,4.0
2025-04-05 02:30:00+00:00,407.7537861,0.0,22.3,447.7517827,0.0,22.1,13.93333333,53.0,0.0,-17.0,3.9
2025-04-05 02:45:00+00:00,406.8307436,0.0,22.3,447.2220489,0.0,22.07333333,12.75733333,56.0,0.0,-15.0,3.8
2025-04-05 03:00:00+00:00,406.6659939,0.0,22.3,447.0600025,0.0,22.0,11.76545455,59.5,0.0,-13.0,3.9
2025-04-05 03:15:00+00:00,406.7203751,0.0,22.2140625,445.5092803,0.0,22.0,11.74796875,64.0,0.0,-11.0,3.9
2025-04-05 03:30:00+00:00,405.0905924,0.0,22.2,445.16095,0.0,22.0,13.12088889,67.0,0.0,-9.0,4.0
2025-04-05 03:45:00+00:00,404.464399,0.0,22.2,444.957874,0.0,21.9655649,14.08965909,70.0,0.0,-7.0,4.0
2025-04-05 04:00:00+00:00,404.6330182,0.0,22.2,444.0088368,0.0,21.9,13.70833333,73.0,0.1,-5.0,4.0
2025-04-05 04:15:00+00:00,404.2513131,0.0,22.17777778,443.6847763,0.0,21.9,12.71357143,76.0,1.1,-3.0,3.8
2025-04-05 04:30:00+00:00,402.5502604,0.0,22.10625,442.9198082,0.0,21.9,11.87291667,79.0,3.1,-1.0,3.8
2025-04-05 04:45:00+00:00,402.5571117,0.0,22.1,442.4542347,0.0,21.9,11.76730769,83.0,8.125,2.0,3.8
2025-04-05 05:00:00+00:00,402.4658039,0.0,22.1,441.7017714,0.0,21.9,12.86041667,86.0,18.2,5.0,3.8
2025-04-05 05:15:00+00:00,402.0989611,0.0,22.1,440.772037,0.0,21.9,13.67333333,88.0,28.275,7.0,3.9
2025-04-05 05:30:00+00:00,401.3654401,0.0,22.1,441.0722532,0.0,21.9,13.4609375,91.0,59.15555556,9.0,3.9
2025-04-05 05:45:00+00:00,400.7601253,0.0,22.1,439.1915284,0.0,21.9,12.6103125,94.0,89.33333333,11.0,4.3
2025-04-05 06:00:00+00:00,400.6305789,0.0,22.1,439.1456085,0.0,21.9,11.80666667,97.0,116.2857143,13.0,4.4
2025-04-05 06:15:00+00:00,399.2571187,0.0,22.1,437.5765771,0.0,21.9,11.93303571,100.0,213.4785714,16.0,4.9
2025-04-05 06:30:00+00:00,398.3361014,0.0,22.13,438.3510213,0.0,21.92037037,12.96380952,103.5,229.44,18.0,5.2
2025-04-05 06:45:00+00:00,397.8672674,0.0,22.16875,437.471196,0.0,22.0,13.675,108.0,293.58,20.0,5.4
2025-04-05 07:00:00+00:00,397.2591618,0.0,22.2,437.5024526,0.0,21.96444444,13.68,111.0,335.2866667,22.0,5.8
2025-04-05 07:15:00+00:00,397.4486809,0.0,22.2,435.4812956,0.0,21.9,13.1205754,114.0,302.7846154,24.0,5.8
2025-04-05 07:30:00+00:00,396.8716573,0.0,22.2,435.1914342,0.0,22.01769841,12.33311111,118.0,358.6461538,26.0,5.9
2025-04-05 07:45:00+00:00,397.0722354,0.0,22.2,435.2807364,0.0,22.1,11.59404762,121.0,383.6666667,27.0,6.3
2025-04-05 08:00:00+00:00,397.0440316,0.0,22.2,433.678125,0.0,22.1,11.03296703,125.0,408.8307692,29.0,6.2
2025-04-05 08:15:00+00:00,395.374056,0.0,22.22,434.0967872,0.0,22.1,10.50516667,129.0,434.0583333,31.0,6.4
2025-04-05 08:30:00+00:00,395.4867266,0.0,22.3,433.4895072,0.0,22.1,10.14875,133.0,454.88,32.0,7.2
2025-04-05 08:45:00+00:00,394.9700065,0.0,22.3,433.6047266,0.0,22.12666667,9.891428571,137.0,413.2133333,34.0,7.2
2025-04-05 09:00:00+00:00,394.5066195,0.0,22.3,432.5359459,0.0,22.18839286,9.753472222,141.0,496.62,35.0,7.4
2025-04-05 09:15:00+00:00,394.0237689,0.0,22.3,432.4058642,0.0,22.2,9.538961039,145.0,519.7454545,37.0,7.5
2025-04-05 09:30:00+00:00,393.9222176,0.0,22.30089286,431.4909965,0.0,22.2,9.5,150.0,538.8333333,38.0,7.3
2025-04-05 09:45:00+00:00,393.0005266,0.0,22.37600446,432.2343866,0.0,22.2,9.5,154.0,551.4222222,39.0,8.1
2025-04-05 10:00:00+00:00,393.3747778,0.0,22.4,431.149739,0.0,22.2,9.5,158.0,568.2,40.0,8.3
2025-04-05 10:15:00+00:00,392.1809394,0.0,22.4,430.2794967,0.0,22.20089286,9.458571429,163.0,585.7769231,40.0,8.1
2025-04-05 10:30:00+00:00,391.7839081,0.0,22.4,429.14253,0.0,22.296,9.5,169.0,544.78,41.0,7.8
2025-04-05 10:45:00+00:00,391.9513892,0.0,22.4,429.9858516,0.0,22.3,9.5,173.0,537.8,41.0,8.2
2025-04-05 11:00:00+00:00,392.0372834,0.0,22.4,428.4993061,0.0,22.3,9.567619048,178.0,604.325,41.0,8.6
2025-04-05 11:15:00+00:00,391.2820171,0.0,22.4,428.8498334,0.0,22.3,9.6375,183.0,609.0083333,41.0,7.9
2025-04-05 11:30:00+00:00,390.8388481,0.0,22.4,428.2941731,0.0,22.3,9.771428571,187.0,578.19,41.0,8.0
2025-04-05 11:45:00+00:00,390.7991696,0.0,22.4,428.7916667,0.0,22.34776786,9.8,193.0,613.49,40.0,8.1
2025-04-05 12:00:00+00:00,390.2186862,0.0,22.5,427.9390647,0.0,22.4,9.833333333,198.0,575.0066667,40.0,8.3
2025-04-05 12:15:00+00:00,390.6209772,0.0,22.5,427.7478308,0.0,22.4,9.9625,202.0,602.6076923,39.0,8.8
2025-04-05 12:30:00+00:00,390.1944517,0.0,22.5875,427.9571429,0.0,22.4875,10.025,206.0,595.5,38.0,8.6
2025-04-05 12:45:00+00:00,389.705312,0.0,22.6,427.3590246,0.0,22.57333333,10.19333333,211.0,594.3333333,37.0,9.2
2025-04-05 13:00:00+00:00,389.7708807,0.0,22.68666667,427.9795728,0.0,22.66458333,10.34438095,215.0,453.72,36.0,8.6
2025-04-05 13:15:00+00:00,389.1565608,0.0,22.7,427.9549632,0.0,22.76666667,10.48,219.0,561.98,34.0,9.0
2025-04-05 13:30:00+00:00,388.3166667,0.0,22.76875,427.0001698,0.0,22.96524725,10.66041667,223.0,551.6466667,33.0,9.6
2025-04-05 13:45:00+00:00,388.3527265,0.0,22.85555556,426.7628623,0.0,23.11888889,10.86933333,227.0,386.6133333,31.0,8.5
2025-04-05 14:00:00+00:00,387.7347222,0.0,22.90714286,427.0499759,0.0,23.27894345,11.10625,231.5,411.025,30.0,9.1
2025-04-05 14:15:00+00:00,387.8739916,0.0,23.0,428.0663142,0.0,23.51595238,11.30761905,236.0,458.4333333,28.0,8.8
2025-04-05 14:30:00+00:00,387.6806561,0.0,23.11875,428.0407791,0.0,23.66934524,11.47857143,240.0,253.88,26.0,8.1
2025-04-05 14:45:00+00:00,387.9970754,0.0,23.13229167,427.6804824,0.0,23.82438988,11.6953125,243.0,379.3307692,24.0,9.2
2025-04-05 15:00:00+00:00,387.9184341,0.0,23.21587302,427.408338,0.0,24.12064652,11.91407407,246.0,343.72,22.0,8.6
2025-04-05 15:15:00+00:00,387.8689437,0.0,23.3450018,426.5779514,0.0,24.26875,12.05875,250.5,303.4933333,20.0,8.9
2025-04-05 15:30:00+00:00,388.0689831,0.0,23.40166667,427.4374074,0.0,24.37444444,12.16293651,254.0,269.1357143,18.0,8.8
2025-04-05 15:45:00+00:00,387.7229308,0.0,23.50809091,427.2531974,0.0,24.49032738,12.29830688,257.0,235.8866667,16.0,8.7
2025-04-05 16:00:00+00:00,386.9388031,0.0,23.632,426.2740075,0.0,24.49851852,12.388,260.0,189.44,14.0,8.0
2025-04-05 16:15:00+00:00,387.0375,0.0,23.68964286,426.2313386,0.0,25.33125,12.55,263.0,166.2857143,12.0,7.9
2025-04-05 16:30:00+00:00,386.2178509,0.0,23.71022222,427.5690633,0.0,25.7951455,12.6,266.0,134.5714286,10.0,7.5
2025-04-05 16:45:00+00:00,386.3372683,0.0,23.8,427.592803,0.0,25.81104708,12.6,269.0,102.88,8.0,7.0
2025-04-05 17:00:00+00:00,386.4017227,0.0,23.8,427.6247176,0.0,25.51171958,12.50492063,272.0,72.34285714,6.0,6.9
2025-04-05 17:15:00+00:00,387.1810827,0.0,23.73392857,427.562948,0.0,25.23587482,12.24125,276.0,44.27692308,4.0,6.8
2025-04-05 17:30:00+00:00,386.8948394,0.0,23.7,427.4838384,0.0,24.73925926,11.89444444,279.0,20.97,2.0,6.5
2025-04-05 17:45:00+00:00,386.666264,0.0,23.6125,426.9677536,0.0,24.33134154,11.545,282.0,6.825,0.0,6.2
2025-04-05 18:00:00+00:00,386.3220807,0.0,23.59547619,426.9014867,0.0,24.04164021,11.22333333,285.0,1.8,-3.0,5.8
2025-04-05 18:15:00+00:00,386.2460284,0.0,23.5,426.6578661,0.0,23.8125,10.9437037,288.0,0.3,-5.0,5.7
2025-04-05 18:30:00+00:00,386.530754,0.0,23.41533333,425.7561682,0.0,23.66041667,10.61888889,291.0,0.0,-7.0,5.5
2025-04-05 18:45:00+00:00,386.1283333,0.0,23.4,424.3031443,0.0,23.54666667,10.34,295.0,0.0,-9.0,5.2
2025-04-05 19:00:00+00:00,386.6660714,0.0,23.30520833,424.8965081,0.0,23.51576637,10.04895833,298.0,0.0,-10.0,5.1
2025-04-05 19:15:00+00:00,386.3115486,0.0,23.20571429,423.7462919,0.0,23.4025,9.884444444,301.0,0.0,-12.0,5.0
2025-04-05 19:30:00+00:00,386.0248275,0.0,23.2,423.9196429,0.0,23.31422406,9.7625,304.0,0.0,-14.0,4.8
2025-04-05 19:45:00+00:00,385.7180347,0.0,23.12,423.190971,0.0,23.2304932,9.563589744,307.0,0.0,-16.0,4.7
2025-04-05 20:00:00+00:00,385.2322109,0.0,23.06875,423.5604798,0.0,23.1328125,9.408333333,311.0,0.0,-18.0,4.6
2025-04-05 20:15:00+00:00,385.0688581,0.0,23.0,422.8421878,0.0,23.07333333,9.493,314.0,0.0,-19.0,4.5
2025-04-05 20:30:00+00:00,384.6569186,0.0,22.925,423.2942474,0.0,22.96209573,11.25815476,318.0,0.0,-21.0,4.4
2025-04-05 20:45:00+00:00,384.805303,0.0,22.86666667,422.7580247,0.0,22.83,13.31376984,322.0,0.0,-22.0,4.3
2025-04-05 21:00:00+00:00,384.6538916,0.0,22.786875,422.1703239,0.0,22.8,13.89625,326.0,0.0,-23.0,4.3
2025-04-05 21:15:00+00:00,384.2344986,0.0,22.7,422.2953216,0.0,22.73638889,13.23111111,330.0,0.0,-24.0,4.1
2025-04-05 21:30:00+00:00,383.3900207,0.0,22.7,421.4870552,0.0,22.6625,12.18531469,334.5,0.0,-25.0,3.9
2025-04-05 21:45:00+00:00,383.0960775,0.0,22.7,421.1526384,0.0,22.6,12.1045177,338.0,0.0,-26.0,3.7
2025-04-05 22:00:00+00:00,383.091092,0.0,22.63333333,420.6965174,0.0,22.57333333,13.46666667,341.0,0.0,-27.0,3.5
2025-04-05 22:15:00+00:00,383.8634878,0.0,22.6,420.6408195,0.0,22.5,13.77763393,345.0,0.0,-28.0,3.7
2025-04-05 22:30:00+00:00,381.2689977,0.0,22.548,419.1922424,0.0,22.49333333,12.88380952,349.0,0.0,-28.0,3.4
2025-04-05 22:45:00+00:00,392.3596704,0.0,22.5,418.7222222,0.0,22.403125,12.6521875,353.0,0.0,-28.0,3.5
2025-04-05 23:00:00+00:00,398.9543151,0.0,22.44666667,418.2003038,0.0,22.3625,13.8377381,238.3333333,0.0,-28.0,3.3
2025-04-05 23:15:00+00:00,399.2140322,0.0,22.4,418.5386927,0.0,22.3,13.998125,3.0,0.0,-28.0,3.2
2025-04-05 23:30:00+00:00,399.0333637,0.0,22.4,417.4772578,0.0,22.3,12.984375,7.0,0.0,-28.0,3.0
2025-04-05 23:45:00+00:00,398.2184127,0.0,22.4,417.659195,0.0,22.23333333,13.28962963,11.0,0.0,-28.0,3.0
2025-04-06 00:00:00+00:00,397.6327084,0.0,22.4,416.4733682,0.0,22.2,14.13072917,15.5,0.0,-27.0,2.8
2025-04-06 00:15:00+00:00,397.9027297,0.0,22.38333333,416.917381,0.0,22.15,13.42142857,20.0,0.0,-27.0,2.9
2025-04-06 00:30:00+00:00,397.1938078,0.0,22.3,416.4855072,0.0,22.1,13.24036458,24.0,0.0,-26.0,2.8
2025-04-06 00:45:00+00:00,396.7283289,0.0,22.3,415.8979751,0.0,22.1,14.17666667,28.0,0.0,-25.0,2.7
2025-04-06 01:00:00+00:00,395.9467711,0.0,22.22666667,415.1834659,0.0,21.99375,13.73111111,31.0,0.0,-24.0,2.7
2025-04-06 01:15:00+00:00,395.9623959,0.0,22.2,415.2342447,0.0,22.0,13.36666667,34.0,0.0,-23.0,2.6
2025-04-06 01:30:00+00:00,396.8124104,0.0,22.2,415.1141414,0.0,22.0,14.33744792,39.0,0.0,-22.0,3.0
2025-04-06 01:45:00+00:00,396.4788857,0.0,22.18690476,414.575974,0.0,21.93085034,14.40833333,43.0,0.0,-20.0,2.8
2025-04-06 02:00:00+00:00,395.810461,0.0,22.11434965,414.2802304,0.0,21.9,13.59070396,46.0,0.0,-18.0,2.8
2025-04-06 02:15:00+00:00,395.8166937,0.0,22.1,413.7715074,0.0,21.9,14.34479167,49.0,0.0,-17.0,2.9
2025-04-06 02:30:00+00:00,394.8679166,0.0,22.1,413.8578866,0.0,21.9,14.38539683,53.0,0.0,-15.0,2.5
2025-04-06 02:45:00+00:00,394.647807,0.0,22.0875,413.7220509,0.0,21.88065476,13.58046875,56.0,0.0,-14.0,2.3
2025-04-06 03:00:00+00:00,394.3709524,0.0,22.0,413.9174801,0.0,21.8,14.55666667,59.5,0.0,-12.0,2.3
2025-04-06 03:15:00+00:00,394.1448479,0.0,22.0,413.3075613,0.0,21.8,14.46501488,63.0,0.0,-10.0,2.5
2025-04-06 03:30:00+00:00,393.433626,0.0,21.99115646,412.7481481,0.0,21.8,13.99693878,66.0,0.0,-8.0,2.4
2025-04-06 03:45:00+00:00,394.4023729,0.0,21.99285714,412.9913705,0.0,21.69196429,14.78877551,69.0,0.0,-6.0,1.9
2025-04-06 04:00:00+00:00,394.3121693,0.0,21.94036458,412.082541,0.0,21.69930556,14.37166667,72.0,0.1,-4.0,1.8
2025-04-06 04:15:00+00:00,392.6621275,0.0,21.9,411.839294,0.0,21.7,14.68619048,76.0,1.8,-2.0,1.9
2025-04-06 04:30:00+00:00,393.323262,0.0,21.9,411.7003472,0.0,21.7,15.11692708,79.0,8.9,0.0,2.0
2025-04-06 04:45:00+00:00,391.9590047,0.0,21.9,411.0090354,0.0,21.7,14.51888889,82.0,23.01111111,2.0,2.0
2025-04-06 05:00:00+00:00,392.7141244,0.0,21.9,410.8415534,0.0,21.7,15.51979167,85.0,45.52307692,4.0,2.2
2025-04-06 05:15:00+00:00,392.4012687,0.0,21.9,410.7961111,0.0,21.7,14.98266667,88.0,72.92857143,6.0,2.2
2025-04-06 05:30:00+00:00,392.7230263,0.0,21.9,410.0472607,0.0,21.67430556,14.9,91.0,103.64,9.0,2.8
2025-04-06 05:45:00+00:00,391.5063048,0.0,21.9,409.119503,0.0,21.6,15.4078125,94.0,135.7928571,11.0,3.1
2025-04-06 06:00:00+00:00,391.0832655,0.0,21.9,409.0281309,0.0,21.612,14.30666667,97.0,167.6533333,13.0,2.8
2025-04-06 06:15:00+00:00,391.5178977,0.0,21.9,410.0,0.0,21.6375,15.1253125,100.0,201.5666667,15.0,2.9
2025-04-06 06:30:00+00:00,390.7657086,0.0,21.9,409.0696876,0.0,21.74033333,14.98396825,103.5,235.8,17.0,3.2
2025-04-06 06:45:00+00:00,390.1600307,0.0,21.9,408.8502239,0.0,21.8,14.00416667,108.0,270.34,19.0,3.7
2025-04-06 07:00:00+00:00,390.775,0.0,21.92,408.4245047,0.0,21.8,14.97666667,111.0,298.4642857,21.0,4.1
2025-04-06 07:15:00+00:00,390.2797571,0.0,22.0,408.6621215,0.0,21.8,15.19583333,114.0,330.6428571,23.0,4.7
2025-04-06 07:30:00+00:00,390.0856209,0.0,22.0,408.796317,0.0,21.74375,13.84069602,117.0,358.8714286,25.0,5.1
2025-04-06 07:45:00+00:00,390.112197,0.0,22.0,407.9480338,0.0,21.85333333,13.97225397,120.0,387.5923077,27.0,5.6
2025-04-06 08:00:00+00:00,390.0023178,0.0,22.0,407.4040769,0.0,21.9,14.84148359,125.0,415.0461538,29.0,5.9
2025-04-06 08:15:00+00:00,390.9293876,0.0,22.0,407.4833333,0.0,21.86,14.112,129.0,438.875,30.0,6.4
2025-04-06 08:30:00+00:00,390.125,0.0,22.08229167,406.9202724,0.0,21.8,12.87333333,133.0,461.0454545,32.0,6.3
2025-04-06 08:45:00+00:00,389.8293502,0.0,22.1,406.9245619,0.0,21.8,13.36588889,137.0,426.12,34.0,7.0
2025-04-06 09:00:00+00:00,389.7146487,0.0,22.1,406.7368139,0.0,21.825,14.68802083,141.0,504.4636364,35.0,6.5
2025-04-06 09:15:00+00:00,388.8732143,0.0,22.1,407.0798402,0.0,22.0,14.42,145.0,523.9272727,36.0,7.0
2025-04-06 09:30:00+00:00,389.366822,0.0,22.1,406.432476,0.0,22.0,13.235,150.0,535.6666667,38.0,6.8
2025-04-06 09:45:00+00:00,388.2507954,0.0,22.1,407.9331276,0.0,21.93333333,11.83141534,154.0,567.24,39.0,7.3
2025-04-06 10:00:00+00:00,388.5188492,0.0,22.2,406.9206984,0.0,21.98244048,10.56805556,158.0,622.9333333,40.0,7.5
2025-04-06 10:15:00+00:00,388.4575278,0.0,22.2,407.1438606,0.0,22.1,9.74296875,163.0,523.2066667,40.0,7.5
2025-04-06 10:30:00+00:00,388.5179473,0.0,22.2,407.0311111,0.0,22.1,9.3405,169.0,531.64,41.0,7.8
2025-04-06 10:45:00+00:00,388.0171615,0.0,22.28379464,408.4416438,0.0,22.10625,9.129464286,173.0,490.26,41.0,7.9
2025-04-06 11:00:00+00:00,388.970928,0.0,22.3,408.1539009,0.0,22.19333333,9.08,178.0,562.2733333,42.0,7.9
2025-04-06 11:15:00+00:00,388.7726527,0.0,22.3,408.2960165,0.0,22.2,9.059375,183.0,649.6769231,42.0,7.9
2025-04-06 11:30:00+00:00,388.3254562,0.0,22.39230769,408.0444771,0.0,22.24854545,9.1,187.0,596.7666667,41.0,8.3
2025-04-06 11:45:00+00:00,387.6886555,0.0,22.4,408.8082554,0.0,22.3,9.21875,193.0,602.5666667,41.0,8.0
2025-04-06 12:00:00+00:00,388.5817231,0.0,22.4,408.7108356,0.0,22.3,9.36875,198.0,600.1,40.0,7.8
2025-04-06 12:15:00+00:00,388.979465,0.0,22.4,408.0320229,0.0,22.308,9.56,202.0,508.6733333,40.0,8.3
2025-04-06 12:30:00+00:00,388.3918552,0.0,22.44464286,407.4545843,0.0,22.41875,9.8,206.0,445.3866667,39.0,7.8
2025-04-06 12:45:00+00:00,389.3696123,0.0,22.53333333,407.3483654,0.0,22.5,10.01666667,211.0,420.58,38.0,7.8
2025-04-06 13:00:00+00:00,388.2263196,0.0,22.6,407.588523,0.0,22.5875,10.25446429,216.0,457.5133333,37.0,8.1
2025-04-06 13:15:00+00:00,388.5342597,0.0,22.66095238,408.0664822,0.0,22.68,10.41064815,221.0,359.25,36.0,7.8
2025-04-06 13:30:00+00:00,389.0396998,0.0,22.7,407.7028349,0.0,22.7225,10.5,225.0,320.7066667,34.0,8.1
2025-04-06 13:45:00+00:00,389.740107,0.0,22.7,407.495748,0.0,22.78444444,10.5,228.0,323.4466667,32.0,8.0
2025-04-06 14:00:00+00:00,389.8476054,0.0,22.8,408.3920643,0.0,22.89791667,10.5,231.5,326.9733333,31.0,7.8
2025-04-06 14:15:00+00:00,389.5478992,0.0,22.80666667,408.5197159,0.0,23.01117532,10.5,236.0,373.6733333,29.0,8.3
2025-04-06 14:30:00+00:00,388.8911613,0.0,22.9,408.0008537,0.0,23.28350694,10.5,240.0,385.7266667,27.0,8.5
2025-04-06 14:45:00+00:00,388.3242312,0.0,22.97857143,407.5066667,0.0,23.47333333,10.59285714,243.0,311.52,26.0,8.8
2025-04-06 15:00:00+00:00,389.1027926,0.0,23.06067708,407.3070313,0.0,23.49375,10.69357143,246.0,288.0333333,24.0,8.4
2025-04-06 15:15:00+00:00,387.8188215,0.0,23.1,406.4794048,0.0,23.56875,10.88058036,250.5,288.5333333,22.0,8.5
2025-04-06 15:30:00+00:00,387.3878751,0.0,23.14175824,406.3346801,0.0,23.5,11.00769231,254.0,167.2933333,20.0,8.1
2025-04-06 15:45:00+00:00,388.5423117,0.0,23.2,406.3278598,0.0,23.5,11.2,257.0,119.4384615,17.0,7.9
2025-04-06 16:00:00+00:00,388.9848316,0.0,23.2,406.7821582,0.0,23.46261905,11.26888889,260.0,95.33076923,15.0,7.8
2025-04-06 16:15:00+00:00,388.689971,0.0,23.18,406.1522216,0.0,23.41307292,11.3,263.0,65.36666667,13.0,7.9
2025-04-06 16:30:00+00:00,387.9313725,0.0,23.1,406.2584955,0.0,23.3,11.25384615,266.0,43.42222222,11.0,8.0
2025-04-06 16:45:00+00:00,388.4229167,0.0,23.1,406.7890002,0.0,23.24,11.02291667,269.0,28.3,9.0,8.0
2025-04-06 17:00:00+00:00,387.6837847,0.0,23.06,407.1825674,0.0,23.12666667,10.88666667,272.0,18.3,7.0,7.7
2025-04-06 17:15:00+00:00,387.8002666,0.0,23.0,407.1915894,0.0,23.03758681,10.74375,276.0,11.3,5.0,7.6
2025-04-06 17:30:00+00:00,387.4965066,0.0,22.94452381,406.1214055,0.0,23.0,10.69333333,279.0,7.3,3.0,7.4
2025-04-06 17:45:00+00:00,387.6571181,0.0,22.9,405.2581563,0.0,22.98666667,10.59066667,282.0,4.1,1.0,7.5
2025-04-06 18:00:00+00:00,387.4306624,0.0,22.8734375,405.0956214,0.0,22.82806777,10.5,285.0,0.4,-1.0,7.1
2025-04-06 18:15:00+00:00,387.230303,0.0,22.8,404.8009259,0.0,22.79222222,10.39555556,288.0,0.0,-3.0,6.9
2025-04-06 18:30:00+00:00,387.443754,0.0,22.8,404.9915363,0.0,22.70446429,10.2625,291.0,0.0,-5.0,6.8
2025-04-06 18:45:00+00:00,386.9679798,0.0,22.72666667,405.1748231,0.0,22.62666667,10.2,295.0,0.0,-7.0,6.5
2025-04-06 19:00:00+00:00,385.3398674,0.0,22.7,405.4508599,0.0,22.6,10.0921875,298.0,0.0,-9.0,6.4
2025-04-06 19:15:00+00:00,385.7682732,0.0,22.62244444,405.3188142,0.0,22.55333333,10.0,301.0,0.0,-11.0,6.2
2025-04-06 19:30:00+00:00,385.7470251,0.0,22.6,405.5597656,0.0,22.5,9.890922619,304.0,0.0,-13.0,6.0
2025-04-06 19:45:00+00:00,385.6740135,0.0,22.57142857,405.8066583,0.0,22.43333333,9.8,307.0,0.0,-15.0,5.8
2025-04-06 20:00:00+00:00,384.3901989,0.0,22.51681548,404.1704545,0.0,22.4,9.645833333,311.0,0.0,-16.0,5.7
2025-04-06 20:15:00+00:00,385.4715018,0.0,22.5,405.8017847,0.0,22.33333333,9.495555556,315.5,0.0,-18.0,5.7
2025-04-06 20:30:00+00:00,385.1021368,0.0,22.46666667,403.704816,0.0,22.3,9.324305556,319.0,0.0,-20.0,5.5
2025-04-06 20:45:00+00:00,384.4887205,0.0,22.4,403.1875496,0.0,22.29910714,9.175,322.0,0.0,-21.0,5.4
2025-04-06 21:00:00+00:00,384.1346998,0.0,22.4,402.7819963,0.0,22.2,9.571875,326.0,0.0,-22.0,5.3
2025-04-06 21:15:00+00:00,383.9466079,0.0,22.4,402.7523923,0.0,22.2,12.70550595,330.0,0.0,-24.0,5.3
2025-04-06 21:30:00+00:00,382.9867038,0.0,22.4,402.4956791,0.0,22.2,15.04431481,334.5,0.0,-25.0,5.3
2025-04-06 21:45:00+00:00,383.0645646,0.0,22.374375,401.7422181,0.0,22.104375,13.98791667,339.0,0.0,-26.0,5.1
2025-04-06 22:00:00+00:00,383.7326798,0.0,22.30166667,401.865812,0.0,22.1,12.31611111,342.0,0.0,-26.0,5.1
2025-04-06 22:15:00+00:00,383.7096808,0.0,22.3,401.2565615,0.0,22.05,11.10807292,345.0,0.0,-27.0,5.1
2025-04-06 22:30:00+00:00,383.0476667,0.0,22.3,401.6415556,0.0,21.96,12.02861111,349.0,0.0,-28.0,5.2
2025-04-06 22:45:00+00:00,383.3183712,0.0,22.2125,400.4662642,0.0,22.0,14.03616071,353.0,0.0,-28.0,5.3
2025-04-06 23:00:00+00:00,382.1026331,0.0,22.2,400.4274066,0.0,22.0,14.15654762,238.3333333,0.0,-28.0,5.4
2025-04-06 23:15:00+00:00,382.84375,0.0,22.2,399.793548,0.0,21.90208333,12.47897727,3.0,0.0,-28.0,5.6
2025-04-06 23:30:00+00:00,382.4810516,0.0,22.1875,400.685061,0.0,21.9,11.91272321,7.0,0.0,-28.0,5.6
2025-04-06 23:45:00+00:00,382.1611351,0.0,22.18222222,400.3145806,0.0,21.9,13.86222222,11.0,0.0,-28.0,5.3
2025-04-07 00:00:00+00:00,381.6176471,0.0,22.1,400.7077178,0.0,21.9,14.459375,15.5,0.0,-27.0,5.2
2025-04-07 00:15:00+00:00,382.2928889,0.0,22.1,399.2069292,0.0,21.9,13.11833333,20.0,0.0,-27.0,5.3
2025-04-07 00:30:00+00:00,381.0779135,0.0,22.08041667,399.2542335,0.0,21.87239583,11.7625,24.0,0.0,-26.0,5.2
2025-04-07 00:45:00+00:00,395.965796,0.0,22.03488889,399.1261427,0.0,21.8,13.14303704,28.0,0.0,-25.0,4.9
2025-04-07 01:00:00+00:00,399.7970935,0.0,22.0,399.5619161,0.0,21.8,14.72668155,31.0,0.0,-24.0,5.0
2025-04-07 01:15:00+00:00,400.1795455,0.0,22.0,398.8295824,0.0,21.8,13.74166667,34.0,0.0,-23.0,4.8
2025-04-07 01:30:00+00:00,400.0873357,0.0,22.0,398.5297194,0.0,21.8,12.16485714,39.0,0.0,-22.0,4.7
2025-04-07 01:45:00+00:00,399.1398287,0.0,22.0,398.1507765,0.0,21.7984375,13.44015625,43.0,0.0,-20.0,4.7
2025-04-07 02:00:00+00:00,399.0851911,0.0,21.94666667,398.4097469,0.0,21.7573545,14.73,46.0,0.0,-19.0,4.6
2025-04-07 02:15:00+00:00,400.1070574,0.0,21.94348958,399.5537085,0.0,21.79044913,13.24688988,49.0,0.0,-17.0,4.4
2025-04-07 02:30:00+00:00,405.523839,0.0,21.97901587,406.6362813,0.0,22.02,12.90375,53.0,0.0,-16.0,4.3
2025-04-07 02:45:00+00:00,414.3735024,0.0,22.1,413.6474791,0.0,22.1,14.99829932,56.0,0.0,-14.0,4.3
2025-04-07 03:00:00+00:00,413.3769429,6.444444444,22.11875,412.5661249,4.5,22.1,14.32291667,59.5,0.0,-12.0,4.3
2025-04-07 03:15:00+00:00,415.4048767,66.52948967,22.15106349,412.2697469,69.09564828,22.1,18.84166667,63.0,0.0,-10.0,4.2
2025-04-07 03:30:00+00:00,426.3392857,60.50981602,22.076,423.8764525,63.31826105,22.04375,18.19101587,66.0,0.0,-8.0,4.1
2025-04-07 03:45:00+00:00,454.9037028,60.27295918,22.14815476,448.7939835,62.67257573,22.02576531,18.17857143,69.0,0.0,-6.0,3.9
2025-04-07 04:00:00+00:00,461.9532759,60.13663469,22.1415625,463.1223399,61.98976723,22.12794643,17.953125,72.0,0.5,-4.0,3.6
2025-04-07 04:15:00+00:00,464.8571466,60.12258035,22.12666667,461.6363592,62.45990377,22.1,18.156,75.0,2.5,-2.0,3.6
2025-04-07 04:30:00+00:00,466.6213393,60.98439428,22.1,462.6892143,63.42753973,22.02331349,18.2,78.0,5.6,0.0,3.4
2025-04-07 04:45:00+00:00,469.7259364,60.47598225,22.02666667,466.0592919,62.98263214,21.86666667,18.16244444,82.0,13.63333333,2.0,3.6
2025-04-07 05:00:00+00:00,485.9272897,60.08301013,22.025,469.9215488,63.23659065,21.8,18.1,85.0,44.28333333,4.0,3.7
2025-04-07 05:15:00+00:00,504.4153302,60.10585885,22.01904762,488.2660354,61.90786914,21.91070899,18.16428571,88.0,75.90909091,7.0,4.0
2025-04-07 05:30:00+00:00,524.3369702,60.58643756,22.14105903,512.0346771,62.12627398,22.119375,18.04244792,91.0,108.1727273,10.0,4.6
2025-04-07 05:45:00+00:00,534.5124426,61.03728685,22.28888889,534.4516947,63.56299398,22.23768519,17.9,94.0,148.34,12.0,5.1
2025-04-07 06:00:00+00:00,591.9172113,60.87199074,22.30375,566.6230167,63.57848284,22.34375,17.96294643,97.0,192.2928571,14.0,5.7
2025-04-07 06:15:00+00:00,653.6511574,60.67476054,22.46571429,604.6750334,62.70165202,22.28191919,17.73571429,100.0,228.16,16.0,6.0
2025-04-07 06:30:00+00:00,698.6573295,60.62072955,22.61722222,638.7897809,62.92423576,22.41765422,17.63571429,103.5,157.7466667,18.0,6.2
2025-04-07 06:45:00+00:00,752.0886147,61.00373016,22.80238095,699.0891224,63.45514635,22.74375,17.65386905,107.0,215.6,20.0,6.4
2025-04-07 07:00:00+00:00,822.6524991,95.52107593,22.97333333,751.3196812,63.20089523,22.86011111,17.59333333,110.0,148.4133333,22.0,6.0
2025-04-07 07:15:00+00:00,805.595712,73.46230626,23.06,808.336866,82.63770785,22.91190476,17.6425,114.0,156.2785714,24.0,6.0
2025-04-07 07:30:00+00:00,786.3972334,70.56481938,23.04666667,800.7073076,68.86151018,22.97333333,17.69833333,117.0,278.5666667,26.0,6.2
2025-04-07 07:45:00+00:00,736.9031282,64.06109981,23.11979167,793.8865747,66.73348785,23.00494792,17.47316964,120.0,163.7571429,28.0,6.6
2025-04-07 08:00:00+00:00,719.9811411,64.46990978,23.14203907,784.6891156,68.93343231,23.04266667,17.60435897,125.0,322.3933333,30.0,7.1
2025-04-07 08:15:00+00:00,706.8840968,59.42699993,23.25119048,723.2804802,64.06435955,22.88875,17.69285714,129.0,455.8866667,32.0,7.7
2025-04-07 08:30:00+00:00,686.1309243,58.43269927,23.34619414,681.9780163,65.41601023,22.9,17.43785836,133.0,466.6714286,33.0,8.4
2025-04-07 08:45:00+00:00,659.9091362,59.22567821,23.4875,646.3538486,65.74573152,22.97910354,17.16597222,137.0,458.45,35.0,8.6
2025-04-07 09:00:00+00:00,701.4362871,58.67057177,23.46761905,673.6753247,65.8849026,23.07759259,17.16,141.0,526.4428571,36.0,9.4
2025-04-07 09:15:00+00:00,690.6942778,61.594027,23.64706101,651.4999208,62.15064823,22.97228423,17.06145833,145.0,452.4133333,38.0,9.9
2025-04-07 09:30:00+00:00,680.1517882,60.32572026,23.57224242,635.9609736,61.66107681,23.04111111,17.0,150.0,544.1066667,39.0,9.2
2025-04-07 09:45:00+00:00,668.2656405,59.87623748,23.46484375,623.6761771,59.94456889,23.04354167,16.96690476,154.0,522.6466667,40.0,9.8
2025-04-07 10:00:00+00:00,679.4343469,61.25708066,23.53484127,650.297755,60.30332076,23.13666667,17.12670068,158.0,481.8933333,40.0,9.8
2025-04-07 10:15:00+00:00,667.0595279,62.61193085,23.69561905,634.0493499,62.082846,23.18090278,17.11111111,163.0,644.2733333,41.0,10.1
2025-04-07 10:30:00+00:00,660.8373728,61.29523163,23.67029304,645.7290933,60.92520496,23.13853688,17.2,169.0,618.4466667,42.0,10.1
2025-04-07 10:45:00+00:00,666.1079904,62.19712205,23.72666667,641.5802718,62.16280426,23.36930556,16.9521164,173.0,639.32,42.0,9.7
2025-04-07 11:00:00+00:00,679.6901683,61.26886236,23.7,658.3990863,61.35358287,23.44,17.08666667,178.0,605.5,42.0,9.0
2025-04-07 11:15:00+00:00,679.8342528,61.30227124,23.8996875,654.9098527,61.92972571,23.41889881,17.18463542,183.0,612.2071429,42.0,9.4
2025-04-07 11:30:00+00:00,697.2501672,60.26956019,23.79854663,683.4316147,60.27952379,23.65550505,17.2,187.0,465.72,42.0,9.6
2025-04-07 11:45:00+00:00,707.3752833,61.03147216,23.97185185,692.1303529,60.89496834,23.65202116,17.21071429,193.0,388.7066667,41.0,9.6
2025-04-07 12:00:00+00:00,737.1042396,63.34360917,23.98001443,692.2346731,62.20689922,23.63059441,17.08209776,198.0,559.0066667,40.0,9.9
2025-04-07 12:15:00+00:00,736.5489259,66.27290143,24.07664286,695.6945653,62.07293675,23.63364103,17.03066667,202.0,582.5071429,40.0,10.2
2025-04-07 12:30:00+00:00,701.0529293,76.5483165,24.1,702.1772222,60.96333333,23.69375,17.1625,206.0,569.9066667,39.0,10.5
2025-04-07 12:45:00+00:00,683.747768,81.20234302,24.02111111,660.0240068,61.84431217,23.74666667,17.11333333,212.0,552.4916667,38.0,10.8
2025-04-07 13:00:00+00:00,658.7077059,86.28578246,24.03082155,651.7403845,62.18115402,23.79846154,17.11571429,217.0,531.2692308,36.0,10.6
2025-04-07 13:15:00+00:00,642.2787968,84.41497301,23.92857143,628.3479057,61.5839077,23.695,17.16978022,221.0,519.0714286,35.0,10.5
2025-04-07 13:30:00+00:00,617.9899338,77.61808525,23.93208333,600.5938104,62.08902696,23.7875,16.89361111,225.0,496.7916667,34.0,11.2
2025-04-07 13:45:00+00:00,600.7303442,75.98770211,23.93777778,589.2977941,61.80792024,23.77531746,17.01777778,229.0,476.9153846,32.0,11.0
2025-04-07 14:00:00+00:00,607.103826,64.4549886,23.75625,594.5083354,62.95707366,23.88144716,17.6984375,233.0,451.7615385,30.0,11.1
2025-04-07 14:15:00+00:00,606.7252568,64.24292539,23.75260417,602.810712,64.00325633,23.97708333,16.64848214,236.0,423.65,28.0,11.1
2025-04-07 14:30:00+00:00,596.7788105,65.15855785,23.83076923,585.4182099,64.21188889,24.12338624,17.72564103,240.0,394.88,27.0,10.7
2025-04-07 14:45:00+00:00,585.9840583,65.35944745,23.9,578.1535107,64.27707254,24.27604167,16.34689542,244.0,368.0076923,25.0,10.9
2025-04-07 15:00:00+00:00,582.1576532,64.80120416,23.9,571.3698194,63.81247503,24.50666667,17.143,247.0,338.0384615,23.0,10.9
2025-04-07 15:15:00+00:00,573.6556116,64.53175366,23.9875,565.7281522,64.78069559,24.6,16.605625,250.5,306.5692308,21.0,10.9
2025-04-07 15:30:00+00:00,562.5493052,65.13678349,23.95288889,560.0883004,64.57038717,24.64,16.259375,254.0,275.3230769,19.0,11.7
2025-04-07 15:45:00+00:00,547.3386189,64.4201171,24.02678571,550.0995459,63.48005733,24.61453125,17.3827381,257.0,243.0083333,17.0,10.5
2025-04-07 16:00:00+00:00,533.936507,64.8755842,24.06,537.7903154,64.07891876,24.64125926,16.34761905,260.0,200.04,15.0,10.4
2025-04-07 16:15:00+00:00,536.6150503,64.85053421,24.11349206,532.2612793,63.89809181,25.5315271,16.34546875,263.0,175.0714286,12.0,10.7
2025-04-07 16:30:00+00:00,531.5810107,64.66004465,24.154,529.0321571,64.62766418,26.15222222,17.3775744,266.0,141.26,10.0,9.9
2025-04-07 16:45:00+00:00,526.5689617,64.34894841,24.11944444,525.3249511,63.89185828,26.1843006,16.59645833,269.0,106.5266667,8.0,9.9
2025-04-07 17:00:00+00:00,524.0665522,64.36761776,24.1,523.1170873,63.54636183,25.9,17.01333333,272.0,75.45,6.0,9.6
2025-04-07 17:15:00+00:00,528.7053438,64.72251082,24.1,520.6705971,63.90106372,25.48475649,17.84447917,276.0,47.26153846,4.0,9.3
2025-04-07 17:30:00+00:00,537.7617354,64.67095491,24.1,520.6920635,63.43199985,25.02,16.16541667,279.0,23.78,2.0,8.9
2025-04-07 17:45:00+00:00,534.7843657,64.8194709,24.02946429,519.7765152,63.81673401,24.55267857,17.93263889,282.0,8.64,0.0,8.6
2025-04-07 18:00:00+00:00,525.7104493,7.998217469,23.9140625,517.9183543,12.03800905,24.20322917,16.0109375,285.0,1.6,-2.0,8.2
2025-04-07 18:15:00+00:00,532.1167715,0.0,23.88666667,518.3780499,0.0,23.98666667,16.72222222,288.0,0.0,-4.0,8.0
2025-04-07 18:30:00+00:00,545.6594859,0.0,23.825,525.4921454,0.0,23.84375,16.8,291.0,0.0,-6.0,7.6
2025-04-07 18:45:00+00:00,536.941346,0.0,23.75503704,531.9542713,0.0,23.81455892,16.65866667,295.0,0.0,-8.0,7.3
2025-04-07 19:00:00+00:00,531.3778966,0.0,23.67857143,532.5805885,0.0,23.7277672,15.97291667,298.0,0.0,-10.0,7.1
2025-04-07 19:15:00+00:00,528.3069817,0.0,23.6,529.8535913,0.0,23.65939394,15.20666667,301.0,0.0,-12.0,6.8
2025-04-07 19:30:00+00:00,526.8262247,0.0,23.52410714,528.8244433,0.0,23.59375,14.37174603,305.0,0.0,-14.0,6.6
2025-04-07 19:45:00+00:00,524.3195313,0.0,23.46,527.0387598,0.0,23.49757576,13.6247619,308.0,0.0,-15.0,6.4
2025-04-07 20:00:00+00:00,521.4967564,0.0,23.4,525.3743921,0.0,23.39630682,12.90486111,311.0,0.0,-17.0,6.1
2025-04-07 20:15:00+00:00,520.2516452,0.0,23.31333333,523.6274591,0.0,23.30808824,12.36918519,315.5,0.0,-18.0,6.0
2025-04-07 20:30:00+00:00,519.479798,0.0,23.29875,521.8078598,0.0,23.25,11.93,319.0,0.0,-20.0,5.9
2025-04-07 20:45:00+00:00,518.064493,0.0,23.20219114,520.3739274,0.0,23.14222222,11.56841492,322.0,0.0,-21.0,5.9
2025-04-07 21:00:00+00:00,516.276011,0.0,23.1,519.675293,0.0,23.06875,11.20380952,326.0,0.0,-23.0,5.8
2025-04-07 21:15:00+00:00,514.752318,0.0,23.1,516.8339731,0.0,22.9512381,10.92,330.0,0.0,-24.0,6.0
2025-04-07 21:30:00+00:00,512.7715628,0.0,23.06363636,515.7767145,0.0,22.89090909,10.69090909,334.5,0.0,-25.0,5.9
2025-04-07 21:45:00+00:00,510.8383256,0.0,23.0,514.7054746,0.0,22.82159091,10.55486111,339.0,0.0,-26.0,5.9
2025-04-07 22:00:00+00:00,508.9045982,0.0,22.93946176,512.7635578,0.0,22.8,10.36328235,343.0,0.0,-26.0,5.9
2025-04-07 22:15:00+00:00,507.8921891,0.0,22.9,511.5866761,0.0,22.7,10.21482143,346.0,0.0,-27.0,6.8
2025-04-07 22:30:00+00:00,506.1809315,0.0,22.80666667,509.8444794,0.0,22.66761905,10.02666667,349.0,0.0,-27.0,7.6
2025-04-07 22:45:00+00:00,504.4441059,0.0,22.8,508.8069237,0.0,22.6,10.0,353.0,0.0,-28.0,7.4
2025-04-07 23:00:00+00:00,503.6618445,0.0,22.76555556,506.8380755,0.0,22.6,10.0,238.3333333,0.0,-28.0,5.8
2025-04-07 23:15:00+00:00,503.5541667,0.0,22.7,504.7375399,0.0,22.5875,9.830681818,3.0,0.0,-28.0,5.7
2025-04-07 23:30:00+00:00,501.1491893,0.0,22.7,503.6606061,0.0,22.5,9.764285714,7.0,0.0,-28.0,5.7
2025-04-07 23:45:00+00:00,500.3124605,0.0,22.60535714,503.2967271,0.0,22.5,9.66875,11.0,0.0,-27.0,5.5
2025-04-08 00:00:00+00:00,499.2046753,0.0,22.6,500.9816162,0.0,22.40666667,9.593333333,15.5,0.0,-27.0,5.5
2025-04-08 00:15:00+00:00,497.9409722,0.0,22.6,499.7801015,0.0,22.4,9.51875,20.0,0.0,-26.0,5.6
2025-04-08 00:30:00+00:00,496.8460028,0.0,22.6,500.2789465,0.0,22.36242424,9.5,24.0,0.0,-25.0,5.7
2025-04-08 00:45:00+00:00,495.2768896,0.0,22.5375,498.1899466,0.0,22.3,9.5,27.0,0.0,-24.0,5.7
2025-04-08 01:00:00+00:00,494.4940429,0.0,22.5,496.4361329,0.0,22.3,9.41875,30.0,0.0,-23.0,5.6
2025-04-08 01:15:00+00:00,493.1124137,0.0,22.485,495.4620104,0.0,22.3,9.4,34.0,0.0,-22.0,5.8
2025-04-08 01:30:00+00:00,491.736022,0.0,22.40214286,493.696875,0.0,22.23671875,9.3,39.0,0.0,-21.0,5.6
2025-04-08 01:45:00+00:00,489.8966964,0.0,22.4,492.8197811,0.0,22.2,9.3,43.0,0.0,-19.0,5.6
2025-04-08 02:00:00+00:00,489.7601876,0.0,22.4,490.8333931,0.0,22.2,9.3,46.0,0.0,-18.0,5.6
2025-04-08 02:15:00+00:00,488.9174116,0.0,22.4,489.9621259,0.0,22.19698413,9.3,49.0,0.0,-16.0,5.5
2025-04-08 02:30:00+00:00,490.7259398,0.0,22.39375,493.4243563,0.0,22.05,9.28125,53.0,0.0,-14.0,5.5
2025-04-08 02:45:00+00:00,500.4575163,0.0,22.32857143,508.515796,0.0,22.15766667,9.2,56.0,0.0,-13.0,5.6
2025-04-08 03:00:00+00:00,509.1185065,29.2037037,22.39166667,509.3291708,24.79166667,22.2,11.14375,59.5,0.0,-11.0,5.7
2025-04-08 03:15:00+00:00,503.6955314,60.50812034,22.4,505.4044306,59.09969419,22.17083333,20.34964912,63.0,0.0,-9.0,9.45
2025-04-08 03:30:00+00:00,500.2108026,58.40818383,22.4,500.7076653,58.12867805,22.1,15.59479167,66.0,0.0,-7.0,9.9
2025-04-08 03:45:00+00:00,495.5686421,58.40588962,22.32660714,497.0453361,59.21318271,22.1,18.37679894,69.0,0.0,-5.0,10.0
2025-04-08 04:00:00+00:00,494.2956847,58.08381226,22.3,495.5973772,58.26226775,22.1,16.99419643,72.0,0.3,-3.0,8.7
2025-04-08 04:15:00+00:00,492.2219208,58.3404139,22.23125,494.1698897,58.28585498,22.00019231,18.2090625,75.0,1.9,-1.0,7.8
2025-04-08 04:30:00+00:00,490.8017013,62.48947546,22.2,492.9935763,58.96989637,22.0,17.16923077,78.0,3.9,1.0,7.5
2025-04-08 04:45:00+00:00,493.200095,61.6868254,22.175625,496.5445801,58.74414827,21.95125,17.359375,82.0,7.966666667,3.0,7.3
2025-04-08 05:00:00+00:00,504.375524,62.09886321,22.2,505.8790122,59.06020545,22.0,17.49230769,85.0,17.06666667,5.0,7.9
2025-04-08 05:15:00+00:00,519.3121639,61.77649775,22.2509375,525.3768313,60.61717337,22.0046875,17.375,88.0,29.1,7.0,8.0
2025-04-08 05:30:00+00:00,531.7701636,62.61488727,22.28571429,546.9122085,63.24105082,22.14,17.30918367,91.0,38.13333333,9.0,7.7
2025-04-08 05:45:00+00:00,559.5034384,62.18571479,22.4,569.8790476,62.64848806,22.24267857,17.51785714,94.0,48.24285714,11.0,7.7
2025-04-08 06:00:00+00:00,593.1466195,61.74741169,22.46666667,608.8472002,62.02830549,22.34280423,17.6,97.0,63.65,13.0,7.4
2025-04-08 06:15:00+00:00,629.5103909,61.02822143,22.50651786,654.9224088,61.53230459,22.393125,17.5125,100.0,81.1,16.0,9.4
2025-04-08 06:30:00+00:00,679.6227584,62.84552212,22.64659091,699.4203283,62.06594275,22.44020833,17.01538462,103.5,99.52222222,18.0,10.4
2025-04-08 06:45:00+00:00,740.7414489,62.33137409,22.8,752.3686029,61.87461085,22.79444444,17.03333333,107.0,114.9545455,20.0,9.4
2025-04-08 07:00:00+00:00,792.5571836,65.59085419,22.83541667,805.4800158,72.38536113,22.90633929,17.1,110.0,133.9142857,22.0,9.0
2025-04-08 07:15:00+00:00,823.0,76.2,23.0,832.0,74.35714286,23.0,17,114.0,168.6866667,24.0,8.5
2025-04-08 07:30:00+00:00,860.3636364,58.64285714,23.1,859.5,56.13333333,23.0,17,117.0,220.8916667,26.0,9.7
2025-04-08 07:45:00+00:00,911.5454545,48.4,23.3,893.2307692,53.78571429,23.2,17,120.0,248.2333333,28.0,9.7
2025-04-08 08:00:00+00:00,953.4545455,46.2,23.4,910.1428571,47.53333333,23.1,16,125.0,291.7142857,29.0,9.3
2025-04-08 08:15:00+00:00,956.0,65.92307692,23.4,909.4,62.30769231,23.1,15.0,129.0,312.0866667,31.0,10.1
2025-04-08 08:30:00+00:00,910.9333333,251.0909091,23.0,874.2307692,177.9090909,23.1,17.35,133.0,373.8466667,33.0,9.5
2025-04-08 08:45:00+00:00,924.0714286,181.1428571,23.6,897.4615385,191.8571429,23.1,18.4,137.0,472.46,34.0,11.1
2025-04-08 09:00:00+00:00,856.8,198.8666667,23.4,858.5333333,185.2,23.4,16.8,141.0,466.7642857,36.0,10.2
2025-04-08 09:15:00+00:00,775.4666667,131.0,23.4,789.5833333,107.2857143,23.3,17.0,145.0,476.4933333,37.0,10.7
2025-04-08 09:30:00+00:00,753.0,92.13333333,23.6,757.7333333,62.8,23.1,17.1,150.0,559.75,38.0,10.6
2025-04-08 09:45:00+00:00,728.6,67.53333333,23.7,721.5,62.73333333,23.4,16.9,154.0,566.0142857,40.0,11.1
2025-04-08 10:00:00+00:00,697.6923077,60.73333333,23.9,681.6,64.42857143,23.3,17.0,158.0,574.4555556,40.0,11.5
2025-04-08 10:15:00+00:00,688.75,60.4,23.6,653.7142857,63.85714286,23.3,17.0,163.0,586.175,41.0,11.2
2025-04-08 10:30:00+00:00,679.9090909,59.33333333,24.0,668.3333333,64.33333333,23.3,17.1,169.0,600.5333333,42.0,11.4
2025-04-08 10:45:00+00:00,692.3333333,61.8,24.0,681.0,63.13333333,23.4,16.9,173.0,608.825,42.0,12.2
2025-04-08 11:00:00+00:00,719.4615385,65.0,24.1,711.5,62.53333333,23.5,17.3,178.0,612.9375,42.0,12.2
2025-04-08 11:15:00+00:00,713.1333333,71.69230769,24.2,697.9333333,63.5,23.6,17.1,183.0,620.3466667,42.0,12.6
2025-04-08 11:30:00+00:00,696.8333333,83.66666667,24.0,653.3333333,64.86666667,23.7,17.0,187.0,619.5466667,42.0,13.0
2025-04-08 11:45:00+00:00,709.0666667,96.86666667,24.2,679.8,63.35714286,23.7,16.7,193.0,283.42,42.0,12.5
2025-04-08 12:00:00+00:00,714.5,107.2,24.0,692.4,63.4,23.7,17.0,198.0,182.6214286,41.0,12.0
2025-04-08 12:15:00+00:00,691.9230769,113.8666667,24.0,679.9333333,63.93333333,23.8,17.0,202.0,142.1461538,40.0,11.5
2025-04-08 12:30:00+00:00,677.8,121.1333333,24.1,682.0714286,63.86666667,23.7,16.9,207.3333333,165.5777778,40.0,11.8
2025-04-08 12:45:00+00:00,676.1,120.6,24.0,676.1333333,63.5,23.7,17.0,213.0,190.6,39.0,11.4
2025-04-08 13:00:00+00:00,673.6153846,125.0,23.9,685.5333333,63.13333333,23.8,17.0,217.0,216.1625,37.0,11.0
2025-04-08 13:15:00+00:00,651.7692308,120.6,23.9,645.3333333,64.0,23.6,17.1,221.0,285.6214286,36.0,11.4
2025-04-08 13:30:00+00:00,630.3076923,115.0666667,23.9,631.4,63.8,23.6,17.0,225.0,323.18,35.0,11.3
2025-04-08 13:45:00+00:00,597.4615385,98.33333333,23.7,605.9090909,64.26666667,23.6,17.0,229.0,277.2666667,33.0,11.6
2025-04-08 14:00:00+00:00,574.6666667,64.13333333,23.6,616.1111111,64.57142857,23.6,18.9,234.0,217.7454545,32.0,12.3
2025-04-08 14:15:00+00:00,567.5555556,63.66666667,23.6,600.0,64.78571429,23.5,16.8,237.0,194.42,30.0,13.2
2025-04-08 14:30:00+00:00,562.125,63.23076923,23.6,584.25,65.06666667,23.4,17.35,240.0,125.3416667,28.0,13.1
2025-04-08 14:45:00+00:00,554.0,63.26666667,23.6,570.0,65.35714286,23.4,17.05,244.0,144.4384615,26.0,12.4
2025-04-08 15:00:00+00:00,540.2,63.86666667,23.5,554.2,65.57142857,23.2,17.05,247.0,130.9846154,24.0,12.4
2025-04-08 15:15:00+00:00,528.0,63.26666667,23.5,539.0,65.35714286,23.3,18.1,250.5,91.22666667,22.0,12.2
2025-04-08 15:30:00+00:00,516.2,63.64285714,23.4,527.0,65.6,23.2,17.05,255.0,67.3,20.0,12.5
2025-04-08 15:45:00+00:00,507.75,63.13333333,23.4,518.0,64.86666667,23.2,16.0,258.0,70.19090909,18.0,11.8
2025-04-08 16:00:00+00:00,501.5,62.8,23.3,509.0,64.64285714,23.1,18.1,261.0,39.56153846,16.0,11.5
2025-04-08 16:15:00+00:00,495.5,62.8,23.2,501.5,64.4,23.0,16.0,264.0,26.1,14.0,11.0
2025-04-08 16:30:00+00:00,491.0,63.46666667,23.2,497.0,65.06666667,23.0,17.05,267.0,25.1,12.0,11.0
2025-04-08 16:45:00+00:00,488.0,63.21428571,23.1,495.0,65.45454545,22.9,18.1,270.0,30.72857143,10.0,11.7
2025-04-08 17:00:00+00:00,486.5,62.92857143,23.1,490.5,64.28571429,22.8,16.0,273.5,27.7375,8.0,10.9
2025-04-08 17:15:00+00:00,484.0,63.33333333,23.0,486.0,64.92857143,22.8,18.1,277.0,23.2,6.0,11.0
2025-04-08 17:30:00+00:00,483.0,62.85714286,23.0,484.0,64.6,22.9,16.0,279.0,16.71428571,3.0,11.3
2025-04-08 17:45:00+00:00,480.5,63.53333333,22.9,484.0,64.38461538,22.9,17.05,282.0,6.1,1.0,10.9
2025-04-08 18:00:00+00:00,484.0,3.5,22.9,484.0,26.66666667,22.8,15.5,285.0,2.1,-1.0,10.2
2025-04-08 18:15:00+00:00,482.0,0.0,22.9,483.0,0.0,22.7,15.6,288.0,0.3,-3.0,11.2
2025-04-08 18:30:00+00:00,482.5,0.0,22.8,482.0,0.0,22.6,15.7,291.0,0.0,-5.0,11.1
2025-04-08 18:45:00+00:00,482.5,0.0,22.9,485.3333333,0.0,22.5,15.8,295.0,0.0,-7.0,9.8
2025-04-08 19:00:00+00:00,481.0,0.0,22.8,483.0,0.0,22.6,15.7,299.0,0.0,-9.0,9.1
2025-04-08 19:15:00+00:00,482.8,0.0,22.8,483.0,0.0,22.6,15.4,302.0,0.0,-10.0,9.3
2025-04-08 19:30:00+00:00,480.0,0.0,22.8,482.0,0.0,22.6,15.0,305.0,0.0,-12.0,9.2
2025-04-08 19:45:00+00:00,480.0,0.0,22.7,481.0,0.0,22.5,14.5,308.0,0.0,-14.0,9.0
2025-04-08 20:00:00+00:00,479.0,0.0,22.7,481.0,0.0,22.5,14.1,311.0,0.0,-16.0,8.8
2025-04-08 20:15:00+00:00,480.0,0.0,22.7,481.0,0.0,22.5,13.7,315.5,0.0,-17.0,8.6
2025-04-08 20:30:00+00:00,480.0,0.0,22.6,479.5,0.0,22.4,13.3,319.0,0.0,-19.0,8.3
2025-04-08 20:45:00+00:00,478.0,0.0,22.6,480.0,0.0,22.4,13.0,322.0,0.0,-20.0,8.2
2025-04-08 21:00:00+00:00,479.0,0.0,22.6,480.0,0.0,22.4,12.7,326.0,0.0,-22.0,8.0
2025-04-08 21:15:00+00:00,477.0,0.0,22.5,479.0,0.0,22.3,12.4,330.0,0.0,-23.0,8.0
2025-04-08 21:30:00+00:00,478.0,0.0,22.5,478.0,0.0,22.3,12.2,334.5,0.0,-24.0,7.9
2025-04-08 21:45:00+00:00,477.0,0.0,22.5,477.0,0.0,22.3,12.0,339.0,0.0,-25.0,7.9
2025-04-08 22:00:00+00:00,475.7142857,0.0,22.5,477.0,0.0,22.2,11.9,343.0,0.0,-26.0,7.7
2025-04-08 22:15:00+00:00,475.5,0.0,22.4,476.0,0.0,22.2,11.7,347.0,0.0,-26.0,7.6
2025-04-08 22:30:00+00:00,476.0,0.0,22.4,476.0,0.0,22.2,11.6,350.0,0.0,-27.0,7.4
2025-04-08 22:45:00+00:00,474.5,0.0,22.4,473.0,0.0,22.2,11.4,353.0,0.0,-27.0,7.3
2025-04-08 23:00:00+00:00,473.0,0.0,22.4,475.0,0.0,22.1,11.3,238.3333333,0.0,-27.0,7.5
2025-04-08 23:15:00+00:00,473.5,0.0,22.4,472.0,0.0,22.1,11.2,3.0,0.0,-27.0,7.3
2025-04-08 23:30:00+00:00,473.0,0.0,22.4,473.0,0.0,22.1,11.0,7.0,0.0,-27.0,7.2
2025-04-08 23:45:00+00:00,473.0,0.0,22.4,473.0,0.0,22.0,10.9,11.0,0.0,-27.0,7.1
2025-04-09 00:00:00+00:00,472.0,0.0,22.3,470.0,0.0,22.0,10.7,15.5,0.0,-27.0,7.1
2025-04-09 00:15:00+00:00,469.5,0.0,22.3,471.5,0.0,22.0,10.6,20.0,0.0,-26.0,7.1
2025-04-09 00:30:00+00:00,469.0,0.0,22.3,470.0,0.0,22.0,10.5,24.0,0.0,-25.0,7.1
2025-04-09 00:45:00+00:00,470.0,0.0,22.3,470.0,0.0,22.0,10.3,27.0,0.0,-24.0,6.8
2025-04-09 01:00:00+00:00,467.0,0.0,22.3,467.0,0.0,21.9,10.1,30.0,0.0,-23.0,6.2
2025-04-09 01:15:00+00:00,467.5,0.0,22.2,468.0,0.0,21.9,10.0,34.0,0.0,-22.0,5.9
2025-04-09 01:30:00+00:00,466.6666667,0.0,22.2,467.0,0.0,21.9,9.8,39.0,0.0,-21.0,6.0
2025-04-09 01:45:00+00:00,466.5,0.0,22.2,466.0,0.0,21.9,9.7,43.0,0.0,-20.0,6.2
2025-04-09 02:00:00+00:00,466.5,0.0,22.2,466.0,0.0,21.9,9.6,46.0,0.0,-18.0,6.3
2025-04-09 02:15:00+00:00,466.6,0.0,22.2,468.25,0.0,21.8,9.4,49.0,0.0,-17.0,6.4
2025-04-09 02:30:00+00:00,474.0,0.0,22.2,478.0,0.0,21.9,9.3,53.0,0.0,-15.0,6.4
2025-04-09 02:45:00+00:00,483.4,0.0,22.2,481.2,0.0,21.7,9.3,56.0,0.0,-13.0,5.7
2025-04-09 03:00:00+00:00,495.8,61.55555556,22.3,483.5,51.33333333,21.9,15.125,59.5,0.0,-12.0,5.8
2025-04-09 03:15:00+00:00,490.0,61.0,22.2,487.0,61.84615385,21.9,20.5,63.0,0.0,-10.0,5.6
2025-04-09 03:30:00+00:00,487.0,61.71428571,22.2,486.5,61.93333333,22.0,18.4,66.0,0.0,-8.0,5.3
2025-04-09 03:45:00+00:00,485.5,61.35714286,22.3,485.0,62.0,22.1,17.6,69.0,0.0,-6.0,5.0
2025-04-09 04:00:00+00:00,481.0,61.53333333,22.3,485.0,62.0,22.1,18.1,72.0,0.3,-4.0,5.0
2025-04-09 04:15:00+00:00,482.0,60.93333333,22.2,482.0,61.71428571,22.1,17.8,75.0,2.9,-2.0,5.0
2025-04-09 04:30:00+00:00,483.5,61.57142857,22.2,485.0,61.69230769,22.1,17.7,78.0,12.0,0.0,5.2
2025-04-09 04:45:00+00:00,484.0,60.93333333,22.2,484.0,61.71428571,22.0,17.8,82.0,29.13,2.0,5.4
2025-04-09 05:00:00+00:00,484.5,61.28571429,22.1,486.0,61.78571429,22.0,17.8,85.0,52.58461538,4.0,5.4
2025-04-09 05:15:00+00:00,486.0,60.93333333,22.1,496.3333333,62.26666667,22.0,17.9,88.0,80.94615385,6.0,5.6
2025-04-09 05:30:00+00:00,489.5,61.21428571,22.3,514.375,62.14285714,21.7,17.9,91.0,109.7428571,10.0,5.6
2025-04-09 05:45:00+00:00,501.0,61.66666667,22.3,538.25,62.14285714,22.2,17.9,94.0,140.2461538,13.0,5.9
2025-04-09 06:00:00+00:00,523.0833333,61.46666667,22.3,569.375,62.35714286,22.2,17.9,97.0,171.08,15.0,6.1
2025-04-09 06:15:00+00:00,552.5714286,61.26666667,22.5,576.5,61.69230769,22.2,17.7,100.0,201.8,17.0,6.5
2025-04-09 06:30:00+00:00,581.5454545,61.53333333,22.5,622.4615385,62.0,22.3,17.6,103.5,235.5285714,19.0,6.8
2025-04-09 06:45:00+00:00,588.8461538,61.4,22.5,669.0,62.2,22.6,17.6,107.0,269.6785714,21.0,7.3
2025-04-09 07:00:00+00:00,650.3636364,61.33333333,22.7,695.75,62.26666667,22.8,17.6,110.0,301.6307692,23.0,7.5
2025-04-09 07:15:00+00:00,690.9166667,61.26666667,22.9,730.4444444,62.14285714,22.9,17.6,114.0,334.0266667,25.0,7.6
2025-04-09 07:30:00+00:00,719.0,60.71428571,22.9,772.0,61.92857143,23.1,17.4,117.0,370.44,27.0,8.0
2025-04-09 07:45:00+00:00,697.6923077,61.53333333,23.0,780.9230769,62.28571429,23.2,17.2,120.0,383.6866667,29.0,8.0
2025-04-09 08:00:00+00:00,681.9,62.2,23.1,773.0,63.13333333,23.3,17.3,125.0,429.6933333,31.0,8.2
2025-04-09 08:15:00+00:00,677.0,62.4,23.4,748.4285714,63.14285714,23.2,17.3,129.0,393.6666667,32.0,8.2
2025-04-09 08:30:00+00:00,662.8571429,63.0,23.2,723.7142857,64.46666667,23.3,17.1,133.0,476.76,34.0,8.6
2025-04-09 08:45:00+00:00,651.0714286,62.46666667,23.3,701.2666667,64.8,23.1,17.4,137.0,497.1933333,36.0,8.0
2025-04-09 09:00:00+00:00,633.1428571,63.46666667,23.4,674.0714286,65.14285714,23.1,17.3,141.0,525.9866667,37.0,7.6
2025-04-09 09:15:00+00:00,625.9230769,63.4,23.4,659.4,66.2,23.1,17.6,145.3333333,614.5,38.0,8.3
2025-04-09 09:30:00+00:00,615.25,64.33333333,23.2,622.0,64.8,23.1,17.3,150.0,449.9266667,39.0,7.7
2025-04-09 09:45:00+00:00,592.25,64.33333333,23.4,606.0,61.26666667,23.1,17.6,154.0,474.6933333,40.0,7.3
2025-04-09 10:00:00+00:00,595.7692308,64.42857143,23.3,597.4166667,63.85714286,23.0,17.7,158.0,547.38,41.0,7.5
2025-04-09 10:15:00+00:00,592.5714286,64.0,23.5,618.3076923,65.46666667,23.1,17.5,163.6666667,538.7857143,42.0,7.0
2025-04-09 10:30:00+00:00,618.0,63.53333333,23.6,625.4615385,65.46666667,23.2,17.6,169.0,600.1866667,42.0,7.7
2025-04-09 10:45:00+00:00,617.2,58.26666667,23.5,604.2,65.0,23.3,17.5,173.0,622.5533333,42.0,7.4
2025-04-09 11:00:00+00:00,623.7272727,58.35714286,23.5,603.0,65.86666667,23.3,17.3,178.0,390.58,43.0,8.1
2025-04-09 11:15:00+00:00,620.25,64.6,23.5,608.75,65.92857143,23.3,17.2,183.0,345.2066667,43.0,8.5
2025-04-09 11:30:00+00:00,609.75,59.4,23.6,619.2666667,65.93333333,23.4,17.3,188.0,388.2733333,42.0,8.5
2025-04-09 11:45:00+00:00,615.2307692,60.6,23.6,626.7333333,65.8,23.4,17.3,193.0,382.0066667,42.0,8.9
2025-04-09 12:00:00+00:00,611.0,59.33333333,23.6,630.9333333,66.8,23.6,17.1,198.0,378.6733333,42.0,9.2
2025-04-09 12:15:00+00:00,614.1111111,60.46666667,23.6,632.2666667,65.46666667,23.6,17.3,202.0,420.4733333,41.0,9.3
2025-04-09 12:30:00+00:00,614.0,58.85714286,23.7,636.7333333,66.2,23.6,17.3,208.0,444.92,40.0,9.8
2025-04-09 12:45:00+00:00,612.9,59.8,23.7,614.5714286,66.21428571,23.6,17.1,213.0,355.2733333,39.0,9.6
2025-04-09 13:00:00+00:00,608.1538462,60.07142857,23.7,604.4,66.66666667,23.6,17.0,217.0,428.1,38.0,10.0
2025-04-09 13:15:00+00:00,594.2307692,59.46666667,23.6,591.8571429,66.0,23.6,17.1,221.0,353.2266667,36.0,9.6
2025-04-09 13:30:00+00:00,566.0,60.0,23.6,578.4615385,66.53333333,23.6,17.1,225.0,359.9933333,35.0,9.7
2025-04-09 13:45:00+00:00,539.0,60.35714286,23.6,558.1666667,67.13333333,23.5,17.2,230.0,349.9133333,33.0,9.2
2025-04-09 14:00:00+00:00,521.0,63.86666667,23.3,541.6666667,61.46666667,23.5,17.1,234.0,336.2066667,32.0,9.5
2025-04-09 14:15:00+00:00,516.5,64.0,23.3,524.75,64.57142857,23.5,16.75,237.0,283.42,30.0,8.9
2025-04-09 14:30:00+00:00,508.5,63.73333333,23.4,514.5,63.4,23.5,17.8,240.0,372.72,28.0,9.5
2025-04-09 14:45:00+00:00,500.0,65.0,23.4,507.0,63.33333333,23.6,16.75,244.0,212.4533333,26.0,9.9
2025-04-09 15:00:00+00:00,495.5,61.53333333,23.4,499.5,63.33333333,23.6,15.7,248.0,263.0133333,24.0,9.5
2025-04-09 15:15:00+00:00,489.5,59.13333333,23.4,495.0,63.46666667,23.6,17.8,251.0,304.3333333,22.0,9.4
2025-04-09 15:30:00+00:00,486.0,60.2,23.5,492.0,63.6,23.8,16.75,255.0,233.4266667,20.0,10.0
2025-04-09 15:45:00+00:00,482.0,59.26666667,23.5,487.5,63.5,23.8,15.7,258.0,146.0285714,18.0,9.3
2025-04-09 16:00:00+00:00,481.0,59.85714286,23.5,485.0,63.2,23.5,17.8,261.0,165.2733333,16.0,9.4
2025-04-09 16:15:00+00:00,478.6666667,59.6,23.5,482.0,63.6,23.8,16.75,264.0,149.8733333,14.0,9.5
2025-04-09 16:30:00+00:00,479.0,59.46666667,23.5,482.0,64.0,24.5,15.7,267.0,117.7928571,12.0,9.2
2025-04-09 16:45:00+00:00,475.5,59.6,23.5,480.5,63.4,24.4,17.8,270.0,62.025,10.0,9.1
2025-04-09 17:00:00+00:00,477.0,60.4,23.4,479.0,63.86666667,23.8,15.7,274.0,51.26363636,8.0,8.9
2025-04-09 17:15:00+00:00,475.0,62.86666667,23.4,478.0,63.42857143,24.0,17.8,277.0,23.67777778,6.0,8.7
2025-04-09 17:30:00+00:00,474.5,63.0,23.3,479.5,63.33333333,23.5,16.75,280.0,8.0,3.0,8.3
2025-04-09 17:45:00+00:00,472.0,63.2,23.2,476.5,62.92307692,23.3,15.7,283.0,3.0,1.0,8.3
2025-04-09 18:00:00+00:00,476.0,1.5,23.2,476.0,4.0,23.3,16.9,285.0,1.1,-1.0,8.1
2025-04-09 18:15:00+00:00,474.0,0.0,23.1,474.0,0.0,23.2,17.2,288.0,0.2,-3.0,7.8
2025-04-09 18:30:00+00:00,471.25,0.0,23.1,475.5,0.0,23.1,17.1,292.0,0.0,-5.0,7.4
2025-04-09 18:45:00+00:00,473.0,0.0,23.1,474.0,0.0,23.0,16.2,295.0,0.0,-7.0,7.1
2025-04-09 19:00:00+00:00,472.0,0.0,23.0,474.5,0.0,23.0,14.9,299.0,0.0,-9.0,6.8
2025-04-09 19:15:00+00:00,471.0,0.0,22.9,473.0,0.0,22.9,14.1,302.0,0.0,-10.0,6.8
2025-04-09 19:30:00+00:00,471.0,0.0,22.9,474.0,0.0,22.8,13.4,305.0,0.0,-12.0,6.6
2025-04-09 19:45:00+00:00,471.5,0.0,22.9,473.0,0.0,22.7,12.7,308.0,0.0,-14.0,6.6
2025-04-09 20:00:00+00:00,471.5,0.0,22.8,472.0,0.0,22.7,12.2,311.0,0.0,-16.0,6.7
2025-04-09 20:15:00+00:00,469.0,0.0,22.8,470.0,0.0,22.6,11.6,315.5,0.0,-17.0,6.5
2025-04-09 20:30:00+00:00,469.5,0.0,22.7,472.0,0.0,22.6,11.3,320.0,0.0,-19.0,6.4
2025-04-09 20:45:00+00:00,469.5,0.0,22.7,470.5,0.0,22.6,11.0,323.0,0.0,-20.0,6.2
2025-04-09 21:00:00+00:00,469.5,0.0,22.7,470.5,0.0,22.5,10.6,326.0,0.0,-22.0,6.5
2025-04-09 21:15:00+00:00,468.5,0.0,22.6,470.0,0.0,22.4,10.3,330.0,0.0,-23.0,6.4
2025-04-09 21:30:00+00:00,468.5,0.0,22.6,470.0,0.0,22.4,10.0,334.5,0.0,-24.0,6.2
2025-04-09 21:45:00+00:00,466.5,0.0,22.6,470.0,0.0,22.4,9.9,339.0,0.0,-25.0,6.2
2025-04-09 22:00:00+00:00,468.0,0.0,22.5,468.5,0.0,22.3,9.7,343.0,0.0,-25.0,6.3
2025-04-09 22:15:00+00:00,468.0,0.0,22.5,468.0,0.0,22.3,9.6,347.0,0.0,-26.0,6.0
2025-04-09 22:30:00+00:00,468.0,0.0,22.4,469.0,0.0,22.2,9.6,351.0,0.0,-26.0,5.7
2025-04-09 22:45:00+00:00,465.5,0.0,22.4,468.0,0.0,22.2,9.5,355.0,0.0,-27.0,5.5
2025-04-09 23:00:00+00:00,468.0,0.0,22.4,466.5,0.0,22.2,9.4,179.5,0.0,-27.0,5.1
2025-04-09 23:15:00+00:00,466.0,0.0,22.4,466.0,0.0,22.1,9.4,3.0,0.0,-27.0,5.2
2025-04-09 23:30:00+00:00,463.5,0.0,22.4,466.0,0.0,22.1,9.4,7.0,0.0,-27.0,5.3
2025-04-09 23:45:00+00:00,464.5,0.0,22.3,463.0,0.0,22.1,9.3,11.0,0.0,-27.0,5.4
2025-04-10 00:00:00+00:00,464.0,0.0,22.3,466.0,0.0,21.9,9.2,15.5,0.0,-26.0,5.8
2025-04-10 00:15:00+00:00,464.5,0.0,22.3,464.0,0.0,22.0,9.2,20.0,0.0,-26.0,5.4
2025-04-10 00:30:00+00:00,462.5,0.0,22.2,464.0,0.0,22.0,10.2,24.0,0.0,-25.0,5.1
2025-04-10 00:45:00+00:00,463.0,0.0,22.2,463.0,0.0,21.8,12.3,27.0,0.0,-24.0,5.3
2025-04-10 01:00:00+00:00,461.5,0.0,22.2,462.0,0.0,21.9,13.4,30.0,0.0,-23.0,5.2
2025-04-10 01:15:00+00:00,461.0,0.0,22.1,462.0,0.0,21.9,13.1,34.0,0.0,-22.0,4.9
2025-04-10 01:30:00+00:00,461.5,0.0,22.1,460.0,0.0,21.9,12.1,39.0,0.0,-20.0,4.8
2025-04-10 01:45:00+00:00,461.5,0.0,22.1,461.0,0.0,21.9,11.3,43.0,0.0,-19.0,4.5
2025-04-10 02:00:00+00:00,459.0,0.0,22.1,462.0,0.0,21.8,12.5,46.0,0.0,-18.0,4.3
2025-04-10 02:15:00+00:00,459.0,0.0,22.1,463.0,0.0,21.8,13.4,49.0,0.0,-16.0,4.3
2025-04-10 02:30:00+00:00,466.4,0.0,22.1,484.2222222,0.0,21.8,12.9,53.0,0.0,-14.0,4.1
2025-04-10 02:45:00+00:00,483.25,0.0,22.0,491.0,0.0,21.9,12.0,56.0,0.0,-13.0,4.3
2025-04-10 03:00:00+00:00,490.4,65.5,22.1,489.0,64.45454545,21.7,17.25,59.5,0.0,-11.0,3.9
2025-04-10 03:15:00+00:00,488.75,64.4,22.1,489.0,65.33333333,21.9,18.3,63.0,0.0,-9.0,3.9
2025-04-10 03:30:00+00:00,486.0,64.92857143,22.1,486.0,64.85714286,22.0,17.6,66.0,0.0,-7.0,4.0
2025-04-10 03:45:00+00:00,483.0,64.73333333,22.2,486.0,64.93333333,22.0,18.3,69.0,0.1,-5.0,3.8
2025-04-10 04:00:00+00:00,480.5,64.66666667,22.2,485.0,64.42857143,21.9,18.1,72.0,1.0,-3.0,3.6
2025-04-10 04:15:00+00:00,482.0,64.46666667,22.2,485.0,64.66666667,22.0,18.0,75.0,4.05,-1.0,3.2
2025-04-10 04:30:00+00:00,480.0,64.26666667,22.1,485.0,65.0,22.0,18.2,78.0,11.43333333,1.0,3.5
2025-04-10 04:45:00+00:00,480.0,64.4,22.1,485.0,65.14285714,22.0,18.1,82.0,34.58888889,3.0,3.8
2025-04-10 05:00:00+00:00,480.0,64.4,22.1,482.0,64.93333333,22.0,18.1,85.0,44.58333333,5.0,3.8
2025-04-10 05:15:00+00:00,482.0,64.53333333,22.1,488.0,65.06666667,22.0,18.0,88.0,34.97142857,7.0,3.7
2025-04-10 05:30:00+00:00,496.0,64.92857143,22.1,504.25,65.21428571,22.1,18.0,91.0,109.2357143,9.0,4.0
2025-04-10 05:45:00+00:00,512.75,64.86666667,22.3,521.6666667,65.26666667,22.2,18.0,94.0,152.9928571,11.0,4.2
2025-04-10 06:00:00+00:00,540.7,64.26666667,22.4,544.1666667,64.86666667,22.3,18.1,97.0,198.2666667,13.0,4.7
2025-04-10 06:15:00+00:00,605.0769231,63.73333333,22.4,574.5,62.0,22.3,17.6,100.0,214.26,16.0,5.5
2025-04-10 06:30:00+00:00,662.75,64.26666667,22.4,614.6,61.21428571,22.4,17.8,103.5,172.4785714,18.0,5.5
2025-04-10 06:45:00+00:00,710.1538462,64.0,22.6,662.8,60.78571429,22.6,18.1,107.0,257.9733333,20.0,5.3
2025-04-10 07:00:00+00:00,759.125,63.33333333,22.9,687.5714286,61.14285714,22.5,17.8,110.0,193.1333333,22.0,5.4
2025-04-10 07:15:00+00:00,798.1666667,69.13333333,22.8,717.75,60.35714286,22.6,17.7,113.0,356.07,24.0,6.0
2025-04-10 07:30:00+00:00,814.3076923,81.4,23.0,765.3333333,60.86666667,22.6,17.8,116.0,372.9285714,26.0,6.9
2025-04-10 07:45:00+00:00,775.0,61.73333333,23.0,796.2,63.64285714,22.7,17.5,120.0,396.5166667,28.0,7.0
2025-04-10 08:00:00+00:00,786.6666667,61.66666667,23.1,813.8,77.57142857,22.8,17.4,125.0,431.2384615,30.0,7.3
2025-04-10 08:15:00+00:00,761.1666667,61.93333333,23.1,812.5,82.6,22.9,17.4,129.0,454.3846154,31.0,7.7
2025-04-10 08:30:00+00:00,751.9230769,61.6,23.1,815.0,77.71428571,22.9,17.3,133.0,477.3230769,33.0,7.6
2025-04-10 08:45:00+00:00,767.0,63.13333333,23.1,795.6923077,75.0,22.9,17.4,137.0,497.88,35.0,8.4
2025-04-10 09:00:00+00:00,763.6,63.92857143,23.1,782.1333333,71.0,23.1,17.2,141.0,519.3785714,36.0,8.7
2025-04-10 09:15:00+00:00,748.3571429,63.53333333,23.3,762.4666667,64.06666667,23.1,17.1,145.0,532.1933333,38.0,8.7
2025-04-10 09:30:00+00:00,750.5333333,64.13333333,23.4,770.0,66.0,23.2,17.1,150.0,551.8866667,39.0,9.4
2025-04-10 09:45:00+00:00,708.9333333,64.73333333,23.5,717.6,64.33333333,23.1,17.0,154.0,574.3153846,40.0,9.4
2025-04-10 10:00:00+00:00,693.6153846,64.93333333,23.4,666.7142857,64.4,22.9,17.1,158.0,572.3090909,41.0,9.9
2025-04-10 10:15:00+00:00,688.7692308,64.8,23.7,664.4,65.0,22.8,17.1,163.0,599.2166667,42.0,10.6
2025-04-10 10:30:00+00:00,689.5714286,65.2,23.4,674.9333333,64.66666667,23.1,17.0,169.0,594.0266667,42.0,11.1
2025-04-10 10:45:00+00:00,695.3846154,64.26666667,23.6,688.8,64.26666667,23.2,17.1,173.0,643.3266667,43.0,11.3
2025-04-10 11:00:00+00:00,687.5384615,65.26666667,23.8,684.6,66.21428571,23.2,17.1,178.0,495.4,43.0,11.9
2025-04-10 11:15:00+00:00,679.8461538,66.13333333,23.8,667.2666667,65.46666667,23.3,17.1,183.0,515.7333333,43.0,12.3
2025-04-10 11:30:00+00:00,698.3076923,65.33333333,23.8,683.8571429,64.73333333,23.3,17.2,188.3333333,626.96,43.0,12.7
2025-04-10 11:45:00+00:00,711.9333333,64.13333333,23.6,683.9333333,65.28571429,23.1,17.1,194.0,584.2133333,43.0,13.4
2025-04-10 12:00:00+00:00,723.0666667,65.06666667,23.9,673.4,65.4,23.3,17.2,198.0,612.8333333,42.0,13.6
2025-04-10 12:15:00+00:00,721.0666667,64.64285714,24.0,663.0666667,64.6,23.4,17.2,203.0,604.9466667,42.0,13.9
2025-04-10 12:30:00+00:00,701.7857143,69.33333333,23.9,662.6,65.53333333,23.6,17.1,208.5,561.7,41.0,14.1
2025-04-10 12:45:00+00:00,699.8,73.4,24.1,657.7142857,59.0,23.5,17.1,213.0,569.1466667,40.0,13.8
2025-04-10 13:00:00+00:00,754.9333333,69.6,23.9,663.6428571,59.33333333,23.5,17.1,217.0,532.56,38.0,14.2
2025-04-10 13:15:00+00:00,736.5,106.8,24.5,629.1333333,60.06666667,23.6,16.9,221.0,522.2333333,37.0,14.8
2025-04-10 13:30:00+00:00,763.5333333,138.8666667,24.1,659.1333333,61.85714286,23.8,17.0,225.0,507.9571429,36.0,14.1
2025-04-10 13:45:00+00:00,724.3333333,151.4666667,24.1,675.7857143,66.86666667,23.9,16.9,229.0,486.0066667,34.0,14.4
2025-04-10 14:00:00+00:00,679.3571429,153.4,24.0,655.4,76.8,24.1,17.0,234.0,473.3785714,33.0,15.4
2025-04-10 14:15:00+00:00,659.2,158.2666667,24.0,628.0,96.35714286,24.3,17.1,238.0,446.4466667,31.0,15.1
2025-04-10 14:30:00+00:00,643.9166667,163.3333333,24.1,620.9,125.3333333,24.4,16.9,241.0,417.94,29.0,15.1
2025-04-10 14:45:00+00:00,634.0769231,160.0714286,23.9,615.0,167.0,24.4,16.8,244.0,396.4066667,27.0,14.8
2025-04-10 15:00:00+00:00,647.4545455,66.86666667,24.0,609.4444444,67.73333333,24.4,17.6,248.0,317.1,25.0,14.1
2025-04-10 15:15:00+00:00,646.1428571,63.66666667,24.1,620.0,63.6,24.5,16.2,252.0,298.3466667,23.0,14.5
2025-04-10 15:30:00+00:00,635.9230769,61.2,24.1,617.8,61.73333333,24.6,17.0,255.0,268.84,21.0,14.7
2025-04-10 15:45:00+00:00,588.5555556,59.53333333,24.1,601.7777778,60.0,24.5,16.9,258.0,266.74,18.0,14.4
2025-04-10 16:00:00+00:00,563.3333333,62.06666667,24.2,583.0,62.42857143,24.6,16.2,261.0,185.5733333,15.0,13.5
2025-04-10 16:15:00+00:00,546.0,63.0,24.2,565.2,64.6,24.4,18.3,264.0,112.1357143,13.0,13.1
2025-04-10 16:30:00+00:00,532.5,63.66666667,24.2,548.0,65.2,24.2,16.2,267.0,97.79285714,11.0,13.4
2025-04-10 16:45:00+00:00,522.0,63.86666667,24.1,534.0,63.6,24.3,17.25,270.0,106.9571429,9.0,13.4
2025-04-10 17:00:00+00:00,511.5,63.2,24.1,522.3333333,63.4,24.3,18.3,273.5,48.63333333,7.0,12.8
2025-04-10 17:15:00+00:00,504.75,62.8,24.0,513.0,64.13333333,24.1,16.2,277.0,29.73636364,5.0,12.4
2025-04-10 17:30:00+00:00,497.5,63.26666667,23.9,505.5,62.13333333,24.1,18.3,280.0,24.85,3.0,12.4
2025-04-10 17:45:00+00:00,491.5,60.53333333,23.8,499.5,61.73333333,23.9,16.2,283.0,10.6,1.0,11.8
2025-04-10 18:00:00+00:00,488.5,0.0,23.7,493.5,32.0,23.7,17.8,286.0,2.6,-1.0,10.9
2025-04-10 18:15:00+00:00,490.0,0.0,23.6,494.0,0.0,23.6,18.5,289.0,0.2,-4.0,10.5
2025-04-10 18:30:00+00:00,488.0,0.0,23.6,492.0,0.0,23.5,17.3,292.5,0.0,-6.0,10.2
2025-04-10 18:45:00+00:00,488.0,0.0,23.5,491.0,0.0,23.4,15.5,296.0,0.0,-7.0,9.9
2025-04-10 19:00:00+00:00,487.5,0.0,23.5,490.0,0.0,23.4,14.3,299.0,0.0,-9.0,9.6
2025-04-10 19:15:00+00:00,489.0,0.0,23.4,491.0,0.0,23.3,13.4,302.0,0.0,-11.0,8.4
2025-04-10 19:30:00+00:00,488.0,0.0,23.4,491.0,0.0,23.3,12.6,305.0,0.0,-13.0,8.1
2025-04-10 19:45:00+00:00,487.5,0.0,23.4,489.0,0.0,23.2,11.9,309.0,0.0,-15.0,7.9
2025-04-10 20:00:00+00:00,488.0,0.0,23.3,488.0,0.0,23.1,11.3,312.0,0.0,-16.0,7.8
2025-04-10 20:15:00+00:00,487.25,0.0,23.3,491.0,0.0,23.1,10.8,315.5,0.0,-18.0,7.8
2025-04-10 20:30:00+00:00,489.0,0.0,23.2,488.0,0.0,23.0,10.2,320.0,0.0,-19.0,7.6
2025-04-10 20:45:00+00:00,487.5,0.0,23.2,489.5,0.0,22.9,9.9,323.0,0.0,-20.0,7.5
2025-04-10 21:00:00+00:00,487.5,0.0,23.1,491.0,0.0,22.8,9.7,326.0,0.0,-22.0,7.5
2025-04-10 21:15:00+00:00,490.0,0.0,23.0,488.0,0.0,22.8,9.6,330.0,0.0,-23.0,7.4
2025-04-10 21:30:00+00:00,489.0,0.0,23.0,489.5,0.0,22.7,9.4,334.5,0.0,-24.0,7.3
2025-04-10 21:45:00+00:00,490.5,0.0,22.9,489.5,0.0,22.7,9.4,339.0,0.0,-25.0,7.4
2025-04-10 22:00:00+00:00,490.0,0.0,22.9,491.0,0.0,22.6,9.4,343.0,0.0,-25.0,7.2
2025-04-10 22:15:00+00:00,488.0,0.0,22.8,489.5,0.0,22.6,9.3,347.0,0.0,-26.0,7.2
2025-04-10 22:30:00+00:00,489.5,0.0,22.8,490.0,0.0,22.6,9.2,351.0,0.0,-26.0,7.1
2025-04-10 22:45:00+00:00,489.0,0.0,22.8,489.0,0.0,22.5,9.2,355.0,0.0,-26.0,7.1
2025-04-10 23:00:00+00:00,488.0,0.0,22.7,490.0,0.0,22.5,9.0,179.5,0.0,-27.0,7.2
2025-04-10 23:15:00+00:00,488.0,0.0,22.7,489.0,0.0,22.4,9.0,3.0,0.0,-27.0,7.2
2025-04-10 23:30:00+00:00,489.0,0.0,22.7,491.0,0.0,22.4,9.0,7.0,0.0,-26.0,7.2
2025-04-10 23:45:00+00:00,488.0,0.0,22.6,489.0,0.0,22.4,9.0,11.0,0.0,-26.0,7.1
2025-04-11 00:00:00+00:00,488.0,0.0,22.6,489.0,0.0,22.3,9.0,15.5,0.0,-25.0,7.0
2025-04-11 00:15:00+00:00,487.5,0.0,22.6,490.0,0.0,22.3,9.0,20.0,0.0,-25.0,7.2
2025-04-11 00:30:00+00:00,487.5,0.0,22.5,489.0,0.0,22.3,9.0,24.0,0.0,-24.0,7.1
2025-04-11 00:45:00+00:00,485.5,0.0,22.5,490.0,0.0,22.3,9.0,27.0,0.0,-23.0,7.1
2025-04-11 01:00:00+00:00,485.2,0.0,22.5,487.0,0.0,22.2,9.0,30.0,0.0,-22.0,7.1
2025-04-11 01:15:00+00:00,486.0,0.0,22.5,487.0,0.0,22.2,9.0,34.0,0.0,-21.0,7.0
2025-04-11 01:30:00+00:00,485.0,0.0,22.5,485.5,0.0,22.2,9.0,39.0,0.0,-19.0,7.1
2025-04-11 01:45:00+00:00,485.0,0.0,22.4,487.0,0.0,22.2,9.0,42.0,0.0,-18.0,7.3
2025-04-11 02:00:00+00:00,484.0,0.0,22.4,485.0,0.0,22.1,9.0,45.0,0.0,-16.0,7.3
2025-04-11 02:15:00+00:00,483.6666667,0.0,22.4,494.2,0.0,22.1,9.0,49.0,0.0,-15.0,7.4
2025-04-11 02:30:00+00:00,501.1428571,0.0,22.4,511.5,0.0,22.2,9.0,52.0,0.0,-13.0,7.4
2025-04-11 02:45:00+00:00,523.125,0.0,22.5,517.6666667,0.0,22.2,9.0,55.0,0.0,-11.0,7.4
2025-04-11 03:00:00+00:00,527.0,57.8,22.5,521.5,51.8,22.2,11.2,59.5,0.0,-10.0,7.5
2025-04-11 03:15:00+00:00,517.4,61.53333333,22.4,516.0,62.4,22.1,18.55,63.0,0.0,-8.0,7.5
2025-04-11 03:30:00+00:00,508.75,59.2,22.4,507.0,59.57142857,22.1,17.5,66.0,0.0,-6.0,7.4
2025-04-11 03:45:00+00:00,502.0,58.8,22.4,499.0,60.0,22.1,18.45,69.0,0.1,-4.0,7.2
2025-04-11 04:00:00+00:00,494.5,58.93333333,22.4,491.5,59.66666667,22.1,17.4,72.0,0.6,-2.0,7.1
2025-04-11 04:15:00+00:00,490.0,58.78571429,22.4,487.0,58.93333333,22.1,17.7,75.0,1.7,0.0,7.2
2025-04-11 04:30:00+00:00,485.5,59.2,22.3,482.5,59.85714286,22.0,17.4,78.0,4.75,2.0,7.4
2025-04-11 04:45:00+00:00,481.0,59.26666667,22.3,484.0,59.6,22.0,17.3,82.0,7.1,4.0,7.5
2025-04-11 05:00:00+00:00,480.6666667,58.33333333,22.2,500.375,60.4,22.0,17.2,85.0,11.16666667,7.0,7.6
2025-04-11 05:15:00+00:00,484.5,59.2,22.4,514.8,60.0,22.1,17.4,88.0,14.98333333,9.0,7.6
2025-04-11 05:30:00+00:00,494.2,60.0,22.4,523.25,59.14285714,22.1,17.4,90.0,17.55,11.0,7.4
2025-04-11 05:45:00+00:00,498.6666667,60.86666667,22.4,529.3333333,59.53333333,22.2,17.5,93.0,19.68,13.0,7.6
2025-04-11 06:00:00+00:00,524.8333333,60.66666667,22.4,555.375,59.71428571,22.2,17.7,96.0,28.74285714,15.0,7.5
2025-04-11 06:15:00+00:00,557.7777778,60.0,22.5,561.4285714,59.42857143,22.2,17.3,99.0,33.28571429,17.0,7.7
2025-04-11 06:30:00+00:00,579.0,60.6,22.5,609.4285714,60.0,22.4,17.3,103.5,33.59,19.0,8.0
2025-04-11 06:45:00+00:00,605.75,61.0,22.6,656.9090909,60.06666667,22.6,17.3,107.0,38.00833333,21.0,8.1
2025-04-11 07:00:00+00:00,641.0714286,60.4,22.9,698.4444444,60.2,22.7,17.3,110.0,50.08181818,23.0,8.2
2025-04-11 07:15:00+00:00,655.0,60.06666667,22.9,710.0,59.14285714,22.7,17.4,113.0,68.76,25.0,8.5
2025-04-11 07:30:00+00:00,677.4,60.92857143,23.0,741.8461538,60.07142857,22.8,17.4,116.0,82.04,27.0,8.7
2025-04-11 07:45:00+00:00,683.75,60.6,23.0,757.7,60.06666667,22.9,17.2,120.0,86.22,29.0,8.9
2025-04-11 08:00:00+00:00,695.7692308,60.26666667,23.1,770.7142857,60.06666667,23.0,17.3,125.0,100.85,31.0,9.0
2025-04-11 08:15:00+00:00,689.4615385,60.33333333,23.0,766.6666667,60.0,23.0,17.0,129.0,128.8533333,33.0,9.4
2025-04-11 08:30:00+00:00,696.5555556,60.26666667,23.2,764.4,63.5,23.1,17.3,133.0,235.7666667,34.0,9.4
2025-04-11 08:45:00+00:00,712.2307692,60.66666667,23.2,776.4285714,61.8,23.2,16.8,136.0,227.9666667,36.0,9.8
2025-04-11 09:00:00+00:00,729.0909091,59.53333333,23.4,778.4444444,61.66666667,23.2,16.9,140.0,225.0333333,37.0,10.2
2025-04-11 09:15:00+00:00,722.7142857,60.66666667,23.4,775.3846154,61.73333333,23.3,16.8,145.0,213.84,39.0,10.2
2025-04-11 09:30:00+00:00,725.0,60.2,23.3,738.0,61.92857143,23.2,16.8,150.0,265.4466667,40.0,9.9
2025-04-11 09:45:00+00:00,701.0769231,60.66666667,23.4,704.9,60.8,23.2,17.0,154.0,375.4466667,41.0,10.4
2025-04-11 10:00:00+00:00,687.6153846,60.26666667,23.4,695.7142857,61.92857143,23.2,17.0,158.0,508.9533333,42.0,11.1
2025-04-11 10:15:00+00:00,681.9,60.26666667,23.4,712.1111111,61.93333333,23.1,17.1,163.0,424.54,42.0,11.7
2025-04-11 10:30:00+00:00,685.2,60.8,23.5,733.8181818,61.8,23.4,17.0,169.0,283.7933333,43.0,11.1
2025-04-11 10:45:00+00:00,695.6666667,60.85714286,23.6,743.6,62.2,23.5,17.0,173.0,419.3866667,43.0,11.2
2025-04-11 11:00:00+00:00,693.4444444,60.8,23.6,741.9166667,62.33333333,23.5,17.0,178.0,402.08,43.0,11.3
2025-04-11 11:15:00+00:00,690.75,61.6,23.6,726.25,63.5,23.4,17.3,183.0,660.8066667,43.0,11.8
2025-04-11 11:30:00+00:00,675.6,61.26666667,23.7,705.4285714,63.0,23.6,16.8,188.3333333,615.3666667,43.0,12.2
2025-04-11 11:45:00+00:00,663.4545455,62.28571429,23.7,670.2857143,64.07142857,23.5,16.8,194.0,466.6533333,43.0,12.3
2025-04-11 12:00:00+00:00,656.5384615,62.06666667,23.7,665.5714286,64.8,23.5,17.0,198.0,573.3666667,42.0,12.1
2025-04-11 12:15:00+00:00,626.3,64.2,23.7,620.9230769,65.64285714,23.5,16.8,203.0,344.4866667,41.0,12.3
2025-04-11 12:30:00+00:00,586.5,63.8,23.7,601.7857143,63.35714286,23.5,17.0,208.5,271.46,40.0,12.9
2025-04-11 12:45:00+00:00,556.5714286,64.8,23.7,578.0,62.46666667,23.4,16.8,213.0,279.1333333,39.0,12.2
2025-04-11 13:00:00+00:00,533.2727273,64.6,23.7,555.6,62.53846154,23.3,17.0,217.0,336.92,38.0,12.6
2025-04-11 13:15:00+00:00,518.0,64.2,23.6,538.5,61.92857143,23.3,17.1,221.0,286.7785714,37.0,12.4
2025-04-11 13:30:00+00:00,503.2857143,64.66666667,23.6,528.0,62.61538462,23.2,16.8,225.0,153.2666667,35.0,13.2
2025-04-11 13:45:00+00:00,495.0,64.6,23.6,521.6666667,62.13333333,23.2,17.0,229.0,198.0,34.0,12.9
2025-04-11 14:00:00+00:00,493.0,62.26666667,23.3,506.6666667,60.93333333,23.2,18.2,234.0,99.76666667,32.0,13.0
2025-04-11 14:15:00+00:00,485.6666667,61.53333333,23.3,494.5,61.53333333,23.1,17.15,238.0,111.2357143,30.0,13.1
2025-04-11 14:30:00+00:00,483.5,60.93333333,23.2,492.8333333,62.35714286,23.1,16.1,241.0,99.86923077,28.0,12.8
2025-04-11 14:45:00+00:00,479.0,61.21428571,23.2,484.5,62.0,23.1,18.2,244.0,142.1466667,26.0,13.0
2025-04-11 15:00:00+00:00,477.5,60.93333333,23.2,482.0,62.0,23.1,17.15,248.0,132.8909091,24.0,13.2
2025-04-11 15:15:00+00:00,473.0,60.53333333,23.2,479.0,62.0,23.0,16.1,252.0,212.8133333,22.0,13.2
2025-04-11 15:30:00+00:00,471.0,61.2,23.2,476.0,62.4,23.1,18.0,255.0,70.46666667,20.0,13.2
2025-04-11 15:45:00+00:00,470.0,61.13333333,23.1,476.0,62.13333333,23.0,16.9,258.0,57.55714286,18.0,13.2
2025-04-11 16:00:00+00:00,469.0,61.46666667,23.1,474.5,62.0,22.9,15.9,261.0,47.95,16.0,13.0
2025-04-11 16:15:00+00:00,468.0,61.4,23.0,473.0,62.4,22.9,16.9,264.0,37.62,14.0,13.2
2025-04-11 16:30:00+00:00,466.5,61.2,23.0,473.0,61.78571429,22.8,17.9,267.0,36.26666667,12.0,13.2
2025-04-11 16:45:00+00:00,466.0,60.86666667,23.0,471.0,61.78571429,22.8,15.9,270.0,28.2,10.0,13.4
2025-04-11 17:00:00+00:00,464.5,61.13333333,22.9,469.5,61.53846154,22.7,16.9,273.5,21.2,8.0,13.3
2025-04-11 17:15:00+00:00,466.0,61.35714286,22.9,471.0,61.6,22.7,17.9,277.0,16.1,6.0,13.2
2025-04-11 17:30:00+00:00,464.5,61.4,22.9,468.5,62.06666667,22.7,15.9,280.0,10.1,4.0,13.0
2025-04-11 17:45:00+00:00,465.5,60.66666667,22.9,468.0,61.85714286,22.7,16.9,283.0,4.1,2.0,12.6
2025-04-11 18:00:00+00:00,465.5,31.5,22.9,469.0,22.66666667,22.6,16.2,286.0,0.5,0.0,11.7
2025-04-11 18:15:00+00:00,465.0,0.0,22.9,467.5,0.0,22.6,16.7,289.0,0.0,-2.0,11.4
2025-04-11 18:30:00+00:00,466.5,0.0,22.9,467.5,0.0,22.6,16.8,292.5,0.0,-4.0,11.1
2025-04-11 18:45:00+00:00,464.0,0.0,22.8,467.5,0.0,22.6,16.5,296.0,0.0,-6.0,11.0
2025-04-11 19:00:00+00:00,463.0,0.0,22.8,465.5,0.0,22.6,16.0,299.0,0.0,-8.0,10.8
2025-04-11 19:15:00+00:00,463.0,0.0,22.8,463.0,0.0,22.6,15.4,302.0,0.0,-10.0,10.8
2025-04-11 19:30:00+00:00,464.5,0.0,22.8,466.0,0.0,22.5,14.9,305.0,0.0,-12.0,10.8
2025-04-11 19:45:00+00:00,463.0,0.0,22.7,465.0,0.0,22.5,14.6,309.0,0.0,-14.0,10.6
2025-04-11 20:00:00+00:00,462.0,0.0,22.7,464.0,0.0,22.5,14.2,312.0,0.0,-15.0,10.3
2025-04-11 20:15:00+00:00,460.5,0.0,22.7,465.0,0.0,22.4,14.0,315.5,0.0,-17.0,10.2
2025-04-11 20:30:00+00:00,461.0,0.0,22.7,464.0,0.0,22.4,13.8,320.0,0.0,-18.0,10.1
2025-04-11 20:45:00+00:00,461.0,0.0,22.6,462.0,0.0,22.4,13.5,323.0,0.0,-20.0,10.0
2025-04-11 21:00:00+00:00,462.5,0.0,22.6,462.0,0.0,22.4,13.3,326.0,0.0,-21.0,9.9
2025-04-11 21:15:00+00:00,460.0,0.0,22.6,461.0,0.0,22.3,13.1,330.0,0.0,-22.0,10.0
2025-04-11 21:30:00+00:00,459.0,0.0,22.6,462.0,0.0,22.3,12.8,334.5,0.0,-23.0,9.9
2025-04-11 21:45:00+00:00,457.5,0.0,22.6,459.0,0.0,22.3,12.6,339.0,0.0,-24.0,9.7
2025-04-11 22:00:00+00:00,459.0,0.0,22.5,460.0,0.0,22.3,12.5,343.0,0.0,-25.0,9.6
2025-04-11 22:15:00+00:00,457.0,0.0,22.5,459.0,0.0,22.3,12.4,347.0,0.0,-25.0,9.5
2025-04-11 22:30:00+00:00,456.0,0.0,22.5,457.5,0.0,22.2,12.4,351.0,0.0,-26.0,9.5
2025-04-11 22:45:00+00:00,455.0,0.0,22.5,459.0,0.0,22.2,12.3,355.0,0.0,-26.0,9.4
2025-04-11 23:00:00+00:00,457.5,0.0,22.5,458.0,0.0,22.2,12.3,179.5,0.0,-26.0,9.4
2025-04-11 23:15:00+00:00,455.0,0.0,22.4,457.0,0.0,22.2,12.2,3.0,0.0,-26.0,9.2
2025-04-11 23:30:00+00:00,455.0,0.0,22.4,456.0,0.0,22.2,12.1,7.0,0.0,-26.0,9.1
2025-04-11 23:45:00+00:00,454.0,0.0,22.4,457.0,0.0,22.1,12.0,11.0,0.0,-26.0,9.0
2025-04-12 00:00:00+00:00,453.75,0.0,22.4,453.5,0.0,22.1,11.9,15.5,0.0,-25.0,8.9
2025-04-12 00:15:00+00:00,452.0,0.0,22.4,455.0,0.0,22.1,11.8,20.0,0.0,-25.0,8.9
2025-04-12 00:30:00+00:00,453.0,0.0,22.4,453.0,0.0,22.1,11.7,24.0,0.0,-24.0,8.7
2025-04-12 00:45:00+00:00,451.0,0.0,22.4,453.0,0.0,22.1,11.7,27.0,0.0,-23.0,8.7
2025-04-12 01:00:00+00:00,451.0,0.0,22.4,452.0,0.0,22.1,11.6,30.0,0.0,-22.0,8.7
2025-04-12 01:15:00+00:00,450.0,0.0,22.4,453.0,0.0,22.0,11.5,34.0,0.0,-21.0,8.7
2025-04-12 01:30:00+00:00,450.5,0.0,22.4,451.0,0.0,22.0,11.5,39.0,0.0,-20.0,8.7
2025-04-12 01:45:00+00:00,450.5,0.0,22.3,451.0,0.0,22.0,11.4,42.0,0.0,-18.0,8.7
2025-04-12 02:00:00+00:00,449.0,0.0,22.3,451.0,0.0,22.0,11.4,45.0,0.0,-17.0,8.6
2025-04-12 02:15:00+00:00,449.0,0.0,22.3,450.0,0.0,22.0,11.3,49.0,0.0,-15.0,8.6
2025-04-12 02:30:00+00:00,447.5,0.0,22.3,449.0,0.0,22.0,11.2,52.0,0.0,-14.0,8.5
2025-04-12 02:45:00+00:00,448.0,0.0,22.3,449.0,0.0,21.9,11.2,55.0,0.0,-12.0,8.4
2025-04-12 03:00:00+00:00,446.0,0.0,22.3,446.0,0.0,21.9,11.1,59.5,0.0,-10.0,8.3
2025-04-12 03:15:00+00:00,447.5,0.0,22.3,446.0,0.0,21.9,11.1,63.0,0.0,-8.0,8.4
2025-04-12 03:30:00+00:00,448.0,0.0,22.2,446.0,0.0,21.9,11.0,66.0,0.0,-6.0,8.2
2025-04-12 03:45:00+00:00,445.0,0.0,22.2,446.0,0.0,21.9,11.0,69.0,0.0,-4.0,8.2
2025-04-12 04:00:00+00:00,445.0,0.0,22.2,445.0,0.0,21.9,11.0,72.0,0.4,-2.0,8.1
2025-04-12 04:15:00+00:00,444.0,0.0,22.2,445.0,0.0,21.9,11.0,75.0,1.0,0.0,8.1
2025-04-12 04:30:00+00:00,443.6666667,0.0,22.2,445.0,0.0,21.9,11.0,78.0,2.9,2.0,8.1
2025-04-12 04:45:00+00:00,443.8,0.0,22.2,443.0,0.0,21.9,11.0,82.0,4.9,4.0,8.1
2025-04-12 05:00:00+00:00,442.0,0.0,22.2,443.0,0.0,21.9,10.9,84.0,7.95,6.0,8.0
2025-04-12 05:15:00+00:00,442.5,0.0,22.2,444.0,0.0,21.8,10.9,87.0,11.73333333,8.0,8.1
2025-04-12 05:30:00+00:00,441.0,0.0,22.2,441.0,0.0,21.8,10.9,90.0,14.26,10.0,8.1
2025-04-12 05:45:00+00:00,439.5,0.0,22.2,441.0,0.0,21.8,10.8,93.0,24.32,12.0,8.1
2025-04-12 06:00:00+00:00,441.5,0.0,22.2,442.0,0.0,21.8,10.7,96.0,23.7,14.0,8.3
2025-04-12 06:15:00+00:00,440.0,0.0,22.2,439.0,0.0,21.8,10.7,99.0,27.1,16.0,8.2
2025-04-12 06:30:00+00:00,438.0,0.0,22.2,441.5,0.0,21.8,10.7,102.0,34.6,18.0,8.2
2025-04-12 06:45:00+00:00,439.5,0.0,22.2,440.0,0.0,21.8,10.7,106.0,47.34444444,20.0,8.4
2025-04-12 07:00:00+00:00,438.0,0.0,22.2,438.0,0.0,21.8,10.7,110.0,66.425,23.0,8.5
2025-04-12 07:15:00+00:00,436.3333333,0.0,22.2,438.0,0.0,21.8,10.7,113.0,74.53571429,25.0,8.8
2025-04-12 07:30:00+00:00,436.0,0.0,22.2,439.0,0.0,21.9,10.7,116.0,80.02142857,27.0,8.8
2025-04-12 07:45:00+00:00,437.5,0.0,22.2,436.5,0.0,21.9,10.7,120.0,89.21538462,28.0,9.0
2025-04-12 08:00:00+00:00,435.0,0.0,22.2,436.5,0.0,21.9,10.8,125.0,111.3266667,30.0,9.1
2025-04-12 08:15:00+00:00,434.0,0.0,22.3,437.0,0.0,21.9,10.9,129.0,138.4,32.0,9.5
2025-04-12 08:30:00+00:00,434.0,0.0,22.3,435.0,0.0,21.9,10.9,132.0,144.2933333,34.0,9.6
2025-04-12 08:45:00+00:00,432.0,0.0,22.3,436.0,0.0,22.0,11.0,135.0,159.34,36.0,9.8
2025-04-12 09:00:00+00:00,433.5,0.0,22.3,433.0,0.0,22.0,11.0,140.0,184.1133333,37.0,10.0
2025-04-12 09:15:00+00:00,431.0,0.0,22.4,433.0,0.0,22.0,11.1,145.0,175.6066667,38.0,10.1
2025-04-12 09:30:00+00:00,433.0,0.0,22.4,434.0,0.0,22.1,11.2,150.0,160.3857143,40.0,10.3
2025-04-12 09:45:00+00:00,430.0,0.0,22.4,431.0,0.0,22.1,11.3,154.0,193.9090909,41.0,10.5
2025-04-12 10:00:00+00:00,430.0,0.0,22.4,431.0,0.0,22.1,11.4,158.0,179.2066667,42.0,10.6
2025-04-12 10:15:00+00:00,430.5,0.0,22.4,431.0,0.0,22.1,11.5,163.0,189.9133333,42.0,10.6
2025-04-12 10:30:00+00:00,431.0,0.0,22.4,430.0,0.0,22.2,11.7,169.0,190.4466667,43.0,10.5
2025-04-12 10:45:00+00:00,429.0,0.0,22.4,430.0,0.0,22.2,11.7,174.0,136.52,44.0,10.5
2025-04-12 11:00:00+00:00,428.5,0.0,22.5,431.0,0.0,22.2,11.9,179.0,170.8933333,44.0,10.6
2025-04-12 11:15:00+00:00,427.0,0.0,22.5,429.5,0.0,22.2,11.9,183.0,245.0142857,44.0,10.8
2025-04-12 11:30:00+00:00,426.5,0.0,22.5,430.0,0.0,22.3,12.1,188.3333333,349.58,44.0,11.1
2025-04-12 11:45:00+00:00,426.6666667,0.0,22.6,430.0,0.0,22.3,12.1,194.0,290.1357143,43.0,11.5
2025-04-12 12:00:00+00:00,428.5,0.0,22.6,430.0,0.0,22.4,12.2,198.0,356.4133333,43.0,11.6
2025-04-12 12:15:00+00:00,427.0,0.0,22.6,430.0,0.0,22.4,12.4,200.0,353.2733333,42.0,11.7
2025-04-12 12:30:00+00:00,427.0,0.0,22.6,429.0,0.0,22.5,12.4,209.0,424.1066667,41.0,12.1
2025-04-12 12:45:00+00:00,427.0,0.0,22.7,430.5,0.0,22.5,12.6,213.0,361.36,40.0,12.4
2025-04-12 13:00:00+00:00,427.0,0.0,22.7,429.0,0.0,22.6,12.7,217.0,503.2066667,39.0,12.7
2025-04-12 13:15:00+00:00,426.0,0.0,22.8,430.0,0.0,22.7,12.9,221.0,509.9133333,38.0,13.2
2025-04-12 13:30:00+00:00,427.5,0.0,22.9,429.0,0.0,22.8,13.1,225.5,497.2,36.0,13.1
2025-04-12 13:45:00+00:00,427.0,0.0,22.9,428.0,0.0,22.9,13.3,230.0,508.84,35.0,13.4
2025-04-12 14:00:00+00:00,425.0,0.0,23.0,430.0,0.0,23.1,13.5,234.0,471.3785714,33.0,14.1
2025-04-12 14:15:00+00:00,427.0,0.0,23.1,430.0,0.0,23.3,13.8,238.0,444.1214286,31.0,14.2
2025-04-12 14:30:00+00:00,426.0,0.0,23.2,431.0,0.0,23.5,14.0,241.0,411.0923077,30.0,14.6
2025-04-12 14:45:00+00:00,427.0,0.0,23.3,430.0,0.0,23.7,14.1,244.5,388.4571429,28.0,14.2
2025-04-12 15:00:00+00:00,427.0,0.0,23.4,432.0,0.0,23.9,14.3,249.0,360.2090909,26.0,14.5
2025-04-12 15:15:00+00:00,428.0,0.0,23.5,432.0,0.0,24.1,14.5,252.0,331.1384615,24.0,14.5
2025-04-12 15:30:00+00:00,429.0,0.0,23.6,430.0,0.0,24.3,14.7,255.0,296.3333333,22.0,14.6
2025-04-12 15:45:00+00:00,428.0,0.0,23.7,432.0,0.0,24.5,14.8,258.0,260.9416667,20.0,14.2
2025-04-12 16:00:00+00:00,429.0,0.0,23.9,431.0,0.0,24.4,14.9,261.0,228.7785714,18.0,14.3
2025-04-12 16:15:00+00:00,427.5,0.0,23.8,432.0,0.0,24.4,15.2,264.0,194.5785714,15.0,14.2
2025-04-12 16:30:00+00:00,430.5,0.0,23.9,432.0,0.0,24.5,15.3,267.5,161.3733333,13.0,14.4
2025-04-12 16:45:00+00:00,429.3333333,0.0,24.0,432.0,0.0,24.6,15.4,271.0,128.5642857,10.0,14.4
2025-04-12 17:00:00+00:00,429.0,0.0,24.0,433.0,0.0,24.8,15.6,274.0,95.8,7.0,14.5
2025-04-12 17:15:00+00:00,430.5,0.0,24.0,433.0,0.0,24.8,15.6,277.0,64.75714286,5.0,14.2
2025-04-12 17:30:00+00:00,429.0,0.0,24.0,433.0,0.0,25.1,15.7,280.0,35.78181818,3.0,14.1
2025-04-12 17:45:00+00:00,431.0,0.0,23.9,433.5,0.0,24.7,15.7,283.0,15.5875,1.0,13.7
2025-04-12 18:00:00+00:00,430.5,0.0,23.9,435.0,0.0,24.4,15.7,286.5,4.5,-1.0,13.2
2025-04-12 18:15:00+00:00,430.5,0.0,23.8,432.0,0.0,24.1,15.7,290.0,0.5,-3.0,12.8
2025-04-12 18:30:00+00:00,429.0,0.0,23.7,433.0,0.0,23.9,15.6,293.0,0.0,-5.0,11.9
2025-04-12 18:45:00+00:00,430.5,0.0,23.7,432.0,0.0,23.8,15.6,296.0,0.0,-7.0,10.9
2025-04-12 19:00:00+00:00,429.0,0.0,23.6,433.5,0.0,23.7,15.5,299.0,0.0,-9.0,11.0
2025-04-12 19:15:00+00:00,430.0,0.0,23.6,433.0,0.0,23.6,15.4,302.0,0.0,-11.0,10.9
2025-04-12 19:30:00+00:00,429.5,0.0,23.5,433.0,0.0,23.6,15.3,305.0,0.0,-13.0,10.1
2025-04-12 19:45:00+00:00,429.0,0.0,23.5,433.0,0.0,23.5,15.2,309.5,0.0,-14.0,9.6
2025-04-12 20:00:00+00:00,430.0,0.0,23.4,431.75,0.0,23.4,14.9,313.0,0.0,-16.0,9.7
2025-04-12 20:15:00+00:00,429.5,0.0,23.4,432.0,0.0,23.4,14.8,316.0,0.0,-17.0,9.2
2025-04-12 20:30:00+00:00,429.5,0.0,23.3,432.5,0.0,23.3,14.7,320.0,0.0,-19.0,8.9
2025-04-12 20:45:00+00:00,428.0,0.0,23.3,432.5,0.0,23.2,14.5,323.0,0.0,-20.0,8.9
2025-04-12 21:00:00+00:00,429.0,0.0,23.2,432.0,0.0,23.2,14.2,326.0,0.0,-21.0,8.9
2025-04-12 21:15:00+00:00,427.5,0.0,23.2,430.0,0.0,23.1,14.0,331.0,0.0,-22.0,9.3
2025-04-12 21:30:00+00:00,429.0,0.0,23.1,433.0,0.0,23.1,13.7,335.0,0.0,-23.0,9.3
2025-04-12 21:45:00+00:00,428.2,0.0,23.1,430.0,0.0,23.0,13.5,339.0,0.0,-24.0,8.9
2025-04-12 22:00:00+00:00,428.0,0.0,23.0,430.0,0.0,23.0,13.3,343.0,0.0,-25.0,8.3
2025-04-12 22:15:00+00:00,426.5,0.0,23.0,429.5,0.0,22.9,13.1,347.0,0.0,-25.0,8.1
2025-04-12 22:30:00+00:00,426.0,0.0,23.0,429.0,0.0,22.8,12.8,351.5,0.0,-26.0,7.4
2025-04-12 22:45:00+00:00,427.0,0.0,22.9,428.0,0.0,22.8,12.6,355.0,0.0,-26.0,7.1
2025-04-12 23:00:00+00:00,426.0,0.0,22.9,430.0,0.0,22.7,12.4,238.6666667,0.0,-26.0,7.0
2025-04-12 23:15:00+00:00,426.5,0.0,22.9,427.5,0.0,22.7,12.3,3.0,0.0,-26.0,7.1
2025-04-12 23:30:00+00:00,426.5,0.0,22.8,429.0,0.0,22.6,12.1,7.0,0.0,-26.0,6.9
2025-04-12 23:45:00+00:00,425.5,0.0,22.8,427.5,0.0,22.6,11.9,11.0,0.0,-25.0,6.9
2025-04-13 00:00:00+00:00,425.0,0.0,22.8,427.5,0.0,22.6,11.7,15.5,0.0,-25.0,6.8
2025-04-13 00:15:00+00:00,424.0,0.0,22.7,427.0,0.0,22.6,11.6,20.0,0.0,-24.0,6.9
2025-04-13 00:30:00+00:00,424.0,0.0,22.7,427.0,0.0,22.5,11.5,24.0,0.0,-23.0,6.8
2025-04-13 00:45:00+00:00,422.6666667,0.0,22.7,424.0,0.0,22.5,11.4,27.0,0.0,-22.0,6.7
2025-04-13 01:00:00+00:00,422.0,0.0,22.6,425.5,0.0,22.4,11.3,30.0,0.0,-21.0,6.7
2025-04-13 01:15:00+00:00,423.0,0.0,22.6,425.0,0.0,22.4,11.2,34.0,0.0,-20.0,6.7
2025-04-13 01:30:00+00:00,423.0,0.0,22.6,423.5,0.0,22.4,11.1,39.0,0.0,-18.0,6.5
2025-04-13 01:45:00+00:00,421.5,0.0,22.6,423.0,0.0,22.3,11.0,42.0,0.0,-17.0,6.5
2025-04-13 02:00:00+00:00,421.0,0.0,22.6,424.0,0.0,22.3,11.0,45.0,0.0,-16.0,6.6
2025-04-13 02:15:00+00:00,423.0,0.0,22.5,423.0,0.0,22.3,11.0,49.0,0.0,-14.0,6.6
2025-04-13 02:30:00+00:00,420.0,0.0,22.5,422.0,0.0,22.3,10.8,52.0,0.0,-12.0,6.6
2025-04-13 02:45:00+00:00,421.0,0.0,22.5,422.0,0.0,22.2,10.7,55.0,0.0,-10.0,6.4
2025-04-13 03:00:00+00:00,422.0,0.0,22.5,421.0,0.0,22.2,10.7,58.0,0.0,-9.0,6.5
2025-04-13 03:15:00+00:00,419.5,0.0,22.4,421.0,0.0,22.2,10.8,62.0,0.0,-7.0,6.6
2025-04-13 03:30:00+00:00,419.5,0.0,22.4,420.0,0.0,22.1,10.8,66.0,0.0,-5.0,6.3
2025-04-13 03:45:00+00:00,419.5,0.0,22.4,421.0,0.0,22.1,10.7,69.0,0.1,-3.0,5.7
2025-04-13 04:00:00+00:00,419.0,0.0,22.4,420.0,0.0,22.1,10.6,71.0,0.9,-1.0,5.8
2025-04-13 04:15:00+00:00,416.0,0.0,22.4,420.0,0.0,22.1,10.6,74.0,2.9,1.0,5.6
2025-04-13 04:30:00+00:00,417.6666667,0.0,22.4,420.0,0.0,22.1,10.7,77.0,5.0,3.0,5.6
2025-04-13 04:45:00+00:00,417.0,0.0,22.4,420.0,0.0,22.0,10.7,80.5,8.0,6.0,5.6
2025-04-13 05:00:00+00:00,418.0,0.0,22.3,418.0,0.0,22.0,10.6,84.0,16.23333333,8.0,5.7
2025-04-13 05:15:00+00:00,416.0,0.0,22.4,420.0,0.0,22.0,10.6,87.0,26.81538462,10.0,5.8
2025-04-13 05:30:00+00:00,416.5,0.0,22.3,417.0,0.0,22.0,10.5,90.0,36.17333333,12.0,5.9
2025-04-13 05:45:00+00:00,415.5,0.0,22.3,417.0,0.0,21.9,10.5,93.0,45.01333333,14.0,5.9
2025-04-13 06:00:00+00:00,417.0,0.0,22.3,417.0,0.0,22.0,10.4,96.0,64.13333333,16.0,6.0
2025-04-13 06:15:00+00:00,415.0,0.0,22.3,416.0,0.0,22.0,10.5,99.0,75.82666667,18.0,6.1
2025-04-13 06:30:00+00:00,414.0,0.0,22.4,415.0,0.0,22.1,10.3,102.0,139.6066667,20.0,6.3
2025-04-13 06:45:00+00:00,414.0,0.0,22.4,416.0,0.0,22.1,10.4,106.0,184.1733333,22.0,6.5
2025-04-13 07:00:00+00:00,414.0,0.0,22.4,415.0,0.0,22.1,10.3,110.0,297.2533333,24.0,6.7
2025-04-13 07:15:00+00:00,413.0,0.0,22.4,414.0,0.0,22.1,10.4,113.0,331.1333333,26.0,7.8
2025-04-13 07:30:00+00:00,414.0,0.0,22.4,415.0,0.0,22.2,10.4,116.0,391.6066667,28.0,8.0
2025-04-13 07:45:00+00:00,412.0,0.0,22.4,415.0,0.0,22.2,10.4,120.0,414.96,30.0,8.8
2025-04-13 08:00:00+00:00,412.5,0.0,22.5,413.0,0.0,22.2,10.6,125.0,443.6533333,32.0,9.3
2025-04-13 08:15:00+00:00,412.0,0.0,22.5,413.0,0.0,22.3,10.7,128.0,469.4357143,34.0,9.4
2025-04-13 08:30:00+00:00,410.0,0.0,22.5,412.0,0.0,22.3,11.0,131.0,491.22,35.0,9.5
2025-04-13 08:45:00+00:00,411.0,0.0,22.5,413.0,0.0,22.3,11.3,135.0,471.2214286,37.0,8.7
2025-04-13 09:00:00+00:00,410.0,0.0,22.6,412.0,0.0,22.3,11.3,139.0,472.14,38.0,10.1
2025-04-13 09:15:00+00:00,410.0,0.0,22.6,412.0,0.0,22.4,11.2,144.0,476.7066667,40.0,10.7
2025-04-13 09:30:00+00:00,410.0,0.0,22.6,412.0,0.0,22.4,11.4,150.0,532.8533333,41.0,11.1
2025-04-13 09:45:00+00:00,411.5,0.0,22.6,412.0,0.0,22.4,11.6,154.0,595.5133333,42.0,10.3
2025-04-13 10:00:00+00:00,410.0,0.0,22.7,412.0,0.0,22.5,11.8,158.0,625.5733333,42.0,11.1
2025-04-13 10:15:00+00:00,408.5,0.0,22.7,411.0,0.0,22.5,11.8,163.0,438.8533333,43.0,11.0
2025-04-13 10:30:00+00:00,409.0,0.0,22.7,412.0,0.0,22.6,11.9,169.0,616.7133333,44.0,10.5
2025-04-13 10:45:00+00:00,407.5,0.0,22.7,411.0,0.0,22.6,11.9,174.0,454.3066667,44.0,11.2
2025-04-13 11:00:00+00:00,409.0,0.0,22.8,411.0,0.0,22.6,12.6,179.0,404.88,44.0,10.6
2025-04-13 11:15:00+00:00,409.0,0.0,22.8,411.0,0.0,22.7,12.6,183.0,464.6066667,44.0,9.9
2025-04-13 11:30:00+00:00,408.0,0.0,22.9,411.0,0.0,22.7,12.5,188.3333333,475.2266667,44.0,9.9
2025-04-13 11:45:00+00:00,408.0,0.0,22.9,410.0,0.0,22.7,12.6,194.0,308.9866667,43.0,9.5
2025-04-13 12:00:00+00:00,409.0,0.0,23.0,411.0,0.0,22.8,12.4,199.0,304.8466667,43.0,10.3
2025-04-13 12:15:00+00:00,408.0,0.0,23.0,410.0,0.0,22.8,12.5,204.0,256.0933333,42.0,10.0
2025-04-13 12:30:00+00:00,408.0,0.0,23.0,411.0,0.0,22.8,12.5,208.5,154.2083333,41.0,10.3
2025-04-13 12:45:00+00:00,410.0,0.0,23.0,411.0,0.0,22.8,12.5,210.0,120.9833333,40.0,9.9
2025-04-13 13:00:00+00:00,408.0,0.0,23.0,410.0,0.0,22.8,12.7,217.0,104.2818182,39.0,9.6
2025-04-13 13:15:00+00:00,410.0,0.0,22.9,409.0,0.0,22.8,12.8,221.0,121.71,38.0,9.8
2025-04-13 13:30:00+00:00,408.0,0.0,22.9,410.0,0.0,22.8,12.9,225.0,168.4,36.0,10.0
2025-04-13 13:45:00+00:00,408.0,0.0,23.0,410.0,0.0,22.8,13.1,230.0,132.12,35.0,10.7
2025-04-13 14:00:00+00:00,407.5,0.0,23.0,409.0,0.0,22.8,13.3,234.0,108.57,33.0,10.5
2025-04-13 14:15:00+00:00,408.0,0.0,23.0,410.0,0.0,22.8,13.3,238.0,77.60909091,31.0,10.8
2025-04-13 14:30:00+00:00,408.0,0.0,22.9,409.5,0.0,22.7,13.4,242.0,59.46363636,30.0,11.0
2025-04-13 14:45:00+00:00,407.0,0.0,22.9,410.0,0.0,22.7,13.5,245.0,108.1769231,28.0,11.1
2025-04-13 15:00:00+00:00,408.5,0.0,22.9,408.0,0.0,22.7,13.5,249.0,67.3,26.0,11.2
2025-04-13 15:15:00+00:00,408.0,0.0,22.9,409.0,0.0,22.7,13.6,253.0,56.51666667,24.0,11.7
2025-04-13 15:30:00+00:00,408.0,0.0,22.9,410.0,0.0,22.7,13.7,256.0,37.4,22.0,12.3
2025-04-13 15:45:00+00:00,408.0,0.0,22.9,410.0,0.0,22.7,13.7,259.0,46.71666667,20.0,12.9
2025-04-13 16:00:00+00:00,408.0,0.0,22.9,409.0,0.0,22.7,13.8,262.0,41.17777778,18.0,14.4
2025-04-13 16:15:00+00:00,407.0,0.0,22.9,410.0,0.0,22.6,13.8,265.0,41.45,15.0,13.8
2025-04-13 16:30:00+00:00,408.0,0.0,22.9,409.0,0.0,22.6,13.8,268.0,24.99,13.0,14.1
2025-04-13 16:45:00+00:00,408.0,0.0,22.9,409.0,0.0,22.6,13.8,271.5,48.8,11.0,14.1
2025-04-13 17:00:00+00:00,408.0,0.0,22.9,410.0,0.0,22.6,13.8,275.0,50.51818182,9.0,13.5
2025-04-13 17:15:00+00:00,407.0,0.0,22.9,408.0,0.0,22.6,13.8,278.0,33.28571429,7.0,13.7
2025-04-13 17:30:00+00:00,407.5,0.0,22.9,407.0,0.0,22.7,13.9,281.0,17.88333333,5.0,13.3
2025-04-13 17:45:00+00:00,407.5,0.0,22.9,407.0,0.0,22.6,14.0,284.0,8.8,3.0,13.9
2025-04-13 18:00:00+00:00,407.0,0.0,22.8,410.0,0.0,22.6,14.0,287.0,3.8,1.0,13.8
2025-04-13 18:15:00+00:00,407.0,0.0,22.8,408.0,0.0,22.6,14.0,289.0,0.8,-1.0,13.6
2025-04-13 18:30:00+00:00,406.0,0.0,22.8,409.0,0.0,22.6,14.0,293.0,0.0,-3.0,12.9
2025-04-13 18:45:00+00:00,408.0,0.0,22.8,409.0,0.0,22.6,14.0,296.0,0.0,-5.0,12.2
2025-04-13 19:00:00+00:00,407.0,0.0,22.8,408.0,0.0,22.6,14.1,299.0,0.0,-7.0,12.3
2025-04-13 19:15:00+00:00,406.0,0.0,22.8,409.0,0.0,22.5,14.1,303.0,0.0,-9.0,12.4
2025-04-13 19:30:00+00:00,406.0,0.0,22.7,408.0,0.0,22.5,14.1,306.0,0.0,-11.0,12.3
2025-04-13 19:45:00+00:00,405.0,0.0,22.7,408.0,0.0,22.5,14.1,309.0,0.0,-12.0,12.0
2025-04-13 20:00:00+00:00,406.0,0.0,22.7,408.0,0.0,22.5,14.0,313.0,0.0,-14.0,11.5
2025-04-13 20:15:00+00:00,405.0,0.0,22.7,408.0,0.0,22.4,14.0,317.0,0.0,-16.0,11.5
2025-04-13 20:30:00+00:00,406.0,0.0,22.7,406.0,0.0,22.4,14.0,320.0,0.0,-17.0,10.7
2025-04-13 20:45:00+00:00,405.0,0.0,22.7,407.0,0.0,22.4,13.8,324.0,0.0,-19.0,10.5
2025-04-13 21:00:00+00:00,403.5,0.0,22.7,406.0,0.0,22.4,13.5,327.0,0.0,-20.0,10.1
2025-04-13 21:15:00+00:00,405.0,0.0,22.6,406.0,0.0,22.4,13.2,330.0,0.0,-21.0,9.9
2025-04-13 21:30:00+00:00,405.0,0.0,22.6,405.5,0.0,22.3,12.8,334.5,0.0,-22.0,9.4
2025-04-13 21:45:00+00:00,405.0,0.0,22.6,405.5,0.0,22.3,12.6,339.0,0.0,-23.0,9.2
2025-04-13 22:00:00+00:00,404.0,0.0,22.6,406.0,0.0,22.3,12.3,343.0,0.0,-24.0,8.8
2025-04-13 22:15:00+00:00,404.0,0.0,22.6,408.0,0.0,22.3,12.1,347.0,0.0,-24.0,8.5
2025-04-13 22:30:00+00:00,405.0,0.0,22.6,405.0,0.0,22.3,11.9,351.0,0.0,-25.0,8.2
2025-04-13 22:45:00+00:00,403.0,0.0,22.5,406.0,0.0,22.2,11.9,355.0,0.0,-25.0,7.9
2025-04-13 23:00:00+00:00,405.0,0.0,22.5,406.0,0.0,22.2,11.7,179.5,0.0,-26.0,7.7
2025-04-13 23:15:00+00:00,403.5,0.0,22.5,405.0,0.0,22.2,11.6,3.0,0.0,-26.0,7.7
2025-04-13 23:30:00+00:00,403.5,0.0,22.5,405.0,0.0,22.2,11.5,7.0,0.0,-25.0,7.5
2025-04-13 23:45:00+00:00,404.0,0.0,22.5,405.0,0.0,22.1,11.4,11.0,0.0,-25.0,7.4
2025-04-14 00:00:00+00:00,401.5,0.0,22.5,404.0,0.0,22.1,11.4,15.5,0.0,-25.0,7.1
2025-04-14 00:15:00+00:00,402.0,0.0,22.4,404.0,0.0,22.1,11.2,20.0,0.0,-24.0,6.9
2025-04-14 00:30:00+00:00,401.5,0.0,22.4,403.0,0.0,22.1,11.2,24.0,0.0,-23.0,6.7
2025-04-14 00:45:00+00:00,400.0,0.0,22.4,403.0,0.0,22.0,11.0,27.0,0.0,-23.0,6.7
2025-04-14 01:00:00+00:00,402.0,0.0,22.4,404.0,0.0,22.0,10.9,30.0,0.0,-22.0,6.6
2025-04-14 01:15:00+00:00,400.0,0.0,22.4,403.0,0.0,22.0,10.7,34.0,0.0,-20.0,6.8
2025-04-14 01:30:00+00:00,402.0,0.0,22.4,401.0,0.0,21.8,10.5,39.0,0.0,-19.0,6.8
2025-04-14 01:45:00+00:00,399.5,0.0,22.4,401.5,0.0,21.8,10.5,42.0,0.0,-18.0,6.6
2025-04-14 02:00:00+00:00,401.0,0.0,22.3,404.0,0.0,21.9,10.3,45.0,0.0,-16.0,6.6
2025-04-14 02:15:00+00:00,402.5,0.0,22.3,409.0,0.0,21.9,10.2,49.0,0.0,-15.0,6.4
2025-04-14 02:30:00+00:00,411.3333333,0.0,22.4,424.1428571,0.0,22.0,10.1,52.0,0.0,-13.0,6.4
2025-04-14 02:45:00+00:00,425.0,0.0,22.4,427.0,0.0,22.1,10.0,55.0,0.0,-12.0,6.5
2025-04-14 03:00:00+00:00,427.0,54.71428571,22.4,426.0,48.5,22.1,15.4,58.0,0.0,-10.0,6.6
2025-04-14 03:15:00+00:00,434.0,59.13333333,22.4,430.5,62.41666667,21.9,19.55,62.0,0.0,-8.0,7.2
2025-04-14 03:30:00+00:00,436.0,58.8,22.3,435.0,64.8,22.0,17.2,65.0,0.0,-6.0,7.6
2025-04-14 03:45:00+00:00,443.5,58.4,22.3,439.5,64.71428571,21.8,17.5,67.0,0.0,0.0,7.6
2025-04-14 04:00:00+00:00,448.0,58.6,22.3,445.5,64.86666667,21.8,17.4,72.0,0.5,-2.0,7.6
2025-04-14 04:15:00+00:00,452.0,58.6,22.3,450.0,64.69230769,21.9,17.4,75.0,2.3,0.0,7.0
2025-04-14 04:30:00+00:00,455.0,58.46666667,22.3,454.5,64.64285714,21.9,17.4,78.0,8.4,2.0,6.9
2025-04-14 04:45:00+00:00,466.8333333,58.78571429,22.1,470.4285714,64.91666667,22.0,17.4,80.0,14.4,4.0,7.1
2025-04-14 05:00:00+00:00,473.0,58.46666667,22.4,491.8571429,64.78571429,22.2,17.5,83.0,19.4,6.0,7.0
2025-04-14 05:15:00+00:00,490.6363636,58.6,22.4,504.5,65.0,22.2,17.5,86.0,24.4,9.0,7.0
2025-04-14 05:30:00+00:00,501.2,61.86666667,22.5,511.5,65.13333333,22.2,17.5,90.0,20.4,11.0,7.1
2025-04-14 05:45:00+00:00,510.5,64.8,22.4,532.3636364,64.93333333,22.2,17.5,93.0,34.68461538,13.0,7.1
2025-04-14 06:00:00+00:00,509.0,64.86666667,22.5,541.8333333,65.13333333,22.3,17.6,96.0,49.90833333,15.0,7.2
2025-04-14 06:15:00+00:00,523.4285714,65.26666667,22.5,535.5,65.2,22.3,17.6,99.0,38.7,17.0,7.3
2025-04-14 06:30:00+00:00,552.5833333,64.92857143,22.6,555.75,64.35714286,22.3,17.4,102.0,35.575,19.0,7.3
2025-04-14 06:45:00+00:00,576.4615385,65.0,22.8,585.8888889,65.26666667,22.4,17.4,106.5,41.13333333,21.0,7.3
2025-04-14 07:00:00+00:00,604.1428571,64.66666667,22.9,610.8,64.6,22.5,17.5,110.0,48.9125,23.0,7.4
2025-04-14 07:15:00+00:00,624.0833333,65.26666667,22.8,635.5454545,64.64285714,22.5,17.5,113.0,52.21666667,25.0,7.5
2025-04-14 07:30:00+00:00,659.5714286,64.6,23.0,655.6666667,64.73333333,22.6,17.5,117.0,69.39166667,27.0,7.9
2025-04-14 07:45:00+00:00,657.7777778,65.2,22.9,664.8,65.23076923,22.6,17.4,120.0,55.62,29.0,7.8
2025-04-14 08:00:00+00:00,661.6153846,64.53333333,23.0,660.3333333,65.06666667,22.6,17.4,123.0,52.52857143,31.0,8.6
2025-04-14 08:15:00+00:00,668.5,65.46666667,23.0,670.6666667,64.4,22.7,17.4,127.0,78.25555556,33.0,7.7
2025-04-14 08:30:00+00:00,669.0,64.53333333,22.9,670.25,64.85714286,22.7,17.3,132.0,70.36666667,34.0,8.8
2025-04-14 08:45:00+00:00,675.0,65.46666667,23.1,680.75,65.07142857,22.7,17.2,136.0,92.05714286,36.0,8.0
2025-04-14 09:00:00+00:00,688.6666667,64.66666667,23.2,691.2,65.13333333,22.8,17.3,140.0,103.2466667,38.0,8.1
2025-04-14 09:15:00+00:00,694.5,65.5,23.3,695.0,65.23076923,22.8,17.5,144.0,98.67857143,39.0,8.1
2025-04-14 09:30:00+00:00,695.375,64.26666667,23.2,671.8,65.07142857,22.8,17.2,148.5,99.60714286,40.0,8.7
2025-04-14 09:45:00+00:00,672.3,65.4,23.3,663.4285714,65.4,22.8,17.2,154.0,84.62666667,41.0,8.0
2025-04-14 10:00:00+00:00,646.5714286,65.0,23.3,653.4285714,65.07142857,22.7,17.3,159.0,85.30714286,42.0,8.3
2025-04-14 10:15:00+00:00,645.1,64.73333333,23.3,668.1666667,64.92857143,22.8,17.4,163.0,96.17857143,43.0,10.3
2025-04-14 10:30:00+00:00,652.5,64.73333333,23.4,676.0,64.28571429,22.9,17.1,168.0,117.2785714,44.0,9.8
2025-04-14 10:45:00+00:00,645.9,64.26666667,23.3,664.4,64.93333333,22.9,17.1,173.5,135.1615385,44.0,9.6
2025-04-14 11:00:00+00:00,656.75,65.0,23.2,662.3333333,64.86666667,22.9,17.3,179.0,195.9066667,44.0,9.4
2025-04-14 11:15:00+00:00,656.4,64.46666667,23.4,676.2,64.73333333,23.1,16.9,184.0,245.16,44.0,10.0
2025-04-14 11:30:00+00:00,663.4615385,64.93333333,23.4,684.6,65.0,23.1,17.0,189.0,199.64,44.0,10.4
2025-04-14 11:45:00+00:00,660.8888889,65.26666667,23.4,695.5,65.0,23.1,17.0,195.0,208.7928571,44.0,10.3
2025-04-14 12:00:00+00:00,670.1428571,65.14285714,23.5,687.25,64.8,23.2,17.2,199.0,333.8666667,44.0,11.1
2025-04-14 12:15:00+00:00,656.8571429,65.26666667,23.5,684.75,65.30769231,23.3,17.0,204.0,407.16,43.0,11.3
2025-04-14 12:30:00+00:00,634.7692308,65.06666667,23.6,682.0,65.42857143,23.3,16.8,209.0,293.58,42.0,11.4
2025-04-14 12:45:00+00:00,625.5,65.33333333,23.7,668.5,65.69230769,23.3,16.8,213.0,457.8466667,41.0,12.3
2025-04-14 13:00:00+00:00,614.9090909,65.4,23.6,634.1818182,65.6,23.3,17.2,218.0,439.22,40.0,13.1
2025-04-14 13:15:00+00:00,595.3,66.13333333,23.8,614.4285714,66.71428571,23.4,16.7,222.0,254.1466667,38.0,13.6
2025-04-14 13:30:00+00:00,584.6923077,66.6,23.7,606.9,66.64285714,23.4,17.1,226.0,259.0666667,37.0,14.0
2025-04-14 13:45:00+00:00,563.8333333,66.73333333,23.7,586.2857143,67.21428571,23.4,17.1,230.0,318.7933333,35.0,14.8
2025-04-14 14:00:00+00:00,556.5,63.06666667,23.6,571.1666667,62.33333333,23.4,18.1,234.5,167.2214286,34.0,12.8
2025-04-14 14:15:00+00:00,543.5,61.46666667,23.6,554.0,61.5,23.4,17.05,239.0,227.96,32.0,12.9
2025-04-14 14:30:00+00:00,530.7142857,61.42857143,23.5,540.0,61.42857143,23.4,16.0,242.0,116.9714286,30.0,12.4
2025-04-14 14:45:00+00:00,520.5,61.2,23.6,527.6666667,61.0,23.3,18.1,245.0,222.4,28.0,13.1
2025-04-14 15:00:00+00:00,510.0,61.66666667,23.6,519.0,61.30769231,23.4,17.05,249.0,237.7333333,26.0,12.5
2025-04-14 15:15:00+00:00,502.5,61.6,23.6,511.0,61.4,23.5,16.0,252.0,313.3666667,24.0,13.6
2025-04-14 15:30:00+00:00,496.5,61.66666667,23.6,503.5,61.71428571,23.7,17.05,255.0,191.4846154,22.0,14.5
2025-04-14 15:45:00+00:00,490.5,61.13333333,23.6,497.5,60.92857143,23.7,18.1,259.5,221.7,19.0,13.3
2025-04-14 16:00:00+00:00,486.0,61.78571429,23.6,491.5,61.35714286,23.8,16.0,263.0,186.38,16.0,14.3
2025-04-14 16:15:00+00:00,481.5,61.6,23.6,489.5,61.21428571,23.6,17.05,266.0,136.79,14.0,13.3
2025-04-14 16:30:00+00:00,479.0,61.6,23.6,494.875,61.14285714,23.6,18.1,269.0,100.8428571,12.0,13.0
2025-04-14 16:45:00+00:00,480.5,61.33333333,23.6,482.0,60.85714286,23.6,16.0,271.0,99.8,10.0,13.3
2025-04-14 17:00:00+00:00,476.5,61.86666667,23.6,480.0,61.41666667,23.7,17.05,274.0,59.54545455,8.0,11.7
2025-04-14 17:15:00+00:00,475.0,62.0,23.6,478.0,61.6,23.6,18.1,278.0,29.51666667,6.0,11.2
2025-04-14 17:30:00+00:00,473.5,61.6,23.5,477.5,60.76923077,23.5,17.05,281.0,18.8,4.0,12.1
2025-04-14 17:45:00+00:00,473.5,61.4,23.4,477.0,61.46153846,23.4,16.0,284.0,10.8,2.0,11.4
2025-04-14 18:00:00+00:00,476.5,25.0,23.4,476.0,24.33333333,23.3,15.6,287.0,4.8,0.0,9.3
2025-04-14 18:15:00+00:00,472.0,0.0,23.4,473.0,0.0,23.3,15.9,290.0,1.8,-2.0,8.7
2025-04-14 18:30:00+00:00,472.0,0.0,23.3,474.5,0.0,23.2,16.1,293.0,0.3,-4.0,8.3
2025-04-14 18:45:00+00:00,470.5,0.0,23.3,473.0,0.0,23.1,16.1,296.0,0.0,-6.0,8.1
2025-04-14 19:00:00+00:00,470.0,0.0,23.2,474.0,0.0,23.1,16.0,299.5,0.0,-8.0,7.8
2025-04-14 19:15:00+00:00,470.5,0.0,23.2,471.0,0.0,23.1,15.7,303.0,0.0,-10.0,7.9
2025-04-14 19:30:00+00:00,470.0,0.0,23.1,471.5,0.0,23.0,15.2,306.0,0.0,-12.0,8.2
2025-04-14 19:45:00+00:00,468.0,0.0,23.1,471.0,0.0,22.9,14.7,310.0,0.0,-13.0,8.6
2025-04-14 20:00:00+00:00,466.0,0.0,23.1,471.0,0.0,22.9,14.3,313.0,0.0,-15.0,8.1
2025-04-14 20:15:00+00:00,466.8,0.0,23.0,469.0,0.0,22.8,13.9,316.0,0.0,-16.0,7.8
2025-04-14 20:30:00+00:00,466.5,0.0,23.0,468.0,0.0,22.8,13.6,321.0,0.0,-18.0,7.6
2025-04-14 20:45:00+00:00,465.0,0.0,22.9,469.0,0.0,22.7,13.2,324.0,0.0,-19.0,7.6
2025-04-14 21:00:00+00:00,466.5,0.0,22.9,467.5,0.0,22.7,13.0,327.0,0.0,-20.0,7.3
2025-04-14 21:15:00+00:00,465.1575758,0.0,22.9,466.8571429,0.0,22.6,12.74,331.0,0.0,-22.0,7.0
2025-04-14 21:30:00+00:00,464.5907346,0.0,22.83193182,467.0673077,0.0,22.6,12.60359848,335.0,0.0,-22.0,7.1
2025-04-14 21:45:00+00:00,463.7471343,0.0,22.8,466.3915914,0.0,22.6,12.35711111,339.0,0.0,-23.0,7.2
2025-04-14 22:00:00+00:00,463.6309838,0.0,22.8,465.5283162,0.0,22.5369246,12.153125,344.0,0.0,-24.0,7.2
2025-04-14 22:15:00+00:00,462.5765152,0.0,22.71,464.6226218,0.0,22.5,11.91888889,347.0,0.0,-24.0,7.2
2025-04-14 22:30:00+00:00,460.7287118,0.0,22.7,463.3074943,0.0,22.45568182,11.81875,350.0,0.0,-25.0,7.1
2025-04-14 22:45:00+00:00,460.7638889,0.0,22.66402778,463.4964912,0.0,22.4,11.6546875,354.0,0.0,-25.0,7.1
2025-04-14 23:00:00+00:00,460.5874608,0.0,22.6,462.7850932,0.0,22.4,11.5,238.6666667,0.0,-25.0,7.4
2025-04-14 23:15:00+00:00,459.0674231,0.0,22.6,461.5815104,0.0,22.3,11.40208333,3.0,0.0,-25.0,7.5
2025-04-14 23:30:00+00:00,459.303165,0.0,22.6,460.9564944,0.0,22.3,11.3,7.0,0.0,-25.0,7.4
2025-04-14 23:45:00+00:00,458.0645875,0.0,22.53625,460.4333309,0.0,22.3,11.21625,11.0,0.0,-24.0,7.4
2025-04-15 00:00:00+00:00,456.9467593,0.0,22.5,459.2362386,0.0,22.275,11.2140625,15.5,0.0,-24.0,7.3
2025-04-15 00:15:00+00:00,457.1209067,0.0,22.5,458.4975019,0.0,22.2,11.07166667,20.0,0.0,-23.0,7.2
2025-04-15 00:30:00+00:00,456.3435839,0.0,22.48125,457.5437657,0.0,22.2,10.98125,24.0,0.0,-22.0,7.0
2025-04-15 00:45:00+00:00,454.8759259,0.0,22.45333333,456.7333333,0.0,22.2,10.9,27.0,0.0,-22.0,7.2
2025-04-15 01:00:00+00:00,455.094697,0.0,22.4,456.1573323,0.0,22.15625,10.825,30.0,0.0,-20.0,9.4
2025-04-15 01:15:00+00:00,454.1664773,0.0,22.4,454.4666667,0.0,22.1,10.795,34.0,0.0,-19.0,8.4
2025-04-15 01:30:00+00:00,453.4549107,0.0,22.4,453.911244,0.0,22.1,10.6625,39.0,0.0,-18.0,10.5
2025-04-15 01:45:00+00:00,452.7978661,0.0,22.4,452.2931052,0.0,22.07867063,10.535625,42.0,0.0,-17.0,8.4
2025-04-15 02:00:00+00:00,451.4208145,0.0,22.39444444,452.3653846,0.0,21.97119048,10.5,45.0,0.0,-15.0,8.4
2025-04-15 02:15:00+00:00,451.8906929,0.0,22.36298363,454.7536789,0.0,21.923125,10.40625,49.0,0.0,-14.0,7.5
2025-04-15 02:30:00+00:00,452.8392337,0.0,22.39365079,469.3846457,0.0,21.934,10.34,52.0,0.0,-12.0,6.5
2025-04-15 02:45:00+00:00,469.1179508,0.0,22.365625,483.8531895,0.0,22.06625,10.253125,55.0,0.0,-10.0,6.2
2025-04-15 03:00:00+00:00,479.2343142,45.77251984,22.348,486.1134394,46.90379154,22.04142857,10.88647059,58.0,0.0,-8.0,7.65
2025-04-15 03:15:00+00:00,476.6169121,64.29858466,22.4,482.6145625,63.10640229,21.95,19.83800794,62.0,0.0,-6.0,8.9
2025-04-15 03:30:00+00:00,476.5110294,64.50583333,22.35625,480.9490747,63.41559829,21.9,17.65157895,65.0,0.0,-4.0,9.0
2025-04-15 03:45:00+00:00,477.8177894,64.32482934,22.3,479.5396846,63.83680638,21.9,18.81547619,68.0,0.2,-2.0,9.7
2025-04-15 04:00:00+00:00,476.5419132,63.87262356,22.3,478.0718484,62.90655724,21.84973958,16.97715436,71.0,2.5,0.0,9.1
2025-04-15 04:15:00+00:00,476.4968254,64.08128079,22.29333333,477.9136905,63.20099413,21.80666667,17.44179487,74.0,8.5,2.0,9.1
2025-04-15 04:30:00+00:00,476.536167,63.71746644,22.2,477.7285051,63.70873878,21.9,16.88683036,77.0,20.6,4.0,9.1
2025-04-15 04:45:00+00:00,480.6537032,63.81167492,22.22142857,478.6667395,63.60189289,21.8,17.15,80.5,40.70833333,6.0,9.4
2025-04-15 05:00:00+00:00,489.1577662,64.27858846,22.25625,497.0542912,63.09887047,21.96770833,17.2,84.0,67.5,8.0,10.1
2025-04-15 05:15:00+00:00,494.4955132,63.87944579,22.35333333,516.0396079,63.41316021,22.08666667,17.2,87.0,95.75,10.0,10.6
2025-04-15 05:30:00+00:00,511.4128129,63.09870671,22.4,525.7341177,63.55091719,22.16199405,17.24,90.0,127.4142857,12.0,11.2
2025-04-15 05:45:00+00:00,516.9320649,63.89841929,22.39857143,544.660594,64.01101033,22.27857143,16.95535714,93.0,162.44,14.0,11.7
2025-04-15 06:00:00+00:00,528.7344576,64.24805116,22.53184921,560.106086,63.4346385,22.32,16.77777778,96.0,196.42,16.0,12.2
2025-04-15 06:15:00+00:00,544.4025473,64.19809524,22.58845599,566.9279388,63.23294082,22.36363636,16.97532468,99.0,231.4428571,18.0,12.7
2025-04-15 06:30:00+00:00,544.5608323,63.89616858,22.62575758,568.7353692,63.88462395,22.38933333,17.20714286,102.0,263.2071429,20.0,13.4
2025-04-15 06:45:00+00:00,545.1960707,63.85281385,22.70238095,584.9308502,63.2397331,22.37380952,17.06619048,106.0,297.0133333,22.0,13.3
2025-04-15 07:00:00+00:00,565.6980606,63.97243725,22.8,609.5271874,63.52855437,22.57333333,17.02666667,109.0,329.45,24.0,13.7
2025-04-15 07:15:00+00:00,584.7078548,64.09191445,22.8375,627.6592559,63.72365309,22.6,17.16511409,112.0,358.35,26.0,14.4
2025-04-15 07:30:00+00:00,588.4612542,63.30059267,22.9,628.7833479,61.76747485,22.60969444,17.0460404,116.0,257.2,28.0,14.3
2025-04-15 07:45:00+00:00,583.9150338,63.74669821,22.9,628.7420451,60.82067345,22.6,17.09895833,120.0,202.8785714,30.0,14.0
2025-04-15 08:00:00+00:00,574.0358399,64.0188949,22.99809524,632.1028932,60.84618406,22.6952381,17.18888889,124.0,156.8166667,32.0,14.2
2025-04-15 08:15:00+00:00,576.5178394,62.80014266,23.0,632.9106871,61.07041986,22.69456845,16.83857143,127.0,105.7071429,34.0,14.7
2025-04-15 08:30:00+00:00,580.4115933,63.26907468,23.0,634.1941793,61.64482948,22.71333333,17.00953175,131.0,79.4,36.0,14.2
2025-04-15 08:45:00+00:00,579.6786672,62.54366282,22.9939881,626.7252303,60.9728421,22.7703869,17.05729167,135.0,87.68571429,37.0,14.1
2025-04-15 09:00:00+00:00,566.9878356,63.31579245,22.98125,619.3948823,61.3538591,22.77166667,17.0,139.0,107.0666667,38.0,14.1
2025-04-15 09:15:00+00:00,557.8566784,63.6014831,23.0,600.9736576,61.59367125,22.72781746,17.03249206,144.0,115.1545455,40.0,14.5
2025-04-15 09:30:00+00:00,555.968455,62.68337517,22.9703125,591.4306687,61.30613217,22.7,17.164375,150.0,124.7357143,41.0,14.6
2025-04-15 09:45:00+00:00,550.7872685,62.92969349,23.08761905,576.017278,61.28831295,22.75555556,17.18133333,154.0,264.9666667,42.0,14.8
2025-04-15 10:00:00+00:00,549.6024024,63.10801777,23.1,572.7789656,61.09915704,22.8,17.05625,158.0,403.6066667,43.0,15.4
2025-04-15 10:15:00+00:00,553.8349874,63.31587634,23.05522222,576.8858907,61.80466605,22.86419048,16.98666667,163.0,738.2933333,44.0,15.9
2025-04-15 10:30:00+00:00,548.7658732,63.34870876,23.08541667,570.7785121,61.62523757,22.9,17.07021374,169.0,600.8533333,44.0,16.6
2025-04-15 10:45:00+00:00,543.0126349,62.98811725,23.11555556,569.2881133,61.61297068,22.92222222,17.12833333,174.0,444.92,45.0,17.0
2025-04-15 11:00:00+00:00,539.0693889,63.25362277,23.128125,566.2362528,62.23861273,23.0,16.84375,179.0,459.1133333,45.0,16.2
2025-04-15 11:15:00+00:00,538.828824,63.93988095,23.15677083,568.3499443,61.90810974,23.0728125,17.15333333,184.0,548.3066667,45.0,16.2
2025-04-15 11:30:00+00:00,538.5419132,64.04244032,23.29555556,569.5706349,62.55022894,23.06,17.29333333,189.5,655.12,45.0,16.6
2025-04-15 11:45:00+00:00,543.9774898,64.23667989,23.48035714,566.7337888,63.45524542,23.12013889,17.20668367,194.0,632.14,44.0,16.7
2025-04-15 12:00:00+00:00,546.3779026,66.59314957,23.5,556.6478949,64.88871574,23.22309524,17.2,199.0,604.2785714,44.0,17.6
2025-04-15 12:15:00+00:00,541.4591242,66.93204868,23.5,545.4069994,65.77423989,23.275,17.49022705,204.0,583.1928571,43.0,18.3
2025-04-15 12:30:00+00:00,541.1487193,66.93721365,23.54670635,541.0739033,65.47399366,23.34,17.34220899,208.5,572.1153846,42.0,18.3
2025-04-15 12:45:00+00:00,531.2695745,67.15578089,23.52583333,539.2734709,66.75106108,23.3396875,17.62666667,213.0,555.975,41.0,19.0
2025-04-15 13:00:00+00:00,525.2244711,67.50760159,23.54494949,530.2480064,66.53481285,23.4,18.37321212,218.0,537.6,40.0,18.6
2025-04-15 13:15:00+00:00,512.8607298,68.36896465,23.5875,524.5451154,67.43825367,23.5,17.8625,223.0,521.0555556,38.0,19.3
2025-04-15 13:30:00+00:00,504.7224986,67.52958847,23.49821429,518.904129,66.72344929,23.50415344,17.76547619,227.0,501.6363636,37.0,18.9
2025-04-15 13:45:00+00:00,492.7149165,62.94231725,23.6,510.3828598,67.25395503,23.60104167,16.62733894,231.5,485.5909091,35.0,19.0
2025-04-15 14:00:00+00:00,484.1749569,64.92045106,23.49511111,500.3071376,63.06972517,23.69444444,14.11733333,235.0,459.6692308,33.0,18.0
2025-04-15 14:15:00+00:00,481.421613,64.5039072,23.43660714,491.9371313,60.81489906,23.81875,14.75155556,238.0,431.9636364,32.0,18.2
2025-04-15 14:30:00+00:00,476.8768165,65.4703402,23.52,486.5746587,60.94484892,24.00377489,17.43933333,242.0,404.575,30.0,18.2
2025-04-15 14:45:00+00:00,473.3737095,65.4556598,23.59541667,482.0146803,60.4872645,24.14375,16.70392857,246.0,373.9461538,28.0,18.1
2025-04-15 15:00:00+00:00,471.1053759,65.42096114,23.6,479.9309959,61.6294747,24.28125,17.96440972,249.0,342.7,26.0,17.9
2025-04-15 15:15:00+00:00,468.9424796,65.37741545,23.68666667,476.9479921,61.343792,24.4,16.40688889,253.0,311.5153846,24.0,17.5
2025-04-15 15:30:00+00:00,467.1668379,65.45974549,23.71875,474.5507262,61.60351987,24.44795673,16.66934524,256.0,277.3933333,22.0,17.6
2025-04-15 15:45:00+00:00,465.5630427,65.46676245,23.8,472.1860253,61.150502,24.43333333,17.83333333,259.0,242.0785714,20.0,17.5
2025-04-15 16:00:00+00:00,466.3342325,65.03873148,23.8308879,474.7436508,61.43154693,24.5578125,16.49997024,262.0,211.1538462,18.0,18.0
2025-04-15 16:15:00+00:00,463.9199735,65.38365346,23.89333333,471.3463743,60.97876329,24.58955556,17.36591837,265.0,179.3733333,16.0,18.3
2025-04-15 16:30:00+00:00,463.375817,65.41798077,23.94270833,469.821001,61.41288252,24.496875,16.6515625,268.0,143.7071429,14.0,17.7
2025-04-15 16:45:00+00:00,462.8642266,65.75534731,24.0,468.5777778,60.60459623,24.42647619,17.19288889,271.0,109.0466667,11.0,17.0
2025-04-15 17:00:00+00:00,462.0455433,65.7967033,24.0,468.1034722,60.85082163,24.43238636,16.61666667,275.0,80.3,9.0,16.9
2025-04-15 17:15:00+00:00,461.8908303,65.14123563,23.95466667,467.0577441,60.89508987,24.45071429,16.98507937,278.0,50.12,7.0,16.5
2025-04-15 17:30:00+00:00,462.6339646,65.71481481,23.9,466.8982008,62.37798408,24.32708333,17.10416667,281.0,24.05454545,5.0,15.4
2025-04-15 17:45:00+00:00,463.5684691,65.10165215,23.84666667,466.6168929,62.92079686,24.0397037,16.79487179,284.0,9.3,3.0,15.1
2025-04-15 18:00:00+00:00,463.5252525,16.6214178,23.8,466.9196935,19.5031185,23.90972222,17.45,287.0,4.2,1.0,14.0
2025-04-15 18:15:00+00:00,461.9979947,0.0,23.7625,466.8022436,0.0,23.8225,17.75625,290.0,1.2,-1.0,13.4
2025-04-15 18:30:00+00:00,461.6361111,0.0,23.7,466.8892737,0.0,23.78,17.8,294.0,0.2,-3.0,13.1
2025-04-15 18:45:00+00:00,461.5273191,0.0,23.65625,465.9527306,0.0,23.73697917,17.79765625,297.0,0.0,-5.0,12.9
2025-04-15 19:00:00+00:00,461.0311559,0.0,23.6,465.5101732,0.0,23.67466667,17.71438772,300.0,0.0,-7.0,12.4
2025-04-15 19:15:00+00:00,459.8259943,0.0,23.6,464.0727177,0.0,23.6,17.48,303.0,0.0,-9.0,12.3
2025-04-15 19:30:00+00:00,459.2901741,0.0,23.53192308,464.283452,0.0,23.56166667,17.29010989,306.0,0.0,-10.0,12.3
2025-04-15 19:45:00+00:00,458.5979978,0.0,23.49375,462.8413265,0.0,23.5,16.95208333,309.0,0.0,-12.0,11.9
2025-04-15 20:00:00+00:00,458.1559043,0.0,23.4,462.0073529,0.0,23.43733333,16.65111111,313.0,0.0,-14.0,11.9
2025-04-15 20:15:00+00:00,458.1637961,0.0,23.4,462.8633455,0.0,23.37008929,16.45059524,317.0,0.0,-15.0,11.8
2025-04-15 20:30:00+00:00,457.8080931,0.0,23.4,462.239808,0.0,23.3,16.28666667,320.0,0.0,-17.0,11.9
2025-04-15 20:45:00+00:00,456.5845911,0.0,23.31041667,461.1568243,0.0,23.27708333,16.07282986,324.0,0.0,-18.0,12.3
2025-04-15 21:00:00+00:00,456.0818237,0.0,23.3,460.392729,0.0,23.2,15.88555556,328.0,0.0,-19.0,12.3
2025-04-15 21:15:00+00:00,455.0663222,0.0,23.25511111,459.4657192,0.0,23.18952381,15.66533333,331.0,0.0,-21.0,12.1
2025-04-15 21:30:00+00:00,455.1767458,0.0,23.2,458.7246657,0.0,23.1,15.374375,334.5,0.0,-22.0,11.9
2025-04-15 21:45:00+00:00,455.3689394,0.0,23.18666667,457.5919177,0.0,23.08666667,15.11346154,339.0,0.0,-22.0,11.9
2025-04-15 22:00:00+00:00,454.978655,0.0,23.1,456.510501,0.0,23.0,14.9625,343.0,0.0,-23.0,12.0
2025-04-15 22:15:00+00:00,453.4520095,0.0,23.1,456.5548383,0.0,23.0,14.9,347.0,0.0,-24.0,12.1
2025-04-15 22:30:00+00:00,452.4228543,0.0,23.1,457.2258321,0.0,22.97641213,14.8125,351.0,0.0,-24.0,12.4
2025-04-15 22:45:00+00:00,451.5343351,0.0,23.1,455.8905229,0.0,22.9,14.73577778,355.0,0.0,-25.0,12.6
2025-04-15 23:00:00+00:00,450.6302439,0.0,23.09,454.8361884,0.0,22.9,14.64285714,179.5,0.0,-25.0,12.5
2025-04-15 23:15:00+00:00,449.9277778,0.0,23.0,454.3544123,0.0,22.8,14.59102564,3.0,0.0,-25.0,12.6
2025-04-15 23:30:00+00:00,450.2703283,0.0,23.0,453.0568102,0.0,22.8,14.5,7.0,0.0,-25.0,12.8
2025-04-15 23:45:00+00:00,449.0348541,0.0,23.0,452.9787551,0.0,22.8,14.49559524,11.0,0.0,-24.0,12.8
2025-04-16 00:00:00+00:00,448.1195544,0.0,22.90555556,452.1510732,0.0,22.7090625,14.40347222,15.5,0.0,-24.0,12.5
2025-04-16 00:15:00+00:00,446.8308271,0.0,22.9,452.7438537,0.0,22.7,14.34642857,20.0,0.0,-23.0,12.1
2025-04-16 00:30:00+00:00,447.7958333,0.0,22.9,452.1538593,0.0,22.7,14.3,24.0,0.0,-23.0,12.4
2025-04-16 00:45:00+00:00,446.860306,0.0,22.9,450.7326572,0.0,22.66,14.23377778,27.0,0.0,-22.0,12.2
2025-04-16 01:00:00+00:00,446.7264836,0.0,22.9,449.9522606,0.0,22.6,14.2,30.0,0.0,-21.0,12.9
2025-04-16 01:15:00+00:00,446.453869,0.0,22.88222222,449.3457033,0.0,22.6,14.2,34.0,0.0,-20.0,12.9
2025-04-16 01:30:00+00:00,445.6089049,0.0,22.8,448.9106065,0.0,22.6,14.2,39.0,0.0,-18.0,13.3
2025-04-16 01:45:00+00:00,444.3974425,0.0,22.8,447.6738271,0.0,22.6,14.2,42.0,0.0,-17.0,13.0
2025-04-16 02:00:00+00:00,444.5823249,0.0,22.8,446.894487,0.0,22.6,14.2,45.0,0.0,-16.0,13.1
2025-04-16 02:15:00+00:00,443.0035938,0.0,22.8,447.0846051,0.0,22.6,14.2,49.0,0.0,-14.0,13.3
2025-04-16 02:30:00+00:00,443.855378,0.0,22.8,457.4818464,0.0,22.56814815,14.2,52.0,0.0,-12.0,13.1
2025-04-16 02:45:00+00:00,458.3951292,0.0,22.7828125,473.4871649,0.0,22.6,14.2,55.0,0.0,-11.0,13.1
2025-04-16 03:00:00+00:00,463.4826627,24.7989418,22.8,471.7122926,22.61269841,22.6,14.29166667,58.0,0.0,-9.0,12.9
2025-04-16 03:15:00+00:00,461.4366685,59.95291005,22.8,469.3880326,59.14869481,22.6,17.45292411,62.0,0.0,-7.0,15.0
2025-04-16 03:30:00+00:00,461.7611225,58.00991457,22.8,468.3192769,60.6385503,22.6,16.32495889,65.0,0.0,-5.0,15.3
2025-04-16 03:45:00+00:00,462.1683985,58.81645299,22.8,468.4250435,63.85917957,22.5921875,17.24526826,68.0,0.0,-3.0,14.0
2025-04-16 04:00:00+00:00,463.7548504,58.36569582,22.76216667,470.6802666,64.31363009,22.50666667,16.73971044,71.0,0.2,-1.0,14.0
2025-04-16 04:15:00+00:00,464.6613839,61.25694109,22.7,470.6631274,64.24471777,22.5,16.9609375,74.0,0.7,1.0,14.4
2025-04-16 04:30:00+00:00,466.2535376,62.86027425,22.63333333,470.8036356,64.32608209,22.46148148,16.87049206,77.0,1.9,3.0,14.1
2025-04-16 04:45:00+00:00,468.0881837,62.70736072,22.60131944,474.0981846,64.28095181,22.40035714,16.97041667,80.5,6.0,5.0,14.2
2025-04-16 05:00:00+00:00,477.4634011,62.94132644,22.555,488.8666094,64.26924522,22.40071429,16.9296875,84.0,14.0,7.0,14.4
2025-04-16 05:15:00+00:00,486.3712719,62.67937816,22.6368254,490.2131417,64.53942184,22.4294709,16.98888889,87.0,24.4,9.0,14.4
2025-04-16 05:30:00+00:00,494.075202,63.15472039,22.6984375,490.5394937,64.74244503,22.51772412,17.09233631,90.0,38.15,11.0,14.9
2025-04-16 05:45:00+00:00,498.467517,63.41020115,22.77912088,491.6051909,64.84055755,22.54888889,16.96709402,93.0,48.5625,13.0,13.8
2025-04-16 06:00:00+00:00,495.8519481,63.30144781,22.775,499.60625,64.78439394,22.6,17.2,96.0,49.95,15.0,14.0
2025-04-16 06:15:00+00:00,506.5130647,63.17255357,22.86527778,501.0237587,64.30488312,22.6,17.18311111,99.0,59.62,17.0,13.6
2025-04-16 06:30:00+00:00,526.539688,63.56853875,22.85,517.0734353,64.81993244,22.6,17.1,102.0,77.1,20.0,14.2
2025-04-16 06:45:00+00:00,536.3020737,63.23993931,22.909375,527.9012255,64.80000093,22.68125,17.1,106.0,125.28,23.0,14.4
2025-04-16 07:00:00+00:00,539.0100994,63.0767346,23.05333333,530.5167501,64.9463724,22.70666667,17.17861905,109.0,153.0307692,26.0,14.1
2025-04-16 07:15:00+00:00,539.482679,63.07777778,23.0875,537.2234953,64.4852534,22.74375,17.2,112.0,204.9133333,28.0,14.8
2025-04-16 07:30:00+00:00,543.3347953,63.10428005,23.13526984,535.0205699,64.63017716,22.76575397,17.07155556,116.0,333.96,30.0,14.0
2025-04-16 07:45:00+00:00,542.7945044,63.35389721,23.2,535.1627594,65.30905223,22.85714286,16.96666667,120.0,472.2,31.0,15.7
2025-04-16 08:00:00+00:00,542.4644009,62.97693482,23.1972619,536.9563304,65.01332927,22.87915344,17.10296296,124.0,422.0066667,33.0,15.4
2025-04-16 08:15:00+00:00,553.6810025,63.51911619,23.32924107,542.719062,65.07684512,22.94375,17.16319444,127.0,460.7266667,35.0,15.3
2025-04-16 08:30:00+00:00,555.7002797,63.51839018,23.36923077,544.5868485,65.58295195,23.0,17.15167653,131.0,484.9357143,37.0,16.2
2025-04-16 08:45:00+00:00,557.7978164,64.30004115,23.44375,546.0907055,65.64110023,23.075,17.0,135.0,510.8727273,38.0,15.8
2025-04-16 09:00:00+00:00,547.9239208,64.87256183,23.5,538.4377,66.8079932,23.1,16.97333333,139.0,536.2642857,40.0,17.1
2025-04-16 09:15:00+00:00,543.0606196,65.48912266,23.475,532.7534238,67.74114768,23.10714286,16.99375,143.0,537.36,41.0,16.6
2025-04-16 09:30:00+00:00,538.3324843,66.63075855,23.6,523.3695474,64.57435185,23.2,17.10381944,148.6666667,564.0142857,42.0,16.85
2025-04-16 09:45:00+00:00,532.0294164,68.28776683,23.6,516.3675312,63.50666061,23.2,16.85733333,154.0,587.7857143,43.0,16.4
2025-04-16 10:00:00+00:00,529.3215803,67.76230159,23.57589286,512.3804343,63.32319224,23.2,16.96875,158.0,603.0357143,44.0,16.7
2025-04-16 10:15:00+00:00,521.7767261,65.94044868,23.534,511.4053945,62.54772856,23.2,17.171,163.0,612.4857143,44.0,16.7
2025-04-16 10:30:00+00:00,518.3688875,67.66508915,23.59635101,507.091237,63.52588766,23.2,17.16775794,169.0,608.4066667,45.0,16.7
2025-04-16 10:45:00+00:00,522.3428513,68.09859694,23.59390476,509.7643098,63.65097776,23.25866667,17.27333333,174.0,629.38,45.0,17.2
2025-04-16 11:00:00+00:00,530.182804,67.30671155,23.55857143,510.8286757,63.94803931,23.28839286,17.24333333,179.0,559.2266667,45.0,18.5
2025-04-16 11:15:00+00:00,528.8416845,68.08779171,23.57851852,511.2259242,63.3933102,23.3,17.78666667,184.0,619.78,45.0,18.8
2025-04-16 11:30:00+00:00,530.5430493,67.67545873,23.646875,512.2307034,63.94656326,23.3,17.82951389,189.5,656.6666667,45.0,19.7
2025-04-16 11:45:00+00:00,529.5062445,64.62785808,23.61333333,510.441377,64.09925636,23.35333333,18.46666667,194.0,611.6066667,44.0,19.6
2025-04-16 12:00:00+00:00,525.0280277,62.89944943,23.61953125,510.4855769,64.41488358,23.375625,18.16321429,199.0,613.2916667,44.0,19.5
2025-04-16 12:15:00+00:00,526.9382988,62.76025576,23.678125,510.7244858,64.6618048,23.41875,16.69888889,204.0,609.5266667,43.0,20.2
2025-04-16 12:30:00+00:00,523.8221425,62.55874979,23.66666667,511.6798282,64.0626443,23.47176471,14.02,208.5,556.6933333,42.0,19.0
2025-04-16 12:45:00+00:00,519.2497244,63.00853569,23.6475,510.4836101,64.46525601,23.49940476,15.99712302,214.0,566.2733333,40.0,20.8
2025-04-16 13:00:00+00:00,513.234336,62.10268396,23.60133333,505.8740927,63.20154537,23.49380952,16.77916667,219.0,195.8266667,39.0,18.5
2025-04-16 13:15:00+00:00,506.9388889,62.45397965,23.60665584,502.3799309,64.12884769,23.465,16.97094156,223.0,393.8916667,38.0,17.8
2025-04-16 13:30:00+00:00,500.5169638,62.77997336,23.66696429,503.6820439,64.42299536,23.58125,17.47410714,227.0,463.9066667,36.0,18.7
2025-04-16 13:45:00+00:00,500.6272769,63.30165199,23.7,500.5122222,60.94023569,23.67722222,17.44857143,231.5,471.26,34.0,20.5
2025-04-16 14:00:00+00:00,496.8380624,64.63987434,23.59098011,498.4245581,63.8010189,23.7875,16.50791667,236.0,374.4666667,33.0,18.2
2025-04-16 14:15:00+00:00,490.3587789,66.62205429,23.6037963,496.7317322,66.14559387,23.85752422,16.69866667,239.0,409.42,31.0,16.5
2025-04-16 14:30:00+00:00,487.9614082,63.12188228,23.67265625,493.8948593,65.8637074,24.07265625,17.6375,242.0,285.05,29.0,17.4
2025-04-16 14:45:00+00:00,487.874183,62.77240457,23.67333333,493.6464947,65.92813285,24.00533333,16.12825926,246.0,202.3333333,27.0,17.6
2025-04-16 15:00:00+00:00,485.3754085,63.14408805,23.75694444,493.4482323,67.09303635,24.04875,17.05125,249.0,327.0266667,25.0,15.4
2025-04-16 15:15:00+00:00,483.6779549,62.72435533,23.81875,489.6063468,65.9196517,24.175,17.196875,253.0,225.5214286,23.0,16.25
2025-04-16 15:30:00+00:00,483.6122852,62.73344352,23.9,489.0018685,65.94253532,24.20111111,16.49666667,257.0,232.6428571,21.0,15.2
2025-04-16 15:45:00+00:00,483.2409905,63.1130754,23.9,488.0078203,66.75074426,24.24157452,17.07616477,260.0,147.6466667,19.0,15.3
2025-04-16 16:00:00+00:00,482.9974304,62.42640195,23.9,487.6557765,65.52936259,24.12546032,16.62333333,263.0,146.75,17.0,15.55
2025-04-16 16:15:00+00:00,482.1025063,62.5613807,23.9,487.4252543,65.50006618,24.16875,17.05796296,266.0,155.4,15.0,15.7
2025-04-16 16:30:00+00:00,481.7042195,61.98125,23.9,486.3190307,65.8145726,24.03993056,16.6527381,269.0,94.28333333,12.0,15.4
2025-04-16 16:45:00+00:00,481.048177,63.18653677,23.9,484.0666667,66.25071429,23.95957672,17.40533333,272.0,47.775,10.0,14.7
2025-04-16 17:00:00+00:00,481.181686,63.06660774,23.83125,484.8809184,66.38314172,23.85,17.20955357,276.0,29.6,8.0,15.15
2025-04-16 17:15:00+00:00,480.7167824,62.84590696,23.77259259,485.3408995,66.38388585,23.78354978,16.32364069,279.0,29.125,6.0,13.8
2025-04-16 17:30:00+00:00,481.3339543,62.84011785,23.7,484.3454324,66.71787378,23.8,17.30294118,281.0,22.2,4.0,14.2
2025-04-16 17:45:00+00:00,479.8592853,62.73730159,23.63466667,483.3145013,65.60921918,23.71,17.20520833,284.0,14.2,2.0,14.6
2025-04-16 18:00:00+00:00,480.0279242,14.36111111,23.6,483.3421016,14.56904762,23.61796875,16.2334375,287.0,6.2,0.0,12.6
2025-04-16 18:15:00+00:00,478.7996732,0.0,23.6,482.9376099,0.0,23.6,16.23660714,290.0,1.1,-2.0,12.2
2025-04-16 18:30:00+00:00,478.5274886,0.0,23.6,482.1248882,0.0,23.59792593,15.99796825,294.0,0.1,-4.0,11.9
2025-04-16 18:45:00+00:00,478.1862229,0.0,23.5125,481.0296934,0.0,23.5,15.85625,297.0,0.0,-6.0,11.5
2025-04-16 19:00:00+00:00,477.0739469,0.0,23.5,481.4978888,0.0,23.45018519,15.7725,300.0,0.0,-8.0,10.8
2025-04-16 19:15:00+00:00,476.672497,0.0,23.45625,480.2147436,0.0,23.4,15.7,303.0,0.0,-9.0,11.0
2025-04-16 19:30:00+00:00,476.1981699,0.0,23.4,480.0045989,0.0,23.37083333,15.7,307.0,0.0,-11.0,10.8
2025-04-16 19:45:00+00:00,475.8426333,0.0,23.4,479.4191279,0.0,23.3,15.66875,310.0,0.0,-13.0,10.3
2025-04-16 20:00:00+00:00,475.4442131,0.0,23.384375,477.8449179,0.0,23.2625,15.6,313.0,0.0,-14.0,10.0
2025-04-16 20:15:00+00:00,476.0094247,0.0,23.347,477.8385783,0.0,23.2,15.545,317.0,0.0,-16.0,9.8
2025-04-16 20:30:00+00:00,474.2832126,0.0,23.3,477.0440934,0.0,23.2,15.365625,320.0,0.0,-17.0,9.6
2025-04-16 20:45:00+00:00,474.2903078,0.0,23.3,477.2323424,0.0,23.10666667,15.24435185,324.0,0.0,-19.0,9.5
2025-04-16 21:00:00+00:00,473.2384746,0.0,23.3,476.143125,0.0,23.1,15.04817708,328.0,0.0,-20.0,9.8
2025-04-16 21:15:00+00:00,471.6577279,0.0,23.2,475.8510402,0.0,23.03695238,14.88933333,331.0,0.0,-21.0,10.3
2025-04-16 21:30:00+00:00,471.5103618,0.0,23.2,475.5205492,0.0,23.0,14.72715774,334.5,0.0,-22.0,10.9
2025-04-16 21:45:00+00:00,469.7982657,0.0,23.2,475.0854067,0.0,22.97777778,14.59333333,339.0,0.0,-23.0,11.1
2025-04-16 22:00:00+00:00,469.6912345,0.0,23.14494048,473.5567166,0.0,22.9,14.47604167,343.0,0.0,-23.0,11.2
2025-04-16 22:15:00+00:00,469.4451983,0.0,23.1,472.4782788,0.0,22.9,14.4,347.0,0.0,-24.0,12.3
2025-04-16 22:30:00+00:00,468.2352431,0.0,23.07111111,472.7506878,0.0,22.81212121,14.25333333,351.0,0.0,-24.0,11.5
2025-04-16 22:45:00+00:00,467.5815972,0.0,23.0,471.24501,0.0,22.8,14.2,355.0,0.0,-24.0,11.8
2025-04-16 23:00:00+00:00,467.5615992,0.0,23.0,469.6722944,0.0,22.8,14.13333333,179.5,0.0,-24.0,11.0
2025-04-16 23:15:00+00:00,467.1387433,0.0,23.0,469.8921586,0.0,22.71785714,13.925,3.0,0.0,-24.0,11.1
2025-04-16 23:30:00+00:00,466.0181679,0.0,22.95212054,468.5070724,0.0,22.7,13.8825,7.0,0.0,-24.0,11.3
2025-04-16 23:45:00+00:00,464.4780728,0.0,22.9,468.8403951,0.0,22.65973545,13.77142857,11.0,0.0,-24.0,11.5
2025-04-17 00:00:00+00:00,465.0799499,0.0,22.89732143,466.8573084,0.0,22.6,13.7,15.5,0.0,-23.0,11.3
2025-04-17 00:15:00+00:00,463.8470917,0.0,22.82,466.9180727,0.0,22.6,13.64,20.0,0.0,-23.0,11.3
2025-04-17 00:30:00+00:00,463.4666547,0.0,22.8,466.5896351,0.0,22.6,13.53555556,23.0,0.0,-22.0,10.7
2025-04-17 00:45:00+00:00,462.2743362,0.0,22.8,466.2788761,0.0,22.6,13.5,26.0,0.0,-21.0,10.7
2025-04-17 01:00:00+00:00,461.2869675,0.0,22.8,464.7259578,0.0,22.6,13.5,30.0,0.0,-20.0,11.4
2025-04-17 01:15:00+00:00,462.3509074,0.0,22.72625,464.7442324,0.0,22.53125,13.5,34.0,0.0,-19.0,11.9
2025-04-17 01:30:00+00:00,461.0347106,0.0,22.7,463.7412146,0.0,22.5,13.44592593,39.0,0.0,-17.0,11.1
2025-04-17 01:45:00+00:00,460.4359574,0.0,22.7,462.8763367,0.0,22.5,13.34875,42.0,0.0,-16.0,10.7
2025-04-17 02:00:00+00:00,459.3943816,0.0,22.7,462.7980129,0.0,22.5,13.3,45.0,0.0,-14.0,10.4
2025-04-17 02:15:00+00:00,458.8005738,0.0,22.66979167,461.7704956,0.0,22.49375,13.2875,49.0,0.0,-13.0,10.2
2025-04-17 02:30:00+00:00,458.1771238,0.0,22.6,459.8498822,0.0,22.4,13.2,52.0,0.0,-11.0,10.1
2025-04-17 02:45:00+00:00,458.0200236,0.0,22.6,460.213317,0.0,22.4,13.2,55.0,0.0,-9.0,10.1
2025-04-17 03:00:00+00:00,457.5942041,45.05618729,22.6,459.2861547,40.54090294,22.4,13.70588235,58.0,0.0,-8.0,10.1
2025-04-17 03:15:00+00:00,458.089002,58.50034206,22.6,459.7953292,58.24835327,22.4,18.16746032,62.0,0.0,-6.0,12.0
2025-04-17 03:30:00+00:00,460.785083,57.71639957,22.6,464.4756241,57.60749805,22.4,16.6171875,65.0,0.2,-4.0,12.2
2025-04-17 03:45:00+00:00,464.2296617,57.73504089,22.6,467.1302933,57.4432139,22.38854167,16.95678788,68.0,1.2,-2.0,12.3
2025-04-17 04:00:00+00:00,466.5474524,57.79255551,22.53619048,469.2818197,56.89850346,22.3,17.43326531,71.0,4.25,0.0,12.1
2025-04-17 04:15:00+00:00,467.9284722,57.83162393,22.5,470.7830827,57.46184443,22.3,16.78984375,74.0,9.3,2.0,11.8
2025-04-17 04:30:00+00:00,469.5654376,57.4984989,22.5,472.1668932,57.52091604,22.3,16.81171717,77.0,21.8,4.0,12.0
2025-04-17 04:45:00+00:00,471.0422995,57.46093847,22.5,473.9796283,57.54593669,22.3,16.87673368,80.5,50.71538462,6.0,12.3
2025-04-17 05:00:00+00:00,472.1936231,57.12107045,22.5,475.0334178,57.53493066,22.3,17.13904762,84.0,87.12857143,8.0,12.8
2025-04-17 05:15:00+00:00,471.612576,57.70736532,22.5,475.8764913,57.91837873,22.3,17.1,87.0,116.86,10.0,13.1
2025-04-17 05:30:00+00:00,472.7468254,57.11384784,22.5,476.5030473,57.56949807,22.3,17.22,90.0,139.7,13.0,13.5
2025-04-17 05:45:00+00:00,472.9709393,57.29585037,22.51875,475.0299424,57.38257275,22.31875,17.1625,93.0,184.1266667,15.0,13.4
2025-04-17 06:00:00+00:00,473.6067188,57.47785264,22.6,475.4943627,57.72520413,22.4,16.86973246,96.0,218.76,17.0,13.3
2025-04-17 06:15:00+00:00,473.3911817,57.52978462,22.6,475.2649716,58.08424908,22.4,17.12,99.0,245.1384615,19.0,13.4
2025-04-17 06:30:00+00:00,472.8246359,57.04826516,22.65,475.738411,57.31202504,22.4,17.2140625,102.0,279.8933333,21.0,13.6
2025-04-17 06:45:00+00:00,472.712596,57.3937033,22.7,475.6613325,58.05759056,22.4,16.93533333,106.0,297.6933333,23.0,13.5
2025-04-17 07:00:00+00:00,473.1850198,57.16966302,22.7,476.1577428,57.49716815,22.4,17.17916667,109.0,327.6066667,25.0,13.9
2025-04-17 07:15:00+00:00,472.7504345,57.65815353,22.7,476.0141667,57.77841514,22.41875,16.88261905,112.0,360.74,27.0,13.7
2025-04-17 07:30:00+00:00,473.2201022,57.50590729,22.7,476.647655,58.34983766,22.44761905,17.11916402,116.0,401.0866667,29.0,14.5
2025-04-17 07:45:00+00:00,471.8012867,57.26494709,22.7859375,474.6304773,58.16076481,22.5,16.80234375,119.0,423.4,31.0,14.0
2025-04-17 08:00:00+00:00,471.9408184,57.70907219,22.8,475.6549598,58.07321254,22.5,17.01244444,122.5,450.2066667,33.0,14.5
2025-04-17 08:15:00+00:00,471.6718051,57.69164561,22.8,474.7717751,58.29082641,22.5,16.9475,127.0,474.0333333,35.0,15.2
2025-04-17 08:30:00+00:00,471.9904762,58.13218391,22.8,473.8003101,58.58856263,22.5,16.96857143,131.0,498.6933333,36.0,14.7
2025-04-17 08:45:00+00:00,473.2652868,58.22678571,22.8,472.8996972,58.51340326,22.51875,16.9375,135.0,519.4866667,38.0,15.6
2025-04-17 09:00:00+00:00,471.5986636,58.65845118,22.8,472.1199015,59.62140735,22.6,17.14008838,139.0,538.5916667,39.0,16.0
2025-04-17 09:15:00+00:00,470.9214164,59.30772079,22.88666667,471.2118549,60.11604634,22.6,16.832,143.0,561.3083333,41.0,16.9
2025-04-17 09:30:00+00:00,469.4158476,59.71886282,22.9,470.9915179,61.11252269,22.6,16.94464286,148.6666667,577.2533333,42.0,16.8
2025-04-17 09:45:00+00:00,468.7135278,60.72183721,22.99783333,469.9947065,61.76748269,22.6,17.1447619,154.0,593.1769231,43.0,17.1
2025-04-17 10:00:00+00:00,469.2420238,61.52649573,23.0,468.3396571,62.78667285,22.6,17.0,158.0,606.6266667,44.0,18.0
2025-04-17 10:15:00+00:00,467.5287161,62.03300923,23.0,466.8232488,63.3592329,22.6,17.24111111,163.0,618.0153846,45.0,19.0
2025-04-17 10:30:00+00:00,467.342209,62.6543822,23.0,465.8927189,63.88898787,22.6,17.16428571,169.0,624.5466667,45.0,19.2
2025-04-17 10:45:00+00:00,466.8073675,62.81368363,23.0,465.7944766,63.89016567,22.6,17.31875,174.0,630.6333333,45.0,19.8
2025-04-17 11:00:00+00:00,467.1753788,62.74204981,22.94833333,464.1721789,64.3146043,22.63142857,17.56,179.0,629.16,46.0,19.8
2025-04-17 11:15:00+00:00,466.4719643,63.10227273,22.9390625,463.9922463,64.55933638,22.6875,17.47152778,184.0,576.4133333,46.0,19.8
2025-04-17 11:30:00+00:00,465.6435986,63.06896552,22.92083333,463.9710577,64.92793754,22.7,17.84,189.5,571.7533333,45.0,20.1
2025-04-17 11:45:00+00:00,464.2518891,62.6597619,22.98055556,462.8179668,64.30397317,22.7,17.89375,195.0,630.08,45.0,19.6
2025-04-17 12:00:00+00:00,464.8721149,62.87013086,22.98147619,463.1880063,64.82349864,22.74666667,17.6,200.0,621.7857143,44.0,20.0
2025-04-17 12:15:00+00:00,463.3937682,63.11780735,22.95959821,463.1554893,64.79327845,22.8,17.6,204.0,606.9866667,43.0,20.4
2025-04-17 12:30:00+00:00,464.3221117,62.82663149,22.95916667,463.2339977,64.5774436,22.85333333,16.73099907,208.5,595.7428571,42.0,20.6
2025-04-17 12:45:00+00:00,463.6676861,62.85092868,22.97666667,461.9697697,64.20862709,22.90133333,15.31566667,214.0,579.3,41.0,20.7
2025-04-17 13:00:00+00:00,460.7587567,62.79361171,23.07053571,461.872555,64.46223514,23.02727273,16.05571429,219.0,563.9538462,40.0,20.9
2025-04-17 13:15:00+00:00,459.7738551,62.25533351,23.1,463.0416103,63.81141647,23.13407407,16.42888889,223.0,544.1,39.0,20.8
2025-04-17 13:30:00+00:00,459.406086,62.69651659,23.28875,463.6204907,63.46860902,23.25859375,16.8375,227.0,528.7666667,37.0,21.0
2025-04-17 13:45:00+00:00,460.6228269,62.55501947,23.20666667,463.0371671,63.6833626,23.39481481,17.07489947,231.5,499.3285714,36.0,20.6
2025-04-17 14:00:00+00:00,460.7010522,62.06398303,23.36111111,464.185451,63.32256836,23.55138889,17.46364583,236.0,477.3866667,34.0,20.4
2025-04-17 14:15:00+00:00,461.6769728,62.098829,23.32666667,463.3782612,63.1539288,23.68666667,18.71428571,239.0,448.6571429,32.0,20.3
2025-04-17 14:30:00+00:00,461.6777577,61.641635,23.44300041,462.8040981,62.96077621,23.83223214,18.38676471,242.0,418.5071429,30.0,19.8
2025-04-17 14:45:00+00:00,461.4651235,61.36759259,23.53928571,463.8713564,62.63388565,23.99017857,17.71089286,246.0,382.18,28.0,19.7
2025-04-17 15:00:00+00:00,461.5561497,62.5109105,23.44285714,465.3694768,61.50293623,24.13590909,17.09739683,250.5,370.7,26.0,18.7
2025-04-17 15:15:00+00:00,459.7768503,61.33976608,23.50041667,467.0504349,59.718205,24.31988636,15.82113095,254.0,312.0571429,24.0,19.9
2025-04-17 15:30:00+00:00,460.9863311,61.75632184,23.62666667,468.4820825,60.27674897,24.45333333,13.72,257.0,259.7533333,22.0,19.7
2025-04-17 15:45:00+00:00,461.1686092,62.23363636,23.64125,467.8971989,60.36266284,24.5,16.44529412,260.0,230.36,20.0,19.6
2025-04-17 16:00:00+00:00,460.2300181,62.27137015,23.73571429,468.3700108,62.64288258,24.42767857,17.07857143,263.0,193.32,18.0,19.1
2025-04-17 16:15:00+00:00,462.1157407,61.58166667,23.71666667,469.4296584,62.67249147,24.42857143,16.63055556,266.0,160.0733333,16.0,19.1
2025-04-17 16:30:00+00:00,461.2360067,62.09024041,23.79388889,469.6473644,63.31645725,24.32666667,17.132,269.0,115.6357143,14.0,19.1
2025-04-17 16:45:00+00:00,462.3055142,61.80082102,23.8,469.5034431,63.41109307,24.20892857,16.96282051,272.0,80.17777778,12.0,18.8
2025-04-17 17:00:00+00:00,461.9030409,61.84704434,23.78461538,469.1918703,63.38394146,24.18630952,17.1525641,276.0,54.875,10.0,18.6
2025-04-17 17:15:00+00:00,463.2412643,62.09960317,23.7,469.1672575,63.37414311,24.074375,16.91875,279.0,33.72857143,8.0,17.3
2025-04-17 17:30:00+00:00,464.6245014,61.70067787,23.6974359,469.6407497,63.22113249,23.94319728,16.71428571,282.0,21.6,6.0,16.1
2025-04-17 17:45:00+00:00,465.5788234,61.58957848,23.6,470.5019724,63.72960324,23.853125,17.18125,285.0,12.6,4.0,15.7
2025-04-17 18:00:00+00:00,466.2858586,14.05034834,23.6,470.5292208,15.47397615,23.79479167,17.4078125,287.0,5.6,1.0,15.2
2025-04-17 18:15:00+00:00,465.7345258,0.0,23.6,470.7192135,0.0,23.72828571,17.5,290.0,1.6,0.0,14.9
2025-04-17 18:30:00+00:00,464.8693267,0.0,23.6,469.7405327,0.0,23.7,17.5,294.0,0.4,-2.0,14.3
2025-04-17 18:45:00+00:00,464.484705,0.0,23.50533333,468.8135921,0.0,23.62666667,17.5,297.0,0.0,-4.0,13.9
2025-04-17 19:00:00+00:00,464.4421663,0.0,23.5,468.328905,0.0,23.6,17.5,301.0,0.0,-6.0,13.5
2025-04-17 19:15:00+00:00,463.8013349,0.0,23.45,468.095949,0.0,23.55,17.4175,304.0,0.0,-8.0,13.0
2025-04-17 19:30:00+00:00,462.9498457,0.0,23.4,467.3535867,0.0,23.5,17.31333333,307.0,0.0,-10.0,12.8
2025-04-17 19:45:00+00:00,462.9693742,0.0,23.4,466.4359183,0.0,23.40625,17.2109375,310.0,0.0,-12.0,12.5
2025-04-17 20:00:00+00:00,461.88633,0.0,23.4,465.9106061,0.0,23.4,17.05,313.0,0.0,-13.0,12.2
2025-04-17 20:15:00+00:00,460.9977851,0.0,23.30625,465.6134931,0.0,23.30625,16.828125,318.0,0.0,-15.0,12.2
2025-04-17 20:30:00+00:00,460.8231177,0.0,23.3,464.791454,0.0,23.3,16.58611111,321.0,0.0,-16.0,12.0
2025-04-17 20:45:00+00:00,459.2624569,0.0,23.29107143,463.4011769,0.0,23.21333333,16.36428571,324.0,0.0,-18.0,11.6
2025-04-17 21:00:00+00:00,459.7873759,0.0,23.2,463.5146085,0.0,23.2,16.3,328.0,0.0,-19.0,11.4
2025-04-17 21:15:00+00:00,459.4557203,0.0,23.2,461.1168793,0.0,23.13333333,16.27333333,332.0,0.0,-20.0,11.4
2025-04-17 21:30:00+00:00,458.4181412,0.0,23.1375,461.6961674,0.0,23.1,16.1375,336.0,0.0,-21.0,11.2
2025-04-17 21:45:00+00:00,457.3507026,0.0,23.1,461.4598888,0.0,23.1,15.96987179,339.0,0.0,-22.0,11.0
2025-04-17 22:00:00+00:00,458.207567,0.0,23.1,460.9490874,0.0,23.04198864,15.68666667,343.0,0.0,-23.0,10.6
2025-04-17 22:15:00+00:00,457.4846072,0.0,23.1,460.3263019,0.0,23.0,15.40111111,347.0,0.0,-23.0,10.4
2025-04-17 22:30:00+00:00,456.9895739,0.0,23.1,459.4136232,0.0,23.0,15.2125,351.0,0.0,-24.0,10.2
2025-04-17 22:45:00+00:00,456.0802093,0.0,23.06375,459.0062004,0.0,22.91875,15.01369048,355.0,0.0,-24.0,10.1
2025-04-17 23:00:00+00:00,454.8216749,0.0,23.0,458.8626385,0.0,22.9,14.78,179.5,0.0,-24.0,10.1
2025-04-17 23:15:00+00:00,455.5883141,0.0,23.0,456.6426136,0.0,22.875,14.6253125,3.0,0.0,-24.0,9.8
2025-04-17 23:30:00+00:00,454.8767471,0.0,23.0,456.7312507,0.0,22.8,14.47904762,7.0,0.0,-24.0,9.4
2025-04-17 23:45:00+00:00,452.7599379,0.0,22.96875,456.9262362,0.0,22.8,14.3015625,11.0,0.0,-24.0,9.5
2025-04-18 00:00:00+00:00,452.9141617,0.0,22.9,455.2194337,0.0,22.77403175,14.16011111,15.5,0.0,-23.0,9.2
2025-04-18 00:15:00+00:00,453.2066683,0.0,22.9,454.2678072,0.0,22.7,13.97897727,20.0,0.0,-23.0,9.3
2025-04-18 00:30:00+00:00,452.0556507,0.0,22.9,453.8981036,0.0,22.7,13.80857143,23.0,0.0,-22.0,9.3
2025-04-18 00:45:00+00:00,451.3431922,0.0,22.9,453.2048664,0.0,22.64375,13.70625,26.0,0.0,-21.0,9.3
2025-04-18 01:00:00+00:00,450.6899371,0.0,22.83125,452.8588568,0.0,22.6,13.55119048,30.0,0.0,-20.0,9.4
2025-04-18 01:15:00+00:00,450.05,0.0,22.8,452.0375574,0.0,22.6,13.41298701,34.0,0.0,-19.0,9.4
2025-04-18 01:30:00+00:00,449.2766481,0.0,22.8,451.3390065,0.0,22.6,13.26875,39.0,0.0,-18.0,9.3
2025-04-18 01:45:00+00:00,447.9993827,0.0,22.8,450.8604998,0.0,22.6,13.12666667,42.0,0.0,-16.0,9.3
2025-04-18 02:00:00+00:00,447.3874252,0.0,22.79375,449.9064628,0.0,22.6,13.06875,45.0,0.0,-15.0,9.3
2025-04-18 02:15:00+00:00,446.3505644,0.0,22.7,450.0570582,0.0,22.54305556,12.975,48.0,0.0,-13.0,9.3
2025-04-18 02:30:00+00:00,446.5969499,0.0,22.7,449.0227053,0.0,22.5,12.9,51.0,0.0,-12.0,9.3
2025-04-18 02:45:00+00:00,446.4915522,0.0,22.7,448.1869748,0.0,22.5,12.9,55.0,0.0,-10.0,9.4
2025-04-18 03:00:00+00:00,445.8886995,12.61111111,22.67866667,447.4192593,12.44444444,22.5,12.80483333,58.0,0.0,-8.0,9.3
2025-04-18 03:15:00+00:00,445.4649982,57.01790293,22.63625,447.2791876,58.70105751,22.46243845,15.71100877,62.0,0.0,-6.0,9.3
2025-04-18 03:30:00+00:00,448.4088615,61.35483802,22.6,451.7575156,64.4472318,22.4,20.58455357,65.0,0.0,-4.0,9.2
2025-04-18 03:45:00+00:00,452.9051948,61.14519231,22.6,456.4628788,64.83055556,22.4,17.525,68.0,0.1,-2.0,9.0
2025-04-18 04:00:00+00:00,456.0753417,61.06877409,22.57395833,458.9662247,65.36833754,22.4,16.82924107,71.0,0.5,0.0,9.0
2025-04-18 04:15:00+00:00,456.667601,60.8541849,22.5,460.5582469,64.86755554,22.30666667,17.60485547,74.0,1.7,2.0,9.1
2025-04-18 04:30:00+00:00,458.1712255,61.15570837,22.5,462.2911932,64.34786519,22.3,17.11,77.0,5.7,4.0,9.2
2025-04-18 04:45:00+00:00,459.975093,60.47238321,22.46,463.1396862,64.49538887,22.3,17.17733333,80.5,9.7,6.0,9.2
2025-04-18 05:00:00+00:00,460.4920419,61.57171539,22.4,464.1908279,65.56327022,22.29375,17.1,84.0,9.7,8.0,9.1
2025-04-18 05:15:00+00:00,461.5818447,61.31194296,22.4,465.8733586,64.46518915,22.2,17.20967262,86.0,16.7,10.0,9.2
2025-04-18 05:30:00+00:00,462.4433239,60.47104334,22.4,465.7064707,64.21272653,22.2,16.98666667,89.0,24.875,12.0,9.1
2025-04-18 05:45:00+00:00,461.4724481,61.04171261,22.4,465.1425732,64.83064585,22.2,17.24895833,92.0,37.01428571,14.0,9.2
2025-04-18 06:00:00+00:00,463.3203174,60.84704916,22.4,465.0171156,63.30539063,22.2,17.09218855,95.0,65.42307692,16.0,9.3
2025-04-18 06:15:00+00:00,462.7570381,61.12734848,22.4,465.6428571,61.93567892,22.2,17.0,98.0,97.32666667,18.0,9.4
2025-04-18 06:30:00+00:00,463.0450059,60.88536986,22.4,466.1661103,61.57461208,22.2,17.07604167,101.0,109.2642857,20.0,9.8
2025-04-18 06:45:00+00:00,463.0820076,61.48917822,22.4,466.7017383,61.68676045,22.2,17.22,106.0,134.7466667,22.0,10.1
2025-04-18 07:00:00+00:00,463.4166667,62.14236162,22.44910714,467.2223973,61.75291237,22.2,16.90489583,109.0,112.6866667,24.0,10.5
2025-04-18 07:15:00+00:00,463.4145238,61.93239796,22.47694444,466.7478103,61.70430654,22.2,17.04,112.0,86.86363636,26.0,10.3
2025-04-18 07:30:00+00:00,463.1787631,62.11348584,22.424375,466.608762,61.7068673,22.2,17.2,116.0,89.59,28.0,10.1
2025-04-18 07:45:00+00:00,463.5604445,62.25319902,22.4,467.512356,61.69853768,22.2,17.09860073,119.0,81.25714286,30.0,10.2
2025-04-18 08:00:00+00:00,463.5884549,61.97276961,22.4,466.7850554,61.54530023,22.2,16.91508929,122.5,136.6,32.0,10.5
2025-04-18 08:15:00+00:00,462.9496271,61.78703944,22.4,466.7800933,61.87054727,22.2,17.13877551,127.0,126.3384615,34.0,10.5
2025-04-18 08:30:00+00:00,462.86,62.2850923,22.5,466.1634572,62.86834663,22.2,16.84266667,131.0,97.30833333,36.0,10.2
2025-04-18 08:45:00+00:00,462.2899901,62.20527066,22.41160714,465.3269017,61.55868933,22.2,17.1671875,135.0,108.3866667,37.0,10.3
2025-04-18 09:00:00+00:00,461.2783125,62.50722174,22.43333333,466.3803496,62.22013015,22.2,17.15380952,139.0,151.0076923,39.0,10.2
2025-04-18 09:15:00+00:00,462.0073582,61.95019757,22.44375,465.041363,61.58709495,22.2,17.14375,143.0,176.7769231,40.0,10.3
2025-04-18 09:30:00+00:00,461.5044949,61.52907412,22.5,465.6222222,61.61293131,22.22962963,17.20777778,148.6666667,213.725,42.0,10.2
2025-04-18 09:45:00+00:00,462.3662646,62.08331155,22.5,464.3079545,61.679336,22.29910714,17.03916667,154.0,183.2428571,43.0,10.3
2025-04-18 10:00:00+00:00,462.9904105,61.65747082,22.5,464.8091128,61.55461657,22.3,17.00166667,158.0,268.4307692,44.0,10.4
2025-04-18 10:15:00+00:00,463.0241837,62.07455031,22.54375,463.8039736,61.43086804,22.3,16.94375,163.0,405.1066667,45.0,10.6
2025-04-18 10:30:00+00:00,461.881426,61.547651,22.6,463.6595017,61.56502803,22.321875,16.84732143,169.0,534.66,45.0,11.2
2025-04-18 10:45:00+00:00,462.3312582,61.71897105,22.64831746,464.6786662,61.5245783,22.4,17.10266667,174.0,418.0,46.0,11.4
2025-04-18 11:00:00+00:00,462.1953671,62.11109229,22.7,463.7238569,62.31688079,22.4125,17.2,179.0,303.6928571,46.0,11.6
2025-04-18 11:15:00+00:00,461.762456,61.93524055,22.7,463.3222851,62.0750242,22.46040572,17.2,184.0,223.2571429,46.0,11.3
2025-04-18 11:30:00+00:00,462.1107145,61.63767677,22.7,463.7106005,60.7462019,22.49791667,17.14666667,189.5,152.475,46.0,11.0
2025-04-18 11:45:00+00:00,462.0062323,61.78472533,22.69833333,463.7981485,61.53073723,22.42,17.05333333,195.0,121.8454545,46.0,11.0
2025-04-18 12:00:00+00:00,461.5285038,61.80873016,22.6,463.1728035,62.00058899,22.4,16.95208333,200.0,98.86666667,45.0,10.8
2025-04-18 12:15:00+00:00,461.5933999,62.40226757,22.6,463.7737625,62.01506972,22.4,16.77613757,204.0,100.58,44.0,10.5
2025-04-18 12:30:00+00:00,461.0452406,61.28393285,22.6,463.7900791,61.26814319,22.33125,17.08729167,209.6666667,121.5230769,43.0,10.3
2025-04-18 12:45:00+00:00,461.4792861,61.54162693,22.6,463.3998732,61.12576552,22.30060606,16.97296296,215.0,131.67,42.0,10.4
2025-04-18 13:00:00+00:00,461.2229167,61.86741855,22.6,463.8585451,62.205379,22.30104167,16.88375,219.0,141.2071429,41.0,10.5
2025-04-18 13:15:00+00:00,460.8118184,61.83799735,22.6,463.3880032,61.76241197,22.3,16.98444444,223.0,138.68,40.0,10.4
2025-04-18 13:30:00+00:00,460.7282143,62.35938552,22.6,462.9221154,61.80260673,22.3,17.0553125,227.0,130.15,38.0,10.7
2025-04-18 13:45:00+00:00,460.6971955,62.24458333,22.59895833,463.2002691,61.97900721,22.3,17.01436012,231.5,102.7461538,37.0,10.8
2025-04-18 14:00:00+00:00,460.8605082,63.03334326,22.51865079,462.4942043,62.24921322,22.3,17.23066667,236.0,115.2769231,35.0,10.6
2025-04-18 14:15:00+00:00,461.3829077,62.77995319,22.5,463.3111186,61.38457549,22.26640625,16.60797619,240.0,176.7214286,33.0,10.6
2025-04-18 14:30:00+00:00,459.5236873,62.39797009,22.5,462.1234188,61.42628205,22.3,17.4202381,243.0,151.7363636,31.0,11.0
2025-04-18 14:45:00+00:00,459.3068403,62.29587438,22.5,461.4603529,61.80967874,22.3,16.58568376,246.0,156.35,29.0,10.5
2025-04-18 15:00:00+00:00,459.505529,61.91234966,22.5,461.8578305,61.49561468,22.3,16.48989583,250.5,130.625,28.0,10.3
2025-04-18 15:15:00+00:00,459.5026915,62.52372616,22.5,462.0133333,61.37875458,22.3,17.47703704,254.0,108.4153846,25.0,10.2
2025-04-18 15:30:00+00:00,459.4686061,62.47264465,22.5,462.0662578,61.32203986,22.25333333,16.65292163,257.0,77.11333333,23.0,10.3
2025-04-18 15:45:00+00:00,459.2503964,62.3859232,22.49375,461.5845012,61.28255371,22.2,17.98461538,260.0,32.9,20.0,10.1
2025-04-18 16:00:00+00:00,459.8465368,62.71057082,22.4171875,461.6493891,61.21448928,22.17916667,16.91354167,263.0,28.26666667,17.0,9.8
2025-04-18 16:15:00+00:00,458.8540675,62.57142857,22.4,462.4022214,61.89000819,22.11538462,17.11272727,266.0,25.26666667,15.0,9.8
2025-04-18 16:30:00+00:00,460.8617414,62.16130712,22.4,462.7765476,61.2675331,22.1,17.7047619,269.0,19.5,13.0,9.7
2025-04-18 16:45:00+00:00,461.4516144,62.19022989,22.39285714,462.5240006,62.09595155,22.08666667,16.34866667,272.0,15.16666667,11.0,9.7
2025-04-18 17:00:00+00:00,460.6041667,62.25544872,22.309375,462.8469961,62.24412458,22.01041667,17.83145833,276.0,10.5,9.0,9.7
2025-04-18 17:15:00+00:00,461.5478709,62.26932431,22.3,462.7671192,61.174851,22.0,16.75111111,279.0,6.5,7.0,9.6
2025-04-18 17:30:00+00:00,461.328467,62.55269407,22.299375,462.3536996,61.59030786,21.96988636,16.98333333,282.0,3.5,5.0,9.7
2025-04-18 17:45:00+00:00,461.342758,62.57695578,22.2,464.4309829,61.83968455,21.9,17.74422222,285.0,1.5,3.0,9.5
2025-04-18 18:00:00+00:00,460.9794648,10.65441176,22.2,464.335976,9.390756303,21.9,17.03169643,288.0,0.7,1.0,9.4
2025-04-18 18:15:00+00:00,459.2861936,0.0,22.2,463.336462,0.0,21.98666667,15.88361111,291.0,0.2,-1.0,9.4
2025-04-18 18:30:00+00:00,459.9113562,0.0,22.2,462.3796166,0.0,22.0,14.853125,295.0,0.0,-3.0,9.4
2025-04-18 18:45:00+00:00,459.2475039,0.0,22.2,461.9091153,0.0,21.97333333,14.20425397,298.0,0.0,-5.0,9.4
2025-04-18 19:00:00+00:00,458.7887897,0.0,22.2,460.5740402,0.0,21.9,13.70744048,301.0,0.0,-7.0,9.2
2025-04-18 19:15:00+00:00,457.8105936,0.0,22.2,460.2953392,0.0,21.9,13.30166667,304.0,0.0,-9.0,9.2
2025-04-18 19:30:00+00:00,457.1063862,0.0,22.2,459.9488765,0.0,21.9,12.98835565,307.0,0.0,-11.0,9.1
2025-04-18 19:45:00+00:00,455.5542341,0.0,22.17375,459.003278,0.0,21.9,12.63171875,310.0,0.0,-12.0,9.1
2025-04-18 20:00:00+00:00,455.9305469,0.0,22.109,457.4662975,0.0,21.9,12.44202381,313.0,0.0,-14.0,9.1
2025-04-18 20:15:00+00:00,455.2756944,0.0,22.1,456.2928571,0.0,21.9,12.2375,318.0,0.0,-15.0,9.1
2025-04-18 20:30:00+00:00,454.285348,0.0,22.1,455.7765608,0.0,21.9,12.18791209,321.0,0.0,-17.0,9.1
2025-04-18 20:45:00+00:00,453.3459906,0.0,22.1,454.6310501,0.0,21.85,11.95,324.0,0.0,-18.0,9.1
2025-04-18 21:00:00+00:00,453.0181511,0.0,22.1,454.5431062,0.0,21.84925926,11.76666667,328.0,0.0,-19.0,9.1
2025-04-18 21:15:00+00:00,451.4475713,0.0,22.1,454.188302,0.0,21.8,11.7,332.0,0.0,-20.0,9.2
2025-04-18 21:30:00+00:00,451.18791,0.0,22.1,452.2796562,0.0,21.8,11.6625,336.0,0.0,-21.0,9.2
2025-04-18 21:45:00+00:00,449.9975191,0.0,22.08571429,451.8699437,0.0,21.8,11.59285714,339.0,0.0,-22.0,9.2
2025-04-18 22:00:00+00:00,449.0420403,0.0,22.020625,450.2032262,0.0,21.8,11.5,343.0,0.0,-23.0,9.3
2025-04-18 22:15:00+00:00,448.8790616,0.0,22.0,449.5340293,0.0,21.8,11.5,347.0,0.0,-23.0,9.2
2025-04-18 22:30:00+00:00,447.6708145,0.0,22.0,448.4521373,0.0,21.79930556,11.5,351.0,0.0,-24.0,9.2
2025-04-18 22:45:00+00:00,446.8811542,0.0,22.0,447.7619921,0.0,21.70039063,11.48205357,355.0,0.0,-24.0,9.2
2025-04-18 23:00:00+00:00,446.1954545,0.0,22.0,447.6848447,0.0,21.7,11.4,179.5,0.0,-24.0,9.2
2025-04-18 23:15:00+00:00,445.3541058,0.0,21.99105114,447.4236641,0.0,21.7,11.4,3.0,0.0,-24.0,9.2
2025-04-18 23:30:00+00:00,444.1330476,0.0,21.95333333,445.5490418,0.0,21.7,11.4,7.0,0.0,-24.0,9.3
2025-04-18 23:45:00+00:00,443.7913194,0.0,21.925,444.4360963,0.0,21.7,11.4,11.0,0.0,-23.0,9.3
2025-04-19 00:00:00+00:00,443.1114698,0.0,21.9,443.6157834,0.0,21.7,11.41344444,15.5,0.0,-22.0,9.2
2025-04-19 00:15:00+00:00,442.4203125,0.0,21.9,443.5040084,0.0,21.7,11.496875,20.0,0.0,-22.0,9.2
2025-04-19 00:30:00+00:00,442.3125,0.0,21.9,442.0,0.0,21.7,11.54,23.0,0.0,-21.0,8.9
2025-04-19 00:45:00+00:00,440.9648351,0.0,21.9,442.3452648,0.0,21.7,11.60625,26.0,0.0,-20.0,8.9
2025-04-19 01:00:00+00:00,440.096773,0.0,21.9,440.5335671,0.0,21.7,11.7,30.0,0.0,-19.0,8.8
2025-04-19 01:15:00+00:00,438.4160988,0.0,21.9,439.9266379,0.0,21.7,11.7,34.0,0.0,-18.0,8.6
2025-04-19 01:30:00+00:00,438.9943803,0.0,21.9,438.1604882,0.0,21.7,11.76875,38.0,0.0,-17.0,8.6
2025-04-19 01:45:00+00:00,438.3530303,0.0,21.9,437.9931513,0.0,21.7,11.82666667,41.0,0.0,-15.0,8.6
2025-04-19 02:00:00+00:00,438.5982859,0.0,21.8625,436.775,0.0,21.69829545,11.9,45.0,0.0,-14.0,8.5
2025-04-19 02:15:00+00:00,437.3025719,0.0,21.86416667,435.2537799,0.0,21.66761905,11.9,48.0,0.0,-12.0,8.5
2025-04-19 02:30:00+00:00,436.7865829,0.0,21.9,435.3763002,0.0,21.6625,11.9,51.0,0.0,-10.0,8.4
2025-04-19 02:45:00+00:00,435.8202614,0.0,21.89375,435.6403162,0.0,21.6,11.9,55.0,0.0,-9.0,8.4
2025-04-19 03:00:00+00:00,434.5429882,0.0,21.82,434.5235573,0.0,21.6,11.9,58.0,0.0,-7.0,8.5
2025-04-19 03:15:00+00:00,433.4116377,0.0,21.8,434.2948967,0.0,21.6,11.9,62.0,0.0,-5.0,8.6
2025-04-19 03:30:00+00:00,432.9600713,0.0,21.8,433.3973125,0.0,21.6,11.9,65.0,0.0,-3.0,8.6
2025-04-19 03:45:00+00:00,432.0348635,0.0,21.8,432.7597556,0.0,21.6,11.79765625,68.0,0.6,-1.0,8.6
2025-04-19 04:00:00+00:00,431.2835998,0.0,21.8,431.6119585,0.0,21.6,11.70666667,71.0,1.6,1.0,8.6
2025-04-19 04:15:00+00:00,429.6903614,0.0,21.8,432.4555662,0.0,21.6,11.68885417,74.0,2.7,3.0,8.6
2025-04-19 04:30:00+00:00,429.9885394,0.0,21.8,430.623711,0.0,21.6,11.58125,77.0,4.7,5.0,8.6
2025-04-19 04:45:00+00:00,429.8407563,0.0,21.8,430.284314,0.0,21.6,11.5,79.0,6.4,7.0,8.5
2025-04-19 05:00:00+00:00,429.7645905,0.0,21.8,430.1885684,0.0,21.6,11.5,83.0,10.4,9.0,8.4
2025-04-19 05:15:00+00:00,427.6594739,0.0,21.8,429.4448833,0.0,21.6,11.45222222,86.0,16.53333333,11.0,8.4
2025-04-19 05:30:00+00:00,428.2370934,0.0,21.8,428.2546263,0.0,21.6,11.36943452,89.0,23.6,13.0,8.4
2025-04-19 05:45:00+00:00,427.3461049,0.0,21.8,428.7657753,0.0,21.6,11.3,92.0,21.18571429,15.0,8.4
2025-04-19 06:00:00+00:00,426.4541282,0.0,21.8,427.5853193,0.0,21.6,11.3,95.0,18.46666667,17.0,8.4
2025-04-19 06:15:00+00:00,425.6188326,0.0,21.8,426.3520459,0.0,21.57071429,11.3,98.0,28.025,20.0,8.5
2025-04-19 06:30:00+00:00,425.7034286,0.0,21.8,426.5836445,0.0,21.6,11.3,101.0,24.53333333,22.0,8.5
2025-04-19 06:45:00+00:00,424.7191106,0.0,21.8,426.1214305,0.0,21.6,11.3,106.0,18.4,24.0,8.6
2025-04-19 07:00:00+00:00,423.8860929,0.0,21.8,425.1994048,0.0,21.6,11.325,109.0,24.92222222,26.0,8.8
2025-04-19 07:15:00+00:00,423.3060835,0.0,21.8,424.16,0.0,21.6,11.41944444,112.0,22.25,28.0,8.9
2025-04-19 07:30:00+00:00,423.6630345,0.0,21.8,424.4638219,0.0,21.52862393,11.5,116.0,26.03333333,30.0,8.9
2025-04-19 07:45:00+00:00,422.783189,0.0,21.8,423.5865421,0.0,21.4952381,11.5,119.0,38.55454545,32.0,9.0
2025-04-19 08:00:00+00:00,422.5004984,0.0,21.8,423.4077614,0.0,21.58180952,11.54666667,122.5,53.1,33.0,9.0
2025-04-19 08:15:00+00:00,422.1630689,0.0,21.8,422.724217,0.0,21.59557292,11.60714286,127.0,83.91111111,35.0,9.2
2025-04-19 08:30:00+00:00,421.7291973,0.0,21.8,422.3753097,0.0,21.6,11.7,131.0,55.53333333,37.0,9.2
2025-04-19 08:45:00+00:00,421.5421587,0.0,21.8,421.8309497,0.0,21.6,11.73125,135.0,48.30909091,38.0,9.4
2025-04-19 09:00:00+00:00,420.3434069,0.0,21.8,420.6240306,0.0,21.6,11.83333333,139.0,59.97857143,40.0,9.3
2025-04-19 09:15:00+00:00,419.9155064,0.0,21.8,420.9774568,0.0,21.6,11.9,143.0,69.72727273,41.0,9.2
2025-04-19 09:30:00+00:00,419.0918324,0.0,21.8,419.9299242,0.0,21.6,11.9,148.6666667,63.05555556,43.0,8.9
2025-04-19 09:45:00+00:00,419.0029769,0.0,21.8,419.5556777,0.0,21.6,11.95384615,154.0,83.47692308,44.0,8.9
2025-04-19 10:00:00+00:00,418.6107883,0.0,21.8125,419.0821848,0.0,21.61354167,12.0,158.0,119.5857143,44.0,8.9
2025-04-19 10:15:00+00:00,418.3438337,0.0,21.9,419.5582702,0.0,21.7,12.08125,160.0,115.0,45.0,9.1
2025-04-19 10:30:00+00:00,418.0733419,0.0,21.9,418.7565363,0.0,21.7,12.1,168.0,113.5,46.0,9.4
2025-04-19 10:45:00+00:00,418.1541703,0.0,21.9,417.9827682,0.0,21.7,12.1375,173.0,76.74545455,46.0,9.6
2025-04-19 11:00:00+00:00,417.1499799,0.0,21.9,417.8515729,0.0,21.7,12.2,179.0,61.28181818,46.0,9.8
2025-04-19 11:15:00+00:00,416.640695,0.0,21.9,417.0330172,0.0,21.7,12.2,184.0,92.91666667,46.0,9.7
2025-04-19 11:30:00+00:00,416.2999274,0.0,21.9,417.5491893,0.0,21.7,12.2,189.0,93.54166667,46.0,9.8
2025-04-19 11:45:00+00:00,415.7319444,0.0,21.90625,416.5988941,0.0,21.7,12.2,194.5,98.26428571,46.0,9.7
2025-04-19 12:00:00+00:00,415.1816446,0.0,21.97678571,415.5414611,0.0,21.7,12.2,200.0,106.25,45.0,9.6
2025-04-19 12:15:00+00:00,414.9178027,0.0,22.0,414.8648629,0.0,21.7,12.2,205.0,103.0166667,44.0,9.7
2025-04-19 12:30:00+00:00,414.2888258,0.0,22.0,414.5669211,0.0,21.7,12.2175,209.0,106.52,43.0,9.7
2025-04-19 12:45:00+00:00,413.4204521,0.0,22.0,414.072368,0.0,21.7,12.3,214.0,90.80666667,42.0,9.9
2025-04-19 13:00:00+00:00,414.1001131,0.0,22.0,414.0491477,0.0,21.67321429,12.3,220.0,77.37777778,41.0,9.8
2025-04-19 13:15:00+00:00,414.3903117,0.0,22.0,413.6124616,0.0,21.70705147,12.3,224.0,94.30833333,39.0,9.4
2025-04-19 13:30:00+00:00,412.8164989,0.0,22.0,412.9890219,0.0,21.7709375,12.3,228.0,99.2,38.0,9.4
2025-04-19 13:45:00+00:00,412.6470394,0.0,22.0,413.3899544,0.0,21.8,12.3,232.0,89.34166667,36.0,9.4
2025-04-19 14:00:00+00:00,412.0920555,0.0,22.0,413.0082116,0.0,21.8,12.3,236.5,72.6,34.0,9.2
2025-04-19 14:15:00+00:00,411.0926794,0.0,22.0,412.4814966,0.0,21.77907986,12.3,240.0,68.5125,32.0,9.1
2025-04-19 14:30:00+00:00,411.5415639,0.0,22.0,412.3000505,0.0,21.7,12.3,243.0,53.8,30.0,9.0
2025-04-19 14:45:00+00:00,410.5622396,0.0,22.0,411.5262477,0.0,21.7,12.3,247.0,42.2375,29.0,8.9
2025-04-19 15:00:00+00:00,410.1132018,0.0,22.0,411.9516498,0.0,21.7,12.3,250.0,35.5,27.0,8.8
2025-04-19 15:15:00+00:00,410.4449643,0.0,22.0,412.0296537,0.0,21.7,12.3,253.0,37.83333333,24.0,8.6
2025-04-19 15:30:00+00:00,409.9620824,0.0,22.0,411.4824968,0.0,21.7,12.2125,257.0,36.71428571,22.0,8.4
2025-04-19 15:45:00+00:00,409.7164394,0.0,22.0,410.1688783,0.0,21.7,12.2,261.0,48.125,20.0,8.4
2025-04-19 16:00:00+00:00,408.9499177,0.0,22.0,409.8966652,0.0,21.7,12.2,264.0,38.95,18.0,8.5
2025-04-19 16:15:00+00:00,408.437963,0.0,22.0,410.7323378,0.0,21.7,12.16428571,267.0,25.4875,16.0,8.6
2025-04-19 16:30:00+00:00,409.0073793,0.0,22.0,409.317499,0.0,21.7,12.1,270.0,17.675,14.0,8.6
2025-04-19 16:45:00+00:00,407.9109307,0.0,22.0,408.9373281,0.0,21.7,12.02666667,273.0,19.32857143,12.0,8.4
2025-04-19 17:00:00+00:00,406.8104186,0.0,22.0,408.5202429,0.0,21.6953125,11.9352381,276.0,13.68,10.0,8.4
2025-04-19 17:15:00+00:00,407.4215067,0.0,22.0,408.4824112,0.0,21.68592593,11.9,280.0,9.666666667,8.0,8.4
2025-04-19 17:30:00+00:00,407.090555,0.0,22.0,407.5360635,0.0,21.6125,11.9,282.0,7.025,6.0,8.5
2025-04-19 17:45:00+00:00,406.3075556,0.0,21.90625,407.1325251,0.0,21.6,11.8875,285.0,4.0,4.0,8.5
2025-04-19 18:00:00+00:00,406.4640053,0.0,21.9,407.3487395,0.0,21.6,11.8,288.0,1.2,2.0,8.4
2025-04-19 18:15:00+00:00,406.1108091,0.0,21.9,406.2378715,0.0,21.6,11.75625,291.0,0.2,0.0,8.2
2025-04-19 18:30:00+00:00,406.4201138,0.0,21.9,406.37813,0.0,21.56624242,11.7,294.0,0.0,-2.0,8.2
2025-04-19 18:45:00+00:00,405.5200692,0.0,21.9,406.9680799,0.0,21.4,11.7,297.0,0.0,-4.0,8.1
2025-04-19 19:00:00+00:00,405.5447917,0.0,21.9,407.0044444,0.0,21.4,11.7,300.0,0.0,-6.0,8.1
2025-04-19 19:15:00+00:00,405.4517611,0.0,21.8689881,406.2705628,0.0,21.48125,11.7,304.0,0.0,-8.0,8.0
2025-04-19 19:30:00+00:00,405.6619436,0.0,21.89107143,406.2817729,0.0,21.5,11.7,308.0,0.0,-10.0,7.9
2025-04-19 19:45:00+00:00,404.9875,0.0,21.8,404.5947854,0.0,21.38125,11.7,311.0,0.0,-11.0,7.8
2025-04-19 20:00:00+00:00,405.3773024,0.0,21.8,404.8174552,0.0,21.3,11.7,314.0,0.0,-13.0,7.8
2025-04-19 20:15:00+00:00,405.1917154,0.0,21.8,405.4231028,0.0,21.3,11.6125,317.0,0.0,-14.0,7.8
2025-04-19 20:30:00+00:00,404.637782,0.0,21.8,404.1293934,0.0,21.33028725,11.6,320.5,0.0,-16.0,7.8
2025-04-19 20:45:00+00:00,405.0403799,0.0,21.8,403.9176387,0.0,21.35619048,11.6,325.0,0.0,-17.0,7.7
2025-04-19 21:00:00+00:00,403.6636126,0.0,21.8,404.1789773,0.0,21.30347222,11.6,329.0,0.0,-18.0,7.6
2025-04-19 21:15:00+00:00,403.4798692,0.0,21.8,404.0633314,0.0,21.28666667,11.6,332.0,0.0,-20.0,7.5
2025-04-19 21:30:00+00:00,403.3851097,0.0,21.74953125,403.3188244,0.0,21.2,11.6,335.0,0.0,-20.0,7.6
2025-04-19 21:45:00+00:00,402.9720635,0.0,21.7,403.0235804,0.0,21.2,11.6,339.0,0.0,-21.0,7.5
2025-04-19 22:00:00+00:00,402.6155968,0.0,21.7,402.4963517,0.0,21.2,11.5703125,343.5,0.0,-22.0,7.5
2025-04-19 22:15:00+00:00,401.9210565,0.0,21.7,402.4545455,0.0,21.2,11.5,348.0,0.0,-23.0,7.4
2025-04-19 22:30:00+00:00,401.4419577,0.0,21.7,402.5314297,0.0,21.20444444,11.5,352.0,0.0,-23.0,7.4
2025-04-19 22:45:00+00:00,401.5755495,0.0,21.7,401.4559699,0.0,21.24695685,11.5,356.0,0.0,-23.0,7.4
2025-04-19 23:00:00+00:00,401.9652611,0.0,21.7,401.1588834,0.0,21.25026455,11.5,179.5,0.0,-23.0,7.5
2025-04-19 23:15:00+00:00,400.204609,0.0,21.7,401.3331598,0.0,21.1,11.4875,3.0,0.0,-23.0,7.5
2025-04-19 23:30:00+00:00,399.2943957,0.0,21.7,400.9189357,0.0,21.1,11.39333333,7.0,0.0,-23.0,7.5
2025-04-19 23:45:00+00:00,399.99956,0.0,21.7,400.7093426,0.0,21.1,11.3,11.0,0.0,-23.0,7.6
2025-04-20 00:00:00+00:00,400.1985147,0.0,21.6927484,399.8443699,0.0,21.1,11.26133814,15.5,0.0,-22.0,7.5
2025-04-20 00:15:00+00:00,398.8028788,0.0,21.67657143,399.7191667,0.0,21.1,11.2,20.0,0.0,-22.0,7.4
2025-04-20 00:30:00+00:00,397.7508479,0.0,21.64166667,398.9232899,0.0,21.1,11.2,23.0,0.0,-21.0,7.4
2025-04-20 00:45:00+00:00,398.0155772,0.0,21.6,398.5438339,0.0,21.1,11.2,26.0,0.0,-20.0,7.3
2025-04-20 01:00:00+00:00,396.7844115,0.0,21.6,398.372675,0.0,21.1,11.2,30.0,0.0,-19.0,7.3
2025-04-20 01:15:00+00:00,397.2538228,0.0,21.60357143,397.975,0.0,21.1,11.2,34.0,0.0,-18.0,7.3
2025-04-20 01:30:00+00:00,396.6868664,0.0,21.6,396.965585,0.0,21.1,11.2,38.0,0.0,-17.0,7.4
2025-04-20 01:45:00+00:00,395.9770698,0.0,21.6,397.5955967,0.0,21.1,11.2,41.0,0.0,-15.0,7.4
2025-04-20 02:00:00+00:00,394.94594,0.0,21.6,396.5070146,0.0,21.07333333,11.16,45.0,0.0,-14.0,7.4
2025-04-20 02:15:00+00:00,394.8311645,0.0,21.6,395.4620313,0.0,21.08393429,11.11333333,48.0,0.0,-12.0,7.4
2025-04-20 02:30:00+00:00,394.9857202,0.0,21.6,395.653389,0.0,21.00719048,11.2,51.0,0.0,-11.0,7.5
2025-04-20 02:45:00+00:00,394.5020594,0.0,21.6,394.8397953,0.0,21.02578396,11.2,55.0,0.0,-9.0,7.5
2025-04-20 03:00:00+00:00,394.2793808,0.0,21.56892857,394.7856436,0.0,21.0,11.2,58.0,0.0,-7.0,7.6
2025-04-20 03:15:00+00:00,393.7439745,0.0,21.5,393.9959821,0.0,21.0,11.2,62.0,0.0,-5.0,7.6
2025-04-20 03:30:00+00:00,392.9525774,0.0,21.5,394.9816092,0.0,21.0,11.2,65.0,0.3,-4.0,7.5
2025-04-20 03:45:00+00:00,393.5567492,0.0,21.5,393.9012933,0.0,21.0,11.2,68.0,0.6,-2.0,7.5
2025-04-20 04:00:00+00:00,392.7095223,0.0,21.51666667,392.3443454,0.0,21.0,11.2,71.0,2.6,0.0,7.4
2025-04-20 04:15:00+00:00,391.8447944,0.0,21.5,392.5793808,0.0,21.0,11.2,73.0,3.8,2.0,7.4
2025-04-20 04:30:00+00:00,392.0070059,0.0,21.5,391.7080182,0.0,21.0,11.2,76.0,6.8,4.0,7.4
2025-04-20 04:45:00+00:00,391.4662177,0.0,21.5,392.0831909,0.0,21.0,11.2,79.0,10.9,6.0,7.4
2025-04-20 05:00:00+00:00,391.3410189,0.0,21.5,392.0092562,0.0,21.0,11.2,83.0,14.95,9.0,7.5
2025-04-20 05:15:00+00:00,390.8451852,0.0,21.5,391.4185042,0.0,21.0,11.2,86.0,18.46666667,11.0,7.5
2025-04-20 05:30:00+00:00,390.2957283,0.0,21.5,391.3177083,0.0,21.0,11.2,89.0,20.68888889,13.0,7.7
2025-04-20 05:45:00+00:00,389.946193,0.0,21.5,390.6015287,0.0,21.0,11.2,92.0,28.69166667,15.0,7.6
2025-04-20 06:00:00+00:00,390.1773652,0.0,21.5,390.6170435,0.0,21.0,11.2,95.0,50.61538462,17.0,7.7
2025-04-20 06:15:00+00:00,389.7069328,0.0,21.5646131,389.8409316,0.0,21.0,11.2,98.0,38.95714286,19.0,7.8
2025-04-20 06:30:00+00:00,388.9447245,0.0,21.51786325,390.3964905,0.0,21.0,11.2,101.0,33.93,21.0,7.6
2025-04-20 06:45:00+00:00,388.9519334,0.0,21.55607143,389.7849153,0.0,21.0,11.2,105.0,40.23333333,23.0,7.4
2025-04-20 07:00:00+00:00,388.364603,0.0,21.6,389.5453032,0.0,21.0,11.2,108.0,51.7625,25.0,7.3
2025-04-20 07:15:00+00:00,388.282659,0.0,21.6,389.4382284,0.0,21.02678571,11.2,112.0,64.28571429,27.0,7.4
2025-04-20 07:30:00+00:00,388.2743203,0.0,21.6,389.0801036,0.0,21.1582082,11.2,115.0,77.0625,29.0,7.6
2025-04-20 07:45:00+00:00,388.2524838,0.0,21.6,388.7886865,0.0,21.1,11.2,118.0,95.45384615,31.0,7.8
2025-04-20 08:00:00+00:00,387.3590278,0.0,21.6,388.5359569,0.0,21.1,11.10535714,122.5,84.85,33.0,8.0
2025-04-20 08:15:00+00:00,387.0009804,0.0,21.64,388.5087335,0.0,21.16545455,11.1,127.0,120.48,35.0,7.9
2025-04-20 08:30:00+00:00,386.6335777,0.0,21.63571429,388.7216892,0.0,21.25282738,11.1,131.0,129.5923077,37.0,7.7
2025-04-20 08:45:00+00:00,387.230934,0.0,21.7,387.4862037,0.0,21.3,11.1,135.0,125.9733333,38.0,7.8
2025-04-20 09:00:00+00:00,386.176643,0.0,21.7,388.0560345,0.0,21.25625,11.12,139.0,131.9666667,40.0,7.8
2025-04-20 09:15:00+00:00,386.214963,0.0,21.7,386.8073366,0.0,21.28380952,11.2,143.0,178.2933333,41.0,8.1
2025-04-20 09:30:00+00:00,386.7351839,0.0,21.71339286,386.6719746,0.0,21.4,11.2,148.6666667,162.7266667,42.0,8.3
2025-04-20 09:45:00+00:00,386.4584768,0.0,21.8,387.539888,0.0,21.3125,11.275,154.0,128.7333333,44.0,8.1
2025-04-20 10:00:00+00:00,386.2016667,0.0,21.8,387.1911371,0.0,21.48095238,11.375,158.0,128.0266667,45.0,8.2
2025-04-20 10:15:00+00:00,385.9104118,0.0,21.8,386.2882357,0.0,21.48526786,11.43229167,163.0,189.9266667,45.0,8.6
2025-04-20 10:30:00+00:00,386.1742051,0.0,21.8,387.2999167,0.0,21.5,11.5,169.0,149.9,46.0,8.9
2025-04-20 10:45:00+00:00,385.11875,0.0,21.8,387.5393791,0.0,21.5,11.5625,174.0,124.9928571,46.0,8.8
2025-04-20 11:00:00+00:00,385.5936508,0.0,21.82133333,386.734309,0.0,21.5,11.6,179.0,76.28,47.0,8.8
2025-04-20 11:15:00+00:00,385.338961,0.0,21.8,386.6641506,0.0,21.5,11.69032738,184.0,88.32142857,47.0,8.4
2025-04-20 11:30:00+00:00,385.6034074,0.0,21.8,386.6889135,0.0,21.5,11.7,189.5,65.1,46.0,8.6
2025-04-20 11:45:00+00:00,384.3259641,0.0,21.8,386.7021214,0.0,21.5,11.70980952,195.0,53.59,46.0,8.7
2025-04-20 12:00:00+00:00,384.1180184,0.0,21.8,386.3768143,0.0,21.5,11.8,200.0,54.28333333,46.0,8.6
2025-04-20 12:15:00+00:00,383.9458333,0.0,21.8,386.0836497,0.0,21.5,11.82,205.0,88.65454545,45.0,8.8
2025-04-20 12:30:00+00:00,384.882564,0.0,21.8,385.5727052,0.0,21.5,11.9,211.0,87.68571429,44.0,9.0
2025-04-20 12:45:00+00:00,385.4111111,0.0,21.8,385.8922101,0.0,21.5,11.9,215.0,68.71818182,43.0,9.0
2025-04-20 13:00:00+00:00,384.3898292,0.0,21.8,385.448447,0.0,21.5,11.9,219.0,68.82,42.0,9.1
2025-04-20 13:15:00+00:00,384.1511995,0.0,21.8,385.3803662,0.0,21.5,11.9,223.0,59.67272727,40.0,9.1
2025-04-20 13:30:00+00:00,384.0734921,0.0,21.8,385.7620391,0.0,21.5,11.9,227.0,59.05714286,39.0,9.1
2025-04-20 13:45:00+00:00,384.6101493,0.0,21.8,384.2020202,0.0,21.5,11.9,231.5,58.41,37.0,9.2
2025-04-20 14:00:00+00:00,384.3250772,0.0,21.8,384.2273148,0.0,21.5,11.9,236.0,81.43636364,35.0,9.1
2025-04-20 14:15:00+00:00,384.5024695,0.0,21.8,385.3785147,0.0,21.5,11.9,240.0,81.775,34.0,9.3
2025-04-20 14:30:00+00:00,384.7383987,0.0,21.8,384.4661184,0.0,21.5,11.9875,244.0,55.45555556,32.0,9.1
2025-04-20 14:45:00+00:00,383.9582492,0.0,21.8,384.4654844,0.0,21.5,12.0,247.0,62.08461538,30.0,9.1
2025-04-20 15:00:00+00:00,383.9152253,0.0,21.8,383.890098,0.0,21.5,12.0,250.5,45.88,28.0,9.1
2025-04-20 15:15:00+00:00,384.0647525,0.0,21.8,383.9749124,0.0,21.4327619,12.07454545,255.0,44.27,26.0,8.9
2025-04-20 15:30:00+00:00,383.2810506,0.0,21.8,383.4240147,0.0,21.41339286,12.125,258.0,30.53333333,24.0,9.0
2025-04-20 15:45:00+00:00,382.9493464,0.0,21.8,383.425,0.0,21.3,12.2,261.0,30.71,22.0,8.7
2025-04-20 16:00:00+00:00,382.3707071,0.0,21.8,383.2602094,0.0,21.3,12.2,264.0,30.81666667,20.0,8.6
2025-04-20 16:15:00+00:00,382.199548,0.0,21.7525,382.9247899,0.0,21.3,12.215,267.0,21.3,16.0,8.6
2025-04-20 16:30:00+00:00,382.0439153,0.0,21.72,382.7372259,0.0,21.34088889,12.3,270.0,12.0,13.0,8.2
2025-04-20 16:45:00+00:00,381.9348958,0.0,21.7,382.6598761,0.0,21.34166667,12.3,273.5,15.42,11.0,8.3
2025-04-20 17:00:00+00:00,381.7518519,0.0,21.7,382.7648529,0.0,21.2,12.38666667,277.0,20.7,9.0,8.4
2025-04-20 17:15:00+00:00,382.5754386,0.0,21.7,382.7701351,0.0,21.2,12.4,279.0,16.5,7.0,8.6
2025-04-20 17:30:00+00:00,382.2816667,0.0,21.7,382.3897436,0.0,21.2,12.4,282.0,12.5,5.0,8.6
2025-04-20 17:45:00+00:00,381.9026884,0.0,21.7,381.7348049,0.0,21.2,12.4,285.0,5.5,3.0,8.5
2025-04-20 18:00:00+00:00,381.651222,0.0,21.7,381.726321,0.0,21.2,12.4,288.0,1.7,1.0,8.6
2025-04-20 18:15:00+00:00,382.0975,0.0,21.7,381.497925,0.0,21.23888889,12.4,291.0,0.4,-1.0,8.6
2025-04-20 18:30:00+00:00,382.6666216,0.0,21.7,381.5396086,0.0,21.26113839,12.4,295.0,0.0,-3.0,8.6
2025-04-20 18:45:00+00:00,382.7326593,0.0,21.7,381.7758592,0.0,21.2,12.4,298.0,0.0,-5.0,8.6
2025-04-20 19:00:00+00:00,382.2031746,0.0,21.7,381.9517045,0.0,21.2,12.3375,301.0,0.0,-7.0,8.6
2025-04-20 19:15:00+00:00,382.4453463,0.0,21.7,383.60867,0.0,21.2,12.3,304.0,0.0,-8.0,8.6
2025-04-20 19:30:00+00:00,386.345873,0.0,21.65333333,399.9774645,0.0,21.2,12.3,307.0,0.0,-10.0,8.7
2025-04-20 19:45:00+00:00,400.1262792,0.0,21.64930556,400.2136055,0.0,21.2,12.2425,311.0,0.0,-12.0,8.7
2025-04-20 20:00:00+00:00,400.9410545,0.0,21.6,401.8987062,0.0,21.27613675,12.2,314.0,0.0,-13.0,8.8
2025-04-20 20:15:00+00:00,400.5619743,0.0,21.6,400.6298844,0.0,21.3,12.2,318.0,0.0,-15.0,8.9
2025-04-20 20:30:00+00:00,400.2538272,0.0,21.6,400.9707955,0.0,21.3,12.2,322.0,0.0,-16.0,9.0
2025-04-20 20:45:00+00:00,400.4215176,0.0,21.6,400.9191137,0.0,21.3,12.2,325.0,0.0,-18.0,9.0
2025-04-20 21:00:00+00:00,401.2565868,0.0,21.6,400.6672791,0.0,21.3,12.2,328.0,0.0,-19.0,9.0
2025-04-20 21:15:00+00:00,400.3351826,0.0,21.6,399.9797453,0.0,21.25520833,12.1625,332.0,0.0,-20.0,9.1
2025-04-20 21:30:00+00:00,400.770816,0.0,21.6,399.3243379,0.0,21.3,12.1,337.0,0.0,-21.0,8.9
2025-04-20 21:45:00+00:00,399.5298611,0.0,21.6,399.2376666,0.0,21.3,12.1,340.0,0.0,-21.0,8.8
2025-04-20 22:00:00+00:00,399.5420443,0.0,21.6,399.4730348,0.0,21.13624188,12.1,343.0,0.0,-22.0,8.7
2025-04-20 22:15:00+00:00,399.3880291,0.0,21.6,399.0037433,0.0,21.12966931,12.1,347.0,0.0,-22.0,8.8
2025-04-20 22:30:00+00:00,399.3286648,0.0,21.57859375,399.4027314,0.0,21.17701389,12.04375,351.0,0.0,-23.0,8.9
2025-04-20 22:45:00+00:00,398.171824,0.0,21.52,398.9180479,0.0,21.1,12.0,355.0,0.0,-23.0,8.8
2025-04-20 23:00:00+00:00,397.7582303,0.0,21.5,398.8835239,0.0,21.1,12.0,179.5,0.0,-23.0,9.0
2025-04-20 23:15:00+00:00,398.927089,0.0,21.5,398.9308813,0.0,21.1,12.0,3.0,0.0,-23.0,8.7
2025-04-20 23:30:00+00:00,398.0094922,0.0,21.5,398.8806818,0.0,21.1,12.0,7.0,0.0,-23.0,8.6
2025-04-20 23:45:00+00:00,399.3547148,0.0,21.5,398.431053,0.0,21.1,12.0,11.0,0.0,-22.0,8.5
2025-04-21 00:00:00+00:00,398.2440918,0.0,21.5,398.6388889,0.0,21.15535714,12.0,15.5,0.0,-22.0,8.6
2025-04-21 00:15:00+00:00,397.8803476,0.0,21.5,398.7031312,0.0,21.2,12.0,20.0,0.0,-21.0,8.6
2025-04-21 00:30:00+00:00,398.0981524,0.0,21.5,398.2268915,0.0,21.2,11.94,23.0,0.0,-20.0,8.7
2025-04-21 00:45:00+00:00,397.807297,0.0,21.5,397.5345633,0.0,21.2,11.9,26.0,0.0,-19.0,8.6
2025-04-21 01:00:00+00:00,397.2362927,0.0,21.5,397.4830344,0.0,21.19185185,11.9,30.0,0.0,-18.0,8.6
2025-04-21 01:15:00+00:00,397.2318665,0.0,21.5,397.3567473,0.0,21.04494792,11.9,34.0,0.0,-17.0,8.8
2025-04-21 01:30:00+00:00,396.1667333,0.0,21.5,398.3203597,0.0,21.13333333,11.9,38.0,0.0,-16.0,8.8
2025-04-21 01:45:00+00:00,395.8595752,0.0,21.51333333,398.0486183,0.0,21.39361905,11.9,41.0,0.0,-14.0,8.7
2025-04-21 02:00:00+00:00,396.9649038,0.0,21.6425,397.378245,0.0,21.63881944,11.9,45.0,0.0,-13.0,8.7
2025-04-21 02:15:00+00:00,396.1363636,0.0,21.7,397.5167558,0.0,21.75733333,11.9,48.0,0.0,-11.0,8.9
2025-04-21 02:30:00+00:00,396.5865385,0.0,21.78125,397.6566629,0.0,21.83177083,11.9,51.0,0.0,-10.0,8.7
2025-04-21 02:45:00+00:00,395.3947368,0.0,21.90666667,398.1835673,0.0,21.90666667,11.8,54.0,0.0,-8.0,8.7
2025-04-21 03:00:00+00:00,397.3196315,48.05631868,22.02604167,401.4420986,43.64111809,22.00178571,13.38815789,57.0,0.0,-6.0,8.6
2025-04-21 03:15:00+00:00,408.2515301,60.31430887,22.1,404.6823529,61.83160173,22.1,19.25949206,62.0,0.0,-4.0,8.7
2025-04-21 03:30:00+00:00,426.3121284,60.10076628,22.1,413.9097048,61.6890931,22.13984375,16.88421875,65.0,0.4,-2.0,8.5
2025-04-21 03:45:00+00:00,438.3655518,59.90313284,22.1,423.148227,61.77462064,22.2,16.91445299,67.0,1.3,0.0,9.6
2025-04-21 04:00:00+00:00,450.0049682,59.46042929,22.19375,435.0828638,61.32220058,22.2,17.248125,70.0,3.3,2.0,9.1
2025-04-21 04:15:00+00:00,457.6237276,60.12405462,22.2,446.3450617,61.52430768,22.2,17.06666667,73.0,6.4,4.0,8.9
2025-04-21 04:30:00+00:00,461.2863135,59.3608809,22.2,454.7254474,60.88880037,22.25878788,17.20101852,76.0,13.4,6.0,9.2
2025-04-21 04:45:00+00:00,465.9924682,59.73889066,22.21319444,461.6542845,61.83526768,22.3,17.20625,79.0,24.5,8.0,9.2
2025-04-21 05:00:00+00:00,469.6795412,59.48356009,22.3,466.7972102,61.92022178,22.3,17.10944444,83.0,29.4,10.0,9.7
2025-04-21 05:15:00+00:00,474.5036458,59.82372507,22.3,471.2254093,61.5729671,22.3,17.27375,86.0,37.1625,12.0,9.7
2025-04-21 05:30:00+00:00,477.4885234,63.74760684,22.3,475.116241,62.5286872,22.31180556,17.13125,89.0,45.175,14.0,9.3
2025-04-21 05:45:00+00:00,480.2798535,63.89022788,22.3,477.2514396,62.63233855,22.4,17.07521368,92.0,48.76666667,16.0,9.1
2025-04-21 06:00:00+00:00,481.2710776,63.67421847,22.27634943,481.0073458,61.97190625,22.29125,17.29883929,95.0,46.36666667,18.0,9.2
2025-04-21 06:15:00+00:00,482.6876984,63.89756071,22.2,483.9022061,62.34625868,22.10486935,17.13850794,98.0,42.3,20.0,9.1
2025-04-21 06:30:00+00:00,484.0976139,63.80208489,22.13125,485.8897312,62.12881002,21.87167118,17.29921875,101.0,45.08333333,22.0,9.2
2025-04-21 06:45:00+00:00,486.0379011,63.44638468,22.1,488.3882353,62.28611111,21.9,17.08125,105.0,54.7,24.0,9.3
2025-04-21 07:00:00+00:00,486.6599964,63.88774271,22.03233333,490.3319237,62.48628419,21.9,17.08166667,108.0,64.24,27.0,9.5
2025-04-21 07:15:00+00:00,486.9614313,63.65648231,22.0,490.6474257,61.90333374,21.9,17.17622768,112.0,78.075,29.0,9.8
2025-04-21 07:30:00+00:00,487.0023674,63.38595522,22.0,491.8971154,62.12914456,21.9,17.06492063,115.0,114.8769231,31.0,10.0
2025-04-21 07:45:00+00:00,485.697982,63.15409957,22.0,490.8362745,62.1695667,21.9,16.79379464,118.0,83.225,32.0,10.4
2025-04-21 08:00:00+00:00,484.5164998,63.31021656,22.0,489.4227492,62.24487686,21.9,16.93203463,122.5,141.3533333,34.0,10.1
2025-04-21 08:15:00+00:00,483.7166271,63.30977339,22.0,488.3861806,62.41973047,21.9,17.14613095,127.0,194.65,36.0,10.0
2025-04-21 08:30:00+00:00,483.6809211,63.51333454,22.025,486.1721468,62.18828922,21.88370536,16.98308532,131.0,453.78,38.0,10.3
2025-04-21 08:45:00+00:00,483.5470977,63.3242619,22.1,486.7880767,62.16117614,21.95916667,16.73602694,135.0,507.62,40.0,11.6
2025-04-21 09:00:00+00:00,481.9484779,63.33122316,22.15625,486.2644652,62.06544974,22.0125,16.796875,140.0,483.7133333,41.0,12.9
2025-04-21 09:15:00+00:00,482.3857493,63.23279393,22.215,485.173579,62.34060809,22.1,17.2,144.0,297.06,43.0,13.5
2025-04-21 09:30:00+00:00,482.1707208,63.11640487,22.3,485.5974245,62.01724169,22.1,17.11291667,148.5,230.88,44.0,13.0
2025-04-21 09:45:00+00:00,481.6750052,63.6171344,22.26666667,485.9154553,62.22938299,22.1,17.04666667,154.0,147.91,45.0,12.4
2025-04-21 10:00:00+00:00,482.1128509,63.56236627,22.235,485.9401782,62.14632035,21.96953125,17.06696429,159.0,166.62,46.0,12.3
2025-04-21 10:15:00+00:00,482.5494003,63.33634957,22.24444444,486.2411111,62.11533412,22.06888889,16.98601443,163.0,196.6583333,46.0,12.2
2025-04-21 10:30:00+00:00,482.0699979,63.19383061,22.3,485.5824357,62.18164348,22.1,16.9,168.0,183.95,47.0,12.2
2025-04-21 10:45:00+00:00,481.6618306,63.37446738,22.3,485.3976697,62.29812372,22.1,17.14381629,173.5,191.5333333,47.0,12.1
2025-04-21 11:00:00+00:00,481.5872451,63.12052545,22.3,485.5560499,61.711891,22.1,17.00407407,179.0,272.1466667,47.0,12.2
2025-04-21 11:15:00+00:00,481.7831933,63.60114774,22.3,483.9796152,62.24784322,22.1,16.98125,185.0,344.8,47.0,12.1
2025-04-21 11:30:00+00:00,481.352862,63.50639442,22.3,484.0113333,62.46631393,22.1,17.06366667,190.0,496.6466667,46.0,12.2
2025-04-21 11:45:00+00:00,482.1292189,62.99606703,22.31432292,484.721968,62.01511797,22.1,17.04285714,195.0,497.6266667,46.0,12.2
2025-04-21 12:00:00+00:00,482.9243843,63.95501487,22.37657143,485.1586922,62.4553963,22.18231481,17.31170707,200.0,498.58,45.0,13.1
2025-04-21 12:15:00+00:00,482.3708724,63.11361859,22.4,485.2099632,62.27453796,22.2,17.20989583,205.0,500.54,44.0,13.0
2025-04-21 12:30:00+00:00,483.628125,63.5955665,22.4,486.0881481,62.20967078,22.2,17.02777778,210.0,276.9066667,43.0,13.0
2025-04-21 12:45:00+00:00,483.3067911,63.19683862,22.4,486.1086262,61.90372568,22.18125,17.02604167,215.5,189.5272727,42.0,13.7
2025-04-21 13:00:00+00:00,482.7126958,63.55020257,22.4,486.5897787,62.1925441,22.17777778,16.95,220.0,141.275,41.0,13.3
2025-04-21 13:15:00+00:00,482.9736639,63.46560535,22.38854167,486.8308732,62.09760625,22.17678571,16.96724702,224.0,247.8428571,39.0,13.0
2025-04-21 13:30:00+00:00,483.4091503,63.22375661,22.32589286,487.3578469,62.62492743,22.1,17.003125,228.0,176.4666667,38.0,13.6
2025-04-21 13:45:00+00:00,482.7634904,63.04105091,22.24777778,487.2071155,62.25461317,22.1,16.96,232.0,133.2888889,36.0,12.8
2025-04-21 14:00:00+00:00,482.5568064,63.96148148,22.2,487.4196499,63.00386745,22.1,16.9625,237.0,155.6785714,34.0,14.2
2025-04-21 14:15:00+00:00,482.9706675,63.46626611,22.2,487.8363059,62.02073129,22.01333333,16.40208333,241.0,112.66,32.0,12.0
2025-04-21 14:30:00+00:00,484.0381558,63.72326534,22.2,487.290215,62.71181371,22.0,17.06541419,244.0,84.2,30.0,12.8
2025-04-21 14:45:00+00:00,484.1755216,63.20713406,22.2,487.4057323,62.40668291,22.0,16.98355556,247.0,74.33333333,28.0,11.9
2025-04-21 15:00:00+00:00,484.0127407,63.12021717,22.2,487.4045533,62.17905351,21.92407062,16.34414931,251.0,55.67,26.0,11.4
2025-04-21 15:15:00+00:00,484.5984917,62.98536325,22.15,488.4327652,61.60727273,21.9,17.2693956,254.0,63.24545455,24.0,11.8
2025-04-21 15:30:00+00:00,483.8110861,63.24604264,22.1,487.4053659,61.83609415,21.9,16.12313973,257.0,89.05384615,22.0,11.7
2025-04-21 15:45:00+00:00,484.2129947,63.40117944,22.1,487.9524457,62.38956946,21.9,17.19395833,261.0,60.37777778,20.0,11.9
2025-04-21 16:00:00+00:00,484.526045,63.55837017,22.1,487.399418,62.76934866,21.87333333,16.76571429,264.0,79.29285714,18.0,11.8
2025-04-21 16:15:00+00:00,484.5829095,63.69797482,22.1,486.9822313,62.6437,21.95,16.52323529,267.0,195.9333333,16.0,12.9
2025-04-21 16:30:00+00:00,484.3846182,63.09074074,22.19,487.3620321,62.36063955,22.1125,17.18708333,270.0,160.9066667,14.0,13.8
2025-04-21 16:45:00+00:00,484.6860975,63.91724654,22.28571429,487.6723392,62.02036671,22.2,17.12916667,273.0,105.54,12.0,13.5
2025-04-21 17:00:00+00:00,484.0474642,63.63952381,22.3,487.5756329,62.52409467,22.2,16.44970588,276.0,63.08571429,10.0,13.1
2025-04-21 17:15:00+00:00,484.2937067,63.41072376,22.24019048,487.6705975,62.28755031,22.13777778,17.09809524,280.0,31.05,8.0,13.1
2025-04-21 17:30:00+00:00,484.4845106,63.77337639,22.2,488.129171,62.0775264,22.03,17.26636905,282.0,293.1666667,6.0,13.0
2025-04-21 17:45:00+00:00,484.937995,63.33341658,22.09166667,488.1426995,62.37219018,21.96666667,16.59692308,285.5,12.7,4.0,12.8
2025-04-21 18:00:00+00:00,484.5596343,5.987225193,22.0909375,487.6510538,9.805064131,21.95625,18.26625,289.0,7.7,2.0,12.3
2025-04-21 18:15:00+00:00,483.9664155,0.0,22.1,486.2757319,0.0,21.925,18.2,292.0,3.65,0.0,11.7
2025-04-21 18:30:00+00:00,484.4428392,0.0,22.1,485.6447593,0.0,21.9,18.121875,295.0,0.7,-2.0,10.7
2025-04-21 18:45:00+00:00,483.3805071,0.0,22.1,485.3529621,0.0,21.9,17.95555556,298.0,0.1,-4.0,10.0
2025-04-21 19:00:00+00:00,482.1358507,0.0,22.07238095,485.4309013,0.0,21.9,17.74133333,301.0,0.0,-6.0,9.6
2025-04-21 19:15:00+00:00,480.8488584,0.0,22.0,485.1121066,0.0,21.825,17.45342262,304.5,0.0,-8.0,9.5
2025-04-21 19:30:00+00:00,479.9616506,0.0,22.0,483.9848485,0.0,21.8,17.04607407,308.0,0.0,-9.0,9.6
2025-04-21 19:45:00+00:00,479.2294643,0.0,21.99375,482.7126134,0.0,21.8,16.55,311.0,0.0,-11.0,9.7
2025-04-21 20:00:00+00:00,478.1823905,0.0,21.93555556,482.2682468,0.0,21.74666667,16.08592593,315.0,0.0,-12.0,9.7
2025-04-21 20:15:00+00:00,477.5235457,0.0,21.9,481.5416594,0.0,21.7,15.6296875,318.0,0.0,-14.0,9.4
2025-04-21 20:30:00+00:00,476.9791609,0.0,21.89791667,481.0631235,0.0,21.7,15.23125,321.0,0.0,-15.0,9.4
2025-04-21 20:45:00+00:00,476.5824255,0.0,21.8,479.7084058,0.0,21.7,14.86666667,325.0,0.0,-17.0,9.7
2025-04-21 21:00:00+00:00,476.3932597,0.0,21.8,479.4336117,0.0,21.63565693,14.641875,329.0,0.0,-18.0,9.4
2025-04-21 21:15:00+00:00,475.2272923,0.0,21.8,477.9927348,0.0,21.6,14.34088889,332.0,0.0,-19.0,9.6
2025-04-21 21:30:00+00:00,474.0336538,0.0,21.8,477.6229652,0.0,21.6,14.12720238,336.0,0.0,-20.0,9.3
2025-04-21 21:45:00+00:00,472.9270194,0.0,21.8,476.0245812,0.0,21.52653061,13.93333333,340.0,0.0,-21.0,9.2
2025-04-21 22:00:00+00:00,472.2422222,0.0,21.7,474.0539773,0.0,21.44910714,13.7875,344.0,0.0,-21.0,9.3
2025-04-21 22:15:00+00:00,471.61478,0.0,21.7,474.1363042,0.0,21.5,13.57333333,348.0,0.0,-22.0,9.5
2025-04-21 22:30:00+00:00,470.8676471,0.0,21.7,473.0526139,0.0,21.5,13.46160714,351.0,0.0,-22.0,9.2
2025-04-21 22:45:00+00:00,470.573631,0.0,21.7,472.3922417,0.0,21.45,13.25798611,355.0,0.0,-23.0,9.1
2025-04-21 23:00:00+00:00,469.4153499,0.0,21.7,471.438297,0.0,21.34121212,13.09333333,179.0,0.0,-23.0,8.7
2025-04-21 23:15:00+00:00,468.6876534,0.0,21.63125,470.5351229,0.0,21.4,12.90703125,3.0,0.0,-23.0,8.5
2025-04-21 23:30:00+00:00,468.2810701,0.0,21.6,470.0161255,0.0,21.4,12.76833333,7.0,0.0,-22.0,8.5
2025-04-21 23:45:00+00:00,467.5988396,0.0,21.6,467.7610626,0.0,21.32321429,12.6375,11.0,0.0,-22.0,8.3
2025-04-22 00:00:00+00:00,466.0636796,0.0,21.6,468.0711538,0.0,21.2,12.575,15.5,0.0,-22.0,8.7
2025-04-22 00:15:00+00:00,465.1644306,0.0,21.5625,468.2304347,0.0,21.2375,12.41875,20.0,0.0,-21.0,8.7
2025-04-22 00:30:00+00:00,465.7664745,0.0,21.531875,466.982443,0.0,21.3,12.35,23.0,0.0,-20.0,8.8
2025-04-22 00:45:00+00:00,464.8412473,0.0,21.5,465.9031746,0.0,21.3,12.21428571,26.0,0.0,-19.0,8.9
2025-04-22 01:00:00+00:00,464.3812774,0.0,21.5,465.7838082,0.0,21.19382576,12.1,30.0,0.0,-18.0,8.8
2025-04-22 01:15:00+00:00,463.5347192,0.0,21.5,464.5158437,0.0,21.1,12.1,34.0,0.0,-17.0,8.5
2025-04-22 01:30:00+00:00,462.5650253,0.0,21.5,464.2162733,0.0,21.1,12.0625,38.0,0.0,-16.0,8.5
2025-04-22 01:45:00+00:00,461.8145833,0.0,21.5,463.4448052,0.0,21.17142857,12.0,41.0,0.0,-15.0,8.5
2025-04-22 02:00:00+00:00,461.0445209,0.0,21.5,462.6131591,0.0,21.2,11.90916667,45.0,0.0,-13.0,8.6
2025-04-22 02:15:00+00:00,460.9536502,0.0,21.47180952,463.8804487,0.0,21.13333333,11.9,48.0,0.0,-12.0,8.3
2025-04-22 02:30:00+00:00,462.7334877,0.0,21.51875,471.2876278,0.0,21.27766369,11.9,51.0,0.0,-10.0,8.3
2025-04-22 02:45:00+00:00,478.0564152,0.0,21.5984375,482.0604373,0.0,21.59171627,11.9,54.0,0.0,-8.0,8.2
2025-04-22 03:00:00+00:00,482.6215806,44.00651709,21.72648148,483.7287009,41.22068182,21.78818519,13.97205882,57.0,0.0,-6.0,9.7
2025-04-22 03:15:00+00:00,483.1546577,55.71323529,21.74375,484.7725694,57.96911728,21.90703125,18.94789916,61.0,0.0,-5.0,13.2
2025-04-22 03:30:00+00:00,486.0580247,57.13191223,21.87666667,485.707347,60.67106585,22.0,16.33122222,64.0,0.0,-3.0,13.6
2025-04-22 03:45:00+00:00,486.7860552,57.10985653,21.9,485.8756982,60.51347374,22.01625,17.30241071,67.0,0.9,-1.0,13.3
2025-04-22 04:00:00+00:00,486.565,57.02939245,21.9,485.8549178,60.19943041,22.0,17.564,70.0,2.9,1.0,13.6
2025-04-22 04:15:00+00:00,486.3569853,60.18342529,21.975,486.4194712,60.25164835,22.0,16.50073529,73.0,7.0,3.0,13.1
2025-04-22 04:30:00+00:00,485.1646415,63.33653689,22.0,486.7468138,60.37184894,22.01223958,16.89375,76.0,9.2,5.0,13.0
2025-04-22 04:45:00+00:00,487.5085227,63.71441017,21.98666667,487.4808429,60.71079989,22.1,17.21472222,79.0,7.5,7.0,12.7
2025-04-22 05:00:00+00:00,500.1883015,63.29116402,21.94984375,490.1992424,60.90867294,22.13020833,17.13046875,83.0,10.5,9.0,11.3
2025-04-22 05:15:00+00:00,519.9459896,63.36638155,22.07333333,498.9608443,62.69648622,22.13575758,16.60645337,86.0,14.23333333,12.0,10.1
2025-04-22 05:30:00+00:00,532.4245572,63.15941498,22.109375,520.2150514,62.4526776,22.225,17.24375,89.0,18.975,14.0,11.5
2025-04-22 05:45:00+00:00,554.3749206,62.66931337,22.18833333,547.3518292,62.99815744,22.32952381,17.11068783,92.0,28.74,16.0,10.8
2025-04-22 06:00:00+00:00,573.95842,63.27089005,22.26694444,578.3160547,62.23559022,22.34911191,16.90131944,95.0,38.3375,18.0,11.1
2025-04-22 06:15:00+00:00,622.1959637,58.27641922,22.27611111,632.5564409,57.32332743,22.32962963,17.15935374,98.0,52.84,20.0,9.7
2025-04-22 06:30:00+00:00,692.3843364,41.2565881,22.3916369,673.2250958,43.07123729,22.66746032,17.8525,101.0,68.54444444,22.0,9.3
2025-04-22 06:45:00+00:00,787.5381966,64.30375485,22.625,732.7641485,58.56854121,22.8,17.27333333,105.0,102.875,24.0,10.15
2025-04-22 07:00:00+00:00,822.9032162,90.6695432,22.61333333,774.6721349,62.08302387,22.80933333,16.98975397,108.0,138.1571429,26.0,13.2
2025-04-22 07:15:00+00:00,830.5816092,93.39923942,22.68125,800.3108602,64.32129262,22.86410985,17.16647727,112.0,114.5090909,28.0,13.9
2025-04-22 07:30:00+00:00,862.6360659,150.7370664,22.7,803.9132582,68.83550601,22.8,16.88186772,115.0,257.82,30.0,12.7
2025-04-22 07:45:00+00:00,860.9645681,137.9900265,22.7578125,808.811427,73.50231969,22.78644481,17.13085317,118.0,305.0533333,32.0,12.9
2025-04-22 08:00:00+00:00,860.1625303,140.1500761,22.812,786.9974046,62.57884094,22.74104762,16.86266667,122.5,241.1733333,34.0,13.3
2025-04-22 08:15:00+00:00,854.2623339,129.8347712,22.840625,788.1950551,62.83776325,22.765,17.05640625,127.0,279.0,36.0,11.6
2025-04-22 08:30:00+00:00,839.7556741,113.7574242,22.93125,796.1285761,63.44930574,22.80267857,17.14515625,131.0,192.4066667,38.0,11.0
2025-04-22 08:45:00+00:00,822.8674833,90.25548589,23.02222222,806.2292866,72.50314456,22.85407407,17.02365079,135.0,253.4083333,39.0,11
2025-04-22 09:00:00+00:00,854.1053372,130.0721561,23.10575284,809.3759971,72.28305896,22.9,16.83854167,139.0,395.36,41.0,10.9
2025-04-22 09:15:00+00:00,850.905997,130.4927525,23.15333333,823.4127593,93.65944422,22.99428571,16.83809524,143.0,518.9466667,42.0,12.1
2025-04-22 09:30:00+00:00,834.7430355,109.5,23.16041667,814.5762223,83.9114082,22.93571429,17.203125,148.6666667,262.1461538,43.0,12.6
2025-04-22 09:45:00+00:00,797.0148969,65.95414404,23.30453515,788.3583402,69.03290818,22.85333333,17.00595238,154.0,259.6642857,44.0,12.4
2025-04-22 10:00:00+00:00,807.8840618,73.97064662,23.32972222,761.9023113,65.10317456,22.89675347,17.075,158.0,295.15,45.0,12.7
2025-04-22 10:15:00+00:00,837.5089226,110.5435388,23.33085714,780.9279904,64.94037213,23.04433333,17.24,163.0,419.28,46.0,13.1
2025-04-22 10:30:00+00:00,818.7976375,92.28341965,23.4,793.0562213,64.57754851,23.08022727,17.11625,169.0,611.8333333,47.0,13.8
2025-04-22 10:45:00+00:00,818.774642,82.46247829,23.46790476,797.9053545,65.35282688,23.09032468,16.98839683,174.0,385.9533333,47.0,15.7
2025-04-22 11:00:00+00:00,861.7301136,141.5969872,23.55318519,801.5740563,66.54087649,23.2,16.91333333,179.0,289.6,47.0,15.2
2025-04-22 11:15:00+00:00,859.512653,142.7403648,23.36635587,792.8241925,65.85456086,23.1673138,17.04632479,184.0,63.5,47.0,14.7
2025-04-22 11:30:00+00:00,845.3099514,124.1911066,23.51763393,816.5308026,82.14636502,23.14375,16.925,189.5,43.02307692,47.0,13.3
2025-04-22 11:45:00+00:00,821.6873699,99.34967382,23.43800265,830.4079426,104.3369899,23.27441595,16.77619048,195.0,50.18181818,47.0,12.4
2025-04-22 12:00:00+00:00,822.3406841,89.68954678,23.41447917,816.7426894,85.94600952,23.21645833,17.27479167,200.0,55.15,46.0,12.0
2025-04-22 12:15:00+00:00,846.0471461,119.1193337,23.56102431,804.8916795,71.42476608,23.18385417,16.9609375,205.0,144.1857143,45.0,11.6
2025-04-22 12:30:00+00:00,842.3768339,128.80856,23.48880952,798.9017779,63.81155207,23.1325,16.9,211.0,126.7866667,44.0,11.7
2025-04-22 12:45:00+00:00,856.3124152,135.6054558,23.52513889,794.7286797,64.24664502,23.2,16.79375,215.0,95.73846154,43.0,11.7
2025-04-22 13:00:00+00:00,824.1253324,109.4246367,23.378,808.9562082,76.01750466,23.1,16.90714286,219.0,82.42727273,42.0,11.3
2025-04-22 13:15:00+00:00,757.703356,65.67969349,23.3875,775.1278912,63.89709429,23.01875,16.99375,223.0,82.88571429,40.0,11.1
2025-04-22 13:30:00+00:00,704.412223,60.46511294,23.4,719.2309382,62.65221507,23.0,16.89236111,227.0,103.0,39.0,10.8
2025-04-22 13:45:00+00:00,670.7248161,60.70945919,23.2718254,691.1504879,62.54164734,23.0,16.81730159,231.5,84.37272727,37.0,10.6
2025-04-22 14:00:00+00:00,643.9359882,64.165903,23.175,675.9089158,63.58967757,22.90972222,17.50080357,236.0,114.75,36.0,10.6
2025-04-22 14:15:00+00:00,621.1622297,65.05649619,23.17392399,652.3110149,65.28676314,22.84627451,16.61638258,240.0,143.1214286,34.0,11.4
2025-04-22 14:30:00+00:00,600.165563,65.33937243,23.07232143,625.2791302,65.1445172,22.76004464,17.10833333,244.0,121.8642857,32.0,12.4
2025-04-22 14:45:00+00:00,583.9387113,66.19881861,22.99333333,601.8263858,65.85495914,22.66666667,17.29049851,247.0,118.9933333,30.0,12.1
2025-04-22 15:00:00+00:00,569.7408065,66.19671477,22.91205357,583.926925,65.59570719,22.6,16.9784375,250.5,131.68,28.0,11.7
2025-04-22 15:15:00+00:00,554.6087964,65.42397856,22.81733333,565.7639942,65.10741007,22.58333333,16.41320635,255.0,68.55,26.0,11.6
2025-04-22 15:30:00+00:00,545.0058076,65.58172772,22.9,554.982286,65.54294949,22.47142857,17.56416667,258.0,46.07,24.0,11.8
2025-04-22 15:45:00+00:00,536.2320112,65.50565036,22.78952381,543.6591901,65.56237495,22.4,15.913125,261.0,62.57692308,22.0,11.3
2025-04-22 16:00:00+00:00,530.2203606,66.39977843,22.78230884,538.4961478,65.89041837,22.37342287,17.61003923,264.0,45.12222222,20.0,11.7
2025-04-22 16:15:00+00:00,522.9197115,65.6088002,22.66,527.9745774,66.09074358,22.3,16.42281481,267.0,33.48888889,18.0,11.8
2025-04-22 16:30:00+00:00,517.6118873,65.85562993,22.56145833,522.4246945,65.98376722,22.2125,16.26484375,270.0,46.58333333,16.0,11.2
2025-04-22 16:45:00+00:00,513.8397093,65.53071966,22.58722222,517.9838201,65.05086661,22.2,17.57032967,273.5,34.05714286,14.0,11.1
2025-04-22 17:00:00+00:00,511.7449885,65.47930403,22.51769841,515.1919046,64.61502578,22.1890625,16.09369048,277.0,42.875,11.0,11.6
2025-04-22 17:15:00+00:00,509.0592744,65.53540842,22.47248252,516.4819704,65.52822983,22.17185185,17.28461538,280.0,36.8,9.0,12.2
2025-04-22 17:30:00+00:00,505.3148438,66.5510831,22.5,511.0605147,66.05826303,22.2,17.47666667,283.0,24.63333333,7.0,11.2
2025-04-22 17:45:00+00:00,503.9343806,66.17931109,22.49333333,508.1815604,65.86824337,22.12341103,16.28493281,286.0,12.6,5.0,11.1
2025-04-22 18:00:00+00:00,503.3824462,21.3968254,22.41272321,506.443327,20.16936607,22.08389153,18.17886905,289.0,7.6,3.0,10.7
2025-04-22 18:15:00+00:00,503.4237795,0.0,22.4,506.5133102,0.0,22.1,18.3,292.5,3.6,1.0,10.5
2025-04-22 18:30:00+00:00,503.2047697,0.0,22.4,505.7132993,0.0,22.03333333,18.37008547,296.0,0.6,-1.0,10.4
2025-04-22 18:45:00+00:00,502.825346,0.0,22.39895833,504.8876954,0.0,22.0,18.2375,299.0,0.1,-3.0,10.3
2025-04-22 19:00:00+00:00,501.2565476,0.0,22.3,504.6308847,0.0,22.0,17.98,302.0,0.0,-5.0,10.1
2025-04-22 19:15:00+00:00,500.7387212,0.0,22.3,504.9074813,0.0,21.91620192,17.51625,305.0,0.0,-6.0,10.0
2025-04-22 19:30:00+00:00,501.3421104,0.0,22.27619048,504.7205391,0.0,21.9,16.90777778,308.0,0.0,-8.0,9.9
2025-04-22 19:45:00+00:00,500.6138407,0.0,22.2,503.2005208,0.0,21.9,16.31011905,311.0,0.0,-10.0,10.0
2025-04-22 20:00:00+00:00,500.2569643,0.0,22.2,503.0,0.0,21.88993056,15.7156746,314.0,0.0,-12.0,9.8
2025-04-22 20:15:00+00:00,498.9398902,0.0,22.11866667,502.5547425,0.0,21.81878788,15.24666667,318.0,0.0,-13.0,9.7
2025-04-22 20:30:00+00:00,497.9930556,0.0,22.1,502.0216561,0.0,21.8,14.81840278,322.0,0.0,-14.0,9.5
2025-04-22 20:45:00+00:00,497.2745497,0.0,22.1,501.6053869,0.0,21.79851852,14.49230769,325.0,0.0,-16.0,9.2
2025-04-22 21:00:00+00:00,497.199694,0.0,22.05037698,500.0674692,0.0,21.66070617,14.23258929,328.0,0.0,-17.0,9.2
2025-04-22 21:15:00+00:00,496.6391241,0.0,22.0,500.4294505,0.0,21.7,13.91847619,332.0,0.0,-18.0,9.0
2025-04-22 21:30:00+00:00,497.1625011,0.0,22.0,499.7796528,0.0,21.7,13.68333333,337.0,0.0,-19.0,8.9
2025-04-22 21:45:00+00:00,496.4993464,0.0,22.0,498.9230048,0.0,21.7,13.48285714,341.0,0.0,-20.0,8.6
2025-04-22 22:00:00+00:00,496.2134939,0.0,21.95791667,498.4145398,0.0,21.68125,13.2890625,344.0,0.0,-21.0,8.4
2025-04-22 22:15:00+00:00,494.8169118,0.0,21.93125,498.2908365,0.0,21.6,13.0640625,347.0,0.0,-21.0,8.6
2025-04-22 22:30:00+00:00,494.240494,0.0,21.9,497.583566,0.0,21.6,12.97333333,351.0,0.0,-22.0,8.6
2025-04-22 22:45:00+00:00,494.1038566,0.0,21.9,496.1104987,0.0,21.6,12.78666667,355.0,0.0,-22.0,8.3
2025-04-22 23:00:00+00:00,494.2817398,0.0,21.9,496.5800831,0.0,21.58666667,12.61333333,179.5,0.0,-22.0,8.1
2025-04-22 23:15:00+00:00,493.4706354,0.0,21.87400568,496.4698065,0.0,21.4,12.48125,3.0,0.0,-22.0,8.0
2025-04-22 23:30:00+00:00,492.6897489,0.0,21.8,495.3018576,0.0,21.41944444,12.34821429,7.0,0.0,-22.0,7.7
2025-04-22 23:45:00+00:00,492.3915344,0.0,21.8,494.4010769,0.0,21.5,12.23031746,11.0,0.0,-22.0,7.9
2025-04-23 00:00:00+00:00,491.1083333,0.0,21.79886364,493.402972,0.0,21.5,12.09008838,15.5,0.0,-22.0,8.1
2025-04-23 00:15:00+00:00,490.4075353,0.0,21.71095238,492.8225292,0.0,21.4,11.9625,20.0,0.0,-21.0,8.5
2025-04-23 00:30:00+00:00,489.6539325,0.0,21.7,492.2081662,0.0,21.3046875,11.8,23.0,0.0,-20.0,8.4
2025-04-23 00:45:00+00:00,489.2152253,0.0,21.7,492.1508936,0.0,21.4,11.66133333,26.0,0.0,-20.0,8.3
2025-04-23 01:00:00+00:00,487.8383523,0.0,21.7,490.7983707,0.0,21.4,11.6,30.0,0.0,-18.0,8.2
2025-04-23 01:15:00+00:00,487.8011476,0.0,21.7,489.512018,0.0,21.4,11.54,34.0,0.0,-17.0,8.1
2025-04-23 01:30:00+00:00,486.8503728,0.0,21.7,489.1506076,0.0,21.2375,11.44305556,38.0,0.0,-16.0,7.8
2025-04-23 01:45:00+00:00,486.6084252,0.0,21.7,487.9791667,0.0,21.2,11.34375,41.0,0.0,-15.0,8.0
2025-04-23 02:00:00+00:00,486.7176719,0.0,21.69666667,487.5575758,0.0,21.2,11.3,45.0,0.0,-14.0,8.2
2025-04-23 02:15:00+00:00,485.4026869,0.0,21.653125,488.1405885,0.0,21.2,11.3,48.0,0.0,-12.0,8.3
2025-04-23 02:30:00+00:00,486.3089232,0.0,21.67,501.5974338,0.0,21.41331746,11.3,51.0,0.0,-10.0,8.3
2025-04-23 02:45:00+00:00,498.5648048,0.0,21.74947917,512.9519316,0.0,21.665625,11.3,54.0,0.0,-9.0,8.6
2025-04-23 03:00:00+00:00,522.8973554,14.46428571,21.78255556,516.267775,15.15204678,21.85255892,11.46666667,57.0,0.0,-7.0,8.6
2025-04-23 03:15:00+00:00,520.0433853,65.37736928,21.89864583,514.8874145,62.99372864,21.9953125,16.82901838,61.0,0.1,-5.0,8.8
2025-04-23 03:30:00+00:00,515.7283516,65.94708136,22.0,514.8869259,61.31157424,22.091,19.69635854,64.0,1.2,-3.0,8.7
2025-04-23 03:45:00+00:00,515.3983827,66.48064185,21.97482143,513.9779762,61.68013083,22.15,16.46270833,67.0,4.2,-1.0,9.4
2025-04-23 04:00:00+00:00,514.2681011,66.00551107,21.9975,513.3942993,61.30927675,22.2175,17.85142857,70.0,9.2,1.0,8.9
2025-04-23 04:15:00+00:00,512.8576946,65.9970717,22.0734375,512.5519271,61.83648555,22.3,17.1235119,73.0,22.37,4.0,8.4
2025-04-23 04:30:00+00:00,511.7302871,66.08676638,22.1,511.5976719,61.19940516,22.3,17.18092014,76.0,32.78,7.0,8.4
2025-04-23 04:45:00+00:00,510.3186771,66.20241741,22.1,511.9239275,61.7625858,22.24666667,17.92724359,79.0,47.43846154,9.0,8.3
2025-04-23 05:00:00+00:00,509.6276692,65.72217269,22.1,512.3690941,62.00217416,22.12261364,17.10484848,83.0,49.13571429,11.0,8.2
2025-04-23 05:15:00+00:00,512.6725309,66.04272535,22.06546296,529.2948824,61.36524227,22.06666667,17.41025926,86.0,40.04,13.0,8.1
2025-04-23 05:30:00+00:00,518.0787083,65.36847437,22.12569444,531.7428501,61.74771126,22.1,17.4640625,89.0,79.39333333,15.0,8.4
2025-04-23 05:45:00+00:00,521.9527778,65.71278646,22.2,547.0561731,61.81274744,22.19716667,17.05955556,92.0,202.6133333,17.0,8.6
2025-04-23 06:00:00+00:00,540.1860618,66.08896057,22.1375,571.4774979,61.78016727,22.16375,17.24375,95.0,233.8866667,19.0,9.2
2025-04-23 06:15:00+00:00,550.3690947,65.71551724,22.25333333,604.5127618,61.27616902,22.24833333,17.14119048,98.0,267.0133333,21.0,9.9
2025-04-23 06:30:00+00:00,583.3802496,65.72490842,22.28732143,621.0239568,60.72170621,22.3171875,16.81071429,101.0,318.1785714,23.0,10.0
2025-04-23 06:45:00+00:00,621.6490178,64.86462399,22.38777778,651.6714236,60.57138752,22.31333333,17.228,105.0,347.5928571,25.0,10.1
2025-04-23 07:00:00+00:00,650.5630952,65.47489594,22.48125,676.7571559,60.67489954,22.3172619,16.90625,108.0,390.2933333,28.0,10.1
2025-04-23 07:15:00+00:00,652.5290842,65.10325117,22.43077704,668.4111807,62.88165042,22.4,17.19174107,112.0,402.0785714,30.0,10.1
2025-04-23 07:30:00+00:00,649.6715386,65.67938001,22.522,673.7037223,63.31268665,22.4,16.8432037,115.0,402.12,32.0,10.3
2025-04-23 07:45:00+00:00,671.162341,65.38952802,22.54553571,684.4959981,62.94645138,22.44569444,17.0,118.0,440.94,33.0,10.2
2025-04-23 08:00:00+00:00,679.2737019,63.18928765,22.64055556,704.8967292,63.46516732,22.50946165,16.92666667,122.5,370.6533333,35.0,10.8
2025-04-23 08:15:00+00:00,695.5895277,62.87634921,22.71875,722.6211715,63.40643382,22.563125,16.975,127.0,488.4133333,37.0,10.9
2025-04-23 08:30:00+00:00,711.3149373,62.54195284,22.83442593,735.6216797,63.6801138,22.62333333,17.0,131.0,497.3866667,39.0,11.5
2025-04-23 08:45:00+00:00,717.0057299,63.26293103,22.86875,755.4233147,64.630005,22.74375,16.96286458,135.0,499.02,40.0,11.5
2025-04-23 09:00:00+00:00,709.1670254,63.06107979,22.90416667,769.3647822,63.44280766,22.73257906,16.76190476,139.0,506.7666667,42.0,12.0
2025-04-23 09:15:00+00:00,714.9818048,62.8226745,22.94040179,751.2400359,63.25164947,22.7,16.99428571,143.0,415.76,43.0,11.8
2025-04-23 09:30:00+00:00,709.7229767,62.69061929,22.99333333,712.571287,64.11854406,22.7,17.08666667,148.6666667,509.9133333,44.0,11.6
2025-04-23 09:45:00+00:00,690.0407176,62.78199918,22.98666667,687.1796992,63.67771261,22.7,16.8047619,154.0,688.1733333,45.0,12.2
2025-04-23 10:00:00+00:00,678.2092776,62.68259981,22.95260417,687.6384058,63.98457118,22.71875,17.00056548,158.0,488.88,46.0,12.2
2025-04-23 10:15:00+00:00,673.0444647,63.23022901,23.0,717.9371757,64.49718729,22.74143098,17.229,163.0,273.5428571,47.0,12.2
2025-04-23 10:30:00+00:00,676.0995388,62.99669516,23.01763889,685.8553642,63.97331691,22.7,16.93125,169.0,250.9133333,47.0,11.6
2025-04-23 10:45:00+00:00,664.5445289,63.03817273,23.04505208,672.8366515,64.0818184,22.729375,16.9,174.0,604.2,48.0,11.7
2025-04-23 11:00:00+00:00,657.5799357,63.0944177,23.06,678.1924414,64.39970056,22.8431746,16.90793651,179.0,583.4866667,48.0,12.2
2025-04-23 11:15:00+00:00,660.7818521,62.79149684,23.05803571,690.345972,63.82587109,22.9125,16.88113591,184.0,410.68,48.0,12.2
2025-04-23 11:30:00+00:00,659.2828117,63.20486815,23.15777778,708.3626446,64.39628942,22.96722222,16.99771429,189.5,543.0666667,47.0,12.5
2025-04-23 11:45:00+00:00,653.0772529,63.12501924,23.1890625,698.0821843,64.25972624,22.99143791,17.21346154,195.0,742.24,47.0,12.9
2025-04-23 12:00:00+00:00,657.6613998,62.89302608,23.18777778,701.2978036,63.86411217,23.06805556,16.86771429,200.0,548.76,46.0,13.0
2025-04-23 12:15:00+00:00,659.8048378,63.04841035,23.25416667,691.4489636,64.71633571,23.0,16.93069196,205.0,566.6666667,45.0,13.0
2025-04-23 12:30:00+00:00,670.7678282,62.33068783,23.29180556,684.9431353,64.63241562,23.01666667,16.91875,211.0,537.4733333,44.0,13.1
2025-04-23 12:45:00+00:00,659.732503,62.93250268,23.31333333,683.3382312,64.83913518,23.1,16.91456085,215.0,399.52,43.0,12.7
2025-04-23 13:00:00+00:00,645.5988419,62.17062026,23.39375,677.4732092,64.8718355,23.06428571,16.96736111,219.0,390.9066667,42.0,12.8
2025-04-23 13:15:00+00:00,628.3454398,63.00631006,23.38,667.4141008,64.58039966,23.1,17.00666667,224.0,360.9714286,40.0,13.3
2025-04-23 13:30:00+00:00,614.0841027,62.99863577,23.4,657.2638415,64.24902937,23.1,17.025,229.0,340.1,38.0,13.1
2025-04-23 13:45:00+00:00,603.0258134,63.44521182,23.32592593,646.2177867,64.42328422,23.17333333,17.02851852,234.0,361.0,37.0,12.8
2025-04-23 14:00:00+00:00,585.0969368,63.22610372,23.32421875,631.745507,63.68305275,23.17708333,17.66921875,237.0,337.0846154,35.0,13.0
2025-04-23 14:15:00+00:00,572.3854672,62.46862448,23.30666667,603.6242943,63.32592517,23.2,16.64166667,240.0,312.3733333,33.0,13.1
2025-04-23 14:30:00+00:00,554.283595,62.1593858,23.3,580.0666635,62.35103255,23.20703125,16.89631696,244.0,345.36,31.0,12.6
2025-04-23 14:45:00+00:00,542.445454,62.71032692,23.33629274,563.2830732,63.16581131,23.3,17.0875,248.0,336.6333333,29.0,13.0
2025-04-23 15:00:00+00:00,535.7649996,63.19041916,23.4,550.0879293,63.58710401,23.34333333,16.48140625,252.0,290.3866667,27.0,13.1
2025-04-23 15:15:00+00:00,528.5841678,62.1666916,23.4,540.3880682,62.75467338,23.39017857,16.57534722,255.0,290.5733333,25.0,13.1
2025-04-23 15:30:00+00:00,521.336526,63.08900678,23.4,531.9000128,63.45346067,23.48201058,17.12693452,258.0,269.2857143,23.0,12.9
2025-04-23 15:45:00+00:00,516.9925282,62.50659526,23.4,525.6309313,62.36315102,23.5,16.99331101,261.0,218.7,21.0,13.5
2025-04-23 16:00:00+00:00,512.3852049,62.25524409,23.37380952,519.378621,62.61152445,23.52319728,16.661,264.0,154.7230769,19.0,13.0
2025-04-23 16:15:00+00:00,508.013299,62.11819024,23.30138889,513.651673,62.48889609,23.53571429,16.7115873,267.0,234.4,17.0,12.6
2025-04-23 16:30:00+00:00,505.0084295,62.37775567,23.39533333,509.8894501,63.06776621,23.6,17.43194444,270.0,196.9133333,15.0,12.5
2025-04-23 16:45:00+00:00,502.5581473,62.59228034,23.4,508.5013073,62.87383874,23.60789931,16.76909722,273.5,178.4,12.0,12.5
2025-04-23 17:00:00+00:00,500.4621686,62.81353896,23.4,506.1075073,63.35814117,23.6890625,16.74392157,277.0,137.1571429,10.0,12.5
2025-04-23 17:15:00+00:00,497.8988963,62.74431471,23.384,504.9209194,62.50711996,23.57530688,17.03333333,280.0,53.65,8.0,12.2
2025-04-23 17:30:00+00:00,497.2878541,62.68214425,23.3,503.6829167,61.89668337,23.37,17.41458333,283.0,30.31666667,6.0,11.8
2025-04-23 17:45:00+00:00,495.8608266,62.73208227,23.22,501.9459836,62.12769255,23.3,16.21645833,286.0,29.77142857,4.0,11.3
2025-04-23 18:00:00+00:00,496.6433224,18.32638889,23.2,501.1740069,16.97314815,23.18125,18.1425,289.0,15.37142857,2.0,11.1
2025-04-23 18:15:00+00:00,495.7251984,0.0,23.13809524,501.3724172,0.0,23.09777778,18.42666667,292.5,5.266666667,0.0,10.7
2025-04-23 18:30:00+00:00,496.6138984,0.0,23.1,501.1019746,0.0,23.00833333,18.5,296.0,1.2,-2.0,10.3
2025-04-23 18:45:00+00:00,497.7681853,0.0,23.02375,501.7948701,0.0,22.9,18.30625,299.0,0.2,-4.0,10.0
2025-04-23 19:00:00+00:00,497.9458333,0.0,22.9562963,502.1774299,0.0,22.83377778,17.75333333,302.0,0.0,-6.0,9.7
2025-04-23 19:15:00+00:00,500.0798244,0.0,22.9,502.012098,0.0,22.7975,16.94460565,305.0,0.0,-7.0,9.4
2025-04-23 19:30:00+00:00,500.1195013,0.0,22.852,503.456795,0.0,22.70904762,16.16266667,308.0,0.0,-9.0,9.2
2025-04-23 19:45:00+00:00,500.2751007,0.0,22.8,503.3802012,0.0,22.65625,15.29333333,311.0,0.0,-11.0,9.0
2025-04-23 20:00:00+00:00,503.8473214,0.0,22.8,503.1536251,0.0,22.6,14.6732381,314.0,0.0,-12.0,8.7
2025-04-23 20:15:00+00:00,508.0169515,0.0,22.7271875,503.9524148,0.0,22.5891369,14.21125,318.0,0.0,-14.0,8.6
2025-04-23 20:30:00+00:00,512.6766534,0.0,22.7,504.6196014,0.0,22.5,13.78083333,322.0,0.0,-15.0,8.4
2025-04-23 20:45:00+00:00,513.3979498,0.0,22.63833333,506.5740064,0.0,22.43866667,13.43444444,325.0,0.0,-16.0,8.3
2025-04-23 21:00:00+00:00,514.3901623,0.0,22.6,508.204124,0.0,22.4,13.1,328.0,0.0,-18.0,8.0
2025-04-23 21:15:00+00:00,513.2789653,0.0,22.6,509.2915717,0.0,22.30666667,12.84222222,332.0,0.0,-18.0,7.9
2025-04-23 21:30:00+00:00,512.7027704,0.0,22.525,509.1647822,0.0,22.3,12.58492063,337.0,0.0,-20.0,7.8
2025-04-23 21:45:00+00:00,512.828323,0.0,22.5,508.8985859,0.0,22.3,12.39079365,341.0,0.0,-20.0,7.7
2025-04-23 22:00:00+00:00,514.1402998,0.0,22.4625,507.9926632,0.0,22.21193182,12.25,344.0,0.0,-21.0,7.5
2025-04-23 22:15:00+00:00,514.8916903,0.0,22.4,508.1290584,0.0,22.2,12.1,347.0,0.0,-21.0,7.6
2025-04-23 22:30:00+00:00,514.4867647,0.0,22.4,508.3576681,0.0,22.125,12.02233333,351.0,0.0,-22.0,7.9
2025-04-23 22:45:00+00:00,514.9543171,0.0,22.30625,508.0853938,0.0,22.1,11.8475,355.0,0.0,-22.0,7.6
2025-04-23 23:00:00+00:00,514.4804605,0.0,22.3,508.4114533,0.0,22.08214286,11.75,179.5,0.0,-22.0,7.5
2025-04-23 23:15:00+00:00,515.1339248,0.0,22.3,508.3064611,0.0,22.0,11.58,3.0,0.0,-22.0,7.6
2025-04-23 23:30:00+00:00,514.8271535,0.0,22.26522751,509.2756674,0.0,21.99768519,11.5,7.0,0.0,-22.0,7.6
2025-04-23 23:45:00+00:00,513.3224834,0.0,22.2,510.569947,0.0,21.9,11.44166667,11.0,0.0,-21.0,7.5
2025-04-24 00:00:00+00:00,512.7187002,0.0,22.2,509.9395715,0.0,21.9,11.32708333,15.5,0.0,-21.0,7.3
2025-04-24 00:15:00+00:00,510.7771982,0.0,22.10133333,509.0253561,0.0,21.9,11.29333333,20.0,0.0,-20.0,7.4
2025-04-24 00:30:00+00:00,511.0634434,0.0,22.1,510.5173237,0.0,21.81267857,11.2,23.0,0.0,-20.0,7.5
2025-04-24 00:45:00+00:00,510.7257023,0.0,22.1,508.9464515,0.0,21.8,11.10833333,26.0,0.0,-19.0,7.3
2025-04-24 01:00:00+00:00,510.0545603,0.0,22.1,510.3198413,0.0,21.8,11.1,30.0,0.0,-18.0,7.2
2025-04-24 01:15:00+00:00,509.64,0.0,22.01333333,510.0615471,0.0,21.7169709,10.98933333,34.0,0.0,-16.0,7.3
2025-04-24 01:30:00+00:00,509.2643725,0.0,22.0,509.5850447,0.0,21.7,10.87714286,38.0,0.0,-15.0,7.3
2025-04-24 01:45:00+00:00,507.8896076,0.0,22.0,508.1708403,0.0,21.7,10.8,41.0,0.0,-14.0,7.5
2025-04-24 02:00:00+00:00,508.4723071,0.0,22.0,507.5636161,0.0,21.7,10.79101852,45.0,0.0,-12.0,7.4
2025-04-24 02:15:00+00:00,508.6125739,0.0,21.975,509.3467305,0.0,21.6625,10.62986111,48.0,0.0,-11.0,7.3
2025-04-24 02:30:00+00:00,511.9844763,0.0,21.99166667,524.1255133,0.0,21.68222222,10.56666667,51.0,0.0,-9.0,7.1
2025-04-24 02:45:00+00:00,522.63661,0.0,22.0,533.336806,0.0,21.66517857,10.43854167,54.0,0.0,-7.0,7.3
2025-04-24 03:00:00+00:00,534.5426626,21.36842105,22.02666667,539.0568815,21.38084341,21.85333333,10.54,57.0,0.0,-6.0,7.4
2025-04-24 03:15:00+00:00,533.8902864,59.40959573,22.1,535.835691,57.86063915,21.9,15.59862155,61.0,0.1,-4.0,7.4
2025-04-24 03:30:00+00:00,525.6917421,58.92672414,22.1,532.1353658,61.75345918,21.90666667,18.2441864,64.0,0.8,-2.0,7.5
2025-04-24 03:45:00+00:00,517.9390358,58.4288961,22.1,525.4825838,61.66030354,22.0,17.46715686,67.0,5.875,0.0,7.5
2025-04-24 04:00:00+00:00,513.8840703,59.10308896,22.1,519.8067594,61.69380295,22.0,18.19114583,70.0,16.95714286,2.0,7.6
2025-04-24 04:15:00+00:00,511.40791,60.87638889,22.1,517.1435741,63.13601066,22.0,17.15223214,73.0,40.4,4.0,7.8
2025-04-24 04:30:00+00:00,509.1488219,62.78183964,22.1,514.2101324,63.36623377,22.0,17.20208333,76.0,65.05833333,6.0,8.0
2025-04-24 04:45:00+00:00,507.8284456,62.81391836,22.1,517.904363,63.12573039,22.04111111,17.54266667,79.0,52.81333333,8.0,8.1
2025-04-24 05:00:00+00:00,519.9160319,62.68055556,22.1375,532.2827296,63.75261819,22.1,17.21770833,83.0,86.9,10.0,8.0
2025-04-24 05:15:00+00:00,528.4880117,61.93659741,22.145,545.6486006,62.9154048,22.2,17.5,86.0,76.1,12.0,8.1
2025-04-24 05:30:00+00:00,539.1952839,62.93982684,22.1875,556.6288316,63.49012346,22.4375,17.225625,89.0,145.7066667,14.0,8.3
2025-04-24 05:45:00+00:00,561.5337899,62.26224702,22.34083333,575.6062146,63.75255205,22.6,17.2737037,92.0,219.4133333,17.0,8.6
2025-04-24 06:00:00+00:00,579.529977,62.89664996,22.4,610.3560512,63.4415971,22.54538977,17.175,94.0,258.5266667,19.0,9.3
2025-04-24 06:15:00+00:00,607.0733686,62.89310345,22.4,651.0947368,63.13580447,22.49574074,17.08968254,97.0,283.7133333,21.0,9.9
2025-04-24 06:30:00+00:00,644.3720631,62.99141414,22.5375,691.7432616,62.96776926,22.74489087,16.94499256,101.0,314.3333333,23.0,10.4
2025-04-24 06:45:00+00:00,732.9660246,62.31522069,22.67497732,723.9027615,62.79020182,22.78649756,16.91269841,105.0,356.4,25.0,11.0
2025-04-24 07:00:00+00:00,791.4579292,65.29255945,22.64954545,774.4179973,66.01850712,22.826,17.19866667,108.0,389.4928571,27.0,11.6
2025-04-24 07:15:00+00:00,801.4815469,67.3018623,22.79017113,815.48294,83.02287549,22.853125,16.99508929,111.0,415.7266667,29.0,12.1
2025-04-24 07:30:00+00:00,809.062004,75.13801195,22.89832804,800.3520305,72.55002294,22.83161905,17.10642857,114.0,388.3533333,31.0,12.5
2025-04-24 07:45:00+00:00,804.7354861,70.00819375,22.995,807.2753454,76.80176951,22.91290179,17.2,118.0,480.2666667,33.0,12.9
2025-04-24 08:00:00+00:00,818.1588116,82.4956474,23.05666667,819.7029282,89.77775023,22.98647059,17.15083333,122.5,507.5,35.0,13.2
2025-04-24 08:15:00+00:00,837.1317756,113.9441336,23.16703125,789.2644719,63.61435935,22.82809276,17.025,127.0,556.6928571,37.0,14.9
2025-04-24 08:30:00+00:00,835.6078162,107.9038093,23.22046561,782.5159731,62.70517206,22.91409524,17.1,131.0,606.5733333,38.0,14.7
2025-04-24 08:45:00+00:00,814.9405832,86.2406702,23.28833333,795.2904859,66.67945279,23.00803571,17.15625,135.0,414.4466667,40.0,14.5
2025-04-24 09:00:00+00:00,790.0814553,63.71316224,23.43125,791.8755337,65.07492236,23.0546875,17.0671875,139.0,232.3230769,41.0,14.0
2025-04-24 09:15:00+00:00,808.3717793,74.35542143,23.43333333,806.2990195,73.65942057,23.05575758,16.86,143.0,326.0133333,43.0,14.2
2025-04-24 09:30:00+00:00,802.2451136,71.49423077,23.41157738,781.6298289,64.85346216,23.01495536,16.79166667,148.6666667,396.4666667,44.0,16.2
2025-04-24 09:45:00+00:00,793.1244259,75.8545467,23.30369408,760.0481982,61.71748558,23.0,16.91219048,154.0,411.6866667,45.0,16.4
2025-04-24 10:00:00+00:00,751.8206228,62.23250712,23.54216667,740.9203823,62.43987658,23.04375,17.2,158.0,352.5928571,46.0,16.1
2025-04-24 10:15:00+00:00,754.8125893,62.42478894,23.59606878,719.1296239,62.55207484,23.06666667,17.26888889,163.0,520.7666667,47.0,16.1
2025-04-24 10:30:00+00:00,762.2387686,62.26820728,23.68263889,724.182323,62.44804377,23.12625,17.015,169.0,196.2714286,47.0,14.2
2025-04-24 10:45:00+00:00,749.7082654,62.5838786,23.66446429,744.0820716,62.5332381,23.275,16.84613095,174.0,184.6583333,48.0,14.3
2025-04-24 11:00:00+00:00,752.1856447,62.01644562,23.74095238,746.9590291,62.69749216,23.3,16.81650794,179.0,473.94,48.0,14.2
2025-04-24 11:15:00+00:00,759.5589958,62.28730159,23.77333333,728.9766392,62.5386656,23.296875,17.17333333,184.0,734.4133333,48.0,16.0
2025-04-24 11:30:00+00:00,777.9380033,62.35149525,23.76190476,730.6561515,62.66668347,23.37777778,16.87819048,190.6666667,237.5333333,48.0,14.6
2025-04-24 11:45:00+00:00,772.4493932,62.14866541,23.74188988,748.5904845,62.70976206,23.55316558,16.96964286,196.0,270.5714286,47.0,14.7
2025-04-24 12:00:00+00:00,780.4081959,61.8766052,23.78362963,784.339929,84.49823905,23.55293447,17.00409091,201.0,228.6466667,47.0,16.2
2025-04-24 12:15:00+00:00,766.1938369,63.05957854,23.79866667,776.3628841,67.79122528,23.52625,17.17089286,206.0,131.0666667,46.0,15.2
2025-04-24 12:30:00+00:00,791.6518501,68.89899328,23.66071429,773.9953502,65.44387708,23.5,16.61312925,211.0,143.65,45.0,13.9
2025-04-24 12:45:00+00:00,794.7657826,83.41720666,23.69625,748.0003457,62.82551357,23.41494792,16.65625,215.0,198.5230769,44.0,13.2
2025-04-24 13:00:00+00:00,751.0393818,65.95369458,23.67333333,712.0571355,63.5289073,23.4,17.196,220.0,214.4583333,42.0,11.7
2025-04-24 13:15:00+00:00,688.8330108,66.3197928,23.7,708.8554154,63.49981471,23.39453125,16.98056818,225.0,236.5133333,41.0,12.8
2025-04-24 13:30:00+00:00,657.2891694,66.01182306,23.63363095,706.5099938,62.21873541,23.40370192,16.92954613,229.0,105.6714286,39.0,11.1
2025-04-24 13:45:00+00:00,638.9195739,64.67491548,23.57111111,687.2033665,60.77377443,23.30333333,17.06944444,234.0,107.17,38.0,11.1
2025-04-24 14:00:00+00:00,625.1185332,65.22896147,23.54875,682.6060526,60.84187142,23.2875,17.0875,237.0,121.4666667,36.0,11.6
2025-04-24 14:15:00+00:00,622.7274232,62.68421666,23.49,664.299464,60.67957483,23.23866667,17.13,240.0,120.38,34.0,11.2
2025-04-24 14:30:00+00:00,660.745882,61.36633772,23.50364583,666.0181159,60.06744801,23.2031746,17.1515625,244.0,116.86,32.0,10.9
2025-04-24 14:45:00+00:00,689.6294616,61.3713305,23.59407407,657.8202399,59.6079248,23.21448413,17.19888889,248.0,86.96153846,30.0,10.4
2025-04-24 15:00:00+00:00,700.6416074,58.87164855,23.59166667,662.0410389,57.89685394,23.13003472,17.64630208,252.0,76.93571429,28.0,9.7
2025-04-24 15:15:00+00:00,690.5615154,63.3616152,23.49222222,656.8313513,62.56365001,22.99428571,16.48027778,255.0,60.775,26.0,9.7
2025-04-24 15:30:00+00:00,655.0798611,63.72723545,23.42375,640.8742518,61.86065582,23.0,17.65509804,259.0,63.3,24.0,9.9
2025-04-24 15:45:00+00:00,628.7692584,63.97214031,23.4,620.2578841,62.28640141,22.9109375,16.6553869,262.0,43.52,22.0,9.9
2025-04-24 16:00:00+00:00,613.2440994,63.29084881,23.2377551,602.2950652,62.80131411,22.8,16.72142857,265.0,38.18,20.0,9.8
2025-04-24 16:15:00+00:00,599.5062314,63.50396825,23.3,588.609632,60.67508545,22.7525,17.57819444,268.0,31.525,18.0,10.4
2025-04-24 16:30:00+00:00,588.7213033,60.66744612,23.16133333,575.1999667,62.43925692,22.7,16.46388889,271.0,35.68333333,16.0,9.9
2025-04-24 16:45:00+00:00,575.7968353,60.14918609,23.2,563.7937682,63.79765161,22.6,17.053,275.0,58.82727273,14.0,9.4
2025-04-24 17:00:00+00:00,568.9340722,60.2408245,23.12581481,557.386742,62.85046206,22.6,17.15596296,277.0,44.93333333,12.0,9.3
2025-04-24 17:15:00+00:00,560.7625172,60.2426936,23.04990079,548.6740585,62.95722743,22.56541667,16.47026042,280.0,21.35,10.0,10.0
2025-04-24 17:30:00+00:00,555.0177133,60.23044119,23.0,541.0924203,62.92756582,22.5,18.00666667,283.0,17.275,8.0,9.5
2025-04-24 17:45:00+00:00,549.4502405,59.7298394,22.95,535.1267756,62.86137906,22.5,16.27134454,286.0,10.2,6.0,8.9
2025-04-24 18:00:00+00:00,546.4098319,9.070588235,22.9,532.2452959,13.75310245,22.41136364,18.10625,289.0,5.2,4.0,7.7
2025-04-24 18:15:00+00:00,542.6698144,0.0,22.86666667,534.8317111,0.0,22.4,18.24666667,292.5,2.2,2.0,7.5
2025-04-24 18:30:00+00:00,541.4317752,0.0,22.8,536.090446,0.0,22.4,18.39375,296.0,1.0,0.0,7.4
2025-04-24 18:45:00+00:00,539.2109986,0.0,22.73333333,537.042843,0.0,22.4,18.02685185,299.0,0.3,-2.0,7.4
2025-04-24 19:00:00+00:00,536.515056,0.0,22.7,536.0494904,0.0,22.375,17.19375,302.0,0.0,-4.0,7.3
2025-04-24 19:15:00+00:00,534.7210185,0.0,22.60222222,535.5091187,0.0,22.3,16.06,305.0,0.0,-6.0,7.2
2025-04-24 19:30:00+00:00,533.8184492,0.0,22.6,535.7880099,0.0,22.3,15.01056548,308.0,0.0,-8.0,7.0
2025-04-24 19:45:00+00:00,532.5628569,0.0,22.54833333,534.938436,0.0,22.3,14.26733333,311.0,0.0,-9.0,6.8
2025-04-24 20:00:00+00:00,530.9366013,0.0,22.5,534.4073548,0.0,22.21666667,13.52700893,315.5,0.0,-11.0,6.9
2025-04-24 20:15:00+00:00,529.5265975,0.0,22.46145833,533.5519903,0.0,22.2,12.96672619,319.0,0.0,-12.0,6.8
2025-04-24 20:30:00+00:00,529.3013401,0.0,22.4,532.4143856,0.0,22.2,12.50733333,322.0,0.0,-14.0,6.8
2025-04-24 20:45:00+00:00,527.2024221,0.0,22.4,531.5979167,0.0,22.15625,12.18854167,326.0,0.0,-15.0,6.9
2025-04-24 21:00:00+00:00,526.6833829,0.0,22.4,530.6882294,0.0,22.076,11.93155556,329.0,0.0,-16.0,6.8
2025-04-24 21:15:00+00:00,524.8103395,0.0,22.4,530.7812889,0.0,22.075,11.70769231,332.0,0.0,-18.0,6.9
2025-04-24 21:30:00+00:00,525.0554837,0.0,22.30666667,529.8272727,0.0,22.09333333,11.44833333,337.0,0.0,-19.0,6.9
2025-04-24 21:45:00+00:00,524.8575824,0.0,22.35155556,528.7550267,0.0,22.02433036,11.34111111,341.0,0.0,-20.0,6.8
2025-04-24 22:00:00+00:00,524.0055556,0.0,22.33571429,529.0574561,0.0,22.0,11.14285714,344.0,0.0,-20.0,6.8
2025-04-24 22:15:00+00:00,523.9363269,0.0,22.3328125,530.7922029,0.0,22.01223958,11.1,347.0,0.0,-21.0,6.7
2025-04-24 22:30:00+00:00,523.1212952,0.0,22.3,529.8435572,0.0,22.0,11.01266667,351.0,0.0,-21.0,6.8
2025-04-24 22:45:00+00:00,522.1441359,0.0,22.3,527.7700669,0.0,21.94886364,10.9,355.0,0.0,-22.0,6.8
2025-04-24 23:00:00+00:00,520.9115339,0.0,22.27135417,526.7479435,0.0,21.9,10.9,179.5,0.0,-22.0,6.7
2025-04-24 23:15:00+00:00,520.0140903,0.0,22.2,525.373385,0.0,21.9,10.86333333,3.0,0.0,-22.0,6.7
2025-04-24 23:30:00+00:00,518.9131944,0.0,22.2,524.9736842,0.0,21.9,10.7,7.0,0.0,-22.0,6.5
2025-04-24 23:45:00+00:00,518.43879,0.0,22.17564103,523.368903,0.0,21.83333333,10.7,11.0,0.0,-21.0,6.1
2025-04-25 00:00:00+00:00,517.8917122,0.0,22.1,522.5317354,0.0,21.8,10.7,15.5,0.0,-21.0,5.8
2025-04-25 00:15:00+00:00,516.7387609,0.0,22.1,519.4810456,0.0,21.8,10.62,20.0,0.0,-20.0,5.7
2025-04-25 00:30:00+00:00,515.4380143,0.0,22.1,520.3702075,0.0,21.71651786,10.54553571,23.0,0.0,-20.0,5.7
2025-04-25 00:45:00+00:00,515.6241931,0.0,22.1,519.7163211,0.0,21.7,10.45333333,26.0,0.0,-19.0,5.7
2025-04-25 01:00:00+00:00,514.0751885,0.0,22.02421875,518.025,0.0,21.7,10.3875,30.0,0.0,-18.0,5.6
2025-04-25 01:15:00+00:00,513.0988467,0.0,22.0,517.0095918,0.0,21.7,10.25625,34.0,0.0,-17.0,5.5
2025-04-25 01:30:00+00:00,512.2468232,0.0,22.0,515.6490716,0.0,21.7,10.19222222,38.0,0.0,-16.0,5.7
2025-04-25 01:45:00+00:00,510.8189805,0.0,22.0,513.8122819,0.0,21.7,10.05587202,41.0,0.0,-14.0,5.2
2025-04-25 02:00:00+00:00,509.3833051,0.0,21.92666667,512.5617785,0.0,21.64944196,9.966666667,45.0,0.0,-13.0,5.4
2025-04-25 02:15:00+00:00,509.2182922,0.0,21.93286458,512.9079724,0.0,21.6,9.836607143,48.0,0.0,-11.0,5.0
2025-04-25 02:30:00+00:00,511.8972331,0.0,21.98740741,524.8487117,0.0,21.62291005,9.706666667,51.0,0.0,-10.0,4.8
2025-04-25 02:45:00+00:00,524.2609274,0.0,21.96089015,542.6198703,0.0,21.70602679,9.654488636,54.0,0.0,-8.0,4.7
2025-04-25 03:00:00+00:00,533.7377996,33.61363636,22.036,543.0734713,31.15788133,21.84222222,11.45709877,57.0,0.0,-6.0,4.7
2025-04-25 03:15:00+00:00,526.6456477,60.45528872,22.1,538.0999323,60.04023136,21.9,21.07067901,61.0,0.0,-4.0,4.9
2025-04-25 03:30:00+00:00,521.2655048,59.44683592,22.1,532.3586243,58.56728269,21.9,17.21617647,64.0,0.4,-3.0,4.7
2025-04-25 03:45:00+00:00,516.8473559,59.78927203,22.02488889,525.2989719,58.6016761,21.89022222,19.57047619,67.0,2.8,-1.0,5.4
2025-04-25 04:00:00+00:00,513.3925178,59.36574074,22.09330357,519.5649519,58.53346609,22.07208333,17.9475,70.0,11.87142857,1.0,4.6
2025-04-25 04:15:00+00:00,509.9075227,61.23456927,22.00333333,516.145647,61.2796288,22.1,18.16622222,73.0,32.56153846,3.0,4.9
2025-04-25 04:30:00+00:00,505.8918096,61.44981481,22.00625,511.6705014,61.19917152,22.0,18.08833333,76.0,51.2,5.0,4.8
2025-04-25 04:45:00+00:00,504.499751,60.92692939,22.01642857,509.4231602,60.31055143,22.0,17.7,79.0,59.37857143,7.0,5.0
2025-04-25 05:00:00+00:00,502.0406417,61.46439939,22.05703125,507.7471591,61.266,22.025625,17.8875,83.0,66.97692308,10.5,5.2
2025-04-25 05:15:00+00:00,501.954366,61.04296661,22.1,505.3738039,61.20584721,22.07690476,17.9,86.0,65.81666667,14.0,5.0
2025-04-25 05:30:00+00:00,500.1141555,61.86819801,22.1,505.9118963,61.03314279,22.07708333,17.88125,88.0,81.53846154,16.0,5.0
2025-04-25 05:45:00+00:00,502.1215067,60.83815211,22.1,504.5578284,61.06278613,22.0475,17.8,91.0,99.51818182,18.0,5.5
2025-04-25 06:00:00+00:00,510.0387996,61.82609259,22.16346154,514.6231768,62.429814,22.11380952,17.8,94.0,117.6909091,20.0,5.5
2025-04-25 06:15:00+00:00,536.2268865,61.17213828,22.2,541.101623,60.94401395,22.2,17.8,97.0,109.9692308,22.0,5.7
2025-04-25 06:30:00+00:00,561.1149892,61.19277346,22.22292328,571.7573436,61.3509561,22.28354209,17.76666667,100.0,138.6538462,24.0,6.3
2025-04-25 06:45:00+00:00,593.6283103,61.10420083,22.38541667,601.0642406,60.74274854,22.33102679,17.7,103.5,213.1066667,26.0,6.7
2025-04-25 07:00:00+00:00,622.3067669,61.52056028,22.425,610.0529998,61.24592393,22.36133333,17.62666667,108.0,235.3428571,28.0,7.0
2025-04-25 07:15:00+00:00,630.6468182,61.41644975,22.46822917,627.1892736,61.31780211,22.4,17.69702381,111.0,263.2266667,30.0,6.7
2025-04-25 07:30:00+00:00,652.5818576,61.30195925,22.44555556,642.6196444,61.20214492,22.39888889,17.67666667,114.0,274.26,32.0,7.2
2025-04-25 07:45:00+00:00,668.2837313,61.22859378,22.5810119,662.062185,60.99546309,22.4828869,17.50964286,118.0,281.9266667,34.0,8.0
2025-04-25 08:00:00+00:00,688.0701369,61.52319376,22.69791667,661.6754631,61.870325,22.5,17.5,122.5,322.4,36.0,8.4
2025-04-25 08:15:00+00:00,695.6093491,61.01800766,22.7552381,664.0981181,61.76678477,22.5,17.47333333,127.0,337.2533333,38.0,8.8
2025-04-25 08:30:00+00:00,704.1935457,60.92563071,22.78375,667.6826277,61.56057613,22.54285714,17.24791667,131.0,344.2615385,39.0,10.4
2025-04-25 08:45:00+00:00,687.5417861,61.55900752,22.83444444,682.3687646,61.18889456,22.54,16.98311111,135.0,364.8454545,41.0,10.5
2025-04-25 09:00:00+00:00,675.0190555,61.33732777,22.9,684.0807845,61.66145773,22.59125,16.90217014,139.0,434.2266667,42.0,10.9
2025-04-25 09:15:00+00:00,675.6168687,61.12084515,22.88682251,683.0648489,61.3082368,22.59688312,16.9637037,143.0,489.7933333,44.0,10.4
2025-04-25 09:30:00+00:00,682.2377206,61.38334603,22.84678571,675.5550037,60.98395262,22.6,16.92285714,147.5,519.3533333,45.0,11.7
2025-04-25 09:45:00+00:00,677.6009033,61.53285938,22.9,654.8623114,61.99424121,22.6,16.94285714,153.0,507.6533333,46.0,12.1
2025-04-25 10:00:00+00:00,677.645933,61.11349206,22.90954861,642.0065875,61.82706469,22.6,16.7771875,158.0,667.7066667,47.0,12.6
2025-04-25 10:15:00+00:00,683.4829626,60.4934279,23.02067974,653.6660786,60.72675425,22.64937781,17.08666667,163.0,679.7230769,48.0,13.1
2025-04-25 10:30:00+00:00,702.9608844,60.44649471,23.07388889,665.8685802,61.1956676,22.67765625,17.11971726,169.0,684.0153846,48.0,13.4
2025-04-25 10:45:00+00:00,709.3650646,60.91870027,23.08,673.6644049,61.15457758,22.75333333,16.99333333,174.0,634.64,48.0,13.7
2025-04-25 11:00:00+00:00,706.3875218,61.53958333,23.20053571,676.2737029,62.14568368,22.7484375,16.9125,179.0,762.7733333,48.0,14.6
2025-04-25 11:15:00+00:00,697.9644388,61.25301724,23.22,681.0330871,62.09551956,22.8,17.20666667,184.0,728.8466667,48.0,14.8
2025-04-25 11:30:00+00:00,696.1078386,61.64315851,23.30078125,676.3517271,61.97722944,22.7625,17.0046875,190.6666667,539.1266667,48.0,13.2
2025-04-25 11:45:00+00:00,675.0965653,62.13820106,23.3159375,658.1700899,62.54269176,22.7796875,16.91875,196.0,701.4333333,47.0,13.3
2025-04-25 12:00:00+00:00,657.6849591,62.70826492,23.26611111,644.4941676,63.5385271,22.78,16.98539683,201.0,389.0933333,47.0,13.7
2025-04-25 12:15:00+00:00,645.6061658,63.28810321,23.27376068,639.9045418,63.7968235,22.76975926,16.78383346,206.0,406.5933333,46.0,13.9
2025-04-25 12:30:00+00:00,621.546731,62.83071292,23.3,617.6114423,64.23229914,22.8,17.01068452,211.0,523.9666667,45.0,13.3
2025-04-25 12:45:00+00:00,608.9515911,62.96556638,23.28809524,606.5821372,63.61896228,22.83333333,17.11939484,216.0,533.6666667,43.0,13.6
2025-04-25 13:00:00+00:00,594.2987392,62.86189234,23.28989418,596.7904634,63.20434671,22.9,17.19714286,221.0,668.22,42.0,14.6
2025-04-25 13:15:00+00:00,570.2164364,62.87824934,23.26607143,582.8710212,62.97136268,22.95888889,17.1274026,225.0,648.5357143,40.0,14.2
2025-04-25 13:30:00+00:00,554.4435702,62.59757479,23.3,568.9893213,63.38325572,23.0,17.14375,229.0,395.01,39.0,13.7
2025-04-25 13:45:00+00:00,545.0426684,62.47767061,23.24851852,556.9830925,63.04633508,23.01333333,16.82348148,234.0,519.5071429,37.0,14.3
2025-04-25 14:00:00+00:00,543.6088801,61.34017677,23.118125,546.179541,61.60977467,23.1578125,17.49791667,238.0,557.6333333,35.0,15.8
2025-04-25 14:15:00+00:00,548.0841574,60.98273344,23.225,540.3358166,61.35524381,23.35104167,16.81517857,241.0,402.34,34.0,16.4
2025-04-25 14:30:00+00:00,543.9888055,60.82687905,23.26,537.8309695,60.92239331,23.4,16.96714286,244.0,294.0,32.0,15.7
2025-04-25 14:45:00+00:00,534.6171576,61.32777778,23.28125,536.9534759,61.40053795,23.40416667,16.78854167,248.0,326.4,30.0,15.4
2025-04-25 15:00:00+00:00,519.2979663,61.6826564,23.3,531.3111605,61.4368892,23.56153846,17.47857143,252.0,308.4066667,28.0,15.3
2025-04-25 15:15:00+00:00,513.159048,61.30613697,23.325,524.3103401,61.51925756,23.53125,16.23720238,255.0,125.75,26.0,14.3
2025-04-25 15:30:00+00:00,509.8971597,61.83941525,23.3,519.5427519,61.97714537,23.41238095,17.13138889,259.0,98.04444444,23.0,13.7
2025-04-25 15:45:00+00:00,506.5135647,62.05334512,23.21875,513.9548794,61.53278715,23.3,17.09910714,262.0,125.76,21.0,13.3
2025-04-25 16:00:00+00:00,502.4776513,61.07339691,23.2,510.7919444,61.34973298,23.28666667,16.13678571,265.0,127.2,19.0,13.0
2025-04-25 16:15:00+00:00,501.0121401,61.42539683,23.2,508.5880296,61.1770872,23.23928571,16.70798611,268.0,147.6066667,17.0,13.5
2025-04-25 16:30:00+00:00,499.2591003,61.42857143,23.2,505.4362714,61.48018688,23.24861111,16.84120879,271.0,95.0375,15.0,11.3
2025-04-25 16:45:00+00:00,497.6767044,61.24006624,23.13075284,503.5826848,61.21562171,23.10625,16.02638889,275.0,85.14,13.0,11.6
2025-04-25 17:00:00+00:00,496.6143791,61.48952381,23.1,501.5128569,61.48322289,23.1,17.16047619,278.0,92.76363636,11.0,11.2
2025-04-25 17:15:00+00:00,494.8219608,61.63219236,23.04666667,500.6847944,61.37612701,23.01555556,16.58466667,281.0,45.01666667,9.0,11.2
2025-04-25 17:30:00+00:00,494.7786691,61.67944611,22.975,501.4032249,61.32063651,22.925,16.69548611,283.0,27.6,7.0,10.8
2025-04-25 17:45:00+00:00,493.6483772,61.57197974,22.9,499.1802409,61.04471886,22.81888889,17.23427609,286.0,20.56666667,5.0,10.5
2025-04-25 18:00:00+00:00,494.3673203,14.80147059,22.9,499.5994003,17.39444444,22.78068182,16.94930556,289.0,13.5,3.0,9.2
2025-04-25 18:15:00+00:00,493.9141174,0.0,22.8,498.333945,0.0,22.7,16.23438889,292.5,6.5,1.0,7.8
2025-04-25 18:30:00+00:00,493.0984835,0.0,22.8,496.4477969,0.0,22.6625,15.8125,296.0,2.5,-1.0,7.4
2025-04-25 18:45:00+00:00,492.0452206,0.0,22.74338624,496.7326555,0.0,22.6,15.3237037,299.0,0.6,-3.0,7.3
2025-04-25 19:00:00+00:00,491.3068118,0.0,22.7,496.5012678,0.0,22.6,14.8625,302.0,0.0,-5.0,7.2
2025-04-25 19:15:00+00:00,490.6095021,0.0,22.7,495.6121787,0.0,22.53982143,14.4671875,305.0,0.0,-7.0,7.2
2025-04-25 19:30:00+00:00,490.4347899,0.0,22.7,495.9269841,0.0,22.47333333,14.13833333,308.0,0.0,-8.0,7.2
2025-04-25 19:45:00+00:00,489.2565972,0.0,22.60625,495.2125335,0.0,22.4,13.78928571,311.0,0.0,-10.0,7.2
2025-04-25 20:00:00+00:00,488.7044643,0.0,22.6,494.6594152,0.0,22.37471429,13.52966667,315.5,0.0,-12.0,7.1
2025-04-25 20:15:00+00:00,488.5378767,0.0,22.57333333,493.0543209,0.0,22.3,13.23,319.0,0.0,-13.0,6.9
2025-04-25 20:30:00+00:00,487.8021078,0.0,22.5,492.9703448,0.0,22.3,12.98190476,322.0,0.0,-14.0,6.9
2025-04-25 20:45:00+00:00,486.8111086,0.0,22.46875,491.1734375,0.0,22.2140625,12.7371875,326.0,0.0,-16.0,6.9
2025-04-25 21:00:00+00:00,486.3259259,0.0,22.4,491.05942,0.0,22.2,12.5375,329.0,0.0,-17.0,6.8
2025-04-25 21:15:00+00:00,485.7116667,0.0,22.4,491.0,0.0,22.12190476,12.368,332.0,0.0,-18.0,6.7
2025-04-25 21:30:00+00:00,485.5988095,0.0,22.4,489.5330186,0.0,22.1,12.17254464,337.0,0.0,-19.0,6.7
2025-04-25 21:45:00+00:00,484.4023117,0.0,22.34571429,489.2637033,0.0,22.06583333,11.93111111,341.0,0.0,-20.0,6.7
2025-04-25 22:00:00+00:00,483.6740863,0.0,22.3,489.7349076,0.0,22.0,11.8,345.0,0.0,-20.0,6.8
2025-04-25 22:15:00+00:00,483.9623343,0.0,22.25833333,488.1403771,0.0,22.0,11.69809524,348.0,0.0,-21.0,6.7
2025-04-25 22:30:00+00:00,482.984938,0.0,22.2,487.1590758,0.0,21.94861111,11.51800595,351.0,0.0,-21.0,6.9
2025-04-25 22:45:00+00:00,481.6800127,0.0,22.2,486.3237596,0.0,21.9,11.38,355.0,0.0,-21.0,7.0
2025-04-25 23:00:00+00:00,480.9809672,0.0,22.16375,485.5085376,0.0,21.9,11.24,179.5,0.0,-21.0,7.0
2025-04-25 23:15:00+00:00,481.1124132,0.0,22.1,483.9933528,0.0,21.86375,11.1375,3.0,0.0,-21.0,7.0
2025-04-25 23:30:00+00:00,480.5980264,0.0,22.1,482.5904555,0.0,21.8,11.1,7.0,0.0,-21.0,6.8
2025-04-25 23:45:00+00:00,478.9366021,0.0,22.1,481.7555594,0.0,21.8,11.04375,11.0,0.0,-21.0,6.7
2025-04-26 00:00:00+00:00,478.6096225,0.0,22.04259259,480.6951396,0.0,21.8,10.96178571,15.5,0.0,-20.0,6.6
2025-04-26 00:15:00+00:00,478.4405686,0.0,22.0,480.3568852,0.0,21.75853423,10.9,20.0,0.0,-20.0,6.5
2025-04-26 00:30:00+00:00,477.117154,0.0,22.0,479.3968686,0.0,21.7,10.9,23.0,0.0,-19.0,6.5
2025-04-26 00:45:00+00:00,476.3089891,0.0,22.0,480.1632932,0.0,21.7,10.8625,26.0,0.0,-18.0,6.6
2025-04-26 01:00:00+00:00,476.672352,0.0,21.93532986,477.9514369,0.0,21.7,10.79375,30.0,0.0,-17.0,6.6
2025-04-26 01:15:00+00:00,475.6127849,0.0,21.9,477.8785924,0.0,21.7,10.7,34.0,0.0,-16.0,6.7
2025-04-26 01:30:00+00:00,475.0568132,0.0,21.9,477.30776,0.0,21.6925,10.7,38.0,0.0,-14.0,6.7
2025-04-26 01:45:00+00:00,474.0550654,0.0,21.9,477.0597807,0.0,21.60222222,10.63635979,41.0,0.0,-13.0,6.7
2025-04-26 02:00:00+00:00,473.6242607,0.0,21.81964286,475.2348828,0.0,21.6,10.6,44.0,0.0,-12.0,6.6
2025-04-26 02:15:00+00:00,473.0325521,0.0,21.82,475.5169451,0.0,21.6,10.52,47.0,0.0,-10.0,6.6
2025-04-26 02:30:00+00:00,472.4882974,0.0,21.8,473.5255953,0.0,21.6,10.44375,51.0,0.0,-8.0,6.5
2025-04-26 02:45:00+00:00,471.9588418,0.0,21.8,473.3590842,0.0,21.6,10.4,54.0,0.0,-7.0,6.5
2025-04-26 03:00:00+00:00,471.7117131,0.0,21.77857143,472.6015099,0.0,21.5203125,10.4,57.0,0.0,-5.0,6.5
2025-04-26 03:15:00+00:00,471.3125,0.0,21.74375,471.9236111,0.0,21.52443182,10.4,61.0,0.1,-3.0,6.5
2025-04-26 03:30:00+00:00,470.3761341,0.0,21.7,470.9908934,0.0,21.5,10.4,64.0,1.1,-1.0,6.5
2025-04-26 03:45:00+00:00,468.8367851,0.0,21.7,471.4558411,0.0,21.5,10.3,67.0,4.15,1.0,6.4
2025-04-26 04:00:00+00:00,468.4767606,0.0,21.7,470.0959932,0.0,21.5,10.3,70.0,10.2,3.0,6.4
2025-04-26 04:15:00+00:00,467.0195567,0.0,21.7,470.0104167,0.0,21.5,10.20520833,73.0,18.2,5.0,6.5
2025-04-26 04:30:00+00:00,467.2880013,0.0,21.7,469.0965562,0.0,21.5,10.2,76.0,40.04615385,7.0,6.7
2025-04-26 04:45:00+00:00,466.067316,0.0,21.7,468.4678373,0.0,21.5,10.2,79.0,61.15714286,9.0,7.0
2025-04-26 05:00:00+00:00,466.0132845,0.0,21.7,467.4320787,0.0,21.5,10.2,82.0,71.06,11.0,7.1
2025-04-26 05:15:00+00:00,466.1028058,0.0,21.7,468.3229531,0.0,21.5,10.2,85.0,57.44444444,13.0,7.2
2025-04-26 05:30:00+00:00,464.6169079,0.0,21.7,466.6195707,0.0,21.5,10.2,88.0,62.87272727,15.0,7.1
2025-04-26 05:45:00+00:00,464.0016493,0.0,21.7,466.5654223,0.0,21.5,10.2,91.0,108.7533333,17.0,7.3
2025-04-26 06:00:00+00:00,463.5939109,0.0,21.7,465.1324634,0.0,21.46785714,10.2046875,94.0,135.4384615,19.0,7.6
2025-04-26 06:15:00+00:00,463.3214286,0.0,21.7,464.826751,0.0,21.57333333,10.3,97.0,254.9333333,21.0,8.1
2025-04-26 06:30:00+00:00,462.3904566,0.0,21.79162946,464.5544118,0.0,21.6,10.33995536,100.0,175.5,23.0,8.9
2025-04-26 06:45:00+00:00,462.120928,0.0,21.8,464.2656566,0.0,21.6,10.54,103.5,91.16666667,25.0,8.7
2025-04-26 07:00:00+00:00,461.441897,0.0,21.8,462.8929426,0.0,21.6,10.52321429,108.0,97.48,28.0,8.3
2025-04-26 07:15:00+00:00,460.8647587,0.0,21.8,462.5800746,0.0,21.6,10.5,111.0,109.2090909,30.0,8.4
2025-04-26 07:30:00+00:00,460.5019053,0.0,21.8,461.5595816,0.0,21.66,10.56809524,114.0,114.0333333,32.0,8.5
2025-04-26 07:45:00+00:00,460.0505051,0.0,21.85,461.9454575,0.0,21.7,10.7,118.0,276.24,34.0,8.6
2025-04-26 08:00:00+00:00,459.8520855,0.0,21.9,460.9582352,0.0,21.7,10.84176984,120.0,300.0,36.0,8.9
2025-04-26 08:15:00+00:00,458.741829,0.0,21.93541667,460.4568452,0.0,21.7,11.14765625,126.0,333.0933333,38.0,9.5
2025-04-26 08:30:00+00:00,458.3571881,0.0,22.0,460.5914939,0.0,21.8,11.29428571,130.0,506.5533333,40.0,9.7
2025-04-26 08:45:00+00:00,457.7286458,0.0,22.0,459.9782526,0.0,21.84375,11.11142857,134.5,454.8,41.0,10.6
2025-04-26 09:00:00+00:00,457.9595257,0.0,22.0875,459.4302924,0.0,21.9,11.235625,139.0,407.8,43.0,11.1
2025-04-26 09:15:00+00:00,457.6355556,0.0,22.1,460.4187627,0.0,21.9,11.42142857,143.0,514.6266667,44.0,10.6
2025-04-26 09:30:00+00:00,457.2975512,0.0,22.1,459.4135788,0.0,21.9,11.67589286,148.0,586.08,45.0,11.2
2025-04-26 09:45:00+00:00,457.7821169,0.0,22.18222222,459.5690205,0.0,21.96666667,11.51333333,153.0,692.1066667,46.0,11.7
2025-04-26 10:00:00+00:00,458.4999917,0.0,22.2,460.3388494,0.0,22.0,11.60875,158.6666667,682.9357143,47.0,11.0
2025-04-26 10:15:00+00:00,457.7588969,0.0,22.22,460.4010903,0.0,22.0,11.7,164.0,703.7866667,48.0,11.8
2025-04-26 10:30:00+00:00,458.0045387,0.0,22.3,460.0733293,0.0,22.09375,11.75,169.0,715.8333333,48.0,12.0
2025-04-26 10:45:00+00:00,457.0963511,0.0,22.3,460.510669,0.0,22.1,11.83958333,174.0,712.3066667,48.0,12.6
2025-04-26 11:00:00+00:00,457.9200521,0.0,22.3,460.8992789,0.0,22.1,11.93571429,180.0,716.6933333,49.0,12.3
2025-04-26 11:15:00+00:00,458.4987303,0.0,22.33203125,460.7417817,0.0,22.18828125,12.09985119,185.0,712.0266667,48.0,12.9
2025-04-26 11:30:00+00:00,458.0219547,0.0,22.4,460.9055556,0.0,22.2,12.23333333,190.0,691.9,48.0,12.8
2025-04-26 11:45:00+00:00,458.9059789,0.0,22.4,460.9510278,0.0,22.2,12.3,195.0,703.04,48.0,12.8
2025-04-26 12:00:00+00:00,458.9041131,0.0,22.4,460.8475289,0.0,22.29375,12.425,200.6666667,674.6066667,47.0,13.0
2025-04-26 12:15:00+00:00,459.1912257,0.0,22.40666667,461.6025525,0.0,22.3,12.51970899,206.0,672.8583333,46.0,13.3
2025-04-26 12:30:00+00:00,460.4081742,0.0,22.5,462.0386714,0.0,22.375,12.66074074,211.0,653.5,45.0,13.0
2025-04-26 12:45:00+00:00,460.2510141,0.0,22.59533333,462.0880943,0.0,22.46666667,12.815,216.0,642.5,44.0,12.6
2025-04-26 13:00:00+00:00,459.7749213,0.0,22.6375,464.2798882,0.0,22.54761905,12.98333333,221.0,653.4,42.0,12.3
2025-04-26 13:15:00+00:00,458.2014509,0.0,22.7,463.2192486,0.0,22.67444444,13.10166667,225.0,602.6,41.0,13.2
2025-04-26 13:30:00+00:00,458.2700972,0.0,22.74375,464.7186096,0.0,22.79375,13.2,229.0,289.2357143,39.0,12.7
2025-04-26 13:45:00+00:00,458.5862226,0.0,22.8,464.4553009,0.0,22.8,13.30267857,233.0,291.1071429,38.0,11.9
2025-04-26 14:00:00+00:00,458.6590639,0.0,22.8,464.0497265,0.0,22.8,13.47333333,237.0,243.2533333,36.0,11.0
2025-04-26 14:15:00+00:00,461.2349485,0.0,22.8,464.7240418,0.0,22.88798077,13.66041667,241.5,173.8714286,34.0,10.9
2025-04-26 14:30:00+00:00,459.3811785,0.0,22.85666667,464.2544865,0.0,22.92959596,13.78848485,246.0,368.6071429,32.0,10.9
2025-04-26 14:45:00+00:00,459.2310611,0.0,22.95729167,464.4260519,0.0,23.17434028,13.98229167,249.0,449.2533333,30.0,10.9
2025-04-26 15:00:00+00:00,459.8069461,0.0,23.085,465.4697746,0.0,23.50888889,14.18833333,252.0,420.6769231,28.0,10.6
2025-04-26 15:15:00+00:00,459.663233,0.0,23.1745671,465.9784175,0.0,23.74659452,14.33520089,255.0,385.5230769,26.0,11.5
2025-04-26 15:30:00+00:00,459.2488698,0.0,23.3065625,465.6748022,0.0,23.97309028,14.4146875,258.0,350.4727273,24.0,11.3
2025-04-26 15:45:00+00:00,460.5027113,0.0,23.42555556,466.0791631,0.0,24.24597884,14.55333333,263.0,316.3166667,22.0,11.0
2025-04-26 16:00:00+00:00,459.9214344,0.0,23.4875,466.6424071,0.0,24.45833333,14.60625,266.0,279.4692308,20.0,10.9
2025-04-26 16:15:00+00:00,458.527875,0.0,23.60888889,467.2723163,0.0,24.58095238,14.73333333,269.0,240.3916667,18.0,11.2
2025-04-26 16:30:00+00:00,459.5950032,0.0,23.61272321,466.695744,0.0,24.50520833,14.86458333,272.0,209.0307692,15.0,10.6
2025-04-26 16:45:00+00:00,459.2802481,0.0,23.7,466.7494866,0.0,24.54,14.9,274.0,167.2642857,13.0,10.1
2025-04-26 17:00:00+00:00,460.012343,0.0,23.71495536,467.4461215,0.0,24.5,15.00589286,277.0,132.4111111,11.0,10.0
2025-04-26 17:15:00+00:00,460.21875,0.0,23.775,466.3723017,0.0,24.45865385,15.125,280.0,99.75,9.0,10.3
2025-04-26 17:30:00+00:00,459.505547,0.0,23.7,466.64,0.0,24.20166667,15.22,283.5,39.86666667,7.0,9.8
2025-04-26 17:45:00+00:00,460.4492214,0.0,23.653125,466.0197368,0.0,24.10216721,15.3,287.0,33.33,5.0,9.4
2025-04-26 18:00:00+00:00,459.4971395,0.0,23.6,465.8390637,0.0,23.89465584,15.3,290.0,17.95,3.0,9.3
2025-04-26 18:15:00+00:00,459.7655962,0.0,23.54,465.6803967,0.0,23.80080357,15.21333333,293.0,8.1,1.0,9.0
2025-04-26 18:30:00+00:00,460.3474615,0.0,23.465,465.6214087,0.0,23.68302083,15.05,296.0,3.1,-1.0,8.6
2025-04-26 18:45:00+00:00,459.437982,0.0,23.4,464.7787531,0.0,23.58666667,14.86083333,299.0,0.4,-3.0,8.3
2025-04-26 19:00:00+00:00,458.7749534,0.0,23.35833333,464.7220526,0.0,23.49375,14.61875,302.5,0.0,-5.0,8.1
2025-04-26 19:15:00+00:00,457.9924812,0.0,23.3,464.3786756,0.0,23.4,14.41422222,306.0,0.0,-6.0,8.0
2025-04-26 19:30:00+00:00,458.2804961,0.0,23.20625,464.5784091,0.0,23.30625,14.15416667,309.0,0.0,-8.0,8.0
2025-04-26 19:45:00+00:00,457.7814311,0.0,23.14333333,463.0443516,0.0,23.21166667,13.87773737,312.0,0.0,-10.0,8.0
2025-04-26 20:00:00+00:00,457.6025545,0.0,23.1,463.1897486,0.0,23.15084145,13.59100694,315.0,0.0,-11.0,7.9
2025-04-26 20:15:00+00:00,457.5042197,0.0,23.0275,461.8256885,0.0,23.07666667,13.28318519,319.0,0.0,-13.0,7.8
2025-04-26 20:30:00+00:00,456.7992239,0.0,23.0,461.9860577,0.0,23.0,13.0109375,322.0,0.0,-14.0,7.9
2025-04-26 20:45:00+00:00,457.1825049,0.0,22.95333333,462.2855561,0.0,22.92583333,12.8,325.5,0.0,-15.0,7.8
2025-04-26 21:00:00+00:00,457.2407202,0.0,22.86041667,461.7229719,0.0,22.85,12.51484375,330.0,0.0,-16.0,7.7
2025-04-26 21:15:00+00:00,457.3087859,0.0,22.8,461.1950921,0.0,22.8,12.37053977,333.0,0.0,-18.0,7.7
2025-04-26 21:30:00+00:00,456.1875,0.0,22.79333333,461.5088657,0.0,22.71916667,12.26583333,336.0,0.0,-18.0,7.5
2025-04-26 21:45:00+00:00,455.5598963,0.0,22.7,460.4818982,0.0,22.64081633,12.1327381,340.0,0.0,-19.0,7.5
2025-04-26 22:00:00+00:00,455.9647945,0.0,22.66666667,460.6054747,0.0,22.6,11.99,344.5,0.0,-20.0,7.4
2025-04-26 22:15:00+00:00,454.943336,0.0,22.6,458.9887881,0.0,22.5875,11.818125,349.0,0.0,-20.0,7.4
2025-04-26 22:30:00+00:00,455.5096142,0.0,22.6,459.1657804,0.0,22.5,11.65412946,352.0,0.0,-21.0,7.4
2025-04-26 22:45:00+00:00,454.0424203,0.0,22.6,457.6510159,0.0,22.43222222,11.59066667,355.0,0.0,-21.0,7.4
2025-04-26 23:00:00+00:00,454.2286327,0.0,22.53125,457.2549887,0.0,22.4,11.4875,179.0,0.0,-21.0,7.3
2025-04-26 23:15:00+00:00,453.8340108,0.0,22.5,456.7181775,0.0,22.32666667,11.4,3.0,0.0,-21.0,7.2
2025-04-26 23:30:00+00:00,453.9828023,0.0,22.48625,456.395614,0.0,22.3,11.35,7.0,0.0,-21.0,7.2
2025-04-26 23:45:00+00:00,454.035581,0.0,22.4,455.8708132,0.0,22.26875,11.18671875,11.0,0.0,-20.0,7.3
2025-04-27 00:00:00+00:00,452.7803931,0.0,22.4,455.0701282,0.0,22.2,11.1,15.5,0.0,-20.0,7.2
2025-04-27 00:15:00+00:00,452.5750775,0.0,22.4,454.3100899,0.0,22.2,11.0775,20.0,0.0,-19.0,7.1
2025-04-27 00:30:00+00:00,452.630303,0.0,22.4,454.3050914,0.0,22.13916667,10.92666667,23.0,0.0,-19.0,7.1
2025-04-27 00:45:00+00:00,451.6641865,0.0,22.325,453.3085693,0.0,22.1,10.88125,26.0,0.0,-18.0,7.0
2025-04-27 01:00:00+00:00,451.6712187,0.0,22.3,453.5970642,0.0,22.07748148,10.78066667,30.0,0.0,-17.0,6.9
2025-04-27 01:15:00+00:00,451.6367326,0.0,22.3,453.1121607,0.0,21.96856061,10.7,34.0,0.0,-16.0,6.8
2025-04-27 01:30:00+00:00,451.3341503,0.0,22.22053571,452.4093567,0.0,22.0,10.68125,38.0,0.0,-14.0,6.8
2025-04-27 01:45:00+00:00,450.4709927,0.0,22.2,453.0445335,0.0,21.98942308,10.6,41.0,0.0,-13.0,6.8
2025-04-27 02:00:00+00:00,448.9871761,0.0,22.2,452.3027322,0.0,21.88046875,10.52,44.0,0.0,-11.0,6.9
2025-04-27 02:15:00+00:00,449.8287815,0.0,22.2,451.4352582,0.0,21.9,10.45625,47.0,0.0,-10.0,7.1
2025-04-27 02:30:00+00:00,448.3995365,0.0,22.1,449.8419641,0.0,21.9,10.39466667,51.0,0.0,-8.0,6.8
2025-04-27 02:45:00+00:00,447.8442863,0.0,22.1,449.6956513,0.0,21.89375,10.26443452,54.0,0.0,-6.0,6.8
2025-04-27 03:00:00+00:00,447.9910971,0.0,22.1,448.2115642,0.0,21.82444444,10.2,57.0,0.1,-5.0,6.7
2025-04-27 03:15:00+00:00,446.5087899,0.0,22.1,449.5205436,0.0,21.8,10.2,61.0,0.7,-3.0,6.6
2025-04-27 03:30:00+00:00,447.1006579,0.0,22.01166667,448.0745605,0.0,21.8,10.09041414,64.0,2.7,-1.0,6.4
2025-04-27 03:45:00+00:00,447.4650219,0.0,22.0,447.9897959,0.0,21.76428571,10.0,67.0,8.78,1.0,6.4
2025-04-27 04:00:00+00:00,445.4112272,0.0,22.0,446.6218384,0.0,21.66015625,10.0,70.0,26.04545455,3.0,6.8
2025-04-27 04:15:00+00:00,445.5366633,0.0,22.0,446.7983333,0.0,21.7,9.946666667,73.0,50.05,5.0,7.0
2025-04-27 04:30:00+00:00,444.7138109,0.0,22.0,446.2372161,0.0,21.7,9.9,75.0,79.3,7.0,7.1
2025-04-27 04:45:00+00:00,443.7687365,0.0,22.0,445.6470243,0.0,21.68680556,9.85625,78.0,108.8333333,9.0,7.1
2025-04-27 05:00:00+00:00,443.4845769,0.0,22.0,445.2825668,0.0,21.72205128,9.8,82.0,138.5357143,11.0,7.4
2025-04-27 05:15:00+00:00,443.9898438,0.0,22.0,443.4957827,0.0,21.8,9.8,85.0,171.0769231,13.0,7.8
2025-04-27 05:30:00+00:00,443.5687967,0.0,22.0,443.8532305,0.0,21.8,9.8,88.0,202.1642857,15.0,8.1
2025-04-27 05:45:00+00:00,442.618428,0.0,22.0,444.3098558,0.0,21.8,9.83125,91.0,230.1727273,17.0,8.4
2025-04-27 06:00:00+00:00,442.6854626,0.0,22.01055892,443.750107,0.0,21.8535,9.9,94.0,263.9071429,20.0,8.7
2025-04-27 06:15:00+00:00,442.5354249,0.0,22.09479167,442.8034956,0.0,21.9,9.960416667,97.0,296.55,22.0,8.9
2025-04-27 06:30:00+00:00,441.7439629,0.0,22.1,442.8215859,0.0,21.9,10.0,100.0,329.62,24.0,8.7
2025-04-27 06:45:00+00:00,441.8532261,0.0,22.1,442.9237037,0.0,21.9,10.05733333,103.5,368.7692308,26.0,9.2
2025-04-27 07:00:00+00:00,440.8758425,0.0,22.1,443.0175959,0.0,21.9,10.10763889,108.0,396.2769231,28.0,9.6
2025-04-27 07:15:00+00:00,440.0333333,0.0,22.16666667,443.5853375,0.0,21.86,10.2,111.0,428.7857143,30.0,8.7
2025-04-27 07:30:00+00:00,440.1471445,0.0,22.2,442.9022746,0.0,21.95154221,10.3328125,114.0,447.5866667,32.0,9.5
2025-04-27 07:45:00+00:00,440.545513,0.0,22.2,443.0077577,0.0,22.0,10.4,118.0,486.8461538,34.0,10.2
2025-04-27 08:00:00+00:00,439.9005093,0.0,22.2,443.4665011,0.0,22.0,10.46666667,122.5,507.0071429,36.0,10.2
2025-04-27 08:15:00+00:00,439.4743058,0.0,22.28125,442.242434,0.0,22.0,10.60333333,127.0,533.3454545,38.0,10.1
2025-04-27 08:30:00+00:00,439.8518954,0.0,22.3,442.3896135,0.0,22.09333333,10.75595238,131.0,556.1818182,39.0,9.4
2025-04-27 08:45:00+00:00,439.6086476,0.0,22.3,442.2993207,0.0,22.1,10.88125,135.0,577.0090909,41.0,9.7
2025-04-27 09:00:00+00:00,439.3050371,0.0,22.3,442.0526984,0.0,22.1,11.0,139.0,596.3833333,42.0,11.0
2025-04-27 09:15:00+00:00,438.121201,0.0,22.3,440.8751553,0.0,22.1,11.075,143.0,615.5181818,44.0,9.7
2025-04-27 09:30:00+00:00,437.5329956,0.0,22.365625,440.4667763,0.0,22.1,11.30104167,147.5,634.0555556,45.0,9.6
2025-04-27 09:45:00+00:00,438.2142978,0.0,22.4,441.0764543,0.0,22.16066667,11.40888889,153.0,650.0888889,46.0,9.2
2025-04-27 10:00:00+00:00,438.5407645,0.0,22.4,441.2456798,0.0,22.2,11.53462798,158.0,664.3555556,47.0,9.7
2025-04-27 10:15:00+00:00,438.4549372,0.0,22.4,440.8284701,0.0,22.2,11.6,163.0,670.6777778,48.0,9.1
2025-04-27 10:30:00+00:00,437.7414087,0.0,22.4,440.6420741,0.0,22.2,11.6375,169.0,678.1625,48.0,9.5
2025-04-27 10:45:00+00:00,437.8489146,0.0,22.4,440.2400414,0.0,22.2,11.7,174.0,685.3833333,49.0,10.1
2025-04-27 11:00:00+00:00,438.0351785,0.0,22.4,440.0732601,0.0,22.2,11.76339286,180.0,685.7666667,49.0,10.1
2025-04-27 11:15:00+00:00,436.6048236,0.0,22.40625,439.7726563,0.0,22.2325,12.01527778,185.0,686.8888889,49.0,9.8
2025-04-27 11:30:00+00:00,436.7282749,0.0,22.41466667,439.4482083,0.0,22.3,12.19144444,190.6666667,684.1125,49.0,9.8
2025-04-27 11:45:00+00:00,436.9457369,0.0,22.5,439.0774818,0.0,22.3,12.1359375,196.0,679.64,48.0,10.4
2025-04-27 12:00:00+00:00,437.4732926,0.0,22.5,438.9959596,0.0,22.3,12.25666667,201.0,672.3333333,48.0,10.7
2025-04-27 12:15:00+00:00,437.2870028,0.0,22.5,438.9926077,0.0,22.34791667,12.42479167,206.0,664.76,47.0,10.6
2025-04-27 12:30:00+00:00,436.9959358,0.0,22.5,438.3315188,0.0,22.40666667,12.5,211.0,652.0714286,46.0,10.7
2025-04-27 12:45:00+00:00,436.3814783,0.0,22.58515625,438.6210084,0.0,22.50625,12.568125,216.0,636.575,44.0,10.9
2025-04-27 13:00:00+00:00,435.6997457,0.0,22.64666667,438.278475,0.0,22.6,12.70642857,221.0,619.9625,43.0,10.5
2025-04-27 13:15:00+00:00,436.1033284,0.0,22.74111111,438.3428491,0.0,22.69583333,12.94666667,225.0,602.5,42.0,10.9
2025-04-27 13:30:00+00:00,434.7549556,0.0,22.8,437.7665288,0.0,22.824375,13.0,229.0,585.6727273,40.0,10.9
2025-04-27 13:45:00+00:00,434.9905671,0.0,22.88,437.7211606,0.0,23.00666667,13.06,234.0,560.3454545,38.0,11.1
2025-04-27 14:00:00+00:00,434.4859848,0.0,22.95625,438.5270016,0.0,23.19317956,13.15625,238.0,535.4833333,37.0,11.5
2025-04-27 14:15:00+00:00,434.9372057,0.0,23.06,439.5131538,0.0,23.42,13.20761905,242.0,510.2333333,35.0,12.2
2025-04-27 14:30:00+00:00,435.3540585,0.0,23.17083333,439.1174595,0.0,23.58928571,13.3875,245.0,481.3307692,33.0,12.5
2025-04-27 14:45:00+00:00,434.3887767,0.0,23.24375,438.9808222,0.0,23.78645833,13.57120536,248.0,451.9923077,31.0,12.1
2025-04-27 15:00:00+00:00,434.4404704,0.0,23.39333333,440.0327561,0.0,24.01466667,13.75074074,253.0,422.05,29.0,12.2
2025-04-27 15:15:00+00:00,434.1977027,0.0,23.45625,440.0713574,0.0,24.25625,13.9,256.0,391.9692308,27.0,12.2
2025-04-27 15:30:00+00:00,434.4999658,0.0,23.59596088,440.0333333,0.0,24.47990741,13.97142857,259.0,358.225,25.0,11.8
2025-04-27 15:45:00+00:00,434.9499285,0.0,23.6575,440.0787946,0.0,24.6906746,14.1275,262.0,325.0785714,23.0,12.2
2025-04-27 16:00:00+00:00,433.5239754,0.0,23.81651852,440.6507941,0.0,24.88666667,14.22222222,265.0,290.1428571,21.0,11.4
2025-04-27 16:15:00+00:00,433.7211886,0.0,23.90625,440.8461393,0.0,25.0375,14.3875,268.0,254.45,19.0,11.8
2025-04-27 16:30:00+00:00,434.0629356,0.0,23.984375,439.7837662,0.0,25.09803571,14.521875,271.0,220.1866667,17.0,12.4
2025-04-27 16:45:00+00:00,433.6298102,0.0,24.04419048,439.6688606,0.0,25.11222222,14.92377778,275.0,185.7714286,14.0,11.3
2025-04-27 17:00:00+00:00,434.4518342,0.0,24.10625,439.7784683,0.0,25.1925,14.80614583,278.0,155.6214286,12.0,11.1
2025-04-27 17:15:00+00:00,434.28,0.0,24.1,440.3924638,0.0,25.00583333,14.90714286,281.0,126.7428571,10.0,11.3
2025-04-27 17:30:00+00:00,433.593427,0.0,24.1,439.4732246,0.0,24.82232143,15.08125,284.0,95.67333333,8.0,10.9
2025-04-27 17:45:00+00:00,434.5512689,0.0,24.1,439.8053369,0.0,24.73238095,15.22,287.0,64.90714286,6.0,10.8
2025-04-27 18:00:00+00:00,434.8662873,0.0,24.1,439.8660588,0.0,24.64113343,15.3,290.0,36.65,4.0,10.4
2025-04-27 18:15:00+00:00,435.0512153,0.0,24.025,440.2428333,0.0,24.49583333,15.3,294.0,12.92857143,2.0,10.1
2025-04-27 18:30:00+00:00,434.9453997,0.0,23.92666667,439.906432,0.0,24.29873016,15.3,296.0,3.9,0.0,9.8
2025-04-27 18:45:00+00:00,434.5151964,0.0,23.86875,439.9772321,0.0,24.11421875,15.13828125,299.0,0.9,-2.0,9.3
2025-04-27 19:00:00+00:00,434.9276961,0.0,23.77333333,440.1490688,0.0,24.01407407,15.01904762,303.0,0.1,-4.0,9.0
2025-04-27 19:15:00+00:00,435.1099702,0.0,23.7,439.7137393,0.0,23.93271104,14.86875,306.0,0.0,-5.0,9.0
2025-04-27 19:30:00+00:00,434.2318497,0.0,23.60666667,439.3040488,0.0,23.82,14.55571429,309.0,0.0,-7.0,8.8
2025-04-27 19:45:00+00:00,435.1455667,0.0,23.59154762,438.6771293,0.0,23.74,14.32666667,312.0,0.0,-9.0,8.6
2025-04-27 20:00:00+00:00,434.546043,0.0,23.50916667,438.4186668,0.0,23.625,13.99330357,315.5,0.0,-10.0,8.3
2025-04-27 20:15:00+00:00,433.1537645,0.0,23.40833333,438.0908832,0.0,23.58333333,13.69178241,319.0,0.0,-12.0,8.5
2025-04-27 20:30:00+00:00,434.2944318,0.0,23.4,439.0998151,0.0,23.5,13.40666667,322.0,0.0,-13.0,8.5
2025-04-27 20:45:00+00:00,433.1329453,0.0,23.33125,437.381917,0.0,23.40625,13.13125,326.0,0.0,-14.0,8.1
2025-04-27 21:00:00+00:00,432.9338639,0.0,23.3,437.1922706,0.0,23.33866667,12.90019048,330.0,0.0,-16.0,7.9
2025-04-27 21:15:00+00:00,432.5625341,0.0,23.2171875,436.07671,0.0,23.26849747,12.62,333.0,0.0,-17.0,7.9
2025-04-27 21:30:00+00:00,431.5255547,0.0,23.18,436.1053094,0.0,23.18,12.34805556,337.0,0.0,-18.0,7.8
2025-04-27 21:45:00+00:00,431.7963766,0.0,23.1,435.67071,0.0,23.1,12.15203125,341.0,0.0,-19.0,7.8
2025-04-27 22:00:00+00:00,431.4981588,0.0,23.01875,435.8392136,0.0,23.01875,11.97682292,345.0,0.0,-19.0,8.6
2025-04-27 22:15:00+00:00,431.8784583,0.0,23.0,435.5282838,0.0,22.98755556,11.61985185,348.0,0.0,-20.0,8.3
2025-04-27 22:30:00+00:00,431.3802254,0.0,22.93125,435.5454473,0.0,22.91047619,11.28574155,351.0,0.0,-20.0,8.3
2025-04-27 22:45:00+00:00,430.1655827,0.0,22.9,434.6748807,0.0,22.81916667,10.91904762,355.0,0.0,-21.0,8.1
2025-04-27 23:00:00+00:00,430.1311879,0.0,22.9,434.4022207,0.0,22.8,10.61145833,179.5,0.0,-21.0,8.1
2025-04-27 23:15:00+00:00,429.4000064,0.0,22.82666667,433.2331731,0.0,22.7328125,10.35422222,3.0,0.0,-21.0,8.1
2025-04-27 23:30:00+00:00,429.6016082,0.0,22.8,433.0190476,0.0,22.7,10.17333333,7.0,0.0,-21.0,9.2
2025-04-27 23:45:00+00:00,429.5526961,0.0,22.74806548,432.60777,0.0,22.625,10.00875,11.0,0.0,-20.0,10.1
2025-04-28 00:00:00+00:00,428.4293484,0.0,22.7,431.9529832,0.0,22.6,9.913333333,15.5,0.0,-20.0,9.4
2025-04-28 00:15:00+00:00,428.7722485,0.0,22.69791667,431.3696618,0.0,22.6,9.738095238,20.0,0.0,-19.0,8.4
2025-04-28 00:30:00+00:00,427.5739903,0.0,22.60711111,430.0970212,0.0,22.55222222,9.652,23.0,0.0,-19.0,8.2
2025-04-28 00:45:00+00:00,427.5486645,0.0,22.6,430.4656669,0.0,22.5,9.5125,26.0,0.0,-18.0,10.3
2025-04-28 01:00:00+00:00,427.5563029,0.0,22.6,429.5273167,0.0,22.4421875,9.48125,30.0,0.0,-17.0,8.6
2025-04-28 01:15:00+00:00,427.4665077,0.0,22.55,429.5592731,0.0,22.4,9.385714286,33.0,0.0,-16.0,9.3
2025-04-28 01:30:00+00:00,426.8758377,0.0,22.5,429.4307418,0.0,22.4,9.3,36.5,0.0,-14.0,8.8
2025-04-28 01:45:00+00:00,426.7441414,0.0,22.5,428.7457763,0.0,22.31983333,9.3,41.0,0.0,-13.0,8.7
2025-04-28 02:00:00+00:00,426.6325204,0.0,22.5,428.9459341,0.0,22.3,9.3,44.0,0.0,-12.0,8.0
2025-04-28 02:15:00+00:00,428.1428712,0.0,22.42472222,431.6855226,0.0,22.3,9.3,47.0,0.0,-10.0,8.3
2025-04-28 02:30:00+00:00,434.0201979,0.0,22.5,446.608552,0.0,22.29097355,9.233333333,51.0,0.0,-9.0,7.4
2025-04-28 02:45:00+00:00,448.6275138,0.0,22.5,454.9159702,0.0,22.32864899,9.2,54.0,0.0,-7.0,7.1
2025-04-28 03:00:00+00:00,449.2720209,35.79976852,22.5,453.6075659,36.28045296,22.3,10.83245614,57.0,0.0,-5.0,6.8
2025-04-28 03:15:00+00:00,451.8942001,66.98787132,22.49375,456.2365981,65.62136072,22.3,20.71581454,61.0,0.5,-4.0,6.7
2025-04-28 03:30:00+00:00,461.6643324,66.80825807,22.4,466.314687,65.44396903,22.22459259,17.62166667,64.0,3.3,-2.0,6.8
2025-04-28 03:45:00+00:00,469.2907308,67.8297404,22.4,473.1262159,65.92873793,22.2,17.4589881,67.0,11.4,0.0,7.4
2025-04-28 04:00:00+00:00,475.1190752,66.92738095,22.4,478.1836901,65.71925926,22.1125,17.3,69.0,25.4625,2.0,7.6
2025-04-28 04:15:00+00:00,479.0779942,67.36944688,22.35202646,482.8410193,65.93068277,22.1,17.3,72.0,46.60833333,4.0,7.4
2025-04-28 04:30:00+00:00,481.9442143,67.11122253,22.30208333,486.6453765,65.47365104,22.1,17.3,75.0,75.53571429,6.0,7.9
2025-04-28 04:45:00+00:00,485.749588,67.22909986,22.3,499.4691277,65.45757565,22.1,17.3,78.0,101.5363636,8.0,8.2
2025-04-28 05:00:00+00:00,495.8229271,67.28978148,22.375,526.4327299,65.45944639,22.1,17.30625,82.0,135.4142857,10.0,7.8
2025-04-28 05:15:00+00:00,509.7833859,66.47570763,22.38365079,535.0839043,65.03514745,22.17349206,17.45584127,85.0,169.4076923,12.0,7.7
2025-04-28 05:30:00+00:00,528.8471737,63.11926828,22.41235119,557.9224188,65.53283434,22.31428571,17.5625,88.0,199.7928571,15.0,8.1
2025-04-28 05:45:00+00:00,541.9188721,62.20071429,22.47232143,580.2895373,65.83840139,22.4,17.31428571,91.0,230.2866667,18.0,8.6
2025-04-28 06:00:00+00:00,580.6924835,62.53405722,22.53322751,607.2619777,66.11928253,22.59555556,17.28,94.0,264.2642857,21.0,9.0
2025-04-28 06:15:00+00:00,627.2248867,62.62266992,22.59565972,639.7110497,66.41834249,22.6,17.07142857,97.0,293.6857143,23.0,9.6
2025-04-28 06:30:00+00:00,676.0173358,63.13640561,22.8152862,677.2658559,66.12369458,22.67481481,16.92638047,100.0,326.9785714,25.0,11.2
2025-04-28 06:45:00+00:00,731.0610983,63.10276094,23.06339286,737.6000555,66.14581014,22.9890625,16.89427083,103.5,362.4133333,27.0,11.7
2025-04-28 07:00:00+00:00,772.4938052,62.81019491,23.18,780.5715629,65.09215758,23.19333333,16.94181818,107.0,396.9,29.0,12.6
2025-04-28 07:15:00+00:00,774.2914155,64.14263974,23.36770833,790.8887214,84.28856377,23.3,17.07578125,110.0,399.8214286,31.0,13.1
2025-04-28 07:30:00+00:00,780.2750291,68.13802689,23.49456085,796.7747928,92.07822341,23.36789418,17.1,114.0,455.3230769,33.0,14.0
2025-04-28 07:45:00+00:00,775.9341989,66.39187279,23.4765625,770.7117179,72.61887474,23.43828125,17.13125,118.0,482.0076923,35.0,13.6
2025-04-28 08:00:00+00:00,781.9094828,75.10804598,23.66,770.1006133,79.60677904,23.56,17.17755556,122.5,508.9,37.0,14.1
2025-04-28 08:15:00+00:00,739.1061981,64.92267935,23.84262153,749.5145671,66.15119675,23.5481698,17.10666667,126.0,528.1142857,39.0,15.5
2025-04-28 08:30:00+00:00,740.9795909,62.07621574,23.85,749.3308112,81.85413312,23.6,17.23333333,130.0,564.1083333,40.0,16.0
2025-04-28 08:45:00+00:00,755.0768627,61.37274064,23.92302083,749.6944246,67.13337295,23.61919643,17.05615981,135.0,551.4066667,42.0,15.6
2025-04-28 09:00:00+00:00,733.3280631,64.25427568,23.98904762,721.9767407,67.63886179,23.66348339,17.03125,139.0,566.4133333,44.0,15.6
2025-04-28 09:15:00+00:00,717.7837864,63.70105604,23.88015873,754.4329484,66.12198711,23.66444444,17.17733333,143.0,621.5666667,45.0,16.1
2025-04-28 09:30:00+00:00,694.703632,64.63354497,23.90809524,722.4517722,65.71275387,23.54375,17.03125,147.5,655.9857143,46.0,16.4
2025-04-28 09:45:00+00:00,679.3212082,65.75847266,23.84083333,670.3615801,67.04404762,23.5,17.14,153.0,586.3133333,47.0,16.6
2025-04-28 10:00:00+00:00,679.7735387,64.79010342,23.90729167,673.1900043,62.09467542,23.5375,17.04375,158.0,632.5866667,48.0,17.0
2025-04-28 10:15:00+00:00,672.0340057,66.47243295,24.01125,661.6850693,61.31588894,23.6,17.16927083,163.0,619.6866667,48.0,17.6
2025-04-28 10:30:00+00:00,675.2115401,64.76551871,23.98309524,676.3161647,60.2985079,23.63333333,17.38285714,169.0,656.9666667,49.0,17.0
2025-04-28 10:45:00+00:00,681.817183,67.54195286,23.95333333,688.1135223,61.06709596,23.67291667,17.17569444,174.0,674.2933333,49.0,16.7
2025-04-28 11:00:00+00:00,697.9083611,72.42329601,24.09733333,686.2207857,59.68879135,23.7784127,17.38666667,180.0,646.3285714,49.0,17.5
2025-04-28 11:15:00+00:00,710.6435166,85.90177045,24.1575,712.1901214,60.63902926,23.86875,17.18901786,185.0,648.2533333,49.0,17.1
2025-04-28 11:30:00+00:00,691.3194623,99.34288918,24.19055556,660.3271487,59.55672899,23.86,17.28944444,190.6666667,635.4266667,49.0,17.3
2025-04-28 11:45:00+00:00,689.5067407,115.0633532,24.13092593,666.1514079,60.30505061,23.79583333,17.52,196.0,640.6133333,48.0,18.5
2025-04-28 12:00:00+00:00,696.7660354,125.8234699,24.05584821,679.1022222,59.00852995,23.80101935,17.5425,201.0,542.0466667,47.0,18.4
2025-04-28 12:15:00+00:00,685.9708391,128.9973791,23.97188492,673.1709455,59.39587964,23.73992761,17.43857143,206.0,528.7733333,46.0,18.0
2025-04-28 12:30:00+00:00,670.6383081,129.1375671,23.94821429,651.7809512,59.35433721,23.7375,17.30714286,212.0,529.5533333,45.0,17.8
2025-04-28 12:45:00+00:00,649.8996528,121.6123426,23.97547619,626.6488095,60.70556319,23.78,17.31666667,217.0,618.4,44.0,17.9
2025-04-28 13:00:00+00:00,636.6497352,114.4011429,23.8984375,612.6536188,60.24680811,23.8,16.45044643,221.0,638.5,43.0,18.7
2025-04-28 13:15:00+00:00,623.3426345,108.083358,23.91809524,596.5901361,60.02051914,23.77007937,16.23399471,225.0,595.4933333,41.0,18.6
2025-04-28 13:30:00+00:00,603.9446411,114.402625,24.11487103,585.6875603,60.8794572,23.86770833,16.82375,229.0,594.6866667,40.0,17.5
2025-04-28 13:45:00+00:00,579.8647736,123.1354272,24.08583333,577.2805074,61.83647124,23.96921875,17.1265625,234.0,486.3066667,38.0,18.8
2025-04-28 14:00:00+00:00,562.9185707,70.28384173,23.96079365,574.2747133,60.73222874,24.0,15.64180952,238.0,506.4466667,36.0,18.7
2025-04-28 14:15:00+00:00,566.8023277,62.24002723,23.95,569.4288128,62.36028296,24.1,16.81916667,242.0,332.6933333,34.0,18.7
2025-04-28 14:30:00+00:00,563.7427529,62.56158879,23.98133333,565.4912862,61.7424906,24.09333333,17.02166667,245.0,314.52,32.0,18.7
2025-04-28 14:45:00+00:00,564.9649123,62.78248366,24.0,562.5171892,62.8230264,24.1,16.6,248.0,287.2666667,30.0,18.1
2025-04-28 15:00:00+00:00,553.6141852,61.78060618,23.96444444,554.2668086,62.18134727,24.05555556,17.40555556,253.0,175.7133333,28.0,17.9
2025-04-28 15:15:00+00:00,536.9230576,61.6600265,24.0,546.9141788,61.96123457,23.9375,16.87604167,256.0,152.0083333,26.0,17.4
2025-04-28 15:30:00+00:00,526.9047363,62.09,24.0,538.0072984,61.56193288,23.93828125,16.4425,259.0,275.48,24.0,17.6
2025-04-28 15:45:00+00:00,519.1316077,62.65404976,24.06363636,530.369697,62.37608927,24.22727273,17.25616883,263.0,302.6266667,22.0,18.3
2025-04-28 16:00:00+00:00,512.4933439,62.90830688,24.1,524.3873492,63.09611502,24.47470238,17.09453125,266.0,275.04,20.0,18.1
2025-04-28 16:15:00+00:00,508.1541317,62.80235478,24.1,518.9914303,62.28857031,24.63733333,16.82772222,268.0,248.4230769,18.0,18.8
2025-04-28 16:30:00+00:00,503.945901,61.38100273,24.13125,513.9729699,62.15217185,24.82946429,16.725,271.0,208.9214286,16.0,18.2
2025-04-28 16:45:00+00:00,501.7930452,62.93075935,24.2,509.1393156,62.0162431,24.9,17.196,275.0,168.1083333,14.0,18.1
2025-04-28 17:00:00+00:00,498.9882428,62.46131854,24.17142857,508.0581385,62.0239704,24.78392857,16.79642857,278.0,91.02142857,11.0,17.9
2025-04-28 17:15:00+00:00,496.3044619,62.30546412,24.16625,505.5494978,61.74633999,24.59330357,17.13526786,281.0,80.2,9.0,17.4
2025-04-28 17:30:00+00:00,494.7757279,61.51978022,24.1,503.0716807,62.12094528,24.50193452,17.19166667,284.0,68.91428571,7.0,17.2
2025-04-28 17:45:00+00:00,493.7790799,62.0484127,24.1,501.1653325,62.41789836,24.39833333,17.06666667,287.0,43.89166667,5.0,17.0
2025-04-28 18:00:00+00:00,493.6357164,17.32724458,24.08181818,499.7678801,14.99253096,24.24285714,17.0,290.0,17.1,3.0,16.8
2025-04-28 18:15:00+00:00,493.57455,0.0,24.0,498.0990433,0.0,24.08843682,17.025,294.0,9.05,1.0,16.7
2025-04-28 18:30:00+00:00,491.820728,0.0,23.95,497.5411229,0.0,23.97767857,17.1,297.0,3.0,-1.0,16.2
2025-04-28 18:45:00+00:00,491.2564394,0.0,23.9,497.1498016,0.0,23.88,17.1,300.0,0.5,-2.0,15.8
2025-04-28 19:00:00+00:00,492.0804421,0.0,23.8546875,495.9597662,0.0,23.8,17.11875,303.0,0.0,-4.0,15.6
2025-04-28 19:15:00+00:00,490.955809,0.0,23.8,495.2495889,0.0,23.73888889,17.28666667,306.0,0.0,-6.0,15.4
2025-04-28 19:30:00+00:00,490.0917108,0.0,23.72125,495.2932692,0.0,23.66875,17.34755208,309.0,0.0,-8.0,14.8
2025-04-28 19:45:00+00:00,489.1420205,0.0,23.68446429,494.5864564,0.0,23.6,17.47666667,312.0,0.0,-9.0,14.6
2025-04-28 20:00:00+00:00,489.2211499,0.0,23.6,493.8622727,0.0,23.59333333,17.36,315.5,0.0,-11.0,14.2
2025-04-28 20:15:00+00:00,488.484622,0.0,23.6,493.6047091,0.0,23.5,17.19947917,319.0,0.0,-12.0,13.8
2025-04-28 20:30:00+00:00,488.6039886,0.0,23.53047619,493.8994281,0.0,23.42666667,16.97333333,322.0,0.0,-14.0,13.7
2025-04-28 20:45:00+00:00,487.943559,0.0,23.5,492.517204,0.0,23.4,16.6,326.0,0.0,-15.0,13.3
2025-04-28 21:00:00+00:00,487.0005511,0.0,23.5,491.3588871,0.0,23.32583333,16.19297619,330.0,0.0,-16.0,13.1
2025-04-28 21:15:00+00:00,486.5841123,0.0,23.40520833,491.975,0.0,23.3,15.8096875,333.0,0.0,-17.0,12.8
2025-04-28 21:30:00+00:00,486.5705882,0.0,23.4,490.2539239,0.0,23.25625,15.49285714,337.0,0.0,-18.0,12.7
2025-04-28 21:45:00+00:00,485.999537,0.0,23.4,489.9716356,0.0,23.2,15.25274725,341.0,0.0,-19.0,12.4
2025-04-28 22:00:00+00:00,485.4642237,0.0,23.4,488.9753091,0.0,23.15546875,15.01875,345.0,0.0,-19.0,12.3
2025-04-28 22:15:00+00:00,485.0731676,0.0,23.30666667,488.4273998,0.0,23.1,14.79238095,348.0,0.0,-20.0,12.4
2025-04-28 22:30:00+00:00,484.7659722,0.0,23.3,488.4841524,0.0,23.040625,14.608,351.0,0.0,-20.0,12.1
2025-04-28 22:45:00+00:00,483.8339947,0.0,23.28,487.8544742,0.0,23.0,14.42666667,355.0,0.0,-20.0,12.1
2025-04-28 23:00:00+00:00,482.6407782,0.0,23.2,487.1490126,0.0,23.0,14.33020833,179.5,0.0,-20.0,11.8
2025-04-28 23:15:00+00:00,483.4635417,0.0,23.2,486.7842654,0.0,22.93875,14.53125,3.0,0.0,-20.0,11.7
2025-04-28 23:30:00+00:00,482.3689658,0.0,23.2,486.2344543,0.0,22.9,14.6,7.0,0.0,-20.0,11.6
2025-04-28 23:45:00+00:00,481.7612188,0.0,23.1109375,487.1052436,0.0,22.88125,14.5625,11.0,0.0,-20.0,11.6
2025-04-29 00:00:00+00:00,481.3252273,0.0,23.1,486.0206791,0.0,22.8,14.43333333,15.5,0.0,-19.0,11.4
2025-04-29 00:15:00+00:00,480.1528957,0.0,23.06041667,485.6734515,0.0,22.8,14.203125,20.0,0.0,-19.0,11.2
2025-04-29 00:30:00+00:00,480.3507259,0.0,23.0,484.8170425,0.0,22.8,14.02447619,23.0,0.0,-18.0,11.1
2025-04-29 00:45:00+00:00,480.6317842,0.0,23.0,482.8956371,0.0,22.75,13.84270833,26.0,0.0,-17.0,11.0
2025-04-29 01:00:00+00:00,479.4295835,0.0,23.0,481.9716761,0.0,22.7,13.6890625,30.0,0.0,-16.0,11.0
2025-04-29 01:15:00+00:00,478.7806647,0.0,22.92065657,481.751936,0.0,22.7,13.49285714,33.0,0.0,-15.0,11.2
2025-04-29 01:30:00+00:00,478.579137,0.0,22.9,481.9004263,0.0,22.67285714,13.33857143,36.5,0.0,-13.0,10.9
2025-04-29 01:45:00+00:00,477.4495566,0.0,22.9,481.8075054,0.0,22.62216931,13.15952381,41.0,0.0,-12.0,10.8
2025-04-29 02:00:00+00:00,477.0241352,0.0,22.85625,480.8426692,0.0,22.6,13.0625,44.0,0.0,-11.0,10.5
2025-04-29 02:15:00+00:00,477.0015056,0.0,22.80833333,485.6955773,0.0,22.6,12.90833333,47.0,0.0,-9.0,10.3
2025-04-29 02:30:00+00:00,477.7771479,0.0,22.8953125,499.0024583,0.0,22.6546875,12.77485119,50.0,0.0,-7.0,10.2
2025-04-29 02:45:00+00:00,496.3598828,0.0,22.86142857,515.6876366,0.0,22.7,12.6,53.0,0.0,-6.0,10.2
2025-04-29 03:00:00+00:00,514.5856851,33.51725328,22.9,517.7668371,30.97628459,22.61875,12.81111111,57.0,0.0,-4.0,10.2
2025-04-29 03:15:00+00:00,510.9697901,62.88969276,22.9,514.8860612,64.42842245,22.6,18.29002976,61.0,0.6,-2.0,10.4
2025-04-29 03:30:00+00:00,508.2879464,61.79453299,22.9,511.6182436,61.47855127,22.6,16.945,63.0,2.1,0.0,10.7
2025-04-29 03:45:00+00:00,507.4432416,62.02186702,22.8125,510.2845615,61.56372711,22.6,16.80011204,66.0,5.1,2.0,10.6
2025-04-29 04:00:00+00:00,504.678268,60.84256979,22.8,508.8237349,60.77653685,22.6,16.6957265,69.0,11.3,4.0,10.5
2025-04-29 04:15:00+00:00,504.4865743,61.52525188,22.74666667,508.9953704,60.99732892,22.6,17.24791667,72.0,21.66666667,6.0,10.4
2025-04-29 04:30:00+00:00,502.6171875,61.09551177,22.71428571,508.6559534,60.29894779,22.6,17.07142857,75.0,27.77142857,8.0,10.7
2025-04-29 04:45:00+00:00,502.7016806,61.23258879,22.69375,517.1375805,60.36167862,22.6,16.96521577,78.0,46.78,10.0,10.6
2025-04-29 05:00:00+00:00,507.5253998,60.92053158,22.8,534.4938483,60.98723248,22.56666667,17.2,82.0,53.45333333,12.0,10.8
2025-04-29 05:15:00+00:00,515.6222452,59.65218013,22.80703125,550.653276,60.08930465,22.57994792,17.2,85.0,135.9333333,14.0,10.8
2025-04-29 05:30:00+00:00,554.719798,59.93774429,22.85206349,574.5802877,60.92454832,22.7243771,17.22933333,88.0,192.4066667,16.0,11.2
2025-04-29 05:45:00+00:00,581.6765766,59.81652232,22.96339286,600.8898191,60.79731053,22.853125,16.84107143,91.0,233.16,18.0,11.7
2025-04-29 06:00:00+00:00,613.9409231,59.44375952,23.03680556,629.6266053,59.94429853,22.98625,16.97111111,94.0,247.9466667,20.0,11.8
2025-04-29 06:15:00+00:00,635.7744775,59.30544484,22.95530423,661.7110678,60.57198011,23.08666667,17.03710317,97.0,260.66,22.0,12.1
2025-04-29 06:30:00+00:00,686.940315,59.40366054,23.23520833,704.2684589,60.06551903,23.25321429,17.04449405,100.0,319.1066667,24.0,11.8
2025-04-29 06:45:00+00:00,760.7908788,64.45185676,23.36587302,765.5292125,60.65868368,23.40448148,16.76444444,103.5,357.9066667,26.0,12.5
2025-04-29 07:00:00+00:00,789.0437064,72.33296593,23.57388393,770.9804224,61.57488713,23.4609375,17.10928571,107.0,392.2066667,28.0,12.7
2025-04-29 07:15:00+00:00,756.0109676,64.22750887,23.67933333,759.0630737,63.33101481,23.655,17.13666667,110.0,434.9266667,31.0,12.8
2025-04-29 07:30:00+00:00,782.542011,73.49624265,23.70125,771.6236935,78.2141547,23.615625,16.96875,114.0,455.28,33.0,12.6
2025-04-29 07:45:00+00:00,769.0512118,72.59441708,23.91333333,770.77009,67.75682802,23.7,16.75621164,118.0,468.2384615,34.0,12.7
2025-04-29 08:00:00+00:00,751.7499145,63.47752766,23.86698413,780.9919454,79.76479874,23.70416667,16.96583333,121.0,505.8857143,36.0,13.7
2025-04-29 08:15:00+00:00,700.6410427,64.03794896,23.99665179,732.9735713,66.44686381,23.77508929,16.8546875,125.0,521.9857143,38.0,13.1
2025-04-29 08:30:00+00:00,696.6869473,67.61243316,24.10769231,701.2365451,64.74026784,23.77333333,16.87615385,129.0,556.3066667,40.0,13.2
2025-04-29 08:45:00+00:00,693.8435269,80.11316527,24.112,696.5946423,65.09931471,23.75541667,16.86666667,134.0,566.04,42.0,12.8
2025-04-29 09:00:00+00:00,686.4316212,84.51631089,24.05688889,699.7809669,62.88850575,23.74444444,17.00933333,139.0,584.92,43.0,13.2
2025-04-29 09:15:00+00:00,683.3430755,94.92698298,24.11838235,684.5523834,64.53030303,23.78125,17.0375,143.0,606.8866667,44.0,12.9
2025-04-29 09:30:00+00:00,667.8655736,103.5657528,24.04334127,669.0759543,63.12719233,23.73734205,17.02305556,147.5,622.6866667,46.0,13.1
2025-04-29 09:45:00+00:00,654.7105263,106.7650975,24.06335227,647.6052451,64.15129902,23.60917208,17.08375687,153.0,634.5266667,47.0,13.0
2025-04-29 10:00:00+00:00,642.4685605,109.7043985,23.93982906,638.259307,63.77269351,23.60102564,17.04533333,158.0,635.84,48.0,13.0
2025-04-29 10:15:00+00:00,630.5699219,108.6395505,24.00357937,643.9298666,63.2112445,23.74888889,17.11888889,163.0,665.82,48.0,13.2
2025-04-29 10:30:00+00:00,639.4084399,105.7548611,23.968125,659.5851048,63.69610814,23.86328125,17.26375,169.0,671.4533333,49.0,13.6
2025-04-29 10:45:00+00:00,666.5757386,107.7907457,23.98166667,670.3716776,64.10076555,23.90826455,17.16,174.0,676.2866667,49.0,13.8
2025-04-29 11:00:00+00:00,706.8491407,109.610366,23.9985119,692.9164885,62.95856396,23.96901042,17.0422619,180.0,667.6214286,50.0,14.0
2025-04-29 11:15:00+00:00,715.3406974,104.9244245,24.03980655,703.8524294,63.66685793,23.99943182,17.31613095,185.0,671.62,50.0,14.1
2025-04-29 11:30:00+00:00,692.1630516,115.4134467,24.09333333,688.2677881,64.35701314,23.96929487,17.11911966,190.6666667,676.16,49.0,14.3
2025-04-29 11:45:00+00:00,676.2144179,125.6760047,24.12864583,684.175457,64.44740023,23.90885417,17.19861111,196.0,684.0933333,49.0,15.2
2025-04-29 12:00:00+00:00,631.1027048,133.2340865,24.08185714,636.9309271,64.55385878,23.80777778,17.27298413,201.0,655.9266667,48.0,15.3
2025-04-29 12:15:00+00:00,600.134393,135.8715741,23.9467619,600.7545069,64.85249744,23.8,17.19386243,206.0,656.0666667,47.0,15.6
2025-04-29 12:30:00+00:00,593.4878498,122.979723,23.94,606.0941987,63.04528366,23.86333333,17.27255556,212.0,619.2733333,46.0,15.6
2025-04-29 12:45:00+00:00,602.5240619,125.3195612,23.98125,608.9722141,64.34845346,23.99375,17.25338542,217.0,609.32,45.0,15.5
2025-04-29 13:00:00+00:00,624.0003987,113.2938175,23.95703704,626.9520698,64.50645949,24.00148148,17.49312434,221.0,600.74,44.0,15.9
2025-04-29 13:15:00+00:00,637.4853162,115.645772,23.95625,631.5492468,68.17980661,24.09125,17.06520833,225.0,597.9666667,42.0,16.3
2025-04-29 13:30:00+00:00,629.5413656,114.9169769,23.93155556,623.9160724,77.89375438,24.1625,17.24333333,229.0,578.2214286,41.0,16.6
2025-04-29 13:45:00+00:00,644.8046376,109.6721545,23.93793651,620.2392877,91.82554278,24.16,17.15962963,230.0,530.0,39.0,16.5
2025-04-29 14:00:00+00:00,628.704023,74.25117048,23.96959821,620.8168053,71.78060349,24.25,16.75138393,237.0,501.9266667,37.0,16.4
2025-04-29 14:15:00+00:00,636.9132236,62.39327354,24.06845183,625.8006848,66.26980084,24.32111111,16.44111111,241.5,469.14,35.0,16.9
2025-04-29 14:30:00+00:00,646.8112401,62.82602694,24.08680556,613.3826124,65.81468173,24.46875,17.421875,246.0,443.4666667,33.0,17.2
2025-04-29 14:45:00+00:00,652.5041861,62.46584192,24.20033333,619.6643553,60.72124148,24.6,16.61744444,250.0,427.9933333,31.0,17.1
2025-04-29 15:00:00+00:00,627.9472934,62.89159041,24.29861111,618.2055424,60.58440099,24.7125,17.23472222,253.0,396.8066667,29.0,17.0
2025-04-29 15:15:00+00:00,599.8666694,61.48231839,24.38,608.0038323,59.9680682,24.80277778,17.29666667,256.0,377.9733333,27.0,17.9
2025-04-29 15:30:00+00:00,592.8018729,60.2523606,24.4,592.6460235,60.27916642,24.92291667,17.24930556,259.0,360.7133333,25.0,17.5
2025-04-29 15:45:00+00:00,582.5438336,60.27065826,24.44,584.1279887,60.33692545,25.07933333,17.52833333,263.0,291.2266667,23.0,17.7
2025-04-29 16:00:00+00:00,575.0428571,60.35018038,24.5,577.1830127,60.52744999,25.17395833,17.54761905,266.0,287.5533333,21.0,17.6
2025-04-29 16:15:00+00:00,574.1024449,60.6630303,24.55375,570.8445423,60.29179282,25.25138889,17.25875,269.0,235.3,19.0,17.9
2025-04-29 16:30:00+00:00,567.1302541,62.82039267,24.6,566.8413467,60.91607619,25.27111111,16.7220404,272.0,223.5,17.0,17.6
2025-04-29 16:45:00+00:00,562.1198286,62.66613757,24.6,563.38833,60.28374534,25.2,16.14613095,275.0,179.2857143,14.0,17.5
2025-04-29 17:00:00+00:00,560.1773719,62.82206749,24.6,559.9142857,60.06166892,25.13333333,15.78,278.0,145.4066667,12.0,17.2
2025-04-29 17:15:00+00:00,558.4121746,62.88074074,24.6,557.20684,60.83448718,25.03125,17.14208333,281.0,137.65,10.0,17.1
2025-04-29 17:30:00+00:00,556.7632674,62.66521831,24.6,554.8007625,60.45832821,25.0,16.67366667,285.0,94.06923077,8.0,16.7
2025-04-29 17:45:00+00:00,552.6672876,62.79669432,24.53705357,553.3418944,59.46582881,24.90625,16.9375,288.0,48.93571429,6.0,16.4
2025-04-29 18:00:00+00:00,553.0559857,10.89917027,24.5,547.6141641,21.94117647,24.73333333,17.0,291.0,20.55714286,4.0,15.8
2025-04-29 18:15:00+00:00,571.1186756,0.0,24.5,548.7529412,0.0,24.58982143,17.0,293.0,10.5,2.0,15.2
2025-04-29 18:30:00+00:00,575.5699002,0.0,24.4625,552.9662879,0.0,24.525,17.0,296.0,4.5,0.0,14.8
2025-04-29 18:45:00+00:00,574.5376451,0.0,24.4,559.9076611,0.0,24.45866667,17.0,299.0,0.6,-2.0,14.2
2025-04-29 19:00:00+00:00,569.8398715,0.0,24.39236111,564.8995544,0.0,24.359375,16.99821429,302.5,0.0,-3.0,13.7
2025-04-29 19:15:00+00:00,558.9383114,0.0,24.31510101,563.1238519,0.0,24.24666667,16.91313776,306.0,0.0,-5.0,13.4
2025-04-29 19:30:00+00:00,557.1567018,0.0,24.22916667,561.7366513,0.0,24.1609375,16.9,309.0,0.0,-7.0,13.1
2025-04-29 19:45:00+00:00,554.2751526,0.0,24.12503053,560.0199023,0.0,24.09230769,16.8,313.0,0.0,-9.0,12.8
2025-04-29 20:00:00+00:00,552.7151718,0.0,24.06875,558.270129,0.0,24.0,16.8,316.0,0.0,-10.0,12.4
2025-04-29 20:15:00+00:00,551.9810221,0.0,24.0,555.8932276,0.0,23.9225,16.7425,319.0,0.0,-12.0,12.1
2025-04-29 20:30:00+00:00,551.0251224,0.0,23.90666667,554.4567923,0.0,23.83746032,16.58,322.0,0.0,-13.0,12.0
2025-04-29 20:45:00+00:00,548.7269617,0.0,23.88472222,551.9191527,0.0,23.8,16.5,325.5,0.0,-14.0,11.9
2025-04-29 21:00:00+00:00,547.0379464,0.0,23.8,549.8468387,0.0,23.73047619,16.5,330.0,0.0,-15.0,12.5
2025-04-29 21:15:00+00:00,545.906118,0.0,23.74375,548.6531865,0.0,23.6975,16.41875,334.0,0.0,-16.0,12.1
2025-04-29 21:30:00+00:00,544.482097,0.0,23.7,547.2043279,0.0,23.6,16.26,337.0,0.0,-17.0,12.0
2025-04-29 21:45:00+00:00,542.8684985,0.0,23.6125,546.7558824,0.0,23.59120192,16.04557292,340.0,0.0,-18.0,11.9
2025-04-29 22:00:00+00:00,540.6177129,0.0,23.6,545.1826923,0.0,23.5,15.78181818,344.5,0.0,-19.0,11.9
2025-04-29 22:15:00+00:00,540.1802885,0.0,23.6,542.7615789,0.0,23.44833333,15.36888889,349.0,0.0,-19.0,11.7
2025-04-29 22:30:00+00:00,537.9322545,0.0,23.55625,542.2432359,0.0,23.375,15.04806548,353.0,0.0,-20.0,11.6
2025-04-29 22:45:00+00:00,537.6431555,0.0,23.5,541.3841234,0.0,23.3,14.74222222,356.0,0.0,-20.0,11.8
2025-04-29 23:00:00+00:00,537.3148038,0.0,23.4734375,540.2975185,0.0,23.29930556,14.53169643,179.0,0.0,-20.0,11.7
2025-04-29 23:15:00+00:00,534.4146645,0.0,23.4,539.1929605,0.0,23.2,14.35375,3.0,0.0,-20.0,11.8
2025-04-29 23:30:00+00:00,532.8039789,0.0,23.4,537.5698856,0.0,23.2,14.25948718,7.0,0.0,-20.0,11.8
2025-04-29 23:45:00+00:00,532.4993506,0.0,23.36875,534.6267045,0.0,23.11495536,14.121875,11.0,0.0,-20.0,11.6
2025-04-30 00:00:00+00:00,531.1893537,0.0,23.3,535.0632809,0.0,23.1,14.02,15.5,0.0,-19.0,11.3
2025-04-30 00:15:00+00:00,530.1271194,0.0,23.3,533.6888164,0.0,23.1,13.9875,20.0,0.0,-19.0,11.2
2025-04-30 00:30:00+00:00,528.4723077,0.0,23.3,532.3811966,0.0,23.01333333,13.86428571,23.0,0.0,-18.0,11.1
2025-04-30 00:45:00+00:00,526.8461859,0.0,23.20681097,531.8850601,0.0,23.0,13.76625,26.0,0.0,-17.0,11.0
2025-04-30 01:00:00+00:00,526.3899283,0.0,23.2,529.690036,0.0,22.99111111,13.67733333,30.0,0.0,-16.0,10.7
2025-04-30 01:15:00+00:00,526.1721245,0.0,23.2,527.8497741,0.0,22.92239583,13.5125,33.0,0.0,-15.0,10.7
2025-04-30 01:30:00+00:00,524.8145563,0.0,23.125625,527.3821444,0.0,22.9,13.34375,36.5,0.0,-14.0,10.6
2025-04-30 01:45:00+00:00,522.3662062,0.0,23.1,525.9115163,0.0,22.8925,13.21527778,41.0,0.0,-12.0,10.3
2025-04-30 02:00:00+00:00,521.9476997,0.0,23.1,525.3401791,0.0,22.8,13.02,44.0,0.0,-11.0,10.2
2025-04-30 02:15:00+00:00,519.8472222,0.0,23.05833333,523.9872159,0.0,22.8,12.86666667,47.0,0.0,-9.0,10.1
2025-04-30 02:30:00+00:00,521.2821985,0.0,23.05053571,526.5226759,0.0,22.8,12.7625,50.0,0.0,-8.0,9.9
2025-04-30 02:45:00+00:00,531.9488636,0.0,23.02,542.8342643,0.0,22.83333333,12.63555556,53.0,0.0,-6.0,9.8
2025-04-30 03:00:00+00:00,551.0277379,58.07155634,23.0,548.7968096,52.81425371,22.84791667,12.99666667,56.0,0.3,-4.0,9.8
2025-04-30 03:15:00+00:00,545.4578665,64.73709725,23.03910985,546.0218805,65.59110065,22.8,19.27218045,59.5,1.1,-2.0,10.0
2025-04-30 03:30:00+00:00,537.2037615,64.25299672,23.03333333,538.4406432,65.7704142,22.8,16.72319444,63.0,3.0,-1.0,10.0
2025-04-30 03:45:00+00:00,531.1759454,64.9945567,23.0,532.0359918,65.63221425,22.8,17.84421245,66.0,7.033333333,1.0,10.2
2025-04-30 04:00:00+00:00,525.9502053,64.38593101,22.97289886,527.4241709,66.45829255,22.8,16.27526042,69.0,14.1,3.0,10.2
2025-04-30 04:15:00+00:00,520.6746785,64.07052762,22.93526786,522.823759,65.69838777,22.8,17.15375,72.0,24.91666667,5.0,10.4
2025-04-30 04:30:00+00:00,518.4411058,64.24040672,22.9,520.332312,65.93249279,22.76166667,17.17666667,75.0,54.56666667,7.0,10.2
2025-04-30 04:45:00+00:00,515.3537158,63.73884819,22.9,518.7243169,66.0946292,22.72678571,17.07404514,78.0,96.43333333,9.0,10.4
2025-04-30 05:00:00+00:00,513.8460137,63.68143338,22.9125,525.1797633,65.2054203,22.76966766,16.928125,82.0,130.6533333,11.0,10.9
2025-04-30 05:15:00+00:00,519.4279482,64.39643728,22.98461538,539.6878189,65.34969,22.85484848,16.86153846,85.0,168.1,14.0,11.3
2025-04-30 05:30:00+00:00,526.2475337,63.67185962,23.03482143,550.4438745,66.12922078,22.9,17.10625,88.27,215.8188144,16.606,11.42
2025-04-30 05:45:00+00:00,529.405121,64.80729904,23.07333333,573.0431277,66.04096767,22.95,17.2,90.09090909,240.9662874,17.93539899,11.64082698
2025-04-30 06:00:00+00:00,554.6787247,63.92531189,23.1346875,586.8996296,65.65125642,23.17666667,17.175,92.89262153,273.1811726,19.88949653,11.84963194
2025-04-30 06:15:00+00:00,594.9123155,64.14752646,23.11885913,597.1651985,63.66656951,23.18125,16.78702381,96.21894491,305.5310329,22.11319692,12.0914908
2025-04-30 06:30:00+00:00,657.4799074,63.87135571,23.3840522,623.2138005,61.76854545,23.27539063,16.81105769,99.49779942,336.0889643,24.32223575,12.33740782
2025-04-30 06:45:00+00:00,658.6437636,64.43823944,23.4,633.9511441,61.84028187,23.35333333,16.77857143,102.7707292,371.2829782,26.38666667,12.70982424
2025-04-30 07:00:00+00:00,662.8600506,66.19567581,23.55972222,637.070634,62.44868637,23.41775794,17.03333333,106.1740327,398.6528828,28.51506696,12.94398189
2025-04-30 07:15:00+00:00,650.8253589,65.3651159,23.69099702,643.0485301,63.59209235,23.57883929,17.14941799,109.7017167,427.4983876,30.57757035,13.15760247
2025-04-30 07:30:00+00:00,662.4433473,65.78785474,23.66962798,657.4006974,63.62034647,23.55089286,17.21434524,113.2854087,452.9166691,32.58741207,13.58339286
2025-04-30 07:45:00+00:00,665.435337,66.68328365,23.72058201,643.1817841,64.77675285,23.49190476,17.09333333,116.9222415,480.0192447,34.49674733,13.89980057
2025-04-30 08:00:00+00:00,660.6915877,61.28857143,23.76892857,622.9456912,66.27987868,23.49166667,16.95625,120.6108011,506.0924408,36.41577381,14.12785218
2025-04-30 08:15:00+00:00,652.0582848,62.11162393,23.84685897,611.2194753,66.58765703,23.52548077,16.82911058,124.552089,530.1815889,38.21536391,14.11962029
2025-04-30 08:30:00+00:00,652.1319128,62.28397335,23.8928125,606.3179621,66.47174804,23.51647727,17.07152778,128.6486275,553.1652363,39.97725504,14.05296409
2025-04-30 08:45:00+00:00,651.3206675,61.76759333,23.87407407,609.4314075,65.58654537,23.50215608,17.16777778,133.2004011,575.3867901,41.64007576,14.56629293
2025-04-30 09:00:00+00:00,652.3510875,62.25142524,23.98875,612.5408204,64.82708791,23.58098214,17.2,137.534217,597.2827919,43.16722944,15.07169643
2025-04-30 09:15:00+00:00,648.5253885,64.98077449,23.97613095,635.2538486,65.99905114,23.74263889,17.17375,142.1581886,623.4830032,44.56736111,15.28821429
2025-04-30 09:30:00+00:00,645.0797298,66.86336904,23.80204762,631.2563788,60.6014684,23.69809524,17.08,146.7998076,647.7548787,45.85668093,15.32472303
2025-04-30 09:45:00+00:00,635.0683594,65.63111111,23.96046875,608.8654616,60.03905479,23.6,17.12674851,152.1175573,669.1289589,47.0221875,15.49060674
2025-04-30 10:00:00+00:00,622.0616912,66.5037037,23.85729167,613.0854406,64.93459596,23.625,17.1625,156.9628758,686.3511812,47.9325,15.77922727
2025-04-30 10:15:00+00:00,624.8861849,65.54690287,23.81707702,619.8502628,64.77882937,23.8171503,17.2125,162.2430335,673.155589,48.69809028,16.05748264
2025-04-30 10:30:00+00:00,637.9984899,64.69636752,23.97142857,630.371052,64.23240741,23.82761905,17.12761905,167.5592067,653.0395807,49.27853175,16.23885043
2025-04-30 10:45:00+00:00,642.5247829,65.19618234,24.01875,626.6490781,64.45513468,23.85666667,17.01458333,173.1290785,687.7780143,49.6875,16.10817708
2025-04-30 11:00:00+00:00,639.0022777,69.13311508,24.0625,635.2770899,64.0326289,23.98125,17.2725,178.9278419,698.0539051,49.88125,16.65488462
2025-04-30 11:15:00+00:00,641.0958396,76.40005483,24.07436012,649.7574687,63.34181424,23.96770833,17.32611607,184.4559983,717.4637525,49.81892628,16.52865585
2025-04-30 11:30:00+00:00,643.2068385,82.8623924,24.02144444,651.2064346,62.68801548,23.83444444,17.60952381,189.9444014,722.5553546,49.61027778,16.91569024
2025-04-30 11:45:00+00:00,639.6554485,85.44069444,23.97113095,663.682302,63.65499373,23.98515625,17.30138889,195.3822246,703.5408347,49.08764881,17.20495933
2025-04-30 12:00:00+00:00,646.7676796,77.7502344,24.03071429,642.0447485,65.15148261,24.03357143,17.30464286,200.6412159,699.9735463,48.48022811,17.37939025
2025-04-30 12:15:00+00:00,625.6592684,90.95853859,24.14079365,615.3269199,68.15180063,24.04289683,17.42733333,205.7344631,623.2953939,47.67667308,17.44099604
2025-04-30 12:30:00+00:00,620.0016426,92.2019709,23.95357143,608.5781486,69.6126462,24.00822917,17.25,210.9006253,549.2570864,46.66979167,16.9637987
2025-04-30 12:45:00+00:00,604.5041652,89.08665584,24.05020833,594.3439531,68.41343487,23.93518849,17.38035714,215.8887255,601.2187128,45.44914773,17.11547917
2025-04-30 13:00:00+00:00,585.9693871,94.93558913,24.04806349,582.9137354,63.17326858,24.04386161,17.24821429,220.5803463,569.4266774,44.04659316,16.8082197
2025-04-30 13:15:00+00:00,587.6245493,103.5706167,24.08196825,587.8052937,72.96074994,24.13142857,17.31079365,225.0280432,632.1665089,42.65657143,17.36077381
2025-04-30 13:30:00+00:00,588.1347449,108.5316402,23.9703373,583.4323808,87.09524422,24.27361111,17.32991071,229.3678992,621.4973825,41.01909903,17.28731399
2025-04-30 13:45:00+00:00,576.4162514,112.3568313,24.0925,569.6419253,119.7054113,24.39546875,17.4,233.5892962,512.325754,39.40298171,17.87046469
2025-04-30 14:00:00+00:00,565.2354437,65.22121212,23.93125,564.6716916,66.90036833,24.42208333,14.9215625,237.8244701,577.7408563,37.53676246,18.01327764
2025-04-30 14:15:00+00:00,561.7895928,62.22438693,23.97666667,558.7864959,60.99871808,24.58337662,15.12178571,241.6644792,535.9399549,35.69733333,18.19725926
2025-04-30 14:30:00+00:00,553.0465916,62.1448372,24.175,553.7126446,61.73951945,24.75,17.953125,245.1081818,488.7506379,33.94723214,18.12998058
2025-04-30 14:45:00+00:00,535.1753611,62.1961329,24.28958333,544.9032678,61.18269352,24.86762153,16.21183473,248.9157937,467.4347273,31.80958333,18.19381967
2025-04-30 15:00:00+00:00,527.9687522,62.09364869,24.3,536.7503259,60.74235093,25.01187879,17.80297619,252.2448413,350.2810121,29.91973545,18.68645238
2025-04-30 15:15:00+00:00,521.5073249,62.12321937,24.34947917,528.0334985,61.99174845,24.85967262,16.4121875,255.848366,242.6482533,27.79880952,18.45247655
2025-04-30 15:30:00+00:00,517.1312455,62.31975376,24.3928125,521.5601401,61.74558066,25.06970238,17.7109375,259.1303373,373.2933877,25.68169643,18.79217532
2025-04-30 15:45:00+00:00,510.6453269,61.67596263,24.4,515.9429766,61.31133012,25.2875,17.4,262.4570168,311.8315728,23.55169643,19.19339509
2025-04-30 16:00:00+00:00,506.121858,61.67815154,24.4,510.8847442,61.49504647,25.11866667,17.43333333,265.5580655,153.6242049,21.35864838,19.06724715
2025-04-30 16:15:00+00:00,502.4062219,62.34768263,24.4,506.8918561,61.99509869,25.11375,17.25972222,268.6963585,187.6696007,19.17232143,19.1556746
2025-04-30 16:30:00+00:00,499.5864456,61.8512802,24.4,503.7265222,60.55594081,25.2015625,17.2,271.7993269,189.3011925,17.02974,19.46352211
2025-04-30 16:45:00+00:00,497.4278703,61.94167511,24.4,501.2113104,61.37547169,25.22262311,17.04817708,274.9345557,120.8378962,14.94805778,19.23338797
2025-04-30 17:00:00+00:00,494.3571717,61.70752351,24.4,499.0452007,61.37659134,24.98714286,16.79333333,278.0311111,100.1364427,12.70333333,19.12492063
2025-04-30 17:15:00+00:00,493.0654665,62.37172619,24.4,498.4147727,61.27523511,24.80705357,16.440625,280.8912694,50.53040454,10.58125097,18.70797024
2025-04-30 17:30:00+00:00,491.3451998,64.94845491,24.33636364,497.860918,64.71899933,24.65744792,16.25625,283.81838,29.83614255,8.594710305,18.16274922
2025-04-30 17:45:00+00:00,490.4230075,67.15787493,24.25835185,497.4002046,64.97978159,24.54166667,16.17071429,286.7789394,23.78378812,6.561344211,17.57245299
2025-04-30 18:00:00+00:00,491.9196144,12.00277778,24.20108902,495.3017021,13.48185604,24.4375,16.99931052,289.673268,14.53580911,4.614513889,17.01645213
2025-04-30 18:15:00+00:00,492.4345679,0.0,24.2,494.0948864,0.0,24.34375,17.1,292.91125,7.286677689,2.507678571,16.49817614
2025-04-30 18:30:00+00:00,492.4649911,0.0,24.1296875,494.3598958,0.0,24.28125,17.17213542,296.3079134,4.14019442,0.461924534,16.04605329
2025-04-30 18:45:00+00:00,491.1671558,0.0,24.1,494.8799888,0.0,24.2,17.20666667,299.0568148,1.698715703,-1.194397306,15.66126215
2025-04-30 19:00:00+00:00,490.4713901,0.0,24.01875,493.7410418,0.0,24.11875,17.33567708,302.392591,0.34626083,-3.146666667,15.31290675
2025-04-30 19:15:00+00:00,489.8937521,0.0,24.0,493.5152916,0.0,24.0859375,17.4,305.4839655,0.02375,-4.955847763,14.97968525
2025-04-30 19:30:00+00:00,489.7242566,0.0,23.90666667,493.2607988,0.0,24.0,17.51388889,308.7269221,0.0,-6.684804233,14.60246032
2025-04-30 19:45:00+00:00,489.514657,0.0,23.9,492.2569792,0.0,23.94375,17.66963542,311.968006,0.0,-8.273710318,13.97884921
2025-04-30 20:00:00+00:00,489.1206165,0.0,23.828125,492.7920833,0.0,23.8875,17.7,315.4220355,0.0,-9.927604167,13.61429688
2025-04-30 20:15:00+00:00,489.3139205,0.0,23.8,492.1247971,0.0,23.8,17.77692308,318.9961018,0.0,-11.39277778,13.50572917
2025-04-30 20:30:00+00:00,488.732009,0.0,23.72,491.9477483,0.0,23.8,17.78533333,322.2054861,0.0,-12.69844444,13.40164103
2025-04-30 20:45:00+00:00,488.8915202,0.0,23.7,491.15067,0.0,23.73125,17.69375,325.3855013,0.0,-13.87805689,13.27722623
2025-04-30 21:00:00+00:00,487.8695513,0.0,23.7,490.8114881,0.0,23.7,17.52107143,329.3525093,0.0,-15.18036278,13.10651786
2025-04-30 21:15:00+00:00,487.7352075,0.0,23.67904762,490.821095,0.0,23.64666667,17.28666667,332.8420962,0.0,-16.19538047,12.86248889
2025-04-30 21:30:00+00:00,487.1611315,0.0,23.6,490.3502485,0.0,23.6,17.11771429,336.3842204,0.0,-17.11428571,12.60671503
2025-04-30 21:45:00+00:00,486.9155673,0.0,23.6,489.3464084,0.0,23.59270833,16.8,340.1983808,0.0,-17.87580758,12.46849245
2025-04-30 22:00:00+00:00,486.0262339,0.0,23.6,489.0488317,0.0,23.5,16.51964286,344.0401589,0.0,-18.6032197,12.31508838
2025-04-30 22:15:00+00:00,486.6797998,0.0,23.586,488.8207002,0.0,23.48022222,16.2062963,347.4380769,0.0,-19.04965945,12.38883983
2025-04-30 22:30:00+00:00,485.2000975,0.0,23.5,487.7756358,0.0,23.4,15.815625,351.4918486,0.0,-19.54285714,12.17881473
2025-04-30 22:45:00+00:00,484.8524509,0.0,23.5,487.5054269,0.0,23.38291667,15.428125,355.2125677,0.0,-19.7621503,12.00633442
2025-04-30 23:00:00+00:00,485.2955376,0.0,23.45416667,487.1988042,0.0,23.30375,15.125,223.1702555,0.0,-19.88125,11.68414015
2025-04-30 23:15:00+00:00,484.8860485,0.0,23.4,486.5964383,0.0,23.3,15.18,2.971439845,0.0,-19.83333333,11.5294359
2025-04-30 23:30:00+00:00,483.3416353,0.0,23.4,486.0615726,0.0,23.27964015,15.2,6.88237395,0.0,-19.6771875,11.42352232
2025-04-30 23:45:00+00:00,483.323062,0.0,23.4,485.2698565,0.0,23.2,15.0934375,10.69938885,0.0,-19.32282986,11.41235457
