,R05_07_N_CO201,R05_07_N_FCI01_1,R05_07_N_TRU01,R05_07_V_CO201,R05_07_V_FCI01_1,R05_07_V_TRU01,HTRK_VEN01_TI01,HTR9_VES01_AZ01,HTR9_VES01_SI01,HTR9_VES01_SV01,HTR9_VES01_TUD01
2025-07-01 00:00:00+00:00,454.4373205,0.0,24.2,455.2067235,0.0,24.11015392,18.12777778,11.68524135,0.0,-11.15733333,16.01204701
2025-07-01 00:15:00+00:00,454.588175,0.0,24.2,454.4346992,0.0,24.1,17.97142857,15.02480486,0.0,-10.67738095,15.90918367
2025-07-01 00:30:00+00:00,454.5591667,0.0,24.2,454.4804819,0.0,24.1,17.80729167,18.46217124,0.0,-10.04078307,15.81488889
2025-07-01 00:45:00+00:00,453.2551191,0.0,24.15777778,453.048079,0.0,24.00790476,17.66,22.03160173,0.0,-9.306861472,15.7220101
2025-07-01 01:00:00+00:00,452.1625874,0.0,24.1,452.217863,0.0,23.94857143,17.46142857,25.31655329,0.0,-8.455555556,15.4972449
2025-07-01 01:15:00+00:00,452.7770041,0.0,24.1,452.0333819,0.0,23.9,17.31733333,28.47666522,0.0,-7.564025031,15.61651587
2025-07-01 01:30:00+00:00,451.3523905,0.0,24.1,451.5816858,0.0,23.9,17.17488889,31.59490283,0.0,-6.526593407,15.73274074
2025-07-01 01:45:00+00:00,450.9008333,0.0,24.04807692,450.6973999,0.0,23.8705,16.9974359,35.25789202,0.064571429,-5.19165873,16.12831554
2025-07-01 02:00:00+00:00,450.5360299,0.0,24.0,450.290784,0.0,23.8,16.85097222,38.37304422,0.379881637,-3.953146259,15.77863095
2025-07-01 02:15:00+00:00,451.0525535,0.0,23.96666667,452.2792493,0.0,23.8,16.68666667,41.57081349,1.419613707,-2.581633598,15.40319177
2025-07-01 02:30:00+00:00,464.6016258,246.2706358,23.69111111,468.2868262,241.8357269,23.79444444,15.316,44.8037328,4.298245905,-1.064259259,14.11899471
2025-07-01 02:45:00+00:00,478.536951,317.4723945,23.38494444,480.3555716,314.6285875,23.65600337,14.85938889,47.73694853,12.4287823,0.35474988,13.87030026
2025-07-01 03:00:00+00:00,478.8319652,54.72316017,23.45099206,480.7774778,59.15873649,23.4446712,15.4077381,50.76129535,27.61800175,1.927239229,14.50572975
2025-07-01 03:15:00+00:00,473.3271344,62.4295671,23.70095238,471.3303942,62.62294949,23.58190476,17.12666667,53.92267989,48.42134812,3.686961335,15.0034976
2025-07-01 03:30:00+00:00,474.9371659,62.23070175,23.8,471.4936508,62.0041847,23.6,16.83333333,56.8702906,72.32255604,5.441626374,15.40656508
2025-07-01 03:45:00+00:00,476.5923278,62.20266657,23.8,475.2969925,61.94250548,23.51527778,17.00714286,59.84482143,98.12517139,7.285714286,15.66930556
2025-07-01 04:00:00+00:00,482.8835792,61.66654043,23.80283333,477.0719259,61.93199399,23.6,17.02,62.79418687,124.0371209,9.173878151,16.13435556
2025-07-01 04:15:00+00:00,481.8139663,61.86139731,23.87575758,477.0234848,61.70072464,23.6,17.2,65.79250072,150.7203071,11.13945375,16.81470202
2025-07-01 04:30:00+00:00,485.5892593,61.35510568,23.89333333,482.6434851,61.62781981,23.62,17.20666667,68.75728499,183.4461937,13.15059524,16.74885781
2025-07-01 04:45:00+00:00,488.0917725,61.23954617,23.89196429,494.6731151,61.47498583,23.7,17.01538462,71.65179465,206.729729,15.16774845,16.86017857
2025-07-01 05:00:00+00:00,491.2864973,60.93480667,23.94666667,504.1376559,61.93842525,23.74933333,17.055,74.37985185,234.6914182,17.09016667,16.89010909
2025-07-01 05:15:00+00:00,492.4195286,61.1037037,24.00888889,512.9327928,61.99040164,23.8,17.26311111,77.40076263,267.1314861,19.21450337,17.4763433
2025-07-01 05:30:00+00:00,508.5665476,60.85590965,24.03809524,523.9311154,61.74416329,23.86222222,17.24555556,80.24475469,299.4032838,21.27191919,17.98530464
2025-07-01 05:45:00+00:00,550.6659473,68.96442308,24.06833333,539.5589744,62.79014778,23.93636364,17.26,83.51232804,331.4614992,23.58991784,18.422914
2025-07-01 06:00:00+00:00,584.7866206,81.52168626,24.20688889,570.1758919,62.26108303,23.92349206,17.41355556,85.84197619,357.2558176,25.23338889,18.8346
2025-07-01 06:15:00+00:00,619.1528254,108.294709,24.36355556,605.8099937,67.38488668,24.13066667,17.56666667,89.49828571,396.7796295,27.80460317,19.13273016
2025-07-01 06:30:00+00:00,652.8466035,138.5404541,24.2905102,646.0078115,86.15026518,24.15193027,17.7,92.2659906,425.2667475,29.72845547,19.1280102
2025-07-01 06:45:00+00:00,646.7637255,175.643545,24.47644444,634.0608435,95.09614875,24.11015873,17.6,95.68503415,457.1363953,32.04419312,19.69606138
2025-07-01 07:00:00+00:00,653.9034512,211.1601399,24.26233333,660.0233489,110.8329966,24.23642857,17.24,99.0752381,487.9789115,34.25714286,20.0227381
2025-07-01 07:15:00+00:00,657.4940667,233.51109,24.33193651,670.2084614,136.3092665,24.26972222,17.02666667,102.4310794,518.5303297,36.35444444,20.29767196
2025-07-01 07:30:00+00:00,650.7985235,260.5448861,24.27142857,669.3493403,156.661288,24.17142857,17.2042094,105.5242943,545.8837299,38.18035714,20.80404762
2025-07-01 07:45:00+00:00,626.8658034,272.4671789,24.23296703,668.6998304,174.7593253,24.27485714,17.37338217,109.2505981,570.1493434,40.34567989,20.90123386
2025-07-01 08:00:00+00:00,620.6282789,297.7021937,24.28611111,648.8060975,204.6290422,24.30577778,17.18333333,113.3122619,597.6162806,42.48444444,20.9704127
2025-07-01 08:15:00+00:00,615.2269137,312.217037,24.22165079,633.6481615,224.6864802,24.26132756,17.17333333,117.424047,622.3788713,44.51907407,21.50753439
2025-07-01 08:30:00+00:00,607.1288397,313.7289077,24.09683673,615.5710922,246.9912702,24.24642857,17.19642857,121.3953081,644.5688928,46.33303571,21.48185285
2025-07-01 08:45:00+00:00,585.7960606,310.7326427,23.96080586,603.9621717,257.6164935,24.05033333,17.00923077,125.7561111,666.5555351,48.16009259,21.80437037
2025-07-01 09:00:00+00:00,582.8721223,292.7269125,23.61333333,601.9928889,266.9946369,24.0521164,17.0,130.4213961,687.4745345,49.889,21.81815224
2025-07-01 09:15:00+00:00,579.3115849,280.5858508,23.9847619,615.9625745,276.6249471,24.23646561,17.14285714,135.1793624,705.0958233,51.45855556,22.06212432
2025-07-01 09:30:00+00:00,579.8053784,276.5401569,23.86071429,612.6933463,290.4580914,24.17601399,17.33380952,139.756159,719.9397755,52.8012507,21.8606532
2025-07-01 09:45:00+00:00,575.8150049,266.3054767,23.8540404,608.3898189,307.4530736,24.16649346,17.20424242,145.3887103,733.2122205,54.17664622,22.1056832
2025-07-01 10:00:00+00:00,571.7020658,252.5173942,23.86104377,599.8962413,310.5769862,24.06935897,17.05642857,151.1521779,745.2620522,55.37962271,22.58624884
2025-07-01 10:15:00+00:00,540.2055206,237.1938776,23.84821429,576.4693582,313.4808123,24.17857143,17.12591837,157.0498368,755.6779561,56.3398539,23.11482426
2025-07-01 10:30:00+00:00,545.8855472,226.6499062,23.85814286,581.3161492,311.8795632,24.04944444,17.36244444,162.9403968,763.1411666,57.11167749,23.14606061
2025-07-01 10:45:00+00:00,598.3287718,230.7034999,24.21681481,642.791978,310.8772113,24.12121212,17.25285714,169.0995741,769.2668089,57.62144444,22.95106758
2025-07-01 11:00:00+00:00,655.2645437,251.9509732,24.08266667,667.1702767,318.0434101,24.07888528,17.0,175.7722306,774.3185914,57.955,23.11086701
2025-07-01 11:15:00+00:00,629.6510523,257.1007828,24.05204082,646.0580664,314.4989488,24.10765306,17.08894558,182.0924098,776.0600785,57.99571429,23.08012603
2025-07-01 11:30:00+00:00,613.8266384,260.0448085,24.1252381,613.4065281,312.4398199,24.05566667,17.22390572,188.2614947,777.275763,57.80298942,23.1681152
2025-07-01 11:45:00+00:00,601.9453807,270.306734,24.05322222,590.4082768,309.8664562,23.92230952,17.2,194.5861005,776.2760502,57.39946224,22.99781433
2025-07-01 12:00:00+00:00,574.564294,265.2738095,23.90833333,580.7127062,301.1950997,23.96785714,16.99583333,200.6785714,774.1599733,56.77285714,23.11571429
2025-07-01 12:15:00+00:00,551.7519099,254.9441726,23.75469841,568.0714538,308.3513937,23.91887446,17.01428571,206.7602532,769.6026839,55.86954856,23.4833842
2025-07-01 12:30:00+00:00,548.3625926,232.0518022,23.85603175,551.6191721,287.5194932,23.81008081,17.04,212.49288,762.7186985,54.7852417,23.47155291
2025-07-01 12:45:00+00:00,531.1871934,219.4877417,23.86592593,532.3502369,271.5724918,23.78066667,17.13333333,217.9174081,752.9927073,53.57694949,23.54799827
2025-07-01 13:00:00+00:00,526.840335,202.2133319,23.85642857,518.9883001,253.5218374,23.92357143,17.06714286,223.2258366,740.2233319,52.10244898,23.36941468
2025-07-01 13:15:00+00:00,513.4509963,200.2115219,23.87582418,508.8388402,253.7351287,23.97660256,17.0,227.7662881,729.0813517,50.67284308,23.19239588
2025-07-01 13:30:00+00:00,503.4433713,187.4462362,23.91777778,499.8810462,258.1998417,24.09555556,16.97666667,230.0,700.0,49.00213757,23.94740779
2025-07-01 13:45:00+00:00,497.3975523,178.7185045,23.892,489.6378148,270.7088034,24.25666667,17.04083333,237.2102381,687.2943777,47.11333333,23.42150794
2025-07-01 14:00:00+00:00,494.9484275,71.42157545,24.12268707,488.363961,81.11604915,24.46581633,14.76357143,241.3319048,669.1622727,45.326829,23.5057619
2025-07-01 14:15:00+00:00,485.9538889,59.48879142,24.49027778,490.5593003,58.29035079,24.64685714,14.18166667,245.3591722,646.7585416,43.37709158,23.31692308
2025-07-01 14:30:00+00:00,483.2681016,59.19049486,24.61611111,488.8450107,60.30615681,24.8845469,16.98,249.2955159,620.1724292,41.35179894,22.65046111
2025-07-01 14:45:00+00:00,484.4729681,59.07707856,24.73180952,492.8709169,60.18141085,25.12105983,17.81466667,252.9274921,595.120393,39.31428571,23.99891667
2025-07-01 15:00:00+00:00,483.5059266,59.48293651,24.85357143,487.125,60.69246032,25.37908163,17.42767857,256.5004947,564.4472439,37.22091837,23.1927381
2025-07-01 15:15:00+00:00,480.2026914,59.21231135,24.95733333,485.3910249,59.99858062,25.6352381,17.58466667,259.6684815,535.9577057,35.26,23.33377778
2025-07-01 15:30:00+00:00,478.6273148,59.34624339,25.04,482.4982517,58.64723388,25.92305556,17.22531746,263.1395299,504.3862779,33.02977778,23.30290016
2025-07-01 15:45:00+00:00,477.9729484,59.11757066,25.12857143,481.0869116,59.76555834,26.1422851,16.76277211,266.0257675,475.3269966,31.09781385,23.44506956
2025-07-01 16:00:00+00:00,474.6998341,58.79203704,25.20444444,479.3110737,59.1944329,26.25666667,16.375,269.3706667,440.9608627,28.84233333,22.80666667
2025-07-01 16:15:00+00:00,473.942381,58.34553447,25.29866667,477.444941,60.66278509,25.99365079,16.56301587,272.2794444,407.3698067,26.77566667,22.828
2025-07-01 16:30:00+00:00,472.3946052,58.76261146,25.34285714,476.2354163,60.10772251,25.91142857,16.84727891,275.4215556,373.5175246,24.55333333,22.87297778
2025-07-01 16:45:00+00:00,471.6904447,58.46233766,25.4,474.9814451,59.93804865,25.9352381,17.11547619,278.3594048,339.8933537,22.43811224,22.76779337
2025-07-01 17:00:00+00:00,470.9594872,61.20234025,25.41538462,473.3880148,63.51470206,26.08690476,17.17692308,281.3312381,304.9044668,20.31803175,22.29244444
2025-07-01 17:15:00+00:00,470.2228579,61.89460317,25.5,474.0277297,63.07139529,26.25888889,16.9160989,284.24971,273.3060146,18.26059091,22.0055
2025-07-01 17:30:00+00:00,470.1934756,62.34861111,25.57142857,473.1588306,63.5449939,26.59583333,16.85561224,287.3642857,242.5556729,16.01658163,21.5373852
2025-07-01 17:45:00+00:00,468.1345726,61.48116402,25.6,472.8923681,62.87483005,26.496,16.70666667,290.148,212.1376609,14.06727778,21.85830952
2025-07-01 18:00:00+00:00,466.5622462,62.55626781,25.6,472.5964129,62.60261997,26.5,16.60012698,293.1650374,181.3436439,12.01486772,21.80404497
2025-07-01 18:15:00+00:00,465.6269768,62.07105906,25.66428571,472.2387361,62.76617681,26.52714286,16.48192308,295.9928571,152.3399745,10.11714286,21.44730159
2025-07-01 18:30:00+00:00,465.8329798,62.41333333,25.7,471.4717508,62.7072963,26.49238095,16.79142857,299.0112381,121.6449303,8.133761905,21.68713439
2025-07-01 18:45:00+00:00,466.5336033,62.74007937,25.7,470.7200015,63.38840498,26.34666667,16.7625,301.8768571,92.74521132,6.349021645,20.76295382
2025-07-01 19:00:00+00:00,466.4316498,15.23683761,25.7,472.7048485,15.89316239,26.51533333,17.25333333,305.1212063,63.89833636,4.381968254,20.0477381
2025-07-01 19:15:00+00:00,466.8649393,0.0,25.7,472.6845821,0.0,26.6110119,17.80384615,308.0211111,38.67540947,2.720555556,19.042
2025-07-01 19:30:00+00:00,465.9678508,0.0,25.7,471.0758758,0.0,26.28272727,18.05,311.0447039,17.98080725,1.073030303,18.48418388
2025-07-01 19:45:00+00:00,465.8631341,0.0,25.60769231,471.1505291,0.0,26.045,18.07582418,314.0702672,4.978545791,-0.412444444,18.24385185
2025-07-01 20:00:00+00:00,465.1043867,0.0,25.56,470.0682085,0.0,25.89664935,17.92926984,317.1017298,1.981860485,-1.828327228,17.98174872
2025-07-01 20:15:00+00:00,464.3608752,0.0,25.45416667,469.3832638,0.0,25.77908163,17.9,320.4290561,0.508787782,-3.379489796,17.87825397
2025-07-01 20:30:00+00:00,463.4292702,0.0,25.4,468.7351296,0.0,25.65904762,17.9,323.5429233,0.094105764,-4.650833333,17.84089815
2025-07-01 20:45:00+00:00,462.88151,0.0,25.36666667,467.9064559,0.0,25.59266667,17.94666667,326.8130159,0.0,-5.89987827,17.90653333
2025-07-01 21:00:00+00:00,462.9715382,0.0,25.3,468.1955782,0.0,25.475,18.04489796,330.1835459,0.0,-7.028571429,17.925
2025-07-01 21:15:00+00:00,462.5136752,0.0,25.2,466.9230769,0.0,25.38,18.10386905,333.3582795,0.0,-8.005512266,17.87737422
2025-07-01 21:30:00+00:00,462.451076,0.0,25.17333333,466.9157941,0.0,25.3,18.22857143,336.7065476,0.0,-8.929753968,17.72083333
2025-07-01 21:45:00+00:00,461.9773016,0.0,25.1,465.3237656,0.0,25.21538462,18.38461538,340.3532698,0.0,-9.807777778,17.59982143
2025-07-01 22:00:00+00:00,461.3785122,0.0,25.08571429,465.1130822,0.0,25.12142857,18.4,343.6077381,0.0,-10.45035714,17.82803571
2025-07-01 22:15:00+00:00,460.6888075,0.0,25.0,464.5343046,0.0,25.06,18.45312169,346.9488249,0.0,-10.94507071,17.91793752
2025-07-01 22:30:00+00:00,459.5070299,0.0,24.94,464.0267677,0.0,24.96777778,18.62,350.399246,0.0,-11.35285714,17.60368254
2025-07-01 22:45:00+00:00,458.5725123,0.0,24.9,463.1502787,0.0,24.9,18.75,353.8635387,0.0,-11.68968254,17.40223156
2025-07-01 23:00:00+00:00,458.4016835,0.0,24.80769231,461.1151515,0.0,24.81333333,18.825,357.4101119,0.0,-11.876,17.35329841
2025-07-01 23:15:00+00:00,456.8697011,0.0,24.74214286,461.0462204,0.0,24.79583333,18.90785714,45.93759089,0.0,-11.9,17.10673319
2025-07-01 23:30:00+00:00,456.6645014,0.0,24.7,459.4391223,0.0,24.7035964,19.0,4.713344877,0.0,-11.80884848,16.87670791
2025-07-01 23:45:00+00:00,456.3612722,0.0,24.60714286,459.5130943,0.0,24.64142857,19.0,8.015136054,0.0,-11.6,16.9
2025-07-02 00:00:00+00:00,455.3082051,0.0,24.6,458.2121212,0.0,24.6,19.0,11.33878788,0.0,-11.25185185,16.93933333
2025-07-02 00:15:00+00:00,455.4162752,0.0,24.55888889,457.488613,0.0,24.54666667,19.0,15.15828571,0.0,-10.71457143,16.86895767
2025-07-02 00:30:00+00:00,455.462821,0.0,24.5,457.4099076,0.0,24.5,19.0,18.40611111,0.0,-10.15373016,16.88246032
2025-07-02 00:45:00+00:00,453.8226263,0.0,24.47857143,456.8565432,0.0,24.42,18.94285714,21.85529004,0.0,-9.40148052,16.97932121
2025-07-02 01:00:00+00:00,453.4287808,0.0,24.4,456.7085839,0.0,24.4,18.8,24.888,0.0,-8.646666667,17.05944444
2025-07-02 01:15:00+00:00,453.1335074,0.0,24.4,456.06,0.0,24.38,18.8,28.18428571,0.0,-7.698476191,17.32424242
2025-07-02 01:30:00+00:00,451.7891685,0.0,24.4,454.8380329,0.0,24.3,18.72307692,31.97063492,0.0,-6.46252551,17.48273655
2025-07-02 01:45:00+00:00,451.6030034,0.0,24.4,454.2770754,0.0,24.3,18.60909091,35.37809829,0.036111111,-5.223490029,17.36119709
2025-07-02 02:00:00+00:00,450.4857143,0.0,24.4,452.8691919,0.0,24.26,18.6,38.29619048,0.346366162,-4.06,17.27771429
2025-07-02 02:15:00+00:00,449.537884,0.0,24.34410256,452.4998712,0.0,24.2,18.52307692,41.57863095,1.326897785,-2.673376623,17.38687338
2025-07-02 02:30:00+00:00,454.2307311,0.0,24.27717687,468.6393194,0.0,24.17130159,18.40714286,44.48359745,3.605266045,-1.27762477,17.38524636
2025-07-02 02:45:00+00:00,459.9136617,0.0,24.34222222,474.9444424,0.0,24.255,18.36,47.93265486,11.48674419,0.345560847,17.30114286
2025-07-02 03:00:00+00:00,479.9718551,107.0477778,24.4,476.2935047,81.7596929,24.2,17.94423469,50.60405964,23.30357874,1.728504089,17.80528139
2025-07-02 03:15:00+00:00,480.9236621,242.4207935,24.3,478.7533985,177.9060717,24.17678571,17.155,53.38866213,42.26224228,3.314515306,20.19777778
2025-07-02 03:30:00+00:00,480.5472144,262.754416,24.05466667,480.7780266,190.0507334,24.04888889,17.14285714,56.82119841,67.4091355,5.334285714,20.17466667
2025-07-02 03:45:00+00:00,481.0201183,263.0721497,23.97333333,482.6801258,177.5172515,23.85980952,17.49666667,59.95653463,93.64671476,7.262112776,19.58428472
2025-07-02 04:00:00+00:00,481.3198195,256.1311916,23.91390476,482.2371202,162.6113317,23.74425926,17.24444444,62.77637379,119.6971715,9.069179894,21.04919577
2025-07-02 04:15:00+00:00,479.6267274,251.3884869,23.96587302,482.1808192,142.9041874,23.7,17.28333333,65.75275974,146.1664109,11.02166667,20.94592703
2025-07-02 04:30:00+00:00,477.8128205,251.4021911,24.05714286,488.6064611,116.8660302,23.78357143,17.46428571,68.7022328,175.4923025,13.03493122,20.32232381
2025-07-02 04:45:00+00:00,479.9464286,258.4472313,24.10538721,492.6972459,109.3087121,23.9,17.34,71.45532997,196.9871528,14.96557731,19.60706617
2025-07-02 05:00:00+00:00,482.3650661,272.5037058,24.2,494.6897283,100.1387377,23.89777778,17.35714286,74.36924114,226.5754593,17.00479649,19.48187535
2025-07-02 05:15:00+00:00,486.7251852,287.6585859,24.16602564,501.5300716,86.72862898,23.90111111,17.32205128,77.44698052,254.1576637,19.17371429,20.01688312
2025-07-02 05:30:00+00:00,500.931937,307.0911057,24.15055556,501.108538,85.48461102,24.0,17.33066667,80.40296927,285.5445615,21.29156288,20.61423193
2025-07-02 05:45:00+00:00,520.4480769,313.3257595,24.09615385,505.8462104,84.1111551,23.89301282,17.09935897,83.28928501,315.7645644,23.32600592,21.22214452
2025-07-02 06:00:00+00:00,531.840471,310.4237762,24.2,517.3140095,80.15974106,24.02380952,17.22,86.34060606,352.1585901,25.53821429,21.41123021
2025-07-02 06:15:00+00:00,566.2386532,315.8449206,24.14844444,554.8101491,79.50023285,24.04666667,17.2,89.30069841,356.5396055,27.61087302,21.30336905
2025-07-02 06:30:00+00:00,580.0612121,313.9380952,24.27142857,569.7476319,88.54271605,24.19333333,17.22142857,92.14960317,403.0287557,29.5621645,21.50046825
2025-07-02 06:45:00+00:00,589.3781822,320.06562,24.17142857,571.2910793,96.86710847,24.15048186,17.21428571,95.50926632,435.5809988,31.83070136,22.27578054
2025-07-02 07:00:00+00:00,590.5770503,319.1603937,24.17333333,595.8363432,105.425239,24.14134921,17.27333333,98.82916667,467.5448041,34.00222222,22.26926852
2025-07-02 07:15:00+00:00,591.2008751,315.309531,24.11631481,613.5688741,124.3853792,24.37503175,17.20355556,102.1698135,498.6782175,36.08567063,22.37590278
2025-07-02 07:30:00+00:00,590.0585969,316.2654845,24.08636508,615.5609137,169.5878132,24.50511616,17.27777778,105.7395065,528.8907474,38.21934199,22.77480012
2025-07-02 07:45:00+00:00,592.7734977,311.1629252,24.0244898,605.9255679,214.2280063,24.51186224,17.17142857,109.2046939,553.1969545,40.26742012,22.94093615
2025-07-02 08:00:00+00:00,582.7732865,308.722807,23.9702381,589.1498755,253.4240285,24.28555556,17.32952381,113.1137698,577.748984,42.28060301,23.5187482
2025-07-02 08:15:00+00:00,584.4260823,315.4336735,23.93,575.0004309,281.8963358,24.28452381,17.33538462,117.2423138,617.04491,44.35238095,24.14642857
2025-07-02 08:30:00+00:00,570.5271795,307.4095238,23.90452381,558.1704925,286.9087302,24.1,17.1297619,121.3836574,658.8710656,46.237,24.43247619
2025-07-02 08:45:00+00:00,574.5581378,299.7231558,23.90166667,554.852294,300.6299184,24.07827778,17.22166667,125.5653401,665.0709063,47.96377778,24.67743771
2025-07-02 09:00:00+00:00,572.4183532,298.8845599,23.99047619,553.0833739,315.3728235,24.02517007,17.56428571,130.2026711,668.7561418,49.74013605,25.00612245
2025-07-02 09:15:00+00:00,559.0451083,290.4075818,23.97825397,550.6874777,314.1787779,24.04380952,17.27733333,135.1805714,697.8933402,51.37934921,25.37986905
2025-07-02 09:30:00+00:00,560.9744211,285.6722662,23.97555556,551.3237293,312.0382974,24.13269841,17.01666667,140.162451,706.8271784,52.83556122,25.24125232
2025-07-02 09:45:00+00:00,565.8237037,298.769302,24.09142857,557.1744072,310.5962869,24.01071429,16.86904762,145.4279141,728.5729673,54.13402381,25.2600463
2025-07-02 10:00:00+00:00,561.6414104,300.1179029,23.94285714,533.9235994,302.3169468,23.91904762,16.88392857,151.1292826,851.0342716,55.27857143,25.39404762
2025-07-02 10:15:00+00:00,525.6572391,293.5119649,23.82888889,514.3714795,303.0320856,23.89444444,17.00666667,157.0023972,658.4837615,56.25387871,25.69933089
2025-07-02 10:30:00+00:00,517.8570945,275.5589803,24.00444444,524.524379,286.5556493,23.83161905,16.93333333,162.987037,776.3299931,57.03848148,25.892
2025-07-02 10:45:00+00:00,549.0633913,275.2291994,23.89285714,541.3212793,283.0487346,24.0,16.94047619,169.1951786,771.7119387,57.57232993,25.55962585
2025-07-02 11:00:00+00:00,557.6163351,269.354223,23.88527778,539.0617863,284.7432651,23.93641799,17.13111111,175.654164,791.4828731,57.8475,25.92580952
2025-07-02 11:15:00+00:00,562.5493506,258.6166203,23.91714286,537.0827561,284.4842352,24.00714286,16.91547619,181.4993197,844.5163679,57.9,25.97723214
2025-07-02 11:30:00+00:00,554.4527151,257.7963324,23.99460317,529.2712249,278.2861054,23.992,17.14,188.1713148,886.9203925,57.77754101,25.9779246
2025-07-02 11:45:00+00:00,547.4213075,254.2878832,23.96031746,520.6089625,278.8555169,24.00787037,16.65555556,194.2502309,850.8738873,57.35001587,25.79354475
2025-07-02 12:00:00+00:00,558.3142639,246.3568624,24.00857143,519.2407367,282.5422963,24.04142857,16.5,201.0421712,828.6229666,56.63809524,25.97740476
2025-07-02 12:15:00+00:00,571.0748148,250.097037,24.0,522.947133,284.1678514,23.94044444,16.49878788,206.7064993,827.3031329,55.79611966,25.75142857
2025-07-02 12:30:00+00:00,556.3297924,250.0482504,23.88708333,520.423699,281.161799,23.95595238,16.56,212.2106576,596.7340941,54.77488095,26.02088435
2025-07-02 12:45:00+00:00,535.9892113,240.0729465,23.87566667,517.9937517,276.0919471,23.88143434,16.76,217.7605767,218.8908056,53.50929293,24.87591852
2025-07-02 13:00:00+00:00,532.0560593,232.5200811,23.91428571,514.4108634,276.3143449,23.93142857,17.11111111,222.8599567,771.5005391,52.15064935,25.09185529
2025-07-02 13:15:00+00:00,520.1362044,238.0277871,23.94880952,509.3174242,283.985147,24.17678571,17.1,227.8860528,706.3529949,50.56944444,25.73716667
2025-07-02 13:30:00+00:00,504.0669341,230.4730409,23.88867347,506.1480794,297.7530873,24.33380952,17.45887755,232.2898207,687.3570176,48.98811791,26.11433271
2025-07-02 13:45:00+00:00,494.3496748,221.6414021,23.87333333,502.8534249,316.4024298,24.54733333,17.71333333,236.8731061,661.1098847,47.19382684,26.709
2025-07-02 14:00:00+00:00,488.667578,97.64410497,24.19388889,493.9899645,120.6250789,24.60228571,15.76266667,241.1419868,635.4959754,45.31447619,27.37638148
2025-07-02 14:15:00+00:00,491.6438492,65.63996698,24.59136905,492.0839027,64.93882733,24.9889881,14.43333333,245.2307908,603.4831714,43.35767857,27.77061224
2025-07-02 14:30:00+00:00,488.2368307,65.21416361,24.73333333,492.3593815,63.98423673,25.1,15.929,248.7598333,293.5891495,41.52662458,27.96575084
2025-07-02 14:45:00+00:00,486.3653061,65.82959184,24.82142857,489.7828259,64.36900639,25.16666667,17.23809524,252.7538549,537.3782872,39.33117914,27.46163265
2025-07-02 15:00:00+00:00,485.4742593,65.96161228,24.91071429,487.3630627,64.17263924,25.30888889,17.57397959,256.3436604,449.8357271,37.23655051,27.37862222
2025-07-02 15:15:00+00:00,482.3337496,65.84608844,25.0,486.8876814,64.20008829,25.42142857,17.60428571,259.7163915,153.8915463,35.14248145,27.23163845
2025-07-02 15:30:00+00:00,481.2365993,65.2625,25.0,484.6698226,64.0036856,25.31066667,17.52142857,263.0288571,119.2263796,33.02666667,26.72894444
2025-07-02 15:45:00+00:00,479.3898504,65.35174603,25.0,482.8827224,63.70350033,25.2,17.17142857,266.340582,122.0640698,30.80155556,26.018
2025-07-02 16:00:00+00:00,479.0048666,65.29795918,25.0,482.430372,64.32979722,25.13928571,16.88571429,269.4791327,63.07929502,28.65335034,25.69683673
2025-07-02 16:15:00+00:00,478.792906,65.94380952,25.0,479.5322071,63.80893458,25.00714286,16.71730769,272.1401111,148.7655494,26.77419048,25.45238889
2025-07-02 16:30:00+00:00,477.8474061,65.14176696,25.04615385,478.3795577,63.85928952,25.00915751,16.65457875,275.5372676,308.9207807,24.39088435,24.84185714
2025-07-02 16:45:00+00:00,477.0414394,65.42329467,25.1,478.2476804,64.43488278,25.11972222,16.93,278.4817196,233.0097754,22.27785714,25.74077056
2025-07-02 17:00:00+00:00,475.7777059,65.04074779,25.1,478.0887699,63.80444647,25.16320513,17.12203463,281.3883929,85.51803375,20.19627551,25.54377693
2025-07-02 17:15:00+00:00,474.4738039,65.919874,25.1,477.1896866,64.62374269,25.16666667,17.17104762,284.2287607,35.71563128,18.14761905,25.34181587
2025-07-02 17:30:00+00:00,473.7479374,65.47015485,25.1,476.4181146,63.88733426,25.1984127,17.36973443,287.1742772,31.37504936,16.07380952,24.9580815
2025-07-02 17:45:00+00:00,474.3162536,65.63239057,25.1,475.9497475,64.95941432,25.1,17.48533333,290.1788059,49.09954834,13.9551912,24.85733442
2025-07-02 18:00:00+00:00,473.4705164,65.35228758,25.00714286,475.0026302,64.56610501,25.06,17.2,292.8059736,27.83735005,12.14883217,25.04449948
2025-07-02 18:15:00+00:00,473.9158907,66.03305844,25.0,473.8318436,65.24934779,24.99230769,17.22307692,295.7642651,13.86823371,10.16697279,24.33278061
2025-07-02 18:30:00+00:00,473.8374074,65.12282764,24.97714286,473.8646065,64.50487656,24.9,16.55933333,298.6831111,17.13506923,8.271216931,25.41165185
2025-07-02 18:45:00+00:00,474.7657595,65.96604485,24.9,474.5162476,64.11092706,24.86309524,16.76105442,301.6574901,15.99375801,6.384108947,25.04355655
2025-07-02 19:00:00+00:00,475.7384189,15.01025641,24.9,474.786488,13.00047619,24.8,16.91455556,304.7971212,2.316550254,4.514071429,24.33888333
2025-07-02 19:15:00+00:00,475.3025469,0.0,24.9,475.6715394,0.0,24.8,17.78154762,307.823981,1.627766667,2.739438062,23.84573653
2025-07-02 19:30:00+00:00,473.2429423,0.0,24.9,476.3392979,0.0,24.8,18.59484127,310.7703175,0.781198958,1.106666667,23.42690781
2025-07-02 19:45:00+00:00,473.3447298,0.0,24.85,476.2411455,0.0,24.74,19.05666667,314.0637694,0.10253794,-0.50548533,23.65630952
2025-07-02 20:00:00+00:00,472.6874291,0.0,24.8,474.8856358,0.0,24.7,18.42934066,317.0399603,0.0,-1.910980726,23.24494496
2025-07-02 20:15:00+00:00,472.3015701,0.0,24.8,474.4666667,0.0,24.7,18.3912963,320.2262774,0.0,-3.341398601,23.18012587
2025-07-02 20:30:00+00:00,470.1015768,0.0,24.7389881,473.6872711,0.0,24.63849206,19.10357143,323.3054422,0.0,-4.642091837,22.42527211
2025-07-02 20:45:00+00:00,470.4423677,0.0,24.7,473.0289981,0.0,24.6,19.43333333,326.4393831,0.0,-5.848333333,21.99
2025-07-02 21:00:00+00:00,469.5748709,123.6923508,24.61547619,472.3980772,115.3327054,24.6,19.53386054,329.8626295,0.0,-7.030476191,21.53571429
2025-07-02 21:15:00+00:00,473.9600362,165.6403857,24.40111111,474.7939187,163.180891,24.59897436,19.82533333,333.0413473,0.0,-8.029095238,20.97392256
2025-07-02 21:30:00+00:00,478.9016865,165.0518162,24.4,479.9416136,164.0687681,24.5,20.79714286,336.78875,0.0,-9.014285714,20.78953571
2025-07-02 21:45:00+00:00,482.1135387,168.848959,24.32666667,484.0246095,163.094994,24.40574315,21.45844444,339.8539277,0.0,-9.752495727,20.58686813
2025-07-02 22:00:00+00:00,485.6177838,260.6819506,24.23833333,488.1841819,258.6334034,24.33277778,21.58533333,343.5844074,0.0,-10.49939683,20.46681667
2025-07-02 22:15:00+00:00,489.4107143,314.21956,24.02857143,491.8259341,318.487091,24.10952381,21.33119048,347.1426701,0.0,-11.09095238,20.17206349
2025-07-02 22:30:00+00:00,489.7974985,315.4942002,23.87746032,490.615065,312.8103226,24.01918519,21.06814815,350.0416481,0.0,-11.43011785,19.82125162
2025-07-02 22:45:00+00:00,488.8464519,315.9101005,23.8,491.4422027,312.2377905,23.87420635,20.77857143,353.5787879,0.0,-11.771875,19.44485348
2025-07-02 23:00:00+00:00,488.3475,315.2420096,23.72311111,490.0406018,314.7812965,23.8664127,20.45033333,357.4111243,0.0,-11.94984127,19.0281254
2025-07-02 23:15:00+00:00,487.4103175,312.6929254,23.70102041,489.2901084,320.4272175,23.72936508,20.20238095,26.78646825,0.0,-12.0,18.7977381
2025-07-02 23:30:00+00:00,487.3994108,315.8765359,23.58666667,489.0305934,315.4676228,23.65333333,20.16666667,3.918611111,0.0,-11.90666667,18.67992593
2025-07-02 23:45:00+00:00,488.6198753,313.8817235,23.5,489.8294021,318.3668934,23.68730159,20.1,7.696184371,0.0,-11.65574634,18.70253968
2025-07-03 00:00:00+00:00,487.6474158,314.7529894,23.48571429,489.8910987,319.337891,23.62666667,20.07857143,11.52891183,0.0,-11.29155724,18.78394324
2025-07-03 00:15:00+00:00,489.978286,316.0645312,23.42,491.0649758,318.1912991,23.6,20.0,15.09596825,0.0,-10.79502646,18.62
2025-07-03 00:30:00+00:00,492.6439679,316.049524,23.35,494.4931391,319.3860453,23.6,19.97857143,18.44136905,0.0,-10.22857143,18.5
2025-07-03 00:45:00+00:00,493.0398485,314.4492264,23.3,495.1926901,317.7408637,23.55166667,19.85333333,21.97616667,0.0,-9.450984849,18.48
2025-07-03 01:00:00+00:00,496.2501859,315.8164606,23.24666667,497.7883328,322.03521,23.5,19.78583333,25.3018658,0.0,-8.595008177,18.24254242
2025-07-03 01:15:00+00:00,502.8878952,314.1148578,23.14615385,505.3378125,321.4279668,23.42053571,19.6,28.63261905,0.0,-7.659246032,18.0981746
2025-07-03 01:30:00+00:00,507.1608392,314.5117845,23.08125,510.1076909,319.0561655,23.35535714,19.49166667,31.90916667,0.0,-6.546595238,17.95471429
2025-07-03 01:45:00+00:00,509.4462585,313.428458,23.00714286,511.4890463,317.104975,23.3,19.43571429,35.12738095,0.0,-5.412142857,18.0197619
2025-07-03 02:00:00+00:00,509.2480548,314.7071727,22.94844444,511.2675717,320.7583595,23.29044444,19.54,37.91822222,0.0,-4.310888889,18.12827738
2025-07-03 02:15:00+00:00,505.8056689,321.1079777,22.99619048,508.2537346,318.8698309,23.2,19.6,41.58642857,0.162624135,-2.728571429,18.13071429
2025-07-03 02:30:00+00:00,507.0972222,316.8027489,22.99857143,516.2434916,312.5920546,23.28933333,19.6,44.06968254,0.430147099,-1.577142857,18.10095238
2025-07-03 02:45:00+00:00,512.5716096,317.66817,23.05857143,513.0490581,318.5991071,23.25006614,19.56153846,47.78559259,1.755137644,0.192868687,17.9766
2025-07-03 03:00:00+00:00,506.397933,92.02202381,23.3,506.1972097,107.614492,23.20714286,19.26666667,50.68591837,1.055503941,1.714739229,17.93934807
2025-07-03 03:15:00+00:00,502.7594444,64.56633058,23.53238095,503.5224564,60.69358552,23.38,16.87873016,53.73421116,0.762287464,3.412071188,17.412558
2025-07-03 03:30:00+00:00,499.9909294,62.04668491,23.54292148,500.0622353,60.64656469,23.46103291,16.5619697,56.50849051,3.965663883,5.068702231,16.52133743
2025-07-03 03:45:00+00:00,496.8167817,62.07381692,23.4635,496.7398652,61.98998277,23.5,16.33402381,59.89077381,21.41228207,7.098819795,15.99039683
2025-07-03 04:00:00+00:00,493.3118943,61.86043084,23.4,492.7092305,61.29445489,23.46904762,16.99285714,62.71116522,31.52629462,8.915836941,15.72993056
2025-07-03 04:15:00+00:00,491.1216865,61.9676743,23.42222222,491.9337311,61.28689057,23.44761905,17.11794872,65.79333333,30.22897625,10.95222222,15.53217778
2025-07-03 04:30:00+00:00,492.7302618,62.360235,23.43571429,495.1020452,61.81222366,23.48285714,16.82175454,68.7212415,42.30004784,12.96777726,15.31607143
2025-07-03 04:45:00+00:00,491.3392705,62.59019772,23.58166667,508.0322443,61.74561905,23.5075,16.85454545,71.42548653,80.23234863,14.80911111,15.21356027
2025-07-03 05:00:00+00:00,498.5275319,61.96574074,23.7,518.2386125,61.21959978,23.6,17.17692308,74.48242424,96.5553853,16.96449856,15.29651852
2025-07-03 05:15:00+00:00,513.6100526,61.02730325,23.74444444,527.4852768,60.84717046,23.6447619,17.11225885,77.30204147,79.43865069,18.95387232,15.25723977
2025-07-03 05:30:00+00:00,531.0306397,61.55462963,23.7375,546.0894732,61.7037037,23.71866667,16.99166667,80.36433862,53.82160483,21.1722619,15.12680303
2025-07-03 05:45:00+00:00,570.9552488,62.36881323,23.76769231,596.4544286,61.82096306,23.83384615,16.79230769,83.23050917,85.38437374,23.20412286,14.98764172
2025-07-03 06:00:00+00:00,606.5275034,61.21463639,23.892,637.5750476,61.54318255,23.94777778,16.95,86.26542328,267.439631,25.33125926,14.93703704
2025-07-03 06:15:00+00:00,649.2619048,61.3388853,23.94285714,686.4965556,69.10574922,24.1,17.13205128,89.37363946,411.9462633,27.53809524,15.47451247
2025-07-03 06:30:00+00:00,695.703564,66.85,24.02928571,726.2119408,88.50892857,24.24857143,17.34166667,92.36247619,348.1648188,29.59993651,15.8021709
2025-07-03 06:45:00+00:00,710.7838806,82.23861339,24.17888889,750.4910517,115.042243,24.2862963,16.86888889,95.69295238,494.8843772,31.83981361,15.87769048
2025-07-03 07:00:00+00:00,700.7895025,97.94365079,24.21071429,757.0681853,143.9380334,24.31428571,16.91025641,98.99881262,419.4707032,34.01781076,16.18161565
2025-07-03 07:15:00+00:00,693.0698868,118.4927802,24.24023088,748.0874072,168.4715733,24.22588023,17.00190476,101.8009524,527.8979333,35.75031746,16.16380952
2025-07-03 07:30:00+00:00,700.8541035,139.2705236,24.19487179,728.0231066,177.7641655,24.13076923,17.09450549,105.7155329,471.2517914,38.11070011,16.5530303
2025-07-03 07:45:00+00:00,696.0006825,156.1907204,24.10930159,686.1877156,179.7750758,24.0,17.19647619,109.5724444,572.0890794,40.27622222,16.74788889
2025-07-03 08:00:00+00:00,688.5118663,170.8210848,24.19111111,660.7375852,180.7187918,24.0,17.20933333,113.2436312,668.9918943,42.24889894,17.17960317
2025-07-03 08:15:00+00:00,661.6486656,194.1139619,24.25544218,630.6595046,183.9009344,23.95555556,17.12154762,117.0979393,647.6882927,44.16926587,17.11629252
2025-07-03 08:30:00+00:00,635.3479244,211.7240406,24.22857143,611.6697846,169.0561429,23.885,17.27738095,121.2197701,557.6881936,46.06542495,17.28976144
2025-07-03 08:45:00+00:00,620.734764,230.2803571,24.2,614.085102,156.8644535,23.8,17.22142857,125.6199405,641.6029757,47.90889194,17.484625
2025-07-03 09:00:00+00:00,609.4820431,246.5038961,24.12888889,614.9949711,138.0193081,23.77098413,17.288,130.2084762,700.5123832,49.64463492,17.63648254
2025-07-03 09:15:00+00:00,612.8771779,257.5717352,24.07165533,613.569744,114.9172547,23.7619898,17.17857143,134.8897534,687.9701825,51.20124717,17.75879819
2025-07-03 09:30:00+00:00,600.4623155,260.5764776,24.07230769,625.8761678,99.44953016,23.8837037,17.3,139.8994921,718.1376113,52.65579894,18.14607407
2025-07-03 09:45:00+00:00,582.5324068,259.9083483,23.93341991,618.0983957,88.36815706,23.86666667,17.64545455,145.1504762,744.8758866,53.98402116,18.3852381
2025-07-03 10:00:00+00:00,575.0766527,263.3918934,24.125,589.5887106,74.8814951,23.8,17.37282051,150.8005512,749.2298826,55.1277551,18.44082738
2025-07-03 10:15:00+00:00,551.5202725,265.1328542,24.00777778,591.0386771,64.50671049,23.8,17.08222222,156.2106869,765.3973117,56.06971044,18.33951111
2025-07-03 10:30:00+00:00,555.6944375,271.3193985,24.10535714,613.8920397,62.45218967,23.9,17.02,162.6449911,781.5391104,56.90449134,18.59090223
2025-07-03 10:45:00+00:00,585.1291097,280.7628571,24.05493197,638.7286476,62.59805328,23.96968254,17.05714286,169.3538095,779.5211629,57.49452381,18.65478571
2025-07-03 11:00:00+00:00,608.6468605,279.0116388,24.08826531,644.4785962,66.79581964,24.07083333,17.0452381,175.1800325,722.8874011,57.75714286,18.64600108
2025-07-03 11:15:00+00:00,615.6303008,282.6823227,24.06777778,662.1289602,70.20465812,24.00122222,17.35533333,181.8830885,763.7002148,57.85444444,18.88668687
2025-07-03 11:30:00+00:00,634.9383598,287.1974242,24.04579365,668.9913532,69.84832188,23.97555556,17.4,188.2703545,793.532061,57.66666667,19.08111111
2025-07-03 11:45:00+00:00,630.05839,294.3416056,24.09166667,660.7734447,69.62171277,24.10803571,17.3115873,193.8683673,791.7634427,57.3,19.02295918
2025-07-03 12:00:00+00:00,627.6984117,310.7743427,24.02363636,664.3724026,77.26739939,24.07468254,17.14918182,200.5732912,779.1434978,56.60515403,19.07311681
2025-07-03 12:15:00+00:00,621.1078291,296.9141156,23.95136054,675.8383894,80.99593074,24.05034014,17.1244898,206.4483874,780.5993984,55.76617192,19.48698214
2025-07-03 12:30:00+00:00,623.0685633,290.8499363,23.82444444,672.1723058,85.08952938,24.04555556,17.20380952,211.8182143,768.6021682,54.76824074,19.3993537
2025-07-03 12:45:00+00:00,616.0069032,275.5979363,23.84142857,665.7386235,88.70915157,24.07801587,17.2202381,217.4367319,756.9217078,53.49946429,19.41520346
2025-07-03 13:00:00+00:00,602.8040095,258.335408,23.8647619,640.6100754,106.4873376,24.16444444,17.10285714,222.9427619,741.8698659,52.03472222,19.43917222
2025-07-03 13:15:00+00:00,594.3895885,259.1299063,23.98333333,601.1018222,114.2614097,23.94515485,17.13571429,227.3472527,729.1032238,50.64835165,19.5678022
2025-07-03 13:30:00+00:00,577.8901834,253.18967,24.0,584.6319674,117.9133101,24.05206427,17.0381746,231.6553367,712.4614944,49.12346477,19.41906407
2025-07-03 13:45:00+00:00,554.7251105,253.2142857,23.95,571.3460301,130.2479543,24.21190476,17.08571429,236.7233766,680.1987327,47.14581633,19.32869048
2025-07-03 14:00:00+00:00,543.6292929,248.217037,23.91,549.180955,153.5821611,24.29222222,17.02666667,241.0487554,672.8637369,45.25822222,19.53634175
2025-07-03 14:15:00+00:00,526.2583649,247.9076282,23.94477778,533.06828,183.8456472,24.37981481,17.2,245.0633333,662.4463871,43.33444444,19.798
2025-07-03 14:30:00+00:00,517.0338294,239.5583028,23.9,520.929187,223.4806521,24.51751701,17.21714286,249.0945887,620.8408962,41.27006803,19.725
2025-07-03 14:45:00+00:00,516.6417546,228.1583571,23.86666667,515.5476357,274.6468547,24.6,16.66275463,252.5626587,430.1690639,39.35363796,19.34632963
2025-07-03 15:00:00+00:00,521.2755556,79.58681818,24.05444444,512.2818519,93.33632997,24.635,15.032,256.2615871,565.7103549,37.15661681,19.16595849
2025-07-03 15:15:00+00:00,519.5146537,61.8050887,24.35714286,518.8690297,62.30795801,24.78819444,15.27583333,259.5337771,531.8806458,35.14943001,18.88755411
2025-07-03 15:30:00+00:00,535.2223258,61.59640488,24.5038254,521.3571885,61.32164196,25.10046561,17.53944444,262.8721494,514.0269451,33.01241758,19.11193468
2025-07-03 15:45:00+00:00,521.385794,62.32421124,24.6,526.4272101,61.42350997,25.35102041,16.00368298,266.1711848,474.7242215,30.82373923,19.20007937
2025-07-03 16:00:00+00:00,510.3537575,60.52083567,24.65333333,521.8524245,62.16462097,25.55553824,17.27678571,268.9664933,451.3846454,28.89413431,19.21830952
2025-07-03 16:15:00+00:00,503.0338474,59.99491937,24.7,512.7095795,61.11168307,25.65714286,16.64666667,272.3404082,385.8375088,26.56428571,18.99464286
2025-07-03 16:30:00+00:00,496.7374685,61.76942206,24.78,507.499423,62.50607757,25.73335714,16.94,275.0415873,355.1084999,24.63560847,18.72985089
2025-07-03 16:45:00+00:00,492.8656229,60.8560941,24.8,501.5848794,62.46235914,25.61875,16.7297619,278.1197207,339.8112582,22.43911565,18.42017728
2025-07-03 17:00:00+00:00,489.6358814,62.6358061,24.84,496.8031246,62.35743961,25.62238095,17.23619048,280.926152,301.0672384,20.41346801,18.38368148
2025-07-03 17:15:00+00:00,485.0750842,61.8619882,24.9,493.5316228,61.3190082,25.74035714,16.73952381,284.1817566,264.3311284,18.0873254,18.3335898
2025-07-03 17:30:00+00:00,483.3616358,62.50639446,24.9,489.9740701,61.32556233,25.8,17.0202381,287.1927211,225.6721263,15.97591837,17.92686508
2025-07-03 17:45:00+00:00,480.7304425,62.82378066,24.9,486.8433276,62.44418382,25.80222222,17.16666667,289.7014815,195.7386831,14.21333333,17.76962963
2025-07-03 18:00:00+00:00,478.3683503,61.4327381,24.9,486.0740741,61.49391026,25.79857143,16.64365079,292.9684562,157.8936577,11.96721681,17.6037987
2025-07-03 18:15:00+00:00,476.4648028,62.34571429,24.93944444,485.1124615,61.85590724,25.67333333,17.05866667,295.9706481,125.3917375,9.953611111,17.31583333
2025-07-03 18:30:00+00:00,475.6880083,61.83407407,24.9,483.8711033,61.79804455,25.55333333,16.97056085,298.9077395,93.97425721,8.033369408,17.1492289
2025-07-03 18:45:00+00:00,474.32886,61.19631353,24.9,482.7454205,61.82419908,25.41214286,16.90238095,301.8251353,64.69185128,6.199294733,17.06230519
2025-07-03 19:00:00+00:00,474.9411608,12.08851852,24.83285714,480.9193254,12.60736677,25.3104127,17.34301587,304.7917407,37.65470613,4.409595072,16.70349957
2025-07-03 19:15:00+00:00,474.34993,0.0,24.8,480.4229323,0.0,25.16382189,17.4,307.7198451,19.95244584,2.743809524,16.30519231
2025-07-03 19:30:00+00:00,473.3139639,0.0,24.75555556,479.6689723,0.0,25.02601833,17.45708995,310.5734106,10.3695101,1.130358883,16.03172624
2025-07-03 19:45:00+00:00,472.3778095,0.0,24.68392857,478.4441155,0.0,24.87142857,17.63571429,313.7145346,3.992749675,-0.416731602,15.70704545
2025-07-03 20:00:00+00:00,471.5242925,0.0,24.6,477.794778,0.0,24.78280423,17.7,316.7727381,1.273096643,-1.882952381,15.382
2025-07-03 20:15:00+00:00,471.0850505,0.0,24.56,475.8795731,0.0,24.67111111,17.7,320.2957222,0.301107297,-3.471944444,15.29516667
2025-07-03 20:30:00+00:00,470.0079365,0.0,24.5,476.0290146,0.0,24.6,17.7,323.5190334,0.012402597,-4.792729592,15.16866071
2025-07-03 20:45:00+00:00,469.8941573,0.0,24.42666667,475.2327865,0.0,24.56222222,17.7,326.1827727,0.0,-5.862606061,15.0088373
2025-07-03 21:00:00+00:00,468.8443452,113.8096764,24.26794872,473.6390332,105.575335,24.46923077,17.14935897,330.0392715,0.0,-7.165943878,14.80109694
2025-07-03 21:15:00+00:00,473.7726136,174.2413795,23.92845238,476.5500471,166.5386157,24.3,16.51916667,333.1315661,0.0,-8.132888889,14.72068013
2025-07-03 21:30:00+00:00,478.3209803,171.2161204,23.67738095,481.0220662,170.8188168,24.11428571,16.5,336.6697781,0.0,-9.102225057,14.71166667
2025-07-03 21:45:00+00:00,481.8679709,173.5278219,23.44666667,483.6317056,169.691136,23.94666667,16.32015873,339.6599077,0.0,-9.799375643,14.57186539
2025-07-03 22:00:00+00:00,483.6597229,306.2226989,23.21964286,487.4507064,303.388924,23.78367347,15.63704296,343.3559253,0.0,-10.56314935,14.05132021
2025-07-03 22:15:00+00:00,487.7589893,315.3297927,22.84,491.9272592,316.1162246,23.55111111,15.04115152,346.7100855,0.0,-11.08662698,13.58267924
2025-07-03 22:30:00+00:00,492.6095048,314.1965207,22.654,494.9910973,314.0456674,23.22761905,14.70166667,350.5174887,0.0,-11.58946561,13.26092249
2025-07-03 22:45:00+00:00,493.3114931,315.0173896,22.47142857,496.5752443,315.9830167,23.04166667,14.50584416,353.9822509,0.0,-11.87678571,13.20360902
2025-07-03 23:00:00+00:00,493.8725397,313.8801643,22.30598413,496.893878,313.8968671,22.88,14.4,357.4842593,0.0,-12.05333333,13.00956111
2025-07-03 23:15:00+00:00,493.4450697,314.7545962,22.15909091,495.5874644,314.8279771,22.74444444,14.48441558,48.60915894,0.0,-12.09920635,13.09722016
2025-07-03 23:30:00+00:00,491.8333995,313.3461028,22.02142857,494.550399,315.6095861,22.59152381,14.47470238,4.575515873,0.0,-11.96424242,13.09094709
2025-07-03 23:45:00+00:00,491.6037953,313.5871574,21.89717949,493.5189102,315.5727727,22.45714286,14.4,7.949229025,0.0,-11.730839,13.02367347
2025-07-04 00:00:00+00:00,490.6073076,315.5872698,21.80666667,493.0948491,315.154157,22.38666667,14.2803848,11.18670635,0.0,-11.41238095,12.82428571
2025-07-04 00:15:00+00:00,491.5456022,315.382381,21.71851852,494.2944498,315.8827525,22.26666667,14.14666667,15.07918975,0.0,-10.88510823,12.63301587
2025-07-04 00:30:00+00:00,492.2019954,315.1451405,21.60625,495.3341537,313.2998911,22.18367347,14.02609127,18.41747449,0.0,-10.31896259,12.62993197
2025-07-04 00:45:00+00:00,491.8903011,314.2072222,21.55833333,494.4102613,312.0024631,22.06444444,14.0,21.13345238,0.0,-9.771111111,12.75133333
2025-07-04 01:00:00+00:00,491.2294411,313.4534386,21.41428571,493.7950989,314.582595,21.99808673,13.93452381,25.32200397,0.0,-8.698339002,12.52406576
2025-07-04 01:15:00+00:00,491.5828872,315.9525458,21.38252646,495.4417979,313.8298149,21.90583333,13.9,28.59112739,0.0,-7.769404762,12.42257143
2025-07-04 01:30:00+00:00,491.5274977,313.8843627,21.28733333,494.881746,315.2649206,21.805,13.9,31.96338414,0.0,-6.650504598,12.3132803
2025-07-04 01:45:00+00:00,492.1855942,317.3619615,21.2,494.2137961,311.8325275,21.71428571,13.81309524,34.78846154,0.0,-5.628571429,12.08460884
2025-07-04 02:00:00+00:00,492.2707071,311.4633872,21.13066667,496.4770515,314.5286839,21.68,13.65044444,38.28332804,0.155844976,-4.239166667,11.83851852
2025-07-04 02:15:00+00:00,493.5291935,312.6259777,21.09285714,497.6307599,318.2536433,21.63428571,13.42855339,41.65663832,0.736957446,-2.799693878,11.7612013
2025-07-04 02:30:00+00:00,497.6210101,243.8396465,21.11166667,503.3302653,314.1263861,21.6005,13.19638095,44.80386147,2.236409014,-1.309074722,11.48526696
2025-07-04 02:45:00+00:00,506.8704762,314.2757044,21.08666667,512.9845513,310.2434192,21.64833333,12.93733333,47.9654798,6.325219872,0.211995116,11.2285
2025-07-04 03:00:00+00:00,508.8690143,38.53144841,21.39315476,511.6842541,44.20918367,21.59690476,13.31977041,50.93432437,14.88960499,1.756167801,11.25983302
2025-07-04 03:15:00+00:00,512.3238537,65.76680209,21.68622449,509.6113173,62.94287934,21.9519898,21.43160714,53.89887037,28.21631215,3.413715248,11.33577778
2025-07-04 03:30:00+00:00,510.3585408,65.95497558,21.87428571,508.9384826,62.40769818,22.15285714,22.64571429,56.98384354,44.40418679,5.230136054,11.26625
2025-07-04 03:45:00+00:00,504.1061933,66.72953944,22.13472222,507.7807744,63.60710145,22.29333333,20.12833333,59.93462626,72.46389859,7.040084582,11.94023184
2025-07-04 04:00:00+00:00,499.6414315,66.72551893,22.34266667,505.7570535,63.29978699,22.38190476,20.285,62.61849206,96.3453988,8.766666667,12.34813506
2025-07-04 04:15:00+00:00,495.0481765,66.17590049,22.44285714,501.2412509,63.28751505,22.44928571,20.57359307,65.76043831,124.493925,10.82185368,12.76898469
2025-07-04 04:30:00+00:00,489.7461794,66.59176901,22.51714286,497.7590233,63.50955123,22.5,20.3,68.66120879,156.597392,12.83470418,13.50318559
2025-07-04 04:45:00+00:00,489.2373158,66.86598124,22.6390873,496.2515873,64.15132993,22.58642857,20.10964286,71.5298289,183.4449771,14.75914502,14.16562229
2025-07-04 05:00:00+00:00,498.1821101,67.22765568,22.70328042,501.5327919,64.50972385,22.6,19.90666667,74.41107143,231.8199605,16.80836941,14.62057011
2025-07-04 05:15:00+00:00,526.631061,66.75701114,22.74,513.2524883,63.38114382,22.72,19.62,77.5835873,173.7379449,19.06269841,14.99506349
2025-07-04 05:30:00+00:00,531.112927,67.2414966,22.8619898,534.7569997,63.62134605,22.82153061,19.31071429,80.42117347,287.4937817,21.08963457,15.28210768
2025-07-04 05:45:00+00:00,531.5544823,64.102849,23.004,552.1124709,62.59523576,22.87066667,18.96247619,83.41538889,307.5138306,23.22488889,15.87959259
2025-07-04 06:00:00+00:00,542.883479,60.59166017,22.99246032,586.5059531,61.933213,22.80927232,18.87440476,86.29133656,405.0618669,25.30442591,15.92385591
2025-07-04 06:15:00+00:00,541.9330835,61.37278499,23.16,602.0752321,63.3818259,23.06666667,18.41611111,89.46650794,293.6080757,27.51171958,16.13345185
2025-07-04 06:30:00+00:00,551.2795143,60.39040149,23.24433333,603.0154465,63.20239029,23.24775397,17.96888889,92.43821769,296.0784113,29.55204798,16.14924009
2025-07-04 06:45:00+00:00,572.6787003,59.30281074,23.35632653,591.3001019,62.70274394,23.31420068,17.77142857,95.83457328,200.1999171,31.83382653,16.04695114
2025-07-04 07:00:00+00:00,586.9866402,58.91317035,23.36133333,616.0526324,62.84634343,23.35425926,17.5,98.9938771,198.9377363,33.90633333,16.09562698
2025-07-04 07:15:00+00:00,598.146537,58.59662785,23.43571429,628.7770388,62.43279781,23.46065244,17.18373016,102.0369281,189.588089,35.80726424,16.22044397
2025-07-04 07:30:00+00:00,603.677729,58.91318422,23.48903704,641.6460473,63.01991897,23.61216931,17.16666667,105.8014815,218.7691807,38.06583333,16.29648148
2025-07-04 07:45:00+00:00,612.5397807,58.51911348,23.49883598,648.2591295,62.63553815,23.65915344,17.19333333,109.6552056,258.1380612,40.21333333,16.59436111
2025-07-04 08:00:00+00:00,609.4420248,58.88651325,23.6,635.1052392,62.98570487,23.71326531,17.2,113.3261688,188.9065601,42.18483766,16.82508135
2025-07-04 08:15:00+00:00,613.10844,59.69042328,23.7,622.4535486,63.96688248,23.77027778,17.17142857,117.0102222,172.310033,44.04691679,16.87191111
2025-07-04 08:30:00+00:00,622.5975364,58.87987528,23.64462585,636.4638796,62.73500561,23.8,16.93095238,120.7901786,177.9595651,45.80029762,16.80714286
2025-07-04 08:45:00+00:00,613.6094517,58.55010582,23.73733333,636.4745892,62.29222678,23.84087302,17.04833333,125.5851282,432.5198002,47.78725253,17.33429206
2025-07-04 09:00:00+00:00,621.9795804,59.1688383,23.75634921,637.1599384,62.7595356,23.89183673,17.36130952,130.0269719,185.3482529,49.48314626,17.61870005
2025-07-04 09:15:00+00:00,631.3153163,58.8679317,23.73833333,649.0356294,62.82450142,23.88592593,17.0675,135.1135556,542.9868646,51.17246032,17.42063598
2025-07-04 09:30:00+00:00,636.6379532,58.73066893,23.73035714,658.1744817,63.4090891,23.86857143,17.19714286,140.0083135,769.0397328,52.59052257,18.18804473
2025-07-04 09:45:00+00:00,629.5075656,59.09882975,23.88,634.4074238,63.14307082,23.71333333,17.16203704,145.3998831,525.935391,53.94254497,18.38421693
2025-07-04 10:00:00+00:00,618.3048709,59.52019888,23.88666667,626.4404925,62.80181485,23.71333333,17.47239538,150.8286545,837.4005037,55.05548297,18.92742381
2025-07-04 10:15:00+00:00,605.0742079,59.35342278,23.77547619,632.4697381,62.41660374,23.77142857,17.57380952,157.0634977,637.2579611,56.09826324,19.29428076
2025-07-04 10:30:00+00:00,594.5529787,58.96313853,23.79026455,612.5237423,63.70835162,23.84740741,17.08290741,162.9084603,624.087087,56.84247355,19.37299461
2025-07-04 10:45:00+00:00,596.7742688,59.53570883,23.83511905,617.2482775,63.74267827,23.93795918,16.91096939,169.1383121,440.6228278,57.37035147,19.3383527
2025-07-04 11:00:00+00:00,607.5141703,59.31142901,23.9591746,607.1759893,64.04484048,23.89453053,16.92666667,175.1564674,300.8527091,57.70017027,19.03637035
2025-07-04 11:15:00+00:00,513.1146592,51.2797619,20.54761905,510.6954926,54.82154312,20.44659864,15.27857143,175.914523,666.0430992,55.80381107,18.51133503
2025-07-04 11:30:00+00:00,546.9389387,55.54647258,22.4,533.9702899,59.34595084,22.21333333,17.0,186.6899418,562.5271064,57.08138889,18.91518519
2025-07-04 11:45:00+00:00,579.7390029,59.8543073,24.0,569.4383148,63.83750949,23.8,17.02142857,194.2998583,406.898136,57.18105081,19.24930556
2025-07-04 12:00:00+00:00,571.1183333,61.3,23.94488889,565.8164502,64.43649684,23.8,17.084,200.547119,313.113684,56.53212121,18.97407407
2025-07-04 12:15:00+00:00,562.2897836,62.293472,23.96208333,556.4282867,64.85618966,23.7052381,17.085,206.4408673,318.5810899,55.65723485,19.65032967
2025-07-04 12:30:00+00:00,551.726044,62.2062963,23.97759259,540.5054627,64.21506256,23.7,17.07266667,211.9696682,627.4982636,54.64265152,19.84801616
2025-07-04 12:45:00+00:00,534.8983723,61.40313524,23.8397037,530.4985071,64.31305875,23.68666667,17.27066667,217.043547,779.1758201,53.49470085,19.75358974
2025-07-04 13:00:00+00:00,517.3397784,61.72264194,23.89285714,515.9144338,64.4983575,23.7,17.12312925,222.7484127,461.3260615,51.98830782,19.8946131
2025-07-04 13:15:00+00:00,509.2905291,62.50497762,23.88222222,509.6969841,65.30461153,23.67282051,16.845,227.3371111,221.1394009,50.5582963,19.31093333
2025-07-04 13:30:00+00:00,497.0016955,61.99473039,23.82857143,501.7833929,64.80538033,23.6,15.77988095,232.3431746,106.6138661,48.75549887,17.18342404
2025-07-04 13:45:00+00:00,490.2281729,60.90771765,23.79566667,495.7546417,63.48860695,23.6,14.88066667,236.5485887,148.7830389,47.11364021,15.89748677
2025-07-04 14:00:00+00:00,485.1261115,8.561904762,23.61989796,492.1333281,9.135204082,23.60089286,16.5547619,240.389277,397.2919947,45.4431576,16.33751288
2025-07-04 14:15:00+00:00,484.7169774,0.0,23.68657407,489.3939296,0.0,23.73841667,16.70222222,244.9401405,472.0212374,43.29216162,17.42968519
2025-07-04 14:30:00+00:00,483.3308824,0.0,23.76934524,488.8823598,0.0,23.8,16.81154762,248.5411905,325.5933658,41.39595238,18.41568027
2025-07-04 14:45:00+00:00,482.1543939,0.0,23.8,488.1850794,0.0,23.80095238,16.99555556,252.3804683,283.2933942,39.28646825,18.50222222
2025-07-04 15:00:00+00:00,482.2704545,0.0,23.87481481,486.0408852,0.0,23.91636364,17.08804233,256.2236058,356.3428288,37.08019048,18.828
2025-07-04 15:15:00+00:00,480.3877551,0.0,23.9,486.1876527,0.0,24.0,17.19230769,259.3821511,197.0448313,35.13288684,19.06944621
2025-07-04 15:30:00+00:00,478.3655556,0.0,23.9,485.1257187,0.0,23.91333333,17.25333333,262.8611255,232.2391883,32.90727273,18.68968254
2025-07-04 15:45:00+00:00,477.8798701,0.0,23.9,484.0465118,0.0,23.97857143,17.3,266.0719413,167.8843953,30.75977495,18.83771596
2025-07-04 16:00:00+00:00,477.3341469,0.0,23.9,482.8630203,0.0,23.9,17.37393939,269.0170908,132.8640157,28.7485661,18.57849646
2025-07-04 16:15:00+00:00,476.655303,0.0,23.9,482.0266285,0.0,23.81828571,17.51333333,272.2911599,104.3674939,26.48154521,18.06590909
2025-07-04 16:30:00+00:00,476.622676,0.0,23.9,480.5352396,0.0,23.8,17.71587302,275.2978685,48.87653772,24.34111111,17.34042659
2025-07-04 16:45:00+00:00,474.2634842,0.0,23.83566667,479.7610601,0.0,23.76133333,17.94222222,278.2529621,32.76875306,22.23066585,16.44552169
2025-07-04 17:00:00+00:00,474.8720307,0.0,23.8,479.2367409,0.0,23.7,18.19571429,280.8013725,21.67692809,20.39633369,15.83410714
2025-07-04 17:15:00+00:00,473.3612757,0.0,23.74666667,478.4005848,0.0,23.69079365,18.4,283.6895238,47.57678757,18.36857143,14.93121429
2025-07-04 17:30:00+00:00,472.5732875,0.0,23.7,476.8026303,0.0,23.6,18.49285714,287.113791,13.40331316,15.9043187,14.535
2025-07-04 17:45:00+00:00,472.1059656,0.0,23.7,476.9752862,0.0,23.6,18.5,289.7741865,36.56473432,13.99798319,14.53147769
2025-07-04 18:00:00+00:00,470.720098,0.0,23.67333333,476.4616175,0.0,23.54111111,18.5,292.9221667,30.93214736,11.89780303,14.79116667
2025-07-04 18:15:00+00:00,470.2222231,0.0,23.6,475.239507,0.0,23.5,18.5,295.72997,17.58293885,9.99429836,15.14780075
2025-07-04 18:30:00+00:00,469.5532071,0.0,23.6,474.5814779,0.0,23.46285714,18.45333333,298.8121429,15.86265748,7.974240741,15.2692963
2025-07-04 18:45:00+00:00,469.7257565,0.0,23.6,472.4435877,0.0,23.4,18.39107143,301.7841837,10.93529066,6.106349206,15.27753092
2025-07-04 19:00:00+00:00,467.6535753,0.0,23.6,472.3968315,0.0,23.4,18.22666667,304.706,6.526883345,4.394074074,15.24201905
2025-07-04 19:15:00+00:00,467.7334378,0.0,23.50714286,472.045428,0.0,23.30964286,18.08571429,307.7239981,4.273556913,2.604051544,15.2
2025-07-04 19:30:00+00:00,466.9235602,0.0,23.5,471.1576378,0.0,23.3,17.96666667,310.6910152,1.52943065,0.96003552,15.1074632
2025-07-04 19:45:00+00:00,466.4371392,0.0,23.5,470.091034,0.0,23.3,17.77564103,313.8880499,1.457288278,-0.592857143,15.1
2025-07-04 20:00:00+00:00,465.2801876,0.0,23.436,468.494476,0.0,23.23428283,17.7,316.952886,0.657992434,-2.055210641,15.15682842
2025-07-04 20:15:00+00:00,464.3276427,0.0,23.4,468.2527829,0.0,23.2,17.62857143,320.0795022,0.123673469,-3.466049625,15.07443827
2025-07-04 20:30:00+00:00,462.5896777,0.0,23.4,467.3077778,0.0,23.13,17.52307692,323.2038876,0.0,-4.788666667,15.004
2025-07-04 20:45:00+00:00,461.9714733,0.0,23.37428571,467.4871459,0.0,23.1,17.5,326.6952574,0.0,-6.111634199,14.98664469
2025-07-04 21:00:00+00:00,460.9153453,0.0,23.3,466.5926261,0.0,23.1,17.49777778,329.0888912,0.0,-6.990603936,14.97253318
2025-07-04 21:15:00+00:00,460.5670363,0.0,23.3,465.2576058,0.0,23.0,17.4,332.9969252,0.0,-8.181327561,14.93085714
2025-07-04 21:30:00+00:00,460.1090778,0.0,23.29285714,463.6591467,0.0,23.0,17.3,336.5730527,0.0,-9.168524333,14.79643452
2025-07-04 21:45:00+00:00,459.0141667,0.0,23.2,463.3781664,0.0,23.0,17.3,339.6778571,0.0,-9.90702381,14.73340741
2025-07-04 22:00:00+00:00,458.9035453,0.0,23.2,462.5290309,0.0,22.99613095,17.3,343.36,0.0,-10.64563492,14.8
2025-07-04 22:15:00+00:00,457.0271794,0.0,23.19068783,461.7877754,0.0,22.9157672,17.26666667,346.6518182,0.0,-11.18141414,14.69003367
2025-07-04 22:30:00+00:00,456.8325606,0.0,23.1,461.9871088,0.0,22.9,17.18571429,350.3792039,0.0,-11.66964286,14.52761905
2025-07-04 22:45:00+00:00,456.2932714,0.0,23.1,460.7062141,0.0,22.9,17.1,353.7869683,0.0,-11.93844444,14.47430505
2025-07-04 23:00:00+00:00,454.8071818,0.0,23.1,458.7699937,0.0,22.9,17.01238095,357.3441801,0.0,-12.11661111,14.40486674
2025-07-04 23:15:00+00:00,453.1107993,0.0,23.1,457.5160983,0.0,22.88,17.0,26.54295635,0.0,-12.2,14.4
2025-07-04 23:30:00+00:00,454.0541889,0.0,23.0,457.7701994,0.0,22.82666667,16.95952381,4.281593314,0.0,-12.09219577,14.40024339
2025-07-04 23:45:00+00:00,453.065368,0.0,23.0,456.4393218,0.0,22.8,16.86071429,8.034180839,0.0,-11.82165533,14.41196429
2025-07-05 00:00:00+00:00,452.0077088,0.0,23.0,453.8139089,0.0,22.8,16.8,11.31551708,0.0,-11.49495238,14.4
2025-07-05 00:15:00+00:00,449.8425134,0.0,23.0,451.6731305,0.0,22.8,16.8,14.83633658,0.0,-11.01812216,14.4
2025-07-05 00:30:00+00:00,448.7169974,0.0,23.0,449.8981342,0.0,22.8,16.73047619,18.39997619,0.0,-10.41877778,14.51316667
2025-07-05 00:45:00+00:00,448.6744207,0.0,23.0,449.6965079,0.0,22.8,16.7,21.94901587,0.0,-9.634872609,14.62213333
2025-07-05 01:00:00+00:00,448.1534415,0.0,22.99047619,448.996056,0.0,22.73492063,16.6,25.00229996,0.0,-8.87596808,14.73061224
2025-07-05 01:15:00+00:00,447.3442946,0.0,22.9,448.5535704,0.0,22.7,16.6,28.50539683,0.0,-7.888302808,14.81333333
2025-07-05 01:30:00+00:00,446.5743062,0.0,22.9,447.5241105,0.0,22.7,16.57857143,31.80363636,0.0,-6.80469697,14.90347763
2025-07-05 01:45:00+00:00,445.9906397,0.0,22.9,446.4553846,0.0,22.7,16.5,35.20429833,0.0,-5.564476727,14.806
2025-07-05 02:00:00+00:00,444.8850514,0.0,22.9,446.1527847,0.0,22.7,16.5,37.72969697,0.0,-4.577777778,14.8
2025-07-05 02:15:00+00:00,444.175907,0.0,22.9,444.7679911,0.0,22.7,16.5,41.39081633,0.177824675,-3.0075,14.82883673
2025-07-05 02:30:00+00:00,443.734234,0.0,22.9,444.5719679,0.0,22.7,16.5,44.78946368,0.765267183,-1.415221289,14.85445238
2025-07-05 02:45:00+00:00,443.779557,0.0,22.9,444.4777165,0.0,22.6625,16.5,47.77401927,1.39032287,0.003015873,14.9
2025-07-05 03:00:00+00:00,441.8654073,0.0,22.9,443.3349468,0.0,22.60444444,16.5,50.85281746,2.858029422,1.617579365,15.0011627
2025-07-05 03:15:00+00:00,440.6222607,0.0,22.9,441.8690954,0.0,22.6,16.5,53.77427073,4.899940706,3.240989011,15.07398887
2025-07-05 03:30:00+00:00,440.1787434,0.0,22.9,440.9463544,0.0,22.6,16.5,56.96868457,9.361243696,5.119661709,15.2509016
2025-07-05 03:45:00+00:00,438.6781704,0.0,22.86666667,438.9199184,0.0,22.6,16.5,59.8928379,5.759495844,6.926912939,15.266
2025-07-05 04:00:00+00:00,438.8518814,0.0,22.83303571,438.67884,0.0,22.6,16.5,62.89651361,7.854862688,8.833446712,15.14973214
2025-07-05 04:15:00+00:00,438.3411796,0.0,22.8,437.7018462,0.0,22.6,16.52222222,65.56189744,12.57781047,10.57443875,14.98127863
2025-07-05 04:30:00+00:00,437.9383527,0.0,22.8,436.4589457,0.0,22.6,16.6,68.68115801,15.53153285,12.70037415,14.87835065
2025-07-05 04:45:00+00:00,437.479881,0.0,22.8,436.7459219,0.0,22.6,16.6,71.60503968,16.94357129,14.695,14.78833333
2025-07-05 05:00:00+00:00,436.4886993,0.0,22.8,435.925943,0.0,22.6,16.6,74.41390023,28.75886096,16.66941301,14.63948551
2025-07-05 05:15:00+00:00,435.2041111,0.0,22.8,435.4161111,0.0,22.6,16.6,77.38349206,33.35753232,18.82088889,14.6
2025-07-05 05:30:00+00:00,434.2557469,0.0,22.8,435.0138586,0.0,22.6,16.6,80.43935185,49.67919936,20.9962037,14.54983704
2025-07-05 05:45:00+00:00,433.9897534,0.0,22.8,434.7302404,0.0,22.6,16.6,83.44170403,47.31409309,23.14038072,14.66326198
2025-07-05 06:00:00+00:00,432.7048675,0.0,22.8,432.6288176,0.0,22.6,16.694,86.34561111,72.42440462,25.2062963,14.68494587
2025-07-05 06:15:00+00:00,432.4983261,0.0,22.87755102,432.1964286,0.0,22.67678571,16.7,89.42687049,105.1157604,27.3795385,14.92787183
2025-07-05 06:30:00+00:00,432.2327884,0.0,22.9,431.7574548,0.0,22.7,16.7,92.03033333,164.5642693,29.16187302,15.19060606
2025-07-05 06:45:00+00:00,431.0435181,0.0,22.9,431.4177924,0.0,22.7,16.76014141,95.63182223,137.1557951,31.56479936,15.54001348
2025-07-05 07:00:00+00:00,429.3931446,0.0,22.91607143,430.2603912,0.0,22.7,16.8,99.12651,98.36739882,33.86379097,15.66703297
2025-07-05 07:15:00+00:00,428.5286194,0.0,22.95285714,429.8942253,0.0,22.70666667,16.8,102.4847436,89.26742402,35.9641532,15.75578519
2025-07-05 07:30:00+00:00,428.5664965,0.0,23.0,427.7019613,0.0,22.8,16.8,105.863852,119.3974174,38.00142857,16.00178571
2025-07-05 07:45:00+00:00,427.3696048,0.0,23.0,428.0,0.0,22.8,16.89588889,109.5776582,106.8841323,40.1004697,16.17239781
2025-07-05 08:00:00+00:00,427.6356043,0.0,23.0,426.6162944,0.0,22.8,16.8,113.1845408,108.460469,42.04170918,15.6742483
2025-07-05 08:15:00+00:00,426.9003724,0.0,23.0,425.6962976,0.0,22.8,16.8,117.2984286,121.731925,44.05361111,15.4342381
2025-07-05 08:30:00+00:00,425.4768379,0.0,23.01377551,425.5424034,0.0,22.8,17.09761905,121.2198882,82.71110343,45.84361111,15.50943036
2025-07-05 08:45:00+00:00,425.692807,0.0,23.09253968,424.7945389,0.0,22.8,16.94,125.4657023,82.28972777,47.62427961,15.2889241
2025-07-05 09:00:00+00:00,424.738924,0.0,23.1,425.0708403,0.0,22.8,16.9,130.0205556,166.428658,49.36644444,15.41855556
2025-07-05 09:15:00+00:00,423.6505324,0.0,23.1,424.0697802,0.0,22.8,16.9,134.8871315,144.2311724,51.00479592,15.52664796
2025-07-05 09:30:00+00:00,423.336764,0.0,23.1,423.5452381,0.0,22.8,16.9,140.0293846,191.1603823,52.4974359,15.75107692
2025-07-05 09:45:00+00:00,423.5742394,0.0,23.1,423.0208018,0.0,22.81808287,16.9,145.1637273,132.6016446,53.78900794,15.83065747
2025-07-05 10:00:00+00:00,423.9966614,0.0,23.1,423.7357573,0.0,22.9,16.9,151.1862525,81.1760319,55.04109668,15.56928718
2025-07-05 10:15:00+00:00,422.9711161,0.0,23.1,422.589129,0.0,22.8877551,16.9,156.9124603,85.32091238,55.97190476,15.44857143
2025-07-05 10:30:00+00:00,422.3622642,0.0,23.1,422.2619416,0.0,22.9,16.9,162.8447677,149.6929553,56.74883598,15.8542037
2025-07-05 10:45:00+00:00,421.9181972,0.0,23.1,421.9496617,0.0,22.9,16.9,168.7902237,112.8029042,57.27011183,16.38130495
2025-07-05 11:00:00+00:00,422.0,0.0,23.1115873,420.9743246,0.0,22.9,16.9,174.8763148,99.06535837,57.57889947,16.47661901
2025-07-05 11:15:00+00:00,420.1465431,0.0,23.2,420.7066713,0.0,22.9,16.8,181.3588095,181.5534578,57.69333333,16.2425
2025-07-05 11:30:00+00:00,419.7026077,0.0,23.2,420.5989083,0.0,22.97912088,16.8,188.0466071,230.2420017,57.47071429,16.31646104
2025-07-05 11:45:00+00:00,419.9238694,0.0,23.23666667,420.0534133,0.0,23.0,16.8,194.475461,281.6543545,57.07171958,16.46651282
2025-07-05 12:00:00+00:00,419.0922269,0.0,23.3,419.3598214,0.0,23.03571429,16.85714286,200.3061804,207.4750179,56.4718254,16.61730736
2025-07-05 12:15:00+00:00,419.2481481,0.0,23.355,419.491734,0.0,23.10333333,16.98133333,206.354666,437.8455707,55.5810101,16.7364329
2025-07-05 12:30:00+00:00,418.9428597,0.0,23.4,418.2580036,0.0,23.2,17.1,212.1139153,317.7892242,54.52295767,17.05983165
2025-07-05 12:45:00+00:00,417.699427,0.0,23.40535714,418.3256494,0.0,23.2,17.23846154,217.621131,258.1625613,53.26190476,17.00512987
2025-07-05 13:00:00+00:00,417.7265156,0.0,23.47650794,418.0141579,0.0,23.2,17.34,222.4069444,187.710456,51.9870558,17.21035017
2025-07-05 13:15:00+00:00,417.3878752,0.0,23.5,417.7754964,0.0,23.2,17.4,227.232384,232.8259429,50.50982143,17.25056043
2025-07-05 13:30:00+00:00,415.6208403,0.0,23.5,417.6548709,0.0,23.20842593,17.53333333,232.0590476,155.2515269,48.78649351,17.30174603
2025-07-05 13:45:00+00:00,416.2816003,0.0,23.5,416.8025,0.0,23.28592593,17.66666667,236.6932326,261.5921697,46.96564695,17.58408591
2025-07-05 14:00:00+00:00,416.5196047,0.0,23.51714286,416.5642857,0.0,23.3,17.72857143,240.6345697,216.886346,45.23627101,17.88257248
2025-07-05 14:15:00+00:00,415.7405392,0.0,23.6,415.1568084,0.0,23.3,17.85333333,244.6210714,248.0250358,43.37349206,18.01767196
2025-07-05 14:30:00+00:00,415.2464334,0.0,23.6,415.8179181,0.0,23.3,17.95714286,248.6931137,106.2468797,41.24795593,17.70695501
2025-07-05 14:45:00+00:00,413.7874471,0.0,23.6,415.0354734,0.0,23.3,18.01904762,252.3304339,235.8864361,39.23419192,17.43022843
2025-07-05 15:00:00+00:00,414.0618855,0.0,23.6,414.2324664,0.0,23.31333333,18.11333333,256.0981838,218.9168379,37.06109307,17.52107937
2025-07-05 15:15:00+00:00,413.9364709,0.0,23.6,414.0180606,0.0,23.4,18.2,258.7892857,467.3733583,35.34993764,18.0531746
2025-07-05 15:30:00+00:00,413.9980952,0.0,23.6,413.0149582,0.0,23.4,18.28,262.1888889,128.8296026,33.21634921,17.80209524
2025-07-05 15:45:00+00:00,413.8110723,0.0,23.6,412.1030303,0.0,23.4,18.32857143,265.7433422,69.17388304,30.89788265,17.41354544
2025-07-05 16:00:00+00:00,412.9109154,0.0,23.6,412.5316878,0.0,23.348,18.4,269.0654731,131.490148,28.61257143,17.36853333
2025-07-05 16:15:00+00:00,411.685726,0.0,23.6,411.9813039,0.0,23.33956916,18.4,272.087818,134.3720642,26.47913188,17.26662085
2025-07-05 16:30:00+00:00,411.5169738,0.0,23.6,411.6095566,0.0,23.4,18.4,274.8198704,99.10441909,24.58104209,17.34545811
2025-07-05 16:45:00+00:00,411.164131,0.0,23.6,410.9043466,0.0,23.31428571,18.4,278.0811905,51.21434048,22.24591837,17.14410714
2025-07-05 17:00:00+00:00,411.9481033,0.0,23.58,411.6797849,0.0,23.3,18.4,281.0869444,40.98300305,20.06505556,16.9331453
2025-07-05 17:15:00+00:00,411.1351835,0.0,23.5,411.5814394,0.0,23.3,18.4,284.0166553,26.27528814,17.97208333,16.67410019
2025-07-05 17:30:00+00:00,411.283165,0.0,23.5,410.9516409,0.0,23.29333333,18.4,286.8273638,26.30426612,15.96069619,16.55815197
2025-07-05 17:45:00+00:00,410.534344,0.0,23.5,410.3807692,0.0,23.2,18.4,290.0074106,21.80993578,13.75722611,16.78774281
2025-07-05 18:00:00+00:00,410.3231736,0.0,23.5,410.3343537,0.0,23.2,18.4,292.730114,14.31545199,11.86262646,16.63698413
2025-07-05 18:15:00+00:00,409.1703864,0.0,23.49285714,410.0033737,0.0,23.2,18.4,295.7797804,11.72458165,9.848825397,16.59941667
2025-07-05 18:30:00+00:00,409.7383098,0.0,23.4,408.9170806,0.0,23.15857143,18.4,298.5714683,11.37626937,8.035083488,16.61364028
2025-07-05 18:45:00+00:00,409.8800138,0.0,23.4,408.7907486,0.0,23.1,18.30666667,301.3520106,7.330088557,6.250899471,16.6408634
2025-07-05 19:00:00+00:00,409.1252976,0.0,23.4,409.1879579,0.0,23.1,18.24166667,304.6199224,5.372402429,4.307242064,16.50174069
2025-07-05 19:15:00+00:00,408.16599,0.0,23.4,407.8250818,0.0,23.1,18.14166667,307.6113889,2.942684656,2.571111111,16.26681481
2025-07-05 19:30:00+00:00,408.3019444,0.0,23.4,408.1919591,0.0,23.1,18.00828571,310.6806234,2.15188449,0.865682521,16.03382629
2025-07-05 19:45:00+00:00,408.1339682,0.0,23.4,407.9856505,0.0,23.1,17.92211538,313.5690925,1.159473648,-0.50974026,16.0
2025-07-05 20:00:00+00:00,407.6759259,0.0,23.4,408.0750361,0.0,23.08,17.80888889,316.855037,0.204464912,-2.128246032,15.88572436
2025-07-05 20:15:00+00:00,407.767316,0.0,23.3,407.6709665,0.0,23.0,17.7,320.0496429,0.027857143,-3.587261905,15.69390422
2025-07-05 20:30:00+00:00,408.2585997,0.0,23.3,406.9046233,0.0,23.0,17.7,322.998366,0.0,-4.817150794,15.62140741
2025-07-05 20:45:00+00:00,407.2124246,0.0,23.3,406.4904553,0.0,23.0,17.65714286,326.5088294,0.0,-6.135595238,15.35462302
2025-07-05 21:00:00+00:00,406.6387166,0.0,23.3,406.1191796,0.0,23.0,17.6,329.827037,0.0,-7.301481482,15.34792593
2025-07-05 21:15:00+00:00,406.3184343,0.0,23.3,405.9783022,0.0,22.91266667,17.6,333.1223621,0.0,-8.34,15.57902564
2025-07-05 21:30:00+00:00,405.7698413,0.0,23.3,405.9285714,0.0,22.9,17.53571429,336.1635488,0.0,-9.163520408,15.58422619
2025-07-05 21:45:00+00:00,405.5528112,0.0,23.20555556,405.4420793,0.0,22.9,17.5,340.0585438,0.0,-10.11337542,15.330625
2025-07-05 22:00:00+00:00,405.3173464,0.0,23.2,405.0158175,0.0,22.9,17.5,343.3161545,0.0,-10.72856061,15.31977976
2025-07-05 22:15:00+00:00,404.7135606,0.0,23.2,404.9711722,0.0,22.9,17.47857143,346.8971083,0.0,-11.31989418,15.3647619
2025-07-05 22:30:00+00:00,404.6283654,0.0,23.2,403.2816247,0.0,22.9,17.4,350.3162778,0.0,-11.76226263,15.35404706
2025-07-05 22:45:00+00:00,404.6024227,0.0,23.2,402.6411565,0.0,22.9,17.31666667,353.9152473,0.0,-12.05214286,15.30801099
2025-07-05 23:00:00+00:00,404.9028011,0.0,23.2,403.2305916,0.0,22.9,17.28666667,357.0342963,0.0,-12.21944444,15.0962963
2025-07-05 23:15:00+00:00,404.0064935,0.0,23.2,402.5624616,0.0,22.9,17.15714286,103.6035232,0.0,-12.29795918,15.00209416
2025-07-05 23:30:00+00:00,404.0273485,0.0,23.2,402.0207234,0.0,22.8075,17.09333333,4.456944444,0.0,-12.15929894,15.07111429
2025-07-05 23:45:00+00:00,403.7814715,0.0,23.14761905,401.8952547,0.0,22.8,17.0,7.976006236,0.0,-11.92142857,15.01672619
2025-07-06 00:00:00+00:00,403.2748691,0.0,23.1,401.5280122,0.0,22.8,17.0,11.4007085,0.0,-11.58282149,15.09252389
2025-07-06 00:15:00+00:00,403.4830251,0.0,23.1,401.2910181,0.0,22.8,17.0,15.01481481,0.0,-11.0873064,15.27542857
2025-07-06 00:30:00+00:00,402.4309524,0.0,23.1,400.9955476,0.0,22.8,16.97404762,18.59048701,0.0,-10.47314935,15.40970455
2025-07-06 00:45:00+00:00,402.4071225,0.0,23.1,401.011564,0.0,22.8,16.9,21.78023884,0.0,-9.787632923,15.4919627
2025-07-06 01:00:00+00:00,402.1065224,0.0,23.1,400.672619,0.0,22.8,16.9,25.22669643,0.0,-8.939411765,15.51689939
2025-07-06 01:15:00+00:00,401.4583205,0.0,23.1,400.4329743,0.0,22.8,16.9,28.53238095,0.0,-7.963757335,15.6097973
2025-07-06 01:30:00+00:00,400.377466,0.0,23.1,399.6087725,0.0,22.8,16.9,31.60966138,0.0,-6.959744811,15.63538179
2025-07-06 01:45:00+00:00,400.5868822,0.0,23.1,399.725102,0.0,22.8,16.9,35.23383581,0.0,-5.667298753,15.7
2025-07-06 02:00:00+00:00,400.5276768,0.0,23.1,399.3312684,0.0,22.79555556,16.96666667,38.43186508,0.046013911,-4.362190476,15.7
2025-07-06 02:15:00+00:00,400.8007661,0.0,23.1,398.7747099,0.0,22.72868481,17.0,41.50444444,0.384652279,-3.058015873,15.60884354
2025-07-06 02:30:00+00:00,400.0359259,0.0,23.1,397.6449933,0.0,22.78539683,17.0,44.8285683,1.224420397,-1.518203704,15.5689069
2025-07-06 02:45:00+00:00,399.5431548,0.0,23.1,396.9935065,0.0,22.79623016,17.0,47.93029478,2.807483766,-0.040901361,15.47814626
2025-07-06 03:00:00+00:00,400.0400363,0.0,23.1,396.3303744,0.0,22.74874339,17.0,50.94026455,6.048176622,1.53005291,15.35247619
2025-07-06 03:15:00+00:00,399.3220215,0.0,23.1,396.8008711,0.0,22.70666667,17.01396825,53.93562698,11.06244556,3.23702381,15.37675
2025-07-06 03:30:00+00:00,399.0270949,0.0,23.1,396.591118,0.0,22.72845238,17.1,56.95658163,12.3668896,5.004642857,15.51857143
2025-07-06 03:45:00+00:00,398.4658923,0.0,23.1,396.7077991,0.0,22.71780952,17.1,59.9005,19.53561185,6.792666667,15.6016
2025-07-06 04:00:00+00:00,398.0385354,0.0,23.1,396.3575546,0.0,22.70396825,17.13333333,62.99197846,30.11262085,8.765518708,15.84146362
2025-07-06 04:15:00+00:00,397.6410493,0.0,23.1,394.8921706,0.0,22.70666667,17.2,65.65827245,41.59043436,10.53566136,16.04730598
2025-07-06 04:30:00+00:00,397.3486461,0.0,23.1,396.2227588,0.0,22.8,17.2,68.51556777,65.77021251,12.45952381,16.1
2025-07-06 04:45:00+00:00,396.3924242,0.0,23.1,395.5836364,0.0,22.77738889,17.2,71.41368415,57.90034241,14.46232906,16.23672222
2025-07-06 05:00:00+00:00,396.9107143,0.0,23.1,395.4488977,0.0,22.8,17.2,74.52177656,76.53483688,16.63168934,16.43996032
2025-07-06 05:15:00+00:00,396.2071315,0.0,23.1,394.6735209,0.0,22.8,17.22666667,77.52901587,82.28192126,18.79162963,16.62667359
2025-07-06 05:30:00+00:00,396.0426393,0.0,23.1312963,394.6931748,0.0,22.8,17.3,80.43220202,80.97715493,20.86942761,16.82531852
2025-07-06 05:45:00+00:00,395.5921836,0.0,23.2,394.9234508,0.0,22.8,17.3,83.43531102,82.86587247,22.98235544,16.98845599
2025-07-06 06:00:00+00:00,394.9326852,0.0,23.2,394.6645207,0.0,22.8,17.3,86.37717749,99.95511324,25.10463684,17.20208365
2025-07-06 06:15:00+00:00,395.365913,0.0,23.2,394.0276655,0.0,22.83180272,17.3,89.46358844,328.3298348,27.27110776,17.814675
2025-07-06 06:30:00+00:00,395.2523329,0.0,23.27307937,393.5793637,0.0,22.9,17.3,92.40440717,253.7313528,29.3047316,18.3246354
2025-07-06 06:45:00+00:00,394.3292929,0.0,23.3,393.2819203,0.0,22.9,17.3,95.96347355,164.153922,31.68265873,18.17633333
2025-07-06 07:00:00+00:00,394.4544559,0.0,23.31,392.8861523,0.0,22.98065476,17.37142857,99.11261368,249.8030554,33.7292736,18.3606106
2025-07-06 07:15:00+00:00,394.5253435,0.0,23.38814286,392.7980243,0.0,23.0,17.4075,102.3981667,114.423417,35.79027778,18.32562597
2025-07-06 07:30:00+00:00,393.7759454,0.0,23.4,392.7996321,0.0,23.0,17.5,105.9982568,371.6439364,37.95919785,17.91837302
2025-07-06 07:45:00+00:00,393.0147765,0.0,23.4,392.3782005,0.0,23.02,17.5,109.4726667,206.318845,39.90571429,18.41466667
2025-07-06 08:00:00+00:00,393.3056432,0.0,23.4,392.9375204,0.0,23.1,17.5,113.3218254,165.8123725,41.97142857,18.44957983
2025-07-06 08:15:00+00:00,392.8160169,0.0,23.41108392,391.7700348,0.0,23.1,17.56,117.1121379,227.0611811,43.84924242,18.45586341
2025-07-06 08:30:00+00:00,392.9285615,0.0,23.5,392.1150376,0.0,23.1,17.62666667,121.5021853,167.4357196,45.8744243,18.5662963
2025-07-06 08:45:00+00:00,392.793424,0.0,23.5,392.8620836,0.0,23.19285714,17.7,125.8254819,186.4965574,47.65149643,18.55870181
2025-07-06 09:00:00+00:00,392.7193237,0.0,23.55466667,391.4804808,0.0,23.2,17.72,130.3760053,182.6007727,49.3517037,18.73851852
2025-07-06 09:15:00+00:00,392.0633568,0.0,23.6,391.1385809,0.0,23.24464286,17.80238095,134.5434864,297.4985439,50.77358277,19.00798186
2025-07-06 09:30:00+00:00,391.4368298,0.0,23.6,392.0,0.0,23.3,17.90357143,139.1782924,303.7553228,52.12483117,19.38269114
2025-07-06 09:45:00+00:00,390.8615349,0.0,23.66031746,392.1363661,0.0,23.3,17.99642857,145.2414937,262.7958646,53.67821623,19.73941769
2025-07-06 10:00:00+00:00,390.9338228,0.0,23.7,391.3525079,0.0,23.39333333,18.07392857,150.8348232,411.1999532,54.86111688,19.75698701
2025-07-06 10:15:00+00:00,391.1986299,0.0,23.74,391.4508875,0.0,23.4,18.22190476,156.7388651,519.0998581,55.86584656,19.72048485
2025-07-06 10:30:00+00:00,391.0544044,0.0,23.8,390.6291332,0.0,23.45178571,18.36428571,162.6547166,548.2364309,56.63030612,20.09982684
2025-07-06 10:45:00+00:00,390.5063492,0.0,23.84,390.2400826,0.0,23.54,18.4,169.1081421,542.1572784,57.195,20.50883333
2025-07-06 11:00:00+00:00,389.9084537,0.0,23.9,389.7464746,0.0,23.6,18.55238095,175.3432087,506.6534472,57.50452381,21.11731831
2025-07-06 11:15:00+00:00,389.7071577,0.0,23.95555556,390.6992821,0.0,23.60083333,18.68095238,181.3412929,446.7750122,57.59925926,20.99348026
2025-07-06 11:30:00+00:00,390.5,0.0,24.0,390.3838662,0.0,23.7,18.71428571,188.1587302,709.1717123,57.38571429,21.61111111
2025-07-06 11:45:00+00:00,390.609261,0.0,24.06666667,390.1266879,0.0,23.73428571,18.84888889,193.9572501,650.3735141,56.99877778,21.58708068
2025-07-06 12:00:00+00:00,389.3124254,0.0,24.1,390.84376,0.0,23.8,18.9,200.2239133,523.6382289,56.36615646,21.54931973
2025-07-06 12:15:00+00:00,390.2985185,0.0,24.1,391.2477778,0.0,23.8,19.08666667,205.9122689,536.3007464,55.5517037,21.74212266
2025-07-06 12:30:00+00:00,390.0907278,0.0,24.188,390.2659649,0.0,23.81333333,19.235,212.0363086,428.3507977,54.43058249,22.05787963
2025-07-06 12:45:00+00:00,390.0004318,0.0,24.2,391.4340946,0.0,23.9,19.33414966,217.1865801,263.2866351,53.26483017,21.87625696
2025-07-06 13:00:00+00:00,389.558406,0.0,24.24266667,390.4661654,0.0,23.94486772,19.6672381,222.5752671,343.4131091,51.83380886,21.83863492
2025-07-06 13:15:00+00:00,389.9410464,0.0,24.3,390.7148615,0.0,24.0,19.62402211,227.1827587,329.8502198,50.37437293,21.79232607
2025-07-06 13:30:00+00:00,389.9960784,0.0,24.3,391.5242417,0.0,24.0,19.77333333,231.6611905,247.0221414,48.84121795,21.9617381
2025-07-06 13:45:00+00:00,390.4737643,0.0,24.36428571,391.6952381,0.0,24.06746032,19.91095238,236.473869,267.6411739,46.92738095,21.38642857
2025-07-06 14:00:00+00:00,390.9256429,0.0,24.4,391.3518092,0.0,24.1,20.04533333,240.7811328,172.7954866,45.06772751,21.03965631
2025-07-06 14:15:00+00:00,390.7965986,0.0,24.4,390.6591555,0.0,24.1,20.14285714,244.7745748,376.9364082,43.13490646,19.93736111
2025-07-06 14:30:00+00:00,391.20707,0.0,24.4,390.8583389,0.0,24.22698148,20.23481481,248.4818413,428.3889828,41.2426176,20.28307778
2025-07-06 14:45:00+00:00,391.2697477,0.0,24.42555556,391.2194883,0.0,24.3,20.3,252.3377374,263.5838132,39.12975758,20.46264646
2025-07-06 15:00:00+00:00,390.8684173,0.0,24.5,391.3151003,0.0,24.3,20.3,255.9826956,211.3942861,36.97654478,20.36360544
2025-07-06 15:15:00+00:00,390.172451,0.0,24.5,391.3797641,0.0,24.3,20.4,259.3140154,196.5577504,34.9337963,20.46947478
2025-07-06 15:30:00+00:00,390.6033455,0.0,24.5,391.6863065,0.0,24.23214286,20.42857143,262.5569048,144.4241645,32.84833333,20.47156863
2025-07-06 15:45:00+00:00,390.579321,0.0,24.5,391.1562163,0.0,24.2,20.5,265.7220521,102.6539899,30.74172619,20.37813298
2025-07-06 16:00:00+00:00,389.1494463,0.0,24.5,390.8772047,0.0,24.2,20.5,268.8357921,77.1065384,28.63472204,20.59389664
2025-07-06 16:15:00+00:00,388.3863102,0.0,24.43333333,391.4025253,0.0,24.2,20.5,272.0692169,62.65091719,26.38157407,20.67644444
2025-07-06 16:30:00+00:00,389.1066667,0.0,24.4,390.5433333,0.0,24.11333333,20.5,275.0444444,72.42485455,24.28455026,20.57462434
2025-07-06 16:45:00+00:00,388.5372082,0.0,24.4,390.3899854,0.0,24.1,20.5,278.0423016,99.46560958,22.11774376,20.73224567
2025-07-06 17:00:00+00:00,389.0712121,0.0,24.4,390.6699385,0.0,24.11267399,20.5,280.9779016,194.9544704,20.03212963,21.03284392
2025-07-06 17:15:00+00:00,389.4946128,0.0,24.4,390.3597213,0.0,24.14666667,20.5,284.0133386,86.11519354,17.84373545,21.25289394
2025-07-06 17:30:00+00:00,390.0075699,0.0,24.4,390.5148418,0.0,24.1,20.5,286.5800595,70.69773848,16.07321429,21.21669643
2025-07-06 17:45:00+00:00,389.2754632,0.0,24.4,390.1609428,0.0,24.11153439,20.49333333,289.677,101.5873456,13.89018398,21.105
2025-07-06 18:00:00+00:00,389.6181589,0.0,24.4,390.353385,0.0,24.2,20.4,292.5945959,71.28872987,11.87118738,20.96848152
2025-07-06 18:15:00+00:00,389.865985,0.0,24.4,389.6183783,0.0,24.14478788,20.38277778,295.6220757,45.10570384,9.817118437,20.48266667
2025-07-06 18:30:00+00:00,387.8974188,0.0,24.4,389.1901719,0.0,24.1,20.3,298.5828611,29.8738534,7.90018315,20.12271455
2025-07-06 18:45:00+00:00,388.5186275,0.0,24.4,390.0649929,0.0,24.1,20.3,301.4877374,14.51665931,6.071326118,19.71553427
2025-07-06 19:00:00+00:00,388.2277921,0.0,24.4,388.942499,0.0,24.01777778,20.3,304.5433995,8.657357013,4.237936508,19.31452381
2025-07-06 19:15:00+00:00,387.2930065,0.0,24.3547619,389.4834982,0.0,24.0,20.20714286,307.5808532,5.238879938,2.436502268,18.97142857
2025-07-06 19:30:00+00:00,388.0988514,0.0,24.3,389.6044444,0.0,24.0,20.2,310.6599815,2.427305526,0.772,18.88592256
2025-07-06 19:45:00+00:00,388.0823954,0.0,24.3,389.2868481,0.0,23.92309524,20.19142857,313.6822835,1.07282478,-0.689747732,18.93384045
2025-07-06 20:00:00+00:00,387.8921569,0.0,24.25333333,390.700652,0.0,23.9,20.1,316.722037,0.267316017,-2.182352941,19.16965849
2025-07-06 20:15:00+00:00,386.827019,0.0,24.2,390.2297702,0.0,23.9,20.1,320.105968,0.021818182,-3.68006734,18.62445527
2025-07-06 20:30:00+00:00,387.3105833,0.0,24.2,389.3474026,0.0,23.84285714,20.1,323.2064626,0.0,-4.988562925,18.837928
2025-07-06 20:45:00+00:00,387.1849074,0.0,24.15333333,389.2959596,0.0,23.8,20.08,326.5466561,0.0,-6.273320106,18.38126667
2025-07-06 21:00:00+00:00,387.0104592,85.35152205,24.04946581,389.0104986,91.48767436,23.8,19.77666667,329.5591209,0.0,-7.324285714,18.2
2025-07-06 21:15:00+00:00,411.5480749,166.2197151,23.83076923,410.404329,158.9040885,23.73031746,18.98461538,333.0378279,0.0,-8.420857143,18.10174866
2025-07-06 21:30:00+00:00,439.5229487,167.0387458,23.75619048,439.0660606,160.5307576,23.65333333,18.68,336.6076852,0.0,-9.373240741,17.75735185
2025-07-06 21:45:00+00:00,452.1954396,165.8774694,23.7,453.4871292,155.5185637,23.6,18.57857143,339.7,0.0,-10.1,17.5122449
2025-07-06 22:00:00+00:00,463.6585181,276.5592785,23.57071429,465.4041991,274.3422997,23.57111111,18.44666667,343.3109055,0.0,-10.80950842,16.88089407
2025-07-06 22:15:00+00:00,472.4228949,319.1548044,23.43571429,473.5012585,311.5601573,23.47857143,18.30714286,346.9254365,0.0,-11.41666667,16.54673469
2025-07-06 22:30:00+00:00,476.7521431,317.8876677,23.30666667,477.648034,313.4624064,23.34901852,18.2,350.1627937,0.0,-11.85663492,16.47333333
2025-07-06 22:45:00+00:00,479.8447379,316.9745516,23.22142857,480.3832935,314.0858743,23.25364635,18.15714286,353.9028001,0.0,-12.15714286,16.32780511
2025-07-06 23:00:00+00:00,481.9355556,318.6994444,23.13259259,482.8392047,316.6241026,23.18942761,18.02767857,357.3798153,0.0,-12.32740741,16.28480158
2025-07-06 23:15:00+00:00,485.0963203,318.3313492,23.00714286,486.8711039,316.9298701,23.09142857,17.97142857,126.0917388,0.0,-12.39142857,16.16420323
2025-07-06 23:30:00+00:00,488.204795,316.7870215,22.95333333,490.9562601,320.077608,23.0,17.816,4.387393939,0.0,-12.28060606,16.1312381
2025-07-06 23:45:00+00:00,490.0651936,318.4710933,22.89333333,492.0778212,320.8144692,22.96048413,17.8,7.959649573,0.0,-12.02042063,16.1
2025-07-07 00:00:00+00:00,492.1834179,316.4109127,22.8,493.5636724,318.602356,22.9,17.8,11.42123724,0.0,-11.68051871,16.1
2025-07-07 00:15:00+00:00,492.1498316,316.8912121,22.71428571,493.2694632,320.0277124,22.8902381,17.77857143,14.95628307,0.0,-11.22443122,16.04583333
2025-07-07 00:30:00+00:00,493.3038359,314.6371553,22.7,494.4074557,319.5150223,22.82857143,17.7,18.38544166,0.0,-10.5968625,15.99140667
2025-07-07 00:45:00+00:00,492.6276556,316.9500535,22.67333333,494.659582,319.4727097,22.77333333,17.7,21.78632229,0.0,-9.889689441,15.90512629
2025-07-07 01:00:00+00:00,490.6684545,318.4490891,22.59333333,491.8087955,317.0477347,22.7,17.644,25.37444444,0.0,-8.979111111,15.83118182
2025-07-07 01:15:00+00:00,487.4136054,316.4761905,22.48285714,488.3330449,318.6810909,22.68428571,17.62142857,28.69843254,0.0,-8.012141826,15.87160714
2025-07-07 01:30:00+00:00,486.4272043,317.3156885,22.48233333,487.3151589,316.5463474,22.6,17.7,31.85472487,0.0,-7.011277778,15.89757835
2025-07-07 01:45:00+00:00,487.9939322,317.6236985,22.4,489.6097902,320.1874126,22.6,17.7,35.29487179,0.0,-5.748946886,15.88673077
2025-07-07 02:00:00+00:00,488.9249939,315.6590527,22.304,490.1382612,318.8615225,22.6,17.55333333,38.30990789,0.0,-4.546815777,15.80880135
2025-07-07 02:15:00+00:00,486.5494507,319.6643674,22.34591837,489.2042082,321.0366872,22.53469388,17.6,41.58173469,0.060780612,-3.146753247,15.81190476
2025-07-07 02:30:00+00:00,490.3716582,312.8259259,22.33944444,496.8029381,314.3784202,22.48944444,17.62,44.80717557,0.214545455,-1.632714286,15.92373805
2025-07-07 02:45:00+00:00,501.0061995,312.5966649,22.37440476,502.0662604,320.2587023,22.5,17.7,47.77577806,0.406349206,-0.175391157,15.96485656
2025-07-07 03:00:00+00:00,494.9250427,82.0507812,22.705,496.037037,77.99602306,22.53619048,17.63333333,50.97217288,1.4612607,1.404021812,16.01933793
2025-07-07 03:15:00+00:00,490.4692245,62.15886364,22.94666667,493.0225163,63.68286918,22.65333333,16.86944444,53.97169353,5.40130671,3.111449661,15.9027967
2025-07-07 03:30:00+00:00,487.7936227,61.00793651,22.9,490.4732825,63.7039808,22.67142857,16.66904762,57.02074171,6.127364888,4.909918543,15.64122449
2025-07-07 03:45:00+00:00,484.7267204,61.10886243,22.9,486.18,63.10069292,22.7,17.14222222,59.95053571,8.071699022,6.72452381,15.52440476
2025-07-07 04:00:00+00:00,481.0328024,61.04831933,22.95714286,482.3843393,63.22683236,22.7515873,17.11428571,62.81778912,3.141906224,8.526190476,15.19146259
2025-07-07 04:15:00+00:00,484.5003495,61.46554201,23.05377778,480.4956938,63.81735781,22.751,16.74280952,65.73591053,3.724199581,10.44770696,14.75330123
2025-07-07 04:30:00+00:00,485.3802524,61.059446,23.00190476,480.6334354,63.95774661,22.7,17.02666667,68.85671958,6.448767442,12.57174868,14.51655128
2025-07-07 04:45:00+00:00,490.2378912,61.32487995,23.15714286,487.7694195,63.22151888,22.68095238,17.04126984,71.59200397,7.416588887,14.49036848,14.41387302
2025-07-07 05:00:00+00:00,489.4047138,60.33809524,23.09833333,497.225439,63.0370474,22.72666667,16.825,74.74258418,16.34350233,16.68839226,14.06057265
2025-07-07 05:15:00+00:00,492.539441,61.95914443,23.16190476,517.3121416,63.09617134,22.84030612,17.0247619,77.44984127,23.62351483,18.58503401,13.92777778
2025-07-07 05:30:00+00:00,501.9180766,62.85865546,23.25815873,551.1637722,62.28710535,22.92952381,17.21428571,80.43463444,35.86955433,20.73649735,13.96530676
2025-07-07 05:45:00+00:00,510.7276786,63.2906624,23.39081633,599.5458333,63.27565237,23.025,17.0625,83.50458333,55.82645181,22.90755058,13.98959184
2025-07-07 06:00:00+00:00,552.6163208,63.21202218,23.44666667,639.4934033,63.22295371,23.24891005,16.92666667,86.44395238,50.85676488,25.01154762,13.954
2025-07-07 06:15:00+00:00,586.0490521,63.16782394,23.45833333,663.3302628,63.4019301,23.50999382,16.9,89.5249384,55.13491504,27.16962982,14.03869048
2025-07-07 06:30:00+00:00,612.3272785,62.95784965,23.49521164,695.2154721,62.84730036,23.56740741,16.98857143,92.54468639,73.30006263,29.2491816,14.02481833
2025-07-07 06:45:00+00:00,643.1856648,62.56051587,23.65333333,662.8609628,63.0991641,23.6,17.0,95.89855219,82.09023153,31.52250938,14.13388889
2025-07-07 07:00:00+00:00,653.4706349,63.24987245,23.69632653,640.4838635,63.05552221,23.57857143,17.06714286,99.0070696,98.33089577,33.52742674,14.23189286
2025-07-07 07:15:00+00:00,667.8794533,62.40421699,23.83166667,659.4184176,62.51395581,23.58166667,17.1,102.2028254,138.2608032,35.52270635,14.36190476
2025-07-07 07:30:00+00:00,669.1384002,62.67759879,23.8052381,690.5126981,62.9928083,23.74136905,17.16714286,106.067602,175.6437144,37.85566893,14.66530612
2025-07-07 07:45:00+00:00,667.2354978,62.97639015,23.86261905,694.8577778,63.32440343,23.80361905,16.92666667,109.5682077,278.8593841,39.88926821,14.96069918
2025-07-07 08:00:00+00:00,667.3585041,62.93681462,23.97789116,721.9207388,62.50197909,23.93301587,17.00323129,112.9016026,278.9275102,41.61282967,15.15454605
2025-07-07 08:15:00+00:00,670.7022054,72.07926018,24.06366667,697.8230324,67.2079655,24.06095238,17.18288889,117.333545,241.7761987,43.8294709,15.2212381
2025-07-07 08:30:00+00:00,669.2679711,76.90802836,24.21333333,685.192305,70.64770571,24.0,17.11333333,121.4906471,239.7399533,45.7237507,15.50468627
2025-07-07 08:45:00+00:00,669.2480566,100.1984127,24.17857143,712.112494,74.64010087,23.94863946,17.0,125.7637121,299.8132625,47.52696274,15.59242424
2025-07-07 09:00:00+00:00,662.5418871,116.9292398,24.176,722.7562092,78.24853578,24.11333333,17.18733333,130.3296316,392.8067857,49.2412025,15.90168831
2025-07-07 09:15:00+00:00,666.5094156,131.9138089,24.02891156,756.9421672,92.457902,24.09319728,12.42857143,96.48986549,444.314653,36.29285714,11.80714286
2025-07-07 09:30:00+00:00,658.988582,149.1633725,24.25855556,711.3927919,104.9927568,24.05963492,17.472,140.0923064,584.8439615,52.30905128,17.23718846
2025-07-07 09:45:00+00:00,648.1189049,170.1353324,24.2877551,666.8808445,112.1553762,23.9875,17.12938776,145.5589381,654.5141553,53.6639881,17.22064033
2025-07-07 10:00:00+00:00,630.2014554,191.5877954,24.16805556,628.9289644,107.6049087,23.92484848,17.32333333,150.8718533,485.9237694,54.76321318,17.42095976
2025-07-07 10:15:00+00:00,592.9481919,205.0336158,24.18833333,607.5255059,96.37631416,23.85,17.26904762,156.8784799,403.9785989,55.75274725,17.32338599
2025-07-07 10:30:00+00:00,560.3672222,229.8741943,24.225,619.2988625,89.60680016,23.9847619,17.56333333,162.9422869,564.5144957,56.5384127,17.99535323
2025-07-07 10:45:00+00:00,555.114899,254.1350275,24.26666667,617.9819549,89.08220551,23.92857143,17.20484127,169.0315703,212.876475,57.07326531,17.86994048
2025-07-07 11:00:00+00:00,569.5631549,266.8730159,24.13333333,622.0052568,84.34137836,23.96333333,16.653,175.1031667,420.774319,57.394,17.72515007
2025-07-07 11:15:00+00:00,578.8879816,276.5622222,24.04916667,620.5852799,84.30739568,24.03371429,16.6552381,181.8306614,394.3390906,57.46,17.8238254
2025-07-07 11:30:00+00:00,579.1727655,267.1636088,23.8877551,613.2252856,83.34682964,24.02793651,17.028125,187.34375,405.139236,57.28826531,18.00808532
2025-07-07 11:45:00+00:00,588.0630333,265.8383505,24.00654762,617.517571,87.18728866,24.05419048,17.23333333,194.2570952,439.5246053,56.86517172,18.43175637
2025-07-07 12:00:00+00:00,593.9340237,272.9445789,24.0336928,625.1047585,91.93359218,24.06607143,17.39285714,200.0327098,400.2285374,56.27090965,18.58147959
2025-07-07 12:15:00+00:00,595.2577019,271.18149,24.0017619,625.711021,103.2793895,24.15333333,17.61333333,205.8831343,755.1631537,55.44881822,18.89060088
2025-07-07 12:30:00+00:00,583.7002259,262.6252289,23.97333333,628.7514432,120.2187709,24.2,17.42111111,211.8552628,460.64198,54.33553221,19.25405128
2025-07-07 12:45:00+00:00,573.3975849,262.0656986,23.93,606.4611315,140.2089947,24.2625,16.89047619,217.0368986,382.1386817,53.17864512,19.23866034
2025-07-07 13:00:00+00:00,557.6238965,260.2046028,23.95155556,592.5284097,155.8607215,24.17333333,17.02777778,222.3229762,538.9571436,51.78,19.45671861
2025-07-07 13:15:00+00:00,525.1752976,249.6154195,23.8797619,563.7359792,166.2486201,24.05102041,16.58112245,227.309018,185.9061122,50.2265873,18.96020147
2025-07-07 13:30:00+00:00,506.5342067,240.6259432,23.8,532.4736971,166.1341886,23.92861111,16.44174579,231.6003216,247.925006,48.72534167,18.85189675
2025-07-07 13:45:00+00:00,493.9198636,222.7382745,23.92630952,525.1911737,150.1836582,23.83990765,16.93022222,236.5300882,459.0298881,46.76183084,19.15330943
2025-07-07 14:00:00+00:00,489.2253622,96.05722056,24.11333333,510.7521954,78.06828077,23.91979592,15.75714286,240.6520447,408.072052,44.97503092,19.70078283
2025-07-07 14:15:00+00:00,488.5848599,62.23270945,24.32666667,500.2824933,62.01192866,24.13333333,16.03666667,244.6582041,741.5592169,43.0576936,20.25417236
2025-07-07 14:30:00+00:00,486.9169977,62.59033613,24.42653061,492.6980133,62.07976524,24.35714286,17.66857143,248.5450571,680.202427,41.05635385,20.54863819
2025-07-07 14:45:00+00:00,482.8812158,61.98656134,24.5,487.848607,62.14768927,24.4,17.1,252.0168584,254.0588346,39.13523269,20.03284534
2025-07-07 15:00:00+00:00,479.1749184,62.92976357,24.5,482.9536792,62.22204091,24.36507937,17.12698413,255.6008107,285.355136,37.08152056,19.74101732
2025-07-07 15:15:00+00:00,476.0002865,62.54365079,24.54833333,479.3612408,62.04889689,24.47938095,16.81777778,259.2217328,536.9196295,34.84930952,20.0425
2025-07-07 15:30:00+00:00,472.363975,61.610004,24.6,475.928532,62.4435156,24.75959184,17.11190476,262.4729592,555.4020314,32.7593254,20.09935382
2025-07-07 15:45:00+00:00,468.6565315,62.68937211,24.6,472.5892922,61.98523884,24.76447619,17.14444444,265.6367222,211.5816307,30.69044444,20.16444762
2025-07-07 16:00:00+00:00,467.1129293,62.61851852,24.6,471.9594406,61.67787879,24.56333333,16.39632653,268.9438095,107.635953,28.42243386,19.46133333
2025-07-07 16:15:00+00:00,465.3131083,62.34801587,24.6,468.9781819,62.33973764,24.45,16.60612245,271.9705357,116.1273819,26.30406746,19.17818452
2025-07-07 16:30:00+00:00,464.4484699,62.96302139,24.50655556,467.8671633,62.30422353,24.35866667,17.28,275.0215634,129.449832,24.1652518,19.11333333
2025-07-07 16:45:00+00:00,461.8134766,62.89468795,24.46428571,465.4332114,62.23463325,24.24897959,16.60102041,277.8206347,105.0633556,22.15168908,19.10555488
2025-07-07 17:00:00+00:00,461.0622222,62.5545584,24.4,464.4060504,61.57065978,24.2,17.42,280.7211919,80.54432622,20.0300202,18.99860606
2025-07-07 17:15:00+00:00,460.5413273,62.85308442,24.4,462.9277098,61.96057838,24.2,17.00384615,283.7519048,131.2766515,17.9047619,18.85178571
2025-07-07 17:30:00+00:00,459.4571429,62.8246176,24.4,461.1462544,62.23075906,24.11866667,17.16666667,286.7380159,64.95953128,15.77133333,18.92054762
2025-07-07 17:45:00+00:00,458.2842077,62.60176252,24.3,460.6829189,62.04430642,24.02,17.0969697,289.5485413,27.28821009,13.80157596,18.75595238
2025-07-07 18:00:00+00:00,459.3980596,62.42103175,24.24444444,459.7880645,62.30298246,23.94,16.61666667,292.6015556,45.24301153,11.72277778,18.66746667
2025-07-07 18:15:00+00:00,458.7238095,63.26418877,24.2,459.2699773,62.31932195,23.90340136,16.63571429,295.2563889,48.36705237,9.933833333,18.59558923
2025-07-07 18:30:00+00:00,456.5349054,62.91924861,24.17142857,458.5797729,61.79094119,23.9,17.26428571,298.4972109,32.26019738,7.848571429,18.62865646
2025-07-07 18:45:00+00:00,456.4543651,62.01666667,24.08233333,459.172849,62.53134921,23.8,16.72,301.6147778,20.36557949,5.875222222,18.278
2025-07-07 19:00:00+00:00,456.2487528,4.737105751,24.0,458.6040553,5.464285714,23.8,16.99923077,304.5198639,12.71628485,4.094659864,17.91181973
2025-07-07 19:15:00+00:00,454.1989418,0.0,24.0,458.4413974,0.0,23.8,17.21428571,307.3372222,10.03559438,2.494920635,17.69133333
2025-07-07 19:30:00+00:00,455.2137172,0.0,24.0,457.4727853,0.0,23.75384615,17.3,310.5507875,4.930034389,0.723653846,17.44107771
2025-07-07 19:45:00+00:00,454.9505391,0.0,23.9329127,457.0883333,0.0,23.7,17.36301587,313.3209154,1.336272487,-0.628047619,17.32396825
2025-07-07 20:00:00+00:00,454.9032499,0.0,23.9,456.8250938,0.0,23.64615385,17.49,316.5779082,0.274241354,-2.220641026,17.04956207
2025-07-07 20:15:00+00:00,453.3666667,0.0,23.9,455.8574611,0.0,23.6,17.52811111,319.8459683,0.037659259,-3.698201058,17.14012121
2025-07-07 20:30:00+00:00,452.7277065,0.0,23.9,454.630602,0.0,23.6,17.66214286,322.6767933,0.0,-4.906883494,16.89385079
2025-07-07 20:45:00+00:00,452.8113585,0.0,23.87,454.3071751,0.0,23.6,17.75555556,326.3208831,0.0,-6.321243043,16.61013853
2025-07-07 21:00:00+00:00,450.3667878,97.20865801,23.68375,452.82314,97.31174685,23.52142857,18.01530612,329.3741071,0.0,-7.349073129,16.42307143
2025-07-07 21:15:00+00:00,459.7630976,168.0108706,23.4,460.0769625,161.5837958,23.46071429,17.95384615,333.0349206,0.0,-8.494285714,16.24493651
2025-07-07 21:30:00+00:00,465.3371148,169.4517007,23.3,466.1691774,159.6128625,23.38598639,17.82291667,336.3943056,0.0,-9.435572562,16.09544643
2025-07-07 21:45:00+00:00,469.5882692,168.1216667,23.2,471.4932287,157.4731272,23.25384615,17.74,339.7171587,0.0,-10.22647619,16.16327778
2025-07-07 22:00:00+00:00,472.7999929,246.2341373,23.03414966,473.8917678,237.9902385,23.19107143,17.62857143,343.1353912,0.0,-10.89880952,15.91078231
2025-07-07 22:15:00+00:00,476.0002646,317.0392063,22.83807692,476.6541146,319.5035569,23.05333333,17.4,346.5850952,0.0,-11.487,15.82880556
2025-07-07 22:30:00+00:00,475.2983407,314.519697,22.69285714,475.1769831,319.0142572,22.90166667,17.36428571,350.2032222,0.0,-11.96611111,15.95038889
2025-07-07 22:45:00+00:00,473.1869048,313.7125,22.56428571,472.9873016,318.8759767,22.8,17.3,353.7579082,0.0,-12.25190476,15.88880952
2025-07-07 23:00:00+00:00,470.8896154,314.8802673,22.48333333,471.0797272,316.7944192,22.68666667,17.3,357.3484237,0.0,-12.42666667,15.84695238
2025-07-07 23:15:00+00:00,469.8801381,316.9619048,22.38888889,469.6744021,320.5911926,22.6,17.3,103.8310714,0.0,-12.49285714,15.73571429
2025-07-07 23:30:00+00:00,469.9795584,314.6968519,22.3,469.5224694,316.2268271,22.595,17.2125,4.502952381,0.0,-12.37333333,15.67859048
2025-07-07 23:45:00+00:00,470.3015873,211.3712121,22.2,471.4389831,282.7802909,22.5,16.93,8.2,0.0,-12.16363636,15.3369697
2025-07-08 00:00:00+00:00,471.2003708,49.73227513,22.58484848,471.137037,52.16001464,22.51422222,16.79090909,11.32069264,0.0,-11.81607407,15.13155556
2025-07-08 00:15:00+00:00,471.060424,270.5509851,22.42371795,472.8758961,267.533864,22.58833333,16.42857143,14.84780159,0.0,-11.32277778,14.85642857
2025-07-08 00:30:00+00:00,474.148308,312.9076699,22.10714286,475.1393398,313.7371101,22.40714286,16.11428571,18.30154762,0.0,-10.71525046,14.59447944
2025-07-08 00:45:00+00:00,473.9370229,311.6883363,21.98777778,475.1953107,313.263433,22.279,15.92666667,21.85060317,0.0,-9.992777778,14.5207619
2025-07-08 01:00:00+00:00,474.2788759,313.0656588,21.90615385,475.9225906,315.0950123,22.12489796,15.7454329,24.95318878,0.0,-9.2180839,14.15114796
2025-07-08 01:15:00+00:00,475.0780769,314.24333,21.79090909,476.1950617,315.414881,22.09333333,15.40909091,28.63911111,0.0,-8.141777778,13.82618519
2025-07-08 01:30:00+00:00,474.8602241,318.6483865,21.69,476.8071429,314.6908274,21.99047619,15.24285714,31.78793651,0.0,-7.146428571,13.69912698
2025-07-08 01:45:00+00:00,475.34616,318.8623016,21.6,476.6879239,313.8013961,21.89333333,15.17692308,35.07288889,0.0,-5.931,13.57735556
2025-07-08 02:00:00+00:00,476.5789474,313.0532468,21.53111111,476.1728827,312.3219112,21.79090909,15.04259259,38.47738095,0.019486216,-4.6,13.42428571
2025-07-08 02:15:00+00:00,477.2136842,313.8811111,21.458,477.2156863,311.7511641,21.7,14.9,41.3312013,0.262735905,-3.346740741,13.36412121
2025-07-08 02:30:00+00:00,477.684127,314.031968,21.43333333,485.2538207,314.7847432,21.7,14.89166667,44.32071429,0.969965833,-1.955238095,13.28952381
2025-07-08 02:45:00+00:00,486.1545874,314.1438889,21.42717949,498.3545747,318.9854933,21.7,14.66153846,47.73746032,2.689730198,-0.312380952,13.00638333
2025-07-08 03:00:00+00:00,488.0027944,66.75714286,21.73571429,489.79802,66.78571429,21.7,14.51794872,50.60819419,5.125795974,1.085269017,12.90859792
2025-07-08 03:15:00+00:00,483.2876924,55.88921356,22.04428571,484.8609848,54.30235754,21.9452381,18.09285714,53.95880952,9.926960318,3.058571429,12.84084127
2025-07-08 03:30:00+00:00,481.5092922,64.86102865,22.11527778,482.9299814,63.75531638,22.04923077,19.64027778,56.81738095,15.00959695,4.634863946,12.98982993
2025-07-08 03:45:00+00:00,478.9216524,65.93466931,22.2,479.5857456,64.26889475,22.17229487,18.09178571,59.78767821,22.15503534,6.452861583,12.35464136
2025-07-08 04:00:00+00:00,476.6447949,65.96987734,22.28333333,478.3636174,64.54945145,22.27692308,17.81,62.73720238,31.92657681,8.329209184,12.25220663
2025-07-08 04:15:00+00:00,475.007619,65.23690476,22.2974359,477.0654798,64.08633256,22.3,18.35454545,65.61972222,46.89617199,10.24083333,12.3122963
2025-07-08 04:30:00+00:00,475.69867,65.61235986,22.38263889,480.525636,64.12744276,22.37291667,18.21666667,68.58769841,45.39066027,12.25218254,12.56269444
2025-07-08 04:45:00+00:00,474.6179724,66.02068302,22.43846154,486.9982169,64.84772006,22.4,17.81923077,71.66777778,77.16039695,14.38888889,12.76422222
2025-07-08 05:00:00+00:00,478.5221501,66.01936508,22.57821429,497.3086965,64.13917965,22.48666667,17.65714286,74.54180952,106.3064767,16.37744444,12.97995238
2025-07-08 05:15:00+00:00,483.4397753,65.45612245,22.75833333,519.464479,63.28392342,22.6125,17.5,77.41964286,185.3562128,18.44821429,13.51785714
2025-07-08 05:30:00+00:00,505.4269997,65.25084656,22.83636364,557.0631271,64.48979554,22.6575,17.40909091,80.57022222,289.5568712,20.664,14.52782222
2025-07-08 05:45:00+00:00,539.4728882,64.2498779,22.90769231,593.942905,63.45827213,22.74725275,17.3,83.51788767,322.6880369,22.76074481,14.96291819
2025-07-08 06:00:00+00:00,573.4664135,64.82059644,22.98166667,641.1926337,64.14612854,22.81585034,16.8452381,86.08791775,338.1670296,24.63803175,15.40480903
2025-07-08 06:15:00+00:00,625.0765465,65.2316945,23.1672619,666.5493279,64.92237503,23.03809524,17.17545635,89.44607993,407.1464583,26.99770408,15.60947279
2025-07-08 06:30:00+00:00,672.0538494,64.76588504,23.24777778,716.936271,64.49319328,23.31644444,17.12,92.67740741,459.6983408,29.20444444,15.8158
2025-07-08 06:45:00+00:00,647.113212,65.64795918,23.42916667,670.5329957,64.39154365,23.24617347,17.08714286,95.81853175,515.4339215,31.3147619,16.175
2025-07-08 07:00:00+00:00,615.735974,64.74263736,23.3847619,630.6674812,63.72251676,23.11333333,17.08666667,99.1855873,391.8991825,33.50673016,16.3895873
2025-07-08 07:15:00+00:00,629.2001952,64.3895757,23.37095238,654.3777884,63.62854596,23.14812925,17.29285714,102.6139031,380.3721788,35.65327381,16.68896429
2025-07-08 07:30:00+00:00,669.3958333,65.64777778,23.41733333,708.3476407,64.33020294,23.53866667,17.02666667,106.0455795,314.2814471,37.69458995,16.73821417
2025-07-08 07:45:00+00:00,683.6317693,64.97013048,23.64969388,722.7283359,63.79024071,23.66615646,17.0,109.701148,550.623438,39.74353175,17.13514172
2025-07-08 08:00:00+00:00,717.5376655,65.11943427,23.75128871,771.9771583,80.22483674,23.75714286,17.35251389,113.2405873,327.3961786,41.65333844,17.53473594
2025-07-08 08:15:00+00:00,746.1096663,65.41245959,23.98312925,758.4872974,78.14384425,23.73254999,17.29142857,117.1948189,351.1115705,43.64393733,17.58323346
2025-07-08 08:30:00+00:00,769.3187552,64.56615377,24.03166667,813.7888467,111.1904822,23.81037037,17.02714286,121.1714475,205.8685165,45.45263766,17.15656171
2025-07-08 08:45:00+00:00,790.6016738,75.82365818,24.12285714,857.2287263,138.2456774,23.78190476,16.85714286,125.9485214,428.5406809,47.46566327,16.81338776
2025-07-08 09:00:00+00:00,807.1935953,95.32707672,24.2,835.554801,155.0261033,23.9,17.21587302,129.8516349,760.3842881,48.97428571,17.25696825
2025-07-08 09:15:00+00:00,782.5782056,121.9283759,24.23634921,820.0509054,146.1140142,23.97206349,17.2,134.8750871,485.7627413,50.62675613,18.09185955
2025-07-08 09:30:00+00:00,758.8736173,142.9489362,24.1875,785.8474766,144.3661455,23.99642857,17.22857143,139.9294505,891.898569,52.14010989,18.32979592
2025-07-08 09:45:00+00:00,743.070341,154.1321845,24.13416667,760.149882,144.6600683,23.96822344,17.77083333,145.5727259,424.7006049,53.53621795,18.86006105
2025-07-08 10:00:00+00:00,706.3479308,162.433003,24.05714286,757.6876402,140.6672708,23.89464286,17.44025974,151.0587191,424.9223822,54.67142857,18.7585
2025-07-08 10:15:00+00:00,662.6286412,169.5759596,24.10444444,683.5532539,124.5680535,23.77616162,17.02,156.7681909,208.5624122,55.6205812,18.85035897
2025-07-08 10:30:00+00:00,616.1616162,182.3971717,24.076,632.3292149,99.5337232,23.70285714,16.88571429,163.0474921,391.2972497,56.41028571,18.89657143
2025-07-08 10:45:00+00:00,595.4444444,182.854195,23.99285714,666.5210266,77.93456543,23.82040816,16.92788462,169.1067857,251.6621745,56.9525,19.14142857
2025-07-08 11:00:00+00:00,619.9308853,176.6503268,23.91,697.0687424,69.12126551,23.99045455,16.83733333,175.2028278,345.5556186,57.25454545,19.06615873
2025-07-08 11:15:00+00:00,647.9452381,189.329533,24.25059524,703.6258078,68.01303299,24.09404762,16.84196429,181.5474606,319.3703872,57.35881262,19.01045223
2025-07-08 11:30:00+00:00,672.6255537,212.9483636,24.312,717.4048724,79.29767789,24.12222222,17.13833333,187.371037,748.9515294,57.15933333,18.98942424
2025-07-08 11:45:00+00:00,675.4075525,237.3269279,24.29738095,723.8265604,90.51851799,24.2,17.23197279,193.5864541,260.472656,56.82128942,19.68451659
2025-07-08 12:00:00+00:00,646.0180797,250.6931112,24.00346032,710.413848,102.9750456,24.07221068,17.08285714,199.3189899,224.1262393,56.23530303,20.29326496
2025-07-08 12:15:00+00:00,631.0143381,253.9884051,24.07174603,716.6325142,120.4596066,24.26916667,16.89733333,205.9029132,217.5192363,55.32651258,19.11094771
2025-07-08 12:30:00+00:00,632.7791595,263.6623904,24.06964286,684.1927147,137.979054,24.1085034,16.51964286,211.6336286,239.7522875,54.28361781,18.76061224
2025-07-08 12:45:00+00:00,606.4596409,263.3515729,23.84666667,631.211183,139.6713387,23.8552381,16.66406349,217.0963492,233.6035664,53.03326007,19.07103875
2025-07-08 13:00:00+00:00,593.7602878,248.9217603,23.83469388,597.9216149,120.9460919,23.7875,16.88979592,222.2410895,333.4611586,51.65860776,18.80031262
2025-07-08 13:15:00+00:00,584.8737255,240.7592593,24.01828571,579.3302797,103.6441816,23.83282395,16.65622222,227.2038584,232.6186809,50.12441558,18.44380952
2025-07-08 13:30:00+00:00,570.1598213,244.7769048,23.98488889,559.8046189,86.90659253,23.69238889,16.68922222,231.9901852,160.5706732,48.42030712,18.53443122
2025-07-08 13:45:00+00:00,538.2543311,237.3230084,23.88557692,531.7252992,64.43721898,23.73428571,16.90769231,236.2771457,159.8475863,46.74995465,18.00640193
2025-07-08 14:00:00+00:00,519.6719645,82.73936917,23.91428571,515.1719677,60.82721295,23.70133333,16.375,240.0457701,118.4967115,45.14982588,18.364243
2025-07-08 14:15:00+00:00,507.8847327,62.50449134,24.1,507.8372415,62.2526455,23.78571429,16.93061224,244.5199745,118.0774355,42.98204365,19.25586735
2025-07-08 14:30:00+00:00,500.7105169,61.61489418,24.04888889,501.2480087,62.56195286,23.8,17.34746032,248.3844925,128.0984457,41.03837037,19.7165
2025-07-08 14:45:00+00:00,496.4887963,61.71736539,23.99285714,496.8181987,62.87830281,23.8,16.43214286,252.1320794,358.2509357,38.97767033,19.69206138
2025-07-08 15:00:00+00:00,491.3294985,62.63252422,24.00238095,494.8540915,64.29164438,23.8,17.40833333,255.3417375,237.1154262,37.12100907,18.81920635
2025-07-08 15:15:00+00:00,486.7083662,62.01291005,24.06314815,490.4084734,61.77250233,23.8,17.0152381,258.8966807,205.2521201,34.92696711,18.67979782
2025-07-08 15:30:00+00:00,482.1006434,62.68434297,24.08571429,484.7895326,63.56986532,23.79732143,16.93650794,262.3526649,117.163918,32.70767058,19.28838384
2025-07-08 15:45:00+00:00,477.68401,62.28030303,24.0,482.229785,62.82638912,23.8,16.72,265.6065539,112.3286034,30.54999832,19.67535354
2025-07-08 16:00:00+00:00,475.2927288,61.34380798,24.0,478.3739564,62.97765504,23.8,16.77142857,268.7351131,129.4187122,28.41804842,19.40935374
2025-07-08 16:15:00+00:00,472.6038671,61.85607115,24.0,475.4199152,62.987411,23.8,16.81019048,271.7508745,198.5683799,26.30199695,18.59516883
2025-07-08 16:30:00+00:00,470.9004642,62.56012464,24.0,473.3234993,62.54824048,23.916,17.29119048,274.87638,273.4043257,24.10315873,18.71119287
2025-07-08 16:45:00+00:00,468.4673988,62.12083333,24.0,472.1425373,62.70285306,23.91538462,17.325,277.7713938,238.7111089,22.03227595,18.78580974
2025-07-08 17:00:00+00:00,468.1500677,61.51461474,24.12833333,470.3039983,63.23212824,24.22761905,17.29481481,280.6934418,284.1760123,19.95813757,19.36221032
2025-07-08 17:15:00+00:00,466.0122899,61.67190825,24.2,470.3608655,62.74527589,24.23333333,16.70428571,283.6750794,150.7600381,17.79811224,17.98825794
2025-07-08 17:30:00+00:00,464.5690736,61.79801448,24.2,468.0506734,62.56607242,24.49978836,16.71066667,286.591873,224.7103935,15.75971795,17.5573088
2025-07-08 17:45:00+00:00,463.0207483,62.49365079,24.20714286,468.2782902,62.72121926,24.6,16.41820513,289.5928905,126.8666697,13.66707723,16.93450835
2025-07-08 18:00:00+00:00,462.8608306,61.35555704,24.3,467.3486998,62.54575681,24.6,17.272,292.5179487,162.8250453,11.63468254,16.79209597
2025-07-08 18:15:00+00:00,462.7984808,61.81756587,24.3,466.319022,62.86439753,24.6,16.64343254,295.0970513,119.6734757,9.909125458,16.70228998
2025-07-08 18:30:00+00:00,461.4783569,62.33091249,24.3,465.1554879,63.11753432,24.55333333,17.16152381,298.388785,98.04511479,7.762525253,16.54846263
2025-07-08 18:45:00+00:00,460.9632438,61.6941988,24.3,465.0961725,62.72423732,24.43469388,16.82866419,301.135941,64.14077427,6.046240625,16.35845238
2025-07-08 19:00:00+00:00,461.369697,12.60666667,24.24666667,464.744912,12.74444444,24.27925926,16.89222222,304.2284148,20.82981692,4.146833611,15.69957539
2025-07-08 19:15:00+00:00,461.5385754,0.0,24.2,465.7555344,0.0,24.18707407,16.99611111,307.2642424,14.74838845,2.385353535,15.26835979
2025-07-08 19:30:00+00:00,460.6202434,0.0,24.16357143,464.5320796,0.0,24.07142857,17.0,310.5279101,6.597225026,0.607784477,15.0411724
2025-07-08 19:45:00+00:00,459.660978,0.0,24.1,464.0767122,0.0,23.99904762,17.04222222,313.4799206,2.482771701,-0.840750916,14.87417778
2025-07-08 20:00:00+00:00,459.9541601,0.0,24.06428571,463.4908889,0.0,23.90535714,17.1,316.6980867,0.798190064,-2.397619048,14.76629424
2025-07-08 20:15:00+00:00,458.9604224,0.0,23.99857143,462.1,0.0,23.80666667,17.18571429,319.7686221,0.177309351,-3.813037222,14.78591554
2025-07-08 20:30:00+00:00,457.234595,0.0,23.9,462.5235651,0.0,23.8,17.24615385,322.9208503,0.008791209,-5.13127551,14.70642857
2025-07-08 20:45:00+00:00,457.8275406,0.0,23.8647619,460.7437574,0.0,23.70111111,17.3,326.16,0.0,-6.368571429,14.67973333
2025-07-08 21:00:00+00:00,459.1291499,89.83910802,23.71884921,460.8854009,86.00079076,23.64274943,16.94107143,329.2555185,0.0,-7.462834576,14.58430451
2025-07-08 21:15:00+00:00,465.2085339,170.2114538,23.32,466.028063,163.7489334,23.56127946,16.26545455,332.8608929,0.0,-8.566535872,14.46971765
2025-07-08 21:30:00+00:00,471.479722,167.4549613,23.16311111,473.1933814,159.5487402,23.36365079,16.29333333,336.4063264,0.0,-9.566531987,14.59555556
2025-07-08 21:45:00+00:00,476.9544488,167.5810287,23.00809524,477.8785405,162.1885591,23.19192308,16.3,339.7891497,0.0,-10.36285714,14.6
2025-07-08 22:00:00+00:00,480.532325,172.4969695,22.92,481.048488,159.6010663,23.09313131,16.31,343.0554696,0.0,-11.00213833,14.75515295
2025-07-08 22:15:00+00:00,482.9162533,167.7215486,22.8,484.2391311,159.9903319,22.99481293,16.4,346.5124045,0.0,-11.57775122,14.69587302
2025-07-08 22:30:00+00:00,484.8367818,168.2967893,22.71666667,487.1528523,161.5691198,22.88666667,16.34666667,350.2403968,0.0,-12.07831481,14.61972525
2025-07-08 22:45:00+00:00,486.5407563,164.6071429,22.64795918,486.0651629,161.0800559,22.8,16.19714286,353.7878644,0.0,-12.38564214,14.48097527
2025-07-08 23:00:00+00:00,486.222237,167.9092341,22.58,486.6440479,164.3520536,22.8,16.08611111,357.1939394,0.0,-12.55333333,14.32266667
2025-07-08 23:15:00+00:00,486.548578,169.5086476,22.5,487.8663147,161.070008,22.71326531,15.95678571,103.5710745,0.0,-12.6,14.19941667
2025-07-08 23:30:00+00:00,485.3265079,167.2482252,22.41833333,487.1909936,162.3452583,22.61777778,15.9,4.27541453,0.0,-12.49259259,14.21624242
2025-07-08 23:45:00+00:00,484.5968663,169.1836881,22.4,485.9349996,161.9345421,22.6,15.9,7.79995721,0.0,-12.30192641,14.39087684
2025-07-09 00:00:00+00:00,483.1749335,168.6197728,22.33181818,484.7953665,166.4316141,22.6,15.9,11.46271542,0.0,-11.93218254,14.4198818
2025-07-09 00:15:00+00:00,482.8736842,168.0819088,22.3,484.4625926,160.2469681,22.51511905,15.844,14.90435185,0.0,-11.44809524,14.22320926
2025-07-09 00:30:00+00:00,483.6636812,166.6942074,22.34761905,484.167762,164.3895396,22.45204082,15.85285714,18.32112425,0.0,-10.85842669,14.2154127
2025-07-09 00:45:00+00:00,483.0732407,168.2459972,22.31923077,484.4444444,163.9668496,22.4,15.9,21.89386549,0.0,-10.0752381,14.28483333
2025-07-09 01:00:00+00:00,483.2840496,167.7762905,22.23197279,484.7749463,161.4180066,22.34196429,15.91709184,25.23378118,0.0,-9.266604824,14.33006803
2025-07-09 01:15:00+00:00,483.9963636,166.7215873,22.16222222,484.9564214,164.9744877,22.3,16.14466667,28.55968254,0.0,-8.328589744,14.51127778
2025-07-09 01:30:00+00:00,482.5749731,170.4419902,22.1,485.0105455,165.5079809,22.25492063,16.35833333,31.92520879,0.0,-7.208346764,14.72900115
2025-07-09 01:45:00+00:00,481.9357531,171.323575,22.06318681,484.6025593,165.2325658,22.21428571,16.63717949,35.22473073,0.0,-6.022959184,14.91067177
2025-07-09 02:00:00+00:00,480.2240565,171.3078704,22.0,481.4718704,161.3592785,22.2,16.77333333,38.0,0.0,-5.0,15.0153963
2025-07-09 02:15:00+00:00,477.8024802,173.1270691,22.05714286,478.9562632,168.7347791,22.1317834,16.8,41.45488095,0.286244293,-3.438894558,14.98458009
2025-07-09 02:30:00+00:00,479.1156146,173.8998076,22.05944444,482.2753885,169.0887385,22.13883333,16.75714286,44.77933069,1.298128816,-1.92271164,14.91941111
2025-07-09 02:45:00+00:00,481.2357309,177.2335106,22.05357143,491.0637561,171.3317627,22.12698413,16.68214286,47.4199001,3.72346017,-0.617944278,14.87562771
2025-07-09 03:00:00+00:00,484.0140615,69.35088624,22.32078307,490.5960566,68.18738694,22.18866667,16.6,50.86575968,13.68575813,1.129336884,14.73541402
2025-07-09 03:15:00+00:00,481.1565105,64.00581502,22.4,484.8043213,64.07991495,22.3,17.48690476,54.01686508,28.74316517,2.903571429,14.71836735
2025-07-09 03:30:00+00:00,478.1886901,64.13113146,22.44231481,480.3183556,63.64675765,22.32481481,16.41333333,56.87814815,38.41087279,4.55570955,14.87362169
2025-07-09 03:45:00+00:00,475.7032928,63.15,22.46428571,477.2703601,65.60684956,22.32857143,16.90085034,59.98676562,24.01609312,6.448484849,14.80347789
2025-07-09 04:00:00+00:00,473.9277088,63.4662415,22.4,473.3969719,64.47416896,22.4,16.47261905,63.00694787,27.60678741,8.390388322,14.92031746
2025-07-09 04:15:00+00:00,470.4715686,64.37376142,22.4,471.8147115,64.8762176,22.4,17.10888889,65.95148148,27.76358909,10.32624074,15.11247222
2025-07-09 04:30:00+00:00,470.7251462,63.01821036,22.44285714,470.7479163,64.2848874,22.4,16.86363946,68.8593455,59.71977381,12.2846274,15.32674513
2025-07-09 04:45:00+00:00,473.0684249,63.56431624,22.55777778,473.8443105,64.16552354,22.4,17.16012698,71.42187425,120.5201752,14.05567646,15.67374595
2025-07-09 05:00:00+00:00,476.8504392,64.05855464,22.625,481.642014,64.88693473,22.42375283,17.03333333,74.71615079,184.6322837,16.35498299,16.15410714
2025-07-09 05:15:00+00:00,490.6419192,63.06561355,22.64184127,505.6054612,63.84168054,22.51584127,17.00666667,77.56469464,242.7846318,18.39461111,16.45838528
2025-07-09 05:30:00+00:00,502.5309833,63.04464286,22.84166667,527.0461249,64.34866011,22.62071429,17.13958333,80.55626546,287.6815772,20.53409864,16.79945055
2025-07-09 05:45:00+00:00,523.504899,63.72066138,22.94111111,552.19391,63.78092423,22.70095238,17.23557143,83.51440404,221.3964755,22.62712843,17.15923232
2025-07-09 06:00:00+00:00,543.8237628,63.22244341,23.13690476,584.3202137,64.7686432,22.78,16.93253968,86.59020563,214.1373331,24.81259921,16.83581259
2025-07-09 06:15:00+00:00,584.8752358,62.87838723,23.25357143,604.7366443,63.7972093,23.07022222,16.87270408,89.66010033,412.9980335,26.96331013,17.65441646
2025-07-09 06:30:00+00:00,619.087962,63.03025762,23.28472222,623.9734713,63.95466644,23.12498446,17.22,92.804099,213.3322287,29.14602564,18.04763305
2025-07-09 06:45:00+00:00,627.1546352,63.26038832,23.36697279,623.7282514,63.42857143,23.36658163,17.3,95.6547619,173.1599759,31.07443311,18.05333163
2025-07-09 07:00:00+00:00,632.5060709,62.60522432,23.48666667,620.0403977,64.23480548,23.49792593,17.27333333,99.092,176.8390228,33.31066667,17.66903636
2025-07-09 07:15:00+00:00,651.0424599,63.56881184,23.50714286,659.287411,64.0736044,23.33761905,16.92982143,102.4687229,269.775425,35.42321429,17.81107143
2025-07-09 07:30:00+00:00,661.0199805,63.58880089,23.57055556,652.5766456,64.78058795,23.4873355,16.88,106.0028474,224.3493568,37.52959566,17.6109139
2025-07-09 07:45:00+00:00,658.0079702,63.01491597,23.54557823,678.4114386,64.13505527,23.68428571,17.12142857,109.6299451,306.3252588,39.59084467,18.3830102
2025-07-09 08:00:00+00:00,661.919585,63.46629149,23.70666667,664.4312529,64.49859708,23.7,17.2,113.4328175,256.9408106,41.62595238,18.25114286
2025-07-09 08:15:00+00:00,675.595216,63.33931148,23.69285714,647.8882808,64.54687693,23.76309524,17.24285714,117.3408287,473.5379949,43.56539167,18.99138845
2025-07-09 08:30:00+00:00,692.6648575,63.26383362,23.799,664.1705202,64.05910879,23.77904762,17.22,121.4370238,396.2644585,45.45357143,19.53619959
2025-07-09 08:45:00+00:00,699.6237907,62.62433862,23.79005102,665.9249373,63.55539864,23.7,17.5,125.9793519,775.7844808,47.34018519,20.98547355
2025-07-09 09:00:00+00:00,684.9751082,63.15,23.90854701,659.3344846,64.04194139,23.77142857,17.55192918,130.1931312,367.1002944,48.90708363,21.04850883
2025-07-09 09:15:00+00:00,680.1380392,63.44010101,23.77833333,667.3673737,64.34490121,23.76,17.27333333,135.3189735,882.4914076,50.64612434,21.44971032
2025-07-09 09:30:00+00:00,677.537619,64.35601343,23.80510204,676.1521164,64.23346561,23.8,16.75,139.952381,94.78996173,51.97619048,19.68546939
2025-07-09 09:45:00+00:00,676.6316105,63.10808081,23.93333333,656.9132056,64.13511586,23.84,15.75333333,145.1551246,98.64752846,53.29834343,17.1826936
2025-07-09 10:00:00+00:00,678.5327249,62.55388889,23.77306777,658.089789,63.61957528,23.78571429,15.94735209,151.2279103,171.5140288,54.5782963,16.55633276
2025-07-09 10:15:00+00:00,653.8001984,63.39795918,23.85555556,641.6788752,64.40117086,23.7,17.23571429,156.8391071,186.7751122,55.51142857,16.94859694
2025-07-09 10:30:00+00:00,627.2040642,63.0637963,23.788,621.0153642,63.95591321,23.61752381,16.83466667,162.9106443,165.1137178,56.30380952,18.32883356
2025-07-09 10:45:00+00:00,614.3598806,62.5910731,23.87641723,630.8218387,64.19850959,23.76880952,17.09234694,168.9062036,173.4479583,56.83200211,17.44015886
2025-07-09 11:00:00+00:00,642.5611111,63.34182582,23.975,636.7418543,64.16675304,23.83166667,17.57,175.1358085,217.7305123,57.14,17.59466667
2025-07-09 11:15:00+00:00,650.2469481,63.77505757,23.9452381,648.436629,65.31191957,23.87053571,17.60261905,181.5774889,339.8838514,57.2,18.02454592
2025-07-09 11:30:00+00:00,651.9596134,63.26878655,24.0,652.9737901,63.68380952,23.96666667,17.80714286,187.6853333,594.8912231,57.04926211,18.52085085
2025-07-09 11:45:00+00:00,653.2411063,63.5227015,24.02244898,634.1296881,64.50671372,24.02857143,17.4122449,193.5622421,565.7498186,56.70011905,19.09285714
2025-07-09 12:00:00+00:00,651.5254425,67.8432808,24.07352381,637.153658,68.82165557,24.1,17.18,199.5131302,405.2891876,56.0912963,19.37266667
2025-07-09 12:15:00+00:00,652.0061802,77.70327441,24.15365079,628.0322625,81.25098657,24.17383333,17.25944444,205.4566833,645.7220961,55.25357359,19.6525075
2025-07-09 12:30:00+00:00,646.6093048,89.1016647,24.07897959,627.317842,98.82973685,24.19591837,17.04488095,211.3535296,710.5166681,54.189028,19.9454251
2025-07-09 12:45:00+00:00,641.7790305,89.09996983,24.07466667,614.7660882,112.1100131,24.15012987,16.75857143,217.0145635,621.3250808,52.94430098,19.62450794
2025-07-09 13:00:00+00:00,630.2648936,88.84747769,24.0,602.615283,121.7348137,24.1,16.74285714,221.6496599,632.426317,51.71127176,19.55985119
2025-07-09 13:15:00+00:00,620.894117,89.55753778,23.92307692,595.7785277,134.748495,24.08814815,16.87692308,227.013963,853.7693737,50.03855844,19.58640861
2025-07-09 13:30:00+00:00,595.5955357,86.98611111,23.90714286,576.5531046,141.8757503,24.10634921,17.11666667,231.6364927,576.5459133,48.46388889,19.63075397
2025-07-09 13:45:00+00:00,564.3775599,81.04861111,23.95690476,543.1916691,153.0572256,24.18444444,17.01428571,235.9934636,769.0664625,46.72255433,19.85934355
2025-07-09 14:00:00+00:00,550.232727,67.19154241,23.96,528.9826779,73.41065396,24.16490043,15.69155556,240.3481319,299.7075689,44.87179487,19.23875926
2025-07-09 14:15:00+00:00,532.2320967,66.31405678,24.04285714,521.4556938,61.91269017,24.15406746,15.26571429,244.1281321,675.8993503,43.06530612,19.13877551
2025-07-09 14:30:00+00:00,521.9998369,66.5497792,24.13174603,512.7287223,60.99792341,24.3977381,17.78150794,248.3048576,657.0973745,40.88812271,19.664
2025-07-09 14:45:00+00:00,515.1857684,67.03276386,24.2,504.5155095,61.69727072,24.53285714,16.69872449,251.9429847,542.9901547,38.87697214,19.69945676
2025-07-09 15:00:00+00:00,508.4644165,66.63926528,24.2,498.799452,61.37994172,24.6152381,17.37559524,255.2842989,452.5086677,36.96153439,19.46854233
2025-07-09 15:15:00+00:00,504.5061893,66.88846956,24.22344156,492.8340639,61.32508249,24.76507937,16.96198052,258.8201924,538.4897466,34.81004368,19.85393424
2025-07-09 15:30:00+00:00,500.435407,66.86779727,24.3,489.3116404,61.51295489,24.96,17.57024242,262.2545079,521.4416193,32.61195767,20.09784243
2025-07-09 15:45:00+00:00,496.627508,68.58410053,24.34888889,483.7805864,60.97443187,25.22266667,17.49555556,265.2854064,480.7971327,30.62756061,20.57863434
2025-07-09 16:00:00+00:00,493.1982323,67.40606576,24.40595238,479.7682179,61.42059551,25.38636364,16.84071429,268.7146259,311.741814,28.259547,20.13452381
2025-07-09 16:15:00+00:00,490.7139815,67.35087135,24.4,477.5474839,62.10533283,25.33416667,15.94396259,271.7228754,378.3873023,26.20168519,20.09617677
2025-07-09 16:30:00+00:00,488.095054,67.41325785,24.4,475.6544705,61.11810097,25.37233713,16.41490079,274.5683555,364.5162999,24.19229186,20.00211664
2025-07-09 16:45:00+00:00,485.3666667,66.30685389,24.4,472.6409644,61.28589783,25.01888889,16.925,277.7708196,131.1814169,21.89440909,19.57834286
2025-07-09 17:00:00+00:00,483.3188481,66.60834701,24.4,469.8182433,62.36163684,24.68469388,16.91071429,280.6638446,101.8466865,19.81366493,19.2788759
2025-07-09 17:15:00+00:00,481.1806669,66.96757099,24.33071429,468.4691321,62.08999732,24.55071429,17.20722222,283.2487302,95.72674575,17.96677249,18.98109497
2025-07-09 17:30:00+00:00,480.0889724,66.2187693,24.3,467.593985,61.70334902,24.47571429,16.80119048,286.5469571,64.98931017,15.60685555,18.68955447
2025-07-09 17:45:00+00:00,479.362006,65.68265753,24.20666667,465.2546332,61.3574359,24.38,16.97435897,289.6029947,46.88329454,13.48978571,18.64140606
2025-07-09 18:00:00+00:00,479.2018758,63.02749433,24.1,463.7828005,60.98135508,24.24928571,16.8835034,292.4008645,35.35536063,11.55795068,18.5097619
2025-07-09 18:15:00+00:00,478.4400773,63.04274701,24.05384615,463.055113,61.79291967,24.15571429,16.79900794,295.2344737,26.05322504,9.655520661,18.28481481
2025-07-09 18:30:00+00:00,478.9871212,63.57454254,24.0,462.3307705,61.48544682,24.06428571,17.13992063,298.1343824,18.88568044,7.764871738,18.10134921
2025-07-09 18:45:00+00:00,478.8809944,63.37416667,23.92444444,461.6163761,61.73119296,23.96444444,16.86380952,301.2511486,12.97957436,5.823783069,17.93857143
2025-07-09 19:00:00+00:00,476.7759804,14.74031746,23.9,461.9608275,19.60391363,23.9,17.28666667,304.3079983,10.35891326,3.953769841,17.87428956
2025-07-09 19:15:00+00:00,476.6767274,0.0,23.83809524,462.1605621,0.0,23.8255102,17.43125,307.1681403,4.669350409,2.28803623,17.82525974
2025-07-09 19:30:00+00:00,475.3426709,0.0,23.8,461.6841225,0.0,23.8,17.5,310.1567845,2.393653253,0.661515152,17.69144949
2025-07-09 19:45:00+00:00,474.454058,0.0,23.76428571,461.1133808,0.0,23.72931122,17.50561661,313.4681293,1.141161813,-0.958690476,17.63910714
2025-07-09 20:00:00+00:00,473.2735257,0.0,23.7,460.4681106,0.0,23.69333333,17.60857143,316.6373737,0.433507226,-2.511618736,17.5914
2025-07-09 20:15:00+00:00,473.4641711,0.0,23.65,459.4353959,0.0,23.6,17.7,319.6346127,0.077211931,-3.882261905,17.52312925
2025-07-09 20:30:00+00:00,472.1714286,0.0,23.6,458.1812505,0.0,23.6,17.7,322.8775556,0.0,-5.244924242,17.43897778
2025-07-09 20:45:00+00:00,472.3845085,0.0,23.6,457.5151361,0.0,23.59183673,17.70857143,326.1733217,0.0,-6.510783859,17.47724237
2025-07-09 21:00:00+00:00,472.0499904,0.0,23.54533333,457.4422297,0.0,23.5,17.90111111,329.5239365,0.0,-7.672962963,17.45466667
2025-07-09 21:15:00+00:00,471.0498551,0.0,23.5,456.1999248,0.0,23.45979592,18.02321429,332.8399525,0.0,-8.686428571,17.4072123
2025-07-09 21:30:00+00:00,471.0226623,0.0,23.5,456.032997,0.0,23.4,18.16,336.2340593,0.0,-9.649039109,17.33519296
2025-07-09 21:45:00+00:00,469.4511885,0.0,23.5,454.7920746,0.0,23.4,18.25833333,339.7210476,0.0,-10.46711111,17.41446296
2025-07-09 22:00:00+00:00,470.9602968,0.0,23.48571429,454.5117476,0.0,23.35,18.39230769,343.20197,0.0,-11.1459707,17.18690476
2025-07-09 22:15:00+00:00,469.6731668,0.0,23.4,453.5420078,0.0,23.3,18.40166667,346.515113,0.0,-11.72510342,17.04695385
2025-07-09 22:30:00+00:00,468.5495786,0.0,23.4,452.7545982,0.0,23.3,18.5,350.2098036,0.0,-12.20248609,17.06138095
2025-07-09 22:45:00+00:00,467.5774074,0.0,23.4,451.6179515,0.0,23.28,18.57777778,353.7017593,0.0,-12.49079365,16.93359758
2025-07-09 23:00:00+00:00,468.083086,0.0,23.4,451.6741733,0.0,23.2,18.63639456,357.1947959,0.0,-12.66081633,16.82530612
2025-07-09 23:15:00+00:00,466.2528887,0.0,23.4,450.3137171,0.0,23.2,18.7,96.76199711,0.0,-12.7,16.80993333
2025-07-09 23:30:00+00:00,465.8673977,0.0,23.35333333,450.4777251,0.0,23.17633333,18.7,4.338981482,0.0,-12.65333333,16.82826667
2025-07-09 23:45:00+00:00,465.5951389,0.0,23.3,449.4997412,0.0,23.1,18.7,7.937226583,0.0,-12.39833565,16.60192177
2025-07-10 00:00:00+00:00,463.8387428,0.0,23.3,449.5219125,0.0,23.1,18.7,11.41867244,0.0,-12.05071068,16.40672222
2025-07-10 00:15:00+00:00,463.8186418,0.0,23.3,448.2475419,0.0,23.08469388,18.7,14.76924603,0.0,-11.58630952,16.22862245
2025-07-10 00:30:00+00:00,463.6456029,0.0,23.3,447.1667664,0.0,23.0,18.7,18.3768836,0.0,-10.97222222,15.9697094
2025-07-10 00:45:00+00:00,462.3469356,0.0,23.21333333,447.5501526,0.0,23.0,18.7,21.66718013,0.0,-10.2909418,15.86272285
2025-07-10 01:00:00+00:00,461.4130067,0.0,23.2,445.9657307,0.0,23.0,18.7,25.05032468,0.0,-9.427958153,15.74644689
2025-07-10 01:15:00+00:00,460.3660269,0.0,23.18,445.5397214,0.0,22.944,18.64222222,28.49550794,0.0,-8.446196581,15.69233333
2025-07-10 01:30:00+00:00,460.0080357,0.0,23.15793651,445.0272436,0.0,22.9,18.49897959,31.88398967,0.0,-7.361754763,15.67180508
2025-07-10 01:45:00+00:00,459.2145175,0.0,23.1,444.7529672,0.0,22.9,18.39102564,35.00175291,0.0,-6.239141414,15.40214098
2025-07-10 02:00:00+00:00,458.8361536,0.0,23.1,443.9883929,0.0,22.9,18.2,38.34625,0.020294118,-4.939591837,15.05330612
2025-07-10 02:15:00+00:00,457.829798,0.0,23.1,444.3808577,0.0,22.8525,18.04071429,41.61945767,0.23975731,-3.503571429,14.84819048
2025-07-10 02:30:00+00:00,459.9544638,0.0,23.1,447.8036003,0.0,22.9,17.83587302,44.94090669,1.102139057,-1.981555556,14.87714286
2025-07-10 02:45:00+00:00,470.9563247,0.0,23.11538462,469.9263736,0.0,22.91428571,17.7,48.00391156,2.990870969,-0.466883117,14.86666667
2025-07-10 03:00:00+00:00,479.025698,83.0959596,23.19809524,470.3498236,49.90643739,22.92285714,17.27022222,51.03466117,6.023275811,1.085833333,14.89974359
2025-07-10 03:15:00+00:00,481.9443741,64.27948735,23.17787037,464.6179234,59.93485763,22.9062963,17.35416667,54.14860847,10.22395149,2.802404762,14.85268714
2025-07-10 03:30:00+00:00,478.7607023,63.06428098,23.10714286,464.1844281,58.82377379,22.9,16.41071429,57.01530612,14.14474546,4.50892203,14.66915351
2025-07-10 03:45:00+00:00,480.2440741,63.61715686,23.09333333,464.6662299,59.86918308,22.9,17.36867725,60.10116138,22.48793349,6.389037037,14.67548292
2025-07-10 04:00:00+00:00,481.4953082,64.49915957,23.0,465.8889069,60.46714893,22.9,16.71538462,62.84591837,32.63320701,8.114795918,14.73571429
2025-07-10 04:15:00+00:00,483.6230146,62.79026772,22.99733333,467.8692951,58.71108039,22.88330688,16.91733333,65.79113757,38.55891645,10.07080952,14.90133333
2025-07-10 04:30:00+00:00,484.2521705,63.42386892,22.9,468.3623682,59.80031705,22.8,17.13690476,68.72546703,41.06615145,12.0585348,15.06657738
2025-07-10 04:45:00+00:00,486.8204618,62.76098124,22.9532381,471.162796,59.36374542,22.8,16.99295238,71.73777778,47.03711388,14.15777778,15.16013333
2025-07-10 05:00:00+00:00,489.4052759,63.62785417,22.9,475.7357579,59.84065244,22.80178571,17.17020408,74.65755102,60.37988348,16.18356485,15.28030612
2025-07-10 05:15:00+00:00,491.6608696,62.38148148,22.95333333,484.4439683,59.17701149,22.87333333,17.0,77.65706349,83.54683434,18.28511905,15.44333333
2025-07-10 05:30:00+00:00,506.3059154,64.19259259,23.08583333,511.6088253,59.70643897,22.80752381,17.15047619,80.72921525,104.9684988,20.49167869,15.66081732
2025-07-10 05:45:00+00:00,511.9244769,62.97517007,23.08248299,526.8498473,59.61973176,23.01428571,17.27142857,83.60735544,115.6340177,22.56037415,15.86993906
2025-07-10 06:00:00+00:00,539.6037592,63.15164743,23.13076923,568.4457496,59.57520468,23.09738095,17.16346154,86.67488889,134.6082896,24.71044444,16.10446508
2025-07-10 06:15:00+00:00,576.0248787,62.8172619,23.3547619,587.1879136,59.06138486,23.14464286,17.17755102,89.5996721,158.1663129,26.77873851,16.31645207
2025-07-10 06:30:00+00:00,603.6884201,62.79349517,23.42244898,601.1691279,59.62450095,23.23777778,17.00714286,92.81293771,217.8502202,28.99808995,16.47100877
2025-07-10 06:45:00+00:00,615.8633333,63.16608947,23.41333333,586.0150528,58.95026582,23.2,17.1,96.10477513,210.8103923,31.18774411,16.54780961
2025-07-10 07:00:00+00:00,610.9342009,63.74313248,23.5,574.9048532,59.65756059,23.25,17.13571429,99.3354463,272.3502572,33.29329004,16.77362103
2025-07-10 07:15:00+00:00,610.5319651,63.3406722,23.6,582.7443084,58.99108367,23.35511111,17.31749084,102.6312576,363.0462387,35.38343804,17.01078256
2025-07-10 07:30:00+00:00,622.3419118,63.64278628,23.59929356,600.4133181,59.35952381,23.40089286,17.33809524,106.1816787,514.978334,37.46743326,17.49296356
2025-07-10 07:45:00+00:00,621.9278655,63.05662615,23.66,619.9177345,59.29798757,23.5,17.28,109.82,559.0963216,39.53266667,18.42469841
2025-07-10 08:00:00+00:00,628.7272134,63.72027451,23.71285714,619.5177264,59.27768275,23.51139147,17.61285714,113.1462853,514.0767606,41.29972484,18.88599083
2025-07-10 08:15:00+00:00,623.5191912,63.65265406,23.77638889,612.810743,59.84099814,23.5787963,17.47555556,117.3584615,663.7944326,43.42647619,19.39169231
2025-07-10 08:30:00+00:00,632.4413603,63.02663823,23.78804762,623.7507012,60.06889499,23.60533333,17.21031746,121.5584936,651.5119587,45.36011966,19.62636129
2025-07-10 08:45:00+00:00,630.087395,63.21002568,23.85809524,624.9949875,59.46190476,23.6,16.975,125.9604167,677.9152632,47.21017007,20.03723214
2025-07-10 09:00:00+00:00,637.2133796,63.38903846,23.95066667,616.408885,59.8273741,23.66666667,16.979,130.386019,679.7324575,48.85092136,19.54950519
2025-07-10 09:15:00+00:00,637.9880033,62.93047006,23.94,625.1223316,59.74081118,23.7,17.11571429,135.3829151,724.0665202,50.51673469,19.95716553
2025-07-10 09:30:00+00:00,640.470112,63.37185389,23.73422222,677.6950646,59.48025059,23.73377778,17.19037037,140.2016508,736.8584242,51.94107937,20.01826667
2025-07-10 09:45:00+00:00,615.4234106,64.08457494,23.93503401,607.5244382,60.09818802,23.7,17.22857143,145.206627,551.2579006,53.17710317,20.1433373
2025-07-10 10:00:00+00:00,596.5348291,64.21233211,24.0,572.3735033,60.76690981,23.60666667,17.12666667,151.142013,621.018958,54.43548942,19.95950926
2025-07-10 10:15:00+00:00,597.6693978,64.475,23.97959184,577.3105598,60.6967081,23.67922078,17.22142857,156.2939935,701.797292,55.29715909,20.1835722
2025-07-10 10:30:00+00:00,600.8687522,65.38290929,24.03238095,584.6138153,61.35425978,23.74597552,17.09809524,161.9904517,763.7947358,56.09313638,20.48387317
2025-07-10 10:45:00+00:00,605.532486,71.07711081,24.05833333,593.2213209,61.88799038,23.87538462,17.14066667,168.8639747,762.858059,56.69712843,20.39270117
2025-07-10 11:00:00+00:00,607.2815476,78.87578782,24.06653061,591.4440476,61.08928571,23.9,17.14391156,175.3209127,767.1024074,57.02529762,20.38573823
2025-07-10 11:15:00+00:00,609.4768561,85.40416593,24.12171717,592.3656154,61.83112247,23.8649697,17.22847114,181.0089348,771.2467103,57.1,20.63641508
2025-07-10 11:30:00+00:00,596.7104917,100.0899123,24.17609127,569.3103888,62.59391047,23.8,17.42857143,187.5177553,771.1593251,56.95185505,20.91964072
2025-07-10 11:45:00+00:00,586.9802479,114.4065686,24.10166667,563.3338274,62.60212364,23.8,17.37527778,193.9775979,770.7525641,56.52392328,20.74390216
2025-07-10 12:00:00+00:00,576.8746133,119.8606407,24.04285714,560.82636,61.91003219,23.77857143,17.00261905,199.8434439,768.4217612,55.93988095,20.870428
2025-07-10 12:15:00+00:00,574.700575,126.4718799,24.00333333,555.6189645,60.50998919,23.8,16.62677778,205.6293889,763.6178796,55.1048285,20.7711873
2025-07-10 12:30:00+00:00,569.1268816,125.3886593,24.0,548.6565742,60.14560563,23.7952381,16.52518969,210.9265048,760.7049467,54.15005808,20.69228195
2025-07-10 12:45:00+00:00,562.1037923,122.7104294,23.972,550.2924283,60.65568804,23.76880952,16.98666667,216.879537,745.5532465,52.84,21.20805556
2025-07-10 13:00:00+00:00,555.5249327,126.1901331,23.98166667,534.6290443,62.05352636,23.86,16.97155556,222.0953687,732.9134582,51.43916667,21.08268182
2025-07-10 13:15:00+00:00,553.864439,123.5963936,23.97142857,539.910941,61.73043268,23.92142857,17.40119048,227.1220849,718.1886564,49.88644017,20.88356215
2025-07-10 13:30:00+00:00,550.4078649,122.4266138,24.0,535.8890752,62.84109021,24.04196465,17.4287619,231.6634259,702.1679405,48.30177778,21.00414286
2025-07-10 13:45:00+00:00,552.6819082,121.2716128,24.0,533.8497336,73.94755245,24.15714286,16.61464286,235.9388152,682.8174808,46.61037415,21.17152721
2025-07-10 14:00:00+00:00,548.2589858,120.1165205,24.0,530.1389567,86.58347863,24.1807619,16.55222222,240.1633341,661.9592008,44.77142857,21.26374245
2025-07-10 14:15:00+00:00,535.7965152,120.2004824,24.0,522.7033284,114.8608031,24.37166667,16.74572222,244.432537,636.4174523,42.75146465,21.28983889
2025-07-10 14:30:00+00:00,532.0698858,118.7622549,24.0,522.2058226,150.3817792,24.4277381,17.08571429,248.0293561,608.6426782,40.90214286,21.07792208
2025-07-10 14:45:00+00:00,524.0033146,117.5868311,24.0,515.0141318,196.482963,24.56814815,17.3,251.7975146,582.0037383,38.87735571,21.20429211
2025-07-10 15:00:00+00:00,518.7434443,69.09522226,23.96428571,511.431063,78.1544218,24.61428571,15.7797619,255.3325595,554.0942223,36.7492432,21.24419076
2025-07-10 15:15:00+00:00,519.4819865,67.3154723,24.10321693,507.3438498,66.06031907,24.762,15.24,258.7640368,525.3663259,34.69030303,21.12663889
2025-07-10 15:30:00+00:00,518.5009921,66.26898578,24.23183673,504.972161,66.04148288,24.94757653,17.17653061,261.9576129,494.0973068,32.65280678,21.28688367
2025-07-10 15:45:00+00:00,512.7584578,67.42621212,24.27357143,502.9949647,66.40234722,25.07357143,17.44285714,265.3520635,459.7025823,30.41355556,21.10430952
2025-07-10 16:00:00+00:00,507.2946742,66.09779622,24.43061224,497.0201027,65.80766158,25.25714286,17.57610802,268.546131,424.084936,28.24158163,20.97981859
2025-07-10 16:15:00+00:00,502.168511,66.50185185,24.4,492.0051282,65.68418803,25.35,17.525,271.5281111,388.9533716,26.15412121,21.18660317
2025-07-10 16:30:00+00:00,498.446963,66.68106061,24.49428571,488.6034188,65.37094017,25.4,16.96126984,274.4658086,355.2800769,24.06375613,20.779978
2025-07-10 16:45:00+00:00,496.1934509,66.25158525,24.59166667,484.8728518,66.01586108,25.48673469,16.83571429,277.6194671,315.7480187,21.8434127,20.60176768
2025-07-10 17:00:00+00:00,492.9651842,66.32816207,24.6,481.1275744,65.9683069,25.58730159,16.942,280.4497009,276.1941853,19.81516955,20.03
2025-07-10 17:15:00+00:00,491.7905322,65.79240633,24.6,479.5299823,65.99326071,25.6,16.35183673,283.2431015,245.7576084,17.81628247,20.06811272
2025-07-10 17:30:00+00:00,489.554212,66.16632035,24.68507937,477.8845777,65.12885916,25.6,16.02438095,286.5572056,213.7689476,15.49623016,19.68203788
2025-07-10 17:45:00+00:00,487.7501299,66.07640197,24.7,475.4935307,65.66828774,25.6,16.81197802,289.4451701,180.2690788,13.44130385,19.73857143
2025-07-10 18:00:00+00:00,486.9878173,66.5862482,24.7,474.524085,65.41067276,25.58666667,16.79677249,292.3352063,148.9274613,11.4788456,19.21933333
2025-07-10 18:15:00+00:00,486.6956566,66.60577965,24.7,474.0969797,66.28656049,25.46095238,17.12931217,295.3602778,116.7759716,9.420798942,18.97319815
2025-07-10 18:30:00+00:00,485.3922842,66.39242364,24.7,473.1492017,65.74651148,25.34464286,16.96428571,298.2086168,87.77133551,7.570521542,18.78049603
2025-07-10 18:45:00+00:00,484.1967157,66.53348585,24.68,471.3015873,65.76348251,25.20166667,17.08511111,301.0726782,62.15503474,5.765345839,18.5970259
2025-07-10 19:00:00+00:00,484.5338485,26.61400376,24.6,471.1313492,24.2718254,25.14250125,17.19350649,304.121243,40.92278087,3.915079365,18.31407777
2025-07-10 19:15:00+00:00,484.1684019,0.0,24.6,470.4077922,0.0,25.05192593,17.3,307.1398413,22.54063115,2.191095238,17.9171746
2025-07-10 19:30:00+00:00,483.1970195,0.0,24.6,471.0294592,0.0,24.81866667,17.30333333,310.325873,9.476497045,0.457265512,17.48899471
2025-07-10 19:45:00+00:00,482.9088105,0.0,24.55892857,470.0697802,0.0,24.73154762,17.46734694,313.3483381,3.044177869,-1.051377551,17.11362515
2025-07-10 20:00:00+00:00,482.6783372,0.0,24.47333333,469.1075936,0.0,24.68811111,17.53144444,316.465381,0.969333333,-2.567613826,16.87406971
2025-07-10 20:15:00+00:00,481.3196612,0.0,24.4,468.9857143,0.0,24.6,17.69395604,319.5137385,0.214753732,-3.975506042,16.59663866
2025-07-10 20:30:00+00:00,480.7839192,0.0,24.4,468.8163653,0.0,24.56666667,17.89209524,322.857164,0.014633945,-5.378099817,16.43733333
2025-07-10 20:45:00+00:00,479.9378571,0.0,24.34833333,467.5297306,0.0,24.47634921,18.08625926,326.2819359,0.0,-6.688666667,16.42594872
2025-07-10 21:00:00+00:00,480.2923336,101.1887465,24.20587302,466.0952066,95.17304094,24.39318978,18.17797619,329.392425,0.0,-7.76639182,16.2042803
2025-07-10 21:15:00+00:00,487.2760819,169.9123099,23.88044733,470.1049903,165.0915707,24.24,17.97733333,332.8342756,0.0,-8.815580694,16.14180812
2025-07-10 21:30:00+00:00,493.4982543,170.0112438,23.75561224,477.6457383,163.800115,24.12582973,17.85535714,336.1626923,0.0,-9.761554487,16.11447917
2025-07-10 21:45:00+00:00,496.5819974,169.4995767,23.57563326,482.1739683,165.4587302,23.9685582,17.72224868,339.5554206,0.0,-10.56850794,16.00122222
2025-07-10 22:00:00+00:00,499.239793,262.2905665,23.36346154,485.1149071,261.2134092,23.792,17.59800824,343.2117226,0.0,-11.31311338,15.86574534
2025-07-10 22:15:00+00:00,500.2657313,315.1277532,23.06666667,487.1095527,316.7687747,23.62698413,17.5,346.4347318,0.0,-11.8360661,15.94649749
2025-07-10 22:30:00+00:00,501.2945534,318.8480592,22.915,487.3155642,310.893487,23.45333333,17.5,350.0094152,0.0,-12.29176455,16.04283142
2025-07-10 22:45:00+00:00,501.6703099,316.6491186,22.81256999,488.2036486,314.0857665,23.31206349,17.47142857,353.4427818,0.0,-12.60619274,15.9443388
2025-07-10 23:00:00+00:00,502.1808888,315.4477129,22.74555556,489.670455,313.0542374,23.23515079,17.31018182,357.2129243,0.0,-12.78666667,15.78344628
2025-07-10 23:15:00+00:00,502.2443827,315.1248148,22.58214286,490.366785,313.4687812,23.0625,17.11836735,96.80915374,0.0,-12.85738095,15.61185185
2025-07-10 23:30:00+00:00,503.5966252,317.0499179,22.49285714,489.9927283,317.480232,22.98571429,17.12321429,4.346360544,0.0,-12.74761905,15.66222799
2025-07-10 23:45:00+00:00,503.2393162,316.3427961,22.37435897,489.2921245,316.9294073,22.83128205,17.10769231,7.995804196,0.0,-12.4965812,15.60153846
2025-07-11 00:00:00+00:00,503.9944642,314.3311241,22.3,489.2272613,317.9705095,22.7925,17.11428571,11.42312822,0.0,-12.17380952,15.67149351
2025-07-11 00:15:00+00:00,503.3004935,316.94067,22.22777778,489.7037701,314.4508226,22.78936027,17.28,14.85937322,0.0,-11.71047619,15.75430476
2025-07-11 00:30:00+00:00,503.1291538,315.6912714,22.16666667,489.7870052,317.2436907,22.70102564,17.3,18.49178571,0.0,-11.06237051,15.8492619
2025-07-11 00:45:00+00:00,502.6157165,316.2288697,22.18571429,489.3170911,313.7967314,22.65714286,17.30714286,21.97710884,0.0,-10.33339286,15.85
2025-07-11 01:00:00+00:00,501.9269072,312.3390517,22.13047619,487.0938866,315.4767254,22.6,17.4,25.22902747,0.0,-9.521924908,15.93850476
2025-07-11 01:15:00+00:00,498.9179317,312.393321,22.1,485.7042208,316.1191043,22.6,17.4,28.66394558,0.0,-8.565143785,15.9
2025-07-11 01:30:00+00:00,497.1832091,312.6034259,22.02833333,484.5205161,314.5179949,22.58000866,17.43333333,32.02479365,0.0,-7.446672439,15.91046154
2025-07-11 01:45:00+00:00,495.9517349,313.0363336,21.98444444,482.6090722,317.2833485,22.52694444,17.5,35.33616907,0.0,-6.25084127,15.97659259
2025-07-11 02:00:00+00:00,493.6685365,315.8432758,21.9152381,480.3126374,318.3879524,22.5,17.5,38.36439239,0.015414166,-5.03906308,16.0
2025-07-11 02:15:00+00:00,492.7877441,315.7342857,21.89710317,478.8650933,320.5514826,22.5,17.5,41.73394613,0.242760202,-3.61779798,16.056425
2025-07-11 02:30:00+00:00,492.7410304,312.7205843,21.89928571,482.8469116,318.7123106,22.44789966,17.5,44.80139147,0.91752485,-2.179220779,16.02222487
2025-07-11 02:45:00+00:00,501.9182492,313.7053801,21.86277778,490.1783249,315.5516172,22.5,17.5,47.92725188,2.588867608,-0.611860269,16.0
2025-07-11 03:00:00+00:00,496.3627663,79.23571429,22.1429396,482.5190208,77.81747578,22.47857143,17.5,50.93446269,5.904093526,0.914131653,15.9666634
2025-07-11 03:15:00+00:00,493.3727677,60.60239457,22.4125,479.5181414,60.27670956,22.56,17.14791667,53.88565139,13.72886518,2.552911163,15.9660963
2025-07-11 03:30:00+00:00,490.0794501,62.98469788,22.5,476.8343162,61.56029984,22.6,16.71865079,56.89797877,23.20780304,4.258909265,16.03331169
2025-07-11 03:45:00+00:00,487.9713626,62.4293863,22.5,474.354899,61.64133964,22.6,17.05073016,59.99738421,31.20143004,6.155199134,16.14410684
2025-07-11 04:00:00+00:00,486.8824799,61.85331502,22.5,472.9419529,61.27046361,22.6,17.22777778,63.11119841,43.90159571,8.151666667,16.2275
2025-07-11 04:15:00+00:00,485.883183,62.76343174,22.56428571,477.7005723,60.77940079,22.6,17.19206349,65.89382173,46.309624,9.993153236,16.25954563
2025-07-11 04:30:00+00:00,484.7355661,62.32318783,22.65333333,480.185291,61.56399002,22.67824916,16.84857143,68.82926984,58.18566023,11.93403175,16.3172605
2025-07-11 04:45:00+00:00,488.9777215,62.39286621,22.70367965,486.0838041,61.51118012,22.7875,16.86847042,71.8531746,141.8796647,14.04246032,16.50634921
2025-07-11 05:00:00+00:00,496.3077837,62.238076,22.87428571,490.1111888,61.70800216,22.83416667,17.22555556,74.75914815,217.0785308,16.05873665,16.99266039
2025-07-11 05:15:00+00:00,504.157418,62.6905971,22.97857143,494.5104542,62.06651393,22.87857143,17.4,77.41167999,265.2478087,17.96908092,17.30483017
2025-07-11 05:30:00+00:00,509.2335931,61.82294372,23.01333333,509.2311111,60.72888889,23.00266667,17.074,80.74924603,219.5823868,20.3382381,17.46274074
2025-07-11 05:45:00+00:00,523.7800926,61.82231368,23.0968254,533.5958357,61.16980233,23.12,17.1409596,83.67120635,207.8506374,22.42760092,17.34011764
2025-07-11 06:00:00+00:00,537.1299852,62.05460492,23.17857143,566.9289057,61.27902752,23.25741597,17.06785714,86.48280083,211.3431197,24.41870685,17.52532803
2025-07-11 06:15:00+00:00,562.5335642,61.64295381,23.2497619,572.3612314,60.45577509,23.47280423,16.99666667,89.86080952,231.4623198,26.78850649,17.80384945
2025-07-11 06:30:00+00:00,572.4702574,62.45117244,23.3836039,594.9603347,60.89689245,23.5025,16.96428571,92.79210712,277.3992507,28.80998626,18.06431313
2025-07-11 06:45:00+00:00,593.3811607,62.47572261,23.5,606.7493266,61.33374873,23.75878788,17.13333333,95.9524188,320.6457686,30.91386364,18.47663403
2025-07-11 07:00:00+00:00,624.6652768,62.07651561,23.57678571,618.7863175,61.706074,23.72392857,17.23333333,99.25373274,250.7124232,33.08037106,18.42625773
2025-07-11 07:15:00+00:00,630.1737419,62.07414021,23.60244444,623.4438243,61.15405568,23.69453704,17.17333333,102.6236713,190.9275984,35.17592593,18.61222222
2025-07-11 07:30:00+00:00,635.3479527,62.15918367,23.7,620.9257506,61.11295716,23.60396825,17.17857143,106.1366651,444.7609793,37.312089,18.68423469
2025-07-11 07:45:00+00:00,633.8719857,61.70150794,23.7,637.1794535,60.81913043,23.71111111,17.36485714,109.7608333,703.944587,39.35292157,19.23556818
2025-07-11 08:00:00+00:00,624.7034863,61.46279412,23.75688889,627.7479081,61.66503735,23.8,17.3447619,113.616583,633.126057,41.4065214,19.56246699
2025-07-11 08:15:00+00:00,617.6931274,62.50651492,23.81190476,614.2526981,61.06877555,23.87272727,17.25873016,117.4028545,624.5623169,43.28923469,19.75397727
2025-07-11 08:30:00+00:00,613.9239007,62.1864479,23.87111111,604.4799797,60.78754303,23.9762963,16.98285714,121.2934416,489.8286498,45.06774603,19.44872294
2025-07-11 08:45:00+00:00,622.8122854,61.81587302,23.81428571,615.4366071,71.93421496,24.12857143,16.90035714,125.6665958,424.6597461,46.89952381,19.47496939
2025-07-11 09:00:00+00:00,625.089836,62.27918948,23.83669841,624.9269689,78.10726793,23.97333333,16.91666667,130.2871915,371.4227082,48.64981759,19.01938254
2025-07-11 09:15:00+00:00,627.8186834,61.61884235,23.99577778,631.8662369,74.33997284,24.02300385,17.00121212,135.4708221,425.3865595,50.40180708,19.0693382
2025-07-11 09:30:00+00:00,637.0018494,61.86584249,23.93333333,633.4016079,74.84461967,23.98,17.20538462,140.3976636,416.4982303,51.82202381,19.0253841
2025-07-11 09:45:00+00:00,634.5123243,62.6144709,23.94,613.1026618,75.00888889,23.995,17.18095238,145.4356111,344.2405921,53.10950505,19.09970899
2025-07-11 10:00:00+00:00,616.161132,62.68477633,23.92984694,589.4480075,74.448557,23.8757885,16.91071429,151.1054365,534.1783364,54.27053571,19.0222619
2025-07-11 10:15:00+00:00,589.685594,61.89722222,23.95714286,579.9657477,67.87001595,23.93904762,16.8,156.8330503,698.5883476,55.25658201,19.42877672
2025-07-11 10:30:00+00:00,580.2403704,62.40365079,24.01671958,576.2053738,67.11324424,23.98611111,16.97333333,162.7536573,602.4293193,56.00312554,19.5725404
2025-07-11 10:45:00+00:00,577.1712662,66.41791383,24.08265306,567.2519445,67.93124156,23.94142857,17.08571429,168.9253092,585.5992077,56.54504662,19.72784537
2025-07-11 11:00:00+00:00,576.0394973,78.58247253,24.18,547.6642055,68.4923088,23.99259259,17.25333333,174.9461111,485.0367904,56.88,19.96646561
2025-07-11 11:15:00+00:00,571.6236735,89.62767857,24.04285714,545.6897134,68.32670911,23.91621196,17.39970238,181.273895,314.6992264,56.9994898,20.05333063
2025-07-11 11:30:00+00:00,560.7287531,87.04192802,23.95780159,541.9241424,68.13277106,23.88068845,17.1058486,187.2072459,326.5792781,56.84126603,19.95925662
2025-07-11 11:45:00+00:00,555.1958944,90.21455628,23.92857143,547.2126226,68.12831096,23.83571429,16.84285714,193.7530664,314.2223864,56.42879819,19.91991342
2025-07-11 12:00:00+00:00,545.9925397,14.31168831,23.85714286,538.5087295,12.71304348,23.8,16.72857143,199.9642637,319.8122849,55.78746032,20.00338624
2025-07-11 12:15:00+00:00,547.4659425,0.0,23.87857143,537.2626828,0.0,23.8,16.9952381,205.6169048,361.4685838,54.96428571,20.05833333
2025-07-11 12:30:00+00:00,544.2660619,22.28746391,23.9493254,532.499965,22.92453465,23.8,17.85387302,211.3546123,397.647827,53.93128716,20.05947538
2025-07-11 12:45:00+00:00,517.2727991,68.70693122,24.12857143,500.8768814,63.60122316,23.80079365,18.97436224,216.6667251,343.0802742,52.7574152,20.14545
2025-07-11 13:00:00+00:00,500.1376512,79.38722222,24.05,493.2945192,65.36388032,23.8,18.65446429,221.6594955,306.4898525,51.42344573,20.23057448
2025-07-11 13:15:00+00:00,492.8994761,81.89037037,23.94,489.4528339,64.89639971,23.73333333,17.76,226.6545825,245.3208469,49.89616498,20.39301852
2025-07-11 13:30:00+00:00,486.3546028,80.49525871,23.91428571,482.3348591,64.34225275,23.7,16.29904762,231.4827484,190.9467091,48.20755952,20.27902494
2025-07-11 13:45:00+00:00,485.5982328,31.75938617,23.76785714,476.7861032,30.43592202,23.62666667,15.80714286,235.7143283,129.8692499,46.54144444,20.18759163
2025-07-11 14:00:00+00:00,487.9703704,2.68,23.6,473.5359864,2.466666667,23.6,19.44357407,239.9598624,70.85288146,44.72522996,19.43580961
2025-07-11 14:15:00+00:00,489.2407542,0.0,23.6,472.9354944,0.0,23.57142857,19.03571429,244.1638435,63.52449887,42.72810374,18.80837585
2025-07-11 14:30:00+00:00,492.7094892,0.0,23.6,474.4884157,0.0,23.4431746,19.06083333,247.7813333,69.84538803,40.894,18.4506
2025-07-11 14:45:00+00:00,492.1431429,0.0,23.62358974,474.7636673,0.0,23.55,19.2,251.6640502,76.07460565,38.74247449,18.04396952
2025-07-11 15:00:00+00:00,490.1798822,0.0,23.67777778,477.087281,0.0,23.5,19.33333333,255.0466667,83.80807657,36.80460317,18.30316527
2025-07-11 15:15:00+00:00,489.9411765,0.0,23.6675737,476.3964286,0.0,23.5,19.69358974,258.6089286,107.1206212,34.597718,18.19811224
2025-07-11 15:30:00+00:00,488.9704348,0.0,23.7,475.8305435,0.0,23.5,19.88,261.865491,122.9489903,32.51604497,17.96943122
2025-07-11 15:45:00+00:00,487.9458874,0.0,23.60952381,475.2983292,0.0,23.5,19.9,265.0859224,106.8063422,30.42351551,17.87004472
2025-07-11 16:00:00+00:00,487.7155,0.0,23.6,474.1293674,0.0,23.5,19.9,268.3284738,66.62714115,28.21195767,17.93522222
2025-07-11 16:15:00+00:00,486.9020067,0.0,23.6,473.1239526,0.0,23.45333333,19.97333333,271.5903547,58.57013162,25.95213564,17.97591667
2025-07-11 16:30:00+00:00,486.5218032,0.0,23.6,472.3866731,0.0,23.4,20.03571429,274.5825595,40.68116089,23.83905612,17.97802198
2025-07-11 16:45:00+00:00,485.4535651,0.0,23.6,471.2440115,0.0,23.4,20.1,277.5195354,33.49337126,21.75251852,18.06960635
2025-07-11 17:00:00+00:00,485.5077243,0.0,23.57582418,470.314122,0.0,23.4,20.1,280.4270238,19.68423469,19.66380952,17.58160173
2025-07-11 17:15:00+00:00,485.3775302,0.0,23.54777778,469.2779365,0.0,23.34,20.07333333,283.3384004,10.82616508,17.57994444,16.6127037
2025-07-11 17:30:00+00:00,484.107757,0.0,23.5,468.2248637,0.0,23.3,20.0,286.0022065,9.470190868,15.70761029,15.95431663
2025-07-11 17:45:00+00:00,483.3162872,0.0,23.5,468.5367537,0.0,23.3,20.0,289.2029762,6.469241651,13.46607143,15.70216667
2025-07-11 18:00:00+00:00,482.2445778,0.0,23.44404762,467.3922171,0.0,23.3,19.95,292.0695011,4.319167776,11.46553288,15.26972789
2025-07-11 18:15:00+00:00,480.5533352,0.0,23.4,466.5808243,0.0,23.2237037,19.9,295.1361987,2.282196206,9.428773449,15.02840741
2025-07-11 18:30:00+00:00,479.9471802,0.0,23.4,465.0603391,0.0,23.2,19.85333333,298.2108148,4.301190476,7.415642857,14.86212698
2025-07-11 18:45:00+00:00,480.2206796,0.0,23.4,464.961039,0.0,23.2,19.72142857,300.8567063,4.44090264,5.734047619,14.83094743
2025-07-11 19:00:00+00:00,479.937733,0.0,23.4,463.9465127,0.0,23.12779221,19.66,304.0235556,2.242987161,3.803925926,14.96160373
2025-07-11 19:15:00+00:00,478.1787964,0.0,23.3047619,463.4951862,0.0,23.1,19.52857143,307.0390131,1.666263315,2.085637308,14.84551658
2025-07-11 19:30:00+00:00,478.0933333,0.0,23.3,462.6007023,0.0,23.1,19.43222222,310.2028571,1.220444171,0.362699134,14.70533333
2025-07-11 19:45:00+00:00,477.8433192,0.0,23.3,461.1347161,0.0,23.04166667,19.23840741,313.2741015,0.503018776,-1.182291412,14.66688889
2025-07-11 20:00:00+00:00,476.8972923,0.0,23.25765306,461.0515226,0.0,23.0,19.04591837,316.3964286,0.067133646,-2.696683674,14.60030612
2025-07-11 20:15:00+00:00,476.1774916,0.0,23.2,459.6460961,0.0,23.0,18.85388889,319.3641077,0.0,-4.042107744,14.61333333
2025-07-11 20:30:00+00:00,475.5109503,0.0,23.2,459.6724668,0.0,22.95242347,18.57887755,322.5424964,0.0,-5.408353175,14.74297078
2025-07-11 20:45:00+00:00,473.3567072,0.0,23.18,458.1135851,0.0,22.9,18.356,326.0502323,0.0,-6.745846801,14.8
2025-07-11 21:00:00+00:00,473.3051762,0.0,23.1,457.2819444,0.0,22.9,18.10777778,329.5214815,0.0,-7.9475,14.91516667
2025-07-11 21:15:00+00:00,471.9130934,0.0,23.1,456.7873059,0.0,22.9,17.9002381,332.5998226,0.0,-8.94844071,15.10861778
2025-07-11 21:30:00+00:00,472.0161064,0.0,23.1,456.2755789,0.0,22.9,17.75333333,336.2071713,0.0,-9.908884615,15.22562454
2025-07-11 21:45:00+00:00,470.0077511,0.0,23.1,454.3461573,0.0,22.8125,17.6,339.3752628,0.0,-10.66220238,15.33642857
2025-07-11 22:00:00+00:00,470.00231,0.0,23.03222222,453.6990454,0.0,22.8,17.49047619,342.6669012,0.0,-11.36464646,15.44048148
2025-07-11 22:15:00+00:00,469.1502131,0.0,23.0,453.1543652,0.0,22.8,17.4,346.5599157,0.0,-11.98197279,15.60488095
2025-07-11 22:30:00+00:00,468.8131343,0.0,23.0,452.2540804,0.0,22.8,17.33846154,349.8624103,0.0,-12.394,15.97882251
2025-07-11 22:45:00+00:00,467.0676692,0.0,23.0,451.0371248,0.0,22.8,17.3,353.5303571,0.0,-12.73571429,16.50295238
2025-07-11 23:00:00+00:00,466.0746267,0.0,23.0,451.3504498,0.0,22.8,17.3,356.914772,0.0,-12.92266667,16.66051818
2025-07-11 23:15:00+00:00,464.7187013,0.0,23.0,450.2788384,0.0,22.72133333,17.3,107.3660233,0.0,-13.0,16.85254545
2025-07-11 23:30:00+00:00,465.0798687,0.0,23.0,449.572302,0.0,22.72142857,17.335,4.339676871,0.0,-12.88520692,17.14532398
2025-07-11 23:45:00+00:00,464.8756249,0.0,22.99666667,449.1094721,0.0,22.7,17.468,7.633186813,0.0,-12.68237037,17.21303704
2025-07-12 00:00:00+00:00,462.5945604,0.0,22.90238095,447.7419927,0.0,22.7,17.5,11.21500722,0.0,-12.33807462,17.1
2025-07-12 00:15:00+00:00,462.3182323,0.0,22.9,447.3104762,0.0,22.7,17.5,14.86920635,0.0,-11.85277778,17.1
2025-07-12 00:30:00+00:00,462.2014979,0.0,22.9,445.9754226,0.0,22.7,17.425,18.34537518,0.0,-11.25793651,17.01308764
2025-07-12 00:45:00+00:00,461.18184,0.0,22.9,445.8393204,0.0,22.7,17.4,21.74159259,0.0,-10.53718519,16.93073333
2025-07-12 01:00:00+00:00,460.7011975,0.0,22.9,445.4659326,0.0,22.7,17.4,25.32544444,0.0,-9.653111111,16.80924242
2025-07-12 01:15:00+00:00,459.5970576,0.0,22.9,445.1123318,0.0,22.7,17.4,28.54105442,0.0,-8.707270408,16.69857143
2025-07-12 01:30:00+00:00,459.0646539,0.0,22.9,443.6632257,0.0,22.7,17.4,31.95429252,0.0,-7.61218254,16.60620808
2025-07-12 01:45:00+00:00,458.923829,0.0,22.9,441.9130717,0.0,22.7,17.4,35.28170918,0.0,-6.411190476,16.47440675
2025-07-12 02:00:00+00:00,457.4089526,0.0,22.9,442.3274971,0.0,22.69422222,17.4,38.45185317,0.0,-5.184685046,16.48
2025-07-12 02:15:00+00:00,457.6469733,0.0,22.9,441.0670186,0.0,22.64069728,17.4,41.58293998,0.06462585,-3.854253247,16.49212372
2025-07-12 02:30:00+00:00,456.3927063,0.0,22.9,440.8697421,0.0,22.60714815,17.38933333,44.82938047,0.393679217,-2.330309764,16.5
2025-07-12 02:45:00+00:00,454.8500313,0.0,22.9,439.1995683,0.0,22.6,17.30095238,48.00263709,1.073380116,-0.744166667,16.46666667
2025-07-12 03:00:00+00:00,454.6633497,0.0,22.9,437.883902,0.0,22.6,17.3,51.18436302,1.005366108,0.831725417,16.39255102
2025-07-12 03:15:00+00:00,453.7814394,0.0,22.9,437.8724569,0.0,22.6,17.3,54.1793254,1.735117453,2.513688034,16.13026667
2025-07-12 03:30:00+00:00,454.5321446,0.0,22.9,437.0358241,0.0,22.6,17.3,56.91435323,4.476382218,4.150589569,16.00714286
2025-07-12 03:45:00+00:00,452.7820566,0.0,22.9,436.4603908,0.0,22.6,17.31365079,59.90648148,10.02414072,5.94037037,15.9876738
2025-07-12 04:00:00+00:00,451.97065,0.0,22.865,435.2577839,0.0,22.6,17.4,63.09013605,13.90468223,7.976643991,16.02760101
2025-07-12 04:15:00+00:00,451.719648,0.0,22.8975,435.2968087,0.0,22.6,17.4,66.01868254,58.88266582,9.888666667,16.01116667
2025-07-12 04:30:00+00:00,451.0438846,0.0,22.9,433.8590338,0.0,22.61333333,17.4,69.06611111,152.6788441,11.96754762,16.36434615
2025-07-12 04:45:00+00:00,449.7073821,0.0,22.94395604,432.8169938,0.0,22.7,17.44415584,71.93971094,114.8504603,13.96443602,16.60740079
2025-07-12 05:00:00+00:00,448.9076317,0.0,23.0,432.6793149,0.0,22.7,17.5,74.83897355,185.9835159,16.00775397,16.91106205
2025-07-12 05:15:00+00:00,448.0436508,0.0,23.0,431.6269841,0.0,22.7,17.5,77.83620923,178.0768247,18.08656463,17.12793367
2025-07-12 05:30:00+00:00,447.9750831,0.0,23.0,432.3278704,0.0,22.7,17.5,80.27264585,198.601132,19.88081659,17.1252825
2025-07-12 05:45:00+00:00,448.1965812,0.0,23.1,430.5941815,0.0,22.8,17.6,83.99672619,133.1043895,22.47619048,17.25321429
2025-07-12 06:00:00+00:00,446.7022364,0.0,23.1,431.0732372,0.0,22.8,17.6,86.62959788,181.6478638,24.3690291,17.3849139
2025-07-12 06:15:00+00:00,446.6472992,0.0,23.1,429.2551171,0.0,22.8,17.62833333,89.8282619,258.9185146,26.60201323,17.70218254
2025-07-12 06:30:00+00:00,446.2416667,0.0,23.15178571,428.8981703,0.0,22.83809524,17.7,92.83406463,315.1948692,28.66509354,18.03808333
2025-07-12 06:45:00+00:00,445.356205,0.0,23.2,428.6652343,0.0,22.9,17.75638095,96.16923266,254.3065501,30.87482007,18.00967194
2025-07-12 07:00:00+00:00,444.3393775,0.0,23.2,428.5191197,0.0,22.9,17.8,99.31602633,91.63331724,32.95198413,17.63496625
2025-07-12 07:15:00+00:00,443.2776851,0.0,23.2,426.7175533,0.0,22.9,17.8,102.8258475,69.84807419,35.15177465,17.43565344
2025-07-12 07:30:00+00:00,442.2546192,0.0,23.2,426.3528139,0.0,22.9,17.8,106.1197691,53.28003711,37.12928571,17.24025974
2025-07-12 07:45:00+00:00,442.5684331,0.0,23.2,425.6354701,0.0,22.9,17.8,109.7475556,82.8656279,39.17446296,17.18257692
2025-07-12 08:00:00+00:00,441.106976,0.0,23.2,425.371323,0.0,22.9,17.8,113.4671498,78.58010345,41.12906229,17.3352385
2025-07-12 08:15:00+00:00,440.2776779,0.0,23.2,424.3681784,0.0,22.9,17.8,117.6006378,128.2876268,43.22410714,16.91801407
2025-07-12 08:30:00+00:00,440.130785,0.0,23.2,424.1289546,0.0,22.9,17.9,121.6143651,179.8325972,45.05695767,16.96886003
2025-07-12 08:45:00+00:00,438.9993481,0.0,23.28285714,423.3050951,0.0,22.95714286,17.9,125.9054956,218.3490229,46.87179113,17.2615716
2025-07-12 09:00:00+00:00,439.0361111,0.0,23.3,422.1744211,0.0,23.0,17.98888889,130.5619323,240.9317757,48.60994709,17.48641808
2025-07-12 09:15:00+00:00,438.183623,0.0,23.3,421.7694805,0.0,23.0,18.01071429,135.2277887,207.1721792,50.17177688,17.58561012
2025-07-12 09:30:00+00:00,436.918533,0.0,23.3,422.2978652,0.0,23.00074074,18.1,140.1662778,158.0396451,51.64817893,17.67169048
2025-07-12 09:45:00+00:00,438.0861395,0.0,23.33194805,421.78867,0.0,23.06181973,18.1,145.5389082,166.7064634,52.97997449,17.94128929
2025-07-12 10:00:00+00:00,435.4958086,0.0,23.4,421.3878247,0.0,23.1,18.13222222,150.8059544,161.9036846,54.09279609,18.21007489
2025-07-12 10:15:00+00:00,437.3142745,0.0,23.4,421.2036248,0.0,23.1,18.24285714,156.8560952,120.5479243,55.08892857,18.53239683
2025-07-12 10:30:00+00:00,435.3887549,0.0,23.4,420.5763998,0.0,23.1,18.3,162.7507125,101.2966417,55.89531926,18.63012266
2025-07-12 10:45:00+00:00,435.1417191,0.0,23.4,420.3333333,0.0,23.1,18.3,168.5931561,93.55414625,56.40149317,18.76770651
2025-07-12 11:00:00+00:00,433.7997574,0.0,23.4,420.0013794,0.0,23.1,18.3,174.9940249,83.41952261,56.74987245,18.8010119
2025-07-12 11:15:00+00:00,433.362037,0.0,23.34777778,419.4750361,0.0,23.1,18.32767857,181.1394873,97.93688198,56.8,18.64908181
2025-07-12 11:30:00+00:00,433.6693811,0.0,23.4,419.5920531,0.0,23.1,18.4,187.4213064,321.7598102,56.69974747,18.73788345
2025-07-12 11:45:00+00:00,432.6863295,0.0,23.41279762,419.2265873,0.0,23.10238095,18.45714286,193.8717687,755.3576749,56.25029762,19.2652381
2025-07-12 12:00:00+00:00,432.6593872,0.0,23.5,418.5268799,0.0,23.2,18.52,199.6382165,793.5686984,55.69368021,20.3410303
2025-07-12 12:15:00+00:00,432.5686236,0.0,23.52913265,417.4182318,0.0,23.26607143,18.6,205.172641,410.3006924,54.89146825,21.1030754
2025-07-12 12:30:00+00:00,432.5460596,0.0,23.6,424.1612372,0.0,23.3,18.64355556,210.283873,304.6933008,53.99003175,20.94038095
2025-07-12 12:45:00+00:00,432.6719893,0.0,23.6,429.0464082,0.0,23.37857143,18.7,216.6,355.1812849,52.62321429,20.35428571
2025-07-12 13:00:00+00:00,430.9804355,0.0,23.66,428.2783886,0.0,23.44,18.7,221.5253154,388.8967942,51.31062216,20.21976176
2025-07-12 13:15:00+00:00,430.6709957,0.0,23.7,427.4803667,0.0,23.5,18.7,226.6253685,270.4438355,49.75793651,19.92938569
2025-07-12 13:30:00+00:00,430.0542761,0.0,23.76666667,428.276912,0.0,23.52,18.7,231.369754,320.452198,48.08071429,19.7809418
2025-07-12 13:45:00+00:00,429.7836802,0.0,23.8,426.6707189,0.0,23.6125,18.72666667,235.9333369,624.1456858,46.29212121,20.57228788
2025-07-12 14:00:00+00:00,429.8296819,0.0,23.83857143,427.5128627,0.0,23.7,18.82857143,239.612381,369.1618981,44.67037415,20.86854925
2025-07-12 14:15:00+00:00,428.5778188,0.0,23.9,425.8499109,0.0,23.77771429,18.81555556,244.1388095,389.5418424,42.55392496,21.00671429
2025-07-12 14:30:00+00:00,427.9781746,0.0,23.92857143,426.4604686,0.0,23.8,18.8,247.8064744,354.5121186,40.68031746,20.81619048
2025-07-12 14:45:00+00:00,427.3145474,0.0,24.0,426.2031143,0.0,23.88253968,18.8,251.6218807,246.6071461,38.58386243,20.66310714
2025-07-12 15:00:00+00:00,426.6290655,0.0,24.0,425.3948624,0.0,23.9,18.8,254.9819728,180.2917966,36.6502551,20.2503349
2025-07-12 15:15:00+00:00,426.4481159,0.0,24.0,425.477282,0.0,23.9,18.8,258.4443832,221.9851682,34.52591227,20.04570958
2025-07-12 15:30:00+00:00,426.3829436,0.0,24.0,425.2447627,0.0,23.9,18.8,261.6491058,160.2075345,32.49465053,19.49161544
2025-07-12 15:45:00+00:00,425.7359821,0.0,24.0,424.2496626,0.0,23.9,18.8,265.1126133,142.1084444,30.21445647,18.67669264
2025-07-12 16:00:00+00:00,426.2347146,0.0,24.0,424.7382331,0.0,23.9,18.8,268.1616189,135.9845117,28.1569983,18.74039966
2025-07-12 16:15:00+00:00,423.9899495,0.0,24.0,423.6551122,0.0,23.9,18.832,271.1885,126.0731377,26.0493254,18.89650265
2025-07-12 16:30:00+00:00,424.5987338,0.0,24.0,423.1925926,0.0,23.85333333,18.9,274.410963,84.72031909,23.77492063,18.78265608
2025-07-12 16:45:00+00:00,424.3975524,0.0,24.0,422.8671763,0.0,23.8,18.9,277.502123,68.3565767,21.57426304,18.29166667
2025-07-12 17:00:00+00:00,424.6552665,0.0,24.0,421.4643421,0.0,23.8,18.98833333,280.3518327,65.78796279,19.53074074,18.41552564
2025-07-12 17:15:00+00:00,423.489218,0.0,24.0,421.2928126,0.0,23.8,19.0,283.2196599,51.27342196,17.48958462,18.53040127
2025-07-12 17:30:00+00:00,423.5030343,0.0,23.96533333,420.9772028,0.0,23.8,19.0,286.1788704,14.13418571,15.36683983,18.051829
2025-07-12 17:45:00+00:00,423.57031,0.0,23.9,421.0963938,0.0,23.71733333,19.01428571,289.2133923,19.0714594,13.25336941,17.07939149
2025-07-12 18:00:00+00:00,422.9054913,0.0,23.9,420.9656401,0.0,23.7,19.1,292.1588722,30.11867253,11.23484127,16.6937681
2025-07-12 18:15:00+00:00,422.4429194,0.0,23.9,420.7411652,0.0,23.7,19.16666667,295.1329916,22.81495456,9.250634921,16.73504762
2025-07-12 18:30:00+00:00,421.1894449,0.0,23.9,420.1910295,0.0,23.6297619,19.2,297.8768178,19.3377885,7.44854463,16.80551885
2025-07-12 18:45:00+00:00,421.0658276,0.0,23.8,420.0,0.0,23.6,19.2,300.9783333,21.3607923,5.4925,16.75408333
2025-07-12 19:00:00+00:00,420.9097744,0.0,23.8,419.9407378,0.0,23.6,19.2,303.8878829,15.88832189,3.731522109,16.5840033
2025-07-12 19:15:00+00:00,420.3553662,0.0,23.8,419.3068376,0.0,23.6,19.2,306.982754,10.16934829,1.962888889,16.4166
2025-07-12 19:30:00+00:00,420.7376715,0.0,23.78571429,419.3247024,0.0,23.6,19.2,310.1694505,5.479919894,0.243520924,16.34263889
2025-07-12 19:45:00+00:00,419.4943141,0.0,23.7,418.5744831,0.0,23.5,19.2,313.2105048,2.289428571,-1.292629295,16.30178571
2025-07-12 20:00:00+00:00,419.7618212,0.0,23.7,418.7951714,0.0,23.5,19.15333333,316.3576671,0.6766588,-2.847825804,16.21982619
2025-07-12 20:15:00+00:00,419.1961769,0.0,23.62307692,418.0452008,0.0,23.45,19.05,319.4588856,0.126590453,-4.258333333,16.10312029
2025-07-12 20:30:00+00:00,418.5274074,0.0,23.6,417.8346109,0.0,23.4,19.0,322.7765873,0.0,-5.64,15.96
2025-07-12 20:45:00+00:00,417.9721088,0.0,23.6,416.7571228,0.0,23.4,18.93203463,325.9183673,0.0,-6.844047619,15.68553803
2025-07-12 21:00:00+00:00,417.1153704,0.0,23.52592593,416.406746,0.0,23.32611111,18.81343915,329.1237522,0.0,-7.964246753,15.58227778
2025-07-12 21:15:00+00:00,418.0812056,0.0,23.5,416.9249123,0.0,23.3,18.8,332.5811804,0.0,-9.086545455,15.6
2025-07-12 21:30:00+00:00,417.547833,0.0,23.5,415.9345106,0.0,23.29642857,18.72325397,335.7258503,0.0,-9.947619048,15.36684982
2025-07-12 21:45:00+00:00,417.1504587,0.0,23.5,415.9593792,0.0,23.21166667,18.61466667,339.4655168,0.0,-10.84954377,15.24958923
2025-07-12 22:00:00+00:00,416.7386364,0.0,23.5,415.2857143,0.0,23.2,18.50833333,342.961777,0.0,-11.5434127,15.48414193
2025-07-12 22:15:00+00:00,416.9529781,0.0,23.41333333,414.236968,0.0,23.2,18.5,346.3834212,0.0,-12.10600215,15.75603175
2025-07-12 22:30:00+00:00,416.7141903,0.0,23.4,413.9559125,0.0,23.19857143,18.45,349.9942857,0.0,-12.58720238,15.90089286
2025-07-12 22:45:00+00:00,416.5470588,0.0,23.4,413.1551282,0.0,23.1,18.38666667,353.5441667,0.0,-12.89276936,15.9
2025-07-12 23:00:00+00:00,416.0392587,0.0,23.4,412.9141722,0.0,23.1,18.3,356.8535346,0.0,-13.03571429,15.92511905
2025-07-12 23:15:00+00:00,415.6485366,0.0,23.4,412.9771685,0.0,23.1,18.3,96.54117949,0.0,-13.1,15.99740326
2025-07-12 23:30:00+00:00,415.4614773,0.0,23.4,412.7182046,0.0,23.1,18.26428571,4.00284864,0.0,-13.05289116,15.8765377
2025-07-12 23:45:00+00:00,413.5758536,0.0,23.36923077,412.8824654,0.0,23.1,18.2,7.843943834,0.0,-12.79882479,15.79355395
2025-07-13 00:00:00+00:00,413.6135839,0.0,23.3,411.6874837,0.0,23.09933333,18.16666667,11.21254131,0.0,-12.46883333,15.77010606
2025-07-13 00:15:00+00:00,413.1178571,0.0,23.3,410.8791514,0.0,23.0,18.1,14.90159014,0.0,-11.99353742,15.68036508
2025-07-13 00:30:00+00:00,412.785957,0.0,23.3,410.2937037,0.0,23.0,18.1,18.44088889,0.0,-11.35644444,15.7
2025-07-13 00:45:00+00:00,412.4114646,0.0,23.3,410.2675014,0.0,23.0,18.1,21.82238095,0.0,-10.65178571,15.64219048
2025-07-13 01:00:00+00:00,411.6600535,0.0,23.3,408.9140354,0.0,23.0,18.05357143,25.21740741,0.0,-9.792253968,15.56
2025-07-13 01:15:00+00:00,411.9778876,0.0,23.3,408.9931034,0.0,23.0,18.0,28.53343915,0.0,-8.89,15.36066667
2025-07-13 01:30:00+00:00,411.6229592,0.0,23.3,407.601162,0.0,23.0,17.95285714,31.96965703,0.0,-7.770379819,15.01872024
2025-07-13 01:45:00+00:00,410.5938928,0.0,23.24615385,408.3205128,0.0,22.95384615,17.9,35.41955128,0.0,-6.499038462,14.9
2025-07-13 02:00:00+00:00,410.3545851,0.0,23.2,407.6956932,0.0,22.9,17.9,38.40103175,0.0,-5.325952381,15.03054422
2025-07-13 02:15:00+00:00,410.5209751,0.0,23.2,406.4923196,0.0,22.9,17.9,41.70540659,0.002066441,-3.918639971,15.23264646
2025-07-13 02:30:00+00:00,410.1318994,0.0,23.2,406.6411746,0.0,22.9,17.80510204,44.91317022,0.174074908,-2.450382475,15.42730787
2025-07-13 02:45:00+00:00,409.4442898,0.0,23.2,406.1528042,0.0,22.9,17.8,48.02805556,0.547383357,-0.886296296,15.527
2025-07-13 03:00:00+00:00,409.6192593,0.0,23.2,406.4725324,0.0,22.9,17.8,51.25341174,1.218714397,0.717333333,15.27150427
2025-07-13 03:15:00+00:00,409.0500696,0.0,23.2,406.4246068,0.0,22.9,17.8,54.06744048,2.805066117,2.305986395,14.96615955
2025-07-13 03:30:00+00:00,407.7192632,0.0,23.2,405.613514,0.0,22.9,17.8,57.26653319,3.986462674,4.171446609,14.80603175
2025-07-13 03:45:00+00:00,408.1078755,0.0,23.2,405.6871795,0.0,22.9,17.8,60.08482143,5.416703551,5.885064935,14.78714286
2025-07-13 04:00:00+00:00,407.9141465,0.0,23.2,405.1513709,0.0,22.9,17.8,63.16106614,7.269337291,7.834103175,14.789
2025-07-13 04:15:00+00:00,407.7320098,0.0,23.2,405.4242941,0.0,22.9,17.8,66.01575132,9.166947189,9.720412458,14.81568632
2025-07-13 04:30:00+00:00,407.4962376,0.0,23.2,404.4189129,0.0,22.9,17.78065476,68.93243884,18.85388244,11.68550039,14.90401884
2025-07-13 04:45:00+00:00,407.0741087,0.0,23.2,404.2466667,0.0,22.9,17.7,72.10079365,25.7513822,13.87412698,15.11222222
2025-07-13 05:00:00+00:00,407.8351648,0.0,23.2,403.1874462,0.0,22.9,17.7,75.0077381,21.63697584,15.89642857,15.25
2025-07-13 05:15:00+00:00,406.5486049,0.0,23.2,402.8479532,0.0,22.9,17.7,77.87544312,26.52676141,17.96398677,15.38252206
2025-07-13 05:30:00+00:00,406.842557,0.0,23.2,402.7745264,0.0,22.9,17.7,80.81994811,41.84544227,20.04862221,15.54350649
2025-07-13 05:45:00+00:00,406.1361905,0.0,23.2,402.6640354,0.0,22.9,17.7,83.6489881,53.34907497,22.05391919,15.64133333
2025-07-13 06:00:00+00:00,405.5645635,0.0,23.2,402.3540691,0.0,22.9,17.7,86.90384127,57.96209616,24.34301587,15.80645238
2025-07-13 06:15:00+00:00,405.179524,0.0,23.2,402.3459029,0.0,22.9,17.7,89.8441275,34.99359172,26.39784581,15.8987013
2025-07-13 06:30:00+00:00,404.4749922,0.0,23.2,401.8918551,0.0,22.9,17.7,93.01794012,75.56881695,28.59511616,15.96623377
2025-07-13 06:45:00+00:00,404.2443497,0.0,23.2,401.0777865,0.0,22.9,17.7,96.05477015,96.65399928,30.64229592,16.12634199
2025-07-13 07:00:00+00:00,403.7678171,0.0,23.23944444,401.1817175,0.0,22.9,17.7,99.45184625,98.35193229,32.84801701,16.31061376
2025-07-13 07:15:00+00:00,403.8484127,0.0,23.3,401.0353582,0.0,22.9,17.7,102.8260317,67.87562247,34.96767857,16.31264925
2025-07-13 07:30:00+00:00,403.1617258,0.0,23.3,400.8519048,0.0,22.9,17.7,106.3020769,111.8905683,37.06076636,16.44716361
2025-07-13 07:45:00+00:00,403.0894444,0.0,23.3,400.8516201,0.0,22.96724747,17.7,110.0617344,166.5017038,39.16691575,16.78333333
2025-07-13 08:00:00+00:00,402.9995199,0.0,23.33846154,400.505504,0.0,23.0,17.7,113.6964994,226.6103222,41.11386054,17.20714286
2025-07-13 08:15:00+00:00,402.926675,0.0,23.4,400.7315485,0.0,23.02647619,17.7,117.3971481,244.3488994,42.96890741,17.43150794
2025-07-13 08:30:00+00:00,402.2142857,0.0,23.4,400.2085714,0.0,23.1,17.7,121.8004252,395.1805193,44.99075964,17.79587454
2025-07-13 08:45:00+00:00,401.8380497,0.0,23.44,399.453328,0.0,23.14,17.72,126.0257407,682.548953,46.73083333,18.45353846
2025-07-13 09:00:00+00:00,401.6366522,0.0,23.5,399.3928446,0.0,23.2,17.8,130.5975067,535.8650449,48.44729283,18.85117199
2025-07-13 09:15:00+00:00,401.7854701,0.0,23.54415584,399.4984466,0.0,23.24777778,17.8,135.2363175,258.5001446,50.03140981,18.71722944
2025-07-13 09:30:00+00:00,401.623889,0.0,23.6,398.5226152,0.0,23.3,17.8,140.1686499,219.8371679,51.44913658,18.48522279
2025-07-13 09:45:00+00:00,401.2653389,0.0,23.6,398.9305483,0.0,23.3,17.8,145.2517063,226.988594,52.71666667,18.4664127
2025-07-13 10:00:00+00:00,401.0539163,0.0,23.61333333,399.2483313,0.0,23.3,17.8,151.1799286,371.3169264,54.00657143,18.6535881
2025-07-13 10:15:00+00:00,401.0253346,0.0,23.7,398.8829204,0.0,23.37272727,17.8,156.672711,572.0621488,54.92626263,19.02566316
2025-07-13 10:30:00+00:00,400.9555556,0.0,23.7237963,398.7425521,0.0,23.49333333,17.852,162.5656626,342.507094,55.70210179,19.53613175
2025-07-13 10:45:00+00:00,401.5517571,0.0,23.82857143,399.2671193,0.0,23.52698413,17.9,168.200344,439.3245875,56.20106164,19.61576531
2025-07-13 11:00:00+00:00,399.9766874,0.0,23.9,399.6114507,0.0,23.6,17.95,174.9358074,534.7083771,56.60133333,20.02874266
2025-07-13 11:15:00+00:00,400.1666667,0.0,23.9,399.3300817,0.0,23.6,18.0,180.9386593,319.8548058,56.69285714,20.27933815
2025-07-13 11:30:00+00:00,400.1688636,0.0,23.951,399.0,0.0,23.67333333,18.04833333,187.2762857,490.5610865,56.5152381,20.58579113
2025-07-13 11:45:00+00:00,400.0866877,0.0,24.0,398.5520042,0.0,23.7,18.1,193.5854947,498.5433156,56.13971164,20.76666667
2025-07-13 12:00:00+00:00,399.7162748,0.0,24.03843537,398.2916568,0.0,23.7821645,18.1,199.417357,559.2115474,55.53342301,21.04483865
2025-07-13 12:15:00+00:00,400.4439488,0.0,24.1,399.121958,0.0,23.8,18.13888889,205.4944899,676.1659278,54.69353535,21.32241077
2025-07-13 12:30:00+00:00,399.4764652,0.0,24.11538462,398.5229197,0.0,23.87692308,18.20128205,211.1278486,590.1490758,53.6744898,21.53841667
2025-07-13 12:45:00+00:00,399.8813625,0.0,24.2,398.5440337,0.0,23.9087619,18.3,216.220595,620.6959973,52.55742125,21.56067399
2025-07-13 13:00:00+00:00,400.2956349,0.0,24.2,397.8809524,0.0,23.99698413,18.36410256,221.5838474,600.5783048,51.12528662,21.95156563
2025-07-13 13:15:00+00:00,400.8080053,0.0,24.22857143,398.5405771,0.0,24.05521212,18.4,226.2682778,490.6916701,49.70839327,21.76351508
2025-07-13 13:30:00+00:00,400.0271117,0.0,24.31269841,398.9226792,0.0,24.1577381,18.45714286,230.9672619,496.7946794,48.06378066,21.92414683
2025-07-13 13:45:00+00:00,399.3787837,0.0,24.30571429,399.0193185,0.0,24.23333333,18.5,235.276035,542.0083402,46.39718783,21.98752137
2025-07-13 14:00:00+00:00,400.3475214,0.0,24.39842593,399.4492991,0.0,24.32666667,18.5,239.8092593,538.6576443,44.42740741,22.09555556
2025-07-13 14:15:00+00:00,401.7470522,0.0,24.4,399.9642001,0.0,24.52232143,18.55,243.8101899,642.5389971,42.5625,22.48128968
2025-07-13 14:30:00+00:00,401.8704659,0.0,24.45333333,399.8274045,0.0,24.60571429,18.6,247.7858387,375.0731126,40.50015488,22.16153889
2025-07-13 14:45:00+00:00,400.9992597,0.0,24.5,399.9505495,0.0,24.7734127,18.67380952,251.2499359,569.9004191,38.62326007,22.23624673
2025-07-13 15:00:00+00:00,400.4107605,0.0,24.59333333,400.3381609,0.0,24.95,18.73777778,254.9005,410.0793061,36.50406926,22.29923485
2025-07-13 15:15:00+00:00,401.2864809,0.0,24.62857143,400.4000297,0.0,24.98244048,18.8,258.4308514,380.937733,34.39111781,22.34431122
2025-07-13 15:30:00+00:00,401.0843917,0.0,24.7,400.7418519,0.0,25.1,18.8,261.726931,330.17535,32.27749495,22.13962551
2025-07-13 15:45:00+00:00,401.0488266,0.0,24.76166667,400.2293488,0.0,25.12666667,18.8,264.8209894,296.3270489,30.23402886,22.08797778
2025-07-13 16:00:00+00:00,401.3052997,0.0,24.82202381,400.3593161,0.0,25.2107345,18.9,267.7819733,397.5677352,28.24315476,22.07457383
2025-07-13 16:15:00+00:00,400.735558,0.0,24.92133333,400.7324974,0.0,25.4,18.98472222,271.3506667,381.7826083,25.73066667,22.40088889
2025-07-13 16:30:00+00:00,400.9572793,0.0,25.0,400.9192184,0.0,25.4,19.0,274.2472421,220.1887701,23.70214286,22.02823016
2025-07-13 16:45:00+00:00,401.3151688,0.0,25.0,400.5572115,0.0,25.4,19.0,277.2084444,207.6595033,21.59526455,22.08693333
2025-07-13 17:00:00+00:00,401.2284091,0.0,25.0,400.4302307,0.0,25.32555556,19.0,280.2605523,196.4520406,19.43449657,21.96577381
2025-07-13 17:15:00+00:00,401.7190217,0.0,25.0,400.0604351,0.0,25.27010101,19.0,283.1188889,112.7964649,17.39549206,21.64052381
2025-07-13 17:30:00+00:00,401.4584995,0.0,25.0,400.5630401,0.0,25.29883117,19.07333333,286.2022011,169.32134,15.17193651,21.748
2025-07-13 17:45:00+00:00,401.4885699,0.0,25.01857143,400.3895534,0.0,25.45119048,19.16428571,289.1069442,157.6751728,13.14657738,21.72519048
2025-07-13 18:00:00+00:00,400.9422222,0.0,25.1,400.7362307,0.0,25.5,19.2,292.094881,143.254309,11.10440212,21.59126876
2025-07-13 18:15:00+00:00,401.2088346,0.0,25.1,400.4448525,0.0,25.52397186,19.2,294.7829049,116.0528964,9.297202639,21.32492775
2025-07-13 18:30:00+00:00,401.2944118,0.0,25.1,400.267871,0.0,25.44666667,19.21833333,297.8597884,28.9572266,7.278941799,21.13730159
2025-07-13 18:45:00+00:00,401.0682473,0.0,25.08979592,400.4908354,0.0,25.29047619,19.32142857,300.8616883,11.56637459,5.39025974,20.78636364
2025-07-13 19:00:00+00:00,402.3906007,0.0,25.0,400.1939916,0.0,25.16,19.4,303.8023016,4.848349365,3.634904762,20.5731746
2025-07-13 19:15:00+00:00,237.3823511,0.0,25.0,235.593315,0.0,25.0,11.12142857,175.0442022,1.755193674,1.23452381,11.61854396
2025-07-13 19:30:00+00:00,400.9908975,0.0,24.9,401.166529,0.0,24.96349206,19.5,309.8443056,2.881217212,0.228214286,19.91960317
2025-07-13 19:45:00+00:00,401.0,0.0,24.86111111,401.2685977,0.0,24.9,19.52666667,313.0747506,1.340829535,-1.384359548,19.60249747
2025-07-13 20:00:00+00:00,399.9626323,0.0,24.8,400.7435234,0.0,24.81333333,19.6,315.9267181,0.300535095,-2.786149156,19.21563232
2025-07-13 20:15:00+00:00,401.201644,0.0,24.77788462,400.6970968,0.0,24.7744898,19.69166667,319.1609524,0.018324176,-4.264013605,19.15115228
2025-07-13 20:30:00+00:00,399.9187037,0.0,24.7,399.8664146,0.0,24.7,19.7,322.3782078,0.0,-5.622608225,18.86506169
2025-07-13 20:45:00+00:00,401.0501323,0.0,24.7,399.6134962,0.0,24.65377778,19.74095238,325.7955455,0.0,-6.959385281,18.70913333
2025-07-13 21:00:00+00:00,402.0113709,99.72777778,24.56018519,401.1492105,95.11621212,24.6,19.77185714,329.2407143,0.0,-8.165595238,18.51416667
2025-07-13 21:15:00+00:00,428.0872057,165.7610171,24.33468357,417.687515,157.447952,24.54638605,19.5244898,332.3646806,0.0,-9.153087858,18.30639739
2025-07-13 21:30:00+00:00,454.464331,167.1684071,24.1975,442.7127328,161.5324972,24.34666667,19.30416667,335.7868609,0.0,-10.09859259,18.08393651
2025-07-13 21:45:00+00:00,470.8894242,166.0885979,24.02,465.8115551,161.7560144,24.21833333,19.2,339.4004127,0.0,-10.96008466,17.91079365
2025-07-13 22:00:00+00:00,482.731978,269.4712698,23.83666667,479.2900674,268.4732192,24.059,19.13333333,342.8820238,0.0,-11.68178571,18.80047557
2025-07-13 22:15:00+00:00,490.9039131,315.8414905,23.62857143,488.6592635,311.3320068,23.92142857,19.0,346.3844359,0.0,-12.26992347,19.75201701
2025-07-13 22:30:00+00:00,493.5397427,317.3515849,23.5,491.9826101,311.9182891,23.74487013,18.94285714,349.8035,0.0,-12.69030808,19.65446111
2025-07-13 22:45:00+00:00,493.3018434,320.1225926,23.4,493.6719517,309.9689333,23.69259259,18.9,353.3809236,0.0,-13.02099488,20.08933598
2025-07-13 23:00:00+00:00,492.6287037,315.475,23.33333333,493.0874644,309.8012346,23.6,18.87857143,355.2,0.0,-13.1,19.9
2025-07-13 23:15:00+00:00,492.5992772,317.2125208,23.24285714,492.2752672,311.2790083,23.52553571,18.79285714,97.24887755,0.0,-13.24571429,19.97348423
2025-07-13 23:30:00+00:00,492.7833025,315.0749425,23.2,492.4873922,310.4526629,23.44817327,18.60111111,4.031003663,0.0,-13.1969652,19.55785983
2025-07-13 23:45:00+00:00,494.410625,317.922683,23.04,494.0997622,313.9942411,23.36,18.41866667,7.89056044,0.0,-12.98150794,19.16577249
2025-07-14 00:00:00+00:00,496.942249,317.8766146,23.0,496.8747968,312.3642997,23.27698413,18.3,11.4231746,0.0,-12.62767857,19.42843228
2025-07-14 00:15:00+00:00,498.5464074,317.7826148,22.91142857,497.4885173,312.9176236,23.2,18.3,14.87428042,0.0,-12.15238095,19.27883598
2025-07-14 00:30:00+00:00,501.2137037,318.942328,22.85904762,499.2029224,314.1447037,23.13866667,18.3,18.40152357,0.0,-11.54607407,19.50747778
2025-07-14 00:45:00+00:00,501.5505983,315.9179487,22.8,499.6087646,309.9862116,23.1,18.3,21.92867845,0.0,-10.79790404,19.53296296
2025-07-14 01:00:00+00:00,501.4286084,319.4469843,22.75,500.0027837,313.0285001,23.01846154,18.3,25.29103278,0.0,-9.965039683,19.65786054
2025-07-14 01:15:00+00:00,500.5753216,318.4444444,22.68111111,499.3281268,312.4336182,23.0,18.3,28.67109428,0.0,-8.988417508,19.48942857
2025-07-14 01:30:00+00:00,498.9485043,316.939899,22.6,497.9108669,313.5814408,22.94452381,18.35333333,31.99381481,0.0,-7.905888889,19.14785455
2025-07-14 01:45:00+00:00,497.3805147,314.0386994,22.5474359,496.9764224,312.4245926,22.8877551,18.38333333,35.35693311,0.0,-6.691536281,19.44157029
2025-07-14 02:00:00+00:00,495.2993836,317.4302642,22.5,494.3897679,312.0882462,22.8,18.3,38.32312963,0.0,-5.55187963,18.77730801
2025-07-14 02:15:00+00:00,494.5137129,319.8155556,22.50666667,494.6574074,314.8313593,22.8,18.29428571,41.84133562,0.042537037,-4.034125313,18.40381626
2025-07-14 02:30:00+00:00,494.3221818,316.0276538,22.48807937,504.0994413,316.7199186,22.75361111,18.2,44.97821332,0.375108795,-2.583396825,17.97821429
2025-07-14 02:45:00+00:00,505.1293651,311.2595341,22.51047619,505.3650794,312.5610333,22.8,18.2,48.17421769,1.307272727,-0.968055556,18.23928571
2025-07-14 03:00:00+00:00,497.0889424,98.00586081,22.788,497.2387073,97.66287705,22.8,18.2,50.97263792,4.442107834,0.436012876,18.02768254
2025-07-14 03:15:00+00:00,490.0439027,62.04747475,23.18,490.6059158,61.96834582,22.93154762,17.50666667,54.22901659,10.71291851,2.212564103,18.77655199
2025-07-14 03:30:00+00:00,487.5884948,62.07698134,23.2,489.0671208,61.92102168,23.0,16.7,57.30113468,20.69568445,4.010793651,19.26609561
2025-07-14 03:45:00+00:00,485.0814397,62.30252849,23.175,486.1919643,62.45674023,23.0,17.25992063,60.02019751,35.72382504,5.680952381,18.68
2025-07-14 04:00:00+00:00,482.4178124,62.14313578,23.26528571,484.6808915,61.91781516,23.08898148,17.09380952,63.09633333,39.97788225,7.625277778,19.12026414
2025-07-14 04:15:00+00:00,481.2700076,61.76418724,23.3,483.5133822,61.81647173,23.1,16.42571429,66.01462434,42.69424503,9.535343915,19.35848677
2025-07-14 04:30:00+00:00,480.3894118,61.58708995,23.26555556,482.2665674,61.84522765,23.1,16.98111111,68.60466667,48.75870279,11.268,19.30533333
2025-07-14 04:45:00+00:00,481.3213229,61.49313089,23.2,482.2758471,61.37956904,23.1,17.08129252,72.00547761,47.785737,13.63422284,19.19463379
2025-07-14 05:00:00+00:00,484.5233677,61.1859127,23.28,481.8269697,61.50303653,23.1,16.87454545,74.63251852,72.46849506,15.45377778,19.4406381
2025-07-14 05:15:00+00:00,484.3878375,61.85991242,23.40666667,487.8773243,61.89048129,23.1,17.09333333,78.01162698,88.50812567,17.8540873,19.73864723
2025-07-14 05:30:00+00:00,487.4118449,62.34116082,23.46923077,513.2630587,61.80643929,23.09285714,17.31538462,80.88626417,84.36614085,19.88650794,19.73128659
2025-07-14 05:45:00+00:00,521.5656068,61.2715873,23.44661905,532.8734175,61.11621805,23.27095238,17.54439153,83.66258333,97.46285796,21.87816667,20.00480357
2025-07-14 06:00:00+00:00,545.1695454,61.7415873,23.58444444,563.4743413,61.57217532,23.41777778,17.14933333,86.72851282,119.8222469,24.02447375,19.94133822
2025-07-14 06:15:00+00:00,549.7123802,61.97646825,23.71333333,566.1347366,61.95537227,23.5,16.83818182,89.76740741,136.925366,26.17626263,19.69453333
2025-07-14 06:30:00+00:00,580.0548348,61.70772491,23.73928571,574.5452381,61.73146457,23.52987013,16.75,92.85027494,169.0646277,28.30734694,20.22777778
2025-07-14 06:45:00+00:00,594.7147344,62.74228028,23.89733333,566.7144122,61.35062057,23.60355556,16.90666667,96.26328388,206.9020675,30.5776862,20.52698413
2025-07-14 07:00:00+00:00,598.3442766,61.67259407,23.98666667,563.1165249,61.4876334,23.7,17.12,99.64805195,199.0961581,32.78453824,20.80989899
2025-07-14 07:15:00+00:00,615.7786502,66.01980318,24.06412698,572.8899442,60.70201764,23.70178571,17.43845599,102.8958418,227.9049655,34.81318594,20.60577381
2025-07-14 07:30:00+00:00,619.7265344,68.29412698,24.00222222,579.6520558,60.27507348,23.76984127,17.50533333,106.4601852,571.4385328,36.98007576,21.04614815
2025-07-14 07:45:00+00:00,619.825958,77.91876882,24.12666667,608.800892,62.0663895,23.87454545,17.684,109.8351429,539.1135861,38.882,21.14474074
2025-07-14 08:00:00+00:00,617.5822339,96.61660256,24.22468254,621.2347459,61.50425489,24.0,17.42857143,113.7043598,591.3090988,40.92421164,21.64637879
2025-07-14 08:15:00+00:00,616.5311224,114.4882937,24.16794872,625.1918396,62.56760277,24.0,17.3,117.6573672,459.3792534,42.89863894,21.63535093
2025-07-14 08:30:00+00:00,602.0012121,132.787963,24.2,623.1689117,62.35391813,24.0,17.20666667,121.5316241,571.8814545,44.68608586,21.95210606
2025-07-14 08:45:00+00:00,593.7761409,148.1969577,24.16514286,618.7251669,63.72695611,24.1,17.25333333,126.2051616,714.9433818,46.65529915,21.74266667
2025-07-14 09:00:00+00:00,584.2781654,164.8230228,24.20376068,612.3152709,71.94193595,24.1,17.4,130.2182852,751.9428962,48.16724144,22.30805101
2025-07-14 09:15:00+00:00,571.2289916,184.6586538,24.21403061,604.6500661,82.47649343,24.12261905,17.32673469,135.5844813,661.1186283,49.95567177,23.00071248
2025-07-14 09:30:00+00:00,562.791349,204.1141307,24.2,592.0500135,92.67102689,24.08525132,17.29285714,139.9533333,602.8930337,51.25333333,23.09466667
2025-07-14 09:45:00+00:00,557.4840606,216.0246849,24.07326007,570.9186651,103.5005551,24.1,17.18461538,145.3375397,437.7216612,52.6165873,23.03375661
2025-07-14 10:00:00+00:00,544.2979792,223.6556831,24.1,556.7070641,112.1235002,24.08785714,16.95,150.9159091,512.7124217,53.80811688,22.99976268
2025-07-14 10:15:00+00:00,529.6859527,232.0542196,24.12666667,567.2715803,120.6479116,24.03259259,16.7,156.1688932,214.2077135,54.70261905,22.66871693
2025-07-14 10:30:00+00:00,528.9124262,237.7529412,24.04666667,568.7223035,119.6579845,24.0,16.6875,162.0834324,494.032679,55.51038095,22.53150794
2025-07-14 10:45:00+00:00,531.7251919,244.5048148,24.07333333,558.8320732,118.4265714,24.005,17.43634921,168.9688846,645.4822924,56.13561328,22.74300231
2025-07-14 11:00:00+00:00,537.2523502,255.3935309,24.03589744,558.3115,119.6908497,24.0474359,17.4,174.8722681,485.114001,56.45260668,22.82001308
2025-07-14 11:15:00+00:00,536.6589418,257.4269841,23.99083333,558.6780454,119.1718644,23.97733333,16.34,181.1266402,620.3272077,56.5,22.49455556
2025-07-14 11:30:00+00:00,535.4303008,250.2952381,23.96,553.7234932,119.9967554,24.0,16.49333333,186.9677037,681.8452944,56.4,22.33688889
2025-07-14 11:45:00+00:00,532.6778077,249.005,23.97333333,546.4435035,122.1057576,24.07733333,16.94444444,193.7205291,339.4764451,55.984,22.26452625
2025-07-14 12:00:00+00:00,530.852381,243.7073336,23.9,541.7183369,131.2967945,24.09387755,16.79230769,199.3982993,138.6924645,55.42420635,21.91531746
2025-07-14 12:15:00+00:00,528.7180598,237.3994352,23.91975733,532.5526697,136.6277792,23.97580952,16.60714286,205.012639,225.3598433,54.61256721,21.27052835
2025-07-14 12:30:00+00:00,527.9316498,226.1825311,23.84333333,528.9176267,134.1053992,24.0,17.24916667,210.9759307,579.4968396,53.55234127,21.91474435
2025-07-14 12:45:00+00:00,527.8261905,216.9957462,23.87357143,526.7302461,131.281727,23.96836735,17.92678571,216.3439456,558.3527436,52.35047009,22.54976755
2025-07-14 13:00:00+00:00,537.1585714,203.2991534,23.87,525.1823445,134.1794296,24.1,17.38666667,221.4771667,121.9522622,50.99465079,22.67674501
2025-07-14 13:15:00+00:00,536.6142299,201.2566239,24.0,521.8341134,134.2631841,23.8325,16.73277778,225.8357316,110.0884346,49.6611621,22.12086447
2025-07-14 13:30:00+00:00,527.9274074,200.1742191,24.0,508.6285714,123.5288091,23.9,16.4,230.9162513,201.9720121,47.92159812,21.51865476
2025-07-14 13:45:00+00:00,511.9541,200.238322,24.0,502.368646,114.6507722,23.9,16.61428571,234.9612245,399.3835939,46.35102041,21.71035714
2025-07-14 14:00:00+00:00,500.8847727,97.31111007,24.10666667,498.671613,76.21008282,24.07908466,15.62666667,239.5705243,717.6916713,44.37571429,22.46489947
2025-07-14 14:15:00+00:00,495.9698569,59.67769231,24.26666667,496.6448196,63.16285714,24.36,15.40266667,243.7801604,555.0759703,42.38402116,23.34698413
2025-07-14 14:30:00+00:00,493.3885531,59.37610399,24.3831746,493.1970811,63.36107962,24.44833333,16.55322751,247.6147143,602.9075604,40.42111111,23.54974747
2025-07-14 14:45:00+00:00,489.0766501,59.32877856,24.47142857,489.9927816,62.90874554,24.64387755,18.2,250.9209099,651.8335671,38.60934524,23.93142857
2025-07-14 15:00:00+00:00,485.1265099,59.22998576,24.56666667,486.0261881,63.56645514,24.82181818,17.88329004,254.6676667,602.404795,36.47862698,23.69948485
2025-07-14 15:15:00+00:00,483.8800756,58.85580743,24.60266667,484.2795538,63.77082247,25.03121789,17.33666667,258.225381,534.5075036,34.31263757,23.74708936
2025-07-14 15:30:00+00:00,480.7466147,59.64388889,24.7,483.5883379,63.32472498,25.2583367,17.11288889,261.6919175,494.1046734,32.11418433,23.69855563
2025-07-14 15:45:00+00:00,479.3556166,58.36465856,24.79098639,482.794816,63.38107537,25.47142857,16.26763605,264.8636905,451.9995328,30.02906746,23.77606899
2025-07-14 16:00:00+00:00,478.9524183,58.86342138,24.89555556,480.9819405,62.7497263,25.65333333,15.84,268.0218254,413.4374096,27.86201587,23.9634009
2025-07-14 16:15:00+00:00,477.8116674,59.4284917,24.94148148,479.9189028,63.55083116,25.76761905,16.1,271.1846111,374.9234035,25.71103175,23.67459259
2025-07-14 16:30:00+00:00,475.5072962,59.26090717,25.01274725,479.7117962,63.55863095,25.87261905,16.89340659,274.000873,341.4182873,23.70593692,23.81265306
2025-07-14 16:45:00+00:00,474.9557299,58.81521645,25.1,477.0752882,62.72925728,25.95833333,17.51555556,277.0987963,307.413618,21.47610582,23.40043146
2025-07-14 17:00:00+00:00,473.9971014,59.88777778,25.1,476.5246447,63.90875332,26.05,17.54769231,280.1010909,265.1881431,19.33792208,22.89197576
2025-07-14 17:15:00+00:00,472.6524298,58.9375,25.18733333,474.9777821,62.81917713,26.1,17.06666667,283.1579145,229.0508679,17.18867949,22.85500212
2025-07-14 17:30:00+00:00,472.9196429,59.32445858,25.2,474.9849146,63.59261478,26.1,16.84126984,285.8626623,196.5460599,15.2375,22.91160714
2025-07-14 17:45:00+00:00,471.3473647,59.10150081,25.2,475.3833392,62.97441131,25.93447619,16.64666667,288.7048889,78.76408025,13.242,22.59667444
2025-07-14 18:00:00+00:00,471.3149992,59.43184658,25.11904762,474.405006,63.42755939,25.63440476,16.25155556,291.7750303,21.59202779,11.13333333,21.58561284
2025-07-14 18:15:00+00:00,470.5248085,59.36882562,25.04166667,475.0015317,62.87094185,25.48269558,16.27142857,294.8402976,19.95487475,9.079073129,20.76036565
2025-07-14 18:30:00+00:00,469.7593313,60.14420312,24.99111111,473.3201234,63.59604285,25.33266667,17.0,297.5411198,18.12240294,7.327859455,20.11596366
2025-07-14 18:45:00+00:00,470.431165,59.80425926,24.9,473.3013493,62.98233642,25.19498413,16.88715278,300.6540812,14.90019491,5.340628816,19.65797436
2025-07-14 19:00:00+00:00,471.1886364,7.887179487,24.9,474.1051852,7.157894737,25.1,17.18777778,303.8448571,16.34617314,3.409555556,19.77944444
2025-07-14 19:15:00+00:00,472.2662981,0.0,24.82261905,473.3876163,0.0,25.12227891,17.57785714,306.7741039,12.34122444,1.710714286,19.53567831
2025-07-14 19:30:00+00:00,471.6080646,0.0,24.8,472.9131514,0.0,25.02555604,17.81941318,309.601426,5.693758181,0.197250167,19.55727106
2025-07-14 19:45:00+00:00,470.1244444,0.0,24.73666667,472.6431041,0.0,24.89333333,18.0,313.0294815,1.882642425,-1.536055556,19.15259259
2025-07-14 20:00:00+00:00,471.0711111,0.0,24.7,473.5289471,0.0,24.8,17.94666667,316.1414974,0.511724405,-3.075148615,18.91984127
2025-07-14 20:15:00+00:00,469.7410873,0.0,24.68333333,471.8304563,0.0,24.78571429,17.9,319.2572619,0.068498169,-4.469387755,18.80238095
2025-07-14 20:30:00+00:00,469.4117023,0.0,24.6,469.3693333,0.0,24.7,17.9,322.4743788,0.0,-5.821809524,19.22968687
2025-07-14 20:45:00+00:00,468.4975404,0.0,24.6,469.2869697,0.0,24.62,17.94,325.9246667,0.0,-7.155666667,19.37459829
2025-07-14 21:00:00+00:00,468.0811338,87.6407044,24.58461538,468.1428571,83.74450549,24.6,18.60923077,328.8834482,0.0,-8.192321429,19.42857143
2025-07-14 21:15:00+00:00,477.4713183,166.0850803,24.30095238,473.0288102,160.1195944,24.49433333,19.5,332.3874286,0.0,-9.29439691,19.6970959
2025-07-14 21:30:00+00:00,486.2287718,165.9361121,24.10384615,481.9987163,161.4686266,24.36923077,19.40769231,336.0163285,0.0,-10.30631164,19.38538462
2025-07-14 21:45:00+00:00,491.8486985,165.5380566,23.93333333,489.1728573,158.2691775,24.25333333,19.245,339.4606379,0.0,-11.14464935,18.91858297
2025-07-14 22:00:00+00:00,494.4078231,260.3531037,23.79230769,493.1388743,257.2601703,24.13571429,19.18397436,342.7798781,0.0,-11.83227041,18.15049036
2025-07-14 22:15:00+00:00,495.5574074,314.6629163,23.55314815,494.6223002,313.7719568,24.02666667,18.96880952,346.1637527,0.0,-12.38466575,17.48370635
2025-07-14 22:30:00+00:00,493.8944928,313.7323232,23.47857143,495.1761828,315.0294208,23.89280423,18.85,349.7625204,0.0,-12.85184512,17.30418519
2025-07-14 22:45:00+00:00,498.087013,315.1777778,23.39533333,497.4168152,316.630303,23.78545455,18.72193878,353.605721,0.0,-13.19999573,16.94770997
2025-07-14 23:00:00+00:00,504.1256653,316.1102295,23.27857143,503.497619,315.0582456,23.67714286,18.46428571,357.0875417,0.0,-13.36428571,16.89387755
2025-07-14 23:15:00+00:00,507.7529199,316.6455809,23.14288889,508.5602281,317.4137344,23.6,18.32666667,106.726138,0.0,-13.4,16.67985221
2025-07-14 23:30:00+00:00,511.916221,317.2252292,23.04,512.1040843,317.2706192,23.6,18.29333333,4.279345839,0.0,-13.34083333,16.65152189
2025-07-14 23:45:00+00:00,510.7805128,315.4904536,22.89333333,510.3421309,316.2056177,23.39407407,18.2,7.971666667,0.0,-13.1175,16.90700926
2025-07-15 00:00:00+00:00,508.7900974,317.1304813,22.82142857,508.5015394,315.8416573,23.3,18.3,11.33730159,0.0,-12.78660714,16.95
2025-07-15 00:15:00+00:00,509.4530345,319.050346,22.7,508.4985607,315.2539388,23.27422222,18.3,14.47709476,0.0,-12.36851852,16.96285714
2025-07-15 00:30:00+00:00,505.6401704,316.0976455,22.6791342,504.9042112,315.7980939,23.17126068,18.50740741,18.36742761,0.0,-11.67350842,17.385
2025-07-15 00:45:00+00:00,499.6310037,318.0136646,22.62702381,500.8188466,315.8053639,23.11424098,18.60888889,21.6823668,0.0,-10.98536556,17.58322222
2025-07-15 01:00:00+00:00,498.799725,315.6750767,22.59357143,498.256355,315.1907181,23.1,18.45,25.37313441,0.0,-10.07093799,17.40920918
2025-07-15 01:15:00+00:00,496.6573914,316.9805592,22.6,497.7493393,315.627569,23.096,18.284,28.48457143,0.0,-9.2315,17.204
2025-07-15 01:30:00+00:00,498.310256,316.8900442,22.54357287,499.7202358,315.387871,23.02740404,18.05850505,31.25259737,0.0,-8.325843092,16.78677694
2025-07-15 01:45:00+00:00,507.1226796,318.0611045,22.44670068,506.2165485,313.1074293,22.94867914,17.8,35.01011622,0.0,-7.009123807,16.35206768
2025-07-15 02:00:00+00:00,512.1284176,316.1944444,22.4,512.8515302,316.2851634,22.9,17.38933333,38.25847619,0.0,-5.718412698,16.17939394
2025-07-15 02:15:00+00:00,514.3,318.2458336,22.35333333,514.6552771,320.6275367,22.8,17.13238095,41.69442877,0.104358974,-4.250486773,16.31841026
2025-07-15 02:30:00+00:00,511.3255932,313.8612698,22.3,514.4943428,318.8376892,22.80666667,17.06666667,45.11356157,0.943560573,-2.692976653,16.43355556
2025-07-15 02:45:00+00:00,512.9726038,314.0752026,22.3,521.7214953,319.5034352,22.81428571,17.0,48.14704082,3.011925553,-1.15255102,16.66429762
2025-07-15 03:00:00+00:00,513.8399551,156.5536929,22.70651852,517.5839504,146.8531729,22.85409524,17.09944444,51.16483045,7.128060185,0.375205628,16.51121233
2025-07-15 03:15:00+00:00,510.2978588,65.65413475,22.9063431,513.3007407,59.89497285,22.96857143,16.80938721,54.18677532,13.55076202,2.037568052,16.61915036
2025-07-15 03:30:00+00:00,507.6849808,66.59952068,22.94275407,512.4415468,59.89813996,23.0,16.81536281,57.08452381,28.53863709,3.69534147,17.50252101
2025-07-15 03:45:00+00:00,509.3888215,66.0770202,22.95111111,514.1683238,60.03212121,23.09666667,17.22,60.0625,37.73800305,5.521904762,18.13222222
2025-07-15 04:00:00+00:00,512.38365,65.78293303,23.0,515.024,60.49774175,23.1,16.92666667,63.21273948,27.29579537,7.523668276,17.42914818
2025-07-15 04:15:00+00:00,513.5177857,65.75438596,23.0,515.2009874,60.60542342,23.1,16.94266667,66.21998793,37.44904856,9.502420681,16.71164659
2025-07-15 04:30:00+00:00,513.3089906,65.89100186,23.04375,514.3023504,60.47279704,23.1,17.1,69.13122449,55.6650218,11.43432331,16.38707769
2025-07-15 04:45:00+00:00,512.4454979,65.82845529,23.1,512.8897486,59.58903414,23.1,17.10333333,72.09416972,66.8944433,13.48209829,16.29627249
2025-07-15 05:00:00+00:00,512.2871795,65.49933899,23.1,512.6249665,59.33596634,23.08733333,17.22861111,74.96622222,74.01986154,15.49220635,16.39333333
2025-07-15 05:15:00+00:00,512.078119,66.24552734,23.10706349,515.1063738,60.26374363,23.03744974,17.04,77.83413155,129.4774114,17.55583261,16.58475661
2025-07-15 05:30:00+00:00,511.9383894,65.93174603,23.2,522.7380011,61.27287516,23.1,17.05142857,81.05918367,142.798486,19.82212302,16.89767857
2025-07-15 05:45:00+00:00,522.7182965,66.34160829,23.29508929,530.0723392,60.10858572,23.1825,17.19880952,83.74114815,192.8614389,21.6962037,17.37084848
2025-07-15 06:00:00+00:00,537.2103175,64.64141026,23.47119658,548.3590037,59.29693445,23.29786325,17.47809091,86.64842015,256.3795701,23.79206445,18.01511053
2025-07-15 06:15:00+00:00,555.7528535,65.55495431,23.56147619,561.6144185,60.36569579,23.32,17.34342857,90.23398148,252.582657,26.29435185,18.74490741
2025-07-15 06:30:00+00:00,578.7011144,65.56621315,23.62785714,569.3716299,60.58766234,23.36530612,17.19285714,93.1601778,386.9172056,28.3284395,19.01143169
2025-07-15 06:45:00+00:00,608.0191295,65.73953602,23.69777778,592.2517338,60.3576801,23.49329365,17.232,95.80638889,232.5524573,30.112,19.53594444
2025-07-15 07:00:00+00:00,616.3482277,65.79108725,23.81192857,597.403396,61.02317619,23.57324074,17.23190476,99.73494444,471.704322,32.65955556,19.92644444
2025-07-15 07:15:00+00:00,612.8002148,65.3202381,23.88690476,587.9921758,60.88052351,23.67987013,17.39285714,102.9121872,383.6659674,34.62105933,19.97764186
2025-07-15 07:30:00+00:00,618.5967303,66.44888754,23.90222222,609.7162313,61.3536809,23.75559596,17.15955556,105.5225921,501.8090598,36.19989459,19.95340839
2025-07-15 07:45:00+00:00,622.5871212,65.66162698,24.01021429,606.8957219,60.25472899,23.84388889,17.1,110.2181746,578.0522152,38.87781025,20.189
2025-07-15 08:00:00+00:00,629.4678742,68.08207624,24.20577778,602.4427043,60.45590736,23.9,17.15733333,114.1444471,524.6261862,40.98234127,20.64151575
2025-07-15 08:15:00+00:00,646.1140587,92.01632653,24.28571429,618.4961117,60.97858663,23.87857143,17.25,117.852131,567.4765292,42.80324675,20.93443878
2025-07-15 08:30:00+00:00,637.3838604,118.0985402,24.30412698,619.3578686,60.73927897,23.92666667,17.30920635,121.7791667,618.9409723,44.60592593,20.94777778
2025-07-15 08:45:00+00:00,645.0184503,148.9822186,24.30666667,627.3466435,60.5260989,24.0,17.11311111,126.0431094,678.057876,46.39334512,20.35438781
2025-07-15 09:00:00+00:00,627.7682194,184.05332,24.3550737,622.7209222,60.23678635,23.91428571,17.04489796,130.3461663,666.5673632,48.00860725,20.4435386
2025-07-15 09:15:00+00:00,621.5026956,222.0746515,24.4,607.3257033,60.33045863,23.9,17.368,135.381746,658.1821174,49.73254233,20.9974836
2025-07-15 09:30:00+00:00,599.9456553,245.8333333,24.34,595.8614649,60.40788055,23.94666667,17.365,140.4276667,702.9426967,51.184,21.122
2025-07-15 09:45:00+00:00,577.7420655,280.1036641,24.39833333,583.3437357,60.12573191,24.0,17.28461538,145.7895491,668.3269118,52.53761183,21.06362698
2025-07-15 10:00:00+00:00,558.1320287,313.3366395,24.21357143,560.3020783,60.80045546,24.0,17.13482143,151.1880187,698.73081,53.69107143,21.31567308
2025-07-15 10:15:00+00:00,534.5075083,319.0129279,24.12222222,546.3869318,59.9696633,24.0,17.12761905,156.7692499,735.9335087,54.63573626,21.71876984
2025-07-15 10:30:00+00:00,523.2229357,317.2433579,24.06472222,536.952037,60.05122119,23.91444444,17.23333333,162.5955132,780.7146507,55.3991746,22.327813
2025-07-15 10:45:00+00:00,539.0693086,311.7586132,24.06309524,535.5078357,60.45140242,23.91428571,17.2844898,168.4160367,718.2359843,55.9226771,22.93844958
2025-07-15 11:00:00+00:00,544.7882505,317.7997417,24.12508995,537.6848167,61.09119988,24.04731602,17.1437037,173.1533333,731.1004842,56.18333333,22.59833333
2025-07-15 11:15:00+00:00,544.2853114,317.1334912,24.20240741,536.6546212,68.42839661,24.07259259,16.89351852,180.6019444,712.8330178,56.38574074,22.00978295
2025-07-15 11:30:00+00:00,541.3204527,316.4263889,24.25142857,529.4687297,72.84960205,24.07066667,17.02333333,186.9403963,632.7622586,56.23897436,21.53884382
2025-07-15 11:45:00+00:00,540.9181174,317.775456,24.21306194,530.9834975,78.35087624,24.09557823,16.80635228,192.4138095,688.7376703,55.93428571,21.50757143
2025-07-15 12:00:00+00:00,538.8698901,318.6906566,24.3,527.6445429,81.19762833,24.1,16.72755102,199.3448889,703.8885006,55.22333333,21.69
2025-07-15 12:15:00+00:00,537.2588067,316.1930519,24.24564103,524.9080842,91.93111848,24.1,16.76909091,204.6233778,616.1283372,54.51844753,21.79115716
2025-07-15 12:30:00+00:00,538.0481679,314.1464744,24.16607143,527.8542171,100.2526876,24.1,16.80609694,210.5055697,743.4279614,53.48125,22.41897959
2025-07-15 12:45:00+00:00,540.4060448,314.2222222,24.28044444,532.9036712,110.8270197,24.16171429,16.83555556,215.3361481,782.9064411,52.42266667,22.62651852
2025-07-15 13:00:00+00:00,537.0648465,312.3880702,24.16583333,538.4579631,127.5204352,24.10030303,16.76960317,220.6884945,750.6282559,51.07435305,22.66496317
2025-07-15 13:15:00+00:00,528.4003841,311.4029654,24.09342657,537.7095439,136.9911819,24.17926962,16.60140306,225.3581391,752.9327391,49.653154,22.86645321
2025-07-15 13:30:00+00:00,512.163778,314.3761637,23.90482993,520.3853029,153.4601939,24.2,17.06142857,230.1744643,586.9928394,47.98928571,22.41633007
2025-07-15 13:45:00+00:00,498.1574507,310.0536319,24.00666667,501.3496822,167.2379038,24.1,17.25733333,235.3396632,508.203108,46.02336673,22.02499916
2025-07-15 14:00:00+00:00,493.0751703,75.89819483,24.03443878,492.8385429,67.25699253,24.13333333,16.00803571,239.5883098,466.513159,44.16776094,22.12623559
2025-07-15 14:15:00+00:00,492.543109,66.09206349,24.28846154,491.2409091,60.76298701,24.2279932,15.29285714,243.5671846,277.2597674,42.33598639,21.2672517
2025-07-15 14:30:00+00:00,490.5143949,65.74624339,24.3194709,489.5721886,59.76736893,24.2,16.59833333,247.1178571,136.7119714,40.48252503,20.95472222
2025-07-15 14:45:00+00:00,490.0840252,66.51321549,24.4,487.5274213,60.75696193,24.2,17.26,250.8119307,122.1673727,38.47635979,19.43017302
2025-07-15 15:00:00+00:00,486.6087782,66.04735653,24.36719577,486.2909668,61.06742334,24.22933333,16.89111111,254.7333889,308.7591326,36.23622222,19.05366667
2025-07-15 15:15:00+00:00,485.2966005,62.9047619,24.42142857,484.663995,60.3888491,24.43571429,17.53571429,257.9548186,470.283485,34.28388556,19.71268681
2025-07-15 15:30:00+00:00,485.0406144,63.64081384,24.50666667,484.081305,60.53404198,24.68948148,17.35984127,261.0710101,450.5469406,32.29956061,20.11203907
2025-07-15 15:45:00+00:00,483.1494639,62.78420635,24.6,483.4556432,59.83386656,24.98666667,17.03077778,264.4669675,489.5534089,30.07605099,20.11157095
2025-07-15 16:00:00+00:00,482.5289744,62.91555556,24.6,483.0485776,60.24655479,25.07619048,16.67333333,267.8301792,201.01046,27.79278114,19.68860269
2025-07-15 16:15:00+00:00,481.8852608,63.22687075,24.6125,483.7448648,59.63994709,25.14761905,16.33461538,270.9190476,365.9094538,25.64642857,19.62357143
2025-07-15 16:30:00+00:00,481.7370491,63.0131484,24.7,483.3016149,60.36012099,25.295,16.98102564,273.7920491,280.0063701,23.6361746,19.70165079
2025-07-15 16:45:00+00:00,482.2844781,63.89166667,24.7,484.1746032,60.6767205,25.17,16.9,277.0655476,153.3778807,21.31111905,19.12339365
2025-07-15 17:00:00+00:00,480.3846655,63.01394042,24.7,481.8054834,60.16262478,24.93833333,16.8974359,280.1116667,83.45985714,19.13619048,18.69964286
2025-07-15 17:15:00+00:00,481.7984848,64.79428571,24.69466667,481.5833333,61.08737374,24.74,16.82663492,282.4148889,98.52375367,17.50038095,18.60989524
2025-07-15 17:30:00+00:00,481.324239,62.83249639,24.60133333,480.0194107,60.59172144,24.73222222,17.24777778,285.9148889,38.03738009,14.98685714,18.78033333
2025-07-15 17:45:00+00:00,480.9202476,63.32129977,24.58142857,480.726481,61.31535824,24.60666667,16.94388889,288.7744074,28.81106068,13.00844444,19.07214815
2025-07-15 18:00:00+00:00,481.5484127,63.52832287,24.5,479.2367845,60.97646937,24.54043651,16.9,291.8037637,30.18566069,10.93020757,18.62221612
2025-07-15 18:15:00+00:00,480.6851223,62.44520202,24.4,479.6296503,60.23926144,24.44666667,16.75333333,294.6773228,28.30502145,9.004320202,18.60412698
2025-07-15 18:30:00+00:00,481.2826919,62.67844572,24.4,479.2924936,61.5523088,24.36,16.934,297.6807317,17.52278567,7.040043651,18.41428752
2025-07-15 18:45:00+00:00,481.7286668,62.99409658,24.35170068,480.262987,60.84307359,24.27142857,17.1,300.53731,11.2381248,5.25610675,18.22386573
2025-07-15 19:00:00+00:00,480.2468013,34.06666667,24.3,481.3931856,31.22267503,24.2,17.16040476,303.521045,9.504051525,3.453968254,18.04503632
2025-07-15 19:15:00+00:00,479.6712549,0.0,24.26666667,480.3770733,0.0,24.16666667,17.08933333,306.727746,4.505931493,1.571333333,17.71866667
2025-07-15 19:30:00+00:00,479.1268519,0.0,24.2,479.313669,0.0,24.1,17.01333333,309.6516402,2.258259135,-0.011296296,17.60666667
2025-07-15 19:45:00+00:00,478.5333637,0.0,24.16576531,478.8775015,0.0,24.1,17.06802721,312.9239286,0.88702381,-1.657142857,17.37892857
2025-07-15 20:00:00+00:00,477.8451082,0.0,24.1,477.1640123,0.0,24.03644444,17.0,315.7212302,0.281964328,-3.013822751,17.30206349
2025-07-15 20:15:00+00:00,477.4619941,0.0,24.1,477.2292593,0.0,24.0,17.06266667,319.0896032,0.018666667,-4.578888889,17.22033333
2025-07-15 20:30:00+00:00,476.2666667,0.0,24.01714286,475.6844444,0.0,23.91666667,17.1,322.6604945,0.0,-6.08266354,17.09361544
2025-07-15 20:45:00+00:00,475.3503336,0.0,24.0,474.3660645,0.0,23.9,17.1,325.7854167,0.0,-7.286352041,17.02214286
2025-07-15 21:00:00+00:00,475.5555038,99.9965368,23.91190476,474.192461,96.21950938,23.84,17.68928571,328.74,0.0,-8.306,16.93806667
2025-07-15 21:15:00+00:00,480.0023321,164.5942412,23.61386928,477.7471618,159.1819745,23.78402778,18.2552381,332.3882059,0.0,-9.49957191,16.90359788
2025-07-15 21:30:00+00:00,486.1676441,167.2180865,23.35,483.7979767,162.7626969,23.65428571,18.3,335.7882365,0.0,-10.43677656,16.73512046
2025-07-15 21:45:00+00:00,488.9628582,166.7317316,23.29833333,487.478448,162.9881466,23.57155556,18.25666667,338.9355873,0.0,-11.19066667,16.61442323
2025-07-15 22:00:00+00:00,491.3333333,293.2795238,23.104,489.9894587,277.540743,23.47333333,18.15333333,342.7953555,0.0,-11.95487697,16.59107407
2025-07-15 22:15:00+00:00,491.7522222,311.9071795,22.89666667,491.4950292,315.2785547,23.31333333,18.06666667,346.3464786,0.0,-12.58120513,16.58357778
2025-07-15 22:30:00+00:00,492.7636827,312.4223623,22.75,491.379511,314.957264,23.11428571,17.96666667,349.9914498,0.0,-13.02782738,16.54646896
2025-07-15 22:45:00+00:00,493.4705556,313.240873,22.62666667,491.2489899,320.6646465,23.04666667,17.9,353.5133333,0.0,-13.35125926,16.576
2025-07-15 23:00:00+00:00,495.4610067,311.838248,22.55333333,491.6833287,317.0618951,22.95333333,17.9,356.9505873,0.0,-13.53407407,16.63575926
2025-07-15 23:15:00+00:00,496.5740162,312.598913,22.46428571,493.7499077,318.3484176,22.85408163,17.9,129.0881553,0.0,-13.6,16.47200547
2025-07-15 23:30:00+00:00,496.9918846,311.9729054,22.37142857,493.5928793,315.8535922,22.79388889,17.9,4.153645503,0.0,-13.49085979,16.46179487
2025-07-15 23:45:00+00:00,495.9395257,315.474304,22.3039966,493.6682173,315.6367035,22.72666667,17.82539683,7.524166667,0.0,-13.28240741,16.3720463
2025-07-16 00:00:00+00:00,495.7380568,311.6985699,22.27333333,493.2212533,316.3986985,22.62225397,17.77933333,11.32569963,0.0,-12.95017664,16.325671
2025-07-16 00:15:00+00:00,495.0145408,314.1655329,22.3,493.2205128,318.821978,22.6,17.7,14.70637188,0.0,-12.48463719,16.31462585
2025-07-16 00:30:00+00:00,494.4955556,315.1497287,22.18,493.0,314.1859091,22.57333333,17.62666667,18.44167797,0.0,-11.82944204,16.36069108
2025-07-16 00:45:00+00:00,494.9175613,316.2246272,22.05111111,492.2774359,314.128072,22.532,17.58666667,21.73077922,0.0,-11.165114,16.26056758
2025-07-16 01:00:00+00:00,494.9308562,314.9015769,21.98571429,492.0956319,316.0776651,22.49928571,17.47142857,24.94848273,0.0,-10.35300595,16.04852846
2025-07-16 01:15:00+00:00,495.3269779,314.3910283,21.94645455,492.6756651,314.7857387,22.40333333,17.4,28.51552651,0.0,-9.330735043,15.90633333
2025-07-16 01:30:00+00:00,495.928373,314.9788889,21.868,491.3748468,315.398519,22.34,17.4,31.94377778,0.0,-8.25,15.91013333
2025-07-16 01:45:00+00:00,494.1915789,316.2333333,21.8,491.9244916,313.8003987,22.29333333,17.28087912,35.24403337,0.0,-7.075128205,15.82185185
2025-07-16 02:00:00+00:00,495.7263344,314.1674185,21.76428571,490.8443855,317.0336119,22.19285714,17.2,38.5087815,0.0,-5.795224894,15.71996599
2025-07-16 02:15:00+00:00,493.8305322,315.5285077,21.7,490.811198,316.5935688,22.13812121,17.10666667,41.80173148,0.002125,-4.40875,15.52568241
2025-07-16 02:30:00+00:00,494.249697,313.6850877,21.64166667,491.3144589,315.8361594,22.10148148,17.01333333,44.90640476,0.231904762,-2.950666667,15.6079381
2025-07-16 02:45:00+00:00,497.9038462,314.3392857,21.6,499.6815476,310.1865079,22.16428571,16.95,48.21044785,0.895747748,-1.32585034,15.38265306
2025-07-16 03:00:00+00:00,503.7069786,65.79830688,21.91388889,504.4429143,54.32977023,22.08722222,16.77809524,51.29636508,2.631969325,0.23540404,15.38752381
2025-07-16 03:15:00+00:00,499.2946616,62.43208051,22.20733333,496.6868396,61.56350382,22.27333333,16.75833333,54.08448894,4.68897689,1.754722152,15.5551469
2025-07-16 03:30:00+00:00,494.355237,62.43033069,22.33222222,492.709206,61.42679787,22.35043651,17.03444444,57.40565079,9.092248588,3.703695767,15.25983069
2025-07-16 03:45:00+00:00,491.3997907,62.4946533,22.3,489.1665584,61.10142629,22.4,16.93985544,60.3672619,9.593523356,5.503869048,15.07238095
2025-07-16 04:00:00+00:00,489.8361111,62.00008547,22.3,487.7542285,61.77935223,22.4,17.04190476,63.27916667,14.15027854,7.393055556,15.12336667
2025-07-16 04:15:00+00:00,487.522094,62.95205416,22.3,486.615843,61.59421259,22.4,16.99644444,66.2077037,34.11496288,9.304949495,15.10838384
2025-07-16 04:30:00+00:00,486.7532417,61.96353369,22.44693878,486.8012471,60.7864951,22.4,16.84761905,69.13173469,29.49310986,11.26038832,15.1062996
2025-07-16 04:45:00+00:00,486.2531205,61.85376845,22.5,485.4102463,60.6964704,22.4,17.06888889,72.1506912,24.47654082,13.37209524,14.97881674
2025-07-16 05:00:00+00:00,486.0319,62.69646469,22.5,485.4112381,61.25080061,22.44,17.08630952,75.05154978,27.03111593,15.38920635,15.06142857
2025-07-16 05:15:00+00:00,489.2953535,62.34457672,22.47622378,490.8471979,60.85280592,22.50769231,17.1,78.17552279,28.24416998,17.56775397,15.07911111
2025-07-16 05:30:00+00:00,489.8088856,62.37539683,22.46809524,493.0982426,60.05794024,22.47190476,17.1,81.09163575,45.14830282,19.64412106,15.15950938
2025-07-16 05:45:00+00:00,494.1907524,62.63316979,22.696,495.6778179,61.32213065,22.49555556,17.1,84.07039683,65.07822648,21.78222222,15.03966931
2025-07-16 06:00:00+00:00,511.1093603,61.95619889,22.79642857,507.4525373,60.74291539,22.474,16.92142857,86.99611111,68.91301711,23.83727778,14.84141534
2025-07-16 06:15:00+00:00,527.144828,61.13178451,22.80333333,534.3975233,60.19959414,22.53555556,16.9,90.07333333,63.7173962,26.00515873,14.6467619
2025-07-16 06:30:00+00:00,540.5995057,61.58412698,22.9,544.9590336,61.20330702,22.6,16.83660714,93.28654631,118.1468258,28.19166667,14.80283883
2025-07-16 06:45:00+00:00,552.6245396,61.48864684,23.006,548.6271861,60.84622546,22.63046296,16.98888889,96.37387037,156.9606299,30.25885185,15.07519933
2025-07-16 07:00:00+00:00,562.9512037,61.42470122,23.14307692,554.222691,61.25249999,22.74001587,17.15769231,99.67771429,142.9775779,32.40269841,15.26074074
2025-07-16 07:15:00+00:00,566.1163678,61.6212519,23.16176871,554.3827086,60.72006512,22.8,16.9,103.2049156,189.181955,34.62152778,15.48357143
2025-07-16 07:30:00+00:00,573.241859,62.50398148,23.18474074,563.4561625,60.89251478,22.85666667,16.81333333,106.5738439,190.3743845,36.60562434,15.64404517
2025-07-16 07:45:00+00:00,580.1005937,61.16460006,23.21611111,575.8549097,60.40315519,22.9162963,16.85380952,109.8551481,196.4518903,38.45302694,15.71748252
2025-07-16 08:00:00+00:00,581.150754,62.06891534,23.21233333,576.3210366,60.48047349,22.933,17.03333333,113.9141111,289.8893623,40.64094444,16.04175727
2025-07-16 08:15:00+00:00,566.6696429,61.18035714,23.3,559.7117138,60.25243009,23.0,17.31428571,118.0202984,372.3889321,42.69623016,16.30969079
2025-07-16 08:30:00+00:00,555.549475,61.88955343,23.46977778,551.3595823,61.95017065,23.0,17.09444444,121.9259127,427.4348975,44.47865079,16.55609524
2025-07-16 08:45:00+00:00,560.5491582,62.31259666,23.40714286,548.7180728,60.32619987,23.07619048,17.37142857,126.3067811,465.3799493,46.29712121,17.20974026
2025-07-16 09:00:00+00:00,560.9831372,60.64284842,23.55863095,556.0053483,59.78841769,23.1,17.04902211,130.8688917,389.9436609,48.01673469,16.92071429
2025-07-16 09:15:00+00:00,565.0077778,61.3469697,23.48666667,558.752963,61.77366472,23.08146032,16.8,135.5278624,333.6991193,49.57167725,17.13025926
2025-07-16 09:30:00+00:00,570.6162263,61.63831245,23.49266667,562.3136684,60.38118345,23.19809524,16.95095238,140.3154902,310.4175323,50.99130601,17.26765613
2025-07-16 09:45:00+00:00,574.4216315,60.86018709,23.47333333,560.0885322,59.58530864,23.2,17.13214286,145.9099509,347.5956303,52.40783045,17.49148895
2025-07-16 10:00:00+00:00,550.8172936,61.77049062,23.5,546.5649751,60.98626886,23.13693311,17.4,151.2397619,440.3052422,53.50964286,17.48421769
2025-07-16 10:15:00+00:00,537.0330067,61.74074074,23.5,538.3014689,60.71818259,23.2,17.15,156.8138095,589.6884267,54.4821645,17.80964444
2025-07-16 10:30:00+00:00,541.7335868,61.65439153,23.66923077,533.4265734,61.28320665,23.27166667,17.07444444,162.7616077,522.7619282,55.23055556,18.01869242
2025-07-16 10:45:00+00:00,559.4144713,61.51949939,23.64222789,537.6272122,61.29203117,23.27231746,17.38666667,168.580961,553.985442,55.77709091,18.53166162
2025-07-16 11:00:00+00:00,559.7559524,61.7455259,23.77142857,537.5971471,61.66383141,23.38571429,17.33129252,175.1417942,603.138744,56.13571429,18.75019274
2025-07-16 11:15:00+00:00,560.3666667,61.68004662,23.752,540.4342398,62.09692826,23.4,17.31333333,181.1324074,536.1562378,56.2,18.6413604
2025-07-16 11:30:00+00:00,561.684494,63.03058201,23.71222222,546.3420296,62.65902305,23.44761905,17.20388889,187.2862039,535.9648249,56.08074074,19.13398462
2025-07-16 11:45:00+00:00,563.5695093,63.01888889,23.83861905,541.8613959,62.06037632,23.51333333,17.06071429,193.6585602,392.9584201,55.66149776,18.93043101
2025-07-16 12:00:00+00:00,568.6693519,62.97330963,23.88559524,541.0575826,62.12475857,23.52857143,17.07869048,199.0108603,583.2333538,55.13240646,19.25758199
2025-07-16 12:15:00+00:00,570.0542057,63.32885076,23.86666667,538.4949723,61.49896104,23.60666667,17.2,205.081918,445.125832,54.29825397,19.46068783
2025-07-16 12:30:00+00:00,573.2517727,62.04741905,23.88166667,543.7736861,61.4732816,23.62933333,17.01923077,210.9214598,480.8909237,53.23111111,19.1437037
2025-07-16 12:45:00+00:00,578.3914231,63.38417771,23.8702381,548.5016737,62.24820403,23.65892857,16.86952381,216.0030078,597.2081267,52.09434524,18.80414539
2025-07-16 13:00:00+00:00,578.2772381,63.57833333,23.92444444,547.77703,62.69149358,23.68619048,17.06666667,221.046,604.7048583,50.76817196,18.9511431
2025-07-16 13:15:00+00:00,584.1002711,63.18475302,23.99933333,542.9924457,62.46891504,23.62787879,17.15466667,225.7049495,458.5379149,49.33600289,19.35587546
2025-07-16 13:30:00+00:00,570.9841904,64.29737374,23.91388889,532.0797081,62.99676258,23.67188278,17.17288889,230.9045635,466.2617828,47.58571429,19.36652778
2025-07-16 13:45:00+00:00,552.4345984,63.66571499,23.86809524,523.9018109,63.06108919,23.7,17.11428571,235.2279311,428.153383,45.86492605,19.54135119
2025-07-16 14:00:00+00:00,534.9405996,60.16225783,23.86666667,522.5220668,60.66449094,23.63333333,17.2,238.9388456,299.1333649,44.25458393,19.52588745
2025-07-16 14:15:00+00:00,522.9555556,60.56317581,23.792,521.4373866,61.2679671,23.6,15.17,243.3198175,310.9193982,42.23203968,19.18653789
2025-07-16 14:30:00+00:00,514.5352706,61.72952636,23.8,512.436653,61.7107186,23.6,17.54634921,247.0760702,244.2887298,40.32619714,18.97969905
2025-07-16 14:45:00+00:00,507.1302142,61.17941759,23.77407143,506.0566244,61.36586675,23.6,17.60333333,250.9810185,169.987597,38.17855291,18.51524784
2025-07-16 15:00:00+00:00,502.8220752,60.52367216,23.73883333,500.6487949,61.80916305,23.57333333,16.63259259,254.3518333,94.56568846,36.25183333,18.29231313
2025-07-16 15:15:00+00:00,497.5338773,60.44819865,23.65233333,498.4002546,61.02096906,23.5,17.17269841,257.8867683,75.74552751,34.09180688,17.73323214
2025-07-16 15:30:00+00:00,494.8041144,60.69705215,23.7,493.0614462,60.90280553,23.45,16.65089286,261.384538,70.09715911,31.91796485,17.57864496
2025-07-16 15:45:00+00:00,491.0697196,61.36960197,23.63888889,489.3060933,60.9667195,23.4,17.43205128,264.292672,53.45917511,30.01205317,17.41228451
2025-07-16 16:00:00+00:00,489.0559127,60.75361345,23.6,486.4946842,61.36922222,23.36119048,16.62857143,267.5882637,53.66728739,27.7683663,17.12364719
2025-07-16 16:15:00+00:00,487.2533052,60.82996633,23.55259259,484.333581,61.02779179,23.3,16.89259259,270.0725,61.88357576,26.00660256,17.04666667
2025-07-16 16:30:00+00:00,485.0219709,60.52751613,23.5,482.493068,61.07880905,23.3,17.06428571,273.7131349,68.36427059,23.4411678,16.86038961
2025-07-16 16:45:00+00:00,483.9860353,60.93753207,23.49511905,483.9736774,61.02602299,23.3,16.56135531,276.797801,60.29605811,21.28966473,16.72736159
2025-07-16 17:00:00+00:00,483.4608715,61.68536195,23.5,481.1555089,61.19494675,23.3,17.47333333,279.9348341,50.59554737,19.06555556,16.75198718
2025-07-16 17:15:00+00:00,482.1365079,61.21875,23.47857143,478.885034,61.2845805,23.23367347,16.75714286,282.5683442,43.99839327,17.19288033,16.80975186
2025-07-16 17:30:00+00:00,481.118029,60.56677235,23.4,477.4027723,60.92207977,23.2,17.29509158,285.7548571,61.83458829,14.90727778,16.89242152
2025-07-16 17:45:00+00:00,479.4096348,60.85906593,23.4,476.5289044,61.46328671,23.2,16.97659341,288.9077772,62.2384049,12.71959096,17.3
2025-07-16 18:00:00+00:00,479.6801054,60.83265353,23.4,476.7722857,61.12728246,23.2,16.92833333,291.6145936,49.87947516,10.85416096,17.27395303
2025-07-16 18:15:00+00:00,479.0947985,60.39469875,23.4,476.2828446,60.84812951,23.2,17.20612245,294.377591,35.91734285,9.010188659,17.10238095
2025-07-16 18:30:00+00:00,478.9403319,60.82138262,23.34,475.5034382,61.30984608,23.15453704,16.82047619,297.5691026,21.09114107,6.914154933,17.15764912
2025-07-16 18:45:00+00:00,479.5053345,60.82248522,23.3,475.0144928,61.68862973,23.1,16.70194444,300.1695434,9.915596605,5.267284382,17.20085317
2025-07-16 19:00:00+00:00,479.5007407,5.246825397,23.3,475.2789655,8.866666667,23.1,16.89333333,303.5536355,4.043130265,3.207009408,17.06292015
2025-07-16 19:15:00+00:00,479.2149309,0.0,23.3,475.5578793,0.0,23.1,17.07692308,306.5899802,3.02947032,1.414225358,16.9859328
2025-07-16 19:30:00+00:00,479.1632327,0.0,23.3,475.0,0.0,23.1,17.13666667,309.2558139,1.57883243,-0.007917749,16.944072
2025-07-16 19:45:00+00:00,479.1489719,0.0,23.25238095,473.9660045,0.0,23.0,17.27022222,312.8632407,0.496923155,-1.828462963,16.90417778
2025-07-16 20:00:00+00:00,476.7046202,0.0,23.22321429,473.6653171,0.0,23.0,17.3947619,315.8755174,0.064007937,-3.294336081,16.93245604
2025-07-16 20:15:00+00:00,477.1205556,0.0,23.2,473.0,0.0,23.0,17.5352381,318.8590669,0.0,-4.668438672,16.94727273
2025-07-16 20:30:00+00:00,476.1279766,0.0,23.2,471.909511,0.0,22.96666667,17.62,322.3789524,0.0,-6.16255291,16.93148148
2025-07-16 20:45:00+00:00,474.0350211,0.0,23.2,471.0482984,0.0,22.9,17.78888889,325.5585043,0.0,-7.369814815,16.90853569
2025-07-16 21:00:00+00:00,474.2574345,0.0,23.19384615,471.045436,0.0,22.9,17.80615385,328.5309382,0.0,-8.418696145,16.90279097
2025-07-16 21:15:00+00:00,472.4142411,0.0,23.12740837,469.664853,0.0,22.9,17.92380952,332.295961,0.0,-9.627354648,16.88146968
2025-07-16 21:30:00+00:00,471.6922381,0.0,23.1,469.3239947,0.0,22.89809524,18.00166667,335.7732769,0.0,-10.60894733,16.87290831
2025-07-16 21:45:00+00:00,470.9683299,0.0,23.1,468.5457841,0.0,22.8,18.1,339.2405102,0.0,-11.45184066,16.879
2025-07-16 22:00:00+00:00,470.5817469,0.0,23.07982804,467.631586,0.0,22.8,18.1,342.7826768,0.0,-12.1601912,17.0
2025-07-16 22:15:00+00:00,469.6142593,0.0,23.05638047,466.050556,0.0,22.8,18.1,346.2059365,0.0,-12.71079217,16.99971429
2025-07-16 22:30:00+00:00,467.7078872,0.0,23.0,466.5586926,0.0,22.8,18.16666667,349.5422222,0.0,-13.15222222,16.93611111
2025-07-16 22:45:00+00:00,467.5055173,0.0,23.0,465.215535,0.0,22.8,18.2,353.370958,0.0,-13.5028288,16.90046429
2025-07-16 23:00:00+00:00,466.5910148,0.0,23.0,464.5855243,0.0,22.8,18.29333333,356.5463889,0.0,-13.69444444,16.90811111
2025-07-16 23:15:00+00:00,464.9855556,0.0,23.0,464.4817225,0.0,22.77766667,18.3,72.72554843,0.0,-13.78,16.97842735
2025-07-16 23:30:00+00:00,464.319003,0.0,22.97333333,462.0918768,0.0,22.7,18.3,3.880988345,0.0,-13.68456876,17.0
2025-07-16 23:45:00+00:00,463.9530555,0.0,23.0,461.9107783,0.0,22.7,18.3,7.712371676,0.0,-13.48443723,16.99208021
2025-07-17 00:00:00+00:00,463.0471182,0.0,22.97066667,460.7095331,0.0,22.7,18.3,11.2435202,0.0,-13.14874074,17.0
2025-07-17 00:15:00+00:00,462.7951674,0.0,22.90244444,460.3642424,0.0,22.7,18.37333333,14.91684524,0.0,-12.63434524,17.00833333
2025-07-17 00:30:00+00:00,461.6730087,0.0,22.9,459.4540667,0.0,22.7,18.4,18.13714815,0.0,-12.08092929,17.108
2025-07-17 00:45:00+00:00,460.2326326,0.0,22.9,458.2553255,0.0,22.7,18.4,21.71514527,0.0,-11.33003532,17.2
2025-07-17 01:00:00+00:00,459.7933333,0.0,22.9,457.0638889,0.0,22.7,18.46133333,25.32796459,0.0,-10.43755633,17.26248148
2025-07-17 01:15:00+00:00,459.1576946,0.0,22.9,456.7090909,0.0,22.7,18.5,28.64302974,0.0,-9.475289174,17.35198855
2025-07-17 01:30:00+00:00,458.2054849,0.0,22.9,455.983087,0.0,22.69888889,18.5,32.08809463,0.0,-8.389797314,17.41275
2025-07-17 01:45:00+00:00,458.1906424,0.0,22.9,455.2722493,0.0,22.61428571,18.5,35.45998299,0.0,-7.171785714,17.4
2025-07-17 02:00:00+00:00,456.464796,0.0,22.9,453.7006349,0.0,22.60333333,18.5,38.64547619,0.0,-5.935428571,17.4
2025-07-17 02:15:00+00:00,455.9724894,0.0,22.9,453.4774967,0.0,22.6,18.5,41.92627025,0.0055164,-4.519337403,17.44537778
2025-07-17 02:30:00+00:00,456.3565971,0.0,22.9,453.4319865,0.0,22.64,18.5,44.68479937,0.351539837,-3.2516225,17.43328542
2025-07-17 02:45:00+00:00,461.4201807,0.0,22.90238095,466.0197239,0.0,22.6664966,18.53333333,47.9934127,1.283904404,-1.602960928,17.42463636
2025-07-17 03:00:00+00:00,470.6777326,76.42406205,22.9516835,470.9358805,39.03179281,22.7,18.56905556,51.12715731,2.197739345,-0.020389602,17.34968151
2025-07-17 03:15:00+00:00,463.0213003,68.69576649,23.14666667,463.0497429,67.68333814,22.71911111,17.47285714,54.33166667,4.586584402,1.698063492,17.37816667
2025-07-17 03:30:00+00:00,465.9707653,67.24285714,23.01214815,465.897619,67.92399509,22.8,17.26533333,57.5835,11.10899871,3.613845118,17.4637
2025-07-17 03:45:00+00:00,469.1632476,66.58489229,23.0,468.7829224,67.67762535,22.72142857,17.07029915,60.27257653,16.49620429,5.27755102,17.5
2025-07-17 04:00:00+00:00,472.8975743,67.02003538,22.961,470.8080958,66.78243547,22.7,16.85666667,63.38783333,17.08727764,7.231,17.5
2025-07-17 04:15:00+00:00,474.5326863,67.89860889,22.9,472.8870662,66.77869012,22.7,16.86987302,66.08125674,30.07476905,9.014202298,17.52148571
2025-07-17 04:30:00+00:00,477.4670834,67.73429354,22.90238095,475.4896472,67.76081231,22.74814815,17.08809524,69.27428499,106.5915442,11.15290741,17.69554662
2025-07-17 04:45:00+00:00,479.0650764,67.44051569,23.07619048,477.5995872,67.20925878,22.8,17.3,72.05714286,152.6774807,13.07792208,18.23171828
2025-07-17 05:00:00+00:00,481.7064746,67.77585979,23.01142857,478.2808531,68.23176992,22.76909091,17.4,75.1319247,107.0083999,15.19864454,18.55538462
2025-07-17 05:15:00+00:00,487.1758408,67.72262922,23.12701587,480.6385702,66.91502668,22.79454545,17.30888889,78.21153439,139.9372966,17.40215079,18.90124125
2025-07-17 05:30:00+00:00,500.4254287,68.34079314,23.22142857,495.5597735,67.38729167,22.84489796,17.24270408,81.05006487,133.1369157,19.43207483,18.9977381
2025-07-17 05:45:00+00:00,523.2286413,68.00350404,23.32944444,511.7001299,67.57733822,23.02666667,17.13333333,84.0026241,208.661978,21.51233333,19.21933333
2025-07-17 06:00:00+00:00,552.7222807,66.95333333,23.42266667,531.8999645,66.88584636,23.12666667,17.29633333,87.10090909,217.0214911,23.72440548,19.33008514
2025-07-17 06:15:00+00:00,595.3843041,67.46216551,23.55222222,550.9208823,67.39653491,23.2,17.11904762,89.85252288,184.9569808,25.61785621,19.83622745
2025-07-17 06:30:00+00:00,599.7116355,67.84817319,23.5929932,555.5430249,64.0785779,23.27142857,17.1,93.17436508,176.4805381,27.90301587,19.87450643
2025-07-17 06:45:00+00:00,589.9189081,67.54417508,23.64909091,560.2366032,63.31314286,23.30121212,16.88133333,96.41288645,166.8920505,30.07058155,19.58173068
2025-07-17 07:00:00+00:00,616.0909394,67.46013431,23.7522963,572.0171164,62.74098325,23.47411688,16.85333333,99.73635053,335.6750691,32.24774725,20.15019203
2025-07-17 07:15:00+00:00,629.5068954,66.99772284,23.91544974,573.9903338,61.81087217,23.5,16.9,103.0679103,211.5866713,34.32262179,19.98607085
2025-07-17 07:30:00+00:00,650.4414524,67.10383961,23.99107143,599.5839963,61.94588468,23.53571429,16.9,106.7849825,250.6390596,36.55717249,19.71825397
2025-07-17 07:45:00+00:00,662.4170962,63.48737374,23.98933333,612.4954371,63.08253412,23.6,16.94666667,110.3644762,272.4986153,38.56961905,20.0340119
2025-07-17 08:00:00+00:00,646.6844417,64.34113196,24.0,609.9474248,61.35591448,23.6,17.03931746,113.7839419,221.4469216,40.37603172,20.47194066
2025-07-17 08:15:00+00:00,642.5523818,75.86936027,24.17692308,603.3764541,63.46978818,23.63333333,17.06153846,117.9785714,303.6226628,42.4775,20.83376354
2025-07-17 08:30:00+00:00,638.4969671,97.96746502,24.2,601.580291,62.51423698,23.7,17.25714286,122.1919156,282.2451617,44.3921627,20.96380952
2025-07-17 08:45:00+00:00,634.6088579,115.2019594,24.14434921,605.2483911,62.73609749,23.61428571,17.184,126.3781217,287.8545635,46.1555291,21.05465026
2025-07-17 09:00:00+00:00,625.4912589,132.3322002,24.18857143,590.1506431,62.26736248,23.68,17.28666667,130.8649947,193.1236771,47.84805128,21.24493498
2025-07-17 09:15:00+00:00,626.8232054,151.5102695,24.25087632,583.8859639,61.54381212,23.7,17.27311508,135.4616824,349.8091166,49.37053855,21.64158743
2025-07-17 09:30:00+00:00,627.7806793,177.5551121,24.33333333,575.1232945,61.40248365,23.7,17.18,140.5465283,622.84225,50.88681481,21.71962963
2025-07-17 09:45:00+00:00,590.4244591,200.7061087,24.23777778,561.4816317,61.54593939,23.67390476,17.095,145.8852896,734.7205667,52.23527104,22.53614377
2025-07-17 10:00:00+00:00,583.3185625,216.8170992,24.12074074,549.4586336,61.81101814,23.7,16.916,151.1710606,484.0982512,53.30027273,23.38139394
2025-07-17 10:15:00+00:00,592.0940587,226.0296719,24.12857143,555.6371507,61.42727741,23.7,17.04285714,156.7904306,325.5111109,54.28629767,23.10465873
2025-07-17 10:30:00+00:00,595.0678164,238.4547691,24.07222222,548.4570381,61.73268398,23.68907937,16.99285714,162.6316138,284.9966935,55.04641026,22.77566667
2025-07-17 10:45:00+00:00,600.1802265,243.1856349,24.05166667,547.589897,62.42687903,23.71333333,16.97333333,168.6535556,605.406436,55.61871693,23.41173401
2025-07-17 11:00:00+00:00,591.6312204,243.6218459,24.064,565.7719765,62.08286337,23.76365079,17.05333333,174.8713476,710.7099561,55.94833333,23.55710697
2025-07-17 11:15:00+00:00,607.0907648,245.7245929,24.05952381,564.3059579,62.32086683,23.8,17.14081633,180.870084,327.2458515,56.02721755,23.6970957
2025-07-17 11:30:00+00:00,600.5206214,256.0078613,24.10622222,568.9943897,62.45278531,23.8,17.09137566,186.7682208,209.6603256,55.92186636,23.58048369
2025-07-17 11:45:00+00:00,596.9596088,266.8848485,24.1077619,569.1912121,62.46684538,23.8,17.14666667,193.3991534,398.8286735,55.52566138,24.02924762
2025-07-17 12:00:00+00:00,599.6278132,285.8815665,24.21333333,571.6489991,62.21535576,23.82727273,17.1748545,198.9922194,256.4666472,54.92614465,23.75745072
2025-07-17 12:15:00+00:00,589.2967109,305.4198456,24.28571429,561.3489999,62.40192778,23.89162574,17.40516636,204.9242325,571.0388929,54.13434982,24.11148384
2025-07-17 12:30:00+00:00,599.7324138,314.6889683,24.21933333,554.8630665,61.57900143,23.9,17.09333333,210.5926799,660.0851635,53.10692593,24.43528116
2025-07-17 12:45:00+00:00,599.6683272,311.7610317,23.90047619,557.4100946,61.16575499,23.93333333,16.98666667,215.9923466,315.7829725,51.91044974,24.90383333
2025-07-17 13:00:00+00:00,590.466229,305.2761601,24.01282051,547.8748187,61.88267006,23.93238095,16.92905983,221.1369494,464.7326829,50.54389226,24.27641962
2025-07-17 13:15:00+00:00,567.2636666,308.7420901,24.05408163,535.0993394,62.14177697,24.01095238,17.14387755,226.0861735,775.60241,49.04061224,23.53850733
2025-07-17 13:30:00+00:00,557.5660323,311.8121919,24.03333333,534.0315323,64.20892124,24.07164021,17.24333333,229.0666667,816.2785435,48.0,23.77333333
2025-07-17 13:45:00+00:00,554.8110014,315.2440435,24.03714286,529.2033749,76.1987509,24.15408163,17.10119048,234.7404536,707.0794312,45.8395116,23.75888498
2025-07-17 14:00:00+00:00,532.9038227,314.7294079,24.12821429,525.5161128,95.89158297,24.29470238,17.13134921,238.7605411,657.449622,44.15330241,23.88103896
2025-07-17 14:15:00+00:00,520.4949406,318.085003,24.09307692,519.2920549,132.3932461,24.41333333,17.08461538,243.2671587,622.9774417,42.05569312,24.44311984
2025-07-17 14:30:00+00:00,513.6651739,314.6826489,24.0579798,512.4990698,173.0611286,24.52777778,16.77166667,247.0711667,589.3868035,40.13719048,24.83477216
2025-07-17 14:45:00+00:00,508.3674509,317.4863614,24.1,507.8356622,224.6501248,24.60242424,17.11289683,250.8424253,567.1561554,38.05203968,25.11957143
2025-07-17 15:00:00+00:00,507.0432874,116.4975571,24.2122449,504.5382714,97.76443039,24.71190476,15.39166667,254.2132653,540.4524315,36.13145604,25.70585317
2025-07-17 15:15:00+00:00,501.1980863,59.93838624,24.47222222,504.4491069,58.85200368,24.862,14.80219048,257.5881245,508.560459,34.07466667,25.97574786
2025-07-17 15:30:00+00:00,498.4095502,59.74121212,24.6,500.6295107,59.12451613,25.09619048,16.59650794,261.2990301,473.5325718,31.73976357,25.8361004
2025-07-17 15:45:00+00:00,496.2119192,59.45744108,24.66666667,503.2504439,58.98028843,25.30952381,16.84444444,264.387721,440.0556594,29.69427225,25.56255833
2025-07-17 16:00:00+00:00,495.0102883,59.94591979,24.75535714,497.1216659,58.81419764,25.46190476,16.52619048,267.6279337,398.3235711,27.52053571,25.6313939
2025-07-17 16:15:00+00:00,491.8690381,59.42511595,24.84666667,492.5664106,58.41569169,25.59866667,17.045,270.7698444,360.231151,25.34780952,25.68940741
2025-07-17 16:30:00+00:00,490.2037518,59.62193362,24.9,489.9230847,61.7741443,25.65333333,17.16666667,273.7725079,325.7728292,23.25009524,25.30931217
2025-07-17 16:45:00+00:00,488.8887177,59.75324395,24.95178571,487.7677714,63.41015511,25.70892857,17.1,276.7032638,291.3637783,21.1714144,25.10316558
2025-07-17 17:00:00+00:00,486.68633,59.93045752,25.0,485.8350565,62.38856701,25.78518519,17.1,279.5377037,259.3873996,19.12611111,24.6967366
2025-07-17 17:15:00+00:00,484.5250986,59.86732804,25.0,484.8292906,62.55792023,25.7,17.5684127,282.6024217,225.7431989,16.94652778,24.79039708
2025-07-17 17:30:00+00:00,482.7805384,59.50112869,25.018,485.4012015,61.67666874,25.73777778,18.01166667,285.6891053,169.7003312,14.73801852,24.49133333
2025-07-17 17:45:00+00:00,482.5898835,62.77579365,25.1,483.9515208,62.98040125,25.55700113,17.57833333,288.5817744,66.50367591,12.72375283,23.70714286
2025-07-17 18:00:00+00:00,481.7684611,63.3614653,25.04672222,481.302278,62.61482467,25.5047619,17.14814815,291.3459127,84.79362727,10.82140293,23.09024762
2025-07-17 18:15:00+00:00,480.4347306,63.44912724,25.0,480.0572213,62.853367,25.4712381,16.55904762,294.4310845,90.87068423,8.767251337,23.61091631
2025-07-17 18:30:00+00:00,480.4815592,63.04074074,25.0,478.49339,63.39755956,25.35259259,16.37047619,297.5625,45.35488079,6.720592186,23.73174155
2025-07-17 18:45:00+00:00,480.2369381,63.60648352,24.92857143,479.1195328,62.70020931,25.20357143,16.6,300.5203898,29.12114631,4.877435065,23.44082005
2025-07-17 19:00:00+00:00,479.9895084,12.6,24.9,479.0053879,11.55,25.1,16.89333333,303.3789394,26.32018359,3.116203704,23.33896212
2025-07-17 19:15:00+00:00,480.0821429,0.0,24.8231746,478.9984848,0.0,25.0,17.70507937,306.4325291,12.06078943,1.337777778,23.2210836
2025-07-17 19:30:00+00:00,479.1747211,0.0,24.8,478.6535489,0.0,24.9,18.37380952,309.4216922,4.120617481,-0.226913265,22.705
2025-07-17 19:45:00+00:00,478.7851961,0.0,24.72,477.9825397,0.0,24.84,18.88838095,312.6788968,1.164028999,-1.924214286,22.25315714
2025-07-17 20:00:00+00:00,478.2343351,0.0,24.7,477.2578796,0.0,24.8,19.16530612,315.8225494,0.28479687,-3.448875661,22.03156926
2025-07-17 20:15:00+00:00,477.5836904,0.0,24.64233333,476.9794133,0.0,24.71925926,19.37946429,319.0584812,0.019393939,-4.946843915,21.86494949
2025-07-17 20:30:00+00:00,476.5434901,0.0,24.6,476.0357711,0.0,24.67077922,19.4,322.2551189,0.0,-6.283429782,21.67049149
2025-07-17 20:45:00+00:00,475.6705808,0.0,24.6,474.9642084,0.0,24.6,19.44857143,325.4882222,0.0,-7.545333333,21.56786111
2025-07-17 21:00:00+00:00,475.6365966,121.2755556,24.476,474.9896587,114.1950864,24.58666667,19.1237619,328.8769259,0.0,-8.715,21.445
2025-07-17 21:15:00+00:00,483.4376205,163.9195934,24.28,476.8472869,156.257533,24.47166667,20.81585714,332.4283874,0.0,-9.861304233,21.146
2025-07-17 21:30:00+00:00,490.0168879,165.4046102,24.04846939,483.2639863,160.4107143,24.34668367,21.69732143,335.8250283,0.0,-10.77092352,20.78144983
2025-07-17 21:45:00+00:00,495.2379391,168.8296024,24.04666667,490.1204522,162.4611421,24.3,21.7,339.2363131,0.0,-11.59721212,20.38182201
2025-07-17 22:00:00+00:00,500.1928655,217.2302875,23.86228571,496.4583861,215.4168627,24.26485714,21.48666667,342.8213815,0.0,-12.30380952,20.05833333
2025-07-17 22:15:00+00:00,509.1656943,313.6695007,23.68204762,506.1379961,311.6707937,23.95706349,21.22,346.336038,0.0,-12.90919577,19.90565387
2025-07-17 22:30:00+00:00,512.3698237,311.7085003,23.58285714,508.6315629,312.4722203,23.8525974,21.1,349.5774542,0.0,-13.32596197,19.85559885
2025-07-17 22:45:00+00:00,514.3113171,315.8696441,23.48688889,512.5135321,311.9329901,23.77261905,21.08,353.0990657,0.0,-13.66171717,19.73532919
2025-07-17 23:00:00+00:00,514.5425459,318.0391178,23.4,512.7452217,314.3283072,23.8,20.95155556,356.8624411,0.0,-13.85719444,19.58917379
2025-07-17 23:15:00+00:00,514.3231092,316.6710884,23.3,512.4951715,318.0800151,23.78531746,20.85714286,76.03871032,0.0,-13.9,19.45714286
2025-07-17 23:30:00+00:00,513.5634541,317.374733,23.3,511.7432712,318.4591199,23.69666667,20.66666667,3.859276094,0.0,-13.85783333,19.345633
2025-07-17 23:45:00+00:00,515.1358487,318.2065601,23.24666667,512.4206475,317.1515226,23.65866402,20.49,7.583568783,0.0,-13.64266667,19.15466667
2025-07-18 00:00:00+00:00,517.0859259,317.5017007,23.1675,514.7711765,313.2490884,23.60333333,20.29333333,11.24426263,0.0,-13.30007576,19.01543737
2025-07-18 00:15:00+00:00,518.705166,316.8696075,23.14821429,517.1943008,313.1389275,23.53821429,20.2,14.65466956,0.0,-12.84142946,18.95000668
2025-07-18 00:30:00+00:00,521.1601039,317.5834911,23.05266667,518.6038596,313.1091919,23.5,20.08666667,18.03311538,0.0,-12.30660969,18.88023339
2025-07-18 00:45:00+00:00,522.1051654,314.6469048,23.02,520.5463985,312.6376714,23.43333333,20.0,21.40266667,0.0,-11.58933333,18.8
2025-07-18 01:00:00+00:00,521.4465332,317.975737,22.9,520.6987648,311.3605055,23.36298701,20.0,24.66333333,0.0,-10.79865079,18.8
2025-07-18 01:15:00+00:00,522.7627972,318.1191775,22.9,521.4779221,313.964304,23.3,19.96076923,28.70464286,0.0,-9.6365,18.81970635
2025-07-18 01:30:00+00:00,524.1161769,318.1847639,22.86,521.8915752,316.5791956,23.29,19.86,32.12216089,0.0,-8.55961039,18.814
2025-07-18 01:45:00+00:00,526.0641667,315.6259477,22.8,523.9012651,313.2722513,23.2,19.7525,35.60947884,0.0,-7.291362434,18.5162037
2025-07-18 02:00:00+00:00,527.0340136,317.1637439,22.71428571,523.8389097,314.5009838,23.2,19.7,38.83689729,0.0,-6.058571429,18.47139087
2025-07-18 02:15:00+00:00,524.7177249,317.7057343,22.7,521.2617308,314.2090075,23.16,19.60129101,41.94409957,0.080280702,-4.691428571,18.47924392
2025-07-18 02:30:00+00:00,524.8073016,315.8565031,22.75333333,523.1044156,314.8110473,23.1,19.43,45.22466667,0.575495061,-3.167301587,18.27319577
2025-07-18 02:45:00+00:00,524.3884949,315.8870893,22.64698413,525.5597059,316.7315957,23.1556746,19.32095238,48.0362001,1.989612864,-1.772551708,18.23566147
2025-07-18 03:00:00+00:00,523.7779228,99.70634921,23.00107143,528.959262,98.14337931,23.17512755,19.12428571,51.47104308,5.802685358,-0.047142857,18.33301136
2025-07-18 03:15:00+00:00,531.3633413,67.52773546,23.14888889,526.1735309,61.65537244,23.3,17.38238095,54.35422078,12.88260226,1.512065527,18.18631323
2025-07-18 03:30:00+00:00,529.1907096,68.0075686,23.16666667,523.6780673,62.52909699,23.3,17.38761905,57.50454619,26.64604523,3.351135172,17.96
2025-07-18 03:45:00+00:00,524.1010404,65.80100251,23.26,521.9330265,62.55284297,23.32,17.10222222,60.47825397,45.20806014,5.165396825,17.97954286
2025-07-18 04:00:00+00:00,521.437364,61.17697156,23.3,519.9998377,62.16208791,23.36428571,16.72714286,63.24608302,66.07201487,6.947142857,18.13163613
2025-07-18 04:15:00+00:00,519.4169591,61.79481242,23.30571429,519.8047407,62.78444444,23.30787879,16.81333333,66.41561966,91.88923965,9.028418803,18.5492735
2025-07-18 04:30:00+00:00,519.5786857,61.03275156,23.29719841,518.8512973,62.02921996,23.3,17.25333333,69.48533537,123.6329091,11.0725,19.32076587
2025-07-18 04:45:00+00:00,518.1716204,60.61736695,23.4,518.3927117,62.41836081,23.3,17.43,72.17264819,148.4793472,12.92279982,20.23179107
2025-07-18 05:00:00+00:00,517.6884532,61.23232521,23.4,516.3911552,62.37934942,23.3,17.56,75.21702292,176.6494431,15.04654984,20.88611999
2025-07-18 05:15:00+00:00,517.4693674,60.77199004,23.38,517.6354545,62.59585859,23.28,17.436,78.3363545,210.7392478,17.27665079,20.90783878
2025-07-18 05:30:00+00:00,518.282672,60.61957265,23.5,522.2574074,62.07619048,23.33333333,17.30333333,81.27,243.7096452,19.34841991,21.22704762
2025-07-18 05:45:00+00:00,526.5884308,60.82358944,23.59678571,526.0303565,61.96844712,23.4,17.27142857,84.21448129,276.101086,21.44920351,21.8
2025-07-18 06:00:00+00:00,542.9618165,60.72944261,23.68126984,551.7888402,62.37385915,23.34807407,17.21472222,86.87811344,297.7041853,23.34777312,21.92624274
2025-07-18 06:15:00+00:00,556.8799839,61.28478453,23.82111785,562.598003,62.66886678,23.48836027,17.08222222,90.29081624,276.4884727,25.7214188,22.38016071
2025-07-18 06:30:00+00:00,569.2153164,61.31872045,23.92753968,563.0868476,62.8176722,23.6,16.86809524,93.20434656,293.2987373,27.71214286,22.26759762
2025-07-18 06:45:00+00:00,576.2865079,60.33968254,23.99285714,564.888133,62.73082011,23.67142857,16.4,96.74516595,364.6222514,30.0736562,20.89672619
2025-07-18 07:00:00+00:00,579.2381134,59.94331551,23.94666667,568.9693567,61.93085143,23.66166667,16.30666667,99.94328139,233.2694642,32.15315873,19.75602545
2025-07-18 07:15:00+00:00,577.4358944,65.67221971,24.02555556,563.1518692,63.36669956,23.7,16.34433333,103.2965698,186.714335,34.24662865,18.59199153
2025-07-18 07:30:00+00:00,578.96561,72.99193122,24.064,563.1386569,62.96676861,23.7,16.56266667,106.9037169,180.6660135,36.40462963,18.26014815
2025-07-18 07:45:00+00:00,579.3136489,80.57142857,24.0,565.2641832,63.33506196,23.7,16.7,110.4238146,181.2078381,38.39967747,18.29663265
2025-07-18 08:00:00+00:00,562.1305647,82.90272963,24.12,553.0765347,63.57465514,23.7,17.02333333,114.0640505,167.2266393,40.33455051,18.81412169
2025-07-18 08:15:00+00:00,556.8665291,96.18886142,24.16666667,548.4458863,63.20057279,23.7,17.1,118.0383364,140.5299123,42.28688034,18.36813331
2025-07-18 08:30:00+00:00,560.4369909,105.8162376,24.06991084,550.0125248,62.25403483,23.7233801,16.95357143,122.0067927,232.73911,44.11695728,18.24580925
2025-07-18 08:45:00+00:00,557.1750902,123.6552227,24.15888889,551.0647864,62.54971462,23.8,17.064,126.4325022,355.3740753,45.97684848,18.82787879
2025-07-18 09:00:00+00:00,553.5559554,138.8918241,24.19428571,551.9299682,61.7281291,23.8,17.11333333,130.9085952,506.5718012,47.66507875,18.92086645
2025-07-18 09:15:00+00:00,548.8096848,160.4189801,24.2,551.7412366,62.31724298,23.8,17.1,135.7682857,567.2805341,49.29174359,19.78147294
2025-07-18 09:30:00+00:00,548.8598997,175.0396825,24.19897959,547.3222912,61.8217268,23.8,16.94285714,140.660051,694.1727923,50.72563776,20.24691558
2025-07-18 09:45:00+00:00,549.0831818,189.1434921,24.14888889,543.555465,61.87306487,23.83,17.21555556,145.8553728,703.9364953,51.99962963,20.84207552
2025-07-18 10:00:00+00:00,536.0604521,207.1527865,24.18461538,532.9845547,62.28191425,23.81416667,17.64615385,151.0437458,715.1937813,53.14019048,21.10650589
2025-07-18 10:15:00+00:00,521.5598837,219.1499841,24.14285714,519.841886,62.34576863,23.82653061,17.76428571,156.5483794,723.8838059,54.06230159,21.20123583
2025-07-18 10:30:00+00:00,520.5234259,230.9581604,24.1,512.1334169,62.24826811,23.8,17.75166667,162.8600892,733.4197804,54.91795455,22.10820782
2025-07-18 10:45:00+00:00,524.1733385,238.1427087,24.10848485,517.9891746,62.40744222,23.8,17.53479365,168.4466581,738.325079,55.42455089,22.49572487
2025-07-18 11:00:00+00:00,523.5589855,246.8810582,24.23452381,519.1633189,61.9311544,23.8,17.4,174.9095357,746.0380171,55.78,22.78514493
2025-07-18 11:15:00+00:00,523.58239,259.9878726,24.05357143,520.7455628,62.67532468,23.8,17.56306122,181.1040788,746.9218734,55.88030612,23.2673575
2025-07-18 11:30:00+00:00,525.630192,266.6803704,24.09466667,519.7304789,62.6875982,23.8,17.62,187.0797963,749.2314413,55.71134921,23.22138095
2025-07-18 11:45:00+00:00,520.7145257,275.8341581,24.1,513.3163735,62.98266975,23.81666667,17.25428571,193.3144024,753.6386299,55.32707407,23.65895926
2025-07-18 12:00:00+00:00,517.9775161,279.2783653,24.1,512.8547815,62.1037846,23.8,17.00218254,198.892435,751.1159067,54.78883394,23.45672684
2025-07-18 12:15:00+00:00,514.4599813,291.0348074,24.04944444,510.7428811,62.50840618,23.84819658,16.68277778,204.646127,744.3655412,53.97207937,23.65107407
2025-07-18 12:30:00+00:00,509.6510847,288.4714496,23.968,510.4565381,62.51485048,23.76533333,16.69487179,210.3604762,738.2353163,52.9670646,23.83965317
2025-07-18 12:45:00+00:00,505.8459477,285.9208201,23.95777778,505.5587899,61.98850258,23.805,16.66888889,215.8779545,726.3100971,51.76306061,24.10921212
2025-07-18 13:00:00+00:00,502.8971515,280.0581771,23.9,503.5172868,61.98867077,23.89821429,16.52857143,220.976644,715.3707337,50.41666667,24.42873016
2025-07-18 13:15:00+00:00,498.8977399,271.217094,23.9,495.3714252,61.55017552,23.92833333,16.02727273,225.4926667,699.907569,49.028,24.99605139
2025-07-18 13:30:00+00:00,494.871957,261.3220127,23.9,488.9100074,61.69573049,24.0,16.52,229.6422371,682.1368128,47.58641738,25.16901038
2025-07-18 13:45:00+00:00,491.6102924,256.8822222,23.95384615,486.6667949,67.9684574,24.07857143,16.96282051,234.9703203,458.7668303,45.57811905,25.23660926
2025-07-18 14:00:00+00:00,488.027145,11.21938776,23.97142857,485.0064935,4.525974026,24.13971861,17.35714286,239.1315787,646.6688693,43.79132653,24.97113526
2025-07-18 14:15:00+00:00,487.2236818,0.0,24.12222222,486.8706268,0.0,24.40063492,18.07142857,242.7074053,622.7508446,42.09060606,25.08796529
2025-07-18 14:30:00+00:00,486.1540632,0.0,24.23343915,486.8574138,0.0,24.59193651,18.52,246.9581224,601.0353377,40.0005873,25.23981667
2025-07-18 14:45:00+00:00,486.1879509,0.0,24.39047619,484.7559524,0.0,24.8,18.98952381,250.6638095,580.7830132,37.93813776,25.26789881
2025-07-18 15:00:00+00:00,485.1266667,0.0,24.49514652,484.8226817,0.0,24.99295238,19.4,254.2163017,549.7077515,35.91684698,24.75201305
2025-07-18 15:15:00+00:00,484.5394678,0.0,24.61333333,483.5392869,0.0,25.18622222,19.72296296,257.5777027,514.9840059,33.89383838,24.72135642
2025-07-18 15:30:00+00:00,484.2523332,0.0,24.73833333,483.0118062,0.0,25.40088889,20.03333333,261.1619532,480.6244092,31.60238591,24.80067735
2025-07-18 15:45:00+00:00,483.8819444,0.0,24.85,482.0,0.0,25.55,20.42142857,264.2189796,421.6875695,29.58435374,24.93668254
2025-07-18 16:00:00+00:00,483.0690143,0.0,24.95922751,481.5061851,0.0,25.65992593,20.59222222,267.2846693,346.215341,27.54037078,24.79956929
2025-07-18 16:15:00+00:00,482.8021445,0.0,25.09333333,480.6079365,0.0,25.76666667,20.57892593,270.6328233,299.4424953,25.20973554,24.70662198
2025-07-18 16:30:00+00:00,482.3490842,0.0,25.1,480.3093656,0.0,25.74285714,20.88571429,273.6934325,260.340749,23.0756746,24.3142021
2025-07-18 16:45:00+00:00,480.7641667,0.0,25.17333333,479.5641066,0.0,25.7,20.91611111,276.5852593,211.6803344,21.03153439,23.93954882
2025-07-18 17:00:00+00:00,480.893508,0.0,25.2,479.3635721,0.0,25.7,20.99888889,279.4486905,188.6124118,18.96053968,23.75734921
2025-07-18 17:15:00+00:00,480.4202251,0.0,25.20060606,479.8465738,0.0,25.7,20.87055556,282.4493651,176.9391773,16.81507937,23.92269963
2025-07-18 17:30:00+00:00,480.1402784,0.0,25.27346939,477.6834075,0.0,25.71,20.89404762,285.5422194,150.5648645,14.63239796,23.76499291
2025-07-18 17:45:00+00:00,479.5648193,0.0,25.3,477.7185185,0.0,25.8,20.856,288.4118974,151.7133425,12.65865385,24.20273543
2025-07-18 18:00:00+00:00,479.1741925,0.0,25.3,477.1590326,0.0,25.8,20.63066667,291.4945635,123.4720381,10.50936797,24.10462241
2025-07-18 18:15:00+00:00,479.1517507,0.0,25.3,476.5520335,0.0,25.8,20.41071429,294.27735,91.84250009,8.646045145,23.88635642
2025-07-18 18:30:00+00:00,478.3328715,0.0,25.3,476.4534834,0.0,25.72068783,20.12777778,297.0448687,67.42331212,6.864708995,23.79831818
2025-07-18 18:45:00+00:00,477.8699119,0.0,25.3,475.4789899,0.0,25.61904762,19.85992063,300.0620556,40.54684981,4.955277778,23.53091667
2025-07-18 19:00:00+00:00,476.2412458,0.0,25.22,475.6555176,0.0,25.52238095,19.7,303.4722222,17.81046202,2.869331409,22.38936884
2025-07-18 19:15:00+00:00,477.1040148,0.0,25.19598291,475.5691713,0.0,25.39798701,19.63130342,306.3931424,7.68141975,1.188900227,21.53490819
2025-07-18 19:30:00+00:00,477.6175285,0.0,25.1,474.6308636,0.0,25.3,19.49096296,309.4449293,3.478794972,-0.42238033,21.10958242
2025-07-18 19:45:00+00:00,476.4936476,0.0,25.02142857,473.9222955,0.0,25.22142857,19.35277778,312.582987,1.216846609,-2.090476191,20.82027346
2025-07-18 20:00:00+00:00,475.4909339,0.0,25.0,473.5342277,0.0,25.12857143,19.16923077,315.6569612,0.279451768,-3.583746908,20.55908929
2025-07-18 20:15:00+00:00,475.7249721,0.0,24.9,472.9959956,0.0,25.07238095,18.99304762,318.8613105,0.019954286,-5.02452381,20.30270588
2025-07-18 20:30:00+00:00,474.7466862,0.0,24.9,471.5853832,0.0,25.0,18.76571429,322.3224495,0.0,-6.502883598,20.09596397
2025-07-18 20:45:00+00:00,473.4964586,0.0,24.80361111,471.6390957,0.0,24.90302646,18.53846154,325.5490291,0.0,-7.759314815,19.97043386
2025-07-18 21:00:00+00:00,473.8804646,0.0,24.79761905,470.7180321,0.0,24.82077922,18.5,328.8597392,0.0,-8.906969697,19.88438776
2025-07-18 21:15:00+00:00,473.3362573,0.0,24.70333333,469.6873727,0.0,24.8,18.40666667,332.1979841,0.0,-9.9545,19.81910513
2025-07-18 21:30:00+00:00,472.3353936,0.0,24.7,469.3283986,0.0,24.73333333,18.31925926,335.3246724,0.0,-10.84660969,19.9
2025-07-18 21:45:00+00:00,470.6150559,0.0,24.61333333,468.6123457,0.0,24.664,18.3,338.7666876,0.0,-11.69526599,19.82807273
2025-07-18 22:00:00+00:00,471.2464718,0.0,24.6,467.4064454,0.0,24.6,18.3,342.4527211,0.0,-12.4420068,19.71797959
2025-07-18 22:15:00+00:00,470.4650818,0.0,24.6,466.0047678,0.0,24.6,18.21466667,346.1709834,0.0,-13.06942857,19.5624
2025-07-18 22:30:00+00:00,469.6761593,0.0,24.54,466.7158954,0.0,24.6,18.2,349.5853492,0.0,-13.50727671,19.4317227
2025-07-18 22:45:00+00:00,468.698441,0.0,24.5,465.5629926,0.0,24.51349206,18.2,353.3565079,0.0,-13.85746032,19.45714286
2025-07-18 23:00:00+00:00,467.7084514,0.0,24.47044444,464.7548347,0.0,24.5,18.2,356.6024031,0.0,-14.06444156,19.40995286
2025-07-18 23:15:00+00:00,466.78,0.0,24.4,463.884188,0.0,24.408,18.2,78.56803175,0.0,-14.1,19.50805556
2025-07-18 23:30:00+00:00,465.0959014,0.0,24.4,462.5056376,0.0,24.4,18.2,4.062187627,0.0,-14.03598291,19.44657937
2025-07-18 23:45:00+00:00,464.3731501,0.0,24.38163265,462.9014374,0.0,24.3,18.1,7.559703749,0.0,-13.81574675,19.17479221
2025-07-19 00:00:00+00:00,463.9133653,0.0,24.3,461.9387478,0.0,24.29333333,18.1,11.14571553,0.0,-13.48538889,18.9112963
2025-07-19 00:15:00+00:00,464.4239714,0.0,24.3,461.1440494,0.0,24.2,18.1,14.70259463,0.0,-12.99912332,19.03385711
2025-07-19 00:30:00+00:00,462.7747282,0.0,24.28333333,460.4824198,0.0,24.2,18.1,18.16952381,0.0,-12.41121599,19.3071542
2025-07-19 00:45:00+00:00,460.8658276,0.0,24.2,458.7859827,0.0,24.16519312,18.1,21.72420418,0.0,-11.66990019,19.59289735
2025-07-19 01:00:00+00:00,460.3557205,0.0,24.2,458.4589073,0.0,24.1,18.1,25.25873016,0.0,-10.82846561,19.29955556
2025-07-19 01:15:00+00:00,459.4483838,0.0,24.2,457.8859442,0.0,24.1,18.1,28.71333333,0.0,-9.844285714,18.85144078
2025-07-19 01:30:00+00:00,459.2598936,0.0,24.13928571,457.6547026,0.0,24.09285714,18.1,32.16054356,0.0,-8.74110235,18.72221732
2025-07-19 01:45:00+00:00,459.0002451,0.0,24.1,456.2100966,0.0,24.0,18.04083333,35.39074074,0.0,-7.578703704,18.57227273
2025-07-19 02:00:00+00:00,457.9825397,0.0,24.1,454.7233795,0.0,24.0,18.0,38.84862063,0.0,-6.209235348,18.61212617
2025-07-19 02:15:00+00:00,457.730334,0.0,24.1,453.8166667,0.0,23.98412698,17.9,41.90193695,0.039527748,-4.893571429,18.50606266
2025-07-19 02:30:00+00:00,457.4990604,0.0,24.1,453.7196873,0.0,23.9,17.81333333,45.16593074,0.450108453,-3.402953343,18.77752222
2025-07-19 02:45:00+00:00,455.8186119,0.0,24.1,452.8199935,0.0,23.9,17.8,48.36587302,1.783229991,-1.823650794,19.24361508
2025-07-19 03:00:00+00:00,456.4040152,0.0,24.06,451.8973219,0.0,23.88666667,17.8,51.5162037,4.624051134,-0.223981482,19.49037037
2025-07-19 03:15:00+00:00,455.9365407,0.0,24.0,451.3949928,0.0,23.8,17.8,54.56494898,8.705678235,1.473571429,19.16906888
2025-07-19 03:30:00+00:00,453.9917268,0.0,24.0,450.3166067,0.0,23.8,17.8,57.26940171,14.95940741,3.01207265,19.34030983
2025-07-19 03:45:00+00:00,453.4340489,0.0,24.0,449.8018368,0.0,23.8,17.8,60.35369882,33.40380205,4.887745625,19.93849003
2025-07-19 04:00:00+00:00,452.0921332,0.0,24.0,449.2652852,0.0,23.8,17.8,63.52854437,62.6804403,6.898508813,20.85018862
2025-07-19 04:15:00+00:00,452.2001981,0.0,24.0,448.5210649,0.0,23.8,17.8,66.49666667,89.4533882,8.852047619,21.2468658
2025-07-19 04:30:00+00:00,451.8973853,0.0,24.0,447.2460676,0.0,23.8,17.8,69.29666667,115.1154035,10.67907407,21.72892593
2025-07-19 04:45:00+00:00,451.2748128,0.0,24.08666667,446.8382043,0.0,23.8,17.86666667,72.41178063,144.3328336,12.86174603,22.06980952
2025-07-19 05:00:00+00:00,450.7199011,0.0,24.1,446.0453991,0.0,23.8,17.9,75.212307,138.4583918,14.82662363,22.13864719
2025-07-19 05:15:00+00:00,450.5728237,0.0,24.1,446.7131514,0.0,23.80190476,17.9,78.00288889,202.4431569,16.8105291,21.81117542
2025-07-19 05:30:00+00:00,448.910754,0.0,24.1,446.1935531,0.0,23.88444444,17.9,81.36249158,241.2592488,19.20418374,21.32291528
2025-07-19 05:45:00+00:00,447.8611111,0.0,24.11428571,445.712931,0.0,23.9,17.98571429,84.04766234,275.7756198,21.10376623,21.23436813
2025-07-19 06:00:00+00:00,447.3182923,0.0,24.2,444.8641492,0.0,23.9,18.1,87.29426129,305.6918332,23.38991555,21.59863085
2025-07-19 06:15:00+00:00,446.8692641,0.0,24.2,444.8966667,0.0,23.9,18.22166667,90.45699327,342.176768,25.58594613,22.41608148
2025-07-19 06:30:00+00:00,446.4211111,0.0,24.2,443.4061099,0.0,23.92666667,18.42666667,93.67153846,377.223543,27.80318254,23.23488889
2025-07-19 06:45:00+00:00,445.9008022,0.0,24.25004329,443.6718493,0.0,24.0,18.53571429,96.61919926,408.6195098,29.7523445,23.47000593
2025-07-19 07:00:00+00:00,444.9254834,0.0,24.3,442.5164103,0.0,24.0,18.87480159,100.1266402,440.9850376,32.0259127,24.43121905
2025-07-19 07:15:00+00:00,444.1806818,0.0,24.3,441.6952436,0.0,24.0,19.19083333,103.5428389,472.4749605,34.15582492,24.92016948
2025-07-19 07:30:00+00:00,444.4470635,0.0,24.30816327,441.4048169,0.0,24.07051852,19.62677154,106.8013333,501.9453978,36.11047619,25.53955688
2025-07-19 07:45:00+00:00,443.5181357,0.0,24.4,440.8014238,0.0,24.1,19.85892857,110.4417471,532.8630435,38.16409764,25.22282762
2025-07-19 08:00:00+00:00,442.6081624,0.0,24.4,440.6369285,0.0,24.1,20.0,114.3534815,556.1903946,40.26327513,25.44892381
2025-07-19 08:15:00+00:00,442.0373966,0.0,24.4,439.1746032,0.0,24.12,20.74333333,118.16544,584.3534232,42.15619577,26.03155844
2025-07-19 08:30:00+00:00,441.0688183,0.0,24.4,439.1506937,0.0,24.2,21.16428571,122.3907738,627.3683766,44.08339962,26.2142545
2025-07-19 08:45:00+00:00,440.1690214,0.0,24.44,438.5939389,0.0,24.2,20.74,126.1089181,680.1556514,45.62811418,26.05287547
2025-07-19 09:00:00+00:00,439.7588092,0.0,24.5,437.9833333,0.0,24.27045455,21.46828571,131.1253524,740.5232496,47.52773945,26.59356515
2025-07-19 09:15:00+00:00,439.8792593,0.0,24.55454545,437.3844064,0.0,24.30666667,21.87561809,135.9361026,807.7501795,49.10795649,27.27691984
2025-07-19 09:30:00+00:00,439.3485042,0.0,24.6,436.7340715,0.0,24.4,22.0,140.8544045,837.3667441,50.58035714,27.06724387
2025-07-19 09:45:00+00:00,438.81423,0.0,24.6075,436.5499097,0.0,24.4075,22.1,146.0645714,819.8217894,51.90218254,27.4894
2025-07-19 10:00:00+00:00,437.3598148,0.0,24.7,436.8465185,0.0,24.5,22.23571429,151.3014206,840.9567093,52.99114286,26.71802677
2025-07-19 10:15:00+00:00,436.7632666,0.0,24.7,436.188064,0.0,24.55,22.32142857,156.9651276,814.5772675,53.93082418,26.4054316
2025-07-19 10:30:00+00:00,437.2756614,0.0,24.76666667,434.769697,0.0,24.6,22.34666667,162.8245794,790.237066,54.73326455,26.77239153
2025-07-19 10:45:00+00:00,436.2587542,0.0,24.8,434.6522887,0.0,24.6,22.17333333,168.9348148,806.6493773,55.26066667,27.22405556
2025-07-19 11:00:00+00:00,436.5476852,0.0,24.84740741,433.6961076,0.0,24.70533333,22.18666667,174.6741621,809.9308243,55.58389226,26.40209679
2025-07-19 11:15:00+00:00,436.3216878,0.0,24.9,434.4843859,0.0,24.77771259,22.45,180.9977707,814.1606368,55.7,26.9590158
2025-07-19 11:30:00+00:00,437.0590775,0.0,24.9,434.2413726,0.0,24.8,22.47388889,186.6633235,787.4958842,55.57339731,26.99625685
2025-07-19 11:45:00+00:00,436.0021775,0.0,24.97333333,432.9775097,0.0,24.8,22.42583333,192.9511111,784.0043757,55.1825,27.69059259
2025-07-19 12:00:00+00:00,435.1110709,0.0,25.0,431.6618902,0.0,24.9,22.37142857,199.2074943,773.7819477,54.55471939,27.86223214
2025-07-19 12:15:00+00:00,435.1394636,0.0,25.03333333,431.9287116,0.0,24.9,22.36666667,204.6131642,769.1164366,53.80978503,27.47042373
2025-07-19 12:30:00+00:00,434.3433987,0.0,25.1,430.5672492,0.0,24.95833333,22.40833333,210.0944325,759.3182256,52.8307381,27.57520635
2025-07-19 12:45:00+00:00,433.8255423,0.0,25.1,430.1088857,0.0,25.04933333,22.5552381,215.6978942,747.6411597,51.58650794,27.44651852
2025-07-19 13:00:00+00:00,433.5081516,0.0,25.16071429,429.9787164,0.0,25.12142857,22.54285714,219.7955988,745.2581497,50.58380952,27.793125
2025-07-19 13:15:00+00:00,432.9721419,0.0,25.21329365,429.5768326,0.0,25.21218254,22.58933333,225.5342148,722.0548859,48.83170337,27.60253795
2025-07-19 13:30:00+00:00,432.7001869,0.0,25.3,429.6302427,0.0,25.32,22.68666667,230.2859663,691.3156199,47.18976229,27.20031189
2025-07-19 13:45:00+00:00,432.1460185,0.0,25.35,429.3089699,0.0,25.45,22.7,234.7336081,658.5256593,45.46012472,26.2090873
2025-07-19 14:00:00+00:00,431.1168036,0.0,25.4,428.845013,0.0,25.55333333,22.58044444,238.7403996,637.3912316,43.74019481,27.08733333
2025-07-19 14:15:00+00:00,431.1342478,0.0,25.44,428.584841,0.0,25.69174603,22.50166667,242.9235317,612.6583,41.79186508,26.71575
2025-07-19 14:30:00+00:00,429.9886982,0.0,25.56666667,428.1248214,0.0,25.84,22.636,246.3788254,588.8272847,40.06830952,26.2601329
2025-07-19 14:45:00+00:00,430.4673654,0.0,25.60519481,427.3081021,0.0,25.97346939,22.28181818,250.5175028,554.6207979,37.82519841,26.56017007
2025-07-19 15:00:00+00:00,429.3414815,0.0,25.73714286,427.2522807,0.0,26.18916667,22.5,254.1555952,520.3486857,35.74890741,26.39651515
2025-07-19 15:15:00+00:00,429.5703452,0.0,25.89349206,427.2423504,0.0,26.36371429,22.48966667,257.4157845,492.3094742,33.75116883,26.244
2025-07-19 15:30:00+00:00,430.2406869,0.0,25.96666667,427.2770135,0.0,26.54940476,22.56227106,260.6916327,463.0663782,31.67984694,26.06054989
2025-07-19 15:45:00+00:00,429.2024145,0.0,26.13771429,427.5979632,0.0,26.73259259,22.46533333,263.9982128,430.0581653,29.51818519,26.30714856
2025-07-19 16:00:00+00:00,429.4377417,0.0,26.19285714,426.0361111,0.0,26.86666667,22.54196429,267.4095661,392.6082104,27.21815873,26.23428571
2025-07-19 16:15:00+00:00,428.6972944,0.0,26.27692308,425.6952381,0.0,26.98650794,22.34615385,270.4570777,358.4807065,25.10481859,25.92205215
2025-07-19 16:30:00+00:00,428.7818726,0.0,26.38622222,426.4319625,0.0,27.1,22.53733333,273.4572884,325.4765464,23.00887205,25.32410053
2025-07-19 16:45:00+00:00,427.7001455,0.0,26.49333333,426.4847682,0.0,27.12,22.5,276.5568915,288.9885564,20.79332011,25.81303571
2025-07-19 17:00:00+00:00,427.8663458,0.0,26.42,426.891022,0.0,27.19733333,22.38666667,279.3446825,256.2349033,18.84837302,25.752557
2025-07-19 17:15:00+00:00,427.2817578,0.0,26.45803571,425.7602103,0.0,27.19084184,22.08791209,282.4238265,218.8707818,16.61279762,25.7829932
2025-07-19 17:30:00+00:00,427.0189542,0.0,26.53619048,426.0358974,0.0,27.10833333,21.79362245,285.2790802,186.1720342,14.6117619,25.84774307
2025-07-19 17:45:00+00:00,426.6431349,0.0,26.5,425.7132189,0.0,27.2,21.4,288.3910053,153.2851295,12.44224868,25.48492593
2025-07-19 18:00:00+00:00,426.7396958,0.0,26.5,425.0,0.0,27.10666667,21.28761905,291.408393,124.3912861,10.37195238,25.35463869
2025-07-19 18:15:00+00:00,425.8634701,0.0,26.5,424.6038961,0.0,27.1,21.1,294.2691497,97.91537104,8.432470238,25.03497749
2025-07-19 18:30:00+00:00,425.8187761,0.0,26.5,424.9439679,0.0,27.04583333,21.18,297.2001587,71.25745692,6.523407407,24.70805556
2025-07-19 18:45:00+00:00,425.5187164,0.0,26.5,424.0478632,0.0,26.924,21.08166667,300.3323333,41.94005167,4.558222222,24.16091667
2025-07-19 19:00:00+00:00,424.4554085,0.0,26.40666667,425.1966472,0.0,26.79238095,20.79333333,303.3917593,21.36980042,2.672126984,23.73641667
2025-07-19 19:15:00+00:00,425.9322509,0.0,26.4,423.332413,0.0,26.64642857,20.56071429,306.164966,10.01627144,1.068027211,23.28347222
2025-07-19 19:30:00+00:00,425.5911173,0.0,26.36,423.5703704,0.0,26.56,20.42666667,309.3395291,3.695200634,-0.613417989,22.7503619
2025-07-19 19:45:00+00:00,425.1315334,0.0,26.2647619,422.1573968,0.0,26.42833333,20.28984127,312.5164815,1.172122443,-2.228833333,22.36222222
2025-07-19 20:00:00+00:00,424.6072779,0.0,26.2,422.1376937,0.0,26.34919218,19.97461982,315.3880385,0.234053609,-3.651369048,21.87548701
2025-07-19 20:15:00+00:00,424.4365232,0.0,26.10714286,422.4431373,0.0,26.25333333,19.86964286,318.8569947,0.005098039,-5.221785714,21.51533187
2025-07-19 20:30:00+00:00,423.7234727,0.0,26.03272727,421.7901776,0.0,26.185,19.70666667,322.2029359,0.0,-6.654162393,21.12950798
2025-07-19 20:45:00+00:00,423.3608647,0.0,25.94285714,421.3398658,0.0,26.1,19.62142857,325.5714996,0.0,-7.952171162,20.99357143
2025-07-19 21:00:00+00:00,422.4479824,0.0,25.9,420.5808176,0.0,26.02178571,19.5,328.8111523,0.0,-9.097639662,20.77602041
2025-07-19 21:15:00+00:00,423.0,0.0,25.88666667,419.5334827,0.0,25.98666667,19.46923906,331.9374615,0.0,-10.10735674,20.59820312
2025-07-19 21:30:00+00:00,422.4322846,0.0,25.8,419.9160032,0.0,25.9,19.32142857,335.5283929,0.0,-11.08281746,20.43405754
2025-07-19 21:45:00+00:00,421.3096818,0.0,25.72230769,419.8644231,0.0,25.84260684,19.28769231,339.3402747,0.0,-11.99010989,20.32775641
2025-07-19 22:00:00+00:00,421.2809809,0.0,25.68666667,418.5341787,0.0,25.8,19.2,342.5258148,0.0,-12.66448148,20.24422222
2025-07-19 22:15:00+00:00,421.1312891,0.0,25.6,418.0230604,0.0,25.73833333,19.2,346.148278,0.0,-13.25709259,20.03333333
2025-07-19 22:30:00+00:00,420.7464012,0.0,25.6,418.0633948,0.0,25.67333333,19.2,349.6702778,0.0,-13.71768254,19.90845455
2025-07-19 22:45:00+00:00,420.5625232,0.0,25.56041667,416.3846939,0.0,25.6,19.2,353.4100425,0.0,-14.04767857,19.95044643
2025-07-19 23:00:00+00:00,419.9859548,0.0,25.5,416.2833333,0.0,25.6,19.2,356.9868651,0.0,-14.23805556,20.01018519
2025-07-19 23:15:00+00:00,419.2049123,0.0,25.5,416.3128664,0.0,25.6,19.2,72.492,0.0,-14.3,20.09175354
2025-07-19 23:30:00+00:00,417.9006116,0.0,25.40512821,415.680614,0.0,25.50535714,19.2,4.151028654,0.0,-14.24464286,20.47620862
2025-07-19 23:45:00+00:00,418.2744108,0.0,25.4,415.1221031,0.0,25.44777778,19.2,7.685291005,0.0,-13.99038095,20.34853199
2025-07-20 00:00:00+00:00,417.1292256,0.0,25.39666667,414.8029915,0.0,25.4,19.2,11.24574603,0.0,-13.64638095,19.9321164
2025-07-20 00:15:00+00:00,417.0699401,0.0,25.3,414.7266504,0.0,25.39333333,19.2,14.93933333,0.0,-13.15733333,19.74060606
2025-07-20 00:30:00+00:00,417.7164988,0.0,25.3,414.3305207,0.0,25.3,19.2,18.37244979,0.0,-12.55343189,20.13571429
2025-07-20 00:45:00+00:00,416.2276936,0.0,25.3,414.0375354,0.0,25.27878788,19.2,21.73636752,0.0,-11.87794872,20.07989744
2025-07-20 01:00:00+00:00,416.7125926,0.0,25.2,413.4872549,0.0,25.2,19.2,25.47038047,0.0,-10.95851852,19.86806061
2025-07-20 01:15:00+00:00,415.8633333,0.0,25.2,415.6747155,0.0,25.18966667,19.2,28.89791727,0.0,-9.986924002,19.52843386
2025-07-20 01:30:00+00:00,415.2184829,0.0,25.2,415.3065322,0.0,25.17083333,19.2,32.28057978,0.0,-8.883500309,19.5
2025-07-20 01:45:00+00:00,414.242309,0.0,25.12857143,413.3490028,0.0,25.1,19.2,35.48481624,0.0,-7.744602564,19.47504199
2025-07-20 02:00:00+00:00,413.6304521,0.0,25.1,414.2197603,0.0,25.09218855,19.2,38.52381914,0.0,-6.557316017,19.42172015
2025-07-20 02:15:00+00:00,413.9732143,0.0,25.1,413.4206254,0.0,25.0,19.2,42.16885204,0.045,-4.990147392,19.45625
2025-07-20 02:30:00+00:00,413.3366646,0.0,25.1,412.9824762,0.0,25.0,19.2,45.32160847,0.429146753,-3.545992064,19.14983333
2025-07-20 02:45:00+00:00,412.2510807,0.0,25.03333333,413.109621,0.0,24.9412381,19.2,48.349367,1.701588881,-2.047608466,18.80365168
2025-07-20 03:00:00+00:00,411.3258754,0.0,25.0,412.4634771,0.0,24.9,19.2,51.65038889,5.161168287,-0.290037037,18.59309276
2025-07-20 03:15:00+00:00,412.0580667,0.0,25.0,412.3890977,0.0,24.82678571,19.2,54.60714286,12.3033527,1.284920635,18.85428571
2025-07-20 03:30:00+00:00,411.1944837,0.0,25.0,411.6060606,0.0,24.8,19.2,57.61502525,24.82341359,3.0119409,19.01393477
2025-07-20 03:45:00+00:00,410.7250293,0.0,25.0,410.702381,0.0,24.8,19.2,60.89540816,44.88274808,5.00795068,19.34696429
2025-07-20 04:00:00+00:00,409.5091583,0.0,25.0,410.7419928,0.0,24.8,19.2,63.65826376,66.97020038,6.773969588,19.40559421
2025-07-20 04:15:00+00:00,409.1215072,0.0,25.0,410.546795,0.0,24.8,19.2,66.65914286,93.03804926,8.727195767,19.45985185
2025-07-20 04:30:00+00:00,408.7111547,0.0,25.0,409.9775776,0.0,24.8,19.2,69.58994709,122.4312583,10.70194444,19.80807407
2025-07-20 04:45:00+00:00,407.8190306,0.0,25.0,408.8195757,0.0,24.8,19.2,72.66003896,150.3123892,12.79527778,20.38285714
2025-07-20 05:00:00+00:00,408.2996315,0.0,25.03571429,409.3034168,0.0,24.8,19.2,75.51745774,179.6118954,14.82974026,20.85607143
2025-07-20 05:15:00+00:00,407.4977778,0.0,25.1,408.0126984,0.0,24.8,19.2,78.36462482,209.5738008,16.80519048,21.15952222
2025-07-20 05:30:00+00:00,407.1538597,0.0,25.1,407.8419983,0.0,24.8,19.2,81.47348148,243.7257617,19.04892328,21.68897273
2025-07-20 05:45:00+00:00,406.8207801,0.0,25.1,407.3830333,0.0,24.89175926,19.27555556,84.47414478,277.7473765,21.13898822,21.78677537
2025-07-20 06:00:00+00:00,406.4357112,0.0,25.1,407.1901184,0.0,24.9,19.3,87.14705988,306.1840764,23.05108998,21.92111111
2025-07-20 06:15:00+00:00,406.9344992,0.0,25.17333333,407.5222222,0.0,24.9,19.3,90.52962045,340.7133338,25.41331746,22.43665439
2025-07-20 06:30:00+00:00,406.1570184,0.0,25.2,406.9066667,0.0,24.9,19.3,93.75802381,375.070711,27.63309524,22.90121429
2025-07-20 06:45:00+00:00,405.35,0.0,25.2,406.3246098,0.0,24.9,19.4,96.86207483,406.915524,29.70396825,23.33746032
2025-07-20 07:00:00+00:00,405.6403704,0.0,25.202,405.6505088,0.0,24.97174603,19.40222222,99.91480159,436.7197312,31.68223016,23.86087143
2025-07-20 07:15:00+00:00,404.1785175,0.0,25.29454545,406.3079153,0.0,25.0,19.49407407,103.4266232,469.3518574,33.88300818,24.2230363
2025-07-20 07:30:00+00:00,404.893227,0.0,25.3,405.9879854,0.0,25.0047619,19.5,107.1343333,503.7121338,36.05738095,24.36165741
2025-07-20 07:45:00+00:00,404.3382653,0.0,25.3,405.2574168,0.0,25.1,19.56285714,110.675068,524.6967106,38.03585601,24.46206555
2025-07-20 08:00:00+00:00,404.6111174,0.0,25.34,404.6045388,0.0,25.1,19.7,114.1426984,563.8638417,39.92142857,24.26565128
2025-07-20 08:15:00+00:00,404.0917354,0.0,25.4,404.76138,0.0,25.1,20.18189683,118.3339606,598.4926425,41.99315934,24.27347369
2025-07-20 08:30:00+00:00,403.7991071,0.0,25.4,405.2321429,0.0,25.15,20.37738095,122.4850952,582.5076823,43.89181973,24.8750822
2025-07-20 08:45:00+00:00,403.3059864,0.0,25.4,404.0945223,0.0,25.2,20.40230769,126.2503175,563.006501,45.48451826,25.07954335
2025-07-20 09:00:00+00:00,403.0060606,0.0,25.4,404.9019252,0.0,25.2,20.40446429,131.1698788,675.5183943,47.33842424,24.99272727
2025-07-20 09:15:00+00:00,402.8099567,0.0,25.42111111,403.7812511,0.0,25.2,20.00644444,136.1423624,635.1443755,48.97611111,25.84098124
2025-07-20 09:30:00+00:00,402.6701632,0.0,25.5,402.5562371,0.0,25.27142857,19.95833333,140.3170635,687.7408938,50.22420635,25.42175685
2025-07-20 09:45:00+00:00,402.372987,0.0,25.5,402.7650092,0.0,25.3,20.00766667,145.9577778,718.7909065,51.66749495,25.90686667
2025-07-20 10:00:00+00:00,402.8143715,0.0,25.5,401.9461885,0.0,25.3,20.17333333,151.6382434,740.329755,52.85735714,25.67390332
2025-07-20 10:15:00+00:00,402.807563,0.0,25.6,401.4178571,0.0,25.33785714,20.40715136,157.176369,718.1675509,53.81166667,26.48333333
2025-07-20 10:30:00+00:00,402.9854941,0.0,25.6,401.1822367,0.0,25.4,20.649,162.7118303,639.4641365,54.53583333,25.86695
2025-07-20 10:45:00+00:00,402.5753729,0.0,25.6,401.1875385,0.0,25.45,20.40107143,168.7049045,626.0491421,55.06345887,26.05378283
2025-07-20 11:00:00+00:00,402.1313464,0.0,25.60333333,400.7542588,0.0,25.5,20.04333333,174.783944,634.5017353,55.40319024,25.84966718
2025-07-20 11:15:00+00:00,401.0738095,0.0,25.7,401.6428571,0.0,25.5,19.92142857,180.9302579,582.3861416,55.5,26.0547619
2025-07-20 11:30:00+00:00,401.7939153,0.0,25.7,401.0340561,0.0,25.57333333,19.93111111,186.6339894,636.5110904,55.39477778,25.70172222
2025-07-20 11:45:00+00:00,401.2608821,0.0,25.7,399.993891,0.0,25.6,20.34666667,192.8101751,581.9524761,55.01760462,25.41037323
2025-07-20 12:00:00+00:00,401.5602407,0.0,25.77285714,400.5122038,0.0,25.6,20.63880952,198.5775462,685.306314,54.41762678,25.14583411
2025-07-20 12:15:00+00:00,401.4111111,0.0,25.8,401.2394328,0.0,25.62083333,21.31380952,204.8072265,683.0884796,53.57531624,24.46978413
2025-07-20 12:30:00+00:00,400.8011823,0.0,25.8,400.7023099,0.0,25.7,21.41904762,210.3410226,677.6572116,52.5975,25.02497879
2025-07-20 12:45:00+00:00,401.4727273,0.0,25.88666667,400.6292313,0.0,25.76074074,21.77857143,215.1695132,745.8438894,51.52087662,24.92196472
2025-07-20 13:00:00+00:00,400.2846856,0.0,25.9,399.9607143,0.0,25.82857143,21.88329082,220.1223665,746.5280244,50.2306216,24.49593254
2025-07-20 13:15:00+00:00,399.7687859,0.0,25.92,400.1658674,0.0,25.92,21.46111111,225.2224392,708.4254315,48.70116402,24.90490026
2025-07-20 13:30:00+00:00,399.4458333,0.0,26.0,400.2071429,0.0,26.0,20.88455556,230.2275132,680.5288448,46.97175926,24.66778836
2025-07-20 13:45:00+00:00,399.560084,0.0,26.0975641,399.9680861,0.0,26.12319902,21.23737179,234.5381349,658.7104106,45.29553288,24.91775928
2025-07-20 14:00:00+00:00,398.7529885,0.0,26.1,399.5271605,0.0,26.26666667,21.62740741,238.7039811,639.7045335,43.54248545,24.98686111
2025-07-20 14:15:00+00:00,398.7083216,0.0,26.2,399.316259,0.0,26.43333333,21.99333333,242.6536162,614.7997071,41.69742088,24.7209899
2025-07-20 14:30:00+00:00,399.01,0.0,26.3,400.693969,0.0,26.55622222,22.14177778,246.6076883,588.9270976,39.70640212,24.86236262
2025-07-20 14:45:00+00:00,399.5345161,0.0,26.40769231,400.3874038,0.0,26.74392857,22.24076923,250.3747619,560.3247055,37.70136054,25.20789116
2025-07-20 15:00:00+00:00,398.7729898,0.0,26.46666667,400.1365967,0.0,26.92833333,21.59115385,253.8794048,533.8532661,35.65981235,25.29971644
2025-07-20 15:15:00+00:00,399.3425166,0.0,26.58,400.5170502,0.0,27.08666667,21.78035714,257.338836,506.2080479,33.55362193,25.33859524
2025-07-20 15:30:00+00:00,398.564709,0.0,26.71925926,400.0018104,0.0,27.25,21.39531746,260.6432323,457.92108,31.48919192,24.9880202
2025-07-20 15:45:00+00:00,398.7865788,0.0,26.78071429,399.7763351,0.0,27.34428571,21.40238095,264.0289966,314.6362794,29.26496599,24.53235265
2025-07-20 16:00:00+00:00,398.7630899,0.0,26.9,400.1986791,0.0,27.4,21.46388889,267.1191164,312.3177451,27.17111111,23.88031325
2025-07-20 16:15:00+00:00,398.0629497,0.0,26.88555556,399.1516741,0.0,27.52856462,21.86496393,270.2938592,405.5724641,25.00374603,23.81075974
2025-07-20 16:30:00+00:00,399.0141383,0.0,26.99460317,399.9544304,0.0,27.60357143,22.38400794,273.2296825,231.9789213,22.95662415,23.94205882
2025-07-20 16:45:00+00:00,397.8315731,0.0,26.90689977,400.4088953,0.0,27.57859341,22.25333333,276.199537,237.3526478,20.84118258,23.7085582
2025-07-20 17:00:00+00:00,398.1845054,0.0,26.90714286,400.1040461,0.0,27.68391534,22.0,279.2879788,246.3507549,18.62292125,23.36229746
2025-07-20 17:15:00+00:00,397.9931092,0.0,27.0,399.4598618,0.0,27.8,21.8510303,282.2805881,229.7405785,16.4696746,23.49981101
2025-07-20 17:30:00+00:00,397.368043,0.0,27.06887755,399.9349064,0.0,27.8,21.57244898,285.1405886,152.823308,14.49638889,23.13248696
2025-07-20 17:45:00+00:00,396.9305748,0.0,27.12944444,399.1292929,0.0,27.8,21.4115873,288.0362879,162.1318985,12.4281265,23.2248885
2025-07-20 18:00:00+00:00,397.475463,0.0,27.1,398.6956718,0.0,27.74,21.11530612,291.1179278,137.8639159,10.31716017,23.13477143
2025-07-20 18:15:00+00:00,396.613628,0.0,27.1,398.9871352,0.0,27.67142857,21.06785714,293.9516071,88.98424567,8.423611111,22.78486395
2025-07-20 18:30:00+00:00,395.637597,0.0,27.1,398.3918055,0.0,27.53866667,21.3,297.0410508,50.18340524,6.402872683,22.63333333
2025-07-20 18:45:00+00:00,396.8283838,0.0,27.00666667,398.684406,0.0,27.36555556,21.005,300.1599579,21.00949116,4.413641026,22.47769231
2025-07-20 19:00:00+00:00,395.2892865,0.0,26.92666667,398.2595172,0.0,27.19301587,20.335,303.2665741,10.978168,2.560018519,22.12283333
2025-07-20 19:15:00+00:00,395.6769231,0.0,26.9,397.9145126,0.0,27.1,20.13076923,306.2051282,5.38340945,0.844200244,21.88826923
2025-07-20 19:30:00+00:00,396.1288051,0.0,26.80714286,397.7703014,0.0,27.02857143,20.00510204,309.1357382,2.237083478,-0.675250482,21.64815738
2025-07-20 19:45:00+00:00,395.8335979,0.0,26.74,396.8748353,0.0,26.92,19.97822222,312.1900397,0.638774934,-2.295277778,21.70181799
2025-07-20 20:00:00+00:00,395.7072249,0.0,26.66923077,397.333454,0.0,26.83333333,19.9,315.6959974,0.07836204,-4.01631746,22.00127778
2025-07-20 20:15:00+00:00,395.4094838,0.0,26.6,396.5747301,0.0,26.79428571,19.9,318.3209957,0.0,-5.22,22.1523088
2025-07-20 20:30:00+00:00,395.3619238,0.0,26.59888889,396.6036062,0.0,26.69904762,19.88444444,322.0297729,0.0,-6.79063037,22.3959922
2025-07-20 20:45:00+00:00,395.0196203,0.0,26.50595238,395.7606758,0.0,26.605,19.8,325.3775758,0.0,-8.078833574,22.19622222
2025-07-20 21:00:00+00:00,395.4519141,95.7047619,26.43309524,394.2398942,92.38445679,26.6,20.77142857,328.7143525,0.0,-9.271845238,22.20789683
2025-07-20 21:15:00+00:00,421.2567548,162.868008,26.22,409.3443415,158.6002529,26.51595238,22.6,331.980558,0.0,-10.28796032,22.26890476
2025-07-20 21:30:00+00:00,447.5173535,162.549697,26.12,436.0670757,157.0852175,26.3,22.53333333,335.5307236,0.0,-11.27242165,22.39367521
2025-07-20 21:45:00+00:00,463.5252731,165.7273243,25.98571429,454.7911385,161.3128004,26.16726845,22.4,339.2053427,0.0,-12.15980551,22.06462302
2025-07-20 22:00:00+00:00,472.5962926,255.7789912,25.69230769,467.3897741,247.8103008,26.03846154,22.21538462,342.6544689,0.0,-12.87102564,21.94548938
2025-07-20 22:15:00+00:00,481.159287,317.2991534,25.49555556,478.852347,314.1215639,25.9047619,21.865,346.0559365,0.0,-13.42464286,21.93759894
2025-07-20 22:30:00+00:00,486.8910744,317.1561424,25.30666667,486.0864021,315.6717011,25.69466667,21.62190476,349.6178211,0.0,-13.8899988,21.41766667
2025-07-20 22:45:00+00:00,489.1575996,316.0523433,25.12266667,489.7367791,316.1540577,25.53333333,21.43510101,353.3359141,0.0,-14.23938228,21.23288889
2025-07-20 23:00:00+00:00,490.8562576,314.5605609,24.95082418,492.4171222,313.330392,25.43267857,21.25389194,356.9559885,0.0,-14.43964286,20.88576438
2025-07-20 23:15:00+00:00,492.4124311,316.7573651,24.9,493.139726,314.6342572,25.29733333,21.1,125.3669517,0.0,-14.5,20.84720563
2025-07-20 23:30:00+00:00,492.5056879,315.4852936,24.78761905,493.55376,315.824118,25.3,21.06,3.470740741,0.0,-14.43635979,20.73875758
2025-07-20 23:45:00+00:00,492.4738971,315.4884267,24.69821429,493.5424792,312.0307618,25.24285714,20.96428571,7.650975057,0.0,-14.18356009,20.89126531
2025-07-21 00:00:00+00:00,493.0697884,315.2839029,24.53333333,494.8607209,309.6921905,25.13333333,20.9,11.24151058,0.0,-13.8379127,20.83618086
2025-07-21 00:15:00+00:00,492.1560183,314.8300104,24.49333333,494.4486854,312.980033,25.06666667,20.745,14.85806878,0.0,-13.35944444,20.72433333
2025-07-21 00:30:00+00:00,492.3074736,315.4983486,24.39498299,493.2422424,310.3338455,24.97256349,20.66428571,18.38212121,0.0,-12.7311746,20.82237205
2025-07-21 00:45:00+00:00,490.2915411,314.1499177,24.32857143,493.7099917,313.5429921,24.9,20.6,21.90834353,0.0,-12.0243021,20.61725309
2025-07-21 01:00:00+00:00,491.9842092,313.4833027,24.3,494.4579097,313.7491511,24.81911111,20.6,25.37619847,0.0,-11.18255211,20.42812121
2025-07-21 01:15:00+00:00,494.0383195,313.8847619,24.3,494.7670188,313.2967334,24.8,20.6,28.81786908,0.0,-10.21356643,20.78386325
2025-07-21 01:30:00+00:00,493.8810364,313.8852157,24.25833333,495.8967632,318.702679,24.8,20.50833333,32.2072381,0.0,-9.114007937,20.62797725
2025-07-21 01:45:00+00:00,494.472354,315.7151644,24.2,496.2687882,318.5944885,24.67244898,20.5,35.37460317,0.0,-7.976587302,20.61285714
2025-07-21 02:00:00+00:00,494.5552194,316.0055004,24.12,496.2000256,321.0741478,24.6,20.54666667,38.87899471,0.0,-6.589904762,20.86451667
2025-07-21 02:15:00+00:00,493.3526517,315.4188829,24.11,495.5606967,315.8681606,24.6,20.66833333,42.13972222,0.0,-5.21,20.84438228
2025-07-21 02:30:00+00:00,494.0534664,316.6662724,24.07857143,494.9510616,314.5513154,24.6,20.77142857,45.19801587,0.177155142,-3.821428571,20.77925824
2025-07-21 02:45:00+00:00,494.9513864,316.4278721,24.0925,498.7994655,319.6465551,24.58567766,20.8,48.5001052,1.187741184,-2.153553341,20.57424242
2025-07-21 03:00:00+00:00,502.7542162,189.0748148,24.34044444,504.0669697,192.559596,24.6,20.58666667,51.6626455,3.593370813,-0.508571429,20.60865801
2025-07-21 03:15:00+00:00,496.7880938,257.8305586,24.33333333,500.2755918,315.071604,24.6,19.0,54.80226755,4.96590142,1.143255633,20.75506239
2025-07-21 03:30:00+00:00,494.4158005,278.1963893,24.25510204,496.2093981,311.8875194,24.6,18.99285714,57.71813028,8.026549253,2.848455989,21.09971429
2025-07-21 03:45:00+00:00,493.3683261,295.4856199,24.1,494.5872895,314.1824602,24.52666667,17.29444444,60.49257407,15.13438715,4.557296296,21.55392222
2025-07-21 04:00:00+00:00,492.5127627,300.8996681,23.99833333,493.6086195,318.0693953,24.36666667,16.24552381,63.76638528,23.2723132,6.640625301,21.57488889
2025-07-21 04:15:00+00:00,490.3576923,296.5,23.88666667,493.7365079,317.6103175,24.28666667,16.01480952,66.89688191,32.15874815,8.666127946,21.46931323
2025-07-21 04:30:00+00:00,493.9526786,273.5355478,23.77142857,498.5368867,319.1800876,24.1,16.23571429,69.74769017,22.33751821,10.59706633,21.50525516
2025-07-21 04:45:00+00:00,497.456642,248.7982175,23.71333333,500.2882224,316.6866604,24.1,16.59,72.64467893,10.93749797,12.61176287,21.15222222
2025-07-21 05:00:00+00:00,497.6381982,220.9222222,23.732,502.4108159,323.1167965,24.06666667,16.94544444,75.64305556,16.43399163,14.6837963,21.30957835
2025-07-21 05:15:00+00:00,498.5477991,203.6741509,23.78098639,511.4172953,319.2434765,24.03571429,17.25439342,78.28249639,25.9362631,16.5186037,21.40466064
2025-07-21 05:30:00+00:00,494.806526,195.7948604,23.99666667,537.8833971,318.4337785,24.14888889,17.46,81.45626984,38.03929656,18.78080568,21.53798485
2025-07-21 05:45:00+00:00,511.5465636,194.4569161,24.05816327,550.8011493,312.7175969,24.19285714,17.52857143,84.3841829,51.27627775,20.87051948,21.41343827
2025-07-21 06:00:00+00:00,524.8554874,201.4396376,24.1,576.6375747,312.5012929,24.16959184,17.29107143,87.54547619,54.40436906,23.10614021,21.7022963
2025-07-21 06:15:00+00:00,532.0085034,216.8722083,24.10102041,592.0585032,319.8492497,24.35612245,16.95,90.58110764,58.76268241,25.19334295,21.88167941
2025-07-21 06:30:00+00:00,530.6047221,228.3537203,24.17071429,594.5321906,309.5881565,24.3,16.76266667,93.82361111,69.47920882,27.44071429,21.72
2025-07-21 06:45:00+00:00,531.9354096,251.1568616,24.18,567.7025911,317.5085476,24.268,16.67822222,96.73766667,65.54639071,29.36253968,21.71342088
2025-07-21 07:00:00+00:00,525.9669747,266.7016858,24.19793651,566.2689584,315.853699,24.01987013,16.67142857,100.3022959,68.1625124,31.68051871,21.50984127
2025-07-21 07:15:00+00:00,530.2372463,282.7370238,24.2,593.9258482,317.6325042,24.28121212,16.7,103.4613704,69.35861819,33.67438624,21.38879487
2025-07-21 07:30:00+00:00,526.7085526,297.7604453,24.06146032,586.6230896,315.158039,24.3,16.95555556,107.130303,80.47614627,35.82812698,21.94292593
2025-07-21 07:45:00+00:00,527.3269382,304.4491126,24.07904762,580.3538858,313.0630881,24.3,17.29380952,110.9538095,113.0441316,37.97730159,22.03333333
2025-07-21 08:00:00+00:00,526.137493,318.6835327,24.09717262,589.2551888,316.9270391,24.38301918,17.42727273,114.5565405,132.4528305,39.8995338,22.06326531
2025-07-21 08:15:00+00:00,519.5481746,327.2611352,24.10333333,581.6027787,332.7478362,24.41333333,17.12,118.5509947,105.9967577,41.86301587,22.048
2025-07-21 08:30:00+00:00,517.4274049,317.666897,24.09344444,576.148658,313.4056083,24.48487302,17.10666667,122.6063889,98.45904392,43.72559524,22.24992063
2025-07-21 08:45:00+00:00,511.3268904,314.3900948,24.07144558,572.0629786,309.3042148,24.41428571,17.16395604,126.7151905,112.8560224,45.42113553,22.37427721
2025-07-21 09:00:00+00:00,508.9739027,314.3377706,24.00114478,565.1291531,314.0218623,24.416,17.23116883,131.3383562,162.8134591,47.17353415,22.45531746
2025-07-21 09:15:00+00:00,512.6757423,314.3142987,24.1,565.6470895,318.4088419,24.51333333,17.33166667,135.9299197,205.2944852,48.73506349,23.00556997
2025-07-21 09:30:00+00:00,516.6214815,316.5047619,24.08571429,565.9489551,311.2747569,24.45333333,17.14285714,141.0999206,195.5517436,50.21515873,23.15904762
2025-07-21 09:45:00+00:00,510.8464591,313.6984127,23.93846154,553.6472575,311.3410518,24.42884615,17.39003663,145.799881,217.5313901,51.43199856,23.15744505
2025-07-21 10:00:00+00:00,511.074576,313.9934577,24.02666667,555.344673,311.7817483,24.37733333,17.06380952,151.3065873,236.0963863,52.59566667,23.06333333
2025-07-21 10:15:00+00:00,518.5986905,315.6995643,24.02777778,549.2831324,314.7909038,24.30674603,16.47857143,157.1833016,196.0548185,53.6034026,22.79689377
2025-07-21 10:30:00+00:00,508.8280767,312.3771509,24.00416667,533.5600198,319.2589188,24.25714286,16.2,162.9751603,253.2530764,54.35532176,22.54579705
2025-07-21 10:45:00+00:00,505.3591326,296.6039683,23.864,521.0835036,314.9300542,24.24666667,16.48583333,168.2556481,353.7532253,54.8,22.78659259
2025-07-21 11:00:00+00:00,498.090332,289.9921212,23.79,509.3126231,314.7742475,24.3,16.76666667,174.9836616,240.5460596,55.2102381,22.80483502
2025-07-21 11:15:00+00:00,496.0709863,276.8863041,23.9,512.6740992,319.229224,24.2,16.9,181.1375577,226.6759588,55.3,22.79933333
2025-07-21 11:30:00+00:00,502.6764906,260.3697997,23.9,544.5556329,310.8031194,24.3,17.04333333,187.0953102,199.2038885,55.16428571,23.05136054
2025-07-21 11:45:00+00:00,507.7065139,243.6455165,23.81642857,550.6963596,309.3219969,24.33,17.22666667,193.063836,172.9056502,54.7846164,22.70412698
2025-07-21 12:00:00+00:00,510.8677471,242.3976831,23.98,539.1700563,312.0298302,24.42666667,17.24666667,198.8293146,207.602838,54.22111111,22.66916667
2025-07-21 12:15:00+00:00,509.5847113,247.7346441,24.04266667,533.9415986,313.8669479,24.37944444,17.52133333,204.6268651,199.144057,53.41574603,22.40905556
2025-07-21 12:30:00+00:00,511.4313006,247.2187552,24.07142857,539.2072492,318.2507448,24.33571429,17.13571429,210.1406179,125.3965337,52.4402381,22.19897959
2025-07-21 12:45:00+00:00,516.8674242,256.1029332,24.07666667,544.214638,318.1394839,24.33,16.61160714,215.4544242,87.46348345,51.244,21.52768687
2025-07-21 13:00:00+00:00,513.2559695,266.3984007,24.02857143,554.2499501,319.7814569,24.4,16.61333333,220.5121481,113.6215336,49.90803419,21.62275214
2025-07-21 13:15:00+00:00,516.1592455,271.3707792,23.97142857,548.1471939,328.0414497,24.25714286,16.73571429,225.4001366,107.7872393,48.46330241,21.77656153
2025-07-21 13:30:00+00:00,512.1973115,259.9703704,23.93066667,530.0193372,325.7277282,24.15888889,16.86888889,229.9614286,102.9781237,46.88321734,21.65694505
2025-07-21 13:45:00+00:00,503.2413876,244.1601058,23.84450794,508.6202621,316.4284273,24.15435185,16.64,234.5367706,88.37360035,45.10915152,21.48511905
2025-07-21 14:00:00+00:00,493.651781,72.45622737,23.99968254,494.5805539,87.80714689,24.13777489,15.68888889,238.530714,108.1562306,43.38311383,20.79689478
2025-07-21 14:15:00+00:00,490.5123985,62.44820725,24.28694728,491.8068414,67.72508282,24.2522449,15.77559524,242.4475994,189.7413308,41.58219697,20.26507837
2025-07-21 14:30:00+00:00,486.2608466,61.95628788,24.32666667,488.6366667,66.95279932,24.3,17.17222222,246.47,134.6367894,39.53351852,20.1112197
2025-07-21 14:45:00+00:00,483.9924544,61.65124542,24.38039683,485.3621843,67.39819382,24.39333333,16.79822222,250.3331953,89.61666452,37.44555556,19.81779788
2025-07-21 15:00:00+00:00,481.4377778,62.15954828,24.44533333,482.9350624,68.01353208,24.4,17.15333333,253.9115344,58.22547885,35.37962698,19.49037037
2025-07-21 15:15:00+00:00,479.3570486,62.59023615,24.4,480.8489929,67.74099328,24.4,17.24285714,257.2330811,36.40219425,33.38809524,19.26607341
2025-07-21 15:30:00+00:00,477.6807407,62.9867094,24.4,479.1064285,67.49726614,24.336,16.94666667,260.6799242,19.87471929,31.21146032,18.92620202
2025-07-21 15:45:00+00:00,476.6622373,62.90315639,24.4,476.9747563,68.08205749,24.3,16.94666667,263.7264077,18.20778155,29.20961538,18.75177008
2025-07-21 16:00:00+00:00,476.5247099,62.61793142,24.32285714,476.1245843,67.24379827,24.3,17.1387415,267.1531731,28.08932209,26.92234977,19.28811018
2025-07-21 16:15:00+00:00,475.1450102,62.37850765,24.3,475.0680837,67.28798591,24.3,17.07333333,270.0911361,24.66265299,24.88676768,19.3714442
2025-07-21 16:30:00+00:00,474.14836,62.74764237,24.3,475.0176094,67.13848035,24.3,17.02833333,273.2206799,19.10438937,22.69361111,19.60394074
2025-07-21 16:45:00+00:00,474.0542067,62.82743691,24.3,473.8764091,67.43851889,24.27518519,16.88,276.3483583,14.51333992,20.48887831,19.86738889
2025-07-21 17:00:00+00:00,474.2422306,61.88361345,24.3,474.7472128,67.1294617,24.25261905,16.75714286,279.229983,14.18772554,18.42936508,19.54203297
2025-07-21 17:15:00+00:00,473.4146279,62.10518519,24.3,473.2558083,67.75811555,24.2,16.80984127,282.2328069,9.360951416,16.27935185,19.39398148
2025-07-21 17:30:00+00:00,472.993254,61.89250842,24.3,473.5925926,67.64414206,24.2,16.97547619,285.1445,8.926499672,14.21494949,18.35774359
2025-07-21 17:45:00+00:00,473.2125612,61.32547596,24.3,472.8342794,67.43994538,24.2,16.68333333,287.9406205,8.114585039,12.27242579,16.99710173
2025-07-21 18:00:00+00:00,471.8955781,62.97479798,24.27,473.2899767,68.06490504,24.17333333,16.89433333,290.9502849,9.524061675,10.16931624,16.79495385
2025-07-21 18:15:00+00:00,471.4200168,62.44020757,24.22333333,471.4198268,67.88466667,24.1,17.4,293.9977778,7.822651495,8.179166667,16.80666667
2025-07-21 18:30:00+00:00,471.3050429,61.22136491,24.2,470.9234287,67.9752773,24.1,16.96311111,297.0364286,4.396103541,6.186111111,17.10607792
2025-07-21 18:45:00+00:00,472.9486673,62.79532967,24.17961538,470.2959419,67.0037594,24.1,16.75128205,299.9584235,2.34061039,4.312029736,16.76904762
2025-07-21 19:00:00+00:00,473.3518711,19.33718487,24.11777778,471.422654,20.71116951,24.05,17.14166667,302.8636921,1.370213457,2.559177489,16.61895238
2025-07-21 19:15:00+00:00,470.9885255,0.0,24.13606061,471.3615497,0.0,24.0,17.26,306.0746717,0.761761712,0.706867725,16.4646619
2025-07-21 19:30:00+00:00,471.8575722,0.0,24.14348148,471.4523954,0.0,24.0,17.34315152,309.1594834,0.265513548,-0.914328042,16.39833048
2025-07-21 19:45:00+00:00,468.7528445,0.0,24.2,470.5878873,0.0,24.0,17.4,312.2633333,0.037268089,-2.546190476,16.42261905
2025-07-21 20:00:00+00:00,470.3909564,0.0,24.2,469.4142775,0.0,24.0,17.4,315.4455419,0.0,-4.094856712,16.41369899
2025-07-21 20:15:00+00:00,469.4655128,0.0,24.2,468.758627,0.0,24.0,17.33076923,318.6549117,0.0,-5.565837607,16.46
2025-07-21 20:30:00+00:00,469.4254378,0.0,24.2,468.6131584,0.0,24.0,17.3,321.9703585,0.0,-6.956870748,16.5
2025-07-21 20:45:00+00:00,467.8065344,0.0,24.2,468.4604303,0.0,24.0,17.33444444,325.3194788,0.0,-8.271428571,16.5
2025-07-21 21:00:00+00:00,467.0961825,95.10444444,24.06355556,466.9040656,88.23416275,23.97685714,17.65277778,328.6384194,0.0,-9.441640693,16.5
2025-07-21 21:15:00+00:00,477.4830303,166.2943875,23.9,476.542361,156.5252381,23.93333333,18.06163265,332.1575,0.0,-10.53527778,16.5
2025-07-21 21:30:00+00:00,485.1796218,167.2447846,23.84251748,485.1247292,154.5521445,23.88571429,18.17435897,335.5979592,0.0,-11.50959184,16.54142857
2025-07-21 21:45:00+00:00,493.3929349,164.9307275,23.79428571,492.8304692,157.581436,23.8,18.3,339.0021212,0.0,-12.32121212,16.49318803
2025-07-21 22:00:00+00:00,496.3976421,226.8111399,23.66508168,497.4473832,229.9825112,23.8,18.21544444,342.1872314,0.0,-12.94352766,16.37973911
2025-07-21 22:15:00+00:00,499.0206946,314.7552438,23.4625,499.8336128,311.6242693,23.72831633,18.1,345.9764255,0.0,-13.60675325,16.3
2025-07-21 22:30:00+00:00,499.3481197,314.5505495,23.3,499.2698246,309.5054971,23.58,18.1,349.6582641,0.0,-14.10754762,16.33066667
2025-07-21 22:45:00+00:00,498.9592593,315.1919048,23.26428571,498.5980542,311.1139181,23.5,18.1,353.2257619,0.0,-14.44166667,16.27342857
2025-07-21 23:00:00+00:00,498.1383121,314.17015,23.14166667,496.5242354,312.5511656,23.44166667,18.00833333,356.6354713,0.0,-14.62113035,16.2888141
2025-07-21 23:15:00+00:00,498.4593838,314.7866355,23.06428571,496.1208514,311.5419168,23.36428571,18.0,82.05952381,0.0,-14.7,16.24723639
2025-07-21 23:30:00+00:00,498.8665593,314.5115727,23.0,497.4454246,311.0182992,23.29142857,18.03666667,4.175161172,0.0,-14.60611111,16.30946667
2025-07-21 23:45:00+00:00,499.6124131,313.8391298,22.92813252,498.812698,308.8519048,23.2,18.1,7.86744709,0.0,-14.36008418,16.41766354
2025-07-22 00:00:00+00:00,499.8357401,315.3948806,22.87420068,499.617049,317.598871,23.17857143,18.1,11.24690476,0.0,-14.04158163,16.52420918
2025-07-22 00:15:00+00:00,500.8345238,313.4269197,22.8,499.6769553,319.2230349,23.1,18.19285714,14.45879365,0.0,-13.60520635,16.59393862
2025-07-22 00:30:00+00:00,501.5698838,314.4206085,22.76,500.46,317.9512121,23.1,18.31333333,18.47539683,0.0,-12.91071429,16.74892857
2025-07-22 00:45:00+00:00,501.6596311,312.9941667,22.76,500.5554537,315.9418107,23.1,18.47539683,22.04739927,0.0,-12.18226496,16.94566667
2025-07-22 01:00:00+00:00,501.0571429,313.6095238,22.74285714,499.7316606,319.0084123,23.07482993,18.6,25.18214286,0.0,-11.45,17.05576923
2025-07-22 01:15:00+00:00,500.4486467,313.3084656,22.7,499.3178363,323.1385734,23.00666667,18.7,28.97130952,0.0,-10.38666667,17.01333333
2025-07-22 01:30:00+00:00,500.4680159,315.9559178,22.7,499.9798378,318.3274993,23.0,18.62666667,32.40086386,0.0,-9.262030303,16.88150794
2025-07-22 01:45:00+00:00,499.1073082,313.7642196,22.62142857,498.4942201,319.0530756,22.99333333,18.4,36.11415344,0.0,-7.929811508,16.70833333
2025-07-22 02:00:00+00:00,498.0675111,314.1132113,22.6,497.1159733,319.2561552,22.92345238,18.4,38.81228097,0.0,-6.831735725,16.69815296
2025-07-22 02:15:00+00:00,497.8628788,314.6317305,22.6,496.1265608,320.6875301,22.88533333,18.4,42.13922751,0.0,-5.434656085,16.74289815
2025-07-22 02:30:00+00:00,497.7289578,318.4102023,22.61428571,500.5970362,314.1082517,22.9,18.53309524,45.48638889,0.111996355,-3.877980908,16.93045675
2025-07-22 02:45:00+00:00,502.9561703,317.2272551,22.6,511.0818579,317.9534685,22.9,18.6,48.44734488,0.73902342,-2.404262781,17.00727041
2025-07-22 03:00:00+00:00,505.4347262,78.6260101,22.86333333,506.5579271,85.76265057,22.96396825,18.40111111,51.73528673,2.224469219,-0.68437037,17.102
2025-07-22 03:15:00+00:00,499.3046506,62.62071429,23.19285714,499.6731774,63.48563329,23.12142857,17.08571429,54.75415954,5.095292097,0.911333333,17.10166667
2025-07-22 03:30:00+00:00,497.4045223,61.75664656,23.3,497.9827455,62.52408607,23.21,17.05333333,57.85986147,8.134518489,2.727153439,17.23257143
2025-07-22 03:45:00+00:00,496.0176981,63.26821988,23.21428571,496.7727633,62.29928533,23.28571429,17.27857143,60.85928571,8.583999837,4.527619048,17.29857143
2025-07-22 04:00:00+00:00,496.110582,62.52977273,23.31044444,496.069618,62.85369458,23.3,17.16,63.79142424,13.26515406,6.399723425,17.39404545
2025-07-22 04:15:00+00:00,495.4552174,62.35357822,23.4,496.1322424,63.06600648,23.3,17.17333333,66.92585185,21.80885696,8.443650794,17.48222222
2025-07-22 04:30:00+00:00,495.6756645,62.54642718,23.4,495.4740727,63.05104641,23.3,17.23428571,69.86515751,38.00512973,10.44504518,17.62413333
2025-07-22 04:45:00+00:00,495.4138871,62.75325528,23.37142857,497.1009964,62.55083796,23.3,17.3,72.75884354,51.0868098,12.4255102,17.80728571
2025-07-22 05:00:00+00:00,499.1592089,62.50792036,23.34444444,502.2433459,63.31620666,23.3,17.33222222,75.54363636,49.26453965,14.3672619,17.94950168
2025-07-22 05:15:00+00:00,504.4893922,62.16107001,23.50142857,514.6084848,62.76486291,23.3252381,17.4,78.71052059,71.14670664,16.58427128,18.28365079
2025-07-22 05:30:00+00:00,511.3588748,62.5759237,23.65059524,531.0268971,63.12594294,23.42616883,17.3375,81.52121212,126.9931322,18.59572511,18.91985348
2025-07-22 05:45:00+00:00,560.4088231,62.93567538,23.6881746,561.6299688,63.30643939,23.58333333,17.34166667,84.86770833,178.8650417,20.97395833,20.43333333
2025-07-22 06:00:00+00:00,587.0970178,62.71388889,23.9,589.2964078,62.96177455,23.66166667,17.19857143,87.64656878,146.3570748,22.90965608,20.70427249
2025-07-22 06:15:00+00:00,625.9403089,61.96054131,24.0,636.5960606,62.66333333,23.79746032,17.009,90.66977994,163.7802815,25.03142569,20.86693434
2025-07-22 06:30:00+00:00,630.8402552,68.62210076,24.08091575,630.6589642,63.38157128,23.87142857,16.89230769,93.82757937,179.8268389,27.17113466,21.11088331
2025-07-22 06:45:00+00:00,623.8209259,82.66396825,24.14133333,640.8761953,63.63728377,24.06,16.84119048,97.21685714,190.5747946,29.43404595,21.24263736
2025-07-22 07:00:00+00:00,605.8671827,99.30804233,24.22,652.2356502,73.49452109,24.08,17.03174603,100.3574242,172.7313231,31.47264286,21.52280794
2025-07-22 07:15:00+00:00,625.75762,111.1788462,24.17,660.3278245,82.88141923,24.12,17.12166667,103.9829545,192.3385325,33.72643939,21.61753247
2025-07-22 07:30:00+00:00,641.5098588,143.4478579,24.37428571,671.4882905,102.2074696,24.28367347,17.24285714,107.3942002,152.8187245,35.75007215,21.92806638
2025-07-22 07:45:00+00:00,649.6174735,176.7014193,24.37,671.1675281,119.7842818,24.2,17.33673016,110.2831667,138.4787518,37.42687879,21.79887727
2025-07-22 08:00:00+00:00,615.847219,206.3261359,24.384,636.5196732,129.9564003,24.02944444,17.21888889,114.4391667,225.591995,39.61740741,22.09779798
2025-07-22 08:15:00+00:00,589.5636089,235.5987322,24.27232143,604.9966227,138.7318921,24.05714286,17.32991453,118.4585503,265.2540482,41.60920199,22.47143451
2025-07-22 08:30:00+00:00,566.3381517,258.566422,24.3,578.4002362,141.4469327,24.04833333,17.27321429,122.4127222,368.8828056,43.41305556,22.63602381
2025-07-22 08:45:00+00:00,552.4918343,280.4075469,24.3,558.9818249,147.2140516,24.02183761,17.32040404,126.5199841,451.7931295,45.13038228,22.97533559
2025-07-22 09:00:00+00:00,545.0928889,309.1976221,24.28571429,553.4504246,146.6121584,24.04285714,17.12380952,131.5404339,334.8767134,46.9998271,23.07420532
2025-07-22 09:15:00+00:00,558.9494923,316.7468868,24.34844444,554.955703,154.1184104,24.1,16.964,136.0455926,386.3351988,48.55611111,23.04615954
2025-07-22 09:30:00+00:00,556.0881419,312.7734063,24.35481481,553.2764055,159.4806246,24.06666667,17.19611111,140.8935767,403.3440801,49.95,23.0212381
2025-07-22 09:45:00+00:00,543.63061,310.7132407,24.23555556,553.8932026,170.9704575,24.11333333,17.55466667,146.2119654,383.040691,51.30422222,23.2642
2025-07-22 10:00:00+00:00,548.0024101,315.2465986,24.21571429,555.008023,175.9063796,24.10769231,17.41428571,151.6386054,292.566901,52.45504535,23.21053391
2025-07-22 10:15:00+00:00,538.696414,314.6072727,24.16933333,525.8061233,184.1740893,24.08666667,17.35333333,157.1951587,188.5236007,53.39168254,23.021
2025-07-22 10:30:00+00:00,522.8766202,315.1928407,23.94340476,503.1564372,187.6975345,23.94666667,16.7737619,162.8962929,58.83939561,54.15509091,21.91738721
2025-07-22 10:45:00+00:00,530.3439062,309.4547924,24.04380952,522.7487519,175.8764972,23.88666667,16.5,169.013,172.3965174,54.68207407,21.23501236
2025-07-22 11:00:00+00:00,547.8170155,312.1289116,24.085,543.9779985,169.7592446,23.86547619,16.3,174.9435065,144.2173083,55.00857143,21.57078644
2025-07-22 11:15:00+00:00,549.4347246,313.4087542,23.94133333,559.8530687,157.7093184,23.9,16.23466667,180.738164,104.3741876,55.1,21.61291534
2025-07-22 11:30:00+00:00,553.6024701,306.5653914,23.90222222,569.3993566,151.242604,23.9,16.58555556,186.9117382,94.94884405,54.97197321,21.21622561
2025-07-22 11:45:00+00:00,563.7505435,315.0241094,24.07273504,577.688552,139.5873273,23.9,16.51978022,192.5657895,99.69634183,54.65327714,20.64606135
2025-07-22 12:00:00+00:00,572.5600921,313.4131557,23.99583333,584.2522709,131.1623913,23.9,16.66806878,198.3729416,63.52303747,54.09736027,20.05736027
2025-07-22 12:15:00+00:00,555.4344782,310.8842248,23.9202381,581.0661247,119.0461504,23.872,16.83469388,204.5577143,73.5025271,53.21503968,19.42309524
2025-07-22 12:30:00+00:00,545.1619696,299.5489418,23.92418367,576.0056257,107.3164375,23.83042857,17.01326531,210.1116133,46.90628694,52.22935714,19.17569312
2025-07-22 12:45:00+00:00,527.8253485,289.4742609,23.86083333,566.180036,99.95259562,23.90428571,16.725,215.0909694,44.16974368,51.12877551,18.56712245
2025-07-22 13:00:00+00:00,515.1644818,274.7035132,23.81190476,539.138276,90.36094671,23.89333333,16.31066667,220.4278896,76.42404172,49.76011544,18.06655128
2025-07-22 13:15:00+00:00,516.5671212,263.4261438,23.84880952,522.7069331,79.83532548,23.8,16.38857143,224.9185548,88.05171193,48.36785281,17.69938889
2025-07-22 13:30:00+00:00,514.4456411,251.4996694,23.77968975,514.4683806,66.93461814,23.8,16.66071429,229.3751212,98.42874733,46.8641474,17.64047838
2025-07-22 13:45:00+00:00,510.8158083,238.9046083,23.88233333,505.0108466,67.38014291,23.8,17.00355556,234.098237,147.0393069,45.05664452,17.75674827
2025-07-22 14:00:00+00:00,510.1169258,121.2508647,23.9,499.195373,62.9576166,23.8,16.71529437,238.1114844,106.6656159,43.36614997,18.1049108
2025-07-22 14:15:00+00:00,518.4722222,64.60712963,23.92261905,496.3348718,65.15760943,23.8,16.54095238,242.6333333,75.75695677,41.23592593,18.51121429
2025-07-22 14:30:00+00:00,507.5620491,64.31274202,24.0,493.6035741,64.40140291,23.8,16.74230769,246.2619481,86.99651487,39.42912698,18.37490698
2025-07-22 14:45:00+00:00,498.2299733,64.74009804,24.0,491.1034338,65.41362008,23.8,17.11015873,249.8962302,118.689631,37.45484127,18.57904762
2025-07-22 15:00:00+00:00,493.2784268,65.25305879,24.0,487.2801709,65.92496948,23.8,16.78877778,253.6772381,70.58223427,35.29131746,18.37785714
2025-07-22 15:15:00+00:00,488.0822507,64.93434343,23.98933333,485.3740564,64.73883109,23.77333333,16.85566667,257.2596587,87.02411792,33.11134921,18.22931746
2025-07-22 15:30:00+00:00,484.6931596,65.18526084,23.92142857,482.8978688,64.63190414,23.77142857,17.06,260.3795771,54.40248204,31.15075113,18.02142857
2025-07-22 15:45:00+00:00,482.1990112,63.6994709,23.9,481.0175325,66.34672599,23.7,17.3225,263.6474276,49.32499449,29.01439394,18.29606599
2025-07-22 16:00:00+00:00,479.8463103,64.66334815,23.9,478.6430319,65.50922863,23.7,17.43185185,266.7461555,61.2949429,26.93838437,18.90973708
2025-07-22 16:15:00+00:00,476.4399408,64.35905939,23.9,477.1526992,64.79392002,23.7,17.72761905,269.8504762,60.69136405,24.7890051,19.22651361
2025-07-22 16:30:00+00:00,474.3022141,65.33710586,23.83666667,475.0551409,65.22411737,23.7,17.85222222,272.7399892,66.94264334,22.74774892,19.41766667
2025-07-22 16:45:00+00:00,472.7712787,64.73810606,23.88190476,473.5772832,64.45885427,23.76311111,17.6437037,275.8141688,224.3325033,20.57982684,20.04255892
2025-07-22 17:00:00+00:00,472.7889208,64.75410089,23.95178571,471.3181818,65.87368049,23.9,16.84761905,279.0417963,153.9229824,18.3055873,20.70340741
2025-07-22 17:15:00+00:00,472.9477758,64.39224728,24.0,471.9763016,65.17699174,23.9,16.13928571,282.0211142,55.2920418,16.17825526,20.87510591
2025-07-22 17:30:00+00:00,470.9845118,64.77418379,23.90666667,471.2871224,65.37406257,23.80666667,16.16666667,284.8059259,17.26873867,14.21428571,20.63407407
2025-07-22 17:45:00+00:00,470.7553335,65.05301587,23.9,470.6787423,65.90072656,23.8,16.31071429,287.8555556,33.91962355,12.10634921,20.28287963
2025-07-22 18:00:00+00:00,470.9199495,64.35636926,23.80612245,470.9721511,64.83759442,23.78571429,16.73928571,290.7896684,32.62052344,10.07623299,19.93129252
2025-07-22 18:15:00+00:00,470.5189386,64.71180828,23.8,470.5423429,65.26901799,23.7,16.90170635,293.6478194,12.67945386,8.13981352,19.62219114
2025-07-22 18:30:00+00:00,470.1971021,64.9268735,23.73095238,470.9264053,65.04884575,23.7,16.94,296.9201215,23.09670951,6.014462963,19.40224823
2025-07-22 18:45:00+00:00,468.7833555,65.03791098,23.79085714,471.0257874,65.44102549,23.7,17.14074074,300.0074247,6.363761735,4.054431967,19.28874433
2025-07-22 19:00:00+00:00,470.7856022,13.93592237,23.75649351,470.2617122,12.03648027,23.65714286,17.20952381,302.7615904,2.757611242,2.375283949,18.68760172
2025-07-22 19:15:00+00:00,471.5227694,0.0,23.8,470.0655379,0.0,23.6,17.37115385,305.9928254,1.850380358,0.508117364,18.29759899
2025-07-22 19:30:00+00:00,470.9203992,0.0,23.8,469.8436887,0.0,23.6,17.69733333,309.0011686,0.871189005,-1.03726912,18.01934721
2025-07-22 19:45:00+00:00,469.3660143,0.0,23.8,469.4373568,0.0,23.6,18.00816327,312.1594852,0.280690283,-2.72791744,17.62494993
2025-07-22 20:00:00+00:00,469.4726268,0.0,23.8,468.712785,0.0,23.6,18.28266667,315.2653824,0.002777778,-4.24015873,16.85623016
2025-07-22 20:15:00+00:00,467.8514306,0.0,23.76218182,468.4833333,0.0,23.6,18.69722727,318.6223319,0.0,-5.794361111,16.73320833
2025-07-22 20:30:00+00:00,466.5983887,0.0,23.7,468.851501,0.0,23.6,18.90666667,322.0737302,0.0,-7.23702381,17.04
2025-07-22 20:45:00+00:00,466.9245098,0.0,23.7,467.5726248,0.0,23.6,19.08107143,324.9978327,0.0,-8.390659341,16.45015263
2025-07-22 21:00:00+00:00,465.9226541,100.0699793,23.60888889,466.864508,96.55782416,23.52666667,18.43333333,328.4603333,0.0,-9.593240741,16.58871667
2025-07-22 21:15:00+00:00,470.6998232,162.7088889,23.5,469.8973399,151.497034,23.5,17.58571429,331.8892989,0.0,-10.68878307,16.87681481
2025-07-22 21:30:00+00:00,475.8510263,160.4950638,23.40888889,476.5436257,153.1867013,23.436,17.70666667,335.5359974,0.0,-11.69382804,17.19512963
2025-07-22 21:45:00+00:00,479.3657153,161.7206227,23.35,480.1334302,153.6133201,23.385,17.9827381,338.6340071,0.0,-12.44605249,17.26239933
2025-07-22 22:00:00+00:00,480.8426094,245.5072321,23.22360021,482.3895835,240.093362,23.3,18.1,342.1525198,0.0,-13.15630592,18.096
2025-07-22 22:15:00+00:00,483.8896296,311.7041582,23.00422222,483.3161388,312.8356207,23.18019048,18.14666667,346.0530556,0.0,-13.83555556,19.66605556
2025-07-22 22:30:00+00:00,484.4778733,310.9381387,22.86714286,485.2297379,322.1387651,23.04642857,18.3,349.6555102,0.0,-14.30710317,19.14054847
2025-07-22 22:45:00+00:00,485.2022948,311.8497712,22.77666667,485.8229343,315.9067694,22.90666667,18.3,352.8416623,0.0,-14.59397691,19.48658434
2025-07-22 23:00:00+00:00,486.2202423,318.651345,22.70754579,485.7693408,316.4970875,22.81333333,18.38833333,356.801789,0.0,-14.83019608,20.07885053
2025-07-22 23:15:00+00:00,486.7933333,313.9425325,22.6,485.707588,313.2181236,22.8,18.5,188.7494139,0.0,-14.9,20.09274237
2025-07-22 23:30:00+00:00,487.1042983,314.3032297,22.53367347,485.8927117,314.5969989,22.75153061,18.5,4.053854875,0.0,-14.81952381,19.99067065
2025-07-22 23:45:00+00:00,486.2994256,315.9567177,22.49285714,485.3001141,316.05492,22.69285714,18.5,7.823628247,0.0,-14.56132653,19.97034993
2025-07-23 00:00:00+00:00,485.5583165,313.8153632,22.42666667,486.6782341,316.2876071,22.65698413,18.5,11.10933372,0.0,-14.24582973,19.99301878
2025-07-23 00:15:00+00:00,486.5729167,315.0075397,22.4,485.9130311,313.0857114,22.6,18.5,15.04821429,0.0,-13.72785714,19.71785714
2025-07-23 00:30:00+00:00,487.0122118,314.4972035,22.31744444,486.463796,315.5335573,22.6,18.58666667,18.45383069,0.0,-13.16685714,20.15942677
2025-07-23 00:45:00+00:00,487.2833249,316.3650024,22.3,486.9893142,314.8923799,22.6,18.52,22.06155556,0.0,-12.40582142,19.97305458
2025-07-23 01:00:00+00:00,487.8904778,313.8974106,22.3,486.711728,313.0779178,22.53333333,18.5,25.32822799,0.0,-11.61006112,19.7356684
2025-07-23 01:15:00+00:00,488.4065055,312.3763158,22.27142857,486.6706017,311.4169123,22.46428571,18.42857143,28.6735348,0.0,-10.68744589,19.39693878
2025-07-23 01:30:00+00:00,488.0663375,315.74539,22.21333333,487.827,312.8179895,22.48977778,18.30833333,32.29222222,0.0,-9.529166667,19.5619943
2025-07-23 01:45:00+00:00,488.604359,312.8115404,22.18,488.1063993,312.7615525,22.42533333,18.3,35.72785474,0.0,-8.27,19.56409399
2025-07-23 02:00:00+00:00,488.1878733,315.5305705,22.1,487.6668273,313.2337307,22.4,18.22857143,39.06186224,0.0,-6.958370181,19.60430839
2025-07-23 02:15:00+00:00,488.5439964,312.0143045,22.1,488.1451304,316.3124064,22.34385185,18.3,42.07024842,0.0,-5.686588079,19.53400352
2025-07-23 02:30:00+00:00,489.6600168,323.395873,22.1,490.048576,313.862538,22.3,18.3,45.38634921,0.00037037,-4.186909091,19.54156777
2025-07-23 02:45:00+00:00,494.0269268,316.9020796,22.1,500.070747,315.4815895,22.3325,18.3,48.71151526,0.157714029,-2.501891534,19.70221429
2025-07-23 03:00:00+00:00,500.2662338,137.5,22.31607143,503.4047619,138.3095238,22.35535714,18.3,51.90059524,0.691231886,-0.801190476,17.91344955
2025-07-23 03:15:00+00:00,490.0656006,60.80060847,22.709,490.4227259,61.22704826,22.54022222,17.67916667,54.69765748,2.089316437,0.642952279,18.33404989
2025-07-23 03:30:00+00:00,487.9736362,63.23254081,22.8,489.0260317,60.60292335,22.6,16.75128205,57.99988095,3.525925169,2.542645503,17.80655952
2025-07-23 03:45:00+00:00,485.6826001,63.52238971,22.8,486.6404614,49.19296455,22.6,16.84693878,61.00119763,4.281819245,4.379704579,17.23143069
2025-07-23 04:00:00+00:00,484.1076412,64.00666667,22.7,485.8070649,63.64398754,22.6,16.9,63.87738552,7.068411595,6.208219558,17.70198345
2025-07-23 04:15:00+00:00,481.8838369,63.51203056,22.7,484.2490728,63.85390328,22.6,16.74,66.98925926,11.84919875,8.238769841,18.17233117
2025-07-23 04:30:00+00:00,481.0108195,62.79747355,22.7,482.8379857,63.22020358,22.64102564,17.17362963,70.03416089,18.73498476,10.29481838,18.31905556
2025-07-23 04:45:00+00:00,480.9257066,62.68599258,22.7,483.02422,63.25881262,22.65952381,17.03400227,72.8235119,23.62477952,12.23326531,18.95211116
2025-07-23 05:00:00+00:00,483.4300109,62.03941799,22.83933333,491.6493395,63.13790765,22.64666667,16.91333333,75.71969841,37.59335421,14.23986014,19.13454747
2025-07-23 05:15:00+00:00,486.1582078,61.8281746,22.81,496.4950789,62.85059885,22.76,17.155,78.83010582,24.14803064,16.41638889,19.09311111
2025-07-23 05:30:00+00:00,492.2467495,62.39812053,22.83333333,504.9343286,63.498838,22.8,17.28333333,81.80420635,31.54185738,18.53482143,18.97219697
2025-07-23 05:45:00+00:00,502.83,62.03666667,22.96583333,513.3016695,63.48987854,22.80222222,17.08,84.72666667,27.17936082,20.63851852,18.812
2025-07-23 06:00:00+00:00,525.2109596,61.9997619,23.07638889,539.4458393,63.30948268,22.85694444,17.02546296,87.71722222,27.76162513,22.7187037,18.97333333
2025-07-23 06:15:00+00:00,544.7436575,62.24280525,23.12857143,560.8035415,63.90522685,22.91928571,17.2,90.84061328,32.33789972,24.87659259,19.00272475
2025-07-23 06:30:00+00:00,564.1229875,62.15607247,23.1775,580.2302292,62.77560091,22.99795918,17.13571429,94.13943001,63.94181271,27.13189626,18.56464881
2025-07-23 06:45:00+00:00,575.8731668,62.29083333,23.28333333,573.3392849,63.84655465,23.15333333,17.1,97.31994607,69.03242482,29.25333333,18.96653439
2025-07-23 07:00:00+00:00,585.3192815,62.30833537,23.36,582.7818314,64.46128857,23.25333333,17.1,100.4848547,36.5974005,31.31628205,18.83641026
2025-07-23 07:15:00+00:00,595.2858543,62.18045455,23.32177778,612.0616762,64.0545809,23.24592593,17.1,104.0836667,40.03179563,33.53047619,18.91402857
2025-07-23 07:30:00+00:00,598.9251237,61.64047619,23.5,618.3424495,63.50313033,23.29285714,17.07857143,107.4849477,36.78182751,35.57530123,18.86488095
2025-07-23 07:45:00+00:00,616.8530119,61.83845316,23.41037037,616.5579318,63.15121616,23.38543956,16.96666667,110.9582804,66.14772519,37.55072884,19.05811966
2025-07-23 08:00:00+00:00,615.4960929,62.73990819,23.55572222,605.1890136,62.75907094,23.4584127,17.12666667,114.6780991,132.0805384,39.48401587,19.08038112
2025-07-23 08:15:00+00:00,614.8651218,62.94828644,23.5,601.1656229,63.55143935,23.47857143,17.31938776,118.2599037,127.8680328,41.22604283,19.3788348
2025-07-23 08:30:00+00:00,609.2067593,62.13175343,23.63293651,589.839931,62.73151379,23.47555556,17.14166667,122.5379278,177.1105786,43.24164502,19.84448889
2025-07-23 08:45:00+00:00,607.1798249,63.03245551,23.6,589.0669126,63.56434669,23.47822222,17.151,126.791641,173.3974596,44.98907692,19.89240859
2025-07-23 09:00:00+00:00,595.7117452,62.94728327,23.68,580.821869,63.30802975,23.47771044,17.36428571,131.5080661,139.1404006,46.77131217,20.13731456
2025-07-23 09:15:00+00:00,595.8530723,61.25062898,23.64065934,586.6520401,63.92866642,23.5,17.14358974,135.9691354,139.0435147,48.25660104,20.27234885
2025-07-23 09:30:00+00:00,596.0440128,61.65407407,23.66497355,586.7331076,62.97772904,23.48666667,17.01703704,140.8843915,69.3201143,49.73608273,19.98148571
2025-07-23 09:45:00+00:00,586.9636977,62.9347619,23.69333333,570.3485355,63.35907866,23.48666667,16.80666667,146.2345661,75.40842034,51.08380952,20.04618182
2025-07-23 10:00:00+00:00,594.0469729,62.56940837,23.66311111,573.5064556,63.94766625,23.49416667,16.81333333,151.8511457,81.21545526,52.29137302,20.37094841
2025-07-23 10:15:00+00:00,581.7148334,63.68253759,23.7,561.0017913,64.59101619,23.4702381,16.74736678,156.7894096,187.2432823,53.10880423,20.46910561
2025-07-23 10:30:00+00:00,574.6096296,62.15575906,23.63333333,564.3649742,63.1004662,23.49396825,17.32666667,162.9979784,178.2088738,53.95099567,20.45677672
2025-07-23 10:45:00+00:00,563.998411,61.41636166,23.7,575.0568383,62.27646282,23.41555556,17.42444444,168.7291945,165.1652006,54.45286103,20.64110342
2025-07-23 11:00:00+00:00,558.1882937,61.90907902,23.71538462,564.5008825,63.22056515,23.59285714,17.02638889,174.3668019,145.902961,54.7797619,20.91064935
2025-07-23 11:15:00+00:00,549.1040958,61.56542941,23.65933333,552.8422787,63.05251377,23.6,17.1,180.8285842,142.6273962,54.9,21.08561111
2025-07-23 11:30:00+00:00,539.887817,62.5152381,23.67372449,544.6916314,63.64169454,23.6,17.23833333,186.9763095,191.3206048,54.76027778,20.74846581
2025-07-23 11:45:00+00:00,554.4173567,61.66072674,23.6621152,542.1937553,63.21656969,23.6,17.16653824,192.6151136,174.7256384,54.43175295,21.00373526
2025-07-23 12:00:00+00:00,557.9948766,62.40577061,23.79821429,540.2387494,63.22705762,23.6,17.27819728,198.2334524,236.4898792,53.89880952,21.41373626
2025-07-23 12:15:00+00:00,564.5558084,62.80746846,23.84583333,541.7551648,63.98713392,23.6,17.23979592,204.357304,409.3832272,53.03161857,21.76324074
2025-07-23 12:30:00+00:00,563.7989899,61.97222222,23.95238095,540.1418829,62.78513228,23.54552381,17.33076923,209.8959259,411.7808144,52.03203704,22.32870635
2025-07-23 12:45:00+00:00,569.6029336,62.36016728,23.82244898,542.8175802,63.36812787,23.6,17.16071429,214.5136706,245.0759114,51.06105159,22.62388889
2025-07-23 13:00:00+00:00,574.8333903,62.31169312,23.87583333,548.1418894,63.01763348,23.65714286,16.67785714,219.826337,230.3015318,49.67984127,22.58572222
2025-07-23 13:15:00+00:00,577.5626263,61.63974359,24.02190476,547.0953196,63.00798781,23.62777778,16.52952381,225.1350106,312.4052949,48.07936508,22.00144444
2025-07-23 13:30:00+00:00,574.2438961,68.58,24.1452381,534.049373,63.42345873,23.74107143,16.6802381,229.8847619,487.0311584,46.475,22.50265476
2025-07-23 13:45:00+00:00,579.7546487,85.88881966,24.09404762,539.5806829,62.95106723,23.75124717,17.31428571,233.465335,253.3115239,45.09615672,23.0903935
2025-07-23 14:00:00+00:00,570.3034929,66.54387755,23.99346154,536.3466733,60.78008055,23.82307692,16.30538462,238.0869231,652.8603737,43.11373626,23.08221154
2025-07-23 14:15:00+00:00,556.4861472,57.01309524,24.06,538.7403144,58.67406593,23.96,15.765,242.4484848,411.7324943,41.10151515,23.44060606
2025-07-23 14:30:00+00:00,540.2310606,60.68939394,24.09,535.0568182,60.50522886,23.92,16.26666667,246.17,362.28152,39.205,23.03636364
2025-07-23 14:45:00+00:00,526.7505051,64.02546296,24.13333333,528.8672172,64.32168057,24.11111111,17.24074074,249.5822222,668.2011621,37.40666667,22.98333333
2025-07-23 15:00:00+00:00,517.2615654,64.25988757,24.2,521.1175864,63.70587605,24.3,17.31592593,252.9968254,331.172559,35.45555556,23.16425926
2025-07-23 15:15:00+00:00,511.7311035,64.9484127,24.20416667,514.9142841,64.01910995,24.3,17.19545455,256.5884921,339.2973593,33.25166667,22.97481944
2025-07-23 15:30:00+00:00,504.8187579,64.45274725,24.28888889,509.0045148,64.03864911,24.3,17.0609127,259.9069139,201.4562229,31.23953175,22.76657509
2025-07-23 15:45:00+00:00,498.9380952,64.02083333,24.2,502.3085017,63.06666667,24.3,17.09666667,263.6549603,218.792118,28.80059524,22.54561508
2025-07-23 16:00:00+00:00,495.1236222,64.07362637,24.2,498.2718897,64.2460373,24.24166667,17.05151515,266.9073077,149.8512783,26.55458333,22.70365385
2025-07-23 16:15:00+00:00,492.5291005,63.68776709,24.2,493.6423077,62.90101311,24.2,16.91527778,269.7016667,142.796835,24.64777778,22.53961111
2025-07-23 16:30:00+00:00,490.1570301,64.59401709,24.19393939,490.5134715,63.66449618,24.125,16.83666667,273.1113636,100.4343371,22.27272727,22.55363636
2025-07-23 16:45:00+00:00,487.6142457,64.21626322,24.10611111,487.5383229,63.10303208,24.1,16.67888889,275.9160623,87.91353866,20.26358974,22.365
2025-07-23 17:00:00+00:00,485.4827381,63.88095238,24.1,485.6993662,63.54491906,24.03571429,16.7,278.8467857,129.2228852,18.1927381,21.99857143
2025-07-23 17:15:00+00:00,484.5471056,64.36107269,24.1,485.1184316,64.02239311,24.00666667,16.96440476,281.9426869,117.3313643,15.97670899,21.94921645
2025-07-23 17:30:00+00:00,483.3609245,63.51572817,24.1,483.0386776,62.59947431,24.09833333,17.01904762,284.6567391,94.0739245,14.07535297,22.16645341
2025-07-23 17:45:00+00:00,482.0358842,64.13391251,24.1,481.9833203,63.62308826,24.01071429,17.12040816,287.8442744,48.68048588,11.81846372,22.28950255
2025-07-23 18:00:00+00:00,480.5502333,64.06006734,24.03333333,480.8628887,63.55682984,23.90666667,17.23566667,290.8020522,23.01480266,9.780468254,21.81047138
2025-07-23 18:15:00+00:00,480.7864277,64.16518976,24.0,479.3949508,62.98871596,23.86895238,16.76,293.8244769,14.21219572,7.795261183,21.1412381
2025-07-23 18:30:00+00:00,480.1613826,64.26681064,23.95333333,478.1744164,63.78637115,23.8,16.86666667,296.6677578,11.4834626,5.949772727,20.66588235
2025-07-23 18:45:00+00:00,480.3613498,63.56547619,23.9,478.0136827,63.37451339,23.79285714,17.09285714,299.8980102,9.159376322,3.885714286,20.12142857
2025-07-23 19:00:00+00:00,479.8544913,15.81666667,23.9,478.7265859,13.72813853,23.7,16.97333333,302.8880556,6.676606685,2.083161376,20.1759918
2025-07-23 19:15:00+00:00,477.7653348,0.0,23.9,479.1455798,0.0,23.7,17.79,305.9952828,3.555597202,0.317213805,19.93187296
2025-07-23 19:30:00+00:00,477.7307612,0.0,23.9,477.4444967,0.0,23.7,18.19285714,308.9675312,0.980533816,-1.312460318,19.84605357
2025-07-23 19:45:00+00:00,477.8913179,0.0,23.9,477.4804248,0.0,23.7,18.02857143,311.8834314,0.302884152,-2.797959184,19.71064501
2025-07-23 20:00:00+00:00,477.3373016,0.0,23.9,477.3164683,0.0,23.67291667,17.7,315.0296296,0.024652778,-4.4375,19.46520833
2025-07-23 20:15:00+00:00,476.7593407,0.0,23.8125,476.4752747,0.0,23.6,17.7,318.7598485,0.0,-6.065833333,19.09125
2025-07-23 20:30:00+00:00,475.185595,0.0,23.8,476.9074575,0.0,23.6,17.73777778,321.594697,0.0,-7.285606061,18.93095455
2025-07-23 20:45:00+00:00,473.8172894,0.0,23.8,475.7358607,0.0,23.6,17.98461538,325.0058183,0.0,-8.571359649,18.91644841
2025-07-23 21:00:00+00:00,473.4055194,95.71349313,23.63592186,473.1201487,94.47087094,23.53245921,19.37884615,328.4948155,0.0,-9.817591436,18.95208188
2025-07-23 21:15:00+00:00,481.1550146,166.1833495,23.45153439,480.0481031,158.9908003,23.5,20.356,331.8716693,0.0,-10.90810967,18.84924603
2025-07-23 21:30:00+00:00,489.1371212,167.5879386,23.41420068,491.2445676,160.483994,23.42896825,20.26666667,335.4445578,0.0,-11.89098639,18.76828571
2025-07-23 21:45:00+00:00,497.1745827,169.2479788,23.36222222,498.463119,164.2499408,23.4,20.12666667,338.7758461,0.0,-12.68880712,18.62701587
2025-07-23 22:00:00+00:00,502.9954252,166.4434976,23.352,502.7398803,157.1426934,23.31333333,20.09777778,342.4713704,0.0,-13.43466667,18.688
2025-07-23 22:15:00+00:00,505.8361404,165.7398148,23.22666667,504.8611614,166.4137315,23.3,19.91047619,345.9977778,0.0,-14.03083333,18.54119048
2025-07-23 22:30:00+00:00,506.0670246,167.8494477,23.27321429,506.7253957,163.7592186,23.26285714,19.75123299,349.4227891,0.0,-14.49994331,18.2563407
2025-07-23 22:45:00+00:00,506.2329948,166.1056832,23.14495238,508.0219232,158.7975275,23.2,19.7,353.222672,0.0,-14.83997669,18.17292381
2025-07-23 23:00:00+00:00,506.9406277,168.6542043,23.15384615,508.5244444,160.0273371,23.2,19.60384615,357.014381,0.0,-15.04761905,18.13799683
2025-07-23 23:15:00+00:00,507.4223023,168.6946081,23.12714286,507.0681194,165.6576335,23.16369048,19.47430556,192.3622366,0.0,-15.1,17.9717013
2025-07-23 23:30:00+00:00,508.3967773,165.5494872,23.0,509.108797,162.0002899,23.1,19.34769231,4.109333333,0.0,-15.02971429,17.92474074
2025-07-23 23:45:00+00:00,509.7462123,166.9213914,23.1,510.5881976,161.6567705,23.1,19.22,7.65821978,0.0,-14.78615079,17.7857619
2025-07-24 00:00:00+00:00,512.5495657,167.9170006,23.00333333,513.922107,158.9211349,23.09619048,19.12,11.2375136,0.0,-14.45925926,17.65023767
2025-07-24 00:15:00+00:00,514.0918911,169.115259,22.92193878,515.4377374,159.8236118,23.03657082,19.1,13.75808711,0.0,-14.14917277,17.64642559
2025-07-24 00:30:00+00:00,517.8652636,168.0102221,22.98666667,518.6066535,158.5484151,23.0,19.1,18.55384127,0.0,-13.38180952,17.4884455
2025-07-24 00:45:00+00:00,520.0597671,168.5684117,22.89666667,521.3945675,158.1509307,22.93666667,19.07333333,22.22430159,0.0,-12.58173016,17.48201587
2025-07-24 01:00:00+00:00,521.7607209,165.9325967,22.85666667,523.3788262,158.338769,22.9,18.91571429,25.73138095,0.0,-11.69904762,17.45275
2025-07-24 01:15:00+00:00,524.3849923,168.0833275,22.81538462,525.1437264,163.8379022,22.9,18.8,28.95371315,0.0,-10.80392857,17.52928571
2025-07-24 01:30:00+00:00,526.3142348,168.0428571,22.74166667,526.2803606,161.5003918,22.80111111,18.8,32.46247619,0.0,-9.670666667,17.59333333
2025-07-24 01:45:00+00:00,526.1715598,166.7287231,22.8,526.3124444,165.2442049,22.8,18.8,35.7685,0.0,-8.471333333,17.53118788
2025-07-24 02:00:00+00:00,524.7800741,167.7992929,22.63,524.5743547,159.7938629,22.76777778,18.8,38.8207619,0.0,-7.341968254,17.30839286
2025-07-24 02:15:00+00:00,523.4740249,169.926282,22.61517857,523.2898413,160.182313,22.7,18.86488095,42.33927335,0.0,-5.789310194,17.47285998
2025-07-24 02:30:00+00:00,522.1965017,171.4664469,22.7,526.737896,163.8344438,22.7,18.84615385,45.48477778,0.1674488,-4.356833333,17.44706061
2025-07-24 02:45:00+00:00,523.3885891,177.1694477,22.70095238,536.5584333,161.7056563,22.7,18.8,48.65848377,0.99598189,-2.787272727,17.23068064
2025-07-24 03:00:00+00:00,531.5106556,97.07408351,22.8225,531.9165887,94.97024785,22.74968254,18.65933333,52.01881147,3.117468712,-0.987729387,17.13236364
2025-07-24 03:15:00+00:00,523.46066,67.28280251,23.1,520.2799972,66.39871878,22.8,16.88907313,54.95038265,7.694808943,0.552372449,17.12517803
2025-07-24 03:30:00+00:00,520.4207353,66.69521603,23.1,518.0673846,67.09511927,22.8,16.47942177,58.0162963,27.47835497,2.29021164,17.00590952
2025-07-24 03:45:00+00:00,517.5961548,67.08904172,23.1,515.3888889,66.54260234,22.8,17.36363636,61.14703721,49.78316733,4.218316128,17.28110723
2025-07-24 04:00:00+00:00,515.6273037,66.87486772,23.1,513.6648148,66.28715954,22.8,17.10488095,64.14961905,83.25544173,6.145563492,17.58520635
2025-07-24 04:15:00+00:00,513.8209466,66.60888695,23.1,511.5344874,66.58700093,22.8,16.94615385,67.00021368,116.9037252,8.008440171,17.79595294
2025-07-24 04:30:00+00:00,512.4192189,67.03013091,23.08148148,512.2815176,66.57554673,22.81333333,17.21066667,69.94843407,158.7579795,9.996202686,18.35507692
2025-07-24 04:45:00+00:00,513.7919251,66.54831169,23.19777778,515.2070707,66.86464646,22.9,17.52953968,73.02936508,153.2922604,12.09989947,19.01577619
2025-07-24 05:00:00+00:00,516.2291463,66.89356963,23.22466667,522.6254784,67.00181918,22.86324074,17.46083333,75.81834848,192.2249487,14.03627104,19.1342037
2025-07-24 05:15:00+00:00,525.1734535,67.43772894,23.305,539.4056674,66.58257587,23.04404762,17.56428571,78.91595238,237.0401527,16.22898243,19.55464286
2025-07-24 05:30:00+00:00,528.0975811,67.37224444,23.38666667,554.6120092,66.70848041,23.07333333,17.33333333,81.83134632,273.4880019,18.32,20.18419048
2025-07-24 05:45:00+00:00,555.0480046,66.72317814,23.38560606,564.6778438,66.7819398,23.175,17.09886364,84.65810606,312.1979463,20.31546266,20.75023699
2025-07-24 06:00:00+00:00,580.6677201,66.55483552,23.594,579.7334308,66.16590537,23.27459524,17.52452778,87.30951049,279.7569406,22.16163947,21.26265339
2025-07-24 06:15:00+00:00,611.7182627,66.5606576,23.70897436,610.4093458,66.25699836,23.57102564,17.03487179,91.20653846,231.7041238,24.88461538,21.38907143
2025-07-24 06:30:00+00:00,653.3471437,66.65561224,23.88148148,614.4937294,66.2074231,23.72727273,17.1,94.49444444,158.7952717,27.11111111,21.15025641
2025-07-24 06:45:00+00:00,691.8442308,122.1327839,23.97878788,641.9871795,65.40064103,23.66666667,17.08181818,97.47948718,128.2654679,29.17777778,20.70384615
2025-07-24 07:00:00+00:00,712.8086759,305.8160062,23.79090909,678.4491139,63.21829886,23.6,17.08181818,100.7506944,176.1290111,31.2125,20.79615385
2025-07-24 07:15:00+00:00,698.1101149,280.3707265,23.76666667,669.2354184,63.62942725,23.57564103,17.04583333,104.2076923,256.1417657,33.35384615,21.05384615
2025-07-24 07:30:00+00:00,686.1353668,259.0514069,23.87,666.2316679,64.73080507,23.6,17.255,107.5897436,282.6827282,35.3974359,21.3047619
2025-07-24 07:45:00+00:00,696.7584642,250.7261621,23.9037037,672.232473,64.02971037,23.68888889,17.15555556,111.3930556,337.106067,37.50902778,21.16380952
2025-07-24 08:00:00+00:00,652.5111275,242.8503752,23.75833333,656.8745537,64.34215558,23.67857143,17.01666667,115.0086735,347.275883,39.37091837,21.36357143
2025-07-24 08:15:00+00:00,627.9621086,236.3522589,23.90909091,631.109341,64.82465784,23.69166667,17.12727273,118.7666667,570.1165186,41.26666667,21.53583333
2025-07-24 08:30:00+00:00,603.6445709,222.3687099,23.78666667,606.9642686,64.66810492,23.67136364,17.16666667,123.3212121,640.6594919,43.32424242,21.98181818
2025-07-24 08:45:00+00:00,591.6735454,211.4302642,23.92727273,592.3153911,65.21936775,23.61257576,17.13181818,126.6115152,701.8499774,44.75486111,22.37150794
2025-07-24 09:00:00+00:00,604.5558519,204.2761905,23.91666667,596.5043084,65.7760223,23.74444444,17.36666667,131.7665278,429.7930553,46.593,22.60608974
2025-07-24 09:15:00+00:00,594.8698871,198.4310897,24.0047619,605.1237352,65.1773325,23.7875,17.48571429,136.874,454.453636,48.33,23.13816667
2025-07-24 09:30:00+00:00,580.8784542,204.0402847,24.04910714,589.3585257,66.31500727,23.8,17.01833333,140.9340136,467.665771,49.55272109,23.23969388
2025-07-24 09:45:00+00:00,565.4426653,209.4401927,24.05,556.2273025,66.30682484,23.8,16.8,146.29,805.8004969,50.8825,22.87904762
2025-07-24 10:00:00+00:00,573.6498501,217.7172827,23.965,552.9527043,64.2754682,23.7625,17.1,151.8191667,450.8777023,52.05333333,23.06833333
2025-07-24 10:15:00+00:00,562.1395992,228.5715976,24.17,555.0037742,62.21015957,23.8625,17.1,158.0333333,520.323607,53.0875,22.95033333
2025-07-24 10:30:00+00:00,560.1637492,236.3619048,24.04449405,575.0935847,61.43676231,23.9,17.3037037,162.6210438,801.6389553,53.71784512,23.42850006
2025-07-24 10:45:00+00:00,568.3998168,252.354533,24.1209596,575.8222002,61.86666561,24.01983471,17.1469697,168.6390637,749.4382988,54.25020979,23.48966649
2025-07-24 11:00:00+00:00,567.5954212,270.5675991,24.136,583.0392848,64.56899095,24.07866667,16.95066667,173.9666667,432.8749649,54.55166667,23.35925926
2025-07-24 11:15:00+00:00,567.4223216,280.3716422,24.16969697,586.7716941,71.36923077,24.07222222,17.25151515,180.9030556,827.2533745,54.7,24.02861538
2025-07-24 11:30:00+00:00,564.5042517,299.2142857,24.18461538,592.0952381,79.53822751,24.1,17.48615385,186.7596154,636.306822,54.56923077,24.19928571
2025-07-24 11:45:00+00:00,560.0938277,308.8875,24.17083333,589.9880704,88.65062509,24.18333333,17.44444444,192.9416667,151.0672198,54.20138889,24.76929487
2025-07-24 12:00:00+00:00,566.7453431,318.85,24.2,587.6769103,107.7165856,24.14875,17.45333333,198.3256667,87.21101302,53.6645,22.85356746
2025-07-24 12:15:00+00:00,563.4216873,317.8808233,24.11041667,586.1546658,116.4544811,24.07486111,17.11666667,204.4547619,99.47530986,52.79672619,22.49138889
2025-07-24 12:30:00+00:00,567.0425423,310.9755669,23.98106061,581.3431776,123.6026375,24.1,16.74722222,210.0568182,132.0546999,51.775,22.33580769
2025-07-24 12:45:00+00:00,554.5799473,311.7246968,23.96629563,575.599243,132.727086,24.1,16.62307345,214.776141,200.0,50.75217572,22.33702582
2025-07-24 13:00:00+00:00,556.956432,296.4553626,23.82142857,576.4817595,142.6877505,24.12222222,17.1,220.2788254,235.1750109,49.3147619,22.04277778
2025-07-24 13:15:00+00:00,564.6904154,278.0466422,23.82857143,567.2989796,150.9890685,24.10111111,17.09714286,225.0230262,240.623979,47.91836735,22.43974438
2025-07-24 13:30:00+00:00,566.9138998,266.3574074,23.87784127,573.8223001,157.3755444,24.08,17.02933333,229.393854,264.3594304,46.38720539,22.27889514
2025-07-24 13:45:00+00:00,569.4802348,249.1441965,23.77556818,571.8297746,155.3292994,23.99367521,16.95907648,233.3553612,324.2642758,44.85611971,22.70168069
2025-07-24 14:00:00+00:00,557.6548063,242.2817554,23.89571429,549.761791,154.7945669,24.0,17.02428571,237.9160413,319.30331,42.95309163,23.35520556
2025-07-24 14:15:00+00:00,541.7562599,226.561917,23.88625,534.4711841,153.5108185,23.99017857,17.09017857,242.1639286,257.9416604,40.98849206,23.66438745
2025-07-24 14:30:00+00:00,534.8245286,221.7701539,23.93076923,522.9585965,148.4057199,23.9,16.89166667,246.0316825,219.4661563,39.02791005,23.42643939
2025-07-24 14:45:00+00:00,527.9127273,209.2071789,23.90384615,515.4650427,141.3195675,24.0,17.03589744,249.5709597,313.9364937,37.1165812,23.71744689
2025-07-24 15:00:00+00:00,525.0512281,86.38612499,23.98928571,512.7375138,73.43140502,24.15178571,14.98204082,253.1279252,610.5292504,35.08784864,24.51152922
2025-07-24 15:15:00+00:00,526.4692252,61.36817965,24.28555556,516.0011772,60.46600349,24.33584416,14.47857143,256.6416455,601.3001875,33.00675661,25.19734632
2025-07-24 15:30:00+00:00,518.5940982,61.56974359,24.4,513.6858797,60.00893316,24.43314286,16.16666667,259.997881,259.2582599,30.8919709,25.30226852
2025-07-24 15:45:00+00:00,513.2624462,62.20681606,24.4,508.1195232,60.09154477,24.40222222,16.83119048,263.2188571,172.1764749,28.79657528,24.7127619
2025-07-24 16:00:00+00:00,509.4325535,60.96319316,24.475,503.4632808,60.42591218,24.53571429,17.58714286,266.68125,327.7586843,26.47087585,24.78977324
2025-07-24 16:15:00+00:00,503.0130391,61.53503367,24.53333333,500.2728551,60.15344406,24.65633333,17.43928571,269.653438,288.5817213,24.43409139,24.9755392
2025-07-24 16:30:00+00:00,500.0750284,62.16079227,24.5,495.3502784,59.86771823,24.58,17.49925926,272.7195286,81.58788466,22.27995455,23.04202614
2025-07-24 16:45:00+00:00,498.5118906,62.23390895,24.5,492.2807459,60.40150854,24.47142857,17.39098639,275.7428571,103.0627086,20.12611549,22.73719671
2025-07-24 17:00:00+00:00,496.076734,61.01265707,24.5,490.1652757,59.7136604,24.45640212,17.17142857,278.7032173,144.6314863,18.03246032,22.62672619
2025-07-24 17:15:00+00:00,493.9899145,60.70462963,24.5,487.8152292,60.29412879,24.496,17.04933333,281.8447475,112.6828002,15.80777778,23.09750272
2025-07-24 17:30:00+00:00,493.4171924,61.46847042,24.46166667,485.3096706,59.9643603,24.42555556,16.9,284.8763155,96.2054119,13.64798461,22.9236746
2025-07-24 17:45:00+00:00,491.6507009,61.52892473,24.4,484.1847558,59.60507537,24.4,16.85952381,287.8236949,79.22424635,11.6018717,22.56261364
2025-07-24 18:00:00+00:00,490.1132821,61.1985376,24.4,483.1979704,59.69545516,24.37733333,16.81066667,290.609537,48.51261759,9.697626263,22.34380952
2025-07-24 18:15:00+00:00,488.3348416,61.50213675,24.33076923,481.3901995,60.18574328,24.3,16.80833333,293.5377383,42.56958621,7.690614727,22.17808852
2025-07-24 18:30:00+00:00,488.0103322,61.54036847,24.3,479.9806548,60.5298507,24.3,16.7,296.7085101,51.69435914,5.663482684,22.51557143
2025-07-24 18:45:00+00:00,486.7021104,61.51585111,24.3,479.4142896,60.25340955,24.3,16.86816327,299.7309949,28.67414414,3.725238095,22.80099206
2025-07-24 19:00:00+00:00,486.3044444,15.0778355,24.3,480.0621509,14.55333333,24.2,17.26334921,302.6366382,9.678631117,1.956842047,22.20880952
2025-07-24 19:15:00+00:00,487.6277446,0.0,24.3,480.0165432,0.0,24.18666667,17.79452381,305.5128427,4.536045211,0.342333333,21.50678571
2025-07-24 19:30:00+00:00,486.0114043,0.0,24.3,479.6256278,0.0,24.1,18.40341528,307.9840136,1.91256993,-0.966666667,21.37534014
2025-07-24 19:45:00+00:00,485.9186813,0.0,24.20166667,479.9895946,0.0,24.1,18.92,311.8238095,0.419545411,-3.011079365,21.14489062
2025-07-24 20:00:00+00:00,484.8250117,0.0,24.2,478.5332181,0.0,24.1,19.13022222,315.2534127,0.046111111,-4.699795575,21.12223016
2025-07-24 20:15:00+00:00,483.8120234,0.0,24.2,478.4471736,0.0,24.01866667,19.2,318.4314848,0.0,-6.144337662,20.87247619
2025-07-24 20:30:00+00:00,483.8586735,0.0,24.17738095,477.9879086,0.0,24.0,19.02142857,321.7708929,0.0,-7.532857143,20.52755952
2025-07-24 20:45:00+00:00,483.4023051,0.0,24.1,476.5225448,0.0,23.99333333,18.553,324.8972894,0.0,-8.782922078,20.16785397
2025-07-24 21:00:00+00:00,482.7620412,95.27842373,23.98,476.141453,96.7454518,23.9,18.93333333,328.5010714,0.0,-10.03615873,19.89193783
2025-07-24 21:15:00+00:00,488.3647186,163.7214105,23.85,479.4059083,157.8514881,23.82142857,19.42857143,331.8103175,0.0,-11.12083333,19.55759921
2025-07-24 21:30:00+00:00,496.8116575,166.2327066,23.68666667,488.053795,158.9657673,23.78666667,19.67481481,335.0518847,0.0,-12.01037879,19.27137337
2025-07-24 21:45:00+00:00,503.4289872,167.1153887,23.57460317,495.6427447,159.8150508,23.7,19.91455556,338.9449524,0.0,-12.94634921,19.08333333
2025-07-24 22:00:00+00:00,506.9358307,290.7288996,23.46760204,499.6967085,307.7126363,23.66659428,20.09142857,342.2964456,0.0,-13.61121316,19.00757571
2025-07-24 22:15:00+00:00,509.9785714,312.6857143,23.30714286,503.4922078,313.2545815,23.6,20.1,346.0329932,0.0,-14.24285714,18.92520408
2025-07-24 22:30:00+00:00,511.9520159,312.2420635,23.26,505.3404325,317.9533333,23.48666667,20.08,349.6087037,0.0,-14.72416667,18.81990741
2025-07-24 22:45:00+00:00,514.2881917,313.8120635,23.19866667,506.8953236,314.7682906,23.37666667,19.92666667,353.2259788,0.0,-15.05222222,18.63917778
2025-07-24 23:00:00+00:00,517.0262963,316.0845279,23.1,509.210538,313.5389552,23.3,19.85600907,356.9325856,0.0,-15.24080808,18.50648148
2025-07-24 23:15:00+00:00,515.9083517,320.6993673,23.06964286,509.9968851,314.0427396,23.28571429,19.8,162.4205148,0.0,-15.3,18.58917208
2025-07-24 23:30:00+00:00,514.7577417,318.3569374,22.97904762,508.4815644,312.9319861,23.2,19.8,3.953119048,0.0,-15.23740981,18.53284848
2025-07-24 23:45:00+00:00,513.9055858,320.8905587,22.90666667,507.7098265,312.5699115,23.18728042,19.79285714,7.763576479,0.0,-15.01483333,18.42481481
2025-07-25 00:00:00+00:00,516.450661,320.565873,22.87142857,509.2582418,311.8556675,23.1,19.66923077,11.34234694,0.0,-14.67619048,18.20714286
2025-07-25 00:15:00+00:00,519.5368334,316.0209357,22.8,512.9888918,312.3310523,23.09751984,19.6,14.95675369,0.0,-14.21156281,18.2438328
2025-07-25 00:30:00+00:00,520.2670175,315.3922205,22.8,513.4270672,310.2085978,23.05888889,19.6,18.64648052,0.0,-13.5637037,18.28077778
2025-07-25 00:45:00+00:00,522.5621693,319.6533912,22.71319444,515.5387942,313.5890305,23.0,19.41666667,22.16819048,0.0,-12.82038095,18.04674074
2025-07-25 01:00:00+00:00,526.332571,318.6007041,22.61538462,519.7515832,313.1528176,22.93571429,19.4,25.55867347,0.0,-11.98010204,17.84757653
2025-07-25 01:15:00+00:00,527.8275279,317.3355742,22.6,521.7438986,313.0182542,22.9,19.4,29.14916306,0.0,-10.94792857,18.00480952
2025-07-25 01:30:00+00:00,530.5208333,318.1148629,22.59555556,524.4790117,311.8195313,22.88666667,19.4,32.42061905,0.0,-9.917142857,18.03573889
2025-07-25 01:45:00+00:00,532.3677489,319.6483895,22.5,523.7767223,313.0577784,22.8,19.45454545,35.69935065,0.0,-8.735984849,18.13581818
2025-07-25 02:00:00+00:00,531.3364923,319.9642613,22.5,524.7271935,313.9893492,22.8,19.5,39.12588889,0.0,-7.423166667,18.04067063
2025-07-25 02:15:00+00:00,531.9257672,318.4354853,22.45042735,524.6777537,314.0770093,22.74950855,19.4,42.45047619,0.0,-5.966666667,17.9
2025-07-25 02:30:00+00:00,531.1121722,311.7491045,22.49259259,524.8948345,312.253818,22.72,19.4,45.62186869,0.110430159,-4.492651515,17.85074915
2025-07-25 02:45:00+00:00,533.38147,313.9357143,22.46204082,531.1742126,313.6605442,22.72168367,19.21020408,48.93648964,0.55626552,-2.872380952,17.62168197
2025-07-25 03:00:00+00:00,540.7619395,118.6093025,22.70666667,535.0225713,108.1674332,22.76,18.98488889,51.69860317,1.774296019,-1.394095238,17.44315873
2025-07-25 03:15:00+00:00,539.6487749,67.1003194,22.93571429,528.3277072,62.3371917,22.90355556,17.21095238,55.04761905,5.215386075,0.404444444,17.30592593
2025-07-25 03:30:00+00:00,535.4901353,67.38793465,22.95785714,526.0108043,61.85670935,22.99071429,17.225,58.17642857,9.831981985,2.172857143,17.22142857
2025-07-25 03:45:00+00:00,533.1433299,67.04336895,22.975,522.1421183,61.99333574,23.0,17.20833333,60.92765272,16.21725358,3.836306064,17.2969881
2025-07-25 04:00:00+00:00,529.1748128,66.2475404,22.92571429,519.7013408,61.59394327,23.0,16.93777778,64.1809228,32.17638744,5.903296648,17.40416693
2025-07-25 04:15:00+00:00,526.6050559,66.78960202,23.00714286,517.4986754,62.52567348,22.96079365,16.75333333,67.04754882,44.86526283,7.776902357,17.477777
2025-07-25 04:30:00+00:00,523.7868839,66.56428571,23.1,515.7181948,61.84897565,23.0,17.01428571,70.12380952,63.12707061,9.844897959,17.590625
2025-07-25 04:45:00+00:00,521.5953175,67.52550505,23.1,513.5359829,62.49493747,22.99511111,17.13690476,73.02318519,65.68800154,11.85333333,17.6789697
2025-07-25 05:00:00+00:00,521.2319679,66.74994302,23.04285714,515.0317091,62.29405561,22.94111111,17.22968254,76.13996296,95.02952946,13.99160317,17.80655815
2025-07-25 05:15:00+00:00,520.1035043,67.09696454,23.04154762,518.3868811,61.71210492,22.96571429,17.3,79.01302721,130.4849626,16.07484694,18.07611905
2025-07-25 05:30:00+00:00,525.0131404,67.04616402,23.14765306,526.1051452,61.43196459,23.03511111,17.48,81.92458201,174.9448132,18.09261905,18.44097698
2025-07-25 05:45:00+00:00,528.7265344,67.13287893,23.31190476,537.9039141,62.50918994,23.15,17.5,85.0798063,274.2216557,20.33842269,18.98314452
2025-07-25 06:00:00+00:00,541.1767161,66.81299058,23.46428571,552.548286,63.21407908,23.25178571,17.53035714,88.0439059,303.3553493,22.42655896,19.65054989
2025-07-25 06:15:00+00:00,549.8255556,67.00074786,23.53636364,568.5743182,60.81270202,23.44285714,17.38467857,91.14921225,307.0463936,24.56065296,20.33032792
2025-07-25 06:30:00+00:00,559.3542328,66.77380952,23.66666667,585.2764112,60.90740209,23.56666667,17.20266667,94.28045238,188.4583211,26.69349206,20.69515556
2025-07-25 06:45:00+00:00,566.2418432,67.13189829,23.71692308,576.2488195,60.69429595,23.49418803,17.14065934,97.46048822,357.1098491,28.83045455,20.6052094
2025-07-25 07:00:00+00:00,569.9626374,67.2957483,23.8,587.2316807,60.86750753,23.58460317,17.1,100.8922789,327.5500873,31.06204082,20.79704082
2025-07-25 07:15:00+00:00,574.7375313,67.16049571,23.84285714,599.9244821,60.70749993,23.75866667,17.01632653,104.3127407,255.7792819,33.16755556,20.76658889
2025-07-25 07:30:00+00:00,579.6239964,63.51989418,23.89,593.9905912,60.56655674,23.8,16.9,107.5941111,221.2762626,35.14888889,20.869
2025-07-25 07:45:00+00:00,580.9522109,62.04204823,23.85683107,586.8656424,60.4170068,23.8,16.9,111.3435714,198.2804274,37.24910714,21.27213152
2025-07-25 08:00:00+00:00,578.3356635,62.80320722,23.91428571,602.5791139,60.3237956,23.67680272,17.01153846,114.9715079,318.6615978,39.12928571,21.61709524
2025-07-25 08:15:00+00:00,573.9189893,62.17519311,24.0,576.1516449,61.17777699,23.795,17.09822222,118.6603877,243.689089,40.93869288,21.81026263
2025-07-25 08:30:00+00:00,568.0041242,62.59374699,23.95777778,569.4003198,60.67051358,23.8,16.675,123.0028889,201.4479319,42.9297619,21.56511111
2025-07-25 08:45:00+00:00,561.5242359,62.87873393,23.98345238,565.2443943,61.14839813,23.8,16.57130952,127.3355434,431.0638048,44.72097506,21.64103927
2025-07-25 09:00:00+00:00,558.0138384,62.00039683,23.9,564.1825705,60.5607979,23.8,17.07179487,131.755,426.2618881,46.404,22.0591746
2025-07-25 09:15:00+00:00,554.7362234,62.69650937,23.9,560.090202,60.35490235,23.8,16.90659864,136.2164631,469.9087257,47.88840715,21.50935198
2025-07-25 09:30:00+00:00,546.7847222,62.68611111,23.9,556.4746137,61.14590172,23.8,16.7875,141.447619,392.3055646,49.45892857,21.69416667
2025-07-25 09:45:00+00:00,545.3539353,62.17573565,23.97971429,555.0276554,60.81638434,23.8,16.85,146.2207831,443.3102954,50.6492619,21.39816239
2025-07-25 10:00:00+00:00,540.9347106,65.7259139,24.08461538,552.4170256,60.38248671,23.8,17.04230769,151.4336905,322.4012218,51.72034921,21.17223095
2025-07-25 10:15:00+00:00,542.0380952,72.95578231,24.04444444,550.0453297,61.5,23.8,17.17777778,157.3860828,268.1506126,52.77879819,21.29570437
2025-07-25 10:30:00+00:00,534.5306878,77.11357143,24.05,533.5760258,61.13333333,23.8,17.08333333,162.5564762,297.8821561,53.43352381,21.38222222
2025-07-25 10:45:00+00:00,531.1164715,81.99667684,24.02722222,530.7743112,61.08325722,23.70877778,17.12733333,168.8690298,269.0745262,54.07077994,21.28790521
2025-07-25 11:00:00+00:00,534.8850296,87.45598039,24.04924242,541.0642275,60.59530642,23.87222222,17.10454545,174.4394048,261.8078843,54.38384921,21.19290476
2025-07-25 11:15:00+00:00,533.8781064,98.72667689,24.10384615,542.8981321,61.30762212,23.97406593,17.1,180.3250582,304.6550169,54.5,21.30806638
2025-07-25 11:30:00+00:00,536.4201587,109.3765079,24.16666667,548.4853535,60.33633888,23.96666667,16.99285714,186.9422963,342.1049515,54.35540741,21.49337381
2025-07-25 11:45:00+00:00,538.5012554,120.0199206,24.1,555.1615198,60.48736079,23.96964286,17.13333333,192.9299471,439.8503216,53.9672619,21.91375926
2025-07-25 12:00:00+00:00,536.188818,131.8264384,24.14615385,549.5644238,60.2125693,23.97714286,17.3,198.4851894,726.0560141,53.43679035,22.2162616
2025-07-25 12:15:00+00:00,537.9345506,150.8057335,24.15742674,545.4320465,60.45953984,23.9752381,17.45128205,204.1743016,513.3216446,52.61866667,22.33666667
2025-07-25 12:30:00+00:00,533.5283735,159.1431794,24.1,533.1844393,60.2181241,24.0,17.22,209.8725159,372.4731112,51.58711111,22.2141746
2025-07-25 12:45:00+00:00,521.0089348,169.3787272,24.09486264,518.7509626,60.60762912,24.01428571,17.16111111,214.6558545,754.7808507,50.57206633,22.51632653
2025-07-25 13:00:00+00:00,511.5454545,175.318569,24.1,509.2344635,67.12905547,24.1,17.26785714,219.9261905,599.3216086,49.15666667,23.05880952
2025-07-25 13:15:00+00:00,505.6549709,189.2225108,24.17857143,500.6106007,76.28931003,24.1,17.05,224.7883624,469.0358328,47.73112626,22.7604127
2025-07-25 13:30:00+00:00,498.8643218,204.1675902,24.15714286,495.0326203,82.78575495,24.1,16.86923077,229.4683492,602.8599403,46.10931217,22.6421164
2025-07-25 13:45:00+00:00,493.1673418,210.9482361,24.02142857,488.4461765,94.10161064,24.16428571,16.96319444,233.7145295,677.0446901,44.46352517,23.03571429
2025-07-25 14:00:00+00:00,489.4073837,54.48055556,24.05705128,484.9212949,26.40333333,24.2,16.91538462,237.8910556,353.8799817,42.70866667,23.0487037
2025-07-25 14:15:00+00:00,488.7177717,0.0,24.22888889,484.1551989,0.0,24.29333333,16.95866667,241.8020238,468.3698331,40.89340741,22.80849471
2025-07-25 14:30:00+00:00,487.9474915,0.0,24.25952381,482.8348437,0.0,24.35952381,17.57333333,245.947449,334.3901057,38.81627551,22.31528401
2025-07-25 14:45:00+00:00,487.3018472,0.0,24.3,482.588826,0.0,24.4,18.0,249.1518939,275.3478136,37.11347162,22.32604758
2025-07-25 15:00:00+00:00,485.6183333,0.0,24.33846154,480.2580808,0.0,24.4,18.31025641,253.1941392,345.9809583,34.8247619,22.4065873
2025-07-25 15:15:00+00:00,484.6145153,0.0,24.4,480.3179519,0.0,24.4,18.49761905,256.5828889,180.5100813,32.77377778,21.984
2025-07-25 15:30:00+00:00,483.6462585,0.0,24.4,478.5878788,0.0,24.30333333,18.625,260.1346599,166.3165584,30.53265306,21.3389881
2025-07-25 15:45:00+00:00,482.6492328,0.0,24.33076923,477.5988889,0.0,24.3,18.7,263.3073968,137.8476698,28.44740741,21.05731667
2025-07-25 16:00:00+00:00,480.7008528,0.0,24.3,476.3444755,0.0,24.3,18.7,266.5706162,112.8218243,26.28444444,20.84051282
2025-07-25 16:15:00+00:00,481.6356503,0.0,24.3,475.4935893,0.0,24.23409091,18.69834711,268.267033,110.9885827,25.15254902,20.89803184
2025-07-25 16:30:00+00:00,479.5438411,0.0,24.3,474.9991072,0.0,24.2,18.51428571,272.5049048,67.74659452,22.1352381,20.63590476
2025-07-25 16:45:00+00:00,479.1899125,0.0,24.3,474.0734872,0.0,24.1725,18.5,275.7770397,53.82278948,19.84970779,20.56644444
2025-07-25 17:00:00+00:00,477.4272996,0.0,24.28992674,472.3759319,0.0,24.1,18.46025641,278.7214774,46.23568733,17.75390476,20.33972487
2025-07-25 17:15:00+00:00,477.2157596,0.0,24.2,471.900838,0.0,24.1,18.4,281.724229,29.28667588,15.59807256,20.16735931
2025-07-25 17:30:00+00:00,476.3260483,0.0,24.2,470.4606288,0.0,24.03888889,18.4,284.4512879,22.23239088,13.728,20.097
2025-07-25 17:45:00+00:00,476.2365468,0.0,24.15,469.0986532,0.0,24.0,18.28571429,287.6983333,19.45603569,11.40933333,19.97255556
2025-07-25 18:00:00+00:00,474.014544,0.0,24.16785714,468.2372591,0.0,24.0,18.2,290.5484524,14.04743524,9.43787415,19.84604082
2025-07-25 18:15:00+00:00,474.6887205,0.0,24.1,467.7328786,0.0,23.91333333,18.22666667,293.5605291,11.32054748,7.451746032,19.8006
2025-07-25 18:30:00+00:00,472.8545419,0.0,24.1,467.4177236,0.0,23.9,18.3,296.3449639,5.040041685,5.654920635,19.83026984
2025-07-25 18:45:00+00:00,473.3983955,0.0,24.08,466.4700871,0.0,23.85333333,18.20666667,299.5472593,2.780347222,3.604666667,19.6928
2025-07-25 19:00:00+00:00,471.5554897,0.0,24.0,465.1957393,0.0,23.8,18.2,302.5955952,2.168573707,1.766921769,19.62895408
2025-07-25 19:15:00+00:00,470.8957239,0.0,24.0,465.2495726,0.0,23.8,18.2,305.7421429,1.08336408,-0.042976191,19.62155556
2025-07-25 19:30:00+00:00,470.9761616,0.0,24.0,463.7545455,0.0,23.74666667,18.2,308.7742778,0.530910818,-1.646464647,19.61685556
2025-07-25 19:45:00+00:00,469.9370748,0.0,23.90714286,462.293956,0.0,23.7,18.19285714,311.9217992,0.151661365,-3.292857143,19.60436224
2025-07-25 20:00:00+00:00,468.676112,0.0,23.9,461.0,0.0,23.7,18.06,315.0977381,0.0,-4.84215873,19.6
2025-07-25 20:15:00+00:00,467.569276,0.0,23.86755556,460.905787,0.0,23.66849206,18.0,318.3481633,0.0,-6.339365079,19.53813333
2025-07-25 20:30:00+00:00,466.9064672,0.0,23.8,459.0545006,0.0,23.6,17.94571429,321.8238095,0.0,-7.807777778,19.42917698
2025-07-25 20:45:00+00:00,465.934614,0.0,23.8,458.1586853,0.0,23.6,17.86785714,324.9788607,0.0,-9.041308691,19.3477023
2025-07-25 21:00:00+00:00,464.7433577,0.0,23.8,458.1163411,0.0,23.6,17.8,328.1139235,0.0,-10.13142774,19.2409697
2025-07-25 21:15:00+00:00,463.9015668,0.0,23.74619048,457.4088334,0.0,23.6,17.70666667,331.8419392,0.0,-11.34978163,19.10652814
2025-07-25 21:30:00+00:00,463.0711479,0.0,23.7,455.4907625,0.0,23.57644444,17.7,335.2679683,0.0,-12.26622222,19.03528571
2025-07-25 21:45:00+00:00,462.8220596,0.0,23.7,454.2473191,0.0,23.5,17.60416667,338.5923701,0.0,-13.06779042,18.98021978
2025-07-25 22:00:00+00:00,461.2834806,0.0,23.7,454.5989198,0.0,23.5,17.55833333,342.315,0.0,-13.83362963,18.93259259
2025-07-25 22:15:00+00:00,460.477037,0.0,23.7,452.9187079,0.0,23.5,17.42142857,345.7710486,0.0,-14.43333333,18.88666667
2025-07-25 22:30:00+00:00,460.6473201,0.0,23.63107143,452.4391622,0.0,23.48482143,17.4,349.5747366,0.0,-14.93642857,18.73660714
2025-07-25 22:45:00+00:00,457.8883125,0.0,23.6,452.226617,0.0,23.4,17.34583333,352.7991534,0.0,-15.21509972,18.566
2025-07-25 23:00:00+00:00,457.3931516,0.0,23.6,451.5608437,0.0,23.4,17.28571429,356.8952513,0.0,-15.46190476,18.40966667
2025-07-25 23:15:00+00:00,457.2530089,0.0,23.6,449.7733117,0.0,23.4,17.1,149.8118882,0.0,-15.5,18.27333333
2025-07-25 23:30:00+00:00,455.1532738,0.0,23.6,449.327877,0.0,23.33303571,17.0,4.239269481,0.0,-15.42857143,18.16428571
2025-07-25 23:45:00+00:00,454.8047697,0.0,23.6,448.402906,0.0,23.3,16.90666667,7.575648148,0.0,-15.24895238,18.07410952
2025-07-26 00:00:00+00:00,452.8703402,0.0,23.6,447.8123728,0.0,23.3,16.9,11.26974242,0.0,-14.89402381,17.92283333
2025-07-26 00:15:00+00:00,451.6423086,0.0,23.52307692,447.505765,0.0,23.3,16.81384615,15.05402494,0.0,-14.38558673,17.8852551
2025-07-26 00:30:00+00:00,450.9499776,0.0,23.5,445.933223,0.0,23.3,16.78666667,18.55395863,0.0,-13.78698413,17.85185185
2025-07-26 00:45:00+00:00,450.793,0.0,23.5,445.8342725,0.0,23.3,16.61888889,22.08555556,0.0,-13.04936508,17.77539398
2025-07-26 01:00:00+00:00,450.82441,0.0,23.5,444.1074217,0.0,23.25461039,16.6,25.81650433,0.0,-12.13303752,17.68414286
2025-07-26 01:15:00+00:00,449.7616592,0.0,23.5,443.0844774,0.0,23.2,16.53571429,29.20903061,0.0,-11.13826531,17.60238095
2025-07-26 01:30:00+00:00,448.3916097,0.0,23.5,441.5551947,0.0,23.2,16.5,32.60164815,0.0,-10.0964899,17.59922078
2025-07-26 01:45:00+00:00,447.3856498,0.0,23.5,441.2858861,0.0,23.2,16.5,35.99295238,0.0,-8.853968254,17.52471429
2025-07-26 02:00:00+00:00,447.4294608,0.0,23.47333333,440.2072278,0.0,23.2,16.5,39.43491582,0.0,-7.52634151,17.44066667
2025-07-26 02:15:00+00:00,446.3589569,0.0,23.44285714,439.8095175,0.0,23.2,16.5,42.63978175,0.0,-6.143792517,17.39126984
2025-07-26 02:30:00+00:00,444.7874763,0.0,23.4,438.5875,0.0,23.2,16.5,45.71727217,0.000606061,-4.749968254,17.31937576
2025-07-26 02:45:00+00:00,444.5905983,0.0,23.4,438.1406512,0.0,23.2,16.5,49.03155556,0.272925278,-3.049320106,17.25916667
2025-07-26 03:00:00+00:00,442.953869,0.0,23.4,437.377551,0.0,23.12142857,16.5,51.80829082,0.826150794,-1.613010204,17.2
2025-07-26 03:15:00+00:00,442.6934247,0.0,23.4,436.1057617,0.0,23.1,16.5,55.11270899,2.926712559,0.183720779,17.1403771
2025-07-26 03:30:00+00:00,441.741934,0.0,23.4,435.2167063,0.0,23.1,16.54,58.19056037,7.271771638,1.93168735,17.12047619
2025-07-26 03:45:00+00:00,440.4670707,0.0,23.4,434.4518815,0.0,23.1,16.6,61.45189899,7.384617419,3.904949495,17.14755556
2025-07-26 04:00:00+00:00,440.1468119,0.0,23.4,433.4880594,0.0,23.1,16.6,64.30793651,10.47050064,5.732709751,17.0316695
2025-07-26 04:15:00+00:00,438.7218603,0.0,23.4,432.3181179,0.0,23.1,16.66666667,67.23366382,28.16208837,7.631121693,17.05883484
2025-07-26 04:30:00+00:00,438.6541799,0.0,23.4,432.3781749,0.0,23.1,16.72142857,70.35583333,33.42185899,9.743555556,17.095
2025-07-26 04:45:00+00:00,437.4706688,0.0,23.4,432.8402829,0.0,23.1,16.89333333,73.26988767,50.16686992,11.74605108,17.02372593
2025-07-26 05:00:00+00:00,436.4082522,0.0,23.40571429,430.7379485,0.0,23.1,16.9,76.19913162,158.8472141,13.74146954,17.27951814
2025-07-26 05:15:00+00:00,436.1324812,0.0,23.49866667,429.3699115,0.0,23.18166667,16.92962963,79.01135823,208.8020144,15.7675487,17.61667593
2025-07-26 05:30:00+00:00,435.9428569,0.0,23.5,428.9423689,0.0,23.2,17.1,82.22333333,241.1068651,18.04283598,18.00349868
2025-07-26 05:45:00+00:00,435.7784305,0.0,23.56507937,428.3775104,0.0,23.2,17.1,85.10454545,272.0022716,20.08285714,18.27603896
2025-07-26 06:00:00+00:00,434.3528388,0.0,23.6,427.6316591,0.0,23.22842491,17.25090909,88.12724074,266.1955026,22.19682155,18.42827778
2025-07-26 06:15:00+00:00,433.5919608,0.0,23.6,426.3178614,0.0,23.3,17.3,91.36116402,163.6967799,24.43828571,18.33481481
2025-07-26 06:30:00+00:00,432.5904312,0.0,23.6,425.5382222,0.0,23.3,17.38571429,94.58107937,240.5291248,26.62751587,18.48012674
2025-07-26 06:45:00+00:00,431.0668498,0.0,23.62307692,425.9581454,0.0,23.3,17.6,97.51443001,268.1620315,28.59049423,18.58255023
2025-07-26 07:00:00+00:00,430.8537981,0.0,23.7,424.5899403,0.0,23.37857143,17.60873016,100.7882116,317.6570906,30.6772862,19.04377778
2025-07-26 07:15:00+00:00,429.2505006,0.0,23.7,424.4559211,0.0,23.4,17.7,104.5510108,228.3903477,32.98958947,19.07637037
2025-07-26 07:30:00+00:00,429.1934874,0.0,23.7,423.3399906,0.0,23.4,17.79119048,107.754898,133.6186606,34.95430272,18.91398583
2025-07-26 07:45:00+00:00,428.9763608,0.0,23.76666667,422.8729435,0.0,23.42,17.8,111.4411905,231.2764962,37.00939394,18.93809524
2025-07-26 08:00:00+00:00,428.8844444,0.0,23.8,423.2678451,0.0,23.5,17.85333333,115.3352814,308.3641306,39.06176407,19.37709239
2025-07-26 08:15:00+00:00,427.5959515,0.0,23.8,421.6524883,0.0,23.5,17.98571429,119.3394862,340.6822903,41.00509524,19.72039268
2025-07-26 08:30:00+00:00,427.0952381,0.0,23.87857143,421.6931494,0.0,23.57857143,18.0,123.3630867,674.4430501,42.85869898,20.44790481
2025-07-26 08:45:00+00:00,425.9500673,0.0,23.9,420.8683276,0.0,23.6,18.00833333,127.5039788,586.2962714,44.55034921,21.03674929
2025-07-26 09:00:00+00:00,425.1978884,0.0,23.9,420.5021278,0.0,23.6,18.1784127,132.1517609,129.8809163,46.29835185,20.43930527
2025-07-26 09:15:00+00:00,425.3525397,0.0,23.9,419.615537,0.0,23.6,18.3,136.8006958,198.8091877,47.83022222,19.83561693
2025-07-26 09:30:00+00:00,423.8889456,0.0,23.95714286,418.4593269,0.0,23.61261596,18.3,141.5399193,258.2689372,49.2556393,20.05934137
2025-07-26 09:45:00+00:00,424.7890634,0.0,24.0,418.3191606,0.0,23.69901099,18.39772727,145.3336733,362.2459072,50.18071343,20.14173526
2025-07-26 10:00:00+00:00,423.8775228,0.0,24.0,417.6686098,0.0,23.7,18.58666667,151.9191092,430.6313639,51.61157937,20.21464436
2025-07-26 10:15:00+00:00,423.7266226,0.0,24.08461538,418.196286,0.0,23.75714286,18.66196581,157.1657341,515.2655039,52.51662698,20.66
2025-07-26 10:30:00+00:00,424.0264257,0.0,24.1,417.0594768,0.0,23.8,18.7969697,162.8367394,344.7991604,53.25812014,21.03856746
2025-07-26 10:45:00+00:00,422.8264469,0.0,24.1,417.3259259,0.0,23.8,18.9375,168.9913333,539.4339219,53.85060606,20.99174799
2025-07-26 11:00:00+00:00,422.4912711,0.0,24.18673469,416.4990079,0.0,23.8,19.0,174.5148539,484.9897104,54.16186224,21.1100931
2025-07-26 11:15:00+00:00,422.568963,0.0,24.2,415.6813904,0.0,23.88571429,19.07755556,180.5897566,850.4375548,54.26925926,21.64491111
2025-07-26 11:30:00+00:00,421.3513228,0.0,24.2,415.7551848,0.0,23.9,19.2,186.7665079,644.4290398,54.12833333,21.93080423
2025-07-26 11:45:00+00:00,420.5452137,0.0,24.22,415.764359,0.0,23.9,19.30133333,192.8741799,704.1764526,53.74,22.10680159
2025-07-26 12:00:00+00:00,419.2494245,0.0,24.3,414.5865038,0.0,23.93316327,19.4,198.3001141,482.1007352,53.2240969,22.28187075
2025-07-26 12:15:00+00:00,420.2592133,0.0,24.3,414.8280597,0.0,24.00962963,19.46666667,204.0607504,643.3574847,52.40895142,22.34519481
2025-07-26 12:30:00+00:00,419.5711111,0.0,24.36923077,415.4771529,0.0,24.1,19.64038462,209.6424762,586.0475059,51.41089947,22.45188889
2025-07-26 12:45:00+00:00,420.9302309,0.0,24.4,414.6901018,0.0,24.1,19.71428571,214.629966,332.5815667,50.3347619,22.57212621
2025-07-26 13:00:00+00:00,420.1372273,0.0,24.4,413.7548718,0.0,24.2,19.81428571,219.6783333,404.093141,49.02666667,22.32666667
2025-07-26 13:15:00+00:00,419.8243875,0.0,24.4,413.1642133,0.0,24.2,19.90512821,224.4153824,305.3585069,47.59637133,22.33469206
2025-07-26 13:30:00+00:00,418.8417371,0.0,24.4,412.1081481,0.0,24.24,20.04,229.4869312,402.2632085,45.84755556,22.35588254
2025-07-26 13:45:00+00:00,418.6239371,0.0,24.47435897,411.8448697,0.0,24.3,20.36923077,233.4,249.0659822,44.38571429,21.74285714
2025-07-26 14:00:00+00:00,419.1397226,0.0,24.5,411.7120526,0.0,24.3,20.40888889,237.633254,153.0620819,42.54988889,21.48213757
2025-07-26 14:15:00+00:00,417.8426002,0.0,24.5,411.6714785,0.0,24.3,20.57466667,241.9362778,176.352614,40.56123016,21.47079365
2025-07-26 14:30:00+00:00,417.958349,0.0,24.5,411.213651,0.0,24.3,20.66923077,245.8689201,392.9051333,38.59744898,21.7497132
2025-07-26 14:45:00+00:00,417.2585236,0.0,24.52,411.2136207,0.0,24.46514815,20.73333333,249.364822,429.7019892,36.70352381,22.48222857
2025-07-26 15:00:00+00:00,416.4022594,0.0,24.6,411.0953255,0.0,24.5,20.8,252.8890556,197.5988478,34.69977778,21.99835897
2025-07-26 15:15:00+00:00,416.5224663,0.0,24.6,409.819888,0.0,24.5,20.95714286,256.5320522,238.4290741,32.53535714,21.9310119
2025-07-26 15:30:00+00:00,415.433537,0.0,24.6,410.4482796,0.0,24.5,21.02333333,259.7333333,179.5793786,30.50166667,21.73033333
2025-07-26 15:45:00+00:00,415.766273,0.0,24.6,410.0521481,0.0,24.5,21.1,263.1960269,209.2496299,28.25893699,21.74566811
2025-07-26 16:00:00+00:00,415.1267725,0.0,24.6,409.6654902,0.0,24.54769231,21.1,266.4293542,203.9693488,26.09275693,21.97216162
2025-07-26 16:15:00+00:00,414.4464286,0.0,24.6,408.514097,0.0,24.5,21.1,269.3651984,120.5646481,24.06621032,21.648875
2025-07-26 16:30:00+00:00,414.3652237,0.0,24.6,408.262009,0.0,24.5,21.1,272.423866,83.74602298,21.90108466,21.6277387
2025-07-26 16:45:00+00:00,413.7211835,0.0,24.6,408.4719697,0.0,24.5,21.1,275.5969524,88.167628,19.68094444,21.531
2025-07-26 17:00:00+00:00,413.940943,0.0,24.6,407.551095,0.0,24.5,21.1,278.6466667,74.5002215,17.51751701,21.40014286
2025-07-26 17:15:00+00:00,412.69554,0.0,24.6,406.7080368,0.0,24.5,21.10222222,281.4780317,84.3852484,15.54761905,21.2
2025-07-26 17:30:00+00:00,413.0457804,0.0,24.6,406.4755941,0.0,24.45055556,21.21955556,284.3258333,67.35599987,13.5162963,20.96316667
2025-07-26 17:45:00+00:00,412.5248553,0.0,24.6,405.8190853,0.0,24.47921212,21.21809524,287.4605738,53.73180797,11.33552525,20.78275513
2025-07-26 18:00:00+00:00,411.708068,0.0,24.6,405.6545743,0.0,24.40119048,21.2,290.2696163,27.59519083,9.403928571,20.62708791
2025-07-26 18:15:00+00:00,412.0917097,0.0,24.6,404.9947257,0.0,24.4,21.2,293.3910079,15.80302793,7.266785714,20.09774892
2025-07-26 18:30:00+00:00,412.076846,0.0,24.53185185,404.1322918,0.0,24.33166667,21.14666667,296.3986852,9.399492471,5.34479798,19.83111111
2025-07-26 18:45:00+00:00,411.2589323,0.0,24.5,403.4870158,0.0,24.3,21.1,299.3686111,6.401440215,3.462907407,19.83096296
2025-07-26 19:00:00+00:00,409.9691545,0.0,24.45642857,402.8284161,0.0,24.3,21.08571429,302.1602994,5.043324261,1.731453309,19.84506192
2025-07-26 19:15:00+00:00,410.0069444,0.0,24.4,403.5566722,0.0,24.2968254,21.0,305.2983752,2.778896813,-0.032281746,19.80767381
2025-07-26 19:30:00+00:00,410.4261905,0.0,24.4,403.3861618,0.0,24.204,20.932,308.714869,1.036824579,-1.897843137,19.55928366
2025-07-26 19:45:00+00:00,410.2368197,0.0,24.4,402.1923807,0.0,24.2,20.83571429,311.7016667,0.21860511,-3.425459184,19.19161224
2025-07-26 20:00:00+00:00,409.4629664,0.0,24.4,401.775749,0.0,24.2,20.77333333,314.9509883,0.009472222,-5.027484849,18.82844444
2025-07-26 20:15:00+00:00,408.4825102,0.0,24.4,402.0784416,0.0,24.13866667,20.64,317.9993225,0.0,-6.432380952,18.76095238
2025-07-26 20:30:00+00:00,408.0666654,0.0,24.31333333,402.0916534,0.0,24.1,20.6,321.6979127,0.0,-7.982380952,18.65865608
2025-07-26 20:45:00+00:00,407.381034,0.0,24.3,401.7468672,0.0,24.08061224,20.55274725,324.8816667,0.0,-9.241904762,18.81350649
2025-07-26 21:00:00+00:00,408.0020503,0.0,24.3,401.592289,0.0,24.0,20.4579798,328.046936,0.0,-10.3759596,18.47321212
2025-07-26 21:15:00+00:00,407.4342314,0.0,24.21333333,401.3313272,0.0,24.0,20.4,331.0750476,0.0,-11.35871429,18.2
2025-07-26 21:30:00+00:00,407.1172619,0.0,24.2,401.4906169,0.0,23.93222222,20.33111111,335.3488968,0.0,-12.53866402,18.2598254
2025-07-26 21:45:00+00:00,405.952381,0.0,24.2,401.8320995,0.0,23.9,20.21428571,338.8167857,0.0,-13.3544733,18.26678571
2025-07-26 22:00:00+00:00,406.0381313,0.0,24.17111111,401.4441053,0.0,23.87166667,20.1,342.2498571,0.0,-14.03053439,18.28683333
2025-07-26 22:15:00+00:00,405.5519381,0.0,24.1,400.8066667,0.0,23.8,20.06666667,345.9015873,0.0,-14.68696296,18.29807407
2025-07-26 22:30:00+00:00,404.6407086,0.0,24.1,400.3158971,0.0,23.8,19.96607143,349.4781852,0.0,-15.14666667,18.36395408
2025-07-26 22:45:00+00:00,405.1618519,0.0,24.1,401.3214674,0.0,23.8,19.9,352.9917356,0.0,-15.47438596,18.37307602
2025-07-26 23:00:00+00:00,404.2963987,0.0,24.1,399.9400121,0.0,23.8,19.87333333,356.9057989,0.0,-15.67587302,18.22222222
2025-07-26 23:15:00+00:00,403.8989408,0.0,24.09333333,398.8703054,0.0,23.73,19.77333333,158.275664,0.0,-15.7,18.16504074
2025-07-26 23:30:00+00:00,403.798519,0.0,24.0,397.927434,0.0,23.7,19.7,4.121785714,0.0,-15.67,18.16847619
2025-07-26 23:45:00+00:00,402.9846343,0.0,24.0,397.9726085,0.0,23.7,19.62666667,7.651511785,0.0,-15.46487205,18.14410127
2025-07-27 00:00:00+00:00,402.1253924,0.0,24.0,397.993136,0.0,23.7,19.55833333,11.25152788,0.0,-15.12411661,18.01373333
2025-07-27 00:15:00+00:00,401.9449516,0.0,24.0,396.477846,0.0,23.7,19.46190476,15.09095238,0.0,-14.61904762,18.02738095
2025-07-27 00:30:00+00:00,401.5687771,0.0,24.0,396.0008309,0.0,23.7,19.4,18.52384921,0.0,-13.99873016,17.9
2025-07-27 00:45:00+00:00,401.6607247,0.0,24.0,396.0981481,0.0,23.62666667,19.4,22.26684584,0.0,-13.23345455,17.7695641
2025-07-27 01:00:00+00:00,401.9025589,0.0,24.0,395.3717046,0.0,23.6,19.4,25.6176894,0.0,-12.43194709,17.61920385
2025-07-27 01:15:00+00:00,401.9510726,0.0,24.0,394.3927807,0.0,23.6,19.4,29.24747294,0.0,-11.42815476,17.53095238
2025-07-27 01:30:00+00:00,401.5362326,0.0,23.98571429,394.3911305,0.0,23.6,19.32392857,32.52799145,0.0,-10.34830769,17.36281785
2025-07-27 01:45:00+00:00,401.962029,0.0,23.90095238,393.9783333,0.0,23.6,19.3,36.04071795,0.0,-9.091515152,17.24
2025-07-27 02:00:00+00:00,400.9744666,0.0,23.9,393.8139619,0.0,23.6,19.3,39.09040626,0.0,-7.887118298,17.04779512
2025-07-27 02:15:00+00:00,399.2349288,0.0,23.9,393.5443139,0.0,23.6,19.25961538,42.45496948,0.0,-6.482945055,16.94873626
2025-07-27 02:30:00+00:00,399.2467958,0.0,23.9,392.9744168,0.0,23.6,19.2,45.60925926,0.022286902,-5.032962963,16.81899206
2025-07-27 02:45:00+00:00,398.9908447,0.0,23.9,392.9764755,0.0,23.6,19.2,49.15952991,0.360936131,-3.268981482,16.61503704
2025-07-27 03:00:00+00:00,398.763325,0.0,23.9,393.1458454,0.0,23.6,19.2,52.24084596,1.449071597,-1.644087302,16.5125
2025-07-27 03:15:00+00:00,398.4432932,0.0,23.9,392.2336692,0.0,23.6,19.2,55.23361376,4.474001008,-0.033925926,16.51707407
2025-07-27 03:30:00+00:00,397.9541538,0.0,23.9,392.3286442,0.0,23.6,19.2,58.17760745,9.043354672,1.646097421,16.51511508
2025-07-27 03:45:00+00:00,397.3035611,0.0,23.9,392.5004349,0.0,23.54268707,19.2,61.2636039,18.82652277,3.53744228,16.59846939
2025-07-27 04:00:00+00:00,397.5378023,0.0,23.9,391.6435277,0.0,23.54888889,19.11644444,64.21339683,21.7588528,5.407222222,16.60744781
2025-07-27 04:15:00+00:00,396.0312933,0.0,23.9,391.6758846,0.0,23.5,19.1,67.39828571,33.82014179,7.473248677,16.65960253
2025-07-27 04:30:00+00:00,397.0800156,0.0,23.9,391.4597043,0.0,23.50666667,19.04,70.27528205,60.46011681,9.423172161,16.83960317
2025-07-27 04:45:00+00:00,395.726182,0.0,23.9,390.6496126,0.0,23.56904762,19.0,73.25931122,95.96005621,11.47534014,17.22396825
2025-07-27 05:00:00+00:00,396.3183875,0.0,23.9,389.6885853,0.0,23.6,19.0,75.92083333,86.31693075,13.31122222,17.48333333
2025-07-27 05:15:00+00:00,394.9011449,0.0,23.9,390.0285088,0.0,23.6,19.0,79.37096737,96.81540298,15.73414336,17.78564103
2025-07-27 05:30:00+00:00,394.1465606,0.0,23.9,389.1691404,0.0,23.6,19.0,82.21109127,141.9604465,17.73052721,17.93214286
2025-07-27 05:45:00+00:00,394.8253221,0.0,23.96555556,388.8317637,0.0,23.6,18.9297619,84.56966667,171.3815794,19.4261746,18.45203704
2025-07-27 06:00:00+00:00,393.9868687,0.0,24.0,388.2251053,0.0,23.6,18.9,88.37296296,216.668639,22.1162963,18.55754921
2025-07-27 06:15:00+00:00,394.2776871,0.0,24.02922078,388.2767857,0.0,23.6,18.9,91.38222944,198.5115033,24.1688237,19.02841218
2025-07-27 06:30:00+00:00,393.7165476,0.0,24.1,388.3166547,0.0,23.6,18.88571429,94.59872415,191.7528819,26.3606746,19.39043098
2025-07-27 06:45:00+00:00,393.0384259,0.0,24.1,388.4518596,0.0,23.69555556,18.8,97.59643386,189.6807928,28.34889153,19.48138889
2025-07-27 07:00:00+00:00,393.5295471,0.0,24.10222222,387.1258242,0.0,23.70148148,18.8,101.001851,285.0731155,30.53275368,19.5270092
2025-07-27 07:15:00+00:00,392.9662647,0.0,24.2,387.9308608,0.0,23.8,18.8,104.6357937,247.266232,32.78170918,19.86257158
2025-07-27 07:30:00+00:00,391.5893523,0.0,24.2,388.0308081,0.0,23.8,18.8,107.9352381,315.6894776,34.79911111,20.22545455
2025-07-27 07:45:00+00:00,391.7096572,0.0,24.28857143,387.586656,0.0,23.8,18.8,111.67763,151.9892947,36.85301587,20.26233466
2025-07-27 08:00:00+00:00,391.5769951,0.0,24.3,387.9142213,0.0,23.88571429,18.8,115.3165085,365.9271327,38.76622449,20.17957483
2025-07-27 08:15:00+00:00,391.890303,0.0,24.30333333,387.7813187,0.0,23.9,18.8,119.3070769,356.5180186,40.73757509,20.31969536
2025-07-27 08:30:00+00:00,391.4772222,0.0,24.38380952,387.6216276,0.0,23.98348148,18.8,123.4946002,212.8661983,42.64871717,20.32040741
2025-07-27 08:45:00+00:00,391.0,0.0,24.4,387.0,0.0,24.0,18.8,127.1159524,228.0304691,44.15988095,20.44047619
2025-07-27 09:00:00+00:00,391.2265512,0.0,24.4,386.7977135,0.0,24.07653061,18.8,132.1059354,326.8579747,46.03323413,20.2839229
2025-07-27 09:15:00+00:00,390.525203,0.0,24.4,385.7673343,0.0,24.1,18.82,136.6341371,443.1187016,47.55100216,20.71238191
2025-07-27 09:30:00+00:00,390.0347575,0.0,24.45333333,385.863565,0.0,24.1,18.9,141.4809017,672.1453166,48.93760948,20.87420635
2025-07-27 09:45:00+00:00,390.0217962,0.0,24.5,386.6002994,0.0,24.14285714,18.94285714,146.6336168,775.1335342,50.26934524,21.5154898
2025-07-27 10:00:00+00:00,390.0373148,0.0,24.52666667,384.5551952,0.0,24.2,19.0,152.0011395,389.7326768,51.41366667,21.94573906
2025-07-27 10:15:00+00:00,391.0945756,0.0,24.6,385.4793644,0.0,24.24538721,19.0,157.3156239,459.9884458,52.32539346,21.90383838
2025-07-27 10:30:00+00:00,390.8264387,0.0,24.6,386.2156756,0.0,24.30133333,19.09333333,163.0449118,811.6204698,53.07877855,21.4336319
2025-07-27 10:45:00+00:00,391.158889,0.0,24.65641026,386.3708213,0.0,24.38358974,19.2,168.5179548,464.6702976,53.57096088,21.40110402
2025-07-27 11:00:00+00:00,390.740404,0.0,24.7,386.7731005,0.0,24.4,19.2,175.0306032,541.4416612,53.9268254,21.57515909
2025-07-27 11:15:00+00:00,390.5951947,0.0,24.7,386.8458413,0.0,24.4952381,19.2547619,180.8785253,332.9012785,54.0,21.51604643
2025-07-27 11:30:00+00:00,390.067598,0.0,24.77321429,386.3575955,0.0,24.5675,19.37321429,186.8213134,370.317087,53.88280769,21.76808114
2025-07-27 11:45:00+00:00,389.8638364,0.0,24.8,385.5084624,0.0,24.6,19.4,192.4211722,335.2795239,53.5577732,21.68775061
2025-07-27 12:00:00+00:00,390.106256,0.0,24.8,384.8045744,0.0,24.6,19.4,197.6920317,143.0867295,53.05962332,21.3972381
2025-07-27 12:15:00+00:00,389.8665641,0.0,24.8,386.1489975,0.0,24.6,19.48666667,203.8968806,320.1588328,52.19869048,21.38850133
2025-07-27 12:30:00+00:00,389.6027778,0.0,24.88714286,386.1986264,0.0,24.63571429,19.59285714,209.6401531,410.9447602,51.1626668,21.94487528
2025-07-27 12:45:00+00:00,389.6305772,0.0,24.9,385.8159375,0.0,24.7,19.675,214.8103413,265.5121592,50.04447811,21.92224908
2025-07-27 13:00:00+00:00,390.5538207,0.0,24.9,384.600638,0.0,24.72,19.74980952,219.8387963,482.8575107,48.75079365,21.31159048
2025-07-27 13:15:00+00:00,390.6124822,0.0,24.94063492,385.2261462,0.0,24.74714815,19.96296296,224.2295493,396.0334573,47.39839938,21.29830952
2025-07-27 13:30:00+00:00,391.3753841,0.0,25.0,384.7772109,0.0,24.82440476,20.09603175,229.1132194,437.4016869,45.74868506,20.87436959
2025-07-27 13:45:00+00:00,390.5355601,0.0,25.07142857,400.0043495,0.0,24.9,20.13571429,233.4481477,291.2499319,44.09138787,20.59483241
2025-07-27 14:00:00+00:00,390.2530392,0.0,25.1,400.6908547,0.0,24.9,20.33321429,237.8452605,280.1070231,42.20783478,20.93666667
2025-07-27 14:15:00+00:00,390.7591987,0.0,25.1,400.917517,0.0,24.9,20.4,241.6196753,298.4151495,40.4549062,21.09571429
2025-07-27 14:30:00+00:00,390.8099258,0.0,25.1,400.5423615,0.0,24.9,20.52,245.4926984,279.2530587,38.52168765,20.92074359
2025-07-27 14:45:00+00:00,390.1843868,0.0,25.1,400.3507712,0.0,24.96,20.62,249.4139497,255.4037658,36.42047619,20.75819577
2025-07-27 15:00:00+00:00,391.0878399,0.0,25.10333333,400.3685049,0.0,25.0,20.7,252.8665388,272.1418554,34.42397436,20.6264599
2025-07-27 15:15:00+00:00,391.3571429,0.0,25.19642857,400.2223522,0.0,25.0,20.7,256.1408305,185.1748257,32.48571429,20.68329082
2025-07-27 15:30:00+00:00,389.8487547,0.0,25.2,399.5151025,0.0,25.0,20.7,259.5979259,164.4020797,30.33579365,20.81576923
2025-07-27 15:45:00+00:00,390.0766667,0.0,25.11833333,399.8904381,0.0,25.0,20.7,262.9747968,144.1754632,28.11076599,20.55436633
2025-07-27 16:00:00+00:00,390.2801347,0.0,25.1,400.0020934,0.0,25.0,20.7,266.337644,129.386376,25.85797802,20.43078755
2025-07-27 16:15:00+00:00,390.7771152,0.0,25.1,398.81855,0.0,24.9375,20.7,269.0464286,111.9180151,23.99102041,20.37535714
2025-07-27 16:30:00+00:00,389.988159,0.0,25.1,399.7545614,0.0,24.9,20.7,272.3356931,102.0885121,21.71907407,20.2600463
2025-07-27 16:45:00+00:00,389.7461111,0.0,25.1,400.1411897,0.0,24.9,20.7,275.3306551,113.8794636,19.56565786,20.33160536
2025-07-27 17:00:00+00:00,390.0541952,0.0,25.1,400.2982573,0.0,24.9,20.7,278.4198773,101.6841207,17.4182836,20.35808303
2025-07-27 17:15:00+00:00,390.5074223,0.0,25.1,399.0961125,0.0,24.9,20.7,281.3569982,81.48807404,15.30362193,20.2799462
2025-07-27 17:30:00+00:00,389.7303623,0.0,25.1,399.5976257,0.0,24.88592593,20.7,284.410335,57.18775623,13.15497475,20.15223858
2025-07-27 17:45:00+00:00,389.4734788,0.0,25.04,399.3457576,0.0,24.8,20.65101852,287.4608862,43.16623842,11.01943122,19.91748704
2025-07-27 18:00:00+00:00,389.3231181,0.0,25.0,399.7446384,0.0,24.8,20.6,290.3726786,35.13121625,9.034978355,19.76845238
2025-07-27 18:15:00+00:00,389.2777404,0.0,25.0,399.6183265,0.0,24.8,20.6,293.2724603,26.73673803,7.103333333,19.74376407
2025-07-27 18:30:00+00:00,389.1962769,0.0,25.0,399.637644,0.0,24.77075758,20.6,296.3878163,18.31401414,5.054243386,19.5
2025-07-27 18:45:00+00:00,389.2910739,0.0,24.97653061,399.6144907,0.0,24.778,20.6,299.3262271,12.07703992,3.216666667,19.38825641
2025-07-27 19:00:00+00:00,388.4784091,0.0,24.9,399.7539518,0.0,24.7,20.6,302.4662275,6.169509666,1.29224026,19.29777778
2025-07-27 19:15:00+00:00,388.5746529,0.0,24.9,398.2208169,0.0,24.69916667,20.6,305.4188139,2.747935563,-0.350558201,19.13369048
2025-07-27 19:30:00+00:00,388.6411159,0.0,24.87333333,398.5380479,0.0,24.60985185,20.6,308.5613333,0.911227767,-2.070637566,19.04582251
2025-07-27 19:45:00+00:00,389.1090921,0.0,24.8,399.046856,0.0,24.6,20.6,311.7016515,0.159455281,-3.696411736,18.8675077
2025-07-27 20:00:00+00:00,388.9255969,0.0,24.79880952,398.3834776,0.0,24.6,20.51428571,314.9675368,0.0,-5.296156463,18.58108333
2025-07-27 20:15:00+00:00,387.4368284,0.0,24.7,398.7238709,0.0,24.6,20.5,318.0142367,0.0,-6.712896825,18.4
2025-07-27 20:30:00+00:00,387.5213872,0.0,24.7,398.7138119,0.0,24.54444444,20.5,321.5630979,0.0,-8.191378307,18.41677778
2025-07-27 20:45:00+00:00,387.3939553,0.0,24.68615385,397.9170258,0.0,24.5,20.44045455,324.91932,0.0,-9.472394094,18.42775397
2025-07-27 21:00:00+00:00,389.0716776,92.29689794,24.50877778,399.2099135,87.9020202,24.4365849,20.16444444,328.2310664,0.0,-10.64080303,18.40771429
2025-07-27 21:15:00+00:00,420.133296,165.0384031,24.30861111,426.164201,160.2241232,24.24835979,19.79333333,331.5235714,0.0,-11.71488889,18.41301407
2025-07-27 21:30:00+00:00,452.449726,165.7751811,24.17142857,460.1000047,160.1812045,24.06333333,19.67619048,335.1252088,0.0,-12.72088552,18.35685387
2025-07-27 21:45:00+00:00,474.0065756,167.790386,24.0702381,482.4659293,158.9643979,23.91770408,19.53571429,338.5715873,0.0,-13.54666667,18.19685065
2025-07-27 22:00:00+00:00,487.6261164,288.9383092,23.91111111,498.6693298,285.1641093,23.82606061,19.5,342.2574468,0.0,-14.29382011,18.19574502
2025-07-27 22:15:00+00:00,496.5638446,316.0046225,23.73333333,507.6365875,318.2746686,23.73238095,19.5,345.9705868,0.0,-14.90623256,18.0842037
2025-07-27 22:30:00+00:00,499.561774,318.7616931,23.5815873,511.3854191,318.6798316,23.60869048,19.32666667,349.6354762,0.0,-15.36666667,17.83341667
2025-07-27 22:45:00+00:00,503.1865989,317.6621379,23.46217687,515.4098275,320.6748639,23.47857143,18.99714286,353.0427597,0.0,-15.67849026,17.44762363
2025-07-27 23:00:00+00:00,508.6011616,317.3875036,23.37027778,519.5882155,318.1651904,23.38666667,18.7,356.9226455,0.0,-15.91666667,17.16546667
2025-07-27 23:15:00+00:00,509.3154599,318.0093275,23.27925926,522.3093811,319.1428175,23.3,18.60384615,134.3444769,0.0,-15.99333333,17.06445079
2025-07-27 23:30:00+00:00,509.3164629,317.3003413,23.2,522.9644566,318.3939721,23.28571429,18.45769231,4.269217687,0.0,-15.88779762,16.94670692
2025-07-27 23:45:00+00:00,509.503408,320.9034993,23.12857143,521.3303685,316.3303112,23.2,18.3525641,8.112545788,0.0,-15.62865385,16.82393162
2025-07-28 00:00:00+00:00,507.2004278,320.0061131,23.02548148,518.7262446,317.9447768,23.12444444,18.09514815,11.39999038,0.0,-15.31647619,16.60822857
2025-07-28 00:15:00+00:00,506.5152934,316.9770635,22.93333333,517.2665461,318.3698574,23.03083333,17.89833333,15.18652862,0.0,-14.819,16.40765743
2025-07-28 00:30:00+00:00,504.4963049,314.5208856,22.88571429,516.2365613,321.0415771,22.94101732,17.77142857,18.77811748,0.0,-14.24047619,16.22940587
2025-07-28 00:45:00+00:00,502.2384038,319.7942593,22.795,514.3007606,317.9115713,22.84,17.7,22.14327534,0.0,-13.51307071,16.18666667
2025-07-28 01:00:00+00:00,500.9637464,317.8617122,22.72266667,512.2401342,316.5601047,22.77333333,17.64666667,25.87630664,0.0,-12.604,16.04666667
2025-07-28 01:15:00+00:00,500.8962092,318.7514815,22.63333333,512.3081481,316.6483341,22.7,17.576,29.5089359,0.0,-11.55880769,15.99303846
2025-07-28 01:30:00+00:00,499.7860752,318.6938845,22.59012821,511.5280124,316.9523443,22.64166667,17.58461538,32.7277381,0.0,-10.51940476,15.99752381
2025-07-28 01:45:00+00:00,499.9604296,316.3224424,22.50535714,510.6359432,316.6466564,22.6,17.51307692,35.98755556,0.0,-9.347070707,15.91333333
2025-07-28 02:00:00+00:00,499.75523,317.9549158,22.5,509.5221612,314.0963796,22.58555556,17.3,39.58357672,0.0,-7.917714286,15.82321717
2025-07-28 02:15:00+00:00,498.5785714,317.0567254,22.4525641,508.8953824,318.5970418,22.5,17.3,42.77632653,0.0,-6.572653061,15.84204082
2025-07-28 02:30:00+00:00,497.7100287,315.8316169,22.51047619,510.7194941,317.7277949,22.5,17.22733333,45.74030381,0.034026991,-5.195353147,15.706
2025-07-28 02:45:00+00:00,498.464036,317.4266667,22.544,511.2398314,321.3101982,22.53333333,17.14,48.99196825,0.419907076,-3.605047619,15.78761905
2025-07-28 03:00:00+00:00,499.1637179,212.7081481,22.56444444,515.1017094,218.8884615,22.53333333,17.2,52.45131121,1.870208402,-1.774809524,15.6298165
2025-07-28 03:15:00+00:00,499.8062534,59.3843883,23.07959184,514.4191268,62.30786602,22.70952381,16.89047619,55.3818424,5.404352071,-0.212923882,15.48791847
2025-07-28 03:30:00+00:00,498.5108744,60.72221408,23.2,510.1432609,63.85249682,22.79642857,16.67575758,58.38215873,14.07473637,1.52238591,15.46885714
2025-07-28 03:45:00+00:00,493.8602278,60.73870725,23.2,504.7810644,64.64620308,22.8,17.09333333,61.3177245,24.7491244,3.258585859,15.69333333
2025-07-28 04:00:00+00:00,491.1948052,61.0814318,23.25714286,501.3260992,64.20519481,22.84285714,17.04285714,64.534942,45.09638862,5.344979069,15.77374871
2025-07-28 04:15:00+00:00,491.5547987,60.6547619,23.29142857,501.5245614,63.65350727,22.9,17.0,67.53810317,75.79138519,7.29731746,15.69962963
2025-07-28 04:30:00+00:00,490.9197983,60.69462609,23.26380952,500.8646974,64.56087679,22.9,17.04285714,70.51854986,101.7474018,9.314055944,15.78153846
2025-07-28 04:45:00+00:00,490.8217172,60.93087542,23.34666667,502.1771284,64.5840885,22.92797619,17.21333333,73.61496032,133.2711455,11.44071429,16.23659788
2025-07-28 05:00:00+00:00,497.080518,61.01098901,23.45684524,518.4127054,61.51203731,23.0,17.2,76.28493481,155.0479576,13.27161465,16.62628673
2025-07-28 05:15:00+00:00,508.7531999,60.97401395,23.4875,525.0808049,62.05380212,23.04088889,17.23333333,79.45380749,190.6962187,15.52439042,16.99882601
2025-07-28 05:30:00+00:00,521.2304162,61.6134127,23.65435305,534.3469309,61.06052684,22.93298718,17.3,82.4585,225.2204406,17.6326746,17.24535931
2025-07-28 05:45:00+00:00,540.3345439,60.85386772,23.77666667,548.667376,61.72205411,23.23422222,17.37757576,85.01145299,257.678194,19.4,17.44266667
2025-07-28 06:00:00+00:00,555.7795094,61.52494331,23.87602041,562.4338023,62.34920635,23.49038265,16.94139194,88.58247372,294.8377984,21.93394249,17.74470578
2025-07-28 06:15:00+00:00,561.9775621,65.14749279,24.01985714,564.2011751,63.36999022,23.57344444,17.295,91.62621693,310.4040714,24.05066138,18.19489286
2025-07-28 06:30:00+00:00,575.0458974,67.34878307,24.08484127,587.9888773,63.71243867,23.60386772,17.68577778,94.89363973,317.0373688,26.2831431,18.33230892
2025-07-28 06:45:00+00:00,583.712393,83.76611315,24.16333333,580.9646771,63.81204462,23.68955556,17.47822222,98.1547619,206.2635296,28.43314286,18.4625
2025-07-28 07:00:00+00:00,579.5754202,94.8384877,24.1400085,582.8863095,64.36913713,23.82936508,17.02857143,101.4388348,362.4821719,30.55168651,18.54337302
2025-07-28 07:15:00+00:00,577.3407613,109.2937037,24.16944444,592.1529842,64.15108772,23.70798148,17.00888889,104.4818413,460.4616789,32.41238095,19.08807037
2025-07-28 07:30:00+00:00,569.4000456,126.9431987,24.23333333,563.8883671,64.5094012,23.66666667,17.01377778,108.2808519,334.5639759,34.67751852,18.8392
2025-07-28 07:45:00+00:00,564.0465973,144.9259681,24.26428571,558.7112345,64.02025974,23.70714286,17.32244898,111.5011735,576.1278197,36.46222222,19.34285714
2025-07-28 08:00:00+00:00,564.6923663,167.5635979,24.24,568.0704351,62.68076214,23.67466667,17.36666667,115.3854949,439.2353176,38.52905243,19.58849332
2025-07-28 08:15:00+00:00,562.2387565,181.0356753,24.21455026,563.1648708,62.43262151,23.7,17.09571429,119.2168302,435.9072661,40.41884921,19.56024677
2025-07-28 08:30:00+00:00,559.8372768,195.3117322,24.15333333,563.3036494,62.62959112,23.74095105,17.07904895,123.1459298,657.6293775,42.22345299,19.60571086
2025-07-28 08:45:00+00:00,560.0442752,201.6985413,24.09285714,569.6927152,62.36729884,23.75367347,17.17222222,127.7863727,388.760187,44.1783189,20.01372565
2025-07-28 09:00:00+00:00,564.6240811,207.8925438,24.00386905,578.0850598,62.63153652,23.7424127,17.12321429,131.9731443,353.2134501,45.71676098,19.58265335
2025-07-28 09:15:00+00:00,564.8815657,215.6117825,24.14444444,576.6765337,62.226681,23.8,16.97333333,136.9622759,237.6202716,47.40133903,19.60775264
2025-07-28 09:30:00+00:00,558.2010599,221.0416907,24.04795918,569.2093976,62.71415303,23.8,17.06428571,141.7666113,408.2667003,48.77976329,19.67011163
2025-07-28 09:45:00+00:00,554.2132869,223.5888943,24.03822511,569.164956,62.8672696,23.79888889,16.94571429,146.7410061,502.4041796,50.02822466,19.24668669
2025-07-28 10:00:00+00:00,547.7258838,226.8391606,23.98240476,558.0000298,62.4120202,23.72293651,17.12666667,151.940062,776.82148,51.17361664,20.44623407
2025-07-28 10:15:00+00:00,545.0330287,227.2819532,24.02506349,547.3651566,61.75088985,23.72992857,17.25555556,157.5600067,610.1995781,52.10249158,20.59353333
2025-07-28 10:30:00+00:00,532.8910714,232.1602259,24.0264881,534.5586992,61.96184807,23.69880952,17.17142857,162.9118252,777.9516787,52.84225373,20.80011905
2025-07-28 10:45:00+00:00,524.0094343,233.2262945,24.09333333,529.3446345,62.3347109,23.69085714,17.03166667,168.5039779,486.8212935,53.33241822,20.42474122
2025-07-28 11:00:00+00:00,531.5929666,234.8736383,23.96952381,529.8043027,62.58424927,23.67619048,16.9125,175.1922724,835.5166888,53.70074074,20.80669444
2025-07-28 11:15:00+00:00,540.783811,231.5773932,23.97896825,531.1418219,62.87706004,23.7,17.02055556,181.0944656,736.8090471,53.7952381,21.35202515
2025-07-28 11:30:00+00:00,541.4638189,229.4162737,23.9952381,531.7249499,62.54102096,23.7,17.26725275,186.2836862,793.5196409,53.65714286,21.37816327
2025-07-28 11:45:00+00:00,540.7924227,227.6632914,23.95777778,532.8160528,62.15838688,23.7,17.27333333,191.9102778,796.0047503,53.37590909,21.60260684
2025-07-28 12:00:00+00:00,546.2364016,220.6865071,23.86957191,535.2711304,62.86842826,23.7,16.95407407,198.4849683,621.4392287,52.69795238,20.93686772
2025-07-28 12:15:00+00:00,550.8699546,213.1735413,23.97215909,532.6020202,63.48001443,23.78668831,16.91761364,203.9579106,842.7896268,51.96749084,20.82832688
2025-07-28 12:30:00+00:00,547.8590935,209.4538955,23.99940476,530.5642708,62.713304,23.8,16.53512821,209.0848497,383.7083881,51.03686628,20.53572684
2025-07-28 12:45:00+00:00,545.2695238,220.394709,24.09884615,527.2604896,63.08793651,23.8,16.67692308,214.6987302,833.3468388,49.82777778,20.54578095
2025-07-28 13:00:00+00:00,543.8502694,221.3279101,24.0946712,522.9183654,62.41043588,23.8,17.16703297,219.6148283,424.315569,48.56400433,20.99066667
2025-07-28 13:15:00+00:00,543.0222222,221.7177961,24.05404762,521.3098439,62.57823429,23.81,16.97380952,224.3169897,434.1617379,47.11535147,20.9897779
2025-07-28 13:30:00+00:00,533.3362987,233.3111315,24.15074074,519.0987654,62.78912026,23.85386243,17.22,229.0105171,531.2395002,45.53102694,21.09203704
2025-07-28 13:45:00+00:00,520.7401035,246.9903801,24.14051948,517.696401,62.53316317,23.95692034,17.82222222,232.8373995,519.3503501,44.04754845,21.48712103
2025-07-28 14:00:00+00:00,513.6155467,153.8832668,24.14285714,518.3621914,61.63619797,23.97857143,15.31657596,237.404915,203.6573745,42.15545264,20.90880417
2025-07-28 14:15:00+00:00,510.8667029,61.90829713,24.205,516.4123703,64.08846511,23.9,14.40222222,241.4779334,245.0889579,40.25554762,20.83042063
2025-07-28 14:30:00+00:00,503.3723129,61.37380395,24.26293651,513.8494223,63.74576608,23.95564815,17.60714286,245.5028968,274.9446616,38.235,20.95355556
2025-07-28 14:45:00+00:00,498.7400399,62.31509699,24.3,510.7469068,63.38840889,24.0,16.37103175,249.0647029,178.6147221,36.3360405,20.84373333
2025-07-28 15:00:00+00:00,495.0919453,61.54420351,24.31428571,507.3531531,63.67628914,24.08078231,17.65824176,252.7527314,581.1828439,34.25797774,21.80284168
2025-07-28 15:15:00+00:00,490.550513,62.60897436,24.4,504.2182088,63.90470899,24.29333333,17.77,255.8557778,283.7415229,32.34722222,22.0012684
2025-07-28 15:30:00+00:00,487.4707303,62.6055653,24.42528571,501.8140728,63.83070966,24.47384127,17.36440741,259.38779,446.6997708,30.16754579,21.44778022
2025-07-28 15:45:00+00:00,484.2339612,61.74729323,24.5,499.7551967,63.21766982,24.63124801,17.045,262.9131638,282.8666081,27.88133754,21.29918519
2025-07-28 16:00:00+00:00,481.8246965,61.43214286,24.5,497.6249613,63.34931927,24.62103175,16.65164835,266.120303,162.5478281,25.73422078,21.05792517
2025-07-28 16:15:00+00:00,480.3637302,62.5447619,24.5,494.8032435,63.86264441,24.6,17.00839161,268.9852108,99.43220145,23.75933651,20.65435373
2025-07-28 16:30:00+00:00,480.0723106,62.0985093,24.5,493.5705767,63.57546998,24.6,15.67055556,272.1828203,233.8571718,21.55337566,20.60159242
2025-07-28 16:45:00+00:00,478.5555556,61.765,24.5,492.8510145,64.00362319,24.66666667,16.8647619,275.3442725,229.8928318,19.28929894,20.66060847
2025-07-28 17:00:00+00:00,477.7797225,62.23308128,24.50451389,491.9703008,63.31954158,24.7,17.45055556,278.2481911,189.8845095,17.22553855,20.63132653
2025-07-28 17:15:00+00:00,476.7126218,60.8814107,24.52,491.0380227,63.18869527,24.75333333,17.23453968,281.1074074,155.656784,15.20036195,20.62463704
2025-07-28 17:30:00+00:00,474.1419048,61.25449328,24.5202381,490.6911255,63.87676768,24.64,17.21785714,284.371619,76.44140433,12.91819841,20.38307407
2025-07-28 17:45:00+00:00,474.3774598,61.28618781,24.5,489.3181899,62.58239462,24.6,16.94,287.2281604,87.13775881,10.88501984,20.10244898
2025-07-28 18:00:00+00:00,474.3676554,61.59161316,24.5,489.0,63.15317853,24.6,16.46,290.1811427,80.97672508,8.851137566,20.12432194
2025-07-28 18:15:00+00:00,473.5103564,61.4976311,24.5,489.4450909,63.4708335,24.6,16.63,293.1144352,57.48684238,6.940595238,19.95450185
2025-07-28 18:30:00+00:00,473.1682828,61.48759259,24.46666667,488.2965468,63.29262346,24.51333333,17.16822222,296.3330606,36.9430422,4.818191919,19.58712626
2025-07-28 18:45:00+00:00,474.235409,61.3593254,24.4,488.6769657,62.2774975,24.40674603,17.05576923,299.1884921,20.01722644,3.031269841,19.31681818
2025-07-28 19:00:00+00:00,473.8092593,7.979736467,24.4,488.3557553,7.962674363,24.26666667,16.86153846,302.1952857,8.30503286,1.176190476,18.90017143
2025-07-28 19:15:00+00:00,473.5475438,0.0,24.34666667,488.1979066,0.0,24.2,17.2531746,305.2705556,3.803275826,-0.491642857,18.56341667
2025-07-28 19:30:00+00:00,471.9677331,0.0,24.3,487.0816346,0.0,24.12433333,18.15533333,308.5879101,1.018502336,-2.351309524,18.33494709
2025-07-28 19:45:00+00:00,470.4744152,0.0,24.28928571,485.8202667,0.0,24.1,18.75,311.709261,0.175510294,-3.948988611,18.06900227
2025-07-28 20:00:00+00:00,470.5318519,0.0,24.2,484.1684575,0.0,24.09555556,19.05166667,314.801339,0.0,-5.477040998,17.84360177
2025-07-28 20:15:00+00:00,471.1027451,0.0,24.2,484.2357855,0.0,24.0,19.2,318.1913709,0.0,-7.042390572,17.79728571
2025-07-28 20:30:00+00:00,469.4141414,0.0,24.2,483.3747131,0.0,24.0,19.2,321.547619,0.0,-8.421904762,17.68079365
2025-07-28 20:45:00+00:00,467.9972527,0.0,24.19857143,481.837585,0.0,23.94285714,19.19857143,324.817449,0.0,-9.719090909,17.56785714
2025-07-28 21:00:00+00:00,467.1602016,119.1942509,23.91968864,481.2357648,103.7341423,23.88,19.00833333,328.2058704,0.0,-10.92001587,17.44973232
2025-07-28 21:15:00+00:00,472.7235344,166.5907895,23.63025794,486.1669608,155.5998104,23.76333333,19.0,331.6886538,0.0,-12.00202231,17.27025641
2025-07-28 21:30:00+00:00,480.9802278,165.3190925,23.51333333,492.960202,155.9977778,23.65555556,18.99166667,334.9628051,0.0,-12.9145394,17.17696429
2025-07-28 21:45:00+00:00,483.6888219,164.6016839,23.45166667,497.3855143,156.8762803,23.55333333,18.75733333,338.7039206,0.0,-13.82454471,16.99801905
2025-07-28 22:00:00+00:00,485.9523376,252.9000233,23.3,500.5666954,256.1896081,23.44,18.62,342.1641481,0.0,-14.53977778,16.87033333
2025-07-28 22:15:00+00:00,488.4044132,315.3457726,23.05851852,503.5371066,312.9524832,23.30666667,18.36666667,345.9619127,0.0,-15.14406349,16.78511111
2025-07-28 22:30:00+00:00,491.1861159,312.0789013,22.9,504.6586202,310.0583867,23.1586526,18.25961538,349.5462152,0.0,-15.61811224,16.71558442
2025-07-28 22:45:00+00:00,491.2071391,315.2255631,22.81904762,505.3174571,314.3891765,23.01916667,18.10888889,353.0478333,0.0,-15.95,16.54865556
2025-07-28 23:00:00+00:00,491.4481061,312.1191919,22.74761905,504.5209235,314.5727461,22.94761905,17.99285714,356.9457857,0.0,-16.15333333,16.53204762
2025-07-28 23:15:00+00:00,491.841733,311.5106449,22.66566667,504.7452016,312.1175755,22.82,17.87101852,166.4897778,0.0,-16.2,16.2779545
2025-07-28 23:30:00+00:00,491.8575035,311.2551989,22.56785714,505.9603008,313.1355215,22.8,17.77142857,4.220128641,0.0,-16.1099488,16.28612857
2025-07-28 23:45:00+00:00,491.1580773,312.3346296,22.46833333,504.1533461,313.6607926,22.74261905,17.64285714,7.89454305,0.0,-15.92309764,16.10668855
2025-07-29 00:00:00+00:00,491.1917859,313.0397018,22.4,504.922898,314.090848,22.7,17.58571429,11.57647619,0.0,-15.56216667,16.01786667
2025-07-29 00:15:00+00:00,490.9054705,313.4534181,22.30384615,505.3838513,310.612844,22.6047619,17.5,15.2776644,0.0,-15.05362812,15.96048753
2025-07-29 00:30:00+00:00,492.079645,313.3259259,22.3,505.1554924,313.4091905,22.55333333,17.39333333,18.70853968,0.0,-14.45466667,15.85926667
2025-07-29 00:45:00+00:00,492.0611161,313.6882377,22.23346154,504.043467,310.1885265,22.49388889,17.3,22.35506037,0.0,-13.69675132,15.77644048
2025-07-29 01:00:00+00:00,492.2325926,313.2111544,22.2,504.7817391,312.7549106,22.4,17.25,25.98132275,0.0,-12.79910053,15.69248677
2025-07-29 01:15:00+00:00,491.895799,316.2940386,22.10769231,504.6444801,318.2969433,22.30892857,17.11538462,29.37658471,0.0,-11.82237049,15.60352041
2025-07-29 01:30:00+00:00,491.2984583,316.9240741,22.1,504.4659148,322.0327778,22.3,17.1,32.91462698,0.0,-10.70055556,15.53096429
2025-07-29 01:45:00+00:00,492.4477124,315.9921032,22.0,504.4791673,320.5188487,22.3,17.07692308,36.31995238,0.0,-9.478148148,15.37128139
2025-07-29 02:00:00+00:00,492.8239538,317.8402058,21.92,505.7198383,319.15602,22.20909091,16.93,39.54962585,0.0,-8.22792517,15.33942177
2025-07-29 02:15:00+00:00,493.3992256,315.5014805,21.92142857,506.5375231,317.6477997,22.2,16.79,42.79402597,0.0,-6.812467533,15.24726667
2025-07-29 02:30:00+00:00,493.307649,311.7493266,21.93571429,508.7980695,321.1118078,22.13333333,16.7,46.11434921,0.000634921,-5.294746032,15.13318519
2025-07-29 02:45:00+00:00,498.6885169,315.9522403,21.83134354,516.6302848,314.7910056,22.0646627,16.6,49.07322202,0.219197435,-3.80716141,15.15714286
2025-07-29 03:00:00+00:00,498.8360286,63.96078431,22.08637037,513.482619,69.68888889,22.09818182,16.6,52.3413893,1.164132396,-2.094867725,14.93261797
2025-07-29 03:15:00+00:00,492.9362061,65.07333333,22.46266667,506.1,64.73446227,22.24666667,16.99390476,55.6062684,3.279433955,-0.351888889,14.65144762
2025-07-29 03:30:00+00:00,489.7875285,65.71962722,22.57555556,502.196171,65.49410041,22.4088468,16.8952381,58.71444444,6.82770432,1.42503848,14.44953704
2025-07-29 03:45:00+00:00,488.788196,65.51867691,22.6,498.7309669,64.91602828,22.4,17.275,62.22844444,15.28887119,3.582333333,14.48186813
2025-07-29 04:00:00+00:00,486.5493687,64.75712529,22.62,499.3699455,65.30731837,22.4,16.75238095,64.6152886,38.72459649,5.126198172,14.45255171
2025-07-29 04:15:00+00:00,486.0210593,64.5134127,22.7,498.2689875,64.80149756,22.4,16.97051282,67.59916667,71.64560767,7.07010101,14.61531401
2025-07-29 04:30:00+00:00,492.077674,65.16968481,22.7,499.3277516,65.48368877,22.45288889,17.01660714,70.77169636,55.73563575,9.207559385,14.91630159
2025-07-29 04:45:00+00:00,492.4608448,64.84011876,22.76428571,505.2564461,65.02848981,22.5,17.01877551,73.47303696,76.02165594,11.05210623,14.89893483
2025-07-29 05:00:00+00:00,500.5196619,64.77330077,22.74888889,510.7771566,65.80096634,22.536,17.19333333,76.59286772,163.8927006,13.204,15.54860234
2025-07-29 05:15:00+00:00,510.244697,64.64404151,22.86374603,520.564682,65.84477353,22.6,17.00583333,79.77473016,160.9651519,15.44397547,15.8467619
2025-07-29 05:30:00+00:00,525.4500535,65.05491301,23.04348148,535.5193018,66.30036376,22.64,17.09333333,82.68224146,117.1881246,17.50211159,15.91187542
2025-07-29 05:45:00+00:00,550.2237762,63.6030303,23.17954545,544.6229437,63.73376623,22.74545455,17.22727273,86.03757576,125.1497417,19.84141414,16.3983925
2025-07-29 06:00:00+00:00,571.6283177,63.48095238,23.28,560.9557054,64.73827751,22.82666667,17.15333333,88.68116787,153.1022508,21.70603175,16.4675303
2025-07-29 06:15:00+00:00,584.46077,64.29370873,23.31428571,587.6850794,65.79640212,23.00761905,17.16071429,91.87694084,314.9948797,23.94615385,17.09160606
2025-07-29 06:30:00+00:00,585.2362007,64.52781804,23.36343537,609.8798985,65.70406069,23.0105,17.50785714,95.11554589,362.7852133,26.13337312,17.72920856
2025-07-29 06:45:00+00:00,608.7730159,64.71527778,23.45714286,639.3143939,66.61672851,23.02857143,17.19952381,98.31605617,274.1708478,28.25409471,17.90714286
2025-07-29 07:00:00+00:00,629.2236027,65.3487753,23.63525926,615.3454597,65.53700274,23.14666667,17.09333333,101.4898386,445.4928276,30.29402646,17.94934259
2025-07-29 07:15:00+00:00,649.2992593,64.08981481,23.62666667,650.7603468,64.7848114,23.24666667,17.18809524,104.9255847,398.9927022,32.41275132,17.97705
2025-07-29 07:30:00+00:00,655.9268116,64.83935529,23.75,659.153157,65.25785057,23.32857143,17.17142857,108.3032416,433.4213974,34.37264739,18.45941043
2025-07-29 07:45:00+00:00,650.9875783,64.96613757,23.83928571,659.2852333,65.13391053,23.35703704,17.20625,111.9983333,567.2942793,36.45289683,18.80143519
2025-07-29 08:00:00+00:00,655.5238745,64.93967653,23.78719048,667.3881352,65.83114367,23.42385185,16.9647619,115.7758081,598.293433,38.46005459,18.76088045
2025-07-29 08:15:00+00:00,647.9867244,64.63294613,23.97866667,654.3076147,65.26297702,23.39428571,17.12071429,119.7792582,498.6478209,40.39851648,18.94436956
2025-07-29 08:30:00+00:00,653.2500916,65.20879121,23.9,638.8144464,66.24681509,23.4,17.3,123.7354308,490.7656021,42.1949263,19.20668367
2025-07-29 08:45:00+00:00,635.6963679,65.86586895,24.03146259,619.080099,67.77764712,23.47027778,17.37673469,127.9705794,545.6558481,43.96062698,19.62491534
2025-07-29 09:00:00+00:00,624.6732963,68.86777778,23.98433333,615.0593437,66.79947775,23.48666667,17.3,132.5689259,435.8762899,45.66,19.49407778
2025-07-29 09:15:00+00:00,631.0730895,69.9481561,23.97795918,609.2174654,61.69353022,23.62619048,17.16938776,136.4421409,471.5107367,46.93846154,19.41505102
2025-07-29 09:30:00+00:00,619.409516,75.63755264,24.10279824,596.5604559,60.28641747,23.66704341,17.22460179,141.4588624,466.1801129,48.46075661,19.70479365
2025-07-29 09:45:00+00:00,612.2805157,87.18187831,24.09333333,587.8311355,60.49591372,23.62,17.14333333,147.0569194,447.9140281,49.86905556,19.47025185
2025-07-29 10:00:00+00:00,604.395286,98.32282411,24.03544974,594.0024316,58.94546879,23.6,17.09555556,151.9525006,389.8067379,50.8839934,19.67553386
2025-07-29 10:15:00+00:00,586.8147998,104.0136142,24.08761905,577.0113818,60.1610119,23.55952381,17.18571429,157.9035943,564.2735416,51.90643038,19.64337378
2025-07-29 10:30:00+00:00,570.0323702,103.6231487,24.02444444,563.1973986,58.61078134,23.47333333,17.14755556,163.1585185,529.5590285,52.6,20.30640212
2025-07-29 10:45:00+00:00,575.6590715,103.2311448,24.01333333,567.3642424,58.91333333,23.52222222,17.14,169.1877995,542.57146,53.16686027,20.20098365
2025-07-29 11:00:00+00:00,590.8084091,108.7125926,23.98673469,585.7285805,58.81336523,23.58194444,17.16666667,175.2749841,495.1375311,53.4755,20.70083333
2025-07-29 11:15:00+00:00,591.8829417,110.8908877,24.0327381,580.7518317,61.30154602,23.6,17.11130952,180.8173214,453.6868359,53.56003401,20.4293658
2025-07-29 11:30:00+00:00,586.6100081,116.5327809,24.1,566.4255413,62.64555364,23.6,17.04666667,186.8335979,535.612234,53.42259259,20.41183189
2025-07-29 11:45:00+00:00,587.1138763,122.8666931,24.08333333,571.6688654,62.03779836,23.6,17.16111111,192.7185291,679.3948455,53.07888889,20.80257143
2025-07-29 12:00:00+00:00,582.976879,125.3820106,24.0748255,567.9441696,60.98744108,23.6,17.30803863,198.3308381,650.2174987,52.49387013,21.0174674
2025-07-29 12:15:00+00:00,591.5196429,131.4574939,23.99812925,579.8049978,61.00799706,23.55119048,17.2985348,203.9497449,383.8293872,51.71625,21.21845238
2025-07-29 12:30:00+00:00,583.8199868,130.0341215,24.02,569.0014858,60.51038424,23.53666667,17.06533333,209.3170556,223.6963105,50.76047619,20.70844444
2025-07-29 12:45:00+00:00,568.105938,127.9796296,24.00333333,556.7442424,60.64181818,23.56944444,16.8,214.5455123,299.843049,49.58880952,20.58255471
2025-07-29 13:00:00+00:00,560.0980378,128.9436727,23.97559524,548.8109676,61.27374826,23.6,16.70062925,219.0786832,680.1262967,48.40280414,20.84958373
2025-07-29 13:15:00+00:00,553.3874657,129.8836628,23.97555556,544.0226209,60.66788757,23.61555556,17.07033333,224.2952593,614.6989956,46.87161111,21.64530556
2025-07-29 13:30:00+00:00,540.7536383,126.9096764,23.94438095,536.9784939,60.44976231,23.7,17.06928571,228.8806667,365.8785259,45.31966931,21.82735
2025-07-29 13:45:00+00:00,527.6428163,116.5975855,23.856669,534.470994,60.82696711,23.7,16.90266667,232.8060749,429.2753366,43.80933618,21.18491396
2025-07-29 14:00:00+00:00,516.1999942,79.87200964,23.89183673,529.4036811,66.59503903,23.7,15.40833333,237.4816863,317.1912508,41.81709751,21.20587508
2025-07-29 14:15:00+00:00,510.8194697,61.19794872,23.8,524.8349655,65.18699856,23.7,15.08888889,241.3833492,440.0598627,40.04075132,21.16269048
2025-07-29 14:30:00+00:00,502.8783442,61.59886207,23.88441558,520.0561112,64.3144733,23.90083333,18.04935065,245.2669233,618.1282682,38.08989418,21.77384127
2025-07-29 14:45:00+00:00,498.7319965,62.87140933,24.012,514.2680045,62.26712225,24.09333333,16.32583333,249.0939019,564.4569041,36.03918748,21.75695515
2025-07-29 15:00:00+00:00,494.3104287,59.77596213,24.10986395,510.4636643,57.18727946,24.25714286,17.82857143,252.5736797,414.7568285,34.05122655,22.00199799
2025-07-29 15:15:00+00:00,491.0331706,60.7631109,24.1,505.4376992,63.06467215,24.26901852,17.11847884,255.9293529,184.4698511,32.05368013,21.03559983
2025-07-29 15:30:00+00:00,488.0431122,62.20261983,24.1,502.495972,61.33862887,24.13309524,16.92464286,259.2172615,216.1731751,29.98778755,20.79227852
2025-07-29 15:45:00+00:00,485.0648579,62.01356167,24.1,500.3204673,60.80992729,24.23571429,16.56549451,262.5639444,275.1165317,27.81181973,20.97142667
2025-07-29 16:00:00+00:00,483.8785215,62.10309368,24.1,497.7624296,59.94225653,24.44812121,16.52521212,265.7008333,422.5736913,25.69833333,21.10794872
2025-07-29 16:15:00+00:00,480.5822454,60.37050557,24.2,496.8155026,62.12270955,24.69051852,17.02857143,269.0408889,347.6660445,23.42722222,21.28781818
2025-07-29 16:30:00+00:00,477.2997657,62.56554239,24.26095238,495.9188514,62.39927184,24.85866667,17.22888889,271.9340303,308.1251324,21.39215873,21.34165758
2025-07-29 16:45:00+00:00,476.3945153,60.67167713,24.3,495.1037164,62.40094836,24.8797619,17.00006803,275.0076276,273.732685,19.2367718,21.00430272
2025-07-29 17:00:00+00:00,475.980692,61.35968176,24.31833333,493.8666667,61.79874339,24.96533333,16.79936508,278.1250079,233.6436403,17.02318783,20.72814815
2025-07-29 17:15:00+00:00,475.7796693,62.06328269,24.42857143,492.6865064,62.10688177,25.02010582,16.92507937,281.2210317,202.0323387,14.83785714,20.46753439
2025-07-29 17:30:00+00:00,475.2039852,62.09485938,24.4,492.4169708,63.20667547,25.1,16.82857143,284.2378353,161.5377816,12.70261119,20.1302094
2025-07-29 17:45:00+00:00,474.6924603,62.22875009,24.4,491.007619,62.62462722,25.06326531,16.74940476,287.161173,122.1432155,10.71038961,19.69458333
2025-07-29 18:00:00+00:00,473.4217713,61.46774678,24.4,491.3785789,61.94345107,24.87833333,17.24666667,290.0120569,79.4896701,8.746008547,19.49347009
2025-07-29 18:15:00+00:00,472.459635,61.76801706,24.4,490.6866883,62.21303736,24.80102525,16.83729167,293.0235714,66.2541938,6.706023809,18.88385621
2025-07-29 18:30:00+00:00,473.5311856,61.58170996,24.36068376,490.7337302,61.95165733,24.65571429,17.00940171,296.0382576,40.02731031,4.71245671,18.33784416
2025-07-29 18:45:00+00:00,473.0436819,61.14524013,24.3,491.0004462,61.478122,24.53,17.084,298.9084468,19.10735267,2.911767677,17.99757576
2025-07-29 19:00:00+00:00,475.6590583,11.61904762,24.21888889,490.9547874,11.87962963,24.37333333,16.78344444,301.9092552,8.48143698,1.079415954,17.75156481
2025-07-29 19:15:00+00:00,473.8784804,0.0,24.2,489.3418357,0.0,24.25333333,16.90666667,305.3051958,3.053640212,-0.765873016,17.30533333
2025-07-29 19:30:00+00:00,472.1274043,0.0,24.16190476,488.5162774,0.0,24.1625,17.12190476,308.3994292,0.804567764,-2.451781076,17.04468738
2025-07-29 19:45:00+00:00,472.3391825,0.0,24.1,488.1866667,0.0,24.1,17.33333333,311.5868862,0.093620362,-4.158378066,16.8169707
2025-07-29 20:00:00+00:00,471.8355298,0.0,24.1,487.6962848,0.0,24.00666667,17.53846154,314.8203704,0.0,-5.748611111,16.66388889
2025-07-29 20:15:00+00:00,469.9885329,0.0,24.00666667,485.8189699,0.0,23.96666667,17.65595238,318.0868974,0.0,-7.253022533,16.80822711
2025-07-29 20:30:00+00:00,470.5414412,0.0,24.0,484.643902,0.0,23.9,17.8,321.397326,0.0,-8.605555556,16.67142857
2025-07-29 20:45:00+00:00,468.78,0.0,23.9,483.1348148,0.0,23.82952381,17.95444444,324.6728189,0.0,-9.911833333,15.98388788
2025-07-29 21:00:00+00:00,468.6238944,115.3989481,23.75044444,482.4852011,106.4318731,23.78857143,17.67,328.2453704,0.0,-11.1622963,15.60654518
2025-07-29 21:15:00+00:00,476.7560423,167.5943662,23.38857143,489.1501235,159.3031645,23.65456066,16.96319728,331.4771902,0.0,-12.18389881,15.50062988
2025-07-29 21:30:00+00:00,485.0204413,167.4008862,23.25805556,497.1472403,161.6783718,23.55757937,16.6134127,334.9607342,0.0,-13.15834175,15.59235591
2025-07-29 21:45:00+00:00,490.3624242,168.052583,23.12666667,502.8979812,159.6913834,23.37559524,16.34666667,338.6844524,0.0,-14.05181217,15.53386905
2025-07-29 22:00:00+00:00,492.5197407,167.8813083,22.97333333,505.2030129,157.1206996,23.24666667,16.13333333,342.2579853,0.0,-14.78445971,15.14816005
2025-07-29 22:15:00+00:00,494.9361709,166.932374,22.85,507.5984736,160.5687654,23.15,15.68285714,345.8211168,0.0,-15.37464286,14.74216667
2025-07-29 22:30:00+00:00,498.2034988,167.3273504,22.78145455,510.1757576,163.143315,23.03333333,15.5,349.2503282,0.0,-15.8310955,14.07807441
2025-07-29 22:45:00+00:00,499.3083779,166.4050265,22.69333333,510.2666667,161.2100733,22.94,15.663,353.1615,0.0,-16.19149471,14.04444444
2025-07-29 23:00:00+00:00,497.4446865,165.2444209,22.59155844,510.9228713,159.4105142,22.82244898,15.7,356.7853013,0.0,-16.37857143,14.11068027
2025-07-29 23:15:00+00:00,498.1405625,167.7593098,22.52833333,510.3843771,165.0491586,22.74,15.55166667,144.4932328,0.0,-16.4,13.88707071
2025-07-29 23:30:00+00:00,496.9526104,167.5922222,22.47444444,509.9754914,160.7773693,22.72583333,15.644,4.165310245,0.0,-16.35944444,14.06901321
2025-07-29 23:45:00+00:00,496.7369408,167.1259259,22.45146032,509.6103448,161.111829,22.65333333,15.42777778,7.898236597,0.0,-16.13878788,13.72224339
2025-07-30 00:00:00+00:00,495.8379272,165.7545469,22.39932823,508.71638,162.8041434,22.6,15.22380952,11.68477673,0.0,-15.78766789,13.84285714
2025-07-30 00:15:00+00:00,496.3849711,166.4465425,22.3,509.8626396,157.7472827,22.6,15.2,15.20757835,0.0,-15.29920228,14.03920798
2025-07-30 00:30:00+00:00,496.5175132,166.6629284,22.31733333,509.0094227,161.8251951,22.52185185,15.11904762,18.87608466,0.0,-14.63750265,14.09493333
2025-07-30 00:45:00+00:00,496.0059384,169.5049938,22.37521368,509.0660828,160.31247,22.5,15.1,22.28355056,0.0,-13.95325758,13.6822381
2025-07-30 01:00:00+00:00,496.1630269,166.1654615,22.27705128,508.7664273,161.8995942,22.42555556,15.275,25.72146296,0.0,-13.10679617,13.90327561
2025-07-30 01:15:00+00:00,495.9870899,167.0288645,22.23061224,507.4904762,162.1212843,22.38583333,15.5,29.53718254,0.0,-12.05504762,14.20072222
2025-07-30 01:30:00+00:00,494.8247619,164.8466667,22.11333333,506.8492754,159.1367344,22.3,15.6,32.99101852,0.0,-10.93157407,14.28387963
2025-07-30 01:45:00+00:00,493.0755952,166.651862,22.10384615,506.0557143,163.9869388,22.3,15.56923077,36.01269841,0.0,-9.830793651,14.53674603
2025-07-30 02:00:00+00:00,493.6572858,168.8514019,22.168,507.0023326,160.9584619,22.2,15.32177778,39.6725974,0.0,-8.412698413,14.80575758
2025-07-30 02:15:00+00:00,494.4317914,175.1017013,22.00808081,507.3062896,157.8166527,22.165,15.01272727,43.02305556,0.0,-6.986,14.72522222
2025-07-30 02:30:00+00:00,495.9771337,183.3866442,21.9547619,509.3461228,162.9193637,22.1,15.0,46.21331633,0.002922078,-5.490068027,14.71142857
2025-07-30 02:45:00+00:00,507.2791889,166.9042328,22.059,522.0760512,160.5135931,22.15078283,15.0,49.3170671,0.265896578,-3.954709402,14.73474172
2025-07-30 03:00:00+00:00,513.369971,60.05262108,22.17333333,524.4401546,54.925728,22.17333333,15.3752381,52.3831453,1.386020836,-2.327809524,14.6705359
2025-07-30 03:15:00+00:00,502.8279335,63.15166667,22.49166667,512.4954478,62.37080902,22.28266667,17.57202381,55.83535714,4.417942504,-0.453460318,13.69926032
2025-07-30 03:30:00+00:00,498.8359578,62.8031746,22.41428571,509.3728355,61.44167796,22.3,15.98669218,58.71848485,11.4336639,1.121488095,13.87972403
2025-07-30 03:45:00+00:00,496.1094055,62.65,22.4,507.6998771,61.63868989,22.35230952,16.8875,61.68617749,20.0,2.942560606,14.93536111
2025-07-30 04:00:00+00:00,494.7272222,62.74884005,22.4,505.3378836,61.67069264,22.37305556,17.176,64.87462963,70.0,4.999968254,14.79730159
2025-07-30 04:15:00+00:00,492.8603704,62.66774411,22.4,504.0810109,61.6191489,22.36334758,16.58825397,67.90341799,81.6311268,6.971481482,14.53981337
2025-07-30 04:30:00+00:00,492.5826531,63.42147495,22.49603175,503.4054324,62.11663837,22.35480726,16.90583333,70.89511905,89.47792445,9.019805195,14.86729984
2025-07-30 04:45:00+00:00,494.87833,62.79693122,22.55416667,508.7910755,61.99960114,22.32222222,17.05674603,73.63509259,75.67825906,10.89235185,15.24133333
2025-07-30 05:00:00+00:00,502.8431317,62.31765246,22.50666667,516.2704315,62.00824753,22.37716667,17.06481169,76.85043506,67.09859378,13.09403391,15.19962251
2025-07-30 05:15:00+00:00,508.8642512,62.95211039,22.7,530.0553773,62.35280933,22.44464286,17.00428571,79.67166306,146.225174,15.08109668,15.44289322
2025-07-30 05:30:00+00:00,506.1467126,62.21547973,22.62857143,538.0880311,61.0656878,22.56787879,17.0248254,82.48678814,72.87629598,17.08110256,16.00522559
2025-07-30 05:45:00+00:00,503.5155352,62.37153439,22.80166667,541.7866811,61.14033245,22.6,16.98,85.90598798,70.23283576,19.48373737,15.99681481
2025-07-30 06:00:00+00:00,522.8635106,61.79510101,22.92142857,578.6679851,61.44864434,22.54857143,17.08571429,88.95822222,57.03596135,21.60483069,15.27722619
2025-07-30 06:15:00+00:00,539.3545556,62.93303571,22.91938776,605.4753578,61.62321883,22.75602041,16.82857143,92.00365646,41.50338012,23.73792208,14.65714286
2025-07-30 06:30:00+00:00,556.7786994,61.89999363,23.066,618.6173696,61.8619525,22.81555556,17.06944444,95.06419697,49.39364003,25.81328283,14.61475
2025-07-30 06:45:00+00:00,558.5617865,61.92834295,23.134,604.9521151,61.98031746,22.92,17.09333333,98.36527778,133.5048029,27.98577778,15.08792593
2025-07-30 07:00:00+00:00,566.4786848,62.15152939,23.18857143,609.937415,61.69095966,23.1147619,16.9,101.6825,264.7108684,30.1202381,15.5582684
2025-07-30 07:15:00+00:00,570.7951768,61.81221205,23.24333333,610.5099992,62.64994949,23.04266667,16.95333333,105.0094507,484.9034943,32.16162652,16.13406176
2025-07-30 07:30:00+00:00,582.2925933,62.01771949,23.26316667,624.561136,62.76011424,23.12,17.17416667,108.4340464,402.6395441,34.16393569,17.04726858
2025-07-30 07:45:00+00:00,598.7313317,61.58606838,23.33173016,628.7715206,62.68815469,23.18377778,16.9984127,112.2408333,325.090827,36.29495912,17.30704762
2025-07-30 08:00:00+00:00,596.4427045,62.81355965,23.48642857,629.3402313,62.64384142,23.2452381,17.15,115.9716327,197.6982382,38.27088435,17.25147488
2025-07-30 08:15:00+00:00,595.3974511,61.69107143,23.49333333,630.9005304,62.536172,23.27905439,17.23444444,119.7003662,203.4222303,40.1003043,17.03150219
2025-07-30 08:30:00+00:00,592.0161606,62.42515152,23.52222222,631.1611551,63.00412846,23.29777778,16.92888889,123.8718122,254.117841,42.00153968,17.13407407
2025-07-30 08:45:00+00:00,598.7033337,63.55618914,23.60952381,630.0670996,63.36445134,23.35,17.0744898,128.0157792,277.1953167,43.68690476,16.92944872
2025-07-30 09:00:00+00:00,600.1369913,63.11318681,23.66465608,629.0994129,62.92077926,23.40207407,17.22024603,132.0009351,196.5486167,45.20190247,16.98886869
2025-07-30 09:15:00+00:00,608.0647229,62.30914437,23.65733333,633.1667883,62.73788391,23.532,17.172,137.1789683,172.2132451,46.93801587,17.05019048
2025-07-30 09:30:00+00:00,610.3131506,62.29977697,23.68115079,659.3818564,62.73114372,23.41764815,17.1,141.9357694,587.5607779,48.29064839,17.62279567
2025-07-30 09:45:00+00:00,617.1762952,63.13646027,23.74380952,656.4445178,63.20969769,23.59150794,17.26111111,147.1664286,279.2256912,49.6406679,17.61179138
2025-07-30 10:00:00+00:00,612.9632049,63.26827377,23.71631313,667.7949282,62.88299595,23.6785291,17.33232323,152.2246902,242.2320745,50.71378917,17.48957168
2025-07-30 10:15:00+00:00,593.764902,63.84806268,23.71833333,627.339672,63.05732073,23.6,16.93066667,157.801735,236.4482882,51.62802116,17.12490741
2025-07-30 10:30:00+00:00,576.0858135,63.30523603,23.68787879,600.8441455,62.83395358,23.5,17.37571429,163.43746,606.9947561,52.40143724,18.45583333
2025-07-30 10:45:00+00:00,569.619744,63.16933622,23.7,599.5036687,63.57641001,23.54,17.45346154,169.146627,200.7013923,52.90162698,19.37708547
2025-07-30 11:00:00+00:00,564.8484091,63.18827228,23.69333333,613.5267544,62.82918415,23.57333333,16.58063492,175.0400159,664.6585708,53.226,18.45552991
2025-07-30 11:15:00+00:00,562.6051449,62.98734969,23.85111111,610.6212027,62.21341643,23.49833333,16.74377778,181.0576587,721.6934144,53.3,19.26333633
2025-07-30 11:30:00+00:00,563.4868305,63.44860021,23.81349206,601.3345171,62.94393684,23.54928571,17.06428571,186.5105556,707.0786902,53.18904762,20.20665945
2025-07-30 11:45:00+00:00,565.3140039,63.69824074,23.8,601.2577123,63.71918943,23.55222222,17.80380952,192.3378654,843.7671834,52.82787912,20.70874967
2025-07-30 12:00:00+00:00,565.9496296,63.40790922,23.77944444,597.6994664,63.27598169,23.62666667,17.64666667,198.3599242,668.6656368,52.27055556,20.65944589
2025-07-30 12:15:00+00:00,559.7621602,62.97816239,23.79666667,604.5659236,63.41866565,23.67638889,17.21666667,204.0188677,454.0937185,51.44153439,20.70216402
2025-07-30 12:30:00+00:00,568.948241,63.50119567,23.84571429,596.9747568,63.37914603,23.67083333,16.97857143,209.2692645,212.3366916,50.53173731,20.44540349
2025-07-30 12:45:00+00:00,566.4749053,63.21494108,23.9213468,573.184424,63.81982684,23.69128205,16.68,214.1831683,346.8867319,49.43446032,20.34808486
2025-07-30 13:00:00+00:00,561.7930019,64.1111306,23.85560847,565.6296812,64.22469214,23.7,16.8481746,218.8158193,396.6704988,48.19874747,20.69271844
2025-07-30 13:15:00+00:00,551.0083792,63.52883942,23.87619048,553.7900069,63.82288025,23.7,16.675,224.0603061,371.1737122,46.70198413,20.43226417
2025-07-30 13:30:00+00:00,542.5177419,63.20263736,23.84666667,544.680806,63.88059641,23.65833333,16.41333333,228.4813603,224.4099343,45.18103704,19.59575758
2025-07-30 13:45:00+00:00,533.9360568,63.53246753,23.882,535.9248875,63.642451,23.6,16.2047619,233.1406825,317.0069343,43.38154161,18.54462073
2025-07-30 14:00:00+00:00,519.7537209,62.14178671,23.83244811,530.6825864,62.30424246,23.6,16.11886752,236.9997263,383.242839,41.75715316,19.34219661
2025-07-30 14:15:00+00:00,510.0387814,59.26537953,23.74,523.7031121,58.64963274,23.6,17.48933333,240.9127508,159.1314165,39.98176311,19.55065527
2025-07-30 14:30:00+00:00,503.0252832,61.17064167,23.7,517.4854843,59.81699438,23.6,16.99090909,245.2535873,210.8043176,37.79214286,19.20655556
2025-07-30 14:45:00+00:00,497.9904587,62.54473665,23.7,513.7425685,63.50228073,23.6,16.97466667,248.8645152,233.0421673,35.86582011,19.20261538
2025-07-30 15:00:00+00:00,494.6059988,61.85302198,23.7,508.3080037,62.58666687,23.6,16.91142857,252.4640816,295.5857473,33.81558957,19.41860544
2025-07-30 15:15:00+00:00,493.0304844,62.19223691,23.7,504.7510015,62.62283408,23.64447619,17.14866667,255.7977491,412.8392551,31.84024827,19.4572619
2025-07-30 15:30:00+00:00,488.4175,62.71496732,23.72690476,501.2861722,63.26942653,23.71851852,16.975,259.2860926,132.9304864,29.63919312,19.13364815
2025-07-30 15:45:00+00:00,485.7604016,62.66564416,23.7,497.8673545,62.89761905,23.62,16.54,262.5697451,167.3058859,27.51460317,19.03461953
2025-07-30 16:00:00+00:00,483.8654854,63.53460557,23.7,495.9638017,62.79657731,23.59005102,17.00761905,265.7360806,66.28009485,25.38001374,18.8300314
2025-07-30 16:15:00+00:00,481.5990578,62.46433659,23.69333333,494.7349876,63.03233702,23.51333333,16.85167989,268.7719709,148.5757245,23.3384127,18.57102569
2025-07-30 16:30:00+00:00,481.1872829,61.96856902,23.68,493.1748751,63.03501393,23.57638095,17.22,271.9038636,149.3308673,21.12212602,18.81803134
2025-07-30 16:45:00+00:00,479.4285714,61.61479592,23.65714286,491.1353383,62.42033158,23.55714286,16.81428571,275.0041667,109.4245448,18.94940476,18.77346939
2025-07-30 17:00:00+00:00,479.1851439,62.70060338,23.6,489.5660884,62.78754468,23.5,17.016,277.9995909,108.8164137,16.81429125,18.68853238
2025-07-30 17:15:00+00:00,477.6733456,62.42041239,23.6,488.3373624,62.51997114,23.5,17.23095238,280.8691472,87.98497315,14.7820873,18.5641
2025-07-30 17:30:00+00:00,476.6898973,62.55488095,23.6,488.0574948,62.63358482,23.49212121,16.98,284.1015238,58.631057,12.47985979,18.47300952
2025-07-30 17:45:00+00:00,475.9221534,62.84985585,23.6,487.915783,62.95641893,23.46428571,16.65333333,287.0630952,82.32237597,10.44880952,17.92654762
2025-07-30 18:00:00+00:00,475.0212121,62.46683502,23.6,487.0795671,63.42095238,23.5,16.95666667,290.0203704,32.79973911,8.430833333,17.6325
2025-07-30 18:15:00+00:00,474.8003367,62.16949082,23.53222222,486.2248854,62.8113925,23.496,17.19460317,292.9134202,41.28498114,6.46013703,17.44729881
2025-07-30 18:30:00+00:00,474.1971781,62.54570434,23.5,486.7456909,62.98102856,23.40494505,17.04714286,295.6553571,18.87283688,4.679311225,17.50117472
2025-07-30 18:45:00+00:00,473.5902228,62.76767718,23.47866667,485.8531494,63.20107003,23.3232381,16.85851852,298.9366321,15.91122995,2.591264766,17.17
2025-07-30 19:00:00+00:00,474.0405009,16.99487179,23.431,485.3280882,17.86820618,23.3,16.74768519,302.0514632,6.826357313,0.710805916,16.54584307
2025-07-30 19:15:00+00:00,474.266423,0.0,23.46666667,486.9225371,0.0,23.265,16.9,305.1778836,2.750698995,-0.96244709,16.1097037
2025-07-30 19:30:00+00:00,474.0643565,0.0,23.4,486.0048946,0.0,23.2,16.92142857,308.1045857,0.836008536,-2.626113946,15.91207413
2025-07-30 19:45:00+00:00,473.3443651,0.0,23.4,484.7704966,0.0,23.2,17.0,311.4957143,0.120863462,-4.36978836,15.75688889
2025-07-30 20:00:00+00:00,472.6517549,0.0,23.4,484.0133333,0.0,23.10888889,17.09642857,314.5553044,0.0,-5.861789377,15.72922174
2025-07-30 20:15:00+00:00,472.0063994,0.0,23.35761905,483.6119069,0.0,23.1,17.1,317.6631197,0.0,-7.313913309,15.6134127
2025-07-30 20:30:00+00:00,470.6024401,0.0,23.3,483.7541905,0.0,23.1,17.18,321.2420553,0.0,-8.827468254,15.76089286
2025-07-30 20:45:00+00:00,470.5241959,0.0,23.3,482.3694732,0.0,23.03333333,17.28,324.4591429,0.0,-10.0742619,15.7035368
2025-07-30 21:00:00+00:00,469.4042166,0.0,23.21822222,482.636083,0.0,23.0,17.3,327.9407619,0.0,-11.33919048,15.73977591
2025-07-30 21:15:00+00:00,469.1521648,0.0,23.2,481.2819996,0.0,23.0,17.33021542,331.4382653,0.0,-12.4,15.71438776
2025-07-30 21:30:00+00:00,468.2552291,0.0,23.2,480.5026832,0.0,22.91166667,17.4,334.7226632,0.0,-13.34245767,15.91380952
2025-07-30 21:45:00+00:00,466.6888042,0.0,23.12666667,479.2882928,0.0,22.9,17.494,338.4492239,0.0,-14.24966138,15.80252523
2025-07-30 22:00:00+00:00,465.8502678,0.0,23.1,478.8884449,0.0,22.9,17.56428571,342.1926925,0.0,-15.00334879,15.86428571
2025-07-30 22:15:00+00:00,464.8102777,0.0,23.1,478.5741625,0.0,22.85824176,17.6,345.7867506,0.0,-15.60948148,15.83317172
2025-07-30 22:30:00+00:00,465.1295695,0.0,23.1,479.1927547,0.0,22.8,17.6,349.4723737,0.0,-16.06772222,15.87542424
2025-07-30 22:45:00+00:00,463.2680135,0.0,23.1,478.2253879,0.0,22.8,17.6,353.2529004,0.0,-16.41705628,15.60159134
2025-07-30 23:00:00+00:00,463.5810121,0.0,23.03571429,476.886278,0.0,22.8,17.6,356.6694156,0.0,-16.64357143,15.5696456
2025-07-30 23:15:00+00:00,462.5653205,0.0,23.0,475.7478031,0.0,22.8,17.61333333,168.4721566,0.0,-16.7,15.52133333
2025-07-30 23:30:00+00:00,460.5755291,0.0,23.0,474.2432198,0.0,22.8,17.7,4.276845238,0.0,-16.60761905,15.41302124
2025-07-30 23:45:00+00:00,460.2587196,0.0,23.0,474.098743,0.0,22.72666667,17.7,8.024944444,0.0,-16.38848148,15.45983333
2025-07-31 00:00:00+00:00,459.0983306,0.0,23.0,473.3467562,0.0,22.7,17.7,11.73766968,0.0,-16.026552,15.47335959
2025-07-31 00:15:00+00:00,458.7866566,0.0,23.0,472.3881369,0.0,22.7,17.7,15.27852361,0.0,-15.55287139,15.60157712
2025-07-31 00:30:00+00:00,457.8396008,0.0,23.0,471.4570537,0.0,22.7,17.7,18.73381481,0.0,-14.96320635,15.52134873
2025-07-31 00:45:00+00:00,457.9609428,0.0,22.99904762,471.1231828,0.0,22.7,17.64,22.6284228,0.0,-14.1355291,15.52933333
2025-07-31 01:00:00+00:00,455.7324675,0.0,22.9,469.5192308,0.0,22.65,17.6,26.0075,0.0,-13.29785714,15.5530081
2025-07-31 01:15:00+00:00,455.2558435,0.0,22.9,468.6356902,0.0,22.6,17.6,29.49022751,0.0,-12.30572102,15.96936612
2025-07-31 01:30:00+00:00,455.2245014,0.0,22.9,467.957994,0.0,22.6,17.6,33.09324411,0.0,-11.14632516,16.17667148
2025-07-31 01:45:00+00:00,453.940167,0.0,22.9,467.4404762,0.0,22.6,17.6,36.64923469,0.0,-9.875476191,16.04991837
2025-07-31 02:00:00+00:00,453.2859269,0.0,22.9,466.1596051,0.0,22.6,17.6,39.79018081,0.0,-8.610745614,16.08714286
2025-07-31 02:15:00+00:00,453.610963,0.0,22.9,466.1586198,0.0,22.6,17.52307692,42.98315344,0.0,-7.273905724,16.02833384
2025-07-31 02:30:00+00:00,453.9021245,0.0,22.9,474.5231879,0.0,22.6,17.5,46.33765272,0.0,-5.727037037,15.9810026
2025-07-31 02:45:00+00:00,470.3715329,0.0,22.88933333,495.7762669,0.0,22.67466667,17.5,49.65989177,0.103454791,-4.058210678,15.80946648
2025-07-31 03:00:00+00:00,478.5315243,46.83804291,22.9625,492.5653636,38.851133,22.7,17.36666667,52.65037518,0.696214869,-2.529419192,15.72630772
2025-07-31 03:15:00+00:00,468.762729,63.4208658,23.00933333,482.8432575,62.06611676,22.7,16.894,55.52516402,2.047902379,-0.877822751,15.59548882
2025-07-31 03:30:00+00:00,470.4323437,63.61512735,23.01333333,482.5474806,62.09352758,22.7,17.22796296,58.88558974,3.279892637,0.954967949,15.62294259
2025-07-31 03:45:00+00:00,470.3359668,63.35714286,22.91428571,482.1838429,62.49391474,22.69285714,16.87952381,62.0619898,4.928233238,2.893183107,16.48011905
2025-07-31 04:00:00+00:00,471.6131147,63.65453799,22.9,481.8699874,62.4321141,22.6,16.78571429,64.72160736,17.75912409,4.588260945,16.68283308
2025-07-31 04:15:00+00:00,473.0517927,63.30312484,22.89705026,483.7863807,62.45882888,22.6,17.03785714,67.94692665,25.30621425,6.718937951,17.05516498
2025-07-31 04:30:00+00:00,474.5772631,62.77745773,22.89261905,484.7448822,62.68463877,22.6,16.87025397,70.87115152,39.51671393,8.663606301,16.06792275
2025-07-31 04:45:00+00:00,477.7980299,63.74117063,22.88469388,486.9228731,62.7802106,22.6,16.84668367,73.59693878,43.13661381,10.50867347,15.61440476
2025-07-31 05:00:00+00:00,485.9249667,63.09514496,22.88304762,495.7991371,61.77720969,22.6,17.13904762,76.74079076,40.22624837,12.73003175,15.73890572
2025-07-31 05:15:00+00:00,494.5292751,63.29066592,23.03995338,500.3033837,62.30465426,22.60464286,16.96666667,79.91596296,51.23805383,14.95451804,16.11042761
2025-07-31 05:30:00+00:00,501.104581,63.45722222,23.13707071,506.2945087,63.02475242,22.68014286,17.02333333,82.94440989,46.41885437,17.0793663,16.09799917
2025-07-31 05:45:00+00:00,521.1965433,63.30671769,23.11737554,510.6867982,62.86082251,22.74017857,17.04063492,85.93978664,57.11714662,19.20132677,15.72481602
2025-07-31 06:00:00+00:00,545.1894559,62.49243152,23.24739683,528.3060261,62.09984327,22.82666667,17.32189909,88.84017582,114.9736623,21.24742857,16.14472527
2025-07-31 06:15:00+00:00,560.8140588,63.15835668,23.42435979,543.6378529,61.94447126,22.9,16.30225926,92.11967388,94.78822241,23.49662698,17.09682684
2025-07-31 06:30:00+00:00,560.5668364,63.50066619,23.45714286,553.7059307,63.12951493,22.9,16.92380952,95.41250794,133.9917112,25.73185185,17.09438095
2025-07-31 06:45:00+00:00,581.6836742,63.11003258,23.48577381,559.2070511,62.81829671,22.90340136,17.28071429,98.17087018,150.0496234,27.5568424,17.03722062
2025-07-31 07:00:00+00:00,583.5913673,62.92618159,23.55819048,559.5838144,62.42821415,23.0,17.224,101.6156999,227.2482962,29.77358664,17.24334584
2025-07-31 07:15:00+00:00,585.0162572,62.56877817,23.67944781,564.2387791,62.56162525,23.07333333,16.90290909,105.2116071,250.0329149,32.02103968,17.44538611
2025-07-31 07:30:00+00:00,610.7246042,62.68076307,23.65400733,578.4601654,61.99387292,23.19333333,16.93811688,108.8750467,366.058789,34.12687831,18.00277778
2025-07-31 07:45:00+00:00,619.4595715,62.2672619,23.82222222,587.1380813,62.94931774,23.16428571,17.36433673,112.1163435,253.996873,35.95942177,18.92520975
2025-07-31 08:00:00+00:00,626.3112698,62.54770248,23.90047619,591.5715892,62.53671964,23.27333333,17.56333333,116.1223704,385.7673858,38.07259259,19.27111111
2025-07-31 08:15:00+00:00,629.1635451,63.60227376,23.86997619,596.6779924,62.83997816,23.3,17.34730159,119.8597619,432.6384225,39.88295238,19.50338069
2025-07-31 08:30:00+00:00,639.4080487,63.51314799,23.81894558,606.5054698,62.28557411,23.26154762,17.27857143,124.106679,391.8057583,41.7934949,19.31458905
2025-07-31 08:45:00+00:00,637.4926957,63.44095238,23.985,614.4300706,62.37502583,23.39333333,16.96,128.2393333,443.3591251,43.50044444,18.9010404
2025-07-31 09:00:00+00:00,634.9205119,63.02999413,24.03623016,613.8867622,62.03632867,23.42111111,16.9,132.7770996,698.3615423,45.23363636,19.63222944
2025-07-31 09:15:00+00:00,632.6149085,72.96977513,24.09555556,612.8304891,61.69094539,23.40603175,16.98888889,137.5213254,470.1355889,46.77075397,19.54148252
2025-07-31 09:30:00+00:00,612.2877208,82.68948413,24.16285714,603.3037157,62.2458256,23.5,17.08285714,142.3239087,671.6176882,48.17177128,20.07730159
2025-07-31 09:45:00+00:00,596.8399719,92.92242709,23.98677778,593.8671639,61.80709304,23.46190476,17.0334127,146.1317157,387.4873895,49.12791667,19.63978922
2025-07-31 10:00:00+00:00,575.5412611,87.72946683,23.95733069,575.1628986,62.96849244,23.4,16.88754497,152.3389286,348.807352,50.43786508,19.40328947
2025-07-31 10:15:00+00:00,577.2238129,86.95939889,24.00666667,566.5633043,62.26172654,23.43904762,16.86266667,158.0437963,339.2364353,51.44592593,19.60933333
2025-07-31 10:30:00+00:00,591.154095,87.13782979,24.10833333,561.5233872,62.56858109,23.5,17.25111111,163.1940817,454.537319,52.10358225,19.85366961
2025-07-31 10:45:00+00:00,597.3421212,99.48507937,24.168,563.4688916,62.78703999,23.5,17.32444444,169.3037434,382.2657057,52.68195238,19.85534524
2025-07-31 11:00:00+00:00,603.7416502,116.7024892,24.18730159,568.6553599,63.04353923,23.5,17.2432381,174.9657186,330.4762673,53.00121212,19.64924735
2025-07-31 11:15:00+00:00,606.4508658,125.0724283,24.14821429,573.0192814,63.05215962,23.568,17.22027778,181.1061667,316.0034182,53.1,19.81123915
2025-07-31 11:30:00+00:00,616.738876,140.7697697,24.21265306,578.4444317,62.51697857,23.6,17.15396825,185.6996599,326.228209,53.00357143,20.46468254
2025-07-31 11:45:00+00:00,610.0535599,162.4917631,24.18,577.6703554,62.89844226,23.6,17.37166667,192.5324599,515.5970105,52.58484848,20.53247143
2025-07-31 12:00:00+00:00,616.5035149,174.4618035,24.15911111,586.9010061,62.46445833,23.6,17.56055556,198.2213078,740.0620605,52.00511929,20.64450991
2025-07-31 12:15:00+00:00,604.2488868,189.9095238,24.2,587.6855662,62.06450202,23.62142857,17.46153846,203.7720328,664.5488111,51.23603381,20.61223034
2025-07-31 12:30:00+00:00,605.9682119,205.6003205,24.04615385,577.5949501,62.05639795,23.66,16.61190476,208.9362169,636.3772265,50.2821164,20.59607937
2025-07-31 12:45:00+00:00,596.3945815,210.5639632,24.01084382,566.1489455,62.19641947,23.7,16.4089899,214.0693516,660.8981309,49.18721368,20.75027033
2025-07-31 13:00:00+00:00,585.877076,206.706003,24.0,550.9328985,61.34419344,23.71934199,16.72444444,219.0803266,771.6482496,47.89657071,20.85391329
2025-07-31 13:15:00+00:00,581.4874259,209.7713239,23.95323129,543.0473106,62.84304841,23.80280612,17.18333333,224.0542177,918.3722723,46.40527211,21.06767857
2025-07-31 13:30:00+00:00,587.9166227,203.5384479,23.94380952,540.5633478,62.80588443,23.90166667,17.47444444,228.5098104,698.0294813,44.88139635,21.18162088
2025-07-31 13:45:00+00:00,570.1835108,206.9401477,24.18239796,539.6288205,63.65642868,24.05598148,17.39285714,233.1135127,712.6451329,43.11740741,20.97842328
2025-07-31 14:00:00+00:00,555.6981481,223.2071429,24.1012987,544.0059612,72.95169066,24.1,17.02857143,237.3352635,569.455962,41.32896011,20.84027711
2025-07-31 14:15:00+00:00,544.2952381,228.5126984,24.1,546.5867721,84.10497269,24.16122449,16.9505102,240.9385204,739.7058068,39.6494898,20.38031746
2025-07-31 14:30:00+00:00,536.3388047,234.9601343,24.02488889,542.9926237,96.95743762,24.10666667,16.74666667,244.9399339,451.0095009,37.6912381,20.91277778
2025-07-31 14:45:00+00:00,526.8756252,238.1558723,24.04854762,538.8080866,112.815713,24.24666667,16.81655556,248.7110758,420.7065753,35.64961864,21.36782712
2025-07-31 15:00:00+00:00,522.4366581,69.87407258,24.12156746,536.8710872,71.29174145,24.35261905,15.60892857,252.3336721,344.721985,33.58357568,20.41927371
2025-07-31 15:15:00+00:00,520.4796296,63.95227273,24.20380952,537.2921053,66.46,24.3,14.95333333,255.7329947,214.2766978,31.55683333,19.01486772
2025-07-31 15:30:00+00:00,512.4429052,64.22905945,24.3,531.8250838,64.64909908,24.25388889,17.74788889,258.866303,279.9751791,29.58329345,19.0434848
2025-07-31 15:45:00+00:00,508.325101,63.48502285,24.34388889,525.2301515,64.19491582,24.54791534,16.52021429,262.4451178,418.9090635,27.26003608,19.45456105
2025-07-31 16:00:00+00:00,502.6473949,64.5167159,24.4,520.7595996,64.44016679,24.82034632,17.51632653,265.6665053,384.817582,25.12269765,19.6079944
2025-07-31 16:15:00+00:00,499.9458145,63.14804571,24.41880342,517.8434219,64.45977911,25.07418803,17.35974359,268.6676634,351.5122302,23.0689488,19.73640344
2025-07-31 16:30:00+00:00,496.7661809,64.41390313,24.5,514.2862722,64.48749399,25.17477273,17.425,271.8291607,247.1857382,20.84956975,19.81917424
2025-07-31 16:45:00+00:00,494.3738382,63.89601749,24.5,510.219734,64.39956153,24.88240741,16.73088095,274.6414542,112.7616394,18.85384208,19.51811018
2025-07-31 17:00:00+00:00,490.7764406,63.61946533,24.5,508.0242144,65.07516234,25.04066327,16.01798535,278.0017857,198.0077201,16.52704082,19.311822
2025-07-31 17:15:00+00:00,490.0449703,63.7859399,24.5,505.1279064,65.21720494,25.10969697,16.82238095,280.732381,139.4256799,14.56671429,19.30994661
2025-07-31 17:30:00+00:00,488.5195285,63.73905909,24.5,503.8451627,64.51107508,24.75904762,16.81859259,283.8627453,74.37897637,12.36276455,19.1917037
2025-07-31 17:45:00+00:00,485.9384921,64.36547619,24.48214286,501.6882937,64.9156746,24.85714286,17.31428571,286.9171627,122.69302,10.24973073,19.29160714
2025-07-31 18:00:00+00:00,485.5487092,64.49791472,24.4,501.0488836,64.98205139,24.82933333,16.6875,289.7648016,82.54125669,8.293849206,19.76525
2025-07-31 18:15:00+00:00,485.083497,65.25529461,24.4,500.2730035,65.3933342,24.672,17.2712381,292.875873,39.04353408,6.220888889,19.05568745
2025-07-31 18:30:00+00:00,484.5385182,64.24457154,24.4,500.5314369,65.10590176,24.59366744,16.75916787,295.3750519,19.81295655,4.566424742,19.28502164
2025-07-31 18:45:00+00:00,484.7899861,63.70065845,24.33571429,499.4841646,65.4114901,24.42653061,17.08571429,298.7913227,10.99278848,2.408414978,18.83917517
2025-07-31 19:00:00+00:00,484.8153018,11.81532977,24.3,499.8977537,11.85606061,24.3,17.32952381,301.7728836,5.661622818,0.619669312,17.67389947
2025-07-31 19:15:00+00:00,483.9953612,0.0,24.21777778,498.4227879,0.0,24.21833333,17.67,305.0016162,1.968790492,-1.168538721,17.01136364
2025-07-31 19:30:00+00:00,498.6347643,0.0,24.2,497.9517544,0.0,24.15333333,17.89833333,308.2751787,0.401191358,-3.008530525,16.99326923
2025-07-31 19:45:00+00:00,497.0830014,0.0,24.14220779,496.9776793,0.0,24.1,17.88571429,311.0352756,0.059332115,-4.423517881,16.82665026
2025-07-31 20:00:00+00:00,495.0175,0.0,24.1,496.4629957,0.0,24.07333333,17.8,314.4932106,0.0,-6.124258149,16.77293007
2025-07-31 20:15:00+00:00,495.612702,0.0,24.08,495.4935951,0.0,24.0,17.8,317.6022222,0.0,-7.568888889,16.65116429
2025-07-31 20:30:00+00:00,495.368844,0.0,24.0,493.3236549,0.0,23.93571429,17.8,321.2221315,0.0,-9.123582766,16.66931633
2025-07-31 20:45:00+00:00,494.6395392,0.0,23.93888889,493.7606002,0.0,23.9,17.8,324.4983571,0.0,-10.36701058,16.753
2025-07-31 21:00:00+00:00,493.175496,121.2692941,23.74333333,493.9604258,117.8966761,23.81166667,18.11944444,327.9223004,0.0,-11.57686508,16.79990741
2025-07-31 21:15:00+00:00,498.9546505,166.9345404,23.49977778,495.4748459,163.0663288,23.70207407,18.4,331.4389943,0.0,-12.70042929,17.09573462
2025-07-31 21:30:00+00:00,504.3390274,164.8681128,23.32071429,500.8064935,161.4445378,23.6,18.4,334.9041041,0.0,-13.64821429,17.16779762
2025-07-31 21:45:00+00:00,506.6880276,167.8739683,23.31333333,504.1608333,160.7134742,23.56,18.4,338.3832359,0.0,-14.48253968,17.44956481
2025-07-31 22:00:00+00:00,508.2821196,166.0880808,23.26,506.3445887,160.7996507,23.46592593,18.49333333,342.1752063,0.0,-15.28898148,17.46510606
2025-07-31 22:15:00+00:00,508.9739523,167.0219747,23.10659341,507.3046273,166.0061263,23.39939394,18.5,345.8608143,0.0,-15.88133333,17.68158415
2025-07-31 22:30:00+00:00,511.8109127,168.3520722,23.05102041,508.7509341,160.0722836,23.30649351,18.35714286,349.5657351,0.0,-16.36396259,17.34777778
2025-07-31 22:45:00+00:00,514.5696336,165.1625379,23.0,511.2902845,161.1750187,23.29809524,18.253,352.738303,0.0,-16.66897355,17.34028638
2025-07-31 23:00:00+00:00,516.7698413,167.9450649,22.91333333,514.1311087,159.3275907,23.2,18.09333333,356.8746667,0.0,-16.88066667,16.98283333
2025-07-31 23:15:00+00:00,518.7572605,167.2600428,22.9,516.3410533,159.9177603,23.1292517,18.0,154.6469093,0.0,-16.9,16.89383304
2025-07-31 23:30:00+00:00,518.4645118,166.1141799,22.8,517.312583,159.9920227,23.09333333,17.99464286,4.148888889,0.0,-16.86666667,16.65052214
2025-07-31 23:45:00+00:00,518.7719472,167.5820106,22.80133333,516.8283422,159.8223701,23.0,17.9,6.979047619,0.0,-16.72,16.58
