,R05_07_N_CO201,R05_07_N_FCI01_1,R05_07_N_TRU01,R05_07_V_CO201,R05_07_V_FCI01_1,R05_07_V_TRU01,HTRK_VEN01_TI01,HTR9_VES01_AZ01,HTR9_VES01_SI01,HTR9_VES01_SV01,HTR9_VES01_TUD01
2025-10-01 00:00:00+00:00,462.2777778,0.0,22.3,491.2133261,0.0,22.0,13.0,19.93217229,0.0,-36.58405612,8.730616497
2025-10-01 00:15:00+00:00,462.0014815,0.0,22.21333333,490.8963187,0.0,21.96761905,12.93111111,24.44189394,0.0,-35.7694697,8.852989899
2025-10-01 00:30:00+00:00,461.9366667,0.0,22.2,489.5368519,0.0,21.9,12.76571429,28.79491823,0.0,-34.86279942,8.917333333
2025-10-01 00:45:00+00:00,460.9268566,0.0,22.2,489.4586955,0.0,21.9,12.7,33.04960317,0.0,-33.73730159,8.926587302
2025-10-01 01:00:00+00:00,459.9375926,0.0,22.2,488.528598,0.0,21.9,12.546,37.35322751,0.0,-32.48105866,9.71022792
2025-10-01 01:15:00+00:00,459.7228579,0.0,22.2,488.0480952,0.0,21.9,12.47142857,41.29080808,0.0,-31.18474747,9.975422078
2025-10-01 01:30:00+00:00,459.695877,0.0,22.2,487.9694257,0.0,21.9,12.31904762,45.2632381,0.0,-29.72252381,9.363662338
2025-10-01 01:45:00+00:00,457.7389441,0.0,22.2,486.5391279,0.0,21.9,12.26615385,49.32053005,0.0,-28.03913265,8.929943182
2025-10-01 02:00:00+00:00,456.7541035,0.0,22.2,486.2727495,0.0,21.9,12.11677778,52.91993516,0.0,-26.42612393,9.111210623
2025-10-01 02:15:00+00:00,456.3983466,0.0,22.11428571,486.5135281,0.0,21.9,12.0,56.71490646,0.0,-24.62511132,9.303744113
2025-10-01 02:30:00+00:00,457.0880688,0.0,22.2,488.8745791,0.0,21.9,11.99333333,60.18531746,0.0,-22.84948413,9.191904762
2025-10-01 02:45:00+00:00,471.6188889,0.0,22.2,503.354108,0.0,21.9,11.86,63.69148148,0.0,-20.979133,9.019716136
2025-10-01 03:00:00+00:00,482.3922902,15.25340136,22.2,508.4540475,11.84615385,21.9,11.8,67.17086168,0.0,-18.97123016,9.335863946
2025-10-01 03:15:00+00:00,471.594733,62.06963267,22.36266667,501.4890421,62.12128679,21.94777778,18.69741497,70.56854701,0.0,-16.912,9.257809524
2025-10-01 03:30:00+00:00,470.6977183,58.50827664,22.25,501.020503,59.31106423,21.90285714,19.03888889,73.84722403,0.0,-14.8650974,9.204007035
2025-10-01 03:45:00+00:00,472.59775,58.55704248,22.26416667,502.3365266,59.70580766,21.9,18.02666667,77.0460594,0.0,-12.82866162,10.00930556
2025-10-01 04:00:00+00:00,474.8729034,59.17722066,22.10408163,503.5468729,59.44568545,21.9,17.87076923,80.18563187,0.0,-10.74691327,11.1979128
2025-10-01 04:15:00+00:00,474.4081481,58.31549858,22.2,504.6259454,59.7731927,21.9,17.57616667,83.33057143,0.0,-8.625928571,11.28806349
2025-10-01 04:30:00+00:00,474.6721861,58.54684195,22.2,505.6371331,59.89599567,21.9,17.7788703,86.17719935,0.0,-6.678922625,11.37444544
2025-10-01 04:45:00+00:00,476.4282732,59.07650794,22.2,506.9859552,59.62797986,21.9,17.72,89.59254644,0.033636364,-4.322268519,11.24238596
2025-10-01 05:00:00+00:00,479.2339646,58.67468254,22.17333333,508.6769308,59.73259423,21.94733333,17.58666667,92.72657407,0.609289699,-2.174444444,11.08756061
2025-10-01 05:15:00+00:00,484.8739127,58.72886704,22.19178571,516.2213993,59.88239478,21.99747166,17.42678571,95.68050896,2.446206014,-0.131521514,10.54899426
2025-10-01 05:30:00+00:00,505.4431231,59.16554131,22.18666667,525.8644528,60.57852259,22.04,17.3,99.02122222,7.382469391,2.076243386,10.5
2025-10-01 05:45:00+00:00,537.6571858,58.66537867,22.28846154,542.0158834,60.13074452,22.12857143,17.3,101.9771215,12.553343,4.084623016,10.43707766
2025-10-01 06:00:00+00:00,579.6158135,58.12738095,22.37768519,566.7713889,59.00617198,22.34868519,17.3,105.0726479,15.0822993,6.138813853,10.29277769
2025-10-01 06:15:00+00:00,606.9558474,58.56050061,22.44315476,587.9446719,59.24400051,22.60548469,17.3,108.379127,21.67309461,8.265994898,10.29477273
2025-10-01 06:30:00+00:00,619.4452069,58.32852196,22.505,626.3540691,58.775006,22.74250061,17.3,111.1071375,25.24217846,9.993999464,10.40861785
2025-10-01 06:45:00+00:00,645.7677198,58.36946803,22.63285714,674.208289,59.59257616,22.81326531,17.25714286,114.8692368,32.67666877,12.29840033,10.86078373
2025-10-01 07:00:00+00:00,660.8004216,58.29039518,22.53896825,700.1670277,60.20660961,22.78552381,16.90666667,118.1015779,39.7234933,14.1775,10.86177778
2025-10-01 07:15:00+00:00,671.0807504,58.72400794,22.74440476,711.1942905,59.77829026,22.74910714,16.87142857,121.2380179,46.15010321,15.91984694,11.00558957
2025-10-01 07:30:00+00:00,687.050538,58.28270185,22.7686746,716.7591302,58.83510647,22.8,17.1275,124.8433889,63.35042184,17.78207407,11.13093519
2025-10-01 07:45:00+00:00,700.6146276,57.93587018,22.87,714.6336642,58.37038961,22.8,17.23,128.5352099,114.3873935,19.61626984,11.3202381
2025-10-01 08:00:00+00:00,698.0519962,58.26395508,22.87888889,729.3337434,59.18408812,22.75111111,16.93333333,132.0373095,139.814077,21.20984127,11.48561254
2025-10-01 08:15:00+00:00,710.8954432,61.64012574,22.90571429,732.3856582,58.65976027,22.90202381,16.97142857,135.1142177,134.8173004,22.53622449,11.85416512
2025-10-01 08:30:00+00:00,714.7398044,62.57231481,23.024,744.1190976,60.3923445,22.86433333,16.93777778,139.4456667,128.8811112,24.1802963,11.95388889
2025-10-01 08:45:00+00:00,724.9452416,62.46014652,23.07534392,725.0825708,59.71612086,22.89904762,17.06583333,143.2434728,153.6833904,25.52987975,11.96517941
2025-10-01 09:00:00+00:00,716.8593463,62.22210575,23.06834467,717.359158,59.15534917,22.91560812,16.83928571,147.2241775,152.8546203,26.780671,12.26785714
2025-10-01 09:15:00+00:00,708.8664073,62.18369048,23.03777778,712.7278796,59.5741402,23.0,17.17628571,151.3901863,148.5452938,27.90920588,12.65648475
2025-10-01 09:30:00+00:00,701.59264,61.92422116,23.14188034,717.6988983,59.01384945,23.00009921,16.91538462,155.2390136,132.2308615,28.83788854,12.72836373
2025-10-01 09:45:00+00:00,691.8381029,62.4249479,23.3,709.6181866,60.44118149,23.08222222,16.8,159.5945732,140.1773391,29.73606926,12.28429365
2025-10-01 10:00:00+00:00,699.1733261,62.40334982,23.20625,723.2338036,60.68489853,22.98857143,17.00744048,163.8855241,139.8239591,30.42669553,12.48302412
2025-10-01 10:15:00+00:00,680.2875417,62.10767603,23.2,706.6914735,60.88139577,23.08571429,17.06142857,167.9640741,147.4511042,30.92051587,12.06328042
2025-10-01 10:30:00+00:00,651.4116517,61.96138385,23.11428571,678.0017593,61.03130396,23.0,17.1,172.4356122,162.1688618,31.29119048,11.47862245
2025-10-01 10:45:00+00:00,654.1084402,63.57390572,23.18533333,670.2377877,61.08402094,22.99555556,16.96419048,176.4025926,409.215003,31.50833333,12.02094444
2025-10-01 11:00:00+00:00,649.7555505,62.49522019,23.20636054,663.3550608,60.85412286,23.06714286,17.0852381,180.948188,580.4984672,31.57867063,12.93288265
2025-10-01 11:15:00+00:00,634.0534224,62.43956601,23.36285714,657.6438388,60.51049107,23.11333333,17.29333333,185.2020851,481.2522399,31.45333333,14.66810602
2025-10-01 11:30:00+00:00,625.8998541,62.11536797,23.325,659.9872782,61.00674326,23.23846154,17.22083333,189.9448129,499.1615314,31.14107143,15.46928571
2025-10-01 11:45:00+00:00,619.1488118,62.1566811,23.30577778,654.4708649,60.52188484,23.2,17.02,194.2305952,506.2887906,30.68638889,15.94238596
2025-10-01 12:00:00+00:00,615.0522658,61.89962963,23.31,652.7395551,61.55056756,23.28,16.965,198.5225661,432.1113067,30.12296296,15.77212963
2025-10-01 12:15:00+00:00,621.4457341,62.72635698,23.34761905,651.438721,61.95384255,23.3,16.97916667,202.6981228,555.9088365,29.33420068,15.73247024
2025-10-01 12:30:00+00:00,624.0340067,62.55320346,23.42039683,640.1857624,62.00115858,23.3,17.10277778,206.9578175,506.3194448,28.42542857,15.38688571
2025-10-01 12:45:00+00:00,626.356137,62.53253968,23.41860283,636.414217,61.70193237,23.3,17.20748299,210.7588095,476.5520422,27.45952381,15.6017316
2025-10-01 13:00:00+00:00,628.5971247,62.95897855,23.6,633.1923743,62.09360471,23.36507937,16.99535714,214.5057323,419.3836693,26.32648148,15.51141764
2025-10-01 13:15:00+00:00,620.5857295,62.64854927,23.53035714,637.5670034,62.36429523,23.4572619,16.79285714,218.787415,399.4198985,24.94285714,15.5663254
2025-10-01 13:30:00+00:00,608.2006801,63.73594248,23.52666667,629.9232959,62.93128793,23.54611111,17.05777778,222.3443545,358.9441237,23.62341799,15.30874074
2025-10-01 13:45:00+00:00,579.7771256,64.32984307,23.51410256,610.2432814,63.52430902,23.50506803,17.1,226.279263,359.8908461,22.01831066,15.38011489
2025-10-01 14:00:00+00:00,561.4703704,60.69859657,23.44571429,599.4158814,60.35829933,23.54666667,17.26857143,229.7851282,319.1753302,20.49,15.51251282
2025-10-01 14:15:00+00:00,555.1421429,64.29226422,23.44222222,592.4133351,65.42097972,23.62533333,17.08761905,233.3373911,302.204994,18.79274074,15.75628283
2025-10-01 14:30:00+00:00,542.9624105,64.5748557,23.4010989,589.2564587,65.21106285,23.77142857,16.53365385,236.8870465,279.2962891,16.98075397,16.2215462
2025-10-01 14:45:00+00:00,537.0357888,63.77848117,23.58,588.4869523,65.1862568,23.88666667,17.07333333,240.3391741,215.933485,15.11637085,15.78728571
2025-10-01 15:00:00+00:00,534.9441601,64.72990627,23.5,580.1463836,65.50142324,23.95918367,17.1,243.6656736,202.9948678,13.21368893,15.3885923
2025-10-01 15:15:00+00:00,528.4788919,64.68775854,23.5,565.7939831,65.69013219,23.92412698,16.85222222,246.9635943,175.7341887,11.26,15.51757576
2025-10-01 15:30:00+00:00,517.7577231,63.28452381,23.6422619,554.0330192,64.72437674,24.0,17.31744898,250.0711111,131.4118024,9.330011338,15.05923469
2025-10-01 15:45:00+00:00,508.9859848,60.58833204,23.7,544.1643746,64.49469398,23.90415584,16.61238095,253.3928802,49.87684584,7.20090404,14.82930548
2025-10-01 16:00:00+00:00,502.9827236,61.66435271,23.57142857,536.796425,65.94597902,23.72142857,16.48571429,256.4337585,23.54961979,5.185884354,13.95973923
2025-10-01 16:15:00+00:00,496.7873099,62.1073545,23.444,529.9574324,65.81402853,23.57580952,17.41146032,259.5402578,19.27509736,3.113627225,13.0238442
2025-10-01 16:30:00+00:00,492.1157672,62.16043771,23.39666667,524.0002357,65.61333333,23.45111111,16.46833333,262.7977884,6.916084512,0.864708995,12.82537037
2025-10-01 16:45:00+00:00,488.9709675,62.52907291,23.26071429,522.0330543,66.46918638,23.32777778,16.37857143,265.5276786,2.39070799,-0.914030612,12.43377551
2025-10-01 17:00:00+00:00,487.3219065,62.02815324,23.2,520.4912277,66.26501572,23.2925,17.67244444,268.9313273,0.282355871,-3.30060558,12.27468783
2025-10-01 17:15:00+00:00,484.1728102,62.16618284,23.14535714,518.2096774,64.49616674,23.2,16.49583333,271.9151361,0.0,-5.393622449,12.42508547
2025-10-01 17:30:00+00:00,483.4909232,62.84826797,23.1,514.5650493,65.59935851,23.13185185,16.618,275.2416693,0.0,-7.642468458,14.76115542
2025-10-01 17:45:00+00:00,480.4779453,63.51000567,23.06785714,511.7560709,66.24182643,23.04613095,17.68761905,278.2106009,0.0,-9.715705128,14.91258738
2025-10-01 18:00:00+00:00,480.3316433,65.28965812,23.0,510.5211111,65.45181134,23.0,16.50988095,281.366324,0.0,-11.83802597,14.23715873
2025-10-01 18:15:00+00:00,479.6021675,61.0502105,22.96964286,508.6019983,59.43753405,22.91428571,16.85178571,284.4828571,0.0,-13.86156746,12.00635884
2025-10-01 18:30:00+00:00,478.720202,58.22690476,22.9,507.151677,59.82295519,22.83869048,17.48891981,287.7976276,0.0,-15.93931319,11.51678581
2025-10-01 18:45:00+00:00,477.1004843,59.75122896,22.83703704,506.5852004,58.24500696,22.8,15.95666667,291.1972037,0.0,-18.02268783,11.25542857
2025-10-01 19:00:00+00:00,475.2124156,13.61607143,22.8,506.1354978,14.47052947,22.7,18.175,294.6418254,0.0,-20.10936508,11.0627551
2025-10-01 19:15:00+00:00,475.9710479,0.0,22.8,504.08156,0.0,22.69333333,18.27466667,298.0412381,0.0,-21.98561905,11.01389286
2025-10-01 19:30:00+00:00,474.2156648,0.0,22.77142857,503.4599764,0.0,22.6,18.4,301.4634491,0.0,-23.79688025,11.11172269
2025-10-01 19:45:00+00:00,473.960305,0.0,22.7,503.4438095,0.0,22.6,18.20857143,305.1077189,0.0,-25.64686195,10.7707697
2025-10-01 20:00:00+00:00,473.719657,0.0,22.7,503.8115708,0.0,22.6,17.66190476,308.8871919,0.0,-27.39306973,10.76382653
2025-10-01 20:15:00+00:00,473.2686111,0.0,22.7,502.4573737,0.0,22.5,16.70333333,312.7101744,0.0,-29.0461746,10.90542857
2025-10-01 20:30:00+00:00,473.0403786,0.0,22.63555556,502.2677919,0.0,22.46333333,15.77066667,316.7455423,0.0,-30.60983165,11.12936508
2025-10-01 20:45:00+00:00,473.2492063,0.0,22.6,502.1177613,0.0,22.4,14.95299145,320.6207983,0.0,-31.99896359,11.25982143
2025-10-01 21:00:00+00:00,472.650492,0.0,22.6,501.3006827,0.0,22.4,14.37277778,324.8987937,0.0,-33.35733333,11.69111111
2025-10-01 21:15:00+00:00,472.635175,0.0,22.6,501.2554113,0.0,22.30535714,13.92329932,329.061746,0.0,-34.52820862,11.64727273
2025-10-01 21:30:00+00:00,471.231873,0.0,22.6,500.0098597,0.0,22.3,13.44666667,333.3022222,0.0,-35.55333333,11.0932381
2025-10-01 21:45:00+00:00,471.8569303,0.0,22.51428571,499.6595012,0.0,22.21428571,13.1505102,337.9924603,0.0,-36.48777778,11.06614358
2025-10-01 22:00:00+00:00,470.6056489,0.0,22.5,499.33042,0.0,22.2,12.91190476,342.6029683,0.0,-37.2462381,10.68042857
2025-10-01 22:15:00+00:00,469.9291521,0.0,22.4952381,498.6827329,0.0,22.2,12.89285714,347.1555556,0.0,-37.81377551,10.34757937
2025-10-01 22:30:00+00:00,469.752036,0.0,22.40133333,497.2516498,0.0,22.11833333,12.69152116,351.6678408,0.0,-38.18288526,10.38076984
2025-10-01 22:45:00+00:00,468.8228836,0.0,22.4,496.7618803,0.0,22.1,12.6,356.6597619,0.0,-38.47333333,10.60419683
2025-10-01 23:00:00+00:00,469.3519359,0.0,22.4,495.4584041,0.0,22.1,12.52307692,66.09103896,0.0,-38.5,10.54327345
2025-10-01 23:15:00+00:00,468.17724,0.0,22.4,495.2064785,0.0,22.09333333,12.4,6.103640212,0.0,-38.389,10.89209524
2025-10-01 23:30:00+00:00,467.0677086,0.0,22.4,495.0133252,0.0,22.0,12.4,10.71366754,0.0,-38.06632653,10.75607653
2025-10-01 23:45:00+00:00,467.0665404,0.0,22.30666667,493.9525758,0.0,22.0,12.4,15.5285,0.0,-37.59922222,10.67308531
2025-10-02 00:00:00+00:00,467.0191616,0.0,22.3,493.1589979,0.0,22.0,12.4,19.84723639,0.0,-36.97138605,10.42755952
2025-10-02 00:15:00+00:00,465.5069919,0.0,22.3,493.6367236,0.0,22.0,12.4,24.50862434,0.0,-36.15351852,10.69593333
2025-10-02 00:30:00+00:00,464.6586088,0.0,22.3,492.6587661,0.0,21.91777778,12.4,29.01571368,0.0,-35.15841751,10.58583007
2025-10-02 00:45:00+00:00,464.3748016,0.0,22.3,492.1031385,0.0,21.9,12.4,33.52180272,0.0,-34.04190476,10.31354592
2025-10-02 01:00:00+00:00,463.6880314,0.0,22.27076923,491.2771788,0.0,21.9,12.4,37.55836508,0.0,-32.82687831,10.78031111
2025-10-02 01:15:00+00:00,463.678602,0.0,22.2,490.1666667,0.0,21.9,12.4,41.73117914,0.0,-31.4425737,10.68797477
2025-10-02 01:30:00+00:00,462.485971,0.0,22.2,488.9183101,0.0,21.9,12.4,45.53448004,0.0,-30.02471693,10.18535354
2025-10-02 01:45:00+00:00,462.4739057,0.0,22.2,488.5414462,0.0,21.9,12.4,49.64727615,0.0,-28.34748148,10.43528391
2025-10-02 02:00:00+00:00,461.2419701,0.0,22.2,488.6745212,0.0,21.9,12.4,53.25559807,0.0,-26.74671202,10.10569643
2025-10-02 02:15:00+00:00,461.0305169,0.0,22.19821429,488.9321937,0.0,21.84533333,12.4,56.89953535,0.0,-24.9977037,9.786533333
2025-10-02 02:30:00+00:00,465.7869793,0.0,22.08265306,495.7578144,0.0,21.88095238,12.4,60.58491572,0.0,-23.08940668,9.540555556
2025-10-02 02:45:00+00:00,471.1664847,0.0,22.16166667,501.7885225,0.0,21.86,12.4,63.97,0.0,-21.25573232,9.175579798
2025-10-02 03:00:00+00:00,476.6103634,32.86244113,22.24444444,503.9231566,41.33793651,21.9,14.73333333,67.38746212,0.0,-19.30179808,8.93375
2025-10-02 03:15:00+00:00,474.7835498,61.92354312,22.4,504.0013468,63.95454545,21.9,20.35178571,70.72765079,0.0,-17.25121405,8.905515152
2025-10-02 03:30:00+00:00,476.0912312,62.0755267,22.24945455,507.7119343,63.34812399,21.9,17.80688889,74.04311111,0.0,-15.18333333,8.929133333
2025-10-02 03:45:00+00:00,478.316031,61.85766178,22.29285714,510.5101222,64.20771283,21.9,18.26122449,77.32001134,0.0,-13.13767007,9.097911041
2025-10-02 04:00:00+00:00,479.532228,61.02880216,22.15521212,512.1539123,64.47492941,21.94187879,18.02958995,80.40372912,0.0,-11.07610441,9.060534799
2025-10-02 04:15:00+00:00,480.6821429,61.69903113,22.2,514.285834,63.91589027,22.0,17.91972789,83.61122449,0.0,-8.909311225,8.935408163
2025-10-02 04:30:00+00:00,484.742465,61.79545214,22.11161905,519.091774,63.79982684,22.0,18.09733333,86.54888889,0.0,-6.913571429,9.061326191
2025-10-02 04:45:00+00:00,496.843856,61.26803752,22.1430303,532.1422609,63.97127036,22.0730102,18.00727273,89.79501701,0.003846154,-4.651547619,9.390804989
2025-10-02 05:00:00+00:00,503.5728624,61.67630666,22.285,535.6806886,63.1954015,22.1,17.9,93.00723016,0.517698711,-2.423480039,9.271655678
2025-10-02 05:15:00+00:00,509.9441743,61.77278715,22.29142857,539.0382892,63.89466769,22.14428571,17.87857143,95.7860119,2.334435342,-0.54204932,9.962681406
2025-10-02 05:30:00+00:00,533.4562734,60.77079269,22.38666667,556.5380499,63.27425,22.24296296,17.97993651,99.09573621,8.000971722,1.697140822,11.21591508
2025-10-02 05:45:00+00:00,579.8314815,62.27527778,22.40231481,598.0195611,65.04840191,22.50793651,17.93807407,102.2532169,21.49372678,3.797121693,12.44533333
2025-10-02 06:00:00+00:00,649.4801138,60.27400037,22.47595238,666.3242199,62.08349151,22.55194187,17.94428571,105.3120421,28.67926439,5.838645581,12.27701786
2025-10-02 06:15:00+00:00,674.8428896,61.73066873,22.6308676,703.1094123,63.85849237,22.80476801,18.22018132,108.3512194,78.73002575,7.786527066,11.87802997
2025-10-02 06:30:00+00:00,761.5613077,60.12688665,22.78538446,808.5774079,86.75198694,22.8768424,17.96734694,111.502591,89.94984161,9.781447964,11.88333333
2025-10-02 06:45:00+00:00,814.4357393,78.84256854,22.55444444,913.0235075,209.8859157,23.08,17.65444444,115.0742857,77.75679321,11.95602381,12.54644444
2025-10-02 07:00:00+00:00,788.5210561,66.06904762,22.77559524,870.6332335,155.9797033,22.91964286,17.7984127,118.0851757,195.6421642,13.67946429,12.36651786
2025-10-02 07:15:00+00:00,795.1005953,65.33818182,22.9247619,862.4444279,149.4130503,22.99371429,17.67461279,121.6485281,234.7690098,15.70044012,12.4114127
2025-10-02 07:30:00+00:00,801.4275778,70.12732349,22.93111111,855.6725296,138.3403334,23.11746032,17.5,125.3844,251.6207746,17.61080808,12.9952381
2025-10-02 07:45:00+00:00,782.4005059,60.8549062,22.99047619,853.3172466,130.0126834,23.2,17.2375,128.7134779,297.0391551,19.2880102,13.33517857
2025-10-02 08:00:00+00:00,768.249223,61.53845136,23.22833333,815.1885073,96.71745277,23.18,17.11222222,132.3222106,279.3138611,20.92562882,13.54893693
2025-10-02 08:15:00+00:00,728.6043535,61.45523081,23.33089286,765.5166178,70.21290033,23.1797619,16.85510204,135.9640136,262.9278076,22.44743197,13.86718481
2025-10-02 08:30:00+00:00,748.6546657,61.16080065,23.27733333,824.7558291,104.7141472,23.27057143,17.06966667,139.7312857,179.5311947,23.90488095,14.14202381
2025-10-02 08:45:00+00:00,757.5890831,59.50015263,23.20035714,858.076366,165.0387312,23.46342404,17.10267857,143.5525,180.5204129,25.21867347,13.92593808
2025-10-02 09:00:00+00:00,747.6952437,60.3249062,23.34577778,844.1728149,135.0510244,23.60155556,17.09933333,147.4690695,274.9621765,26.43080471,14.48210606
2025-10-02 09:15:00+00:00,760.3776491,60.29055057,23.41025641,839.5084604,121.7464822,23.42271825,17.12179487,151.4371032,541.6307355,27.55115054,15.40189377
2025-10-02 09:30:00+00:00,734.2770291,60.53525641,23.46190476,778.2540515,113.861115,23.34777778,17.09285714,155.5370455,502.0625402,28.51666667,16.54305455
2025-10-02 09:45:00+00:00,677.103274,61.46767816,23.48035714,686.7045779,68.14846939,23.29166667,16.80357143,159.7677211,492.7532284,29.35416667,16.07091865
2025-10-02 10:00:00+00:00,655.3439899,62.4160582,23.45193651,700.2799743,64.05743811,23.15212698,16.9,163.9431472,378.0994096,30.01526224,15.01193828
2025-10-02 10:15:00+00:00,669.2759259,62.25068879,23.69619048,695.5189805,64.97842066,23.46933333,16.9,168.1697386,310.735322,30.52922222,13.98408273
2025-10-02 10:30:00+00:00,693.7769518,61.74977324,23.84910714,726.3498763,65.98196896,23.74880952,17.17788462,172.5253175,479.1578672,30.89059524,15.22632395
2025-10-02 10:45:00+00:00,691.1474694,62.41029461,23.9122449,712.7358368,70.37039645,23.84533333,17.15510204,176.9916667,481.2481166,31.15333333,15.51887302
2025-10-02 11:00:00+00:00,832.4894996,162.1810897,24.02076531,778.1853543,94.11183796,23.60714286,17.12142857,181.1997449,483.5015183,31.2,16.03446429
2025-10-02 11:15:00+00:00,834.2504665,317.0982804,24.76027778,785.0301452,77.14618879,23.6,17.09480423,185.6616111,484.1196505,31.05044444,15.90280135
2025-10-02 11:30:00+00:00,788.2596118,313.8724853,24.31837302,810.7473178,96.58792538,23.62946429,16.853943,189.8921645,481.3500705,30.74474026,16.4211501
2025-10-02 11:45:00+00:00,692.9448512,305.4013492,23.69722222,762.6761329,83.60046096,23.57672222,17.08822222,194.2842096,470.1795739,30.30019111,15.97535081
2025-10-02 12:00:00+00:00,659.7764912,276.378979,23.71155808,718.588355,63.19285957,23.48714286,17.21167652,197.7453389,461.0641673,29.83790038,15.94798024
2025-10-02 12:15:00+00:00,641.4500403,250.7626628,23.6357672,666.2194996,63.78898067,23.4,17.1,202.6027761,453.1683021,28.97888889,16.280533
2025-10-02 12:30:00+00:00,640.3952919,226.3819986,23.66071429,638.3137129,64.43992906,23.4,17.15714286,206.4005952,441.5261463,28.12209227,16.52172789
2025-10-02 12:45:00+00:00,637.937826,189.7506481,23.68666667,627.0843235,64.05520749,23.4677381,16.98088889,210.7746667,425.7956506,27.03866667,15.68168889
2025-10-02 13:00:00+00:00,658.9788694,153.2580808,23.5937619,659.522681,65.01420979,23.54666667,16.87333333,214.6502116,427.2971085,25.88417989,15.20034656
2025-10-02 13:15:00+00:00,648.6991798,131.6701067,23.73692308,655.1576067,65.5055397,23.65,16.9,218.8306859,348.2595211,24.49702381,15.77190476
2025-10-02 13:30:00+00:00,640.4029894,105.0065596,23.62740741,673.0559248,65.88831238,23.76548148,16.92666667,222.3685606,314.7076584,23.18793651,15.88633333
2025-10-02 13:45:00+00:00,606.0529053,85.22559524,23.86428571,618.9261564,67.36442675,23.8,17.05178571,226.2166329,397.9288108,21.62335819,16.11801452
2025-10-02 14:00:00+00:00,595.8582071,72.58095238,23.83925926,609.4195318,67.41390907,23.81407407,17.17333333,229.5158333,378.8431755,20.13343915,16.02246667
2025-10-02 14:15:00+00:00,586.0522014,62.63336168,23.87815476,595.0338773,67.08602757,23.91709184,17.03846154,232.9386281,322.1741802,18.50139456,16.22206169
2025-10-02 14:30:00+00:00,573.5605708,62.50963659,23.87266667,593.638547,65.56540598,24.00074074,16.82888889,236.7415344,285.7671123,16.605519,15.97559572
2025-10-02 14:45:00+00:00,564.3332057,62.482505,23.95833333,581.1764758,66.39697785,24.08035714,17.05555556,239.7415463,218.2612988,15.01106108,15.54612432
2025-10-02 15:00:00+00:00,549.0126454,63.30550912,23.79861111,598.0099529,63.40500409,23.92805556,17.39333333,243.5400185,148.0431061,12.85653439,14.94568939
2025-10-02 15:15:00+00:00,547.0935658,61.35712978,23.68333333,594.9357281,63.26864491,24.0047619,16.75204082,246.696737,164.0230284,10.94038961,15.20680952
2025-10-02 15:30:00+00:00,540.9849992,62.56285714,23.8,582.0883598,65.97021377,24.12,17.048,249.8894206,119.2384269,8.984,15.19663954
2025-10-02 15:45:00+00:00,532.7574888,62.32846801,23.8,569.5167178,65.73360204,24.05666667,16.56836735,253.0870556,65.66805921,6.969047619,14.79429286
2025-10-02 16:00:00+00:00,523.0748268,62.27600078,23.8,559.1636966,65.43526854,23.90501984,17.50332766,256.1437018,47.27034485,4.906797052,14.64147336
2025-10-02 16:15:00+00:00,512.8492593,61.53055556,23.8,548.3645286,65.03592593,23.74666667,17.01444444,259.5088571,22.46325752,2.638777778,14.5146619
2025-10-02 16:30:00+00:00,505.3742216,62.9986678,23.74071429,539.8100283,65.06019877,23.6,16.31153846,262.6067177,7.138191343,0.528571429,14.30714286
2025-10-02 16:45:00+00:00,499.4169068,62.55388889,23.63928571,533.3595299,65.42548718,23.50933333,17.23571429,265.6456667,1.638986092,-1.473611111,14.66577355
2025-10-02 17:00:00+00:00,494.2271131,63.15541792,23.52142857,528.5196008,65.51059747,23.4,16.7047619,268.7777551,0.189191232,-3.656462585,15.43217687
2025-10-02 17:15:00+00:00,491.7176701,61.42546729,23.43904762,522.8891047,64.75798357,23.33916667,16.40361905,271.7621825,0.0,-5.754526862,14.63268519
2025-10-02 17:30:00+00:00,488.9489305,62.37925837,23.4,519.5030702,65.39659439,23.29285714,17.26126984,275.0438276,0.0,-7.999132395,14.33318001
2025-10-02 17:45:00+00:00,485.9699663,64.01667534,23.36363636,516.5068201,64.45362296,23.19866667,17.3690404,277.9445657,0.0,-10.00555334,13.17974747
2025-10-02 18:00:00+00:00,484.2220042,63.17142857,23.3,514.9718287,64.238322,23.1047619,16.58093537,281.2761905,0.0,-12.22993197,13.75429138
2025-10-02 18:15:00+00:00,482.6469173,63.82314815,23.24666667,513.1014595,65.23955711,23.04666667,16.91333333,284.3197619,0.0,-14.21290476,13.39015777
2025-10-02 18:30:00+00:00,480.6367816,63.71706664,23.19333333,511.1743734,65.15788061,22.99777778,17.45028571,287.8223783,0.0,-16.46266089,13.52388889
2025-10-02 18:45:00+00:00,478.6348994,63.68718313,23.1,508.9330182,65.44040028,22.9,16.99370748,291.0144341,0.0,-18.40688312,13.03027972
2025-10-02 19:00:00+00:00,476.3580229,8.018181818,23.07333333,507.1381228,7.843137255,22.89222222,15.96971429,294.498127,0.0,-20.46805483,12.26247619
2025-10-02 19:15:00+00:00,476.5872374,0.0,23.0,505.7181883,0.0,22.8,16.06105442,297.4937358,0.0,-22.14691043,11.5203649
2025-10-02 19:30:00+00:00,476.7502381,0.0,23.0,504.2894286,0.0,22.8,15.92307692,301.3850286,0.0,-24.23599327,11.4756069
2025-10-02 19:45:00+00:00,474.0134779,0.0,22.95272109,502.4533133,0.0,22.77142857,15.905,304.8531253,0.0,-25.95001546,11.32563559
2025-10-02 20:00:00+00:00,474.7668519,0.0,22.9,501.7950794,0.0,22.7,15.99692308,308.5302143,0.0,-27.70863492,10.9067619
2025-10-02 20:15:00+00:00,473.5128027,0.0,22.9,502.0823312,0.0,22.65714286,16.0,312.3101256,0.0,-29.27927787,10.6585119
2025-10-02 20:30:00+00:00,473.6425397,0.0,22.81333333,501.1489475,0.0,22.6,15.81466667,316.5362303,0.0,-30.97138889,10.84349206
2025-10-02 20:45:00+00:00,472.7916667,0.0,22.8,500.6969697,0.0,22.6,15.65,320.7386966,0.0,-32.41877137,10.88192016
2025-10-02 21:00:00+00:00,471.5513345,0.0,22.8,500.2792973,0.0,22.53333333,15.41666667,324.6614286,0.0,-33.67333333,10.21291429
2025-10-02 21:15:00+00:00,471.8938034,0.0,22.70714286,499.5531591,0.0,22.5,15.0702381,329.1328571,0.0,-34.94619048,9.925714286
2025-10-02 21:30:00+00:00,470.0853941,0.0,22.7,497.9204243,0.0,22.44890043,14.86777778,333.4452078,0.0,-35.98614881,9.875
2025-10-02 21:45:00+00:00,470.3024303,0.0,22.68181818,497.0569131,0.0,22.4,14.67954545,337.707004,0.0,-36.82619048,9.930678932
2025-10-02 22:00:00+00:00,469.5324495,0.0,22.61428571,497.1578947,0.0,22.4,14.45714286,342.3662778,0.0,-37.60805556,9.756222222
2025-10-02 22:15:00+00:00,467.9417687,0.0,22.6,496.6476034,0.0,22.31822222,14.23846154,347.2066041,0.0,-38.20742424,9.579738095
2025-10-02 22:30:00+00:00,467.7154195,0.0,22.6,494.7312925,0.0,22.3,14.05714286,352.1079159,0.0,-38.61467223,9.473133117
2025-10-02 22:45:00+00:00,468.0393595,0.0,22.54844444,494.2700722,0.0,22.3,13.94444444,356.6388618,0.0,-38.83752137,9.482672402
2025-10-02 23:00:00+00:00,467.1397392,0.0,22.5,493.5758598,0.0,22.3,13.81346154,129.7861905,0.0,-38.89880952,9.497380952
2025-10-02 23:15:00+00:00,466.0117939,0.0,22.48333333,493.7128745,0.0,22.3,13.64444444,6.324880952,0.0,-38.74692857,9.507968254
2025-10-02 23:30:00+00:00,464.4269432,0.0,22.40714286,492.4572115,0.0,22.3,13.6,10.96091631,0.0,-38.44199134,10.16926407
2025-10-02 23:45:00+00:00,463.9352649,0.0,22.4,492.6580079,0.0,22.22111111,13.48888889,14.80633862,0.0,-38.06871429,10.62568927
2025-10-03 00:00:00+00:00,463.1078788,0.0,22.4,491.2988592,0.0,22.2,13.4,20.15703704,0.0,-37.33518519,10.57833333
2025-10-03 00:15:00+00:00,462.5941377,0.0,22.4,491.0,0.0,22.2,13.32138889,24.69379226,0.0,-36.54124227,10.40937059
2025-10-03 00:30:00+00:00,462.194265,0.0,22.4,490.4436141,0.0,22.2,13.20646259,29.02833573,0.0,-35.58052852,10.31705024
2025-10-03 00:45:00+00:00,461.9077797,0.0,22.4,489.1317027,0.0,22.2,13.2,33.57852525,0.0,-34.41692857,10.35838889
2025-10-03 01:00:00+00:00,460.0661857,0.0,22.4,488.5263549,0.0,22.2,13.12666667,38.00731987,0.0,-33.10127273,11.46594545
2025-10-03 01:15:00+00:00,459.8138657,0.0,22.4,487.5594875,0.0,22.17777778,13.05714286,41.96085601,0.0,-31.78285714,12.79859694
2025-10-03 01:30:00+00:00,459.515873,0.0,22.36666667,486.86,0.0,22.16727273,12.96666667,45.9589475,0.0,-30.26325397,12.36147727
2025-10-03 01:45:00+00:00,457.2361678,0.0,22.3,485.6983405,0.0,22.1,12.87121212,49.86807359,0.0,-28.68080808,11.20395382
2025-10-03 02:00:00+00:00,456.9638157,0.0,22.3,485.3273695,0.0,22.1,12.73767196,53.47033333,0.0,-27.07879365,10.839
2025-10-03 02:15:00+00:00,456.8113112,0.0,22.3,484.3862602,0.0,22.1,12.7,57.20880901,0.0,-25.27573722,10.62601479
2025-10-03 02:30:00+00:00,458.5621832,0.0,22.3,489.4807083,0.0,22.1,12.644,60.62963636,0.0,-23.53636364,10.66589394
2025-10-03 02:45:00+00:00,467.0821371,0.0,22.36270833,506.9582122,0.0,22.1,12.58333333,64.34083333,0.0,-21.49948718,10.81316575
2025-10-03 03:00:00+00:00,480.6394709,11.7,22.29288889,514.2371138,11.36666667,22.1,13.33809524,67.67652116,0.0,-19.56150794,11.51961111
2025-10-03 03:15:00+00:00,473.2888963,63.2737518,22.39464286,503.6415007,60.65678766,22.17444444,19.09126263,71.10404468,0.0,-17.53066434,11.78142774
2025-10-03 03:30:00+00:00,471.8022985,65.59033883,22.39166667,502.9572511,63.88214286,22.1,18.77569444,74.22121599,0.0,-15.53643707,10.78113804
2025-10-03 03:45:00+00:00,471.4623708,63.46780104,22.3,501.3025831,64.11548523,22.1,17.75857143,77.62735287,0.0,-13.37660423,10.46496296
2025-10-03 04:00:00+00:00,470.8517966,62.32159091,22.23482143,500.6561964,64.9474026,22.08428571,18.17783883,80.82079365,0.0,-11.25509921,10.69286905
2025-10-03 04:15:00+00:00,470.6725729,61.7268402,22.2,500.1752137,63.77702392,22.0,17.78076923,83.95138095,0.0,-9.132,10.90069841
2025-10-03 04:30:00+00:00,470.3521409,62.64016955,22.22444444,499.5175309,63.86106513,21.99821429,17.88333333,87.06360806,0.0,-7.010238095,11.31067857
2025-10-03 04:45:00+00:00,469.4989651,62.05280939,22.1,499.0674242,63.11349532,21.90833333,18.0,90.03336797,0.005939394,-4.958784314,10.4451342
2025-10-03 05:00:00+00:00,471.8401852,61.62371795,22.15333333,499.9774495,63.58540793,21.89466667,17.98666667,93.32895288,0.656344733,-2.673711474,9.666666667
2025-10-03 05:15:00+00:00,475.2642496,62.17619048,22.18035714,513.7797619,63.2734127,21.9,17.9,96.40454545,3.413070001,-0.568831169,9.808035714
2025-10-03 05:30:00+00:00,492.4662059,62.73576815,22.26,528.0210476,64.63601732,21.992,17.82666667,99.44170859,8.905846529,1.449073871,9.94524127
2025-10-03 05:45:00+00:00,513.685449,62.30526438,22.18129252,547.4380858,63.93147081,22.04285714,17.8,102.5106122,22.86293651,3.535646259,9.906147959
2025-10-03 06:00:00+00:00,536.4279479,61.27404295,22.35377778,575.9457782,63.85157848,22.00663781,17.74242424,105.3873107,33.9089177,5.425630111,9.476777778
2025-10-03 06:15:00+00:00,550.505763,61.73809524,22.47261905,589.0931901,65.12463298,22.24285714,17.98461538,108.9596259,87.75942724,7.71255102,10.12792857
2025-10-03 06:30:00+00:00,575.095218,62.19386909,22.43845238,613.5950155,63.8721324,22.37068038,18.05833333,111.9968398,114.0497089,9.648181818,10.13948002
2025-10-03 06:45:00+00:00,580.9938286,62.33858998,22.6,635.8407245,64.66386979,22.55004252,17.74047619,115.3819921,155.7488143,11.70083488,10.48872961
2025-10-03 07:00:00+00:00,599.8995255,62.21243123,22.6752381,650.5162959,64.21913634,22.69081481,17.64126984,118.4484824,192.0033202,13.45622896,11.07732924
2025-10-03 07:15:00+00:00,619.6504841,62.52202093,22.79285714,652.9316919,64.33281411,22.8125,17.71428571,121.9599093,220.8822685,15.40481859,11.60162018
2025-10-03 07:30:00+00:00,639.390712,61.502405,22.79216837,681.6945349,64.26824561,22.83285714,17.27988946,125.3793175,252.0220466,17.19453704,12.30475926
2025-10-03 07:45:00+00:00,647.7854006,61.7140923,22.81464286,695.5847814,64.75732591,22.88988095,17.25714286,128.8814286,284.9051552,18.88,12.98203463
2025-10-03 08:00:00+00:00,649.6592593,61.64365079,22.88666667,701.0402143,64.18368451,22.8,17.01428571,132.0916667,306.1969887,20.40126984,13.4927773
2025-10-03 08:15:00+00:00,642.8365955,62.03739177,22.96738095,676.9662128,63.43121088,22.88333333,16.92142857,136.0563634,161.8531425,22.05344388,13.13443878
2025-10-03 08:30:00+00:00,644.94358,62.04042777,22.92812698,695.9172466,64.81553134,22.85888889,16.85333333,139.5952381,180.4120565,23.40380952,12.73333333
2025-10-03 08:45:00+00:00,634.9817316,62.32851852,23.0,672.5564231,65.36452177,22.83333333,16.95333333,143.8873333,332.0239678,24.91716667,13.81288721
2025-10-03 09:00:00+00:00,632.2197458,61.26428571,23.01111111,672.6704518,64.22057387,22.8,17.025,147.7833333,380.3776203,26.15357143,14.08156463
2025-10-03 09:15:00+00:00,620.2710317,62.455,23.12666667,654.4132515,64.23154746,22.9,17.1,151.902619,457.1140868,27.25542857,14.72722222
2025-10-03 09:30:00+00:00,623.4280801,61.87469475,23.03738095,654.8650763,64.48032991,22.9,16.97,155.7694161,441.498471,28.18119048,14.29732504
2025-10-03 09:45:00+00:00,620.4233333,62.58177008,23.08531136,657.0030641,65.7880464,22.93574074,16.9,159.9701212,446.8866403,29.00055556,14.96238911
2025-10-03 10:00:00+00:00,616.095515,63.34500618,23.14464286,648.1645278,65.70054113,22.90178571,16.80693878,164.2413095,459.0557386,29.67462121,14.58242174
2025-10-03 10:15:00+00:00,601.1039384,62.85433761,23.2375,615.7693957,65.39925112,22.9,17.0,168.0609286,467.1474053,30.14947811,14.55679293
2025-10-03 10:30:00+00:00,588.6205649,62.98701299,23.27857143,601.5883668,65.88216856,22.85625,17.05769231,172.4812245,480.7758001,30.54568027,14.78222789
2025-10-03 10:45:00+00:00,569.7872487,63.47921856,23.28457143,596.7230324,64.18155237,22.86190476,17.15333333,176.9164762,409.3573711,30.74666667,15.54
2025-10-03 11:00:00+00:00,575.6595805,61.11363636,23.38590909,587.8550717,66.04152746,22.99285714,17.15454545,180.95,502.4020707,30.8,15.63809524
2025-10-03 11:15:00+00:00,562.4429351,65.27907407,23.4,583.0232076,68.23811988,22.93866667,17.15536508,185.575418,505.8276526,30.65538095,15.71404444
2025-10-03 11:30:00+00:00,559.1373965,64.73837868,23.4,580.7457551,68.24051544,23.02583333,16.96277778,189.9397109,514.8143208,30.34566327,15.43085034
2025-10-03 11:45:00+00:00,559.4943195,64.70131054,23.33839286,582.7398097,67.95661884,22.94948052,17.23333333,194.1689866,512.5841862,29.94316402,15.19858694
2025-10-03 12:00:00+00:00,556.3278476,63.75041366,23.37944444,575.2044593,67.91347599,22.9,16.9,198.4601296,476.1439176,29.32137037,14.94414815
2025-10-03 12:15:00+00:00,550.2696047,65.12273243,23.35892857,575.4718254,68.24033189,22.95654762,17.02857143,202.7283333,472.4355398,28.56142857,15.36640476
2025-10-03 12:30:00+00:00,542.0010198,64.73758112,23.3,566.0207788,69.30799583,22.90666667,17.06325397,206.6588127,451.5136905,27.67228836,14.9186532
2025-10-03 12:45:00+00:00,528.0200998,64.47806421,23.24769231,555.3652637,68.85346572,22.9,16.85307692,210.2667715,431.6086673,26.75541667,14.53096825
2025-10-03 13:00:00+00:00,514.0601365,64.80621212,23.3134127,547.3371496,69.08049903,22.98,16.92666667,214.4634444,415.3356407,25.54572727,15.28794811
2025-10-03 13:15:00+00:00,501.2864425,65.2255102,23.31809524,540.1524561,68.48423607,23.0,16.78880952,218.5478231,322.9646416,24.16710884,14.89154762
2025-10-03 13:30:00+00:00,493.3032331,64.91734969,23.26,534.1248538,68.94874944,23.00666667,17.02,222.3785,375.2588818,22.76105556,14.94223906
2025-10-03 13:45:00+00:00,485.9254087,63.9359653,23.36190476,526.6097765,68.69159612,23.0952381,17.1,225.9210768,350.5880874,21.32030612,14.52392857
2025-10-03 14:00:00+00:00,480.0805387,10.70127493,23.17333333,515.831308,9.558878256,23.15333333,17.50833333,229.6172222,305.8612863,19.69472222,13.38674396
2025-10-03 14:15:00+00:00,482.1721626,0.0,23.16923077,511.0304925,0.0,23.32142857,17.91794872,233.1277636,275.1729126,18.04339054,12.75829082
2025-10-03 14:30:00+00:00,481.1981264,0.0,23.28809524,511.0,0.0,23.46222222,17.9,236.6001263,210.6668285,16.24611111,12.49588889
2025-10-03 14:45:00+00:00,480.4809978,0.0,23.35714286,510.5665945,0.0,23.58714286,17.86428571,239.3061328,220.3001898,14.84271284,12.55937229
2025-10-03 15:00:00+00:00,479.6291049,0.0,23.47333333,509.4292739,0.0,23.69111111,17.8,243.3466684,176.1666981,12.49746465,12.63141082
2025-10-03 15:15:00+00:00,479.5727334,0.0,23.42307692,508.8366667,0.0,23.58464286,17.96602564,246.6277296,99.43542303,10.59336735,12.48990712
2025-10-03 15:30:00+00:00,478.2921847,0.0,23.4,507.4099959,0.0,23.56666667,17.8,249.8609534,92.04675131,8.552912698,12.48785714
2025-10-03 15:45:00+00:00,477.8902311,0.0,23.4,507.1287095,0.0,23.6,17.8,253.1046259,43.61717022,6.454427438,12.45047052
2025-10-03 16:00:00+00:00,477.6863403,0.0,23.39428571,506.3931042,0.0,23.48,17.78,256.1237963,18.44940606,4.474166667,12.31116667
2025-10-03 16:15:00+00:00,476.2154195,0.0,23.3,505.1097327,0.0,23.4,17.69166667,259.1274603,8.994766194,2.435813492,12.13723214
2025-10-03 16:30:00+00:00,474.1713383,0.0,23.27952381,504.7571847,0.0,23.30666667,17.6,262.3255758,3.408099513,0.268888889,12.00257143
2025-10-03 16:45:00+00:00,474.3140166,0.0,23.2,502.9121808,0.0,23.27928571,17.6,265.4511575,0.822068863,-1.790694702,12.00280844
2025-10-03 17:00:00+00:00,473.7407992,0.0,23.18666667,502.9208048,0.0,23.2,17.50266667,268.1755659,0.052359466,-3.723928571,12.06662121
2025-10-03 17:15:00+00:00,473.3237037,0.0,23.1,501.9327561,0.0,23.11047619,17.4,271.7033381,0.0,-6.177055556,12.11006674
2025-10-03 17:30:00+00:00,471.9575663,0.0,23.1,501.5909091,0.0,23.1,17.3372449,274.7027113,0.0,-8.205842491,11.99808403
2025-10-03 17:45:00+00:00,470.7706722,0.0,23.04821429,501.2046067,0.0,23.01888889,17.3,278.0282804,0.0,-10.51100529,12.01736296
2025-10-03 18:00:00+00:00,471.3007235,0.0,23.0,500.307646,0.0,22.94795918,17.3,280.9643149,0.0,-12.46473836,11.80733929
2025-10-03 18:15:00+00:00,470.2937729,0.0,22.94666667,499.0703704,0.0,22.9,17.3,284.4153545,0.0,-14.75548413,11.70189899
2025-10-03 18:30:00+00:00,468.1504739,0.0,22.9,498.527602,0.0,22.8625,17.225,287.4255102,0.0,-16.65047619,11.6358254
2025-10-03 18:45:00+00:00,468.2535132,0.0,22.9,496.6104076,0.0,22.8,17.12222222,291.0072391,0.0,-18.839367,11.39166667
2025-10-03 19:00:00+00:00,467.1234882,0.0,22.9,495.4303749,0.0,22.77857143,17.17678571,294.1568321,0.0,-20.71360132,11.74645979
2025-10-03 19:15:00+00:00,467.0399711,0.0,22.8,494.3779727,0.0,22.7,17.1,297.7670352,0.0,-22.75816965,11.58747521
2025-10-03 19:30:00+00:00,466.1095515,0.0,22.8,493.4338281,0.0,22.66142857,17.15,301.1873304,0.0,-24.56767677,11.60429654
2025-10-03 19:45:00+00:00,464.8097555,0.0,22.8,492.8847918,0.0,22.6,17.1,304.9532328,0.0,-26.42630159,11.45733333
2025-10-03 20:00:00+00:00,463.6983271,0.0,22.7,493.0056679,0.0,22.6,17.2,308.4663492,0.0,-28.04452381,11.70174603
2025-10-03 20:15:00+00:00,463.6591206,0.0,22.7,491.775213,0.0,22.57142857,16.97333333,312.5429577,0.0,-29.82132804,11.47088677
2025-10-03 20:30:00+00:00,462.5895166,0.0,22.7,491.5931145,0.0,22.5,16.9,316.5395,0.0,-31.39366667,11.26958077
2025-10-03 20:45:00+00:00,462.4276886,0.0,22.7,491.192768,0.0,22.5,16.95,320.6465051,0.0,-32.8372449,11.51895833
2025-10-03 21:00:00+00:00,459.6562963,0.0,22.64533333,488.8786426,0.0,22.44414286,17.05833333,324.6914881,0.0,-34.11630291,11.21623864
2025-10-03 21:15:00+00:00,458.5532098,0.0,22.6,488.008188,0.0,22.4,17.13367347,329.0081609,0.0,-35.29940476,11.32217262
2025-10-03 21:30:00+00:00,458.3223606,0.0,22.6,486.9776962,0.0,22.4,17.1005873,333.5825294,0.0,-36.3986841,11.40354074
2025-10-03 21:45:00+00:00,458.2125734,0.0,22.6,485.2987533,0.0,22.39234694,17.34923077,337.8334794,0.0,-37.25795145,10.99223116
2025-10-03 22:00:00+00:00,456.8972983,0.0,22.6,484.8638112,0.0,22.30666667,16.97642857,342.572918,0.0,-38.04014021,11.28463889
2025-10-03 22:15:00+00:00,455.8320899,0.0,22.5,483.7569713,0.0,22.3,16.89333333,346.8439971,0.0,-38.58176046,11.39453571
2025-10-03 22:30:00+00:00,454.9774436,0.0,22.5,483.6050061,0.0,22.3,16.74142857,351.9931447,0.0,-39.00335498,11.25547161
2025-10-03 22:45:00+00:00,455.1049666,0.0,22.5,481.7270562,0.0,22.3,16.78666667,356.589532,0.0,-39.23466667,10.91834343
2025-10-03 23:00:00+00:00,453.1557793,0.0,22.5,480.5362138,0.0,22.20909091,16.65324675,27.30020563,0.0,-39.3,11.21336526
2025-10-03 23:15:00+00:00,451.8290317,0.0,22.47857143,479.8745998,0.0,22.2,16.775,6.214411376,0.0,-39.14952381,10.96492222
2025-10-03 23:30:00+00:00,451.4025974,0.0,22.41964286,479.3617008,0.0,22.2,17.11190476,11.13882086,0.0,-38.83531746,11.25228571
2025-10-03 23:45:00+00:00,449.7846395,0.0,22.4,478.4906728,0.0,22.2,17.54111111,15.59119769,0.0,-38.38654353,11.17402251
2025-10-04 00:00:00+00:00,448.0139978,0.0,22.4,476.5536888,0.0,22.19166667,17.08792517,20.19844955,0.0,-37.73392203,11.28858503
2025-10-04 00:15:00+00:00,447.8008689,0.0,22.4,476.1492589,0.0,22.1,16.80244444,24.95973906,0.0,-36.86100313,11.39667172
2025-10-04 00:30:00+00:00,447.3015551,0.0,22.4,475.4250383,0.0,22.1,16.87333333,29.21415533,0.0,-35.94522676,11.36844813
2025-10-04 00:45:00+00:00,445.4936623,0.0,22.38533333,475.020027,0.0,22.1,16.72761905,33.62767057,0.0,-34.82446152,11.40501587
2025-10-04 01:00:00+00:00,445.0686387,0.0,22.3,473.7272859,0.0,22.1,16.63035714,37.88237193,0.0,-33.55583333,11.21507738
2025-10-04 01:15:00+00:00,443.6209632,0.0,22.3,471.8087838,0.0,22.1,17.08146032,41.83823016,0.0,-32.24168254,11.28557371
2025-10-04 01:30:00+00:00,442.4139176,0.0,22.3,470.5199111,0.0,22.11466667,16.70859259,45.93543266,0.0,-30.7311734,11.39328939
2025-10-04 01:45:00+00:00,442.1106512,0.0,22.3,468.780303,0.0,22.1,16.66035714,50.27497166,0.0,-28.92586735,11.58767347
2025-10-04 02:00:00+00:00,441.0636808,0.0,22.3,468.8760214,0.0,22.1,16.4989011,53.51145051,0.0,-27.45989344,11.59076923
2025-10-04 02:15:00+00:00,439.61443,0.0,22.3,467.4818802,0.0,22.1,16.59533163,57.52801252,0.0,-25.56209776,11.32575642
2025-10-04 02:30:00+00:00,438.4572136,0.0,22.32166667,466.9517477,0.0,22.1,16.77880952,60.94018519,0.0,-23.80123016,10.93799471
2025-10-04 02:45:00+00:00,436.916971,0.0,22.4,465.4251526,0.0,22.1,16.84285714,64.23725275,0.0,-21.98328068,11.41821166
2025-10-04 03:00:00+00:00,435.9040616,0.0,22.4,464.4361864,0.0,22.1,17.45206349,67.88481818,0.0,-19.90332323,11.55301587
2025-10-04 03:15:00+00:00,435.4989406,0.0,22.4,463.654553,0.0,22.1,17.72857143,71.41626701,0.0,-17.7877551,11.46
2025-10-04 03:30:00+00:00,434.4551455,0.0,22.4,462.4458974,0.0,22.1,17.018,74.40922415,0.0,-15.89841414,11.31220452
2025-10-04 03:45:00+00:00,433.0282075,0.0,22.4,460.0822944,0.0,22.1,16.60769231,77.7885119,0.0,-13.73884354,10.83791744
2025-10-04 04:00:00+00:00,432.5513872,0.0,22.4,459.1078711,0.0,22.1,16.4,80.69650794,0.0,-11.81333333,10.79903968
2025-10-04 04:15:00+00:00,431.191923,0.0,22.36964286,458.6304486,0.0,22.1,16.28982143,84.13369048,0.0,-9.490008503,9.985044733
2025-10-04 04:30:00+00:00,431.3572539,0.0,22.3,458.1894509,0.0,22.1,16.2,87.27196703,0.0,-7.32429243,9.599733333
2025-10-04 04:45:00+00:00,430.2131878,0.0,22.3,456.4065116,0.0,22.1,16.82484127,90.45505245,0.0,-5.136972361,9.192444222
2025-10-04 05:00:00+00:00,428.7266414,0.0,22.3,455.7043721,0.0,22.1,17.44166667,93.59022882,0.0,-2.967851474,9.379656746
2025-10-04 05:15:00+00:00,428.3299663,0.0,22.3,455.376912,0.0,22.1,17.31045918,96.493,0.114227907,-0.945039683,9.147116883
2025-10-04 05:30:00+00:00,427.5406642,0.0,22.3,453.7702391,0.0,22.1,17.15646259,99.62111111,0.587453876,1.109311225,8.906781385
2025-10-04 05:45:00+00:00,426.7902549,0.0,22.3,453.4787879,0.0,22.1,17.14380952,102.5135354,1.362781385,3.032727273,8.411042735
2025-10-04 06:00:00+00:00,425.4639456,0.0,22.3,452.79913,0.0,22.1,17.47641723,105.9786803,2.164365754,5.364886106,9.259558712
2025-10-04 06:15:00+00:00,424.8790305,0.0,22.3,452.3781103,0.0,22.1,17.61326531,108.9516296,3.134177278,7.279037037,8.377628283
2025-10-04 06:30:00+00:00,424.5279935,0.0,22.3,451.3523101,0.0,22.1,17.56568254,112.3922407,4.084734168,9.437592593,7.98164923
2025-10-04 06:45:00+00:00,423.0464615,0.0,22.3,451.0076531,0.0,22.1,17.0744898,115.5235931,4.615392799,11.31680195,7.624092971
2025-10-04 07:00:00+00:00,423.2093434,0.0,22.3,449.7111953,0.0,22.1,16.91204082,118.9956184,6.318890043,13.34623932,8.264396825
2025-10-04 07:15:00+00:00,422.1285345,0.0,22.3,449.4402015,0.0,22.1,16.56673469,122.3008078,10.12637673,15.14564007,8.5700118
2025-10-04 07:30:00+00:00,421.0237037,0.0,22.3,449.0738844,0.0,22.1,16.26761905,125.6761217,10.55828334,16.93265873,8.40293254
2025-10-04 07:45:00+00:00,420.6650669,0.0,22.3,448.461375,0.0,22.1,16.09047619,129.0587225,9.536232785,18.56784951,8.361321429
2025-10-04 08:00:00+00:00,421.7333333,0.0,22.3,448.819883,0.0,22.1,15.90790476,132.9028624,12.28426672,20.31178307,8.50175
2025-10-04 08:15:00+00:00,420.6297761,0.0,22.3,447.6751833,0.0,22.1,15.63571429,136.4363987,13.07615897,21.79227633,8.548357555
2025-10-04 08:30:00+00:00,420.1166883,0.0,22.3,446.146042,0.0,22.1,15.26895238,140.1344469,14.84519971,23.22307692,8.6
2025-10-04 08:45:00+00:00,420.0349805,0.0,22.28857143,445.0128571,0.0,22.02,14.84253968,144.2385979,19.60018615,24.62960317,8.616931217
2025-10-04 09:00:00+00:00,429.005604,0.0,22.24285714,453.4261682,0.0,22.04821429,14.45555556,147.9566945,22.60409516,25.7747583,8.632159091
2025-10-04 09:15:00+00:00,429.8730595,0.0,22.3,454.8238515,0.0,22.1,14.13466667,151.9246717,23.50229275,26.88983045,8.6
2025-10-04 09:30:00+00:00,428.2124093,0.0,22.33095238,454.7440476,0.0,22.1,13.76650794,156.0046245,22.33041476,27.82430556,8.694869615
2025-10-04 09:45:00+00:00,426.9897801,0.0,22.3,452.4286535,0.0,22.04506397,13.67777778,160.1314014,27.38444671,28.62987963,8.806469179
2025-10-04 10:00:00+00:00,425.2303571,0.0,22.3,451.5487221,0.0,22.1,13.46607143,164.3605442,22.28171696,29.29817048,8.959722222
2025-10-04 10:15:00+00:00,425.8604714,0.0,22.3,451.5567677,0.0,22.1,13.12666667,168.5812381,19.37031688,29.81890476,9.065142857
2025-10-04 10:30:00+00:00,424.1683333,0.0,22.3,451.4592516,0.0,22.02857143,12.92,172.7866839,18.67652458,30.16120176,9.169207977
2025-10-04 10:45:00+00:00,423.7422855,0.0,22.3,449.7960256,0.0,22.0,12.85714286,177.2198413,18.35747036,30.37857143,9.189285714
2025-10-04 11:00:00+00:00,422.5451729,0.0,22.3,449.2708981,0.0,22.0,12.74333333,181.4430952,16.06219853,30.39333333,9.196666667
2025-10-04 11:15:00+00:00,422.6979824,0.0,22.3,448.632844,0.0,22.0,12.7,185.8640901,22.49891454,30.24846939,9.2
2025-10-04 11:30:00+00:00,421.156862,0.0,22.3,448.5079222,0.0,22.0,12.7,189.2286902,31.45794094,30.01334656,9.221997916
2025-10-04 11:45:00+00:00,420.5418194,0.0,22.3,447.0742061,0.0,22.0,12.64285714,193.5566844,43.31940256,29.58788457,9.362712436
2025-10-04 12:00:00+00:00,420.5239478,0.0,22.3,446.8364815,0.0,22.05809524,12.6,198.4249008,39.77183247,28.92657686,9.50515873
2025-10-04 12:15:00+00:00,419.7999344,0.0,22.3,446.2097897,0.0,22.0,12.6,202.6036905,41.31344527,28.18171769,9.609489796
2025-10-04 12:30:00+00:00,419.3378519,0.0,22.3,446.12861,0.0,22.00333333,12.6,206.7429485,42.2247939,27.2574712,9.727756451
2025-10-04 12:45:00+00:00,419.0154101,0.0,22.3,445.8561195,0.0,22.08571429,12.6,210.4866562,36.46048835,26.27484956,9.805816327
2025-10-04 13:00:00+00:00,418.7717845,0.0,22.3,444.6496979,0.0,22.1,12.6,214.6753237,36.36958679,25.05391725,9.94
2025-10-04 13:15:00+00:00,417.8459479,0.0,22.3,444.260628,0.0,22.04910714,12.6,218.2557143,18.74850085,23.85571429,10.0
2025-10-04 13:30:00+00:00,417.9299232,0.0,22.3,444.1830565,0.0,22.08733333,12.6,222.185045,20.71609351,22.41066931,9.973444444
2025-10-04 13:45:00+00:00,416.2887421,0.0,22.3,442.848345,0.0,22.07142857,12.66428571,225.7509885,17.19261826,20.96982143,9.934839438
2025-10-04 14:00:00+00:00,416.0748255,0.0,22.3,441.6160232,0.0,22.02666667,12.7,229.2982027,17.84055009,19.42641962,10.0
2025-10-04 14:15:00+00:00,416.3370822,0.0,22.3,441.4947666,0.0,22.07482993,12.7,232.9987786,29.67262756,17.64438776,10.12004329
2025-10-04 14:30:00+00:00,415.662601,0.0,22.3,441.0935185,0.0,22.1,12.788,236.5339425,65.79883128,15.8302553,10.33221934
2025-10-04 14:45:00+00:00,414.6135263,0.0,22.3,440.8809759,0.0,22.1,12.83673469,239.637919,39.89740456,14.19011029,10.593559
2025-10-04 15:00:00+00:00,414.0002021,0.0,22.3,440.7898601,0.0,22.1,12.9,243.1885606,37.92883875,12.14703704,10.71755556
2025-10-04 15:15:00+00:00,413.8352786,0.0,22.3,440.1203171,0.0,22.05714286,12.9,246.4462288,47.65618483,10.1951049,10.89007326
2025-10-04 15:30:00+00:00,413.1875,0.0,22.3,439.8128924,0.0,22.1,12.96761905,249.5279637,15.42799725,8.31659139,10.89859788
2025-10-04 15:45:00+00:00,412.9954513,0.0,22.3,438.8093005,0.0,22.1,13.0,252.8172352,7.823458238,6.215179487,10.79721717
2025-10-04 16:00:00+00:00,412.4920635,0.0,22.3,438.1630879,0.0,22.1,13.0,256.0913974,8.62150968,3.998681973,10.70371315
2025-10-04 16:15:00+00:00,412.1235478,0.0,22.3,437.258961,0.0,22.1,13.07,259.1496667,3.777816337,1.977333333,10.46083333
2025-10-04 16:30:00+00:00,412.0833131,0.0,22.3,437.4219672,0.0,22.1,13.1,261.5500185,1.114624598,0.332940869,10.2528967
2025-10-04 16:45:00+00:00,411.7096459,0.0,22.3,436.1171651,0.0,22.1,13.1,265.4552337,0.39753488,-2.272548186,10.0
2025-10-04 17:00:00+00:00,411.0619786,0.0,22.3,436.2205926,0.0,22.05833333,13.1,268.1433687,0.031103121,-4.16014406,9.984047619
2025-10-04 17:15:00+00:00,410.2767976,0.0,22.3,435.0206281,0.0,22.0,13.02336996,271.4062239,0.0,-6.459582912,9.900997136
2025-10-04 17:30:00+00:00,410.1559524,0.0,22.3,434.9073091,0.0,22.0,12.91428571,274.3235317,0.0,-8.451904762,9.855714286
2025-10-04 17:45:00+00:00,409.6174996,0.0,22.3,434.8394331,0.0,22.0,12.9,277.7092741,0.0,-10.76720264,9.875
2025-10-04 18:00:00+00:00,410.3533974,0.0,22.3,433.9534235,0.0,22.0,12.9,280.7313042,0.0,-12.76961376,9.763
2025-10-04 18:15:00+00:00,409.6730909,0.0,22.3,434.26792,0.0,22.0,12.9,284.2004491,0.0,-15.05156746,9.55
2025-10-04 18:30:00+00:00,408.5479001,0.0,22.3,432.2807601,0.0,22.0,12.80510204,287.2812963,0.0,-17.06035185,9.497962963
2025-10-04 18:45:00+00:00,409.1886101,0.0,22.3,432.9879959,0.0,22.0,12.8,290.7202234,0.0,-19.16312798,9.485925926
2025-10-04 19:00:00+00:00,407.5543874,0.0,22.3,431.9215814,0.0,22.0,12.73461538,294.2323395,0.0,-21.20361373,9.668515611
2025-10-04 19:15:00+00:00,408.1248632,0.0,22.3,431.8408903,0.0,22.0,12.7,297.5650909,0.0,-23.08242857,9.799142857
2025-10-04 19:30:00+00:00,407.6162941,0.0,22.3,431.6320069,0.0,21.98102041,12.7,301.1544589,0.0,-24.97588358,9.625087199
2025-10-04 19:45:00+00:00,407.1198424,0.0,22.3,431.0313783,0.0,21.95866667,12.64,304.823158,0.0,-26.82844156,9.589506494
2025-10-04 20:00:00+00:00,406.9196786,0.0,22.26904762,430.7545788,0.0,21.9,12.55,308.4325397,0.0,-28.50714286,9.439087302
2025-10-04 20:15:00+00:00,406.1931061,0.0,22.25733333,430.0714663,0.0,21.9,12.44666667,312.4142196,0.0,-30.20444324,9.482367965
2025-10-04 20:30:00+00:00,405.4344444,0.0,22.2,429.3147222,0.0,21.9,12.3845,316.566715,0.0,-31.79627417,9.565592593
2025-10-04 20:45:00+00:00,405.3602484,0.0,22.2,428.727381,0.0,21.9,12.27142857,319.8660431,0.0,-33.01372449,9.58504932
2025-10-04 21:00:00+00:00,406.1930065,0.0,22.2,429.4989332,0.0,21.9,12.2,324.7337061,0.0,-34.53008225,9.285672655
2025-10-04 21:15:00+00:00,405.3412698,0.0,22.2,429.0854308,0.0,21.9,12.2,328.9478427,0.0,-35.6705102,9.154397959
2025-10-04 21:30:00+00:00,404.7335099,0.0,22.2,429.2509091,0.0,21.9,12.19821429,333.3886164,0.0,-36.73624098,9.293314815
2025-10-04 21:45:00+00:00,403.137491,0.0,22.2,427.6853655,0.0,21.9,12.1,337.8950368,0.0,-37.6514966,9.24732568
2025-10-04 22:00:00+00:00,403.6897727,0.0,22.2,427.7429443,0.0,21.9,12.1,342.6277597,0.0,-38.43537157,9.232666667
2025-10-04 22:15:00+00:00,403.1255021,0.0,22.2,427.0113333,0.0,21.9,12.1,347.4026211,0.0,-38.98556333,9.350428571
2025-10-04 22:30:00+00:00,403.6073804,0.0,22.2,427.0229323,0.0,21.9,12.1,352.236182,0.0,-39.41020408,9.323371599
2025-10-04 22:45:00+00:00,403.0275421,0.0,22.2,425.8157143,0.0,21.9,12.175,356.7910476,0.0,-39.62,9.365641026
2025-10-04 23:00:00+00:00,401.9046185,0.0,22.2,426.3574844,0.0,21.9,12.2,27.66871135,0.0,-39.67785714,9.362987735
2025-10-04 23:15:00+00:00,401.9373737,0.0,22.2,424.9705312,0.0,21.9,12.2,6.311677767,0.0,-39.54962682,9.601261539
2025-10-04 23:30:00+00:00,401.4822167,0.0,22.2,424.7272155,0.0,21.9,12.20178571,11.15138786,0.0,-39.22812925,9.616132653
2025-10-04 23:45:00+00:00,401.4465324,0.0,22.2,424.6173508,0.0,21.9,12.3,16.00917989,0.0,-38.69822222,9.5325
2025-10-05 00:00:00+00:00,400.9928326,0.0,22.2,424.7587044,0.0,21.9,12.3,20.50165816,0.0,-38.08173186,9.472857143
2025-10-05 00:15:00+00:00,400.7971007,0.0,22.2,425.1994427,0.0,21.9,12.3,25.01712715,0.0,-37.2424284,9.540507937
2025-10-05 00:30:00+00:00,399.7063066,0.0,22.2,424.5969719,0.0,21.88459524,12.3,29.8332967,0.0,-36.18670635,9.658644485
2025-10-05 00:45:00+00:00,399.2676525,0.0,22.2,423.8438059,0.0,21.9,12.3,34.04944738,0.0,-35.08798701,9.635974026
2025-10-05 01:00:00+00:00,399.4939168,0.0,22.2,423.5111924,0.0,21.86916667,12.3,38.37020491,0.0,-33.77591005,9.607984849
2025-10-05 01:15:00+00:00,399.1027441,0.0,22.2,423.2846539,0.0,21.87814626,12.3,42.37111833,0.0,-32.45205628,9.669258242
2025-10-05 01:30:00+00:00,398.869881,0.0,22.2,423.1538499,0.0,21.83009524,12.3,46.17842857,0.0,-31.05371212,9.749416667
2025-10-05 01:45:00+00:00,397.6322234,0.0,22.2,422.8911565,0.0,21.8,12.3,50.43387755,0.0,-29.305,9.8435
2025-10-05 02:00:00+00:00,397.9249406,0.0,22.10888889,421.8415963,0.0,21.81,12.3,54.12267353,0.0,-27.63760684,9.9268
2025-10-05 02:15:00+00:00,399.1140729,0.0,22.12797619,422.2213035,0.0,21.8,12.22142857,57.61333333,0.0,-25.93570192,10.00004329
2025-10-05 02:30:00+00:00,397.9985606,0.0,22.1,421.6036491,0.0,21.8,12.2,61.24713675,0.0,-24.08279582,10.1
2025-10-05 02:45:00+00:00,397.6016746,0.0,22.1,420.9937053,0.0,21.80714286,12.2,64.68545918,0.0,-22.21431406,10.13352093
2025-10-05 03:00:00+00:00,396.8399635,0.0,22.1,420.8577394,0.0,21.81444444,12.2,68.1873895,0.0,-20.19011785,10.16421837
2025-10-05 03:15:00+00:00,396.4310264,0.0,22.1,420.1798108,0.0,21.8,12.23238095,71.65238095,0.0,-18.13720899,10.17218182
2025-10-05 03:30:00+00:00,396.9844448,0.0,22.1,420.0959964,0.0,21.8,12.3,74.91078515,0.0,-16.05812075,10.2
2025-10-05 03:45:00+00:00,396.5770655,0.0,22.1,418.8216566,0.0,21.8,12.3,78.21925926,0.0,-13.92051852,10.15066667
2025-10-05 04:00:00+00:00,396.3916608,0.0,22.1,419.0425401,0.0,21.8,12.31428571,81.31972789,0.0,-11.84937642,10.18014172
2025-10-05 04:15:00+00:00,395.8929825,0.0,22.1,418.3617681,0.0,21.8,12.4,84.16787879,0.0,-9.953419913,10.16169697
2025-10-05 04:30:00+00:00,394.7660714,0.0,22.1,418.1031813,0.0,21.8,12.4,87.66315193,0.0,-7.53877551,10.71405896
2025-10-05 04:45:00+00:00,395.2914717,0.0,22.1,417.9629141,0.0,21.8,12.4,90.62253968,0.0,-5.464312169,10.65854359
2025-10-05 05:00:00+00:00,394.2259574,0.0,22.1,416.50686,0.0,21.8,12.4,93.75386905,0.071869007,-3.326785714,10.63128571
2025-10-05 05:15:00+00:00,394.4541545,0.0,22.1,416.847363,0.0,21.8,12.4,96.83166667,0.796589744,-1.19239418,10.55555556
2025-10-05 05:30:00+00:00,394.2081807,0.0,22.1,417.7125024,0.0,21.8,12.4,100.015873,3.031246,0.909246032,10.57958333
2025-10-05 05:45:00+00:00,394.0089286,0.0,22.1,416.9864177,0.0,21.8,12.48571429,103.1631548,6.485815409,3.024427438,10.59829082
2025-10-05 06:00:00+00:00,393.9988165,0.0,22.1,415.6416865,0.0,21.8,12.5,105.7508298,10.67256012,4.741403263,10.58753918
2025-10-05 06:15:00+00:00,393.6518958,0.0,22.1,416.0542421,0.0,21.8,12.50102041,109.3768849,22.18724212,7.093968254,10.67928571
2025-10-05 06:30:00+00:00,394.1434921,0.0,22.1,415.660285,0.0,21.80909091,12.63333333,112.4817446,38.52400442,9.042730122,10.72873016
2025-10-05 06:45:00+00:00,393.96146,0.0,22.15357143,415.7594444,0.0,21.9,12.6,115.67516,55.77257995,10.96002268,10.89671202
2025-10-05 07:00:00+00:00,392.453369,0.0,22.18,415.6438258,0.0,21.9,12.6,119.171746,116.1792226,12.99624339,11.13992593
2025-10-05 07:15:00+00:00,392.9036338,0.0,22.2,415.5951373,0.0,21.9,12.6,122.2609524,189.0724112,14.66897959,11.35428571
2025-10-05 07:30:00+00:00,393.3790549,0.0,22.2,416.0,0.0,21.9,12.96,125.6583915,92.75671099,16.47368609,11.19432839
2025-10-05 07:45:00+00:00,392.0015081,0.0,22.2,415.3745275,0.0,21.9,13.75,129.4643963,153.5504153,18.34297902,11.25127119
2025-10-05 08:00:00+00:00,392.5103268,0.0,22.2,414.9752931,0.0,21.9,16.375,133.0091667,179.3295597,19.93111111,11.75725926
2025-10-05 08:15:00+00:00,391.9,0.0,22.2,414.8402998,0.0,21.95688889,15.84888889,136.8079894,160.9236102,21.53256614,12.13143915
2025-10-05 08:30:00+00:00,391.9353984,0.0,22.2,415.0384615,0.0,22.0,13.92047619,140.5247421,158.9902586,22.95265306,12.15884972
2025-10-05 08:45:00+00:00,391.2551235,0.0,22.29107143,414.8835447,0.0,22.0,13.55072279,144.1011197,285.4309768,24.17044444,12.51900655
2025-10-05 09:00:00+00:00,390.9571719,0.0,22.33571429,414.5510256,0.0,22.00244898,13.35964286,148.0288776,199.8383342,25.4156371,12.82607143
2025-10-05 09:15:00+00:00,391.5369462,0.0,22.4,415.1413614,0.0,22.08,13.24385185,152.1213064,156.2691315,26.53030784,12.92017677
2025-10-05 09:30:00+00:00,391.1785306,0.0,22.4,414.7314967,0.0,22.1,13.1,156.2864469,218.7837195,27.46785714,13.03795918
2025-10-05 09:45:00+00:00,391.1984049,0.0,22.4,415.5879902,0.0,22.1,13.10714286,160.1488603,133.1703022,28.22811111,12.85453956
2025-10-05 10:00:00+00:00,391.8055556,0.0,22.4,415.0207185,0.0,22.1,13.2,164.3618033,396.3881554,28.93152744,12.8419212
2025-10-05 10:15:00+00:00,391.1455556,0.0,22.4284127,414.9114971,0.0,22.1,13.32074074,168.5579444,446.3479964,29.43796825,13.28698006
2025-10-05 10:30:00+00:00,389.8620885,0.0,22.5,415.4648662,0.0,22.108,13.4043956,173.012094,385.2446046,29.80171717,13.39017151
2025-10-05 10:45:00+00:00,390.0,0.0,22.5,415.4946239,0.0,22.2,13.52621429,176.71,403.4355033,29.97,13.38411111
2025-10-05 11:00:00+00:00,389.9648536,0.0,22.5,414.8928664,0.0,22.2,13.6,181.5035381,187.7365842,30.0,13.50596707
2025-10-05 11:15:00+00:00,390.3889568,0.0,22.5,414.8169486,0.0,22.2,13.87286325,185.7876286,329.8539376,29.87754121,13.58358036
2025-10-05 11:30:00+00:00,390.6219517,0.0,22.5,414.5102045,0.0,22.2,14.56,190.0533757,278.8849389,29.60228571,13.72813333
2025-10-05 11:45:00+00:00,389.9532634,0.0,22.5,414.4127165,0.0,22.22142857,14.11632653,194.0845532,484.8880766,29.16637987,13.91919913
2025-10-05 12:00:00+00:00,390.0186282,0.0,22.5,413.5587352,0.0,22.3,14.05,198.4362963,530.2978477,28.51944444,14.30295238
2025-10-05 12:15:00+00:00,390.2428395,0.0,22.5,415.3294458,0.0,22.3,14.43333333,202.5302857,196.245395,27.77589418,13.71737222
2025-10-05 12:30:00+00:00,390.4975649,0.0,22.5,414.119568,0.0,22.3,14.3,206.8073554,172.0135527,26.86945578,13.46565971
2025-10-05 12:45:00+00:00,390.0992677,0.0,22.56666667,414.1681319,0.0,22.31666667,14.48888889,210.6293704,209.2647016,25.86930303,13.63703028
2025-10-05 13:00:00+00:00,389.924377,0.0,22.6,415.0,0.0,22.4,14.52072846,214.1223102,128.0947938,24.83592095,13.21946625
2025-10-05 13:15:00+00:00,390.8120843,0.0,22.6,415.147853,0.0,22.4,14.58095238,218.1843829,147.4260213,23.51039966,12.81081633
2025-10-05 13:30:00+00:00,390.7808518,0.0,22.6,414.1893074,0.0,22.4,14.8,222.1787662,99.37848271,22.02385281,12.69750168
2025-10-05 13:45:00+00:00,390.4378808,0.0,22.6,415.7903215,0.0,22.36975926,14.8,225.9993607,76.32840621,20.45326618,12.64263203
2025-10-05 14:00:00+00:00,391.6370184,0.0,22.6,415.0292576,0.0,22.32007937,14.8,229.2965188,88.75659925,18.97317821,12.71631944
2025-10-05 14:15:00+00:00,392.1297222,0.0,22.6,416.3064434,0.0,22.33333333,14.81466667,233.0475152,81.63534275,17.21011905,12.82461111
2025-10-05 14:30:00+00:00,391.8532521,0.0,22.6,415.5813787,0.0,22.32307692,14.825,236.4135714,125.7098556,15.47642857,12.76928571
2025-10-05 14:45:00+00:00,391.8907487,0.0,22.6,416.5880522,0.0,22.4,14.78714286,239.6605774,80.84255106,13.73847811,12.98262576
2025-10-05 15:00:00+00:00,392.8944823,0.0,22.6,417.2280451,0.0,22.39214286,15.15119048,242.9381205,44.46926589,11.84712138,12.81405092
2025-10-05 15:15:00+00:00,393.2565936,0.0,22.6,417.9736206,0.0,22.3,16.955,246.2076667,28.59995527,9.892410256,12.68238928
2025-10-05 15:30:00+00:00,392.7104086,0.0,22.53964286,417.8446845,0.0,22.3,15.35571429,249.3191468,17.36207766,7.947307256,12.66659722
2025-10-05 15:45:00+00:00,392.6867155,0.0,22.5,418.0300437,0.0,22.3,15.08253968,252.7028254,10.8968926,5.777536075,12.25350265
2025-10-05 16:00:00+00:00,394.1551743,0.0,22.5,418.4562822,0.0,22.29166667,14.78,256.0200344,10.2948791,3.626539683,11.96670899
2025-10-05 16:15:00+00:00,393.494425,0.0,22.5,417.9490139,0.0,22.2,14.64428571,259.0633673,6.924513687,1.53579932,11.99867347
2025-10-05 16:30:00+00:00,393.4537566,0.0,22.5,417.8858054,0.0,22.2,14.58,262.0972487,1.468696506,-0.435502646,11.92148148
2025-10-05 16:45:00+00:00,392.8260088,0.0,22.48188776,417.7120253,0.0,22.2,14.5,265.1879762,0.277036525,-2.561765615,11.865161
2025-10-05 17:00:00+00:00,394.5622127,0.0,22.4,418.3466895,0.0,22.2,14.47222222,268.180246,0.0,-4.657073297,11.82329619
2025-10-05 17:15:00+00:00,393.8872446,0.0,22.4,417.5751134,0.0,22.12857143,14.31818182,271.4007937,0.0,-6.885359977,11.51597506
2025-10-05 17:30:00+00:00,394.2889327,0.0,22.4,417.2231737,0.0,22.1,14.3,274.3172975,0.0,-8.90474988,11.36519108
2025-10-05 17:45:00+00:00,393.214062,0.0,22.4,416.8021341,0.0,22.1,14.13928571,277.6582993,0.0,-11.1879932,11.32576531
2025-10-05 18:00:00+00:00,393.5686678,0.0,22.4,417.7315164,0.0,22.1,14.09285714,280.6731429,0.0,-13.21384656,11.49457143
2025-10-05 18:15:00+00:00,394.3240601,0.0,22.4,417.9789775,0.0,22.08571429,13.94047619,283.8139456,0.0,-15.26547619,11.46868687
2025-10-05 18:30:00+00:00,393.8251852,0.0,22.4,417.4549343,0.0,22.0,13.9,287.2368601,0.0,-17.44858142,11.43897436
2025-10-05 18:45:00+00:00,393.2570743,0.0,22.4,417.9985755,0.0,22.0,13.80111111,290.5666883,0.0,-19.48830688,11.40097205
2025-10-05 19:00:00+00:00,392.3003716,0.0,22.36220238,417.6872664,0.0,22.0,13.8,293.8024867,0.0,-21.41663486,11.39180628
2025-10-05 19:15:00+00:00,393.0887669,0.0,22.3,417.2437394,0.0,22.0,13.75111111,297.336,0.0,-23.39143699,11.51984697
2025-10-05 19:30:00+00:00,393.2377175,0.0,22.3,416.3589601,0.0,22.0,13.62142857,301.124966,0.0,-25.41965703,11.59655123
2025-10-05 19:45:00+00:00,392.5928914,0.0,22.3,417.2052829,0.0,22.0,13.6,304.5078872,0.0,-27.09228956,11.48991162
2025-10-05 20:00:00+00:00,392.3916964,0.0,22.3,417.4668754,0.0,21.95,13.59166667,308.4132479,0.0,-28.87066981,11.20387834
2025-10-05 20:15:00+00:00,392.9861111,0.0,22.3,415.8596256,0.0,21.9,13.5,312.18,0.0,-30.53333333,11.382
2025-10-05 20:30:00+00:00,393.0522367,0.0,22.21734694,416.0701754,0.0,21.9,13.42619048,316.4229076,0.0,-32.18146336,11.7
2025-10-05 20:45:00+00:00,392.6269725,0.0,22.24666667,416.1283821,0.0,21.9,13.4,319.9896104,0.0,-33.3965368,11.52666667
2025-10-05 21:00:00+00:00,391.296046,0.0,22.2,416.0603106,0.0,21.9,13.37142857,324.4061054,0.0,-34.83184807,11.52857143
2025-10-05 21:15:00+00:00,392.4177603,0.0,22.2,416.1803623,0.0,21.9,13.3,328.8807925,0.0,-36.08880808,11.79447353
2025-10-05 21:30:00+00:00,392.1401129,0.0,22.2,416.4010493,0.0,21.9,13.3,333.343943,0.0,-37.14449546,11.99142857
2025-10-05 21:45:00+00:00,391.8580093,0.0,22.2,415.7492857,0.0,21.9,13.2852381,337.8593584,0.0,-38.03659392,12.17725926
2025-10-05 22:00:00+00:00,391.8040476,0.0,22.2,415.7152456,0.0,21.86666667,13.2,342.6767989,0.0,-38.79545455,12.3
2025-10-05 22:15:00+00:00,391.1273213,0.0,22.2,415.9196522,0.0,21.8047619,13.2,347.1766307,0.0,-39.37506002,12.356719
2025-10-05 22:30:00+00:00,391.7298413,0.0,22.2,415.5289539,0.0,21.8,13.2,351.9993336,0.0,-39.78855387,12.43735161
2025-10-05 22:45:00+00:00,391.7136495,0.0,22.13571429,415.9487416,0.0,21.8,13.2,357.0726864,0.0,-40.01102041,12.27061224
2025-10-05 23:00:00+00:00,392.0499048,0.0,22.16888889,415.7457397,0.0,21.8,13.2,22.80388837,0.0,-40.07185185,12.272
2025-10-05 23:15:00+00:00,391.2290796,0.0,22.12946429,415.7365135,0.0,21.8,13.26363636,6.611904762,0.0,-39.91209416,12.15626374
2025-10-05 23:30:00+00:00,391.7703866,0.0,22.11805556,415.8204397,0.0,21.8,13.32666667,11.40113348,0.0,-39.58050866,12.18475661
2025-10-05 23:45:00+00:00,392.3163813,0.0,22.13452381,415.667612,0.0,21.8,13.4,16.03560091,0.0,-39.09220985,12.17216466
2025-10-06 00:00:00+00:00,392.2389743,0.0,22.1,416.2268288,0.0,21.75410101,13.4,20.67268687,0.0,-38.42384512,12.37339627
2025-10-06 00:15:00+00:00,392.5032264,0.0,22.1,416.0462825,0.0,21.71333333,13.4,25.47875132,0.0,-37.55931217,12.49362116
2025-10-06 00:30:00+00:00,392.8052721,0.0,22.1,415.9356009,0.0,21.7,13.4,30.04032029,0.0,-36.55982143,12.63441752
2025-10-06 00:45:00+00:00,392.394127,0.0,22.1,415.288093,0.0,21.7,13.4,34.27817989,0.0,-35.43216667,12.65114286
2025-10-06 01:00:00+00:00,393.0609552,0.0,22.1,415.4196503,0.0,21.7,13.4,38.56032759,0.0,-34.16617063,12.5373254
2025-10-06 01:15:00+00:00,393.034587,0.0,22.1,415.9363858,0.0,21.7,13.4,42.45304762,0.0,-32.83890909,12.41233333
2025-10-06 01:30:00+00:00,393.2043908,0.0,22.1,415.012987,0.0,21.65,13.4,46.33901515,0.0,-31.39572511,12.23662463
2025-10-06 01:45:00+00:00,393.2420022,0.0,22.1,415.2370917,0.0,21.7,13.4,50.34312169,0.0,-29.75015873,12.28161905
2025-10-06 02:00:00+00:00,392.1393338,0.0,22.1,415.1762247,0.0,21.7,13.4,54.52721693,0.0,-27.89225397,12.40575476
2025-10-06 02:15:00+00:00,392.7941176,0.0,22.1,415.4009588,0.0,21.7,13.4,58.20986395,0.0,-26.07835884,12.34454365
2025-10-06 02:30:00+00:00,394.594537,0.0,22.11047619,422.960117,0.0,21.716,13.4,61.70621429,0.0,-24.24948942,12.2
2025-10-06 02:45:00+00:00,407.0280664,0.0,22.2097619,447.0823275,0.0,21.89234694,13.4,65.25204082,0.0,-22.33339002,12.13104257
2025-10-06 03:00:00+00:00,418.8243803,44.45100085,22.29844444,451.4574359,52.08387464,22.14369048,14.12,68.63659885,0.0,-20.37678114,12.05851852
2025-10-06 03:15:00+00:00,423.2867314,61.99253663,22.45714286,452.2027456,63.71466514,22.41428571,19.4,71.8197619,0.0,-18.46887755,11.95587302
2025-10-06 03:30:00+00:00,426.8709259,62.34934473,22.43571429,453.7639971,63.43445331,22.39333333,18.16893424,75.096,0.0,-16.3775,11.62627778
2025-10-06 03:45:00+00:00,430.5974189,62.50561605,22.44017094,457.5911346,64.11804981,22.3,17.66153846,78.1914389,0.0,-14.39138278,11.44461407
2025-10-06 04:00:00+00:00,433.9098988,63.22540486,22.31566327,463.0574797,63.28297918,22.3,17.71571429,81.55128669,0.0,-12.17196191,11.37422619
2025-10-06 04:15:00+00:00,436.2899133,63.24397926,22.30355556,467.3217467,63.55662085,22.23333333,17.848,84.63353439,0.0,-10.09027778,11.33031746
2025-10-06 04:30:00+00:00,439.3201338,62.77854824,22.39591837,470.7488662,63.2611867,22.17539683,17.53469388,87.94805556,0.0,-7.797018141,11.24385714
2025-10-06 04:45:00+00:00,443.6955636,63.12447415,22.39333333,473.1823472,63.0071559,22.1,17.52761905,90.97475661,0.0,-5.707698413,11.18896667
2025-10-06 05:00:00+00:00,450.0921717,63.19067854,22.38571429,481.06625,63.44060906,22.1,17.67440476,94.13859977,0.02,-3.504938157,11.07594898
2025-10-06 05:15:00+00:00,455.822416,62.60568376,22.3852381,501.8575907,63.63700093,22.13521569,17.59666667,97.05392857,0.430962234,-1.477444444,11.01377566
2025-10-06 05:30:00+00:00,479.6869709,62.93223623,22.42904762,542.6352576,63.65937065,22.2,17.44666667,100.3699259,2.182312235,0.706679894,11.03733333
2025-10-06 05:45:00+00:00,503.2114554,64.06330224,22.45130952,584.7596972,63.36486182,22.355,17.4,103.3557594,6.034667669,2.690573593,11.18418651
2025-10-06 06:00:00+00:00,556.1360889,63.70715951,22.47333333,647.9580828,62.07120552,22.3962963,17.4784127,106.5984868,10.8774476,4.852476191,11.36805128
2025-10-06 06:15:00+00:00,602.1856042,63.96982714,22.41809524,695.6474923,62.70963014,22.51428571,17.58571429,109.3769133,15.51839927,6.644509895,11.51810516
2025-10-06 06:30:00+00:00,571.3249877,63.88612503,22.7,631.3597672,62.47177953,22.46461538,17.67619048,112.448127,18.8803585,8.59368254,11.44119888
2025-10-06 06:45:00+00:00,568.5704348,61.25831245,22.63530612,615.1779747,64.23700506,22.43831169,17.44120748,115.9056834,29.28768079,10.64875541,11.27537812
2025-10-06 07:00:00+00:00,589.925807,63.65926573,22.76116667,656.216716,63.68037037,22.57797619,17.4,119.465664,29.93893579,12.71677249,11.43121693
2025-10-06 07:15:00+00:00,662.1483937,63.08670635,22.9172619,738.3283275,67.44387755,22.80595238,17.4,122.7772109,23.89328227,14.55102041,11.25392857
2025-10-06 07:30:00+00:00,739.254795,61.66203704,22.95174603,857.566892,135.2029915,23.17155556,17.29,126.1793333,28.14754151,16.28060317,11.24916667
2025-10-06 07:45:00+00:00,771.8233891,61.7247166,23.04904762,866.7591538,150.6300586,23.14666667,16.92333333,129.7486376,57.70397154,18.02032011,11.34900216
2025-10-06 08:00:00+00:00,775.8443561,60.94246693,23.23346939,826.5529567,112.1060369,23.03673469,16.86428571,133.3523783,54.66593583,19.65907313,11.41342229
2025-10-06 08:15:00+00:00,749.822621,61.42,23.31142857,748.3299625,70.91234393,23.15,17.2,136.7833862,50.88028326,21.12512169,11.4
2025-10-06 08:30:00+00:00,764.8278912,61.29374014,23.49285714,759.5048258,71.71249191,23.23401361,17.51270408,140.632987,64.36562855,22.57861472,11.46469246
2025-10-06 08:45:00+00:00,795.0295519,76.14501425,23.38666667,824.037027,100.2871018,23.3,18.43,144.2951429,65.18600971,23.84555556,11.686
2025-10-06 09:00:00+00:00,802.399698,77.8489011,23.43095238,855.7750925,140.3663808,23.36607143,18.73163265,148.103608,236.0514623,25.04753659,11.95244444
2025-10-06 09:15:00+00:00,789.417037,68.40860696,23.55869697,878.3643865,162.5337034,23.5464531,18.80888889,152.3097131,196.5320315,26.1465683,12.59473675
2025-10-06 09:30:00+00:00,774.407864,65.54701581,23.56045597,869.8641252,164.375959,23.60714286,19.28237013,156.2001133,151.2307877,27.08121166,12.47032877
2025-10-06 09:45:00+00:00,761.8128193,64.86723962,23.67555556,834.2579718,138.5540675,23.637,19.46666667,160.4458995,228.7301023,27.88666667,12.44266667
2025-10-06 10:00:00+00:00,732.8477981,65.63163785,23.71507937,767.2050858,90.28909126,23.6,19.58571429,164.3801984,304.9127165,28.52327098,12.71998557
2025-10-06 10:15:00+00:00,696.3588843,65.73329966,23.83921769,712.9801855,65.87336374,23.45084921,19.84608844,168.7101239,282.7213366,29.05117484,12.83684343
2025-10-06 10:30:00+00:00,677.1455645,66.68697731,23.70714286,729.1902938,65.17556113,23.42857143,19.9797619,172.6522211,216.6721134,29.37587413,12.99410589
2025-10-06 10:45:00+00:00,659.0746504,66.14180919,23.88666667,716.0460544,64.49746476,23.56666667,20.38666667,177.2389683,398.940644,29.58222222,13.26063004
2025-10-06 11:00:00+00:00,676.9599206,66.93041383,23.87678571,728.8108445,64.13998799,23.6,20.52857143,181.332197,310.3452532,29.6,13.59524892
2025-10-06 11:15:00+00:00,701.0129856,66.21758266,23.93289683,745.6797839,62.90626421,23.67555556,20.29472222,185.7574603,222.216339,29.52222222,13.40933333
2025-10-06 11:30:00+00:00,716.7819303,65.60867704,23.97857143,774.5676373,63.53843627,23.76326531,20.39464286,189.9274387,178.0753287,29.24218718,13.09972944
2025-10-06 11:45:00+00:00,706.2234657,66.44824435,24.1,760.8575532,68.90449476,23.63766667,20.29566667,193.9719471,112.5993829,28.79834578,13.06113943
2025-10-06 12:00:00+00:00,716.8536592,77.20257339,24.18997449,723.7153809,65.41651219,23.7,20.34487179,198.431367,173.9397399,28.12071629,12.66181633
2025-10-06 12:15:00+00:00,726.4360396,93.50259259,24.18611111,720.039896,65.09671865,23.76166667,20.58507937,202.5610053,316.5382538,27.38851852,13.25407407
2025-10-06 12:30:00+00:00,730.5383199,108.2219292,24.04198413,737.586595,65.1847066,23.67333333,20.38333333,206.7801481,134.1476684,26.45478788,13.27666667
2025-10-06 12:45:00+00:00,705.7482756,119.102005,24.1709596,700.7321185,64.71380805,23.65190476,20.28810606,210.5072902,80.78072813,25.50140074,12.93299382
2025-10-06 13:00:00+00:00,687.3162848,137.8787831,24.1125,675.8098161,65.06718696,23.55933333,20.37857143,214.3124762,87.44862866,24.34715608,12.58037302
2025-10-06 13:15:00+00:00,662.6725157,143.5050064,24.06678571,652.266198,64.41334289,23.56897959,20.48,217.7998299,174.2717221,23.2028757,12.64166667
2025-10-06 13:30:00+00:00,624.7248553,140.7007123,23.92,626.254099,64.55697139,23.54,20.3,222.1217929,104.3858456,21.60772727,13.1
2025-10-06 13:45:00+00:00,595.6408203,135.3903353,23.9,606.470701,65.65835754,23.40769231,20.30934066,225.7922591,84.058805,20.12646659,13.01480963
2025-10-06 14:00:00+00:00,563.4651254,71.47065437,23.83333333,586.3309537,70.54171754,23.38977778,20.83983333,229.3132313,103.5892664,18.55983217,13.14571429
2025-10-06 14:15:00+00:00,543.3179924,65.95632683,23.71309524,571.0898903,65.93053619,23.3,21.18214286,232.8495578,62.20615034,16.87292517,13.19095238
2025-10-06 14:30:00+00:00,531.4877481,66.27972944,23.67333333,557.6607671,66.04843675,23.25925926,20.73333333,236.2374417,47.17442322,15.13557065,13.22515354
2025-10-06 14:45:00+00:00,519.157075,65.67405769,23.6,546.4438249,65.98663489,23.18666667,20.75714286,239.6218376,56.5036423,13.29377493,13.30104762
2025-10-06 15:00:00+00:00,510.7760471,59.65031794,23.59880952,537.5057442,66.20716184,23.1,21.11190476,242.9081728,51.82257672,11.43927489,13.34142857
2025-10-06 15:15:00+00:00,503.0913059,61.84075272,23.5047619,529.4338665,65.37031196,23.1,21.39333333,246.0631305,41.37988327,9.533505051,13.21296258
2025-10-06 15:30:00+00:00,497.6482993,59.39826007,23.45952381,522.4286367,65.01560502,23.09285714,21.4,249.1438776,26.01448127,7.680187075,13.15040391
2025-10-06 15:45:00+00:00,493.8284317,60.93050635,23.38666667,520.1989282,66.22843024,23.0,21.568,252.4446852,16.20004925,5.535462963,13.1
2025-10-06 16:00:00+00:00,490.1485918,60.14984718,23.4,499.3718809,65.83192155,23.0,21.87244898,255.7438832,10.09257622,3.329532313,13.12857143
2025-10-06 16:15:00+00:00,487.0724032,59.56313329,23.38666667,496.2764439,65.56235297,22.91333333,21.69466667,258.8392516,3.482932623,1.2395,13.09833333
2025-10-06 16:30:00+00:00,483.9827506,65.46547619,23.3,493.3714359,65.76736476,22.81428571,21.94416667,261.9675928,0.985942896,-0.791621315,13.04157674
2025-10-06 16:45:00+00:00,481.7716544,65.47594211,23.23066667,491.0497741,66.43179623,22.7525,22.14,264.941531,0.220277204,-2.855906205,13.0
2025-10-06 17:00:00+00:00,479.133638,64.98651051,23.2,489.6361472,66.80236191,22.7,22.12714286,267.9139691,0.007356814,-4.939255407,12.98122449
2025-10-06 17:15:00+00:00,477.6958535,66.02172703,23.11925926,487.6683047,65.40827521,22.66666667,21.97980442,271.079315,0.0,-7.14571201,12.78416667
2025-10-06 17:30:00+00:00,474.8159961,64.94499044,23.1,486.6574467,64.38126797,22.6,21.9,274.0326106,0.0,-9.175694444,12.55886706
2025-10-06 17:45:00+00:00,474.320461,65.14991148,23.01222222,485.3994169,65.55131596,22.6,21.9,277.4043918,0.0,-11.48596032,12.29292756
2025-10-06 18:00:00+00:00,474.0452154,65.44381086,23.0,484.247619,65.92982619,22.6,21.9,280.5061395,0.0,-13.57708436,12.15048962
2025-10-06 18:15:00+00:00,473.5084987,65.61678062,22.98,485.041449,66.07760807,22.55333333,21.94968254,283.6279242,0.0,-15.62168687,12.1126165
2025-10-06 18:30:00+00:00,472.7908493,65.91753651,22.9,485.2753679,65.48787355,22.5,21.98,286.6871266,0.0,-17.58655844,12.06011905
2025-10-06 18:45:00+00:00,472.5399291,65.72115588,22.9,485.1743778,66.26376213,22.49733333,21.9,290.3346818,0.0,-19.84983333,12.42208333
2025-10-06 19:00:00+00:00,472.1211383,11.31428571,22.87111111,484.4085162,12.20346599,22.42623016,21.88666667,293.8238139,0.0,-21.87848718,12.11922121
2025-10-06 19:15:00+00:00,471.69539,0.0,22.8,484.4524158,0.0,22.4,21.75192308,296.9444444,0.0,-23.61984127,11.73492063
2025-10-06 19:30:00+00:00,471.0705159,0.0,22.8,484.3706404,0.0,22.4,21.33866667,300.9994921,0.0,-25.79525926,11.82820952
2025-10-06 19:45:00+00:00,469.9794942,0.0,22.73846154,484.1679957,0.0,22.4,20.57433455,304.5568452,0.0,-27.54786255,11.81558036
2025-10-06 20:00:00+00:00,470.0143682,0.0,22.7,482.1980837,0.0,22.33333333,19.64307692,308.2037338,0.0,-29.24893506,11.67872222
2025-10-06 20:15:00+00:00,469.0886526,0.0,22.69285714,481.9586813,0.0,22.3,18.76109127,312.2579914,0.0,-30.98009173,11.63392022
2025-10-06 20:30:00+00:00,467.7244667,0.0,22.6,481.2603194,0.0,22.3,17.93904762,316.1453463,0.0,-32.5043254,11.47188889
2025-10-06 20:45:00+00:00,468.0966282,0.0,22.6,480.7397341,0.0,22.28571429,17.26632653,320.0605069,0.0,-33.87091837,11.40122449
2025-10-06 21:00:00+00:00,465.8181882,0.0,22.6,478.4306865,0.0,22.20083333,16.64309524,324.4046138,0.0,-35.22999735,11.4877138
2025-10-06 21:15:00+00:00,465.6083506,0.0,22.6,478.5286951,0.0,22.2,16.06845238,328.9334325,0.0,-36.48640873,11.63194444
2025-10-06 21:30:00+00:00,464.9732077,0.0,22.6,477.7611349,0.0,22.2,15.5610119,333.3018259,0.0,-37.54754401,11.44692063
2025-10-06 21:45:00+00:00,463.4105882,0.0,22.57888889,476.3938721,0.0,22.2,15.20666667,338.0367302,0.0,-38.47426455,11.06976878
2025-10-06 22:00:00+00:00,463.1391894,0.0,22.57435897,475.2766917,0.0,22.2,14.92307692,342.753424,0.0,-39.19455782,10.82232143
2025-10-06 22:15:00+00:00,462.3418574,0.0,22.55147619,474.4219503,0.0,22.13511111,14.686,347.2468394,0.0,-39.77181611,10.93496008
2025-10-06 22:30:00+00:00,462.1318164,0.0,22.5,473.7221487,0.0,22.1,14.53142857,352.2854592,0.0,-40.20522959,10.95612245
2025-10-06 22:45:00+00:00,460.8164147,0.0,22.5,472.968952,0.0,22.1,14.381,356.9274929,0.0,-40.3825,10.90593962
2025-10-06 23:00:00+00:00,460.4276701,0.0,22.5,472.2732454,0.0,22.1,14.23571429,27.61044218,0.0,-40.4,10.86403061
2025-10-06 23:15:00+00:00,459.5514667,0.0,22.47623016,471.3771863,0.0,22.1,14.17623016,5.828121212,0.0,-40.31369963,10.83838477
2025-10-06 23:30:00+00:00,458.5901361,0.0,22.4,470.4579575,0.0,22.07363946,14.00428571,11.34452381,0.0,-39.96285714,10.87766234
2025-10-06 23:45:00+00:00,459.5399534,0.0,22.4,469.2080807,0.0,22.02952381,13.9,16.36511111,0.0,-39.43687831,10.96127273
2025-10-07 00:00:00+00:00,458.9296841,0.0,22.4,469.5821278,0.0,22.0,13.88461538,21.18480556,0.0,-38.7427381,11.0386841
2025-10-07 00:15:00+00:00,456.6403319,0.0,22.4,468.4081787,0.0,22.0,13.79166667,25.54286073,0.0,-37.9318579,11.10482895
2025-10-07 00:30:00+00:00,455.4458249,0.0,22.4,466.6949495,0.0,22.0,13.7,30.26066667,0.0,-36.87422222,11.17196825
2025-10-07 00:45:00+00:00,454.1501534,0.0,22.4,466.2013003,0.0,22.0,13.7,34.27785817,0.0,-35.83805916,11.29890414
2025-10-07 01:00:00+00:00,454.1452458,0.0,22.36966236,466.5667678,0.0,21.97936813,13.7,38.12996459,0.0,-34.65629335,11.3820408
2025-10-07 01:15:00+00:00,452.9172554,0.0,22.30142857,464.7286983,0.0,21.92089286,13.7,42.97253659,0.0,-33.05680014,11.42107143
2025-10-07 01:30:00+00:00,452.569537,0.0,22.3,463.9880554,0.0,21.9,13.7,46.90059836,0.0,-31.59091294,11.26949841
2025-10-07 01:45:00+00:00,453.0752268,0.0,22.3,462.0042364,0.0,21.9,13.7,50.62508555,0.0,-30.03898552,11.2
2025-10-07 02:00:00+00:00,463.2382855,0.0,22.3,461.8543928,0.0,21.9,13.67333333,54.61910582,0.0,-28.26867725,11.2
2025-10-07 02:15:00+00:00,463.3599721,0.0,22.3,461.895098,0.0,21.9,13.6,58.34156746,0.0,-26.45544089,11.22660147
2025-10-07 02:30:00+00:00,464.5355341,0.0,22.265,473.2823441,0.0,21.90296296,13.6,61.86205128,0.0,-24.63128205,11.30410256
2025-10-07 02:45:00+00:00,469.4834665,0.0,22.4,480.9079743,0.0,21.9,13.6,65.30126134,0.0,-22.75374279,11.49298377
2025-10-07 03:00:00+00:00,474.0461523,38.00833333,22.4,484.2368759,39.42521368,21.88,14.84044444,68.76552646,0.0,-20.73851852,11.42576111
2025-10-07 03:15:00+00:00,478.5111304,65.11887566,22.4,481.7994603,67.87421456,22.0,19.90825397,72.17792088,0.0,-18.7095873,11.61333333
2025-10-07 03:30:00+00:00,478.0795209,65.53641796,22.4,479.6111433,67.98656076,21.84,20.81183983,75.22220446,0.0,-16.77225096,11.70455357
2025-10-07 03:45:00+00:00,478.4758588,65.58346415,22.43333333,478.8414448,67.77835868,21.8,20.91791667,78.46902357,0.0,-14.67558923,11.7975
2025-10-07 04:00:00+00:00,478.6972933,64.93154016,22.5,479.6634617,67.712495,21.85714286,21.21785714,81.67988946,0.0,-12.54504513,11.82020408
2025-10-07 04:15:00+00:00,481.1074074,65.41380471,22.31333333,480.0788949,67.77162356,21.9,23.46066667,84.93503367,0.0,-10.35182492,11.76578348
2025-10-07 04:30:00+00:00,481.9225899,65.90540868,22.36857143,482.2476274,68.78222653,21.94285714,25.90470779,88.25633478,0.0,-8.064365079,11.5983341
2025-10-07 04:45:00+00:00,483.7877451,65.97989418,22.4,486.2979666,68.28992157,22.04583333,24.33150794,91.24549784,0.0,-5.979350649,11.3947316
2025-10-07 05:00:00+00:00,492.5151786,65.65333377,22.39489796,493.3157081,67.31171923,22.03571429,21.73571429,94.43086529,0.071301175,-3.758021542,11.3
2025-10-07 05:15:00+00:00,507.9524542,64.45714286,22.53333333,507.1235088,67.87779001,22.32666667,21.62666667,97.48451587,0.521181327,-1.668678211,11.32696128
2025-10-07 05:30:00+00:00,538.5903644,65.0673404,22.63571429,542.7626328,64.09034623,22.53265306,22.03214286,100.4926587,2.51002268,0.350198413,11.33254945
2025-10-07 05:45:00+00:00,572.7723447,64.7999436,22.7,580.4415449,61.57956989,22.78314286,22.0647619,103.6820317,6.486668134,2.446444444,11.22533333
2025-10-07 06:00:00+00:00,600.9653902,62.57622766,22.55714286,609.2508783,59.44729199,22.81400742,22.0,106.603663,13.55599821,4.389880952,11.19378728
2025-10-07 06:15:00+00:00,623.6198227,64.62143189,22.81301587,642.8065059,60.98145122,23.02694444,22.0,109.6216402,33.72109003,6.369007937,11.19935613
2025-10-07 06:30:00+00:00,635.4303357,65.00538961,22.90809524,691.7940007,60.51272824,23.06253968,22.0,113.0988889,27.27339089,8.525,11.41066667
2025-10-07 06:45:00+00:00,655.1690975,64.58809524,22.98257937,718.4373302,60.57835786,23.16238095,22.01676587,116.2382937,37.92229217,10.41706349,11.5866369
2025-10-07 07:00:00+00:00,695.34939,64.4762127,23.095,769.2595533,68.80391737,23.11533333,22.07333333,119.6448016,49.43730026,12.37632784,11.74357143
2025-10-07 07:15:00+00:00,724.1449113,65.22420635,23.10535714,787.7725286,84.00343921,23.26190476,22.0,123.168388,65.97714174,14.32094027,11.87755102
2025-10-07 07:30:00+00:00,702.8341599,65.03050569,23.37142857,777.8078095,84.12009291,23.41693651,22.0,126.3699703,77.47017269,15.95362636,12.08729833
2025-10-07 07:45:00+00:00,708.2631236,64.09637188,23.4222449,775.8032107,64.46912963,23.40460317,22.08333333,129.9040584,97.25325402,17.66130952,12.30714286
2025-10-07 08:00:00+00:00,710.1472104,64.89054049,23.43977778,756.1872187,69.98589846,23.36452381,22.1,133.4929389,95.28642568,19.29983237,12.38845406
2025-10-07 08:15:00+00:00,734.0976757,74.8475798,23.52857143,785.1010917,74.91215351,23.5,22.1,137.0127711,114.5452831,20.76381725,12.63421589
2025-10-07 08:30:00+00:00,739.6765389,68.54333333,23.6,793.5034405,71.81441478,23.52111111,22.17666667,140.8707801,203.0156464,22.27132073,13.16697572
2025-10-07 08:45:00+00:00,743.2259259,62.64698413,23.65033333,831.6364447,110.3458597,23.7152381,22.36466667,144.8216838,152.5093939,23.61425641,13.49247975
2025-10-07 09:00:00+00:00,758.9651682,62.36797283,23.65816327,860.5670819,150.0839967,23.75,21.95297619,148.4774987,170.8397643,24.72738095,13.37901177
2025-10-07 09:15:00+00:00,762.6179691,62.66851371,23.73942857,835.6819843,137.571433,23.96465608,21.63333333,152.4561616,177.141762,25.83602694,13.6737037
2025-10-07 09:30:00+00:00,772.4859363,62.7563465,23.81410792,828.966684,134.6014843,23.97955988,21.6,156.3394558,110.0840471,26.70600798,13.71892007
2025-10-07 09:45:00+00:00,758.3162504,62.07424052,23.87811111,809.0225906,130.989561,23.99369697,21.51166667,160.7798918,73.12633772,27.57735209,13.69176157
2025-10-07 10:00:00+00:00,753.1689907,62.6737956,23.76450549,769.1819031,123.1030182,23.81369048,21.5,164.7321429,78.42016344,28.20021645,13.73809524
2025-10-07 10:15:00+00:00,695.3633715,62.32882784,23.9,716.1223216,91.99877656,23.58462963,21.5,168.8986481,62.94296231,28.67416667,13.7275
2025-10-07 10:30:00+00:00,660.2180762,62.60238531,23.88571429,678.3849622,62.15438619,23.5875,21.5,173.0862698,67.33182545,29.00753968,13.77785714
2025-10-07 10:45:00+00:00,645.9047027,48.56627402,23.80863492,671.8030601,45.60163044,23.58777778,20.95333333,176.9454343,81.16712201,29.18824786,14.02118828
2025-10-07 11:00:00+00:00,649.6697673,62.08939176,23.88968254,656.5297426,62.56782551,23.57142857,19.56333333,181.6021444,79.18031514,29.23928571,14.70861519
2025-10-07 11:15:00+00:00,639.7268665,62.97125934,23.88,647.0648256,63.72392908,23.57878788,20.89333333,185.9419593,89.25061229,29.10615385,15.08512821
2025-10-07 11:30:00+00:00,643.5793571,44.41951614,23.83893904,646.8400299,46.32900306,23.6,20.86264985,189.9001877,79.66904386,28.84725046,14.88291242
2025-10-07 11:45:00+00:00,671.1105598,61.97612434,23.9162963,656.1531101,62.68556161,23.6,19.07611111,194.4160625,78.29952724,28.34545455,14.77425
2025-10-07 12:00:00+00:00,706.832999,62.47467851,23.93773016,683.9057322,61.68011108,23.62333333,20.28866667,198.4393254,61.60803938,27.8012963,14.56914286
2025-10-07 12:15:00+00:00,700.5978123,63.03774475,24.01645408,740.2838211,61.57254198,23.73571429,20.10153061,202.498801,88.79859039,27.01971939,14.50625
2025-10-07 12:30:00+00:00,694.2512169,68.97624644,24.04920635,770.3993979,60.83361305,23.746,20.0,206.7359735,68.67433113,26.06688889,14.48762542
2025-10-07 12:45:00+00:00,719.3308543,76.05018315,24.09857143,767.7477004,61.30956543,23.81428571,19.74285714,210.55884,63.84215445,25.09486111,14.4702752
2025-10-07 13:00:00+00:00,714.286526,80.17246753,23.99047619,761.741567,61.05990398,23.8,19.53993197,214.1867593,56.49836601,24.02416667,14.48226667
2025-10-07 13:15:00+00:00,687.0628968,83.39880952,24.08571429,740.8685516,59.87579365,23.6547619,19.21428571,218.3853883,48.26693342,22.56756236,14.51842857
2025-10-07 13:30:00+00:00,665.7355556,91.00722222,24.1,684.2020023,60.27373842,23.6,19.2,222.0021905,34.08191372,21.22514286,14.55278788
2025-10-07 13:45:00+00:00,637.9734073,99.40277223,24.03933333,641.5093227,60.1355781,23.5410582,19.01288889,225.7728042,28.72813205,19.692,14.48722222
2025-10-07 14:00:00+00:00,614.0351668,63.65858741,23.91564626,610.8033605,56.34765212,23.44762523,19.56806122,229.2831262,30.27002919,18.1287786,14.16676471
2025-10-07 14:15:00+00:00,596.8440015,61.51921373,23.86736111,597.032714,61.85107294,23.4,18.94722222,232.7582937,29.58098466,16.45639827,13.8682
2025-10-07 14:30:00+00:00,592.4805608,61.64565467,23.75119048,589.6617438,61.65606843,23.37142857,18.6122449,236.0359524,23.20562462,14.80904762,13.74285714
2025-10-07 14:45:00+00:00,572.6328968,61.73991129,23.75388889,572.6310063,61.65518337,23.29333333,18.5,239.4140331,16.05869031,12.97647619,13.72235
2025-10-07 15:00:00+00:00,558.3782725,62.5380102,23.7268981,559.124602,61.97682752,23.2,18.51538462,242.7800036,11.53389085,11.07079433,13.7
2025-10-07 15:15:00+00:00,548.9957095,62.22792762,23.61155556,548.3515397,62.45607948,23.11,18.6,246.0341667,8.884489641,9.114666667,13.7
2025-10-07 15:30:00+00:00,541.9406629,62.11904891,23.6,538.7239623,61.74874034,23.1,18.68571429,249.2824861,6.693878958,7.092083333,13.74412088
2025-10-07 15:45:00+00:00,542.0566667,62.03447293,23.6,532.5886223,61.52539947,23.05333333,18.7,252.345,4.694462976,5.164333333,13.7506
2025-10-07 16:00:00+00:00,539.8504377,61.44017857,23.57142857,528.9348364,61.63513916,23.0,18.7,255.7007771,2.426801219,2.902581764,13.72456633
2025-10-07 16:15:00+00:00,532.3697145,61.66575964,23.5,524.4238195,61.88003663,23.0,18.7,258.7296627,1.007113492,0.895873016,13.79952381
2025-10-07 16:30:00+00:00,524.9149952,61.6863671,23.40229918,520.4414629,61.59774084,22.90952381,18.7,261.8974603,0.491600067,-1.206269841,13.8
2025-10-07 16:45:00+00:00,519.1846088,62.5388429,23.4,515.6932712,61.74676967,22.88571429,18.84737812,264.8003235,0.108492012,-3.221630037,13.79977891
2025-10-07 17:00:00+00:00,515.1526496,62.18190236,23.4,512.3311419,61.64538661,22.8,19.0,267.9167619,0.0,-5.420380952,13.818
2025-10-07 17:15:00+00:00,513.2035804,61.87278277,23.32857143,509.9143132,62.99011038,22.8,19.0,271.0095238,0.0,-7.538973923,13.87732143
2025-10-07 17:30:00+00:00,509.2350649,62.26937932,23.3,507.2186147,62.01001374,22.76,19.19777778,274.1548095,0.0,-9.732452992,13.9
2025-10-07 17:45:00+00:00,507.6557043,62.45481899,23.2202381,505.3077587,63.44026762,22.7,19.38238095,277.2068543,0.0,-11.80315657,13.90483516
2025-10-07 18:00:00+00:00,504.5535967,61.51987179,23.2,501.7848485,61.56601547,22.7,19.53805556,280.495873,0.0,-14.01587302,13.97089402
2025-10-07 18:15:00+00:00,502.5554012,62.10674603,23.1984127,499.5665094,62.40931672,22.6,19.6,283.5422387,0.0,-16.02267316,13.93929576
2025-10-07 18:30:00+00:00,500.099223,61.88685833,23.11333333,497.756456,62.30383112,22.6,19.625,286.746963,0.0,-18.07498413,13.8936254
2025-10-07 18:45:00+00:00,498.4875,62.22180375,23.1,497.2270691,62.19260844,22.6,20.00095238,290.2077136,0.0,-20.20162819,13.9
2025-10-07 19:00:00+00:00,495.4324363,2.728708791,23.0530303,496.1600457,15.5,22.6,20.36818182,293.6395692,0.0,-22.22834467,13.89846939
2025-10-07 19:15:00+00:00,494.6683838,0.0,23.0,495.7913383,0.0,22.6,20.43333333,296.9460399,0.0,-24.08846866,13.96419048
2025-10-07 19:30:00+00:00,495.1488722,0.0,23.0,494.3556999,0.0,22.6,20.21428571,300.7846939,0.0,-26.12900641,14.01809524
2025-10-07 19:45:00+00:00,494.0268609,0.0,22.90649119,493.5987405,0.0,22.6,19.90962302,304.2664458,0.0,-27.85296483,14.03273684
2025-10-07 20:00:00+00:00,494.2328438,0.0,22.9,492.6585498,0.0,22.6,19.48464286,308.2404762,0.0,-29.72559524,14.1
2025-10-07 20:15:00+00:00,492.777072,0.0,22.9,492.2870162,0.0,22.6,19.05255154,311.978713,0.0,-31.27529705,14.1
2025-10-07 20:30:00+00:00,492.6595322,0.0,22.84102564,490.6870843,0.0,22.55055556,18.51794872,316.2511905,0.0,-32.93219432,14.13605556
2025-10-07 20:45:00+00:00,491.0723936,0.0,22.8,490.8409966,0.0,22.5,18.07456633,320.3303968,0.0,-34.38379038,14.1902123
2025-10-07 21:00:00+00:00,490.6726396,0.0,22.8,489.7979918,0.0,22.5,17.64444444,324.4312037,0.0,-35.67009259,14.2
2025-10-07 21:15:00+00:00,489.1276538,0.0,22.8,488.4845079,0.0,22.5,17.28571429,328.8114157,0.0,-36.8430112,14.19585714
2025-10-07 21:30:00+00:00,488.2925106,0.0,22.78,488.9148253,0.0,22.5,16.94877778,333.172707,0.0,-37.90262623,14.25944683
2025-10-07 21:45:00+00:00,488.8108466,0.0,22.75,488.8696172,0.0,22.5,16.65,337.5199495,0.0,-38.76921296,14.21077441
2025-10-07 22:00:00+00:00,487.4374368,0.0,22.7,487.1529637,0.0,22.42666667,16.45333333,342.750843,0.0,-39.59809524,14.1052119
2025-10-07 22:15:00+00:00,487.1213177,0.0,22.7,486.4526488,0.0,22.4,16.22307692,347.4780282,0.0,-40.15920068,14.07391156
2025-10-07 22:30:00+00:00,486.7340171,0.0,22.7,485.5812845,0.0,22.4,16.02793651,351.99467,0.0,-40.53019024,14.0019021
2025-10-07 22:45:00+00:00,486.2399267,0.0,22.7,486.0327619,0.0,22.4,15.75,353.5601354,0.0,-40.77433333,13.89702883
2025-10-07 23:00:00+00:00,485.52353,0.0,22.7,484.8768243,0.0,22.4,15.59910714,56.27231661,0.0,-40.8,13.81028916
2025-10-07 23:15:00+00:00,484.4409544,0.0,22.7,484.2678158,0.0,22.4,15.41333333,6.921452381,0.0,-40.65692593,13.66180741
2025-10-07 23:30:00+00:00,484.3743553,0.0,22.7,483.7003338,0.0,22.4,15.31904762,11.7692046,0.0,-40.31861264,13.56932692
2025-10-07 23:45:00+00:00,481.6208333,0.0,22.7,482.1904586,0.0,22.4,15.19761905,16.59260582,0.0,-39.79842593,13.48285714
2025-10-08 00:00:00+00:00,482.0620531,0.0,22.7,481.3826444,0.0,22.34285714,15.03065476,21.19641068,0.0,-39.14302003,13.30335878
2025-10-08 00:15:00+00:00,481.7956734,0.0,22.7,480.7832119,0.0,22.3,15.0,25.79566667,0.0,-38.27924242,13.15163492
2025-10-08 00:30:00+00:00,480.710751,0.0,22.7,480.259361,0.0,22.3,14.93571429,30.28061224,0.0,-37.29768089,13.07888348
2025-10-08 00:45:00+00:00,479.7584338,0.0,22.7,480.4962963,0.0,22.3,14.86666667,34.78711111,0.0,-36.10233333,12.92191026
2025-10-08 01:00:00+00:00,478.853367,0.0,22.7,478.7487991,0.0,22.3,14.77692308,39.16714286,0.0,-34.78909091,12.9
2025-10-08 01:15:00+00:00,477.6924449,0.0,22.7,477.6399994,0.0,22.3,14.7,42.83866883,0.0,-33.5337013,12.81504924
2025-10-08 01:30:00+00:00,477.5176183,0.0,22.692,477.3287947,0.0,22.3,14.7,47.12533911,0.0,-31.93535714,12.77919048
2025-10-08 01:45:00+00:00,476.9543508,0.0,22.62670068,476.963504,0.0,22.3,14.65,51.09992151,0.0,-30.26361852,12.7
2025-10-08 02:00:00+00:00,475.4270922,0.0,22.60733333,476.504321,0.0,22.20733333,14.6,54.6778254,0.0,-28.63646032,12.64448889
2025-10-08 02:15:00+00:00,475.1160289,0.0,22.6,476.8334834,0.0,22.2,14.51428571,58.55357851,0.0,-26.78112245,12.59857143
2025-10-08 02:30:00+00:00,474.6820023,0.0,22.66814815,480.191431,0.0,22.22666667,14.5,62.17240741,0.0,-24.90119048,12.50095238
2025-10-08 02:45:00+00:00,480.0204878,0.0,22.70873016,504.8284373,0.0,22.30785714,14.5,65.30632086,0.0,-23.1969898,12.4122619
2025-10-08 03:00:00+00:00,492.7212865,27.67889009,22.745,514.2769939,27.83654364,22.29174603,14.46666667,69.13518519,0.0,-20.97916667,12.28312963
2025-10-08 03:15:00+00:00,491.4063025,62.84093407,22.86666667,495.3821769,61.38952119,22.3452381,20.74238095,72.5739564,0.0,-18.9224026,12.19501507
2025-10-08 03:30:00+00:00,488.853266,62.82767677,22.77722222,492.1411466,60.74195539,22.4,21.93435374,75.84225397,0.0,-16.80253175,12.2
2025-10-08 03:45:00+00:00,487.5839903,63.11985544,22.71428571,488.4550265,60.83197279,22.4,22.0,79.00842532,0.0,-14.77363095,12.2749504
2025-10-08 04:00:00+00:00,487.129936,62.00441799,22.68,488.1476491,61.12266453,22.3,22.0,81.97486115,0.0,-12.80322835,12.2978
2025-10-08 04:15:00+00:00,485.8106619,62.65474016,22.6,485.3680464,61.02012281,22.3,22.0,85.3816335,0.0,-10.4826455,12.352
2025-10-08 04:30:00+00:00,484.6879043,62.67249695,22.6,485.2270297,60.49959348,22.21538462,21.98166667,88.47066327,0.0,-8.349404762,12.4
2025-10-08 04:45:00+00:00,484.2407407,62.94631186,22.6,483.5125258,61.17994924,22.2,21.98,91.67309524,0.0,-6.175425926,12.44437626
2025-10-08 05:00:00+00:00,486.6897329,63.16796218,22.61428571,484.4341789,60.82247816,22.21428571,22.0,94.74166667,0.021768708,-4.020748299,12.46785714
2025-10-08 05:15:00+00:00,498.1322896,62.523862,22.69888889,490.8772005,61.20850258,22.3,22.0,97.67979536,0.287055711,-1.984,12.48235088
2025-10-08 05:30:00+00:00,506.6073485,62.59764739,22.7077381,511.2508576,60.9812185,22.37857143,22.0,100.8638149,1.692715946,0.135429293,12.51533279
2025-10-08 05:45:00+00:00,531.3502953,62.29270655,22.67333333,532.7245497,61.20212681,22.49333333,22.0,103.8788594,4.44102555,2.154634033,12.56633838
2025-10-08 06:00:00+00:00,549.3073407,62.56665242,22.84003401,575.387987,60.88561749,22.49642857,22.0,107.0705357,9.498421043,4.248809524,12.46785714
2025-10-08 06:15:00+00:00,587.6754209,62.89262932,22.98533333,626.5336226,60.9474391,22.68455026,22.0,110.1641905,11.59971445,6.248444444,12.5272381
2025-10-08 06:30:00+00:00,612.1142601,71.19953402,23.14666667,649.7069242,71.29311666,22.90222222,22.03333333,113.4545873,17.56787365,8.312984127,12.59742369
2025-10-08 06:45:00+00:00,639.5262937,59.58650794,23.18571429,695.0056843,59.73859997,23.14285714,22.01818182,116.7762613,16.90920528,10.30469104,12.52704082
2025-10-08 07:00:00+00:00,680.9292929,59.07146465,23.20637037,762.4496766,59.00113021,23.22015873,22.1,119.8588552,19.51902811,12.08589899,12.5
2025-10-08 07:15:00+00:00,698.7447815,59.58600745,23.34797619,772.3637038,60.87791848,23.29214286,22.1,123.0377345,35.75800753,13.7940368,12.50714286
2025-10-08 07:30:00+00:00,735.0041145,59.61820728,23.60053571,759.5213133,66.33517828,23.42666667,22.1,126.8094004,58.06772133,15.75382035,12.62511111
2025-10-08 07:45:00+00:00,755.2740981,60.20102913,23.57285714,802.9193223,89.16268406,23.51326531,22.1,130.1926332,48.63277106,17.40719955,12.70328401
2025-10-08 08:00:00+00:00,743.2587229,59.14545129,23.53412698,819.5493688,121.8595458,23.57333333,22.05142857,133.8547937,26.74190494,19.04167521,12.80400665
2025-10-08 08:15:00+00:00,705.3384354,59.66105185,23.64642857,800.5447405,102.4498063,23.57857143,21.83591837,137.4567715,59.36111538,20.55140306,12.9487619
2025-10-08 08:30:00+00:00,695.4491528,60.22251323,23.6851746,745.0185108,70.01137141,23.63461111,21.71,141.1773757,77.69320229,21.93444444,13.15826455
2025-10-08 08:45:00+00:00,690.1010785,59.74397452,23.825,734.1701336,64.00099104,23.66417234,21.7,144.8130952,72.94137283,23.17857143,13.33261905
2025-10-08 09:00:00+00:00,705.6697218,59.64944805,23.76750794,732.8011419,64.22608939,23.80460317,21.64666667,148.5033425,75.62352884,24.33415873,13.45542857
2025-10-08 09:15:00+00:00,697.2633461,59.79325397,23.86928571,738.5912741,67.58301741,23.82380952,21.31428571,151.8287755,73.62119443,25.25673469,13.41607916
2025-10-08 09:30:00+00:00,694.7760474,59.97888266,23.87444444,738.706819,79.1224981,23.88321429,21.3,156.3255556,164.951,26.30181818,13.54722222
2025-10-08 09:45:00+00:00,718.411727,59.4789193,23.91505102,725.9918775,70.19642134,23.8,21.3,160.1810884,144.1720764,27.08192022,13.78698866
2025-10-08 10:00:00+00:00,711.3518599,59.35054657,23.9455873,664.6804571,65.52170791,23.725,21.08,164.896183,106.8129481,27.83666667,14.0715
2025-10-08 10:15:00+00:00,685.0466162,59.66333333,23.86888889,713.8655763,66.00707071,23.8047619,21.04666667,168.9814767,118.2647331,28.32373526,14.09475108
2025-10-08 10:30:00+00:00,678.7983881,59.97694676,23.95085034,736.6602818,66.07325959,23.96289683,21.1,173.4941723,113.4246179,28.67763605,14.24714286
2025-10-08 10:45:00+00:00,702.9220725,63.39780294,23.85888889,769.3775683,70.65487569,24.08271429,21.14,177.4753571,107.0304684,28.854,14.13405556
2025-10-08 11:00:00+00:00,722.9128254,63.1759542,23.99571429,757.5669806,78.04231648,24.14642857,21.37,181.6634431,135.0445585,28.8664881,13.89275304
2025-10-08 11:15:00+00:00,751.7270046,54.41796296,24.11396825,811.529952,77.39680772,24.08,21.62,185.846555,105.1782764,28.73885781,13.89178095
2025-10-08 11:30:00+00:00,777.2719459,81.0161872,24.27727273,828.3367783,114.8931673,24.08035714,21.23484848,189.9826953,107.5581537,28.43455215,13.95192849
2025-10-08 11:45:00+00:00,750.8961964,79.91640212,24.17733333,823.82685,68.76875477,24.14933333,20.58396825,194.4085198,150.3279067,27.96574847,14.05785185
2025-10-08 12:00:00+00:00,722.7474904,116.3276786,24.05436508,808.7901724,150.9531907,24.02470522,20.93571429,198.5560714,175.8616534,27.37142857,14.37258929
2025-10-08 12:15:00+00:00,704.1349776,124.049982,24.11488889,757.2802788,152.4418914,24.01602381,21.30673016,202.3654281,155.0673654,26.64578788,14.60206481
2025-10-08 12:30:00+00:00,688.5353185,137.0703782,24.17993197,706.7089054,151.1509403,23.9795068,21.28571429,206.3812783,197.807356,25.76035714,14.92789116
2025-10-08 12:45:00+00:00,667.9011846,152.6775257,24.19333333,668.3841424,149.7452263,23.93333333,20.94781746,210.5402302,170.3105476,24.67683598,14.9758127
2025-10-08 13:00:00+00:00,640.9321048,167.3298701,24.12,639.2583675,137.1188671,23.86666667,20.8,214.5576058,185.4875306,23.46555556,15.01663492
2025-10-08 13:15:00+00:00,615.9631643,171.7039416,24.04047619,603.7002125,128.4833633,23.87857143,20.8,218.2677507,115.4534671,22.25587302,15.20880952
2025-10-08 13:30:00+00:00,584.9173232,174.7105556,24.02666667,575.5380087,110.5003367,23.76,20.70666667,222.0203571,63.38621198,20.82619048,14.94733333
2025-10-08 13:45:00+00:00,560.5668375,174.0837508,24.0,552.0716023,89.58078231,23.67857143,20.57857143,225.6071501,66.96031239,19.34304113,14.60196032
2025-10-08 14:00:00+00:00,536.7916667,93.77087542,24.0,533.841988,64.98328893,23.6,20.86952381,229.0592496,77.78745055,17.85201539,14.48406931
2025-10-08 14:15:00+00:00,527.0686696,63.97098219,24.0,525.8204144,62.19219101,23.6,21.32843537,232.4096088,120.5822949,16.24575113,14.48112052
2025-10-08 14:30:00+00:00,519.8928834,64.42545214,23.92571429,519.824246,64.90961538,23.58966667,20.45277778,235.999622,99.20155631,14.39852231,14.58181481
2025-10-08 14:45:00+00:00,513.0184561,66.49603175,23.9,514.6428879,65.25824475,23.5,20.80666667,239.3833532,130.6522538,12.56797052,14.58433924
2025-10-08 15:00:00+00:00,508.5577879,62.98604636,23.87666667,510.1019048,64.6836016,23.465,20.9,242.7414242,67.94438501,10.65323232,14.5235101
2025-10-08 15:15:00+00:00,503.6541317,61.79083694,23.9,504.7700959,65.26349062,23.44571429,20.89285714,245.7656136,38.21299251,8.838095238,14.22251832
2025-10-08 15:30:00+00:00,500.5507893,62.89199735,23.85555556,500.3944358,65.01110354,23.53,20.79333333,249.0080726,41.63980509,6.807932234,14.07462887
2025-10-08 15:45:00+00:00,496.813121,62.89319014,23.8,498.8639048,64.24214799,23.8921627,20.87857143,252.2345734,58.83004879,4.724007937,14.03160714
2025-10-08 16:00:00+00:00,494.706494,60.12529101,23.8,495.8668825,63.3329159,23.61644444,21.1,255.3309524,22.09945057,2.701741222,13.76793187
2025-10-08 16:15:00+00:00,491.7432265,61.47756662,23.74666667,492.9910503,64.09927536,23.48,21.1,258.5728956,5.928659956,0.54489418,13.33880349
2025-10-08 16:30:00+00:00,489.5207496,62.78210017,23.65384615,490.7573914,64.4240534,23.38571429,21.07692308,261.3984127,1.926991139,-1.323809524,13.05266955
2025-10-08 16:45:00+00:00,488.5166604,60.59613553,23.6,490.1761905,63.8022952,23.29888889,20.9297619,264.7753862,0.192109428,-3.665592112,12.74888889
2025-10-08 17:00:00+00:00,488.6837977,62.37494543,23.54047619,490.0593912,65.10584143,23.2,21.08333333,267.6220351,0.0,-5.660586735,12.48696559
2025-10-08 17:15:00+00:00,486.0068935,62.79152218,23.49571429,488.931743,64.95631342,23.19571429,21.39714286,270.8436111,0.0,-7.877103175,12.44028704
2025-10-08 17:30:00+00:00,484.376109,60.69710369,23.4,486.7105407,64.83348225,23.1,21.61128205,273.7442177,0.0,-9.931972789,12.1244898
2025-10-08 17:45:00+00:00,483.4137037,64.22603785,23.4,485.0871795,63.59388241,23.07333333,21.6847619,277.0069444,0.0,-12.1297619,11.89466667
2025-10-08 18:00:00+00:00,483.5044643,62.53929087,23.4,484.8108878,63.2014647,23.0,21.91428571,280.2940136,0.0,-14.33309524,11.90045918
2025-10-08 18:15:00+00:00,482.1472619,61.93904139,23.31333333,484.3202655,63.4567366,22.91333333,22.0,283.5356878,0.0,-16.46255291,11.71
2025-10-08 18:30:00+00:00,480.3470635,62.43204203,23.3,482.2206173,64.75566459,22.9,22.0,286.5717677,0.0,-18.39782828,11.63917845
2025-10-08 18:45:00+00:00,479.8586732,63.08516558,23.20714286,482.0301476,64.46428571,22.82857143,21.94107143,290.1940425,0.0,-20.61272418,11.73024093
2025-10-08 19:00:00+00:00,480.5921741,11.65224172,23.2,481.3824133,11.25197401,22.8,21.84992593,293.3915,0.0,-22.50624074,11.57416667
2025-10-08 19:15:00+00:00,480.0056739,0.0,23.17714286,481.2885962,0.0,22.8,21.74047619,297.0150794,0.0,-24.5547619,11.19813312
2025-10-08 19:30:00+00:00,480.1920697,0.0,23.10769231,481.3662562,0.0,22.787,21.34,300.6575022,0.0,-26.47322751,11.31220513
2025-10-08 19:45:00+00:00,479.2327079,0.0,23.1,480.7502823,0.0,22.71734694,20.68690476,304.0993197,0.0,-28.19683673,11.5584538
2025-10-08 20:00:00+00:00,478.8971631,0.0,23.1,479.7372727,0.0,22.7,19.71466667,308.1441587,0.0,-30.05795767,11.3
2025-10-08 20:15:00+00:00,478.0989876,0.0,23.06734694,479.0956951,0.0,22.7,18.94489796,311.9719246,0.0,-31.70059524,11.10886054
2025-10-08 20:30:00+00:00,477.3339113,0.0,23.0,478.3720092,0.0,22.67388889,18.01071429,315.7588571,0.0,-33.18136508,11.11003175
2025-10-08 20:45:00+00:00,475.874026,0.0,22.97857143,477.5054945,0.0,22.6,17.31785714,319.9051701,0.0,-34.63433957,11.12294372
2025-10-08 21:00:00+00:00,475.3644074,0.0,22.9,475.6337079,0.0,22.6,16.61,324.2947857,0.0,-36.01984656,11.25536712
2025-10-08 21:15:00+00:00,474.1820332,0.0,22.9,475.606884,0.0,22.6,16.0702381,328.5253277,0.0,-37.1610106,11.47070347
2025-10-08 21:30:00+00:00,474.5106481,0.0,22.9,474.4764088,0.0,22.6,15.56474359,333.2410214,0.0,-38.28538462,11.6
2025-10-08 21:45:00+00:00,473.2966382,0.0,22.82666667,474.5718381,0.0,22.6,15.132,338.0532778,0.0,-39.25938889,11.6
2025-10-08 22:00:00+00:00,473.1727824,0.0,22.80178571,473.1081421,0.0,22.58165043,14.93865079,341.9395425,0.0,-39.89099265,11.59487594
2025-10-08 22:15:00+00:00,472.6218152,0.0,22.8,472.9520377,0.0,22.5,14.75111111,347.3019577,0.0,-40.5410582,11.50485
2025-10-08 22:30:00+00:00,472.2682145,0.0,22.89196429,471.2277511,0.0,22.5,14.58888889,352.1974206,0.0,-40.91626984,11.42857143
2025-10-08 22:45:00+00:00,471.5040727,0.0,22.82755102,470.3147015,0.0,22.5,14.45612245,357.2859683,0.0,-41.1585,11.39715344
2025-10-08 23:00:00+00:00,469.1481003,0.0,22.81538462,470.4713062,0.0,22.5,14.39230769,19.28506236,0.0,-41.19183673,11.44010913
2025-10-08 23:15:00+00:00,469.4497308,0.0,22.8,469.1863264,0.0,22.48,14.3,6.998642857,0.0,-41.03171958,11.4
2025-10-08 23:30:00+00:00,469.0292815,0.0,22.8,469.1235019,0.0,22.43160839,14.3,11.69896754,0.0,-40.70064484,11.2633125
2025-10-08 23:45:00+00:00,467.9057662,0.0,22.8,468.037619,0.0,22.4,14.26711111,16.5837037,0.0,-40.17185185,11.23695556
2025-10-09 00:00:00+00:00,467.8649594,0.0,22.70714286,468.0277512,0.0,22.4,14.2,21.51986691,0.0,-39.45535409,11.20723282
2025-10-09 00:15:00+00:00,466.3846861,0.0,22.7,467.811,0.0,22.4,14.11285714,25.94704932,0.0,-38.62728697,11.2
2025-10-09 00:30:00+00:00,465.5770674,0.0,22.7,466.3986713,0.0,22.4,14.1,30.32633069,0.0,-37.66762698,11.09616258
2025-10-09 00:45:00+00:00,463.6376268,0.0,22.7,465.4031011,0.0,22.39816017,14.1,34.79459529,0.0,-36.48693289,10.87428571
2025-10-09 01:00:00+00:00,463.7408259,0.0,22.69466667,463.9381818,0.0,22.33085714,14.04666667,39.04277778,0.0,-35.20395503,11.10313492
2025-10-09 01:15:00+00:00,462.7024401,0.0,22.64,463.3785429,0.0,22.3,13.95851852,43.18594794,0.0,-33.81450427,11.27425352
2025-10-09 01:30:00+00:00,462.2421015,0.0,22.6,462.02862,0.0,22.3,13.8577381,47.43700615,0.0,-32.22357053,11.10355753
2025-10-09 01:45:00+00:00,461.9355516,0.0,22.6,461.9260858,0.0,22.3,13.79166667,51.41150265,0.0,-30.57325926,10.58469312
2025-10-09 02:00:00+00:00,461.0272101,0.0,22.6,461.1453062,0.0,22.3,13.66428571,55.24584609,0.0,-28.82681122,10.21349206
2025-10-09 02:15:00+00:00,461.2674539,0.0,22.6,460.434448,0.0,22.25312075,13.6,58.80917845,0.0,-27.09128114,10.09845926
2025-10-09 02:30:00+00:00,461.3288362,0.0,22.6,472.905883,0.0,22.23,13.47333333,62.54423077,0.0,-25.16525253,9.988571429
2025-10-09 02:45:00+00:00,468.6392887,0.0,22.62142857,483.5548494,0.0,22.3,13.37857143,66.06485544,0.0,-23.18994898,9.827872024
2025-10-09 03:00:00+00:00,474.3946932,21.78134921,22.74681818,480.6744048,29.2059893,22.3,14.27063492,69.35514957,0.0,-21.32431624,9.718122222
2025-10-09 03:15:00+00:00,472.9509921,61.26155154,22.69857143,480.966429,61.29413533,22.27785714,23.45810658,72.67857143,0.0,-19.29965986,9.588888889
2025-10-09 03:30:00+00:00,481.4756762,61.46391534,22.71274074,482.7955127,61.28407441,22.34911111,22.41407407,76.07871693,0.0,-17.1384127,9.642593915
2025-10-09 03:45:00+00:00,483.288827,61.58786245,22.74807823,488.4430143,61.17131546,22.3746712,21.61,79.25395382,0.0,-15.08134921,9.409095238
2025-10-09 04:00:00+00:00,484.229835,61.54687831,22.76,491.0191528,60.991001,22.36777778,22.41066667,82.40619048,0.0,-12.97685185,9.429185185
2025-10-09 04:15:00+00:00,484.9903336,60.94937753,22.62857143,489.0225145,60.71897163,22.4,21.68666667,85.64991342,0.0,-10.7561544,9.291847397
2025-10-09 04:30:00+00:00,484.4528343,61.47778111,22.61428571,489.0399148,61.33002248,22.4,22.06153846,88.82870748,0.0,-8.602363946,9.068865956
2025-10-09 04:45:00+00:00,489.7495527,61.40679237,22.719,494.0621799,60.58341611,22.35952381,22.02666667,91.86386243,0.0,-6.486058201,9.017592593
2025-10-09 05:00:00+00:00,497.8443549,61.46860699,22.69910714,510.8257983,61.23545471,22.39142857,22.0,94.93280458,0.097040816,-4.338239796,8.912115646
2025-10-09 05:15:00+00:00,520.509847,60.74517705,22.73455556,530.4409523,61.25951968,22.47333333,21.92307692,97.94703583,1.267723457,-2.273624339,8.803089226
2025-10-09 05:30:00+00:00,547.1134987,61.28051948,22.79666667,545.8143282,60.46734694,22.51479592,21.95714286,101.0935993,5.853923044,-0.145960884,8.835664038
2025-10-09 05:45:00+00:00,582.4073198,59.83142857,22.93105291,592.0936869,59.94220095,22.5369709,22.0,103.9591693,18.46447595,1.731399471,8.849679487
2025-10-09 06:00:00+00:00,598.5771308,61.11947316,23.08,611.0563613,60.77998682,22.71583333,22.0,107.3135714,48.13316956,3.95468254,8.886666667
2025-10-09 06:15:00+00:00,628.6045068,61.12062858,23.08777778,681.372116,61.00365323,22.86440476,22.0,110.5496302,81.38554812,6.043097042,8.8854807
2025-10-09 06:30:00+00:00,678.2624549,49.30725275,23.28968254,700.3880037,49.37585294,23.05594444,21.01666667,113.6686138,114.0547665,7.973915344,9.245185185
2025-10-09 06:45:00+00:00,702.5235544,60.7531746,23.39787698,748.2017144,60.21136455,23.1780102,22.29761905,116.860873,148.2969125,9.896071429,9.870162338
2025-10-09 07:00:00+00:00,766.720941,58.73460317,23.42419048,837.3599178,114.6421632,23.20638889,22.28444444,120.1766,183.404416,11.77555556,10.61172222
2025-10-09 07:15:00+00:00,764.1609149,59.5234127,23.52238095,832.0113017,110.3903873,23.33290816,22.00612245,123.6179847,222.6321337,13.6664193,11.16223073
2025-10-09 07:30:00+00:00,770.1787466,58.78230159,23.55380952,847.3539755,131.5239717,23.32044974,22.0725,126.6840404,252.9066659,15.27287879,11.84071958
2025-10-09 07:45:00+00:00,732.0809823,58.72992849,23.64487179,777.0942438,118.5578986,23.45069161,22.0,130.4291525,260.5083543,17.08952381,12.2550814
2025-10-09 08:00:00+00:00,696.314911,59.55083333,23.66,733.7271708,74.78496789,23.53527778,22.0,133.8855855,258.5098629,18.6435,12.48292593
2025-10-09 08:15:00+00:00,680.6115064,60.11166344,23.72619048,719.7743955,65.32147834,23.60952381,22.0,137.5576984,274.8789897,20.15587662,12.77690106
2025-10-09 08:30:00+00:00,674.3473372,60.05286195,23.828,716.035869,65.72540881,23.56388889,21.76,140.8154762,312.6254327,21.44440476,13.00857672
2025-10-09 08:45:00+00:00,662.7957385,60.33,23.87925926,695.2536102,66.18532257,23.59897436,21.6,144.6722165,355.3251141,22.76039316,13.38863248
2025-10-09 09:00:00+00:00,672.0857909,61.65529589,23.91692308,697.2756158,67.05631488,23.59142857,21.50769231,149.0718723,370.7768859,24.08839286,13.8165301
2025-10-09 09:15:00+00:00,665.3900122,62.08888889,23.948,687.5965998,65.14296315,23.63666667,21.2,152.962381,378.1729203,25.15422222,14.00587302
2025-10-09 09:30:00+00:00,674.0072906,61.70886591,23.95396825,683.1830952,65.65578704,23.56989796,20.94928571,156.5257305,355.9491,25.9547619,13.95238095
2025-10-09 09:45:00+00:00,662.4072112,60.69635328,23.909,641.5882044,65.81573382,23.57333333,20.66222222,160.8172992,398.6427257,26.7835594,14.41787831
2025-10-09 10:00:00+00:00,634.9967486,61.18568336,23.95238095,625.9123557,64.71080317,23.55206349,20.33918367,164.8133787,281.0588738,27.45124717,14.35802154
2025-10-09 10:15:00+00:00,626.3832353,69.72702991,24.15333333,604.4829981,66.21342091,23.72,20.0,168.9171212,380.4540473,27.94181818,14.40111111
2025-10-09 10:30:00+00:00,643.5793844,80.78256803,24.12304422,627.0344963,66.03513739,23.79444444,19.85,173.1778571,297.6606141,28.26567821,14.71675325
2025-10-09 10:45:00+00:00,662.462718,85.72807426,24.06666667,666.8349395,65.17513321,23.85285714,19.576,177.4337477,185.2547242,28.48,14.57580886
2025-10-09 11:00:00+00:00,641.8414202,98.38834776,24.17857143,626.8636278,65.29288318,23.88809524,19.3,181.7388124,99.08201535,28.49285714,14.34217033
2025-10-09 11:15:00+00:00,628.5118204,114.4939202,24.1256746,630.4156115,66.33815998,23.9032037,19.05,185.8972954,116.3556465,28.33911111,14.31414262
2025-10-09 11:30:00+00:00,630.8889781,122.1618881,24.12,627.4664188,66.38087201,23.97820513,18.87692308,190.5,209.6439426,27.9943956,14.27463536
2025-10-09 11:45:00+00:00,634.5553786,133.1925477,24.14375,625.6875714,65.46423006,24.03904762,18.70160256,194.4097526,229.2127314,27.59862193,14.65861224
2025-10-09 12:00:00+00:00,625.8540404,141.7793964,24.18634921,618.083771,65.11225589,23.96911111,18.50444444,198.4435952,115.2232776,26.99,14.58821905
2025-10-09 12:15:00+00:00,630.4727237,149.9994727,24.00370748,637.3315033,64.2647844,23.85952381,18.21904762,202.2976446,127.0926359,26.2897619,14.09887716
2025-10-09 12:30:00+00:00,636.451824,159.2524525,24.06178571,626.6532135,64.74983386,23.8422037,18.04,206.2854286,138.5756152,25.38905495,13.98009524
2025-10-09 12:45:00+00:00,623.2682062,171.4135324,24.17142857,586.401319,64.93240569,23.84642857,18.15,210.2114286,161.2064106,24.37670918,13.73642857
2025-10-09 13:00:00+00:00,623.3649355,178.4844185,24.04666667,609.1720192,64.73170689,23.80725926,18.08088889,214.1836258,206.4290215,23.21816667,13.77957472
2025-10-09 13:15:00+00:00,605.6839286,187.6545351,24.0747619,605.9825974,63.91424534,24.00993197,18.0252381,218.1142717,188.4211482,21.87436224,13.99794574
2025-10-09 13:30:00+00:00,585.0429293,182.6655123,23.99111111,594.5537938,64.20690617,23.87022222,17.75333333,221.8610794,74.51261284,20.49061905,13.83027778
2025-10-09 13:45:00+00:00,571.4888889,185.4207576,23.99666667,567.0818182,64.42727273,23.855,17.6,225.5958333,66.43468322,18.95,13.85166667
2025-10-09 14:00:00+00:00,557.5706322,180.8320292,23.91488095,560.5437506,64.22659833,23.70561224,17.52222222,228.9477041,39.49803585,17.45918367,13.7744898
2025-10-09 14:15:00+00:00,550.036476,173.2824705,23.9,549.5807407,64.48526215,23.64231481,17.48857143,232.569873,36.07917109,15.68430952,13.48277249
2025-10-09 14:30:00+00:00,542.1768425,165.5868029,23.84761905,545.0943978,65.1369697,23.6,17.6,236.0153741,28.84450963,13.96042517,13.46938776
2025-10-09 14:45:00+00:00,536.1354117,147.0023271,23.82846939,540.727617,64.21869591,23.57333333,17.6,239.287873,24.27211921,12.17116484,13.44900842
2025-10-09 15:00:00+00:00,526.1841045,79.81080573,23.69158163,550.9724926,61.71772596,23.50690476,18.41683673,242.362719,18.56658228,10.43049474,13.47562075
2025-10-09 15:15:00+00:00,522.9160712,60.73977648,23.6,532.6340557,59.66800682,23.41333333,17.74088889,245.7,12.30220467,8.433925926,13.48222222
2025-10-09 15:30:00+00:00,515.7807335,61.94355275,23.6,522.0247563,60.37213069,23.36545455,18.18958978,249.0036977,4.807462638,6.388595238,13.3770119
2025-10-09 15:45:00+00:00,511.3058272,62.12518797,23.58333333,513.6231991,61.45555697,23.28163265,17.65459184,252.075,4.190639272,4.416071429,13.35153061
2025-10-09 16:00:00+00:00,506.5508556,61.73906007,23.5,508.3880982,63.13333333,23.17435897,18.93654212,255.3614471,1.320870574,2.203174603,13.47758333
2025-10-09 16:15:00+00:00,504.0874537,61.35234276,23.5,507.3326851,61.36465841,23.03738095,17.89178571,258.4172309,0.262424679,0.22730355,13.59785051
2025-10-09 16:30:00+00:00,498.6932095,61.37819144,23.5,499.5331874,62.69296589,23.1,18.99761905,261.5018836,0.012631579,-1.858624339,13.42488853
2025-10-09 16:45:00+00:00,496.6418195,60.8443161,23.42142857,497.0087413,62.30151515,23.04280612,19.32569444,264.5045802,0.0,-3.931273191,13.238171
2025-10-09 17:00:00+00:00,494.2733165,61.39864839,23.4,493.6724473,62.03289851,23.0,19.58,267.5191746,0.0,-6.045897436,13.4507619
2025-10-09 17:15:00+00:00,491.8326656,61.8371008,23.34285714,491.5996742,61.96064788,22.97952381,19.36571429,270.4291125,0.0,-8.030312419,13.75739731
2025-10-09 17:30:00+00:00,490.6878316,61.76175214,23.3,488.696199,63.26043829,22.9,20.04230159,273.7351526,0.0,-10.34959957,13.81405359
2025-10-09 17:45:00+00:00,489.1738128,62.90346474,23.27755102,487.6088038,63.36124466,22.89285714,19.8012585,276.6787807,0.0,-12.35435065,13.6221129
2025-10-09 18:00:00+00:00,487.5159615,62.18907759,23.2,487.4761236,63.29713228,22.82666667,20.62666667,279.9777778,0.0,-14.5937037,13.27407407
2025-10-09 18:15:00+00:00,487.4806551,59.52279101,23.2,487.2158025,60.57637326,22.8,20.7,283.2752066,0.0,-16.74767806,13.36803917
2025-10-09 18:30:00+00:00,485.0488722,61.16309524,23.13962585,486.3727273,61.38307301,22.8,20.77142857,286.7263203,0.0,-18.92160714,13.44095238
2025-10-09 18:45:00+00:00,485.6323232,66.3537037,23.11333333,486.1838014,61.73724496,22.79698413,21.03333333,290.0434217,0.0,-21.0133547,13.25640759
2025-10-09 19:00:00+00:00,483.7141053,22.50320949,23.1,485.2814408,19.3015873,22.76751701,21.29285714,293.4575964,0.0,-22.98766156,13.28789427
2025-10-09 19:15:00+00:00,482.3986397,0.0,23.1,484.577512,0.0,22.724,20.94054233,296.8976111,0.0,-24.93100794,13.22038348
2025-10-09 19:30:00+00:00,481.068254,0.0,23.09115646,483.5142289,0.0,22.7,19.29566327,300.5265355,0.0,-26.83334443,13.19786325
2025-10-09 19:45:00+00:00,481.2872331,0.0,23.02857143,483.8047819,0.0,22.7,17.76285714,304.0448761,0.0,-28.57629915,13.03566467
2025-10-09 20:00:00+00:00,480.3055556,0.0,23.0,483.1356597,0.0,22.7,16.52186813,307.5721995,0.0,-30.2453373,12.9
2025-10-09 20:15:00+00:00,480.3947619,0.0,23.0,481.7330803,0.0,22.66666667,15.77111111,311.856463,0.0,-32.04361111,12.8465
2025-10-09 20:30:00+00:00,480.0894118,0.0,23.0,481.3876023,0.0,22.64266667,15.14666667,315.9840885,0.0,-33.66801852,12.71315459
2025-10-09 20:45:00+00:00,478.0607012,0.0,22.99642857,480.6906429,0.0,22.6,14.85346939,319.5662637,0.0,-34.92687075,12.64553571
2025-10-09 21:00:00+00:00,477.8127069,0.0,22.90933333,480.2690909,0.0,22.6,14.64571429,324.4113571,0.0,-36.46471861,12.66638889
2025-10-09 21:15:00+00:00,476.6964082,0.0,22.9,479.1921941,0.0,22.6,14.48571429,328.7398532,0.0,-37.64386905,12.69705357
2025-10-09 21:30:00+00:00,476.6029966,0.0,22.9,478.5349505,0.0,22.6,14.4,333.3470781,0.0,-38.72388889,12.61333333
2025-10-09 21:45:00+00:00,477.03467,0.0,22.9,477.7563751,0.0,22.6,14.21818182,337.8661526,0.0,-39.60897727,12.53319444
2025-10-09 22:00:00+00:00,476.5150505,0.0,22.9,476.911063,0.0,22.6,14.12972222,342.5665476,0.0,-40.37283333,12.35338889
2025-10-09 22:15:00+00:00,475.3234831,0.0,22.9,476.5021565,0.0,22.6,14.02142857,347.5057778,0.0,-40.94681481,12.24074074
2025-10-09 22:30:00+00:00,474.4241999,0.0,22.9,475.8828508,0.0,22.56153846,13.96153846,352.337911,0.0,-41.32614846,12.2
2025-10-09 22:45:00+00:00,473.5056481,0.0,22.82,474.2666554,0.0,22.5,13.87333333,357.2646032,0.0,-41.55333333,12.11416667
2025-10-09 23:00:00+00:00,473.0,0.0,22.8,473.4743539,0.0,22.5,13.73076923,23.90686421,0.0,-41.59061224,12.08775
2025-10-09 23:15:00+00:00,472.3920578,0.0,22.8,472.5601043,0.0,22.5,13.7,7.090330688,0.0,-41.40412698,11.95631429
2025-10-09 23:30:00+00:00,471.2827694,0.0,22.8,471.6329588,0.0,22.5,13.82307692,11.85911487,0.0,-41.08435374,11.84285714
2025-10-09 23:45:00+00:00,470.5548966,0.0,22.8,471.4294472,0.0,22.5,14.32857143,16.59346753,0.0,-40.571,11.8
2025-10-10 00:00:00+00:00,469.8178974,0.0,22.8,471.1725362,0.0,22.44,14.26888889,21.60803704,0.0,-39.83882011,11.72060017
2025-10-10 00:15:00+00:00,469.5305414,0.0,22.8,469.9818575,0.0,22.4,13.96428571,26.34015023,0.0,-38.95708617,11.7
2025-10-10 00:30:00+00:00,468.1331158,0.0,22.776,468.8998557,0.0,22.4,13.76444444,30.94845238,0.0,-37.91481481,11.66945
2025-10-10 00:45:00+00:00,467.8672072,0.0,22.70357143,468.8707482,0.0,22.4,13.62142857,35.18809524,0.0,-36.80585034,11.57477381
2025-10-10 01:00:00+00:00,466.6515136,0.0,22.7,467.2169697,0.0,22.37222222,13.42261905,39.52326623,0.0,-35.49815657,11.66796296
2025-10-10 01:15:00+00:00,466.5818239,0.0,22.7,466.7097531,0.0,22.3,13.33333333,43.60777211,0.0,-34.06904762,11.5622415
2025-10-10 01:30:00+00:00,465.4189707,0.0,22.7,465.7792709,0.0,22.3,13.20444444,47.64853704,0.0,-32.55075661,11.49994392
2025-10-10 01:45:00+00:00,464.0217923,0.0,22.7,465.8345964,0.0,22.3,13.15,51.67746296,0.0,-30.88885185,11.45731481
2025-10-10 02:00:00+00:00,463.3708344,0.0,22.7,464.7269841,0.0,22.3,13.03571429,55.26753401,0.0,-29.26011905,11.46047874
2025-10-10 02:15:00+00:00,462.8588718,0.0,22.7,463.8005007,0.0,22.3,13.0,58.76829674,0.0,-27.5605843,11.42884764
2025-10-10 02:30:00+00:00,465.7098033,0.0,22.7,476.7352797,0.0,22.33,13.0,62.84137446,0.0,-25.42356576,11.44375
2025-10-10 02:45:00+00:00,479.7887567,0.0,22.7,494.9110975,0.0,22.33222222,13.0,66.35084066,0.0,-23.4751044,11.40166667
2025-10-10 03:00:00+00:00,486.6835991,11.31428571,22.7,491.5297536,8.251391466,22.3,12.98461538,69.68872591,0.0,-21.56530612,11.38571429
2025-10-10 03:15:00+00:00,474.5143346,77.62546832,22.85757143,480.2394295,76.24543785,22.31111111,17.89460317,72.84848274,0.0,-19.67752381,11.45880159
2025-10-10 03:30:00+00:00,472.0561328,59.02633053,22.81,476.6542895,64.58539305,22.3622449,20.61714286,76.35076531,0.0,-17.39962894,11.54728742
2025-10-10 03:45:00+00:00,472.7926463,59.18284493,22.7,475.044884,62.3974359,22.3,20.9,79.22325758,0.0,-15.565481,11.52897186
2025-10-10 04:00:00+00:00,472.0637441,59.55026993,22.74450794,475.5841886,61.41032449,22.29320635,20.964,82.5282437,0.0,-13.39535526,11.54204533
2025-10-10 04:15:00+00:00,471.9315206,58.83013812,22.6,473.4961977,63.03441734,22.2,23.77857143,85.9456746,0.0,-11.02083333,11.61462392
2025-10-10 04:30:00+00:00,471.9144659,59.00592463,22.66,473.536563,63.17743282,22.2,25.12615079,88.95187446,0.0,-8.940831169,11.54
2025-10-10 04:45:00+00:00,471.7659555,59.23859127,22.61538462,474.1596578,62.08069213,22.2,23.11538462,92.07534117,0.0,-6.77623892,11.54387755
2025-10-10 05:00:00+00:00,472.0583333,59.21745199,22.5,474.4399603,62.95788828,22.15011111,21.80166667,95.12948341,0.047222222,-4.683809524,11.68533333
2025-10-10 05:15:00+00:00,472.9516884,59.70633464,22.51940476,474.7872081,62.93829763,22.19404762,22.13209707,98.22946712,0.924223624,-2.529889456,11.69535998
2025-10-10 05:30:00+00:00,473.2762892,58.37136291,22.49888889,474.9302605,62.88041794,22.2,21.938,101.2635455,3.27023471,-0.441851852,11.69510199
2025-10-10 05:45:00+00:00,485.2515914,59.04906205,22.48430839,479.2698865,64.21135775,22.24115646,21.93690476,104.3884651,7.13409266,1.583064059,11.75564103
2025-10-10 06:00:00+00:00,510.9979613,57.55418513,22.653663,495.9629413,64.20879719,22.35047619,22.0,107.4732532,15.96011064,3.620575092,11.63851852
2025-10-10 06:15:00+00:00,532.2785043,58.78631868,22.72814815,516.2380437,62.84758242,22.41333333,22.08367347,110.7393333,24.48918443,5.741393939,11.73333333
2025-10-10 06:30:00+00:00,538.6697861,59.57751772,22.85,518.6090926,66.30261234,22.4547619,22.1,113.8738714,33.90890013,7.665221088,11.97244898
2025-10-10 06:45:00+00:00,551.595038,58.59464052,22.88777778,524.7836851,64.54464696,22.49666667,22.00714286,117.231127,74.8120878,9.694092352,12.24009921
2025-10-10 07:00:00+00:00,565.1942376,58.86773652,23.00119048,532.909727,65.08254809,22.54718615,22.0,120.4025907,91.60663377,11.47410431,12.29028571
2025-10-10 07:15:00+00:00,570.76566,59.17705402,23.04842328,542.3708642,64.15451319,22.6,22.06533333,123.7213372,103.6942713,13.29847811,12.623
2025-10-10 07:30:00+00:00,566.9321777,63.56494871,23.07884615,552.2088997,64.51992451,22.59761905,22.04461538,126.8179365,140.748281,14.87238095,12.91349206
2025-10-10 07:45:00+00:00,563.3713768,62.9177578,23.17333333,551.5613373,64.51335957,22.60662963,22.0,130.3949514,236.538224,16.62594108,13.29723851
2025-10-10 08:00:00+00:00,571.8255035,62.26669164,23.15547619,548.9119214,63.91238296,22.69128788,22.04285714,134.0366409,193.6531674,18.2759212,13.52847877
2025-10-10 08:15:00+00:00,572.9287345,63.85784216,23.24087302,547.7466667,64.61744114,22.74126984,22.1,137.7564861,139.5151113,19.82660486,13.52878085
2025-10-10 08:30:00+00:00,573.9218537,63.0297619,23.15666667,548.5798001,63.28267691,22.8,22.1,141.5596756,206.9411987,21.26652237,13.48936688
2025-10-10 08:45:00+00:00,571.7061115,62.91830484,23.27619048,557.5395229,64.42291486,22.82266667,21.9,145.3784916,228.6384788,22.588,13.69703704
2025-10-10 09:00:00+00:00,582.7836724,61.6960034,23.36923077,571.0425236,64.24330905,22.94450549,21.8,149.1261925,192.309272,23.73274892,13.70514619
2025-10-10 09:15:00+00:00,598.2582591,61.68034188,23.45357143,577.4266208,65.36320009,23.00888889,21.74285714,152.7621667,261.2958474,24.70466667,13.85583333
2025-10-10 09:30:00+00:00,600.3105997,62.98803776,23.55505952,576.4642761,65.18265536,23.1,21.7,157.0768544,272.2190153,25.7021978,14.01468681
2025-10-10 09:45:00+00:00,606.4349293,63.51118234,23.50361111,572.4754749,64.97165667,23.1,21.7,161.1452169,140.5565998,26.50089947,13.96940212
2025-10-10 10:00:00+00:00,611.9735653,42.70037106,23.61095238,589.1477795,57.43953609,23.1,19.93571429,165.0763209,107.5720284,27.09469388,13.66436508
2025-10-10 10:15:00+00:00,612.1024688,62.82460148,23.65333333,588.5365098,64.05017721,23.1,18.50731602,169.0545874,260.6628065,27.55039329,14.15207391
2025-10-10 10:30:00+00:00,596.8463033,63.31467425,23.69428571,581.2982241,63.72264748,23.1,19.40769231,173.4710431,179.476242,27.92351474,14.30442857
2025-10-10 10:45:00+00:00,595.856535,62.15382475,23.61380952,567.013399,62.59110693,23.09583333,19.5,177.5836587,189.4364608,28.08666667,14.29914286
2025-10-10 11:00:00+00:00,597.8523918,64.38210784,23.68205128,559.2800339,64.69939447,23.18571429,19.33076923,181.736553,165.259958,28.09365079,14.57285714
2025-10-10 11:15:00+00:00,596.8118351,63.04262916,23.8,560.7264358,65.31293873,23.2,19.1747619,186.1665397,211.9441656,27.92711111,14.64888889
2025-10-10 11:30:00+00:00,587.6012652,64.28704906,23.8,557.1518926,64.93850495,23.2,19.1,190.339,187.185699,27.64094444,14.98055556
2025-10-10 11:45:00+00:00,582.1912698,64.2755102,23.8,553.7321429,64.39087302,23.2,19.1,194.5878785,116.4957545,27.16956044,14.7826118
2025-10-10 12:00:00+00:00,579.4688276,64.78428164,23.72111111,550.147215,65.78689967,23.2,18.93333333,198.5419784,103.1552645,26.56559524,14.64618148
2025-10-10 12:15:00+00:00,579.0782102,63.86341452,23.75435231,548.4591837,63.65273049,23.19955357,18.84269064,202.1539658,84.44201332,25.94197885,14.58226366
2025-10-10 12:30:00+00:00,564.2744227,64.59750842,23.72404762,543.9848999,65.194689,23.1,19.02888889,206.6457143,63.69780741,24.90825397,14.67122222
2025-10-10 12:45:00+00:00,548.7645317,63.34890873,23.60307692,534.4902305,64.19356059,23.1,19.1,210.401576,41.50854085,23.93592404,14.57744444
2025-10-10 13:00:00+00:00,536.1804401,63.06373483,23.60333333,527.1356631,65.31993324,23.1,19.14666667,214.2745608,60.04692406,22.76450794,14.60408586
2025-10-10 13:15:00+00:00,526.3288817,63.98597455,23.6,520.0669924,65.31986383,23.1,19.25,218.0159961,56.24984957,21.5217602,14.62087912
2025-10-10 13:30:00+00:00,516.476747,64.67667148,23.50666667,513.1023932,64.89378348,23.05333333,19.3,221.7793591,41.34685905,20.09236854,14.57657937
2025-10-10 13:45:00+00:00,507.9273603,63.36546673,23.4,507.7939636,63.53025437,23.0,19.38074074,225.4830952,30.64244439,18.59391534,14.53005291
2025-10-10 14:00:00+00:00,499.1532213,9.0,23.31428571,500.5094729,9.0,22.97123377,19.79942177,229.0088623,23.31430992,17.00518707,14.17758387
2025-10-10 14:15:00+00:00,496.8907839,0.0,23.3,500.6439216,0.0,22.9,19.37777778,232.4329582,16.41763533,15.37680403,13.95734283
2025-10-10 14:30:00+00:00,495.6111111,0.0,23.3,498.2112896,0.0,22.89071429,18.4,235.8429025,10.79306499,13.62097506,13.8
2025-10-10 14:45:00+00:00,495.0562169,0.0,23.25851852,497.3854621,0.0,22.8,17.45174603,239.0368225,14.44533708,11.89690476,13.8
2025-10-10 15:00:00+00:00,493.7153113,0.0,23.2,497.1747378,0.0,22.8,16.57071429,242.477381,8.228551498,9.908333333,13.75714286
2025-10-10 15:15:00+00:00,493.2405967,0.0,23.2,496.631323,0.0,22.8,16.10714286,245.5564233,4.572356523,8.087272727,13.69940202
2025-10-10 15:30:00+00:00,493.6607143,0.0,23.16163265,496.7123724,0.0,22.8,15.73571429,248.8054693,3.364175366,6.020595238,13.62801247
2025-10-10 15:45:00+00:00,492.5591893,0.0,23.1,495.9423002,0.0,22.8,15.5,251.936037,5.54323431,4.075415008,13.65181126
2025-10-10 16:00:00+00:00,492.0786561,0.0,23.1,494.5183071,0.0,22.70666667,15.3,255.1738889,3.135301893,1.864444444,13.63544444
2025-10-10 16:15:00+00:00,491.6226541,0.0,23.04285714,493.3223871,0.0,22.7,15.15833333,258.3749742,1.31731911,-0.192562358,13.46908472
2025-10-10 16:30:00+00:00,490.7662853,0.0,23.0,493.5777498,0.0,22.7,15.0725,261.1764336,0.40949831,-2.089382395,13.32747607
2025-10-10 16:45:00+00:00,489.3860853,0.0,23.0,492.209099,0.0,22.7,14.95857143,264.4497101,0.012709184,-4.371398938,13.30680357
2025-10-10 17:00:00+00:00,488.6132724,0.0,23.0,491.5527293,0.0,22.69777778,14.87111111,267.2744444,0.0,-6.321111111,13.40866667
2025-10-10 17:15:00+00:00,488.6539607,0.0,23.0,490.7106034,0.0,22.62988519,14.76149517,269.9231683,0.0,-8.181751245,13.46834647
2025-10-10 17:30:00+00:00,487.7616653,0.0,22.92888889,489.1658907,0.0,22.6,14.61333333,273.7381667,0.0,-10.80961111,13.402
2025-10-10 17:45:00+00:00,487.2198393,0.0,22.9,488.3617562,0.0,22.6,14.6,276.7976581,0.0,-12.90867001,13.49357143
2025-10-10 18:00:00+00:00,486.5180354,0.0,22.9,488.3403492,0.0,22.6,14.6,279.8632404,0.0,-14.99038889,13.5
2025-10-10 18:15:00+00:00,486.6946429,0.0,22.9,487.4926587,0.0,22.6,14.6,283.1664286,0.0,-17.13357143,13.5
2025-10-10 18:30:00+00:00,485.6130812,0.0,22.9,486.4059495,0.0,22.58,14.52,286.3656111,0.0,-19.20244444,13.45026667
2025-10-10 18:45:00+00:00,483.9484774,0.0,22.87142857,486.6641297,0.0,22.5,14.5,289.724952,0.0,-21.24016047,13.40111338
2025-10-10 19:00:00+00:00,483.8297856,0.0,22.9,486.0335354,0.0,22.5,14.5,293.0284259,0.0,-23.18722222,13.36116667
2025-10-10 19:15:00+00:00,483.281043,0.0,22.86607143,484.9693362,0.0,22.5,14.47142857,296.808574,0.0,-25.32470238,13.30553571
2025-10-10 19:30:00+00:00,483.2748427,0.0,22.8,484.749188,0.0,22.5,14.4,300.3611688,0.0,-27.19100649,13.36125
2025-10-10 19:45:00+00:00,482.7880519,0.0,22.8,483.2279094,0.0,22.495,14.4,304.0312063,0.0,-29.01116667,13.39019683
2025-10-10 20:00:00+00:00,481.9897055,0.0,22.8,483.6754669,0.0,22.44404762,14.4,307.8750523,0.0,-30.7958922,13.3
2025-10-10 20:15:00+00:00,481.3419617,0.0,22.8,482.2066667,0.0,22.4,14.3447619,311.5940741,0.0,-32.38488889,13.27266667
2025-10-10 20:30:00+00:00,481.4240376,0.0,22.8,481.8013251,0.0,22.4,14.3,315.8282738,0.0,-34.04089286,13.23061224
2025-10-10 20:45:00+00:00,479.4321541,0.0,22.8,481.164591,0.0,22.4,14.3,319.6880463,0.0,-35.3842069,13.25041552
2025-10-10 21:00:00+00:00,478.5673077,0.0,22.8,480.927225,0.0,22.4,14.25252525,324.0258884,0.0,-36.75371901,13.20818182
2025-10-10 21:15:00+00:00,476.4110755,0.0,22.77472527,480.4002963,0.0,22.3875,14.2,328.7744008,0.0,-38.06219693,13.2
2025-10-10 21:30:00+00:00,476.3596429,0.0,22.77710317,479.2865497,0.0,22.35719577,14.2,333.250119,0.0,-39.10240909,13.15859524
2025-10-10 21:45:00+00:00,476.678355,0.0,22.70642857,478.5961285,0.0,22.31428571,14.2,337.8757346,0.0,-39.99471655,13.2
2025-10-10 22:00:00+00:00,475.2976365,0.0,22.7,476.9499204,0.0,22.3,14.2,342.6391991,0.0,-40.72666667,13.19359524
2025-10-10 22:15:00+00:00,473.3746157,0.0,22.7,476.5575817,0.0,22.3,14.2,347.3727183,0.0,-41.29527778,13.16242507
2025-10-10 22:30:00+00:00,474.5987871,0.0,22.7,475.5448485,0.0,22.3,14.2,352.1560087,0.0,-41.71466667,13.2
2025-10-10 22:45:00+00:00,473.6047506,0.0,22.7,475.1714311,0.0,22.3,14.2,356.4664286,0.0,-41.87857143,13.25071429
2025-10-10 23:00:00+00:00,472.1525133,0.0,22.7,474.7435478,0.0,22.3,14.2,20.33088889,0.0,-41.95416667,13.25325952
2025-10-10 23:15:00+00:00,471.2409967,0.0,22.7,473.8896679,0.0,22.25714286,14.2,6.985884354,0.0,-41.7744898,13.21956207
2025-10-10 23:30:00+00:00,470.1859445,0.0,22.7,472.6735296,0.0,22.2,14.2,12.14631746,0.0,-41.42685714,13.20517063
2025-10-10 23:45:00+00:00,470.5771482,0.0,22.7,471.24688,0.0,22.2,14.2,17.13076729,0.0,-40.89663492,13.184
2025-10-11 00:00:00+00:00,470.6614464,0.0,22.7,470.7593655,0.0,22.2,14.19940476,20.90801912,0.0,-40.37137378,13.17946401
2025-10-11 00:15:00+00:00,468.8715654,0.0,22.7,469.6172271,0.0,22.2,14.10654762,26.15173315,0.0,-39.3698825,13.10557056
2025-10-11 00:30:00+00:00,467.8520106,0.0,22.62140909,468.6786285,0.0,22.2,14.1,30.86667989,0.0,-38.31948413,13.05020741
2025-10-11 00:45:00+00:00,467.0767055,0.0,22.63404762,468.8508723,0.0,22.2,14.1,34.66526474,0.0,-37.32979853,12.98244317
2025-10-11 01:00:00+00:00,466.6440015,0.0,22.6,467.8411261,0.0,22.2,14.04666667,39.6834632,0.0,-35.82138528,12.9
2025-10-11 01:15:00+00:00,465.2489796,0.0,22.67062271,467.0,0.0,22.19285714,13.98571429,43.30721154,0.0,-34.59725275,12.85637188
2025-10-11 01:30:00+00:00,464.3966524,0.0,22.6,466.2408827,0.0,22.15333333,13.9,47.8685089,0.0,-32.86511111,12.82521886
2025-10-11 01:45:00+00:00,464.57874,0.0,22.6,465.3933968,0.0,22.19777778,13.9,51.91746104,0.0,-31.1837672,12.7
2025-10-11 02:00:00+00:00,463.4270729,0.0,22.6,464.3159775,0.0,22.15323129,13.9,55.69168189,0.0,-29.46613946,12.57843373
2025-10-11 02:15:00+00:00,462.4760958,0.0,22.6,463.6151733,0.0,22.13111111,13.82157407,59.49120147,0.0,-27.60114286,12.36702646
2025-10-11 02:30:00+00:00,462.6495544,0.0,22.6,463.0645234,0.0,22.1,13.72142857,63.08646774,0.0,-25.72996599,12.09321429
2025-10-11 02:45:00+00:00,460.5755406,0.0,22.6,462.0356162,0.0,22.1,13.62133333,66.31983021,0.0,-23.93187374,12.02245238
2025-10-11 03:00:00+00:00,460.2994527,0.0,22.6,461.4524642,0.0,22.1,13.5,69.88606009,0.0,-21.88505669,12.0513552
2025-10-11 03:15:00+00:00,460.0291005,0.0,22.6,460.8552997,0.0,22.1,13.49777778,73.08202991,0.0,-19.94333333,12.04522751
2025-10-11 03:30:00+00:00,460.026746,0.0,22.6,460.2961087,0.0,22.1,13.40444444,76.73675084,0.0,-17.61308081,12.08490948
2025-10-11 03:45:00+00:00,459.6281481,0.0,22.6,459.500789,0.0,22.1,13.4,79.19515306,0.0,-16.01989796,12.01913265
2025-10-11 04:00:00+00:00,458.2505566,0.0,22.53571429,458.897592,0.0,22.1,13.4,82.63539502,0.0,-13.75136003,12.002886
2025-10-11 04:15:00+00:00,457.2677966,0.0,22.50666667,457.5055556,0.0,22.1,13.60683333,86.15866667,0.0,-11.34333333,12.0
2025-10-11 04:30:00+00:00,456.3029655,0.0,22.5,456.7199018,0.0,22.1,13.8,89.15484512,0.0,-9.277387205,11.98857619
2025-10-11 04:45:00+00:00,455.6716641,0.0,22.5,455.7572719,0.0,22.1,13.78392857,92.47074766,0.0,-6.976952948,11.96762271
2025-10-11 05:00:00+00:00,453.0893301,0.0,22.5,455.3326343,0.0,22.1,13.68666667,95.45666667,0.001212121,-4.905178571,12.0
2025-10-11 05:15:00+00:00,453.968254,0.0,22.5,454.3163059,0.0,22.1,13.53076923,98.61947743,0.280782789,-2.725974026,11.97786387
2025-10-11 05:30:00+00:00,453.2937566,0.0,22.5,453.769697,0.0,22.1,13.42857143,101.705582,1.349619239,-0.646455027,11.98345238
2025-10-11 05:45:00+00:00,452.4969388,0.0,22.5,452.6722222,0.0,22.1,13.4,104.7807769,3.180634099,1.388285326,11.99517857
2025-10-11 06:00:00+00:00,452.0133333,0.0,22.5,452.4718233,0.0,22.1,13.37333333,107.6303968,6.532994469,3.27009139,12.00577778
2025-10-11 06:15:00+00:00,451.1460308,0.0,22.46428571,451.5150422,0.0,22.1,13.27961538,110.8103918,17.07171438,5.334652015,12.08893014
2025-10-11 06:30:00+00:00,450.8100614,0.0,22.4,450.7964789,0.0,22.1,13.2,114.0648822,32.22022227,7.332239057,12.1195
2025-10-11 06:45:00+00:00,450.391983,0.0,22.4,451.0283421,0.0,22.1,13.2,117.2175469,40.09210755,9.226742424,12.16904762
2025-10-11 07:00:00+00:00,449.1464646,0.0,22.49833333,450.4406926,0.0,22.1,13.2,120.615198,58.47816595,11.21256614,12.22518519
2025-10-11 07:15:00+00:00,449.763092,0.0,22.5,450.215444,0.0,22.1,13.2,123.8744103,66.95892133,12.95942685,12.2852187
2025-10-11 07:30:00+00:00,448.9760359,0.0,22.5,450.0164988,0.0,22.1,13.2,127.383894,71.32664204,14.74146211,12.3
2025-10-11 07:45:00+00:00,448.4978571,0.0,22.55333333,449.1772372,0.0,22.1,13.2,130.8674694,129.7950282,16.45875783,12.60541847
2025-10-11 08:00:00+00:00,447.0081784,0.0,22.6,448.5046853,0.0,22.13809524,13.2,134.4997898,129.7422093,18.07712302,12.74216837
2025-10-11 08:15:00+00:00,446.7823255,0.0,22.6,448.1161132,0.0,22.2,13.28288889,137.8932323,271.6195607,19.48918182,12.92449091
2025-10-11 08:30:00+00:00,446.8647392,0.0,22.6,447.2408982,0.0,22.20731293,13.43076923,141.6988095,355.0302871,20.93208333,13.15175397
2025-10-11 08:45:00+00:00,446.3394974,0.0,22.6,446.2620358,0.0,22.3,13.5,145.3710847,324.9693979,22.1814127,13.25101587
2025-10-11 09:00:00+00:00,445.1612702,0.0,22.66454082,446.2427298,0.0,22.3487013,13.56428571,149.1333376,129.5496726,23.31730056,13.10064362
2025-10-11 09:15:00+00:00,443.7485458,0.0,22.66888889,446.826708,0.0,22.35266667,13.67111111,152.9703624,130.3642465,24.3425,12.93072727
2025-10-11 09:30:00+00:00,443.9686598,0.0,22.7,445.0526316,0.0,22.4,13.71875,157.181165,112.9704098,25.34285714,12.87933673
2025-10-11 09:45:00+00:00,443.1577061,0.0,22.7,444.8645472,0.0,22.4,13.8,161.0476133,154.2446662,26.09488521,12.89396803
2025-10-11 10:00:00+00:00,442.7091903,0.0,22.7,443.9599364,0.0,22.4,13.8,165.3521684,128.513345,26.75701531,13.02232143
2025-10-11 10:15:00+00:00,443.3419973,0.0,22.7,443.0977795,0.0,22.41333333,13.83333333,169.0287222,123.050006,27.15614815,13.00943333
2025-10-11 10:30:00+00:00,440.6044587,0.0,22.7,442.3578671,0.0,22.43333333,13.9,173.6850433,98.64877531,27.5369697,13.01763636
2025-10-11 10:45:00+00:00,441.6260715,0.0,22.7,442.7424961,0.0,22.44126984,13.9,177.8616582,125.537308,27.7,13.07327087
2025-10-11 11:00:00+00:00,440.4276218,0.0,22.74166667,441.3563204,0.0,22.47333333,13.9,181.9280983,133.3750779,27.7,13.17017236
2025-10-11 11:15:00+00:00,439.3499626,0.0,22.8,441.0231671,0.0,22.5,13.97142857,186.1567262,118.8464286,27.56428571,13.19940476
2025-10-11 11:30:00+00:00,438.4514625,0.0,22.8,440.2712121,0.0,22.5,14.0,190.2387275,105.9991325,27.29494444,13.13812698
2025-10-11 11:45:00+00:00,438.9632983,0.0,22.8,440.3499913,0.0,22.5,14.09285714,194.4582111,92.14252506,26.7977551,13.15099807
2025-10-11 12:00:00+00:00,437.6963747,0.0,22.8,439.3602702,0.0,22.5,14.11071429,198.4556032,84.81244736,26.19901876,13.109375
2025-10-11 12:15:00+00:00,436.4472073,0.0,22.8,438.5468151,0.0,22.5,14.2,201.7888889,76.99502235,25.60714286,13.03214286
2025-10-11 12:30:00+00:00,436.8384045,0.0,22.8,437.9101648,0.0,22.5,14.2,205.9308418,105.4091901,24.68966667,13.0753468
2025-10-11 12:45:00+00:00,435.6355159,0.0,22.8,438.3080293,0.0,22.5,14.2,210.440228,95.77232931,23.51954587,13.10907738
2025-10-11 13:00:00+00:00,435.4703555,0.0,22.8,437.7066667,0.0,22.5,14.2,214.227664,109.8108598,22.38857143,13.24217501
2025-10-11 13:15:00+00:00,434.1643027,0.0,22.8,436.2220988,0.0,22.5,14.2,218.015737,82.35284491,21.13534799,13.32908163
2025-10-11 13:30:00+00:00,434.6109524,0.0,22.8,435.9800002,0.0,22.5,14.2,221.7556532,61.62042032,19.7268254,13.2733373
2025-10-11 13:45:00+00:00,433.9917046,0.0,22.8,435.3831433,0.0,22.5,14.2,224.8531717,65.99566501,18.41579798,13.2
2025-10-11 14:00:00+00:00,432.5235428,0.0,22.8,435.0170737,0.0,22.5,14.2,228.7610516,62.21042672,16.70261905,13.23571429
2025-10-11 14:15:00+00:00,432.6123982,0.0,22.8,433.9410216,0.0,22.5,14.2,231.6654185,60.07528477,15.26255243,13.34455556
2025-10-11 14:30:00+00:00,432.7688831,0.0,22.8,433.938927,0.0,22.5,14.25705128,235.4175507,41.47560513,13.40812707,13.4
2025-10-11 14:45:00+00:00,432.1147207,0.0,22.8,432.82224,0.0,22.5,14.3,239.0660202,32.32780782,11.42448317,13.34763889
2025-10-11 15:00:00+00:00,431.4401626,0.0,22.8,432.3921415,0.0,22.5,14.3,242.3949006,26.57793924,9.524044785,13.32663265
2025-10-11 15:15:00+00:00,430.4656325,0.0,22.8,432.1868318,0.0,22.5,14.3,245.3383279,22.30523802,7.742082732,13.29640693
2025-10-11 15:30:00+00:00,430.209048,0.0,22.76842186,431.5676531,0.0,22.42321429,14.3008547,248.6782313,14.99783778,5.665093537,13.29560658
2025-10-11 15:45:00+00:00,429.8760678,0.0,22.70666667,431.4198094,0.0,22.4,14.38933333,251.6093303,9.587580778,3.78703663,13.20957071
2025-10-11 16:00:00+00:00,429.4444892,0.0,22.7,431.1175355,0.0,22.4,14.4,254.8062759,4.143441764,1.682192569,13.15738095
2025-10-11 16:15:00+00:00,429.1334596,0.0,22.7,429.6045262,0.0,22.4,14.4,258.165,1.856640093,-0.481547619,13.096
2025-10-11 16:30:00+00:00,428.9992034,0.0,22.7,428.7375801,0.0,22.3672619,14.4,261.1781448,0.386287393,-2.552137842,13.04006964
2025-10-11 16:45:00+00:00,428.3528684,0.0,22.7,428.9034114,0.0,22.30333333,14.4,264.1508822,0.0,-4.634288119,13.0
2025-10-11 17:00:00+00:00,427.2608335,0.0,22.7,429.8194444,0.0,22.3,14.39166667,267.0124632,0.0,-6.617713585,13.0
2025-10-11 17:15:00+00:00,427.0729536,0.0,22.64,428.9192308,0.0,22.3,14.3,270.3952015,0.0,-8.93779798,12.90438672
2025-10-11 17:30:00+00:00,427.2162056,0.0,22.6,428.4325508,0.0,22.24039116,14.25,273.5537299,0.0,-11.16474954,12.84469388
2025-10-11 17:45:00+00:00,427.329747,0.0,22.6,427.4553222,0.0,22.2,14.2,276.6297958,0.0,-13.2655654,12.74297818
2025-10-11 18:00:00+00:00,425.5543494,0.0,22.6,427.6839181,0.0,22.18533333,14.2,279.9542037,0.0,-15.47937446,12.67958333
2025-10-11 18:15:00+00:00,425.3465125,0.0,22.6,426.3294115,0.0,22.11890873,14.2,282.9899278,0.0,-17.46922877,12.57193939
2025-10-11 18:30:00+00:00,425.910101,0.0,22.6,425.7888889,0.0,22.12527778,14.13185185,286.3613512,0.0,-19.63578042,12.43732051
2025-10-11 18:45:00+00:00,424.9596939,0.0,22.6,426.1686331,0.0,22.1422619,14.1,289.672381,0.0,-21.63639172,12.27767857
2025-10-11 19:00:00+00:00,424.7698148,0.0,22.6,425.5186471,0.0,22.2,13.96666667,293.0733268,0.0,-23.66938312,12.14
2025-10-11 19:15:00+00:00,425.1574121,0.0,22.6,426.4009785,0.0,22.2,13.9,296.3487257,0.0,-25.52773782,12.1
2025-10-11 19:30:00+00:00,424.3813131,0.0,22.58285714,425.5092134,0.0,22.2,13.87857143,300.1514762,0.0,-27.53316931,12.04734048
2025-10-11 19:45:00+00:00,424.1092824,0.0,22.56916667,424.5927556,0.0,22.2,13.78,304.0041323,0.0,-29.42682873,11.93875325
2025-10-11 20:00:00+00:00,423.414832,0.0,22.54423077,424.5275721,0.0,22.2,13.71607143,307.6430102,0.0,-31.07613946,11.89751433
2025-10-11 20:15:00+00:00,423.3832442,0.0,22.5,424.1143844,0.0,22.15428571,13.88364021,311.6978307,0.0,-32.81712658,11.86043657
2025-10-11 20:30:00+00:00,423.5245516,0.0,22.5,424.4737887,0.0,22.18571429,13.9,315.5792219,0.0,-34.34951963,11.8
2025-10-11 20:45:00+00:00,422.4321429,0.0,22.5,423.3144986,0.0,22.2,13.9,319.825,0.0,-35.81622222,11.80266667
2025-10-11 21:00:00+00:00,422.1941455,0.0,22.5,422.9269614,0.0,22.15535714,13.9,324.0723214,0.0,-37.14983844,11.82346939
2025-10-11 21:15:00+00:00,421.9905456,0.0,22.5,422.6086055,0.0,22.13840741,13.83076923,328.5266667,0.0,-38.35616667,11.75185185
2025-10-11 21:30:00+00:00,422.0704933,0.0,22.5,421.5538123,0.0,22.1,13.75,333.1954762,0.0,-39.46277778,11.70066667
2025-10-11 21:45:00+00:00,421.572812,0.0,22.5,421.2714286,0.0,22.1,13.7,337.9960743,0.0,-40.38809524,11.71234694
2025-10-11 22:00:00+00:00,420.9884804,0.0,22.5,421.034034,0.0,22.1,13.7,342.7805147,0.0,-41.13244444,11.80133333
2025-10-11 22:15:00+00:00,420.9364857,0.0,22.45384615,420.9924812,0.0,22.1,13.7,347.7166893,0.0,-41.72962894,11.80339286
2025-10-11 22:30:00+00:00,420.8153618,0.0,22.425,420.2919048,0.0,22.1,13.7,352.2899074,0.0,-42.1043771,11.83914074
2025-10-11 22:45:00+00:00,419.5375945,0.0,22.4,420.2989623,0.0,22.1,13.61428571,357.2173521,0.0,-42.28571429,11.76079365
2025-10-11 23:00:00+00:00,418.9245441,0.0,22.4,419.648303,0.0,22.1,13.6,24.28398046,0.0,-42.3,11.80103175
2025-10-11 23:15:00+00:00,419.3662664,0.0,22.4,419.2001527,0.0,22.1,13.6,7.48751443,0.0,-42.13575036,11.84123617
2025-10-11 23:30:00+00:00,418.5988148,0.0,22.4,419.0137661,0.0,22.07928571,13.59230769,12.45320862,0.0,-41.78521825,11.8
2025-10-11 23:45:00+00:00,418.7721216,0.0,22.4,418.5902188,0.0,22.05265344,13.5,17.28248148,0.0,-41.22138889,11.79304545
2025-10-12 00:00:00+00:00,418.0896666,0.0,22.4,418.0545343,0.0,22.06545455,13.5,21.94642857,0.0,-40.53892857,11.85714286
2025-10-12 00:15:00+00:00,416.9422304,0.0,22.4,417.4140033,0.0,22.01766667,13.5,26.75392063,0.0,-39.63422222,11.9
2025-10-12 00:30:00+00:00,416.253343,0.0,22.4,416.5865675,0.0,22.0032967,13.5,31.10666667,0.0,-38.66190476,11.93162338
2025-10-12 00:45:00+00:00,416.8741943,0.0,22.4,416.4751493,0.0,22.0,13.5,35.43670202,0.0,-37.50398918,11.95511775
2025-10-12 01:00:00+00:00,416.2528216,0.0,22.4,415.0938181,0.0,22.0,13.5,39.97035714,0.0,-36.1549625,11.99839286
2025-10-12 01:15:00+00:00,416.194449,0.0,22.4,415.1470267,0.0,22.0,13.5,44.19302649,0.0,-34.68941282,12.01391546
2025-10-12 01:30:00+00:00,415.072619,0.0,22.4,414.7131766,0.0,22.0,13.5,48.04056122,0.0,-33.22413523,12.05991342
2025-10-12 01:45:00+00:00,415.2062556,0.0,22.4,415.0601735,0.0,22.0,13.5,52.11251852,0.0,-31.50148148,12.20826667
2025-10-12 02:00:00+00:00,414.7122189,0.0,22.4,414.9716475,0.0,22.0,13.5,56.14416402,0.0,-29.6805873,12.24278571
2025-10-12 02:15:00+00:00,413.3285714,0.0,22.4,413.9880952,0.0,22.0,13.5,59.9193315,0.0,-27.82231911,12.34339286
2025-10-12 02:30:00+00:00,413.7302161,0.0,22.4,412.5662032,0.0,22.0,13.5,63.40416667,0.0,-26.00866162,12.4
2025-10-12 02:45:00+00:00,412.9042049,0.0,22.4,412.4970238,0.0,22.0,13.5,66.76514305,0.0,-24.13468286,12.47119048
2025-10-12 03:00:00+00:00,413.1701525,0.0,22.37142857,413.2062542,0.0,22.0,13.5,70.29743506,0.0,-22.10185185,12.44793555
2025-10-12 03:15:00+00:00,412.7687929,0.0,22.4,412.284303,0.0,22.0,13.5,73.32157738,0.0,-20.25922619,12.36610294
2025-10-12 03:30:00+00:00,412.7699471,0.0,22.4,412.4800458,0.0,21.98666667,13.5,76.88710908,0.0,-17.97485144,12.11370428
2025-10-12 03:45:00+00:00,412.1125,0.0,22.34683333,411.5712014,0.0,21.92416667,13.5,80.15326263,0.0,-15.83067677,12.0
2025-10-12 04:00:00+00:00,410.8526992,0.0,22.4,410.9340937,0.0,22.0,13.51025641,83.39553571,0.0,-13.68246753,11.97372565
2025-10-12 04:15:00+00:00,411.3832683,0.0,22.34,411.2357265,0.0,21.972,13.59777778,86.50246465,0.0,-11.55135594,11.93195707
2025-10-12 04:30:00+00:00,410.4979175,0.0,22.33214286,411.0674114,0.0,21.91190476,13.6,89.5740051,0.0,-9.455960884,11.9
2025-10-12 04:45:00+00:00,409.8327575,0.0,22.35305556,410.5220741,0.0,21.90977778,13.6,92.48467808,0.0,-7.400961798,11.9
2025-10-12 05:00:00+00:00,411.2411656,0.0,22.4,409.8325427,0.0,21.94428571,13.6,95.68476561,0.0,-5.160351474,11.85646825
2025-10-12 05:15:00+00:00,409.9821429,0.0,22.32688889,409.0874126,0.0,21.9,13.6,99.05358333,0.204127778,-2.849638889,11.88922727
2025-10-12 05:30:00+00:00,409.8215309,0.0,22.30952381,408.2219388,0.0,21.9,13.55238095,101.5497166,1.2981192,-1.163560745,11.83101474
2025-10-12 05:45:00+00:00,409.2878796,0.0,22.35447619,408.7467244,0.0,21.9,13.5,104.7812109,6.039613637,0.965129371,11.80237879
2025-10-12 06:00:00+00:00,408.8031808,0.0,22.3,408.0260741,0.0,21.9,13.5,108.1491361,15.56646269,3.17557672,11.83995171
2025-10-12 06:15:00+00:00,409.2960366,0.0,22.3,407.8759509,0.0,21.9,13.5,111.3327523,17.89699997,5.221910431,11.97641071
2025-10-12 06:30:00+00:00,407.9632152,0.0,22.33555556,407.7533234,0.0,21.93555556,13.5,114.5150459,25.45015349,7.16991342,12.09033333
2025-10-12 06:45:00+00:00,407.9354244,0.0,22.35,406.4761905,0.0,21.93571429,13.41538462,117.6844944,37.71593471,9.068678048,12.16423214
2025-10-12 07:00:00+00:00,407.8586329,0.0,22.39666667,407.6196312,0.0,21.9727619,13.36377778,120.9189675,44.5448831,10.90760101,12.31791574
2025-10-12 07:15:00+00:00,407.9767857,0.0,22.4,406.1817602,0.0,22.0,13.3,124.2651824,37.36979579,12.73104128,12.39950549
2025-10-12 07:30:00+00:00,407.0772944,0.0,22.4,406.1227706,0.0,22.0,13.3,127.6511008,33.84384114,14.49163263,12.5
2025-10-12 07:45:00+00:00,407.6109848,0.0,22.4,406.0217708,0.0,22.0,13.32104592,130.88375,48.6301421,16.04230017,12.60333447
2025-10-12 08:00:00+00:00,406.2607043,0.0,22.4,406.1614719,0.0,22.0,13.4,134.5687831,128.4800085,17.69171429,12.87358519
2025-10-12 08:15:00+00:00,406.9587162,0.0,22.4,406.015873,0.0,21.97916667,13.43333333,138.3156695,113.7289417,19.23259259,13.16737037
2025-10-12 08:30:00+00:00,405.4966759,0.0,22.4,406.2708503,0.0,22.0,13.5,142.0184676,66.00200265,20.6267988,13.23186813
2025-10-12 08:45:00+00:00,406.062768,0.0,22.4,405.3660423,0.0,22.0,13.55333333,145.6245339,123.933249,21.87368831,13.32179762
2025-10-12 09:00:00+00:00,406.46912,0.0,22.42661565,404.446363,0.0,22.02222222,13.69285714,149.2487387,161.5360278,22.95969388,13.57196145
2025-10-12 09:15:00+00:00,405.0747382,0.0,22.5,404.0722222,0.0,22.05376068,13.74666667,153.1778175,268.0439572,24.02888889,13.89546667
2025-10-12 09:30:00+00:00,405.345467,0.0,22.5,404.5400255,0.0,22.12857143,13.88571429,157.4614966,447.1953311,25.01843537,14.4075
2025-10-12 09:45:00+00:00,404.4425847,0.0,22.53752381,403.9005601,0.0,22.2,13.95126984,161.117037,218.086987,25.68666667,14.46
2025-10-12 10:00:00+00:00,403.741839,0.0,22.6,403.5158032,0.0,22.21428571,14.13647959,165.4172421,128.9312323,26.37797619,14.20109253
2025-10-12 10:15:00+00:00,404.3021334,0.0,22.6,403.4029257,0.0,22.2775,14.2,169.6185397,167.9281716,26.86419841,14.04535238
2025-10-12 10:30:00+00:00,403.1979592,0.0,22.6,402.6161686,0.0,22.3,14.33186813,173.5574773,304.0453326,27.17142857,14.02318878
2025-10-12 10:45:00+00:00,403.252963,0.0,22.6,403.2237694,0.0,22.3,14.4,177.712013,394.7852097,27.33868687,14.69510168
2025-10-12 11:00:00+00:00,402.8997449,0.0,22.6252381,402.8650668,0.0,22.38673469,14.51428571,181.8777145,282.0129303,27.37469388,15.04610108
2025-10-12 11:15:00+00:00,402.6458333,0.0,22.7,402.7354618,0.0,22.4,14.6,186.0850067,250.7108845,27.20079365,15.12652778
2025-10-12 11:30:00+00:00,402.2147282,0.0,22.7,402.8790917,0.0,22.4,14.65,190.1884637,477.9058849,26.91255669,15.45246599
2025-10-12 11:45:00+00:00,400.912963,0.0,22.75833333,402.5590909,0.0,22.46071429,14.76666667,194.5806863,511.5614371,26.39473304,16.15798882
2025-10-12 12:00:00+00:00,401.2625511,0.0,22.8,402.7428341,0.0,22.5,14.84345238,198.3559615,278.4500909,25.87205646,16.1603094
2025-10-12 12:15:00+00:00,401.9616493,0.0,22.80238095,403.4297439,0.0,22.56428571,14.90714286,202.5532197,323.6075006,25.05035173,15.95416383
2025-10-12 12:30:00+00:00,400.9576358,0.0,22.88666667,403.8041785,0.0,22.6,15.06833333,206.1089048,236.1499531,24.26938624,16.24547453
2025-10-12 12:45:00+00:00,401.1547619,0.0,22.9,403.2080087,0.0,22.65714286,15.19487179,210.3218506,355.6850388,23.16837121,16.37010204
2025-10-12 13:00:00+00:00,401.7321129,0.0,22.96814815,402.6708791,0.0,22.7,15.32761905,214.0686027,292.5643845,22.04436027,16.46829563
2025-10-12 13:15:00+00:00,400.8967115,0.0,23.02321429,402.2133878,0.0,22.80844156,15.59285714,217.7818665,368.1279734,20.75936366,16.58440072
2025-10-12 13:30:00+00:00,402.0786923,0.0,23.1,402.3569004,0.0,22.94305556,15.72457143,221.5001421,355.7741756,19.38645392,16.62318192
2025-10-12 13:45:00+00:00,401.2337418,0.0,23.17333333,402.5596979,0.0,23.14148148,15.94666667,225.2413558,307.2976692,17.85874339,16.52561668
2025-10-12 14:00:00+00:00,400.990873,0.0,23.32346939,403.0183122,0.0,23.29285714,16.15064935,228.4625162,275.575574,16.44191327,16.58660714
2025-10-12 14:15:00+00:00,401.9196538,0.0,23.3,403.0017599,0.0,23.4,16.35333333,232.2825079,254.9341897,14.59483333,16.65101111
2025-10-12 14:30:00+00:00,400.7334467,0.0,23.46481481,403.4055963,0.0,23.4,16.49875661,235.4,196.152298,13.01130952,16.34142857
2025-10-12 14:45:00+00:00,401.637963,0.0,23.41111111,403.2716123,0.0,23.63266667,16.73571429,238.8254725,170.1107248,11.15435653,16.06171569
2025-10-12 15:00:00+00:00,401.6807566,0.0,23.47142857,403.23324,0.0,24.37619048,16.90952381,242.1898214,134.5217667,9.213928571,15.76258929
2025-10-12 15:15:00+00:00,402.3688406,0.0,23.5,404.7533333,0.0,24.61688889,17.03833333,245.1911533,102.7658998,7.421994117,15.31631891
2025-10-12 15:30:00+00:00,403.0080357,0.0,23.5,404.8798984,0.0,24.45,17.13571429,248.5984127,57.4840819,5.307996032,14.89102296
2025-10-12 15:45:00+00:00,402.6800738,0.0,23.5,405.4181982,0.0,24.14144444,17.2,251.531037,32.18481896,3.406814815,14.50671225
2025-10-12 16:00:00+00:00,402.8999089,0.0,23.5,404.6290647,0.0,23.72628968,17.2,254.7689342,15.58491694,1.289767574,13.94101616
2025-10-12 16:15:00+00:00,402.4094444,0.0,23.46428571,404.4749206,0.0,23.52666667,17.09285714,257.9099683,3.226311082,-0.787936508,13.37497619
2025-10-12 16:30:00+00:00,403.5934259,0.0,23.4,404.2234074,0.0,23.34083333,16.91102041,261.0175649,0.573200976,-2.908510101,12.89072511
2025-10-12 16:45:00+00:00,403.200201,0.0,23.4,404.9047619,0.0,23.2932398,16.65166667,264.1160374,0.028235931,-5.048285147,12.47023294
2025-10-12 17:00:00+00:00,403.968254,0.0,23.4,404.3994433,0.0,23.29638095,16.35612698,267.1991111,0.0,-7.157555556,12.15992063
2025-10-12 17:15:00+00:00,402.525018,0.0,23.37285714,405.0467544,0.0,23.2,16.01666667,270.2939257,0.0,-9.340620748,11.92907035
2025-10-12 17:30:00+00:00,402.7208853,0.0,23.31333333,404.2999322,0.0,23.13238095,15.70757576,273.2804625,0.0,-11.40381746,11.61180303
2025-10-12 17:45:00+00:00,402.6611329,0.0,23.3,404.6292257,0.0,23.08333333,15.48184524,276.5275132,0.0,-13.63358345,11.20934584
2025-10-12 18:00:00+00:00,403.2765585,0.0,23.3,404.4128472,0.0,23.0,15.20238095,279.5401927,0.0,-15.66723356,10.94119643
2025-10-12 18:15:00+00:00,403.1191358,0.0,23.22522222,404.2427988,0.0,23.0,14.94011111,282.7797424,0.0,-17.80061905,10.82851575
2025-10-12 18:30:00+00:00,402.5656716,0.0,23.2,403.9593,0.0,22.9,14.68791209,286.0677183,0.0,-19.88010204,10.69195238
2025-10-12 18:45:00+00:00,402.345213,0.0,23.17333333,403.7715212,0.0,22.89939394,14.42,289.4601195,0.0,-21.92983683,10.660767
2025-10-12 19:00:00+00:00,402.7470238,0.0,23.1,404.4651096,0.0,22.80595238,14.18571429,292.9978022,0.0,-24.04517857,10.41032143
2025-10-12 19:15:00+00:00,401.5341132,0.0,23.1,403.5641414,0.0,22.8,13.97698413,296.5151111,0.0,-26.03472222,10.28810606
2025-10-12 19:30:00+00:00,400.8423521,0.0,23.04761905,403.718457,0.0,22.74142857,13.7625,300.0901757,0.0,-27.9255102,10.1445269
2025-10-12 19:45:00+00:00,400.9839295,0.0,23.0,403.5664336,0.0,22.7,13.64116162,303.7312771,0.0,-29.75651515,9.990909091
2025-10-12 20:00:00+00:00,401.5311264,0.0,22.9,403.2324864,0.0,22.67984848,13.44545455,308.1967057,0.0,-31.78409091,9.8
2025-10-12 20:15:00+00:00,400.6193158,0.0,22.9,403.1430543,0.0,22.60102041,13.26071429,311.5148932,0.0,-33.18568878,9.585064935
2025-10-12 20:30:00+00:00,400.7024438,0.0,22.87133333,403.3338077,0.0,22.6,13.17133333,315.1058788,0.0,-34.56474074,9.463716667
2025-10-12 20:45:00+00:00,400.6354167,0.0,22.8,403.5617269,0.0,22.6,13.00769231,319.748835,0.0,-36.20658163,9.597191327
2025-10-12 21:00:00+00:00,400.5675932,0.0,22.8,403.023091,0.0,22.6,12.90666667,323.3085317,0.0,-37.33287037,9.64462963
2025-10-12 21:15:00+00:00,400.2683172,0.0,22.72142857,402.1131322,0.0,22.58869048,12.79795918,328.3940433,0.0,-38.74191959,9.775303663
2025-10-12 21:30:00+00:00,400.3519009,0.0,22.7,402.3153503,0.0,22.54666667,12.58979592,333.0568175,0.0,-39.82,9.631238095
2025-10-12 21:45:00+00:00,399.468907,0.0,22.7,402.7028647,0.0,22.5,12.48,337.4608466,0.0,-40.69720106,9.519074074
2025-10-12 22:00:00+00:00,400.0371985,0.0,22.7,402.4417989,0.0,22.5,12.4,342.4700216,0.0,-41.4911039,9.148915945
2025-10-12 22:15:00+00:00,399.1757407,0.0,22.7,402.4260011,0.0,22.5,12.31071429,347.690381,0.0,-42.07825397,8.98568254
2025-10-12 22:30:00+00:00,399.347619,0.0,22.7,402.0170068,0.0,22.5,12.3,352.2106079,0.0,-42.42485871,8.713425582
2025-10-12 22:45:00+00:00,399.6028656,0.0,22.7,401.9088618,0.0,22.5,12.28985185,337.863956,0.0,-42.67333333,8.389984371
2025-10-12 23:00:00+00:00,399.4827523,0.0,22.7,401.2508503,0.0,22.43469388,12.13452381,2.540012369,0.0,-42.68571429,8.405197897
2025-10-12 23:15:00+00:00,399.0831751,0.0,22.69166667,401.6383389,0.0,22.4,12.1,7.465644541,0.0,-42.52571429,8.542696581
2025-10-12 23:30:00+00:00,399.0223214,0.0,22.6,401.6793898,0.0,22.4,12.1,12.05058275,0.0,-42.19109997,8.964328231
2025-10-12 23:45:00+00:00,399.9790476,0.0,22.6,401.0158333,0.0,22.4,12.03619048,17.2780815,0.0,-41.62878205,8.984015873
2025-10-13 00:00:00+00:00,398.8771191,0.0,22.6,400.5769451,0.0,22.4,11.95,21.41408163,0.0,-41.00403061,8.917846939
2025-10-13 00:15:00+00:00,398.9740741,0.0,22.6,400.2763837,0.0,22.4,11.84666667,26.82665608,0.0,-40.03534921,9.056761905
2025-10-13 00:30:00+00:00,399.0695286,0.0,22.6,399.6732496,0.0,22.37285714,11.8,31.09913781,0.0,-39.05847619,9.179555556
2025-10-13 00:45:00+00:00,397.6133078,0.0,22.6,399.8363273,0.0,22.30721501,11.69920635,36.03502706,0.0,-37.75257937,9.093233909
2025-10-13 01:00:00+00:00,396.7994825,0.0,22.6,399.830482,0.0,22.3,11.56,40.0562963,0.0,-36.51744444,8.934259259
2025-10-13 01:15:00+00:00,396.9182584,0.0,22.6,399.7252304,0.0,22.3,11.42738095,44.28945578,0.0,-35.06007653,8.759148423
2025-10-13 01:30:00+00:00,397.3018621,0.0,22.6,398.8993007,0.0,22.3,11.28444444,48.61278111,0.0,-33.4062987,8.563361376
2025-10-13 01:45:00+00:00,396.6422202,0.0,22.6,399.2598285,0.0,22.3,11.06732143,52.0122265,0.0,-32.00536842,8.182284031
2025-10-13 02:00:00+00:00,396.1258885,0.0,22.59555556,398.9666667,0.0,22.3,10.87752381,56.22543508,0.0,-30.06015873,8.120733333
2025-10-13 02:15:00+00:00,396.3409333,0.0,22.50714286,398.3605747,0.0,22.3,10.68441558,59.89339391,0.0,-28.28323542,8.120879121
2025-10-13 02:30:00+00:00,396.9706639,0.0,22.5,398.4761546,0.0,22.3,10.49619048,63.46481441,0.0,-26.4097558,8.0976
2025-10-13 02:45:00+00:00,395.8956551,0.0,22.5,398.1428571,0.0,22.25,10.38095238,67.03290816,0.0,-24.4196712,8.372821286
2025-10-13 03:00:00+00:00,397.6470055,12.71235431,22.52166667,400.3909803,18.75702803,22.20666667,10.73333333,70.53029101,0.0,-22.3819709,8.38307735
2025-10-13 03:15:00+00:00,410.096543,61.50913173,22.55142857,411.1469379,66.65562866,22.21428571,22.91857143,73.80517857,0.0,-20.4,8.484908163
2025-10-13 03:30:00+00:00,419.2121875,61.68810841,22.43079365,422.7152542,65.82951678,22.15333333,22.78922222,76.9957672,0.0,-18.34949351,8.478181818
2025-10-13 03:45:00+00:00,431.6763547,61.5680795,22.35454545,444.1358625,66.58927828,22.05327381,21.77727273,80.1334623,0.0,-16.33368056,8.207299253
2025-10-13 04:00:00+00:00,443.2948638,62.38646843,22.4,452.988894,66.41614799,22.1,22.11428571,83.62389842,0.0,-13.9617834,8.213928571
2025-10-13 04:15:00+00:00,452.0949521,61.62546484,22.4,457.8387166,64.50284177,22.1,22.01361111,86.54669697,0.0,-11.98445238,8.322664595
2025-10-13 04:30:00+00:00,464.7517134,61.06290668,22.43660714,465.2194682,62.84562671,22.1,21.93095238,89.62210884,0.0,-9.854081633,8.376326531
2025-10-13 04:45:00+00:00,473.4851711,61.16031746,22.496,480.10798,63.3204826,22.1,22.06111111,92.87461905,0.0,-7.592722222,8.149478179
2025-10-13 05:00:00+00:00,483.9204783,61.49576331,22.48333333,490.1036422,63.25474331,22.19642857,22.04761905,95.70555556,0.0,-5.645423624,8.017205473
2025-10-13 05:15:00+00:00,509.9787458,61.36409405,22.55888889,501.7784804,63.25206678,22.15481481,21.95355556,98.96330592,0.393607307,-3.370149591,8.195578644
2025-10-13 05:30:00+00:00,534.8431415,61.20108225,22.48656463,526.2317094,62.87617885,22.2,22.05714286,101.9628535,2.073089052,-1.313524531,8.282761596
2025-10-13 05:45:00+00:00,548.3943223,61.79692308,22.58367347,527.6249085,63.52520363,22.17488889,22.02392857,105.0578622,8.784864552,0.683231602,7.770515152
2025-10-13 06:00:00+00:00,566.1167158,63.58898667,22.65001417,549.0549372,62.96744068,22.15178571,21.96835317,108.1738444,28.61889846,2.741463893,7.512056788
2025-10-13 06:15:00+00:00,589.8829404,65.03094912,22.58452381,595.4461496,63.05567352,22.33333333,21.94,111.3490597,49.94252555,4.764417582,7.354695584
2025-10-13 06:30:00+00:00,620.3457634,62.75187848,22.76729167,636.5097524,63.28626178,22.56565476,22.07820513,114.6746313,76.25947243,6.829039116,7.450398951
2025-10-13 06:45:00+00:00,654.0819022,64.31438312,22.87701587,689.4769654,63.5338443,22.69592593,22.1,118.0114896,104.0870316,8.821285233,7.873206349
2025-10-13 07:00:00+00:00,673.4130581,64.46103606,23.0031746,728.5163896,62.67785567,22.73303571,21.99285714,121.0724702,165.7082285,10.58412698,8.052380952
2025-10-13 07:15:00+00:00,679.9941815,63.9979242,23.12061376,754.7868317,62.93396712,22.86698413,21.93333333,124.4643523,176.2991667,12.42883045,8.492288082
2025-10-13 07:30:00+00:00,684.8736508,64.38956151,23.30044444,717.8592079,63.01175293,22.97333333,22.16266667,128.0488889,211.1267952,14.272,8.980333333
2025-10-13 07:45:00+00:00,685.5191971,64.85866013,23.23571429,740.6801554,65.76970724,23.0,22.04285714,131.3956491,255.1224648,15.86289683,9.369861111
2025-10-13 08:00:00+00:00,689.4756859,64.46691458,23.19784993,730.2481951,61.22027024,22.97089277,22.07857143,134.7987999,244.591286,17.38129025,9.805810429
2025-10-13 08:15:00+00:00,682.7729816,63.6962366,23.29857143,723.6262932,60.63815807,23.03714286,22.00714286,138.2894331,258.2788913,18.85302198,10.217447
2025-10-13 08:30:00+00:00,667.7070509,65.60486365,23.44864069,675.2372268,62.61293706,23.07481481,22.0,142.3090741,291.7093774,20.34722222,10.57324074
2025-10-13 08:45:00+00:00,657.2392691,65.51092133,23.54358974,668.6501408,62.43233365,23.05812925,22.04166667,145.8341209,330.3192907,21.52978632,10.80257937
2025-10-13 09:00:00+00:00,653.8319937,65.7356345,23.46043956,673.6481232,63.50801105,23.14571429,22.02142857,149.7463993,348.0646897,22.72316667,11.17826618
2025-10-13 09:15:00+00:00,644.8399011,66.63136586,23.63634921,649.4378362,64.06788663,23.25785714,22.0,153.4651629,344.3028633,23.71046703,11.6610589
2025-10-13 09:30:00+00:00,646.7052462,67.22386781,23.60215344,661.0022753,65.10844472,23.26,22.03,157.4376435,361.3877826,24.6119203,11.79534335
2025-10-13 09:45:00+00:00,630.6094415,65.20495366,23.61346154,629.2439372,62.90021996,23.27261905,22.00512821,161.4908806,380.4438716,25.42423239,12.11325092
2025-10-13 10:00:00+00:00,637.9161603,66.22747004,23.54525397,641.036192,64.60155574,23.27423521,21.9,165.2362222,398.5002874,25.96190476,12.40133333
2025-10-13 10:15:00+00:00,619.8039988,66.16450811,23.7,633.5642968,64.00308401,23.28571429,21.9,169.780437,414.9372809,26.51139971,12.70883323
2025-10-13 10:30:00+00:00,610.1558062,67.08148602,23.64964286,608.610997,64.80198269,23.25007937,21.67428571,173.4623517,419.4255954,26.79213157,12.92436264
2025-10-13 10:45:00+00:00,613.5351635,66.81976431,23.68095238,601.8172337,64.97444444,23.26666667,21.5,178.0582566,427.2832587,26.96583333,13.19210053
2025-10-13 11:00:00+00:00,616.6071429,66.51433983,23.7,605.2828746,64.10173791,23.37857143,21.35,182.2911338,437.1122017,26.98582766,13.1819237
2025-10-13 11:15:00+00:00,611.2249627,67.60687135,23.73748148,590.9107186,63.77336776,23.49333333,21.04358974,186.2048704,424.4583126,26.8293658,13.32549735
2025-10-13 11:30:00+00:00,611.9457606,66.18150401,23.67076923,586.7845842,64.7320424,23.31428571,20.86153846,190.3771645,407.4633175,26.49866419,13.78283395
2025-10-13 11:45:00+00:00,613.6772651,67.7562963,23.73681481,585.060079,64.93878473,23.31777778,20.66525397,194.4711717,370.6031428,26.07128205,13.7380293
2025-10-13 12:00:00+00:00,607.4125932,66.24312043,23.78,575.6207456,63.44895382,23.28428571,20.27857143,198.498146,349.6681679,25.44061688,13.6489881
2025-10-13 12:15:00+00:00,602.9453986,65.74537037,23.74930952,573.9379627,63.99631681,23.44247475,20.12833333,202.4069223,332.7507134,24.70877723,13.6312963
2025-10-13 12:30:00+00:00,594.7685811,66.47931097,23.83571429,558.0426923,63.36884615,23.59693878,19.95,206.4727891,363.2537692,23.80124717,13.98571429
2025-10-13 12:45:00+00:00,593.0346801,67.41169913,23.79255556,559.9334738,65.62761905,23.52761905,19.64,210.311119,334.3083055,22.78614286,14.22160786
2025-10-13 13:00:00+00:00,585.3055965,65.2700161,23.82740741,554.680799,63.6597758,23.50644444,19.34,214.0082476,208.6093863,21.66444444,14.11404658
2025-10-13 13:15:00+00:00,584.274747,66.33131868,23.80586735,564.7618146,65.23396946,23.4,19.1577381,217.8282575,160.5006316,20.37988083,13.90127804
2025-10-13 13:30:00+00:00,569.12051,66.91987181,23.8,554.1815098,65.35441648,23.4,19.1,221.1943743,177.1473726,19.12715344,13.93384365
2025-10-13 13:45:00+00:00,553.6769231,66.96488095,23.74952381,549.9763897,64.97617357,23.41428571,19.14040816,225.0538961,202.0293988,17.54848098,14.01690399
2025-10-13 14:00:00+00:00,535.5973188,63.46494899,23.63372222,541.4357158,65.2612298,23.49857143,19.75466667,228.5895926,225.8129162,15.9404127,14.34962143
2025-10-13 14:15:00+00:00,526.1174547,61.2734127,23.61714286,534.7466972,62.51232802,23.57678571,19.16,232.0538095,196.0852146,14.31279762,14.39061508
2025-10-13 14:30:00+00:00,516.2157317,60.90637524,23.61377778,524.2226,63.66994237,23.631,19.26111111,235.3450476,177.4190721,12.59161905,14.73577381
2025-10-13 14:45:00+00:00,509.4304679,61.16906543,23.6,516.6306405,64.02270016,23.7,18.77452381,238.6431831,158.269897,10.82510913,14.42978685
2025-10-13 15:00:00+00:00,503.7924228,60.94710317,23.6,509.480404,64.37650794,23.65333333,19.74,242.0648254,119.767397,8.859206349,13.87245406
2025-10-13 15:15:00+00:00,498.2924366,60.34105741,23.6,504.4489421,63.26326711,23.6,18.62849206,244.9331817,87.28327019,7.144518759,13.50923298
2025-10-13 15:30:00+00:00,493.6149305,61.24511335,23.6,498.4098167,63.98784902,23.51505102,19.56321995,248.1433828,38.14017402,5.159672233,13.37265242
2025-10-13 15:45:00+00:00,489.6032382,60.89183673,23.52792208,495.0608018,64.38543127,23.40221088,19.43660714,251.3414512,28.61054591,3.104829932,13.1219983
2025-10-13 16:00:00+00:00,487.6656434,61.29770556,23.5,491.7130251,64.20036897,23.37846154,19.23354167,254.917674,9.982851982,0.755769231,13.0491997
2025-10-13 16:15:00+00:00,485.909412,63.06139342,23.5,489.0101852,64.26468336,23.3,19.88148148,257.7036111,2.475651103,-1.069193122,12.8057714
2025-10-13 16:30:00+00:00,484.2279942,62.33035714,23.4,486.3883547,63.39514652,23.25634921,19.6622449,260.7843692,0.387194489,-3.189515048,12.71009586
2025-10-13 16:45:00+00:00,483.1405517,62.23974747,23.4,484.9395717,63.34366964,23.19714286,20.00433673,263.808337,0.0,-5.269014042,12.58663187
2025-10-13 17:00:00+00:00,481.2061663,62.70375379,23.33571429,484.8433179,63.51465013,23.1,20.27333333,266.8787103,0.0,-7.402647135,12.52503762
2025-10-13 17:15:00+00:00,479.9544892,62.88240452,23.25933333,483.9672924,64.97595716,23.1,20.26666667,269.9582222,0.0,-9.55202381,12.02482299
2025-10-13 17:30:00+00:00,480.4792517,62.31478938,23.2,483.6051703,63.90230881,23.00714286,20.4010989,273.165873,0.0,-11.80119048,11.46515873
2025-10-13 17:45:00+00:00,480.5018634,61.85908369,23.17333333,484.2644776,64.02527614,22.97333333,20.5752381,275.9971189,0.0,-13.69618803,11.33993136
2025-10-13 18:00:00+00:00,479.1398742,62.60323255,23.1,483.3993045,64.3945763,22.9,20.95,279.5681202,0.0,-16.12760642,11.04993378
2025-10-13 18:15:00+00:00,479.7397957,61.95868729,23.1,482.7746032,63.61751878,22.88444444,21.26666667,282.6792821,0.0,-18.19666667,10.95066667
2025-10-13 18:30:00+00:00,479.5415392,62.65068027,23.07295918,482.7209596,63.80050802,22.8,21.48809524,285.9926644,0.0,-20.26605879,11.150766
2025-10-13 18:45:00+00:00,481.3944477,62.35392522,23.02857143,483.0179298,63.4964513,22.8,21.54642857,289.2593855,0.0,-22.31442761,11.22727273
2025-10-13 19:00:00+00:00,481.2583519,4.5,23.0,483.2767625,6.963605442,22.78928571,21.51428571,292.656654,0.0,-24.29638709,11.2793631
2025-10-13 19:15:00+00:00,481.3725087,0.0,22.94047619,482.7449062,0.0,22.7,21.32142857,296.2390139,0.0,-26.3083907,11.24159192
2025-10-13 19:30:00+00:00,479.625903,0.0,22.9,482.3573333,0.0,22.69866667,20.96761905,299.8875,0.0,-28.23738889,11.41993889
2025-10-13 19:45:00+00:00,478.9181413,0.0,22.89285714,481.0709202,0.0,22.60884354,20.28730769,303.5760531,0.0,-30.09385793,11.517442
2025-10-13 20:00:00+00:00,476.8184514,0.0,22.83849206,480.7334578,0.0,22.6,19.60357143,307.1511643,0.0,-31.70978763,11.51144392
2025-10-13 20:15:00+00:00,477.5038889,0.0,22.8,479.6706595,0.0,22.6,18.87444444,311.2651905,0.0,-33.46752381,11.27033333
2025-10-13 20:30:00+00:00,475.9440434,0.0,22.8,478.1976336,0.0,22.6,18.17440476,315.6170286,0.0,-35.17549663,11.01347884
2025-10-13 20:45:00+00:00,475.6207951,0.0,22.8,477.58832,0.0,22.6,17.50911565,319.7940901,0.0,-36.6,10.85257143
2025-10-13 21:00:00+00:00,474.6544561,0.0,22.8,475.7652678,0.0,22.57333333,16.9,324.1103175,0.0,-37.93726984,10.79722222
2025-10-13 21:15:00+00:00,473.9610678,0.0,22.8,475.1653399,0.0,22.5,16.3755102,328.5457917,0.0,-39.15548469,10.8
2025-10-13 21:30:00+00:00,472.7407561,0.0,22.8,474.2241809,0.0,22.5,15.97579365,332.7147339,0.0,-40.16045704,10.8
2025-10-13 21:45:00+00:00,471.4863723,0.0,22.8,472.9229784,0.0,22.5,15.55972222,337.5707026,0.0,-41.09122655,10.84285714
2025-10-13 22:00:00+00:00,470.5745588,0.0,22.71333333,471.6773193,0.0,22.5,15.19333333,342.4042607,0.0,-41.85472222,10.98962698
2025-10-13 22:15:00+00:00,469.7869915,0.0,22.71309524,470.5875456,0.0,22.5,14.96571429,347.1510709,0.0,-42.42936096,11.26686508
2025-10-13 22:30:00+00:00,467.4231412,0.0,22.7,470.8045413,0.0,22.49037037,14.86666667,352.4540455,0.0,-42.83721212,11.45109091
2025-10-13 22:45:00+00:00,466.9343314,0.0,22.7,468.7850049,0.0,22.4,14.61880952,357.4966404,0.0,-43.06326531,11.59285714
2025-10-13 23:00:00+00:00,466.455188,0.0,22.7,468.4396961,0.0,22.4,14.5,47.00866667,0.0,-43.06666667,11.6
2025-10-13 23:15:00+00:00,465.3627135,0.0,22.7,466.2936041,0.0,22.4,14.38666667,7.766753247,0.0,-42.88812121,11.606
2025-10-13 23:30:00+00:00,465.0857699,0.0,22.7,466.0,0.0,22.4,14.3,12.60276033,0.0,-42.53364409,11.59821429
2025-10-13 23:45:00+00:00,464.9253966,0.0,22.67,465.2718319,0.0,22.4,14.21333333,17.59730159,0.0,-41.99119658,11.6
2025-10-14 00:00:00+00:00,463.9362871,0.0,22.61538462,464.7857143,0.0,22.4,14.2,22.11955126,0.0,-41.28126984,11.57559942
2025-10-14 00:15:00+00:00,462.0339536,0.0,22.6,463.6475421,0.0,22.37833333,14.2,27.26062129,0.0,-40.30482051,11.6
2025-10-14 00:30:00+00:00,461.4501961,0.0,22.6,461.8879721,0.0,22.3,14.19142857,30.86785714,0.0,-39.49571429,11.6
2025-10-14 00:45:00+00:00,460.3017087,0.0,22.6,461.8383099,0.0,22.3,14.1,35.93921212,0.0,-38.1699697,11.67750855
2025-10-14 01:00:00+00:00,459.6687699,0.0,22.6,460.313145,0.0,22.3,14.1,40.4869565,0.0,-36.75529633,11.73924861
2025-10-14 01:15:00+00:00,458.7192383,0.0,22.6,460.093902,0.0,22.3,14.1,44.63658249,0.0,-35.35105556,11.72121212
2025-10-14 01:30:00+00:00,457.1412255,0.0,22.6,458.7031447,0.0,22.3,14.1,48.70270408,0.0,-33.78619048,11.71378685
2025-10-14 01:45:00+00:00,456.7460317,0.0,22.6,458.7576248,0.0,22.3,14.1,52.69411111,0.0,-32.1157037,11.68776296
2025-10-14 02:00:00+00:00,455.535564,0.0,22.56,457.1227958,0.0,22.3,14.00666667,56.62194589,0.0,-30.29870322,11.60095238
2025-10-14 02:15:00+00:00,454.8725108,0.0,22.5,457.5543884,0.0,22.3,14.0,60.34794372,0.0,-28.48636364,11.6194898
2025-10-14 02:30:00+00:00,454.566739,0.0,22.5,455.8894737,0.0,22.3,14.0,63.87509524,0.0,-26.60364286,11.61903571
2025-10-14 02:45:00+00:00,453.5982514,0.0,22.5,455.032546,0.0,22.29387755,14.0,67.35402211,0.0,-24.68568594,11.57920437
2025-10-14 03:00:00+00:00,455.7414194,30.79166667,22.52704401,456.2431831,17.83962034,22.28122618,14.21333333,70.65239819,0.0,-22.75916138,11.53172093
2025-10-14 03:15:00+00:00,456.6217033,60.3241453,22.6,465.4149171,57.61280743,22.2677551,19.64119048,74.08581066,0.0,-20.66848639,11.5
2025-10-14 03:30:00+00:00,458.9172346,59.96434343,22.6,468.478427,60.75597417,22.3,21.04,77.14454701,0.0,-18.70833048,11.42730159
2025-10-14 03:45:00+00:00,466.378278,60.6738091,22.62857143,469.8561667,60.64209877,22.27185185,21.26659864,80.64130952,0.0,-16.43363095,11.32998611
2025-10-14 04:00:00+00:00,472.0017007,59.52236882,22.64404762,473.7553791,60.47199532,22.3,21.37142857,83.52997449,0.0,-14.47480159,11.30445862
2025-10-14 04:15:00+00:00,474.6063015,59.7916102,22.7,475.1790212,60.71102604,22.3,23.1812415,86.75064026,0.0,-12.31996121,11.28828655
2025-10-14 04:30:00+00:00,475.9161422,60.42135292,22.67711111,480.9643754,61.25146412,22.33083333,24.12207143,90.07004575,0.0,-10.00257516,11.26391453
2025-10-14 04:45:00+00:00,478.0107937,60.14566545,22.68,482.4054701,61.27517729,22.3,22.76666667,93.2287963,0.0,-7.823111111,11.27944444
2025-10-14 05:00:00+00:00,483.0588502,59.55877913,22.64238095,490.8900008,61.05841967,22.23401361,21.80714286,96.29571429,0.0,-5.674206349,11.29571429
2025-10-14 05:15:00+00:00,500.1902393,59.96068376,22.58742857,500.7222448,60.72705628,22.37333333,21.95333333,99.41283333,0.077555556,-3.518378788,11.36424074
2025-10-14 05:30:00+00:00,530.1208223,60.4518321,22.75255102,533.2795097,61.08544452,22.56428571,22.05714286,102.3872619,1.350030072,-1.479761905,11.4
2025-10-14 05:45:00+00:00,583.02281,59.34789265,22.74624339,572.3087647,60.36634847,22.645,21.96095238,105.5261534,5.622232824,0.559148148,11.43126667
2025-10-14 06:00:00+00:00,612.1222055,59.55323129,22.99809524,622.8390707,60.02388773,22.67908163,21.99285714,108.2184807,10.93281264,2.332539683,11.51666667
2025-10-14 06:15:00+00:00,630.4008318,59.66293226,23.05888889,633.4378194,59.92064662,22.81333333,22.1,111.7025397,15.28050494,4.556296296,11.70561905
2025-10-14 06:30:00+00:00,630.3912378,60.05325397,23.19166667,608.1361823,60.709621,22.9,22.00595238,114.7486705,14.64644416,6.429567581,12.02738628
2025-10-14 06:45:00+00:00,625.0655615,59.87440476,23.22019558,599.3938754,60.41416839,22.9,22.0,118.0704847,20.00277006,8.436927438,12.08134921
2025-10-14 07:00:00+00:00,648.0202714,59.52323232,23.32261905,617.2241869,60.41421177,22.93481481,22.0,121.1611111,20.54109029,10.21288889,12.12920741
2025-10-14 07:15:00+00:00,686.0950822,58.94463241,23.46195939,640.593004,60.09823395,23.02403222,22.0,124.6071053,23.73704903,12.06366342,12.37885352
2025-10-14 07:30:00+00:00,716.7783278,58.3172435,23.41142857,683.5770003,60.03169935,23.09990741,22.0,128.0028288,34.10327935,13.82389866,12.86465054
2025-10-14 07:45:00+00:00,736.3666302,59.75226163,23.50357143,763.3800049,68.73572948,23.36428571,22.0,131.5924461,52.3578404,15.54217687,13.25692989
2025-10-14 08:00:00+00:00,741.8284236,59.12888725,23.67571429,770.5082345,79.785039,23.44007407,22.0,135.1409389,87.37957188,17.12343915,13.52805195
2025-10-14 08:15:00+00:00,746.3503735,59.66737013,23.8514881,768.145009,67.6627775,23.67380175,22.0,138.6370683,126.916386,18.58507653,13.4143424
2025-10-14 08:30:00+00:00,742.3645236,59.35177101,23.83154762,744.5894587,65.78384868,23.74433333,22.00357143,142.3232222,289.1484146,19.97716667,13.39790476
2025-10-14 08:45:00+00:00,740.6812222,64.49802785,24.03663004,737.7240776,77.27277276,23.71428571,22.09615385,146.0626757,296.454764,21.21911565,13.87465788
2025-10-14 09:00:00+00:00,720.5724294,70.56344396,24.04972222,691.8924756,63.81321637,23.74666667,22.01333333,149.8416825,364.6472218,22.37966667,14.29677249
2025-10-14 09:15:00+00:00,701.3535003,79.03739298,24.17098148,671.8179125,64.52689223,23.8,21.77238095,153.8925498,305.8702072,23.4436164,15.18472727
2025-10-14 09:30:00+00:00,697.155993,97.81198335,24.15166667,683.2219741,65.05503724,23.8,21.59375,157.7537013,269.3937585,24.30037879,14.76231402
2025-10-14 09:45:00+00:00,674.9405327,109.8837951,24.23407407,642.4746771,64.30161798,23.87894949,21.5,161.6434444,195.5302884,25.04518519,14.94569801
2025-10-14 10:00:00+00:00,674.3258091,123.7258906,24.1052381,660.9108252,65.17948451,23.85663781,21.40816327,165.5441777,398.3914052,25.65109316,14.11483277
2025-10-14 10:15:00+00:00,654.8567501,140.1567263,24.17833333,632.0032638,64.04914859,23.78666667,21.36,169.6194601,350.7590479,26.09631554,14.0473088
2025-10-14 10:30:00+00:00,627.6539683,147.3819444,24.06428571,617.0496663,63.69873529,23.63571429,21.1,173.9650822,435.4242732,26.42959184,14.19102041
2025-10-14 10:45:00+00:00,611.6961937,162.5710928,24.16130385,598.5732555,62.4389419,23.67454545,20.83004535,177.9462071,430.5120342,26.58666667,14.51957937
2025-10-14 11:00:00+00:00,625.3003401,174.0390422,24.10142857,607.1096499,61.17245665,23.79806122,20.53928571,182.1060317,420.7285963,26.59166667,14.48119658
2025-10-14 11:15:00+00:00,627.8719639,198.4602849,24.34583333,604.8726454,61.63699259,23.91644444,20.3677551,186.1642626,432.3983338,26.43515152,14.86645503
2025-10-14 11:30:00+00:00,628.7422185,215.8751969,24.20888889,630.0084513,60.77347846,23.83197619,19.94722222,190.5431326,261.6881828,26.11584127,15.03879069
2025-10-14 11:45:00+00:00,614.1920635,225.500822,24.1,621.3851862,60.22130251,23.87767857,19.75102041,194.5062925,347.0299615,25.66269841,15.07392857
2025-10-14 12:00:00+00:00,605.666117,236.7168193,24.15296296,604.8525139,60.80837548,23.89866667,19.34148148,198.4702381,185.867008,25.05035979,15.04401443
2025-10-14 12:15:00+00:00,605.1997067,250.6510054,24.12142857,603.9083065,60.94129912,23.85,19.05238095,202.2702176,85.64771301,24.36882673,14.81129406
2025-10-14 12:30:00+00:00,593.9583991,253.5746154,24.09333333,600.594279,60.79254432,23.83619048,18.95466667,206.4641481,121.076843,23.39896296,14.6622619
2025-10-14 12:45:00+00:00,583.538165,262.5118691,24.03720238,589.6354031,60.85533593,23.77142857,18.68693878,210.2010884,125.3638448,22.4237415,14.4922602
2025-10-14 13:00:00+00:00,579.5783532,262.7747854,23.98466667,575.2770869,60.7206347,23.74088889,18.71333333,213.6273504,145.5529841,21.40670085,14.64397037
2025-10-14 13:15:00+00:00,571.0436526,263.0066703,23.99234694,575.0555709,59.93133812,23.6875,18.52892857,217.5413804,77.83454531,20.06071429,14.81389791
2025-10-14 13:30:00+00:00,553.3808035,253.7525673,23.88944444,558.054493,60.31626495,23.65111111,18.5,221.1207374,107.2792223,18.72547475,14.46533333
2025-10-14 13:45:00+00:00,528.7600906,245.2777116,23.89333333,533.8921825,60.81111111,23.6,18.59666667,224.7668783,76.02240935,17.26,14.56402116
2025-10-14 14:00:00+00:00,524.0464604,113.0826725,23.8,522.0843135,63.25528519,23.57857143,19.375,228.4474204,110.3974178,15.61421202,14.37539083
2025-10-14 14:15:00+00:00,533.5202793,60.83746032,23.8,519.2792987,60.48258834,23.52348148,19.07608466,232.0135507,92.89963071,13.87657047,14.61109405
2025-10-14 14:30:00+00:00,525.326664,61.69289639,23.8,516.5440787,62.77579365,23.5,18.85138889,235.1775794,96.01860048,12.27489296,14.08709609
2025-10-14 14:45:00+00:00,517.0090483,61.0142992,23.78666667,510.8619651,61.11041264,23.64666667,18.96285714,238.5649424,160.0320321,10.42525397,14.11830159
2025-10-14 15:00:00+00:00,509.4444455,62.00697279,23.8,507.8760556,61.14746499,23.75714286,19.73809524,241.9082908,125.0766841,8.499362245,13.93121315
2025-10-14 15:15:00+00:00,503.8889618,61.86036143,23.8,504.4949687,61.8392074,23.70138095,19.06066667,245.0501068,43.1254666,6.640495727,13.5193373
2025-10-14 15:30:00+00:00,501.1466314,61.76900729,23.77555556,501.9169289,62.04671643,23.575,20.14,248.3804127,31.86914701,4.548645503,12.90111111
2025-10-14 15:45:00+00:00,499.5314402,61.75493197,23.7,498.9723219,61.90430627,23.49285714,19.42321429,251.3955952,20.03866583,2.636071429,12.77438776
2025-10-14 16:00:00+00:00,496.2499359,61.41166433,23.64,496.7095238,61.94461538,23.4,20.33333333,254.4807778,5.047565309,0.576601732,12.49964387
2025-10-14 16:15:00+00:00,493.4915894,61.77380952,23.6,494.8685983,62.61528822,23.37857143,20.1625,257.5848234,0.976568596,-1.425584059,12.21083024
2025-10-14 16:30:00+00:00,493.5669245,60.97207792,23.56666667,493.2473234,61.44242954,23.3,20.14333333,260.6910714,0.112266667,-3.573730159,12.17038095
2025-10-14 16:45:00+00:00,492.6971731,61.86100076,23.47692308,492.9666317,61.83223075,23.27142857,20.50347985,263.796788,0.0,-5.734736395,12.10455009
2025-10-14 17:00:00+00:00,491.5276055,61.67103845,23.4,492.5990565,61.83859397,23.2,20.6,266.8148139,0.0,-7.808056758,12.04457459
2025-10-14 17:15:00+00:00,491.6810169,61.35138927,23.4,492.1479693,61.43058203,23.2,20.6,269.8167914,0.0,-9.91665636,12.03767007
2025-10-14 17:30:00+00:00,490.5220915,62.53676605,23.32142857,491.8985394,62.07317076,23.12,20.83154762,273.0117289,0.0,-12.14398413,11.87142857
2025-10-14 17:45:00+00:00,490.2119047,61.49042703,23.3,491.4065373,61.91167541,23.1,21.23785714,275.8382202,0.0,-14.06939935,11.77285714
2025-10-14 18:00:00+00:00,490.4192198,61.71782588,23.3,491.9121679,62.17631465,23.1,21.42142857,279.3694444,0.0,-16.4542963,11.6285381
2025-10-14 18:15:00+00:00,490.3053439,61.21013468,23.2,491.575311,61.95939394,23.01333333,21.59888889,282.6314899,0.0,-18.5805772,11.4495
2025-10-14 18:30:00+00:00,490.2455401,62.33891208,23.2,491.445289,62.35211931,23.0,21.74285714,285.7201917,0.0,-20.6033859,11.42150072
2025-10-14 18:45:00+00:00,490.2029013,61.92161376,23.2,491.668772,62.74148315,22.9,21.8,289.1960791,0.0,-22.69896368,11.32047727
2025-10-14 19:00:00+00:00,491.4828734,12.02266361,23.1547619,491.7402597,10.73433919,22.9,21.8,292.6007993,0.0,-24.73631367,11.23614158
2025-10-14 19:15:00+00:00,489.8386239,0.0,23.12857143,491.2091268,0.0,22.88025794,21.72738095,296.009417,0.0,-26.60375965,11.19986667
2025-10-14 19:30:00+00:00,490.5707792,0.0,23.1,490.1282277,0.0,22.8,21.29916667,299.6440584,0.0,-28.53727106,11.19177708
2025-10-14 19:45:00+00:00,489.2521724,0.0,23.1,490.2014452,0.0,22.8,20.52064286,303.2431317,0.0,-30.33373119,11.03083333
2025-10-14 20:00:00+00:00,487.9009181,0.0,23.1,489.6146314,0.0,22.8,19.37833333,307.0235714,0.0,-32.11642857,10.97612698
2025-10-14 20:15:00+00:00,487.6606443,0.0,23.08452381,487.1600736,0.0,22.78452381,18.48571429,311.4320578,0.0,-33.97261905,10.87
2025-10-14 20:30:00+00:00,486.8219529,0.0,23.00444444,486.6894203,0.0,22.7,17.68,315.419798,0.0,-35.51682059,10.87941667
2025-10-14 20:45:00+00:00,485.6545237,0.0,23.0,486.0378236,0.0,22.7,16.9734127,319.6508547,0.0,-36.99030057,10.71571952
2025-10-14 21:00:00+00:00,484.8759932,0.0,22.99651852,485.0627986,0.0,22.7,16.38514867,323.2793688,0.0,-38.09495702,10.54328792
2025-10-14 21:15:00+00:00,483.5335601,0.0,22.92585034,482.8159293,0.0,22.66904762,15.67431973,328.3821088,0.0,-39.5047619,10.42592687
2025-10-14 21:30:00+00:00,484.5598379,0.0,22.9,482.741505,0.0,22.6,15.21952381,332.8904206,0.0,-40.5400974,10.4
2025-10-14 21:45:00+00:00,483.2797456,0.0,22.9,483.3324057,0.0,22.6,14.89642857,337.7574747,0.0,-41.50962121,10.44625078
2025-10-14 22:00:00+00:00,482.1413045,0.0,22.9,482.7867733,0.0,22.6,14.63928571,342.6807143,0.0,-42.24761905,10.38828571
2025-10-14 22:15:00+00:00,482.1380486,0.0,22.88813776,481.8969021,0.0,22.6,14.38095238,347.1876786,0.0,-42.81035714,10.3
2025-10-14 22:30:00+00:00,479.729076,0.0,22.8,480.8767718,0.0,22.6,14.16333333,352.6127196,0.0,-43.22993651,10.2
2025-10-14 22:45:00+00:00,478.9141649,0.0,22.8,479.9169895,0.0,22.6,13.98333333,348.9335485,0.0,-43.42653061,10.00714286
2025-10-14 23:00:00+00:00,478.4959596,0.0,22.8,478.5774929,0.0,22.505,13.84059259,14.60756349,0.0,-43.43724747,9.912698413
2025-10-14 23:15:00+00:00,478.0741667,0.0,22.8,477.1822566,0.0,22.5,13.68,7.778461206,0.0,-43.23084848,9.882288889
2025-10-14 23:30:00+00:00,477.2653236,0.0,22.8,475.5996599,0.0,22.5,13.6,12.78802721,0.0,-42.88263736,9.914038961
2025-10-14 23:45:00+00:00,476.2912619,0.0,22.74666667,475.361851,0.0,22.5,13.42857143,17.5900291,0.0,-42.32837302,9.998583333
2025-10-15 00:00:00+00:00,475.3649009,0.0,22.70166667,474.8795235,0.0,22.5,13.38,22.50014456,0.0,-41.60022959,10.03222279
2025-10-15 00:15:00+00:00,474.4956349,0.0,22.7,474.3410229,0.0,22.5,13.26,27.26861111,0.0,-40.72,10.1
2025-10-15 00:30:00+00:00,473.9157059,0.0,22.72235415,472.9586595,0.0,22.5,13.2,31.7320032,0.0,-39.68856982,10.03928571
2025-10-15 00:45:00+00:00,473.0751059,0.0,22.74,473.5916269,0.0,22.5,13.14,36.23980303,0.0,-38.4777963,9.868792929
2025-10-15 01:00:00+00:00,471.4717901,0.0,22.74566327,471.7906977,0.0,22.5,13.00714286,40.52939452,0.0,-37.17774886,9.868896445
2025-10-15 01:15:00+00:00,471.0414726,0.0,22.8,471.1516678,0.0,22.5,13.0,44.90210317,0.0,-35.6497619,9.964126374
2025-10-15 01:30:00+00:00,470.0118819,0.0,22.8,470.1814061,0.0,22.5,12.90961538,48.66688131,0.0,-34.20366213,9.721871521
2025-10-15 01:45:00+00:00,468.8780291,0.0,22.77761111,469.0854345,0.0,22.5,12.805,52.65833496,0.0,-32.52839753,9.488552503
2025-10-15 02:00:00+00:00,469.0761905,0.0,22.78,467.6180556,0.0,22.49090909,12.7,56.93877551,0.0,-30.58095238,9.121428571
2025-10-15 02:15:00+00:00,468.3586406,0.0,22.74090136,467.5705227,0.0,22.48330423,12.7,59.79922222,0.0,-29.16,9.0
2025-10-15 02:30:00+00:00,466.2832435,0.0,22.79285714,466.5939005,0.0,22.4,12.62857143,63.65555556,0.0,-27.16194084,8.886099258
2025-10-15 02:45:00+00:00,466.9716306,0.0,22.7744898,465.9278727,0.0,22.4,12.52142857,67.59720563,0.0,-24.97813348,8.814541126
2025-10-15 03:00:00+00:00,463.9224567,30.85121318,22.70646259,465.2701465,22.48907016,22.4,12.84,70.47818878,0.0,-23.3196712,8.665578008
2025-10-15 03:15:00+00:00,464.6591365,67.33027417,22.81377778,466.5301608,67.58229729,22.436,20.85914966,74.36346032,0.0,-20.92919048,8.238950794
2025-10-15 03:30:00+00:00,473.9031712,67.24879336,22.80130952,473.7053391,65.77736893,22.4,22.19571429,77.50480365,0.0,-18.896678,7.899213435
2025-10-15 03:45:00+00:00,481.2036681,59.29578958,22.86952381,482.1859174,66.84034255,22.38666667,21.48333333,80.85414683,0.0,-16.72219364,7.702417582
2025-10-15 04:00:00+00:00,491.5520921,58.5107388,22.708,496.860344,65.8309127,22.43736243,22.35637037,84.17459596,0.0,-14.49821188,7.605686508
2025-10-15 04:15:00+00:00,493.1270906,58.89429939,22.85857143,496.9213215,66.70224993,22.5,21.77539683,87.16033163,0.0,-12.45848639,7.710493197
2025-10-15 04:30:00+00:00,495.2402653,59.578615,22.7,497.0896652,66.63423748,22.5,22.06568783,90.11901648,0.0,-10.43315385,7.869388278
2025-10-15 04:45:00+00:00,496.3419562,59.15165347,22.70238095,497.8445427,67.01721391,22.4077381,22.02142857,93.48307823,0.0,-8.099263039,7.606414657
2025-10-15 05:00:00+00:00,502.3035728,58.68394737,22.69047619,503.9208303,65.96533105,22.35533333,21.92857143,96.4954329,0.0,-5.991428571,7.353068376
2025-10-15 05:15:00+00:00,517.9175595,59.18903319,22.8,517.6269841,66.56944444,22.42647436,21.99114583,99.59666667,0.186468254,-3.818367347,7.060011338
2025-10-15 05:30:00+00:00,543.4628036,56.10710128,22.6482963,536.8621203,61.18920515,22.54083333,21.93333333,102.6142369,1.361614096,-1.787073094,6.927296703
2025-10-15 05:45:00+00:00,562.9126984,50.84758099,22.80029762,547.8785107,47.8585015,22.59857143,19.42483844,105.669982,3.858219005,0.240046898,6.811298424
2025-10-15 06:00:00+00:00,583.833463,62.93554311,22.90857143,574.0252854,64.58313754,22.51333333,22.10642857,108.8228439,7.187653586,2.276253968,7.396592593
2025-10-15 06:15:00+00:00,598.0771709,61.41300119,23.0,583.8272096,61.89600676,22.64880952,22.39285714,111.8155468,9.801477674,4.202247356,7.89514881
2025-10-15 06:30:00+00:00,606.9522417,60.99238718,22.98489899,613.8988477,59.21972629,22.75333333,20.3676176,115.0412352,16.24984393,6.177226551,8.317632179
2025-10-15 06:45:00+00:00,622.6056333,64.81575888,23.08214286,638.1133165,64.64294039,22.82207792,22.99882653,118.3180612,26.40351723,8.154827316,8.645134637
2025-10-15 07:00:00+00:00,639.6912055,65.43050771,23.23428571,635.4390022,65.03796017,22.87904762,22.90088889,121.4197619,31.41104715,9.923320106,8.950174603
2025-10-15 07:15:00+00:00,647.0509503,64.92390912,23.24285714,660.7935702,64.5071519,22.97333333,21.92857143,125.134678,38.40572136,11.92340741,9.246402116
2025-10-15 07:30:00+00:00,645.8294249,64.95354929,23.35183673,651.8248072,64.33708,23.0,22.07,128.4041396,39.47233951,13.57214286,9.573809524
2025-10-15 07:45:00+00:00,652.8705026,67.97524819,23.35544974,666.3500033,67.50596866,22.95333333,22.0097619,131.8406111,41.98617795,15.25586843,9.7835
2025-10-15 08:00:00+00:00,653.0510567,62.79650459,23.41363095,638.7969623,65.42828777,23.0,21.70535714,135.2773366,45.70226372,16.77789639,9.855408163
2025-10-15 08:15:00+00:00,646.6931476,63.00098161,23.4,627.3456349,66.04912678,22.97428571,21.88066667,138.8194257,64.33506624,18.23124098,9.851269841
2025-10-15 08:30:00+00:00,645.7642913,62.13977167,23.39326923,610.3730804,64.89409888,23.00285714,22.06153846,142.6358532,76.65721533,19.66486111,10.14974802
2025-10-15 08:45:00+00:00,644.793695,61.48397921,23.45193027,621.8124955,64.94190095,23.05536325,22.20166667,145.90325,95.27115755,20.78424339,10.22024738
2025-10-15 09:00:00+00:00,650.7601783,59.63310658,23.57272727,638.6861538,61.89796124,23.15714286,22.31818182,149.9552855,101.2701997,22.00724078,10.33452004
2025-10-15 09:15:00+00:00,647.3314163,59.74813174,23.69358974,646.2021886,62.64747525,23.31333333,22.45098901,153.7746984,113.9900915,23.01857143,10.52544803
2025-10-15 09:30:00+00:00,653.7301638,60.76285714,23.66,661.9012796,64.42327551,23.36154497,22.6,157.8663545,111.83659,23.94480952,10.92865212
2025-10-15 09:45:00+00:00,658.6517062,61.02195101,23.61811224,645.5169091,63.90870927,23.35918367,22.6,161.8766185,63.41336696,24.67460317,11.15142857
2025-10-15 10:00:00+00:00,656.2689482,46.40490699,23.63066667,634.2566117,46.44913823,23.31190476,21.01988889,165.7679259,51.90290093,25.28722222,11.35133333
2025-10-15 10:15:00+00:00,632.529046,68.25280355,23.7,616.605055,67.14305329,23.23928571,20.70178571,169.8101013,44.37828663,25.75738095,11.52111111
2025-10-15 10:30:00+00:00,613.7615226,68.27183007,23.58111111,617.2460386,67.36330034,23.28,22.29412698,173.7536667,44.52284226,26.0475,11.50281481
2025-10-15 10:45:00+00:00,626.3436717,66.77400794,23.60714286,632.4780498,66.62016643,23.37142857,22.02857143,178.1892596,136.1335999,26.23414443,11.72929356
2025-10-15 11:00:00+00:00,629.4096717,67.96919719,23.67583333,640.1986195,67.12946609,23.48547619,22.0,182.2471477,120.7444114,26.23093795,12.1920873
2025-10-15 11:15:00+00:00,630.552952,68.19086933,23.70428571,636.1281179,67.25844461,23.5,22.00285714,186.0059184,127.5697707,26.11345238,12.36407913
2025-10-15 11:30:00+00:00,621.6709079,67.18522487,23.7,623.1723198,67.26179555,23.59733333,22.1,190.4283862,125.1324491,25.77888889,12.56924339
2025-10-15 11:45:00+00:00,621.6599928,68.12409595,23.77142857,639.5195635,67.09325295,23.46105442,22.04285714,194.4211876,92.13170398,25.3120671,12.56686421
2025-10-15 12:00:00+00:00,628.5775547,67.64027778,23.71111111,626.1621395,66.58308225,23.5,21.92,198.4676587,63.59039595,24.72166667,12.66137778
2025-10-15 12:15:00+00:00,632.2720816,67.7346501,23.75518519,613.459545,66.54540708,23.5,21.9,202.4980317,64.0745352,23.92744922,12.72047619
2025-10-15 12:30:00+00:00,626.3648168,67.77422161,23.85068027,600.1434224,67.06917477,23.5,21.9,206.3604344,34.27251404,23.06080705,12.7263408
2025-10-15 12:45:00+00:00,607.5113688,67.76917749,23.77,592.2465561,67.45303215,23.47666667,21.9,210.365627,107.205582,22.00019048,12.66533333
2025-10-15 13:00:00+00:00,592.4999639,67.00867944,23.67399267,577.5967069,66.46384508,23.4,21.89340659,214.0887906,64.13506555,20.86390306,12.89485544
2025-10-15 13:15:00+00:00,585.3675036,67.42629889,23.67806122,569.1853535,66.46973241,23.4,21.65102041,217.6962037,31.76208637,19.64748148,12.57048485
2025-10-15 13:30:00+00:00,571.8090414,68.15652477,23.6226936,559.0204762,66.12806723,23.3,21.60666667,221.4371349,84.44140875,18.21657143,12.37326984
2025-10-15 13:45:00+00:00,557.0251582,67.51309524,23.63066893,548.1126061,66.79942484,23.3,21.77,224.6891156,24.3770883,16.86979592,12.35220238
2025-10-15 14:00:00+00:00,543.67719,61.61186869,23.6,539.8687908,59.09711525,23.266,21.78,228.2436905,43.4474089,15.31041847,11.73951667
2025-10-15 14:15:00+00:00,532.0463809,60.91316142,23.6,532.1745651,62.30505772,23.2,21.99285714,231.7408333,33.04273534,13.62607143,11.89865445
2025-10-15 14:30:00+00:00,523.0207665,61.2117094,23.536,523.9430976,61.11111111,23.15333333,22.0,235.1535101,15.66132881,11.8672328,12.11393875
2025-10-15 14:45:00+00:00,516.3985261,61.625,23.5,517.5311917,61.97139362,23.1,22.08571429,238.4184099,12.40194787,10.07471655,12.13628401
2025-10-15 15:00:00+00:00,510.0772225,61.46333333,23.42333333,512.1561469,62.11872465,23.09833333,22.1,241.5964646,10.5503232,8.277767677,11.95079798
2025-10-15 15:15:00+00:00,507.2691702,61.22619048,23.4,507.9682167,61.30003017,23.0,22.1,244.7907143,6.227279066,6.380714286,12.01785714
2025-10-15 15:30:00+00:00,502.9349558,61.2275,23.4,504.2687356,61.04429964,23.0,22.06,247.9846133,4.865522623,4.364899249,12.12142062
2025-10-15 15:45:00+00:00,499.3449113,61.38499477,23.37857143,501.3378755,61.34701523,22.9487013,22.02480159,251.0810012,2.232588235,2.335830281,12.42011477
2025-10-15 16:00:00+00:00,495.8617124,60.1407672,23.3,498.6125239,60.24601149,22.9,22.1,254.3114561,0.90365789,0.268476191,12.20471958
2025-10-15 16:15:00+00:00,493.3368984,61.90961102,23.3,496.010285,61.90055908,22.88513605,22.04285714,257.3502922,0.272812132,-1.703122294,12.18384045
2025-10-15 16:30:00+00:00,490.3612222,61.89492063,23.3,493.6495268,61.38592132,22.8,21.90222222,260.3156717,0.010969475,-3.764343434,11.75694444
2025-10-15 16:45:00+00:00,488.3994558,61.89296749,23.3,490.7275522,61.20308957,22.8,21.66269231,263.3210714,0.0,-5.812738095,11.4502381
2025-10-15 17:00:00+00:00,487.2339031,60.94037037,23.3,489.8169591,62.01887826,22.8,21.9,266.5792222,0.0,-8.081796296,11.35380556
2025-10-15 17:15:00+00:00,485.2452137,61.52760943,23.26666667,489.1031792,61.52142771,22.74,22.52133333,269.7937725,0.0,-10.36460317,11.32153968
2025-10-15 17:30:00+00:00,484.9013792,60.84630102,23.2,488.4134721,61.07087199,22.7,21.75710623,272.8035714,0.0,-12.44261905,11.18166667
2025-10-15 17:45:00+00:00,484.9266955,60.94828042,23.2,486.0086271,61.6010892,22.7,21.76904762,275.4370034,0.0,-14.22962121,11.11045791
2025-10-15 18:00:00+00:00,483.6770249,62.27606996,23.15,486.6503692,61.60441572,22.7,22.3502381,279.0431452,0.0,-16.67210317,11.09492293
2025-10-15 18:15:00+00:00,481.8382217,61.29931846,23.1,486.0256551,61.24624522,22.7,21.89966667,282.3226032,0.0,-18.81506614,10.7391722
2025-10-15 18:30:00+00:00,481.9184867,61.21309524,23.1,486.0329592,61.38614719,22.7,21.71428571,285.6207498,0.0,-20.96422466,10.70964286
2025-10-15 18:45:00+00:00,482.1369251,60.99648159,23.1,485.2090397,60.66377496,22.67851852,22.34514286,288.8215909,0.0,-22.89860438,10.83647876
2025-10-15 19:00:00+00:00,483.8670351,13.01904762,23.00634921,484.5373303,12.55541601,22.60571429,22.06269841,292.1707653,0.0,-24.89738946,10.79779762
2025-10-15 19:15:00+00:00,482.9181037,0.0,23.0,483.4311943,0.0,22.6,21.78466667,295.8031282,0.0,-26.9390293,10.55333333
2025-10-15 19:30:00+00:00,482.0830893,0.0,23.0,484.0822068,0.0,22.6,21.58333333,299.4633271,0.0,-28.88568027,10.54079016
2025-10-15 19:45:00+00:00,482.0047475,0.0,23.0,482.8244755,0.0,22.6,21.4,303.2505159,0.0,-30.76644974,10.5517888
2025-10-15 20:00:00+00:00,480.2471088,0.0,23.0,482.5283445,0.0,22.6,21.20714286,307.1029964,0.0,-32.5503268,10.61363746
2025-10-15 20:15:00+00:00,479.3874897,0.0,23.0,481.3082108,0.0,22.6,20.95535714,310.8253843,0.0,-34.13697451,10.74720702
2025-10-15 20:30:00+00:00,478.2502976,0.0,23.0,479.4925824,0.0,22.6,20.59071429,314.7440675,0.0,-35.66845238,10.81428571
2025-10-15 20:45:00+00:00,478.5509132,0.0,23.0,478.005437,0.0,22.6,20.32055556,318.849246,0.0,-37.12678571,10.90261905
2025-10-15 21:00:00+00:00,477.49096,0.0,23.0,477.5526887,0.0,22.6,20.0,323.6544895,0.0,-38.59047619,10.90214286
2025-10-15 21:15:00+00:00,475.8123935,0.0,22.92857143,476.0228709,0.0,22.6,19.77777778,328.2342778,0.0,-39.87316667,10.8
2025-10-15 21:30:00+00:00,475.6870279,0.0,22.9,475.8640857,0.0,22.6,19.53928571,332.6987205,0.0,-40.91540741,10.8322963
2025-10-15 21:45:00+00:00,474.3741297,0.0,22.90857143,475.8408142,0.0,22.51454082,19.34285714,337.8658163,0.0,-41.92244898,10.8
2025-10-15 22:00:00+00:00,473.7602694,0.0,22.9,474.2176143,0.0,22.57555556,19.10622222,342.4893737,0.0,-42.62176335,10.8
2025-10-15 22:15:00+00:00,472.0477372,0.0,22.9,473.5512435,0.0,22.54732143,18.87692308,347.6292659,0.0,-43.18719388,10.8
2025-10-15 22:30:00+00:00,472.6672371,0.0,22.9,472.049831,0.0,22.5,18.67090909,352.1329138,0.0,-43.59454545,10.79984188
2025-10-15 22:45:00+00:00,471.7368891,0.0,22.9,472.4161255,0.0,22.5,18.47777778,357.6302728,0.0,-43.79192177,10.80079365
2025-10-15 23:00:00+00:00,470.442619,0.0,22.9,470.9567863,0.0,22.5,18.28716667,2.527587302,0.0,-43.79133333,10.9095
2025-10-15 23:15:00+00:00,469.618262,0.0,22.9,470.0579047,0.0,22.5,18.1,7.294383989,0.0,-43.63414443,11.0
2025-10-15 23:30:00+00:00,468.5496374,0.0,22.9,469.9692167,0.0,22.5,17.93333333,12.8410582,0.0,-43.24747114,11.02807222
2025-10-15 23:45:00+00:00,467.7520227,0.0,22.9,468.5633704,0.0,22.5,17.77757937,17.62140873,0.0,-42.72237013,11.02407792
2025-10-16 00:00:00+00:00,466.7164638,0.0,22.85253968,467.9318104,0.0,22.5,17.584,22.62762626,0.0,-41.96865152,11.05827778
2025-10-16 00:15:00+00:00,467.0357462,0.0,22.84880952,465.9427097,0.0,22.5,17.38571429,27.34045286,0.0,-41.05013131,11.04158632
2025-10-16 00:30:00+00:00,464.5825382,0.0,22.80357143,465.464162,0.0,22.5,17.18571429,31.99948464,0.0,-39.99672619,11.0253125
2025-10-16 00:45:00+00:00,464.5623553,0.0,22.8,464.7340738,0.0,22.5,17.01783333,36.44813492,0.0,-38.81279221,10.86585079
2025-10-16 01:00:00+00:00,463.1793771,0.0,22.8,463.3611111,0.0,22.5,16.92666667,41.14571429,0.0,-37.35985714,10.76033333
2025-10-16 01:15:00+00:00,463.5641414,0.0,22.8,462.2237162,0.0,22.5,16.71428571,45.30008503,0.0,-35.89396259,10.56826531
2025-10-16 01:30:00+00:00,462.2208509,0.0,22.8,461.3974472,0.0,22.5,16.61333333,49.25559788,0.0,-34.38821164,10.21341534
2025-10-16 01:45:00+00:00,461.3706349,0.0,22.8,460.6743808,0.0,22.5,16.5,53.13988379,0.0,-32.71656463,9.881369048
2025-10-16 02:00:00+00:00,461.425071,0.0,22.8,459.634127,0.0,22.5,16.39090909,57.06239947,0.0,-30.93249735,9.614852218
2025-10-16 02:15:00+00:00,459.108373,0.0,22.8,459.0,0.0,22.5,16.3,60.4936593,0.0,-29.24450113,9.410768141
2025-10-16 02:30:00+00:00,458.1951251,0.0,22.8,457.8246253,0.0,22.5,16.19939394,64.09592857,0.0,-27.35677778,9.210029822
2025-10-16 02:45:00+00:00,456.9013462,0.0,22.78,456.9851843,0.0,22.5,16.044,68.05793651,0.0,-25.141313,9.16708836
2025-10-16 03:00:00+00:00,456.8658255,0.560714286,22.79183673,456.4974262,1.501262626,22.49857143,15.99897959,71.27696119,0.0,-23.25095048,9.21793265
2025-10-16 03:15:00+00:00,451.6937037,61.50144023,22.78205128,459.5076923,58.04214178,22.48,20.14884615,74.71681481,0.0,-21.15601852,9.608164502
2025-10-16 03:30:00+00:00,460.5487464,63.95070089,22.80190476,462.3801515,61.45077922,22.47653061,23.76714286,78.02215136,0.0,-19.01479592,9.912585034
2025-10-16 03:45:00+00:00,465.0770701,64.90933036,22.9,467.9277409,61.78108029,22.5,21.66857143,80.68050505,0.0,-17.30417508,10.14445887
2025-10-16 04:00:00+00:00,469.3191893,64.39343306,22.85571429,479.2160649,61.47100122,22.51904762,22.08634921,84.39626417,0.0,-14.80348639,10.10978458
2025-10-16 04:15:00+00:00,478.8387231,64.54897028,22.85892857,488.2123543,61.9339923,22.52666667,22.10888889,87.50268783,0.0,-12.68183333,10.22001746
2025-10-16 04:30:00+00:00,478.3856661,64.80547872,22.9,485.3158508,61.96998967,22.5,21.9,90.71469841,0.0,-10.45857143,10.1754
2025-10-16 04:45:00+00:00,479.1613753,62.36947702,22.9,483.3982601,62.38595847,22.5,21.99230769,93.74307359,0.0,-8.329385694,10.24159864
2025-10-16 05:00:00+00:00,490.8091322,62.55347332,22.77849495,483.505513,60.8716181,22.5,22.0,96.80888533,0.0,-6.20283781,10.20274074
2025-10-16 05:15:00+00:00,502.384127,62.65055916,22.94489796,488.696342,61.13006716,22.48469388,22.0,99.78099206,0.087529304,-4.163711091,10.25220919
2025-10-16 05:30:00+00:00,530.4716913,62.55650954,22.98,505.0085552,61.17751404,22.59547619,22.0,102.8116871,0.954305536,-2.105574074,10.34453391
2025-10-16 05:45:00+00:00,575.4566293,62.23431568,23.05714286,523.4713973,61.89764714,22.65,22.0,105.7787879,3.138422706,-0.113690476,10.47764069
2025-10-16 06:00:00+00:00,592.9456317,62.83219704,23.09642857,565.85794,61.57129863,22.68384354,22.0,109.0211501,7.833181201,1.966089133,10.47431111
2025-10-16 06:15:00+00:00,617.3133846,62.43161968,23.13902314,622.1545012,61.52678694,22.83231346,22.0,111.8996511,14.63476593,3.812666282,10.45165785
2025-10-16 06:30:00+00:00,629.1513596,61.92169312,23.24696296,632.8777778,61.20910494,22.99533333,22.0,115.4471667,33.55587088,6.01384127,10.40909524
2025-10-16 06:45:00+00:00,636.741853,62.31510104,23.14333333,664.7840556,61.22228811,23.00690476,22.0,118.383824,47.77753995,7.759206349,10.54140693
2025-10-16 07:00:00+00:00,639.3255916,61.83333333,23.34148148,663.6506054,61.44957393,23.14633333,22.06888889,121.8843228,139.6643295,9.737518519,10.97183165
2025-10-16 07:15:00+00:00,648.172094,62.66500509,23.48,658.6054522,61.26668588,23.24,22.06711111,125.3300106,173.2422716,11.61329365,11.42755075
2025-10-16 07:30:00+00:00,650.5524026,62.67851447,23.48214286,657.1105066,61.39343989,23.3,22.0,128.6766117,172.6891508,13.34088126,11.70217796
2025-10-16 07:45:00+00:00,647.5778947,63.1087037,23.59333333,664.0630255,61.61997755,23.22952381,22.0,132.0446667,230.9413079,14.95018519,11.78928519
2025-10-16 08:00:00+00:00,667.9588262,61.84225577,23.51571429,691.6241308,60.8924178,23.25724026,22.08044218,135.4468694,233.1272934,16.45088697,12.20635557
2025-10-16 08:15:00+00:00,674.4887232,62.67832951,23.60464646,668.8703561,62.10467463,23.38436674,22.04088889,138.8190702,190.9634155,17.86362963,12.3106886
2025-10-16 08:30:00+00:00,667.9385695,62.65345805,23.79771825,639.783379,61.51532538,23.43325088,21.9281746,142.6015618,206.4505074,19.26916667,12.33597331
2025-10-16 08:45:00+00:00,667.4192225,63.25940194,23.92188889,621.0391709,62.36168614,23.5,22.0,146.1692063,324.8626973,20.47674217,12.55307571
2025-10-16 09:00:00+00:00,653.4661682,63.74241262,24.00660911,604.4922589,63.8835742,23.61587302,22.00769231,150.0319901,244.5339625,21.65737762,12.75153827
2025-10-16 09:15:00+00:00,653.6482027,70.04469697,24.03904762,626.4390747,63.31986781,23.64333333,22.1,153.7651905,362.6580048,22.67726984,13.00083333
2025-10-16 09:30:00+00:00,635.4549053,75.09005359,24.04265306,605.5048834,64.52348937,23.60238095,22.03205128,157.8819898,176.9998292,23.59007937,12.98133787
2025-10-16 09:45:00+00:00,608.4913613,78.68817941,24.04874074,597.349887,63.11619024,23.53333333,21.83244444,161.8495,152.3389827,24.34754329,12.82721429
2025-10-16 10:00:00+00:00,600.879425,80.13942892,23.95342857,590.2713241,63.64344746,23.52314286,21.6,165.921672,168.0687759,24.93561905,12.99619841
2025-10-16 10:15:00+00:00,594.8389266,90.1013768,24.11171769,566.3444152,64.59597,23.6,21.6,170.0763039,218.3827246,25.41597222,13.09728571
2025-10-16 10:30:00+00:00,600.0669817,100.7991487,24.16833333,571.0270411,64.95662781,23.65888889,21.64038462,174.0219461,426.084524,25.70133333,13.45166667
2025-10-16 10:45:00+00:00,599.1943803,115.7755952,24.22806122,567.4533824,63.98461657,23.7,21.59642857,178.2657029,384.7320894,25.86904762,13.66002268
2025-10-16 11:00:00+00:00,603.7158003,141.233435,24.28,566.2767379,62.62709028,23.69333333,21.30666667,182.1535344,155.1138679,25.85601852,13.56666667
2025-10-16 11:15:00+00:00,606.7066504,167.5727324,24.3,567.2203059,62.2000155,23.69809524,21.07142857,186.1214286,93.11198199,25.73357143,13.44632653
2025-10-16 11:30:00+00:00,620.3308621,193.4279687,24.10666667,601.3839181,62.92172433,23.69407407,20.95111111,190.412463,70.88620904,25.38616667,13.24616667
2025-10-16 11:45:00+00:00,616.9065262,205.8402881,24.15357143,609.2558116,62.8622864,23.76857143,20.9,194.1544643,54.01604401,25.00261905,13.10571854
2025-10-16 12:00:00+00:00,612.8090332,221.1825646,24.14285714,606.1277252,62.86145629,23.76785714,20.69142857,198.2631576,72.7547434,24.3556531,13.19388096
2025-10-16 12:15:00+00:00,603.6545602,244.3754963,24.18400974,586.089181,61.5944757,23.8,20.6,202.1483929,99.2391657,23.63077381,13.48821429
2025-10-16 12:30:00+00:00,607.5152473,256.3988889,24.10333333,589.0184014,62.00388889,23.78,20.50222222,205.7694709,257.2540907,22.8389418,13.91319969
2025-10-16 12:45:00+00:00,588.4146305,272.2968397,24.09977156,580.0799346,61.78481979,23.76666667,20.33333333,209.7286276,468.5069229,21.77666262,14.71232351
2025-10-16 13:00:00+00:00,573.2524528,275.9972909,24.09397959,577.3869048,62.4879664,23.95535714,20.14285714,214.0618878,398.3344259,20.46915249,14.90199688
2025-10-16 13:15:00+00:00,567.5727003,281.4930214,24.00888889,576.162671,68.51266667,24.09714286,19.99011111,217.4793939,255.5437496,19.299,14.82864534
2025-10-16 13:30:00+00:00,543.1949031,276.8255231,23.97285714,577.2740859,70.47797203,24.04897959,19.85340136,220.8764286,272.9458952,18.05079365,14.3965873
2025-10-16 13:45:00+00:00,529.9518806,272.4599639,23.99333333,558.0739582,81.51760432,24.15571429,19.70444444,224.711906,336.8799777,16.4644329,14.76881866
2025-10-16 14:00:00+00:00,511.092307,270.0659452,23.9,529.5204081,103.182056,24.3,19.43428571,228.2724065,268.3202763,14.86628401,15.06316043
2025-10-16 14:15:00+00:00,501.0427498,260.7879202,23.88571429,514.2094292,127.2462054,24.26380952,19.20928571,231.6703723,126.3816344,13.24965657,14.68888889
2025-10-16 14:30:00+00:00,496.0687189,252.1571836,23.88555556,503.0554997,140.2784105,24.22355556,19.15,234.9840462,198.8159825,11.55501732,14.8977987
2025-10-16 14:45:00+00:00,490.2801936,243.7523647,23.87142857,495.4178512,179.0250385,24.38979592,18.86496599,238.3418275,89.04275727,9.708941059,14.54612132
2025-10-16 15:00:00+00:00,490.1735784,110.8170635,23.808,491.503309,99.56182513,23.98518519,19.39185185,241.5873333,36.83842646,7.839333333,14.28416667
2025-10-16 15:15:00+00:00,488.688145,65.83475877,23.84029304,490.6032777,64.48934835,23.77761905,19.00794872,244.8941427,21.34744601,5.859532313,13.774339
2025-10-16 15:30:00+00:00,487.1037037,67.14880952,23.85285714,488.3047619,65.53123728,23.72333333,18.6374359,247.899619,13.68852918,3.976571429,13.68859428
2025-10-16 15:45:00+00:00,487.3622076,66.23034297,23.8,486.8751533,63.43780025,23.67063492,18.62990842,251.0227186,5.697468097,1.970971033,13.58948482
2025-10-16 16:00:00+00:00,485.744271,66.38379817,23.75,486.1262298,65.54542865,23.6,19.49017677,254.0999444,2.81166507,-0.032227513,13.4887619
2025-10-16 16:15:00+00:00,486.1071673,65.55178571,23.7,484.8755085,64.15735455,23.57857143,18.42642857,257.0872109,0.676395341,-1.988486395,13.4712585
2025-10-16 16:30:00+00:00,485.2762599,65.68715514,23.60666667,486.0603115,63.87116677,23.5,19.84642857,260.2605553,0.038718129,-4.170994709,13.42195952
2025-10-16 16:45:00+00:00,484.355985,65.94880604,23.6,484.2284354,64.61517007,23.40884354,18.91190476,263.1461451,0.0,-6.174744898,13.02575113
2025-10-16 17:00:00+00:00,484.3591992,65.70221001,23.5,484.244696,64.50941832,23.37738095,20.07466667,266.5002217,0.0,-8.502690476,13.00357071
2025-10-16 17:15:00+00:00,484.3665266,65.68602786,23.42857143,484.792517,64.05115864,23.3,19.5349359,269.4900454,0.0,-10.58040816,12.8273767
2025-10-16 17:30:00+00:00,484.0187818,66.01847042,23.4,485.4502126,64.61914451,23.29080653,20.28911163,272.4805725,0.0,-12.68627646,12.63143386
2025-10-16 17:45:00+00:00,483.3631519,66.14007937,23.4,483.8780386,65.25948688,23.2,20.13076923,275.902517,0.0,-15.0019898,12.62324235
2025-10-16 18:00:00+00:00,483.165706,65.65544733,23.4,483.3633333,64.66269537,23.13833333,20.312,279.049127,0.0,-17.12128571,12.55714286
2025-10-16 18:15:00+00:00,482.4520324,65.65194078,23.30769231,482.3546131,64.205894,23.1,20.61025641,282.0776141,0.0,-19.09202131,12.56143166
2025-10-16 18:30:00+00:00,483.0185924,65.81702298,23.3,482.0954138,64.67050832,23.04244444,20.71,285.3546296,0.0,-21.21443122,12.46666931
2025-10-16 18:45:00+00:00,482.0666667,65.68690476,23.24666667,482.0095238,64.43870574,23.0,20.88111111,288.8066667,0.0,-23.32,12.37266667
2025-10-16 19:00:00+00:00,483.3847563,9.081240188,23.2,483.5442591,8.226922253,23.0,21.15714286,291.8069689,0.0,-25.09610612,11.92452123
2025-10-16 19:15:00+00:00,481.2822234,0.0,23.2,482.8200772,0.0,22.91333333,21.06333333,295.7816838,0.0,-27.33247355,11.37477003
2025-10-16 19:30:00+00:00,480.515873,0.0,23.2,482.0491841,0.0,22.9,20.91428571,299.3465278,0.0,-29.25704365,11.11743056
2025-10-16 19:45:00+00:00,479.0867974,0.0,23.2,480.6560559,0.0,22.9,20.72285714,303.3124762,0.0,-31.20638095,10.81690476
2025-10-16 20:00:00+00:00,478.7848562,0.0,23.14285714,479.8199423,0.0,22.82142857,20.60512821,307.0275454,0.0,-32.90720238,10.72142857
2025-10-16 20:15:00+00:00,477.5480174,0.0,23.1,479.0291005,0.0,22.8,20.43,310.9731746,0.0,-34.58780952,10.65677778
2025-10-16 20:30:00+00:00,476.844127,0.0,23.1,478.167692,0.0,22.8,20.12380952,315.0255522,0.0,-36.1659707,10.49747944
2025-10-16 20:45:00+00:00,475.9318266,0.0,23.03186813,476.9152172,0.0,22.8,19.82059829,319.308058,0.0,-37.66196849,10.38777778
2025-10-16 21:00:00+00:00,475.5992706,0.0,23.00238095,475.7365052,0.0,22.75,19.51172161,323.5739909,0.0,-39.00229592,10.34920635
2025-10-16 21:15:00+00:00,474.6466696,0.0,23.00533333,474.9182304,0.0,22.7,19.25377778,327.8486727,0.0,-40.15153248,10.47831638
2025-10-16 21:30:00+00:00,473.699943,0.0,23.0,473.7926319,0.0,22.7,18.94888889,333.0574021,0.0,-41.35870899,10.53261164
2025-10-16 21:45:00+00:00,473.0773297,0.0,23.0,473.0562771,0.0,22.7,18.66154762,337.6316071,0.0,-42.23327664,10.55513832
2025-10-16 22:00:00+00:00,472.6207306,0.0,23.0,472.6212626,0.0,22.665,18.38117725,342.4438919,0.0,-42.96287363,10.68707723
2025-10-16 22:15:00+00:00,471.8483148,0.0,23.0,472.2946316,0.0,22.6,18.12272727,347.6156048,0.0,-43.58208617,10.75373468
2025-10-16 22:30:00+00:00,470.484127,0.0,23.0,471.5008052,0.0,22.6,17.86309524,352.5023629,0.0,-43.94118254,10.77450397
2025-10-16 22:45:00+00:00,470.6941176,0.0,22.93571429,470.20222,0.0,22.6,17.67857143,331.7857143,0.0,-44.16428571,10.86428571
2025-10-16 23:00:00+00:00,470.0731052,0.0,22.9,469.2168972,0.0,22.6,17.43733333,2.605329744,0.0,-44.19745455,10.96425812
2025-10-16 23:15:00+00:00,468.6051838,0.0,22.9,468.8806994,0.0,22.6,17.26736111,7.479876201,0.0,-44.01710492,10.95483364
2025-10-16 23:30:00+00:00,468.6234514,0.0,22.9,468.1376904,0.0,22.6,17.13022222,12.4865,0.0,-43.64620707,10.97485884
2025-10-16 23:45:00+00:00,466.8028905,0.0,22.84285714,467.3584416,0.0,22.6,16.97857143,18.07416383,0.0,-42.9992517,10.97136508
2025-10-17 00:00:00+00:00,465.9693783,0.0,22.8,466.1924876,0.0,22.54285714,16.80555556,22.64794084,0.0,-42.31166426,10.9955
2025-10-17 00:15:00+00:00,464.9381759,0.0,22.8,465.7412849,0.0,22.55,16.7,27.22122449,0.0,-41.48964286,10.93486638
2025-10-17 00:30:00+00:00,464.6086779,0.0,22.8,464.8141245,0.0,22.55198413,16.558,32.13885185,0.0,-40.37074074,10.89912593
2025-10-17 00:45:00+00:00,464.1720556,0.0,22.8,464.7463713,0.0,22.5,16.49142857,36.85244898,0.0,-39.07755102,10.822
2025-10-17 01:00:00+00:00,463.0040498,0.0,22.8,462.9128057,0.0,22.5,16.32833333,41.14001587,0.0,-37.77095238,10.87055556
2025-10-17 01:15:00+00:00,462.6027993,0.0,22.8,461.5264946,0.0,22.5,16.28461538,45.33776688,0.0,-36.29839853,10.87961632
2025-10-17 01:30:00+00:00,461.4647619,0.0,22.77333333,461.9674368,0.0,22.5,16.17166667,49.55030769,0.0,-34.66522222,10.77521368
2025-10-17 01:45:00+00:00,460.9020635,0.0,22.72111111,459.9166041,0.0,22.5,16.07333333,53.48714286,0.0,-32.98780952,10.54714805
2025-10-17 02:00:00+00:00,460.3817385,0.0,22.7,459.2972383,0.0,22.5,15.97714286,57.188264,0.0,-31.27486961,10.4321557
2025-10-17 02:15:00+00:00,458.7065989,0.0,22.7,459.1972222,0.0,22.47366667,15.885,61.03166667,0.0,-29.38371549,10.30357778
2025-10-17 02:30:00+00:00,458.2945717,0.0,22.7,459.1145467,0.0,22.41547619,15.8,64.42560297,0.0,-27.58923933,10.13179113
2025-10-17 02:45:00+00:00,456.6561514,0.0,22.7,457.0468201,0.0,22.4,15.78,68.2063961,0.0,-25.48698413,9.762296296
2025-10-17 03:00:00+00:00,454.7835702,34.5047619,22.72142857,457.9319596,34.77106782,22.4,17.01785714,71.49883941,0.0,-23.53782596,9.469700092
2025-10-17 03:15:00+00:00,453.1046743,61.19112193,22.72666667,461.0087684,61.63512044,22.42666667,22.62666667,74.91189153,0.0,-21.47562169,9.641768519
2025-10-17 03:30:00+00:00,461.4685132,61.17629097,22.63714286,463.4956629,61.39130881,22.3955102,21.99821429,78.00575397,0.0,-19.45922619,9.409107143
2025-10-17 03:45:00+00:00,468.0694367,62.29140376,22.69591837,470.6342857,61.72560386,22.39777778,21.71428571,81.36495238,0.0,-17.272,8.985777778
2025-10-17 04:00:00+00:00,470.2444103,60.92627551,22.7,475.4444422,60.47257544,22.4,22.26142857,84.51441739,0.0,-15.15635281,8.830934343
2025-10-17 04:15:00+00:00,478.8439148,61.26852941,22.69738095,485.6173018,61.15399092,22.48761905,21.8,87.64796825,0.0,-13.01836908,8.510206919
2025-10-17 04:30:00+00:00,482.5179094,61.38584332,22.81809524,486.0200216,61.96758414,22.5,21.98571429,90.75613946,0.0,-10.87681406,8.252738095
2025-10-17 04:45:00+00:00,486.9915483,61.60609307,22.9,493.4547358,61.66148909,22.4952381,22.0,93.8856107,0.0,-8.693409239,8.144330688
2025-10-17 05:00:00+00:00,494.91984,61.23199495,22.9,502.2641655,61.64392052,22.46388095,22.0,97.12602646,0.0,-6.454360269,8.010277778
2025-10-17 05:15:00+00:00,505.6461407,61.64141265,22.85734694,513.7195199,61.73350456,22.58571429,22.0,100.0066966,0.047248932,-4.4595671,7.963286713
2025-10-17 05:30:00+00:00,514.8137566,60.90967374,22.96405556,525.9918071,61.64070307,22.6,21.91333333,103.2080682,0.933686325,-2.290883838,7.870277778
2025-10-17 05:45:00+00:00,532.8650072,61.52314154,23.0,535.3104595,61.84360508,22.6,21.97071429,106.2732107,2.449183123,-0.193181818,7.895054945
2025-10-17 06:00:00+00:00,537.2471718,61.17218136,22.944,549.4242549,61.76734608,22.62922222,22.00666667,109.2309321,6.198517398,1.666464647,8.02
2025-10-17 06:15:00+00:00,524.9010989,60.19573284,22.90909091,557.2420979,61.84354242,22.7,22.05454545,112.4040675,11.67185274,3.719390332,8.286686508
2025-10-17 06:30:00+00:00,523.9299284,61.18751323,22.95972222,561.5441148,61.0516792,22.76,22.0,115.5875873,26.02409212,5.686830207,8.591777778
2025-10-17 06:45:00+00:00,533.2213236,60.62302462,23.01428571,561.5505593,61.04067759,22.78333333,22.02142857,118.7115845,37.14137009,7.537892657,8.75030017
2025-10-17 07:00:00+00:00,552.4278175,61.30726311,23.081,560.6324054,61.252469,22.78785185,22.07248148,121.8967403,64.74930379,9.346505051,8.942857143
2025-10-17 07:15:00+00:00,565.7269257,60.64679487,23.15714286,568.3452039,61.37134192,22.91333333,22.0,125.587619,85.69974978,11.35254762,9.053333333
2025-10-17 07:30:00+00:00,567.0789386,60.68077898,23.14732993,581.1255025,61.69974703,22.99795918,22.0,128.7280961,137.331911,12.9656089,9.338166754
2025-10-17 07:45:00+00:00,561.0884274,60.94485551,23.17365079,599.2893331,61.02044135,23.04216667,22.01594444,132.1952775,118.8982319,14.60867003,9.734332323
2025-10-17 08:00:00+00:00,565.7466551,61.89931686,23.24914966,601.0357143,61.56097351,23.1,22.08392857,135.5198214,41.19879221,16.11230159,9.73972583
2025-10-17 08:15:00+00:00,577.6823142,60.43323321,23.34814815,594.721154,61.93599015,23.1,22.0,139.3796133,86.95783997,17.66,9.522674603
2025-10-17 08:30:00+00:00,572.8826634,60.28650794,23.35,590.2349383,61.01320679,23.1,22.0,142.9841968,64.7449637,19.02940601,9.123392857
2025-10-17 08:45:00+00:00,582.0537413,61.08029836,23.4,587.5524526,61.85666928,23.1,21.925,146.4941635,71.77507329,20.2027874,8.722080484
2025-10-17 09:00:00+00:00,558.6689299,60.1870023,23.36142857,587.4448894,61.3382797,23.1,21.9517316,150.1233266,91.55979059,21.28930375,8.829462316
2025-10-17 09:15:00+00:00,558.7908626,60.80926065,23.31666667,594.4681119,61.96597856,23.188,22.0,154.1524603,142.7296464,22.36016667,9.103809524
2025-10-17 09:30:00+00:00,556.0467268,60.98716879,23.33928571,595.3196923,61.21205741,23.26428571,22.06428571,158.0414683,154.0017604,23.24345238,9.508134921
2025-10-17 09:45:00+00:00,557.3962108,61.20961538,23.3375873,594.3811578,61.44945498,23.13936508,22.04222222,162.1302359,127.0450462,23.98936508,9.6015
2025-10-17 10:00:00+00:00,554.2009319,61.03378358,23.3,589.7203152,60.37432135,23.12214286,22.0,166.035316,120.1420387,24.59134921,9.667806122
2025-10-17 10:15:00+00:00,558.6332089,60.8332684,23.45285714,575.8500974,61.5808153,23.12666667,22.0,170.0190308,119.5063303,25.01181481,9.975247475
2025-10-17 10:30:00+00:00,557.4802475,61.29327547,23.49278499,568.622669,61.19176673,23.1,22.0,174.0711011,160.5377979,25.32953872,10.12945038
2025-10-17 10:45:00+00:00,544.2176711,61.46211122,23.49142857,569.3451319,61.51231931,23.18207407,22.0,178.0282737,240.6831448,25.48171717,10.23275036
2025-10-17 11:00:00+00:00,557.9894558,61.91854242,23.5,566.4232379,61.46690717,23.2,22.04464286,182.2549304,314.7888843,25.485,10.94238095
2025-10-17 11:15:00+00:00,548.9193127,61.94802365,23.5,560.863029,60.9613272,23.2,22.06703704,186.3296164,150.5520531,25.31584046,10.70092751
2025-10-17 11:30:00+00:00,553.0435017,62.71062092,23.5,556.0259035,61.99759993,23.12666667,21.89878307,190.4779001,110.1956413,25.01763144,10.11993398
2025-10-17 11:45:00+00:00,536.7030952,62.24863946,23.47912088,550.8427338,59.9537008,23.12527473,21.86923077,193.8022703,110.4664679,24.68481705,10.02214357
2025-10-17 12:00:00+00:00,542.8491228,61.72698413,23.5,548.5989879,60.67334887,23.1,22.0,198.3888571,162.3046467,23.95288095,10.04226481
2025-10-17 12:15:00+00:00,540.9531216,62.05562899,23.5,536.6840859,61.60994257,23.1,22.0,202.2650794,116.5951927,23.2344246,10.09438721
2025-10-17 12:30:00+00:00,535.7184429,61.72751464,23.5,528.8967436,61.20070707,23.1,22.0,206.071,143.4839779,22.38751515,10.13937037
2025-10-17 12:45:00+00:00,525.2364716,62.08517225,23.47433673,522.3471192,61.02417027,23.1,22.0,210.1622959,248.4343911,21.29319019,10.28394133
2025-10-17 13:00:00+00:00,516.3811662,61.92839744,23.5,515.2030849,60.93183908,23.15809524,22.04666667,213.7365598,183.6022096,20.20666667,10.67362859
2025-10-17 13:15:00+00:00,508.1524146,62.12976887,23.37233333,509.0198969,61.03300457,23.02574074,22.01933333,217.4800649,74.32143239,18.9373088,10.63276603
2025-10-17 13:30:00+00:00,507.4487039,62.40262515,23.44056122,513.4587978,61.52301587,23.1,21.9,221.1982143,87.11667218,17.52757937,10.02686508
2025-10-17 13:45:00+00:00,506.7313998,61.52081807,23.33214286,508.6314882,61.42743151,23.06861111,21.8352381,224.3950996,26.05567679,16.18228571,8.939714286
2025-10-17 14:00:00+00:00,501.3498983,15.74738357,23.3,502.9131501,18.44436813,23.0,21.9,228.1003846,25.21418057,14.55136905,8.327637363
2025-10-17 14:15:00+00:00,500.9229989,0.0,23.3,501.0621695,0.0,23.0,21.82666667,231.5622799,33.00276015,12.87031746,8.338888889
2025-10-17 14:30:00+00:00,499.718052,0.0,23.3,501.5529609,0.0,22.97666667,21.70535714,235.0397403,35.81427262,11.09165533,8.229047619
2025-10-17 14:45:00+00:00,498.9157692,0.0,23.22460317,499.4548341,0.0,22.9,21.48666667,238.3191558,17.08430295,9.303364117,8.003055556
2025-10-17 15:00:00+00:00,499.1764239,0.0,23.2,498.28392,0.0,22.9,21.17721088,241.5025819,10.34938673,7.480803958,7.816893424
2025-10-17 15:15:00+00:00,497.6725594,0.0,23.2,498.6101732,0.0,22.89925926,20.68555556,244.6616614,5.553767829,5.596809524,7.706995671
2025-10-17 15:30:00+00:00,496.3731639,0.0,23.18452381,497.4411754,0.0,22.8,20.17857143,247.8733915,3.749285508,3.581836735,7.601537548
2025-10-17 15:45:00+00:00,495.0231216,0.0,23.1,495.780857,0.0,22.8,19.72755556,250.8936217,1.636983862,1.625674603,7.590196892
2025-10-17 16:00:00+00:00,494.8707999,0.0,23.1,494.5881495,0.0,22.8,19.28052721,253.857702,0.802414062,-0.278221501,7.544047619
2025-10-17 16:15:00+00:00,494.3745788,0.0,23.1,494.1013092,0.0,22.8,18.79333333,257.0342196,0.163181226,-2.374960318,7.134534392
2025-10-17 16:30:00+00:00,493.1052176,0.0,23.1,492.887822,0.0,22.73571429,18.39393939,260.1625,0.0,-4.545238095,6.855952381
2025-10-17 16:45:00+00:00,491.9231496,0.0,23.0989011,491.8991585,0.0,22.7,17.97420635,262.9457143,0.0,-6.493333333,6.7
2025-10-17 17:00:00+00:00,490.9634354,0.0,23.0,491.7104399,0.0,22.7,17.58027211,266.2548029,0.0,-8.76875,6.665617914
2025-10-17 17:15:00+00:00,491.1220716,0.0,23.0,491.7939766,0.0,22.7,17.10625,269.4141688,0.0,-10.98706494,6.533948718
2025-10-17 17:30:00+00:00,489.2246175,0.0,23.0,490.0798447,0.0,22.7,16.80214286,272.4449585,0.0,-13.10151515,6.377380952
2025-10-17 17:45:00+00:00,488.2392318,0.0,23.0,489.4707189,0.0,22.69644444,16.44903061,275.3572415,0.0,-15.07861568,6.262512932
2025-10-17 18:00:00+00:00,487.8910364,0.0,23.0,489.0829932,0.0,22.63857143,16.06944444,278.7260366,0.0,-17.35613791,5.950071119
2025-10-17 18:15:00+00:00,486.6594961,0.0,22.95333333,487.497926,0.0,22.6,15.74888889,281.5376947,0.0,-19.18683333,5.672005698
2025-10-17 18:30:00+00:00,486.3605042,0.0,22.9,486.3632597,0.0,22.6,15.45163265,285.2146719,0.0,-21.56932318,5.557142857
2025-10-17 18:45:00+00:00,485.5296296,0.0,22.9,484.7148148,0.0,22.6,15.16428571,288.6414418,0.0,-23.63888889,5.543555556
2025-10-17 19:00:00+00:00,484.7662963,0.0,22.9,484.5943771,0.0,22.6,14.88,292.1856254,0.0,-25.75269943,5.486469827
2025-10-17 19:15:00+00:00,483.9606576,0.0,22.9,483.9065309,0.0,22.6,14.69421769,295.7027098,0.0,-27.73730726,5.147397959
2025-10-17 19:30:00+00:00,482.9939276,0.0,22.88533333,482.8603175,0.0,22.6,14.46077778,299.1953939,0.0,-29.5917963,4.933982684
2025-10-17 19:45:00+00:00,481.6865079,0.0,22.8,482.3835335,0.0,22.54166667,14.27142857,303.0035676,0.0,-31.48225881,4.786607143
2025-10-17 20:00:00+00:00,481.9133115,0.0,22.8,482.2440795,0.0,22.5,14.07454545,306.9054762,0.0,-33.27814626,4.646825397
2025-10-17 20:15:00+00:00,480.4092739,0.0,22.8,481.6470664,0.0,22.5,13.90260989,310.8081436,0.0,-34.94586451,4.668630952
2025-10-17 20:30:00+00:00,479.882139,0.0,22.8,480.4225088,0.0,22.5,13.78119048,314.9114709,0.0,-36.53504762,4.678030159
2025-10-17 20:45:00+00:00,478.9736027,0.0,22.73,479.4949229,0.0,22.5,13.61333333,319.1994868,0.0,-38.00944444,4.571648148
2025-10-17 21:00:00+00:00,477.8641727,0.0,22.7,479.1946396,0.0,22.40714286,13.46785714,323.4688776,0.0,-39.32501134,4.496825397
2025-10-17 21:15:00+00:00,476.847281,0.0,22.7,476.6909262,0.0,22.4,13.3756229,328.1042316,0.0,-40.60606349,4.431818182
2025-10-17 21:30:00+00:00,476.8283299,0.0,22.65714286,475.4356893,0.0,22.4,13.18571429,332.8754178,0.0,-41.69842752,4.525714286
2025-10-17 21:45:00+00:00,475.5791799,0.0,22.6,475.4622014,0.0,22.4,13.09333333,337.261706,0.0,-42.5376394,4.509855478
2025-10-17 22:00:00+00:00,473.7401884,0.0,22.6,474.7814626,0.0,22.3487013,12.95021368,342.3874263,0.0,-43.33168067,4.4
2025-10-17 22:15:00+00:00,474.176788,0.0,22.6,474.0816767,0.0,22.3,12.86964286,347.4530498,0.0,-43.94600722,4.36
2025-10-17 22:30:00+00:00,473.4534123,0.0,22.6,471.725118,0.0,22.3,12.73076923,352.5754393,0.0,-44.34081633,4.301428571
2025-10-17 22:45:00+00:00,472.5761905,0.0,22.6,471.6083761,0.0,22.3,12.67888889,343.177039,0.0,-44.51333333,4.284649351
2025-10-17 23:00:00+00:00,473.0680409,0.0,22.6,470.9207865,0.0,22.3,12.55777778,15.96474266,0.0,-44.52206349,4.396363636
2025-10-17 23:15:00+00:00,471.6344638,0.0,22.6,469.1802344,0.0,22.3,12.40714286,7.888032107,0.0,-44.33272908,4.495907287
2025-10-17 23:30:00+00:00,469.3376623,0.0,22.6,469.5084369,0.0,22.29285714,12.39166667,12.69634631,0.0,-43.98481255,4.468985119
2025-10-17 23:45:00+00:00,468.9807364,0.0,22.6,467.7803734,0.0,22.27844156,12.25333333,18.03165344,0.0,-43.39603175,4.49302381
2025-10-18 00:00:00+00:00,468.7188657,0.0,22.6,467.8447626,0.0,22.2,12.2,23.04628053,0.0,-42.64503656,4.301050505
2025-10-18 00:15:00+00:00,467.6451837,0.0,22.6,466.7402276,0.0,22.2,12.12307692,27.88669218,0.0,-41.68788265,4.4
2025-10-18 00:30:00+00:00,466.855885,0.0,22.52857143,465.8143678,0.0,22.2,12.07053571,32.42314478,0.0,-40.65636364,4.472691975
2025-10-18 00:45:00+00:00,466.1867785,0.0,22.5,463.969415,0.0,22.2,12.0,37.13653061,0.0,-39.38727273,4.466071429
2025-10-18 01:00:00+00:00,464.9697507,0.0,22.5,463.8760595,0.0,22.2,11.98,41.26897594,0.0,-38.11651098,4.32665166
2025-10-18 01:15:00+00:00,463.3275843,0.0,22.5,463.1130061,0.0,22.2,11.9,45.57514842,0.0,-36.59909297,4.393506494
2025-10-18 01:30:00+00:00,463.256259,0.0,22.46153846,462.1479156,0.0,22.2,11.85961538,49.69872487,0.0,-35.01488215,4.535818182
2025-10-18 01:45:00+00:00,462.5378478,0.0,22.4,461.5744461,0.0,22.10714286,11.8,53.46364796,0.0,-33.42835884,4.609029304
2025-10-18 02:00:00+00:00,462.2647554,0.0,22.4,461.2795162,0.0,22.1,11.71904762,57.52307709,0.0,-31.57755278,4.670410256
2025-10-18 02:15:00+00:00,460.8712758,0.0,22.4,460.9174988,0.0,22.1,11.7,61.18848949,0.0,-29.74857143,4.705714286
2025-10-18 02:30:00+00:00,459.7358275,0.0,22.4,460.3209144,0.0,22.1,11.7,64.6942381,0.0,-27.86343651,4.616841677
2025-10-18 02:45:00+00:00,458.5654561,0.0,22.4,458.3789848,0.0,22.1,11.6596712,68.34610717,0.0,-25.85424397,4.409833024
2025-10-18 03:00:00+00:00,458.6714286,0.0,22.4,457.948127,0.0,22.1,11.6,71.85036316,0.0,-23.79771044,4.427124603
2025-10-18 03:15:00+00:00,458.1942414,0.0,22.4,457.3517076,0.0,22.1,11.59285714,75.18216683,0.0,-21.71259788,4.253868783
2025-10-18 03:30:00+00:00,457.1718528,0.0,22.4,456.9331799,0.0,22.1,11.5,78.55344881,0.0,-19.56438492,4.229839286
2025-10-18 03:45:00+00:00,456.3707625,0.0,22.4,456.6169252,0.0,22.1,11.5,81.70393651,0.0,-17.52025397,4.422666667
2025-10-18 04:00:00+00:00,455.1133426,0.0,22.4,455.5836941,0.0,22.04910714,11.5,84.83765306,0.0,-15.40197279,4.634027778
2025-10-18 04:15:00+00:00,454.9979057,0.0,22.4,455.1599596,0.0,22.04285714,11.5,87.9276764,0.0,-13.28152921,4.786666667
2025-10-18 04:30:00+00:00,454.5835352,0.0,22.4,453.2655574,0.0,22.0,11.41621315,91.21375567,0.0,-11.02450397,4.9
2025-10-18 04:45:00+00:00,453.5176471,0.0,22.4,453.4511111,0.0,22.0,11.4,93.98206878,0.0,-9.096275132,4.900872222
2025-10-18 05:00:00+00:00,452.1904762,0.0,22.38699634,451.8220481,0.0,22.0,11.4,97.29613095,0.0,-6.771011905,4.739285714
2025-10-18 05:15:00+00:00,451.3595868,0.0,22.32142857,451.4735818,0.0,22.0,11.30714286,100.2975256,0.060542986,-4.702692308,4.701649817
2025-10-18 05:30:00+00:00,451.0356349,0.0,22.31333333,450.6812464,0.0,22.0,11.29833333,103.5022063,0.905392588,-2.496071429,4.836666667
2025-10-18 05:45:00+00:00,451.15,0.0,22.3,449.1357143,0.0,22.0,11.2,106.4439683,5.618243828,-0.511652237,4.755031746
2025-10-18 06:00:00+00:00,449.4654467,0.0,22.3,448.5046466,0.0,22.0,11.16666667,109.505381,20.12668139,1.416561513,4.794074074
2025-10-18 06:15:00+00:00,448.3915712,0.0,22.3,448.261048,0.0,22.0,11.03846154,112.6837868,45.60544563,3.44090703,4.886495521
2025-10-18 06:30:00+00:00,447.8528089,0.0,22.3,447.4037455,0.0,22.0,11.0,115.8759365,75.49614771,5.480952381,4.898218559
2025-10-18 06:45:00+00:00,446.9577922,0.0,22.3,446.3843863,0.0,22.0,11.0,119.0620972,107.4932704,7.312797619,5.014285714
2025-10-18 07:00:00+00:00,446.6236542,0.0,22.30333333,445.6255287,0.0,22.0,11.0,121.9305589,134.2443201,8.952026936,5.187222222
2025-10-18 07:15:00+00:00,445.1159964,0.0,22.37857143,445.3956821,0.0,22.0,11.0,125.604229,167.6896853,10.94268707,5.528961451
2025-10-18 07:30:00+00:00,444.8407651,0.0,22.4,444.4580999,0.0,22.09022222,10.92,128.8785185,195.2114848,12.63925926,5.857614815
2025-10-18 07:45:00+00:00,443.8211243,0.0,22.4,444.5701594,0.0,22.1,10.9,132.3077778,221.370242,14.25246032,6.218455989
2025-10-18 08:00:00+00:00,443.5022051,0.0,22.4,444.5058964,0.0,22.1,10.9,135.7521163,226.4962863,15.78803594,6.491859428
2025-10-18 08:15:00+00:00,442.454291,0.0,22.4,443.8375236,0.0,22.10054945,10.9,138.8181742,260.7780522,17.05110782,6.636371545
2025-10-18 08:30:00+00:00,441.8917677,0.0,22.4,442.5260447,0.0,22.2,10.9,143.0157143,290.050653,18.63892063,7.025444444
2025-10-18 08:45:00+00:00,440.1081358,0.0,22.4,441.8350781,0.0,22.2,10.9,146.5660707,309.0847581,19.83763636,7.381671795
2025-10-18 09:00:00+00:00,440.5313409,0.0,22.4,440.828084,0.0,22.2,10.9,150.5752976,326.1064569,21.06045853,7.659915249
2025-10-18 09:15:00+00:00,439.070549,0.0,22.49233333,439.3943145,0.0,22.2,10.92666667,154.3469943,339.7794464,22.04776557,7.892307544
2025-10-18 09:30:00+00:00,437.879185,0.0,22.5,437.9856302,0.0,22.2,11.0,158.2336905,353.7810487,22.89968254,8.160318491
2025-10-18 09:45:00+00:00,438.050423,0.0,22.5,438.4103633,0.0,22.2,11.0,162.0846044,367.3561212,23.64710053,8.391481482
2025-10-18 10:00:00+00:00,437.264506,0.0,22.5,437.2624518,0.0,22.21547619,11.0452381,166.1571003,378.8859498,24.2362585,8.54815051
2025-10-18 10:15:00+00:00,435.8887078,0.0,22.52666667,436.7746,0.0,22.3,11.14,170.1524206,386.8938433,24.71333333,8.974636364
2025-10-18 10:30:00+00:00,435.48174,0.0,22.6,435.0837438,0.0,22.3,11.22564103,174.1824688,393.094661,25.0047619,8.980714286
2025-10-18 10:45:00+00:00,436.2062821,0.0,22.6,435.4434454,0.0,22.3,11.3,177.9918805,398.0121871,25.1350101,9.324457071
2025-10-18 11:00:00+00:00,435.7344684,0.0,22.6,435.1047077,0.0,22.3,11.35687075,181.946543,400.1609008,25.14367244,9.422036797
2025-10-18 11:15:00+00:00,433.7837795,0.0,22.6,434.9994949,0.0,22.33088889,11.46666667,185.9284815,400.8479895,24.98451852,9.269941414
2025-10-18 11:30:00+00:00,433.2445244,0.0,22.6,433.2513893,0.0,22.37142857,11.51547619,190.4382891,394.5902018,24.67240973,9.596868039
2025-10-18 11:45:00+00:00,432.1259324,0.0,22.6,433.1321222,0.0,22.4,11.62666667,194.3240428,388.7254921,24.19707407,9.764171652
2025-10-18 12:00:00+00:00,431.6741027,0.0,22.62688889,432.4154988,0.0,22.40095238,11.7,198.3704233,382.0726341,23.61060847,9.737166667
2025-10-18 12:15:00+00:00,429.96809,0.0,22.69821429,431.3687764,0.0,22.5,11.73030303,202.3139683,369.6128963,22.85440115,9.787333333
2025-10-18 12:30:00+00:00,430.0076089,0.0,22.7,431.0742572,0.0,22.534,11.90833333,206.0381111,356.6878926,21.97843651,9.844044974
2025-10-18 12:45:00+00:00,430.5092607,0.0,22.72857143,431.1579199,0.0,22.62857143,12.00714286,210.0747874,341.3069061,20.93491368,9.993969156
2025-10-18 13:00:00+00:00,429.4992639,0.0,22.81333333,430.7445712,0.0,22.74666667,12.14666667,213.7141931,328.0512929,19.83301587,10.39511111
2025-10-18 13:15:00+00:00,428.9838567,0.0,22.9,429.7566349,0.0,22.92142857,12.2,217.2341719,326.1373542,18.63892857,10.00544515
2025-10-18 13:30:00+00:00,429.0017056,0.0,23.0,429.5960373,0.0,23.06201191,12.28148148,220.8713348,288.0324432,17.27137286,10.0285712
2025-10-18 13:45:00+00:00,427.6907738,0.0,23.08125,429.3443127,0.0,23.24117063,12.4,224.6482823,261.5298742,15.71809524,10.11765873
2025-10-18 14:00:00+00:00,427.2579563,0.0,23.1,428.6844173,0.0,23.35619048,12.49777778,228.0629245,240.2075411,14.15660053,9.986801347
2025-10-18 14:15:00+00:00,427.4159923,0.0,23.12232143,428.1352241,0.0,23.42448413,12.65714286,231.1948413,205.548061,12.65600907,10.11504535
2025-10-18 14:30:00+00:00,426.366862,0.0,23.2,427.664149,0.0,23.45333333,12.71333333,234.6416534,171.6358318,10.91227513,9.975603463
2025-10-18 14:45:00+00:00,426.1712121,0.0,23.27307692,428.8155896,0.0,24.25142857,12.84807692,238.0395163,139.021424,9.049381571,9.998918651
2025-10-18 15:00:00+00:00,425.5070714,0.0,23.3,429.7662124,0.0,24.43185185,12.94666667,241.2093254,107.519552,7.239351852,9.955642857
2025-10-18 15:15:00+00:00,425.0060606,0.0,23.34423761,427.428868,0.0,24.352,13.05888889,244.4923114,73.67044518,5.274533467,9.722926259
2025-10-18 15:30:00+00:00,425.166427,0.0,23.5,428.4621314,0.0,24.21166667,13.1452381,247.6003247,42.04795121,3.330555556,9.390238095
2025-10-18 15:45:00+00:00,423.989191,0.0,23.40666667,427.6116583,0.0,23.87188889,13.27321429,250.8029545,15.43141771,1.254124579,8.972296296
2025-10-18 16:00:00+00:00,424.2994048,0.0,23.3,428.4575704,0.0,23.47440476,13.4,253.9354025,2.974716728,-0.743112245,8.23962585
2025-10-18 16:15:00+00:00,424.7932832,0.0,23.23333333,427.9775156,0.0,23.31333333,13.46666667,256.8815556,0.446224994,-2.734444444,7.918254546
2025-10-18 16:30:00+00:00,424.007404,0.0,23.28011905,425.8599068,0.0,23.27321429,13.56547619,259.9583271,0.012019231,-4.847005772,7.64969898
2025-10-18 16:45:00+00:00,423.5824327,0.0,23.29259259,425.7997558,0.0,23.21175214,13.6,263.0472302,0.0,-7.006220391,7.457707744
2025-10-18 17:00:00+00:00,424.3262293,0.0,23.2,425.5632161,0.0,23.14,13.65714286,266.1460969,0.0,-9.160841837,7.553188492
2025-10-18 17:15:00+00:00,422.9505946,0.0,23.2,425.0870296,0.0,23.09333333,13.7,269.1949916,0.0,-11.25758874,7.712083333
2025-10-18 17:30:00+00:00,422.9253916,0.0,23.12857143,424.5053923,0.0,23.0,13.74285714,272.1811168,0.0,-13.34081633,7.860642857
2025-10-18 17:45:00+00:00,422.0315344,0.0,23.1,424.0112644,0.0,23.0,13.8,275.5134841,0.0,-15.64339286,7.781543206
2025-10-18 18:00:00+00:00,421.7683333,0.0,23.09333333,424.1658586,0.0,22.92,13.8,278.7356667,0.0,-17.80533333,7.699777778
2025-10-18 18:15:00+00:00,422.5752327,0.0,23.0,422.94335,0.0,22.9,13.8,281.8547619,0.0,-19.86071429,7.571428571
2025-10-18 18:30:00+00:00,421.3126263,0.0,22.99285714,421.6583333,0.0,22.83571429,13.8,284.9622619,0.0,-21.8647619,7.429333333
2025-10-18 18:45:00+00:00,420.0755102,0.0,22.92278912,421.015873,0.0,22.8,13.8,288.4033929,0.0,-23.96236111,7.279190476
2025-10-18 19:00:00+00:00,421.0037712,0.0,22.9,421.8933809,0.0,22.8,13.8,291.6764127,0.0,-25.89099206,7.099313492
2025-10-18 19:15:00+00:00,420.0356759,0.0,22.9,421.2561052,0.0,22.73571429,13.74285714,295.2284127,0.0,-27.90412698,6.957142857
2025-10-18 19:30:00+00:00,420.6996741,0.0,22.890625,420.9769418,0.0,22.7,13.7,298.6054444,0.0,-29.68633333,6.657777778
2025-10-18 19:45:00+00:00,419.7874644,0.0,22.8,419.7392269,0.0,22.7,13.65,302.8735315,0.0,-31.83041492,6.517063492
2025-10-18 20:00:00+00:00,419.9315476,0.0,22.8,419.8544733,0.0,22.60261905,13.6,306.6025,0.0,-33.565,6.394974026
2025-10-18 20:15:00+00:00,418.8116665,0.0,22.8,419.4622478,0.0,22.6,13.6,310.5330873,0.0,-35.22187181,6.42989899
2025-10-18 20:30:00+00:00,419.6343472,0.0,22.79897959,419.0534759,0.0,22.6,13.54615385,314.8123548,0.0,-36.85547619,6.743307692
2025-10-18 20:45:00+00:00,418.9148939,0.0,22.7,418.6498368,0.0,22.6,13.49833333,319.0068571,0.0,-38.36485714,6.7352
2025-10-18 21:00:00+00:00,418.7018733,0.0,22.7,418.791791,0.0,22.6,13.4,323.5236735,0.0,-39.75214286,6.535873016
2025-10-18 21:15:00+00:00,418.5206387,0.0,22.7,418.5934361,0.0,22.504,13.4,328.16345,0.0,-40.98419048,7.001111111
2025-10-18 21:30:00+00:00,417.897889,0.0,22.64765306,417.368893,0.0,22.5,13.37857143,332.8334637,0.0,-42.06782313,7.040463873
2025-10-18 21:45:00+00:00,416.6485839,0.0,22.6,417.0620319,0.0,22.5,13.3,337.6671839,0.0,-42.98045482,7.181381119
2025-10-18 22:00:00+00:00,416.3559343,0.0,22.6,416.764537,0.0,22.45111111,13.27866667,342.4577063,0.0,-43.74362698,7.232328042
2025-10-18 22:15:00+00:00,416.5442244,0.0,22.6,416.3055044,0.0,22.4,13.2,347.2641855,0.0,-44.25380952,7.199025201
2025-10-18 22:30:00+00:00,416.0140344,0.0,22.6,415.6164613,0.0,22.4,13.12276923,352.7378095,0.0,-44.66453102,7.02196146
2025-10-18 22:45:00+00:00,416.1384418,0.0,22.6,415.2237136,0.0,22.4,13.1,357.9914286,0.0,-44.9,6.923673469
2025-10-18 23:00:00+00:00,415.0745671,0.0,22.52857143,414.5584046,0.0,22.30333333,13.1,22.21450866,0.0,-44.87714286,6.884531746
2025-10-18 23:15:00+00:00,414.1992138,0.0,22.5,413.7684726,0.0,22.3,13.02053571,8.183341837,0.0,-44.70297619,6.971428571
2025-10-18 23:30:00+00:00,413.6884872,0.0,22.5,413.8231886,0.0,22.3,12.96266667,12.63333333,0.0,-44.35555556,7.062857143
2025-10-18 23:45:00+00:00,414.3125,0.0,22.5,413.4302721,0.0,22.3,12.9,18.04482143,0.0,-43.7421627,7.1
2025-10-19 00:00:00+00:00,414.1865996,0.0,22.5,412.7144324,0.0,22.3,12.9,23.01693122,0.0,-42.99597884,7.125195767
2025-10-19 00:15:00+00:00,413.7053571,0.0,22.5,412.1514286,0.0,22.25,12.9,28.08380952,0.0,-42.07142857,7.122619048
2025-10-19 00:30:00+00:00,413.1606715,0.0,22.48223954,412.0667053,0.0,22.2,12.9,32.37306638,0.0,-41.05113155,6.955248918
2025-10-19 00:45:00+00:00,412.7597619,0.0,22.4,411.8275912,0.0,22.2,12.84,36.65367632,0.0,-39.91786269,6.72746054
2025-10-19 01:00:00+00:00,412.2213391,0.0,22.4,411.0311024,0.0,22.2,12.8,41.61924603,0.0,-38.38142857,6.501173469
2025-10-19 01:15:00+00:00,412.5962768,0.0,22.4,410.7453076,0.0,22.2,12.79031746,45.98407407,0.0,-36.85507937,6.451084343
2025-10-19 01:30:00+00:00,411.0539488,0.0,22.4,410.5258088,0.0,22.2,12.7,49.99111722,0.0,-35.30354853,6.294931319
2025-10-19 01:45:00+00:00,410.3665733,0.0,22.4,410.98557,0.0,22.2,12.7,53.72546032,0.0,-33.71174603,6.035292023
2025-10-19 02:00:00+00:00,410.8669913,0.0,22.4,410.2756059,0.0,22.12857143,12.7,57.37520099,0.0,-32.02067615,5.879742064
2025-10-19 02:15:00+00:00,409.5662309,0.0,22.4,410.3501852,0.0,22.1,12.7,61.52724868,0.0,-29.96857143,5.8225
2025-10-19 02:30:00+00:00,408.5296846,0.0,22.4,410.1858962,0.0,22.1,12.7,65.11670635,0.0,-28.07090188,5.988415275
2025-10-19 02:45:00+00:00,408.9847476,0.0,22.4,408.7759948,0.0,22.1,12.7,68.55255928,0.0,-26.1505914,6.164731482
2025-10-19 03:00:00+00:00,409.4551282,0.0,22.39134615,408.8874904,0.0,22.1,12.64615385,72.10619048,0.0,-24.05714286,6.199857143
2025-10-19 03:15:00+00:00,408.6502054,0.0,22.33342857,409.1916336,0.0,22.1,12.6,75.23811905,0.0,-22.08536042,6.365603077
2025-10-19 03:30:00+00:00,407.3517941,0.0,22.3,407.8305393,0.0,22.1,12.55321429,78.67026644,0.0,-19.91753118,6.327922078
2025-10-19 03:45:00+00:00,407.8444444,0.0,22.3,407.3133782,0.0,22.07955556,12.5,81.94530159,0.0,-17.74845238,6.17644127
2025-10-19 04:00:00+00:00,406.6612994,0.0,22.3,407.522982,0.0,22.0,12.43846154,85.03411616,0.0,-15.71138095,6.271429371
2025-10-19 04:15:00+00:00,406.4836571,0.0,22.28571429,406.8233083,0.0,22.0,12.4,88.32031746,0.0,-13.42952381,6.264285714
2025-10-19 04:30:00+00:00,406.882814,0.0,22.25255556,406.1272902,0.0,22.0,12.4,91.44256085,0.0,-11.2578836,6.225925926
2025-10-19 04:45:00+00:00,406.0262019,0.0,22.25576923,405.5186949,0.0,22.0,12.4,94.42633069,0.0,-9.205346836,6.263414835
2025-10-19 05:00:00+00:00,406.0329497,0.0,22.28571429,405.2063204,0.0,22.0,12.4,97.42859428,0.0,-7.119680135,6.298333333
2025-10-19 05:15:00+00:00,405.0315609,0.0,22.3,405.6022326,0.0,22.0,12.33571429,100.5076434,0.054268306,-4.959461233,6.129158613
2025-10-19 05:30:00+00:00,405.2181061,0.0,22.3,404.6851595,0.0,22.0,12.3,103.5909719,0.736327385,-2.877587783,6.112351515
2025-10-19 05:45:00+00:00,405.0141337,0.0,22.3,404.6392327,0.0,22.0,12.21666667,106.6508519,3.862322323,-0.791851852,6.027111111
2025-10-19 06:00:00+00:00,403.4976364,0.0,22.3,403.9734193,0.0,22.0,12.2,109.8366551,10.97361011,1.202095702,6.050895176
2025-10-19 06:15:00+00:00,404.0659539,0.0,22.3,404.1441077,0.0,21.96883333,12.2,112.9810967,39.63224266,3.201038961,6.420436748
2025-10-19 06:30:00+00:00,403.2947373,0.0,22.3,403.9454082,0.0,22.0,12.2,115.9207107,73.00655935,5.010465328,6.761145521
2025-10-19 06:45:00+00:00,403.0968222,0.0,22.30089286,403.1721212,0.0,22.0,12.2,119.3196164,104.9409697,7.051521164,7.16962963
2025-10-19 07:00:00+00:00,402.6199957,0.0,22.3,403.4082287,0.0,22.0,12.2,122.4261977,136.4136582,8.836717172,7.128571429
2025-10-19 07:15:00+00:00,401.7900178,0.0,22.3,402.5547168,0.0,22.0,12.2,125.8563757,173.467306,10.65760582,7.316289178
2025-10-19 07:30:00+00:00,401.5281179,0.0,22.3,402.3613946,0.0,22.00428571,12.2,129.1608882,202.9382233,12.37794527,7.650870439
2025-10-19 07:45:00+00:00,401.1717867,0.0,22.3,401.7879101,0.0,22.05547619,12.2,132.5538889,168.3095564,13.98836508,7.456771073
2025-10-19 08:00:00+00:00,401.430303,0.0,22.32,400.5853326,0.0,22.1,12.2,136.0066933,186.1004914,15.49494949,7.519992064
2025-10-19 08:15:00+00:00,401.0934174,0.0,22.4,400.2115545,0.0,22.1,12.2,139.270102,246.8827352,16.83234694,7.938530612
2025-10-19 08:30:00+00:00,400.5876209,0.0,22.4,400.4609568,0.0,22.1,12.2,143.2565,244.4543982,18.37019048,8.361935897
2025-10-19 08:45:00+00:00,399.8664774,0.0,22.4,399.6973541,0.0,22.15299474,12.2,146.7334802,287.6290143,19.50361276,9.0577309
2025-10-19 09:00:00+00:00,400.2432573,0.0,22.4,399.9489767,0.0,22.14333333,12.2,150.6217879,331.7142889,20.66200649,9.221331169
2025-10-19 09:15:00+00:00,400.2805762,0.0,22.4,399.835188,0.0,22.2,12.2,154.5061444,346.1028899,21.6952381,9.399352814
2025-10-19 09:30:00+00:00,400.1009982,0.0,22.4,399.2827028,0.0,22.2,12.2,158.3719937,362.4221241,22.57776696,9.366759402
2025-10-19 09:45:00+00:00,400.0141329,0.0,22.4,399.6429784,0.0,22.2,12.36607143,162.0220589,328.788833,23.24857143,9.255966488
2025-10-19 10:00:00+00:00,399.1561905,0.0,22.4325,399.0263231,0.0,22.2,12.4,166.1360085,369.0327325,23.88576557,9.389695527
2025-10-19 10:15:00+00:00,399.5950376,0.0,22.48912698,398.565291,0.0,22.25124717,12.4,170.174792,387.2409899,24.3183438,9.744688645
2025-10-19 10:30:00+00:00,400.6454971,0.0,22.5,399.2646465,0.0,22.3,12.4,173.7915152,395.0102709,24.59654545,9.932945455
2025-10-19 10:45:00+00:00,399.5870241,0.0,22.5,398.4139286,0.0,22.3,12.49857143,178.328899,394.877463,24.78854545,9.696619529
2025-10-19 11:00:00+00:00,399.0468254,0.0,22.5,399.2680272,0.0,22.3,12.7,182.3709325,395.4766188,24.77777778,9.727678571
2025-10-19 11:15:00+00:00,398.4552399,0.0,22.5,398.7381573,0.0,22.3,12.7,186.3197643,392.6589414,24.61670163,9.993680653
2025-10-19 11:30:00+00:00,398.4105508,0.0,22.59615385,398.9767601,0.0,22.3,12.7,190.4975469,388.5225988,24.27174603,9.926190476
2025-10-19 11:45:00+00:00,399.1075976,0.0,22.6,398.6875,0.0,22.34857143,12.7,194.4492698,382.9900964,23.82638889,10.12951567
2025-10-19 12:00:00+00:00,398.2930581,0.0,22.6,398.1494992,0.0,22.4,12.91071429,198.3870578,373.7690445,23.20840986,9.790729592
2025-10-19 12:15:00+00:00,398.1562434,0.0,22.6,399.0833644,0.0,22.46133333,13.08733333,202.3428889,364.9805246,22.46,9.654285714
2025-10-19 12:30:00+00:00,397.8138055,0.0,22.6,399.2476452,0.0,22.51037415,12.93461538,206.2016497,345.5120098,21.60357143,9.996607143
2025-10-19 12:45:00+00:00,397.8911397,0.0,22.661,399.4796348,0.0,22.61604762,13.02833333,209.7971217,331.3010848,20.63724868,9.789865079
2025-10-19 13:00:00+00:00,397.4369375,0.0,22.76460317,399.4483739,0.0,22.73904762,13.12142857,213.5664021,319.4301251,19.49554353,9.506777778
2025-10-19 13:15:00+00:00,398.6677669,0.0,22.88571429,398.967643,0.0,22.885,13.25821429,217.3623101,295.3445031,18.18007885,9.44477082
2025-10-19 13:30:00+00:00,398.3441803,0.0,22.91927438,399.3311679,0.0,23.04095238,13.38714286,220.9761258,277.4463411,16.82376984,9.374380471
2025-10-19 13:45:00+00:00,397.9390364,0.0,23.00714286,399.8373531,0.0,23.2,13.37678571,224.5261224,253.3099405,15.3797619,9.560925325
2025-10-19 14:00:00+00:00,398.3017241,0.0,23.0,400.3794594,0.0,23.32666667,13.46130952,227.7458413,227.8649166,13.89849206,9.103379888
2025-10-19 14:15:00+00:00,398.3953824,0.0,23.07948718,399.6728272,0.0,23.4,13.51282051,231.3086081,199.4803807,12.23435315,9.077357143
2025-10-19 14:30:00+00:00,398.3973461,0.0,23.10083333,399.8698526,0.0,23.43,13.6,234.5662458,168.8804028,10.53808142,8.899891775
2025-10-19 14:45:00+00:00,398.9838435,0.0,23.2,400.5290733,0.0,24.21425454,13.64816893,237.9657171,135.7459488,8.671981293,8.737188776
2025-10-19 15:00:00+00:00,399.7703704,0.0,23.24666667,402.4733333,0.0,24.4,13.8,241.0839021,104.0265833,6.899743386,8.682801347
2025-10-19 15:15:00+00:00,399.5334315,0.0,23.3,402.8934046,0.0,24.31095238,13.8,244.3848882,69.80775617,4.91,8.615521044
2025-10-19 15:30:00+00:00,398.1003517,0.0,23.3,401.3798752,0.0,24.11336735,13.83076923,247.516223,37.19241359,2.964895125,8.387572323
2025-10-19 15:45:00+00:00,398.5022404,0.0,23.28888889,402.0684878,0.0,23.75111111,14.06666667,250.704803,13.53604091,0.89925974,8.399047619
2025-10-19 16:00:00+00:00,398.6052489,0.0,23.2,402.3701681,0.0,23.39821429,14.11730769,253.5363276,2.54977094,-0.88997114,8.375998145
2025-10-19 16:15:00+00:00,398.1018315,0.0,23.12,401.6388889,0.0,23.22666667,14.26666667,256.7075556,0.367676673,-3.03037037,8.417295238
2025-10-19 16:30:00+00:00,398.792417,0.0,23.17142857,401.0468576,0.0,23.17163265,14.27261905,259.4145292,0.017382906,-4.906769481,8.446684458
2025-10-19 16:45:00+00:00,399.562963,0.0,23.16428571,400.4407063,0.0,23.13333333,14.24871795,262.7413889,0.0,-7.220277778,8.392222222
2025-10-19 17:00:00+00:00,399.6671662,0.0,23.1,401.2180451,0.0,23.01538462,14.30769231,265.7161565,0.0,-9.303792517,8.427721088
2025-10-19 17:15:00+00:00,399.278355,0.0,23.1,401.2679611,0.0,23.0,14.33076923,268.9644444,0.0,-11.52166667,8.449722222
2025-10-19 17:30:00+00:00,398.6753889,0.0,23.02857143,399.8785491,0.0,22.93888889,14.4,271.9751071,0.0,-13.66445107,8.499553846
2025-10-19 17:45:00+00:00,398.2268074,0.0,23.0,399.4464648,0.0,22.9,14.4,275.0026729,0.0,-15.70790947,8.43866427
2025-10-19 18:00:00+00:00,397.8411543,0.0,22.99615385,399.3217535,0.0,22.82142857,14.4,278.2096154,0.0,-17.89144481,8.40022207
2025-10-19 18:15:00+00:00,397.3753968,0.0,22.9,398.6634495,0.0,22.8,14.475,281.6912381,0.0,-20.1672381,8.302
2025-10-19 18:30:00+00:00,397.5113134,0.0,22.88,398.086606,0.0,22.79466667,14.54666667,285.0506667,0.0,-22.33866667,8.2
2025-10-19 18:45:00+00:00,397.74498,0.0,22.8,396.8934745,0.0,22.70204082,14.65714286,288.1348073,0.0,-24.2170068,8.258730159
2025-10-19 19:00:00+00:00,396.8431782,0.0,22.8,397.3116132,0.0,22.7,14.70994898,291.7905556,0.0,-26.37398148,8.305907937
2025-10-19 19:15:00+00:00,231.6777778,0.0,22.8,231.6666667,0.0,22.65,14.9,171.6183333,0.0,-16.20166667,4.862878788
2025-10-19 19:30:00+00:00,396.542825,0.0,22.8,397.2541518,0.0,22.6,14.95238095,299.011,0.0,-30.32888889,8.3991
2025-10-19 19:45:00+00:00,396.5948052,0.0,22.7125,397.1759284,0.0,22.6,14.9125,302.7153535,0.0,-32.1790101,8.364688889
2025-10-19 20:00:00+00:00,397.3821212,0.0,22.7,395.9218246,0.0,22.6,14.91538462,306.7048523,0.0,-33.98444444,8.396166667
2025-10-19 20:15:00+00:00,397.5326881,0.0,22.7,396.0,0.0,22.6,15.0,310.6707483,0.0,-35.65187075,8.422321429
2025-10-19 20:30:00+00:00,397.1435755,0.0,22.7,395.3596826,0.0,22.6,15.04761905,314.7387641,0.0,-37.25042424,8.426739394
2025-10-19 20:45:00+00:00,397.2501268,0.0,22.64615385,395.3794505,0.0,22.52735043,15.03076923,318.7412698,0.0,-38.64163614,8.423406593
2025-10-19 21:00:00+00:00,395.6799731,0.0,22.6,395.3160243,0.0,22.5,15.0,323.6738179,0.0,-40.17430556,8.37
2025-10-19 21:15:00+00:00,395.2861111,0.0,22.6,395.1446999,0.0,22.5,15.0,327.9756133,0.0,-41.33066667,8.447666667
2025-10-19 21:30:00+00:00,395.4934454,0.0,22.6,394.7408271,0.0,22.5,15.0,332.8458095,0.0,-42.44807143,8.347197884
2025-10-19 21:45:00+00:00,395.194418,0.0,22.6,395.0907472,0.0,22.47111111,15.0,337.6158333,0.0,-43.33066667,8.300222222
2025-10-19 22:00:00+00:00,394.9711931,0.0,22.56285714,394.5594661,0.0,22.4,15.03112245,342.1457341,0.0,-44.05996032,8.31671627
2025-10-19 22:15:00+00:00,394.3909547,0.0,22.54,394.9588114,0.0,22.4,15.17846154,347.2115778,0.0,-44.63895503,8.420373294
2025-10-19 22:30:00+00:00,394.0905444,0.0,22.5,393.5954003,0.0,22.4,15.2,352.7425373,0.0,-45.06464646,8.44592926
2025-10-19 22:45:00+00:00,394.0204545,0.0,22.5,393.7336458,0.0,22.35933333,15.27692308,357.6646296,0.0,-45.25148148,8.42762963
2025-10-19 23:00:00+00:00,393.4952577,0.0,22.5,392.7798207,0.0,22.3,15.48333333,358.8,0.0,-45.3,8.4
2025-10-19 23:15:00+00:00,393.0333333,0.0,22.5,392.3746377,0.0,22.3,15.52307692,109.9252963,0.0,-45.11703704,8.62626455
2025-10-19 23:30:00+00:00,393.7075765,0.0,22.5,392.2877886,0.0,22.3,15.5,13.1254823,0.0,-44.66861666,8.663652614
2025-10-19 23:45:00+00:00,392.8371964,0.0,22.5,392.8609826,0.0,22.3,15.49285714,17.26785714,0.0,-44.22321429,8.691714286
2025-10-20 00:00:00+00:00,393.018153,0.0,22.5,392.7957926,0.0,22.3,15.4,22.40984127,0.0,-43.48126984,8.631492064
2025-10-20 00:15:00+00:00,392.1432953,0.0,22.5,391.1119985,0.0,22.3,15.46761905,28.23739033,0.0,-42.36326263,8.600242424
2025-10-20 00:30:00+00:00,392.4392424,0.0,22.5,390.7779005,0.0,22.3,15.55102041,32.88123569,0.0,-41.29139316,8.731925926
2025-10-20 00:45:00+00:00,391.1507937,0.0,22.42142857,391.0,0.0,22.21428571,15.65714286,37.37142857,0.0,-40.09489796,8.680952381
2025-10-20 01:00:00+00:00,391.766453,0.0,22.47663004,390.9815421,0.0,22.2,15.7,41.70449206,0.0,-38.75628571,8.661997619
2025-10-20 01:15:00+00:00,392.152208,0.0,22.40714286,390.6566667,0.0,22.2,15.7,46.28157071,0.0,-37.13622222,8.853140212
2025-10-20 01:30:00+00:00,391.4792584,0.0,22.4,390.0064957,0.0,22.2,15.7,49.60357143,0.0,-35.85142857,8.417232143
2025-10-20 01:45:00+00:00,390.9846247,0.0,22.4,390.1018644,0.0,22.2,15.98050794,54.06379165,0.0,-33.96625012,8.799666667
2025-10-20 02:00:00+00:00,390.8555529,0.0,22.4,389.9636364,0.0,22.2,15.84266667,57.92309141,0.0,-32.17421429,8.763333333
2025-10-20 02:15:00+00:00,390.0918414,0.0,22.4,390.0,0.0,22.2,16.07511111,61.9587619,0.0,-30.18063492,8.474
2025-10-20 02:30:00+00:00,389.2518557,0.0,22.4,389.8100031,0.0,22.2,16.02857143,65.42571429,0.0,-28.32738095,8.71556746
2025-10-20 02:45:00+00:00,390.0035043,0.0,22.4,389.3744444,0.0,22.2,16.00384615,68.576,0.0,-26.57666667,8.87
2025-10-20 03:00:00+00:00,391.1570117,16.22,22.4,389.6268592,18.77385281,22.17333333,16.46333333,72.36954497,0.0,-24.33467725,8.818972583
2025-10-20 03:15:00+00:00,393.0,59.0,22.4,390.0,61.0,22.1,21.43163265,75.69973923,0.0,-22.27131236,9.477544321
2025-10-20 03:30:00+00:00,408.8812121,67.18249158,22.4,410.7111111,67.62828283,22.1,21.92857143,78.98175758,0.0,-20.1540404,9.404068687
2025-10-20 03:45:00+00:00,419.2160789,67.50059462,22.4,423.3428174,68.07971813,22.1,21.57416667,82.02218855,0.0,-18.17163781,9.398205361
2025-10-20 04:00:00+00:00,428.0577965,66.55462315,22.4,435.821697,66.68606061,22.1,21.83733333,85.21922896,0.0,-16.01768661,9.488956048
2025-10-20 04:15:00+00:00,437.4031137,67.37881563,22.4,445.4966524,67.14583876,22.1,21.98571429,88.47878015,0.0,-13.75435374,9.449675325
2025-10-20 04:30:00+00:00,443.1055556,66.73098291,22.44666667,451.8843977,67.71736597,22.1,22.0,91.25619048,0.0,-11.86190476,9.371142857
2025-10-20 04:45:00+00:00,450.6952707,67.79993316,22.46883117,457.4366689,67.02683365,21.96247681,22.04285714,94.59212963,0.0,-9.546750842,9.182890443
2025-10-20 05:00:00+00:00,456.6811933,67.08877165,22.48730159,464.1874815,66.1001221,22.08650794,22.02142857,97.72364719,0.0,-7.32856576,9.510876623
2025-10-20 05:15:00+00:00,467.2045915,66.57314815,22.43481481,484.0407827,66.96865487,22.07933333,22.0,100.7490385,0.022210339,-5.255833333,9.601918498
2025-10-20 05:30:00+00:00,490.4849242,65.74168428,22.39166667,507.3850542,65.5023199,22.1131746,21.9725,103.7436661,0.56755182,-3.207241662,9.603111738
2025-10-20 05:45:00+00:00,524.8075934,59.31969444,22.45839129,540.4746468,58.05775175,22.08899447,21.95384615,106.8589815,3.225770967,-1.074796919,9.720148148
2025-10-20 06:00:00+00:00,557.8069608,58.97804576,22.68333333,565.3881328,58.90978836,22.30416667,22.05714286,109.946369,12.77955645,0.873214286,9.72325974
2025-10-20 06:15:00+00:00,607.9636823,59.90844017,22.62555556,619.0320985,59.95174234,22.33395238,22.01809524,112.6836162,31.5635029,2.590727273,9.540509091
2025-10-20 06:30:00+00:00,643.1183506,59.37567433,22.72,664.875556,58.69369697,22.49416667,22.0,115.9915253,45.56800905,4.641111111,9.422593939
2025-10-20 06:45:00+00:00,646.2445512,58.54387755,22.91339286,681.5066944,59.82299993,22.73472222,22.00089286,119.1081169,80.90903922,6.499285714,10.14389967
2025-10-20 07:00:00+00:00,679.9824218,59.58327922,22.95089947,746.0696042,59.58436892,22.87417845,22.09481481,122.6841667,122.5802987,8.550179894,10.10539286
2025-10-20 07:15:00+00:00,682.1874781,59.93051665,23.02787302,731.6377612,58.85302023,22.98263757,22.05904762,125.7676094,151.5765925,10.20718519,9.975844444
2025-10-20 07:30:00+00:00,670.158992,58.84632442,23.11666667,710.3025775,58.67930511,22.92681097,22.0,128.9729577,178.3621982,11.8614252,10.38145462
2025-10-20 07:45:00+00:00,661.1829817,60.26662788,23.20892857,695.261711,60.05443926,22.90940476,22.0,132.3410977,204.4749262,13.4653083,10.72773061
2025-10-20 08:00:00+00:00,656.4299663,61.57959402,23.3,656.0980896,61.72942468,22.985,21.96666667,135.8106941,182.4571623,15.04838745,10.58871729
2025-10-20 08:15:00+00:00,678.1372559,60.51641414,23.34,680.0355532,61.11060606,22.99,21.9,139.6867027,233.7536012,16.61838384,10.33547863
2025-10-20 08:30:00+00:00,694.3930229,60.59642342,23.37738095,668.1622088,62.84824435,22.99642857,21.81309524,143.2966667,274.8687378,17.97678571,10.27291667
2025-10-20 08:45:00+00:00,697.7105012,60.21500962,23.36959184,675.3260845,63.26666483,23.02606777,21.7,146.7360874,292.7502655,19.14609642,11.18834249
2025-10-20 09:00:00+00:00,694.8550397,60.19970229,23.53022222,665.6588619,63.28753884,23.1,21.39111111,150.5626667,310.1377778,20.31666667,11.32
2025-10-20 09:15:00+00:00,675.5262975,62.44993022,23.61214286,616.5415254,64.97589537,23.30238095,21.2,154.6133617,325.2183019,21.34571429,11.40040816
2025-10-20 09:30:00+00:00,668.0948424,62.1688456,23.66,646.7715508,65.6087266,23.25666667,20.98,158.4675714,332.4963413,22.227,11.00460794
2025-10-20 09:45:00+00:00,662.2083073,60.99919468,23.60411111,645.2605803,64.6523873,23.26666667,20.65,162.0582143,353.8914675,22.89925926,11.35540741
2025-10-20 10:00:00+00:00,653.8415372,59.97724868,23.68,626.3419937,64.37899714,23.28,20.46428571,166.3082328,370.9954262,23.53733333,11.62133968
2025-10-20 10:15:00+00:00,638.2222222,60.27664399,23.68181818,606.7113182,65.32503723,23.21666667,20.10909091,170.4364739,370.2348567,23.97105442,11.50037075
2025-10-20 10:30:00+00:00,627.2,61.45185185,23.64285714,615.2916049,65.76,23.36031746,19.97857143,173.7979365,359.8821765,24.22,10.92794815
2025-10-20 10:45:00+00:00,632.6932405,59.95172249,23.75555556,612.8485656,65.77620308,23.40505291,19.76355556,178.1819697,328.1112007,24.38,12.01477994
2025-10-20 11:00:00+00:00,654.0642022,61.03859385,23.78416667,624.8395266,65.07729167,23.40412415,19.66833333,181.9809019,234.5957778,24.4,12.10798399
2025-10-20 11:15:00+00:00,666.2513805,61.6308547,23.9,636.6886243,65.22093567,23.37961905,19.44,186.4913333,209.1524354,24.24222222,11.66169841
2025-10-20 11:30:00+00:00,665.1388114,60.34679547,23.90888889,619.2059894,65.75852191,23.39344444,19.12666667,189.94,208.7208822,23.98133333,11.541
2025-10-20 11:45:00+00:00,663.6058153,59.83081017,23.84666667,611.3832513,63.67888372,23.38666667,18.86,194.4934127,196.5606435,23.45166667,11.7289746
2025-10-20 12:00:00+00:00,663.5868056,61.90406419,23.88333333,607.7352062,65.15669725,23.45714286,18.63571429,198.5161224,216.7038662,22.84838435,11.53431378
2025-10-20 12:15:00+00:00,637.7770273,61.1223199,23.86604762,598.771308,64.53393624,23.47333333,18.47288889,202.0134259,185.423033,22.15369048,11.46825185
2025-10-20 12:30:00+00:00,622.8429749,61.01453398,23.77068783,613.0500869,65.72232653,23.352,18.33263228,205.7059471,211.607866,21.31049735,11.08536905
2025-10-20 12:45:00+00:00,618.3177438,61.17602041,23.79816345,604.4453468,65.68167842,23.29285714,18.20868687,209.4709951,222.5740165,20.33512363,11.41691187
2025-10-20 13:00:00+00:00,610.9719841,58.76888889,23.75128205,585.6699471,61.83264418,23.29366667,18.17384615,213.5209259,169.1576729,19.11166667,11.69118519
2025-10-20 13:15:00+00:00,595.2121008,60.25820106,23.75622222,566.783179,65.75076479,23.37666667,18.07333333,216.6594524,146.3548252,18.0825,11.94062597
2025-10-20 13:30:00+00:00,581.4160252,60.58702904,23.74214286,557.7662254,63.72947654,23.42962585,17.92115385,220.3464286,210.5098061,16.68071429,12.23614827
2025-10-20 13:45:00+00:00,564.0470956,61.91233054,23.72,549.9721499,65.3190172,23.35333333,18.11333333,223.4616633,122.8595248,15.47848004,11.47247608
2025-10-20 14:00:00+00:00,544.871998,67.14804233,23.51786436,541.3410408,67.12540645,23.3,18.82830087,227.5761905,101.5383886,13.63190476,11.04322222
2025-10-20 14:15:00+00:00,535.0099822,62.64148148,23.4,533.9472097,66.3876212,23.3,18.66923077,231.0001667,77.16414362,11.93514286,10.84335
2025-10-20 14:30:00+00:00,523.3904995,61.77266202,23.39714286,523.4999894,65.92010885,23.21839286,18.24803571,234.3371032,53.1114818,10.22401626,11.14491175
2025-10-20 14:45:00+00:00,515.8820478,62.24863965,23.28166667,516.4888278,65.6505995,23.2,18.69288889,237.7831402,49.48831363,8.393777778,10.92519084
2025-10-20 15:00:00+00:00,509.8148607,62.0,23.3,511.4559115,64.67184027,23.13076923,19.13461538,241.1408547,41.66342844,6.427960928,11.0584127
2025-10-20 15:15:00+00:00,513.5874159,62.05722043,23.3,509.8213096,65.32508381,23.08798186,19.25833333,243.9209127,25.4475652,4.774960318,10.80777381
2025-10-20 15:30:00+00:00,511.3540308,62.42566138,23.3,516.0235262,66.31045509,23.085,18.83571429,246.8857954,9.521331408,2.944234007,10.97793712
2025-10-20 15:45:00+00:00,505.2120198,62.25164861,23.26,507.7158372,65.24001575,23.0,19.84911111,250.5186099,2.791418554,0.590888889,11.05059259
2025-10-20 16:00:00+00:00,499.9346271,62.26980801,23.2,502.3955087,65.51471861,22.92857143,19.66287879,253.4694228,0.601699609,-1.265943105,10.77897478
2025-10-20 16:15:00+00:00,495.8915508,61.46259019,23.2,497.542065,66.26908832,22.87692308,19.80833333,256.5938889,0.039354885,-3.400523088,10.99576786
2025-10-20 16:30:00+00:00,492.5871795,62.16538462,23.194,494.8059217,65.08250015,22.88,20.01047619,259.5356061,0.0,-5.424149832,10.72854545
2025-10-20 16:45:00+00:00,489.2381298,63.63000806,23.12177778,491.3949736,65.07142137,22.8,20.23,262.857336,0.0,-7.723775132,10.67418355
2025-10-20 17:00:00+00:00,488.1964286,63.14678179,23.1,488.6541514,66.48370656,22.75714286,20.44489796,265.7664116,0.0,-9.787057823,10.64340873
2025-10-20 17:15:00+00:00,485.2571429,61.615,23.00909091,486.4080808,66.69704185,22.7,20.748,268.8564894,0.0,-11.91381481,10.6288373
2025-10-20 17:30:00+00:00,483.8503479,62.71300366,23.0,484.7199857,65.86547986,22.7,21.08418367,271.4801522,0.0,-13.74659091,11.06446667
2025-10-20 17:45:00+00:00,482.7281062,62.23133117,22.99380952,482.5091625,65.07951938,22.62142857,21.2,274.4949802,0.0,-15.83152778,11.21777183
2025-10-20 18:00:00+00:00,481.1528774,63.08336663,22.95714286,482.1208275,65.71255516,22.6,21.39615385,278.1065556,0.0,-18.25311111,11.26917143
2025-10-20 18:15:00+00:00,480.3769439,62.07140098,22.9,480.7354335,66.36587302,22.6,21.55457875,281.5162507,0.0,-20.51221795,11.24206242
2025-10-20 18:30:00+00:00,479.3608392,61.34421134,22.9,480.7030303,65.56473684,22.6,21.6,284.116,0.0,-22.209,11.1104
2025-10-20 18:45:00+00:00,479.0092336,61.30908203,22.9,479.1933633,65.38063056,22.6,22.46666667,288.0755317,0.0,-24.60345599,11.198
2025-10-20 19:00:00+00:00,478.4752381,11.98666667,22.9,478.5245098,12.49019608,22.6,22.22666667,291.4499048,0.0,-26.60511111,10.74766667
2025-10-20 19:15:00+00:00,478.4781763,0.0,22.87656902,477.7272727,0.0,22.57333333,21.82948718,295.0660415,0.0,-28.65850068,10.49837509
2025-10-20 19:30:00+00:00,476.2363107,0.0,22.80153585,477.6611068,0.0,22.5,21.56377551,298.4793295,0.0,-30.47367168,10.71636414
2025-10-20 19:45:00+00:00,474.3180191,0.0,22.8,476.4410956,0.0,22.5,21.34333333,302.3654444,0.0,-32.40742424,10.72533333
2025-10-20 20:00:00+00:00,474.7165873,0.0,22.8,475.33731,0.0,22.5,21.2,306.3844643,0.0,-34.23482143,10.7890873
2025-10-20 20:15:00+00:00,472.3851435,0.0,22.8,474.8478938,0.0,22.5,21.11153846,310.5366667,0.0,-36.02738095,10.81242857
2025-10-20 20:30:00+00:00,471.5186366,0.0,22.8,474.6856815,0.0,22.5,21.0,313.6402106,0.0,-37.23297491,10.8456828
2025-10-20 20:45:00+00:00,470.7419912,0.0,22.8,472.3360404,0.0,22.5,20.89285714,318.5794392,0.0,-38.97472222,10.89660317
2025-10-20 21:00:00+00:00,469.8114348,0.0,22.8,470.6411144,0.0,22.43673469,20.8,323.0520362,0.0,-40.38764378,10.78395408
2025-10-20 21:15:00+00:00,468.3259615,0.0,22.74769231,469.412674,0.0,22.40777778,20.73846154,327.5890503,0.0,-41.60844444,10.92683333
2025-10-20 21:30:00+00:00,466.3628788,0.0,22.70714286,469.346688,0.0,22.4,20.60416667,332.8142434,0.0,-42.77126374,11.04564436
2025-10-20 21:45:00+00:00,465.8936508,0.0,22.7,468.2113853,0.0,22.4,20.50666667,337.6024048,0.0,-43.70666667,10.97059259
2025-10-20 22:00:00+00:00,464.5377112,0.0,22.7,467.5238603,0.0,22.4,20.5,342.2963096,0.0,-44.42285928,10.99039574
2025-10-20 22:15:00+00:00,464.7508081,0.0,22.7,467.1299346,0.0,22.4,20.46,346.9561616,0.0,-44.96060606,10.99529915
2025-10-20 22:30:00+00:00,463.5161534,0.0,22.7,464.6846113,0.0,22.4,20.4,351.9940939,0.0,-45.3504418,10.98320051
2025-10-20 22:45:00+00:00,463.1089708,0.0,22.7,464.9072259,0.0,22.4,20.329,281.7009444,0.0,-45.6,10.9
2025-10-20 23:00:00+00:00,461.9735086,0.0,22.7,464.9052596,0.0,22.4,20.3,3.033673469,0.0,-45.6,10.86119048
2025-10-20 23:15:00+00:00,461.2762738,0.0,22.7,462.8145375,0.0,22.4,20.29555556,7.69696128,0.0,-45.42733766,10.96796154
2025-10-20 23:30:00+00:00,461.7427208,0.0,22.7,461.5996065,0.0,22.4,20.2,13.18916667,0.0,-45.06,10.84333333
2025-10-20 23:45:00+00:00,460.7314484,0.0,22.7,460.2651724,0.0,22.4,20.1,17.69409632,0.0,-44.52902494,10.81582328
2025-10-21 00:00:00+00:00,458.3716416,0.0,22.7,459.5847082,0.0,22.4,20.1,23.41580756,0.0,-43.67707937,10.90647884
2025-10-21 00:15:00+00:00,457.7156683,0.0,22.7,459.6334554,0.0,22.4,20.045,28.18335185,0.0,-42.78311369,10.93723232
2025-10-21 00:30:00+00:00,456.7743194,0.0,22.7,458.5548777,0.0,22.4,20.0,33.08074359,0.0,-41.61602564,10.93370513
2025-10-21 00:45:00+00:00,456.1044563,0.0,22.65612245,457.5605754,0.0,22.3,19.98428571,37.36620879,0.0,-40.45924908,10.68571429
2025-10-21 01:00:00+00:00,454.5674718,0.0,22.6,456.5227853,0.0,22.3,19.9,41.72571429,0.0,-39.11483117,10.74434762
2025-10-21 01:15:00+00:00,453.9712935,0.0,22.6,456.0077441,0.0,22.3,19.85333333,46.30014286,0.0,-37.50806349,10.85485714
2025-10-21 01:30:00+00:00,451.5387966,0.0,22.6,454.1772219,0.0,22.3,19.8,50.14517181,0.0,-36.05734694,10.71349991
2025-10-21 01:45:00+00:00,451.3932123,0.0,22.6,453.1973681,0.0,22.3,19.8,53.90338095,0.0,-34.45044444,10.56716405
2025-10-21 02:00:00+00:00,451.4909428,0.0,22.6,453.2867521,0.0,22.3,19.73626374,58.05585185,0.0,-32.51333333,10.23585185
2025-10-21 02:15:00+00:00,450.1125817,0.0,22.6,451.1949608,0.0,22.3,19.66666667,62.09628571,0.0,-30.51027778,9.899962963
2025-10-21 02:30:00+00:00,449.4383117,0.0,22.68755411,451.0628513,0.0,22.3,19.6,65.42315476,0.0,-28.7352551,9.578720238
2025-10-21 02:45:00+00:00,448.7820861,0.0,22.7,450.2698984,0.0,22.3,19.6,69.06159829,0.0,-26.71437118,9.6
2025-10-21 03:00:00+00:00,447.5948244,26.4980619,22.70952381,450.6074408,28.41420635,22.3,19.4375,72.61624644,0.0,-24.60029202,9.703584416
2025-10-21 03:15:00+00:00,446.5917911,57.61873242,22.76666667,452.3889787,63.07904545,22.31277778,20.86095238,75.88882071,0.0,-22.58681624,10.42077225
2025-10-21 03:30:00+00:00,450.3730947,56.7554327,22.7,457.4252074,63.34377057,22.3,22.6680839,79.25698031,0.0,-20.40684524,10.27207908
2025-10-21 03:45:00+00:00,455.5206619,56.70077561,22.65333333,462.0002349,63.64275598,22.3,21.85404762,82.0914146,0.0,-18.52090188,10.48001116
2025-10-21 04:00:00+00:00,460.2220773,56.29810729,22.6,465.367583,63.47293662,22.3,22.22301587,85.65578348,0.0,-16.14609524,10.86566667
2025-10-21 04:15:00+00:00,462.248754,60.81502199,22.6255102,467.5967842,63.51720714,22.3,22.00535714,88.67735781,0.0,-14.05968112,11.10757473
2025-10-21 04:30:00+00:00,463.6710589,62.17577469,22.7,468.1764171,63.64858051,22.316,21.93771429,91.45638095,0.0,-12.14368254,11.32641026
2025-10-21 04:45:00+00:00,467.7662406,61.67469641,22.63041799,470.7296683,62.88211441,22.3,22.0,94.88276647,0.0,-9.769048822,11.46086286
2025-10-21 05:00:00+00:00,477.2032109,61.8732708,22.68508547,479.4032067,63.90353054,22.35555556,22.0,97.96963671,0.0,-7.598867102,11.50968254
2025-10-21 05:15:00+00:00,495.2191945,61.40013203,22.6,489.4628877,63.38453843,22.46428571,22.0,100.9732143,0.0,-5.515548341,11.72951299
2025-10-21 05:30:00+00:00,531.9601299,61.49520966,22.69357143,512.5288448,63.54133996,22.56283333,22.0,104.1181429,0.052296296,-3.384791005,12.13805238
2025-10-21 05:45:00+00:00,587.357197,61.22169312,22.67597884,588.0799304,63.14729959,22.56777778,22.0,106.8362559,0.223333333,-1.508888889,12.08917104
2025-10-21 06:00:00+00:00,643.8227124,61.81196581,22.89333333,675.7231318,63.46653289,22.81766667,22.0,109.9593064,1.345843434,0.483837422,12.05100317
2025-10-21 06:15:00+00:00,650.848136,62.67466987,23.01349206,685.0225108,62.87146465,22.99371753,22.0,113.3706124,4.906046901,2.602584776,12.05220238
2025-10-21 06:30:00+00:00,622.6260644,61.15615079,23.04034392,677.0377328,63.13654975,23.24611111,22.0,116.4226901,11.02072976,4.500584795,12.13820175
2025-10-21 06:45:00+00:00,615.9725,61.59466667,23.2,676.5504505,63.003234,23.28177778,22.04,119.5745,17.29078046,6.402222222,12.20666667
2025-10-21 07:00:00+00:00,624.81178,61.35596279,23.18681319,685.8986522,64.06644385,23.18843537,22.06692308,122.7291209,14.65162873,8.153896104,12.16666667
2025-10-21 07:15:00+00:00,627.5562963,62.85641026,23.3,678.9425641,63.05230769,23.11333333,22.0,125.9637302,8.79392735,9.888571429,12.11033333
2025-10-21 07:30:00+00:00,622.6590112,61.7037037,23.3,673.1906015,63.4889216,23.1,22.0,129.5835245,11.36606651,11.74786436,12.0146
2025-10-21 07:45:00+00:00,634.0130627,60.11875,23.11538462,681.8030749,63.06970223,23.16923077,21.8025641,132.1571429,14.28194415,13.02857143,11.74285714
2025-10-21 08:00:00+00:00,684.2061627,59.57375611,23.28785322,745.3278093,62.66575617,23.17440476,21.53979592,136.4088357,21.19652382,14.90742478,11.97100131
2025-10-21 08:15:00+00:00,732.3956819,60.70710109,23.51390476,744.6041246,62.33424081,23.36,21.48666667,139.7826113,22.86166643,16.28714753,11.72532415
2025-10-21 08:30:00+00:00,785.0802863,61.02198413,23.61333333,822.2842343,116.3771309,23.41195238,21.4,143.4115693,26.53070719,17.63469697,11.42628307
2025-10-21 08:45:00+00:00,822.0714286,87.25243506,23.62461538,834.6380952,108.9857143,23.6675,21.38974359,147.2221939,28.22132121,18.90714286,11.96571429
2025-10-21 09:00:00+00:00,828.4295791,113.8567003,23.7725,868.6929001,155.2177377,23.57666667,21.12666667,150.1683333,22.95483083,19.77515152,11.60363636
2025-10-21 09:15:00+00:00,802.9054328,82.70012647,23.79474074,863.3984815,171.4259755,23.76,21.0,154.3504618,21.56436489,20.91272727,11.59429591
2025-10-21 09:30:00+00:00,795.4656738,68.58607985,23.86695238,824.9384614,148.3586389,23.65205556,20.78,158.3634343,51.75546572,21.83676768,12.26475092
2025-10-21 09:45:00+00:00,781.0151801,68.81709957,24.0,773.2778293,108.2681326,23.53714286,20.73357143,162.5606746,50.04477229,22.59047619,12.22920787
2025-10-21 10:00:00+00:00,789.4123351,79.45499533,23.99577778,781.1673531,97.61514535,23.732,20.7,166.4428276,68.56169561,23.19114286,12.28291984
2025-10-21 10:15:00+00:00,744.8472497,91.26969851,23.955,837.1294508,161.2320729,23.88296296,20.69466667,170.493786,36.76706345,23.66127691,12.07615361
2025-10-21 10:30:00+00:00,689.216914,83.92235311,23.87959184,728.4761596,135.2259576,23.62767857,20.74795918,174.3404579,49.27992215,23.93003118,11.83474665
2025-10-21 10:45:00+00:00,684.228991,73.02131128,23.97923854,663.9441769,99.42363023,23.60377778,20.60424242,178.0472359,57.89819933,24.0579902,12.25047499
2025-10-21 11:00:00+00:00,677.6876878,78.94984989,24.04666667,638.1914752,70.04899824,23.60252646,20.48381313,182.0364925,69.48781563,24.06835979,12.30466382
2025-10-21 11:15:00+00:00,690.7769529,85.15088295,24.04571429,663.5698238,62.75430716,23.63619048,20.40148148,186.4795,75.82531746,23.886,12.10757696
2025-10-21 11:30:00+00:00,711.2731061,94.64835434,24.08367347,693.0019362,62.78366923,23.62687075,20.31428571,190.0181173,70.89152565,23.62465729,12.22745134
2025-10-21 11:45:00+00:00,712.2883459,102.5976626,24.09833333,685.4171097,62.85258505,23.7,20.14333333,193.9770498,56.68037918,23.16658275,12.61469986
2025-10-21 12:00:00+00:00,723.8126087,116.3900796,24.18833333,724.0268792,63.05840014,23.7416924,20.10166667,198.0235926,59.92182621,22.57037037,12.25212121
2025-10-21 12:15:00+00:00,726.2760871,134.6992472,24.25249206,754.2996948,63.47082189,23.70709524,20.03792593,201.8810952,62.3777218,21.8328456,12.53554762
2025-10-21 12:30:00+00:00,716.2357117,154.2010746,24.15478372,748.2924222,62.97271825,23.76000076,20.0,205.9447969,45.38057512,20.9287987,12.85007833
2025-10-21 12:45:00+00:00,707.7991323,168.5195979,24.20035979,710.3733372,62.3015873,23.78133333,19.74284752,209.323746,55.25189886,20.01794427,12.7355
2025-10-21 13:00:00+00:00,680.4191667,184.5159592,24.17959596,694.8725355,62.5618574,23.77316667,19.6,213.1723177,33.41888113,18.87182828,12.5183651
2025-10-21 13:15:00+00:00,641.1692505,196.0224944,24.15777778,653.1977392,63.3061604,23.68666667,19.6,217.1806426,41.14786962,17.49421612,12.71157037
2025-10-21 13:30:00+00:00,605.2908392,207.9311688,24.1,626.5050054,63.68225535,23.59857143,19.6,220.6529494,39.2943732,16.19265506,12.7785157
2025-10-21 13:45:00+00:00,575.2307128,204.6082271,23.89629329,595.8861345,62.98401701,23.51249433,19.6,223.880115,29.50038894,14.85576923,12.94889185
2025-10-21 14:00:00+00:00,555.6048564,69.29607041,23.87142857,561.0626929,61.18517316,23.43333333,20.08444444,227.7000755,37.29370259,13.15191919,12.84672955
2025-10-21 14:15:00+00:00,544.7198052,61.73676324,23.8202381,553.2121942,64.97551455,23.4,20.72568027,230.9681122,36.38865596,11.57278912,12.82946429
2025-10-21 14:30:00+00:00,537.0614815,66.18574074,23.9,543.9099456,64.42141594,23.376,19.94266667,234.2118307,43.0476397,9.893227513,12.7444
2025-10-21 14:45:00+00:00,537.9103175,63.19536363,23.78,537.2265993,65.47431457,23.30666667,20.34,237.5941997,29.98193709,8.058597782,12.76074074
2025-10-21 15:00:00+00:00,530.932074,62.70063126,23.77063492,531.9012963,64.13168974,23.29333333,20.32134921,240.6561956,10.31469391,6.316924298,12.82618394
2025-10-21 15:15:00+00:00,521.2057015,62.48414215,23.74285714,522.6031834,64.05404708,23.2,20.4,243.9581633,2.189772889,4.338066893,12.74603175
2025-10-21 15:30:00+00:00,521.9915296,62.64466422,23.7,518.2616239,65.92436782,23.2,20.45333333,246.8973755,1.521113308,2.500705535,12.6218315
2025-10-21 15:45:00+00:00,520.8154762,63.07592593,23.60533333,519.7920614,65.12144219,23.1525,20.67333333,250.382381,1.077671453,0.29215873,12.54778095
2025-10-21 16:00:00+00:00,514.2874396,62.89285714,23.6,513.0842857,65.40514739,23.1,20.99285714,253.4373243,0.231119883,-1.683871882,12.74707483
2025-10-21 16:15:00+00:00,510.411396,62.53968254,23.50777778,507.5613636,65.29255051,23.06666667,21.17333333,256.2102222,0.003,-3.541111111,12.76155556
2025-10-21 16:30:00+00:00,504.6979796,61.40859233,23.47142857,503.3590911,64.52559882,23.0,21.3,259.3603333,0.0,-5.719777778,12.52666667
2025-10-21 16:45:00+00:00,500.4475445,59.29501134,23.37179487,498.9000893,61.39318776,22.95384615,21.32727273,262.5466667,0.0,-7.974404762,12.40071429
2025-10-21 17:00:00+00:00,495.0313903,59.65865801,23.4,507.8604486,60.18233741,22.9,21.6,265.4869524,0.0,-9.991079365,12.54795238
2025-10-21 17:15:00+00:00,493.424289,59.26249158,23.37777778,505.5965055,61.00804813,22.9,21.66247619,268.505172,0.0,-12.1160582,12.55684127
2025-10-21 17:30:00+00:00,491.2857576,59.31928571,23.3,503.4302723,60.22090521,22.82333333,21.8,271.9586667,0.0,-14.48155556,12.58733333
2025-10-21 17:45:00+00:00,489.3353948,60.39328231,23.3,501.1474181,60.96605537,22.8,21.8,274.8940476,0.0,-16.54404762,12.65714286
2025-10-21 18:00:00+00:00,487.0170595,62.05717338,23.22,499.0748391,60.78185572,22.8,21.8,278.0000952,0.0,-18.61134921,12.62295238
2025-10-21 18:15:00+00:00,486.5047457,61.19465621,23.2,498.3879607,60.20548536,22.8,21.77333333,281.2718889,0.0,-20.75857143,12.64466636
2025-10-21 18:30:00+00:00,485.1309524,61.86304182,23.16339286,496.4062228,60.45649189,22.73571429,21.7,284.6388776,0.0,-22.93815476,12.57292672
2025-10-21 18:45:00+00:00,483.3526215,62.4204729,23.1,496.1684211,60.7398879,22.7,21.7,287.8177778,0.0,-24.87533333,12.71204242
2025-10-21 19:00:00+00:00,481.6923633,13.87142857,23.1,495.5907407,14.19588304,22.7,21.66,291.347906,0.0,-26.96238095,12.35500529
2025-10-21 19:15:00+00:00,482.187074,0.0,23.00411111,494.8176218,0.0,22.7,21.44821429,294.2129841,0.0,-28.6373545,12.04729418
2025-10-21 19:30:00+00:00,481.3071279,0.0,23.0,493.664011,0.0,22.7,21.30692308,298.7257143,0.0,-30.99134921,12.07166667
2025-10-21 19:45:00+00:00,479.4122107,0.0,23.0,492.6536446,0.0,22.6525,21.10012698,302.3680705,0.0,-32.81466667,12.12081667
2025-10-21 20:00:00+00:00,478.4,0.0,22.96666667,492.6592281,0.0,22.6,20.96266667,305.8944091,0.0,-34.45792063,12.21333333
2025-10-21 20:15:00+00:00,476.1341669,0.0,22.93698718,492.1216251,0.0,22.6,20.84267399,310.1146684,0.0,-36.26181122,12.30241071
2025-10-21 20:30:00+00:00,477.1472487,0.0,22.9,491.3239442,0.0,22.6,20.64464286,314.3944259,0.0,-37.89540717,12.28038333
2025-10-21 20:45:00+00:00,475.8421943,0.0,22.9,491.6323232,0.0,22.6,20.44936508,318.4333333,0.0,-39.31738095,12.25175926
2025-10-21 21:00:00+00:00,475.8829106,0.0,22.9,489.3590038,0.0,22.6,20.26023088,322.9851034,0.0,-40.71814815,12.297
2025-10-21 21:15:00+00:00,476.0051871,0.0,22.9,488.2388256,0.0,22.6,20.09010989,327.7760049,0.0,-42.01812126,12.25419643
2025-10-21 21:30:00+00:00,475.2662596,0.0,22.86633333,487.6594866,0.0,22.6,19.9935873,332.4280529,0.0,-43.10116282,12.12435185
2025-10-21 21:45:00+00:00,474.4190476,0.0,22.8,488.0114141,0.0,22.549,19.76222222,336.9799603,0.0,-43.97174603,12.12728139
2025-10-21 22:00:00+00:00,474.0874093,0.0,22.8,486.25888,0.0,22.51208791,19.59230769,342.5606283,0.0,-44.84835165,12.1
2025-10-21 22:15:00+00:00,473.80256,0.0,22.8,486.270759,0.0,22.5,19.46666667,347.1496878,0.0,-45.32420154,12.10052597
2025-10-21 22:30:00+00:00,472.4569815,0.0,22.8,486.5769878,0.0,22.5,19.35111111,352.6425291,0.0,-45.77376623,12.17914286
2025-10-21 22:45:00+00:00,472.2277778,0.0,22.8,485.3564993,0.0,22.5,19.19666667,283.3170873,0.0,-45.98074074,12.20563636
2025-10-21 23:00:00+00:00,471.0908563,0.0,22.8,484.5048128,0.0,22.5,18.99871795,3.073047568,0.0,-45.97142857,12.21941558
2025-10-21 23:15:00+00:00,471.0990521,0.0,22.8,483.8607407,0.0,22.5,18.84,7.923222785,0.0,-45.78775348,12.10072625
2025-10-21 23:30:00+00:00,469.6453872,0.0,22.8,483.7662918,0.0,22.5,18.62761905,13.18709957,0.0,-45.38422799,11.9775
2025-10-21 23:45:00+00:00,468.0742837,0.0,22.8,481.904536,0.0,22.5,18.5,18.64522392,0.0,-44.79761905,11.9
2025-10-22 00:00:00+00:00,467.8429164,0.0,22.8,481.875341,0.0,22.44222222,18.38115079,23.42920448,0.0,-44.0325202,11.91321493
2025-10-22 00:15:00+00:00,466.865863,0.0,22.73,481.3387654,0.0,22.4,18.21333333,28.41128438,0.0,-43.08147508,11.96639231
2025-10-22 00:30:00+00:00,466.2335017,0.0,22.7,479.8860623,0.0,22.4,18.2,33.48216065,0.0,-41.89847763,12.1178101
2025-10-22 00:45:00+00:00,465.1600231,0.0,22.7,479.6404208,0.0,22.4,18.19285714,37.77202948,0.0,-40.72612451,12.13509297
2025-10-22 01:00:00+00:00,465.1329289,0.0,22.7,478.9625672,0.0,22.4,18.05633333,41.45166878,0.0,-39.61644156,12.23836135
2025-10-22 01:15:00+00:00,463.94121,0.0,22.7,478.1973324,0.0,22.4,17.95,46.68883117,0.0,-37.77168831,12.53298701
2025-10-22 01:30:00+00:00,462.6553114,0.0,22.7,477.5430422,0.0,22.4,17.8,50.34016156,0.0,-36.35375,12.41168646
2025-10-22 01:45:00+00:00,461.9534848,0.0,22.7,477.2755921,0.0,22.4,17.71428571,54.75666667,0.0,-34.46972222,12.08666667
2025-10-22 02:00:00+00:00,462.7225193,0.0,22.7,476.3212937,0.0,22.4,17.51079365,58.26070448,0.0,-32.84619048,11.94946801
2025-10-22 02:15:00+00:00,460.3318659,0.0,22.7,475.8712281,0.0,22.4,17.41333333,62.24763492,0.0,-30.85566667,11.84224079
2025-10-22 02:30:00+00:00,464.5104396,0.0,22.7,474.4771978,0.0,22.4,17.3,65.65510204,0.0,-29.01938776,11.8
2025-10-22 02:45:00+00:00,473.5713165,0.0,22.7,474.4134454,0.0,22.4,17.20641026,69.32912554,0.0,-26.97740887,11.77151515
2025-10-22 03:00:00+00:00,472.485291,48.01773732,22.68666667,474.338735,46.49644711,22.368,17.42166667,72.75516667,0.0,-24.955,11.81442593
2025-10-22 03:15:00+00:00,471.4481281,60.93637849,22.7,476.6535628,63.28693744,22.4,20.01989796,76.08620671,0.0,-22.86093254,12.0975965
2025-10-22 03:30:00+00:00,475.5835276,61.67697368,22.7,478.0358749,62.73887168,22.38133333,21.315,79.40094531,0.0,-20.76199621,11.84148788
2025-10-22 03:45:00+00:00,481.841957,61.28696785,22.67333333,480.2666074,62.57227747,22.38095238,21.4,82.29740741,0.0,-18.81095238,11.71333333
2025-10-22 04:00:00+00:00,484.4034921,61.13018519,22.7,484.1419292,62.85116402,22.4,21.74333333,85.71511111,0.0,-16.51944444,11.72354579
2025-10-22 04:15:00+00:00,483.2547619,60.93571429,22.7,486.2409774,62.44736842,22.32777778,23.45054945,88.8225572,0.0,-14.38939909,11.74327904
2025-10-22 04:30:00+00:00,486.8791534,61.00857679,22.7,487.0118915,62.8092504,22.3,24.07555556,92.01478139,0.0,-12.19841667,11.63451337
2025-10-22 04:45:00+00:00,492.2916308,61.66113351,22.69380952,488.64276,62.86420833,22.33857143,22.63666667,94.85401587,0.0,-10.21969697,11.68309091
2025-10-22 05:00:00+00:00,498.460982,61.96825397,22.74285714,495.8277614,63.52711823,22.3252381,21.80833333,97.90993223,0.0,-8.085573851,11.67324675
2025-10-22 05:15:00+00:00,508.0045271,60.93264051,22.85428571,516.2152381,63.1684143,22.47466667,21.9247619,101.1425,0.0,-5.849722222,11.48280952
2025-10-22 05:30:00+00:00,519.3819048,60.07380952,22.8,533.4545455,62.46965812,22.56444444,22.09183673,104.3593939,0.051344729,-3.643666667,11.40322222
2025-10-22 05:45:00+00:00,539.7642293,60.8405666,22.89333333,556.7474678,63.18451219,22.62243386,22.0,107.2026667,0.416577945,-1.672444444,11.39314286
2025-10-22 06:00:00+00:00,563.0524264,61.18501257,23.07769231,582.9594986,63.46958333,22.70321429,21.975,110.4570742,1.639201166,0.37753663,11.36464286
2025-10-22 06:15:00+00:00,596.3266667,60.48352941,23.1,618.578088,62.78710317,22.75105128,21.96933333,113.3528333,5.014364214,2.192857143,11.38873333
2025-10-22 06:30:00+00:00,626.2025563,60.25565176,23.06277778,650.5661641,63.17354497,22.98157407,22.0,116.7720926,10.47901194,4.294166667,11.43516667
2025-10-22 06:45:00+00:00,642.4820516,60.86744505,23.275,654.929126,62.51263621,23.05337302,22.0,119.5056349,12.18312432,5.946984127,11.4
2025-10-22 07:00:00+00:00,678.0813709,60.79741579,23.48,670.4355941,62.28272626,23.09603175,22.09666667,122.8928146,15.14346142,7.849978355,11.47712875
2025-10-22 07:15:00+00:00,694.6227555,60.30244082,23.6,670.5383727,62.79355979,23.2,22.01851852,126.3468013,22.79917784,9.70969697,11.53348485
2025-10-22 07:30:00+00:00,717.8501128,61.14584574,23.51010101,695.845692,62.90798488,23.23723906,21.94,129.9126893,23.76864862,11.50551852,11.52735431
2025-10-22 07:45:00+00:00,714.9332777,60.86679749,23.58687925,697.2906914,62.30598052,23.27539683,21.16095238,133.0873805,35.16472416,13.02571429,11.52440476
2025-10-22 08:00:00+00:00,720.2763136,60.28940476,23.69139394,703.3773197,62.01639171,23.36171717,20.37030423,136.1482892,50.56055025,14.41764713,11.52060446
2025-10-22 08:15:00+00:00,742.3655772,60.91230547,23.769,701.7673699,63.15199286,23.52114286,19.66833333,140.2342328,43.45143789,16.10430952,11.58027513
2025-10-22 08:30:00+00:00,738.6348073,60.76984127,23.83863946,709.9930813,62.87289916,23.5,19.0797619,143.6357143,54.84634387,17.32142857,11.63428571
2025-10-22 08:45:00+00:00,758.248189,59.73134921,23.77066667,718.3023192,62.34905634,23.5,18.63390476,146.9805541,57.67112872,18.44229726,11.59777489
2025-10-22 09:00:00+00:00,761.2746561,60.4761877,23.89285714,707.6734063,62.26001367,23.445,18.05416667,151.0677513,52.94569536,19.69037037,11.6822963
2025-10-22 09:15:00+00:00,764.2275132,60.33666667,23.96587302,707.8224185,62.61476386,23.49466667,17.77307692,154.8650128,73.47914855,20.67864017,11.7197482
2025-10-22 09:30:00+00:00,762.2145531,64.7255102,24.06190476,710.9360408,62.86270895,23.56877551,16.90345238,158.741422,88.19224976,21.54601183,11.96556505
2025-10-22 09:45:00+00:00,773.3109558,67.53366699,23.99147619,732.0879845,62.71089863,23.65147619,16.79333333,162.4762393,99.10704722,22.25603175,12.08438095
2025-10-22 10:00:00+00:00,775.3735276,73.60653236,24.12148148,753.7079194,62.00674034,23.6,17.19166667,166.4309772,96.96886927,22.84711538,12.36436092
2025-10-22 10:15:00+00:00,735.9437616,85.40249433,24.02142857,710.9877753,62.54153347,23.57678571,16.91530612,170.0456044,74.46744173,23.23195971,12.6935989
2025-10-22 10:30:00+00:00,687.5984433,79.78277778,23.83483598,672.1083378,61.91460286,23.46666667,17.18,174.4014428,46.85644104,23.57066667,12.437
2025-10-22 10:45:00+00:00,661.3004246,67.85753985,23.79914286,653.7715568,61.64063363,23.45375,17.16088889,178.2952955,35.60195821,23.7,12.43874474
2025-10-22 11:00:00+00:00,668.5998596,67.10793651,23.80793651,673.2429799,61.26350036,23.51238095,17.1,182.5899048,63.31558565,23.7,12.52377778
2025-10-22 11:15:00+00:00,684.4700006,67.75827846,23.87857143,703.8136262,62.25018379,23.61831502,17.1,186.1820918,68.78567743,23.56732601,12.69468735
2025-10-22 11:30:00+00:00,701.1116667,66.22735931,23.92044444,701.3228566,61.19634001,23.7,17.1,190.3941111,53.1435578,23.23744108,12.81534584
2025-10-22 11:45:00+00:00,719.7555584,67.45498445,23.92656349,700.5130999,61.60384321,23.7,17.1,194.4654251,40.17304599,22.7517963,12.74600311
2025-10-22 12:00:00+00:00,715.8416367,66.46794218,23.99115646,683.6474796,61.92649096,23.7,17.1,198.0891703,42.09235138,22.23032468,12.70578231
2025-10-22 12:15:00+00:00,707.1267601,65.26179655,23.97489947,693.574027,62.02412093,23.73083483,17.1,200.9564081,51.85007599,21.65079376,13.14735123
2025-10-22 12:30:00+00:00,702.6107323,62.4580748,23.89466667,695.626856,61.22358974,23.62,17.1,205.7547436,84.20802093,20.56565527,13.33107196
2025-10-22 12:45:00+00:00,685.9535032,62.32068161,23.88355556,672.1562078,62.03542651,23.6,17.1,209.5536151,57.94393578,19.57057937,13.15081986
2025-10-22 13:00:00+00:00,674.1129535,62.29494342,23.83714286,678.4755556,61.73280716,23.6,17.19761905,213.447619,91.23495994,18.41666667,13.4468254
2025-10-22 13:15:00+00:00,665.522936,61.86136364,23.74786325,665.8762238,61.82587413,23.6,16.98012821,216.7552222,73.57354627,17.2595,13.65007407
2025-10-22 13:30:00+00:00,630.5745933,62.54945958,23.85333333,635.0442564,62.55847715,23.5468266,17.0725,220.4405952,73.18014866,15.92348244,13.64964815
2025-10-22 13:45:00+00:00,603.1876353,62.42952999,23.79142857,611.0753983,61.56901927,23.4547619,16.96,223.9589078,32.04253825,14.44323438,13.36452381
2025-10-22 14:00:00+00:00,582.5815641,61.077907,23.65079365,590.4645457,60.02596073,23.35840212,16.99166667,227.4228333,7.666574768,12.88354545,12.99183526
2025-10-22 14:15:00+00:00,567.901203,61.98152727,23.6,575.7026358,61.36275038,23.3,16.34666667,230.9212997,10.70460018,11.19189418,12.9342963
2025-10-22 14:30:00+00:00,556.0505014,63.28018648,23.6,561.4342427,62.96252961,23.26666667,16.87857143,234.2628307,16.40083585,9.486645503,12.95721164
2025-10-22 14:45:00+00:00,546.9721814,59.62753805,23.54285714,551.2809524,59.89004329,23.2,16.25891156,237.2335768,12.86333826,7.895294785,12.77433107
2025-10-22 15:00:00+00:00,540.2955748,61.85883838,23.52,544.1866534,62.04982211,23.17888889,17.144,240.7199162,4.683465221,5.883327635,12.6347319
2025-10-22 15:15:00+00:00,534.3595382,61.80765568,23.47266667,537.0647125,61.27714327,23.1,17.24740741,243.6090787,3.309374991,4.13732906,12.53165079
2025-10-22 15:30:00+00:00,535.1292827,61.40660946,23.43,540.5769439,61.32200264,23.06428571,15.31666667,247.0599008,2.665953152,1.97406746,12.76845238
2025-10-22 15:45:00+00:00,529.8401556,61.45214868,23.4,532.4175924,61.99177316,23.0632381,16.88201058,249.9929367,1.335365967,0.119729992,13.04190476
2025-10-22 16:00:00+00:00,529.7475553,62.91666667,23.4,526.6391724,61.76786917,23.05333333,17.26,252.8626667,0.34409853,-1.742937063,12.92738095
2025-10-22 16:15:00+00:00,524.2136352,61.77195767,23.4,520.3961883,61.51449763,23.0,16.43333333,256.2794435,0.0,-4.025256854,12.97428205
2025-10-22 16:30:00+00:00,520.7692063,61.93609023,23.38482143,518.469898,62.72326531,23.0,16.23607143,259.2484977,0.0,-6.080178571,12.97830782
2025-10-22 16:45:00+00:00,516.6200881,62.03597884,23.25994898,513.9675298,62.60101228,22.90666667,17.2142517,262.3011603,0.0,-8.186187479,12.82725563
2025-10-22 17:00:00+00:00,513.9981236,62.47718074,23.21025641,511.5602071,61.97344026,22.9,16.62211538,265.3319984,0.0,-10.31281644,12.5971088
2025-10-22 17:15:00+00:00,512.5683767,63.51326531,23.2,509.8094103,60.92842711,22.84673469,16.29158163,268.2693452,0.0,-12.39685426,12.68201299
2025-10-22 17:30:00+00:00,510.0736461,62.13342491,23.1,508.1685167,62.11196908,22.8,17.60333333,271.396,0.0,-14.5362037,12.57912169
2025-10-22 17:45:00+00:00,507.2194865,62.36736976,23.1,507.4240244,61.75261549,22.78444444,16.47322222,274.5783203,0.0,-16.73637807,12.5319333
2025-10-22 18:00:00+00:00,505.8952731,61.38373016,23.0,505.4178947,61.8393343,22.7,15.74615385,277.8511395,0.0,-18.94465986,12.2914881
2025-10-22 18:15:00+00:00,504.1972351,61.87515183,23.0,503.8225404,61.58966513,22.66666667,17.96,280.834632,0.0,-20.90656566,11.49793333
2025-10-22 18:30:00+00:00,502.2870513,61.71696072,22.94666667,502.6684309,61.49335098,22.6,16.34063492,284.3058333,0.0,-23.14416667,11.22183333
2025-10-22 18:45:00+00:00,501.8184552,61.76148148,22.9,501.2269615,61.56111111,22.6,17.78650794,287.7873188,0.0,-25.30058763,10.9984188
2025-10-22 19:00:00+00:00,500.3459828,11.95554009,22.9,501.1276321,9.649300334,22.6,15.13852041,291.0228912,0.0,-27.20098443,11.44875268
2025-10-22 19:15:00+00:00,499.3591537,0.0,22.9,500.0744003,0.0,22.5300777,15.26392496,294.4374479,0.0,-29.1370259,11.43250963
2025-10-22 19:30:00+00:00,499.2277778,0.0,22.9,499.4100466,0.0,22.5,15.4,298.2944259,0.0,-31.16683333,11.49056667
2025-10-22 19:45:00+00:00,497.7475649,0.0,22.86428571,498.0909091,0.0,22.5,15.4,302.2412755,0.0,-33.15557823,11.38022676
2025-10-22 20:00:00+00:00,497.6273077,0.0,22.8,498.0606577,0.0,22.5,15.4,305.9605228,0.0,-34.88507071,11.17553805
2025-10-22 20:15:00+00:00,497.5505987,0.0,22.8,498.2244755,0.0,22.5,15.42232143,309.8611719,0.0,-36.54673982,10.95230752
2025-10-22 20:30:00+00:00,496.9903704,0.0,22.8,497.2922807,0.0,22.40866667,15.52,314.4125926,0.0,-38.28895238,11.15390741
2025-10-22 20:45:00+00:00,495.6718652,0.0,22.8,496.2495127,0.0,22.4,15.67785714,318.114026,0.0,-39.54805195,10.99796703
2025-10-22 21:00:00+00:00,495.0001137,0.0,22.706,494.8518784,0.0,22.4,15.74666667,322.5332227,0.0,-40.92592593,10.97984656
2025-10-22 21:15:00+00:00,493.5924401,0.0,22.7,494.2707545,0.0,22.4,15.88380952,327.8204274,0.0,-42.40168091,10.80923077
2025-10-22 21:30:00+00:00,493.8936969,0.0,22.7,493.1421594,0.0,22.4,15.90089286,332.5434903,0.0,-43.47377028,10.40399843
2025-10-22 21:45:00+00:00,493.0315079,0.0,22.7,493.2190706,0.0,22.4,16.0,337.1523217,0.0,-44.37379894,10.42001852
2025-10-22 22:00:00+00:00,492.3604573,0.0,22.66666667,491.8889778,0.0,22.35111111,16.00266667,341.7459191,0.0,-45.07010101,9.914710919
2025-10-22 22:15:00+00:00,490.5024378,0.0,22.6,490.7946642,0.0,22.3,16.1,347.6054798,0.0,-45.73092593,9.706578755
2025-10-22 22:30:00+00:00,490.7721088,0.0,22.6,490.0,0.0,22.3,16.1,352.29375,0.0,-46.08040816,9.397045455
2025-10-22 22:45:00+00:00,489.5179704,0.0,22.6,489.5352571,0.0,22.3,16.1,285.7875952,0.0,-46.29333333,9.092614959
2025-10-22 23:00:00+00:00,488.9444818,0.0,22.6,489.2288889,0.0,22.3,16.1,3.396804714,0.0,-46.29530303,9.100333333
2025-10-22 23:15:00+00:00,487.3589466,0.0,22.6,487.8118227,0.0,22.3,16.08452381,8.568758503,0.0,-46.07321429,8.944571429
2025-10-22 23:30:00+00:00,487.0366013,0.0,22.6,487.6275439,0.0,22.3,16.0,13.59440476,0.0,-45.71634921,8.928441558
2025-10-22 23:45:00+00:00,487.2488889,0.0,22.6,486.930938,0.0,22.3,15.93644444,18.3822619,0.0,-45.14261905,8.644634921
2025-10-23 00:00:00+00:00,486.0057018,0.0,22.6,484.682107,0.0,22.3,15.9,23.76702646,0.0,-44.35722751,8.656363636
2025-10-23 00:15:00+00:00,485.3202948,0.0,22.6,484.4002852,0.0,22.3,15.84761905,28.55126855,0.0,-43.38424165,8.500198413
2025-10-23 00:30:00+00:00,483.9480005,0.0,22.6,484.1461279,0.0,22.3,15.77111111,33.20091126,0.0,-42.34515152,8.544325008
2025-10-23 00:45:00+00:00,483.5521598,0.0,22.6,483.7160891,0.0,22.3,15.7,38.12260506,0.0,-41.02883381,8.858800385
2025-10-23 01:00:00+00:00,481.8422415,0.0,22.6,482.4090755,0.0,22.3,15.58,41.84916667,0.0,-39.88,8.725
2025-10-23 01:15:00+00:00,481.3675385,0.0,22.6,482.1250883,0.0,22.3,15.41948696,46.07099337,0.0,-38.39569728,8.879643494
2025-10-23 01:30:00+00:00,480.6046795,0.0,22.6,481.3919103,0.0,22.24666667,15.32055556,50.54407407,0.0,-36.63453704,8.754074074
2025-10-23 01:45:00+00:00,480.530408,0.0,22.6,480.5122293,0.0,22.2,15.2,54.79548581,0.0,-34.83395503,8.867333333
2025-10-23 02:00:00+00:00,479.0722912,0.0,22.57619048,479.2265878,0.0,22.2,15.06428571,58.72209184,0.0,-33.00712383,9.067117327
2025-10-23 02:15:00+00:00,477.7000916,0.0,22.5,477.5292714,0.0,22.2,14.99285714,62.0091453,0.0,-31.36384282,9.238903097
2025-10-23 02:30:00+00:00,477.4026883,0.0,22.5,476.1884444,0.0,22.2,14.9,66.21607407,0.0,-29.1642619,9.405619048
2025-10-23 02:45:00+00:00,476.7680349,0.0,22.5,476.3461754,0.0,22.2,14.8,69.76234728,0.0,-27.14640885,10.20966667
2025-10-23 03:00:00+00:00,475.7959559,0.0,22.5,476.0106279,0.0,22.2,14.7,73.15586683,0.0,-25.13809524,10.13289116
2025-10-23 03:15:00+00:00,472.7944623,47.23333333,22.65111111,477.3636364,50.0990676,22.2,16.12222222,76.41202862,0.0,-23.06761785,11.97169697
2025-10-23 03:30:00+00:00,475.7641271,63.75369911,22.66309524,482.3820981,67.64865591,22.2,19.02357143,79.47246753,0.0,-21.14199134,11.97893506
2025-10-23 03:45:00+00:00,481.2925926,63.46369832,22.5,487.6719874,67.33202936,22.2,17.62193651,82.97746032,0.0,-18.8175,11.95642963
2025-10-23 04:00:00+00:00,485.5494505,64.28081232,22.5,492.1223521,67.28053966,22.2,17.52267857,86.13710034,0.0,-16.69868481,11.50852608
2025-10-23 04:15:00+00:00,489.5450926,63.16541311,22.5,495.5222222,67.67111111,22.10714286,17.38741497,89.21896705,0.0,-14.54318422,11.47468661
2025-10-23 04:30:00+00:00,492.4736579,64.08724627,22.5,498.8258208,67.58371604,22.1,17.31333333,91.78943939,0.0,-12.78343098,11.45691725
2025-10-23 04:45:00+00:00,498.5994432,63.58266178,22.44206349,500.9363636,67.62420468,22.1,17.25333333,95.41772901,0.0,-10.24558619,11.7393315
2025-10-23 05:00:00+00:00,502.9137644,63.08499435,22.47902494,504.6422262,67.63117826,22.06547619,17.11428571,98.42976648,0.0,-8.130483713,11.64878598
2025-10-23 05:15:00+00:00,516.3682109,63.15902468,22.45297619,515.3099891,67.32606688,22.10013228,17.1,101.5115106,0.0,-6.015695767,11.70295238
2025-10-23 05:30:00+00:00,525.6541533,62.8436021,22.51346154,527.4779146,66.86923077,22.2,17.04709957,104.419,0.012727273,-3.991888889,11.92242222
2025-10-23 05:45:00+00:00,546.7082702,61.93180272,22.50280612,545.3461383,65.94568844,22.15,17.05714286,107.6110799,0.389261271,-1.863988095,12.2514881
2025-10-23 06:00:00+00:00,589.5339692,63.44158386,22.61155556,578.3933162,66.67562803,22.18111111,17.15688889,110.531062,1.950632368,0.027535354,12.6885755
2025-10-23 06:15:00+00:00,601.3376034,63.67080688,22.80095238,620.0647732,67.18247752,22.31956349,17.13666667,113.7645,4.902786106,2.001532357,12.80420528
2025-10-23 06:30:00+00:00,637.4250125,62.93631691,22.83104762,638.4008964,66.10260836,22.52433862,16.875,116.7731481,5.827194117,3.881851852,12.7906
2025-10-23 06:45:00+00:00,675.0706752,62.41440773,22.85642857,675.8512897,61.11378283,22.57298753,17.20095238,120.1070578,9.816105894,5.91494898,12.77028073
2025-10-23 07:00:00+00:00,698.0654028,63.09256883,23.00133333,710.5775658,61.54214909,22.64666667,16.90388889,123.3191654,13.06173053,7.701794872,13.08407809
2025-10-23 07:15:00+00:00,719.7654637,63.37903023,22.99950397,748.5638116,60.28753816,22.73705916,16.86597222,126.3590034,15.16624006,9.336060606,13.21747786
2025-10-23 07:30:00+00:00,746.9199495,62.479667,23.22666667,733.5800791,60.37965493,22.86666667,17.22,130.1033889,12.31077176,11.22339683,13.3751746
2025-10-23 07:45:00+00:00,760.8831169,61.63690476,23.19761905,732.3666667,58.63333333,23.05357143,16.88974359,133.3833759,7.965762987,12.80151644,13.44867347
2025-10-23 08:00:00+00:00,808.1758333,81.60666667,23.32016667,832.2841439,120.6816134,23.02857143,17.03566667,136.8384901,8.159539012,14.34107407,13.48271044
2025-10-23 08:15:00+00:00,796.1672487,78.68192641,23.34666667,828.2460373,122.7549184,23.13333333,16.8,140.3809435,30.21385724,15.74940228,13.6891063
2025-10-23 08:30:00+00:00,779.7350289,61.90164399,23.41734694,803.7948385,92.05268541,23.21642857,16.87222222,143.6561224,67.5590154,16.98067602,13.9310119
2025-10-23 08:45:00+00:00,779.8442735,62.39424723,23.47933333,830.6801709,114.493481,23.3,17.06904762,147.4767778,56.10193462,18.25765385,14.05797037
2025-10-23 09:00:00+00:00,791.4155054,60.2478355,23.47787879,857.5691961,138.5435055,23.38564103,17.1,150.9869444,66.64411152,19.32815873,14.01758364
2025-10-23 09:15:00+00:00,776.033584,62.4587013,23.58,787.68151,80.07842105,23.25285714,17.1,155.1441746,64.26911748,20.39050794,14.14796633
2025-10-23 09:30:00+00:00,768.7936036,65.36714853,23.52777778,781.6802897,79.60129213,23.2,17.1,158.4630102,77.7815232,21.11911139,14.29295343
2025-10-23 09:45:00+00:00,720.597038,66.12318681,23.54615385,707.0350736,60.55480457,23.12059524,17.2,162.7184435,140.6579648,21.92553006,14.47799424
2025-10-23 10:00:00+00:00,695.9581601,66.6907991,23.42222222,688.3647927,61.06036245,23.19666667,17.08581481,166.0324461,133.4794221,22.44901099,14.62667399
2025-10-23 10:15:00+00:00,690.7851496,65.90181818,23.64666667,701.8359829,60.95518926,23.18666667,16.90666667,170.7224892,109.727814,22.96732323,14.85695
2025-10-23 10:30:00+00:00,707.8077847,65.56785714,23.69142857,764.6277589,62.57823129,23.36887755,17.1,174.3491549,93.14546076,23.21968698,14.79834609
2025-10-23 10:45:00+00:00,748.6889929,66.21877289,23.82888889,757.8597769,71.60938117,23.57873016,17.1,178.2792121,110.3547144,23.38,14.85554545
2025-10-23 11:00:00+00:00,775.98438,66.609614,24.00177778,760.1136364,71.92007576,23.61555556,17.1,182.6572804,79.39843706,23.34592593,14.96671958
2025-10-23 11:15:00+00:00,811.3585338,93.08291361,23.96784014,854.9993088,135.8836918,23.59285714,17.05238095,186.4997106,50.57326959,23.17785714,14.74697382
2025-10-23 11:30:00+00:00,813.1639562,103.5733333,23.82222222,826.2666667,138.547037,23.43428571,16.76111111,190.2762698,27.96717582,22.89537037,14.26611111
2025-10-23 11:45:00+00:00,802.9841608,88.15060606,23.795,776.3487179,74.35384615,23.37333333,16.84,194.5109913,29.67553042,22.39222222,13.80380014
2025-10-23 12:00:00+00:00,778.0727417,75.43481481,23.92933333,740.4172142,64.45033918,23.47866667,16.945,198.1038761,24.77080958,21.82742857,13.59087665
2025-10-23 12:15:00+00:00,777.2598994,73.38723429,23.98428571,721.5919211,64.87428515,23.5,16.81452381,202.1512637,22.83930921,21.05342491,13.54403929
2025-10-23 12:30:00+00:00,808.959596,89.44642857,23.99066667,736.1327928,65.04193386,23.44666667,16.8,205.9432804,27.66542222,20.18012698,13.50570467
2025-10-23 12:45:00+00:00,806.4975926,105.7413757,24.0437037,805.356154,86.69270085,23.60627778,16.92111111,209.7141667,27.18263868,19.17333333,13.598
2025-10-23 13:00:00+00:00,790.4551251,103.7035256,23.91428571,851.4795117,142.8391508,23.66746032,17.0,213.2581099,24.17978929,18.07201144,13.57453154
2025-10-23 13:15:00+00:00,754.2815741,95.77365079,23.89333333,845.3132446,129.2488792,23.64438095,17.06666667,216.9323228,19.79905025,16.83039153,13.71250053
2025-10-23 13:30:00+00:00,735.6237464,85.53835979,23.89333333,842.5831715,119.8383037,23.61777778,17.1,220.5434168,17.60742316,15.47227633,13.66819206
2025-10-23 13:45:00+00:00,698.65,69.96626984,23.77708333,792.567094,87.40169976,23.64166667,17.1,224.0914103,13.49456314,14.01794872,13.48983476
2025-10-23 14:00:00+00:00,659.0393119,62.25416667,23.88571429,712.5344449,61.77550657,23.59778912,17.17142857,227.438022,11.23256966,12.49693878,13.7507381
2025-10-23 14:15:00+00:00,650.300921,62.14545455,23.79733333,696.9612217,60.15985851,23.6,17.01119048,230.8397037,7.938571864,10.85861905,13.16887778
2025-10-23 14:30:00+00:00,620.8228337,62.67169238,23.7,666.7632568,61.41889541,23.52565079,16.88247619,233.8470899,3.846697849,9.329227513,12.73486919
2025-10-23 14:45:00+00:00,605.9974506,62.7377501,23.55959184,655.7536975,60.11578704,23.3968254,16.94464286,237.3450368,2.088136566,7.409685374,13.25901786
2025-10-23 15:00:00+00:00,594.5119557,58.71987087,23.53696296,653.3023652,63.43558062,23.27277778,17.58666667,240.6024444,1.739715995,5.530972222,12.54304524
2025-10-23 15:15:00+00:00,592.0454129,60.40251323,23.5,643.5037668,63.43833436,23.14185185,16.21866667,243.5458535,1.576884781,3.759142857,11.7337068
2025-10-23 15:30:00+00:00,578.6291667,61.03402597,23.5,608.9671795,58.30431929,23.1,16.991,247.0011821,0.34155123,1.610737374,12.36127232
2025-10-23 15:45:00+00:00,571.2817384,61.04395604,23.4525,592.4779412,60.06063785,23.0546627,16.56428571,250.0429241,0.106933519,-0.301702742,12.5255184
2025-10-23 16:00:00+00:00,565.2635506,61.10149676,23.39533333,578.7766596,60.45522064,22.89097619,16.41507937,252.9686816,0.006083787,-2.227466571,12.62332507
2025-10-23 16:15:00+00:00,556.7812179,60.87703704,23.4,567.4672439,60.05775336,22.84666667,17.24355556,256.0960741,0.0,-4.332804233,12.82935185
2025-10-23 16:30:00+00:00,547.4797746,62.18154762,23.36071429,554.1311852,60.29897436,22.89285714,16.23911565,258.9199546,0.0,-6.267346939,12.75469388
2025-10-23 16:45:00+00:00,538.2390741,61.67312169,23.27333333,542.4131898,63.15338802,22.8,17.21416667,262.1586489,0.0,-8.521978115,12.96712796
2025-10-23 17:00:00+00:00,531.7970993,60.98692758,23.2,534.7512634,64.315,22.78833333,16.48685714,265.2514991,0.0,-10.6843597,12.94284682
2025-10-23 17:15:00+00:00,527.308185,61.67090983,23.2,527.8404103,64.0484901,22.7,16.0112381,268.1461818,0.0,-12.72727273,12.60131313
2025-10-23 17:30:00+00:00,521.6577708,61.17039638,23.13151927,521.9305831,63.40105055,22.67857143,17.51191043,271.212451,0.0,-14.83718563,12.59000046
2025-10-23 17:45:00+00:00,517.8132284,61.50594914,23.05933333,517.3083811,63.54646606,22.6,16.26311111,274.4247761,0.0,-17.06006734,12.765
2025-10-23 18:00:00+00:00,513.8738851,61.98068494,23.0,513.9411197,63.91423011,22.6,17.20630314,277.6841026,0.0,-19.27496991,13.05711275
2025-10-23 18:15:00+00:00,510.1588359,60.99353742,22.92,510.4146051,63.2841871,22.6,17.45512821,280.8753401,0.0,-21.38877551,13.08095238
2025-10-23 18:30:00+00:00,507.9936508,61.40544695,22.88266667,508.1852282,63.47154238,22.57825397,16.61444444,284.2122342,0.0,-23.49660774,13.41728427
2025-10-23 18:45:00+00:00,505.9212602,60.54029101,22.85277778,506.2696332,64.38965677,22.5,17.51166667,287.3706667,0.0,-25.48266138,13.61023838
2025-10-23 19:00:00+00:00,504.3068384,10.72948718,22.8,504.4171093,9.843965398,22.5,15.81285714,290.3407851,0.0,-27.237295,12.87634188
2025-10-23 19:15:00+00:00,504.657148,0.0,22.8,504.1007906,0.0,22.48244898,16.21460678,293.3380353,0.0,-28.97875125,12.47851663
2025-10-23 19:30:00+00:00,502.1684656,0.0,22.8,503.5146542,0.0,22.4,16.48666667,298.1508651,0.0,-31.54036508,12.36950758
2025-10-23 19:45:00+00:00,501.0471212,0.0,22.8,502.9660642,0.0,22.4,16.62,302.1458225,0.0,-33.51376984,12.62390909
2025-10-23 20:00:00+00:00,500.3884712,0.0,22.8,502.9799317,0.0,22.4,16.7,305.8996599,0.0,-35.25595238,12.52897959
2025-10-23 20:15:00+00:00,500.8923891,0.0,22.7662381,501.8681475,0.0,22.4,16.74666667,309.7375941,0.0,-36.8783456,12.49041667
2025-10-23 20:30:00+00:00,499.3261953,0.0,22.7,499.7721321,0.0,22.4,16.80666667,314.1565397,0.0,-38.57449735,12.50695238
2025-10-23 20:45:00+00:00,498.5816327,0.0,22.7,499.6095467,0.0,22.32755102,16.9,318.4054422,0.0,-40.05966837,12.5
2025-10-23 21:00:00+00:00,498.4368478,0.0,22.7,498.5452381,0.0,22.3,16.96517857,322.7109461,0.0,-41.40552357,12.5
2025-10-23 21:15:00+00:00,497.3491408,0.0,22.67333333,498.0266667,0.0,22.3,17.0,327.2104233,0.0,-42.59619048,12.43685185
2025-10-23 21:30:00+00:00,497.2480003,0.0,22.69333333,497.3722671,0.0,22.3,17.0,332.3974762,0.0,-43.82883598,12.47293651
2025-10-23 21:45:00+00:00,496.1090334,0.0,22.6,497.0169245,0.0,22.3,17.0,337.4420689,0.0,-44.7612013,12.30580357
2025-10-23 22:00:00+00:00,494.7486216,0.0,22.6,496.6722481,0.0,22.3,16.91777778,342.1368519,0.0,-45.45333333,12.38333333
2025-10-23 22:15:00+00:00,494.3407407,0.0,22.6,494.934221,0.0,22.3,16.9,346.8044444,0.0,-46.02044444,12.32866667
2025-10-23 22:30:00+00:00,494.2873533,0.0,22.6,494.1772576,0.0,22.3,16.9,352.7153649,0.0,-46.49556638,12.18223016
2025-10-23 22:45:00+00:00,494.1437313,0.0,22.6,492.4500269,0.0,22.23047619,16.9,342.0946591,0.0,-46.68214286,12.10185714
2025-10-23 23:00:00+00:00,492.7777778,0.0,22.6,493.2350877,0.0,22.2,16.9,3.394666667,0.0,-46.66666667,11.97333333
2025-10-23 23:15:00+00:00,491.3097643,0.0,22.6,492.2349158,0.0,22.2,16.9,8.794166667,0.0,-46.45202381,11.9
2025-10-23 23:30:00+00:00,491.5595238,0.0,22.59692308,492.0786114,0.0,22.2,16.9,13.88784271,0.0,-46.02163265,11.92857143
2025-10-23 23:45:00+00:00,490.5871184,0.0,22.5,490.9257476,0.0,22.2,16.93288889,18.79135859,0.0,-45.48903704,11.89333333
2025-10-24 00:00:00+00:00,489.650537,0.0,22.5,489.4057736,0.0,22.2,17.0,23.93587302,0.0,-44.66380952,11.798
2025-10-24 00:15:00+00:00,488.4720063,0.0,22.5,489.3738577,0.0,22.2,17.0,29.03382492,0.0,-43.6788254,11.79393095
2025-10-24 00:30:00+00:00,488.5775677,0.0,22.5,488.6558087,0.0,22.2,17.0,33.45953025,0.0,-42.63364719,11.70128329
2025-10-24 00:45:00+00:00,487.4861472,0.0,22.5,487.926489,0.0,22.2,17.0,37.525,0.0,-41.54416667,11.60566667
2025-10-24 01:00:00+00:00,485.5611772,0.0,22.5,487.5263858,0.0,22.11777778,17.0,42.56649206,0.0,-39.97330159,11.77433849
2025-10-24 01:15:00+00:00,484.7448553,0.0,22.5,485.5256379,0.0,22.1,17.03846154,47.01255102,0.0,-38.41717687,11.82559524
2025-10-24 01:30:00+00:00,484.3796134,0.0,22.5,485.7300584,0.0,22.1,17.1,51.06393013,0.0,-36.80832828,11.57724892
2025-10-24 01:45:00+00:00,483.9576201,0.0,22.41428571,484.6490058,0.0,22.1,17.1,55.30261905,0.0,-35.00869048,11.50038095
2025-10-24 02:00:00+00:00,483.2256061,0.0,22.4,483.9914415,0.0,22.1,17.1,58.8115,0.0,-33.38869048,11.5
2025-10-24 02:15:00+00:00,482.4718619,0.0,22.4,482.9007523,0.0,22.1,17.1,62.49195527,0.0,-31.54090007,11.5
2025-10-24 02:30:00+00:00,481.4346484,0.0,22.4,482.4321976,0.0,22.1,17.1,65.54687179,0.0,-29.89422222,11.48
2025-10-24 02:45:00+00:00,481.8688889,0.0,22.4,481.0845484,0.0,22.1,17.1,69.78380952,0.0,-27.52607143,11.36666667
2025-10-24 03:00:00+00:00,479.9281537,9.231788549,22.4,479.6274025,8.946825397,22.06746032,16.80238095,72.85571429,0.0,-25.7393424,11.34091071
2025-10-24 03:15:00+00:00,475.8766322,59.12459826,22.4,480.6225946,61.1294733,22.1,17.54222222,76.55079365,0.0,-23.40031746,12.59980556
2025-10-24 03:30:00+00:00,475.8857522,62.94711034,22.4,481.3729,62.83619501,22.09333333,18.44428571,79.68466522,0.0,-21.39792304,12.11130255
2025-10-24 03:45:00+00:00,476.4846491,63.94443313,22.43466667,480.4816667,63.52972222,22.0,18.0345,83.23250749,0.0,-19.05873064,11.77901587
2025-10-24 04:00:00+00:00,478.5383145,63.07244898,22.32857143,480.7814595,63.09416217,22.0,17.7660856,86.21061224,0.0,-17.0255102,11.68809524
2025-10-24 04:15:00+00:00,478.8911577,62.965852,22.3,481.4788095,62.69299507,22.0,17.74148148,89.15977778,0.0,-15.0137037,11.69314286
2025-10-24 04:30:00+00:00,478.9147475,62.60161783,22.37857143,482.3850458,62.82952504,21.95714286,17.88571429,92.60907937,0.0,-12.65114286,11.3881746
2025-10-24 04:45:00+00:00,478.9257874,61.45262575,22.2922619,481.811018,62.05302721,21.9,17.96428571,95.56790816,0.0,-10.57839002,11.14045635
2025-10-24 05:00:00+00:00,480.5591402,61.79949417,22.2387619,485.6422781,63.44214456,21.855,17.83777778,98.56111111,0.0,-8.491633987,11.02666667
2025-10-24 05:15:00+00:00,489.8350886,62.7060114,22.37666667,491.6116667,61.43976431,21.91333333,17.8,101.8220476,0.0,-6.23765873,11.08381746
2025-10-24 05:30:00+00:00,503.1344597,61.56326095,22.31043771,507.0532064,63.31293392,22.0,17.76666667,104.5874127,0.018941177,-4.316468143,11.26348918
2025-10-24 05:45:00+00:00,535.0719598,61.85524892,22.45380952,523.043032,63.73036963,21.97894558,17.67857143,107.8881378,0.468191661,-2.108503401,11.12221939
2025-10-24 06:00:00+00:00,532.8734046,62.55648148,22.4,545.066908,62.5475,22.0580303,17.82291667,110.923082,1.867273703,-0.127518519,10.72621897
2025-10-24 06:15:00+00:00,545.8232784,61.59228114,22.42291667,578.7448523,62.60468324,22.24446323,17.92307692,114.114,3.826861009,1.831690476,10.84619048
2025-10-24 06:30:00+00:00,564.4982993,63.0,22.5,587.5767625,63.99304267,22.22142857,18.0,117.0666667,7.31917517,3.661904762,11.09857143
2025-10-24 06:45:00+00:00,581.7737226,61.57389699,22.64253968,610.6105134,62.82634767,22.34111111,17.77333333,120.312189,12.26260535,5.587111111,11.15392015
2025-10-24 07:00:00+00:00,591.4312468,62.53421637,22.54055556,626.9208781,63.21559234,22.4905,17.69888889,123.4539827,19.45989203,7.362597403,11.41614286
2025-10-24 07:15:00+00:00,598.5317024,62.14538308,22.57777778,640.6286984,63.44640972,22.56452381,17.41055556,126.6347778,28.40863276,9.099936508,11.47541667
2025-10-24 07:30:00+00:00,599.3080739,61.32653061,22.72948718,639.097335,63.35379245,22.49591837,17.45538462,130.1465368,28.89938038,10.8740404,10.98289683
2025-10-24 07:45:00+00:00,597.2453968,61.41538462,22.7322963,627.3261616,63.39346914,22.5,17.3,133.3366263,42.39203943,12.38681481,11.00772222
2025-10-24 08:00:00+00:00,588.9456723,62.3689163,22.6588254,612.0166334,63.42281726,22.50764791,17.3,136.6121108,88.91305865,13.82890029,11.27759398
2025-10-24 08:15:00+00:00,594.3082365,61.91693465,22.79761905,612.1723577,63.42480159,22.48030303,17.3,140.2906581,57.91535909,15.34172157,11.53120255
2025-10-24 08:30:00+00:00,601.4446248,61.976115,22.75166667,620.3477849,63.26544584,22.6,16.985,143.8477778,59.04036905,16.67601852,12.03674074
2025-10-24 08:45:00+00:00,605.5131494,62.0042328,22.84861111,622.1727322,63.70770092,22.67333333,17.1,147.5590741,93.7500616,17.91916667,12.153
2025-10-24 09:00:00+00:00,608.9165812,61.63690476,22.87495238,629.7282474,63.33920524,22.67333333,16.86,151.2788889,64.60281274,19.00333333,12.22769231
2025-10-24 09:15:00+00:00,607.9109307,61.30187848,22.94285714,639.7954803,63.93722944,22.75714286,16.8,155.0771684,83.72653258,20.00918367,12.27278912
2025-10-24 09:30:00+00:00,611.2760943,62.90337163,22.91964286,636.4907814,64.17703297,22.8,16.85714286,158.9855238,129.1720118,20.89809524,12.60528571
2025-10-24 09:45:00+00:00,616.8398517,62.24712963,23.04333333,642.5713062,63.39859696,22.82,17.1,162.7010952,86.88717706,21.5757037,12.66493943
2025-10-24 10:00:00+00:00,630.1429322,61.41846072,22.97857143,654.9880946,61.73066375,22.84285714,17.1,166.6926533,96.18706953,22.17443955,12.70738636
2025-10-24 10:15:00+00:00,633.8830654,62.37061983,23.05111111,654.7537129,63.23283991,22.84,17.1,170.5872009,88.63039104,22.57448718,12.45175387
2025-10-24 10:30:00+00:00,629.9708212,62.12452381,23.1,625.9698033,64.50653908,22.72166667,17.1,174.6924127,116.6115377,22.88666667,12.39913492
2025-10-24 10:45:00+00:00,606.5807673,60.561643,23.1,601.0696873,62.5801386,22.62380952,17.1,178.3795238,97.89399058,23.0,12.76103175
2025-10-24 11:00:00+00:00,598.7075397,60.98351648,23.1,602.2900389,62.64210789,22.72857143,17.16904762,182.5771429,74.17692474,22.99285714,12.85725
2025-10-24 11:15:00+00:00,595.6594266,62.70524291,23.11822222,617.2305668,64.94437247,22.79322751,17.12564103,186.4600308,88.55771113,22.84018254,12.75504394
2025-10-24 11:30:00+00:00,596.4447552,62.98530702,23.1,630.428642,64.00957265,22.76111111,17.21833333,190.3949623,148.8747455,22.52781746,12.71168031
2025-10-24 11:45:00+00:00,595.61066,62.07555556,23.1,641.1727453,63.86528442,22.68518519,17.0,194.459572,89.38618891,22.0406746,12.89677182
2025-10-24 12:00:00+00:00,592.3570272,62.16255191,23.1,618.2407573,62.61733954,22.72698413,16.89107143,198.0799624,90.95259956,21.5113826,12.82409209
2025-10-24 12:15:00+00:00,596.5301335,61.6042735,22.97968254,601.4612114,63.0024165,22.7,17.1,202.0182143,98.39114317,20.73575397,12.45664286
2025-10-24 12:30:00+00:00,586.0219529,62.50382155,22.99055556,593.7621279,63.0986936,22.69333333,17.1,205.999881,61.41771929,19.81289683,12.52008333
2025-10-24 12:45:00+00:00,564.8275851,62.07691885,23.0,576.7698297,63.21579901,22.6,17.1,209.4430697,58.16392734,18.89779762,12.43884666
2025-10-24 13:00:00+00:00,545.8432937,63.11154303,23.0,555.4669082,62.85479853,22.6,17.1,212.974936,120.6689561,17.8100404,12.29242929
2025-10-24 13:15:00+00:00,532.3590498,62.55252137,22.96583333,539.0346801,62.57179059,22.6,17.09622222,216.8731984,54.74346447,16.48603175,12.05405556
2025-10-24 13:30:00+00:00,521.395184,62.47301587,22.9,527.2321051,62.75024651,22.6,17.10333333,220.1328139,35.03958057,15.23490909,11.99741991
2025-10-24 13:45:00+00:00,513.8738095,62.5211146,22.84487179,519.9342532,62.88744589,22.52571429,17.11153846,223.9991156,27.59664993,13.65510204,11.54693878
2025-10-24 14:00:00+00:00,507.2750596,10.22,22.83608466,513.2561684,11.21856725,22.5,17.39511111,227.2159127,26.0958627,12.2043254,10.97346337
2025-10-24 14:15:00+00:00,507.0425,0.0,22.8,512.098547,0.0,22.43555556,17.68571429,230.8185185,27.21838204,10.47914815,10.32645926
2025-10-24 14:30:00+00:00,507.0296068,0.0,22.8,510.3037474,0.0,22.4,17.8,233.9146825,10.39822134,8.893027211,10.1247619
2025-10-24 14:45:00+00:00,506.7597328,0.0,22.8,509.0168866,0.0,22.4,17.8,236.9027778,11.47470427,7.237584416,9.977077441
2025-10-24 15:00:00+00:00,506.5083821,0.0,22.8,508.9963154,0.0,22.4,17.8,240.0499894,10.1205487,5.449092593,9.87537037
2025-10-24 15:15:00+00:00,506.1003684,0.0,22.73377778,507.9417544,0.0,22.39320635,17.8,243.3911905,5.17562638,3.457380952,9.826666667
2025-10-24 15:30:00+00:00,506.3455682,0.0,22.7,506.6697704,0.0,22.30867347,17.8,246.896958,2.670956826,1.274107143,9.857142857
2025-10-24 15:45:00+00:00,505.7957247,0.0,22.7,506.4739394,0.0,22.3,17.8,249.8127273,0.98130873,-0.501673401,9.8
2025-10-24 16:00:00+00:00,504.1379775,0.0,22.687,505.8507905,0.0,22.3,17.8,252.4920455,0.272727273,-2.272727273,9.845454546
2025-10-24 16:15:00+00:00,504.856184,0.0,22.6,505.2787122,0.0,22.3,17.8,256.0193939,0.0,-4.713333333,9.814545455
2025-10-24 16:30:00+00:00,503.2673104,0.0,22.6,503.6028588,0.0,22.3,17.8,258.8363946,0.0,-6.64744898,9.65
2025-10-24 16:45:00+00:00,502.9403595,0.0,22.6,502.581553,0.0,22.2360896,17.8,261.0692352,0.0,-8.198960064,9.606688095
2025-10-24 17:00:00+00:00,502.4754727,0.0,22.6,502.2428838,0.0,22.2,17.75714286,264.9828254,0.0,-10.8967619,9.629238095
2025-10-24 17:15:00+00:00,500.2749278,0.0,22.6,503.3454424,0.0,22.2,17.7,267.84764,0.0,-12.93979592,9.794834184
2025-10-24 17:30:00+00:00,501.0479745,0.0,22.50673077,501.4475758,0.0,22.2,17.7,271.2013485,0.0,-15.28991486,9.897375
2025-10-24 17:45:00+00:00,499.1240741,0.0,22.5,501.0655333,0.0,22.2,17.7,274.3996522,0.0,-17.44524868,9.727290473
2025-10-24 18:00:00+00:00,498.5080515,0.0,22.5,500.1976743,0.0,22.2,17.7,277.7340152,0.0,-19.70611111,9.566296296
2025-10-24 18:15:00+00:00,498.1209736,0.0,22.5,499.2910361,0.0,22.12261905,17.7,280.7145791,0.0,-21.69878827,9.599837662
2025-10-24 18:30:00+00:00,498.0179313,0.0,22.47833333,498.0833211,0.0,22.1,17.67333333,284.0018081,0.0,-23.79963636,9.635833333
2025-10-24 18:45:00+00:00,496.4196174,0.0,22.41,497.9008772,0.0,22.1,17.6,287.937377,0.0,-26.23585317,9.807717415
2025-10-24 19:00:00+00:00,495.6222282,0.0,22.4,496.4193116,0.0,22.1,17.6,290.978026,0.0,-28.02747571,9.780484849
2025-10-24 19:15:00+00:00,494.8196429,0.0,22.4,496.2154605,0.0,22.1,17.6,294.4060714,0.0,-29.91158321,9.865670168
2025-10-24 19:30:00+00:00,493.4027898,0.0,22.4,495.0750823,0.0,22.1,17.6,298.0106162,0.0,-31.85856061,9.871638889
2025-10-24 19:45:00+00:00,492.9939394,0.0,22.4,494.7338854,0.0,22.1,17.6,301.817088,0.0,-33.76162626,9.842707143
2025-10-24 20:00:00+00:00,492.7304716,0.0,22.4,492.780533,0.0,22.1,17.6,305.4736271,0.0,-35.44388829,9.9
2025-10-24 20:15:00+00:00,490.9297138,0.0,22.4,491.7075812,0.0,22.0472381,17.59333333,309.6793333,0.0,-37.24074074,9.857478788
2025-10-24 20:30:00+00:00,490.4173016,0.0,22.4,491.1528822,0.0,22.0,17.5,314.0470476,0.0,-38.92314815,9.760244444
2025-10-24 20:45:00+00:00,489.7195946,0.0,22.4,490.688322,0.0,22.0,17.5,318.3407407,0.0,-40.41407407,9.727037037
2025-10-24 21:00:00+00:00,489.5452572,0.0,22.4,490.4416952,0.0,22.0,17.5,322.917105,0.0,-41.83106112,9.668551587
2025-10-24 21:15:00+00:00,487.9686504,0.0,22.4,489.2563376,0.0,22.0,17.5,327.4245563,0.0,-43.02549134,9.5995
2025-10-24 21:30:00+00:00,486.9454312,0.0,22.4,488.4357893,0.0,22.0,17.5,332.3857672,0.0,-44.17435979,9.482055027
2025-10-24 21:45:00+00:00,486.2170181,0.0,22.4,487.5423499,0.0,22.0,17.5,337.4817302,0.0,-45.12685714,9.412111111
2025-10-24 22:00:00+00:00,485.0918367,0.0,22.4,485.9628728,0.0,22.0,17.5,342.5027296,0.0,-45.89428571,9.393392857
2025-10-24 22:15:00+00:00,484.4680299,0.0,22.4,485.1678347,0.0,22.0,17.5,347.4457407,0.0,-46.42793122,9.496666667
2025-10-24 22:30:00+00:00,484.5746411,0.0,22.4,485.2096825,0.0,22.0,17.5,352.9700981,0.0,-46.82964286,9.382814286
2025-10-24 22:45:00+00:00,483.2743441,0.0,22.4,484.7275886,0.0,21.95714286,17.5,263.5953892,0.0,-47.0,9.28729244
2025-10-24 23:00:00+00:00,482.6831148,0.0,22.4,483.1065236,0.0,21.9,17.5,3.309822751,0.0,-46.99777778,9.233333333
2025-10-24 23:15:00+00:00,480.2898718,0.0,22.4,482.3438073,0.0,21.9,17.4,8.545833333,0.0,-46.77934343,9.1346
2025-10-24 23:30:00+00:00,479.4144453,0.0,22.4,482.1960173,0.0,21.9,17.4,13.73296825,0.0,-46.3957328,9.100685714
2025-10-24 23:45:00+00:00,479.2404401,0.0,22.32857143,480.2890827,0.0,21.9,17.4,19.22936508,0.0,-45.76031746,9.09
2025-10-25 00:00:00+00:00,477.7113495,0.0,22.3,479.2441557,0.0,21.9,17.4,23.99687831,0.0,-45.00592593,8.982940476
2025-10-25 00:15:00+00:00,476.8109737,0.0,22.3,478.2730195,0.0,21.9,17.37692308,29.08542816,0.0,-44.01626984,8.883822222
2025-10-25 00:30:00+00:00,475.2648114,0.0,22.3,476.8331736,0.0,21.9,17.3,33.69444444,0.0,-42.9547619,8.864285714
2025-10-25 00:45:00+00:00,474.2513179,0.0,22.3,475.7842096,0.0,21.9,17.3,38.28277513,0.0,-41.67670899,8.833333333
2025-10-25 01:00:00+00:00,473.8545996,0.0,22.3,474.1564549,0.0,21.9,17.3,42.80941318,0.0,-40.28198805,8.818797884
2025-10-25 01:15:00+00:00,472.4825732,0.0,22.3,474.0665278,0.0,21.9,17.3,47.01659524,0.0,-38.79964286,8.800380952
2025-10-25 01:30:00+00:00,471.6539502,0.0,22.3,472.8579365,0.0,21.9,17.3,51.52304065,0.0,-37.0091806,8.800989622
2025-10-25 01:45:00+00:00,471.9401852,0.0,22.3,472.2746652,0.0,21.9,17.26666667,55.41371212,0.0,-35.34020202,8.868666667
2025-10-25 02:00:00+00:00,469.7381143,0.0,22.3,471.3021727,0.0,21.9,17.2,59.29565906,0.0,-33.53190374,8.841891053
2025-10-25 02:15:00+00:00,468.9985519,0.0,22.3,470.3066356,0.0,21.9,17.2,63.1977037,0.0,-31.57281217,8.833840212
2025-10-25 02:30:00+00:00,468.344852,0.0,22.27755102,469.7785714,0.0,21.9,17.11428571,66.29571429,0.0,-29.89871032,8.819267399
2025-10-25 02:45:00+00:00,468.1382353,0.0,22.25416667,468.428901,0.0,21.9,17.1,70.21839947,0.0,-27.70940476,8.853646825
2025-10-25 03:00:00+00:00,468.0456226,0.0,22.21777778,466.9932161,0.0,21.9,17.04285714,73.65884512,0.0,-25.66771717,8.850277778
2025-10-25 03:15:00+00:00,467.286132,0.0,22.2,466.4227636,0.0,21.9,16.95634921,76.89067821,0.0,-23.62212302,8.737836529
2025-10-25 03:30:00+00:00,464.6711087,0.0,22.2,465.7879565,0.0,21.88133333,16.86,79.81030952,0.0,-21.74822222,8.6
2025-10-25 03:45:00+00:00,465.6482919,0.0,22.2,464.4949691,0.0,21.81105556,16.8,83.43105556,0.0,-19.34722222,8.593166667
2025-10-25 04:00:00+00:00,464.7083333,0.0,22.2,464.914569,0.0,21.82666667,16.76,86.57249158,0.0,-17.21971453,8.511466667
2025-10-25 04:15:00+00:00,463.1705586,0.0,22.2,462.5484637,0.0,21.85714286,16.66428571,89.69502551,0.0,-15.08622449,8.428571429
2025-10-25 04:30:00+00:00,461.4852143,0.0,22.2,462.1107716,0.0,21.8,16.6,92.72681385,0.0,-12.98955844,8.32
2025-10-25 04:45:00+00:00,461.6756133,0.0,22.2,462.0270036,0.0,21.8,16.54,95.73598653,0.0,-10.84946032,8.313166907
2025-10-25 05:00:00+00:00,460.4532999,0.0,22.2,461.0818324,0.0,21.8,16.40888889,99.04019048,0.0,-8.5825,8.301066667
2025-10-25 05:15:00+00:00,459.9489846,0.0,22.2,460.1340659,0.0,21.8,16.4,102.0249206,0.0,-6.50625,8.36025
2025-10-25 05:30:00+00:00,458.8244088,0.0,22.2,460.1366667,0.0,21.8,16.3,105.0027222,0.0,-4.460277778,8.4
2025-10-25 05:45:00+00:00,457.0005769,0.0,22.2,459.1100289,0.0,21.8,16.18174603,108.0985022,0.194121312,-2.383242424,8.4
2025-10-25 06:00:00+00:00,457.58958,0.0,22.2,457.595913,0.0,21.8,16.1,111.1023052,0.942181041,-0.440320494,8.432308081
2025-10-25 06:15:00+00:00,455.5754952,0.0,22.2,457.1452536,0.0,21.8,16.05714286,114.3296429,2.821909434,1.58031746,8.492857143
2025-10-25 06:30:00+00:00,455.3729908,0.0,22.2,457.0080234,0.0,21.8,15.96666667,117.2691838,5.417358197,3.389777778,8.538666667
2025-10-25 06:45:00+00:00,454.0473485,0.0,22.2,456.4228483,0.0,21.8,15.89777778,120.2370707,8.014581025,5.140624339,8.653345887
2025-10-25 07:00:00+00:00,453.7846012,0.0,22.2,455.1644249,0.0,21.8,15.80952381,123.7619955,9.614754605,7.142857143,8.7
2025-10-25 07:15:00+00:00,452.0216919,0.0,22.2,454.6844396,0.0,21.8,15.70166667,126.7148368,11.84122042,8.758207163,8.796666667
2025-10-25 07:30:00+00:00,451.6459259,0.0,22.2,453.9136542,0.0,21.8,15.64,130.3959194,16.54403925,10.62488034,8.874854701
2025-10-25 07:45:00+00:00,450.9843137,0.0,22.2,453.1496296,0.0,21.8,15.60019048,133.6952971,19.69870412,12.16824161,8.950894661
2025-10-25 08:00:00+00:00,450.2112508,0.0,22.2,452.1169378,0.0,21.8,15.63095238,137.0874263,28.88791019,13.65059524,9.110451771
2025-10-25 08:15:00+00:00,449.3634055,0.0,22.2,451.0857623,0.0,21.8,15.47552189,140.38253,34.79949229,15.04186913,9.152921445
2025-10-25 08:30:00+00:00,448.8779992,0.0,22.2,450.2087892,0.0,21.8,15.59714286,144.2252235,45.58061641,16.43315079,9.314680653
2025-10-25 08:45:00+00:00,448.2772712,0.0,22.2,449.2272261,0.0,21.8,15.40440476,147.7704454,47.05975963,17.62499324,9.41318705
2025-10-25 09:00:00+00:00,448.222076,0.0,22.2,449.0493675,0.0,21.8,15.4,151.5112109,33.57908442,18.73645142,9.41275
2025-10-25 09:15:00+00:00,446.3721569,0.0,22.2,448.5782196,0.0,21.8,15.37333333,155.0781667,36.13323789,19.67894444,9.465333333
2025-10-25 09:30:00+00:00,446.0687061,0.0,22.2,446.4415086,0.0,21.8,15.3,159.0819856,33.67697686,20.54266667,9.497333333
2025-10-25 09:45:00+00:00,445.1910774,0.0,22.2,446.4671222,0.0,21.8,15.49047619,162.717307,41.6974856,21.22828824,9.727410714
2025-10-25 10:00:00+00:00,444.9793939,0.0,22.20666667,444.9284848,0.0,21.87466667,17.02142857,166.8222354,72.52704746,21.83388889,10.64409909
2025-10-25 10:15:00+00:00,444.9983033,0.0,22.3,445.440176,0.0,21.86303704,17.95714286,170.5854048,79.55721239,22.27163947,10.66359259
2025-10-25 10:30:00+00:00,444.9610079,0.0,22.3,445.5222222,0.0,21.82266667,16.53666667,174.507619,74.36706162,22.54152381,9.958888889
2025-10-25 10:45:00+00:00,445.3019687,0.0,22.3,445.9440837,0.0,21.86428571,15.80785714,178.6482171,68.04340095,22.68642857,9.767278654
2025-10-25 11:00:00+00:00,444.500946,0.0,22.3,444.9319193,0.0,21.9,15.7,182.2382857,96.70059584,22.66,9.793242424
2025-10-25 11:15:00+00:00,443.6070172,0.0,22.33,445.0439135,0.0,21.9,15.7,186.431354,116.991573,22.48735931,9.985028281
2025-10-25 11:30:00+00:00,443.4407967,0.0,22.3,444.8899101,0.0,21.9,15.7,190.4596429,57.53423174,22.18744898,9.951904762
2025-10-25 11:45:00+00:00,442.8286658,0.0,22.33688889,444.4390959,0.0,21.9,15.69888889,194.0703675,97.57924067,21.74341616,9.891923077
2025-10-25 12:00:00+00:00,441.6906344,0.0,22.4,443.4838616,0.0,21.9,15.6,197.7707937,90.52589736,21.16369048,9.845454546
2025-10-25 12:15:00+00:00,441.8191053,0.0,22.4,442.3603846,0.0,21.9,15.6,201.8302063,72.75378306,20.40584127,9.759123016
2025-10-25 12:30:00+00:00,440.693323,0.0,22.4,442.0248349,0.0,21.9,15.6,205.8416808,90.16375358,19.49706066,9.566370748
2025-10-25 12:45:00+00:00,439.6460943,0.0,22.4,442.0,0.0,21.9,15.6,209.5109259,66.57413695,18.49037037,9.438518519
2025-10-25 13:00:00+00:00,439.5836246,0.0,22.4,440.5212575,0.0,21.9,15.6,213.0950476,36.17343402,17.41333333,9.19352381
2025-10-25 13:15:00+00:00,438.4046633,0.0,22.4,439.746012,0.0,21.9,15.6,216.7449365,32.39028999,16.18079365,8.983115995
2025-10-25 13:30:00+00:00,437.951431,0.0,22.4,439.8034933,0.0,21.9,15.6,220.0735227,35.25931122,14.91696429,8.89375
2025-10-25 13:45:00+00:00,437.4507937,0.0,22.31851852,438.3849591,0.0,21.9,15.6,223.6380337,27.58042624,13.42123232,8.787743952
2025-10-25 14:00:00+00:00,436.2664882,0.0,22.3,437.6187506,0.0,21.9,15.6,227.1698818,22.06430383,11.85574074,8.753935897
2025-10-25 14:15:00+00:00,435.404591,0.0,22.3,437.0481602,0.0,21.9,15.6,230.5702922,12.27121949,10.20839569,8.674318182
2025-10-25 14:30:00+00:00,435.4179487,0.0,22.3,436.1140548,0.0,21.9,15.7,233.7996667,11.23731515,8.557301587,8.608813853
2025-10-25 14:45:00+00:00,434.8953307,0.0,22.3,434.8840293,0.0,21.9,15.7,237.1501111,5.584235409,6.71852381,8.440583333
2025-10-25 15:00:00+00:00,434.5145778,0.0,22.28166667,435.5561818,0.0,21.9,15.63333333,240.4213228,2.551417562,4.830634921,8.47162381
2025-10-25 15:15:00+00:00,433.4963294,0.0,22.21428571,434.3494949,0.0,21.9,15.6,243.5030556,1.982987442,2.989875541,8.5
2025-10-25 15:30:00+00:00,433.1538047,0.0,22.2,433.7281481,0.0,21.9,15.6,246.2698413,1.25924892,1.251730159,8.592711905
2025-10-25 15:45:00+00:00,431.37403,0.0,22.2,432.8967702,0.0,21.9,15.6,249.6284416,0.391868917,-0.803,8.604977778
2025-10-25 16:00:00+00:00,429.2888889,0.0,22.2,431.6207792,0.0,21.9,15.59333333,252.76,0.043220208,-2.863333333,8.609888889
2025-10-25 16:15:00+00:00,430.4559885,0.0,22.2,431.1798765,0.0,21.9,15.5,255.5257066,0.0,-4.753197794,8.673005566
2025-10-25 16:30:00+00:00,429.9132606,0.0,22.2,431.636649,0.0,21.86066667,15.49566667,258.5174892,0.0,-6.809820106,8.7
2025-10-25 16:45:00+00:00,429.5400511,0.0,22.2,430.9469678,0.0,21.8,15.404,261.2644444,0.0,-8.725,8.779
2025-10-25 17:00:00+00:00,428.4415584,0.0,22.2,430.1870352,0.0,21.8,15.4,264.9198443,0.0,-11.29340198,8.878174603
2025-10-25 17:15:00+00:00,427.9216667,0.0,22.2,429.9255556,0.0,21.8,15.4,267.9353968,0.0,-13.4187381,8.954542347
2025-10-25 17:30:00+00:00,427.6301961,0.0,22.2,429.3435897,0.0,21.8,15.4,271.0915152,0.0,-15.61095238,9.037971429
2025-10-25 17:45:00+00:00,425.9443316,0.0,22.1681746,428.0598629,0.0,21.8,15.34555556,274.2399735,0.0,-17.78164021,9.103809524
2025-10-25 18:00:00+00:00,425.6604554,0.0,22.16071429,427.9948783,0.0,21.8,15.3,277.0401446,0.0,-19.6643254,9.197083333
2025-10-25 18:15:00+00:00,425.4809172,0.0,22.1,428.0,0.0,21.8,15.24666667,280.3824811,0.0,-21.90902446,9.286439899
2025-10-25 18:30:00+00:00,424.8879412,0.0,22.1,426.869798,0.0,21.8,15.2,283.8735402,0.0,-24.14962121,9.333290043
2025-10-25 18:45:00+00:00,424.7328704,0.0,22.1,426.308544,0.0,21.8,15.2,287.3186965,0.0,-26.23193266,9.585239316
2025-10-25 19:00:00+00:00,424.3068925,0.0,22.1,425.9193548,0.0,21.8,15.2,290.7282777,0.0,-28.29814626,9.922475108
2025-10-25 19:15:00+00:00,424.5639285,0.0,22.1,424.794824,0.0,21.8,15.2,294.2902963,0.0,-30.27187037,9.90945
2025-10-25 19:30:00+00:00,423.6009928,0.0,22.1,425.3176963,0.0,21.8,15.20666667,297.9493681,0.0,-32.21888889,9.831837607
2025-10-25 19:45:00+00:00,422.6639414,0.0,22.1,423.9244281,0.0,21.8,15.3,301.6353571,0.0,-34.06377551,9.662738095
2025-10-25 20:00:00+00:00,422.9965177,0.0,22.1,423.7237513,0.0,21.8,15.36311111,304.8945767,0.0,-35.60063492,9.690976431
2025-10-25 20:15:00+00:00,422.47895,0.0,22.1,422.994023,0.0,21.8,15.25333333,309.4598042,0.0,-37.53905556,9.856801587
2025-10-25 20:30:00+00:00,421.9091174,0.0,22.1,422.8824691,0.0,21.8,15.2,313.7474165,0.0,-39.20823232,9.675
2025-10-25 20:45:00+00:00,422.2296753,0.0,22.1,421.9967532,0.0,21.77142857,15.25714286,318.0399456,0.0,-40.69575397,9.626349206
2025-10-25 21:00:00+00:00,421.2450459,0.0,22.1,421.8036827,0.0,21.75666667,15.21333333,322.5777778,0.0,-42.08888889,9.53
2025-10-25 21:15:00+00:00,420.9475895,0.0,22.1,421.2714045,0.0,21.7,15.27424242,326.9656354,0.0,-43.29303436,9.435773318
2025-10-25 21:30:00+00:00,420.1718806,0.0,22.1,421.082058,0.0,21.74233766,15.22727273,332.1284091,0.0,-44.46098485,9.327272727
2025-10-25 21:45:00+00:00,419.7138505,0.0,22.1,420.9473712,0.0,21.70964286,15.2,336.9856602,0.0,-45.38504385,9.171328592
2025-10-25 22:00:00+00:00,419.5533502,0.0,22.1,419.8223716,0.0,21.7,15.2,342.1824226,0.0,-46.16888889,9.093047619
2025-10-25 22:15:00+00:00,419.2433862,0.0,22.1,419.2368449,0.0,21.7,15.2,347.3744545,0.0,-46.74700117,9.096066667
2025-10-25 22:30:00+00:00,418.4675381,0.0,22.1,419.7153325,0.0,21.7,15.2,352.8795823,0.0,-47.17857032,8.986727273
2025-10-25 22:45:00+00:00,418.0613237,0.0,22.1,418.6323873,0.0,21.7,15.2,280.6508929,0.0,-47.34672619,8.928571429
2025-10-25 23:00:00+00:00,418.0266492,0.0,22.1,418.5615074,0.0,21.7,15.2,3.562181818,0.0,-47.36444444,8.806666667
2025-10-25 23:15:00+00:00,416.6532468,0.0,22.1,417.7432079,0.0,21.7,15.255,8.998494469,0.0,-47.1284127,8.808785714
2025-10-25 23:30:00+00:00,416.1128345,0.0,22.1,417.5078139,0.0,21.7,15.3,13.92882653,0.0,-46.72637755,8.893934954
2025-10-25 23:45:00+00:00,416.6093795,0.0,22.1,417.0447786,0.0,21.7,15.3,19.20628307,0.0,-46.08655026,8.96037037
2025-10-26 00:00:00+00:00,416.1819529,0.0,22.1,416.0119351,0.0,21.7,15.38333333,24.43981313,0.0,-45.29211111,8.958888889
2025-10-26 00:15:00+00:00,415.9669802,0.0,22.05851852,415.8465657,0.0,21.7,15.4,29.49856349,0.0,-44.26768254,8.813037037
2025-10-26 00:30:00+00:00,415.3091912,0.0,22.0,414.9950526,0.0,21.7,15.4,33.96674294,0.0,-43.25095503,8.796307734
2025-10-26 00:45:00+00:00,415.722044,0.0,22.05666667,415.4583639,0.0,21.7,15.32777778,38.41563492,0.0,-42.0031746,8.612666667
2025-10-26 01:00:00+00:00,413.3169028,0.0,22.0,415.3596967,0.0,21.7,15.33466667,43.23566138,0.0,-40.49343915,8.533655027
2025-10-26 01:15:00+00:00,413.5483405,0.0,22.0,415.3279762,0.0,21.7,15.4,47.5001559,0.0,-38.98804989,8.620833333
2025-10-26 01:30:00+00:00,413.3528478,0.0,22.0,414.2465473,0.0,21.7,15.4,51.53542569,0.0,-37.39763492,8.77579823
2025-10-26 01:45:00+00:00,412.7765795,0.0,22.0,413.4801116,0.0,21.7,15.4,55.75214815,0.0,-35.56940476,8.774952381
2025-10-26 02:00:00+00:00,412.240404,0.0,22.0,413.0693762,0.0,21.7,15.4,59.435,0.0,-33.84531987,8.578240741
2025-10-26 02:15:00+00:00,411.9217262,0.0,22.0,412.6602483,0.0,21.7,15.4,63.28954365,0.0,-31.93111652,8.399577664
2025-10-26 02:30:00+00:00,411.5833297,0.0,22.0,412.4533333,0.0,21.7,15.4,66.83835522,0.0,-30.0015,8.467777778
2025-10-26 02:45:00+00:00,411.1978026,0.0,22.0,412.543446,0.0,21.7,15.4,70.45265031,0.0,-27.97434945,8.615112739
2025-10-26 03:00:00+00:00,411.1884416,0.0,22.0,412.1883254,0.0,21.7,15.4,73.89723186,0.0,-25.90756999,8.754285714
2025-10-26 03:15:00+00:00,411.125,0.0,22.0,411.5233721,0.0,21.7,15.4,77.15595238,0.0,-23.86926871,8.683560606
2025-10-26 03:30:00+00:00,410.4566799,0.0,22.0,410.4511364,0.0,21.64904762,15.4,80.41995551,0.0,-21.76101251,8.466046296
2025-10-26 03:45:00+00:00,410.6330159,0.0,22.0,410.8344988,0.0,21.62666667,15.4,83.36583333,0.0,-19.81083333,8.402666667
2025-10-26 04:00:00+00:00,410.7390873,0.0,21.93703772,411.0395861,0.0,21.6,15.40402597,86.51497764,0.0,-17.67871058,8.334211503
2025-10-26 04:15:00+00:00,410.0495653,0.0,21.93333333,410.2533333,0.0,21.6,15.5,89.93905724,0.0,-15.31173401,8.177377104
2025-10-26 04:30:00+00:00,409.0858547,0.0,21.9,409.78815,0.0,21.6,15.5,93.05317172,0.0,-13.1567963,8.045742424
2025-10-26 04:45:00+00:00,408.253373,0.0,21.9,409.360803,0.0,21.6,15.5,96.13419218,0.0,-11.029765,7.947768244
2025-10-26 05:00:00+00:00,408.948442,0.0,21.9,409.2350986,0.0,21.6,15.4247619,98.95140252,0.0,-9.024209402,7.755619658
2025-10-26 05:15:00+00:00,406.9878898,0.0,21.9,408.8579541,0.0,21.6,15.4,101.9568307,0.0,-6.951111111,7.693333333
2025-10-26 05:30:00+00:00,407.2865546,0.0,21.9,408.2695591,0.0,21.6,15.4,105.2766787,0.0,-4.657651034,7.652363636
2025-10-26 05:45:00+00:00,407.5525197,0.0,21.9,407.6369162,0.0,21.6,15.4,108.283716,0.16747936,-2.646343537,7.670714286
2025-10-26 06:00:00+00:00,406.7543909,0.0,21.9,407.6205665,0.0,21.6,15.4,111.2228826,0.840159324,-0.722433862,7.568577778
2025-10-26 06:15:00+00:00,406.5333333,0.0,21.9,407.2411111,0.0,21.6,15.4,114.473381,2.322201365,1.26252381,7.507095238
2025-10-26 06:30:00+00:00,405.4258333,0.0,21.9,407.0063687,0.0,21.6,15.4,117.7181984,4.359218664,3.265277778,7.530611111
2025-10-26 06:45:00+00:00,405.22569,0.0,21.9,406.551642,0.0,21.6,15.4,120.4891582,6.394060939,4.890433674,7.502142857
2025-10-26 07:00:00+00:00,404.2591543,0.0,21.9,406.487969,0.0,21.6,15.4,123.8719762,8.146945053,6.798402116,7.520074074
2025-10-26 07:15:00+00:00,404.8812681,0.0,21.9,404.4172347,0.0,21.6,15.4,127.2666878,11.0352915,8.655312169,7.423106878
2025-10-26 07:30:00+00:00,405.0007552,0.0,21.9,404.2813559,0.0,21.6,15.36363636,130.4184432,16.87863245,10.26119048,7.442454777
2025-10-26 07:45:00+00:00,403.9401587,0.0,21.9,405.6019127,0.0,21.6,15.25333333,133.845765,16.6054786,11.88452015,7.253238095
2025-10-26 08:00:00+00:00,403.8561411,0.0,21.9,404.0460179,0.0,21.6,15.2,137.2210753,20.13450635,13.35526455,7.16711976
2025-10-26 08:15:00+00:00,402.9631879,0.0,21.9,403.7810185,0.0,21.6,15.2,140.8565289,21.13499577,14.84674603,7.032857143
2025-10-26 08:30:00+00:00,403.1470939,0.0,21.9,403.2214286,0.0,21.6,15.2,144.4209544,23.06639733,16.13410714,6.766047009
2025-10-26 08:45:00+00:00,402.9700529,0.0,21.9,403.841131,0.0,21.6,15.17555556,147.8755556,28.58018597,17.29341414,6.696050505
2025-10-26 09:00:00+00:00,401.8984524,0.0,21.9,402.925237,0.0,21.6,15.06666667,151.7505847,33.77418709,18.45313228,6.97151419
2025-10-26 09:15:00+00:00,401.7971957,0.0,21.9,402.481203,0.0,21.6,15.0,155.4903345,39.21217736,19.41592971,7.033673469
2025-10-26 09:30:00+00:00,401.1916514,0.0,21.9,402.2406849,0.0,21.6,15.0,158.9752125,47.94531143,20.17845118,7.161777778
2025-10-26 09:45:00+00:00,400.5098183,0.0,21.9,402.6068753,0.0,21.6,15.0,163.0504731,44.96289833,20.92355219,7.266933333
2025-10-26 10:00:00+00:00,400.7195232,0.0,21.96428571,401.0798275,0.0,21.6,14.91333333,167.0126313,53.08978713,21.50951178,7.353333333
2025-10-26 10:15:00+00:00,400.0952833,0.0,21.9802381,400.9787391,0.0,21.6,14.89285714,170.4721887,66.98678357,21.85967017,7.470500785
2025-10-26 10:30:00+00:00,400.374506,0.0,22.0,400.213986,0.0,21.6,14.8,174.6915833,55.82533392,22.185,7.64652381
2025-10-26 10:45:00+00:00,400.0422732,0.0,22.0,400.0285714,0.0,21.6,14.792,178.635362,38.70952576,22.3,7.373450825
2025-10-26 11:00:00+00:00,400.068391,0.0,22.0,398.7662211,0.0,21.6,14.7,182.4654762,60.27067431,22.29642857,7.08125
2025-10-26 11:15:00+00:00,399.4558974,0.0,22.0,398.7874692,0.0,21.66,14.7,186.4104509,58.88727431,22.14396465,7.2
2025-10-26 11:30:00+00:00,399.0874603,0.0,22.0,398.3398694,0.0,21.7,14.7,190.2638721,51.82951511,21.82712434,6.912498317
2025-10-26 11:45:00+00:00,398.5487271,0.0,22.0,398.1111111,0.0,21.7,14.63333333,194.459963,82.09768422,21.37528571,6.80522873
2025-10-26 12:00:00+00:00,398.3832112,0.0,22.0,398.2578752,0.0,21.7,14.6,198.0610382,103.1383697,20.79979901,6.898114861
2025-10-26 12:15:00+00:00,397.6032502,0.0,22.0,397.7369717,0.0,21.7,14.55595238,201.7754167,60.49237292,20.07838095,7.214
2025-10-26 12:30:00+00:00,396.5201766,0.0,22.0,397.5085259,0.0,21.7,14.5,205.7845053,22.5675423,19.17375661,7.229507937
2025-10-26 12:45:00+00:00,396.9656359,0.0,22.01892857,396.927458,0.0,21.7,14.5,209.1792942,41.32661591,18.23476278,7.162797619
2025-10-26 13:00:00+00:00,396.4662121,0.0,22.02666667,396.5884444,0.0,21.7,14.49777778,212.9482196,25.87764969,17.10328571,7.115064695
2025-10-26 13:15:00+00:00,396.5228393,0.0,22.01619048,396.1759314,0.0,21.7,14.3737037,216.2358966,31.06772459,15.98477635,7.060275724
2025-10-26 13:30:00+00:00,395.2131602,0.0,22.01428571,396.488731,0.0,21.7,14.3,220.240349,23.52742127,14.4850641,6.9677151
2025-10-26 13:45:00+00:00,394.5503968,0.0,22.0,395.9755245,0.0,21.7,14.3,223.660561,19.29471786,13.06646825,6.821851612
2025-10-26 14:00:00+00:00,394.3301525,0.0,22.0,395.1466162,0.0,21.7,14.3,227.0327354,20.23704716,11.54603663,6.818760318
2025-10-26 14:15:00+00:00,394.1766748,0.0,22.0,395.1828475,0.0,21.7,14.2248545,230.4222876,23.20323457,9.901779023,6.888601504
2025-10-26 14:30:00+00:00,394.012352,0.0,22.0,394.2782333,0.0,21.7,14.2,233.7279425,14.75923879,8.212962963,7.00420387
2025-10-26 14:45:00+00:00,394.2276621,0.0,22.0,394.1615033,0.0,21.7,14.1275,236.727583,9.230872804,6.573928571,7.01448718
2025-10-26 15:00:00+00:00,394.159627,0.0,22.0,394.7227387,0.0,21.7,14.08,240.1414206,8.290223742,4.629777778,7.070419048
2025-10-26 15:15:00+00:00,394.349475,0.0,22.0,394.0763892,0.0,21.7,14.0,243.3916111,8.539145741,2.650026455,7.050966667
2025-10-26 15:30:00+00:00,393.7232077,0.0,22.0,393.8867481,0.0,21.63385365,14.0,246.4867914,4.034051605,0.757823129,6.964472403
2025-10-26 15:45:00+00:00,392.7905108,0.0,22.0,393.5757576,0.0,21.6,14.0,249.3219192,1.138268877,-1.020611111,6.779077441
2025-10-26 16:00:00+00:00,393.1581544,0.0,22.0,393.549359,0.0,21.6,13.96222222,252.4665248,0.11719711,-3.105954786,6.724426129
2025-10-26 16:15:00+00:00,392.2113176,0.0,21.98157407,392.7425837,0.0,21.6,13.9,255.6882751,0.0,-5.265899471,6.637356614
2025-10-26 16:30:00+00:00,392.1178805,0.0,21.90714286,392.9575263,0.0,21.6,13.8702381,258.6110142,0.0,-7.302281746,6.470569986
2025-10-26 16:45:00+00:00,392.2144063,0.0,21.95083333,393.6258871,0.0,21.6,13.8,261.7413175,0.0,-9.477127946,6.3965
2025-10-26 17:00:00+00:00,391.7780785,0.0,21.94063492,393.099985,0.0,21.6,13.8,264.7879596,0.0,-11.61050168,6.316752137
2025-10-26 17:15:00+00:00,391.0067546,0.0,21.9,392.598265,0.0,21.6,13.8,267.9153016,0.0,-13.78164021,6.300677249
2025-10-26 17:30:00+00:00,391.3639456,0.0,21.9,392.7547619,0.0,21.6,13.8,270.7024802,0.0,-15.74845238,6.348619615
2025-10-26 17:45:00+00:00,391.8638034,0.0,21.9,392.8976261,0.0,21.6,13.71866667,273.993316,0.0,-18.00239827,6.338266775
2025-10-26 18:00:00+00:00,390.1401577,0.0,21.9,392.952987,0.0,21.6,13.7,277.1706561,0.0,-20.16427249,6.43525
2025-10-26 18:15:00+00:00,390.1246127,0.0,21.9,392.9954721,0.0,21.57142857,13.65714286,280.4367262,0.0,-22.32498583,6.4
2025-10-26 18:30:00+00:00,390.2268327,0.0,21.9,391.8094123,0.0,21.50166667,13.6,283.6387223,0.0,-24.39747355,6.431191005
2025-10-26 18:45:00+00:00,390.3544786,0.0,21.9,391.2099095,0.0,21.50977778,13.6,287.1386667,0.0,-26.52055556,6.40365
2025-10-26 19:00:00+00:00,389.1690927,0.0,21.9,391.2965739,0.0,21.5,13.6,290.2266905,0.0,-28.34344974,6.461948115
2025-10-26 19:15:00+00:00,389.4496062,0.0,21.9,391.6102398,0.0,21.5,13.6,294.077345,0.0,-30.56454082,6.590639717
2025-10-26 19:30:00+00:00,389.2990741,0.0,21.9,391.3205562,0.0,21.5,13.6,297.7048466,0.0,-32.50162963,6.870155556
2025-10-26 19:45:00+00:00,389.3621795,0.0,21.89333333,391.3389941,0.0,21.5,13.57925926,301.549127,0.0,-34.3993545,6.965666667
2025-10-26 20:00:00+00:00,388.6057644,0.0,21.8,390.8272792,0.0,21.5,13.5,305.3220833,0.0,-36.14217262,7.036388889
2025-10-26 20:15:00+00:00,388.6034903,0.0,21.8,390.8165266,0.0,21.5,13.5,309.5572279,0.0,-37.95967223,7.216133866
2025-10-26 20:30:00+00:00,388.3794008,0.0,21.8,390.6032559,0.0,21.5,13.5,313.4511818,0.0,-39.45564021,7.55699897
2025-10-26 20:45:00+00:00,389.5153501,0.0,21.8,390.0166667,0.0,21.5,13.5,318.1491709,0.0,-41.10213248,7.935777778
2025-10-26 21:00:00+00:00,387.942661,0.0,21.8,389.9605453,0.0,21.5,13.59,322.5548214,0.0,-42.44083333,7.982505669
2025-10-26 21:15:00+00:00,387.22,0.0,21.8,389.4166667,0.0,21.5,13.6,327.1260801,0.0,-43.69380203,7.814127056
2025-10-26 21:30:00+00:00,387.2949671,0.0,21.8,388.0,0.0,21.5,13.56166667,331.9609762,0.0,-44.76942857,7.706059524
2025-10-26 21:45:00+00:00,387.347013,0.0,21.8,388.8385674,0.0,21.5,13.5,337.1189591,0.0,-45.7784127,7.717747253
2025-10-26 22:00:00+00:00,386.8056277,0.0,21.8,388.7025653,0.0,21.5,13.5,342.4004082,0.0,-46.55543934,7.633412698
2025-10-26 22:15:00+00:00,387.5052474,0.0,21.8,388.8571429,0.0,21.5,13.5,347.0855635,0.0,-47.08209524,7.59232381
2025-10-26 22:30:00+00:00,387.1061532,0.0,21.8,388.3795163,0.0,21.5,13.5,352.576702,0.0,-47.49466667,7.444193939
2025-10-26 22:45:00+00:00,387.4460714,0.0,21.8,388.3674888,0.0,21.5,13.5,280.6715659,0.0,-47.68174603,7.337195745
2025-10-26 23:00:00+00:00,386.0930681,0.0,21.7705,387.6805177,0.0,21.44592593,13.5,3.377907648,0.0,-47.67684848,7.3054
2025-10-26 23:15:00+00:00,386.5162118,0.0,21.70111111,387.7703557,0.0,21.40666667,13.5,8.845759259,0.0,-47.45042593,7.235959596
2025-10-26 23:30:00+00:00,385.4572727,0.0,21.7,388.0330303,0.0,21.4,13.5,13.84137566,0.0,-47.0687037,7.193037037
2025-10-26 23:45:00+00:00,386.1961567,0.0,21.7,388.1697552,0.0,21.4,13.5,19.37835781,0.0,-46.44597403,7.213265306
2025-10-27 00:00:00+00:00,385.1133778,0.0,21.7,388.0463835,0.0,21.4,13.57333333,23.96346561,0.0,-45.72296296,7.32075
2025-10-27 00:15:00+00:00,384.4147325,0.0,21.7,387.927778,0.0,21.4,13.6,29.30743851,0.0,-44.70152448,7.431749399
2025-10-27 00:30:00+00:00,384.7532626,0.0,21.7,386.2432203,0.0,21.4,13.6,34.27374916,0.0,-43.52258586,7.599030303
2025-10-27 00:45:00+00:00,385.0984694,0.0,21.71408163,386.0154538,0.0,21.4,13.6,38.80875077,0.0,-42.28799474,7.669336735
2025-10-27 01:00:00+00:00,383.7422752,0.0,21.8,385.7398509,0.0,21.4,13.6,43.33792552,0.0,-40.83208569,7.7
2025-10-27 01:15:00+00:00,384.0057971,0.0,21.8,385.3757576,0.0,21.4,13.65,47.60333333,0.0,-39.33,7.646666667
2025-10-27 01:30:00+00:00,384.1247264,0.0,21.8,384.7418233,0.0,21.4,13.7,51.41839569,0.0,-37.85564059,7.564285714
2025-10-27 01:45:00+00:00,382.879798,0.0,21.795,384.1814408,0.0,21.4,13.74,55.8602037,0.0,-35.92088889,7.488733333
2025-10-27 02:00:00+00:00,383.5172321,0.0,21.75355556,383.7855556,0.0,21.4,13.77333333,59.65274242,0.0,-34.13657143,7.713419913
2025-10-27 02:15:00+00:00,383.1428347,0.0,21.7,384.4874785,0.0,21.4,13.78,63.23234392,0.0,-32.35657275,7.813111111
2025-10-27 02:30:00+00:00,383.3553046,0.0,21.7,384.5405816,0.0,21.40471939,13.8,66.79387755,0.0,-30.42836735,7.8
2025-10-27 02:45:00+00:00,382.7469697,0.0,21.75466667,384.6695416,0.0,21.52,13.8,70.68085535,0.0,-28.20389683,7.702857143
2025-10-27 03:00:00+00:00,382.0049611,0.0,21.8,384.3186804,0.0,21.63771044,13.8,74.13531074,0.0,-26.14279548,7.639111111
2025-10-27 03:15:00+00:00,382.1700444,0.0,21.88571429,383.7406612,0.0,21.76428571,13.8,77.40091248,0.0,-24.13541209,7.533571429
2025-10-27 03:30:00+00:00,385.6044545,0.0,21.91980952,387.0419046,0.0,21.85609428,13.8,80.68644156,0.0,-21.98940476,7.5
2025-10-27 03:45:00+00:00,397.2385554,0.0,22.03846154,401.2921915,0.0,21.95504762,13.8,83.7507417,0.0,-19.95599808,7.51575
2025-10-27 04:00:00+00:00,403.8340097,61.73891822,22.1,422.630879,59.59076985,22.06428571,15.43123932,86.89606061,0.0,-17.8452381,7.536360544
2025-10-27 04:15:00+00:00,423.275007,66.91703297,22.1,438.6016973,66.61450483,22.1,19.09285714,90.18053571,0.0,-15.56951531,7.670496032
2025-10-27 04:30:00+00:00,443.6726681,67.07275832,22.14666667,445.758104,66.78403209,22.18571581,17.66590476,93.14639651,0.0,-13.51469779,7.703659009
2025-10-27 04:45:00+00:00,448.4284766,66.44053198,22.2,449.8635114,67.32274662,22.2,17.94681481,96.35832723,0.0,-11.23886752,7.464114286
2025-10-27 05:00:00+00:00,452.7640947,66.61241437,22.2,450.1986772,66.15457505,22.2,18.1,99.23015873,0.0,-9.238789683,7.402480159
2025-10-27 05:15:00+00:00,457.9376954,66.95047619,22.14,454.4619974,66.68399561,22.3,18.03777778,102.2838283,0.0,-7.124444444,7.58562963
2025-10-27 05:30:00+00:00,459.5932493,66.81036325,22.16333333,457.9554849,67.17147854,22.3,18.0,105.4000501,0.0,-4.998013468,7.22969697
2025-10-27 05:45:00+00:00,461.0026563,66.92790513,22.14740741,458.7501804,67.10467654,22.21333333,18.01261905,108.417952,0.249467377,-2.986029115,7.473984874
2025-10-27 06:00:00+00:00,466.6186869,65.77295545,22.18650794,470.1037594,66.07316694,22.12142857,18.3,111.4198196,1.703522997,-0.996096681,7.230074996
2025-10-27 06:15:00+00:00,480.66822,67.4374396,22.2,498.1349992,67.35640589,22.10361111,18.3,114.6108416,5.584614491,0.933555556,7.123338095
2025-10-27 06:30:00+00:00,495.7037829,66.53433862,22.16888889,509.907215,66.45541126,22.1,18.39377778,117.5411825,14.09674587,2.727777778,7.210075758
2025-10-27 06:45:00+00:00,516.9892253,63.12008547,22.28571429,538.50518,61.09109171,22.30214286,18.75047619,120.9434447,50.83742821,4.753436147,7.435289433
2025-10-27 07:00:00+00:00,572.689682,62.09632465,22.29688889,586.4750323,61.79275899,22.29396825,18.84571429,123.9104444,87.1028741,6.441650794,7.55230414
2025-10-27 07:15:00+00:00,620.8892929,61.38713268,22.42766667,643.9090452,61.61020875,22.58972222,18.90666667,127.443254,120.0262421,8.367088421,7.38131746
2025-10-27 07:30:00+00:00,676.2647099,61.99779645,22.50619048,704.646,61.6706362,22.4252381,19.1947619,130.056,143.810359,9.726666667,7.398666667
2025-10-27 07:45:00+00:00,705.092437,61.38711408,22.62857143,709.7021522,61.35519662,22.40952381,19.4,133.2610949,152.3665036,11.19833333,7.749981447
2025-10-27 08:00:00+00:00,738.2770461,62.97481481,22.63866667,721.2130648,62.45149294,22.39344444,19.34666667,137.3729461,80.80220736,13.03693603,7.799223665
2025-10-27 08:15:00+00:00,723.314975,61.9229225,22.85666667,676.2448001,62.20793374,22.51925926,19.04533333,140.9677237,80.02737887,14.4884188,7.722318182
2025-10-27 08:30:00+00:00,723.2253545,63.19922439,22.78095238,699.7839988,63.00277778,22.62857143,18.91428571,144.2990614,97.65082723,15.74503205,7.747590267
2025-10-27 08:45:00+00:00,713.187628,62.60366144,22.84952381,695.1769587,61.93135723,22.57185185,18.8,147.8700202,135.8128533,16.952,8.007855478
2025-10-27 09:00:00+00:00,728.5476528,61.99518519,22.84785714,755.2946541,61.2035598,22.66889683,18.74666667,151.9154276,155.9489411,18.1152381,8.308571429
2025-10-27 09:15:00+00:00,710.5517041,62.70945092,22.99688889,715.0695698,62.57508242,22.69388889,18.64777778,155.5616567,221.0765725,19.08093447,8.80179008
2025-10-27 09:30:00+00:00,713.9716003,61.81485285,22.96025641,726.4919507,63.39549862,22.89750567,18.35396825,159.2234343,346.2812805,19.87223124,9.395153061
2025-10-27 09:45:00+00:00,716.69389,62.73826729,22.98095238,757.7870174,66.22668161,22.85204082,18.28571429,162.9893742,242.1114751,20.59694444,9.723388889
2025-10-27 10:00:00+00:00,733.8040795,62.72754782,23.08444444,761.9723232,69.79675325,22.97111111,17.97888889,167.0156111,118.2254464,21.16074074,9.690650794
2025-10-27 10:15:00+00:00,727.1510352,62.60275215,23.06712302,768.2342568,80.74324181,22.92412647,17.9,170.872602,262.4664929,21.59387755,10.08244898
2025-10-27 10:30:00+00:00,716.5911494,62.67863487,23.07860317,719.6932085,65.49675926,22.96,17.88133333,174.5490376,138.8676977,21.86287302,10.21852288
2025-10-27 10:45:00+00:00,712.3022117,63.2494366,23.07430303,703.829375,65.31093457,22.80022727,17.44933333,178.5071389,93.32671367,21.98987302,9.548115468
2025-10-27 11:00:00+00:00,705.7387388,61.80961742,23.06422222,706.9819973,64.80114505,22.73711111,17.33333333,182.3569048,73.58308883,21.984,9.159590476
2025-10-27 11:15:00+00:00,672.1194543,62.71832483,23.075,678.8832506,64.94507629,22.7,17.33333333,186.4563265,112.6519123,21.81159864,8.993524579
2025-10-27 11:30:00+00:00,666.3178844,62.28009768,23.06088889,669.9386077,62.97313717,22.67333333,17.27777778,190.2516508,201.8061214,21.52012698,9.137448677
2025-10-27 11:45:00+00:00,658.6525356,61.43595238,23.06492674,653.9229286,60.31559604,22.67733333,16.97692308,194.4634127,139.8077785,21.01166667,9.482666667
2025-10-27 12:00:00+00:00,670.4063879,62.20674603,23.08571429,645.1623998,61.09376083,22.6052381,16.81904762,198.1661508,114.3474336,20.45142857,9.346428571
2025-10-27 12:15:00+00:00,679.199024,62.5537037,23.16333333,630.8913997,60.98536202,22.69777778,16.91333333,201.9449841,64.40303955,19.69462434,9.106989418
2025-10-27 12:30:00+00:00,679.4912037,62.00321808,23.12666667,636.5316436,61.7421578,22.73666667,17.04222222,205.5653333,103.5217846,18.87955556,8.798333333
2025-10-27 12:45:00+00:00,676.6304884,62.23534323,23.10714286,647.5404675,60.4854038,22.72,17.16583333,209.3098186,124.5728191,17.86578798,9.270873016
2025-10-27 13:00:00+00:00,684.980042,62.90849567,23.095,653.8380294,60.99342105,22.67,17.21809524,212.8699815,139.311778,16.78185185,9.690948148
2025-10-27 13:15:00+00:00,666.9544113,62.52909331,23.19285714,640.641606,61.03178847,22.752,17.1,216.5363889,102.8933782,15.51539683,9.849333333
2025-10-27 13:30:00+00:00,663.0753979,61.53984127,23.15931973,657.1257159,60.9260981,22.75142857,16.84285714,220.1991111,92.9787295,14.14155556,10.05604156
2025-10-27 13:45:00+00:00,654.8713799,62.48689168,23.13591837,642.5574778,61.42707471,22.77278912,16.8,223.6253538,76.38273321,12.70470187,10.03086735
2025-10-27 14:00:00+00:00,636.4080895,61.62518519,23.16391941,639.6436748,60.8416934,22.72025641,16.88846154,226.9940741,39.99219021,11.17740741,10.20564444
2025-10-27 14:15:00+00:00,635.9073796,61.30793651,23.09761905,643.0261328,59.68345539,22.74615079,17.01538462,230.2825,36.03751498,9.597777778,10.17679577
2025-10-27 14:30:00+00:00,615.1411977,62.0140873,22.96488095,634.2255411,61.50544218,22.65714286,17.1,233.3548125,24.05826328,8.001527243,10.16441969
2025-10-27 14:45:00+00:00,600.2546833,61.93625368,22.94666667,627.7932541,60.82652188,22.54580952,17.19333333,236.7689329,19.52758797,6.161621934,10.19037807
2025-10-27 15:00:00+00:00,583.0567756,59.83238095,22.84444444,606.7722069,62.34222222,22.524,17.805,240.0528329,12.63434573,4.278505291,10.14577778
2025-10-27 15:15:00+00:00,567.9531395,62.58194139,22.8,587.5055828,62.94232323,22.424,16.33577312,243.2369001,5.67556994,2.354219577,10.25143519
2025-10-27 15:30:00+00:00,555.7376984,64.29909297,22.76938776,568.0180736,63.77063492,22.36938776,17.64387755,246.3281548,2.808078357,0.452397959,10.25239399
2025-10-27 15:45:00+00:00,544.5264076,64.45830836,22.7,554.1025562,63.46422241,22.27238095,16.70892857,249.1340596,0.732171477,-1.318689274,9.773939394
2025-10-27 16:00:00+00:00,536.1477778,65.26,22.6,540.8878788,63.15757576,22.2,18.58222222,252.3222354,0.111290469,-3.428905002,9.473328523
2025-10-27 16:15:00+00:00,526.8526786,64.04191344,22.6,531.0956623,62.92809292,22.10659341,17.06714286,255.4247057,0.0,-5.511593407,9.730178571
2025-10-27 16:30:00+00:00,520.2409536,63.81719469,22.55333333,523.8436873,63.53940701,22.1,18.41979798,258.4342282,0.0,-7.581166907,9.808958042
2025-10-27 16:45:00+00:00,514.4289472,64.2429136,22.5,516.1678788,62.94482212,22.0,17.70845238,261.5704147,0.0,-9.763655881,9.923764245
2025-10-27 17:00:00+00:00,508.7101704,63.91172938,22.43333333,510.5933766,63.80878813,21.9847619,18.05066667,264.4916364,0.0,-11.83780471,9.805586532
2025-10-27 17:15:00+00:00,504.6727782,63.49671202,22.4,506.2372648,62.22176265,21.9,18.39821429,267.5544102,0.0,-13.98096764,9.766590671
2025-10-27 17:30:00+00:00,501.176,62.69772339,22.4,502.8188156,63.02047198,21.9,18.25871693,270.5123492,0.0,-15.98784127,9.753839827
2025-10-27 17:45:00+00:00,497.4073545,64.46310526,22.4,499.8814215,63.20947314,21.86066667,19.16311111,273.8590195,0.0,-18.35563203,9.645873016
2025-10-27 18:00:00+00:00,494.9448441,63.56190992,22.34177489,496.9652194,62.99575305,21.8,18.38452381,276.7127435,0.0,-20.26043831,9.388369924
2025-10-27 18:15:00+00:00,493.8155987,63.18183236,22.3,494.7728517,63.63645606,21.8,19.002,280.1487585,0.0,-22.58193338,9.115207729
2025-10-27 18:30:00+00:00,492.1284674,63.34433862,22.26666667,494.0297691,63.38220919,21.78666667,19.2,283.0266751,0.0,-24.40957961,9.061447275
2025-10-27 18:45:00+00:00,490.5976827,63.74866287,22.2,492.1058691,63.54547964,21.7,19.2,286.6844252,0.0,-26.70675108,9.083356222
2025-10-27 19:00:00+00:00,488.9244589,63.38988095,22.2,490.1785714,63.62473717,21.7,19.2,290.3917934,0.0,-28.88180787,9.109514739
2025-10-27 19:15:00+00:00,488.2609471,63.55508297,22.2,489.8452991,63.0206734,21.7,19.43857143,293.9663598,0.0,-30.91246296,9.112388889
2025-10-27 19:30:00+00:00,487.1819221,63.21274142,22.17866667,488.8801168,63.47266295,21.7,19.64,297.2568254,0.0,-32.64021044,8.946060847
2025-10-27 19:45:00+00:00,487.2155303,63.98388889,22.1,488.6235174,62.93024276,21.7,19.93333333,301.5012912,0.0,-34.76746032,8.746357143
2025-10-27 20:00:00+00:00,486.466811,3.056547619,22.1,488.54248,7.173659674,21.7,20.13653846,305.3000726,0.0,-36.52346154,8.421049058
2025-10-27 20:15:00+00:00,486.0922727,0.0,22.1,487.8186114,0.0,21.7,19.97833333,308.9328871,0.0,-38.10567965,8.081101343
2025-10-27 20:30:00+00:00,484.9681818,0.0,22.1,487.5670298,0.0,21.7,19.86,313.621619,0.0,-39.88290476,7.73
2025-10-27 20:45:00+00:00,482.8996212,0.0,22.06339286,486.8953364,0.0,21.7,19.77884615,317.8131903,0.0,-41.35092622,7.646712454
2025-10-27 21:00:00+00:00,483.3251545,0.0,22.0,485.6204718,0.0,21.7,19.7,322.3866858,0.0,-42.74426704,7.533333333
2025-10-27 21:15:00+00:00,482.4883838,0.0,22.0,485.2029604,0.0,21.64666667,19.54333333,327.2681878,0.0,-44.06998932,7.427407407
2025-10-27 21:30:00+00:00,481.3285534,0.0,22.0,484.2026844,0.0,21.6,19.33571429,332.1572263,0.0,-45.17031746,7.280833333
2025-10-27 21:45:00+00:00,480.6353693,0.0,22.0,483.1840396,0.0,21.6,19.08362637,337.0969318,0.0,-46.0987013,7.141500541
2025-10-27 22:00:00+00:00,478.8543465,0.0,21.97555556,481.9941845,0.0,21.6,18.86,341.6401164,0.0,-46.82521958,7.1004
2025-10-27 22:15:00+00:00,478.2859259,0.0,21.90666667,480.6690476,0.0,21.6,18.54977778,347.5436772,0.0,-47.45666667,7.006092857
2025-10-27 22:30:00+00:00,478.0495286,0.0,21.9,479.2886905,0.0,21.6,18.21071429,352.6873299,0.0,-47.82142857,6.956971758
2025-10-27 22:45:00+00:00,476.6878189,0.0,21.9,479.1873031,0.0,21.6,17.89888889,260.2577954,0.0,-48.0525,6.941990741
2025-10-27 23:00:00+00:00,476.0291809,0.0,21.9,477.2877414,0.0,21.6,17.58979592,3.654081633,0.0,-48.02142857,7.071071429
2025-10-27 23:15:00+00:00,475.2378467,0.0,21.9,476.9282416,0.0,21.6,17.43251852,7.447711567,0.0,-47.87393913,7.1
2025-10-27 23:30:00+00:00,474.4002289,0.0,21.9,475.9756313,0.0,21.6,17.02857143,14.43224531,0.0,-47.36427249,7.265265993
2025-10-27 23:45:00+00:00,472.3948763,0.0,21.9,475.2636776,0.0,21.575,16.82142857,19.24876679,0.0,-46.78148657,7.502762515
2025-10-28 00:00:00+00:00,470.8976174,0.0,21.9,473.4283719,0.0,21.51481481,16.63459259,23.72552333,0.0,-46.1175938,7.647878788
2025-10-28 00:15:00+00:00,471.3933466,0.0,21.87833333,472.6881542,0.0,21.5,16.35777778,29.66146032,0.0,-44.9726746,7.740435714
2025-10-28 00:30:00+00:00,470.2857143,0.0,21.85384615,471.9571429,0.0,21.5,16.17692308,34.48146259,0.0,-43.85142857,7.879693878
2025-10-28 00:45:00+00:00,468.5175926,0.0,21.80357143,471.6544733,0.0,21.5,16.02142857,39.03248677,0.0,-42.56729487,8.055847619
2025-10-28 01:00:00+00:00,468.315639,0.0,21.8,470.8244156,0.0,21.5,15.90666667,43.61507407,0.0,-41.12985185,8.119866667
2025-10-28 01:15:00+00:00,467.5493401,0.0,21.8,469.9436594,0.0,21.5,15.70666667,47.80533333,0.0,-39.62148148,8.154888889
2025-10-28 01:30:00+00:00,467.3403363,0.0,21.8,468.8470228,0.0,21.5,15.6,51.78936508,0.0,-38.08482143,8.308269841
2025-10-28 01:45:00+00:00,466.0695889,0.0,21.8,468.5166667,0.0,21.5,15.48615079,55.91840765,0.0,-36.27643386,8.518721297
2025-10-28 02:00:00+00:00,464.8750926,0.0,21.8,467.7280759,0.0,21.5,15.32666667,59.64604978,0.0,-34.55095238,8.752643939
2025-10-28 02:15:00+00:00,464.4266615,0.0,21.8,466.3327333,0.0,21.5,15.23933333,63.69894444,0.0,-32.4925641,8.991666667
2025-10-28 02:30:00+00:00,463.3810515,0.0,21.8,465.2625661,0.0,21.5,15.11269841,67.31507937,0.0,-30.53214286,8.994367347
2025-10-28 02:45:00+00:00,462.4592157,0.0,21.8,464.0668901,0.0,21.5,14.95904762,70.89994709,0.0,-28.48555556,8.944183333
2025-10-28 03:00:00+00:00,462.3972727,0.0,21.81433333,463.9484848,0.0,21.5,14.84974359,74.35064408,0.0,-26.42841806,8.925642857
2025-10-28 03:15:00+00:00,461.619898,0.0,21.85714286,463.8679356,0.0,21.5,14.8,77.57757104,0.0,-24.42808372,8.865873016
2025-10-28 03:30:00+00:00,466.5448493,0.0,21.87857143,478.9277778,0.0,21.56904762,14.78461538,80.51547475,0.0,-22.49305051,8.89006993
2025-10-28 03:45:00+00:00,477.7972401,0.0,21.92740741,499.2220671,0.0,21.7,14.63333333,83.97455026,0.0,-20.22807143,8.80164127
2025-10-28 04:00:00+00:00,492.3523792,3.748148148,21.98309524,493.998516,2.981818182,21.73138889,14.62,87.27662722,0.0,-17.99902157,8.801533333
2025-10-28 04:15:00+00:00,488.4818015,67.48829365,22.01428571,491.8738095,62.37487703,21.8,19.13178571,90.39704314,0.0,-15.83739564,9.101577381
2025-10-28 04:30:00+00:00,488.7128754,65.6031746,22.0975,488.7376262,60.2979297,21.88666667,23.74990476,93.41018711,0.0,-13.73884512,9.137436508
2025-10-28 04:45:00+00:00,486.4728535,65.19876642,22.08095238,486.4454634,59.86587681,21.98095238,20.59444444,96.59794805,0.0,-11.48861688,9.189512987
2025-10-28 05:00:00+00:00,484.657335,63.57547562,22.1,486.4852202,59.70047197,22.07857143,21.76183673,99.57071995,0.0,-9.417276077,9.144481511
2025-10-28 05:15:00+00:00,483.3600112,63.22246804,22.1,485.4422968,59.80875646,22.1,22.03428571,102.5848982,0.0,-7.325816748,9.055583333
2025-10-28 05:30:00+00:00,482.127898,64.38204334,22.1,483.5042146,60.41197059,22.11722222,21.52063492,105.6042424,0.0,-5.296969697,8.866060606
2025-10-28 05:45:00+00:00,482.4822222,63.7730303,22.1,482.4925378,60.29783433,22.2,22.18666667,108.7438846,0.326686726,-3.187686203,8.794391941
2025-10-28 06:00:00+00:00,485.8261905,63.51170635,22.09761905,500.0411644,59.67629198,22.13035714,21.82397959,111.6905311,2.070785932,-1.236423993,8.633289835
2025-10-28 06:15:00+00:00,509.8988983,64.49139352,22.15333333,530.8101453,59.75093242,22.16002694,21.996,114.6409411,6.038504428,0.605503367,8.691709091
2025-10-28 06:30:00+00:00,537.5477193,65.13460317,22.16933333,547.7833977,60.59744572,22.31333333,22.0175,118.0057143,19.35217489,2.635674603,8.4505
2025-10-28 06:45:00+00:00,567.7204565,63.43888374,22.26632653,581.6406556,60.88313289,22.51122449,21.9375,120.8680264,46.36936465,4.334568646,8.529795918
2025-10-28 07:00:00+00:00,611.3680816,63.87776235,22.36222222,628.2836057,60.58504163,22.55913675,22.0,124.3163175,78.17716049,6.295518519,8.382861111
2025-10-28 07:15:00+00:00,642.611398,64.03505051,22.44939394,693.1222355,60.18838131,22.49634921,22.0,127.4369846,108.5898128,7.992723425,8.468952381
2025-10-28 07:30:00+00:00,657.0254594,63.1873569,22.47232804,737.9297274,61.11073427,22.67259259,21.90444444,130.9237222,121.4287615,9.720174603,8.204486773
2025-10-28 07:45:00+00:00,671.7826997,63.64750676,22.5275974,763.1230676,61.92380812,22.64359926,21.9,134.3437863,166.0500602,11.34783241,8.244680736
2025-10-28 08:00:00+00:00,663.8956447,65.70242656,22.576,776.2326518,68.04261768,22.73377778,21.89866667,137.4926589,195.0761853,12.75141103,8.599838384
2025-10-28 08:15:00+00:00,654.8282111,65.46411281,22.68933333,732.8353439,63.21437224,22.7199519,21.65311111,140.9437716,171.3663745,14.1253986,8.669570496
2025-10-28 08:30:00+00:00,668.7452276,64.36904762,22.72769231,705.8642136,62.47337662,22.84241758,21.46461538,144.6445493,81.5730947,15.5005549,8.491636905
2025-10-28 08:45:00+00:00,677.0563529,65.01361196,22.75557143,764.9396317,65.63209832,22.8,21.21031746,148.0819148,76.21164721,16.66043651,8.2
2025-10-28 09:00:00+00:00,706.8667637,64.35720798,22.71446296,778.5715979,76.77897419,22.80727273,21.0,151.7727929,190.2302809,17.74377778,8.3239
2025-10-28 09:15:00+00:00,709.5697884,63.78505291,22.86,776.2320979,70.99238539,22.78666667,20.90535714,155.6237566,117.913333,18.75479798,8.655407407
2025-10-28 09:30:00+00:00,718.5493764,62.88202492,22.89285714,761.0306335,70.29160304,22.8,20.36666667,159.1209325,101.0367478,19.51964286,8.683700397
2025-10-28 09:45:00+00:00,706.5178954,61.72394457,23.0,744.2170482,68.15679154,22.95277778,20.11538462,162.9267629,97.19836976,20.25438095,8.61589418
2025-10-28 10:00:00+00:00,704.2659279,62.09615624,23.05088889,748.265765,63.17494375,22.93142857,19.76666667,167.0708333,110.2994813,20.839,8.660833333
2025-10-28 10:15:00+00:00,707.1188082,61.72606137,23.00119048,756.0561267,67.09139012,22.85714286,19.6,170.8213745,83.8097976,21.24699398,8.707712585
2025-10-28 10:30:00+00:00,691.3010911,61.43225443,23.04666667,741.8834889,65.67558582,22.76583333,19.28933333,174.4528307,98.7029008,21.49051852,8.720910053
2025-10-28 10:45:00+00:00,684.2,62.15088985,23.04533333,742.5506043,64.29004329,22.82333333,19.08777778,178.7317749,83.87684776,21.66,8.836944444
2025-10-28 11:00:00+00:00,688.3594858,61.64702862,23.00666667,728.6819075,62.53795569,22.7837037,18.81644444,182.6559848,70.60810623,21.62666667,8.949922161
2025-10-28 11:15:00+00:00,663.2889863,62.40333042,23.1,674.81027,63.480662,22.5702381,18.78571429,186.358373,98.80454528,21.48318538,8.898218254
2025-10-28 11:30:00+00:00,659.4177778,61.72722222,23.07466667,653.4570683,64.25675508,22.60407407,18.5,190.3190916,86.94736127,21.19037037,8.944349451
2025-10-28 11:45:00+00:00,661.7811521,61.74866522,23.10494444,669.2419303,63.73584995,22.68399832,18.26,194.3183923,83.43216351,20.70285002,8.87052037
2025-10-28 12:00:00+00:00,663.9202581,61.86260575,23.0952381,681.5172581,62.85954832,22.72857143,18.15714286,197.833254,66.15072712,20.14686508,8.839229692
2025-10-28 12:15:00+00:00,666.6989327,61.03282347,23.15111111,686.2071732,63.97571263,22.8,17.92666667,201.9056587,45.97704696,19.38298942,8.533777273
2025-10-28 12:30:00+00:00,665.5012446,61.70975469,23.12909091,688.0964258,63.3200575,22.8,17.78753968,205.4733333,43.52144437,18.55038095,8.203003968
2025-10-28 12:45:00+00:00,668.816128,62.18329814,23.113,689.2519244,64.52411472,22.82866667,17.72,209.2218425,65.15658095,17.54817582,7.935619048
2025-10-28 13:00:00+00:00,648.3201419,61.97397741,23.1,702.0114668,64.00533515,22.90680272,17.36809524,212.9246712,61.4240723,16.40909014,7.944783292
2025-10-28 13:15:00+00:00,662.9217024,62.55153509,23.1,714.3526105,63.03017589,22.92962963,17.21066667,216.3121759,59.904548,15.25217593,7.945916667
2025-10-28 13:30:00+00:00,662.5267528,62.12740741,23.06055556,715.5094062,63.33608656,22.90321429,17.2,220.0449524,44.30996944,13.85377778,7.917707407
2025-10-28 13:45:00+00:00,651.0723639,62.76573963,23.07678571,677.4586132,64.57699761,22.82301587,17.2,223.4702528,57.95654321,12.41081633,7.970372913
2025-10-28 14:00:00+00:00,656.2889533,61.5691226,23.03444444,672.717261,63.64601177,22.82571429,17.15595238,226.7695116,39.90876586,10.92412495,7.648111111
2025-10-28 14:15:00+00:00,643.5141721,61.92991453,22.96798148,672.0183641,63.71341629,22.78,17.1,230.0608148,31.17136342,9.330529101,7.615038023
2025-10-28 14:30:00+00:00,629.0294855,60.87372983,22.90607143,660.0633411,63.14901188,22.65544643,17.1,233.2888851,20.19051769,7.668488198,7.554110889
2025-10-28 14:45:00+00:00,615.9574074,62.23333333,22.88,620.965594,63.3561601,22.6,17.1,236.5209233,21.03038004,5.918798942,7.511728571
2025-10-28 15:00:00+00:00,600.5966667,63.01124098,22.80740741,613.4103804,63.27327256,22.47825397,17.68,239.8049672,13.47181846,4.026762626,7.647458495
2025-10-28 15:15:00+00:00,588.3551778,62.44659994,22.76933333,609.7979377,62.04556525,22.45444444,16.96922222,242.6989866,6.784547528,2.276534679,7.650695416
2025-10-28 15:30:00+00:00,574.9636141,62.30238095,22.71071429,593.6887343,62.0308041,22.38214286,17.52307692,245.8602721,2.437223424,0.332312925,7.555828755
2025-10-28 15:45:00+00:00,563.5964321,61.9458189,22.67888889,574.9978005,61.18245734,22.3,16.8622449,249.1573016,0.648880061,-1.694825397,7.422285714
2025-10-28 16:00:00+00:00,560.7765581,62.17887106,22.7,562.1353173,62.278322,22.24545455,18.19954497,252.1545238,0.104630952,-3.69848718,7.2
2025-10-28 16:15:00+00:00,568.8215854,62.98714286,22.7,564.0615488,61.56048001,22.17428571,17.39022222,255.2329071,0.0,-5.785358641,6.979506036
2025-10-28 16:30:00+00:00,574.6514286,61.98044218,22.67166667,558.6256265,61.90466528,22.16056122,18.25714286,258.2797327,0.0,-7.86534864,6.910504202
2025-10-28 16:45:00+00:00,576.9515257,62.57714157,22.59333333,552.0604554,62.03200503,22.1140404,17.94740741,261.341522,0.0,-10.04529365,6.730986628
2025-10-28 17:00:00+00:00,578.9901371,63.27979819,22.6,550.9787251,62.14497912,22.1,18.00592285,264.0214566,0.0,-11.90101596,6.565619287
2025-10-28 17:15:00+00:00,581.7753102,62.6581231,22.6,553.1417349,62.05378635,22.1,18.65119048,267.3979592,0.0,-14.29387755,6.356989796
2025-10-28 17:30:00+00:00,580.0081396,62.84691735,22.57333333,554.9578801,62.30089101,22.01259259,18.29333333,270.3402862,0.0,-16.3375582,6.246305628
2025-10-28 17:45:00+00:00,563.8158481,62.64277778,22.5,551.6170563,62.29912793,21.99333333,18.66403846,273.7877698,0.0,-18.70003968,6.384595238
2025-10-28 18:00:00+00:00,549.4366071,62.5902752,22.43571429,545.5314529,62.71705225,21.9,18.80714286,276.8044192,0.0,-20.7439059,5.945793651
2025-10-28 18:15:00+00:00,539.0715439,62.93192437,22.4,538.4774747,62.24120098,21.9,19.10666667,279.7930394,0.0,-22.73729622,5.824153624
2025-10-28 18:30:00+00:00,530.058898,62.49967172,22.36928571,531.5516109,62.67190198,21.84333333,19.31016667,283.2969062,0.0,-24.9865368,5.782
2025-10-28 18:45:00+00:00,522.0285405,61.66799331,22.3,525.2735049,62.58041776,21.8,19.59,286.4949697,0.0,-26.95777778,5.8
2025-10-28 19:00:00+00:00,516.3190614,62.82454305,22.29761905,519.058217,62.47623765,21.77767857,19.82261905,289.9691071,0.0,-29.06438492,5.95260771
2025-10-28 19:15:00+00:00,512.5769535,62.9818965,22.24666667,514.7919814,62.15990676,21.7,19.99333333,293.6260215,0.0,-31.11908159,6.13002467
2025-10-28 19:30:00+00:00,507.3303083,62.64206972,22.2,510.3386508,62.57355415,21.7,20.1412963,297.4361481,0.0,-33.13875926,6.223592593
2025-10-28 19:45:00+00:00,503.9260269,62.31651822,22.16,505.8004136,62.8087248,21.7,20.50666667,301.2279735,0.0,-35.02827609,6.590226884
2025-10-28 20:00:00+00:00,501.6029293,9.0,22.1,503.8350157,8.857142857,21.7,21.15576923,305.0649802,0.0,-36.7994228,6.415018315
2025-10-28 20:15:00+00:00,501.2563088,0.0,22.1,502.8899994,0.0,21.7,20.77666667,309.2082583,0.0,-38.58183213,6.175047619
2025-10-28 20:30:00+00:00,500.6264272,0.0,22.1,501.747815,0.0,21.7,20.6,313.4208574,0.0,-40.19231818,6.211422318
2025-10-28 20:45:00+00:00,499.3166151,0.0,22.1,500.8373519,0.0,21.7,20.44285714,317.8475,0.0,-41.71840703,6.377920918
2025-10-28 21:00:00+00:00,499.6194367,0.0,22.01333333,500.216,0.0,21.7,20.24047619,322.3386536,0.0,-43.08377778,6.481333333
2025-10-28 21:15:00+00:00,497.04526,0.0,22.0,499.6660354,0.0,21.7,19.832,327.1498519,0.0,-44.37529125,6.578229798
2025-10-28 21:30:00+00:00,496.609774,0.0,22.0,498.3931355,0.0,21.7,19.463,331.5821209,0.0,-45.42534913,6.604555882
2025-10-28 21:45:00+00:00,494.7602072,0.0,22.0,496.8687884,0.0,21.6,19.05436508,336.7812466,0.0,-46.39426177,6.695597403
2025-10-28 22:00:00+00:00,494.0413633,0.0,21.96566667,495.6594737,0.0,21.6,18.62952381,342.1106197,0.0,-47.20525253,6.692570513
2025-10-28 22:15:00+00:00,493.1637963,0.0,21.9,494.7312979,0.0,21.6,18.17619048,347.4549339,0.0,-47.78142063,6.831161111
2025-10-28 22:30:00+00:00,492.9596445,0.0,21.9,493.885058,0.0,21.6,17.84761905,352.4657823,0.0,-48.18333333,6.821084184
2025-10-28 22:45:00+00:00,490.20662,0.0,21.9,492.7251429,0.0,21.6,17.44285714,271.9990741,0.0,-48.38,6.906888889
2025-10-28 23:00:00+00:00,490.1736329,0.0,21.90266667,491.7816706,0.0,21.6,17.03333333,3.657525253,0.0,-48.36,7.060239538
2025-10-28 23:15:00+00:00,489.0948107,0.0,21.996,491.3341528,0.0,21.6,16.61964286,8.929080808,0.0,-48.15247138,7.441
2025-10-28 23:30:00+00:00,488.7172619,0.0,22.0,490.2838362,0.0,21.6,16.26011905,14.44517857,0.0,-47.6839881,7.763311688
2025-10-28 23:45:00+00:00,487.024697,0.0,22.0,489.6843987,0.0,21.6,15.94166667,19.54402116,0.0,-47.08066667,8.258153032
2025-10-29 00:00:00+00:00,486.8295861,0.0,22.0,488.7371403,0.0,21.6,15.73333333,24.77459259,0.0,-46.27222222,8.650333333
2025-10-29 00:15:00+00:00,485.1700551,0.0,22.0,487.5091256,0.0,21.6,15.53571429,29.64228022,0.0,-45.29763889,8.871428571
2025-10-29 00:30:00+00:00,485.2020886,0.0,21.97333333,486.9294082,0.0,21.6,15.39,34.15525926,0.0,-44.24404233,8.975111111
2025-10-29 00:45:00+00:00,484.2336111,0.0,21.9,485.4268971,0.0,21.6,15.22355556,39.08940741,0.0,-42.88349206,9.061244444
2025-10-29 01:00:00+00:00,482.7640138,0.0,21.9,485.5133766,0.0,21.59141414,15.23911111,43.77370075,0.0,-41.44007143,9.002990741
2025-10-29 01:15:00+00:00,482.3255665,0.0,21.9,484.3352195,0.0,21.57017007,15.085,48.03974632,0.0,-39.90587302,8.998829365
2025-10-29 01:30:00+00:00,481.2010387,0.0,21.9,483.2084753,0.0,21.55333333,14.9,51.92350305,0.0,-38.39881674,8.951666667
2025-10-29 01:45:00+00:00,480.3674684,0.0,21.9,481.7455905,0.0,21.5,14.83142857,56.24222222,0.0,-36.5215873,8.997481482
2025-10-29 02:00:00+00:00,479.914317,0.0,21.8877551,479.9248706,0.0,21.50625,14.7,60.16236575,0.0,-34.65887317,9.0
2025-10-29 02:15:00+00:00,479.4855998,0.0,21.8,479.8911754,0.0,21.5,14.7,63.19403114,0.0,-33.13517216,9.062857143
2025-10-29 02:30:00+00:00,478.485404,0.0,21.8,478.8378715,0.0,21.5,14.6,67.5197381,0.0,-30.82990741,9.1
2025-10-29 02:45:00+00:00,478.6155383,0.0,21.8,477.9731727,0.0,21.5,14.5,71.05050387,0.0,-28.77847863,9.002989418
2025-10-29 03:00:00+00:00,477.1367266,0.0,21.8,477.7828292,0.0,21.5,14.5,74.29797619,0.0,-26.82988095,9.09725
2025-10-29 03:15:00+00:00,476.6468498,0.0,21.8,476.7499715,0.0,21.532,14.5,77.80365993,0.0,-24.68454329,9.192063492
2025-10-29 03:30:00+00:00,479.2719094,0.0,21.85,486.7968671,0.0,21.63833333,14.44,81.07564815,0.0,-22.55346801,9.296205128
2025-10-29 03:45:00+00:00,494.1812628,0.0,21.86428571,512.8878098,0.0,21.71494898,14.4,84.19537764,0.0,-20.4814059,9.315748299
2025-10-29 04:00:00+00:00,500.4454658,19.26560606,22.02706349,508.2421922,21.42986197,21.77018519,14.7,87.12475173,0.0,-18.51768687,9.461025641
2025-10-29 04:15:00+00:00,497.4688647,58.34825114,22.08968254,503.8671793,61.3778713,21.83333333,22.09910053,90.58837037,0.0,-16.12279365,9.591481482
2025-10-29 04:30:00+00:00,493.3033769,58.3953639,22.02666667,498.2878441,61.80390756,21.9,22.87659259,93.7183254,0.0,-13.92352092,9.493333333
2025-10-29 04:45:00+00:00,492.1376961,58.34965085,22.03035714,497.0019991,61.54350097,21.9275,21.09904762,96.52201608,0.0,-11.96291229,9.470634921
2025-10-29 05:00:00+00:00,491.0007457,59.02108262,22.08666667,496.8574838,61.79128892,22.03333333,22.22444444,99.39299145,0.0,-9.968760684,9.556950183
2025-10-29 05:15:00+00:00,488.3463649,58.19025974,22.15583333,496.8282431,62.20291071,22.1,22.13511111,102.403127,0.0,-7.89731746,9.470064491
2025-10-29 05:30:00+00:00,486.0942298,57.80029774,22.2,509.4125874,61.54896611,22.11488095,21.99857143,105.4933566,0.0,-5.737362637,9.563120748
2025-10-29 05:45:00+00:00,485.8075262,63.04416667,22.18,516.7701684,61.35983333,22.08285714,22.23316327,108.7289444,0.059729915,-3.581577922,9.644636752
2025-10-29 06:00:00+00:00,491.4441667,64.65222278,22.09904762,523.5468483,60.9719475,22.01333333,21.76968254,111.6392226,0.806468256,-1.673441595,9.347446879
2025-10-29 06:15:00+00:00,497.3042877,63.34594017,22.234,530.5274959,61.03755216,22.22,22.13333333,115.0597151,4.248457228,0.466011396,9.506150794
2025-10-29 06:30:00+00:00,521.1257109,63.47653061,22.30178571,555.3456741,61.65403086,22.36785714,21.97142857,118.1516964,12.23157978,2.349872449,9.523571429
2025-10-29 06:45:00+00:00,564.947315,63.42636845,22.37846154,592.7802227,60.50582331,22.56777778,21.92615385,121.3028882,28.67103698,4.220919192,9.61717501
2025-10-29 07:00:00+00:00,599.0588235,63.58141026,22.40175084,633.7366905,62.5747608,22.55904762,22.09661376,124.3418961,41.21089376,5.921772006,9.772034632
2025-10-29 07:15:00+00:00,652.5106962,64.40214389,22.37142857,649.1948052,61.85032468,22.50595238,21.98392857,127.7248512,51.633,7.792857143,9.615178571
2025-10-29 07:30:00+00:00,684.7686342,63.40849817,22.54666667,647.1684934,61.05455755,22.41777778,21.9,130.3797411,87.08608515,9.071514042,9.825254233
2025-10-29 07:45:00+00:00,712.8650954,63.96740118,22.52666667,657.1931848,61.46645115,22.4275,21.90666667,134.3279916,92.4970663,10.98906926,9.986504089
2025-10-29 08:00:00+00:00,736.197208,63.48601876,22.63333333,695.8586694,61.48616991,22.57214815,21.69166667,137.8491111,90.70067334,12.53283333,10.10927946
2025-10-29 08:15:00+00:00,754.9407654,63.432505,22.94952381,700.8506653,61.54840233,22.70986395,21.52142857,141.1464796,126.8236837,13.85192177,10.22501051
2025-10-29 08:30:00+00:00,767.8494951,64.38552372,22.99783886,711.1088062,61.90149357,22.7,21.42583333,144.5136685,129.441505,15.09693693,10.84071969
2025-10-29 08:45:00+00:00,775.696578,64.29806475,22.93362005,749.173631,61.99368887,22.69836341,21.18132756,148.3794105,108.762494,16.40660548,10.77113442
2025-10-29 09:00:00+00:00,759.5135197,64.06899093,23.03769841,786.3847729,76.48787284,22.89204082,20.675,151.5962585,103.7171447,17.37397959,10.95801871
2025-10-29 09:15:00+00:00,766.5450926,62.91904762,23.09504762,787.2457387,90.43283076,23.08007407,20.46666667,155.7255556,90.38525202,18.42933333,10.88102165
2025-10-29 09:30:00+00:00,769.3212577,61.88894667,23.13634921,821.272699,119.1002056,23.12076094,20.2807619,159.2135553,94.49295474,19.19247487,11.00828096
2025-10-29 09:45:00+00:00,758.3201895,63.3794849,23.21766667,769.9890505,71.99472454,23.13333333,19.83333333,163.2306662,128.419563,19.92464069,11.22473427
2025-10-29 10:00:00+00:00,775.8281926,63.7930839,23.2939881,778.3228412,67.41235632,23.16428571,19.69619048,166.7704963,183.0985625,20.46707856,11.19698928
2025-10-29 10:15:00+00:00,762.8667632,65.96476431,23.36,772.7537785,72.12231733,23.15666667,19.44,170.6743947,223.400368,20.87286674,11.55846394
2025-10-29 10:30:00+00:00,787.2835309,68.04450549,23.38111111,773.1956494,65.16780586,23.11077778,19.03733333,174.7308658,169.9239359,21.18666667,11.81682251
2025-10-29 10:45:00+00:00,798.4186596,72.76813853,23.32044444,751.5782744,59.87841227,23.07993939,18.885,178.7861648,155.8175907,21.3,11.71165085
2025-10-29 11:00:00+00:00,769.2894841,65.34259946,23.32032313,722.0642122,60.12918929,23.1,18.63333333,182.5448013,104.2397261,21.29285714,11.6782533
2025-10-29 11:15:00+00:00,739.8367196,65.12192678,23.36666667,725.7735523,59.54819418,23.10231481,18.29333333,185.9022222,97.33962298,21.13333333,11.49901616
2025-10-29 11:30:00+00:00,740.4315671,64.52258852,23.39585185,807.8476566,82.35205464,23.23066667,18.10933333,190.3247884,109.0640055,20.80888889,11.92335979
2025-10-29 11:45:00+00:00,760.2904481,63.91755369,23.40714286,828.1619368,112.0574083,23.29285714,18.03054422,193.889032,123.3352315,20.4175369,11.84292328
2025-10-29 12:00:00+00:00,757.9064083,65.3008177,23.50190476,764.3230834,71.42915304,23.51333333,17.76666667,197.9841852,165.5341848,19.76222222,12.26977407
2025-10-29 12:15:00+00:00,790.0089294,66.90798412,23.48857143,851.0431024,144.5568221,23.51212121,17.5392381,201.825336,103.3118666,19.03189337,12.05030309
2025-10-29 12:30:00+00:00,773.2944523,65.36984127,23.54380952,835.0557641,117.5658587,23.58833333,17.618,205.5054444,77.35539895,18.21,11.55988889
2025-10-29 12:45:00+00:00,759.76625,66.29115646,23.58011905,785.1250327,87.57563012,23.60571429,17.42410714,209.0317821,107.1879241,17.2648825,11.73290034
2025-10-29 13:00:00+00:00,766.1150935,66.74566563,23.53777778,785.040042,80.47776845,23.58583333,16.88833333,212.8449074,72.23708837,16.09719836,12.22038788
2025-10-29 13:15:00+00:00,762.2299391,66.39486698,23.57333333,791.0151311,84.19851484,23.47619048,17.02933333,216.370582,49.53169481,14.86571429,11.95880952
2025-10-29 13:30:00+00:00,774.0782654,65.64174332,23.51877551,803.8972589,91.82689137,23.62698413,16.86122449,219.0359815,54.77803261,13.87547619,12.1454995
2025-10-29 13:45:00+00:00,741.0680026,66.04823158,23.59033333,752.1816776,68.84280209,23.59733333,16.97733333,223.1855173,39.69553787,12.17276551,12.20344367
2025-10-29 14:00:00+00:00,756.2874798,65.02492085,23.45447619,820.9254167,106.1709322,23.40339683,16.97720899,226.5889478,29.79235327,10.66272202,12.14186089
2025-10-29 14:15:00+00:00,754.1167775,65.04161513,23.34654762,804.6041616,98.57116396,23.16153061,17.18761905,230.0400092,8.026455261,8.951913265,11.76922902
2025-10-29 14:30:00+00:00,709.5280812,66.63566545,23.32277778,716.9640665,68.1812237,23.05916667,17.02,233.2161409,4.825458054,7.333027417,11.6389614
2025-10-29 14:45:00+00:00,667.9519081,66.6525863,23.21333333,677.5340171,68.18916551,22.89166667,17.18666667,236.5124519,4.079867743,5.521050505,11.29995479
2025-10-29 15:00:00+00:00,640.3972222,63.83221001,23.21333333,651.2181794,64.4572657,22.81333333,17.58472222,239.0698148,3.195427317,4.059365079,11.2265
2025-10-29 15:15:00+00:00,620.7097091,66.56998299,23.11428571,632.6618698,66.16365619,22.71428571,16.46428571,242.7096939,1.934746702,1.901884921,11.90746032
2025-10-29 15:30:00+00:00,604.2596978,63.97104303,23.05025397,611.8501367,63.02326827,22.61568519,18.14385185,245.1222489,0.884007969,0.388601732,11.58860823
2025-10-29 15:45:00+00:00,587.307451,62.37050881,22.94,594.3373794,59.54814526,22.54,17.43024339,248.5170995,0.187584836,-1.706974322,11.39925366
2025-10-29 16:00:00+00:00,576.1324144,63.01670918,22.85,580.3873941,59.62947922,22.5,18.02936508,252.0408488,0.001879699,-4.024908009,11.02020292
2025-10-29 16:15:00+00:00,566.8655619,62.13215686,22.8,569.1824375,60.13955035,22.4,17.10380952,255.0453047,0.0,-6.036014671,10.79509127
2025-10-29 16:30:00+00:00,558.727262,62.39492535,22.8,560.790205,59.703025,22.34365079,17.48206349,258.057082,0.0,-8.125206349,10.64725132
2025-10-29 16:45:00+00:00,552.3915546,62.39868347,22.74,553.2272188,60.22184132,22.3,18.54133333,260.796,0.0,-10.08266667,10.59333333
2025-10-29 17:00:00+00:00,545.1508785,62.17670068,22.7,545.6859788,59.19900794,22.29285714,17.30765306,264.1970238,0.0,-12.44499459,10.61639403
2025-10-29 17:15:00+00:00,540.3337984,61.54443127,22.67989418,540.8971997,59.55150076,22.2,18.54182011,267.2612222,0.0,-14.58988889,10.56774002
2025-10-29 17:30:00+00:00,536.2927474,62.34781705,22.62628571,535.1539504,59.8924407,22.2,17.81471429,270.2329274,0.0,-16.65708606,10.89571808
2025-10-29 17:45:00+00:00,532.7347044,62.20163963,22.6,530.8484309,59.51441733,22.15531463,18.67840136,273.3616082,0.0,-18.82920351,10.76789541
2025-10-29 18:00:00+00:00,529.903499,61.97272727,22.55,528.1146525,59.90452915,22.1,18.8452381,276.4508901,0.0,-20.88949134,10.91175079
2025-10-29 18:15:00+00:00,526.35,62.10358364,22.5,524.7633632,59.68131622,22.1,18.60444444,279.88,0.0,-23.18805556,11.19831111
2025-10-29 18:30:00+00:00,524.9624857,62.21188071,22.48,522.7754553,60.55763955,22.1,18.61666667,283.0595423,0.0,-25.23038095,11.42189815
2025-10-29 18:45:00+00:00,521.8195878,61.52169705,22.4,521.1526525,59.1423902,22.0052381,18.78321429,286.6068764,0.0,-27.41735183,11.5811678
2025-10-29 19:00:00+00:00,519.7341734,62.17073232,22.4,519.8302503,59.29575617,22.0,19.24751323,289.9163267,0.0,-29.38920635,11.51614356
2025-10-29 19:15:00+00:00,518.7357108,62.25555556,22.4,518.7859649,60.19699681,22.0,18.93333333,293.6880212,0.0,-31.53108201,11.50577778
2025-10-29 19:30:00+00:00,516.8744971,62.97076345,22.4,517.0157895,60.01084593,22.0,19.28351648,297.1014031,0.0,-33.34221939,11.41377551
2025-10-29 19:45:00+00:00,515.3418454,61.96413345,22.379,515.4070247,59.87334992,21.92,19.46666667,300.7813544,0.0,-35.17907433,11.53497436
2025-10-29 20:00:00+00:00,515.4825528,0.0,22.3,514.7898724,0.0,21.9,19.5,305.2291617,0.0,-37.24617277,11.05810606
2025-10-29 20:15:00+00:00,514.1811383,0.0,22.3,514.4445887,0.0,21.9,19.44,309.0267521,0.0,-38.82086895,10.90444103
2025-10-29 20:30:00+00:00,513.4570283,0.0,22.3,513.5308204,0.0,21.9,19.4,313.3691667,0.0,-40.53167259,10.91117347
2025-10-29 20:45:00+00:00,513.8798997,0.0,22.3,512.9498646,0.0,21.9,19.35333333,317.4800195,0.0,-41.97653439,10.85033333
2025-10-29 21:00:00+00:00,512.4527002,0.0,22.3,511.844435,0.0,21.9,19.28333333,322.4108983,0.0,-43.46571759,10.75603968
2025-10-29 21:15:00+00:00,511.3663259,0.0,22.3,511.0463886,0.0,21.9,19.2,326.8637013,0.0,-44.67071429,10.7212381
2025-10-29 21:30:00+00:00,510.7106085,0.0,22.3,510.5322887,0.0,21.9,19.13333333,331.8069545,0.0,-45.80656061,10.65019048
2025-10-29 21:45:00+00:00,510.6780085,0.0,22.3,509.8898955,0.0,21.9,19.1,336.7237779,0.0,-46.72153535,10.5182963
2025-10-29 22:00:00+00:00,509.8526034,0.0,22.3,509.7933333,0.0,21.9,19.1,342.2948651,0.0,-47.55047619,10.5
2025-10-29 22:15:00+00:00,509.1664152,0.0,22.3,508.807663,0.0,21.9,19.03571429,347.3625539,0.0,-48.11172619,10.45018457
2025-10-29 22:30:00+00:00,507.8683618,0.0,22.3,507.1827413,0.0,21.83333333,18.91785955,352.7228571,0.0,-48.51333333,10.4
2025-10-29 22:45:00+00:00,507.0034163,0.0,22.29833333,506.8057553,0.0,21.8,18.84,285.9128624,0.0,-48.67469841,10.32427595
2025-10-29 23:00:00+00:00,506.3167502,0.0,22.25897436,506.6833791,0.0,21.8,18.6982906,3.508888889,0.0,-48.67142857,10.20484874
2025-10-29 23:15:00+00:00,504.0330769,0.0,22.3,505.6242036,0.0,21.8,18.46879365,8.977539683,0.0,-48.44809524,10.15458333
2025-10-29 23:30:00+00:00,503.7497222,0.0,22.27692308,505.0960317,0.0,21.8,18.34,14.52321308,0.0,-48.02759259,10.09993939
2025-10-29 23:45:00+00:00,502.7179624,0.0,22.23194805,503.8045912,0.0,21.8,18.23066667,19.33901515,0.0,-47.487,10.1
2025-10-30 00:00:00+00:00,502.9647817,0.0,22.2,502.4056809,0.0,21.8,18.09285714,24.72490064,0.0,-46.60178571,10.10456349
2025-10-30 00:15:00+00:00,501.3673554,0.0,22.2,501.7425302,0.0,21.8,17.94659091,30.64087466,0.0,-45.45640693,10.2
2025-10-30 00:30:00+00:00,501.1659489,0.0,22.2,500.7991565,0.0,21.8,17.77327381,34.61361111,0.0,-44.4725,10.2
2025-10-30 00:45:00+00:00,499.7715995,0.0,22.2,499.9157143,0.0,21.8,17.64,39.32716911,0.0,-43.18815812,10.2
2025-10-30 01:00:00+00:00,498.2619048,0.0,22.2,499.2051282,0.0,21.8,17.5,43.50578704,0.0,-41.90610119,10.2
2025-10-30 01:15:00+00:00,497.859728,0.0,22.2,498.582615,0.0,21.8,17.42533333,48.05210256,0.0,-40.26597497,10.2
2025-10-30 01:30:00+00:00,496.6341249,0.0,22.2,498.4058385,0.0,21.77648148,17.27767857,52.08627778,0.0,-38.69126022,10.2286
2025-10-30 01:45:00+00:00,497.5422488,0.0,22.2,496.8130363,0.0,21.71644444,17.14825397,56.27368927,0.0,-36.85311688,10.2
2025-10-30 02:00:00+00:00,494.6306689,0.0,22.2,496.0,0.0,21.7,17.00204082,60.36934524,0.0,-34.93251701,10.3202381
2025-10-30 02:15:00+00:00,495.0391029,0.0,22.2,495.3126834,0.0,21.72955556,16.85714286,64.17874074,0.0,-33.01486772,10.397
2025-10-30 02:30:00+00:00,494.5222403,0.0,22.2,493.8802131,0.0,21.73066667,16.75555556,67.77198413,0.0,-31.07142857,10.31492063
2025-10-30 02:45:00+00:00,492.8842382,0.0,22.2,493.0428748,0.0,21.7,16.59333333,71.00074074,0.0,-29.19666667,10.30066667
2025-10-30 03:00:00+00:00,492.0297619,0.0,22.2,493.1710526,0.0,21.7,16.41666667,74.8069697,0.0,-26.93944805,10.30517361
2025-10-30 03:15:00+00:00,492.5961231,0.0,22.1547619,493.65765,0.0,21.71944444,16.33333333,77.72846154,0.0,-25.12655556,10.11204322
2025-10-30 03:30:00+00:00,496.9786786,0.0,22.16,499.0151744,0.0,21.85333333,16.3,81.07669481,0.0,-22.94971429,9.851088889
2025-10-30 03:45:00+00:00,511.0825385,0.0,22.22,519.4191358,0.0,21.9,16.18222222,84.46496076,0.0,-20.71221251,9.863474942
2025-10-30 04:00:00+00:00,517.1479196,18.24101921,22.26428571,517.8972275,18.23517787,21.9,16.25791209,87.54626623,0.0,-18.59923469,9.79952381
2025-10-30 04:15:00+00:00,513.4480219,57.94016317,22.24190476,515.5453333,57.10169697,21.9,20.7215873,90.71659199,0.0,-16.43455459,10.32116667
2025-10-30 04:30:00+00:00,510.2848941,58.68205128,22.2647619,514.6321482,56.03905863,21.9,21.19777778,93.8506455,0.0,-14.23865608,10.36441151
2025-10-30 04:45:00+00:00,508.2313655,59.25918711,22.29333333,512.8047821,60.55094567,21.9,20.26666667,96.94222222,0.0,-12.09074074,10.13246667
2025-10-30 05:00:00+00:00,506.0219246,58.91428571,22.23571429,511.5921563,61.19229712,21.9,20.69285714,100.011267,0.0,-9.922746599,10.64287338
2025-10-30 05:15:00+00:00,505.7439756,58.53210659,22.2,511.2703913,61.98750585,21.94,20.8552381,102.7467222,0.0,-8.002777778,10.56035859
2025-10-30 05:30:00+00:00,504.3322044,58.24042735,22.24928571,509.5162963,61.28731526,22.0,21.0,106.0432194,0.0,-5.757166667,11.50545299
2025-10-30 05:45:00+00:00,508.3141667,59.37268477,22.23071429,509.2091008,61.69091607,21.9721164,21.03333333,109.1184786,0.008836601,-3.658476191,11.26565059
2025-10-30 06:00:00+00:00,515.7836174,58.31454828,22.17071429,520.2358707,61.13175231,22.17665816,21.1,112.0687535,0.316084044,-1.77850469,11.4183676
2025-10-30 06:15:00+00:00,534.5031691,57.90134454,22.27533333,545.0321805,60.48991717,22.29666667,21.1,115.0506569,0.768861037,0.116000907,11.01147774
2025-10-30 06:30:00+00:00,564.4408817,61.02445667,22.15725589,587.3871062,59.4953645,22.44970422,21.20552189,117.9059098,1.594096841,1.795740954,10.88279372
2025-10-30 06:45:00+00:00,616.109927,60.31460137,22.42346939,649.1033505,59.95368679,22.64437358,21.3,121.5253486,3.181703515,3.97,10.90787698
2025-10-30 07:00:00+00:00,656.532183,61.37484682,22.40512626,696.9929793,59.49670267,22.58419048,21.3,124.2497372,3.972896855,5.509153439,10.53672905
2025-10-30 07:15:00+00:00,720.2373,62.23115079,22.61213468,751.3764403,59.86774073,22.58143098,21.3,127.8564329,7.223142444,7.483854016,10.21219589
2025-10-30 07:30:00+00:00,783.7938501,59.76579372,22.81639194,781.8379834,61.0123564,22.67797619,21.3,130.9865125,9.179482126,9.019582343,9.778658769
2025-10-30 07:45:00+00:00,796.1475331,66.12416274,22.72323129,828.6659378,107.8840703,22.78290043,21.36488095,134.5265646,8.274610636,10.73717687,9.605238095
2025-10-30 08:00:00+00:00,825.4711468,87.25010304,22.75844444,839.3693496,114.6820803,22.8,21.20190476,137.9385177,11.52625674,12.2262151,9.420395419
2025-10-30 08:15:00+00:00,808.0514231,77.04452584,22.92444444,829.885045,107.8993484,22.85047619,21.1,141.4450832,11.50537523,13.63711688,9.3
2025-10-30 08:30:00+00:00,788.5321119,63.45031844,22.9352619,846.062987,122.4756723,23.04133333,21.06666667,144.8285219,13.45568446,14.87005163,9.275608466
2025-10-30 08:45:00+00:00,778.2508162,60.77601815,23.04308333,841.2913197,121.9178292,23.12,20.65278571,148.4718347,14.41867909,16.08636029,9.252904762
2025-10-30 09:00:00+00:00,751.1541919,61.81937229,23.16190476,791.7909091,82.51842602,23.044,20.38441558,152.0374045,17.72385791,17.16485137,9.198952381
2025-10-30 09:15:00+00:00,753.8178488,61.45268926,23.02628571,849.7300536,138.1228016,23.15911111,20.25714286,155.2065093,18.3308745,17.95752544,9.106933333
2025-10-30 09:30:00+00:00,744.7362901,60.98549784,23.055,824.4761753,111.2582983,23.15238095,19.95333333,159.3820513,25.755406,18.89750842,9.049481482
2025-10-30 09:45:00+00:00,737.9433308,61.63982644,23.20535714,801.3744931,86.06448173,23.12482993,19.65654762,163.2563265,20.9748847,19.61787467,9.035159515
2025-10-30 10:00:00+00:00,742.5098567,61.71049847,23.21269841,842.6171589,115.098591,23.15564815,19.38666667,167.1083307,28.46088042,20.1647619,9.058833333
2025-10-30 10:15:00+00:00,759.4374359,60.45632608,23.01555556,861.9425031,145.6844444,23.24444444,19.13844444,170.996381,27.00223452,20.60419048,8.868783069
2025-10-30 10:30:00+00:00,752.5606911,61.01785714,23.15,786.9645537,96.9036301,23.07142857,18.79544218,174.6686848,18.81151512,20.86356293,8.948743197
2025-10-30 10:45:00+00:00,712.3016158,61.77608225,23.17116667,711.9063353,65.21910331,22.95809524,18.64166667,178.6622222,20.271577,21.0,8.999333333
2025-10-30 11:00:00+00:00,700.6792645,62.35077441,23.19116667,701.3563041,64.4087555,22.96095238,18.31333333,182.2617857,29.00161159,20.98571429,9.041460318
2025-10-30 11:15:00+00:00,706.2611823,59.58759259,23.11222222,761.4333455,64.86178266,23.11539683,18.17555556,186.3575476,36.43632156,20.82583333,9.185746032
2025-10-30 11:30:00+00:00,694.9358606,60.33015873,23.22785714,798.9700143,88.60998984,23.29047619,17.82142857,190.3054847,26.46031,20.50265873,9.22167517
2025-10-30 11:45:00+00:00,701.3266751,60.75941859,23.28544444,828.8038385,117.8442191,23.2047619,17.59666667,193.8016667,28.59873297,20.13916667,9.186111111
2025-10-30 12:00:00+00:00,733.3883542,62.41087283,23.32380952,844.4698892,135.1745155,23.22443122,17.5,197.9376984,31.1776046,19.45047619,9.238571429
2025-10-30 12:15:00+00:00,765.7064276,62.8799732,23.3052381,864.7394629,153.5134485,23.24880952,17.5,201.6956914,63.21437426,18.74511905,9.354048186
2025-10-30 12:30:00+00:00,760.4951072,62.76048951,23.42333333,805.1247623,99.64281145,23.3,17.27333333,205.3348333,53.2401142,17.89377778,9.304328042
2025-10-30 12:45:00+00:00,775.8415741,62.14455988,23.40111111,853.1185791,126.4408936,23.35333333,16.99377778,209.0295,77.9376484,16.92757143,9.425765873
2025-10-30 13:00:00+00:00,785.7572835,62.917536,23.44,865.909503,156.2949043,23.37866667,16.9,212.8274709,100.8212871,15.74722222,9.53957672
2025-10-30 13:15:00+00:00,779.5444278,63.00884354,23.53035714,793.8686114,98.56419414,23.33077098,16.82857143,216.0151786,51.90523901,14.63571429,9.560714286
2025-10-30 13:30:00+00:00,786.7125667,64.95563492,23.54222222,760.7219268,68.86064845,23.48042328,16.85666667,219.6423175,163.3212569,13.28595238,9.649285714
2025-10-30 13:45:00+00:00,796.5320044,71.10724868,23.45955556,813.7684081,124.7911937,23.68210317,17.15333333,223.2086823,161.7295947,11.81956878,10.0007463
2025-10-30 14:00:00+00:00,802.2880889,75.38706349,23.46666667,849.1854721,159.0473672,23.58761905,17.15150794,226.5391752,71.8128912,10.31207905,10.0116217
2025-10-30 14:15:00+00:00,779.2594019,65.78274573,23.46318681,798.1076097,107.6178387,23.44464286,17.14107143,229.9708595,33.11567667,8.649266527,9.829818594
2025-10-30 14:30:00+00:00,771.7131481,67.23794872,23.44183333,754.0144939,65.35434698,23.24931217,17.1,233.0691073,21.25724273,7.061820106,9.873713997
2025-10-30 14:45:00+00:00,732.6457021,63.36587302,23.38666667,718.1873673,64.08018001,23.18944444,17.01333333,236.4467828,8.638858776,5.199222222,9.733361616
2025-10-30 15:00:00+00:00,710.6413529,61.68353175,23.29571429,704.0489084,64.16487568,23.04206633,17.01380952,239.3473214,8.855811147,3.544314317,9.470654762
2025-10-30 15:15:00+00:00,685.2574011,61.84597082,23.20444444,692.388335,64.24100062,22.99888889,17.04521693,242.4666481,3.34211187,1.658764569,9.161506272
2025-10-30 15:30:00+00:00,662.8485714,60.78814815,23.17271429,657.9294645,63.49508033,22.93285714,16.96666667,245.8438254,1.74333349,-0.365925926,8.867242424
2025-10-30 15:45:00+00:00,642.1505556,61.00320513,23.2,636.169853,63.59029031,22.8,17.13222222,248.6855238,0.672187442,-2.196813853,9.008714286
2025-10-30 16:00:00+00:00,628.2938779,62.98761036,23.08928571,628.6789848,62.45522732,22.67,17.72380952,251.883944,0.033163265,-4.257792208,9.161339286
2025-10-30 16:15:00+00:00,611.4174074,62.99537278,23.00733333,617.9984512,62.49575758,22.57333333,17.08711111,254.9350427,0.0,-6.363988604,9.374700855
2025-10-30 16:30:00+00:00,597.6277099,62.55946368,23.0,599.870231,60.78331388,22.55812121,17.52928571,257.9024949,0.0,-8.401795094,9.168252525
2025-10-30 16:45:00+00:00,585.130464,63.86836735,22.91736111,584.9682738,62.91854256,22.5,17.75498299,260.532483,0.0,-10.27644558,9.089761905
2025-10-30 17:00:00+00:00,575.0669841,62.7552381,22.89761905,572.7575124,64.26983838,22.41333333,18.07857143,263.8991799,0.0,-12.61774929,9.228146439
2025-10-30 17:15:00+00:00,566.7452305,62.26448921,22.78666667,562.7899013,63.2552905,22.36833333,17.17711111,267.1406323,0.0,-14.89527513,9.151833333
2025-10-30 17:30:00+00:00,558.2471881,62.69936443,22.8,555.9686081,64.35909451,22.3,18.90357143,270.0801491,0.0,-16.97103319,9.154917027
2025-10-30 17:45:00+00:00,551.2718354,61.91690254,22.74285714,550.3514182,63.29705493,22.29285714,18.56387755,272.9542857,0.0,-18.96,8.973547619
2025-10-30 18:00:00+00:00,544.5816931,62.97702742,22.7,544.0341751,63.18296455,22.2,18.49011905,276.2476313,0.0,-21.18634127,8.731248148
2025-10-30 18:15:00+00:00,539.9383887,63.45079365,22.64615385,538.5344877,62.74482277,22.14285714,20.22948718,279.6154762,0.0,-23.42891156,8.698571429
2025-10-30 18:30:00+00:00,536.0860686,62.72071549,22.59857143,534.7936268,63.1343985,22.1,18.46666667,282.9590845,0.0,-25.55553571,8.780008503
2025-10-30 18:45:00+00:00,533.0652381,62.93227606,22.50444444,531.9402098,63.14248653,22.07698413,19.05538889,286.1815238,0.0,-27.61333333,8.751619048
2025-10-30 19:00:00+00:00,530.1367328,61.82584656,22.48222222,528.2604421,63.35528745,22.0,19.3,289.7301587,0.0,-29.694,8.702333333
2025-10-30 19:15:00+00:00,527.5521296,63.59219577,22.4,525.7056277,63.20833309,21.98666667,19.3,293.0144406,0.0,-31.55082973,8.604598513
2025-10-30 19:30:00+00:00,525.8405332,61.58248299,22.4,522.7743969,62.75996816,21.9,19.32142857,296.9416667,0.0,-33.63988095,8.394940476
2025-10-30 19:45:00+00:00,523.7475041,63.10731474,22.4,522.1738049,64.10546406,21.9,19.56838095,300.7142037,0.0,-35.52642857,8.287779894
2025-10-30 20:00:00+00:00,521.4322802,4.793333333,22.4,520.8715335,5.767272727,21.9,19.88516667,304.7623941,0.0,-37.40857143,8.060151515
2025-10-30 20:15:00+00:00,521.7510893,0.0,22.36,521.6037018,0.0,21.9,19.81428571,308.6988624,0.0,-39.07401058,8.000195286
2025-10-30 20:30:00+00:00,521.0348639,0.0,22.31038961,520.6948421,0.0,21.9,19.71785714,312.9024385,0.0,-40.72510902,8.024223253
2025-10-30 20:45:00+00:00,519.8684594,0.0,22.3,520.0083218,0.0,21.9,19.48222222,317.39364,0.0,-42.28529101,8.0
2025-10-30 21:00:00+00:00,519.7822027,0.0,22.3,518.3459318,0.0,21.9,19.2,321.9715079,0.0,-43.67051587,7.958738095
2025-10-30 21:15:00+00:00,517.967916,0.0,22.3,517.7487104,0.0,21.9,18.81315193,326.6840669,0.0,-44.9794898,7.898392857
2025-10-30 21:30:00+00:00,517.5641454,0.0,22.26,516.2078105,0.0,21.85122222,18.36840741,331.0500818,0.0,-45.99352573,7.769245791
2025-10-30 21:45:00+00:00,516.5825397,0.0,22.2,514.9357071,0.0,21.8,17.85847619,336.4884482,0.0,-47.02098235,7.604638384
2025-10-30 22:00:00+00:00,514.6012266,0.0,22.2,514.8727231,0.0,21.8,17.47996825,341.4117989,0.0,-47.7452381,7.460825397
2025-10-30 22:15:00+00:00,514.4981727,0.0,22.2,514.6577542,0.0,21.8,17.04285714,346.5198303,0.0,-48.36093407,7.280494506
2025-10-30 22:30:00+00:00,513.8821066,0.0,22.2,513.3574305,0.0,21.8,16.79059829,352.6363252,0.0,-48.83555556,7.182329365
2025-10-30 22:45:00+00:00,513.8367372,0.0,22.2,512.7682667,0.0,21.8,16.36718519,243.487561,0.0,-49.0,7.145700803
2025-10-30 23:00:00+00:00,513.145762,0.0,22.10714286,511.8052596,0.0,21.8,16.10428571,3.827564677,0.0,-48.98571429,6.988701299
2025-10-30 23:15:00+00:00,511.582249,0.0,22.1,511.9977391,0.0,21.74888889,15.785,9.114166667,0.0,-48.74416667,6.876666667
2025-10-30 23:30:00+00:00,510.4805945,0.0,22.1,511.2917924,0.0,21.7,15.54833333,14.69343651,0.0,-48.31724868,6.812966667
2025-10-30 23:45:00+00:00,509.9523145,0.0,22.1,509.9895804,0.0,21.7,15.26433333,19.78802525,0.0,-47.72414815,6.8
2025-10-31 00:00:00+00:00,509.8043641,0.0,22.1,509.359663,0.0,21.7,15.1,24.59659014,0.0,-47.00741497,6.876508634
2025-10-31 00:15:00+00:00,509.0117307,0.0,22.1,508.9210178,0.0,21.7,14.98666667,29.74730159,0.0,-45.96570707,7.023566667
2025-10-31 00:30:00+00:00,507.8954545,0.0,22.03633333,508.979697,0.0,21.7,14.80266667,34.84222222,0.0,-44.76666667,7.02
2025-10-31 00:45:00+00:00,507.6423108,0.0,22.0,508.3627453,0.0,21.7,14.73333333,39.52150974,0.0,-43.47480726,6.940910714
2025-10-31 01:00:00+00:00,506.8522129,0.0,22.0,506.5023106,0.0,21.7,14.66666667,43.89138889,0.0,-42.09666667,6.759745238
2025-10-31 01:15:00+00:00,506.8469308,0.0,22.0,506.2152212,0.0,21.7,14.5,47.91569651,0.0,-40.66411111,6.776666667
2025-10-31 01:30:00+00:00,504.4264448,0.0,22.0,505.834714,0.0,21.7,14.40444444,52.91577513,0.0,-38.71286243,6.72613961
2025-10-31 01:45:00+00:00,505.1573052,0.0,22.0,504.6310542,0.0,21.7,14.3,56.76309524,0.0,-37.02250567,6.434329932
2025-10-31 02:00:00+00:00,504.1111111,0.0,22.0,503.4349351,0.0,21.7,14.18666667,60.68855556,0.0,-35.16555556,6.3085
2025-10-31 02:15:00+00:00,503.2141005,0.0,22.0,502.8224436,0.0,21.7,14.1,64.24549495,0.0,-33.36566667,6.21967366
2025-10-31 02:30:00+00:00,503.0840909,0.0,22.0,502.3353535,0.0,21.64285714,14.06923077,67.95635204,0.0,-31.36488095,6.353095238
2025-10-31 02:45:00+00:00,502.4968254,0.0,22.0,501.3231868,0.0,21.6,13.94266667,71.46713203,0.0,-29.3534127,6.3964
2025-10-31 03:00:00+00:00,501.9192766,0.0,22.0,499.8528984,0.0,21.6,13.80666667,74.70728291,0.0,-27.41398268,6.366380952
2025-10-31 03:15:00+00:00,500.3380952,0.0,22.0,499.8025038,0.0,21.6,13.8,78.32394444,0.0,-25.12024074,6.575833333
2025-10-31 03:30:00+00:00,501.3652597,0.0,22.0,504.755487,0.0,21.64285714,13.79038462,81.2422292,0.0,-23.2399529,6.395591313
2025-10-31 03:45:00+00:00,522.4211867,0.0,21.96533333,518.8811582,0.0,21.76133333,13.62,84.61895286,0.0,-21.01009259,6.357474748
2025-10-31 04:00:00+00:00,521.3646604,19.905306,22.063,517.3651455,24.49589744,21.82022222,13.90333333,87.91572487,0.0,-18.76949495,6.504846413
2025-10-31 04:15:00+00:00,510.7978896,59.96211735,22.1,514.789152,61.13865122,21.9,20.3667602,90.95200724,0.0,-16.63413134,6.371146978
2025-10-31 04:30:00+00:00,511.802285,60.79049989,22.09555556,515.0925926,61.37336854,21.81795286,22.78079365,93.8320202,0.0,-14.6444697,6.475037879
2025-10-31 04:45:00+00:00,513.00324,61.01543457,22.07269841,515.3993583,60.99702261,21.896,20.4231746,97.06021958,0.0,-12.39660847,6.676467725
2025-10-31 05:00:00+00:00,513.5692261,60.37516917,22.01388889,515.8893849,60.69833728,21.9,21.91404762,100.0788148,0.0,-10.26751082,6.556513228
2025-10-31 05:15:00+00:00,514.0192015,60.25535793,22.05164835,515.8749234,60.66473403,21.95714286,21.46428571,102.8946429,0.0,-8.335827268,6.427619048
2025-10-31 05:30:00+00:00,513.9175163,59.86326797,22.14857143,516.4145029,61.20090739,22.074,21.66444444,105.9892525,0.0,-6.200905724,6.562805556
2025-10-31 05:45:00+00:00,514.1448547,60.46140212,22.1,516.2524033,60.60932851,22.15733333,22.024,109.292457,0.208411994,-3.953936989,6.828328042
2025-10-31 06:00:00+00:00,514.5190476,61.01597884,22.08666667,516.972563,61.29933068,22.09333333,21.63333333,112.2406349,1.468972564,-2.049111111,6.799412698
2025-10-31 06:15:00+00:00,517.5716407,59.96999936,22.07946429,519.5489332,59.60729348,22.0,22.20244898,115.2549367,6.064095398,-0.18598465,6.694309262
2025-10-31 06:30:00+00:00,527.3494304,61.09283069,22.11071429,527.1810426,62.08157997,22.01085714,21.84464286,118.0963367,16.21124781,1.584148148,6.736536111
2025-10-31 06:45:00+00:00,545.1601828,61.46329966,22.21555556,533.9647607,62.27326265,22.16666667,22.07333333,121.7122857,34.11811124,3.693904762,7.040730159
2025-10-31 07:00:00+00:00,549.2287965,61.05211634,22.26333333,546.1500526,61.72832682,22.17130952,22.02083333,124.8826304,48.65042408,5.475,7.176794991
2025-10-31 07:15:00+00:00,553.2419312,60.41425926,22.33653846,562.8484848,61.01401515,22.36666667,21.89423077,128.0329048,103.7411037,7.19457672,7.045
2025-10-31 07:30:00+00:00,567.4884982,59.74562604,22.39466667,580.3434419,59.94572036,22.44,22.0,131.3414418,118.90544,8.847976191,6.959047619
2025-10-31 07:45:00+00:00,581.1480241,60.80545214,22.40742857,595.4498106,61.94184249,22.59427778,22.0,134.541746,146.0285949,10.37642063,7.134666667
2025-10-31 08:00:00+00:00,586.5044643,60.69111722,22.37142857,608.4580281,61.25428957,22.60714286,22.0,138.1097944,163.6908457,11.94713203,7.494861111
2025-10-31 08:15:00+00:00,597.6167697,65.13657503,22.40949735,617.3215274,61.20609198,22.5,21.94896825,141.2243896,176.6220434,13.20171542,7.819242333
2025-10-31 08:30:00+00:00,605.0054233,61.46781651,22.44833333,619.4606993,60.25111888,22.5,21.72,145.1221984,109.9944799,14.61935714,8.296565079
2025-10-31 08:45:00+00:00,597.0150794,61.86422902,22.58571429,616.5306106,60.85298392,22.5,21.58571429,148.4775397,78.19913272,15.73880952,8.500428571
2025-10-31 09:00:00+00:00,607.0378865,61.36534745,22.50184127,633.9997616,59.96394045,22.49142857,21.36,152.1053607,123.0388918,16.7871746,8.586414652
2025-10-31 09:15:00+00:00,603.1653629,61.85820587,22.57333333,617.9073555,60.54504738,22.43333333,21.15333333,155.7524265,98.32182645,17.77407184,8.776262626
2025-10-31 09:30:00+00:00,599.0488176,61.10331002,22.51333333,617.5681909,60.43907271,22.5,21.05,159.6418507,218.7304514,18.63185185,9.304331298
2025-10-31 09:45:00+00:00,596.5251857,62.13863748,22.44844322,612.1781413,61.2347245,22.5,20.72078755,163.2858788,208.3605268,19.31587159,9.756608772
2025-10-31 10:00:00+00:00,600.0843098,61.46208533,22.5,611.9872591,60.471975,22.5,20.43333333,167.2128232,214.2542542,19.8715,10.25286744
2025-10-31 10:15:00+00:00,603.6668333,61.25535354,22.57333333,610.5778622,61.16936937,22.5,20.32444444,171.0301924,168.854647,20.29996753,10.58724339
2025-10-31 10:30:00+00:00,603.7942405,61.80162723,22.60454545,610.7038481,60.27450914,22.51872449,19.93636364,174.7884921,138.7899964,20.53809524,10.6794898
2025-10-31 10:45:00+00:00,601.7754646,61.6257672,22.54644444,615.2266123,60.50085553,22.5,19.86,178.5069965,113.6877285,20.692,10.80005186
2025-10-31 11:00:00+00:00,610.9822768,62.27111734,22.61818182,621.3720249,60.58208968,22.52615385,19.61340909,182.5653651,153.6620378,20.66276094,11.07575358
2025-10-31 11:15:00+00:00,609.8169985,61.59054576,22.67380952,618.5654155,60.89903765,22.53145743,19.48061224,186.4864201,185.2673332,20.49107143,11.42962585
2025-10-31 11:30:00+00:00,602.7548998,61.5835761,22.72507937,606.562034,60.47603553,22.48,19.22154882,190.2156724,175.393246,20.19935185,11.49588793
2025-10-31 11:45:00+00:00,612.7400805,60.92144675,22.8,608.2797712,60.55618344,22.47407407,18.96153846,194.1353136,228.8053156,19.71354986,11.44966809
2025-10-31 12:00:00+00:00,616.9651796,61.70877493,22.70968254,609.2738844,60.81787438,22.59333333,18.9,197.9637221,205.735371,19.13641326,11.32132749
2025-10-31 12:15:00+00:00,617.747634,61.71414399,22.7,608.4266546,60.89348036,22.6,18.75384615,201.6275858,141.3014346,18.42874253,11.30944697
2025-10-31 12:30:00+00:00,592.4975748,62.23215942,22.695,615.3309941,61.04539499,22.57466667,18.45777778,205.1994507,121.3842186,17.6020817,10.84734882
2025-10-31 12:45:00+00:00,600.3755465,62.19614571,22.7,613.8500684,61.66415726,22.60762637,18.3,208.7387398,144.5717316,16.68354511,10.49537037
2025-10-31 13:00:00+00:00,596.9677964,61.89751323,22.65772222,611.4578311,61.11730769,22.61777778,18.3,212.5084947,138.4995965,15.51966931,10.93021414
2025-10-31 13:15:00+00:00,588.3530023,62.50103945,22.67959184,601.124916,61.48042798,22.62946429,18.17738095,216.135579,96.73662768,14.26136183,11.90113765
2025-10-31 13:30:00+00:00,582.724689,61.87228058,22.7,595.2736332,59.89083195,22.67030303,18.17434343,219.4885527,76.49723146,13.00205128,11.98775385
2025-10-31 13:45:00+00:00,580.1947941,61.73947712,22.70666667,587.9916756,61.35098385,22.62028571,18.19166667,223.0263886,62.55588805,11.535589,11.72294735
2025-10-31 14:00:00+00:00,575.4155471,61.6891985,22.7,582.0973755,60.57473798,22.60102041,18.2,226.3594796,47.36308153,10.03242528,11.42327231
2025-10-31 14:15:00+00:00,569.2247024,61.94277778,22.7,576.1232754,61.51785271,22.6,17.97511111,229.7873148,32.53666676,8.376048026,12.33728651
2025-10-31 14:30:00+00:00,564.1717491,61.62211331,22.64580471,571.6776828,60.5911651,22.6,18.1,232.5321146,24.90157245,6.958298506,12.73717904
2025-10-31 14:45:00+00:00,557.8758929,61.92948718,22.6,566.3314257,61.05128205,22.57767857,18.1,236.2892375,16.25384279,4.912202381,12.81783163
2025-10-31 15:00:00+00:00,555.4086772,10.11703704,22.53644444,568.325731,16.55555556,22.5,18.45777778,239.2864048,11.01166503,3.185380952,10.95531667
2025-10-31 15:15:00+00:00,561.9388891,0.0,22.576,572.0210703,0.0,22.49333333,18.69733333,242.3789031,5.773625408,1.3425,9.620094628
2025-10-31 15:30:00+00:00,566.3777902,0.0,22.6,566.5340041,0.0,22.39888889,18.60930159,245.6375269,1.554909265,-0.620380952,9.333410256
2025-10-31 15:45:00+00:00,562.1809628,0.0,22.53571429,564.7264509,0.0,22.30510204,18.6,248.6498251,0.285465938,-2.538423824,9.242744898
2025-10-31 16:00:00+00:00,559.1537815,0.0,22.5,562.3805659,0.0,22.3,18.50666667,251.6129597,0.004444444,-4.520076313,9.191684982
2025-10-31 16:15:00+00:00,556.7097222,0.0,22.5,560.7449372,0.0,22.21428438,18.49767677,254.5232183,0.0,-6.451312169,9.116305556
2025-10-31 16:30:00+00:00,555.9913951,0.0,22.4,559.0545998,0.0,22.2,18.36678571,257.6389445,0.0,-8.636545815,9.135647686
2025-10-31 16:45:00+00:00,555.7295227,0.0,22.4,557.3780465,0.0,22.144,18.28666667,260.6902273,0.0,-10.76022727,9.173333333
2025-10-31 17:00:00+00:00,555.2481481,0.0,22.4,557.1691837,0.0,22.1,18.15333333,263.8003765,0.0,-12.94702991,9.22848254
2025-10-31 17:15:00+00:00,554.7449074,0.0,22.4,554.9881823,0.0,22.1,18.05685185,266.9779864,0.0,-15.16566484,9.309637205
2025-10-31 17:30:00+00:00,553.9030818,0.0,22.4,553.7900968,0.0,22.06428571,17.90996504,269.6860989,0.0,-17.05115385,9.418923933
2025-10-31 17:45:00+00:00,554.068933,0.0,22.4,553.2670803,0.0,22.0,17.82464286,272.8970338,0.0,-19.29270612,9.670469697
2025-10-31 18:00:00+00:00,552.584868,0.0,22.34577778,553.0606061,0.0,22.0,17.79866667,276.2638182,0.0,-21.57739683,9.685373737
2025-10-31 18:15:00+00:00,551.9276138,0.0,22.3,551.7238203,0.0,21.99285714,17.7047619,279.4870068,0.0,-23.73244048,9.654073129
2025-10-31 18:30:00+00:00,550.1442308,0.0,22.3,551.4548448,0.0,21.9,17.7,282.6001587,0.0,-25.73703704,9.888333333
2025-10-31 18:45:00+00:00,550.0563354,0.0,22.3,550.7039905,0.0,21.9,17.64666667,285.9646357,0.0,-27.82096866,9.953333333
2025-10-31 19:00:00+00:00,548.9709184,0.0,22.3,549.6112471,0.0,21.9,17.6,289.4829365,0.0,-29.88402778,9.942482993
2025-10-31 19:15:00+00:00,548.3164408,0.0,22.25333333,548.5908478,0.0,21.9,17.6,292.998918,0.0,-31.90766667,9.917926191
2025-10-31 19:30:00+00:00,547.3063235,0.0,22.21555556,547.6266829,0.0,21.9,17.53777778,296.7509503,0.0,-33.95107143,9.843952381
2025-10-31 19:45:00+00:00,546.0674074,0.0,22.2,547.3065734,0.0,21.9,17.4,300.7553386,0.0,-35.91134921,10.02064286
2025-10-31 20:00:00+00:00,545.2137897,0.0,22.2,546.6571072,0.0,21.9,17.4,304.5439592,0.0,-37.65763889,10.0
2025-10-31 20:15:00+00:00,544.5879867,0.0,22.2,545.200344,0.0,21.9,17.4,308.5341299,0.0,-39.39835594,10.0344
2025-10-31 20:30:00+00:00,543.5722222,0.0,22.2,544.1423039,0.0,21.85333333,17.3,312.8253098,0.0,-41.04371439,10.07834325
2025-10-31 20:45:00+00:00,542.3199579,0.0,22.2,543.1111359,0.0,21.84,17.2,317.4891376,0.0,-42.66861905,10.07797143
2025-10-31 21:00:00+00:00,541.4665584,0.0,22.2,540.8625259,0.0,21.8,17.2,321.7666897,0.0,-43.9897619,10.00524559
2025-10-31 21:15:00+00:00,540.7943901,0.0,22.2,540.8757632,0.0,21.8,17.11333333,326.5496429,0.0,-45.27547619,9.988148148
2025-10-31 21:30:00+00:00,538.638441,0.0,22.10583333,539.9838484,0.0,21.8,17.1,331.5700926,0.0,-46.43336508,9.903703704
2025-10-31 21:45:00+00:00,538.4749365,0.0,22.1,538.3523629,0.0,21.8,17.1,336.6854167,0.0,-47.39464286,9.874285714
2025-10-31 22:00:00+00:00,537.3380952,0.0,22.1,538.1964444,0.0,21.8,17.1,341.857336,0.0,-48.12666667,9.9
2025-10-31 22:15:00+00:00,536.9324823,0.0,22.1,536.6428034,0.0,21.8,17.09055556,347.3176984,0.0,-48.76957937,9.895185185
2025-10-31 22:30:00+00:00,536.1290339,0.0,22.04888889,535.8653169,0.0,21.8,17.0,352.6974359,0.0,-49.14300366,9.844952381
2025-10-31 22:45:00+00:00,535.6763185,0.0,22.03571429,533.1021376,0.0,21.76984127,17.03214286,255.4565051,0.0,-49.36428571,9.838163265
