,R05_07_N_CO201,R05_07_N_FCI01_1,R05_07_N_TRU01,R05_07_V_CO201,R05_07_V_FCI01_1,R05_07_V_TRU01,HTRK_VEN01_TI01,HTR9_VES01_AZ01,HTR9_VES01_SI01,HTR9_VES01_SV01,HTR9_VES01_TUD01
2025-08-01 00:00:00+00:00,518.0646418,165.65204,22.74333333,516.1872144,157.228777,23.0,17.9,11.63461254,0.0,-16.28112121,16.65129182
2025-08-01 00:15:00+00:00,517.8702742,164.5767857,22.73293651,515.590628,159.0677075,22.91883117,17.9,15.37321429,0.0,-15.77867063,16.52196429
2025-08-01 00:30:00+00:00,517.9147103,166.6447792,22.76444444,515.2604991,161.5004585,22.9,17.9,18.96203463,0.0,-15.13958442,16.73413757
2025-08-01 00:45:00+00:00,517.5159775,167.0767419,22.6,515.3317809,160.4958905,22.86339394,17.84,22.41049603,0.0,-14.44817196,16.43573653
2025-08-01 01:00:00+00:00,518.2091503,166.8440012,22.61333333,515.8837422,156.1672611,22.8,17.68,26.23480484,0.0,-13.50094424,16.75748879
2025-08-01 01:15:00+00:00,517.3304779,166.7992118,22.5,515.5798824,162.3559487,22.8,17.55595238,29.0463251,0.0,-12.71310039,16.95198864
2025-08-01 01:30:00+00:00,518.2451282,168.4182732,22.52,515.941952,162.3377428,22.8,17.34444444,33.14076142,0.0,-11.39495238,16.90100433
2025-08-01 01:45:00+00:00,518.1483045,166.9559885,22.48928571,516.4698718,163.943109,22.71785714,17.14166667,36.87294071,0.0,-10.0640377,16.69156626
2025-08-01 02:00:00+00:00,518.7015495,165.3257638,22.4,516.7802198,156.1888765,22.7,17.0,39.86721939,0.0,-8.884722222,16.55031746
2025-08-01 02:15:00+00:00,519.275641,167.8304762,22.46666667,518.0545064,157.7793691,22.6,16.872,43.112,0.0,-7.476388889,16.52905556
2025-08-01 02:30:00+00:00,520.4578522,167.6140631,22.48,519.7275916,160.6291829,22.6,16.76666667,46.01461857,0.0,-6.169813131,16.11694949
2025-08-01 02:45:00+00:00,521.1658153,168.4545861,22.48666667,527.1609776,161.5645563,22.6,16.7,49.52889827,0.155743723,-4.42311039,16.06818944
2025-08-01 03:00:00+00:00,528.3157881,44.23571429,22.57202381,532.2252112,42.03720485,22.6,16.61910431,52.66937903,0.755603777,-2.77603349,15.98775641
2025-08-01 03:15:00+00:00,525.0273394,62.0971917,22.87333333,521.961594,64.80930986,22.68666667,17.01066667,55.95872222,2.646467949,-0.915166667,16.87589744
2025-08-01 03:30:00+00:00,523.4070974,63.57520421,22.8863569,519.9521208,65.86971259,22.7,17.39014141,58.61950433,8.265394586,0.508310356,17.1798007
2025-08-01 03:45:00+00:00,521.0473856,63.78037905,22.88,516.4632006,64.71149573,22.7,16.56666667,62.218114,23.08470955,2.704560847,17.78789466
2025-08-01 04:00:00+00:00,519.7726303,62.67751832,22.76319444,516.0385731,65.58947631,22.7,17.38571429,64.98768776,23.28522603,4.491315976,17.67187919
2025-08-01 04:15:00+00:00,516.6554882,62.7264719,22.7352381,514.3365079,65.82234151,22.7,16.61973138,67.99519444,25.91636912,6.426949735,17.12981746
2025-08-01 04:30:00+00:00,515.5762963,63.1612963,22.85416667,513.2395623,66.06666667,22.7,17.035,71.2390392,29.66040426,8.6094709,16.61126455
2025-08-01 04:45:00+00:00,515.2751196,62.76447938,22.86875,512.7299043,66.57189123,22.7,16.97166667,74.1206286,38.00116577,10.56899529,16.40758673
2025-08-01 05:00:00+00:00,514.1681555,62.83961052,22.88552041,513.1297338,65.97905127,22.7,16.92888889,76.58964072,97.95801961,12.30188827,16.91236364
2025-08-01 05:15:00+00:00,515.7378429,63.06805556,22.89737442,513.3135003,66.14363986,22.7,17.24075367,79.78957194,184.2216181,14.51227377,17.6660352
2025-08-01 05:30:00+00:00,518.9824903,63.01367474,22.85467677,514.6143535,65.87277222,22.7,17.28282051,83.06910741,184.7599864,16.86989379,18.35429181
2025-08-01 05:45:00+00:00,522.9679394,63.39836647,22.96326531,513.3768488,66.46733724,22.7,17.13714286,85.92197039,118.0591162,18.86062118,18.06041667
2025-08-01 06:00:00+00:00,527.1149669,62.59654692,23.00528139,515.2236955,65.40319967,22.78536931,17.06650409,89.13234127,220.2911394,21.10922198,18.63412434
2025-08-01 06:15:00+00:00,527.7376273,62.95461676,23.1175,526.0041246,66.10968254,22.8175,17.25333333,92.14957672,332.0922034,23.20609788,19.53328571
2025-08-01 06:30:00+00:00,531.2016162,62.82428278,23.18099206,535.8722098,65.89591172,22.89644444,17.38083333,95.5134939,302.0428491,25.50944444,19.72842369
2025-08-01 06:45:00+00:00,535.5447349,62.72769151,23.27714286,545.6690947,65.59583201,22.97714286,17.24571429,98.64592394,256.540803,27.55565643,19.39556195
2025-08-01 07:00:00+00:00,539.6059788,62.65447712,23.31333333,550.2593098,65.47604434,23.01333333,17.2,101.8401374,405.4080916,29.59307812,18.97619518
2025-08-01 07:15:00+00:00,540.7864979,63.33731703,23.38616789,551.3115909,65.56795495,23.07238095,17.19333333,105.3309343,529.3479867,31.76231017,19.56209312
2025-08-01 07:30:00+00:00,541.9624008,62.56111111,23.4297619,549.6351474,65.6443444,23.1,17.08988095,108.9534289,202.8995539,33.89277056,20.0574252
2025-08-01 07:45:00+00:00,545.8217433,62.88962291,23.49077778,547.2070116,65.82659177,23.1,17.2,112.379204,231.6214181,35.83096662,20.35074161
2025-08-01 08:00:00+00:00,550.955186,62.63794896,23.45340326,547.6747035,64.97454888,23.1,17.28853199,116.2425641,156.3561633,37.82509096,20.06617201
2025-08-01 08:15:00+00:00,548.6242192,62.41467823,23.5,546.4656426,66.02569701,23.1232906,17.25977778,120.3212654,167.0276458,39.82015784,20.18415909
2025-08-01 08:30:00+00:00,549.7378024,62.25456349,23.52699443,546.9404311,66.485448,23.2,17.24928571,124.1584367,179.9876027,41.54042909,20.20950063
2025-08-01 08:45:00+00:00,545.8916667,62.32962963,23.576,548.7713805,65.4426455,23.17955556,16.98088045,128.1461111,235.6011741,43.20527778,20.30875
2025-08-01 09:00:00+00:00,546.7807407,62.94563492,23.6,545.9348148,66.44148148,23.2,16.68361039,133.0029515,223.6512548,44.98013624,20.08453307
2025-08-01 09:15:00+00:00,552.3626455,63.31433027,23.5390696,548.7119918,66.2328638,23.2,16.40795455,137.6216632,211.2447751,46.52069516,18.88383793
2025-08-01 09:30:00+00:00,549.5851244,63.24916662,23.58857143,548.1511205,66.59943388,23.23063448,16.7370974,141.4793651,423.9790865,47.70063492,19.33778799
2025-08-01 09:45:00+00:00,545.5173599,62.56218504,23.6,541.0096346,66.22132306,23.24666667,16.51346581,147.2982417,274.5484664,49.13982502,17.7902236
2025-08-01 10:00:00+00:00,539.8607919,62.72493495,23.6,535.2737037,66.20629391,23.27333333,16.94960317,152.2220092,825.5478677,50.19104901,17.94672534
2025-08-01 10:15:00+00:00,539.2957483,62.64248093,23.57261905,532.0578231,66.07777778,23.3,17.39875541,158.0454736,374.4839254,51.17570426,18.76674294
2025-08-01 10:30:00+00:00,537.4520228,62.1833428,23.56958754,531.9866502,65.62237442,23.25967292,17.5179361,163.2833721,349.2304435,51.86971953,19.08341608
2025-08-01 10:45:00+00:00,530.9819069,62.3564425,23.57955766,535.2042187,65.47643515,23.27560901,17.49836905,168.8209977,166.1750163,52.38492937,18.79403846
2025-08-01 11:00:00+00:00,526.3955556,62.59092593,23.6,529.5992593,65.76944444,23.3,16.80609524,175.1748643,124.5505654,52.73790069,18.15970894
2025-08-01 11:15:00+00:00,524.5873016,62.62728175,23.57452381,524.3714286,66.06666667,23.29642857,16.30285714,181.0797288,371.9259782,52.8,17.62979138
2025-08-01 11:30:00+00:00,524.3695228,62.26127493,23.6,523.6398718,66.17646825,23.24833333,16.60128331,186.7924298,519.19495,52.67739316,17.58957123
2025-08-01 11:45:00+00:00,516.8398022,62.61967625,23.6,522.0355556,66.19079365,23.23733333,16.70592593,192.5682665,112.6514768,52.30343958,17.86064815
2025-08-01 12:00:00+00:00,520.3331002,63.0759324,23.58340548,523.1196571,66.65340619,23.3,16.88787879,197.4962692,108.2589963,51.84204016,17.78019843
2025-08-01 12:15:00+00:00,520.422129,63.30103078,23.61150794,520.3776709,66.90608211,23.3,16.97686559,203.4977608,151.5209127,51.04107143,17.45274351
2025-08-01 12:30:00+00:00,520.135979,62.91457712,23.56000361,518.9250318,66.3259625,23.3,17.2,208.5373779,199.8415545,50.12778507,17.41630174
2025-08-01 12:45:00+00:00,517.2456217,63.18134298,23.55777778,517.6943137,66.60573529,23.3,17.29985592,214.2676075,298.3787204,48.90394067,17.62442104
2025-08-01 13:00:00+00:00,513.2932222,62.85382741,23.5,513.4942726,66.00814826,23.3439652,17.78817433,218.9413736,547.8524595,47.68020695,18.18952917
2025-08-01 13:15:00+00:00,507.3180637,62.64380834,23.5,509.203863,65.93618312,23.4,17.99238095,223.4656793,241.4475132,46.32747868,19.27921867
2025-08-01 13:30:00+00:00,503.397427,62.92373996,23.54666667,505.434666,65.68222931,23.4,17.37218182,228.4579292,208.4156931,44.64145921,19.35681604
2025-08-01 13:45:00+00:00,498.6570202,62.74957912,23.52555556,500.2985717,66.20833333,23.4,16.818,232.477138,256.7701146,43.0924359,19.28120664
2025-08-01 14:00:00+00:00,498.1641865,7.07827381,23.51758242,495.5329156,7.347321429,23.40867347,16.79906463,236.6661111,436.1889119,41.32998866,19.54725183
2025-08-01 14:15:00+00:00,496.9421541,0.0,23.61733333,495.4899248,0.0,23.55253968,17.01333333,240.8532282,607.5521679,39.42121867,19.737493
2025-08-01 14:30:00+00:00,496.4456397,0.0,23.73481481,493.6867943,0.0,23.78205882,17.1,244.9262685,608.0093278,37.39,19.96324891
2025-08-01 14:45:00+00:00,494.7909109,0.0,23.87104762,493.3434802,0.0,24.07200397,17.15416667,248.5402774,584.1421719,35.42574713,20.49953981
2025-08-01 15:00:00+00:00,493.6839619,0.0,23.92252747,493.36,0.0,24.32208333,17.47222222,252.0627878,536.041906,33.41230681,20.88438343
2025-08-01 15:15:00+00:00,493.172058,0.0,24.045,493.1147619,0.0,24.53444597,17.6631746,255.5452405,490.1158593,31.35534137,20.77582664
2025-08-01 15:30:00+00:00,492.7204714,0.0,24.18871795,492.6437969,0.0,24.72861111,17.76733333,258.9482705,484.3936399,29.22035714,20.92664246
2025-08-01 15:45:00+00:00,491.1753326,0.0,24.33401876,492.9372024,0.0,25.02374768,17.98748299,262.1733237,440.552853,27.12434622,21.00965463
2025-08-01 16:00:00+00:00,490.3248148,0.0,24.41527371,491.7252521,0.0,25.17419124,18.1,264.7718996,374.7640534,25.39263318,20.71754398
2025-08-01 16:15:00+00:00,489.4983467,0.0,24.41259259,490.8803086,0.0,25.3,18.21666667,268.4485152,294.7513345,22.912,20.61116667
2025-08-01 16:30:00+00:00,488.2984127,0.0,24.51428571,489.5318766,0.0,25.35714286,18.38690476,271.6839583,284.1727277,20.66979167,20.40045788
2025-08-01 16:45:00+00:00,488.6238932,0.0,24.57719312,489.6196154,0.0,25.51809524,18.645,274.6294402,262.5152975,18.57946215,20.36595604
2025-08-01 17:00:00+00:00,488.5027188,0.0,24.6,489.233455,0.0,25.57847293,18.833367,277.56938,234.9096727,16.49135864,20.45086667
2025-08-01 17:15:00+00:00,488.1760582,0.0,24.64293651,487.9826007,0.0,25.62060847,19.00777778,280.7516646,223.4358228,14.24410774,20.18853351
2025-08-01 17:30:00+00:00,486.9420635,0.0,24.7,486.7488095,0.0,25.58443878,19.17222222,283.7121027,132.0997439,12.17097224,20.05097627
2025-08-01 17:45:00+00:00,486.097405,0.0,24.7,486.8350816,0.0,25.30312764,19.24102564,286.6787877,56.95175378,10.09018219,19.74782139
2025-08-01 18:00:00+00:00,485.1222222,0.0,24.61933333,484.9672302,0.0,25.09914918,19.46666667,289.7185142,45.47432939,8.034305556,19.45580556
2025-08-01 18:15:00+00:00,484.3837037,0.0,24.6,484.2041931,0.0,25.06347619,19.56564021,292.8735411,53.96182851,5.89692188,19.55126211
2025-08-01 18:30:00+00:00,483.7365896,0.0,24.6,483.2732885,0.0,25.03082766,19.69454545,295.6978522,32.32020408,4.055235955,19.44344558
2025-08-01 18:45:00+00:00,482.9316509,0.0,24.55031746,483.3136447,0.0,24.8168254,19.71634921,298.4479068,8.625974419,2.298505051,18.82028998
2025-08-01 19:00:00+00:00,482.526988,0.0,24.5,482.4058275,0.0,24.73085714,19.815,301.8304646,3.512453879,0.299454546,18.21368114
2025-08-01 19:15:00+00:00,481.3845541,0.0,24.40634921,480.5937314,0.0,24.60714286,19.9,304.9660838,1.396915715,-1.437142857,17.84515836
2025-08-01 19:30:00+00:00,480.4343319,0.0,24.4,480.1739302,0.0,24.54285714,19.95833333,307.8689177,0.311576613,-3.088418367,17.51899184
2025-08-01 19:45:00+00:00,479.3635847,0.0,24.4,481.2787112,0.0,24.47333333,20.00166667,311.1811602,0.0,-4.79400481,17.2541
2025-08-01 20:00:00+00:00,479.3143691,0.0,24.31904762,478.9876873,0.0,24.38,20.08866667,314.2622727,0.0,-6.326530784,17.03820202
2025-08-01 20:15:00+00:00,479.6339027,0.0,24.3,478.1526494,0.0,24.3,20.10178571,317.8584861,0.0,-7.947749215,17.02959184
2025-08-01 20:30:00+00:00,478.9345229,0.0,24.24666667,478.4919864,0.0,24.28,20.19,321.0768704,0.0,-9.326611111,16.91816667
2025-08-01 20:45:00+00:00,478.3589929,0.0,24.2,477.4919192,0.0,24.2,20.132,324.5863004,0.0,-10.66643386,16.76204762
2025-08-01 21:00:00+00:00,477.5729701,0.0,24.15833333,476.2685759,0.0,24.13416667,20.05833333,328.007791,0.0,-11.88753968,16.53714286
2025-08-01 21:15:00+00:00,476.327762,0.0,24.1,475.3801795,0.0,24.1,20.0,331.4123554,0.0,-12.93640873,16.35525562
2025-08-01 21:30:00+00:00,475.6165876,0.0,24.05333333,474.7681637,0.0,24.00666667,20.0,334.9579683,0.0,-13.9147619,16.19983333
2025-08-01 21:45:00+00:00,475.0270823,0.0,24.0,474.0090134,0.0,23.96977778,19.90666667,338.5998492,0.0,-14.81514815,16.10111111
2025-08-01 22:00:00+00:00,474.3273243,0.0,23.95,472.7642036,0.0,23.9,19.75178571,342.0428518,0.0,-15.48924342,16.03362812
2025-08-01 22:15:00+00:00,473.7667102,0.0,23.9,471.869899,0.0,23.83333333,19.68666667,345.7250595,0.0,-16.11885144,15.93409524
2025-08-01 22:30:00+00:00,473.4281216,0.0,23.9,471.4949216,0.0,23.8,19.53222222,349.233581,0.0,-16.55951867,15.73168402
2025-08-01 22:45:00+00:00,472.6022222,0.0,23.82,470.7573064,0.0,23.77047619,19.425,353.224223,0.0,-16.92352044,15.47282468
2025-08-01 23:00:00+00:00,471.983786,0.0,23.8,470.3932284,0.0,23.7,19.3,356.9089286,0.0,-17.15142857,15.48857143
2025-08-01 23:15:00+00:00,471.5732576,0.0,23.79592593,469.8035661,0.0,23.69866667,19.14698413,144.5110851,0.0,-17.2,15.63311355
2025-08-01 23:30:00+00:00,470.5195166,0.0,23.72207407,468.7607143,0.0,23.62508547,19.0,4.40340315,0.0,-17.10666667,16.00648148
2025-08-01 23:45:00+00:00,469.5164262,0.0,23.7,467.1252285,0.0,23.6,18.94,7.917148148,0.0,-16.92277441,16.27449735
2025-08-02 00:00:00+00:00,468.3276644,0.0,23.7,466.2252259,0.0,23.6,18.80857143,11.74576138,0.0,-16.54992151,16.20204082
2025-08-02 00:15:00+00:00,467.0482002,0.0,23.66,466.7221846,0.0,23.56,18.76,15.37923484,0.0,-16.04076923,15.84430719
2025-08-02 00:30:00+00:00,466.7001115,0.0,23.6,465.1834623,0.0,23.5,18.62142857,19.00555026,0.0,-15.41378788,16.01833333
2025-08-02 00:45:00+00:00,466.0079365,0.0,23.6,464.0973562,0.0,23.5,18.59285714,22.66362606,0.0,-14.65418367,15.90386364
2025-08-02 01:00:00+00:00,465.9749242,0.0,23.6,463.6276393,0.0,23.44666667,18.492,26.17565873,0.0,-13.78333333,15.77222222
2025-08-02 01:15:00+00:00,465.2925214,0.0,23.6,461.744716,0.0,23.4,18.4,29.74738889,0.0,-12.76016667,15.8180037
2025-08-02 01:30:00+00:00,465.2305588,0.0,23.6,461.4029216,0.0,23.4,18.32666667,33.20262963,0.0,-11.63726984,15.87456876
2025-08-02 01:45:00+00:00,464.4469517,0.0,23.54535714,459.7775445,0.0,23.37222222,18.3,36.56400356,0.0,-10.44342532,15.84274778
2025-08-02 02:00:00+00:00,463.957672,0.0,23.5,459.8048182,0.0,23.3,18.3,39.82394444,0.0,-9.149722222,15.99855556
2025-08-02 02:15:00+00:00,462.7232391,0.0,23.5,458.1688848,0.0,23.3,18.3,43.26666667,0.0,-7.700119048,16.06891667
2025-08-02 02:30:00+00:00,461.2487956,0.0,23.5,458.5659469,0.0,23.3,18.20533333,46.6952381,0.0,-6.089321068,16.01483333
2025-08-02 02:45:00+00:00,460.3439556,0.0,23.5,458.1589388,0.0,23.3,18.2,49.75293651,0.010926871,-4.576320346,16.18571429
2025-08-02 03:00:00+00:00,459.6456229,0.0,23.5,457.0983605,0.0,23.20666667,18.2,52.95642063,0.310824541,-2.873493266,16.10963956
2025-08-02 03:15:00+00:00,460.368417,0.0,23.41833333,455.223089,0.0,23.2,18.12,55.75907041,1.037147628,-1.311787768,16.10126263
2025-08-02 03:30:00+00:00,458.3100698,0.0,23.4,455.1200371,0.0,23.2,18.1,59.26356293,2.883612419,0.600297619,16.11312925
2025-08-02 03:45:00+00:00,457.3053836,0.0,23.4,454.6644678,0.0,23.2,18.1,62.24303704,5.577728267,2.428,15.65466667
2025-08-02 04:00:00+00:00,457.0783029,0.0,23.4,453.5936998,0.0,23.2,18.1,65.24526392,8.993486734,4.323333333,15.63311111
2025-08-02 04:15:00+00:00,457.3841409,0.0,23.4,453.9796109,0.0,23.13333333,18.1,68.35006013,12.36447219,6.364761905,15.5446734
2025-08-02 04:30:00+00:00,456.2443251,0.0,23.4,453.6169898,0.0,23.1,18.03571429,71.25092467,17.69328717,8.34248779,15.39802083
2025-08-02 04:45:00+00:00,455.0289311,0.0,23.4,452.2034887,0.0,23.1,18.0,74.23104575,26.7130776,10.35192157,15.41855556
2025-08-02 05:00:00+00:00,455.0333333,0.0,23.4,452.1123291,0.0,23.1,18.0,77.30123909,42.33449223,12.45352547,15.60533228
2025-08-02 05:15:00+00:00,454.3887023,0.0,23.4,451.6792779,0.0,23.1,18.0,80.19348013,55.40523065,14.52672161,15.94788937
2025-08-02 05:30:00+00:00,452.9210354,0.0,23.4,451.3956566,0.0,23.1,17.9525,83.16669312,72.52235432,16.63015873,16.25232011
2025-08-02 05:45:00+00:00,453.3551282,0.0,23.4,450.0340121,0.0,23.1,17.9,86.33856614,87.8998616,18.86694444,16.50405491
2025-08-02 06:00:00+00:00,453.0487607,0.0,23.4,449.7631313,0.0,23.11333333,17.9,89.04308558,95.2348681,20.76721717,16.82047863
2025-08-02 06:15:00+00:00,452.4445408,0.0,23.4,449.0109599,0.0,23.16001701,17.9,92.49802128,104.3980963,23.12312925,16.98489796
2025-08-02 06:30:00+00:00,451.2618452,0.0,23.4,448.3526778,0.0,23.2,17.9,95.47226912,102.4058854,25.12926984,17.26340411
2025-08-02 06:45:00+00:00,450.7485536,0.0,23.4,446.7825295,0.0,23.2,17.9,98.6765873,120.3585993,27.25257937,17.35347712
2025-08-02 07:00:00+00:00,450.7787719,0.0,23.43333333,446.1278565,0.0,23.2,17.9,102.3126724,148.337466,29.58915344,17.83215584
2025-08-02 07:15:00+00:00,449.6206294,0.0,23.5,445.2555967,0.0,23.2,17.9,105.5182715,178.1478171,31.55838626,18.15909757
2025-08-02 07:30:00+00:00,449.1316402,0.0,23.5,444.639917,0.0,23.29333333,17.91466667,108.7282071,225.6129892,33.4815772,18.39150855
2025-08-02 07:45:00+00:00,446.8191186,0.0,23.55333333,445.358871,0.0,23.3,18.05333333,112.8420539,282.6609054,35.7460878,18.7997658
2025-08-02 08:00:00+00:00,446.820828,0.0,23.6,444.0376429,0.0,23.32202381,18.1,116.297031,309.6964218,37.54283266,19.15536011
2025-08-02 08:15:00+00:00,447.2640071,0.0,23.6,444.4393864,0.0,23.4,18.1,120.318619,298.8514442,39.50249206,19.85552814
2025-08-02 08:30:00+00:00,446.6153402,0.0,23.66,443.9738835,0.0,23.4,18.1,124.4901981,306.6368452,41.40079365,19.89213492
2025-08-02 08:45:00+00:00,447.0913719,0.0,23.7,443.067218,0.0,23.45333333,18.1,128.6113237,346.4954825,43.05923521,19.55266955
2025-08-02 09:00:00+00:00,446.1096372,0.0,23.7,442.5438237,0.0,23.5,18.1,133.1951531,464.6581187,44.79196429,19.99988946
2025-08-02 09:15:00+00:00,443.8518419,0.0,23.78181818,441.9489633,0.0,23.53636364,18.1,138.0513636,462.1843928,46.38181818,20.21818182
2025-08-02 09:30:00+00:00,443.8855415,0.0,23.80833333,442.0391427,0.0,23.6,18.1,142.0921291,553.255035,47.53500337,20.76950551
2025-08-02 09:45:00+00:00,443.9098694,0.0,23.9,442.2698246,0.0,23.6,18.1,147.3412121,489.3489502,48.88225108,21.22305808
2025-08-02 10:00:00+00:00,445.2627914,0.0,23.9,441.7968353,0.0,23.69285714,18.1,152.7519671,642.4208496,49.99107143,21.27036745
2025-08-02 10:15:00+00:00,443.2782511,0.0,23.98412698,441.9402413,0.0,23.78,18.1,158.0983233,572.8705345,50.91225253,21.68727126
2025-08-02 10:30:00+00:00,443.9359649,0.0,24.0,441.7954824,0.0,23.8,18.18933333,163.877672,104.9625198,51.6710582,20.78898954
2025-08-02 10:45:00+00:00,443.407563,0.0,24.0,441.3621617,0.0,23.8,18.20349026,169.4172456,92.44198153,52.19255952,19.45843308
2025-08-02 11:00:00+00:00,443.5378468,0.0,24.0,440.9624498,0.0,23.8,18.3,175.0832407,148.6394767,52.47777778,18.742
2025-08-02 11:15:00+00:00,443.6750884,0.0,24.0,440.5828278,0.0,23.8,18.33222222,180.9852804,129.1502139,52.59388889,18.54975778
2025-08-02 11:30:00+00:00,442.6728319,0.0,24.0,439.8884848,0.0,23.8,18.44444444,186.8810969,110.43535,52.425,18.55059207
2025-08-02 11:45:00+00:00,443.0311725,0.0,24.05102041,440.0983302,0.0,23.8,18.6,192.4349745,98.83862836,52.07303353,18.24703061
2025-08-02 12:00:00+00:00,442.3195469,0.0,24.1,440.1681308,0.0,23.8,18.62555556,198.1460391,121.8315207,51.49061105,18.3163746
2025-08-02 12:15:00+00:00,442.0463866,0.0,24.1,439.4922222,0.0,23.8,18.72933333,203.7402857,162.8083416,50.7212381,18.08812778
2025-08-02 12:30:00+00:00,441.6876515,0.0,24.1,439.3106061,0.0,23.8,18.8,209.0590161,203.5356764,49.78838095,18.0905754
2025-08-02 12:45:00+00:00,441.2711791,0.0,24.1,439.3234578,0.0,23.85,18.86011905,214.2523384,282.4799986,48.61806973,18.4081576
2025-08-02 13:00:00+00:00,441.1601322,0.0,24.16666667,438.4160054,0.0,23.9,18.94333333,218.7753124,382.2158206,47.45990629,19.19000529
2025-08-02 13:15:00+00:00,441.189697,0.0,24.2,437.9074758,0.0,23.98166667,19.0,223.8407648,388.972268,45.92042328,19.40579894
2025-08-02 13:30:00+00:00,440.7719085,0.0,24.21931818,438.8285714,0.0,24.0,19.0047619,228.1361111,300.8347187,44.47653061,19.62571429
2025-08-02 13:45:00+00:00,440.658503,0.0,24.3,437.4064382,0.0,24.03333333,19.09555556,232.5738754,367.8645591,42.76820587,19.89331111
2025-08-02 14:00:00+00:00,440.4675267,0.0,24.3,437.2916898,0.0,24.1,19.13809524,236.9518722,310.013533,40.91106838,19.83968254
2025-08-02 14:15:00+00:00,439.853987,0.0,24.37,436.5660084,0.0,24.18571429,19.2,240.8060053,367.8344693,39.1340873,20.36274286
2025-08-02 14:30:00+00:00,439.648088,0.0,24.4,436.2636916,0.0,24.23673469,19.2,244.7182823,322.857126,37.19573413,20.84154563
2025-08-02 14:45:00+00:00,439.8050545,0.0,24.4,436.5254363,0.0,24.3,19.22666667,248.2796199,332.1739007,35.27362759,20.9862829
2025-08-02 15:00:00+00:00,438.5431017,0.0,24.4,436.6811448,0.0,24.36993651,19.3,251.854768,234.2068715,33.22647249,20.75233333
2025-08-02 15:15:00+00:00,439.1519914,0.0,24.4,435.9735779,0.0,24.4,19.3,255.261369,143.7732291,31.20315126,19.67388983
2025-08-02 15:30:00+00:00,439.2040271,0.0,24.45714286,435.3022872,0.0,24.4,19.3,258.6417255,183.5288341,29.09530166,19.25894526
2025-08-02 15:45:00+00:00,439.178783,0.0,24.5,435.884798,0.0,24.41688889,19.3,262.0392547,216.5087367,26.92299306,19.10317089
2025-08-02 16:00:00+00:00,438.4385185,0.0,24.5,435.7847248,0.0,24.58461538,19.30769231,264.9346549,261.3036858,24.99576599,19.42307239
2025-08-02 16:15:00+00:00,438.2705017,0.0,24.5,436.2406232,0.0,24.5,19.4,268.2968452,71.25392337,22.68702381,19.19726587
2025-08-02 16:30:00+00:00,436.9974603,0.0,24.5,436.2808782,0.0,24.40333333,19.4,271.5981429,39.12678572,20.42355556,18.81822222
2025-08-02 16:45:00+00:00,436.6757011,0.0,24.49333333,436.3113497,0.0,24.38666667,19.40833333,274.6655094,35.33521089,18.26851852,18.51925051
2025-08-02 17:00:00+00:00,437.1663832,0.0,24.41666667,436.3481162,0.0,24.3,19.5,277.6207256,39.39448709,16.16439909,18.15393878
2025-08-02 17:15:00+00:00,437.1282255,0.0,24.4,435.1916923,0.0,24.3,19.5,280.4405233,33.58747813,14.15372294,18.02132063
2025-08-02 17:30:00+00:00,437.2279918,0.0,24.4,435.0881283,0.0,24.26722222,19.5,283.4696983,28.07497938,12.04369477,17.87333333
2025-08-02 17:45:00+00:00,437.9800204,0.0,24.4,435.3736829,0.0,24.2,19.5,286.4446667,23.06534722,9.921785714,17.92
2025-08-02 18:00:00+00:00,437.0454545,0.0,24.38571429,434.4778555,0.0,24.17857143,19.58785714,289.5247619,13.48135929,7.847619048,18.075
2025-08-02 18:15:00+00:00,436.0856523,0.0,24.3,433.8858114,0.0,24.1,19.6,292.4896442,4.954221864,5.846972965,18.09973856
2025-08-02 18:30:00+00:00,436.540462,0.0,24.3,433.3708148,0.0,24.1,19.68,295.6666481,5.75883648,3.794,17.35192593
2025-08-02 18:45:00+00:00,435.810932,0.0,24.3,433.3666917,0.0,24.06977778,19.7,298.6707509,5.271177104,1.910606061,17.10549471
2025-08-02 19:00:00+00:00,435.4574644,0.0,24.2,431.0473852,0.0,24.0,19.7,301.7071686,2.989195935,0.088152958,17.29902778
2025-08-02 19:15:00+00:00,435.0822969,0.0,24.2,431.7469986,0.0,24.0,19.7,304.8056587,1.005054002,-1.647936508,17.24333333
2025-08-02 19:30:00+00:00,434.3033613,0.0,24.15333333,431.4420494,0.0,23.98,19.7,307.9285185,0.195031339,-3.393703704,17.14236111
2025-08-02 19:45:00+00:00,433.2158443,0.0,24.1,430.1943794,0.0,23.9,19.7,310.7564646,0.022769231,-4.851666667,17.10261111
2025-08-02 20:00:00+00:00,432.6610119,0.0,24.1,430.0074675,0.0,23.9,19.7,314.2330782,0.0,-6.583499536,17.1
2025-08-02 20:15:00+00:00,432.1607813,0.0,24.1,429.6306743,0.0,23.84666667,19.7,317.6466121,0.0,-8.142794872,17.11183333
2025-08-02 20:30:00+00:00,431.8299346,0.0,24.01190476,430.0521514,0.0,23.8,19.7,321.0201667,0.0,-9.549167388,17.03658333
2025-08-02 20:45:00+00:00,431.7622711,0.0,24.0,429.5206805,0.0,23.8,19.68095238,324.5046627,0.0,-10.90513039,16.96910714
2025-08-02 21:00:00+00:00,432.3986225,0.0,23.98,429.6866831,0.0,23.75142857,19.58377778,327.8401753,0.0,-12.10011905,16.80866667
2025-08-02 21:15:00+00:00,431.6927273,0.0,23.92883333,428.9924433,0.0,23.7,19.5,331.2964444,0.0,-13.17974387,16.57553928
2025-08-02 21:30:00+00:00,430.8563352,0.0,23.9,428.8263206,0.0,23.69555556,19.45333333,334.6666667,0.0,-14.09777778,16.44980952
2025-08-02 21:45:00+00:00,429.7315422,0.0,23.9,428.3756202,0.0,23.61394558,19.38068182,338.2723887,0.0,-14.98699134,16.30952381
2025-08-02 22:00:00+00:00,429.7404798,0.0,23.9,428.5739278,0.0,23.6,19.3,342.1124947,0.0,-15.77296801,16.246
2025-08-02 22:15:00+00:00,428.310635,0.0,23.86892593,427.9999042,0.0,23.6,19.25365079,345.3178632,0.0,-16.34209716,16.23604539
2025-08-02 22:30:00+00:00,428.6749311,0.0,23.8,427.8419913,0.0,23.6,19.11818182,349.8074459,0.0,-16.89281385,16.20561328
2025-08-02 22:45:00+00:00,427.6948089,0.0,23.8,426.6770833,0.0,23.6,19.0,352.909906,0.0,-17.19361111,16.13375
2025-08-02 23:00:00+00:00,427.5628668,0.0,23.8,426.3786532,0.0,23.53866667,19.0,356.8654974,0.0,-17.38666667,16.15361905
2025-08-02 23:15:00+00:00,427.7284913,0.0,23.8,425.7368978,0.0,23.5,18.94444444,120.6800962,0.0,-17.45508418,16.27
2025-08-02 23:30:00+00:00,427.0164013,0.0,23.73222222,424.6387297,0.0,23.5,18.81333333,4.496613553,0.0,-17.36015873,16.39
2025-08-02 23:45:00+00:00,426.8098373,0.0,23.7,424.0704545,0.0,23.5,18.8,8.085748557,0.0,-17.12162415,16.48935374
2025-08-03 00:00:00+00:00,426.1028704,0.0,23.7,423.9888254,0.0,23.42666667,18.76,11.82331602,0.0,-16.77131602,16.57755556
2025-08-03 00:15:00+00:00,425.8815954,0.0,23.7,423.6012545,0.0,23.4,18.68461538,15.42427778,0.0,-16.28394444,16.6
2025-08-03 00:30:00+00:00,425.7331016,0.0,23.7,422.9413919,0.0,23.4,18.6,18.99488379,0.0,-15.66686508,16.66295918
2025-08-03 00:45:00+00:00,426.5077687,0.0,23.7,422.3138193,0.0,23.4,18.6,22.71271669,0.0,-14.89018519,16.68648966
2025-08-03 01:00:00+00:00,425.5140125,0.0,23.67333333,422.5406088,0.0,23.4,18.58,26.12932336,0.0,-14.04882756,16.6
2025-08-03 01:15:00+00:00,425.7720822,0.0,23.61634921,421.6034169,0.0,23.4,18.5,29.60113757,0.0,-13.09047619,16.59208333
2025-08-03 01:30:00+00:00,424.4587862,0.0,23.6,421.2096219,0.0,23.37714286,18.43076923,33.20846029,0.0,-11.92450778,16.53639347
2025-08-03 01:45:00+00:00,424.00706,0.0,23.6,419.0735422,0.0,23.3,18.4,36.41222222,0.0,-10.78777778,16.41151515
2025-08-03 02:00:00+00:00,423.6090751,0.0,23.6,420.034632,0.0,23.3,18.4,40.11470899,0.0,-9.341343915,16.39974545
2025-08-03 02:15:00+00:00,423.0794986,0.0,23.6,420.136345,0.0,23.3,18.4,43.34444444,0.0,-7.938358586,16.39451709
2025-08-03 02:30:00+00:00,422.6870645,0.0,23.6,420.0478919,0.0,23.3,18.31428571,46.67680117,0.0,-6.39600907,16.3171543
2025-08-03 02:45:00+00:00,421.9277116,0.0,23.6,419.7781185,0.0,23.3,18.3,49.95613228,0.0,-4.76384127,16.27333333
2025-08-03 03:00:00+00:00,423.031317,0.0,23.6,419.48,0.0,23.3,18.3,53.18196489,0.24728889,-3.090608466,16.20198413
2025-08-03 03:15:00+00:00,421.7267857,0.0,23.6,418.9296362,0.0,23.3,18.3,56.28257267,1.273009218,-1.319145795,16.19919643
2025-08-03 03:30:00+00:00,421.8819444,0.0,23.6,418.4230303,0.0,23.3,18.3,59.13092063,3.564827994,0.25967033,16.15177778
2025-08-03 03:45:00+00:00,420.8480617,0.0,23.6,417.95,0.0,23.3,18.3,62.41646259,6.300959824,2.239652669,16.19948052
2025-08-03 04:00:00+00:00,420.4969108,0.0,23.6,416.7222618,0.0,23.3,18.3,65.48443242,10.68645368,4.181770082,16.23160895
2025-08-03 04:15:00+00:00,420.8078,0.0,23.6,416.9220779,0.0,23.3,18.3,68.52922336,23.43192359,6.188414366,16.30306122
2025-08-03 04:30:00+00:00,421.0789415,0.0,23.6,416.5919414,0.0,23.3,18.3,71.46439459,30.22384582,8.17364591,16.40919481
2025-08-03 04:45:00+00:00,419.81343,0.0,23.6,416.5604898,0.0,23.3,18.25333333,74.0725,47.49467075,9.969166667,16.5
2025-08-03 05:00:00+00:00,419.5366017,0.0,23.6,416.6307999,0.0,23.3,18.2,77.44007937,67.87185179,12.245,16.60044444
2025-08-03 05:15:00+00:00,418.5502691,0.0,23.6,416.416405,0.0,23.3,18.2,80.3042869,85.88938914,14.28100788,16.6647207
2025-08-03 05:30:00+00:00,418.8513019,0.0,23.6,415.5197531,0.0,23.3,18.15833333,83.28342593,120.2715516,16.36910053,16.65435185
2025-08-03 05:45:00+00:00,418.3416695,0.0,23.69333333,415.2709087,0.0,23.33634921,18.1,86.42481067,296.5611297,18.58039912,17.22998801
2025-08-03 06:00:00+00:00,417.9651786,0.0,23.7,415.5479605,0.0,23.4,18.1,89.60901361,110.911299,20.80295133,17.26929396
2025-08-03 06:15:00+00:00,417.7155882,0.0,23.7,415.4264358,0.0,23.4,18.1,92.68825254,85.72427519,22.94921245,16.65528139
2025-08-03 06:30:00+00:00,417.3008336,0.0,23.7,415.1070779,0.0,23.4,18.08583333,95.71896465,69.19757505,24.96294372,16.19433081
2025-08-03 06:45:00+00:00,416.557658,0.0,23.7,415.2686238,0.0,23.4,18.0,99.13663131,28.36401477,27.24038384,15.74798413
2025-08-03 07:00:00+00:00,416.3323891,0.0,23.7,415.2030311,0.0,23.4,18.0,102.4556463,39.17661361,29.37672052,15.44221202
2025-08-03 07:15:00+00:00,416.0873485,0.0,23.7,413.8594441,0.0,23.4,17.965,105.7113333,29.96401825,31.34055556,15.3
2025-08-03 07:30:00+00:00,415.0016728,0.0,23.7,413.9741667,0.0,23.4,18.0,109.2227778,56.42493795,33.37567773,15.30330484
2025-08-03 07:45:00+00:00,415.8998118,0.0,23.7,413.1819167,0.0,23.4,18.0773545,113.0135476,74.98085464,35.48589947,15.44021429
2025-08-03 08:00:00+00:00,415.4470583,0.0,23.7,412.6134416,0.0,23.4,18.1,116.5752328,75.53186053,37.38327414,15.53448446
2025-08-03 08:15:00+00:00,415.3537037,0.0,23.7,412.1098568,0.0,23.4,18.1,120.3460714,45.28288882,39.22297619,15.42666667
2025-08-03 08:30:00+00:00,414.4043579,0.0,23.7,412.5387753,0.0,23.4,18.02,124.5994841,47.52064182,41.14921429,15.38504541
2025-08-03 08:45:00+00:00,414.0152619,0.0,23.7,412.4511011,0.0,23.4,17.9,128.4612821,53.34505115,42.7273197,15.39644464
2025-08-03 09:00:00+00:00,414.0171717,0.0,23.7,412.1272727,0.0,23.4,17.9,133.1371044,76.28052052,44.46677273,15.47951515
2025-08-03 09:15:00+00:00,413.7650516,0.0,23.7,412.0082407,0.0,23.4,17.9,137.9785456,72.6936496,46.07831176,15.54555672
2025-08-03 09:30:00+00:00,413.6904387,0.0,23.7,411.30895,0.0,23.4,17.84761905,142.9485267,55.10120632,47.52487586,15.49743191
2025-08-03 09:45:00+00:00,412.9980159,0.0,23.7,411.7034718,0.0,23.4,17.8,147.7371062,43.90165172,48.69117063,15.44354906
2025-08-03 10:00:00+00:00,414.0306721,0.0,23.7,410.4209319,0.0,23.4,17.72166667,152.778,83.84843909,49.77257335,15.56215476
2025-08-03 10:15:00+00:00,413.9392023,0.0,23.7,410.2734961,0.0,23.4,17.7,158.1663915,129.5803321,50.64912458,15.78075835
2025-08-03 10:30:00+00:00,413.28583,0.0,23.7162963,409.8534605,0.0,23.4,17.66368254,163.7691085,242.7257499,51.38753439,15.99390185
2025-08-03 10:45:00+00:00,411.4612299,0.0,23.8,410.2123975,0.0,23.42857143,17.6,169.4958617,214.5415174,51.9226644,16.22503742
2025-08-03 11:00:00+00:00,411.5379798,0.0,23.8,408.8997868,0.0,23.5,17.6,175.195619,206.5530297,52.20761905,16.37275
2025-08-03 11:15:00+00:00,412.2014161,0.0,23.888,409.2483516,0.0,23.554,17.6,181.1776448,416.7254357,52.3,17.00276159
2025-08-03 11:30:00+00:00,411.0210084,0.0,23.9,409.5436802,0.0,23.6,17.6,186.4918715,684.4921794,52.17792208,17.28514881
2025-08-03 11:45:00+00:00,410.8071429,0.0,23.98095238,408.7403582,0.0,23.66666667,17.6,192.3480529,425.754173,51.80177778,17.98457778
2025-08-03 12:00:00+00:00,410.4850204,0.0,24.0,408.9184893,0.0,23.7,17.6,197.9804613,215.3329221,51.26225097,17.79170458
2025-08-03 12:15:00+00:00,410.9422253,0.0,24.05333333,409.4023713,0.0,23.705,17.6,202.8012409,361.1738511,50.60720979,17.79621785
2025-08-03 12:30:00+00:00,410.6911126,0.0,24.1,408.7877711,0.0,23.79761905,17.6,208.8551858,681.3834269,49.52265512,18.67745851
2025-08-03 12:45:00+00:00,410.5632683,0.0,24.13333333,408.16371,0.0,23.83777778,17.6,213.8539127,537.3319104,48.43542063,18.78901781
2025-08-03 13:00:00+00:00,410.8470938,0.0,24.2,407.642339,0.0,23.93171429,17.6,218.5725289,723.7490834,47.19301615,18.2792735
2025-08-03 13:15:00+00:00,410.0923436,0.0,24.27692308,407.9151137,0.0,24.0,17.67692308,223.754881,311.5839617,45.6647619,18.29914116
2025-08-03 13:30:00+00:00,410.2878174,0.0,24.3,407.9011575,0.0,24.06666667,17.74285714,227.9409841,396.9703837,44.23288889,18.3598836
2025-08-03 13:45:00+00:00,409.7388176,0.0,24.32766667,407.4921803,0.0,24.1,17.86666667,232.3493651,215.6503081,42.58734921,17.86277778
2025-08-03 14:00:00+00:00,410.6623988,0.0,24.4,407.230303,0.0,24.1,17.96366667,236.8925873,245.5556778,40.63507143,17.45122279
2025-08-03 14:15:00+00:00,410.4129897,0.0,24.4,408.0047619,0.0,24.1,18.10892857,240.7110187,185.716586,38.85491453,16.46687424
2025-08-03 14:30:00+00:00,410.0239159,0.0,24.4,407.9855026,0.0,24.1,18.22312169,244.3770106,208.6935981,37.04242165,16.40815556
2025-08-03 14:45:00+00:00,409.2613468,0.0,24.4,408.1790172,0.0,24.1,18.36307692,248.2357698,157.4692334,34.98124603,16.66002778
2025-08-03 15:00:00+00:00,409.9318734,0.0,24.4,407.812542,0.0,24.1,18.50222222,251.8241166,186.1610715,32.92423737,16.67867893
2025-08-03 15:15:00+00:00,408.9757236,0.0,24.4,407.4014378,0.0,24.1,18.6,255.2869048,123.7765571,30.89959184,16.91003968
2025-08-03 15:30:00+00:00,408.1439153,0.0,24.4,408.0795159,0.0,24.1,18.6,258.4030871,99.13972115,28.92864672,16.64875865
2025-08-03 15:45:00+00:00,408.1214815,0.0,24.33638889,407.3615789,0.0,24.08666667,18.55809524,262.0039339,125.5140753,26.63548942,16.45185185
2025-08-03 16:00:00+00:00,408.1858467,0.0,24.3,407.2301587,0.0,24.0,18.46,265.2183995,90.72058931,24.46834536,16.63622963
2025-08-03 16:15:00+00:00,408.506046,0.0,24.3,406.7369048,0.0,24.0,18.34350649,268.0774156,70.6041271,22.5281528,16.7308743
2025-08-03 16:30:00+00:00,408.6460317,0.0,24.3,406.9405659,0.0,24.0,18.3,271.3537475,48.59901699,20.26260438,16.41945892
2025-08-03 16:45:00+00:00,407.8088843,0.0,24.3,407.0042799,0.0,23.96933333,18.205,274.4886573,56.38103788,18.06075613,16.3903381
2025-08-03 17:00:00+00:00,407.2028627,0.0,24.3,406.2291357,0.0,23.9,18.13571429,277.4279705,41.16199322,15.95514277,16.26550789
2025-08-03 17:15:00+00:00,407.1254497,0.0,24.26428571,406.0910053,0.0,23.9,18.1,280.3677593,28.98470671,13.88128307,15.88
2025-08-03 17:30:00+00:00,407.1264387,0.0,24.2,405.7329015,0.0,23.9,18.1,283.5195873,18.64578108,11.66072844,15.6735
2025-08-03 17:45:00+00:00,405.4559219,0.0,24.2,405.4936227,0.0,23.87678571,18.01428571,286.6505796,24.22208515,9.494387755,15.61160417
2025-08-03 18:00:00+00:00,405.7804219,0.0,24.2,404.8059524,0.0,23.8,17.91607143,289.4727636,14.37106914,7.559812925,15.66008929
2025-08-03 18:15:00+00:00,406.3785281,0.0,24.14666667,405.4386001,0.0,23.8,17.9,292.4078466,6.521196724,5.594400387,15.87500758
2025-08-03 18:30:00+00:00,406.9778817,0.0,24.1,404.7160153,0.0,23.8,17.82666667,295.3823791,3.985898961,3.640169386,15.73823593
2025-08-03 18:45:00+00:00,405.838366,0.0,24.1,405.6435011,0.0,23.76,17.72666667,298.587,2.299539394,1.612219577,15.40311207
2025-08-03 19:00:00+00:00,405.2492063,0.0,24.1,405.5471188,0.0,23.7,17.7,301.5389033,1.251377603,-0.110966811,15.4676425
2025-08-03 19:15:00+00:00,405.3842305,0.0,24.05333333,405.0044703,0.0,23.7,17.6125,304.707803,0.159919192,-1.91215368,15.67458333
2025-08-03 19:30:00+00:00,405.1975304,0.0,24.0,404.8513577,0.0,23.7,17.589,307.83786,0.0,-3.623738484,15.33419408
2025-08-03 19:45:00+00:00,405.448279,0.0,24.0,404.1151733,0.0,23.67142857,17.51749173,310.0006307,0.0,-4.75923849,15.41106728
2025-08-03 20:00:00+00:00,404.9466503,0.0,24.0,403.7690767,0.0,23.6,17.41888889,314.2162963,0.0,-6.854074074,15.56133333
2025-08-03 20:15:00+00:00,405.1740312,0.0,23.90666667,404.5185294,0.0,23.6,17.4,317.4472901,0.0,-8.358731001,15.64531418
2025-08-03 20:30:00+00:00,404.8212185,0.0,23.9,404.4486175,0.0,23.6,17.32530159,320.8746112,0.0,-9.800130636,15.63449458
2025-08-03 20:45:00+00:00,404.6536281,0.0,23.9,402.9605684,0.0,23.6,17.26309524,324.2209014,0.0,-11.06638889,15.7279798
2025-08-03 21:00:00+00:00,406.1643547,102.7727269,23.76777778,404.0129038,104.2724815,23.58533333,16.92188645,327.7536032,0.0,-12.32848413,15.81855556
2025-08-03 21:15:00+00:00,437.5589785,166.4323395,23.54333333,434.2808694,161.2523403,23.47185185,16.74166667,331.2481538,0.0,-13.44203704,15.79807692
2025-08-03 21:30:00+00:00,467.2082027,166.8683751,23.41833333,459.860991,162.4002725,23.34666667,16.87555556,334.9401296,0.0,-14.46350072,15.86584127
2025-08-03 21:45:00+00:00,482.2229945,166.6060857,23.32857143,476.6788582,164.4638709,23.26309524,16.9,338.5403938,0.0,-15.31212912,15.89891234
2025-08-03 22:00:00+00:00,491.638877,251.6172619,23.24,487.1231851,254.9025448,23.14,16.9,341.865671,0.0,-15.97794709,15.73518454
2025-08-03 22:15:00+00:00,502.023567,314.4157585,23.05833333,497.9822942,317.0460659,23.0525,16.9,345.6404167,0.0,-16.61966931,15.28117778
2025-08-03 22:30:00+00:00,506.9449666,312.8258896,22.90714286,504.4685591,314.7319754,22.92312925,16.9,349.3964105,0.0,-17.10684524,15.2
2025-08-03 22:45:00+00:00,509.1659894,312.4421079,22.81079365,506.4472588,320.9876523,22.8,16.86404762,352.8522508,0.0,-17.44779956,15.23897813
2025-08-03 23:00:00+00:00,509.7028716,314.5682316,22.725,508.0132937,318.9011317,22.75142857,16.8,356.7486032,0.0,-17.64930556,15.2
2025-08-03 23:15:00+00:00,511.3652852,313.3761376,22.60769231,509.1452247,318.4757367,22.68555556,16.8,103.5665476,0.0,-17.7,15.19266667
2025-08-03 23:30:00+00:00,512.4011241,315.4531986,22.55273526,509.5367065,317.5569269,22.6,16.87857143,4.320604396,0.0,-17.64081633,15.22951334
2025-08-03 23:45:00+00:00,512.7761492,312.3415242,22.45333333,509.5120731,317.2234323,22.55333333,16.9,7.790666667,0.0,-17.40611111,15.25956125
2025-08-04 00:00:00+00:00,510.9716397,314.2781349,22.38,508.815863,319.6847619,22.47,16.9,11.92829365,0.0,-17.03089947,15.34111818
2025-08-04 00:15:00+00:00,509.2446267,314.0955647,22.3,505.6981911,317.74198,22.41428571,16.9,15.39289322,0.0,-16.55541847,15.21428571
2025-08-04 00:30:00+00:00,507.981168,312.2565401,22.3,504.200486,317.3633236,22.34833333,16.78595238,18.79010175,0.0,-15.9751567,15.07259259
2025-08-04 00:45:00+00:00,507.4671122,314.4794354,22.22190476,504.1309384,317.9487909,22.34185185,16.7,22.75504425,0.0,-15.15373545,14.96830154
2025-08-04 01:00:00+00:00,507.2988796,312.5544668,22.20333333,504.3671618,319.4173005,22.3,16.69115079,26.16845251,0.0,-14.29454001,14.98356104
2025-08-04 01:15:00+00:00,507.0042017,313.1295538,22.14642857,504.1501134,318.3489229,22.22142857,16.6,29.95082766,0.0,-13.23784581,14.97170068
2025-08-04 01:30:00+00:00,507.6643613,312.5946011,22.07678571,504.229058,321.0913584,22.2,16.6,33.40144444,0.0,-12.12216667,15.02363889
2025-08-04 01:45:00+00:00,508.7617414,312.9799433,22.07747253,505.7467857,319.1919264,22.2,16.68367347,36.8361919,0.0,-10.91488869,15.11766667
2025-08-04 02:00:00+00:00,508.4620962,312.0009908,22.0,505.6409877,314.6529133,22.11416667,16.7,40.26166032,0.0,-9.55289899,15.18066667
2025-08-04 02:15:00+00:00,510.1214448,318.0265873,21.9920068,509.6054545,321.9651103,22.1,16.70535714,43.60364616,0.0,-8.124165121,15.24578042
2025-08-04 02:30:00+00:00,512.3093868,317.1618773,22.00355556,513.6666445,322.7265534,22.05777778,16.865,46.8385885,0.0,-6.597437229,15.28555556
2025-08-04 02:45:00+00:00,513.8865698,317.0582283,21.985,519.7032184,320.1054835,22.05185185,16.744,50.04546685,0.0,-5.012255245,15.06194444
2025-08-04 03:00:00+00:00,513.7390338,96.86221034,22.36166667,519.9007719,91.26380952,22.02,16.53333333,53.08398942,0.104274248,-3.401084656,15.1830303
2025-08-04 03:15:00+00:00,507.2157738,63.96877289,22.56775794,509.996978,62.92512352,22.27154195,16.89247449,56.48960884,0.418855643,-1.524007936,15.00142857
2025-08-04 03:30:00+00:00,504.8948485,62.50970899,22.60066667,507.6581905,62.09667769,22.42,17.1,59.40416667,1.101395815,0.134764957,14.938
2025-08-04 03:45:00+00:00,502.8108564,62.99297924,22.696,504.1489772,62.46066434,22.4,17.1,62.82943112,2.507787976,2.215009158,15.48536797
2025-08-04 04:00:00+00:00,501.4331415,62.21124114,22.7,502.3390439,62.11643768,22.4,17.1,65.45537698,2.976708046,3.855796485,15.73356151
2025-08-04 04:15:00+00:00,499.3543248,63.48701299,22.67,500.9944904,62.39057239,22.4169697,17.09,68.24874875,10.03048038,5.670354847,15.2653013
2025-08-04 04:30:00+00:00,500.3903704,62.86273392,22.70285714,501.5603704,62.3519596,22.5,17.0,71.64142857,25.61709296,7.92952381,15.21333333
2025-08-04 04:45:00+00:00,511.0469481,63.20881249,22.70166667,505.5719884,62.10686194,22.5,17.0,74.69755556,31.23797018,10.02244444,15.1559772
2025-08-04 05:00:00+00:00,512.6283423,63.6269256,22.85549114,508.8874109,62.93402813,22.43945578,17.01536152,77.40455822,30.98111927,11.93670641,15.17063492
2025-08-04 05:15:00+00:00,528.6760185,62.49282662,22.93346154,527.3678055,62.10100647,22.54987302,17.09702381,80.50157576,29.51335795,14.10537566,15.15133333
2025-08-04 05:30:00+00:00,547.1296628,62.92832883,23.03174603,545.1007007,62.50160173,22.60111111,17.1,83.49702646,47.83965804,16.19750265,15.25330447
2025-08-04 05:45:00+00:00,574.1302649,63.21039683,23.14666667,555.2979621,61.99696152,22.69111111,17.16666667,86.8010303,64.07293304,18.52006566,15.33456296
2025-08-04 06:00:00+00:00,592.1510433,62.58562707,23.1810989,564.643535,62.33350698,22.88934807,17.16556777,89.81496032,97.52952242,20.62213564,15.55613533
2025-08-04 06:15:00+00:00,615.3340165,63.290612,23.33555556,629.8159436,62.19613807,23.04571429,17.07277778,92.94452116,117.7921828,22.76385185,15.80174359
2025-08-04 06:30:00+00:00,638.2923173,62.73833574,23.49964286,634.8596417,61.84100233,23.12407143,17.2,95.81278571,137.8834711,24.73095238,15.92549074
2025-08-04 06:45:00+00:00,655.9104915,62.50941737,23.51428571,639.1000046,61.24879075,23.12142857,17.2,99.28408163,158.020384,27.02349412,16.22690476
2025-08-04 07:00:00+00:00,674.8632132,62.92596663,23.64960317,657.3736329,62.21064933,23.2702381,17.2,102.6139259,125.553437,29.13742857,16.51916667
2025-08-04 07:15:00+00:00,675.6087741,62.89248677,23.74333333,681.3870367,62.07282968,23.40103704,17.2,105.8893519,95.17558084,31.14805556,16.70124074
2025-08-04 07:30:00+00:00,693.5037042,62.85429487,23.77333333,709.9445243,62.63333027,23.54015873,17.23333333,109.5718709,137.5949443,33.27979076,16.8386083
2025-08-04 07:45:00+00:00,702.4816914,62.45958595,23.7343254,735.1541869,61.83139349,23.64614229,17.06757653,113.1159109,109.4889133,35.25616239,16.72857143
2025-08-04 08:00:00+00:00,705.1465142,62.97308201,23.77412698,753.8737879,62.11264237,23.60444444,16.9,116.9529004,100.5110199,37.25238095,16.79137662
2025-08-04 08:15:00+00:00,704.7991087,62.20701754,23.95333333,734.1570137,61.93776882,23.67333333,17.06933333,120.8772222,245.1907201,39.1610989,17.01480952
2025-08-04 08:30:00+00:00,708.6185967,62.85102041,24.02816327,742.0184504,66.36038252,23.67636905,17.18928571,124.8984432,181.4550196,40.9667517,17.15520703
2025-08-04 08:45:00+00:00,703.9876563,61.72416361,24.02365079,701.7693115,61.17097257,23.67333333,17.14930159,129.0617672,116.6213583,42.64380423,17.05508333
2025-08-04 09:00:00+00:00,706.7677513,62.15890572,24.04222222,692.7401648,61.14969697,23.69472222,17.24666667,133.5350661,237.4632715,44.31711111,17.43126943
2025-08-04 09:15:00+00:00,697.6031976,70.63736467,24.14577778,690.1467178,61.25489706,23.8575,17.2,138.1629497,186.2839708,45.84128307,17.92642593
2025-08-04 09:30:00+00:00,701.7785063,77.21895484,24.11746032,727.6855869,61.72066943,23.86047619,17.05816327,143.0632795,137.5875572,47.2472132,18.01875
2025-08-04 09:45:00+00:00,686.6812743,88.61677225,24.06,693.8056475,61.52269795,23.8,17.15,147.8815902,325.4196614,48.45446609,18.39101299
2025-08-04 10:00:00+00:00,674.9530288,96.43910934,24.18063059,672.6692198,61.30328398,23.8,17.50930736,152.8348773,150.8725845,49.49988889,18.71565338
2025-08-04 10:15:00+00:00,648.5889496,105.9335601,24.11190476,652.4579754,61.0694825,23.8,16.74142857,158.0460317,74.44936957,50.36785714,17.14722222
2025-08-04 10:30:00+00:00,623.7242735,110.4133547,24.02,640.0445394,60.65109179,23.72833333,16.03333333,163.7456664,216.6295081,51.11825637,16.36246032
2025-08-04 10:45:00+00:00,616.3341201,110.3786479,24.02777778,621.3717007,61.21602287,23.75851852,16.44240741,169.6608586,213.2883075,51.63442761,16.56892593
2025-08-04 11:00:00+00:00,632.6707948,120.386398,24.07428571,634.3601358,61.74405163,23.86603175,17.23977778,175.5161111,270.675713,51.94833333,16.94857143
2025-08-04 11:15:00+00:00,637.4386852,126.8120517,24.10833333,647.3089045,60.83809524,23.87738095,17.125,181.0560812,177.602891,52.0,17.22088435
2025-08-04 11:30:00+00:00,634.403528,140.506296,24.16888889,630.8423394,61.38953564,23.80444444,17.70666667,186.6423776,414.9505851,51.90112554,17.69408009
2025-08-04 11:45:00+00:00,625.5726048,154.7977778,24.17855556,608.8992496,61.1896559,23.8,18.07777778,192.5590476,683.7666359,51.54152646,18.78924656
2025-08-04 12:00:00+00:00,619.1624084,164.9801871,24.1797619,600.5794872,61.09285714,23.8,17.88434524,198.0855704,817.1489807,50.95297619,19.59867057
2025-08-04 12:15:00+00:00,616.6937009,181.3130008,24.12666667,593.6745044,62.03709241,23.78666667,17.624,203.4560053,859.4266318,50.21690476,20.20323593
2025-08-04 12:30:00+00:00,602.4207265,194.3781541,24.02592593,588.9385592,61.52363396,23.8,17.27026455,208.8524221,603.8141331,49.26523737,20.32508069
2025-08-04 12:45:00+00:00,590.3077101,198.6395623,24.12904762,581.1359579,62.35962047,23.8,16.75333333,213.8884524,624.0425926,48.13575397,20.63607937
2025-08-04 13:00:00+00:00,584.227946,208.5512472,24.18170068,574.8009613,62.58613998,23.84422799,16.9125,218.7331774,726.7163207,46.89017857,20.94750567
2025-08-04 13:15:00+00:00,572.2602585,224.1333333,24.07,561.403209,61.1120808,23.95222222,17.13555556,223.4700099,644.8945069,45.46216739,21.05315714
2025-08-04 13:30:00+00:00,557.0600973,225.6249288,24.01633333,553.150543,62.64159725,23.97698413,17.28555556,227.9603333,553.2757659,43.92927273,21.43286891
2025-08-04 13:45:00+00:00,536.0679213,217.3808497,24.009,543.0385422,62.46442751,23.93777778,17.36444444,231.9472727,685.8485069,42.38511785,21.3885348
2025-08-04 14:00:00+00:00,521.8382491,74.3228643,24.0422449,530.7681933,65.05642857,24.0,15.5077381,236.2428159,453.7855157,40.6232677,21.20815851
2025-08-04 14:15:00+00:00,516.8812607,65.86506623,24.11874603,521.1979731,66.77008595,23.91983333,14.29974603,240.2746912,303.5715124,38.76469986,21.67585859
2025-08-04 14:30:00+00:00,514.0308333,65.81693122,24.1,515.1308744,66.53718615,24.0,17.42188889,244.3107879,328.8627032,36.75666667,21.42105556
2025-08-04 14:45:00+00:00,511.8233812,67.3141256,24.1,510.8504161,66.63704881,23.98752381,16.31066667,247.985641,234.60149,34.80813187,21.42510965
2025-08-04 15:00:00+00:00,509.2110274,66.17584437,24.18938776,509.2877903,67.16472043,24.02857143,17.62678571,251.6647959,310.3248813,32.70641026,21.59089286
2025-08-04 15:15:00+00:00,506.5239741,66.63015251,24.2,506.1870253,68.40991654,24.1,17.16444444,255.1930519,194.7353109,30.6337037,21.54012536
2025-08-04 15:30:00+00:00,503.7116684,66.32676768,24.2,503.1707284,66.14223875,24.01133333,17.32533333,258.4540057,119.697591,28.56587037,20.8816187
2025-08-04 15:45:00+00:00,501.5017286,66.37489329,24.14595238,501.1295803,67.03469764,23.95161565,16.93571429,261.7037157,165.6126227,26.47887652,21.01762987
2025-08-04 16:00:00+00:00,500.2966862,66.89145568,24.1,499.5274699,61.53724319,23.9,16.83295918,264.8546952,139.6722313,24.40594383,20.46257576
2025-08-04 16:15:00+00:00,498.8120202,66.20980038,24.1,497.3526164,61.57877,23.86388889,16.93811966,268.0056151,103.2575167,22.24288492,20.50438339
2025-08-04 16:30:00+00:00,496.9183473,65.10476574,24.07185185,496.1873518,60.2355341,23.8,16.13,271.2618254,79.59275273,19.99590548,20.09730838
2025-08-04 16:45:00+00:00,495.9269891,66.19182365,24.0,496.1270539,60.60960726,23.725,17.28923077,274.2734694,65.51152543,17.86326531,19.92746032
2025-08-04 17:00:00+00:00,494.6067115,66.15628298,23.94,494.5639619,60.55514532,23.66,17.00257937,277.283,46.65796222,15.74366667,19.85461977
2025-08-04 17:15:00+00:00,495.2138311,65.23269841,23.84666667,492.8871222,61.5808898,23.6,16.71142857,280.3487109,31.80262185,13.56644444,19.87855672
2025-08-04 17:30:00+00:00,494.2911139,66.13487485,23.8,493.3633271,60.71349845,23.55380952,17.20208333,283.3667347,26.71394434,11.43367347,19.66039116
2025-08-04 17:45:00+00:00,494.3373208,65.55938324,23.73333333,493.2482395,60.76249927,23.5,17.08,286.0891111,18.1859927,9.555555556,19.545
2025-08-04 18:00:00+00:00,493.3821094,65.90315934,23.7,493.00698,61.05984911,23.47958333,16.77777778,289.264,10.49320125,7.400745614,19.55374444
2025-08-04 18:15:00+00:00,493.820191,66.05335512,23.6,492.3298458,61.5919634,23.4,16.94133333,292.4014394,7.280638444,5.264665705,19.21852121
2025-08-04 18:30:00+00:00,492.7974896,65.93669386,23.6,492.1847756,60.95742929,23.38571429,17.17636364,295.3771429,4.775622024,3.362619048,19.05545455
2025-08-04 18:45:00+00:00,492.8018519,65.61594017,23.6,491.7312566,59.7945774,23.3,16.83504762,298.1482208,1.616177469,1.596659544,18.96831948
2025-08-04 19:00:00+00:00,492.3232624,17.56666667,23.6,492.0659104,15.50151724,23.3,17.39333333,301.479899,0.67936381,-0.358038721,17.99111111
2025-08-04 19:15:00+00:00,491.8524302,0.0,23.5,492.2024382,0.0,23.3,17.40803571,304.4923476,0.300260333,-2.094502878,17.35451084
2025-08-04 19:30:00+00:00,490.8459492,0.0,23.5,492.3557556,0.0,23.3,17.51333333,307.5686811,0.015152678,-3.753303752,16.99786687
2025-08-04 19:45:00+00:00,488.4526595,0.0,23.5,490.8498082,0.0,23.23085226,17.6,310.9109646,0.0,-5.536931217,16.88666667
2025-08-04 20:00:00+00:00,488.1608165,0.0,23.5,490.5968187,0.0,23.2,17.6,314.2950556,0.0,-7.163809524,16.9195
2025-08-04 20:15:00+00:00,486.7549116,0.0,23.5,489.2348413,0.0,23.2,17.68333333,317.4841468,0.0,-8.641071429,16.91938776
2025-08-04 20:30:00+00:00,486.6547696,0.0,23.5,487.9910401,0.0,23.2,17.82666667,320.7781868,0.0,-10.03461538,16.45760226
2025-08-04 20:45:00+00:00,484.4580192,0.0,23.41333333,488.0433594,0.0,23.2,17.97111111,324.0353413,0.0,-11.31872955,16.04194444
2025-08-04 21:00:00+00:00,483.8919192,105.6018916,23.33263889,485.9435243,98.61809801,23.11428571,17.95002137,327.6384385,0.0,-12.56482993,15.71428571
2025-08-04 21:15:00+00:00,488.8204894,167.5275183,23.20666667,488.8849262,161.5556444,23.1,17.40666667,331.033,0.0,-13.6512381,15.78194108
2025-08-04 21:30:00+00:00,493.4586212,168.4812296,23.08666667,494.1776673,157.7521123,23.03333333,17.4,334.7150926,0.0,-14.67269577,15.80944411
2025-08-04 21:45:00+00:00,495.2723329,168.3299409,23.0,497.2085859,157.6225575,22.98911111,17.51333333,338.3936587,0.0,-15.56642857,15.92206349
2025-08-04 22:00:00+00:00,497.1833589,168.8281713,22.92678571,498.5168758,160.8351291,22.90102041,17.51964286,341.8650556,0.0,-16.29465971,15.80189007
2025-08-04 22:15:00+00:00,498.0311616,167.3615522,22.9,499.4784271,161.2964071,22.88666667,17.33653846,345.6542857,0.0,-16.8834127,15.65566667
2025-08-04 22:30:00+00:00,498.6814815,167.9216606,22.84,500.1833333,166.0761234,22.8,17.2,349.363381,0.0,-17.3682381,15.45874026
2025-08-04 22:45:00+00:00,498.450974,167.7065181,22.8,500.7273916,161.079029,22.8,17.2,353.087404,0.0,-17.71343434,15.507
2025-08-04 23:00:00+00:00,500.0300366,169.7405793,22.7918254,500.9159864,158.8679138,22.75294913,17.2,356.9741497,0.0,-17.92857143,15.6
2025-08-04 23:15:00+00:00,501.6246439,167.7921164,22.7,500.562855,164.1516064,22.7,17.24,108.738037,0.0,-18.0,15.74134343
2025-08-04 23:30:00+00:00,501.0860794,167.1950548,22.76233333,501.3009215,162.4274382,22.68396825,17.39095238,4.379277778,0.0,-17.90144108,15.9547
2025-08-04 23:45:00+00:00,501.8455919,139.992517,22.66732517,501.3074031,136.5,22.68452381,17.56153846,8.146062271,0.0,-17.68142857,16.11142857
2025-08-05 00:00:00+00:00,501.0162963,55.49214286,22.89333333,500.6494418,57.68968634,22.66,17.62666667,11.88979293,0.0,-17.31160366,16.41094122
2025-08-05 00:15:00+00:00,500.4984678,169.0369142,22.8,500.8024691,158.5177239,22.65233333,17.86266667,15.60636364,0.0,-16.80688235,16.52769231
2025-08-05 00:30:00+00:00,501.7469553,167.4183076,22.77333333,502.3418725,162.5972505,22.6,17.98666667,19.31088889,0.0,-16.17374074,16.53316667
2025-08-05 00:45:00+00:00,502.9239899,168.4888353,22.6,503.612899,164.7511565,22.6,18.07857143,22.91938776,0.0,-15.38834184,16.46693878
2025-08-05 01:00:00+00:00,504.7105192,168.6902564,22.6,504.0293013,165.8340308,22.6,18.06666667,26.16295118,0.0,-14.5675,16.47336667
2025-08-05 01:15:00+00:00,506.1107066,167.9007882,22.62197802,505.7351826,162.1456243,22.55787037,18.1,29.89613131,0.0,-13.55377273,16.44135237
2025-08-05 01:30:00+00:00,506.3754121,168.448868,22.53571429,506.8447436,164.3490726,22.51861111,17.99285714,33.49645791,0.0,-12.39177778,16.31461587
2025-08-05 01:45:00+00:00,506.6520796,166.4124586,22.43736264,506.3629294,163.6523461,22.5,17.71758242,37.05732143,0.0,-11.11306122,16.26150649
2025-08-05 02:00:00+00:00,506.4400747,170.9172198,22.4,506.3235506,160.2173309,22.4687037,17.54343434,40.18006061,0.0,-9.879151515,16.02360613
2025-08-05 02:15:00+00:00,505.1354724,169.9649639,22.44666667,506.1418605,160.463612,22.4,17.18311111,43.66378788,0.0,-8.352,15.56845238
2025-08-05 02:30:00+00:00,505.8636364,171.7076855,22.36815476,509.9615442,161.1083714,22.37301587,16.8707483,46.76237245,0.0,-6.926020408,15.24243056
2025-08-05 02:45:00+00:00,510.4547408,168.2618611,22.48666667,523.7731489,157.6816208,22.39027778,16.45365079,50.1376219,0.022777778,-5.261619048,14.78747497
2025-08-05 03:00:00+00:00,519.2144472,52.84350427,22.56571429,523.0610905,52.57595667,22.30176768,16.2217037,53.30918918,0.414943137,-3.611719059,14.46504785
2025-08-05 03:15:00+00:00,512.1333956,79.53655414,22.784,509.8369947,77.96225552,22.38047619,16.94266667,56.62962963,1.818112429,-1.743371813,14.29483333
2025-08-05 03:30:00+00:00,509.1415033,61.23529298,22.7,506.4543987,63.32454212,22.4,16.80791209,59.65009354,5.272626534,-0.018275871,14.47567988
2025-08-05 03:45:00+00:00,506.9283947,61.06265795,22.7,504.1686868,63.44549921,22.4,17.18333333,62.63822992,11.74636819,1.73490404,15.00109117
2025-08-05 04:00:00+00:00,504.5391069,61.08830409,22.7,502.3527735,62.98587903,22.4,16.27294372,65.78866667,25.20989481,3.736013228,15.13216667
2025-08-05 04:15:00+00:00,502.8023173,61.30435107,22.7,501.8760049,63.01652237,22.4,16.98657143,68.85579365,47.04385226,5.747476191,14.26576455
2025-08-05 04:30:00+00:00,500.9152898,60.52289667,22.7,501.4964731,62.60576941,22.4,16.95692308,71.61714286,69.63970267,7.587619048,14.37015873
2025-08-05 04:45:00+00:00,502.1523316,61.25377554,22.67619048,499.6785528,61.5276474,22.4,17.06222222,74.76383862,102.357614,9.746603175,14.309
2025-08-05 05:00:00+00:00,508.9274946,60.20188034,22.81333333,509.164108,60.36898014,22.4,16.96355556,77.86214502,132.7707124,11.92099615,14.64055629
2025-08-05 05:15:00+00:00,524.4183552,60.26083237,22.8189881,530.8940261,60.92379644,22.50892857,17.19428571,80.70568925,160.1303846,13.88811975,14.86736291
2025-08-05 05:30:00+00:00,538.1428226,59.86271082,22.98274074,549.0512989,59.99774835,22.6,17.11101852,83.6977619,196.6472361,15.99998413,15.23521296
2025-08-05 05:45:00+00:00,576.0487502,60.36156658,23.04954497,565.5260298,60.15009885,22.67833333,16.9,86.77647619,232.898663,18.18311905,15.55417143
2025-08-05 06:00:00+00:00,600.1397066,63.42159692,23.19214252,619.2215295,61.11242836,22.86,17.04603535,90.00603968,266.8834901,20.40681674,15.56719301
2025-08-05 06:15:00+00:00,620.0267413,64.9036301,23.25,663.9241723,60.98134603,23.07447279,17.18214286,93.12809968,303.6400093,22.59768815,15.82902597
2025-08-05 06:30:00+00:00,644.9156347,63.87995465,23.32388889,697.9799334,60.70594406,23.20833333,17.04285714,96.30016931,333.9663931,24.71105556,16.38110556
2025-08-05 06:45:00+00:00,657.3150204,64.47013645,23.41139456,723.0244355,60.76449358,23.21690476,17.17619048,99.44988034,371.5308049,26.79011966,16.41719658
2025-08-05 07:00:00+00:00,666.9295977,62.97275641,23.40630952,721.5695617,59.78827269,23.23166667,17.32040816,102.7505334,402.8755783,28.86310039,16.6384699
2025-08-05 07:15:00+00:00,667.0652451,64.18523051,23.49119048,743.7833365,60.4581739,23.3912037,17.10504762,106.0936164,428.4908783,30.9497619,16.85938543
2025-08-05 07:30:00+00:00,676.1035825,64.39739719,23.58280749,731.3873673,60.9350958,23.57502231,17.43528059,109.5426414,441.4945899,32.97461538,17.17789269
2025-08-05 07:45:00+00:00,685.925429,64.58624167,23.57819444,742.9585466,60.94950487,23.57209079,17.36895238,112.8329283,527.4112015,34.75138562,17.51953811
2025-08-05 08:00:00+00:00,701.4465729,63.59076449,23.67380385,754.7079314,60.76054422,23.60711039,17.4,117.1514301,635.2629653,37.04494048,17.77432823
2025-08-05 08:15:00+00:00,710.8150436,65.22550265,23.84777778,700.7918949,61.7433782,23.64826984,17.53333333,121.0827391,518.7232007,38.93692308,17.93381909
2025-08-05 08:30:00+00:00,725.8152778,64.35168951,23.9381746,766.492253,69.8749741,23.7032381,17.24896825,125.1643862,502.4548003,40.784,17.90918142
2025-08-05 08:45:00+00:00,710.3287765,65.48523708,23.9202381,751.8162336,73.73758276,23.71938776,16.945,129.3595351,581.6440836,42.48707483,17.95336614
2025-08-05 09:00:00+00:00,699.7512037,65.50580297,23.97692308,726.0385659,61.66512886,23.66777778,16.75,133.6873358,601.6495918,44.07703053,17.83378571
2025-08-05 09:15:00+00:00,691.8592593,68.53202261,24.06343537,702.715501,62.64185748,23.80811111,16.92857143,138.2509139,675.1759931,45.5871455,18.59133333
2025-08-05 09:30:00+00:00,691.5059883,81.45582011,24.16444444,688.3805685,61.06356199,23.93333333,17.24666667,143.0195671,652.1790273,46.96866835,18.98
2025-08-05 09:45:00+00:00,682.8687373,100.5183721,24.19196429,669.9695722,62.59202599,23.99336735,17.3,147.6884921,695.664078,48.11038832,18.73601114
2025-08-05 10:00:00+00:00,671.9021735,109.3016394,24.12119865,673.7749902,61.99467086,23.83663636,17.23803704,152.989412,660.2953702,49.21946681,18.64258591
2025-08-05 10:15:00+00:00,638.8239211,114.5502778,24.04611111,628.3562234,62.20138525,23.63071429,17.31,158.4169444,478.4147198,50.14965741,19.02816667
2025-08-05 10:30:00+00:00,602.0066251,116.6571429,24.02333333,597.3097499,60.99864839,23.58,17.19920635,164.2274226,490.0393146,50.89336508,19.35965657
2025-08-05 10:45:00+00:00,600.9207792,105.3510379,23.85632653,619.0826498,61.13820672,23.51020408,17.18452381,169.8914824,614.6116921,51.42229308,19.32580357
2025-08-05 11:00:00+00:00,612.1872054,101.5934921,24.06694444,610.0223604,60.19592506,23.748,17.01314286,175.0927966,649.071284,51.69791667,19.41917749
2025-08-05 11:15:00+00:00,628.3795965,107.0078972,24.08361905,616.9899682,62.2181688,23.7767672,17.20609524,180.8247059,678.3488363,51.7968254,19.51306508
2025-08-05 11:30:00+00:00,637.0547619,109.0816392,24.05892857,634.5190476,62.73172214,23.87428571,17.16458333,186.9066071,585.2028596,51.62857143,19.67219246
2025-08-05 11:45:00+00:00,635.2181878,122.1795635,24.1,650.5078674,62.51688987,24.0,16.9675,191.917619,333.6575824,51.32785714,19.72134921
2025-08-05 12:00:00+00:00,631.2926111,124.5815924,24.08311111,656.370053,63.6057423,23.91798942,17.06777778,197.8716962,713.2516412,50.72066162,19.65912937
2025-08-05 12:15:00+00:00,630.1828946,121.1866343,24.01690476,642.4839091,63.09029272,23.86199206,17.4347619,203.0983112,808.9412414,50.013348,20.11091135
2025-08-05 12:30:00+00:00,634.7356267,125.2890523,24.05357143,633.4941287,62.44922601,23.92714286,17.10357143,208.3731293,794.6008956,49.04761905,20.25795918
2025-08-05 12:45:00+00:00,635.3339416,125.458763,23.976,619.0086024,63.19028173,23.781,17.18787037,213.7919749,858.980927,47.87721164,20.28438228
2025-08-05 13:00:00+00:00,631.9121627,129.1907393,24.09412698,583.1762542,63.45505376,23.75064286,17.15222222,218.4614856,510.1318626,46.65792641,20.39514778
2025-08-05 13:15:00+00:00,618.2026734,134.2486704,24.02690476,569.9078166,62.74125874,23.85187075,17.04440476,223.2442569,374.2428032,45.23480159,20.22169913
2025-08-05 13:30:00+00:00,605.855716,143.3130323,23.97555556,571.6380619,62.72070956,23.71333333,15.612,227.8943492,494.2042147,43.64909524,19.80043506
2025-08-05 13:45:00+00:00,586.3946756,132.9358689,23.86288889,559.1412194,61.76606193,23.78814815,16.50698413,231.8969418,389.3834577,42.11761905,20.2137037
2025-08-05 14:00:00+00:00,576.7083333,77.17380868,23.81785714,561.4786173,62.91653507,23.72533333,15.41428571,236.5010185,269.3786873,40.19777778,20.13583333
2025-08-05 14:15:00+00:00,567.8195218,65.90634921,23.77142857,557.0287573,62.58721083,23.7,16.61607143,240.2435931,307.2074754,38.47375,19.5642449
2025-08-05 14:30:00+00:00,555.8734787,63.83953704,23.90266667,550.7228899,64.14017672,23.76,17.26255556,244.0961477,471.4921522,36.5447033,18.88895116
2025-08-05 14:45:00+00:00,541.5516618,60.32669553,24.0,543.4455647,65.47527273,23.90666667,16.64222222,247.8802308,577.7170827,34.56876068,19.62280317
2025-08-05 15:00:00+00:00,530.0703531,61.82746367,24.11047619,537.2915733,60.52122172,24.08984127,17.29734694,251.5286118,556.0921198,32.46578355,19.80447186
2025-08-05 15:15:00+00:00,523.0675186,62.64148629,24.2,529.2337577,60.09999342,24.28384354,17.48945578,255.0949972,453.1055546,30.37251984,19.93796485
2025-08-05 15:30:00+00:00,517.20727,63.24636364,24.2,523.7289912,59.39439683,24.33047619,16.83155556,258.2163413,329.844223,28.42269841,19.46607143
2025-08-05 15:45:00+00:00,513.0282828,64.89571789,24.2,518.9895182,60.24253521,24.45166667,16.81809524,261.4142857,283.5683387,26.3752381,19.25640476
2025-08-05 16:00:00+00:00,509.5926967,64.28567558,24.2,514.7341971,60.7910698,24.49611111,16.675,264.9321886,389.3176158,23.9770873,19.07439815
2025-08-05 16:15:00+00:00,505.7194739,63.17961685,24.2,511.9850266,60.02774713,24.56428571,16.70238095,268.0472148,297.5170011,21.86355482,18.55958929
2025-08-05 16:30:00+00:00,503.2412868,64.05301587,24.22190476,507.4047592,58.981735,24.67752381,17.18734392,270.9163805,306.0273614,19.89314815,18.39061966
2025-08-05 16:45:00+00:00,500.0499005,63.28799479,24.3,505.7441757,60.1782443,24.8,16.84,274.0735342,170.2463557,17.66530303,18.07283333
2025-08-05 17:00:00+00:00,498.422386,62.87430767,24.26904762,502.7358598,59.1880987,24.6,16.84285714,277.2122933,34.35730227,15.44507059,17.98984127
2025-08-05 17:15:00+00:00,497.0244953,62.4853233,24.2,500.6233298,59.48245661,24.42035714,17.04133333,280.0598416,45.56334317,13.44752113,16.35928443
2025-08-05 17:30:00+00:00,495.9143622,63.22639251,24.10533333,499.2935994,60.13703906,24.2047619,16.42888889,283.2473574,48.12629975,11.18978163,15.01029437
2025-08-05 17:45:00+00:00,496.4476419,63.6212963,24.1,497.761273,60.15687217,24.21518519,17.2,286.200119,139.3163958,9.148320106,15.41843579
2025-08-05 18:00:00+00:00,494.5971836,63.30321811,24.1,497.901504,61.16789057,24.225,16.45555556,289.1532242,86.86360118,7.160714286,15.80562716
2025-08-05 18:15:00+00:00,493.6045008,62.93812612,24.02055556,497.262805,60.07343332,24.16388889,17.1998254,292.2499369,30.73270566,5.065366911,15.91229259
2025-08-05 18:30:00+00:00,493.5946391,63.86419458,23.99,496.2524143,59.14452214,23.968,16.89239286,295.5147858,14.26407178,2.934094517,15.68320543
2025-08-05 18:45:00+00:00,494.9925958,62.47742297,23.9,496.6626735,60.15339052,23.88469841,17.09346032,298.383873,7.867367604,1.131589226,15.5410303
2025-08-05 19:00:00+00:00,495.2473371,5.700854701,23.83076923,497.0614571,5.420995671,23.79107143,16.14027473,301.213648,3.424298392,-0.495379819,15.34219388
2025-08-05 19:15:00+00:00,493.0284394,0.0,23.79333333,497.3313558,0.0,23.7,16.38666667,304.2327778,0.996787071,-2.244166667,15.00592593
2025-08-05 19:30:00+00:00,492.7484417,0.0,23.7,496.8297619,0.0,23.63248299,16.57571429,307.5957143,0.094432503,-4.121530612,14.77885623
2025-08-05 19:45:00+00:00,493.4456454,0.0,23.7,495.4706245,0.0,23.6,16.675,310.8101515,0.0,-5.796780143,14.5457265
2025-08-05 20:00:00+00:00,492.3105039,0.0,23.6604798,495.2508029,0.0,23.56428571,16.7,313.9136111,0.0,-7.314550505,14.30542508
2025-08-05 20:15:00+00:00,491.8376814,0.0,23.6,494.036775,0.0,23.5,16.7,317.4657804,0.0,-8.925393939,13.87722592
2025-08-05 20:30:00+00:00,490.7320925,0.0,23.6,492.0861472,0.0,23.43577778,16.7,320.837873,0.0,-10.32891126,13.58518519
2025-08-05 20:45:00+00:00,489.4584094,0.0,23.59557823,491.6797619,0.0,23.4,16.6375,324.1955763,0.0,-11.64597866,13.66105426
2025-08-05 21:00:00+00:00,488.1540892,0.0,23.5,490.5408937,0.0,23.358,16.57833333,327.4218413,0.0,-12.77640781,13.46699363
2025-08-05 21:15:00+00:00,487.8176231,0.0,23.5,490.0274089,0.0,23.3,16.5,331.1906319,0.0,-13.98472944,13.11369801
2025-08-05 21:30:00+00:00,486.7012458,0.0,23.457,489.1616977,0.0,23.257,16.48,334.7691298,0.0,-14.98155556,13.07059704
2025-08-05 21:45:00+00:00,486.6767557,0.0,23.4,488.808822,0.0,23.2,16.31538462,338.298784,0.0,-15.82016079,13.16011905
2025-08-05 22:00:00+00:00,485.6157904,0.0,23.4,487.2934187,0.0,23.12666667,16.22666667,341.7852918,0.0,-16.55115843,13.17339105
2025-08-05 22:15:00+00:00,484.2491531,0.0,23.34305556,487.16035,0.0,23.1,16.15555556,345.3231852,0.0,-17.11988095,13.05057239
2025-08-05 22:30:00+00:00,483.3577098,0.0,23.3,486.4992369,0.0,23.05,16.0,349.3240718,0.0,-17.67672026,13.10373802
2025-08-05 22:45:00+00:00,482.3028949,0.0,23.2647619,486.3776046,0.0,23.0,15.87777778,352.8982862,0.0,-17.98905387,13.09435556
2025-08-05 23:00:00+00:00,481.7353854,0.0,23.2,484.603321,0.0,22.97222222,15.772,356.5733333,0.0,-18.15333333,13.05095346
2025-08-05 23:15:00+00:00,481.1778764,0.0,23.196,484.0862049,0.0,22.9,15.63777778,96.9034072,0.0,-18.28942308,12.99218681
2025-08-05 23:30:00+00:00,479.8573565,0.0,23.1,483.6065416,0.0,22.9,15.50714286,4.435288462,0.0,-18.15714286,12.90470663
2025-08-05 23:45:00+00:00,479.9732621,0.0,23.1,481.8496904,0.0,22.89666667,15.40714286,8.176015152,0.0,-17.92277513,12.93743519
2025-08-06 00:00:00+00:00,478.4524839,0.0,23.1,481.3077224,0.0,22.8,15.3,11.94079076,0.0,-17.55996873,12.8623545
2025-08-06 00:15:00+00:00,477.1980002,0.0,23.1,479.5398735,0.0,22.8,15.27884615,15.75555556,0.0,-17.03666667,12.87333333
2025-08-06 00:30:00+00:00,476.3453739,0.0,23.06088435,479.1958791,0.0,22.8,15.15357143,19.46415816,0.0,-16.43303571,12.8
2025-08-06 00:45:00+00:00,475.7887719,0.0,23.0,477.8124339,0.0,22.8,15.1,22.91555556,0.0,-15.68,12.8
2025-08-06 01:00:00+00:00,475.2292874,0.0,23.0,477.4790521,0.0,22.74210601,15.1,26.45858201,0.0,-14.78638095,12.66509259
2025-08-06 01:15:00+00:00,474.4504785,0.0,23.0,475.9105156,0.0,22.7,15.0,30.06721939,0.0,-13.74897959,12.56479592
2025-08-06 01:30:00+00:00,472.2648802,0.0,23.0,475.7865839,0.0,22.7,14.90666667,33.42318182,0.0,-12.69474074,12.54695758
2025-08-06 01:45:00+00:00,472.6993473,0.0,22.90510204,475.5571429,0.0,22.7,14.87857143,36.60668573,0.0,-11.54832612,12.31732842
2025-08-06 02:00:00+00:00,472.1988889,0.0,22.9,473.8589456,0.0,22.69933333,14.8,40.42177489,0.0,-10.03570707,12.35281111
2025-08-06 02:15:00+00:00,471.3874783,0.0,22.9,472.820715,0.0,22.62142857,14.78392857,43.66845238,0.0,-8.669507576,12.37714286
2025-08-06 02:30:00+00:00,472.0900634,0.0,22.9,473.8452258,0.0,22.61821429,14.64666667,47.16732072,0.0,-7.04045055,12.25333333
2025-08-06 02:45:00+00:00,479.4392518,0.0,22.93333333,485.3634203,0.0,22.66666667,14.6,50.08885714,0.0,-5.621086913,12.12957143
2025-08-06 03:00:00+00:00,488.3030258,38.6497549,22.95333333,488.1296618,33.93333333,22.65416667,15.27642857,53.73286797,0.318626975,-3.686521164,12.18629304
2025-08-06 03:15:00+00:00,483.9877268,63.74591837,23.0,484.6732143,61.95503549,22.7,18.20952381,56.28043217,1.256585213,-2.232196212,12.2154916
2025-08-06 03:30:00+00:00,485.5932291,63.36988215,23.07111111,485.2968551,61.6446326,22.63333333,16.30222222,59.80416402,5.064781547,-0.244420635,12.25442593
2025-08-06 03:45:00+00:00,487.7762006,63.29446489,22.9,487.7373851,61.5239048,22.6,16.94333333,62.97790154,11.57400304,1.641509972,12.29622751
2025-08-06 04:00:00+00:00,489.1558502,63.98545908,23.0,488.469888,62.39584416,22.6,16.79777778,66.02924868,22.48472568,3.562316239,12.39111111
2025-08-06 04:15:00+00:00,489.3109041,63.83901515,22.98333333,489.0879121,61.54794843,22.6,16.92329932,68.86748557,51.60389849,5.416735645,12.61341176
2025-08-06 04:30:00+00:00,491.9345118,64.19150794,22.87333333,491.657115,61.98888889,22.6,16.96277778,71.92776335,65.55985408,7.511590909,12.98349074
2025-08-06 04:45:00+00:00,494.1310128,63.91630851,22.96,497.3109405,62.32954261,22.6,17.00211111,74.87817146,122.573462,9.524732582,13.49987436
2025-08-06 05:00:00+00:00,503.2980127,62.85787982,22.97142857,518.8789239,61.5623222,22.6152381,17.10386905,77.85081427,147.1191361,11.56666667,14.08119949
2025-08-06 05:15:00+00:00,527.610105,63.94953056,23.0752381,541.9081007,61.55784533,22.72988095,17.0484127,80.9220303,135.5256274,13.71790693,13.87849339
2025-08-06 05:30:00+00:00,543.4035394,63.51727513,23.1252381,558.7326994,62.75532468,22.8,17.09714286,83.5885368,107.4902974,15.58504762,14.19780952
2025-08-06 05:45:00+00:00,571.5099677,63.56898148,23.12401587,565.3238056,62.4610607,22.87849206,16.93333333,87.15525541,218.2898442,18.11912145,14.84787937
2025-08-06 06:00:00+00:00,610.380411,63.67964521,23.34071429,599.6314932,61.3383951,22.98367347,17.16809524,89.88793651,136.9032117,20.0207483,14.98105556
2025-08-06 06:15:00+00:00,623.8902136,63.06981481,23.36858974,616.7931545,61.29433929,23.24866667,17.23843537,93.28507692,322.0130777,22.35600529,15.64966667
2025-08-06 06:30:00+00:00,630.6041518,64.03181818,23.49518519,632.7380112,61.72239984,23.27211111,17.00722222,95.99166667,261.4104031,24.15915344,15.88841667
2025-08-06 06:45:00+00:00,646.8268996,63.33843944,23.48387755,671.3653325,61.83999251,23.43985185,16.90769231,99.60539683,154.6505452,26.52466667,15.70318519
2025-08-06 07:00:00+00:00,656.965036,63.42235396,23.55714286,695.4823325,61.14971236,23.51428571,17.07142857,102.9128061,236.7988018,28.66417234,16.11132653
2025-08-06 07:15:00+00:00,664.9036895,63.89263496,23.57164214,674.8089765,60.7144767,23.5790873,17.25444444,106.2991914,351.7936464,30.73454762,16.53868132
2025-08-06 07:30:00+00:00,670.6959211,63.63617378,23.6835,709.2980559,61.60843634,23.67833333,17.06313776,110.0861105,495.0955555,32.95420238,16.70666667
2025-08-06 07:45:00+00:00,672.4400841,64.19183673,23.71698413,688.3953996,61.87710944,23.65794872,17.05416667,113.4151298,340.8569641,34.75364617,17.00890999
2025-08-06 08:00:00+00:00,683.891679,63.56863084,23.80277778,698.4302785,61.284295,23.69657516,17.16933333,117.2477326,390.7650108,36.76299123,17.10333489
2025-08-06 08:15:00+00:00,693.0872803,63.20710128,23.84,696.8704514,61.21809423,23.83333333,17.24,121.045513,535.784564,38.60464286,17.20965476
2025-08-06 08:30:00+00:00,686.9575168,64.63929293,23.89256803,674.5593034,61.85597496,23.78787879,17.15714286,125.2139048,521.1981875,40.44935426,17.4568067
2025-08-06 08:45:00+00:00,695.2775512,63.5368327,23.88757267,685.1716042,62.62007173,23.79321512,17.07042027,128.6452299,546.9853795,41.86000766,17.59666825
2025-08-06 09:00:00+00:00,693.5180422,62.69053317,23.89909091,706.6599172,62.22567152,23.86,17.21621212,133.2588663,610.7836288,43.62122487,18.0696858
2025-08-06 09:15:00+00:00,686.1015753,64.0949391,23.97333333,685.0307703,61.99480712,23.89805556,17.3,138.487537,696.4087235,45.37066667,18.2797
2025-08-06 09:30:00+00:00,682.9522168,65.02723089,23.98571429,672.8289669,63.49121026,23.87886905,17.18826531,143.3372324,723.2672209,46.74743397,18.61530412
2025-08-06 09:45:00+00:00,665.5222174,64.52910401,23.97333333,652.0928454,63.47671909,23.75288889,17.35,147.9705238,515.1156913,47.8837619,18.27411945
2025-08-06 10:00:00+00:00,648.661037,64.15222222,24.0,627.6105289,62.40010101,23.67460317,17.226,153.4591077,811.5547375,49.04373737,18.85641026
2025-08-06 10:15:00+00:00,632.127161,64.47250748,24.0,619.2634406,62.66309942,23.65738095,17.143,158.7585859,556.4623238,49.91405556,18.52406342
2025-08-06 10:30:00+00:00,628.1944099,63.83935089,23.9422619,637.1652634,62.64782773,23.76,16.99442177,164.2764066,531.3822992,50.62102184,18.33177438
2025-08-06 10:45:00+00:00,605.15162,65.46813187,24.0,602.755852,63.37563401,23.8,16.99666667,169.594,630.5895812,51.1225098,18.83687879
2025-08-06 11:00:00+00:00,596.7984314,64.94974747,24.0,597.2879221,64.29462759,23.8,17.11777778,175.4003968,761.2469249,51.41232723,18.70135823
2025-08-06 11:15:00+00:00,604.3977564,64.85088726,23.99888889,586.9823521,63.79581716,23.8,17.35333333,181.2521174,714.7325086,51.49259259,18.98695238
2025-08-06 11:30:00+00:00,611.1764157,64.43798186,24.0,605.4823016,64.08083333,23.8,17.64285714,186.8828061,777.0508155,51.33129252,19.4825
2025-08-06 11:45:00+00:00,611.6458704,65.37201058,24.01688889,598.2651709,64.00892219,23.8,17.41833333,192.1602468,432.6014648,51.00577778,19.16694949
2025-08-06 12:00:00+00:00,609.9651015,64.0446148,23.88863612,599.2306269,65.20073188,23.8,16.93511905,197.3646206,398.3241797,50.49885894,18.7474018
2025-08-06 12:15:00+00:00,604.6211237,65.63952598,23.9584142,595.4650779,65.32756521,23.8,16.56519439,201.8651825,361.0524852,49.89357695,18.80671597
2025-08-06 12:30:00+00:00,593.8490212,65.73097884,23.97333333,580.0507984,65.62170563,23.74166667,16.63813187,208.4166937,297.72948,48.79147009,18.65756801
2025-08-06 12:45:00+00:00,581.0797174,66.34352413,24.0,572.8344326,64.35539075,23.62642857,16.75555556,213.4232922,285.7211012,47.66997368,18.57000916
2025-08-06 13:00:00+00:00,573.3662145,65.67031746,24.0,558.0784655,64.84017827,23.6,16.85111111,218.5904209,217.6461528,46.33485714,18.63275539
2025-08-06 13:15:00+00:00,571.4190085,66.66668642,23.90396825,551.8315263,64.85174303,23.6,17.04081633,223.0843764,297.4655968,44.99563492,18.75114719
2025-08-06 13:30:00+00:00,556.8749287,65.89842593,23.91444444,544.0100095,64.6363476,23.6,17.25,227.4259127,510.4096257,43.50166667,18.64483333
2025-08-06 13:45:00+00:00,543.0721253,65.73924419,23.9,538.5028748,64.33954879,23.6825,17.36166667,232.2202487,553.2673323,41.69866667,18.77619
2025-08-06 14:00:00+00:00,531.4416667,60.4015873,23.68,531.2329365,61.32132378,23.62571429,15.81788549,235.9016506,181.9255229,40.09936508,18.22933622
2025-08-06 14:15:00+00:00,524.479225,59.06107008,23.6,525.8071226,61.28758819,23.6,15.64514286,240.0841347,181.3997915,38.2183165,17.76765079
2025-08-06 14:30:00+00:00,520.09867,60.41398148,23.60222222,520.2115835,62.05848818,23.6,17.30844444,243.9047222,283.5168422,36.35,16.97760269
2025-08-06 14:45:00+00:00,512.1829015,62.27373372,23.7,515.8007447,61.0822598,23.6,16.62,247.5481673,262.7991482,34.41732194,17.56470655
2025-08-06 15:00:00+00:00,509.5187987,60.69166667,23.7,510.9002467,61.61695217,23.6,17.45142857,251.3325381,271.9418794,32.28055556,18.14128205
2025-08-06 15:15:00+00:00,505.1189255,60.5901889,23.7,508.5853265,58.81352844,23.6,16.93263492,254.3880833,180.0924874,30.40886003,18.06959992
2025-08-06 15:30:00+00:00,504.2726154,62.51896585,23.7,504.7526256,62.7264795,23.57866667,16.8,258.1475403,116.7094811,28.11948653,17.45041433
2025-08-06 15:45:00+00:00,501.5360503,62.49062378,23.60333333,502.4026008,61.51964004,23.51444444,16.66266667,261.6196633,232.8236693,25.85193122,16.89541481
2025-08-06 16:00:00+00:00,499.1626141,62.96198479,23.65714286,499.7446106,62.61803613,23.74285714,16.86923077,264.6264881,242.6097635,23.85446429,16.30365438
2025-08-06 16:15:00+00:00,497.7875661,62.47499612,23.7,499.0747156,63.29530909,23.83142857,17.33928571,267.747619,256.8517814,21.73653439,16.46317037
2025-08-06 16:30:00+00:00,497.0550316,62.30467976,23.7,498.2560245,62.2902265,23.73333333,16.59428571,270.8779894,84.2829798,19.54383598,16.70445238
2025-08-06 16:45:00+00:00,496.0160349,62.7833841,23.7,495.9541643,62.48769057,23.64,17.18666667,274.0200997,76.64275502,17.33794613,16.78966015
2025-08-06 17:00:00+00:00,494.6327672,62.507033,23.7,495.37928,62.46300449,23.6,17.03852041,277.00955,91.25090446,15.25108844,17.01153061
2025-08-06 17:15:00+00:00,493.4872054,62.53462963,23.7,495.4308764,62.66417939,23.68,16.84285714,279.9086869,95.7166638,13.23401732,17.379
2025-08-06 17:30:00+00:00,492.8989562,62.36139703,23.6474359,493.6007513,63.59170986,23.6,17.24358974,282.8554819,52.92071133,11.11093279,17.41569717
2025-08-06 17:45:00+00:00,492.8198204,62.31622133,23.6,493.5278488,62.76764871,23.61815476,16.92619048,285.8271886,88.23700061,9.095535714,17.81357143
2025-08-06 18:00:00+00:00,492.1837079,62.07949805,23.6,492.9975309,62.17503134,23.61333333,16.86461538,288.7519907,31.96144094,7.017837302,17.53212831
2025-08-06 18:15:00+00:00,491.7549644,62.62189477,23.6,493.537038,62.86944129,23.54266667,16.72666667,292.0723915,27.0639924,4.874322751,17.19173333
2025-08-06 18:30:00+00:00,491.954553,62.07152172,23.57272727,493.7437599,61.0490904,23.5,17.175,295.088045,18.77446611,2.888455027,16.8854115
2025-08-06 18:45:00+00:00,491.2661328,61.81984127,23.5,492.9162147,61.99541092,23.45714286,16.7,298.1207425,6.863727102,0.981585884,16.45923273
2025-08-06 19:00:00+00:00,490.9722835,11.74787879,23.5,492.4359314,10.94425287,23.36777778,16.84755102,300.6998333,2.93988506,-0.531150794,16.21017429
2025-08-06 19:15:00+00:00,491.0056287,0.0,23.5,492.8518519,0.0,23.3,16.96777778,304.3424046,0.579691198,-2.618201058,15.73324054
2025-08-06 19:30:00+00:00,490.5949549,0.0,23.5,492.3137595,0.0,23.3,17.06666667,307.6039365,0.05862069,-4.422222222,15.50380952
2025-08-06 19:45:00+00:00,489.3698489,0.0,23.5,492.6842391,0.0,23.28600649,17.2,310.5886847,0.0,-6.00089592,15.40603182
2025-08-06 20:00:00+00:00,489.7392131,0.0,23.41071429,491.1853264,0.0,23.20641026,17.25238095,313.8545079,0.0,-7.576277778,15.38539243
2025-08-06 20:15:00+00:00,487.4363763,0.0,23.4,491.0363488,0.0,23.2,17.3,317.3457239,0.0,-9.180030303,15.1010101
2025-08-06 20:30:00+00:00,487.5045285,0.0,23.4,490.4594156,0.0,23.19761905,17.3,320.5219439,0.0,-10.54667594,14.65935806
2025-08-06 20:45:00+00:00,485.9572869,0.0,23.32592593,490.3699072,0.0,23.1,17.3,324.1224603,0.0,-11.93520563,14.42560714
2025-08-06 21:00:00+00:00,486.3912981,0.0,23.3,489.1137567,0.0,23.1,17.3,327.4797186,0.0,-13.11181818,14.25226263
2025-08-06 21:15:00+00:00,485.1189533,0.0,23.3,488.3092654,0.0,23.1,17.22857143,331.0926905,0.0,-14.26100529,14.10375301
2025-08-06 21:30:00+00:00,484.0859844,0.0,23.25,488.7481708,0.0,23.02142857,17.19464286,334.7034828,0.0,-15.23497217,14.05772727
2025-08-06 21:45:00+00:00,482.9627189,0.0,23.2,487.0015405,0.0,23.0,17.06777778,338.2754206,0.0,-16.10441595,13.88043213
2025-08-06 22:00:00+00:00,481.9543431,0.0,23.2,485.7949789,0.0,22.97162963,16.93333333,342.0485873,0.0,-16.85053968,13.65669841
2025-08-06 22:15:00+00:00,480.7413398,0.0,23.2,485.794091,0.0,22.9,16.87076923,345.4960423,0.0,-17.4345,13.6
2025-08-06 22:30:00+00:00,480.5965816,0.0,23.14143991,483.8475951,0.0,22.9,16.7468254,349.2219529,0.0,-17.9250907,13.52973129
2025-08-06 22:45:00+00:00,479.7007395,0.0,23.1,483.1164214,0.0,22.9,16.64444444,352.8706878,0.0,-18.28857143,13.42285714
2025-08-06 23:00:00+00:00,479.773088,0.0,23.1,481.9836663,0.0,22.85333333,16.50666667,357.0401587,0.0,-18.47136364,13.4
2025-08-06 23:15:00+00:00,478.6300108,0.0,23.1,480.8229809,0.0,22.8,16.34,109.0420926,0.0,-18.5,13.3751
2025-08-06 23:30:00+00:00,477.6654324,0.0,23.1,480.1046041,0.0,22.8,16.19142857,4.400505952,0.0,-18.45930445,13.31428571
2025-08-06 23:45:00+00:00,477.9255271,0.0,23.06,480.194655,0.0,22.8,16.06,8.20034632,0.0,-18.21367003,13.25304983
2025-08-07 00:00:00+00:00,476.3796471,0.0,23.0,477.9635975,0.0,22.77166667,15.97111111,12.05428494,0.0,-17.850221,13.24002222
2025-08-07 00:15:00+00:00,475.2180179,0.0,23.0,477.5483399,0.0,22.7,15.83333333,15.55174516,0.0,-17.37092971,13.20242329
2025-08-07 00:30:00+00:00,474.1074219,0.0,23.0,477.0149464,0.0,22.7,15.8,18.92568036,0.0,-16.77103504,13.14457811
2025-08-07 00:45:00+00:00,473.7417688,0.0,23.0,476.1454978,0.0,22.7,15.74333333,22.95865577,0.0,-15.95955556,13.142
2025-08-07 01:00:00+00:00,472.3921841,0.0,22.97333333,475.8208753,0.0,22.7,15.63333333,26.64873907,0.0,-15.04026316,13.09075
2025-08-07 01:15:00+00:00,472.2968374,0.0,22.91428571,474.7054244,0.0,22.64928571,15.57435897,29.91622062,0.0,-14.10219697,13.11193182
2025-08-07 01:30:00+00:00,472.4695739,0.0,22.9,474.4335229,0.0,22.6,15.5,33.63847619,0.0,-12.92709861,13.50267273
2025-08-07 01:45:00+00:00,471.609122,0.0,22.9,472.9604794,0.0,22.6,15.5,37.19046681,0.0,-11.64252116,13.19931818
2025-08-07 02:00:00+00:00,471.7412162,0.0,22.9,471.8013468,0.0,22.6,15.5,40.61357335,0.0,-10.30307864,12.908125
2025-08-07 02:15:00+00:00,470.0598214,0.0,22.88571429,471.060049,0.0,22.6,15.42698413,44.01886142,0.0,-8.83640873,12.79323367
2025-08-07 02:30:00+00:00,472.4072671,0.0,22.88666667,484.8292525,0.0,22.60916667,15.39333333,47.26589744,0.0,-7.304102564,12.59591667
2025-08-07 02:45:00+00:00,485.0102986,0.0,22.9,501.7793029,0.0,22.67752381,15.3,50.43047619,0.0,-5.718888889,12.49380952
2025-08-07 03:00:00+00:00,493.1494098,60.71390313,22.92133333,497.9498042,52.39186147,22.66,15.28,53.31806471,0.075918781,-4.207912088,12.5
2025-08-07 03:15:00+00:00,484.8305425,61.79574176,23.04880952,488.7067169,62.75903642,22.69285714,18.22916667,56.7388873,0.652923767,-2.315198413,12.65734694
2025-08-07 03:30:00+00:00,488.2475479,61.87297619,22.94,489.3929604,62.41430524,22.65238095,16.31404762,59.8794709,2.180071754,-0.516481482,12.80119259
2025-08-07 03:45:00+00:00,490.622271,62.06409357,22.95,490.3108418,62.86362708,22.6,17.06488095,63.0917381,5.563557915,1.387619048,12.69633333
2025-08-07 04:00:00+00:00,493.3426962,62.06220317,22.93333333,493.325764,62.26857489,22.6,17.07355556,66.10653175,8.980549884,3.307896825,12.80460823
2025-08-07 04:15:00+00:00,495.3619048,61.72735075,22.8244898,494.4637807,62.62420635,22.5125,16.96506236,69.08253247,16.0726874,5.228175634,12.80064935
2025-08-07 04:30:00+00:00,498.6897097,61.69292533,22.9,498.4773204,63.28528051,22.5,17.00206349,71.73665002,27.98243207,6.992951715,12.87630519
2025-08-07 04:45:00+00:00,501.9457869,62.13220311,22.9,504.1456487,62.54973718,22.58666667,17.04366667,74.73615152,44.6353207,9.113331779,13.05964436
2025-08-07 05:00:00+00:00,512.8910656,61.77394457,22.845,511.1788356,62.77795256,22.6,17.08888889,78.01200855,85.94450769,11.34269841,13.40007143
2025-08-07 05:15:00+00:00,527.4735292,61.19200799,23.07142857,517.0196664,62.04627096,22.63888889,17.00714286,80.93416306,128.3425144,13.39867424,13.7637384
2025-08-07 05:30:00+00:00,534.2039612,60.83884921,23.06555556,527.76085,62.49106934,22.78933333,17.00027778,84.17033117,166.8097909,15.64733983,14.46252282
2025-08-07 05:45:00+00:00,554.1156716,62.22396903,23.151,545.7324191,62.24789519,22.79664021,17.29111111,87.27681115,186.0295435,17.83208547,15.1130582
2025-08-07 06:00:00+00:00,580.9173783,61.81111111,23.18333333,572.9803275,62.20416654,22.90873016,16.88266667,90.42968855,189.3082461,20.03305435,15.28951587
2025-08-07 06:15:00+00:00,591.519517,61.20683781,23.34329365,609.3375472,62.30600826,23.09506803,16.35714286,93.42072079,145.5641556,22.09013082,15.3511024
2025-08-07 06:30:00+00:00,611.0876471,60.85790598,23.38194444,650.2288566,62.09707615,23.1796633,17.16,96.04794872,113.6229333,23.89461538,15.68809524
2025-08-07 06:45:00+00:00,626.7764928,61.36330675,23.43944444,668.7839787,62.05423448,23.26324786,16.98833333,99.88033935,120.8034454,26.38327585,15.53697989
2025-08-07 07:00:00+00:00,645.9105556,62.32235209,23.54333333,712.1019952,63.13159692,23.36838095,16.94,103.3268889,129.3589985,28.56904762,15.50833333
2025-08-07 07:15:00+00:00,650.8652693,60.4708708,23.65785714,713.0778474,61.44037957,23.53244048,17.1122449,106.3514591,145.9333785,30.422114,15.6
2025-08-07 07:30:00+00:00,666.2305283,60.90601504,23.62977778,764.2469281,65.42336874,23.64626984,17.24366667,109.9812665,351.1716395,32.53485509,16.16404762
2025-08-07 07:45:00+00:00,659.6393074,60.92549687,23.76292929,725.789604,64.16122296,23.64,17.255,113.6478333,339.5678471,34.58910053,16.63566667
2025-08-07 08:00:00+00:00,662.7451703,60.72714014,23.834,705.1550606,63.76124521,23.60389499,17.2,117.5322963,309.9649169,36.5724087,16.58163162
2025-08-07 08:15:00+00:00,653.164881,61.21822562,23.82142857,688.5496289,64.08177495,23.7,17.30833333,121.4922619,283.4476189,38.48962585,17.4177381
2025-08-07 08:30:00+00:00,651.7041487,61.34371809,23.8228836,702.6743712,63.88637206,23.7,17.33777778,125.0517811,248.2338497,40.10248485,17.85850549
2025-08-07 08:45:00+00:00,646.3111616,61.57470908,23.94755556,712.0706841,65.11626589,23.78666667,17.30733333,129.7951331,291.876934,42.01177489,18.16707867
2025-08-07 09:00:00+00:00,653.5108925,62.98728305,24.05,686.9967964,65.23759416,23.85214286,17.41547619,133.952517,192.3839177,43.56914683,18.03088152
2025-08-07 09:15:00+00:00,666.8739683,70.41343101,24.03666667,723.9437191,64.42097459,23.8075,17.13555556,138.5,182.2780209,45.04181818,17.56572727
2025-08-07 09:30:00+00:00,657.5476816,63.42983546,23.95719048,692.1548062,65.69437887,23.80946032,16.75266667,142.9704121,237.0366801,46.31875539,17.67118519
2025-08-07 09:45:00+00:00,631.9601815,65.21565934,23.96153846,641.0594615,65.03382643,23.72307692,16.59230769,147.4703297,229.8916026,47.4793956,17.73150183
2025-08-07 10:00:00+00:00,611.7248958,67.82866191,23.89690476,621.6246637,64.96369758,23.63345805,16.53472789,153.2745125,165.6441423,48.68870748,17.65719083
2025-08-07 10:15:00+00:00,617.9096296,68.54777778,24.04666667,632.3867901,65.25901235,23.76222222,16.64183673,158.8324567,152.6343854,49.6604329,17.79095238
2025-08-07 10:30:00+00:00,633.948315,67.95244108,23.97333333,675.5409524,65.54727717,23.92333333,16.9,164.2742857,213.1900741,50.34495238,17.67643889
2025-08-07 10:45:00+00:00,645.8428447,70.46007937,24.10166667,656.2958438,65.99857143,24.05333333,17.27692308,170.0405,335.4027905,50.85138889,17.76414815
2025-08-07 11:00:00+00:00,651.8583782,78.09820338,24.16577381,667.1565114,71.17947466,23.9772619,17.25714286,175.4291327,326.6012976,51.14459184,17.74951099
2025-08-07 11:15:00+00:00,662.5347222,105.8125,24.25396825,699.125,82.875,24.16363636,17.57142857,182.1,294.8675,51.2,17.75520833
2025-08-07 11:30:00+00:00,662.2017188,123.8963708,24.21538462,720.6103421,98.51444688,24.18333333,17.50769231,186.8618889,314.2854538,51.06592593,18.24549524
2025-08-07 11:45:00+00:00,654.2809344,138.3634725,24.17957143,730.4893284,113.4655867,24.22436508,17.53911905,192.3275688,447.7405267,50.7116532,18.61019795
2025-08-07 12:00:00+00:00,644.7080966,155.8166667,24.16,713.5005636,134.4901254,24.21666667,17.61836735,198.0460289,595.2800533,50.12242063,19.38794785
2025-08-07 12:15:00+00:00,634.7492262,167.1643122,24.10003968,685.3754096,149.190736,24.16880952,17.31247619,203.040088,410.5832474,49.43620491,19.37244444
2025-08-07 12:30:00+00:00,616.6601779,174.94946,24.1,659.101278,162.324065,24.0377619,17.29833333,208.1483148,443.1924637,48.53305556,20.18288961
2025-08-07 12:45:00+00:00,613.4061158,181.5857788,24.03571429,643.9800275,165.2312082,24.07142857,17.09557823,213.5870918,324.1713218,47.36142857,20.32779592
2025-08-07 13:00:00+00:00,600.1220776,181.2874501,23.98333333,634.4123985,169.2318367,24.01733333,16.72367347,218.3724567,356.4438626,46.07897186,20.21863889
2025-08-07 13:15:00+00:00,591.9120561,185.8651876,24.0767619,618.3434892,168.3397704,23.98666667,16.91428571,223.1835238,512.4592275,44.65,20.32725926
2025-08-07 13:30:00+00:00,575.9919892,189.2282543,24.04666667,611.7167722,168.9368841,24.01466667,16.95869841,227.5561074,514.3130943,43.16478632,20.48321272
2025-08-07 13:45:00+00:00,564.8616141,187.2038676,23.89285714,607.8981479,175.2786454,24.07464286,17.33333333,232.150119,378.2783881,41.38668651,20.54586735
2025-08-07 14:00:00+00:00,558.3255013,181.8937646,24.0,597.5704121,182.5318018,24.09,17.14487179,236.0050127,300.8179535,39.75076094,20.7009865
2025-08-07 14:15:00+00:00,559.8839066,180.3319642,23.91722222,571.8210967,182.8330051,23.82504329,16.70380952,239.758287,317.2726032,38.02382123,20.06603571
2025-08-07 14:30:00+00:00,556.6836236,172.0874339,23.90333333,551.5091982,164.9404293,23.8,16.54444444,243.6691111,265.8890633,36.13063492,19.78954762
2025-08-07 14:45:00+00:00,558.4660772,166.7054329,23.9,537.2380195,146.1453297,23.78767007,16.7,247.3829762,196.0822923,34.13078463,19.57736291
2025-08-07 15:00:00+00:00,555.3365558,79.70292929,23.92142857,536.5290435,72.95394089,23.75111111,15.65564103,251.1809697,151.1543388,32.02346801,19.56211616
2025-08-07 15:15:00+00:00,562.9727956,60.30095238,23.97857143,543.1047394,59.42607113,23.68133333,16.21190476,254.7145556,83.44438971,29.91597619,20.47
2025-08-07 15:30:00+00:00,549.8551838,60.22616342,24.0,542.031044,59.79237697,23.7,17.67380952,257.8743506,48.09642355,27.93285405,20.35081893
2025-08-07 15:45:00+00:00,537.9262788,60.63636364,23.95333333,538.6902727,59.80191151,23.60666667,16.23819048,261.1247915,48.46951514,25.85458466,20.22299158
2025-08-07 16:00:00+00:00,528.3642736,59.96353073,23.9,533.3946743,59.50835979,23.6,17.61571429,264.5583319,51.02141505,23.58426744,20.17457143
2025-08-07 16:15:00+00:00,522.6358512,60.08696545,23.87333333,527.0648115,60.26151419,23.58666667,16.74709524,267.8039444,48.12921731,21.35396825,19.97793651
2025-08-07 16:30:00+00:00,519.6860634,59.99397557,23.9,523.1303722,59.77762209,23.5,17.325,270.6540816,38.10742011,19.40267857,19.92639031
2025-08-07 16:45:00+00:00,518.0888889,59.95840456,23.82933333,520.0836007,59.98928699,23.5,16.68,273.907537,34.93041187,17.12712963,19.85738889
2025-08-07 17:00:00+00:00,514.7429975,59.98907585,23.82261905,514.6496387,59.65050786,23.46305556,16.58571429,277.0287698,30.3802704,14.90900794,19.4552381
2025-08-07 17:15:00+00:00,511.14876,59.52863155,23.8,511.5488523,61.03271892,23.4,17.22833333,279.7895,40.08526229,12.94054762,19.02095238
2025-08-07 17:30:00+00:00,507.9068311,59.52168465,23.73986395,508.2562326,62.60927794,23.4,16.80714286,282.8024575,36.72717523,10.85271825,19.02184127
2025-08-07 17:45:00+00:00,505.4827778,59.26447811,23.7,506.2136654,62.28058408,23.4,16.93866667,285.9570159,56.82081867,8.630238095,19.54582751
2025-08-07 18:00:00+00:00,502.493326,59.3513468,23.7,503.0880952,62.41023953,23.4,16.79111111,288.9808182,31.40169355,6.574031746,19.29380952
2025-08-07 18:15:00+00:00,499.979749,60.16184302,23.67597403,501.0585859,62.26515454,23.37857143,17.20107452,291.7069295,18.63336513,4.72627442,19.05298779
2025-08-07 18:30:00+00:00,497.8885979,60.4551567,23.6,500.6417112,62.42322218,23.3,16.77555556,294.9184524,11.66535397,2.655333333,18.54716402
2025-08-07 18:45:00+00:00,496.5149383,62.89398638,23.6,498.750991,62.41077921,23.3,16.914,297.8978595,5.346114462,0.782968698,18.29955556
2025-08-07 19:00:00+00:00,496.2477778,12.99081289,23.6,498.0840546,13.28137009,23.3,17.26666667,301.2467593,1.34928036,-1.136759259,17.83481481
2025-08-07 19:15:00+00:00,496.1896465,0.0,23.59591837,497.3570626,0.0,23.25714286,17.4,304.182398,0.270396057,-2.85190167,17.62150706
2025-08-07 19:30:00+00:00,494.831401,0.0,23.5,497.261885,0.0,23.2,17.48419048,307.2975265,0.0,-4.55984127,17.6252082
2025-08-07 19:45:00+00:00,493.9975256,0.0,23.5,496.3353681,0.0,23.2,17.59642857,310.5784382,0.0,-6.284817405,17.5076
2025-08-07 20:00:00+00:00,492.8260204,0.0,23.5,495.2734851,0.0,23.2,17.6,313.6963605,0.0,-7.851462585,17.54979592
2025-08-07 20:15:00+00:00,492.5666667,0.0,23.41333333,495.0533333,0.0,23.2,17.6,317.2081587,0.0,-9.425238095,17.35588889
2025-08-07 20:30:00+00:00,491.5753896,0.0,23.4,493.9634302,0.0,23.14666667,17.6,320.6492063,0.0,-10.89133333,17.36535238
2025-08-07 20:45:00+00:00,490.5763636,0.0,23.4,493.3180501,0.0,23.1,17.67333333,324.1488889,0.0,-12.22222222,17.38148148
2025-08-07 21:00:00+00:00,489.988285,0.0,23.4,492.2646806,0.0,23.1,17.72619048,327.5126984,0.0,-13.43174603,17.27755102
2025-08-07 21:15:00+00:00,489.6743764,0.0,23.4,491.5373466,0.0,23.1,17.82911376,331.0321825,0.0,-14.496,17.2
2025-08-07 21:30:00+00:00,488.6659537,0.0,23.4,490.9692308,0.0,23.0552381,17.9,334.7406481,0.0,-15.54259259,17.15487963
2025-08-07 21:45:00+00:00,487.6266298,0.0,23.35833333,489.813213,0.0,23.0,18.06309524,338.202398,0.0,-16.36887755,17.10107143
2025-08-07 22:00:00+00:00,487.2292593,0.0,23.3,488.8212779,0.0,23.0,18.1,341.9348069,0.0,-17.13173016,17.0415119
2025-08-07 22:15:00+00:00,486.6541387,0.0,23.3,489.7221951,0.0,23.0,18.1,345.5392458,0.0,-17.756633,17.14968889
2025-08-07 22:30:00+00:00,485.5453139,0.0,23.3,487.7408688,0.0,23.0,18.15119048,349.4419974,0.0,-18.2040873,17.28414815
2025-08-07 22:45:00+00:00,485.3027255,0.0,23.3,486.7673406,0.0,22.91547619,18.20076923,353.1575137,0.0,-18.53647436,17.36807614
2025-08-07 23:00:00+00:00,484.2588933,0.0,23.28622449,486.4863364,0.0,22.9,18.3,356.9629259,0.0,-18.76,17.43288889
2025-08-07 23:15:00+00:00,483.1423915,0.0,23.2,485.4010377,0.0,22.9,18.3,155.2376301,0.0,-18.8,17.48794842
2025-08-07 23:30:00+00:00,482.6707919,0.0,23.2,484.089757,0.0,22.9,18.3,4.454675762,0.0,-18.74428571,17.60085681
2025-08-07 23:45:00+00:00,481.5731816,0.0,23.2,483.5371264,0.0,22.9,18.3,7.96987013,0.0,-18.53855556,17.63150476
2025-08-08 00:00:00+00:00,481.6133899,0.0,23.2,482.9131313,0.0,22.9,18.39333333,12.09793651,0.0,-18.12490476,17.58796429
2025-08-08 00:15:00+00:00,480.757493,0.0,23.2,481.9508547,0.0,22.89916667,18.4,15.81058201,0.0,-17.6045,17.5001
2025-08-08 00:30:00+00:00,478.897881,0.0,23.2,481.3333118,0.0,22.8,18.4,19.62035019,0.0,-16.95408163,17.46928571
2025-08-08 00:45:00+00:00,478.1934304,0.0,23.2,481.0770928,0.0,22.8,18.4,23.02706229,0.0,-16.23383357,17.46879365
2025-08-08 01:00:00+00:00,478.1247811,0.0,23.17333333,480.2327214,0.0,22.8,18.4,26.90060847,0.0,-15.27899471,17.34724603
2025-08-08 01:15:00+00:00,477.5365079,0.0,23.14102564,478.2959685,0.0,22.8,18.4,30.40246848,0.0,-14.27882118,17.5718835
2025-08-08 01:30:00+00:00,476.3725,0.0,23.1,477.3496633,0.0,22.8,18.4,33.77845358,0.0,-13.15932107,17.54004101
2025-08-08 01:45:00+00:00,474.536859,0.0,23.1,476.72846,0.0,22.8,18.4,37.35410714,0.0,-11.876875,17.3475
2025-08-08 02:00:00+00:00,474.2914315,0.0,23.1,476.3495066,0.0,22.8,18.4,40.64409169,0.0,-10.58303704,17.14772028
2025-08-08 02:15:00+00:00,473.5819353,0.0,23.1,476.3036608,0.0,22.8,18.4,44.20344444,0.0,-9.068634921,17.42698889
2025-08-08 02:30:00+00:00,473.7241144,0.0,23.1,478.362344,0.0,22.8,18.4,47.23265306,0.0,-7.638945578,16.81580357
2025-08-08 02:45:00+00:00,475.6867993,0.0,23.16,485.4918907,0.0,22.8,18.34166667,50.40561274,0.0,-6.060850631,16.25029792
2025-08-08 03:00:00+00:00,486.014801,29.04728272,23.19266667,494.500344,29.88757164,22.81650794,18.19035714,53.85477188,0.078024642,-4.248228956,15.9389418
2025-08-08 03:15:00+00:00,486.5790533,58.4656746,23.18309524,491.6955407,63.49846068,22.88363095,16.67142857,56.92297119,0.749269737,-2.538953081,15.90832773
2025-08-08 03:30:00+00:00,488.3553151,58.09033642,23.21428571,491.9501271,64.61691768,22.9,16.95,59.78374269,2.788217742,-0.837426901,15.99654521
2025-08-08 03:45:00+00:00,491.2142857,57.62288124,23.25076923,492.6546154,63.68785863,22.84,17.0647619,63.21315392,7.498380423,1.104519481,16.23414208
2025-08-08 04:00:00+00:00,493.1195548,59.66768477,23.12714286,494.2104365,62.84182049,22.8,16.61802721,66.16726496,17.65991444,2.97967142,15.84420624
2025-08-08 04:15:00+00:00,496.0828956,60.99987598,23.2,497.3286748,62.90797879,22.8,17.09952381,69.20903704,40.68028058,4.987671958,15.99815152
2025-08-08 04:30:00+00:00,496.9777778,60.85225589,23.2,498.753362,63.69104312,22.8,17.23,72.38419312,62.25458407,7.137857143,16.35733333
2025-08-08 04:45:00+00:00,497.46773,61.85196581,23.2,501.0040067,63.60135885,22.76777778,16.97142857,75.43498052,73.0147139,9.19652381,16.2617417
2025-08-08 05:00:00+00:00,504.1594246,61.28472222,23.16428571,509.8434982,64.02378772,22.72428571,16.9,78.39149093,141.3869674,11.26923701,16.21668651
2025-08-08 05:15:00+00:00,518.2573262,61.36597021,23.28242593,516.7485274,63.22782662,22.88666667,16.91333333,81.13954031,133.8708618,13.15494061,16.48036119
2025-08-08 05:30:00+00:00,523.8902452,60.91520075,23.26977778,532.4890584,63.43619319,22.94261905,17.22833333,84.50238624,66.63642679,15.52381025,16.62410256
2025-08-08 05:45:00+00:00,533.3554622,62.21705044,23.38055556,551.5895833,63.46180556,23.03197115,17.02708333,87.79561966,190.4414192,17.83816774,16.5247005
2025-08-08 06:00:00+00:00,545.6265821,61.01683317,23.45,561.4742118,63.91181679,23.08944444,17.02857143,90.58011889,254.7577638,19.77996032,16.92862812
2025-08-08 06:15:00+00:00,551.6724603,61.34153032,23.47533333,577.6899053,63.66182059,23.17444444,17.29333333,93.72116667,287.3114777,21.936,17.65869848
2025-08-08 06:30:00+00:00,561.2295501,60.95641428,23.43333333,571.5215986,63.27919656,23.3,17.49266667,96.92607407,320.8885074,24.10677249,18.24371429
2025-08-08 06:45:00+00:00,572.1571771,61.0127551,23.58076923,583.1615386,63.24797673,23.36530612,17.36794872,100.1041865,353.164202,26.19679254,18.55208486
2025-08-08 07:00:00+00:00,572.1832384,61.67099282,23.56314286,595.2472059,63.1387434,23.37925926,17.4,103.2033137,384.0536952,28.13608333,18.74658635
2025-08-08 07:15:00+00:00,582.9735707,61.02514245,23.65083333,588.81,63.22346405,23.4,17.368,106.7562963,419.5543706,30.35026455,19.0112
2025-08-08 07:30:00+00:00,582.3269853,61.4895775,23.69604762,586.8731235,64.10207063,23.49333333,17.14833333,110.3939343,456.3772621,32.45580303,19.32153102
2025-08-08 07:45:00+00:00,581.8874703,61.92385591,23.72380952,576.8160734,64.8112151,23.5,17.3,114.0211735,561.9740936,34.40612245,19.75496429
2025-08-08 08:00:00+00:00,570.3724308,61.70220659,23.66238095,585.8144773,64.77254898,23.5,17.25698413,117.5715926,430.3233232,36.2833545,20.24169841
2025-08-08 08:15:00+00:00,566.4015954,62.6606332,23.74555556,576.2390832,65.37932275,23.56133333,17.26222222,121.5709377,510.2385048,38.19651709,20.22187546
2025-08-08 08:30:00+00:00,555.7745602,61.48625819,23.8,574.7718869,64.95300697,23.6,17.2,125.0,530.0,40.0,20.8790403
2025-08-08 08:45:00+00:00,561.4347258,62.55856643,23.84133333,572.9559433,65.94760301,23.6552381,17.17233333,129.7619444,557.7303685,41.66833333,20.68497131
2025-08-08 09:00:00+00:00,557.7206969,63.40671458,23.87062145,566.1785808,66.17630499,23.6,17.23415825,133.7498658,559.1617684,43.15732601,21.12080539
2025-08-08 09:15:00+00:00,555.6750326,62.86887814,23.81535714,567.4817786,65.47493506,23.61088889,17.19150794,138.9124888,550.0802555,44.87553632,21.67293455
2025-08-08 09:30:00+00:00,561.9630192,64.28571429,23.85,562.3458262,67.38519408,23.62142857,17.09125,143.6459467,545.6124589,46.22755102,21.56428571
2025-08-08 09:45:00+00:00,558.0076584,64.33073972,23.9,561.6070004,67.76281201,23.64488889,17.2522037,148.3385714,213.2199958,47.37539683,21.44488023
2025-08-08 10:00:00+00:00,551.8773262,62.77186425,23.85641026,565.7575172,66.45492133,23.64615385,17.13333333,153.5559899,311.2965836,48.463,21.58243506
2025-08-08 10:15:00+00:00,546.4727362,64.70758637,23.87244898,550.7657289,67.64967219,23.6,17.14306122,158.5860173,237.5854118,49.30706349,21.66987013
2025-08-08 10:30:00+00:00,542.4412794,63.0383313,23.89777778,542.7244813,67.0539648,23.6,17.08057143,164.1614567,477.3465787,50.04159283,22.00208665
2025-08-08 10:45:00+00:00,535.9714211,63.57983766,23.89362245,548.9687633,67.54968628,23.68204762,17.2,170.0202222,350.9092474,50.54761905,22.3917037
2025-08-08 11:00:00+00:00,537.2942866,66.69000962,23.94933333,553.6738197,67.04664743,23.7,17.11428571,175.5832465,615.7319146,50.84833333,22.67358333
2025-08-08 11:15:00+00:00,539.7513343,65.15696906,24.0,553.2166456,68.14621015,23.7,17.17857143,181.2343184,426.6717729,50.9,23.22508929
2025-08-08 11:30:00+00:00,538.292133,64.74701129,23.94,547.3989297,67.22914787,23.7,17.09520635,186.7294365,319.850555,50.79059524,22.70763016
2025-08-08 11:45:00+00:00,533.3233048,64.31664021,23.97857143,547.9291174,67.6387013,23.7,17.19596372,192.4346111,313.1805567,50.42673016,22.46604762
2025-08-08 12:00:00+00:00,528.7386596,64.36621315,23.97857143,542.0533488,66.53463878,23.7,16.95446429,197.5831676,259.0986597,49.88213523,22.35676143
2025-08-08 12:15:00+00:00,524.4992226,63.69861953,24.0,534.5671958,66.90435933,23.7,16.88666667,203.140406,606.4473988,49.13333333,22.58861254
2025-08-08 12:30:00+00:00,518.347185,63.80222222,23.96777778,529.3294872,66.86236652,23.7,16.82888889,208.4753771,584.2735371,48.1515214,22.5962037
2025-08-08 12:45:00+00:00,514.356448,64.09823841,23.98044444,524.7068336,67.47640451,23.7,17.0,213.5926111,679.6249057,47.03166667,23.00459259
2025-08-08 13:00:00+00:00,509.5432483,64.12142857,24.0,520.9057104,66.83379643,23.79285714,17.23769841,217.7782435,665.7179577,45.96017286,23.05293367
2025-08-08 13:15:00+00:00,505.2320573,63.89365079,24.0,515.4619972,66.53458267,23.8,17.42190476,223.0839127,652.9032195,44.3674709,23.34891931
2025-08-08 13:30:00+00:00,501.128784,64.45774929,24.0,512.3407008,63.89957431,23.87333333,17.20714286,227.4062963,609.7407413,42.91321429,23.96404545
2025-08-08 13:45:00+00:00,498.5535714,67.16363636,24.11714286,509.4208006,62.57384533,23.9,17.10922619,231.7230997,484.5446318,41.27540894,24.00924448
2025-08-08 14:00:00+00:00,494.1804528,19.34276094,23.99053199,503.7076674,14.35,23.9,16.72694444,235.3546872,291.5456973,39.70853785,23.8418394
2025-08-08 14:15:00+00:00,493.5872179,0.0,23.96206349,501.0552787,0.0,23.995,17.33150072,239.6996506,259.1115112,37.75069764,23.81850523
2025-08-08 14:30:00+00:00,493.9586406,0.0,24.07222222,500.4894751,0.0,24.11833333,17.96666667,243.8977143,499.3537939,35.64688889,24.0342619
2025-08-08 14:45:00+00:00,494.5158107,0.0,24.1,501.2787368,0.0,24.26875,17.78583333,247.0384137,206.1934987,33.99378726,23.91661968
2025-08-08 15:00:00+00:00,493.1855583,0.0,24.20666667,501.0100952,0.0,24.3,17.6,251.022791,176.014467,31.75048701,23.72261956
2025-08-08 15:15:00+00:00,491.8567149,0.0,24.23333333,500.4178947,0.0,24.25830303,17.60190476,254.3738095,274.196671,29.77370629,23.52291667
2025-08-08 15:30:00+00:00,490.1753358,0.0,24.2,498.6592618,0.0,24.31547619,17.89577381,257.9145408,280.7720294,27.58616671,23.67736111
2025-08-08 15:45:00+00:00,490.2195286,0.0,24.31777778,498.9518519,0.0,24.54,18.02,261.1347381,342.1210399,25.4855873,23.81821032
2025-08-08 16:00:00+00:00,489.8877664,0.0,24.359,499.1543689,0.0,24.61878571,18.43730952,264.3597619,100.7178327,23.34654762,23.38666667
2025-08-08 16:15:00+00:00,489.9454274,0.0,24.36,497.3531281,0.0,24.5,18.67982143,267.2509524,85.00866001,21.38945055,22.68533333
2025-08-08 16:30:00+00:00,488.8636474,0.0,24.3,497.2683128,0.0,24.46571429,19.29935897,270.7127976,105.4500936,18.99892857,21.9017483
2025-08-08 16:45:00+00:00,487.9402184,0.0,24.3,496.4081575,0.0,24.41833333,19.84666667,273.5643413,77.69901212,16.99322751,21.80533333
2025-08-08 17:00:00+00:00,486.9970899,0.0,24.30166667,495.5753283,0.0,24.43407407,20.50052381,276.6501304,131.4973595,14.82255243,21.78297836
2025-08-08 17:15:00+00:00,487.4559752,0.0,24.41031746,494.3472888,0.0,24.59428571,21.09711538,279.503254,151.957208,12.81031746,21.76510531
2025-08-08 17:30:00+00:00,486.7573367,0.0,24.4,495.6383003,0.0,24.66380952,21.49266667,282.7433254,114.9030349,10.52041005,21.59386534
2025-08-08 17:45:00+00:00,485.7116667,0.0,24.4,494.7711111,0.0,24.7,21.50333333,285.7474074,85.37622518,8.421055556,21.39377778
2025-08-08 18:00:00+00:00,484.6674871,0.0,24.4,494.9180456,0.0,24.68,21.57933333,288.66599,55.41311086,6.457777778,21.11794872
2025-08-08 18:15:00+00:00,485.9541752,0.0,24.4,493.7408953,0.0,24.6,21.47678571,291.8203878,30.01286961,4.349910714,20.77809524
2025-08-08 18:30:00+00:00,485.6819403,0.0,24.4,492.730113,0.0,24.5262963,21.45384615,294.7032672,13.71319381,2.433843101,20.34135233
2025-08-08 18:45:00+00:00,484.4524675,0.0,24.4,493.2198952,0.0,24.42,21.40769231,297.9395926,4.776653387,0.473280423,19.86913468
2025-08-08 19:00:00+00:00,484.5578122,0.0,24.30714286,492.2312027,0.0,24.33571429,21.4,300.8823284,1.777708279,-1.227481963,19.53287166
2025-08-08 19:15:00+00:00,483.3476006,0.0,24.3,492.2837209,0.0,24.27333333,21.31385281,303.9383995,0.384124483,-3.038571429,19.26784281
2025-08-08 19:30:00+00:00,482.3521245,0.0,24.21538462,492.6950994,0.0,24.2,21.15,307.323,0.001587302,-4.911119048,18.971
2025-08-08 19:45:00+00:00,482.5371781,0.0,24.2,490.0715136,0.0,24.1,21.1,310.4842735,0.0,-6.577142857,18.64184874
2025-08-08 20:00:00+00:00,482.3648694,0.0,24.11428571,490.1556898,0.0,24.07857143,21.07857143,313.7565079,0.0,-8.15952381,18.39849433
2025-08-08 20:15:00+00:00,481.673545,0.0,24.1,489.3198204,0.0,24.0,20.93555556,317.1144815,0.0,-9.71003367,17.96788376
2025-08-08 20:30:00+00:00,481.492721,0.0,24.09222222,489.0387758,0.0,23.98619048,20.83333333,320.5668889,0.0,-11.15333333,17.58078355
2025-08-08 20:45:00+00:00,480.5770868,0.0,24.0,487.0184161,0.0,23.9,20.58,324.0536797,0.0,-12.51095238,17.16698557
2025-08-08 21:00:00+00:00,480.0047619,0.0,24.0,486.8258503,0.0,23.9,20.32142857,327.5221684,0.0,-13.72142857,16.82933673
2025-08-08 21:15:00+00:00,479.461656,0.0,23.97948718,486.2939946,0.0,23.804,20.13076923,331.0171825,0.0,-14.81572872,16.5815812
2025-08-08 21:30:00+00:00,478.4682828,0.0,23.91638889,484.6942069,0.0,23.8,19.98936508,334.6600041,0.0,-15.82946846,16.5
2025-08-08 21:45:00+00:00,478.5632281,0.0,23.9,485.0247158,0.0,23.8,19.79022109,338.2218593,0.0,-16.68255189,16.37272109
2025-08-08 22:00:00+00:00,476.6656684,0.0,23.9,484.3934966,0.0,23.70666667,19.57333333,341.9416961,0.0,-17.43850733,16.27733974
2025-08-08 22:15:00+00:00,476.6934848,0.0,23.84,483.0200603,0.0,23.7,19.42142857,345.4169312,0.0,-17.98109788,16.3
2025-08-08 22:30:00+00:00,476.0279794,0.0,23.8,481.497257,0.0,23.635,19.26,349.3549411,0.0,-18.49721212,16.20629167
2025-08-08 22:45:00+00:00,474.3519281,0.0,23.75384615,480.97983,0.0,23.6,19.11128205,353.1116667,0.0,-18.83701299,16.01318681
2025-08-08 23:00:00+00:00,474.0901013,0.0,23.7,480.8239414,0.0,23.59777778,18.91555556,356.5501643,0.0,-19.04860878,15.86628446
2025-08-08 23:15:00+00:00,473.7337749,0.0,23.7,479.8321381,0.0,23.5075,18.76666667,121.8171031,0.0,-19.1,15.710405
2025-08-08 23:30:00+00:00,472.06488,0.0,23.69357143,480.2848781,0.0,23.49676871,18.66698413,4.26097248,0.0,-19.00554267,15.47887755
2025-08-08 23:45:00+00:00,472.1211195,0.0,23.60333333,478.5566478,0.0,23.4047619,18.58555556,8.35310077,0.0,-18.79398268,15.32892407
2025-08-09 00:00:00+00:00,471.3798779,0.0,23.6,478.5364447,0.0,23.4,18.45714286,12.13990981,0.0,-18.41277778,15.15570635
2025-08-09 00:15:00+00:00,470.4771335,0.0,23.6,479.4708261,0.0,23.4,18.32,15.75694444,0.0,-17.92634921,15.09788889
2025-08-09 00:30:00+00:00,469.4081197,0.0,23.6,478.4982993,0.0,23.31318681,18.24166667,19.63602041,0.0,-17.25285714,14.97667857
2025-08-09 00:45:00+00:00,469.1827202,0.0,23.59777778,476.7554463,0.0,23.3,18.1125,23.2091396,0.0,-16.4795,14.59166905
2025-08-09 01:00:00+00:00,468.7382516,0.0,23.50837374,476.990232,0.0,23.3,17.98285354,26.57274074,0.0,-15.66144949,14.35516174
2025-08-09 01:15:00+00:00,468.1655952,0.0,23.5,475.9386366,0.0,23.3,17.85333333,30.132,0.0,-14.63866667,14.17092857
2025-08-09 01:30:00+00:00,466.6182145,0.0,23.5,475.0,0.0,23.21428571,17.62222222,33.85577381,0.0,-13.44703982,13.99193987
2025-08-09 01:45:00+00:00,466.6019507,0.0,23.5,474.7721136,0.0,23.2,17.52857143,37.44677778,0.0,-12.15711111,13.74921515
2025-08-09 02:00:00+00:00,466.662037,0.0,23.47746032,474.111247,0.0,23.2,17.32222222,40.44404101,0.0,-10.94699074,13.602
2025-08-09 02:15:00+00:00,465.1044572,0.0,23.4,473.6432115,0.0,23.2,17.18571429,44.18125902,0.0,-9.377187178,13.6
2025-08-09 02:30:00+00:00,464.9749537,0.0,23.4,473.595194,0.0,23.16666667,16.965,47.58088889,0.0,-7.790111111,13.52452381
2025-08-09 02:45:00+00:00,464.1157275,0.0,23.4,472.3710426,0.0,23.1,16.83777778,50.82833333,0.0,-6.181361472,13.46805556
2025-08-09 03:00:00+00:00,463.8369188,0.0,23.4,470.5225339,0.0,23.1,16.68571429,54.17518206,0.119083888,-4.415892256,13.3176271
2025-08-09 03:15:00+00:00,463.547636,0.0,23.4,469.4210164,0.0,23.1,16.52653061,57.13188621,0.784744876,-2.753312062,13.16708518
2025-08-09 03:30:00+00:00,463.3699471,0.0,23.4,469.0920999,0.0,23.1,16.41822222,60.37161111,3.225528927,-0.866550265,12.98817989
2025-08-09 03:45:00+00:00,462.0301511,0.0,23.4,467.6643351,0.0,23.09833333,16.2642381,63.38545936,9.783235735,0.913826618,12.90242424
2025-08-09 04:00:00+00:00,461.4901258,0.0,23.4,468.0547813,0.0,23.05071429,16.16428571,66.22041583,24.7545794,2.700907902,12.8045231
2025-08-09 04:15:00+00:00,460.2799588,0.0,23.4,467.4528983,0.0,23.01787037,16.04578644,69.4536394,51.01406436,4.828469679,12.95899456
2025-08-09 04:30:00+00:00,459.6909685,0.0,23.4,466.795122,0.0,23.00774892,16.0,72.34717148,74.13444363,6.755626475,13.10806487
2025-08-09 04:45:00+00:00,458.1534378,0.0,23.4,465.8004234,0.0,23.01333333,15.90222222,75.63730423,52.26967142,9.026216931,13.13604709
2025-08-09 05:00:00+00:00,457.3248945,0.0,23.4,465.2857143,0.0,23.08452381,15.80306122,78.52402443,131.4581623,10.99790249,13.216141
2025-08-09 05:15:00+00:00,456.9,0.0,23.4,463.3008974,0.0,23.1,15.8,81.29511111,163.7905878,12.96103704,13.62789899
2025-08-09 05:30:00+00:00,457.2496468,0.0,23.4,463.7224186,0.0,23.1,15.71857143,84.55344444,196.5842987,15.24461376,14.22805185
2025-08-09 05:45:00+00:00,456.5584196,0.0,23.4,462.3223905,0.0,23.1,15.65,87.44367347,228.6372481,17.26133787,14.7887551
2025-08-09 06:00:00+00:00,456.0928638,0.0,23.40222222,462.6270588,0.0,23.1,15.6,90.58525156,263.3547379,19.42270707,15.21180279
2025-08-09 06:15:00+00:00,454.2729449,0.0,23.5,462.2679595,0.0,23.1,15.56222222,93.75068762,298.3516661,21.60896296,16.07675
2025-08-09 06:30:00+00:00,453.9753436,0.0,23.5,460.7555185,0.0,23.1,15.5,97.11398942,333.6245661,23.86561376,16.25803545
2025-08-09 06:45:00+00:00,453.3369099,0.0,23.5,460.3847403,0.0,23.12142857,15.5,100.0020924,362.2332845,25.76584416,16.54102633
2025-08-09 07:00:00+00:00,453.7138579,0.0,23.5,459.0813394,0.0,23.2,15.52,103.5817778,439.0172748,28.05777778,17.38288095
2025-08-09 07:15:00+00:00,452.7323047,0.0,23.55741758,459.0044289,0.0,23.2,15.6,107.1750159,371.2278724,30.19445887,17.1162381
2025-08-09 07:30:00+00:00,451.7187075,0.0,23.6,458.3983148,0.0,23.2,15.6,110.6228316,430.3619679,32.20442177,17.83082908
2025-08-09 07:45:00+00:00,451.2951515,0.0,23.6,457.5003134,0.0,23.24497355,15.6,114.0862626,354.9861905,34.13195767,17.3987
2025-08-09 08:00:00+00:00,451.0144256,0.0,23.6,456.8242686,0.0,23.3,15.68461538,117.9390519,356.5082374,36.11380087,17.63502328
2025-08-09 08:15:00+00:00,450.8174145,0.0,23.6,456.0235986,0.0,23.3,15.78405556,121.9300458,228.9445402,38.0284127,17.75698413
2025-08-09 08:30:00+00:00,449.700334,0.0,23.66751701,456.2540198,0.0,23.3,15.84175824,125.7511766,452.63328,39.76815476,17.81759615
2025-08-09 08:45:00+00:00,447.686532,0.0,23.7,455.2917379,0.0,23.39333333,15.97321429,129.9783055,330.6241582,41.46974603,18.21825741
2025-08-09 09:00:00+00:00,448.1139394,0.0,23.72564103,455.0704022,0.0,23.40666667,16.10769231,134.4794392,504.4711897,43.11492063,18.46461376
2025-08-09 09:15:00+00:00,448.1813733,0.0,23.8,454.8682051,0.0,23.5,16.26285714,139.2753968,494.3962881,44.6809127,18.5372619
2025-08-09 09:30:00+00:00,447.1460835,0.0,23.8,454.7513913,0.0,23.5,16.49035714,143.1353904,330.8746607,45.78165168,18.53726174
2025-08-09 09:45:00+00:00,447.0708225,0.0,23.8,453.5289594,0.0,23.53333333,16.685,148.6878889,570.8242042,47.16333333,18.76811111
2025-08-09 10:00:00+00:00,444.2163411,0.0,23.9,454.5422378,0.0,23.6,16.83333333,154.1000212,371.1832929,48.28227513,19.34650794
2025-08-09 10:15:00+00:00,444.6091602,0.0,23.9,453.5212668,0.0,23.6,16.97346939,158.7015172,328.3566976,49.05744434,19.41764688
2025-08-09 10:30:00+00:00,444.0325926,0.0,23.9,453.3440171,0.0,23.6,17.18571429,164.5684444,506.7235465,49.80739683,19.83027619
2025-08-09 10:45:00+00:00,443.553188,0.0,23.95714286,452.5057467,0.0,23.66577778,17.30769231,169.9115714,496.3606305,50.2587619,20.29253571
2025-08-09 11:00:00+00:00,443.699196,0.0,24.0,452.6737914,0.0,23.7,17.4,175.3717574,325.6165309,50.53911565,20.11189909
2025-08-09 11:15:00+00:00,443.0841026,0.0,24.0,452.5062177,0.0,23.7,17.50952381,181.1937937,258.2397623,50.6,20.26370216
2025-08-09 11:30:00+00:00,442.4831577,0.0,24.028,451.6041026,0.0,23.768,17.6,186.4167778,410.9591613,50.50555556,20.14007037
2025-08-09 11:45:00+00:00,442.1478719,0.0,24.1,449.7847318,0.0,23.8,17.7038254,191.9549324,650.8758065,50.18256566,20.46149091
2025-08-09 12:00:00+00:00,440.5234393,0.0,24.1,450.3074312,0.0,23.8,17.86363636,197.4540391,372.9161432,49.64005102,20.05770408
2025-08-09 12:15:00+00:00,441.2920635,0.0,24.16916667,449.6613255,0.0,23.8,17.9,203.0444449,238.6461542,48.84592593,19.6572684
2025-08-09 12:30:00+00:00,440.3763029,0.0,24.2,449.5826243,0.0,23.88329966,17.95333333,208.4183889,358.5548055,47.8878367,19.43127778
2025-08-09 12:45:00+00:00,440.8724284,0.0,24.2,448.8392597,0.0,23.90301587,18.06,213.5410608,518.3664971,46.74130159,19.68987539
2025-08-09 13:00:00+00:00,439.9502509,0.0,24.2,448.1863404,0.0,24.0,18.1,217.9158782,420.2395132,45.61003788,19.6375603
2025-08-09 13:15:00+00:00,439.952038,0.0,24.27428571,448.1635867,0.0,24.07333333,18.14333333,222.3743571,720.2997123,44.2960119,20.45308333
2025-08-09 13:30:00+00:00,440.5064093,0.0,24.3,447.699365,0.0,24.18166667,18.2,227.3352778,608.6486647,42.62244444,20.47003704
2025-08-09 13:45:00+00:00,439.6796392,0.0,24.39230769,447.3138795,0.0,24.30793651,18.29487179,231.6552319,380.6856135,40.92413729,19.90315863
2025-08-09 14:00:00+00:00,438.8795715,0.0,24.4,447.6971509,0.0,24.46666667,18.46666667,235.7123413,650.3735462,39.23579365,20.02116667
2025-08-09 14:15:00+00:00,438.3727866,0.0,24.488,446.95346,0.0,24.58761905,18.5,239.9013333,383.707689,37.31966667,20.41584683
2025-08-09 14:30:00+00:00,438.7367179,0.0,24.5,446.0687427,0.0,24.62666667,18.5,243.6954978,436.617933,35.41371958,20.57017987
2025-08-09 14:45:00+00:00,438.5693053,0.0,24.56904762,446.2688764,0.0,24.71510204,18.5,247.4285714,445.9089143,33.46190476,20.62285714
2025-08-09 15:00:00+00:00,437.4321331,0.0,24.6,446.0,0.0,24.93047619,18.5,250.9167698,516.8446456,31.48146825,20.95123592
2025-08-09 15:15:00+00:00,437.2939686,0.0,24.68133333,446.4988604,0.0,25.12333333,18.5,254.3678413,267.0987429,29.43557143,21.85884127
2025-08-09 15:30:00+00:00,436.455191,0.0,24.70146259,445.4685892,0.0,25.10960032,18.5,257.2328683,342.3856501,27.64400787,22.15808034
2025-08-09 15:45:00+00:00,435.8739517,0.0,24.8225,446.3716525,0.0,25.43444444,18.5,260.8138095,406.1769976,25.33147619,22.69822222
2025-08-09 16:00:00+00:00,436.2402064,0.0,24.92342857,445.873281,0.0,25.65428571,18.50833333,264.2626902,302.4897969,23.06745503,22.81984478
2025-08-09 16:15:00+00:00,435.737037,0.0,25.01722222,444.8352814,0.0,25.77333333,18.6,267.3471667,311.3560339,20.93594444,22.70621296
2025-08-09 16:30:00+00:00,434.7003647,0.0,25.1,444.7902585,0.0,25.89444444,18.67213489,270.2462055,270.8584952,18.90742667,22.63497994
2025-08-09 16:45:00+00:00,434.3809061,0.0,25.19285714,445.0602311,0.0,26.01746032,18.78809524,273.4467424,221.0199107,16.70888889,22.54666667
2025-08-09 17:00:00+00:00,434.3673016,0.0,25.2,444.6630671,0.0,25.87283333,18.87333333,276.4320635,112.1966204,14.59538095,22.22166667
2025-08-09 17:15:00+00:00,434.3572671,0.0,25.2,444.8504501,0.0,25.66933622,19.01836735,279.4906386,56.73127427,12.45478175,21.7433644
2025-08-09 17:30:00+00:00,434.411648,0.0,25.19733333,444.2149315,0.0,25.55333333,19.18666667,282.56,73.99367621,10.29605291,21.4859695
2025-08-09 17:45:00+00:00,433.8122222,0.0,25.10512821,444.4921856,0.0,25.6,19.3,285.5944105,66.73347294,8.226695527,21.32317867
2025-08-09 18:00:00+00:00,434.3331075,0.0,25.1,444.460608,0.0,25.54166667,19.35333333,288.5983175,44.84282286,6.139296296,21.21289496
2025-08-09 18:15:00+00:00,433.368815,0.0,25.1,444.2729279,0.0,25.39260204,19.47346939,291.5688,19.66954155,4.153777473,20.98034188
2025-08-09 18:30:00+00:00,433.0381193,0.0,25.08,443.4643915,0.0,25.26177778,19.515,294.6484127,10.86982496,2.157830688,20.6332381
2025-08-09 18:45:00+00:00,432.6992877,0.0,25.0,443.1205147,0.0,25.13333333,19.61547619,297.8725,3.445924846,0.172063492,19.40892857
2025-08-09 19:00:00+00:00,434.250892,0.0,24.99333333,442.5316135,0.0,25.06666667,19.7,300.9479683,1.173578308,-1.631944444,18.4326746
2025-08-09 19:15:00+00:00,431.8698413,0.0,24.9,442.2935065,0.0,24.95,19.73333333,304.11553,0.216411257,-3.453448456,17.91975057
2025-08-09 19:30:00+00:00,432.3167907,0.0,24.9,441.3933509,0.0,24.88666667,19.8,307.3085683,0.0,-5.216405964,17.73316667
2025-08-09 19:45:00+00:00,432.0634653,0.0,24.84590476,440.9210689,0.0,24.8,19.9,310.1041667,0.0,-6.706095238,17.58766667
2025-08-09 20:00:00+00:00,430.7964485,0.0,24.8,440.4165567,0.0,24.75287698,19.95595238,313.7329777,0.0,-8.47031746,17.55511132
2025-08-09 20:15:00+00:00,430.6457892,0.0,24.74,439.8887334,0.0,24.7,20.0,316.7738571,0.0,-9.863851852,17.40031746
2025-08-09 20:30:00+00:00,430.9508503,0.0,24.67857143,439.3404288,0.0,24.62794613,20.0,320.4208836,0.0,-11.4012215,17.18162804
2025-08-09 20:45:00+00:00,430.6501867,0.0,24.6,439.9805837,0.0,24.6,20.08666667,323.5535065,0.0,-12.66376623,17.09598701
2025-08-09 21:00:00+00:00,430.3034547,0.0,24.6,438.8097403,0.0,24.6,20.1,327.2793728,0.0,-13.92661565,17.05191919
2025-08-09 21:15:00+00:00,428.5892544,0.0,24.57166667,437.9562963,0.0,24.5,20.1,330.824652,0.0,-15.07302849,16.91958419
2025-08-09 21:30:00+00:00,428.545754,0.0,24.5,437.7159606,0.0,24.5,20.1,334.6734596,0.0,-16.1147619,16.87666667
2025-08-09 21:45:00+00:00,429.0424242,0.0,24.5,437.4611111,0.0,24.4,20.08681319,338.2813651,0.0,-16.96726984,16.68526766
2025-08-09 22:00:00+00:00,428.8549083,0.0,24.40769231,436.6746361,0.0,24.4,19.99846154,341.9480357,0.0,-17.75392857,16.6177381
2025-08-09 22:15:00+00:00,427.1741083,0.0,24.4,436.7739899,0.0,24.35444444,19.8933545,345.3978477,0.0,-18.30559307,16.62981944
2025-08-09 22:30:00+00:00,426.4856261,0.0,24.4,435.8429652,0.0,24.3,19.7,349.3887807,0.0,-18.8031746,16.50598413
2025-08-09 22:45:00+00:00,426.3390313,0.0,24.4,434.2600636,0.0,24.26428571,19.54880952,353.0629448,0.0,-19.13249459,16.38568398
2025-08-09 23:00:00+00:00,425.9379721,0.0,24.4,434.4044742,0.0,24.2,19.37333333,356.9995485,0.0,-19.33333333,16.21304762
2025-08-09 23:15:00+00:00,425.5750444,0.0,24.35586735,434.1171605,0.0,24.18666667,19.1505102,96.92508634,0.0,-19.4,16.37588456
2025-08-09 23:30:00+00:00,425.0414912,0.0,24.3,432.2855706,0.0,24.1,18.9625,4.73955772,0.0,-19.28281481,16.41080135
2025-08-09 23:45:00+00:00,425.0954545,0.0,24.3,433.325,0.0,24.1,18.8,8.517572665,0.0,-19.08847551,16.30598214
2025-08-10 00:00:00+00:00,425.5542341,0.0,24.20355556,433.4656806,0.0,24.0037037,18.61333333,12.26591758,0.0,-18.67941026,16.1053
2025-08-10 00:15:00+00:00,424.8659259,0.0,24.2,432.9077382,0.0,24.0,18.44690476,15.96595238,0.0,-18.16754579,15.88235238
2025-08-10 00:30:00+00:00,424.1410514,0.0,24.2,431.472997,0.0,23.97380952,18.29897959,19.26038233,0.0,-17.63864989,15.69665506
2025-08-10 00:45:00+00:00,423.9820021,0.0,24.13066667,429.9410747,0.0,23.9,18.13333333,23.29266667,0.0,-16.74565079,15.57904762
2025-08-10 01:00:00+00:00,424.2353215,0.0,24.1,430.0,0.0,23.9,18.03846154,26.91124074,0.0,-15.85189316,15.3409921
2025-08-10 01:15:00+00:00,423.5000117,0.0,24.1,430.5159109,0.0,23.89714286,17.91221429,30.61584127,0.0,-14.77452991,15.02851667
2025-08-10 01:30:00+00:00,423.5684585,0.0,24.1,429.1693793,0.0,23.80423469,17.78,34.10269558,0.0,-13.65102041,14.72059666
2025-08-10 01:45:00+00:00,422.5838163,0.0,24.1,428.6018733,0.0,23.8,17.6,37.47619048,0.0,-12.46666667,14.59880952
2025-08-10 02:00:00+00:00,422.206898,0.0,24.1,429.7911352,0.0,23.8,17.53777778,40.86868519,0.0,-11.1182963,14.42445926
2025-08-10 02:15:00+00:00,422.7758333,0.0,24.00666667,429.0951371,0.0,23.8,17.4,44.52603175,0.0,-9.520793651,14.28544444
2025-08-10 02:30:00+00:00,421.7406311,0.0,24.0,428.4179915,0.0,23.8,17.2923356,47.59538557,0.0,-8.109820735,14.1810102
2025-08-10 02:45:00+00:00,421.7845672,0.0,24.0,427.4954523,0.0,23.75,17.18952381,50.92092593,0.0,-6.456626984,14.06438889
2025-08-10 03:00:00+00:00,420.6834921,0.0,24.0,427.5236533,0.0,23.7,17.06,54.33570563,0.060130719,-4.637301587,13.98875
2025-08-10 03:15:00+00:00,420.7421898,0.0,23.94107143,426.9884366,0.0,23.7,16.925,57.29713719,0.622207046,-2.974744898,13.91636454
2025-08-10 03:30:00+00:00,420.9230878,0.0,23.9,426.9690553,0.0,23.7,16.83076923,60.34678788,2.642536851,-1.178378788,13.89170909
2025-08-10 03:45:00+00:00,419.7515152,0.0,23.9,426.2564103,0.0,23.68087585,16.71846154,63.61052381,7.187297606,0.683333333,13.97700714
2025-08-10 04:00:00+00:00,420.1141165,0.0,23.9,425.4531774,0.0,23.6,16.64285714,66.67354599,17.63648845,2.617602339,14.02666667
2025-08-10 04:15:00+00:00,419.7900639,0.0,23.9,425.2605305,0.0,23.6,16.50307692,69.78608225,37.10654416,4.65950706,14.17172684
2025-08-10 04:30:00+00:00,419.6111355,0.0,23.9,424.8281546,0.0,23.6,16.48666667,72.58654762,65.18248198,6.559819902,14.46916667
2025-08-10 04:45:00+00:00,419.1924242,0.0,23.9,423.9550784,0.0,23.6,16.38392857,75.76242063,86.21359852,8.715357143,14.58914286
2025-08-10 05:00:00+00:00,417.9045846,0.0,23.96373626,424.2206122,0.0,23.6,16.25384615,78.75431122,93.02071152,10.79464286,14.70406548
2025-08-10 05:15:00+00:00,417.2189978,0.0,24.0,424.4284172,0.0,23.6,16.2,81.62206349,102.0225495,12.83756614,15.09174603
2025-08-10 05:30:00+00:00,417.7357337,0.0,24.0,423.1245014,0.0,23.62675926,16.2,84.80969577,85.91128785,15.04086243,15.46272619
2025-08-10 05:45:00+00:00,417.2215162,0.0,24.0,422.3961984,0.0,23.66681406,16.13717949,87.75993699,193.9900983,17.12558761,15.58873016
2025-08-10 06:00:00+00:00,416.7766825,0.0,24.0,421.9371838,0.0,23.7,16.1,90.4068093,248.0977906,18.94799201,16.01696476
2025-08-10 06:15:00+00:00,416.1741162,0.0,24.00178571,422.3413601,0.0,23.7,16.17142857,94.07394709,293.122161,21.47752381,16.53021212
2025-08-10 06:30:00+00:00,416.0839823,0.0,24.06166667,421.2384171,0.0,23.7,16.2,97.22903439,254.4894689,23.58347355,16.7714455
2025-08-10 06:45:00+00:00,416.3184463,0.0,24.1,421.7104456,0.0,23.7,16.2,100.5623611,264.4661504,25.78469388,16.97794643
2025-08-10 07:00:00+00:00,415.8359887,0.0,24.1,422.3892376,0.0,23.70166667,16.29230769,103.675302,128.0043489,27.76929594,16.88557423
2025-08-10 07:15:00+00:00,415.3284142,0.0,24.1,421.9371906,0.0,23.8,16.3,107.2791003,439.2931129,29.93218783,17.15360556
2025-08-10 07:30:00+00:00,415.2159208,0.0,24.15384615,422.0869293,0.0,23.8,16.3875,110.8118102,179.0775263,31.99292079,17.19695408
2025-08-10 07:45:00+00:00,415.6086478,0.0,24.2,422.4530379,0.0,23.8,16.456,114.2633377,431.4800435,33.89053872,17.556
2025-08-10 08:00:00+00:00,415.0186147,0.0,24.2,422.6244805,0.0,23.80190476,16.61969577,117.9102097,421.7169859,35.75207768,17.94646021
2025-08-10 08:15:00+00:00,414.4193863,0.0,24.2,421.9395945,0.0,23.88470779,16.87571429,121.8703386,514.3505484,37.67174714,18.09561905
2025-08-10 08:30:00+00:00,414.6100765,0.0,24.28846154,421.9780695,0.0,23.9,17.10128205,126.1138313,579.9597398,39.55746067,18.3078631
2025-08-10 08:45:00+00:00,414.5730663,0.0,24.3,421.8044136,0.0,23.92666667,17.28,130.0753333,546.9968658,41.15,18.4335
2025-08-10 09:00:00+00:00,413.8978237,0.0,24.3,421.855212,0.0,24.0,17.46,134.6088351,619.0957437,42.83367348,18.6366937
2025-08-10 09:15:00+00:00,413.9368557,0.0,24.3,421.1483815,0.0,24.0,17.56162132,138.9801525,568.8134007,44.22718254,18.93978968
2025-08-10 09:30:00+00:00,414.3934569,0.0,24.36666667,421.5997574,0.0,24.0,17.64666667,143.8181652,751.7638517,45.64485185,18.86230128
2025-08-10 09:45:00+00:00,414.3937522,0.0,24.4,421.4707116,0.0,24.06933333,17.82244898,148.9959153,445.9946666,46.93248677,18.84561111
2025-08-10 10:00:00+00:00,414.2105095,0.0,24.4,420.5564791,0.0,24.1,17.91904762,154.2727619,762.933113,48.01330688,19.04852778
2025-08-10 10:15:00+00:00,413.4501634,0.0,24.4,421.4599997,0.0,24.1,18.10833333,159.3340548,447.0217757,48.83333333,18.62916667
2025-08-10 10:30:00+00:00,413.9253559,0.0,24.4,421.1564263,0.0,24.1,18.24,164.683257,636.2964794,49.51920635,18.85115934
2025-08-10 10:45:00+00:00,414.5870199,0.0,24.4,420.8371011,0.0,24.19333333,18.3,170.0631111,702.7944815,50.01102646,19.26719048
2025-08-10 11:00:00+00:00,414.3238619,0.0,24.47428571,420.9178726,0.0,24.2,18.37142857,175.8629252,532.6264523,50.26785714,19.43581633
2025-08-10 11:15:00+00:00,414.8714805,0.0,24.5,420.9844521,0.0,24.2,18.5297619,181.2535576,698.194461,50.35039683,19.31619677
2025-08-10 11:30:00+00:00,413.9810185,0.0,24.5,421.3332246,0.0,24.27,18.62666667,186.6001039,801.7151043,50.2247619,19.83572222
2025-08-10 11:45:00+00:00,413.7786315,0.0,24.56328042,420.4872142,0.0,24.3,18.79333333,192.0011642,818.7181626,49.90451852,20.10801282
2025-08-10 12:00:00+00:00,413.961039,0.0,24.6,420.8538515,0.0,24.3,18.91190476,197.9192857,694.9517577,49.29392857,20.40145292
2025-08-10 12:15:00+00:00,414.1482534,0.0,24.6,421.3189378,0.0,24.36470899,19.07222222,202.7222416,584.9121612,48.57032207,19.91762652
2025-08-10 12:30:00+00:00,413.7214736,0.0,24.6,421.7234406,0.0,24.4,19.35714286,208.2388863,636.9792805,47.61965534,19.83504004
2025-08-10 12:45:00+00:00,414.6265757,0.0,24.7,421.140081,0.0,24.48571429,19.5531746,213.3118049,511.3684109,46.50152031,20.13571429
2025-08-10 13:00:00+00:00,414.7274074,0.0,24.7,421.529225,0.0,24.5,19.80030423,218.1456081,207.4493857,45.22305556,19.55028571
2025-08-10 13:15:00+00:00,414.6137854,0.0,24.7,422.8249739,0.0,24.5,20.07333333,222.791,287.4283156,43.81924074,19.28179762
2025-08-10 13:30:00+00:00,415.2860083,0.0,24.72380952,422.2350217,0.0,24.525,20.1,226.9152497,336.6526747,42.4196128,19.42476844
2025-08-10 13:45:00+00:00,413.6259023,0.0,24.8,421.6258646,0.0,24.6,20.1,231.4253622,279.2931824,40.74502165,19.43722222
2025-08-10 14:00:00+00:00,414.1558072,0.0,24.8,420.7435897,0.0,24.6,20.1,235.6277037,240.4187114,38.9644733,19.39908442
2025-08-10 14:15:00+00:00,414.2793263,0.0,24.8,420.305194,0.0,24.65672222,20.00142857,239.7306174,504.7616004,37.08765873,19.79335458
2025-08-10 14:30:00+00:00,415.0100018,0.0,24.9,421.0393323,0.0,24.89404762,20.0,243.5498299,487.4547242,35.16043084,20.25003061
2025-08-10 14:45:00+00:00,415.0172868,0.0,24.99333333,421.2703852,0.0,25.15566667,20.0,247.2296111,534.9547573,33.18444444,20.48683983
2025-08-10 15:00:00+00:00,414.8703703,0.0,25.08,421.5726795,0.0,25.40358974,20.056633,250.7033918,517.1202538,31.21347093,20.55285533
2025-08-10 15:15:00+00:00,413.8538889,0.0,25.16153846,421.3844405,0.0,25.6125,20.35333333,254.1967143,484.2883601,29.14528571,20.8105
2025-08-10 15:30:00+00:00,415.4618275,0.0,25.26761905,422.7115605,0.0,25.82757937,20.77714286,257.3577922,426.881503,27.22982143,20.54518141
2025-08-10 15:45:00+00:00,415.4519921,0.0,25.35866667,422.4239655,0.0,26.026,21.06722751,260.7971481,388.7916079,24.99577778,20.51591039
2025-08-10 16:00:00+00:00,415.4519841,0.0,25.40192308,422.7679714,0.0,26.25047619,21.33846154,263.9829524,352.0379631,22.89777778,20.51466667
2025-08-10 16:15:00+00:00,414.9740829,0.0,25.51388889,422.2709074,0.0,26.42252747,21.4,267.1338431,318.8117385,20.70742373,20.68803571
2025-08-10 16:30:00+00:00,414.1782142,0.0,25.69733333,422.6883666,0.0,26.57466667,21.46666667,270.2961984,279.3426525,18.5595,20.48443915
2025-08-10 16:45:00+00:00,414.8135368,0.0,25.63333333,424.1487386,0.0,26.67133333,21.51666667,273.441746,231.6660829,16.34038889,20.18296349
2025-08-10 17:00:00+00:00,415.3251821,0.0,25.78666667,424.0373983,0.0,26.7,21.6,276.4962271,195.445231,14.18282051,19.82996561
2025-08-10 17:15:00+00:00,414.8895449,0.0,25.81142857,424.4334416,0.0,26.7,21.6,279.4470238,166.0252621,12.10982143,19.71649206
2025-08-10 17:30:00+00:00,415.7257259,0.0,25.9,423.5359556,0.0,26.63333333,21.5525,282.3826751,133.3566553,10.07284488,19.47881624
2025-08-10 17:45:00+00:00,415.6947475,0.0,25.9,423.6950363,0.0,26.59285714,21.41428571,285.6057222,99.22020754,7.808166667,19.22074074
2025-08-10 18:00:00+00:00,415.2202742,0.0,25.9,424.0090665,0.0,26.49964286,21.13571429,288.4054708,67.68245117,5.925708617,18.85374396
2025-08-10 18:15:00+00:00,414.9621724,0.0,25.71142857,423.4871757,0.0,26.34228571,20.92,291.477,37.91037237,3.827978836,18.47733333
2025-08-10 18:30:00+00:00,415.9087118,0.0,25.68571429,424.1696535,0.0,26.11301587,20.57755102,294.4921638,16.60575567,1.89031746,18.06134359
2025-08-10 18:45:00+00:00,415.5198653,0.0,25.6,422.8521068,0.0,25.94666667,20.34615385,297.6841587,5.774995655,-0.072777778,17.80290909
2025-08-10 19:00:00+00:00,417.1862245,0.0,25.55714286,423.3249566,0.0,25.82777778,20.17344322,300.8236416,1.604572055,-1.900977891,17.43897032
2025-08-10 19:15:00+00:00,416.5070899,0.0,25.48666667,424.366137,0.0,25.67333333,20.01333333,303.8641905,0.315817859,-3.677396825,17.04659259
2025-08-10 19:30:00+00:00,415.454188,0.0,25.4,424.0568566,0.0,25.56861111,19.89545455,307.2433502,0.0,-5.53237037,16.744462
2025-08-10 19:45:00+00:00,416.1037415,0.0,25.4,424.7958345,0.0,25.48307692,19.68714286,310.3010122,0.0,-7.130011447,16.59510804
2025-08-10 20:00:00+00:00,415.2455026,0.0,25.3702381,424.0992203,0.0,25.38933333,19.55714286,313.522817,0.0,-8.705544974,16.69417701
2025-08-10 20:15:00+00:00,415.2981818,0.0,25.3,424.7551787,0.0,25.3,19.43866667,316.941545,0.0,-10.25604233,16.43254444
2025-08-10 20:30:00+00:00,415.7501587,0.0,25.2,424.0555817,0.0,25.2227381,19.28307692,320.5312914,0.0,-11.76587607,16.31240212
2025-08-10 20:45:00+00:00,415.0673274,0.0,25.19285714,424.0312145,0.0,25.19285714,19.09215986,323.753441,0.0,-12.99336735,16.02086529
2025-08-10 21:00:00+00:00,415.6595276,66.88798535,24.99333333,425.0490805,50.32196581,25.09333333,18.272,327.0918622,0.0,-14.17877381,16.11088095
2025-08-10 21:15:00+00:00,445.6926121,174.234369,24.572,446.1948148,166.7237473,24.92,17.27333333,331.0080741,0.0,-15.42729101,16.45340952
2025-08-10 21:30:00+00:00,471.3830422,170.0012651,24.39166667,475.4100791,166.4909483,24.71461538,17.10791667,334.3382143,0.0,-16.34565811,16.10925
2025-08-10 21:45:00+00:00,487.0587319,172.7389978,24.25714286,492.0880517,167.8829909,24.55714286,16.9,338.0555952,0.0,-17.24627381,15.99137698
2025-08-10 22:00:00+00:00,497.297143,248.9842593,24.05,503.7303535,241.2427154,24.39212121,16.53428571,341.8502249,0.0,-17.9993192,15.2580328
2025-08-10 22:15:00+00:00,506.6397652,313.7369027,23.76,516.3472089,316.9122553,24.12673232,16.20714286,345.5356258,0.0,-18.61314141,14.90577312
2025-08-10 22:30:00+00:00,511.6408288,320.3107076,23.57171202,520.6715757,315.2364784,23.89084416,16.2,349.1264224,0.0,-19.07642358,15.30958375
2025-08-10 22:45:00+00:00,513.4333333,319.817619,23.43111111,521.2868263,316.0054575,23.76404762,16.07333333,353.1015142,0.0,-19.41762963,14.88034343
2025-08-10 23:00:00+00:00,514.7671739,319.083588,23.32857143,523.3720644,311.705784,23.62011111,15.80752551,356.6313651,0.0,-19.59522222,14.61230769
2025-08-10 23:15:00+00:00,515.9447921,319.2732254,23.19230769,523.5784756,311.4604964,23.45576923,15.64505495,73.05011905,0.0,-19.7,14.42866667
2025-08-10 23:30:00+00:00,517.4268725,319.447878,23.05857143,524.6543252,312.8011321,23.36020408,15.49285714,4.327957876,0.0,-19.60714286,14.11920635
2025-08-10 23:45:00+00:00,517.1851465,317.0201086,22.93166667,525.8994809,310.4342905,23.232,15.32920635,8.274445924,0.0,-19.40194949,13.94288552
2025-08-11 00:00:00+00:00,516.6339998,319.8188093,22.80944444,524.8535552,313.4933041,23.16666667,15.20444444,12.28710197,0.0,-18.97395406,13.94503333
2025-08-11 00:15:00+00:00,516.0,320.1575216,22.70837302,524.4328852,315.2829992,23.04777778,15.2,15.70035857,0.0,-18.48509019,14.04136161
2025-08-11 00:30:00+00:00,515.3953009,318.0082083,22.61333333,523.6794654,311.6886982,22.94873016,15.11333333,19.72757937,0.0,-17.82793651,13.89734127
2025-08-11 00:45:00+00:00,515.3318807,318.6713943,22.47857143,523.6724668,314.3239463,22.88688889,15.00666667,23.4777381,0.0,-17.01444444,13.94127381
2025-08-11 01:00:00+00:00,515.315873,321.4487648,22.41666667,523.0005051,314.1880141,22.79515306,15.06944444,27.21341357,0.0,-16.07338435,13.8143176
2025-08-11 01:15:00+00:00,517.1440001,322.5466822,22.34410256,522.846537,315.45126,22.73666667,14.92307692,30.73227844,0.0,-15.07426551,13.56816202
2025-08-11 01:30:00+00:00,516.5006061,315.7363399,22.3,524.2803175,315.9044901,22.64,14.88688889,34.18147186,0.0,-13.97287879,13.53667787
2025-08-11 01:45:00+00:00,516.0555755,318.2579388,22.27166667,524.439072,315.5141266,22.57238095,14.8,37.74220563,0.0,-12.67119048,13.40759829
2025-08-11 02:00:00+00:00,516.826443,314.8352015,22.2,525.9640272,314.1432494,22.52380952,14.71666667,41.25642857,0.0,-11.31103896,13.26771645
2025-08-11 02:15:00+00:00,517.5638423,316.0472634,22.16366138,527.1239894,309.4353878,22.46380952,14.645,44.11547917,0.0,-10.04542245,13.25342175
2025-08-11 02:30:00+00:00,521.3484174,313.5424784,22.14888889,533.3458912,310.7082745,22.37555556,14.6,47.77404497,0.0,-8.336666667,13.15333333
2025-08-11 02:45:00+00:00,525.2118429,318.1535044,22.13428571,537.1997523,317.4796296,22.4,14.6,50.90452381,0.0,-6.805297619,13.04214286
2025-08-11 03:00:00+00:00,517.6064857,70.50791771,22.34038462,527.121176,69.14790962,22.45888889,15.77820513,54.25005291,0.046030303,-5.0425,13.02846032
2025-08-11 03:15:00+00:00,515.0038943,62.28412698,22.70833333,524.2333537,68.30999684,22.58190476,17.29333333,57.34253968,0.493192353,-3.299057239,12.87431746
2025-08-11 03:30:00+00:00,512.5323447,62.84179487,22.8,521.1766046,67.85320493,22.64575397,16.96428571,60.74445406,2.5148199,-1.312356902,12.69804714
2025-08-11 03:45:00+00:00,509.5577468,62.97985982,22.80089286,519.8814077,68.11109701,22.7,16.87857143,63.72803855,6.694172217,0.482977737,12.53221429
2025-08-11 04:00:00+00:00,509.2490663,62.58298535,22.9,519.6426945,68.01285714,22.7,16.84285714,66.59870992,19.98915354,2.251984127,12.28262686
2025-08-11 04:15:00+00:00,509.5405362,62.82199696,22.91333333,520.4392092,67.51471347,22.72571429,17.09333333,69.86853391,32.38626393,4.422051948,12.42282828
2025-08-11 04:30:00+00:00,509.1882319,62.81641672,23.0,519.6390097,67.41808482,22.78571429,17.23095238,72.7091257,31.10744611,6.303520408,12.59419218
2025-08-11 04:45:00+00:00,509.3189255,62.76296296,22.99761905,517.8630037,67.51432789,22.8,16.92857143,75.87511111,50.54643088,8.444444444,12.64463492
2025-08-11 05:00:00+00:00,513.7530798,62.84888889,23.04,525.3107809,67.52854572,22.84571429,16.90666667,79.01904233,113.0437095,10.63047619,12.84719577
2025-08-11 05:15:00+00:00,521.2763908,63.00072051,23.18666667,530.7908581,67.57078595,22.90740741,17.11066667,82.00288215,111.6481622,12.70214815,13.17965657
2025-08-11 05:30:00+00:00,531.8380952,63.06645299,23.19387755,535.9030952,67.88762071,22.97142857,17.0297619,84.83108766,89.40062208,14.65119305,13.39626623
2025-08-11 05:45:00+00:00,564.4689274,62.61175565,23.24285714,552.0029707,67.50627137,22.9675,16.9,88.10826984,117.25731,16.98520443,13.44833862
2025-08-11 06:00:00+00:00,583.0569967,62.30269,23.49285714,576.0291435,67.50340362,23.19833333,16.92666667,91.18603968,248.8557755,19.14708995,13.69159524
2025-08-11 06:15:00+00:00,621.6238329,62.57570171,23.46153846,623.3198757,64.09953568,23.35384615,17.12307692,94.45984921,302.1553422,21.35160077,14.37300117
2025-08-11 06:30:00+00:00,638.3574039,62.57030678,23.73428571,641.1473408,62.03769841,23.45,17.05,96.8,328.0628319,22.95,14.9547619
2025-08-11 06:45:00+00:00,633.9102886,63.4397145,23.81111111,623.9948785,62.59825991,23.49777778,17.07955556,100.4242725,369.6486634,25.32437831,15.70517037
2025-08-11 07:00:00+00:00,638.9198396,63.22444444,23.9227381,631.2777839,62.18572073,23.49088889,17.07593537,104.1281905,272.4925933,27.67132275,16.10147619
2025-08-11 07:15:00+00:00,640.2720708,64.2563874,23.91309524,612.4926842,62.92124043,23.55085034,16.83928571,107.5045408,331.4745505,29.69852041,16.09896173
2025-08-11 07:30:00+00:00,649.4616204,64.44367114,24.05311688,613.3124938,62.17771186,23.60666667,17.07377345,110.9430741,393.1975191,31.68667666,16.4063976
2025-08-11 07:45:00+00:00,661.3761905,71.62905983,24.06510989,633.8159711,63.16590637,23.74505495,17.19047619,114.6056138,453.2606053,33.72173077,16.5779526
2025-08-11 08:00:00+00:00,666.0699247,79.64023638,24.17,638.3344444,64.24730253,23.76103896,17.43452381,118.4685198,532.9797867,35.69726496,17.03358608
2025-08-11 08:15:00+00:00,655.6577927,98.79078862,24.28333333,615.662222,64.09436269,23.8,17.49166667,122.2217507,371.8705462,37.49947802,17.296745
2025-08-11 08:30:00+00:00,656.5147169,115.1517532,24.22166667,620.9177138,63.39911009,23.8,17.15333333,126.3599471,258.7019645,39.34444444,17.05063492
2025-08-11 08:45:00+00:00,647.9884034,134.8145299,24.15384615,631.4881862,62.13460526,23.84666667,17.2,130.5981296,550.3162434,41.02544276,17.09691175
2025-08-11 09:00:00+00:00,640.6619106,159.169983,24.30380952,620.9712376,63.24472406,23.89285714,17.43904762,134.4863917,281.4501205,42.45416383,17.60263575
2025-08-11 09:15:00+00:00,629.023966,186.0012921,24.2302381,613.58324,62.10302465,23.8432381,17.48244444,138.9958461,437.7293045,43.94664828,17.63987424
2025-08-11 09:30:00+00:00,628.1148585,198.4662222,24.11507937,611.5851634,62.33563574,23.78070106,17.26122449,144.1303333,187.3022753,45.42083333,17.52233333
2025-08-11 09:45:00+00:00,618.4042164,218.2451389,24.14519231,586.5345383,62.55460125,23.78571429,16.91282051,149.1094061,644.9653113,46.6453602,17.77788462
2025-08-11 10:00:00+00:00,620.2802106,222.77,23.97266667,588.6811491,61.71901815,23.75285714,17.30333333,154.1098595,436.7660945,47.66639009,18.69065397
2025-08-11 10:15:00+00:00,602.5448077,236.0077031,24.10192063,598.1880704,62.84816032,23.82272222,17.06698413,159.3179762,444.0897694,48.51888889,18.52908333
2025-08-11 10:30:00+00:00,571.1689456,242.5426759,23.98666667,591.5623838,61.88327802,23.9,17.15,164.9028141,510.2315871,49.23180856,18.64669276
2025-08-11 10:45:00+00:00,561.642263,240.8923953,23.99285714,586.0216752,61.32254482,23.84714286,17.2,170.3482143,394.3501055,49.72997449,18.97166327
2025-08-11 11:00:00+00:00,567.0816962,237.3065005,23.969,579.0895441,62.04713727,23.87333333,17.2,175.6542725,348.4515723,49.95934199,18.77075541
2025-08-11 11:15:00+00:00,574.7096858,240.707914,24.06693878,573.2170243,62.35148075,23.8837963,17.08095238,181.1311168,361.546889,50.04367003,18.63049919
2025-08-11 11:30:00+00:00,590.0375076,249.5804422,24.12692308,579.6202235,61.62289575,23.9,17.18865385,186.5407867,695.2737544,49.91526361,18.7597616
2025-08-11 11:45:00+00:00,595.7926309,256.7509572,24.12,581.1622925,61.70444293,23.91333333,17.34761905,192.3912063,586.095344,49.55,19.42742857
2025-08-11 12:00:00+00:00,588.3783761,264.7193473,24.1,582.7087742,62.00185185,23.99333333,17.17857143,197.9368146,604.0493378,48.98,19.458
2025-08-11 12:15:00+00:00,584.9536757,272.3872042,24.1,589.886332,60.98735216,24.0,17.25809524,202.6231753,656.6368756,48.31971429,19.51247436
2025-08-11 12:30:00+00:00,578.0677949,281.9526723,24.1,583.3630613,60.95684359,23.95090136,16.95820513,208.1067746,329.7459453,47.34506313,19.54430262
2025-08-11 12:45:00+00:00,575.0740358,287.6112752,24.01505051,579.2639061,60.6660462,23.99939394,16.7,212.6579157,321.2618337,46.32152742,19.46412854
2025-08-11 13:00:00+00:00,573.9859463,294.9589255,23.99777778,577.2637661,60.84414849,23.9142328,16.76444444,218.0267513,256.792527,44.97876984,19.29403704
2025-08-11 13:15:00+00:00,576.5152207,291.8059829,24.03204082,573.6353717,61.22289377,23.94653061,17.0,222.5719104,382.8618537,43.5693424,19.23079365
2025-08-11 13:30:00+00:00,552.0797207,289.7560037,23.92666667,572.5102406,61.0732893,23.90222222,17.08,227.0699286,360.6500137,42.04108995,19.50624242
2025-08-11 13:45:00+00:00,535.77465,281.7994652,23.93,543.0521815,61.77005291,23.90266667,16.99285714,231.5264495,439.8436774,40.34301732,19.32441111
2025-08-11 14:00:00+00:00,522.3966009,104.4510568,24.00215201,530.8515768,64.89557319,24.0,15.33833333,235.5043333,624.6497337,38.68311111,19.83322222
2025-08-11 14:15:00+00:00,518.039318,59.62149281,24.14672619,525.1307384,65.27822918,24.05280612,15.40654762,239.2329212,340.7476518,36.95150663,19.95512472
2025-08-11 14:30:00+00:00,514.9428494,60.43723257,24.2,522.1671189,66.28947754,24.1,17.64388889,243.0506171,277.6786046,35.07094017,19.76868781
2025-08-11 14:45:00+00:00,511.5427264,59.56151416,24.2,499.2061055,66.25031894,24.1,16.70333333,247.0773384,220.5156227,32.94821717,19.92074688
2025-08-11 15:00:00+00:00,507.7004639,59.3477567,24.22857143,491.5286226,66.65360759,24.07142857,16.74571429,250.4804082,210.2481941,31.01257937,19.99298804
2025-08-11 15:15:00+00:00,505.7865052,60.6455587,24.2,488.3832853,66.58824931,24.03904762,17.09368254,253.7403511,175.7102247,29.09593218,19.57853025
2025-08-11 15:30:00+00:00,502.9946791,61.37195286,24.2,486.2084444,66.81531987,24.00177778,17.10238095,257.459418,153.4488148,26.77321789,19.60380952
2025-08-11 15:45:00+00:00,502.2345805,60.8418733,24.2,485.1459206,66.19954838,24.0,17.2,260.5672711,121.2932458,24.80979021,19.76804182
2025-08-11 16:00:00+00:00,499.8527692,60.71851497,24.2,482.7407703,66.43133828,24.03288889,17.45416667,263.6757131,246.4826382,22.73137196,19.93055742
2025-08-11 16:15:00+00:00,498.7277186,58.87703916,24.25952381,482.1229577,65.42166743,24.1677381,17.1547619,266.9126946,199.4219685,20.52177027,20.24210733
2025-08-11 16:30:00+00:00,496.7090659,61.53016156,24.3,481.4138964,66.44755395,24.36666667,16.89466667,270.0673485,259.4895372,18.34908425,20.40571581
2025-08-11 16:45:00+00:00,495.0317451,61.54212454,24.38571429,479.7846401,67.47898646,24.59107143,16.98571429,273.1881944,225.7251199,16.16335884,20.6602551
2025-08-11 17:00:00+00:00,494.7172488,61.37837858,24.4,478.6908562,66.67714294,24.71977778,16.82,276.1579668,178.8875644,14.06388889,20.59053824
2025-08-11 17:15:00+00:00,493.1421922,60.570671,24.49555556,477.7515043,66.62537401,24.8,16.56142857,279.3459743,135.7067707,11.81333333,20.4344697
2025-08-11 17:30:00+00:00,491.2837199,61.4614783,24.49285714,476.6591991,66.68819397,24.73571429,16.55,282.4625794,87.3453311,9.644013605,19.95625397
2025-08-11 17:45:00+00:00,491.9116101,60.10941799,24.4,476.3236508,66.95222466,24.625,17.16833333,285.2721825,49.52595525,7.699047619,19.45968254
2025-08-11 18:00:00+00:00,491.6326424,61.17804714,24.4,476.0885649,67.05736027,24.51333333,17.01410256,288.2832669,21.66795461,5.617526455,19.0583547
2025-08-11 18:15:00+00:00,491.4592381,61.1660928,24.36,475.5721212,67.13914124,24.36,16.934,291.394887,15.65710303,3.592236652,18.73077389
2025-08-11 18:30:00+00:00,490.1211099,60.7551119,24.3,475.2368384,66.2364197,24.24285714,16.87055736,294.3818434,8.160382004,1.641380405,18.46556399
2025-08-11 18:45:00+00:00,490.3016807,60.55125541,24.28285714,474.9703704,65.66620906,24.12666667,17.25190476,297.573064,2.915324202,-0.304452862,18.29333333
2025-08-11 19:00:00+00:00,489.3692593,10.88463203,24.2,475.6526024,11.02243389,24.1,16.93037037,300.4516532,1.111122954,-2.02,18.27580952
2025-08-11 19:15:00+00:00,489.4228992,0.0,24.2,475.0146932,0.0,24.02142857,17.0,303.7475595,0.128583839,-3.940306122,18.41313304
2025-08-11 19:30:00+00:00,489.177717,0.0,24.15866667,474.6794572,0.0,24.0,17.04733333,306.9555556,0.0,-5.731388889,17.7595873
2025-08-11 19:45:00+00:00,488.5301305,0.0,24.1,473.627316,0.0,23.99333333,17.17333333,310.263328,0.0,-7.443198413,17.47520899
2025-08-11 20:00:00+00:00,489.252036,0.0,24.1,473.0822789,0.0,23.9,17.31517857,313.554886,0.0,-9.046962963,17.18110185
2025-08-11 20:15:00+00:00,487.7309781,0.0,24.07857143,472.0729568,0.0,23.9,17.58901099,316.9935119,0.0,-10.61178571,17.00980442
2025-08-11 20:30:00+00:00,487.126877,0.0,24.0,471.89645,0.0,23.86,17.85111111,320.1770635,0.0,-11.93099206,17.04928571
2025-08-11 20:45:00+00:00,485.5637245,0.0,24.0,471.4376623,0.0,23.8,18.05666667,323.6675238,0.0,-13.29172549,17.32410725
2025-08-11 21:00:00+00:00,484.5089691,107.5229025,23.84285714,469.3808558,101.1345932,23.8,18.31445578,327.4462018,0.0,-14.62253401,17.46855867
2025-08-11 21:15:00+00:00,490.1623952,170.9351744,23.55714286,473.552267,165.2641547,23.75714286,18.18945578,330.9539966,0.0,-15.71856015,17.35607766
2025-08-11 21:30:00+00:00,499.3573932,173.0495623,23.44,480.0625486,165.5988904,23.64,18.08,334.4588095,0.0,-16.66595238,17.19546032
2025-08-11 21:45:00+00:00,503.5670021,175.3513557,23.33666667,486.7743236,163.1864996,23.6,17.93166667,337.9414747,0.0,-17.51513065,17.05848791
2025-08-11 22:00:00+00:00,506.4376804,262.6702523,23.20095238,491.2402542,257.2923958,23.48571429,17.9,341.9053932,0.0,-18.27545455,16.46980519
2025-08-11 22:15:00+00:00,509.4014247,317.7442125,23.02087912,493.3176708,318.4783777,23.33597619,17.9,345.4266984,0.0,-18.89234247,16.23907729
2025-08-11 22:30:00+00:00,509.9796481,316.302963,22.88,495.153165,320.0898871,23.2,17.91333333,349.4879365,0.0,-19.42,16.41533333
2025-08-11 22:45:00+00:00,511.2663004,318.0097902,22.8,494.9929311,314.2190203,23.10533333,18.03076923,353.3600661,0.0,-19.73824242,16.56200173
2025-08-11 23:00:00+00:00,510.3143734,317.2858766,22.73928571,494.7860946,313.1781533,23.03714286,18.06809524,357.0776276,0.0,-19.92549603,16.51011054
2025-08-11 23:15:00+00:00,511.1720668,316.9370851,22.62666667,494.191238,317.463832,22.95333333,17.86833333,96.98938095,0.0,-20.0,16.30465556
2025-08-11 23:30:00+00:00,510.7512819,317.1093651,22.54615385,494.6075973,318.5531242,22.9,17.54615385,4.755787879,0.0,-19.87939394,16.02718615
2025-08-11 23:45:00+00:00,510.6333752,317.3359965,22.49285714,495.8855186,315.7259691,22.87333333,17.34166667,8.62893981,0.0,-19.65746795,15.81945437
2025-08-12 00:00:00+00:00,512.8302005,317.0897567,22.40083333,496.0282726,316.5403029,22.8,17.18571429,12.00866667,0.0,-19.32411111,15.70169603
2025-08-12 00:15:00+00:00,512.299633,316.263545,22.33333333,495.4400787,316.4202809,22.71259259,16.99904762,15.82522487,0.0,-18.80337037,15.5
2025-08-12 00:30:00+00:00,512.3989914,315.5599674,22.29833333,497.1506606,314.9980862,22.64165608,16.88,19.82662049,0.0,-18.11953872,15.36978788
2025-08-12 00:45:00+00:00,513.904094,315.7303375,22.26809524,497.6753454,315.8057135,22.6,16.72571429,23.45191327,0.0,-17.3385771,15.21683055
2025-08-12 01:00:00+00:00,515.3423297,315.7080632,22.2,497.5452685,318.5703256,22.59904762,16.56392857,27.2485291,0.0,-16.3778836,15.03333333
2025-08-12 01:15:00+00:00,515.8178252,317.6231373,22.11933333,499.3461165,315.6161623,22.51344444,16.34209428,30.55376455,0.0,-15.44132179,14.94666667
2025-08-12 01:30:00+00:00,514.8163265,316.0157313,22.03035714,499.2091837,317.0531755,22.4,16.2,34.26852633,0.0,-14.24821042,14.9
2025-08-12 01:45:00+00:00,516.1677778,314.887577,22.0,499.5027185,314.8255626,22.35895238,16.17066667,37.96990741,0.0,-12.90300265,14.84634921
2025-08-12 02:00:00+00:00,517.1718134,314.3798148,21.87692308,501.2110438,316.3494918,22.3,16.1,41.43458033,0.0,-11.52728451,14.8
2025-08-12 02:15:00+00:00,517.913468,314.6651539,21.87452381,502.2723129,318.8500254,22.26952381,16.16,44.793,0.0,-10.07820635,14.82511905
2025-08-12 02:30:00+00:00,525.7091721,324.9330099,21.86517857,511.5760827,316.6430574,22.3,16.11819728,47.93522698,0.0,-8.589930546,14.78402015
2025-08-12 02:45:00+00:00,531.9070818,315.2588312,21.96388889,521.2635164,316.4727642,22.23866667,15.94444444,51.28894444,0.0,-6.93389418,14.62975108
2025-08-12 03:00:00+00:00,526.6635209,101.8514815,22.18098148,510.6485759,84.53620651,22.204,15.944,54.58660847,0.013846154,-5.177306878,14.53866667
2025-08-12 03:15:00+00:00,520.0363095,66.30346178,22.42619048,506.1155285,62.71529365,22.37190476,17.49967949,57.69246934,0.462529547,-3.452927232,14.4
2025-08-12 03:30:00+00:00,519.0802903,62.60880231,22.6,503.4234214,62.66414186,22.49648148,16.50031746,60.80224146,2.211906777,-1.633448773,14.28622357
2025-08-12 03:45:00+00:00,518.0727441,62.6043573,22.55384615,502.1272599,62.13449366,22.52666667,17.38410256,63.8108254,6.286592774,0.134969475,14.29835897
2025-08-12 04:00:00+00:00,516.4643573,61.89507123,22.5,501.5333037,61.97117796,22.57783333,16.78702381,67.11156421,14.53938138,2.233620972,14.39366162
2025-08-12 04:15:00+00:00,515.1426449,63.11625676,22.50964286,499.9848875,63.06251008,22.6,16.78666667,69.86513605,21.36382928,4.005952381,14.53702381
2025-08-12 04:30:00+00:00,514.2964647,62.18997521,22.58711111,499.350185,62.91363415,22.6,16.96866667,72.98494949,23.14734874,6.071219614,14.66139634
2025-08-12 04:45:00+00:00,514.4763468,62.69962963,22.65111111,501.7961905,62.11903091,22.524,17.04047619,75.9247619,17.07764016,8.118333333,14.79833333
2025-08-12 05:00:00+00:00,521.6691593,63.03046537,22.66384615,510.7439612,62.39404929,22.58894558,16.86153846,78.90365646,24.55114892,10.17098923,14.87378061
2025-08-12 05:15:00+00:00,536.6792037,62.1073999,22.784,526.3357015,61.98103283,22.62666667,16.92438095,82.04082155,64.79466251,12.37591919,14.92722222
2025-08-12 05:30:00+00:00,555.5826592,62.44662698,22.81644444,551.0620525,62.5624876,22.80261905,17.1387619,85.1395,72.48710717,14.5572381,15.12906667
2025-08-12 05:45:00+00:00,577.0044095,62.18852259,22.95512821,589.6210717,62.60722611,22.94153846,17.21923077,88.43237179,73.22438259,16.84555861,15.37711538
2025-08-12 06:00:00+00:00,620.7637157,61.94898673,23.04642857,656.0532356,62.45694207,23.075,17.09056122,90.94364177,82.24177886,18.57724026,15.58026389
2025-08-12 06:15:00+00:00,662.6780057,62.36038721,23.27692308,670.1679128,62.37918193,23.16888889,17.225,94.53835979,99.13415261,21.05603175,16.07451852
2025-08-12 06:30:00+00:00,717.6746366,62.08272925,23.3668254,682.1149351,62.07607481,23.162,17.27142857,97.65459239,99.32245779,23.1344884,16.44029545
2025-08-12 06:45:00+00:00,699.0609791,61.8116811,23.46269841,666.297225,62.35076543,23.27824242,17.20666667,101.0732169,139.2041427,25.37715344,16.62290196
2025-08-12 07:00:00+00:00,689.8738778,61.5390873,23.57571429,666.0517903,61.2510138,23.3,17.39285714,104.3533929,145.2417521,27.45306122,16.94328571
2025-08-12 07:15:00+00:00,709.3628711,62.08425926,23.68,660.5625657,61.68145455,23.3,17.03333333,107.7340476,282.2646067,29.49501058,17.44433333
2025-08-12 07:30:00+00:00,722.6432841,62.13785381,23.71714286,654.452098,61.97810606,23.29777778,17.19065934,111.3455176,191.9540112,31.55543627,17.8710303
2025-08-12 07:45:00+00:00,746.2128024,61.25797714,23.87272727,690.8814281,61.07275743,23.38214286,17.14025974,114.9386281,260.4652509,33.5389966,18.18032978
2025-08-12 08:00:00+00:00,766.5753682,62.33382452,23.96925926,749.8067495,65.23977256,23.65787037,17.4784127,118.348,314.9415302,35.27796296,18.35958942
2025-08-12 08:15:00+00:00,787.1032913,67.62407407,24.03571429,867.7518213,148.86337,23.8825,17.34285714,122.5324325,438.7188337,37.27555556,18.59333593
2025-08-12 08:30:00+00:00,790.8339286,69.54631459,24.01746032,868.6051246,197.8807345,24.10892857,17.00765306,126.4640391,450.5978157,39.0312299,18.65835622
2025-08-12 08:45:00+00:00,781.5377791,72.39393939,24.1,848.2016413,222.4113013,24.284,17.15133333,130.7043333,479.6630732,40.75694444,19.24614286
2025-08-12 09:00:00+00:00,745.3197643,78.04055556,23.95,817.4861461,257.8494172,24.24666667,17.45,135.2546667,509.7905131,42.40022222,20.05060317
2025-08-12 09:15:00+00:00,732.86338,81.32262922,24.01785714,771.0548587,292.9996745,24.40538721,17.23571429,139.8045,384.8472731,43.87929293,19.66644444
2025-08-12 09:30:00+00:00,713.1734627,87.66421356,24.02421769,723.8359122,311.2557576,24.24739796,17.20238095,144.5076531,453.0651222,45.20612245,19.82620748
2025-08-12 09:45:00+00:00,681.703547,100.8915784,24.18777778,677.975703,295.4944117,23.68896032,17.32888889,149.1011111,475.2729576,46.34883333,20.36088889
2025-08-12 10:00:00+00:00,657.4757734,122.4162515,24.20888889,643.2744722,286.2733963,23.83884921,17.2,154.3205423,547.2628046,47.38027513,20.30731842
2025-08-12 10:15:00+00:00,618.9319058,135.1614164,24.05204082,611.2971785,275.3372058,23.98928571,16.96153846,159.5855102,645.2449818,48.25,20.58
2025-08-12 10:30:00+00:00,578.0119367,141.7149003,24.08333333,588.9397662,273.828988,23.9125,17.23211111,164.89,371.4330093,48.91444444,21.02883333
2025-08-12 10:45:00+00:00,583.7339043,146.7669597,23.93333333,604.1684871,257.2775454,24.04666667,17.18666667,169.7977778,311.3019565,49.39866667,20.84
2025-08-12 11:00:00+00:00,607.6348459,151.4380889,24.11325397,630.4220932,280.9406634,24.38814815,17.26923077,175.8473022,433.1056818,49.66666667,20.97380525
2025-08-12 11:15:00+00:00,632.640377,163.5620671,24.16666667,634.0711263,309.3277717,24.36331633,17.12542517,181.2101302,480.2234405,49.72755102,21.16396648
2025-08-12 11:30:00+00:00,643.5785185,175.435748,24.11333333,632.743531,313.41,24.19914286,17.24833333,186.8162037,591.1349085,49.62,21.38666667
2025-08-12 11:45:00+00:00,642.2790227,188.1495645,24.10111111,657.6991453,312.7997097,24.30952381,16.95566667,192.4033598,591.2831892,49.24603175,21.9182381
2025-08-12 12:00:00+00:00,629.0993014,189.5681211,24.03076923,639.7292128,315.9115386,24.27031746,16.59230769,197.7823993,498.7339796,48.69474097,21.90855311
2025-08-12 12:15:00+00:00,615.148436,190.4073064,24.02833333,637.084127,319.2406349,24.2047619,16.82666667,202.876,541.046748,47.97733333,22.41653333
2025-08-12 12:30:00+00:00,607.2242853,189.2926092,24.02233333,612.1008874,307.6659649,23.87496032,17.35063492,207.8055873,450.7525868,47.07740741,23.20061905
2025-08-12 12:45:00+00:00,597.8010333,187.021746,24.05722789,577.0751852,279.8564768,23.695,17.6,213.0847884,512.0436376,45.89619048,23.31708995
2025-08-12 13:00:00+00:00,595.7047172,188.5381415,23.96502268,561.1838203,255.4629383,23.7,17.55571429,217.9154725,402.0610119,44.66732269,23.51723053
2025-08-12 13:15:00+00:00,556.8500472,187.8547379,23.94177778,569.9285046,232.8007691,23.76450794,17.15333333,222.1590337,324.29766,43.39041414,22.65041414
2025-08-12 13:30:00+00:00,536.2975904,186.8057497,24.07115646,539.3431976,205.0772451,23.72234921,16.82619048,227.004791,340.5992995,41.73896825,22.62092593
2025-08-12 13:45:00+00:00,523.1375,193.6496599,24.0547619,520.9059972,183.7905265,23.7597619,16.57232143,231.3857336,254.8643786,40.0418893,22.68720522
2025-08-12 14:00:00+00:00,517.2459804,90.78126017,24.05918367,509.0412339,93.9013805,23.70777778,14.47265306,235.1658838,216.6478468,38.45207407,22.71318182
2025-08-12 14:15:00+00:00,515.1159721,63.56398046,24.13809524,503.8048414,64.49388741,23.8,14.81595238,239.2365201,258.5137958,36.57776475,23.32423219
2025-08-12 14:30:00+00:00,514.1555521,63.72747234,24.2,498.6070047,63.20117016,23.82857143,18.1,243.1883201,302.0966658,34.63952381,23.60033228
2025-08-12 14:45:00+00:00,512.0388199,63.13081066,24.21964286,495.5768398,63.4669279,23.9,16.11410256,246.9299405,246.1759886,32.64630952,23.13075824
2025-08-12 15:00:00+00:00,512.0590253,63.40232804,24.28,492.6132712,63.97262655,23.93333333,17.38666667,250.3971481,263.0819847,30.70861905,22.78675344
2025-08-12 15:15:00+00:00,511.7908802,63.68095128,24.27605556,490.725562,63.94787879,23.91888889,17.82222222,253.8954639,155.659863,28.61724026,23.22788889
2025-08-12 15:30:00+00:00,509.3766667,63.19537037,24.29571429,487.9221691,63.95,23.9,17.53666667,257.4465,112.8545621,26.43492063,22.56877778
2025-08-12 15:45:00+00:00,505.9731887,62.86822949,24.29821429,486.8372397,62.91280664,23.9,17.05952381,260.5892517,105.000614,24.40619048,22.09598328
2025-08-12 16:00:00+00:00,505.7170513,64.41998169,24.23055556,484.9837681,64.34105841,23.88380952,16.40994898,263.7287222,105.5466268,22.32222222,21.66407011
2025-08-12 16:15:00+00:00,502.503574,63.58930976,24.2,483.515469,63.08741847,23.804,16.16888889,266.9617949,82.74998121,20.11920228,21.14971683
2025-08-12 16:30:00+00:00,500.9265873,63.23479199,24.2,481.9362899,64.04365079,23.8,16.57032967,270.0008645,57.87812832,17.9956746,21.22710317
2025-08-12 16:45:00+00:00,499.9454964,62.3349939,24.18,480.2990639,62.22481637,23.8,17.15111111,273.118754,44.52328855,15.84250794,21.49838889
2025-08-12 17:00:00+00:00,499.1421795,63.45127095,24.1,479.8194525,64.05229842,23.72666667,17.225,276.2177011,42.97043074,13.66326455,21.80180769
2025-08-12 17:15:00+00:00,503.2158888,63.25486652,24.04357143,480.1058267,63.76895715,23.7,17.13897959,279.1927508,37.07672329,11.54648148,21.77101758
2025-08-12 17:30:00+00:00,502.0359617,62.51264212,24.02820513,480.4974868,63.60066138,23.7,16.99230769,282.2161111,27.78316379,9.455959596,21.39054113
2025-08-12 17:45:00+00:00,498.4888889,63.44285714,24.0,479.7453811,63.73063086,23.7,16.9,284.949886,19.24873915,7.561370962,21.5207296
2025-08-12 18:00:00+00:00,496.7447552,63.88356162,24.0,479.0580952,63.43927875,23.63333333,16.71555556,288.2346111,10.57513616,5.287055556,21.20258201
2025-08-12 18:15:00+00:00,495.9559949,63.62843407,23.9547619,478.5323864,63.71022727,23.6,16.87714286,291.3486735,6.025156926,3.209268708,20.83167517
2025-08-12 18:30:00+00:00,495.6865468,62.69643875,23.9,478.4886057,63.83416122,23.6,17.2,294.3322037,3.360828571,1.300833333,20.3702963
2025-08-12 18:45:00+00:00,495.0373539,63.51565176,23.86,477.3139194,62.97890541,23.53866667,17.13846154,297.445873,1.497339848,-0.590714286,20.314
2025-08-12 19:00:00+00:00,494.4432789,11.8630303,23.8,476.1245907,10.70047619,23.5,17.22261905,300.5856409,0.289675975,-2.469388167,19.98185269
2025-08-12 19:15:00+00:00,494.5204649,0.0,23.8,476.8835034,0.0,23.5,18.10350733,303.7104762,0.013025767,-4.251003401,19.8095068
2025-08-12 19:30:00+00:00,492.8781858,0.0,23.8,476.4404762,0.0,23.5,18.71547619,306.9702116,0.0,-6.032380952,19.91309524
2025-08-12 19:45:00+00:00,492.2461354,0.0,23.8,476.5288604,0.0,23.5,18.79037698,310.205544,0.0,-7.726916306,20.02222222
2025-08-12 20:00:00+00:00,491.9916667,0.0,23.8,477.1455649,0.0,23.47642857,18.49857143,313.5153486,0.0,-9.356377551,19.97834694
2025-08-12 20:15:00+00:00,491.8762698,0.0,23.73333333,477.0075885,0.0,23.4,18.27333333,316.7349921,0.0,-10.82306878,19.69248677
2025-08-12 20:30:00+00:00,490.9673985,0.0,23.7,475.5282297,0.0,23.4,18.10666667,320.3123704,0.0,-12.33183333,19.42295238
2025-08-12 20:45:00+00:00,490.7378304,0.0,23.7,475.4931546,0.0,23.4,18.1,323.686225,0.0,-13.62794949,19.44036822
2025-08-12 21:00:00+00:00,489.0842373,121.2047619,23.61607143,475.7430127,111.4202381,23.39285714,18.86428571,327.2609524,0.0,-14.85,19.31816327
2025-08-12 21:15:00+00:00,498.5028198,172.2539947,23.37166667,481.6415079,166.3819785,23.3,19.84,330.7345952,0.0,-15.92952381,19.0895
2025-08-12 21:30:00+00:00,507.3524587,171.989935,23.3,491.075698,166.0733218,23.25333333,19.96977778,334.4781515,0.0,-16.98223232,19.118
2025-08-12 21:45:00+00:00,512.3795218,169.4813779,23.3,496.6030075,165.7965294,23.2,19.9,337.88651,0.0,-17.80992349,18.90178571
2025-08-12 22:00:00+00:00,514.7083333,258.7907407,23.17572222,499.3379156,246.2684584,23.14571429,19.82727273,341.8825783,0.0,-18.57619577,19.0174402
2025-08-12 22:15:00+00:00,515.8644865,313.151567,23.07777778,500.1132661,314.3008678,23.02666667,19.7,345.4828571,0.0,-19.19656085,18.90159259
2025-08-12 22:30:00+00:00,515.2310887,311.9334921,22.93333333,500.398963,314.7268309,22.91101852,19.63571429,349.5212593,0.0,-19.71755556,18.846
2025-08-12 22:45:00+00:00,515.4027713,311.5590659,22.83571429,501.1035229,316.4933032,22.84285714,19.5375,353.1670833,0.0,-20.02607143,18.92309524
2025-08-12 23:00:00+00:00,515.8812403,312.7015945,22.74666667,502.8801871,317.3471265,22.75511111,19.5,356.9155556,0.0,-20.22,18.77333333
2025-08-12 23:15:00+00:00,517.8183781,310.5319048,22.66666667,502.6042764,316.9766321,22.69185185,19.39625397,96.82118519,0.0,-20.3,18.62666667
2025-08-12 23:30:00+00:00,518.7503401,314.3642857,22.6,503.4424271,312.5864503,22.6,19.27142857,4.706493507,0.0,-20.18571429,18.48571429
2025-08-12 23:45:00+00:00,518.720564,317.1661086,22.52888889,502.9487302,313.7847046,22.6,19.13904762,8.327919192,0.0,-19.97690909,18.30883838
2025-08-13 00:00:00+00:00,517.9540369,316.470202,22.46263736,503.1220359,315.7243491,22.55535714,18.87538462,12.31236869,0.0,-19.57880952,18.04253968
2025-08-13 00:15:00+00:00,516.5687123,317.7765099,22.40666667,502.1178345,313.1620282,22.50666667,18.8,16.41702646,0.0,-19.01633333,18.33221905
2025-08-13 00:30:00+00:00,515.8485422,316.0328798,22.3452381,500.2202381,314.3363422,22.42857143,18.76794872,20.10740363,0.0,-18.37954649,18.22098413
2025-08-13 00:45:00+00:00,515.0384617,317.0508772,22.3,499.808565,312.9813087,22.4,18.62666667,23.33978063,0.0,-17.67947386,18.59895081
2025-08-13 01:00:00+00:00,514.7501037,318.0960062,22.3,499.6870078,312.9341279,22.34,18.56977778,27.48585017,0.0,-16.63631938,18.51070722
2025-08-13 01:15:00+00:00,517.2966359,315.5309524,22.23076923,500.8489305,311.7868227,22.3,18.36153846,31.06,0.0,-15.61142857,18.17177551
2025-08-13 01:30:00+00:00,518.9258903,317.260575,22.2,503.1844375,314.2337192,22.27261905,18.23288462,34.48331853,0.0,-14.48587566,17.73092711
2025-08-13 01:45:00+00:00,521.3299211,317.7377392,22.11555556,505.2254669,313.9524097,22.27,18.1,38.15338624,0.0,-13.15198413,17.57027646
2025-08-13 02:00:00+00:00,520.7884257,316.3048461,22.04533333,504.7071246,314.7843771,22.15305556,17.98809524,41.56231685,0.0,-11.803663,17.43769801
2025-08-13 02:15:00+00:00,520.973356,315.344668,22.0,504.3043525,318.6125643,22.1,17.78045788,44.93757035,0.0,-10.33046846,17.4
2025-08-13 02:30:00+00:00,524.5097556,319.4212169,22.0,513.0021649,313.9884984,22.10166667,17.85333333,48.25874603,0.0,-8.783777778,17.33111111
2025-08-13 02:45:00+00:00,531.9192424,315.2631481,22.0,518.6539394,315.972096,22.1,17.67,51.54314815,0.0,-7.138582011,17.52342929
2025-08-13 03:00:00+00:00,522.9137541,118.2701852,22.22143991,510.5104454,134.4688478,22.10119048,17.53624717,54.549884,0.002231117,-5.534858059,17.82397915
2025-08-13 03:15:00+00:00,520.1298124,60.98715414,22.47757576,505.7031489,65.97309942,22.27435897,16.6220202,57.81298413,0.332616374,-3.720010582,18.1363088
2025-08-13 03:30:00+00:00,518.1669138,60.70909523,22.6,503.1958333,66.20595497,22.3,16.95760847,60.88949219,1.569429706,-1.934951334,18.19555556
2025-08-13 03:45:00+00:00,517.3163636,61.1652944,22.6,502.2297861,65.71715729,22.37666667,17.10409524,64.02952381,4.770223789,-0.032777778,18.22919048
2025-08-13 04:00:00+00:00,517.2786303,60.75172454,22.6,501.0,65.99286751,22.4,16.66923077,67.26951729,11.53630318,1.95127551,17.94932967
2025-08-13 04:15:00+00:00,516.8638632,60.77861953,22.6,501.1161551,66.3054097,22.4,16.99361905,70.23733333,29.93368338,3.950166667,18.26285185
2025-08-13 04:30:00+00:00,516.4134335,60.71365456,22.516,500.0932795,65.99844524,22.4,17.2,73.36712289,57.0973835,6.033913309,18.427493
2025-08-13 04:45:00+00:00,516.8957362,61.72519841,22.56666667,500.6437558,66.24128253,22.4,17.27714286,76.34080924,88.75739665,8.033035714,18.58862812
2025-08-13 05:00:00+00:00,520.2071264,61.58517217,22.65,510.8654302,66.37873013,22.26968254,17.24888889,79.1791342,112.4126305,9.991191919,18.72907359
2025-08-13 05:15:00+00:00,535.7277467,59.89038836,22.7295,531.769189,65.89136512,22.511,17.12666667,82.26450599,148.8613866,12.18086088,19.09338985
2025-08-13 05:30:00+00:00,548.5544366,61.3661924,22.76828231,546.8039368,65.43620974,22.5627551,17.22974359,85.00961233,185.0372178,14.08601668,19.67027214
2025-08-13 05:45:00+00:00,572.9178003,60.21697811,22.91742929,569.6156669,65.99335511,22.66473016,17.55416667,88.47949939,223.8340691,16.52059524,20.3289304
2025-08-13 06:00:00+00:00,604.5970983,60.63062678,22.97752381,607.4100378,65.62492518,22.80314286,17.43333333,91.64234921,228.2542849,18.69265344,20.64280556
2025-08-13 06:15:00+00:00,623.6601691,60.22203008,23.30266667,633.4814703,65.77236618,22.92190476,17.36533333,94.7422138,312.973713,20.82025253,20.77288248
2025-08-13 06:30:00+00:00,661.6811884,60.37603648,23.35829932,667.2791017,66.08784422,23.15246599,17.18928571,97.82673521,333.2106665,22.89974335,21.13942594
2025-08-13 06:45:00+00:00,669.31856,60.77835498,23.38904762,681.6272958,66.48319865,23.30592593,17.16428571,101.2879894,338.2362225,25.14404762,21.34387302
2025-08-13 07:00:00+00:00,676.1023761,60.56591348,23.52307692,668.2680467,65.67623414,23.48666667,17.08076923,104.4895238,388.9092027,27.13731746,21.78568254
2025-08-13 07:15:00+00:00,679.3761905,60.41077672,23.65666667,693.9548163,65.20327731,23.45238095,17.28214286,107.9527296,415.7974021,29.25013736,22.28044218
2025-08-13 07:30:00+00:00,682.4564484,60.47884921,23.71285714,690.6965939,65.47064285,23.45477778,17.4,111.4086667,410.751926,31.20650794,22.45090714
2025-08-13 07:45:00+00:00,709.422037,60.73716931,23.71607143,701.2675774,66.26896415,23.62666667,17.38928571,115.1851111,399.3904717,33.30333333,22.73071429
2025-08-13 08:00:00+00:00,707.3484023,60.47916667,23.96607143,712.8900904,66.56492532,23.55960498,17.11428571,118.8219137,472.1123669,35.1756552,22.96175061
2025-08-13 08:15:00+00:00,710.7673443,60.99918785,23.91918519,681.1454164,66.68736601,23.56659933,17.16507937,122.5727999,526.4165325,36.96958778,23.21021356
2025-08-13 08:30:00+00:00,714.7831665,65.01190236,24.04666667,652.8845431,66.31622726,23.6,17.36,126.3365476,531.3510022,38.6075,23.46075
2025-08-13 08:45:00+00:00,697.5938434,70.78342694,24.06377778,638.3524535,67.15055989,23.615,17.36,130.7057778,571.2531689,40.39107407,23.69607407
2025-08-13 09:00:00+00:00,689.1493506,76.55,23.97857143,652.1883117,67.1987013,23.68035714,17.23783447,134.9703624,590.3429688,41.9542402,24.05324964
2025-08-13 09:15:00+00:00,666.4624339,77.92233766,24.04944444,645.0367024,66.62912526,23.65777778,17.23,139.2866667,607.4672172,43.39985185,24.39581481
2025-08-13 09:30:00+00:00,656.4781124,91.80732323,24.2,607.5135608,63.03473545,23.60380952,17.21428571,144.623619,626.9498293,44.90952381,24.51291667
2025-08-13 09:45:00+00:00,658.7826899,105.0591837,24.04461538,594.4054008,62.56030904,23.6,17.26153846,149.3751654,641.271332,46.0603794,24.73181895
2025-08-13 10:00:00+00:00,639.1553858,110.9675094,24.08755556,573.2450672,63.12834706,23.6,16.72577778,154.3923801,654.7934798,47.09615385,25.12333333
2025-08-13 10:15:00+00:00,614.2296078,120.0350936,24.1,570.0474359,64.26923077,23.63333333,16.53444444,159.7473545,665.2296649,47.96486772,25.40751852
2025-08-13 10:30:00+00:00,601.9452182,121.7723388,23.98214286,621.2115447,63.22737531,23.84588095,17.02055556,165.1213889,673.7055118,48.64234921,25.65387778
2025-08-13 10:45:00+00:00,600.3512363,128.4344414,24.04821429,608.1662852,64.11075417,24.00612245,16.99642857,170.4943991,680.952285,49.13573696,25.59517007
2025-08-13 11:00:00+00:00,596.2910111,130.1822344,24.07055556,622.2550273,63.61928338,24.02666667,17.16,175.8356926,682.1517824,49.36121212,25.98018182
2025-08-13 11:15:00+00:00,589.1913818,140.9318998,24.08088889,634.2624217,63.11624097,23.83587302,17.09855556,181.5620476,683.3462188,49.45333333,25.89790476
2025-08-13 11:30:00+00:00,585.2832632,144.2438776,24.05420635,614.6383391,63.61476765,24.04837302,17.03616071,186.7428571,684.5658354,49.32053571,25.51607143
2025-08-13 11:45:00+00:00,588.6956546,152.2368306,24.16060606,593.9648878,68.02370437,23.99582418,17.30909091,191.863895,682.2689593,48.99457875,25.30719955
2025-08-13 12:00:00+00:00,591.7742296,162.8236402,23.96615385,583.3651822,66.79327485,23.92980769,17.13214286,198.3039103,676.5051229,48.31538462,25.61942308
2025-08-13 12:15:00+00:00,610.1603363,157.2446368,24.03433333,577.7844444,60.72892695,23.907,17.22666667,203.058881,669.4380941,47.63522222,25.35700794
2025-08-13 12:30:00+00:00,601.9529478,162.3465368,24.00857143,572.277826,62.2085515,23.94285714,17.73076923,208.0665986,658.9460509,46.69714286,25.54767301
2025-08-13 12:45:00+00:00,593.0076714,165.0299486,23.96457143,559.5063918,62.03971596,23.91,18.46222222,212.8558413,648.9620386,45.67942857,25.41626667
2025-08-13 13:00:00+00:00,587.8774004,165.5987906,23.9952963,552.9731284,61.62772553,24.0,16.56044444,217.8665556,633.4575703,44.34988695,25.80078871
2025-08-13 13:15:00+00:00,575.5251443,170.164072,24.01904762,541.1328611,62.39588745,24.0,15.92307692,222.5078231,616.904939,42.95408163,25.5772449
2025-08-13 13:30:00+00:00,563.5173734,175.7046405,23.9952381,532.9643127,61.62637258,24.04666667,16.02666667,226.4674206,600.9255367,41.58079004,25.78198533
2025-08-13 13:45:00+00:00,553.3562262,177.5220635,24.09783163,526.5774134,70.97167847,24.11333333,16.27142857,230.917569,583.1539805,39.92430303,25.33722458
2025-08-13 14:00:00+00:00,529.4280913,78.45591896,24.115,519.0088145,62.8622395,24.20444444,14.62380952,234.8320731,558.7243147,38.26266667,25.06395142
2025-08-13 14:15:00+00:00,521.3561152,62.41107867,24.19230769,512.5876443,62.4283967,24.35714286,15.8,239.2729255,531.4430701,36.25284014,25.07283163
2025-08-13 14:30:00+00:00,520.1589286,67.59269841,24.25833333,506.5282181,66.26323491,24.51555556,17.88988095,243.0055556,505.9831531,34.39592593,24.98649735
2025-08-13 14:45:00+00:00,512.580715,65.02048822,24.3875,500.9831746,62.72960077,24.67793651,16.66273016,246.8072566,477.3091233,32.36339418,24.34265404
2025-08-13 15:00:00+00:00,508.747449,62.65367965,24.4,495.8937848,61.94184982,24.85714286,17.56142857,250.0285714,448.6471104,30.52928571,23.98154762
2025-08-13 15:15:00+00:00,505.3356051,62.1007931,24.5,491.6300216,62.28151215,25.03606349,18.21,253.4341667,417.2897674,28.53685185,23.99824074
2025-08-13 15:30:00+00:00,502.2478535,61.76355459,24.53777778,489.5451316,63.02686181,25.22920635,17.56844444,257.1751852,381.4387279,26.21930159,24.0820381
2025-08-13 15:45:00+00:00,499.2103771,63.25586735,24.6,486.8966387,66.88695883,25.35357143,17.07261905,260.3335789,346.9506147,24.21520563,24.42704762
2025-08-13 16:00:00+00:00,497.1459279,62.14443003,24.65540016,484.2508205,65.90214021,25.52153846,16.74353535,263.4727213,311.0827851,22.13809524,24.03804762
2025-08-13 16:15:00+00:00,495.4962302,61.63448635,24.7,481.8806835,66.69525858,25.582,16.30714286,266.654,274.9880422,19.95733333,24.388
2025-08-13 16:30:00+00:00,494.4552357,61.77524217,24.77948718,480.3059933,66.95274972,25.6702381,16.48214286,269.7962828,237.1134718,17.7797619,24.35006734
2025-08-13 16:45:00+00:00,492.8945108,60.86662716,24.8,480.51073,66.715892,25.6,16.97946429,273.0158998,198.6158385,15.54909555,24.40115777
2025-08-13 17:00:00+00:00,491.8701282,62.05607143,24.80555556,478.1330214,66.32960735,25.61888889,17.28819048,275.9379141,163.917551,13.49292929,24.47925926
2025-08-13 17:15:00+00:00,490.6857521,61.91003418,24.9,477.5345591,66.20796464,25.51772391,16.96810101,278.7438626,132.9841173,11.53101893,24.179758
2025-08-13 17:30:00+00:00,490.3598973,61.53028644,24.83538462,477.4879267,66.598986,25.4584127,16.69222999,281.8530588,103.069142,9.316627451,24.00746685
2025-08-13 17:45:00+00:00,489.7834339,61.67050066,24.8,476.3830808,67.06036774,25.31785714,16.75,285.03812,70.85856258,7.139016698,23.25550216
2025-08-13 18:00:00+00:00,488.114188,61.65257705,24.8,475.742746,67.2054067,25.19904762,16.65297619,288.2252381,36.53024028,4.976952381,22.97857143
2025-08-13 18:15:00+00:00,489.9596154,61.675,24.7,475.7527407,66.69755556,25.01577778,16.73452381,291.2373485,14.57309625,2.973949495,22.18295727
2025-08-13 18:30:00+00:00,488.3188901,61.66923701,24.6575,476.230315,66.55746693,24.80441558,16.88993056,294.283648,5.866939371,0.952764914,21.45032096
2025-08-13 18:45:00+00:00,489.7619811,61.28983405,24.6,476.1802413,66.78775146,24.76351515,16.825,297.0940409,2.702104954,-0.689425926,21.27719423
2025-08-13 19:00:00+00:00,489.4112879,15.6956229,24.57888889,474.5274356,17.63157895,24.7,16.99733333,300.4910794,0.648935819,-2.760063492,21.2807619
2025-08-13 19:15:00+00:00,488.7858302,0.0,24.5,474.533341,0.0,24.61333333,17.65714286,303.6363305,0.045894106,-4.575596256,21.09831284
2025-08-13 19:30:00+00:00,487.7009503,0.0,24.5,474.9083952,0.0,24.6,18.11770833,306.8561519,0.0,-6.35162415,21.35220663
2025-08-13 19:45:00+00:00,488.1325926,0.0,24.43333333,473.657734,0.0,24.52857143,18.16666667,310.0178803,0.0,-8.001538462,21.52148718
2025-08-13 20:00:00+00:00,486.0515152,0.0,24.4,472.6964798,0.0,24.48666667,17.92190476,313.3987057,0.0,-9.647252747,21.24619048
2025-08-13 20:15:00+00:00,485.6142623,0.0,24.4,472.6585336,0.0,24.4,17.8,316.7217744,0.0,-11.1539229,21.1
2025-08-13 20:30:00+00:00,485.6348419,0.0,24.4,471.032892,0.0,24.35333333,17.84285714,319.9356614,0.0,-12.51828571,21.16001001
2025-08-13 20:45:00+00:00,484.4166117,0.0,24.332,471.4968681,0.0,24.3,18.01244444,323.5657376,0.0,-13.91817893,21.07485631
2025-08-13 21:00:00+00:00,483.10281,106.6692816,24.12488889,470.6502005,98.53919192,24.21333333,19.55188889,327.2179107,0.0,-15.17132784,20.92461905
2025-08-13 21:15:00+00:00,495.155428,171.3816523,23.72857143,474.7556852,166.5472423,24.08571429,21.30769231,330.7017262,0.0,-16.26454082,20.76341837
2025-08-13 21:30:00+00:00,501.6151852,170.8383165,23.56666667,482.2435698,171.3473999,24.0,21.14055556,334.4630899,0.0,-17.3022619,20.51799919
2025-08-13 21:45:00+00:00,505.4989061,170.7823687,23.5,489.0919431,168.1839375,23.91333333,20.9,338.1173882,0.0,-18.17590043,20.3710101
2025-08-13 22:00:00+00:00,508.342113,289.7254804,23.40749206,493.1768172,291.1939815,23.75111111,20.68259788,341.8360794,0.0,-18.94193651,20.2790754
2025-08-13 22:15:00+00:00,509.5244777,316.0135025,23.3,496.053318,315.0499029,23.61054945,20.36363636,345.7053146,0.0,-19.54957483,20.02516234
2025-08-13 22:30:00+00:00,510.4515331,319.7488882,23.22307692,496.7151742,314.9832965,23.54,20.14615385,349.3427138,0.0,-20.00005291,19.94533333
2025-08-13 22:45:00+00:00,510.6176471,320.322619,23.1,495.8035088,317.2165317,23.46285714,20.00714286,353.2410714,0.0,-20.35714286,19.72785714
2025-08-13 23:00:00+00:00,510.1489118,318.9509579,22.99285714,495.56358,316.6893817,23.35918367,19.82857143,357.0371119,0.0,-20.54569597,19.70238095
2025-08-13 23:15:00+00:00,509.0348,317.9321836,22.89333333,494.8178064,312.5806113,23.3,19.8,120.9032698,0.0,-20.6,19.69960979
2025-08-13 23:30:00+00:00,508.3055219,318.4880471,22.80266667,494.2782828,312.3801732,23.22266667,19.8,4.739954546,0.0,-20.48924242,19.73833394
2025-08-13 23:45:00+00:00,508.5447911,316.5264021,22.76,492.8624931,317.0311078,23.16,19.71333333,8.819333333,0.0,-20.27266667,19.68571429
2025-08-14 00:00:00+00:00,509.6507096,318.1434343,22.7,493.3564396,317.3333102,23.03857143,19.6,12.46896259,0.0,-19.87461735,19.53265306
2025-08-14 00:15:00+00:00,509.8874362,315.6986131,22.61597222,494.0805068,315.3876647,23.02666667,19.6,16.29776912,0.0,-19.33333333,19.34066667
2025-08-14 00:30:00+00:00,510.3125009,314.9715045,22.6,494.6560589,310.7294357,22.90555556,19.6,20.03235786,0.0,-18.67912458,19.19853333
2025-08-14 00:45:00+00:00,509.8243642,316.4886028,22.57769231,494.1740485,313.4377434,22.9,19.54615385,23.94389322,0.0,-17.86034151,19.32271362
2025-08-14 01:00:00+00:00,511.6830832,317.3916585,22.52307692,495.495175,314.1265992,22.88345238,19.34974359,27.46480737,0.0,-16.96664606,19.36326531
2025-08-14 01:15:00+00:00,511.506185,317.7579726,22.5,495.6358904,315.3685497,22.80142857,19.3,31.04402646,0.0,-15.93362434,19.29280423
2025-08-14 01:30:00+00:00,511.8615063,317.1288229,22.47222222,496.4083008,311.6217133,22.8,19.154,34.72368289,0.0,-14.74302381,19.1104186
2025-08-14 01:45:00+00:00,514.3885535,317.1469817,22.41833333,498.6863756,315.3287462,22.8,18.904,38.26613757,0.0,-13.45312698,18.95604618
2025-08-14 02:00:00+00:00,515.857256,315.5417059,22.35595238,500.7341879,315.707812,22.73095238,18.69818182,41.62769661,0.0,-12.10102041,18.57745907
2025-08-14 02:15:00+00:00,517.2603377,313.4432011,22.37259259,503.109261,312.9036738,22.7,18.52666667,45.15740236,0.0,-10.5735,18.46474242
2025-08-14 02:30:00+00:00,520.0156639,320.9159742,22.34232804,513.1893316,318.2326473,22.6443545,18.57777778,48.12444444,0.0,-9.197777778,18.727
2025-08-14 02:45:00+00:00,529.3206239,315.6805556,22.47142857,513.0658447,318.4297868,22.7,18.6,51.83089947,0.0,-7.362222222,18.80935053
2025-08-14 03:00:00+00:00,522.0378921,33.30025343,22.60663265,506.8670212,33.83535046,22.70714286,18.6,54.74011905,0.0,-5.812976191,19.06880102
2025-08-14 03:15:00+00:00,517.8646349,65.91059272,22.9,502.3377048,67.06165845,22.8,17.06288889,57.98159861,0.187181654,-3.983943963,19.45133333
2025-08-14 03:30:00+00:00,516.1604419,65.81488329,22.9,500.1788283,66.45880674,22.83166667,16.74266667,60.98878788,0.98303266,-2.225454546,19.53727273
2025-08-14 03:45:00+00:00,515.0587291,65.74415584,22.9,498.7499841,66.81954887,22.80285714,17.21785714,64.42787415,3.093298382,-0.161020408,19.58571429
2025-08-14 04:00:00+00:00,513.236834,65.54386724,22.9,497.2781197,66.93905288,22.87333333,16.81333333,67.19773545,7.853988889,1.561608466,19.695
2025-08-14 04:15:00+00:00,512.5897922,65.82448107,22.9,496.7406085,66.14713544,22.82444444,16.89285714,70.53690741,17.43919145,3.725203704,19.91815909
2025-08-14 04:30:00+00:00,510.6922549,65.74367521,22.9,496.4306349,66.33793651,22.83005556,17.41538462,73.62169048,27.38416801,5.792039683,19.99430952
2025-08-14 04:45:00+00:00,520.0481052,65.9055363,22.89272959,504.6340925,67.38103037,22.78658782,17.65558673,76.52872485,27.95325467,7.792638017,20.00428571
2025-08-14 05:00:00+00:00,524.9964855,66.32937964,22.99423077,517.0206387,66.89785375,22.82666667,17.2035409,79.43491919,34.42486026,9.760444444,20.04672222
2025-08-14 05:15:00+00:00,530.1043145,65.97054002,22.97380952,519.6023117,67.30522514,22.93237607,17.07519481,82.43765799,42.88397485,11.90520605,20.16637702
2025-08-14 05:30:00+00:00,539.9296439,65.56818274,23.06857143,540.1122126,67.19400673,23.06,17.03571429,85.76318182,55.2130311,14.2625,20.20883333
2025-08-14 05:45:00+00:00,565.0223665,66.07480159,23.16153846,563.5303324,67.11950031,23.28857143,17.22692308,88.59649531,69.79288124,16.25753711,20.26680014
2025-08-14 06:00:00+00:00,581.807355,65.80530303,23.364,584.8543408,67.19678211,23.38968254,17.50377778,90.93333333,78.32292347,17.88,20.43333333
2025-08-14 06:15:00+00:00,617.5815067,65.49720907,23.45204082,621.137716,67.93293651,23.56932828,17.22321429,95.02165529,96.3979997,20.63444733,20.59611111
2025-08-14 06:30:00+00:00,657.736598,63.8924812,23.53730159,672.0508836,65.99171351,23.69423077,17.22,98.34644689,125.0740719,22.85612698,20.82787051
2025-08-14 06:45:00+00:00,681.4025455,65.30119048,23.56666667,692.7926119,66.25531267,23.59107143,17.28181818,101.4767857,147.8395088,24.87619048,21.25125
2025-08-14 07:00:00+00:00,678.4445893,65.45603656,23.54555556,697.7080381,66.95824206,23.74016667,17.38533333,104.7097619,177.4351686,26.94677249,21.94867725
2025-08-14 07:15:00+00:00,694.7252814,65.52082011,23.75416667,683.0542539,67.1400147,23.89104377,17.22142857,108.3280303,211.3255447,29.11357624,22.50955556
2025-08-14 07:30:00+00:00,718.2772055,65.3898781,23.82038462,718.1473394,66.08683037,24.0,16.95384615,111.6026361,322.492998,31.00342158,22.85044218
2025-08-14 07:45:00+00:00,728.547598,66.48241314,24.12866667,709.9374406,66.69639582,23.97942857,17.12857143,115.2227407,400.6077081,32.95614815,23.41118519
2025-08-14 08:00:00+00:00,725.4981041,74.10029101,24.15666667,710.0772874,66.66414788,23.99285714,17.31428571,118.9929365,485.0849304,34.89053968,24.0428171
2025-08-14 08:15:00+00:00,712.6580656,82.41769481,24.21679365,709.4983868,66.76364956,23.97731624,17.37653061,122.6102222,504.395099,36.60399267,24.27585185
2025-08-14 08:30:00+00:00,705.2303005,108.9664532,24.24081633,686.8973002,69.17840136,24.15285714,17.28809524,126.8162302,528.4366854,38.48968254,24.38416667
2025-08-14 08:45:00+00:00,685.3433959,126.3871724,24.17664835,670.270063,85.16823717,24.2,17.27923077,130.9737037,552.0619885,40.17214286,24.44899048
2025-08-14 09:00:00+00:00,690.8248922,143.1326618,24.18818519,688.674454,104.7359046,24.23362963,17.417,135.4582239,550.6439818,41.81581818,24.85044995
2025-08-14 09:15:00+00:00,676.7056243,162.7351852,24.17789116,691.6724615,133.8801684,24.25714286,17.28469388,140.2831598,621.5715704,43.35445615,24.96147131
2025-08-14 09:30:00+00:00,646.1755497,177.9305195,24.27142857,636.3297085,151.9900395,24.17857143,17.14285714,144.7072619,469.4937428,44.59345238,25.08015873
2025-08-14 09:45:00+00:00,620.6779772,198.3174659,24.17233333,594.5110047,162.5622924,24.06206349,17.25888889,149.2871732,456.0587822,45.73192208,24.62251092
2025-08-14 10:00:00+00:00,622.1737457,205.5857757,24.004,631.188088,166.4134793,24.16566667,16.88433333,154.6462045,445.1504128,46.8220098,24.84147066
2025-08-14 10:15:00+00:00,626.4555205,216.1789591,24.16033333,668.606811,190.006483,24.36361111,16.8,160.0030952,446.5065853,47.68582011,24.97968783
2025-08-14 10:30:00+00:00,621.9077929,235.4956088,24.18214286,688.8719046,225.9518107,24.38412698,16.53663004,165.2782483,478.7555475,48.35254174,24.9509881
2025-08-14 10:45:00+00:00,619.1219205,241.6107943,23.90555556,665.3808378,258.2051395,24.35333333,16.47333333,170.3507123,441.4951982,48.78861953,24.60307692
2025-08-14 11:00:00+00:00,629.8710915,236.7808735,24.00722222,649.1852973,288.5987556,24.26222222,16.86711905,175.7127076,680.6770474,49.06666667,24.92034127
2025-08-14 11:15:00+00:00,625.0986095,231.2707029,23.95825926,644.2149177,308.0785341,24.3,16.90742857,181.5278954,404.0005394,49.1,24.82235897
2025-08-14 11:30:00+00:00,633.7466863,229.2705865,24.06944444,643.9027021,311.5716741,24.12035714,16.93035714,186.7367489,605.8385975,48.99196429,24.81439451
2025-08-14 11:45:00+00:00,665.1588039,254.590176,24.35133333,621.9649448,315.4369638,24.06566667,17.25777778,192.3865005,522.6489614,48.63318881,24.43735297
2025-08-14 12:00:00+00:00,669.6821883,284.3099782,24.31833333,672.6009759,315.6936317,24.14666667,18.05,197.5712169,660.015135,48.09606638,24.55684863
2025-08-14 12:15:00+00:00,637.6522862,307.5429025,24.08843537,676.703191,308.0863388,24.31016484,17.7245671,202.748482,674.9196423,47.36880657,24.80861525
2025-08-14 12:30:00+00:00,623.1039413,314.7248312,24.00066667,660.1017355,317.0090188,24.27674603,16.41180952,207.7629699,662.8788776,46.44425278,24.48873016
2025-08-14 12:45:00+00:00,605.1262959,295.7379729,23.74866667,652.3353218,318.4194401,24.32833333,16.02142857,213.0285,627.9794188,45.2982037,24.81868889
2025-08-14 13:00:00+00:00,599.9970707,268.2491582,23.65444444,629.9211852,315.0767776,24.335,16.3,217.7799603,316.3894535,44.04583333,24.74914286
2025-08-14 13:15:00+00:00,589.0851032,233.7519994,23.6,616.0636517,317.9017514,24.19285714,16.75230769,221.0547619,277.519122,43.03,24.46293651
2025-08-14 13:30:00+00:00,603.4366192,200.0759259,23.59644444,611.969003,316.9242291,23.95650794,16.83444444,226.6855051,225.5943835,41.18723144,23.64706061
2025-08-14 13:45:00+00:00,595.9309124,175.5849471,23.78685714,593.3458894,308.7941848,23.92190476,17.05047619,231.1706349,250.5467921,39.45609524,23.28978355
2025-08-14 14:00:00+00:00,579.6883398,157.0890524,23.76733333,575.3703704,289.7849567,23.79466667,16.95333333,235.2827778,156.2225664,37.71492063,23.79938624
2025-08-14 14:15:00+00:00,561.6951118,136.9246289,23.74761905,544.0468137,276.5476616,23.80714286,16.6,239.1102659,114.341427,35.95350959,23.643473
2025-08-14 14:30:00+00:00,551.0548545,122.3370635,23.84666667,527.4506813,257.8480367,23.8,16.78222222,242.8024444,119.4285761,34.15711111,23.43832063
2025-08-14 14:45:00+00:00,540.4443528,110.8361528,23.94615385,517.506848,240.6125644,23.8,16.93032967,246.3420317,128.9294386,32.23953824,23.5035
2025-08-14 15:00:00+00:00,543.7003707,79.36275427,24.03280045,516.0094217,116.8111756,23.8,15.3309949,249.9673049,138.0270737,30.18937285,23.15053877
2025-08-14 15:15:00+00:00,544.4357344,63.77152616,24.18074074,517.9065159,66.49560261,23.88666667,15.14074074,253.4963653,103.5850694,28.10212963,23.049
2025-08-14 15:30:00+00:00,538.8750819,63.22778974,24.2,516.2304078,66.82040781,23.83031746,17.815,256.9916667,85.67095706,25.97238095,22.92072222
2025-08-14 15:45:00+00:00,534.8138047,63.38126362,24.2,512.9994855,66.83483983,23.81444444,17.39222222,260.1911722,104.3423586,23.91344444,22.95152742
2025-08-14 16:00:00+00:00,528.9550795,63.82728175,24.2,509.2206298,66.57381014,23.9,17.81428571,263.4397059,111.3498113,21.76218603,23.03061224
2025-08-14 16:15:00+00:00,521.8555556,63.02525253,24.2,505.9942424,66.57696008,23.9,17.07190476,266.5643485,122.0583142,19.61873737,23.184
2025-08-14 16:30:00+00:00,516.2175016,62.81164021,24.15466667,501.0307672,65.97641074,23.80942761,17.06944444,269.7618243,87.36536869,17.43083189,23.009
2025-08-14 16:45:00+00:00,511.5484271,63.71128483,24.1,497.5440456,67.03173877,23.8,16.79642857,272.899287,79.25063416,15.21982323,22.71425397
2025-08-14 17:00:00+00:00,509.7047848,63.66356679,24.1,493.719995,66.57483663,23.82333333,16.31875,275.8714038,87.38859065,13.15143579,22.6396578
2025-08-14 17:15:00+00:00,507.3159356,63.02279727,24.14666667,490.6312699,66.12764424,23.92666667,16.61444444,278.542963,111.1552904,11.27597884,22.96531667
2025-08-14 17:30:00+00:00,505.0314596,63.59470289,24.2,488.3797687,66.29665281,23.9,16.97692308,282.1074921,60.38195369,8.803333333,22.836
2025-08-14 17:45:00+00:00,502.8383626,63.82906162,24.12142857,485.7497614,67.28533792,23.9,16.92142857,284.9398812,41.17282636,6.793472738,22.69392866
2025-08-14 18:00:00+00:00,501.1560198,63.44990287,24.1,484.0299209,67.72169275,23.85869048,16.82088889,287.8436724,27.53770737,4.833555556,22.23950387
2025-08-14 18:15:00+00:00,499.3370596,62.90582751,24.08666667,482.646056,67.05920815,23.8,16.78857143,291.0643675,14.1943182,2.688055556,22.08502646
2025-08-14 18:30:00+00:00,498.318447,63.77288933,24.0,481.952381,66.76571787,23.72,17.10297619,294.0884048,6.617444017,0.737164021,21.8665119
2025-08-14 18:45:00+00:00,496.6518463,63.51708953,23.91538462,480.6736525,66.35795719,23.7,17.23384615,297.2718446,2.410073225,-1.174771181,21.77142857
2025-08-14 19:00:00+00:00,495.8575517,6.191919192,23.91166667,479.7979798,10.85104895,23.7,17.18666667,300.3442354,0.527697617,-3.021388889,21.30887963
2025-08-14 19:15:00+00:00,496.5935478,0.0,23.955,478.5602564,0.0,23.68155556,18.264,303.3838721,0.040475863,-4.778611111,21.13173064
2025-08-14 19:30:00+00:00,496.5480586,0.0,23.90493506,479.2327267,0.0,23.6,18.81537879,306.6352814,0.0,-6.583690476,21.16561791
2025-08-14 19:45:00+00:00,495.6311049,0.0,23.9,479.4900136,0.0,23.6,19.34,309.9264418,0.0,-8.304761905,21.00194444
2025-08-14 20:00:00+00:00,495.4907407,0.0,23.9,479.4055682,0.0,23.6,19.68746032,313.0939972,0.0,-9.838703704,20.94765598
2025-08-14 20:15:00+00:00,494.9120435,0.0,23.84666667,478.1589663,0.0,23.6,19.97408163,316.6670608,0.0,-11.45657407,20.82945713
2025-08-14 20:30:00+00:00,493.8642857,0.0,23.8,477.167328,0.0,23.5875,20.17417582,320.1265306,0.0,-12.9264881,20.74957908
2025-08-14 20:45:00+00:00,492.1690624,0.0,23.8,476.6384077,0.0,23.5,20.3602381,323.4880952,0.0,-14.22518398,20.61407407
2025-08-14 21:00:00+00:00,491.7902024,122.7401267,23.604329,475.5746946,111.5475421,23.5,20.55151515,327.2067937,0.0,-15.50860317,20.46444444
2025-08-14 21:15:00+00:00,494.1984628,171.3365476,23.5,477.1913072,167.6635524,23.5,21.4968254,330.7035556,0.0,-16.58211111,20.43340326
2025-08-14 21:30:00+00:00,497.3623439,169.9514456,23.5,481.439412,164.9268418,23.44285714,21.47142857,334.2901701,0.0,-17.56865079,20.30446429
2025-08-14 21:45:00+00:00,499.1457298,172.7169704,23.40533333,483.9423848,167.0280219,23.4,21.4,337.9463169,0.0,-18.45829726,20.16369608
2025-08-14 22:00:00+00:00,501.0448896,263.2481366,23.33333333,484.0505958,265.8376678,23.39222222,21.32666667,341.8384048,0.0,-19.21025397,20.60914113
2025-08-14 22:15:00+00:00,502.8289452,316.6520254,23.27507326,486.4836484,316.187311,23.37692308,21.14748169,345.6803989,0.0,-19.85272727,20.77643707
2025-08-14 22:30:00+00:00,502.2533333,315.1463203,23.2,487.2866935,321.7469324,23.3,20.95833333,349.4939841,0.0,-20.32907407,20.72866667
2025-08-14 22:45:00+00:00,502.5071637,310.6602085,23.2,487.4862938,319.4652294,23.3,20.90714286,353.3442532,0.0,-20.66536797,20.92774026
2025-08-14 23:00:00+00:00,502.1158573,260.3286772,23.16388889,486.9671841,272.9036482,23.24177778,20.9,357.1074411,0.0,-20.87111111,20.90753333
2025-08-14 23:15:00+00:00,502.0539683,284.7231947,23.1,486.8798186,281.4087166,23.2,20.82142857,77.88286713,0.0,-20.9,20.60003711
2025-08-14 23:30:00+00:00,502.7368663,312.114526,23.1,487.3622058,305.2619857,23.2,20.80533333,4.758166667,0.0,-20.7912381,20.90603915
2025-08-14 23:45:00+00:00,502.2745811,296.7289262,23.08615385,485.7660131,274.3176949,23.1525641,20.85897436,8.88991342,0.0,-20.56952381,20.75589683
2025-08-15 00:00:00+00:00,501.7126817,259.0443223,23.0,486.6864794,252.3943369,23.1,20.68184524,12.14506803,0.0,-20.20787982,20.89159921
2025-08-15 00:15:00+00:00,501.2077249,279.7187871,23.05575397,487.1012278,298.2168415,23.1,20.53928571,16.25607672,0.0,-19.66533333,20.68107011
2025-08-15 00:30:00+00:00,501.92061,290.7165998,22.91333333,486.6939436,310.7643856,23.08422106,20.49101852,20.15121286,0.0,-18.9913549,20.68649853
2025-08-15 00:45:00+00:00,501.4394375,316.4386436,22.90444444,486.4901462,318.1096358,23.005,20.43333333,24.07598124,0.0,-18.13365079,20.554
2025-08-15 01:00:00+00:00,501.9461735,326.7774936,22.97,486.5379322,327.9980099,23.0,20.35,27.7618893,0.0,-17.20982993,20.55583063
2025-08-15 01:15:00+00:00,501.2825802,285.6434432,22.90769231,486.969697,287.6143579,23.0,20.46923077,31.30279365,0.0,-16.1752381,20.61606878
2025-08-15 01:30:00+00:00,501.595,291.0392755,22.8,486.2170352,287.584711,23.0,20.50666667,34.89488889,0.0,-15.00515873,20.5995746
2025-08-15 01:45:00+00:00,501.5292364,294.699638,22.80666667,485.3254286,306.9685759,22.94670899,20.55333333,38.53038961,0.0,-13.69022511,20.64134848
2025-08-15 02:00:00+00:00,500.6673753,311.6834049,22.83979592,486.4343765,314.133757,22.96632653,20.5,41.75665838,0.0,-12.38436791,20.5262919
2025-08-15 02:15:00+00:00,502.9866729,275.2540598,22.83,485.8336842,277.9035692,22.9,20.5,45.23778571,0.0,-10.89382011,20.54425397
2025-08-15 02:30:00+00:00,505.7439316,281.052684,22.89,493.0171536,273.577355,22.97916667,20.47333333,48.64924339,0.0,-9.288034392,20.48031217
2025-08-15 02:45:00+00:00,514.2504806,336.0182932,22.93571429,500.0882834,335.1522397,23.0,20.4,51.94364899,0.0,-7.647487631,20.45440631
2025-08-15 03:00:00+00:00,511.7959524,86.60820106,23.04933333,494.6253589,90.11473684,23.0,20.30933333,55.16709957,0.0,-5.920519481,19.70406407
2025-08-15 03:15:00+00:00,505.3176987,65.98632275,23.3,488.8074747,66.14067585,23.09710317,18.31444444,58.19099134,0.117064381,-4.209571429,20.53620741
2025-08-15 03:30:00+00:00,505.2167729,66.18432192,23.23333333,489.9642706,65.42832021,23.06444444,17.56222222,61.36494444,0.929186083,-2.334888889,20.77301825
2025-08-15 03:45:00+00:00,503.3471861,66.69883678,23.23846154,486.7589125,65.71288076,23.1,17.7003663,64.63539013,2.985790944,-0.370833333,21.12035461
2025-08-15 04:00:00+00:00,502.125117,65.85069292,23.18544444,484.4358333,65.29497605,23.1,17.09153439,67.55905983,6.483853704,1.414444444,21.52054457
2025-08-15 04:15:00+00:00,500.130016,65.35853973,23.10611111,483.4489646,65.41812268,23.1,16.76555556,70.54020635,14.10362302,3.383746846,19.98799023
2025-08-15 04:30:00+00:00,498.6931638,65.46677489,23.1,482.39003,65.69843392,23.07857143,16.8045068,73.74206349,26.84728831,5.526938776,19.37486735
2025-08-15 04:45:00+00:00,498.0846482,65.77342105,23.1,481.7453709,65.63266794,23.04711905,16.73009524,76.65105361,50.98362937,7.467047619,19.73354561
2025-08-15 05:00:00+00:00,496.8815919,65.55498576,23.13333333,481.5081233,65.33475725,23.1,16.89166667,79.83263468,78.35465129,9.726730159,19.69487446
2025-08-15 05:15:00+00:00,498.3272559,65.40579125,23.272,488.7341101,66.10076239,23.05422222,17.0,82.89588889,111.4410905,11.85333333,19.75055556
2025-08-15 05:30:00+00:00,499.2897367,65.74003768,23.2047619,491.5770143,65.87034355,23.1,17.20972222,85.94517007,96.67413281,13.97698413,19.98142857
2025-08-15 05:45:00+00:00,503.0794872,65.04010434,23.29230769,493.9141026,64.71630453,23.13846154,17.3,88.87211538,105.9087717,16.02884615,19.94474359
2025-08-15 06:00:00+00:00,512.6009259,65.61444444,23.31714286,506.261453,65.11849068,23.17459524,17.3,92.06855556,175.4628922,18.25016667,20.1147619
2025-08-15 06:15:00+00:00,515.8370874,65.51792269,23.47142857,522.0392648,64.43209048,23.33533163,17.26627551,95.15075397,190.7177715,20.35263631,20.4747449
2025-08-15 06:30:00+00:00,529.4449563,65.43293651,23.51385522,534.691102,66.00065574,23.4,17.17085714,98.00420106,243.9444759,22.24053968,20.90500031
2025-08-15 06:45:00+00:00,551.3770485,65.54229161,23.63333333,553.3588062,65.0400676,23.5,17.24701299,102.0624242,269.9424391,24.90877345,21.97666667
2025-08-15 07:00:00+00:00,556.3559951,64.91328042,23.64285714,563.3983081,65.56696128,23.44711111,17.39166667,105.1149899,321.0749117,26.796,22.52261905
2025-08-15 07:15:00+00:00,559.7216772,65.72525391,23.65769231,560.3406911,66.14589008,23.58305861,17.4,108.3666435,348.8169532,28.72235235,23.1809949
2025-08-15 07:30:00+00:00,565.9608598,65.27915344,23.70666667,558.3087591,65.98755981,23.58,17.43846154,112.0005556,381.6358107,30.81733333,23.73333333
2025-08-15 07:45:00+00:00,572.264398,65.62228327,23.83407407,566.5384742,67.33033228,23.50847619,17.52342857,115.3069365,412.1116793,32.64390378,24.29927619
2025-08-15 08:00:00+00:00,580.2911556,65.85269397,23.73733333,561.0254304,67.54653028,23.59333333,17.74266667,119.381881,436.0616865,34.74343122,24.95250132
2025-08-15 08:15:00+00:00,579.3195517,67.28857561,23.93142857,564.7168122,68.58487583,23.6,17.87666667,123.1224097,468.327257,36.51025641,25.82181633
2025-08-15 08:30:00+00:00,590.0689919,66.87167134,24.0,555.2564216,67.57638803,23.67333333,17.93076923,127.1963055,499.805359,38.29896134,26.11979678
2025-08-15 08:45:00+00:00,586.6474405,68.63760684,24.0,553.2054235,62.12393162,23.7,16.78833333,131.3938009,532.4492667,39.99881602,26.45941351
2025-08-15 09:00:00+00:00,579.5874535,68.53611515,24.02755102,552.3846512,62.67494997,23.7,16.48755102,135.5897109,518.6636692,41.4969246,26.85242107
2025-08-15 09:15:00+00:00,572.9023964,69.0039558,24.08238095,547.4297425,62.25346182,23.7,16.38287037,139.7990683,556.0129014,42.86714286,27.0039707
2025-08-15 09:30:00+00:00,565.9345165,73.31722566,24.038,542.912944,62.10663596,23.70266667,16.36933333,145.0756469,604.0735077,44.35619913,27.1313929
2025-08-15 09:45:00+00:00,562.8539819,75.24643098,24.03733333,539.193758,62.2901507,23.7247619,16.28666667,150.0073329,617.2170759,45.55683333,27.65083333
2025-08-15 10:00:00+00:00,563.4195312,73.09835752,24.07232143,535.4735402,61.88153165,23.71428571,16.62142857,154.7299189,646.1667411,46.50900052,27.45888017
2025-08-15 10:15:00+00:00,562.0993843,83.36537037,24.1,531.0023569,60.94283892,23.77955556,16.99833333,160.0128333,555.5031811,47.38083333,27.02054202
2025-08-15 10:30:00+00:00,556.9333953,88.96150794,24.05866667,528.0646407,61.70158634,23.63166667,16.83444444,165.5420712,568.193122,48.06342857,26.64735931
2025-08-15 10:45:00+00:00,555.2716728,96.1845805,24.1,528.1567939,61.77589597,23.68571429,16.82,170.3637363,698.216961,48.46063492,26.68805556
2025-08-15 11:00:00+00:00,554.1526126,107.0052813,24.05333333,523.5117191,62.56840197,23.78666667,17.57259259,175.6740324,739.5549245,48.75333333,26.8710897
2025-08-15 11:15:00+00:00,553.2924323,111.485726,24.1,521.373122,62.69166548,23.8,17.33809524,181.6442511,381.7445428,48.8,26.48407576
2025-08-15 11:30:00+00:00,547.298267,123.2436364,24.1,520.9940003,61.46420715,23.8,16.93760684,186.8247196,660.685233,48.67862108,25.81888075
2025-08-15 11:45:00+00:00,544.8225962,128.275095,24.1,524.7115363,61.72790725,23.8,16.6969697,192.1878827,382.4240677,48.32383787,25.40035508
2025-08-15 12:00:00+00:00,540.4545507,136.4493957,24.09333333,525.0504836,61.53820086,23.8,16.92777778,196.3158333,382.0125873,47.89411765,25.10965152
2025-08-15 12:15:00+00:00,538.5194841,139.4661823,24.08,523.4669007,61.71694253,23.89333333,17.26,202.9472778,705.7040491,47.01668831,24.45574003
2025-08-15 12:30:00+00:00,536.5248268,150.3353809,24.0762963,523.5134138,60.52689083,23.94,16.67388889,208.1874259,556.1536791,46.03983333,24.46999471
2025-08-15 12:45:00+00:00,534.7222493,154.6236742,24.1,518.0041611,61.16840005,23.93794785,16.03107143,212.7724672,676.9444774,45.03714012,24.35607601
2025-08-15 13:00:00+00:00,528.6806306,160.4600421,24.07163265,512.7888095,61.30332852,24.0,16.32857143,217.556627,609.8813682,43.75116911,24.40107937
2025-08-15 13:15:00+00:00,523.1959829,168.5888889,24.06666667,508.3392558,61.03409307,24.0,16.80666667,222.2583333,454.5069959,42.34047619,24.52837963
2025-08-15 13:30:00+00:00,517.8198206,179.5209117,24.06153846,504.7796907,60.98904221,24.0006993,16.98128205,226.6870238,337.9163652,40.82672336,23.79824242
2025-08-15 13:45:00+00:00,512.5300753,183.8083905,24.071,499.6291261,65.93968633,24.1,17.24,230.9379329,542.3228524,39.19109524,23.95793506
2025-08-15 14:00:00+00:00,508.1355787,35.34666667,24.03333333,493.6553713,11.03965368,24.20977778,17.32857143,234.691746,474.8023464,37.6265873,24.05683598
2025-08-15 14:15:00+00:00,507.3241581,0.0,24.19833333,491.3901543,0.0,24.36133333,17.64574603,238.9921549,481.0495508,35.64619529,24.27717172
2025-08-15 14:30:00+00:00,507.6956633,0.0,24.30564103,491.2350031,0.0,24.54081633,18.37307692,242.6757171,498.1946752,33.82788265,24.46744104
2025-08-15 14:45:00+00:00,507.3116126,0.0,24.41511111,492.1132345,0.0,24.66917749,18.736,246.2933333,465.3639242,31.91455556,24.52857143
2025-08-15 15:00:00+00:00,506.2507665,0.0,24.4,491.60041,0.0,24.79698413,18.995,249.8483333,266.3022535,29.9236746,24.38920106
2025-08-15 15:15:00+00:00,506.4516266,0.0,24.4,490.6721042,0.0,24.7,19.1,253.450202,202.0808524,27.78539971,24.19833333
2025-08-15 15:30:00+00:00,506.9459617,0.0,24.46857143,491.4287957,0.0,24.76714286,19.11666667,256.8013567,274.0797211,25.69330808,24.20412472
2025-08-15 15:45:00+00:00,506.912963,0.0,24.59155556,491.3730758,0.0,25.02977778,19.29333333,259.7495798,325.5145901,23.81916667,24.60044444
2025-08-15 16:00:00+00:00,506.5713533,0.0,24.68,490.1296675,0.0,25.29634921,19.38533333,263.2234613,293.3353394,21.50583069,24.50667143
2025-08-15 16:15:00+00:00,504.9017908,0.0,24.79230769,489.3072196,0.0,25.44285714,19.45769231,266.4553427,252.5424754,19.34260771,24.45635227
2025-08-15 16:30:00+00:00,505.3651178,0.0,24.88666667,489.6632431,0.0,25.57980952,19.5,269.4906984,217.3349122,17.25684982,24.31257143
2025-08-15 16:45:00+00:00,504.1859005,0.0,24.9,490.251074,0.0,25.52,19.59142857,272.6762003,183.141572,15.01238384,24.09202035
2025-08-15 17:00:00+00:00,503.4863979,0.0,25.0,487.8678363,0.0,25.5,20.272,275.5734982,146.6651566,12.97669969,23.29087979
2025-08-15 17:15:00+00:00,502.2439909,0.0,25.0,487.5440964,0.0,25.5127551,20.8,278.6352946,115.3791742,10.82271825,22.64504295
2025-08-15 17:30:00+00:00,502.4241484,0.0,25.0,486.7100233,0.0,25.34666667,20.83111111,281.7525794,86.93725932,8.684293651,22.2546746
2025-08-15 17:45:00+00:00,500.961253,0.0,25.0,485.889764,0.0,25.36751804,21.048,284.7702564,61.11342522,6.543636364,21.75429231
2025-08-15 18:00:00+00:00,500.522768,0.0,24.95904762,486.5901073,0.0,25.23888889,21.18111111,287.9352381,33.22016983,4.362476191,21.37353968
2025-08-15 18:15:00+00:00,499.1846528,0.0,24.9,485.4013175,0.0,25.11329365,20.93571429,290.8532208,13.91711386,2.422990581,21.08112245
2025-08-15 18:30:00+00:00,499.3472435,0.0,24.83333333,484.3361347,0.0,25.02571429,20.78855556,293.9172194,5.109098861,0.496823954,20.7744031
2025-08-15 18:45:00+00:00,498.6622751,0.0,24.76,484.3008858,0.0,24.84666667,20.7,297.1192002,1.587053053,-1.445143819,20.53815385
2025-08-15 19:00:00+00:00,497.4717425,0.0,24.7,483.2625761,0.0,24.8,20.7,300.1689116,0.294455782,-3.297959184,20.35
2025-08-15 19:15:00+00:00,497.0690409,0.0,24.66,482.5344223,0.0,24.70333333,20.78133333,303.3498555,0.003210702,-5.117196785,20.15158836
2025-08-15 19:30:00+00:00,496.6988889,0.0,24.6,481.0805128,0.0,24.61333333,20.8,306.6342526,0.0,-6.940875661,19.95916005
2025-08-15 19:45:00+00:00,494.0704213,0.0,24.6,480.6944623,0.0,24.59555556,20.8,309.4157672,0.0,-8.414708995,19.74340741
2025-08-15 20:00:00+00:00,494.1146378,0.0,24.59846154,480.0234236,0.0,24.50178571,20.8,312.8373887,0.0,-10.08849206,19.59444589
2025-08-15 20:15:00+00:00,482.6711269,0.0,24.5,478.6275125,0.0,24.43939394,20.82666667,316.3740657,0.0,-11.65550505,19.38235931
2025-08-15 20:30:00+00:00,476.9424006,0.0,24.44361111,478.252825,0.0,24.4,21.0,320.0217613,0.0,-13.24003053,19.15577778
2025-08-15 20:45:00+00:00,477.303771,0.0,24.4,476.4944444,0.0,24.37666667,20.97142857,323.6091819,0.0,-14.58862739,18.98360582
2025-08-15 21:00:00+00:00,476.5113739,0.0,24.4,476.4609503,0.0,24.3,20.68928571,326.9446429,0.0,-15.75464286,18.75459184
2025-08-15 21:15:00+00:00,475.168261,0.0,24.34666667,474.0256397,0.0,24.21938776,20.42142857,330.6807302,0.0,-16.89266667,18.54899495
2025-08-15 21:30:00+00:00,475.772963,0.0,24.3,474.1880693,0.0,24.2,20.18,334.3219683,0.0,-17.90294505,18.33244709
2025-08-15 21:45:00+00:00,474.5907809,0.0,24.3,473.0951365,0.0,24.10822511,19.96433333,338.1253268,0.0,-18.7921764,17.99003593
2025-08-15 22:00:00+00:00,473.8844835,0.0,24.23979592,471.7856019,0.0,24.1,19.8125,341.7828373,0.0,-19.56051587,17.78642857
2025-08-15 22:15:00+00:00,473.0498359,0.0,24.2,470.7564409,0.0,24.03333333,19.66833333,345.6043939,0.0,-20.17455988,17.57893922
2025-08-15 22:30:00+00:00,471.23173,0.0,24.16428571,470.0930323,0.0,24.0,19.5044898,349.0595,0.0,-20.59228571,17.35542857
2025-08-15 22:45:00+00:00,471.7023036,0.0,24.1,469.7829544,0.0,23.99809524,19.33466667,353.3365803,0.0,-20.96488165,17.14384127
2025-08-15 23:00:00+00:00,470.0506141,0.0,24.1,468.3950232,0.0,23.9,19.21428571,357.1414853,0.0,-21.17142857,16.95674603
2025-08-15 23:15:00+00:00,468.9881703,0.0,24.1,467.8888706,0.0,23.9,19.04666667,73.18659933,0.0,-21.2,16.74804714
2025-08-15 23:30:00+00:00,467.9717177,0.0,24.04666667,467.7005628,0.0,23.868,18.85,4.959865079,0.0,-21.11199023,16.54526471
2025-08-15 23:45:00+00:00,467.7665816,0.0,24.0,466.0,0.0,23.8,18.64761905,8.975838051,0.0,-20.8659127,16.45968559
2025-08-16 00:00:00+00:00,466.3582852,0.0,24.0,466.1,0.0,23.8,18.35916667,12.66519913,0.0,-20.48761905,16.444
2025-08-16 00:15:00+00:00,465.1795872,0.0,23.99333333,463.7487885,0.0,23.8,18.11166667,16.64240079,0.0,-19.91435185,16.25933333
2025-08-16 00:30:00+00:00,463.8162461,0.0,23.9,464.2531202,0.0,23.72666667,17.91333333,20.46474074,0.0,-19.24580471,16.11662857
2025-08-16 00:45:00+00:00,463.8254205,0.0,23.9,462.8219828,0.0,23.7,17.85714286,24.05669218,0.0,-18.48138528,15.88198413
2025-08-16 01:00:00+00:00,463.3295198,0.0,23.83073016,462.0215307,0.0,23.64333333,17.72888889,27.69503247,0.0,-17.55940741,15.7538
2025-08-16 01:15:00+00:00,461.9553686,0.0,23.8,461.5303385,0.0,23.6,17.56555556,31.30481169,0.0,-16.49708689,15.6096967
2025-08-16 01:30:00+00:00,461.338303,0.0,23.8,459.9408806,0.0,23.6,17.40266667,34.83372222,0.0,-15.36444444,15.406
2025-08-16 01:45:00+00:00,460.9671712,0.0,23.8,459.495865,0.0,23.6,17.24,38.38678772,0.0,-14.08627084,15.29605586
2025-08-16 02:00:00+00:00,459.1564286,0.0,23.7,458.5047619,0.0,23.6,17.2,41.86844276,0.0,-12.69771886,15.06257407
2025-08-16 02:15:00+00:00,458.4797308,0.0,23.7,457.7885058,0.0,23.53238095,17.14,45.40349267,0.0,-11.14024359,14.8636
2025-08-16 02:30:00+00:00,456.5440544,0.0,23.7,456.6839127,0.0,23.5,17.04714286,48.64405262,0.0,-9.620472689,14.79738804
2025-08-16 02:45:00+00:00,455.5199098,0.0,23.7,456.5122125,0.0,23.5,17.0,51.743,0.0,-8.058424242,14.72924483
2025-08-16 03:00:00+00:00,456.4068084,0.0,23.7,455.0471335,0.0,23.5,16.96,54.92004497,0.0,-6.417015392,14.609
2025-08-16 03:15:00+00:00,455.2405639,0.0,23.65809524,454.2029101,0.0,23.5,16.88914286,58.40028571,0.082525253,-4.465492064,14.6322963
2025-08-16 03:30:00+00:00,454.3053533,0.0,23.6,453.9153668,0.0,23.42142857,16.79285714,61.70682016,1.008744268,-2.530091734,14.7
2025-08-16 03:45:00+00:00,453.6127468,0.0,23.6,452.6932939,0.0,23.4,16.7,64.72362292,3.003279614,-0.662174603,14.72649832
2025-08-16 04:00:00+00:00,453.3871821,0.0,23.6,452.2436772,0.0,23.4,16.68698413,67.8875557,7.557806453,1.232470653,14.73706171
2025-08-16 04:15:00+00:00,452.6114815,0.0,23.6,450.6526088,0.0,23.4,16.6,70.92638889,15.24134374,3.227611111,14.7
2025-08-16 04:30:00+00:00,451.055529,0.0,23.6,450.7598214,0.0,23.38809524,16.5,74.02222092,24.10572537,5.286327031,14.70138799
2025-08-16 04:45:00+00:00,451.1552286,0.0,23.6,450.3406973,0.0,23.30453846,16.5,76.81335185,32.99444986,7.250449735,14.74466667
2025-08-16 05:00:00+00:00,450.0785805,0.0,23.6,448.6332633,0.0,23.3,16.5,79.91196248,46.02127531,9.392798942,14.88367222
2025-08-16 05:15:00+00:00,448.8253296,0.0,23.6,447.9302703,0.0,23.3,16.41428571,82.98720625,70.62921237,11.53216991,14.97511735
2025-08-16 05:30:00+00:00,447.2292036,0.0,23.6,446.6677056,0.0,23.3,16.4,86.12537037,111.9575283,13.72957672,15.31492063
2025-08-16 05:45:00+00:00,447.5998316,0.0,23.6,446.5538098,0.0,23.3,16.4,89.09828042,91.83603617,15.81616667,15.41484259
2025-08-16 06:00:00+00:00,445.778722,0.0,23.6,445.9536341,0.0,23.34666667,16.4,92.41949254,122.4424833,18.09311111,15.45334199
2025-08-16 06:15:00+00:00,446.5602041,0.0,23.6,444.8267649,0.0,23.4,16.4,95.49146259,142.4366509,20.17986395,15.64564286
2025-08-16 06:30:00+00:00,444.7620697,0.0,23.63571429,444.0464286,0.0,23.4,16.42520833,98.53308369,317.6455936,22.20167629,15.99857564
2025-08-16 06:45:00+00:00,443.1892043,0.0,23.7,444.6353606,0.0,23.4,16.5,101.7453532,317.5889548,24.29311754,16.54571001
2025-08-16 07:00:00+00:00,443.1685606,0.0,23.7,444.5436873,0.0,23.4,16.5,105.0464646,160.4236346,26.40174242,16.78916667
2025-08-16 07:15:00+00:00,442.4268773,0.0,23.7,443.8566485,0.0,23.4244898,16.56153846,108.8032581,266.9838124,28.639312,16.84842764
2025-08-16 07:30:00+00:00,441.556675,0.0,23.74,442.4931282,0.0,23.5,16.68137755,112.1521818,352.0905838,30.55861111,17.21084219
2025-08-16 07:45:00+00:00,440.3303473,0.0,23.8,442.0399043,0.0,23.5,16.80755556,115.8,467.7243694,32.53583333,17.88233333
2025-08-16 08:00:00+00:00,440.3965787,0.0,23.8,440.3690476,0.0,23.5,16.97193878,119.5695833,473.9190754,34.45990646,18.35815278
2025-08-16 08:15:00+00:00,439.9532462,0.0,23.8,438.9514918,0.0,23.5,17.14133333,123.4143915,532.6817069,36.2967381,18.76972222
2025-08-16 08:30:00+00:00,439.9787792,0.0,23.80857143,438.4862833,0.0,23.59333333,17.2787038,126.6786633,516.281172,37.68717991,18.79125675
2025-08-16 08:45:00+00:00,438.1695893,0.0,23.9,438.6593179,0.0,23.6,17.43752381,131.7352646,340.3907685,39.76167989,19.3469037
2025-08-16 09:00:00+00:00,438.0142857,0.0,23.9,437.840281,0.0,23.6,17.65994898,135.9618507,524.2833479,41.30043956,19.34285261
2025-08-16 09:15:00+00:00,437.5705088,0.0,23.9,438.3556013,0.0,23.6,17.85874644,140.4857641,640.9512437,42.70974359,19.27395238
2025-08-16 09:30:00+00:00,437.2680952,0.0,23.9,437.0536715,0.0,23.6,18.062,145.1193376,648.5856906,44.03604701,19.36982906
2025-08-16 09:45:00+00:00,437.1960767,0.0,23.9,435.9776105,0.0,23.64761251,18.23087868,149.0695134,658.9243893,44.98627396,19.66449577
2025-08-16 10:00:00+00:00,437.172707,0.0,23.93333333,435.3147823,0.0,23.7,18.548,154.9707143,685.164459,46.23166667,19.58479365
2025-08-16 10:15:00+00:00,438.4771429,0.0,24.0,435.3693358,0.0,23.7,18.70166667,159.8215873,670.6842394,47.03907407,19.57460926
2025-08-16 10:30:00+00:00,438.0762761,0.0,24.0,435.6867087,0.0,23.7,18.9,165.5248409,689.2013771,47.75502157,19.79413478
2025-08-16 10:45:00+00:00,438.1982018,0.0,24.0,436.532967,0.0,23.7,19.05,170.83259,686.0680735,48.17426304,20.04890873
2025-08-16 11:00:00+00:00,437.5760792,0.0,24.0,435.7896132,0.0,23.78083333,19.11333333,176.0009444,689.7875996,48.44722222,20.17953846
2025-08-16 11:15:00+00:00,437.5061282,0.0,24.01428571,434.8550108,0.0,23.8,19.24285714,181.5263889,695.3485313,48.5,20.43665242
2025-08-16 11:30:00+00:00,437.330442,0.0,24.1,435.0217216,0.0,23.8,19.30192308,187.1689825,694.4689785,48.35284848,20.40875835
2025-08-16 11:45:00+00:00,437.7746129,0.0,24.1,436.0780582,0.0,23.8,19.475,192.2541758,695.9199716,48.01008242,20.33073479
2025-08-16 12:00:00+00:00,436.1694829,0.0,24.1,434.0924876,0.0,23.8,19.69230769,197.9560281,678.889382,47.42642857,20.35157236
2025-08-16 12:15:00+00:00,435.5544122,0.0,24.14380952,434.7703321,0.0,23.84380952,19.94533333,202.6899471,650.4087892,46.72412698,20.432
2025-08-16 12:30:00+00:00,436.3671744,0.0,24.2,434.2819874,0.0,23.9025,20.17911111,207.7726429,675.8079169,45.79980952,20.6003
2025-08-16 12:45:00+00:00,436.023966,0.0,24.25,434.6301162,0.0,24.0,20.50079365,212.613991,648.28694,44.72783163,20.40478251
2025-08-16 13:00:00+00:00,435.3886395,0.0,24.3,435.7994336,0.0,24.05980952,20.77166667,217.3324701,629.1192554,43.47401709,20.18255758
2025-08-16 13:15:00+00:00,435.6876664,0.0,24.32656085,434.9722927,0.0,24.17166667,21.02883333,221.4010212,629.2198076,42.2577037,20.40795556
2025-08-16 13:30:00+00:00,435.8044065,0.0,24.4,435.0484577,0.0,24.32285714,21.27857143,226.2863719,584.004737,40.62293651,20.36068027
2025-08-16 13:45:00+00:00,435.7575412,0.0,24.41538462,434.1764705,0.0,24.47766667,21.3,230.3995202,568.5451127,39.04808081,20.44888788
2025-08-16 14:00:00+00:00,435.9333333,0.0,24.50333333,434.6017557,0.0,24.635,21.40761905,234.8306899,558.7475747,37.1973545,20.46477566
2025-08-16 14:15:00+00:00,436.2548884,0.0,24.6,434.0655457,0.0,24.75416667,21.56704762,238.9519048,488.5928781,35.31234728,20.42207407
2025-08-16 14:30:00+00:00,434.6743073,0.0,24.64142857,433.7584292,0.0,24.91428571,21.6,242.4423758,444.8443755,33.59391442,20.36666905
2025-08-16 14:45:00+00:00,435.1856579,0.0,24.73333333,434.2912458,0.0,25.06079365,21.6,246.2460606,466.8037656,31.5700303,20.30739394
2025-08-16 15:00:00+00:00,433.869131,0.0,24.82814815,433.7586532,0.0,25.22740741,21.72603175,249.8554894,420.0117276,29.53777778,20.13053723
2025-08-16 15:15:00+00:00,433.0073203,0.0,24.9,434.4296296,0.0,25.36952381,21.84615385,253.4414744,338.7184237,27.41868132,20.04624359
2025-08-16 15:30:00+00:00,434.0588635,0.0,24.95,434.4730075,0.0,25.4,21.62857143,256.5333622,285.7983233,25.49318233,20.11668716
2025-08-16 15:45:00+00:00,433.0866995,0.0,25.0,433.934083,0.0,25.48,21.6,259.8445135,290.5188502,23.38163636,19.99352941
2025-08-16 16:00:00+00:00,433.3090391,0.0,25.04133333,432.9977498,0.0,25.5,21.66666667,263.206684,222.0209666,21.15039683,19.89633333
2025-08-16 16:15:00+00:00,432.7710213,0.0,25.1,432.9347782,0.0,25.55714286,21.6,266.2958153,252.0835747,19.0631393,19.84546929
2025-08-16 16:30:00+00:00,432.9377251,0.0,25.1,432.8977434,0.0,25.70297355,21.51037037,269.3214899,259.8694959,16.95683838,19.93245397
2025-08-16 16:45:00+00:00,432.5276094,0.0,25.16428571,433.1682654,0.0,25.64777778,21.53571429,272.3283942,162.3976681,14.85291005,19.75452333
2025-08-16 17:00:00+00:00,432.634151,0.0,25.2,432.6294545,0.0,25.58452381,21.502,275.5301538,127.9219523,12.59283761,19.58301357
2025-08-16 17:15:00+00:00,431.5242605,0.0,25.2,433.6220235,0.0,25.57857143,21.40238095,278.5584524,137.8265567,10.46589286,19.39887529
2025-08-16 17:30:00+00:00,432.6223926,0.0,25.2,432.6344605,0.0,25.5447619,21.4,281.6145,113.510301,8.367,19.4268
2025-08-16 17:45:00+00:00,432.7905408,0.0,25.2,432.529274,0.0,25.56685714,21.34,284.6523148,68.31480749,6.264338624,19.17548148
2025-08-16 18:00:00+00:00,432.3244219,0.0,25.2,433.3265922,0.0,25.44010582,21.24592593,287.7366234,36.51296517,4.204674363,19.04975988
2025-08-16 18:15:00+00:00,431.6622899,0.0,25.1325,433.2648908,0.0,25.24690476,21.2,290.7267283,16.40755056,2.209029066,18.65128736
2025-08-16 18:30:00+00:00,431.6000821,0.0,25.1,433.1114868,0.0,25.24,21.2,293.6820809,6.715447474,0.269616606,18.25960462
2025-08-16 18:45:00+00:00,432.0932323,0.0,25.02666667,432.9422857,0.0,25.11777778,21.1247619,296.9460546,1.769683367,-1.705833333,17.91012069
2025-08-16 19:00:00+00:00,432.4906007,0.0,25.0,433.4605263,0.0,25.02666667,20.99333333,300.1978571,0.265447178,-3.6495,17.6362963
2025-08-16 19:15:00+00:00,432.5049222,0.0,24.90969388,433.3180697,0.0,24.90863095,20.9,303.3183684,0.0,-5.476362289,17.39105042
2025-08-16 19:30:00+00:00,431.2531092,0.0,24.9,432.4415371,0.0,24.82666667,20.77166667,306.4053333,0.0,-7.177333333,17.30104762
2025-08-16 19:45:00+00:00,430.5913013,0.0,24.884,430.744725,0.0,24.8,20.62403968,309.5815983,0.0,-8.803968254,17.12494716
2025-08-16 20:00:00+00:00,430.8652359,0.0,24.79285714,431.7302283,0.0,24.77142857,20.47142857,313.191199,0.0,-10.57976474,16.73492914
2025-08-16 20:15:00+00:00,431.4216597,0.0,24.7,431.3493972,0.0,24.69888889,20.26666667,316.3361111,0.0,-12.03195767,16.48713095
2025-08-16 20:30:00+00:00,431.4727585,0.0,24.7,431.4370264,0.0,24.61263228,20.06732601,319.8961032,0.0,-13.51315945,16.11262395
2025-08-16 20:45:00+00:00,431.4902357,0.0,24.60952381,431.7651506,0.0,24.6,19.91538462,323.5645291,0.0,-14.90210317,15.91696123
2025-08-16 21:00:00+00:00,431.0526949,0.0,24.6,431.1839286,0.0,24.5880102,19.79196429,327.0435285,0.0,-16.11584358,15.938125
2025-08-16 21:15:00+00:00,430.706377,0.0,24.6,429.7646154,0.0,24.5,19.63422222,330.5098595,0.0,-17.19418207,15.83238095
2025-08-16 21:30:00+00:00,431.4523368,0.0,24.53571429,429.5443389,0.0,24.48888889,19.49285714,334.1008087,0.0,-18.18628671,15.63025641
2025-08-16 21:45:00+00:00,429.2147882,0.0,24.5,428.9346874,0.0,24.4,19.32307692,338.0919189,0.0,-19.13724773,15.42543367
2025-08-16 22:00:00+00:00,429.7482028,0.0,24.5,429.5900262,0.0,24.38,19.23333333,341.5676231,0.0,-19.84332275,15.40493161
2025-08-16 22:15:00+00:00,428.7357033,0.0,24.45823129,428.2957407,0.0,24.3,19.11515152,345.6851905,0.0,-20.49057143,15.59372511
2025-08-16 22:30:00+00:00,428.5731103,0.0,24.4,427.3288042,0.0,24.3,18.93,349.1004725,0.0,-20.90261905,15.8805291
2025-08-16 22:45:00+00:00,428.1272811,0.0,24.4,426.8504141,0.0,24.20672269,18.74714286,353.0467971,0.0,-21.27142857,16.14676274
2025-08-16 23:00:00+00:00,427.3411592,0.0,24.4,426.7733333,0.0,24.2,18.592,357.1151667,0.0,-21.49238095,15.80980952
2025-08-16 23:15:00+00:00,426.6644009,0.0,24.375,425.5799721,0.0,24.12311111,18.4625,247.2375549,0.0,-21.5,15.73782984
2025-08-16 23:30:00+00:00,426.3382437,0.0,24.3,425.4537491,0.0,24.1,18.29910714,4.720408163,0.0,-21.43404762,15.39333333
2025-08-16 23:45:00+00:00,426.2272368,0.0,24.3,425.037296,0.0,24.08666667,18.14,8.834722222,0.0,-21.17701058,15.36176455
2025-08-17 00:00:00+00:00,425.3231022,0.0,24.26426455,425.0957257,0.0,24.0,18.06,12.79912698,0.0,-20.77756975,15.39344444
2025-08-17 00:15:00+00:00,424.3308674,0.0,24.2,423.9777626,0.0,24.0,17.93066667,16.64621429,0.0,-20.25024892,15.1986589
2025-08-17 00:30:00+00:00,423.8987103,0.0,24.2,423.7027507,0.0,23.92857143,17.9,20.47069161,0.0,-19.58767857,14.90689873
2025-08-17 00:45:00+00:00,423.6214286,0.0,24.19285714,422.8857143,0.0,23.9,17.77777778,24.18613919,0.0,-18.76820513,14.64133333
2025-08-17 01:00:00+00:00,423.5069117,0.0,24.1,422.7749701,0.0,23.9,17.7,27.95501976,0.0,-17.80175502,14.59861538
2025-08-17 01:15:00+00:00,422.4749084,0.0,24.1,422.1555526,0.0,23.88,17.66666667,31.68263492,0.0,-16.71065873,14.59861364
2025-08-17 01:30:00+00:00,422.4917293,0.0,24.1,421.025974,0.0,23.8,17.53571429,35.16101702,0.0,-15.58977356,14.56198801
2025-08-17 01:45:00+00:00,421.1307692,0.0,24.05833333,421.5737815,0.0,23.8,17.42083333,38.57148019,0.0,-14.35156267,14.26992648
2025-08-17 02:00:00+00:00,420.9876816,0.0,24.0,421.2273205,0.0,23.8,17.37833333,42.088,0.0,-12.92628571,14.1265
2025-08-17 02:15:00+00:00,421.2243639,0.0,24.0,421.0832028,0.0,23.8,17.2547619,45.55688209,0.0,-11.4293424,13.88877551
2025-08-17 02:30:00+00:00,420.5226397,0.0,24.0,420.5966075,0.0,23.8,17.15535714,48.68441198,0.0,-9.959707071,13.87404762
2025-08-17 02:45:00+00:00,419.3812293,0.0,24.0,419.3388889,0.0,23.8,17.02333333,52.23971717,0.0,-8.178282828,13.69724242
2025-08-17 03:00:00+00:00,418.8412779,0.0,24.0,420.0743149,0.0,23.71111111,16.92197802,55.60555171,0.0,-6.392148148,13.47849832
2025-08-17 03:15:00+00:00,418.6569108,0.0,24.0,419.7658318,0.0,23.7,16.73846154,58.72117347,0.102142857,-4.647902494,13.39242347
2025-08-17 03:30:00+00:00,418.8179866,0.0,23.91155556,418.8482348,0.0,23.7,16.67142857,61.81220933,0.931429101,-2.835516354,13.30059644
2025-08-17 03:45:00+00:00,418.5986084,0.0,23.9,418.4362267,0.0,23.7,16.5,64.94759259,4.451591932,-0.892550505,13.18442424
2025-08-17 04:00:00+00:00,418.1595591,0.0,23.9,417.9410304,0.0,23.7,16.38293651,68.09828632,15.01109876,1.045767196,13.3877291
2025-08-17 04:15:00+00:00,417.1441043,0.0,23.9,417.1201108,0.0,23.68022959,16.27857143,71.27886905,34.72330112,3.060884354,13.44438776
2025-08-17 04:30:00+00:00,417.2575912,0.0,23.9,416.2768856,0.0,23.67742857,16.15111111,73.94554978,57.52006713,4.886467533,13.79743463
2025-08-17 04:45:00+00:00,416.9157576,0.0,23.9,416.5974536,0.0,23.68391534,16.015,77.00359259,85.99826051,6.981309524,13.91358333
2025-08-17 05:00:00+00:00,416.6349373,0.0,23.9,415.6324539,0.0,23.7,16.0,80.18408859,115.7314656,9.201315193,14.10005669
2025-08-17 05:15:00+00:00,414.8761253,0.0,23.90111111,414.258467,0.0,23.7,15.99333333,82.99681909,143.4996285,11.13943149,14.42626374
2025-08-17 05:30:00+00:00,415.337037,0.0,24.0,414.0,0.0,23.7,15.9,86.32569048,178.8290068,13.48490212,14.82378519
2025-08-17 05:45:00+00:00,414.8492754,0.0,24.0,414.8703882,0.0,23.7,15.86428571,89.38222222,211.0472592,15.59460317,15.2967619
2025-08-17 06:00:00+00:00,414.4316605,0.0,24.0,414.7260204,0.0,23.7,15.8,92.65277778,244.2716403,17.83988095,15.69581349
2025-08-17 06:15:00+00:00,414.3328283,0.0,24.0,413.8612795,0.0,23.7,15.8,95.70040976,276.8284656,19.93050144,16.23454545
2025-08-17 06:30:00+00:00,414.2077238,0.0,24.07,412.6643925,0.0,23.7,15.89230769,98.91962038,310.0942242,22.0763925,16.81720707
2025-08-17 06:45:00+00:00,413.3714286,0.0,24.1,412.731449,0.0,23.76666667,15.99333333,102.2868519,343.4738891,24.2562963,17.38739394
2025-08-17 07:00:00+00:00,412.97973,0.0,24.1,412.1971956,0.0,23.8,16.09040404,105.1734127,371.6859847,26.05595238,17.84647799
2025-08-17 07:15:00+00:00,413.1783342,0.0,24.1,410.8716667,0.0,23.8,16.20848485,108.6850528,399.3295376,28.14622709,18.08965387
2025-08-17 07:30:00+00:00,413.0237686,0.0,24.1,411.1782409,0.0,23.8,16.275,112.4231818,430.8095,30.31722934,18.6275843
2025-08-17 07:45:00+00:00,412.3594949,0.0,24.1615873,410.9924055,0.0,23.8,16.3,116.1197024,460.2368507,32.35063095,18.81616402
2025-08-17 08:00:00+00:00,412.4699724,0.0,24.2,410.7785977,0.0,23.8,16.3,119.6117857,487.0347598,34.11720238,18.85095238
2025-08-17 08:15:00+00:00,412.1855047,0.0,24.2,411.92073,0.0,23.84385154,16.3,123.505422,510.9802066,35.97913735,19.04143005
2025-08-17 08:30:00+00:00,412.4217744,0.0,24.2,411.6953689,0.0,23.9,16.3,127.6636905,534.8042646,37.75380952,19.41384127
2025-08-17 08:45:00+00:00,412.6268374,0.0,24.3,411.4857361,0.0,23.9,16.4,131.9384921,557.8904234,39.48700855,19.43035714
2025-08-17 09:00:00+00:00,411.5070677,0.0,24.3,411.1788154,0.0,23.90533333,16.48666667,136.1113016,578.4719713,41.0001746,19.36899471
2025-08-17 09:15:00+00:00,411.7471787,0.0,24.3,411.3020307,0.0,24.0,16.64190476,140.6858704,600.1036142,42.44644444,19.54325926
2025-08-17 09:30:00+00:00,411.7707499,0.0,24.3,411.3182499,0.0,24.0,16.80102041,145.520172,619.4111104,43.8012785,19.50428571
2025-08-17 09:45:00+00:00,411.4186031,0.0,24.33595238,410.6698225,0.0,24.0,17.0515873,150.2087821,638.2334208,44.93839744,19.3761859
2025-08-17 10:00:00+00:00,410.898488,0.0,24.4,410.8940945,0.0,24.00529101,17.25,155.0358333,648.4059833,45.90766667,19.84366667
2025-08-17 10:15:00+00:00,411.0371066,0.0,24.4,411.5460312,0.0,24.04888889,17.48666667,160.380315,661.8465467,46.7877935,19.81030146
2025-08-17 10:30:00+00:00,411.4361485,0.0,24.4,411.288436,0.0,24.1,17.86222222,165.7996946,669.7715867,47.45047619,19.71694084
2025-08-17 10:45:00+00:00,411.1836893,0.0,24.4,411.8289919,0.0,24.1,18.14621212,170.8987377,676.5889393,47.87587912,19.45477665
2025-08-17 11:00:00+00:00,411.6097677,0.0,24.4,412.1998813,0.0,24.1,18.4,176.105873,682.8903986,48.14111111,19.36482051
2025-08-17 11:15:00+00:00,411.3455179,0.0,24.4,411.3504003,0.0,24.1,18.53333333,181.6149438,670.7816873,48.19645455,19.62525933
2025-08-17 11:30:00+00:00,411.5453343,0.0,24.4,411.9769678,0.0,24.16,18.68333333,187.0009524,673.9829532,48.01142857,19.43387302
2025-08-17 11:45:00+00:00,410.8785247,0.0,24.47857143,411.6652269,0.0,24.2,18.82857143,192.5101551,657.4893252,47.65428571,19.28961039
2025-08-17 12:00:00+00:00,411.3460448,0.0,24.5,412.9327584,0.0,24.2,18.96685714,197.5817391,653.3045923,47.1408189,19.05575116
2025-08-17 12:15:00+00:00,410.6022949,0.0,24.5,412.3917025,0.0,24.20418371,19.14238678,202.205263,669.0217174,46.46016175,19.12672912
2025-08-17 12:30:00+00:00,412.0561656,0.0,24.5,413.0616877,0.0,24.2896506,19.33465909,207.4947412,656.1470722,45.51614638,19.33607391
2025-08-17 12:45:00+00:00,413.374896,0.0,24.59333333,413.3958621,0.0,24.33444444,19.53466667,212.6535051,650.2246733,44.40471329,19.279887
2025-08-17 13:00:00+00:00,414.7229109,0.0,24.63444444,414.0301587,0.0,24.43416667,19.716,217.5580195,631.0760869,43.07393939,19.38037037
2025-08-17 13:15:00+00:00,415.0,0.0,24.7,413.921331,0.0,24.54666667,19.80888889,221.8851611,614.0419847,41.78099206,19.46120376
2025-08-17 13:30:00+00:00,415.6993949,0.0,24.71571429,414.6192801,0.0,24.66428571,19.96547619,226.2937322,596.9426078,40.27119048,19.43319481
2025-08-17 13:45:00+00:00,415.5309383,0.0,24.80666667,415.1598833,0.0,24.79333333,20.0,230.6466349,576.8998633,38.58487013,19.44189286
2025-08-17 14:00:00+00:00,415.533815,0.0,24.9,416.8066667,0.0,24.95333333,20.21333333,234.7100476,552.100972,36.87132275,19.3184
2025-08-17 14:15:00+00:00,416.3047115,0.0,24.94321429,416.4297074,0.0,25.11688312,20.40059524,238.3431827,529.7762281,35.23646354,19.35289418
2025-08-17 14:30:00+00:00,417.3541414,0.0,25.05333333,416.9195232,0.0,25.28777778,20.44888889,242.3259387,502.446167,33.2449127,19.39934266
2025-08-17 14:45:00+00:00,418.6654113,0.0,25.12666667,417.4676587,0.0,25.49883598,20.54666667,246.0231058,472.8055154,31.29448413,19.48400565
2025-08-17 15:00:00+00:00,418.9382317,0.0,25.24888889,418.4236043,0.0,25.69333333,20.62,249.6780952,442.4396834,29.2159707,19.37831746
2025-08-17 15:15:00+00:00,419.3098639,0.0,25.34588745,419.2797619,0.0,25.83571429,20.74047619,253.0422002,413.0179654,27.23667414,19.24842016
2025-08-17 15:30:00+00:00,419.5439381,0.0,25.4,420.0431686,0.0,26.04190476,20.89961538,256.3307576,385.5582439,25.24866667,19.00835354
2025-08-17 15:45:00+00:00,420.2251936,0.0,25.5,420.8407373,0.0,26.20722222,20.99619048,259.7702963,354.2276724,23.03222222,19.15759788
2025-08-17 16:00:00+00:00,420.8068254,0.0,25.66355556,420.9010101,0.0,26.35014815,21.03333333,262.8918617,321.3185908,20.97819481,19.26398266
2025-08-17 16:15:00+00:00,420.0778172,0.0,25.72301587,420.9752801,0.0,26.57142857,21.0,266.1245408,289.6293334,18.77638235,19.57292517
2025-08-17 16:30:00+00:00,421.6764579,0.0,25.78571429,421.1431789,0.0,26.644,20.96666667,269.2272727,254.4165307,16.63094444,19.44711481
2025-08-17 16:45:00+00:00,421.924303,0.0,25.81809524,422.9544748,0.0,26.63768254,21.09422222,272.3910342,229.3605731,14.44429293,19.44440965
2025-08-17 17:00:00+00:00,422.7315126,0.0,25.97464286,423.7463713,0.0,26.54653061,21.0,275.4380459,187.4733736,12.31428839,19.41353587
2025-08-17 17:15:00+00:00,423.6701796,0.0,25.9,423.5546032,0.0,26.57570635,21.05714286,278.447963,144.916976,10.16496032,19.06240212
2025-08-17 17:30:00+00:00,423.9073118,0.0,25.9,423.5893773,0.0,26.48911111,21.1,281.484246,79.54130079,8.034166667,18.8478082
2025-08-17 17:45:00+00:00,424.7838095,0.0,25.9,424.592947,0.0,26.35333333,21.1,284.548045,70.73899656,5.920920635,18.41634428
2025-08-17 18:00:00+00:00,425.2376793,0.0,25.89571429,424.3389473,0.0,26.34918367,21.1,287.508153,50.03249267,3.934042208,18.11584416
2025-08-17 18:15:00+00:00,425.1523591,0.0,25.8,425.365153,0.0,26.26539683,21.02666667,290.6017475,25.33211249,1.862296296,17.74198653
2025-08-17 18:30:00+00:00,424.5482479,0.0,25.72,426.7453908,0.0,26.07111111,20.92855556,293.5191667,8.844994197,0.01765873,17.41505079
2025-08-17 18:45:00+00:00,425.4738016,0.0,25.66666667,426.371331,0.0,25.89428571,20.83333333,296.9634609,1.674492384,-2.088163265,17.0005102
2025-08-17 19:00:00+00:00,426.294673,0.0,25.6,427.1056479,0.0,25.77683333,20.7,299.8950556,0.305590476,-3.875949735,16.75962751
2025-08-17 19:15:00+00:00,425.6276455,0.0,25.54666667,426.98,0.0,25.64850794,20.51166667,303.1134488,0.003143275,-5.713029341,16.57295455
2025-08-17 19:30:00+00:00,425.6839083,0.0,25.5,426.2805403,0.0,25.59619048,20.32666667,306.3894921,0.0,-7.486349206,16.44666667
2025-08-17 19:45:00+00:00,426.8940476,0.0,25.4125,426.2833141,0.0,25.56071429,20.12571429,309.7281179,0.0,-9.223571429,16.32138322
2025-08-17 20:00:00+00:00,425.7812273,0.0,25.4,426.4247719,0.0,25.46,19.98,312.8821905,0.0,-10.79695238,16.10100529
2025-08-17 20:15:00+00:00,426.0282828,0.0,25.38,427.1938095,0.0,25.38,19.81428571,316.3205308,0.0,-12.3407037,15.85726884
2025-08-17 20:30:00+00:00,425.8311111,0.0,25.3,426.7356645,0.0,25.3,19.68974359,319.9772381,0.0,-13.9052381,15.61583333
2025-08-17 20:45:00+00:00,425.9497024,0.0,25.27767857,426.1356069,0.0,25.22721088,19.49285714,323.4653808,0.0,-15.22694728,15.41762855
2025-08-17 21:00:00+00:00,425.5908703,121.2919312,25.05089286,426.2545877,117.5141867,25.18,18.37142857,326.9319048,0.0,-16.41264791,15.31250265
2025-08-17 21:15:00+00:00,452.0889848,168.9319404,24.62666667,444.1777768,166.7213531,24.95222222,17.0,330.5288462,0.0,-17.53833333,15.25998718
2025-08-17 21:30:00+00:00,470.9430556,167.3585034,24.44166667,466.4094027,164.9500994,24.77232143,16.96709184,334.3346032,0.0,-18.58134921,15.23571429
2025-08-17 21:45:00+00:00,482.7371979,167.8621911,24.28666667,479.057159,164.318129,24.62666667,16.81738095,337.8564545,0.0,-19.43570034,15.16213634
2025-08-17 22:00:00+00:00,491.6700511,260.7430135,24.08844444,489.121384,258.5678904,24.47455556,16.64285714,341.821873,0.0,-20.21666667,15.06430085
2025-08-17 22:15:00+00:00,497.2554626,316.9493074,23.82435185,497.7995419,313.4091798,24.25071429,16.5,345.5107725,0.0,-20.80350265,15.00314815
2025-08-17 22:30:00+00:00,500.3654862,316.5729792,23.59767857,500.9528798,313.0390583,24.08190476,16.47857143,349.1727551,0.0,-21.27168934,15.01044156
2025-08-17 22:45:00+00:00,502.1615805,315.6228244,23.51904762,502.7029324,312.6453329,23.91238095,16.355,353.3015714,0.0,-21.63683333,14.83318333
2025-08-17 23:00:00+00:00,503.8451794,313.5005534,23.39285714,503.7627463,308.5742184,23.77015873,16.1,357.3901349,0.0,-21.8059127,14.70416667
2025-08-17 23:15:00+00:00,504.2224535,315.3660714,23.275,504.7004823,310.6786284,23.65595238,15.96363636,52.75789116,0.0,-21.87857143,14.69091837
2025-08-17 23:30:00+00:00,504.2262121,316.1794613,23.18666667,504.6697236,309.9865497,23.6,15.9,5.080571429,0.0,-21.73809524,14.72849048
2025-08-17 23:45:00+00:00,505.1091589,317.4121709,23.04666667,504.0635266,315.9118136,23.48555556,15.84333333,9.083111111,0.0,-21.46004912,14.60380622
2025-08-18 00:00:00+00:00,504.4173911,313.3287177,22.98571429,504.3449054,316.1682028,23.36694444,15.77142857,13.00322222,0.0,-21.08777778,14.82666667
2025-08-18 00:15:00+00:00,503.4857143,313.6562648,22.9,503.2642096,318.6707752,23.31547619,15.7,16.91409297,0.0,-20.52040043,14.99488057
2025-08-18 00:30:00+00:00,504.2707172,315.5444919,22.83222222,502.700678,318.8268955,23.20766667,15.76547619,20.31708033,0.0,-19.92478836,14.85900673
2025-08-18 00:45:00+00:00,503.2616162,313.4218651,22.75333333,502.5834581,315.6382442,23.1025,15.74666667,24.49929762,0.0,-19.02841991,15.33883242
2025-08-18 01:00:00+00:00,502.4650027,312.1073683,22.66428571,502.4273346,316.1846721,23.06232143,15.6,28.04370748,0.0,-18.13240569,15.2275
2025-08-18 01:15:00+00:00,503.0748304,315.6193732,22.59555556,502.7708629,316.9544288,23.0388254,15.58888889,31.19095238,0.0,-17.226337,15.2710582
2025-08-18 01:30:00+00:00,504.9606782,314.7715079,22.50888889,503.0130592,319.7079365,22.9,15.42,35.38389322,0.0,-15.84640476,15.44556296
2025-08-18 01:45:00+00:00,504.6630474,315.1853975,22.5,503.8725623,316.1381235,22.83846154,15.4,39.09637363,0.0,-14.48021978,15.07846154
2025-08-18 02:00:00+00:00,506.0744797,314.359221,22.43673469,504.0708486,317.2723926,22.8,15.4,42.35433261,0.0,-13.19227737,14.98092971
2025-08-18 02:15:00+00:00,505.7690464,312.4381261,22.37428571,504.024302,310.0253872,22.75333333,15.32666667,45.55311111,0.0,-11.81115079,14.90987179
2025-08-18 02:30:00+00:00,509.1761563,316.0002249,22.31022222,511.0352691,315.1459295,22.728,15.3,49.08710558,0.0,-10.12062169,14.66090476
2025-08-18 02:45:00+00:00,515.0027388,315.0731248,22.39538462,516.1374865,313.9734132,22.7,15.13076923,52.45979221,0.0,-8.475958153,14.26889899
2025-08-18 03:00:00+00:00,506.700649,80.90899026,22.62267857,507.966095,88.25400433,22.72470238,15.3,55.73694444,0.0,-6.69084707,14.26281274
2025-08-18 03:15:00+00:00,502.2073254,63.17488173,22.96666667,503.8209192,63.52088002,22.83944444,16.94,58.55376623,0.09315615,-5.061677489,14.54421953
2025-08-18 03:30:00+00:00,500.5326239,63.01228956,23.04666667,501.2242677,63.2236631,22.90714286,17.0,61.88422222,0.819205882,-3.141111111,14.61733333
2025-08-18 03:45:00+00:00,496.9141523,62.97118848,23.14166667,497.9490885,63.0448992,22.99693878,17.0,65.17225417,4.227061419,-1.122711039,14.95876623
2025-08-18 04:00:00+00:00,496.3647727,62.82234247,23.2,496.9181035,63.53993895,23.0,16.93692308,68.28815018,15.54982044,0.736333333,15.06637949
2025-08-18 04:15:00+00:00,495.9380094,62.61719012,23.18070562,496.142303,63.77217544,23.00666667,16.80666667,70.58188536,30.05217812,2.261942578,15.27290434
2025-08-18 04:30:00+00:00,493.5699791,62.88855589,23.2,494.7662037,62.99641917,23.02040816,16.91190476,74.33054422,61.03134415,4.747772109,15.54340293
2025-08-18 04:45:00+00:00,494.3927381,61.80736264,23.3,494.9893723,63.25107156,23.03809524,17.03636364,77.3159596,88.32693726,6.838358586,15.84666667
2025-08-18 05:00:00+00:00,497.816194,62.35206349,23.24133333,499.4367283,63.10156095,23.01961905,17.21583333,80.17133333,113.6447149,8.800333333,16.10992424
2025-08-18 05:15:00+00:00,508.3894118,63.15814815,23.30769231,506.5397262,63.40409485,23.18,17.01153846,83.60359788,147.4223359,11.16566667,16.3075
2025-08-18 05:30:00+00:00,516.6392224,62.7533752,23.40769231,523.3732293,63.68999166,23.29285714,17.22361111,86.61488662,177.3498166,13.28388889,16.65342857
2025-08-18 05:45:00+00:00,517.640507,62.63596561,23.47333333,545.5357582,64.15681402,23.35533333,17.11333333,89.62245207,208.6385594,15.39027778,17.05854545
2025-08-18 06:00:00+00:00,543.6211538,62.18476792,23.58266667,605.4379778,64.01568457,23.57202381,17.36666667,92.78846296,240.4520538,17.56641534,17.44976481
2025-08-18 06:15:00+00:00,580.1066184,61.97497082,23.71170635,647.1974343,64.13841508,23.76344104,17.53095238,95.68602865,270.6368423,19.51563956,18.5737969
2025-08-18 06:30:00+00:00,594.4501821,63.03121693,23.85638889,600.9971778,64.77688405,23.955,17.33333333,99.03058201,301.5947168,21.76998413,18.44132804
2025-08-18 06:45:00+00:00,609.0878984,63.04362674,23.94974359,590.6175133,66.64465408,23.89384615,18.01442308,102.4008571,333.9536941,23.92333333,18.77054507
2025-08-18 07:00:00+00:00,621.0777728,63.80579922,24.02,611.7991404,65.01604289,23.85809524,18.0424127,105.7582402,364.8923264,26.04805364,19.3261381
2025-08-18 07:15:00+00:00,617.5367848,68.50788399,24.08962585,599.9348686,66.5457864,24.01632653,17.36428571,109.0606061,393.9302589,28.05564214,20.23381951
2025-08-18 07:30:00+00:00,621.680803,74.99157509,24.13855556,617.8405723,70.16496539,24.00761905,17.03793651,112.4320952,420.1114286,29.96005556,21.09566667
2025-08-18 07:45:00+00:00,621.6041597,91.32421477,24.11904762,644.1222327,89.99452866,24.26666667,17.09047619,116.439138,450.9536609,32.1302381,21.03744589
2025-08-18 08:00:00+00:00,616.7440439,105.2171011,24.06266234,656.1810517,115.0676845,24.27477778,17.06222222,120.1110221,478.4331137,33.99353947,21.0405303
2025-08-18 08:15:00+00:00,613.4809253,111.4361264,24.15816327,611.819031,136.0975469,24.25816327,17.28571429,123.991559,503.1374623,35.81768707,21.53400613
2025-08-18 08:30:00+00:00,616.8643153,124.6326778,24.08083333,649.8888532,154.4952991,24.16236772,17.2,127.914873,524.4359449,37.5332963,21.53569516
2025-08-18 08:45:00+00:00,609.0245601,129.8628795,24.03194444,639.8067224,175.1353364,24.27407407,17.26473016,131.9243458,546.5996986,39.12818752,22.03806746
2025-08-18 09:00:00+00:00,612.6442547,131.1341798,24.10289116,646.3376065,200.4663043,24.25714286,17.22559524,136.1971939,567.905959,40.6623271,22.18710083
2025-08-18 09:15:00+00:00,611.5769753,140.2870642,24.07462963,673.3881172,217.8340605,24.20533333,17.06796296,140.552881,589.0281492,42.08985859,22.59842424
2025-08-18 09:30:00+00:00,610.7901635,138.5188828,23.97855556,658.9021549,233.0733254,24.17333333,16.94666667,145.7085,608.0001003,43.49997355,22.63394276
2025-08-18 09:45:00+00:00,591.3021842,136.9233048,23.89866667,639.7431695,248.712967,24.09777778,16.96444444,150.4838752,624.1298407,44.6576746,22.5360913
2025-08-18 10:00:00+00:00,592.152381,123.787395,23.90357143,624.7428571,251.2261181,24.01428571,17.00714286,155.57286,637.9050634,45.67579365,22.89758323
2025-08-18 10:15:00+00:00,571.9829856,117.3005249,23.99722222,582.6586137,240.5038417,23.81066667,16.99777778,160.5555238,649.506091,46.4977619,22.65922222
2025-08-18 10:30:00+00:00,565.575056,121.9054277,24.0338254,571.3618637,230.0891139,23.86304762,16.95666667,165.5059932,656.9127162,47.11479409,22.96192381
2025-08-18 10:45:00+00:00,563.5799594,123.0980998,24.06595238,594.1357094,214.828245,23.91324675,17.21571429,171.1011905,665.2243039,47.58202381,23.75619048
2025-08-18 11:00:00+00:00,570.0341845,129.4159615,24.01925926,625.7547485,209.2881581,23.968,17.42095238,176.4496263,669.0875483,47.83888889,23.51390921
2025-08-18 11:15:00+00:00,581.7896208,134.3230819,24.10017725,637.3101465,200.9499419,23.98876984,17.54507937,181.065037,672.2232068,47.88,23.30675325
2025-08-18 11:30:00+00:00,591.9969086,147.3583333,24.16911111,644.2372433,204.3202449,24.05444444,17.03333333,187.2935238,671.0840222,47.68190476,23.60487566
2025-08-18 11:45:00+00:00,596.4161989,159.1148772,23.97619048,631.5178195,211.6057581,24.03928571,17.02142857,192.6572052,668.554336,47.33214286,24.23095238
2025-08-18 12:00:00+00:00,587.2000737,160.4423485,24.09285714,617.4641434,216.0463248,24.08,16.8014881,197.5208586,662.690496,46.78479004,24.38447229
2025-08-18 12:15:00+00:00,572.5061425,163.7712381,24.00666667,618.4266376,220.0774351,24.04666667,17.03666667,202.5691587,653.154926,46.07878836,24.24498148
2025-08-18 12:30:00+00:00,570.1811792,169.266628,24.04904762,626.2812126,224.5872283,24.08877551,17.1,207.7074725,642.460117,45.1561944,24.20777318
2025-08-18 12:45:00+00:00,572.8607083,175.9033333,24.068,627.2947879,238.073292,24.18555556,17.0,212.4769689,630.4170557,44.08351648,24.01354986
2025-08-18 13:00:00+00:00,569.262207,176.3822255,23.94577778,604.8052166,252.6534545,24.2,17.75333333,217.359075,614.2248151,42.8054576,24.29260325
2025-08-18 13:15:00+00:00,556.0893376,166.6765808,23.9325,580.6542025,265.6611839,24.17962963,17.24571429,222.0534742,595.2699231,41.37111538,24.60036284
2025-08-18 13:30:00+00:00,536.9843615,158.3262807,23.82678571,561.3234002,280.2353475,24.11428571,16.61950549,226.3162302,579.4852697,39.93121676,24.3212619
2025-08-18 13:45:00+00:00,516.2979571,143.2814417,23.76444444,525.667611,302.1039146,24.24666667,16.48666667,230.449171,559.4617666,38.30248413,24.42174242
2025-08-18 14:00:00+00:00,505.2630117,71.96593622,24.05761905,508.1682906,140.0456234,24.31130952,14.17888889,234.5097302,529.8303836,36.58871861,24.70050926
2025-08-18 14:15:00+00:00,498.9383917,61.00072638,24.38809524,503.1441866,59.60826872,24.46904762,14.09761905,238.4979076,504.9800277,34.78549784,25.75234488
2025-08-18 14:30:00+00:00,496.0617907,60.54264846,24.49393939,498.0699993,59.57660327,24.63333333,17.74242424,242.2916667,475.7518778,32.90780952,25.15183333
2025-08-18 14:45:00+00:00,492.1838232,61.80424501,24.6,495.4158974,59.99407108,24.83888889,16.21346154,245.9721931,447.7896719,30.94780159,25.43337037
2025-08-18 15:00:00+00:00,489.4652381,62.68839031,24.63333333,492.9041379,60.35213793,25.02,17.38653846,249.3660952,420.3025394,29.03111111,24.92485714
2025-08-18 15:15:00+00:00,488.7791797,61.43614164,24.75,490.6940818,60.03196692,25.27142857,17.91111111,252.9222727,395.8765448,26.94714286,25.2912381
2025-08-18 15:30:00+00:00,490.6784127,62.16565176,24.81333333,492.3109805,60.17992537,25.457,17.73333333,256.3155291,357.5377312,24.8444709,25.25333333
2025-08-18 15:45:00+00:00,487.0484051,62.10219313,24.93333333,490.3242999,60.69444993,25.60333333,17.16666667,259.4225476,327.9042464,22.89102381,24.92589286
2025-08-18 16:00:00+00:00,485.6804473,61.86641067,25.01428571,486.9982351,60.64976874,25.77071429,16.74285714,262.8544643,292.3940091,20.60446429,24.81755952
2025-08-18 16:15:00+00:00,482.9051689,61.36794354,25.1,485.1736183,60.62723958,25.90283333,16.40333333,265.8778114,261.277459,18.54593434,24.527
2025-08-18 16:30:00+00:00,481.6637894,61.39423687,25.13444444,483.3074311,60.53208144,26.03333333,16.72133333,269.1231481,226.5677036,16.33227273,24.79166801
2025-08-18 16:45:00+00:00,480.3324194,60.86761905,25.2,482.735538,61.25538778,26.1,16.98809524,272.3285943,192.2180467,14.10389731,24.64470202
2025-08-18 17:00:00+00:00,479.2037893,61.77357405,25.26363636,480.2146108,61.41382677,25.94871795,16.88393939,275.3060701,160.8602964,12.01933673,24.37583104
2025-08-18 17:15:00+00:00,477.6212768,61.61162698,25.3,480.0668811,61.63130775,25.79420635,16.65933333,278.150463,130.5534038,10.01617725,24.06010317
2025-08-18 17:30:00+00:00,477.3027778,61.95261905,25.3,480.0402443,61.83873095,25.71980952,16.67857143,280.5672593,105.0187689,8.339703704,23.3629958
2025-08-18 17:45:00+00:00,475.4335664,62.30548719,25.23214286,478.2997258,61.06255578,25.72030612,16.70833333,284.4468254,62.99017879,5.605017007,22.67558673
2025-08-18 18:00:00+00:00,474.6121456,62.13484127,25.2,477.8598462,60.67656277,25.53453704,16.92357143,287.3226111,37.57085773,3.623378547,21.98893853
2025-08-18 18:15:00+00:00,474.5844526,62.32782207,25.12428571,476.607819,61.14617894,25.44285714,16.86190476,290.5273968,16.92252455,1.511333333,21.02098677
2025-08-18 18:30:00+00:00,474.2371825,61.78428571,25.08518519,476.3585288,62.34790054,25.26666667,16.97833333,293.7065,5.065579215,-0.464222222,20.36593333
2025-08-18 18:45:00+00:00,475.2482993,62.67349,25.0,475.1722867,61.24042981,25.16428571,16.8224359,296.7734432,1.200997732,-2.349339351,20.01824176
2025-08-18 19:00:00+00:00,474.122365,15.63703704,24.92666667,475.7922772,15.55733333,25.07333333,17.34111111,299.8047302,0.170458886,-4.180047619,19.65747586
2025-08-18 19:15:00+00:00,473.5937255,0.0,24.9,475.817274,0.0,25.0,17.45384615,303.1017328,0.0,-6.082513228,19.58509091
2025-08-18 19:30:00+00:00,473.8911516,0.0,24.9,474.5956661,0.0,24.91428571,17.62857143,306.339881,0.0,-7.839285714,19.65229167
2025-08-18 19:45:00+00:00,472.8146447,0.0,24.87841991,474.913372,0.0,24.89145455,17.71247863,308.8061351,0.0,-9.187439764,19.48585481
2025-08-18 20:00:00+00:00,471.8475036,0.0,24.8,473.9578032,0.0,24.8,17.87733333,312.9863252,0.0,-11.19739683,19.20554497
2025-08-18 20:15:00+00:00,470.5022222,0.0,24.73846154,472.6532793,0.0,24.78666667,17.99384615,316.4025059,0.0,-12.72785206,18.88652577
2025-08-18 20:30:00+00:00,471.2118726,0.0,24.7,471.8450379,0.0,24.7,18.15384615,319.703808,0.0,-14.12678932,18.37470732
2025-08-18 20:45:00+00:00,470.6771447,0.0,24.69333333,471.1124934,0.0,24.63352381,18.33333333,323.2719048,0.0,-15.50412698,18.10449735
2025-08-18 21:00:00+00:00,470.4698925,68.86060606,24.48,471.1942068,63.47681338,24.59071429,19.28666667,326.9669841,0.0,-16.77714286,18.37333333
2025-08-18 21:15:00+00:00,479.6080841,171.9964145,24.29041667,476.2879984,162.1957337,24.5,19.71777778,330.480754,0.0,-17.8775463,18.51956481
2025-08-18 21:30:00+00:00,484.4179514,170.4149351,23.98666667,483.264692,158.8786439,24.36,19.9125,334.2813333,0.0,-18.91411111,18.44895873
2025-08-18 21:45:00+00:00,484.0694825,171.8328678,23.83571429,483.677233,164.9098081,24.23571429,19.93571429,337.8138804,0.0,-19.74290816,18.87774242
2025-08-18 22:00:00+00:00,486.1790805,306.0949748,23.63076923,486.1645992,299.8509577,24.10025397,19.09615385,341.6170034,0.0,-20.48228956,18.13348822
2025-08-18 22:15:00+00:00,491.6602926,318.527772,23.45333333,492.2051987,313.9665553,23.84261905,18.27777778,345.756127,0.0,-21.16866667,17.06459804
2025-08-18 22:30:00+00:00,492.0012889,314.4886772,23.30702381,493.7228745,315.1586485,23.66255669,18.39821429,349.3802976,0.0,-21.6164966,17.49644631
2025-08-18 22:45:00+00:00,492.1287228,315.5695917,23.16808201,493.7981477,312.7774083,23.54944444,18.33185185,353.2431323,0.0,-21.93156421,17.07979528
2025-08-18 23:00:00+00:00,496.0329288,318.1814103,23.084,497.1032035,308.9851046,23.452,17.86,357.3802778,0.0,-22.14488095,16.42031481
2025-08-18 23:15:00+00:00,498.3962727,314.7933802,22.92087912,500.7077918,310.9816939,23.34285714,17.63846154,73.32891981,0.0,-22.2,16.3875
2025-08-18 23:30:00+00:00,497.8423895,314.8108364,22.82,499.5606951,313.9985793,23.22571429,17.81666667,5.166415344,0.0,-22.06785714,16.59222222
2025-08-18 23:45:00+00:00,498.4416263,315.2742674,22.75,498.5307398,309.460367,23.15,17.64706349,8.9120116,0.0,-21.78607143,16.22741871
2025-08-19 00:00:00+00:00,499.6664331,318.981286,22.67555556,499.4607965,312.1804102,23.16068173,17.42843434,12.6885025,0.0,-21.43164003,16.02191512
2025-08-19 00:15:00+00:00,500.6129693,319.0540494,22.59857143,501.0490203,315.518174,23.10396825,17.4,16.99640564,0.0,-20.8456746,16.06666667
2025-08-19 00:30:00+00:00,501.1062963,317.9646585,22.50533333,502.0448901,313.2386601,23.07,17.48666667,20.62517196,0.0,-20.18930159,16.11118651
2025-08-19 00:45:00+00:00,501.6257331,318.8365446,22.5,501.2543651,313.4083696,23.01755556,17.5,24.42092232,0.0,-19.36435498,16.19866667
2025-08-19 01:00:00+00:00,499.9624543,319.878739,22.45142857,501.7837595,311.6620308,22.91571429,17.56904762,28.15466837,0.0,-18.42144841,16.07697872
2025-08-19 01:15:00+00:00,499.5587798,312.142371,22.3921978,500.7840708,312.2450507,22.92596922,17.43228956,31.7917381,0.0,-17.37488095,15.94
2025-08-19 01:30:00+00:00,500.5819082,314.5072751,22.324,501.2756928,313.2183534,22.9,17.28644444,35.31690476,0.0,-16.22178571,15.72133333
2025-08-19 01:45:00+00:00,501.1966679,310.9170369,22.3,501.9807692,313.9628272,22.81333333,16.95833333,39.13406349,0.0,-14.82949206,15.42114286
2025-08-19 02:00:00+00:00,502.8603381,313.1842724,22.23571429,503.540921,315.6367739,22.75589569,16.7,42.6168254,0.0,-13.41005952,15.20137308
2025-08-19 02:15:00+00:00,504.3335859,310.7230301,22.2,503.8035539,311.7225019,22.7,16.67222222,45.88495791,0.0,-11.97183333,15.16157436
2025-08-19 02:30:00+00:00,505.3284031,317.1081326,22.20207407,509.2765795,314.9620407,22.7,16.6,49.17131868,0.0,-10.42820513,15.18043132
2025-08-19 02:45:00+00:00,510.849796,318.1791048,22.1702381,520.709679,319.3721348,22.7,16.6,52.6944983,0.0,-8.71031746,15.19690476
2025-08-19 03:00:00+00:00,511.2580679,112.4307938,22.41155556,516.6062838,105.8563399,22.72666667,16.65111111,55.87888672,0.0,-6.977844156,15.15798095
2025-08-19 03:15:00+00:00,505.9917853,63.48444444,22.80533333,500.9118155,59.27095744,22.80533333,17.14,59.12043651,0.035892256,-5.166706349,15.06177778
2025-08-19 03:30:00+00:00,501.9010576,60.62814241,22.89866667,492.8372015,59.30839804,22.83633333,17.2,62.3737672,0.627133462,-3.226888889,15.1
2025-08-19 03:45:00+00:00,500.2410236,60.08125008,22.9,489.8518872,59.41441044,22.9,17.19880952,65.34593216,2.78864654,-1.406456044,15.10727853
2025-08-19 04:00:00+00:00,499.0878951,60.21500792,22.9,488.2169524,60.00472805,22.9,17.1,68.57478595,9.996583727,0.600299423,15.37595238
2025-08-19 04:15:00+00:00,497.1601648,60.54924186,22.9,486.0019898,59.19576199,22.9,17.03925926,71.44733696,25.48201363,2.425667962,15.7282482
2025-08-19 04:30:00+00:00,495.5686616,60.59872757,22.89535714,484.5069841,59.54574902,22.9,17.0,74.39742063,49.36510054,4.438988095,15.77513783
2025-08-19 04:45:00+00:00,495.3186626,59.47303752,22.924,484.5512812,58.47422864,22.9,16.90666667,77.36683333,74.82059479,6.475222222,15.57141786
2025-08-19 05:00:00+00:00,498.3936109,60.73095238,23.02666667,488.2442344,59.45910719,22.92666667,16.9,80.66794709,103.6685163,8.740425926,15.57238095
2025-08-19 05:15:00+00:00,519.3375988,60.31380471,23.09277778,500.336878,59.65884739,23.06,16.9,83.77574115,134.410754,10.92130342,15.59802927
2025-08-19 05:30:00+00:00,538.3456599,59.86598639,23.14102041,517.5111957,58.63268458,23.06517857,16.95,86.90577664,166.0236412,13.10222506,15.85979308
2025-08-19 05:45:00+00:00,600.2798142,60.06063492,23.15111111,559.1069331,58.8121142,23.2,17.17333333,89.7341342,195.9086652,15.04341799,16.14652751
2025-08-19 06:00:00+00:00,622.1890741,60.43825954,23.46761905,577.8057204,58.94234007,23.26166667,17.2,93.15237302,231.3359051,17.4037869,16.27973088
2025-08-19 06:15:00+00:00,623.2269883,61.0205489,23.58388889,591.869466,60.38637188,23.50761905,17.31659864,96.09338474,262.8878686,19.39370942,16.51651786
2025-08-19 06:30:00+00:00,644.7511433,59.2135144,23.55762963,637.3348257,58.81542351,23.43174603,17.29352381,99.28632612,295.081636,21.55177201,16.96888095
2025-08-19 06:45:00+00:00,623.3686277,60.65933622,23.79111111,627.575853,60.04569209,23.56666667,17.06577778,102.7172222,328.6216538,23.74142857,17.1824127
2025-08-19 07:00:00+00:00,622.2360844,61.84452119,23.86266667,608.8147238,60.98686869,23.65365079,17.004,106.0791481,359.7283867,25.83264406,17.07886013
2025-08-19 07:15:00+00:00,639.3175595,62.7979798,23.81658163,655.8768398,61.60708101,23.60922619,17.2,109.4191723,390.4691918,27.83171769,17.68864719
2025-08-19 07:30:00+00:00,654.3740144,69.02740741,24.09671958,649.2655852,60.81598492,23.74051852,17.31071429,112.8263968,417.4195113,29.81585714,17.79334151
2025-08-19 07:45:00+00:00,662.8765884,89.02340067,24.18066667,649.7631414,61.71327242,23.90152381,17.49692308,116.6214012,447.1164632,31.83947355,18.20263372
2025-08-19 08:00:00+00:00,665.1601691,94.95887605,24.15489796,723.4253193,60.73326266,23.9863103,17.33306122,119.8343254,468.2136377,33.44464286,18.36478788
2025-08-19 08:15:00+00:00,674.2690777,123.6728205,24.27466667,702.459429,65.45502196,24.02133333,17.42111111,124.2093961,496.3355681,35.53596825,18.06485859
2025-08-19 08:30:00+00:00,689.2761886,148.3407862,24.29138095,679.5459508,80.00156921,24.19055556,17.2,128.1839062,520.549414,37.27651632,17.95047402
2025-08-19 08:45:00+00:00,689.7777778,182.38854,24.37142857,686.278945,102.8868521,24.22142857,17.18571429,132.227381,542.3653074,38.90089286,18.11571429
2025-08-19 09:00:00+00:00,688.8176039,211.1027025,24.31333333,700.5821822,120.1565524,24.23333333,17.03733333,136.7335657,565.4652411,40.48983333,18.67053333
2025-08-19 09:15:00+00:00,670.584624,237.1963976,24.3,693.3760675,142.1014208,24.25544872,17.0,141.0865599,582.2658941,41.91683436,18.00482993
2025-08-19 09:30:00+00:00,666.0747234,255.8969714,24.29464286,675.1154729,163.5716173,24.18315476,17.17568027,145.6651559,599.5651995,43.15446825,18.72070207
2025-08-19 09:45:00+00:00,651.6050373,274.1783817,24.12763889,661.4044077,175.9349874,24.2,17.23,150.3692429,616.3167608,44.28350582,18.92914804
2025-08-19 10:00:00+00:00,619.9880057,285.7195701,24.08911111,633.7969921,178.3682347,24.08136508,17.40740741,155.526759,631.1154858,45.33542015,19.32584863
2025-08-19 10:15:00+00:00,560.0653794,283.5822191,23.93555556,564.0115702,176.1089491,23.94936508,17.33666667,160.8378704,646.1721578,46.21027778,19.67924339
2025-08-19 10:30:00+00:00,546.9193452,278.2583691,23.97115385,527.7699072,176.2561427,23.79571429,17.25641026,165.8240816,644.9992849,46.81333333,19.58486951
2025-08-19 10:45:00+00:00,573.0658847,272.5327676,24.03333333,543.9621703,177.6088562,23.78433862,17.23137755,170.8709931,645.0678806,47.24222222,19.85348148
2025-08-19 11:00:00+00:00,614.201363,284.4768952,24.15938776,589.0018604,181.0896508,23.80754484,17.23428571,176.4668346,649.0009256,47.47375,20.40089286
2025-08-19 11:15:00+00:00,639.3823197,297.6603836,24.03816667,634.6065973,178.1589509,23.88640741,17.11333333,181.9226746,651.9917063,47.51142857,20.53272039
2025-08-19 11:30:00+00:00,675.6175266,308.7121824,24.19447279,643.0128754,178.3339268,23.99142857,17.11428571,186.7766582,654.1046059,47.3755102,21.02927438
2025-08-19 11:45:00+00:00,684.9782413,311.9207937,24.28944444,616.0932753,176.8871106,23.88066667,17.17033333,192.5087723,642.7732005,47.01354497,21.01907093
2025-08-19 12:00:00+00:00,656.787177,317.2025641,24.3,619.7208384,133.5931177,23.88758503,17.29857143,197.631358,642.8415095,46.45428571,21.02301151
2025-08-19 12:15:00+00:00,636.6276028,318.3199074,24.18666667,613.4602016,113.8160045,23.98666667,17.26571429,202.7678439,633.4960012,45.72484848,21.33669231
2025-08-19 12:30:00+00:00,624.3490631,317.057095,24.15714286,613.7856452,106.8956028,24.0,17.18438776,207.5473129,625.8880958,44.8402381,21.47079082
2025-08-19 12:45:00+00:00,599.8642175,314.3559104,24.18833333,594.7106361,107.4255749,24.07333333,16.97555556,212.6582434,612.0924013,43.67874603,21.33407407
2025-08-19 13:00:00+00:00,587.7792105,312.8671896,24.05703939,581.4239845,113.0379939,24.10041667,17.18571429,216.716786,599.785607,42.641116,21.71617892
2025-08-19 13:15:00+00:00,567.5055169,314.3132407,24.07904762,568.0625471,124.6765835,24.14911111,17.41433333,221.7781373,579.9952939,41.12086602,21.78842989
2025-08-19 13:30:00+00:00,525.3830228,309.1257482,24.07692308,532.1969624,136.0070559,24.25,16.80039683,226.2081763,562.0539701,39.58788396,21.80408163
2025-08-19 13:45:00+00:00,504.6396173,307.8112648,23.84,505.5710378,163.583045,24.30083333,16.64666667,230.1464815,542.5116508,38.09720875,21.54117068
2025-08-19 14:00:00+00:00,498.155567,119.8475015,24.01619048,490.6930339,88.24868343,24.4,14.76904762,234.2852466,520.5032143,36.31253685,21.59799632
2025-08-19 14:15:00+00:00,496.7852468,63.05832673,24.44666667,484.6119869,61.02053634,24.49833333,14.88222222,238.4670678,492.1005138,34.40797643,21.18451563
2025-08-19 14:30:00+00:00,492.8120565,63.17754745,24.58,482.5243787,62.69669745,24.63549451,18.19994589,241.8879167,459.3097405,32.72095238,21.15887238
2025-08-19 14:45:00+00:00,491.6471577,62.98333333,24.628,480.8499589,61.97419864,24.79166667,16.78333333,245.8005291,428.1727066,30.64054353,21.15301376
2025-08-19 15:00:00+00:00,486.5555471,63.23033476,24.7,476.4286271,61.52738419,24.93,17.15466667,249.1854245,397.5794683,28.78266667,21.15266667
2025-08-19 15:15:00+00:00,484.4850697,62.72390798,24.74510204,473.3071301,62.24739077,25.13571429,17.40714286,252.8783418,370.5054134,26.60829082,21.10137755
2025-08-19 15:30:00+00:00,483.2873349,62.72695031,24.80166667,471.7937561,61.50415079,25.232,17.32253968,256.0670668,331.9818223,24.5983424,21.18752381
2025-08-19 15:45:00+00:00,480.4234155,63.06994048,24.9,469.8700106,62.63766417,25.32232143,17.0152381,259.3972583,305.806388,22.48275433,21.36700964
2025-08-19 16:00:00+00:00,478.7426907,63.71658875,24.9,468.6810767,62.0225065,25.44215873,16.93212121,262.573679,265.2146461,20.36478366,21.20948155
2025-08-19 16:15:00+00:00,477.5001698,63.38289072,24.9,466.1153746,62.94307694,25.50204082,16.81428571,265.9136054,236.1431775,18.13415751,21.43866497
2025-08-19 16:30:00+00:00,476.2569831,63.52093434,24.9,464.9928063,61.98344747,25.51511111,16.86,269.0685,167.8855473,15.96920635,21.27336825
2025-08-19 16:45:00+00:00,474.6448191,63.41143036,24.9,464.6380001,61.44203257,25.1975,16.70833333,272.0995653,64.86096634,13.83256674,20.75983983
2025-08-19 17:00:00+00:00,473.9630846,63.53666787,24.83833333,462.4254025,61.66030303,25.0462114,16.57005291,275.0670808,45.81567688,11.75469505,20.52438624
2025-08-19 17:15:00+00:00,474.2695541,64.15972222,24.77142857,461.4317182,61.62384593,24.81642857,16.83571429,278.2191359,36.58699676,9.552995814,20.70410714
2025-08-19 17:30:00+00:00,473.8172385,63.86302771,24.7,461.2710345,61.73187368,24.76133333,17.105,281.2188704,37.49322878,7.466380952,20.64746667
2025-08-19 17:45:00+00:00,472.5837931,63.03168601,24.66904762,460.7187771,61.39853295,24.66285714,17.02380952,284.197457,20.29923079,5.421017574,20.27128358
2025-08-19 18:00:00+00:00,472.3103299,64.0044511,24.6,459.7244821,61.50647059,24.6,16.95222222,287.3433333,11.29617108,3.2473367,19.70564021
2025-08-19 18:15:00+00:00,472.2273183,63.23723152,24.53482143,460.0,61.70239261,24.52519841,16.79047619,290.1241667,5.95827545,1.385881519,19.10309666
2025-08-19 18:30:00+00:00,473.2015459,64.14429691,24.44285714,459.6302469,62.16200323,24.4,17.01428571,293.3917857,2.665259099,-0.606349206,18.54640523
2025-08-19 18:45:00+00:00,473.0679115,63.45137202,24.4,459.5946581,61.53394142,24.34111111,16.74666667,296.6306667,0.627350095,-2.642751323,18.12425926
2025-08-19 19:00:00+00:00,472.8239469,15.9,24.35213675,460.1437209,16.10905453,24.3,17.27094017,299.8041001,0.038531746,-4.576378086,17.68698801
2025-08-19 19:15:00+00:00,471.9512514,0.0,24.3,460.3756065,0.0,24.29333333,17.44666667,302.9584993,0.0,-6.370239094,17.37273257
2025-08-19 19:30:00+00:00,469.9940694,0.0,24.2747619,459.8118661,0.0,24.2,17.60192308,306.0189445,0.0,-8.041274995,17.13589466
2025-08-19 19:45:00+00:00,470.0913353,0.0,24.2,458.4689037,0.0,24.17904762,17.79464286,309.4060592,0.0,-9.791915344,17.09603463
2025-08-19 20:00:00+00:00,470.3631018,0.0,24.2,458.4970811,0.0,24.1,18.05785714,312.7976989,0.0,-11.46044218,17.24134563
2025-08-19 20:15:00+00:00,470.3002546,0.0,24.14666667,458.4382726,0.0,24.1,18.23333333,316.2762159,0.0,-13.03647619,17.29953846
2025-08-19 20:30:00+00:00,468.677195,0.0,24.1,457.3610681,0.0,24.02857143,18.39285714,319.3405612,0.0,-14.35236317,17.21002551
2025-08-19 20:45:00+00:00,467.8847836,0.0,24.1,457.3657891,0.0,24.0,18.53882937,323.2635421,0.0,-15.85136027,16.98753728
2025-08-19 21:00:00+00:00,468.6005802,97.79199134,23.93571429,456.4010268,87.56417112,23.97333333,18.58,326.8228571,0.0,-17.06917749,16.70962771
2025-08-19 21:15:00+00:00,471.7624577,166.9138529,23.65333333,458.3117616,162.9605105,23.9,18.33592593,330.5347507,0.0,-18.23128788,16.50210826
2025-08-19 21:30:00+00:00,478.2151355,168.1269625,23.51428571,465.5766367,162.4705942,23.80666667,18.12142857,334.2155582,0.0,-19.2402619,16.24333333
2025-08-19 21:45:00+00:00,480.5776239,170.156306,23.44285714,468.7710801,161.8163851,23.70428571,17.94285714,337.7705988,0.0,-20.0760874,16.01992063
2025-08-19 22:00:00+00:00,483.8014133,266.817494,23.25444444,471.945098,270.5725793,23.6,17.85333333,341.8465623,0.0,-20.8404363,15.95461279
2025-08-19 22:15:00+00:00,486.1705849,316.7277063,23.07755102,475.0911915,317.4518503,23.47755102,17.70535714,345.4896825,0.0,-21.44543067,16.02928571
2025-08-19 22:30:00+00:00,487.2161687,315.4802521,22.8815873,476.0333056,317.622291,23.3,17.50619048,349.5386667,0.0,-21.94222222,15.94543056
2025-08-19 22:45:00+00:00,488.70729,312.0466039,22.74261905,476.4804708,320.0438306,23.15221088,17.4,353.4736974,0.0,-22.28227717,15.9217534
2025-08-19 23:00:00+00:00,489.2775263,312.6988235,22.63333333,476.1943485,319.3532021,23.06,17.22660317,357.4540418,0.0,-22.46866667,16.09152689
2025-08-19 23:15:00+00:00,488.7815785,312.9361829,22.51538462,475.8101097,320.0796589,22.90952381,16.96263736,52.84115646,0.0,-22.5,15.63938776
2025-08-19 23:30:00+00:00,489.5194935,319.2298783,22.40055556,477.350557,318.4203308,22.78911111,16.69022222,5.33162963,0.0,-22.37266667,15.26163492
2025-08-19 23:45:00+00:00,489.1247369,315.8435714,22.3,476.4354087,319.9734552,22.684,16.43888889,9.364758297,0.0,-22.14690476,14.92784127
2025-08-20 00:00:00+00:00,489.2123868,317.9005809,22.23612245,476.5123184,318.7103497,22.6,16.18464286,13.13678571,0.0,-21.70253685,14.74621212
2025-08-20 00:15:00+00:00,489.6491162,317.7027971,22.09333333,477.5033333,319.3952674,22.55333333,16.0,17.10566138,0.0,-21.14677273,14.62233333
2025-08-20 00:30:00+00:00,490.0543836,316.1627268,21.99285714,478.0804553,319.6418716,22.45714286,15.92142857,20.8783743,0.0,-20.47617347,14.56534091
2025-08-20 00:45:00+00:00,490.1333333,317.17673,21.94833333,478.2356902,319.2892593,22.37222222,15.80305556,24.5928836,0.0,-19.68206349,14.44381481
2025-08-20 01:00:00+00:00,491.0773783,319.1242848,21.79404762,478.0954264,318.8936851,22.32636054,15.7,28.43776927,0.0,-18.68214286,14.31321995
2025-08-20 01:15:00+00:00,491.7146199,317.6815852,21.772,478.6753871,317.5760438,22.24666667,15.64666667,31.95212121,0.0,-17.67151515,14.2
2025-08-20 01:30:00+00:00,491.7421785,318.9786539,21.69047619,478.7680044,317.8515076,22.11547619,15.6,35.50229891,0.0,-16.48859236,14.37701247
2025-08-20 01:45:00+00:00,493.0393909,315.1924126,21.63669048,479.3676834,316.1778671,22.06564103,15.6,38.935192,0.0,-15.23359219,14.46260244
2025-08-20 02:00:00+00:00,491.7136302,319.3375,21.55564103,478.7074661,319.341932,21.90437451,15.6,42.26730769,0.0,-13.93491124,14.4275
2025-08-20 02:15:00+00:00,490.995463,320.6244407,21.5,478.0492754,322.690909,21.9,15.55333333,45.88183502,0.0,-12.35073232,14.35496545
2025-08-20 02:30:00+00:00,491.9239742,312.5708333,21.44,479.3306242,319.4687146,21.87733333,15.37678571,49.63033333,0.0,-10.58862963,14.50666667
2025-08-20 02:45:00+00:00,493.015873,316.3543095,21.40393939,484.8353912,316.5501842,21.85714286,15.25,52.74659246,0.0,-8.980324675,14.72264456
2025-08-20 03:00:00+00:00,503.7011125,49.14047619,21.74666667,500.2560847,48.14814815,21.82666667,15.14962963,56.07651972,0.0,-7.242299404,14.30874851
2025-08-20 03:15:00+00:00,499.3699637,64.29332955,22.23826531,489.1709036,61.58878027,22.02408163,17.37857143,59.16675737,0.004220779,-5.487641723,13.83681406
2025-08-20 03:30:00+00:00,498.8516665,64.21010915,22.19472222,484.4145734,62.82567822,22.13416667,16.94,62.08703704,0.268861869,-3.813333333,13.91551987
2025-08-20 03:45:00+00:00,494.752381,63.95411255,22.17755102,480.3410893,63.50346036,22.2,17.69285714,65.49919218,1.932164055,-1.701488095,13.93154762
2025-08-20 04:00:00+00:00,491.2068735,63.463687,22.2,476.5111111,63.05367126,22.26833333,16.82225397,68.80878211,8.585658597,0.373690476,13.92869221
2025-08-20 04:15:00+00:00,487.8485043,63.57261905,22.2,474.9671876,62.23906295,22.3,17.56113946,71.76845779,13.85659252,2.278463719,13.96639378
2025-08-20 04:30:00+00:00,485.8815303,64.21386724,22.34666667,471.9924436,62.02085593,22.3,17.03833333,74.93128571,24.58523541,4.411238095,13.90809524
2025-08-20 04:45:00+00:00,484.6301046,63.98675696,22.40035714,471.1282472,62.96238135,22.29821429,16.99511905,77.92518553,70.7646469,6.409509895,14.26807669
2025-08-20 05:00:00+00:00,494.0313136,62.89095442,22.43393939,478.4477228,61.79572827,22.28383838,16.97525253,80.7512381,100.2705951,8.404937729,14.48625356
2025-08-20 05:15:00+00:00,502.0191211,65.0004386,22.55238095,490.133372,63.1422076,22.39285714,16.96428571,83.89282008,130.3203431,10.58799861,15.28010575
2025-08-20 05:30:00+00:00,515.837037,64.2227381,22.55071429,511.5652063,62.72721168,22.50230159,17.16006349,87.02426455,162.9529914,12.79341246,15.40140317
2025-08-20 05:45:00+00:00,559.8646451,64.00505637,22.71870748,541.8311558,63.02114856,22.61,17.04464286,89.76101399,191.739731,14.67673041,15.54151238
2025-08-20 06:00:00+00:00,597.4615258,62.84871376,22.96140306,593.8239594,62.39963372,22.71351515,17.12264069,93.11838746,221.0409291,16.98344526,16.38475547
2025-08-20 06:15:00+00:00,634.967537,62.87419471,23.07857143,650.3862708,63.01717811,22.88548753,17.15625,96.46678005,254.840064,19.25238095,17.01873016
2025-08-20 06:30:00+00:00,670.2439132,63.11794058,23.22485185,675.2681508,62.87786097,23.23679966,17.0,99.5304877,287.3720359,21.27808321,17.45597972
2025-08-20 06:45:00+00:00,685.770297,63.27462498,23.37751701,676.2763276,62.53265937,23.19404762,17.15142857,102.9373016,321.7545234,23.49587585,16.79465909
2025-08-20 07:00:00+00:00,691.8768842,63.17065758,23.436,682.8441464,63.04883814,23.14727273,17.26666667,106.2594603,352.7584167,25.54773016,17.60961111
2025-08-20 07:15:00+00:00,705.0687099,62.88812358,23.49285714,683.1129025,62.21598202,23.2,17.15816327,109.6330074,384.1146978,27.60950912,17.80035409
2025-08-20 07:30:00+00:00,711.7255058,62.72521455,23.46679654,678.1023159,62.05650072,23.24626479,17.16,113.0468485,414.8810944,29.50933333,18.54848485
2025-08-20 07:45:00+00:00,718.6351335,63.70201546,23.52797619,676.8092582,63.63538991,23.17472789,17.02261905,116.8288294,442.2479383,31.5502381,19.05466882
2025-08-20 08:00:00+00:00,720.7557997,64.32526215,23.63464646,672.5962631,64.09891738,23.28787879,17.17722222,120.5635265,461.7996398,33.4418139,19.54984778
2025-08-20 08:15:00+00:00,690.3084091,63.16777778,23.756,642.5338555,65.64434499,23.4,17.64285714,124.5057619,500.2588408,35.31174074,20.19058009
2025-08-20 08:30:00+00:00,704.4327826,63.58177438,23.68928571,639.3533428,66.09572063,23.4,17.46428571,128.3885346,535.224979,36.98047052,18.83153824
2025-08-20 08:45:00+00:00,677.8057912,65.00114478,23.8172619,611.8941703,67.10390572,23.42,17.37272727,132.6141296,552.4997914,38.67185185,19.49455556
2025-08-20 09:00:00+00:00,669.2825377,65.22692744,23.91809524,616.1336682,67.70907366,23.48877551,17.27,136.9760317,564.1950392,40.2197619,20.1312616
2025-08-20 09:15:00+00:00,677.5906405,64.67159452,23.86666667,647.6991116,67.08437479,23.48666667,17.14222222,141.5052323,583.7219167,41.64381481,19.3907899
2025-08-20 09:30:00+00:00,677.9979074,62.57142857,23.88416667,662.3135925,66.11748184,23.57261905,17.07592593,145.8423987,605.9828778,42.84976989,19.55693774
2025-08-20 09:45:00+00:00,653.0074074,64.52527713,24.059,614.9396491,65.48278499,23.71407937,17.27466667,150.9393889,622.0420471,44.09379894,19.33566296
2025-08-20 10:00:00+00:00,641.7733479,60.09814499,23.83846154,639.4028847,60.74768016,23.65952381,17.14291667,155.6492063,637.2581299,45.01598639,20.38329365
2025-08-20 10:15:00+00:00,633.3835194,60.40952479,23.88,607.9230884,59.74732678,23.54589226,17.30825397,160.6165476,647.0793014,45.83626374,21.26292857
2025-08-20 10:30:00+00:00,634.4913648,64.49646825,23.86361111,592.9238038,59.98484848,23.4,17.19111111,166.1528333,656.1177844,46.5025,21.04384259
2025-08-20 10:45:00+00:00,621.9886235,60.6486569,23.97777778,575.6811588,60.93112536,23.4,17.04820513,171.1631803,661.3192739,46.91011905,21.18429252
2025-08-20 11:00:00+00:00,613.24221,62.41030932,23.98288889,555.2523076,61.51794543,23.34746032,17.24722222,176.5633676,666.1309863,47.16374033,21.35368156
2025-08-20 11:15:00+00:00,598.6849336,61.87387335,23.95583333,545.7579727,61.25510104,23.28571429,17.27440476,181.5902778,669.7437406,47.2,20.51060039
2025-08-20 11:30:00+00:00,586.7658285,62.76200725,23.87422222,542.8658774,61.88529849,23.28666667,17.35444444,187.1478451,669.9658055,47.04222222,20.70182492
2025-08-20 11:45:00+00:00,587.0,60.43835209,23.9,542.9723929,60.5875054,23.3,17.1044898,192.4402471,668.6201766,46.68181638,20.03892496
2025-08-20 12:00:00+00:00,595.571297,63.72111925,23.96666667,539.3501019,61.90130566,23.29619048,16.96,197.8605159,521.8516164,46.10713131,20.37291515
2025-08-20 12:15:00+00:00,614.2446577,62.62183352,23.94831502,555.7974702,60.64093323,23.23465986,16.72051282,202.7222756,697.6500977,45.38983457,19.58862678
2025-08-20 12:30:00+00:00,620.09374,62.79914133,24.00343434,554.1200283,61.93610501,23.37723284,16.61418182,206.9710807,671.001553,44.60375317,19.52774396
2025-08-20 12:45:00+00:00,615.3754057,64.81636776,23.9640873,559.0635228,61.31312801,23.35706349,16.57031746,212.7150824,639.5045172,43.33583791,19.35034632
2025-08-20 13:00:00+00:00,612.7190441,66.2924183,24.00355556,545.7297203,62.08430335,23.45059524,16.82666667,217.4094687,624.8381917,42.09666667,19.05325
2025-08-20 13:15:00+00:00,612.6482143,67.03174603,23.95454545,545.8456448,61.51313686,23.60714286,16.95681818,221.7354172,601.2437866,40.75697279,19.56289683
2025-08-20 13:30:00+00:00,576.1797161,68.0949247,23.97985714,531.6314598,62.45360772,23.6,17.05714286,226.0682989,581.893837,39.28484271,19.33493074
2025-08-20 13:45:00+00:00,551.5487473,68.42239358,23.98761905,522.3812832,62.92089572,23.67571429,17.2952381,230.1321134,562.2670252,37.68396722,19.49568878
2025-08-20 14:00:00+00:00,528.2726378,65.6784188,23.83685185,522.1969716,64.17022193,23.74703704,16.08740741,234.1663157,534.0068106,35.98612471,19.18977326
2025-08-20 14:15:00+00:00,523.1549005,65.29252808,23.82618429,517.3867237,66.51884425,23.94397127,15.15011905,238.116163,513.3424032,34.20034965,19.06350078
2025-08-20 14:30:00+00:00,519.4218931,65.40112943,23.93333333,510.938312,65.83423757,24.124,17.70666667,241.8661905,487.9692269,32.3593254,18.55476984
2025-08-20 14:45:00+00:00,514.5569024,63.44324009,23.948,506.9739286,64.82342169,24.32888889,16.45466667,245.8226984,455.7413122,30.24206349,18.49628333
2025-08-20 15:00:00+00:00,505.8118056,63.67975883,24.02857143,500.864259,65.9981569,24.5377551,17.34142857,249.3514286,427.0380462,28.28928571,18.39860544
2025-08-20 15:15:00+00:00,499.8237371,65.1362482,24.11333333,493.6633805,65.95051994,24.64922559,17.18833333,252.6568694,395.575429,26.31857278,18.09136212
2025-08-20 15:30:00+00:00,494.7826342,64.48004099,24.13418367,487.2745394,66.14578083,24.76033163,17.28511905,255.9671429,364.8359197,24.3059949,17.56588889
2025-08-20 15:45:00+00:00,490.8607383,64.77131794,24.25333333,482.1868112,65.76792273,24.93888889,16.71333333,259.392,329.7624317,22.09416667,17.56914815
2025-08-20 16:00:00+00:00,487.2554847,65.02155483,24.22857143,477.7648178,66.37029345,25.06309524,16.44285714,262.5838549,297.7180789,19.96001134,17.82891156
2025-08-20 16:15:00+00:00,483.6215741,65.03413781,24.35738095,475.9824601,65.51613338,25.17793651,16.83714286,265.6044262,265.0034472,17.90987918,17.49586364
2025-08-20 16:30:00+00:00,481.5898384,64.5663636,24.3,473.4347232,65.7279888,25.3,17.02857143,268.817398,230.0811062,15.71527015,16.99292517
2025-08-20 16:45:00+00:00,480.2508053,64.48257519,24.47333333,471.5816826,65.51521096,25.29466667,16.71466667,271.7944444,196.3598233,13.6325,16.87254545
2025-08-20 17:00:00+00:00,478.1433087,64.49896316,24.44571429,469.2022222,64.84444444,25.2,17.12714286,274.9709502,160.8710162,11.41443815,16.6543807
2025-08-20 17:15:00+00:00,475.3577488,64.00075889,24.4,467.7248922,64.66466769,25.08,16.83,277.6553333,132.9951636,9.539666667,16.527
2025-08-20 17:30:00+00:00,474.0300882,64.46442816,24.4,466.6050513,65.73284308,25.04,17.12666667,281.0530476,96.07427541,7.149238095,16.22609312
2025-08-20 17:45:00+00:00,473.5282852,64.26973027,24.38316327,465.6237526,65.37524504,25.0077381,16.96,284.0330844,66.48785664,5.109795918,16.1122616
2025-08-20 18:00:00+00:00,472.6286969,63.81256769,24.3,465.3197932,65.5267945,24.76666667,16.66666667,287.1487369,37.99304986,3.001270803,15.90476563
2025-08-20 18:15:00+00:00,472.768351,62.93443878,24.28,464.8891109,61.59777584,24.65632653,17.22142857,290.0416667,15.50933296,1.100793651,15.49821429
2025-08-20 18:30:00+00:00,472.6842211,65.07734621,24.17666667,463.8342659,59.4145119,24.45611111,16.54166667,293.3933545,3.314851342,-1.004050265,15.02571429
2025-08-20 18:45:00+00:00,472.3575861,64.44985015,24.08571429,462.6987425,60.16012319,24.31428571,17.35309524,296.4384949,0.680936024,-2.908290816,14.82738095
2025-08-20 19:00:00+00:00,472.4044464,9.077474748,24.0,462.4285247,8.277509158,24.19580952,16.8,299.6516722,0.048705739,-4.817393939,14.676
2025-08-20 19:15:00+00:00,472.333787,0.0,24.0,461.8772741,0.0,24.10408163,16.89464286,302.7243354,0.0,-6.642993713,14.49798495
2025-08-20 19:30:00+00:00,472.2159452,0.0,23.93333333,461.3115152,0.0,24.00666667,16.86666667,305.927672,0.0,-8.373193843,14.42979125
2025-08-20 19:45:00+00:00,470.2560107,0.0,23.9,460.6105648,0.0,23.98387755,16.70119048,309.4210714,0.0,-10.17904762,14.55567857
2025-08-20 20:00:00+00:00,469.5857143,0.0,23.87333333,460.0366984,0.0,23.87595238,16.7,312.6901948,0.0,-11.76738095,14.37394949
2025-08-20 20:15:00+00:00,469.6548341,0.0,23.8,458.6250144,0.0,23.8,16.7,316.0556689,0.0,-13.32856009,14.46357143
2025-08-20 20:30:00+00:00,469.010357,0.0,23.71333333,458.4915446,0.0,23.79259259,16.7,319.6536667,0.0,-14.82861111,14.57410684
2025-08-20 20:45:00+00:00,468.0646621,0.0,23.7,457.6729164,0.0,23.7,16.7,323.1757738,0.0,-16.16130952,14.46095238
2025-08-20 21:00:00+00:00,466.7969757,112.4026115,23.56,456.9613131,109.4120314,23.66666667,16.43333333,326.6791353,0.0,-17.36166667,14.63781422
2025-08-20 21:15:00+00:00,472.148156,171.5894047,23.20253968,460.4889737,161.5019259,23.55373016,15.99555556,330.0106481,0.0,-18.40916667,14.57322655
2025-08-20 21:30:00+00:00,476.3613209,170.032506,22.9552381,464.6048965,163.6224901,23.35816327,15.69761905,334.2515074,0.0,-19.58216837,14.23721916
2025-08-20 21:45:00+00:00,479.9174708,169.3949134,22.75466667,467.8065955,159.3027306,23.18361111,15.60222222,338.008254,0.0,-20.43714286,14.39375238
2025-08-20 22:00:00+00:00,482.6869383,169.9760668,22.66794872,471.1990829,163.8593211,23.06178571,15.76051282,341.8671336,0.0,-21.23480726,14.66428571
2025-08-20 22:15:00+00:00,483.2207594,169.5286111,22.54555556,472.706676,165.6832628,22.945,15.74857143,345.7084885,0.0,-21.81182275,14.64618855
2025-08-20 22:30:00+00:00,484.4290494,171.1823038,22.40634921,473.7267892,160.1215786,22.82738095,15.54086735,349.6197846,0.0,-22.29151386,14.55357143
2025-08-20 22:45:00+00:00,484.8934473,171.4751204,22.3,474.2992442,160.7889911,22.79166667,15.58923077,353.3935185,0.0,-22.61333333,14.5635
2025-08-20 23:00:00+00:00,487.1184292,171.531746,22.3,475.5501322,167.9612747,22.7,15.06428571,357.4583055,0.0,-22.8,14.23894776
2025-08-20 23:15:00+00:00,488.5411147,173.3500599,22.23730159,476.8525532,167.6547523,22.63948653,14.84021164,49.35687302,0.0,-22.8,13.73472222
2025-08-20 23:30:00+00:00,491.4217056,168.6431779,22.16666667,480.5010965,159.2504999,22.6,14.75777778,5.522777778,0.0,-22.71833333,13.35585185
2025-08-20 23:45:00+00:00,495.6348846,169.9368308,22.1,483.9399206,169.6255854,22.56857143,14.65384615,9.331632653,0.0,-22.45556973,13.30393785
2025-08-21 00:00:00+00:00,497.2151598,173.1232811,22.05258466,485.2399741,162.1666511,22.5,14.82025926,13.25025458,0.0,-22.04920147,13.39226575
2025-08-21 00:15:00+00:00,498.9874077,169.9477793,22.02380952,487.1171325,162.1291667,22.41714286,14.6,17.29405664,0.0,-21.44827355,12.9298137
2025-08-21 00:30:00+00:00,500.582411,173.2579288,21.97792593,489.2031671,161.6178236,22.39888889,14.6,20.70125186,0.0,-20.83615274,13.25687662
2025-08-21 00:45:00+00:00,501.0271429,170.7598171,21.9,489.3210462,159.4720563,22.3,14.71875,24.8044052,0.0,-19.96487441,13.15534347
2025-08-21 01:00:00+00:00,501.2433333,170.254899,21.86666667,489.999287,160.7266234,22.26,14.87916667,28.53460895,0.0,-18.99102597,13.18666667
2025-08-21 01:15:00+00:00,502.1389495,171.7396187,21.8,490.6132044,164.956206,22.1925,14.57,32.28348341,0.0,-17.91615512,13.0978355
2025-08-21 01:30:00+00:00,502.6419643,170.1365569,21.80102041,492.3298822,163.5446849,22.13788265,14.45512987,35.95250634,0.0,-16.69215175,12.89141066
2025-08-21 01:45:00+00:00,504.358948,168.8008805,21.76444444,492.0419951,164.8717218,22.095,14.40222222,39.3687037,0.0,-15.44039679,12.8
2025-08-21 02:00:00+00:00,501.5648241,170.1642911,21.7,491.8096814,164.3757498,22.0,14.58469388,42.89865569,0.0,-14.01053571,12.89854257
2025-08-21 02:15:00+00:00,500.1895986,167.3936064,21.67333333,489.9341536,167.1911588,21.95352381,14.44933333,46.32555291,0.0,-12.52562169,12.5617619
2025-08-21 02:30:00+00:00,504.5130069,172.0781702,21.62278912,498.8331142,165.466869,21.98571429,14.2,49.59474026,0.0,-10.99733045,12.32628571
2025-08-21 02:45:00+00:00,513.9682528,169.3407313,21.74055556,507.8120083,160.2448025,21.97666667,14.2,52.87076435,0.0,-9.307173382,12.41438095
2025-08-21 03:00:00+00:00,511.5669392,54.68571429,21.89892857,503.0720882,53.79655741,21.9,14.56047619,56.33579932,0.0,-7.483205782,12.60984127
2025-08-21 03:15:00+00:00,503.8368936,60.74118111,22.085,492.6952616,63.57279108,22.05025397,17.71866667,59.52039683,0.0,-5.668912698,12.97456905
2025-08-21 03:30:00+00:00,500.9104466,60.5215651,22.1,489.120886,62.97116703,22.1,16.32777778,62.81323232,0.069792208,-3.730293651,13.48375397
2025-08-21 03:45:00+00:00,496.9056806,60.77901949,22.12071429,483.998421,63.25454643,22.1,17.60119048,65.93368764,0.701364288,-1.812585034,13.38467532
2025-08-21 04:00:00+00:00,493.4398396,60.1903285,22.27944444,480.9991631,62.70400626,22.1,16.69444444,69.05022222,2.824495786,0.129206349,13.15818182
2025-08-21 04:15:00+00:00,490.9479792,60.72725687,22.2377551,478.8081807,63.69301941,22.1,16.66785714,72.00404762,6.726615955,2.032619048,13.09785714
2025-08-21 04:30:00+00:00,489.6385465,59.97946971,22.22599567,477.5119271,63.44752075,22.1,16.66977633,74.71800083,13.26026258,3.846207126,13.19333333
2025-08-21 04:45:00+00:00,490.3997629,60.64393939,22.21735828,477.1958254,63.30911075,22.1,17.11582766,77.93324675,22.07943516,6.051515152,13.23245284
2025-08-21 05:00:00+00:00,495.79816,60.62668091,22.27111111,483.5948859,64.140675,22.0,17.0377551,81.20412698,35.12626929,8.320539683,13.35638095
2025-08-21 05:15:00+00:00,512.8442447,61.6491494,22.475,490.8268149,63.58130156,22.17612245,16.995,84.30542517,52.18147461,10.47240646,13.6399178
2025-08-21 05:30:00+00:00,529.7156909,60.99526215,22.58518519,516.4217978,63.25665449,22.28074074,16.97492063,87.3073545,67.929888,12.5805291,13.90475661
2025-08-21 05:45:00+00:00,570.0802034,61.43658253,22.5202381,555.3475799,63.34646496,22.44285714,16.93846154,90.18095238,85.88540831,14.56462585,14.231927
2025-08-21 06:00:00+00:00,646.7931325,62.03739298,22.70630952,631.5920062,62.10160159,22.47813492,16.97,93.42109788,155.2081153,16.78439153,14.88620716
2025-08-21 06:15:00+00:00,688.1102716,61.3577999,22.89017857,658.3579751,62.71200355,22.77428571,16.46642857,96.72264077,189.4218049,19.02365762,15.43769121
2025-08-21 06:30:00+00:00,678.9591386,61.7307373,22.95509259,667.1013228,63.85100152,23.01846128,17.1,99.94675158,202.2403842,21.15493162,15.74390151
2025-08-21 06:45:00+00:00,657.1614548,61.57694032,23.16153846,640.7464524,62.72543575,23.19404762,17.10096154,103.1207483,338.0157113,23.18988946,15.90468908
2025-08-21 07:00:00+00:00,671.2331075,60.89753765,23.18571429,685.4232473,63.08548104,23.18,17.134,106.3946667,213.4184234,25.27111111,15.78057143
2025-08-21 07:15:00+00:00,704.8095255,61.18733505,23.40761905,701.9923445,63.60611598,23.26095238,17.0,110.0851373,280.8420011,27.45763356,15.51936819
2025-08-21 07:30:00+00:00,713.9622431,61.32026144,23.45738095,699.9069481,63.82480377,23.35142857,17.09230769,113.6086139,406.8083753,29.44016723,15.94310915
2025-08-21 07:45:00+00:00,738.3573698,61.15312309,23.6,701.3930333,62.13895676,23.46863636,16.88928571,117.1569418,230.7002564,31.33829245,15.74883516
2025-08-21 08:00:00+00:00,765.5877448,61.61587302,23.66153846,701.1219581,62.20443723,23.48557692,16.83333333,120.881248,567.1387136,33.22856947,16.38410913
2025-08-21 08:15:00+00:00,764.1643988,61.04939394,23.74285714,693.0487059,63.14875955,23.48081633,17.21428571,124.4967473,257.3240344,34.94654915,16.69530388
2025-08-21 08:30:00+00:00,749.2533929,61.17531179,23.7225,712.9154597,63.68678017,23.43663265,17.10178571,128.6976531,241.1208945,36.72815399,16.5367517
2025-08-21 08:45:00+00:00,721.221214,61.3613008,23.8675,660.7678115,63.62302658,23.46166667,17.0,132.6006448,195.1177563,38.30098317,16.40196667
2025-08-21 09:00:00+00:00,738.3555112,60.3,23.84880952,709.4827395,62.53676324,23.35982143,16.93571429,136.6665079,184.1751634,39.76571429,15.99357143
2025-08-21 09:15:00+00:00,735.8820319,61.74323871,23.84,746.0601502,64.44309809,23.60175926,16.76666667,141.5978889,200.7697824,41.34855556,15.77924868
2025-08-21 09:30:00+00:00,720.9321046,61.4530719,23.91111111,704.6945076,63.16588546,23.56,16.98666667,146.4154762,274.530068,42.65942857,16.29960317
2025-08-21 09:45:00+00:00,704.809153,62.01297033,23.92576566,654.9102861,63.6152147,23.5,17.17925824,150.705845,371.1452294,43.70302579,16.60074176
2025-08-21 10:00:00+00:00,707.3415844,61.8097668,23.97670707,648.7946257,63.75227473,23.46371001,17.0,155.8484095,212.7511307,44.72713659,16.2169262
2025-08-21 10:15:00+00:00,699.1525319,71.12698772,23.98115079,655.4072854,61.72019613,23.56428571,17.00595238,160.9511946,759.1187571,45.51352092,16.79302721
2025-08-21 10:30:00+00:00,684.1430047,76.901036,24.09213492,671.7739213,63.14626103,23.79333333,17.48447619,165.866703,502.4416112,46.12798918,17.41186386
2025-08-21 10:45:00+00:00,679.7876163,90.43636598,24.19285714,683.8821776,63.11394736,23.76250567,16.98571429,170.7167512,323.3115884,46.54435246,16.7468269
2025-08-21 11:00:00+00:00,712.0382036,106.0129894,24.11955556,691.8276587,64.27710357,23.76666667,16.99244444,176.7267706,667.3777051,46.84155556,17.3520961
2025-08-21 11:15:00+00:00,716.6011964,125.4778694,24.25346939,691.0739835,63.12560553,23.81862245,17.37142857,182.0577381,447.3583954,46.87589286,17.62619048
2025-08-21 11:30:00+00:00,713.3645814,152.0942338,24.33968742,702.4231141,63.63061923,23.76366667,16.97253968,187.1793016,497.6513516,46.68786813,17.08568071
2025-08-21 11:45:00+00:00,722.6234037,176.0907984,24.19761905,695.6143334,62.92323578,23.78061224,17.31282051,192.5400397,692.9015185,46.33938776,17.43411706
2025-08-21 12:00:00+00:00,695.4257699,188.6483476,24.13515873,696.3120478,63.46688793,23.8,17.43142857,197.2890476,691.5230807,45.82583333,17.83980952
2025-08-21 12:15:00+00:00,670.1680338,200.6640252,24.10990363,660.5065684,63.53817438,23.84637188,17.8368424,202.4397698,672.3138727,45.06154827,18.42148766
2025-08-21 12:30:00+00:00,661.7665056,208.5424104,23.99888889,666.468748,63.95833614,23.81333333,17.54460317,207.598359,635.4877967,44.13155556,18.26498974
2025-08-21 12:45:00+00:00,644.4238071,204.9716759,23.98586735,644.759717,63.77284456,23.81785714,16.98076923,212.2703571,187.8550698,43.09357143,17.681
2025-08-21 13:00:00+00:00,633.4627587,200.8604235,23.99644444,622.1758137,65.23916652,23.8,16.33425123,216.9143344,83.38678229,41.89063214,16.90688457
2025-08-21 13:15:00+00:00,612.1148712,195.2167208,23.77816739,602.1895488,64.77959312,23.73571429,15.47580087,221.4946112,105.1049383,40.49978664,15.49309253
2025-08-21 13:30:00+00:00,595.602528,175.6596174,23.85060847,605.3642886,63.65352093,23.68761568,15.86055556,225.8000082,246.2718662,38.99872511,14.61486061
2025-08-21 13:45:00+00:00,575.7122221,169.5881519,23.9,581.9844293,63.65513784,23.7,17.01428571,230.2053571,257.0469239,37.29095547,15.29876417
2025-08-21 14:00:00+00:00,560.8894783,164.0662322,23.92777778,567.4648939,64.17861019,23.71333333,17.44444444,234.2263661,208.308148,35.5918096,15.95355171
2025-08-21 14:15:00+00:00,559.9417719,156.2024522,23.93107143,565.7975446,63.86809055,23.8,17.27392857,237.9821542,295.943476,33.89301304,16.3924698
2025-08-21 14:30:00+00:00,561.2044266,144.3837133,23.89857143,558.8285658,64.31548755,23.80714286,17.52460317,241.7076455,329.4484431,32.04333333,16.50638623
2025-08-21 14:45:00+00:00,559.0641667,139.0052381,24.0352381,566.600701,65.45039421,24.07126984,17.65333333,245.4711402,486.5309813,30.05827249,17.02519481
2025-08-21 15:00:00+00:00,567.6614654,69.78607022,24.01428571,582.0648996,57.96592568,24.29166667,17.05489796,249.1023419,262.2467646,28.02959517,16.6783746
2025-08-21 15:15:00+00:00,584.0493218,61.61279461,24.0,575.0989849,65.20643943,24.18666667,16.17380952,252.3328764,134.0794581,26.09601587,16.17288793
2025-08-21 15:30:00+00:00,561.5920289,62.11858637,24.08878205,560.0199332,65.72906983,24.03482143,15.9843956,255.8933844,247.5264081,23.93136905,16.06224603
2025-08-21 15:45:00+00:00,542.6095319,61.56540404,24.102,544.6960654,65.40437909,24.22055556,17.50444444,259.171418,376.1121953,21.81437831,16.37971247
2025-08-21 16:00:00+00:00,530.9760046,61.70577103,24.2,529.546453,63.4015559,24.3327417,17.24623016,262.425,239.2567581,19.65793651,16.30646825
2025-08-21 16:15:00+00:00,524.7635036,62.65229271,24.2,518.0607977,60.62129647,24.5627381,16.49333333,265.455873,254.683343,17.6447381,16.30969074
2025-08-21 16:30:00+00:00,514.4264844,61.92533263,24.2,509.506368,60.21974054,24.68571429,17.22142857,268.3921952,145.0542192,15.60784275,16.25313318
2025-08-21 16:45:00+00:00,507.1342588,62.37541889,24.24666667,500.0951489,59.82475626,24.67333333,17.03865079,271.7684444,188.7213519,13.24066667,16.14857037
2025-08-21 17:00:00+00:00,500.4306818,61.96187438,24.3,493.6138528,60.63271658,24.59234694,16.44285714,274.7501587,151.877458,11.17739429,16.20968254
2025-08-21 17:15:00+00:00,494.83,62.79064103,24.29333333,487.9952466,63.70746474,24.50666667,16.798,277.8567369,116.8048866,8.978291486,16.06599134
2025-08-21 17:30:00+00:00,489.282963,62.56066138,24.2,482.9367195,66.25509337,24.552,17.2,280.9212273,68.97646701,6.829481241,15.77015873
2025-08-21 17:45:00+00:00,486.4781025,62.00784253,24.13214286,478.9196206,66.73700397,24.27823129,17.08214286,284.0116686,31.34265845,4.705144796,15.37322542
2025-08-21 18:00:00+00:00,482.6594851,62.61453176,24.06619048,475.376532,63.59686479,24.10334921,16.78666667,287.02,13.72513536,2.684219577,14.9925
2025-08-21 18:15:00+00:00,480.7511591,62.12496458,23.97142857,471.9266478,60.76872329,24.01845238,16.9087031,289.9314775,7.319316745,0.789104778,14.69376623
2025-08-21 18:30:00+00:00,478.3069696,62.60958995,23.9,470.9204274,60.58432421,23.82916667,17.2,293.2115022,2.346796131,-1.276184223,14.45390296
2025-08-21 18:45:00+00:00,476.4854936,61.50765306,23.81428571,468.3695408,59.86348554,23.76904762,17.04367347,296.3766505,0.415463564,-3.261474637,14.29328693
2025-08-21 19:00:00+00:00,475.7553348,15.5474026,23.72666667,467.236145,14.12894737,23.68533333,17.31333333,299.4318182,0.012777778,-5.088922559,14.17560774
2025-08-21 19:15:00+00:00,475.4715344,0.0,23.65678571,465.0776006,0.0,23.6,17.6,302.8404365,0.0,-7.070952381,14.12283069
2025-08-21 19:30:00+00:00,473.8792514,0.0,23.6,464.8094169,0.0,23.59676871,17.485,306.045,0.0,-8.804365079,13.97894249
2025-08-21 19:45:00+00:00,473.2951323,0.0,23.56916667,463.7927247,0.0,23.5,17.17353968,309.3046062,0.0,-10.47497355,13.90192641
2025-08-21 20:00:00+00:00,472.8054437,0.0,23.5,462.4346965,0.0,23.45526696,16.85331633,312.7318878,0.0,-12.18409864,13.91853742
2025-08-21 20:15:00+00:00,472.2851931,0.0,23.5,461.9498927,0.0,23.4,16.58367347,315.9182143,0.0,-13.61475397,13.82377778
2025-08-21 20:30:00+00:00,472.7181745,0.0,23.41904762,461.2593665,0.0,23.35,16.39285714,319.5722135,0.0,-15.12741148,13.64389796
2025-08-21 20:45:00+00:00,471.5842997,0.0,23.4,460.0802031,0.0,23.3,16.26533333,323.0764805,0.0,-16.45656566,13.59755664
2025-08-21 21:00:00+00:00,471.2857285,0.0,23.4,459.447114,0.0,23.23571429,16.14027778,326.7771967,0.0,-17.77547052,13.61453515
2025-08-21 21:15:00+00:00,470.725689,0.0,23.4,458.9419703,0.0,23.2,16.00666667,330.4574016,0.0,-18.86520979,13.64666667
2025-08-21 21:30:00+00:00,469.5889271,0.0,23.32857143,458.4997202,0.0,23.12857143,15.87261905,334.1146939,0.0,-19.85459184,13.51235828
2025-08-21 21:45:00+00:00,468.5525383,0.0,23.3,456.7120135,0.0,23.1,15.8,337.7592143,0.0,-20.75417725,13.50178571
2025-08-21 22:00:00+00:00,469.7067593,0.0,23.27416667,456.2441503,0.0,23.09925926,15.75714286,341.905,0.0,-21.55878788,13.37576515
2025-08-21 22:15:00+00:00,467.3960152,0.0,23.20209235,455.2750916,0.0,23.0152381,15.7702381,345.4205406,0.0,-22.09570085,13.22164199
2025-08-21 22:30:00+00:00,467.3693275,0.0,23.2,454.4839377,0.0,22.98666667,15.66666667,349.4331323,0.0,-22.60740741,13.23058338
2025-08-21 22:45:00+00:00,466.1860152,0.0,23.2,454.0621943,0.0,22.9,15.6,353.7158532,0.0,-22.96964286,13.18616162
2025-08-21 23:00:00+00:00,465.5447946,0.0,23.15833333,452.7005817,0.0,22.9,15.6,357.5447795,0.0,-23.14209259,13.10920034
2025-08-21 23:15:00+00:00,464.9393,0.0,23.1,452.390081,0.0,22.80612245,15.56071429,38.65820862,0.0,-23.17857143,13.27559524
2025-08-21 23:30:00+00:00,463.9124603,0.0,23.04666667,450.9611977,0.0,22.8,15.46388889,5.562555556,0.0,-23.05259259,13.47650317
2025-08-21 23:45:00+00:00,462.364024,0.0,23.0,450.5685695,0.0,22.8,15.4,9.156850907,0.0,-22.77118197,13.19184957
2025-08-22 00:00:00+00:00,461.3139037,0.0,23.0,449.6435673,0.0,22.73809524,15.31142857,13.33071429,0.0,-22.36074074,13.27511111
2025-08-22 00:15:00+00:00,460.3290926,0.0,22.96111111,450.2687905,0.0,22.7,15.20666667,17.24943122,0.0,-21.81682207,13.19387094
2025-08-22 00:30:00+00:00,459.7350057,0.0,22.9,449.1367794,0.0,22.7,15.10769231,21.16339286,0.0,-21.09503968,13.13011905
2025-08-22 00:45:00+00:00,459.3253097,0.0,22.9,448.6116561,0.0,22.67988095,15.1,25.01865608,0.0,-20.26396296,12.95428571
2025-08-22 01:00:00+00:00,458.4813489,0.0,22.87142857,447.4573907,0.0,22.6,15.1,28.58813433,0.0,-19.33376301,12.82012637
2025-08-22 01:15:00+00:00,457.812596,0.0,22.8,446.7336617,0.0,22.6,15.05555556,32.30630471,0.0,-18.2430303,12.7190404
2025-08-22 01:30:00+00:00,456.7865254,0.0,22.8,445.932555,0.0,22.6,15.0,36.03598235,0.0,-17.0209064,12.62363946
2025-08-22 01:45:00+00:00,455.7701128,0.0,22.8,444.8011668,0.0,22.6,15.0,39.60355556,0.0,-15.73577778,12.58752169
2025-08-22 02:00:00+00:00,454.5446231,0.0,22.8,445.2976846,0.0,22.6,14.9,43.0447132,0.0,-14.31285147,12.4778189
2025-08-22 02:15:00+00:00,453.627262,0.0,22.8,443.8424242,0.0,22.6,14.9,46.49171525,0.0,-12.79446296,12.17479471
2025-08-22 02:30:00+00:00,454.7192688,0.0,22.8,447.0804834,0.0,22.6,14.9,49.88792517,0.0,-11.20306122,11.93107143
2025-08-22 02:45:00+00:00,464.1408297,0.0,22.8,470.2599663,0.0,22.6,15.02666667,53.10316608,0.0,-9.569677316,11.77439316
2025-08-22 03:00:00+00:00,473.6500711,38.76221946,22.91538462,464.4149211,39.14101684,22.6,16.15897436,56.53681684,0.0,-7.754455267,11.66848148
2025-08-22 03:15:00+00:00,468.328022,62.58397436,22.96904762,458.3848475,62.57497911,22.6,18.31746032,59.83035714,0.0,-5.887608225,11.54646215
2025-08-22 03:30:00+00:00,468.0187566,62.9295116,22.82619048,457.6160476,62.71659683,22.6,15.95911111,62.92537638,0.215460859,-4.042633478,11.41191111
2025-08-22 03:45:00+00:00,468.3506518,63.48379431,22.73877551,458.1041928,62.96754253,22.58912698,17.73705215,66.05340213,1.390533948,-2.12996563,11.43774892
2025-08-22 04:00:00+00:00,469.9448413,62.70108466,22.70666667,458.4461888,63.01315422,22.5,16.44222222,69.15646176,4.972696426,-0.187037037,11.446
2025-08-22 04:15:00+00:00,470.5149094,62.95562255,22.70451247,457.8541349,63.57330209,22.5,16.04285714,72.05,15.1039523,1.619387755,11.19642857
2025-08-22 04:30:00+00:00,470.9778575,62.88962963,22.6,457.5016316,62.65056088,22.5,16.75313187,75.37062678,40.33157822,3.88484127,11.68430342
2025-08-22 04:45:00+00:00,470.0251623,63.14075654,22.6,458.3638489,62.8279414,22.5,17.20347985,78.42740801,67.34098447,5.97536075,11.98006648
2025-08-22 05:00:00+00:00,470.9566086,62.74341621,22.67466667,459.6478836,63.21957672,22.5,16.85666667,81.43537037,95.07245652,8.07705772,12.26666902
2025-08-22 05:15:00+00:00,471.2598377,62.66485065,22.65333333,460.1365003,63.99023984,22.5,17.1,84.40699926,123.8782461,10.13696159,12.47237053
2025-08-22 05:30:00+00:00,473.4139957,62.10497439,22.59464286,464.2559524,63.14123377,22.50833333,17.19642857,87.65018759,155.8043392,12.34485828,12.93675325
2025-08-22 05:45:00+00:00,474.4796773,62.90810684,22.61098901,470.6197352,62.19968123,22.54833333,17.23824176,90.54402116,211.649016,14.38404762,13.4430101
2025-08-22 06:00:00+00:00,481.1948493,63.27252336,22.74944367,483.0129259,63.31727919,22.59297619,17.00607143,93.70159097,67.35899612,16.59651985,13.69462121
2025-08-22 06:15:00+00:00,492.1092105,62.63729258,22.71047619,502.3654461,63.56940384,22.68761905,16.92142857,96.93838889,73.94198843,18.75642857,13.53016667
2025-08-22 06:30:00+00:00,518.5542909,62.89710884,22.84615385,522.7665913,61.94029021,22.7822449,17.14058608,100.2968069,93.64934156,20.97600881,13.67862923
2025-08-22 06:45:00+00:00,531.1094729,62.0768007,22.86803535,534.2689514,62.95265031,22.74190088,17.0,103.2956695,91.80655837,22.91538992,13.95362386
2025-08-22 07:00:00+00:00,525.7250179,61.89960099,22.81857143,534.0758325,61.45122844,22.73740079,17.0,106.709304,96.97716517,25.03319706,14.09981868
2025-08-22 07:15:00+00:00,530.87367,62.73468661,23.01333333,533.6236566,63.35088362,22.8,17.16619048,110.2100988,155.4122219,27.10080586,14.29119231
2025-08-22 07:30:00+00:00,539.2353616,62.53081302,23.1,547.9863863,62.9029385,22.82908163,16.88181818,113.8059325,111.5583547,29.16106859,14.31904167
2025-08-22 07:45:00+00:00,541.2142202,62.84260208,23.12,554.2525814,62.88584761,22.88562626,16.95098413,117.1436674,124.7232519,30.97328283,14.26413675
2025-08-22 08:00:00+00:00,557.5035072,62.32601852,23.19,567.2950957,63.77210692,22.93244444,17.14666667,121.1526984,231.6873593,32.97014815,14.706
2025-08-22 08:15:00+00:00,567.6846467,61.5738561,23.11269841,581.5976478,61.86477017,23.03079365,16.92176871,124.7316327,381.9690369,34.60704082,15.00632653
2025-08-22 08:30:00+00:00,564.124779,62.67208412,23.21666667,582.9116351,63.59850443,23.03109259,16.96,129.1760847,190.7616755,36.54777778,14.91426082
2025-08-22 08:45:00+00:00,568.421584,63.39683389,23.31746032,578.5340021,63.9605544,23.04506494,16.98571429,133.059118,353.9596101,38.11001984,14.72243315
2025-08-22 09:00:00+00:00,570.9868596,62.55328647,23.36533333,581.2256046,62.43063382,23.19556061,17.09790476,137.4285944,437.8737282,39.63574847,15.24731602
2025-08-22 09:15:00+00:00,579.0218383,62.13323066,23.3677381,600.9097042,62.85862101,23.23452381,16.97142857,141.6775649,214.5790551,41.00342713,15.3764229
2025-08-22 09:30:00+00:00,577.9367449,62.5811162,23.37974747,585.7446583,62.06757382,23.17321429,16.96711111,146.4801255,242.866256,42.32295094,15.57806818
2025-08-22 09:45:00+00:00,568.9505383,62.22480159,23.4,572.1406845,62.77069787,23.2,17.13571429,150.6622276,192.8927117,43.34990079,15.75356061
2025-08-22 10:00:00+00:00,562.379697,60.93186147,23.43266667,560.4129966,62.02387028,23.2,17.04733333,156.2372967,206.1572247,44.43844444,15.78777436
2025-08-22 10:15:00+00:00,562.4497013,63.67117605,23.45714286,552.3018638,64.41788372,23.2,16.98571429,160.9408511,617.8786603,45.18977273,16.0434462
2025-08-22 10:30:00+00:00,563.2074093,62.9971352,23.47619048,556.2041036,64.07743779,23.1525,17.15527778,166.0113333,458.8760906,45.81627273,16.46151587
2025-08-22 10:45:00+00:00,563.6819444,63.15456369,23.54761905,550.4179808,63.57392933,23.20258503,17.02460317,171.5175919,528.7854463,46.29311329,16.72295702
2025-08-22 11:00:00+00:00,562.5679388,62.74444444,23.53078355,547.8131082,63.49406949,23.27202381,17.27688889,176.6824868,690.258374,46.48190476,16.84573545
2025-08-22 11:15:00+00:00,563.8854266,62.97051563,23.47714286,547.104383,65.2938976,23.26190476,17.34464286,181.7972171,652.9060692,46.54928571,17.2974026
2025-08-22 11:30:00+00:00,559.0437434,63.59818182,23.7,534.6052546,64.27917306,23.3,17.50333333,187.2962057,625.9110358,46.3615812,17.63341026
2025-08-22 11:45:00+00:00,559.6324074,63.88303197,23.7,530.5891475,65.43002257,23.3,17.4647619,192.5557727,797.8648096,45.99919865,17.91698148
2025-08-22 12:00:00+00:00,555.3731731,63.32782951,23.7,534.5684699,65.60129551,23.25714286,17.68928571,197.6815306,686.747802,45.42785714,17.83469643
2025-08-22 12:15:00+00:00,553.4186568,62.97390905,23.67333333,525.5402464,65.57309532,23.2,17.52,202.8084083,304.3423084,44.69300297,17.58352531
2025-08-22 12:30:00+00:00,544.7563768,66.028328,23.67054422,521.0104009,66.74412492,23.1485034,17.33892857,207.6346882,658.2386612,43.78375,17.56792404
2025-08-22 12:45:00+00:00,534.3984488,65.72089669,23.64462963,516.5978677,65.75731803,23.19333333,17.52533333,212.5104127,551.2953516,42.68816667,17.80394444
2025-08-22 13:00:00+00:00,519.9815626,64.91325163,23.69285714,504.2789185,66.12828224,23.25714286,16.71076923,217.0610299,568.7033607,41.470671,18.16268553
2025-08-22 13:15:00+00:00,505.6362967,65.62000366,23.7,496.4028731,67.14017644,23.30095238,15.79039899,221.1854082,683.6858424,40.21220813,18.25479335
2025-08-22 13:30:00+00:00,492.959876,64.43880385,23.7,489.2283157,65.29470584,23.4,16.3952381,225.771527,534.291783,38.65515873,18.40764375
2025-08-22 13:45:00+00:00,484.5535088,65.09838659,23.74297521,483.5110665,67.10179282,23.45041322,16.50631313,229.465608,486.7909459,37.22665113,18.05492868
2025-08-22 14:00:00+00:00,479.4248202,9.339393939,23.56777778,473.7490985,9.66,23.53333333,16.46247619,234.1322963,443.71282,35.25460317,17.79162626
2025-08-22 14:15:00+00:00,478.9596809,0.0,23.60714286,470.2158521,0.0,23.71,17.22642857,237.8247403,543.4991313,33.57987013,17.5833961
2025-08-22 14:30:00+00:00,478.6166224,0.0,23.61333333,469.4299615,0.0,23.941,18.205,241.691094,451.2793423,31.66795936,17.81281452
2025-08-22 14:45:00+00:00,476.8824786,0.0,23.7,468.5132525,0.0,24.06071429,18.78095238,245.4383776,342.3418903,29.66960317,17.44918084
2025-08-22 15:00:00+00:00,476.4722604,0.0,23.79666667,466.4880053,0.0,24.2621164,19.06666667,248.9390476,479.7283499,27.71132275,17.58518519
2025-08-22 15:15:00+00:00,475.553976,0.0,23.93437037,467.1888126,0.0,24.41833333,19.2,252.442322,353.5540456,25.63367508,17.56868221
2025-08-22 15:30:00+00:00,475.4120065,0.0,23.98525641,466.1268533,0.0,24.59285714,19.29423077,255.6226614,356.4862059,23.68886905,17.73603175
2025-08-22 15:45:00+00:00,474.4016764,0.0,24.05333333,466.4936977,0.0,24.64761905,19.3,258.869584,278.6993799,21.60039683,17.58190476
2025-08-22 16:00:00+00:00,473.0243021,0.0,24.1,465.2913534,0.0,24.71428571,19.3,262.357619,287.0559575,19.30714286,17.08857143
2025-08-22 16:15:00+00:00,473.5201276,0.0,24.18,465.4330964,0.0,24.91222222,19.3,265.3903704,285.97179,17.26,17.35733333
2025-08-22 16:30:00+00:00,471.4047466,0.0,24.21714286,464.3286178,0.0,25.08368132,19.3,268.5114164,246.2965578,15.10652829,17.31130952
2025-08-22 16:45:00+00:00,471.5450957,0.0,24.33103175,464.1452854,0.0,25.06,19.3,271.5726292,159.1391751,12.9936455,17.18147652
2025-08-22 17:00:00+00:00,470.7904221,0.0,24.3,463.8807804,0.0,24.68827819,19.25741497,274.752648,50.71623588,10.75999869,16.39166667
2025-08-22 17:15:00+00:00,471.3917194,0.0,24.22,462.8240349,0.0,24.54666667,19.09866667,277.7163704,36.56363744,8.685873256,16.02473588
2025-08-22 17:30:00+00:00,471.2885628,0.0,24.2,462.7384243,0.0,24.46,18.8702381,280.3786389,28.50788909,6.829418498,15.92011156
2025-08-22 17:45:00+00:00,470.2950758,0.0,24.1,462.625641,0.0,24.36333333,18.64361905,283.9139101,17.04825135,4.386338624,15.59799182
2025-08-22 18:00:00+00:00,469.0998016,0.0,24.07692308,461.2866732,0.0,24.27857143,18.46,287.0007341,11.21038038,2.319007937,15.42724206
2025-08-22 18:15:00+00:00,469.3369225,0.0,24.0,461.8485485,0.0,24.14518519,18.23185185,289.9781481,4.969888656,0.377407407,15.29933333
2025-08-22 18:30:00+00:00,468.596627,0.0,23.93869048,460.8432104,0.0,24.03869048,18.02523191,292.9956744,1.482876077,-1.559849773,15.18371291
2025-08-22 18:45:00+00:00,468.7033571,0.0,23.9,460.2117997,0.0,23.95333333,17.84,295.7665873,0.314605238,-3.259047619,14.98838889
2025-08-22 19:00:00+00:00,468.0825277,0.0,23.86435185,458.070937,0.0,23.89466667,17.69333333,299.369537,0.003740741,-5.466645503,14.72222896
2025-08-22 19:15:00+00:00,467.4122816,0.0,23.8,458.0680315,0.0,23.8,17.51020408,302.6707967,0.0,-7.35251772,14.44411565
2025-08-22 19:30:00+00:00,466.0335003,0.0,23.74285714,457.1777693,0.0,23.74666667,17.36147959,305.8891667,0.0,-9.121666667,14.2247138
2025-08-22 19:45:00+00:00,465.5870403,0.0,23.7,456.7937041,0.0,23.66666667,17.15833333,309.1499145,0.0,-10.83665751,13.72
2025-08-22 20:00:00+00:00,465.368499,0.0,23.64,456.2068808,0.0,23.6,16.96380952,312.440214,0.0,-12.39853295,13.45322559
2025-08-22 20:15:00+00:00,464.8932889,0.0,23.6,455.6796965,0.0,23.6,16.77142857,315.9946825,0.0,-14.01507937,13.17056973
2025-08-22 20:30:00+00:00,463.5575153,0.0,23.6,454.6428964,0.0,23.51071429,16.62099206,319.1920655,0.0,-15.32361111,12.84771368
2025-08-22 20:45:00+00:00,462.9054734,0.0,23.56825397,453.84036,0.0,23.46785714,16.40892857,323.1275394,0.0,-16.83676948,12.67482143
2025-08-22 21:00:00+00:00,462.0193204,0.0,23.5,453.9777778,0.0,23.4,16.16583333,325.6509259,0.0,-17.72857143,12.57824074
2025-08-22 21:15:00+00:00,461.9550517,0.0,23.5,452.2752714,0.0,23.37916667,15.91904762,330.5357246,0.0,-19.25509764,12.6
2025-08-22 21:30:00+00:00,461.1064017,0.0,23.5,452.152567,0.0,23.3,15.66428571,334.3142262,0.0,-20.28160714,12.51535714
2025-08-22 21:45:00+00:00,461.7282977,0.0,23.42,450.4424242,0.0,23.3,15.38911111,338.0220529,0.0,-21.13227513,12.38333333
2025-08-22 22:00:00+00:00,460.4651035,0.0,23.4,450.4301983,0.0,23.21345238,15.22408163,341.6540059,0.0,-21.82631674,12.24535714
2025-08-22 22:15:00+00:00,459.9672605,0.0,23.4,449.6193218,0.0,23.18666667,15.04895238,345.4739301,0.0,-22.44384127,12.03368595
2025-08-22 22:30:00+00:00,459.8269841,0.0,23.4,449.2428571,0.0,23.1,14.90535714,349.7515901,0.0,-22.96632653,11.90469388
2025-08-22 22:45:00+00:00,458.3414871,0.0,23.33333333,448.0097403,0.0,23.1,15.08933333,353.3692824,0.0,-23.27767003,11.87842781
2025-08-22 23:00:00+00:00,457.6470109,0.0,23.3,447.1784461,0.0,23.03836735,15.32380952,357.6257804,0.0,-23.47301587,12.00035714
2025-08-22 23:15:00+00:00,457.4859409,0.0,23.3,447.762295,0.0,23.0,15.3752381,49.88500611,0.0,-23.5,11.99857143
2025-08-22 23:30:00+00:00,457.0091571,0.0,23.23428571,446.4451038,0.0,23.0,15.23309524,5.548409091,0.0,-23.36326531,11.89705357
2025-08-22 23:45:00+00:00,455.2522495,0.0,23.2,445.0326075,0.0,22.93428571,15.08666667,9.520936027,0.0,-23.13422222,11.79077778
2025-08-23 00:00:00+00:00,455.1301213,0.0,23.16458333,443.9188796,0.0,22.9,14.90833333,13.52976062,0.0,-22.67709751,11.63571429
2025-08-23 00:15:00+00:00,454.5502832,0.0,23.1,442.9876288,0.0,22.9,14.87222222,17.25784993,0.0,-22.1627619,11.50811027
2025-08-23 00:30:00+00:00,453.4966115,0.0,23.1,441.7920543,0.0,22.89285714,14.8,21.21245748,0.0,-21.4487013,11.32814626
2025-08-23 00:45:00+00:00,453.1021903,0.0,23.1,442.0843587,0.0,22.8030303,14.8,25.03536094,0.0,-20.59393651,11.58555
2025-08-23 01:00:00+00:00,451.3401212,0.0,23.07555556,440.9339279,0.0,22.8,14.8,28.76449634,0.0,-19.65046154,11.56625445
2025-08-23 01:15:00+00:00,450.9740052,0.0,23.0,439.8720973,0.0,22.8,14.8,32.38610467,0.0,-18.56007267,11.26056122
2025-08-23 01:30:00+00:00,449.795487,0.0,23.0,439.9943039,0.0,22.8,14.71212121,35.91923871,0.0,-17.42479115,11.0968159
2025-08-23 01:45:00+00:00,448.8772237,0.0,23.0,440.2428517,0.0,22.7,14.7,39.59815779,0.0,-16.09496753,10.81401077
2025-08-23 02:00:00+00:00,449.0420168,0.0,23.0,439.1966448,0.0,22.7,14.7,43.20598073,0.0,-14.61410147,10.36862245
2025-08-23 02:15:00+00:00,446.8927064,0.0,22.97333333,437.480006,0.0,22.7,14.64,46.68742304,0.0,-13.0954011,9.822111111
2025-08-23 02:30:00+00:00,447.825405,0.0,22.9,437.981203,0.0,22.7,14.6,50.12199521,0.0,-11.48693354,9.079260026
2025-08-23 02:45:00+00:00,447.7407284,0.0,22.9,436.3777035,0.0,22.7,14.6,53.29449591,0.0,-9.869998187,8.929257937
2025-08-23 03:00:00+00:00,446.3117089,0.0,22.9,435.4941551,0.0,22.69897959,14.6,56.46626276,0.0,-8.175982906,8.916319444
2025-08-23 03:15:00+00:00,444.738057,0.0,22.87777778,434.5795362,0.0,22.60518519,14.6,59.98107032,0.0,-6.199125874,9.09587013
2025-08-23 03:30:00+00:00,444.932651,0.0,22.8,433.6012483,0.0,22.6,14.6,63.25283008,0.076545455,-4.237028083,9.001120579
2025-08-23 03:45:00+00:00,444.0123016,0.0,22.8,431.8296703,0.0,22.6,14.57053571,66.3711675,0.601956893,-2.337991855,9.045396825
2025-08-23 04:00:00+00:00,443.4260854,0.0,22.8,432.2915584,0.0,22.6,14.42933333,69.49402422,2.261168319,-0.336371795,9.003764103
2025-08-23 04:15:00+00:00,442.4948471,0.0,22.8,431.9605418,0.0,22.6,14.375,72.54528061,4.896351732,1.604761905,9.091836735
2025-08-23 04:30:00+00:00,442.423545,0.0,22.8,430.7318328,0.0,22.6,14.22321429,75.49979798,10.32258772,3.537777778,9.230170034
2025-08-23 04:45:00+00:00,441.5687568,0.0,22.8,430.8495314,0.0,22.6,14.03333333,78.64375541,21.12606125,5.698559179,9.357077839
2025-08-23 05:00:00+00:00,441.0191246,0.0,22.8,430.5181857,0.0,22.6,13.89285714,81.61562169,40.3505632,7.736351852,9.343833333
2025-08-23 05:15:00+00:00,441.0379789,0.0,22.8,429.3322251,0.0,22.6,13.71428571,84.75280137,69.31918238,9.947953515,9.507185374
2025-08-23 05:30:00+00:00,440.6735837,0.0,22.8,429.2657008,0.0,22.6,13.615,87.66708466,87.82843939,11.98062831,9.746702603
2025-08-23 05:45:00+00:00,439.8822216,0.0,22.8,429.2205163,0.0,22.6,13.5,90.86601256,53.67060344,14.20664966,10.0514217
2025-08-23 06:00:00+00:00,439.2496004,0.0,22.8,428.7036476,0.0,22.6,13.47714286,93.96205387,90.4000193,16.3217037,10.43007989
2025-08-23 06:15:00+00:00,438.3458342,0.0,22.8,428.1997058,0.0,22.6,13.32857143,97.22694549,100.4412579,18.55994248,10.72196361
2025-08-23 06:30:00+00:00,437.42901,0.0,22.805,426.4985859,0.0,22.6,13.3,100.3957249,277.0444448,20.61478836,11.30835053
2025-08-23 06:45:00+00:00,436.5570418,0.0,22.88765079,425.7520827,0.0,22.6,13.27211111,103.6777421,143.7443646,22.74572703,11.77218717
2025-08-23 07:00:00+00:00,437.2025835,0.0,22.87857143,426.0,0.0,22.6,13.2,107.1432154,179.2995095,24.86244048,12.01472712
2025-08-23 07:15:00+00:00,436.7791036,0.0,22.9,424.8843687,0.0,22.6,13.2,110.4185812,111.0636351,26.81462454,12.10046154
2025-08-23 07:30:00+00:00,436.1264688,0.0,22.9,424.433486,0.0,22.6,13.28071429,113.9783965,72.25136587,28.86321145,11.93492063
2025-08-23 07:45:00+00:00,434.5980159,0.0,22.9,423.4824528,0.0,22.6,13.3,117.6546667,73.24033011,30.81999495,11.87444444
2025-08-23 08:00:00+00:00,434.4402369,0.0,22.9,422.9583333,0.0,22.6,13.31428571,121.4114164,99.9583171,32.72557234,11.8367384
2025-08-23 08:15:00+00:00,433.5022627,0.0,22.95384615,422.6037037,0.0,22.6,13.4,125.2421111,274.4849528,34.48866667,11.84199416
2025-08-23 08:30:00+00:00,430.323667,0.0,23.0,422.5791564,0.0,22.68571429,13.47040816,129.2521259,356.7682738,36.20740363,12.86189116
2025-08-23 08:45:00+00:00,421.5049486,0.0,23.0,422.4745776,0.0,22.71466667,13.5,133.4793148,377.0230698,37.8811746,13.3904
2025-08-23 09:00:00+00:00,421.2322637,0.0,23.0,421.9537098,0.0,22.70714286,13.6,137.1958486,70.35807883,39.20613969,13.16071167
2025-08-23 09:15:00+00:00,421.7122504,0.0,23.0,421.9457451,0.0,22.7,13.66190476,142.0941114,100.4587482,40.71883598,12.08451429
2025-08-23 09:30:00+00:00,421.1361001,0.0,23.0,420.9204422,0.0,22.7,13.75892857,146.7732653,675.6548428,42.05186224,12.6203322
2025-08-23 09:45:00+00:00,420.8902525,0.0,23.08888889,419.7962599,0.0,22.77083333,13.89333333,151.5278775,470.4097555,43.15012821,14.45270546
2025-08-23 10:00:00+00:00,419.9729697,0.0,23.1,420.1537165,0.0,22.8,13.9,156.4777709,671.075226,44.12852718,14.7293047
2025-08-23 10:15:00+00:00,419.9013112,0.0,23.1,420.4493682,0.0,22.8,14.12321429,161.4578548,748.3348726,44.93951581,15.16180943
2025-08-23 10:30:00+00:00,420.1304718,0.0,23.1,420.411328,0.0,22.8,14.1,166.4984815,545.9651596,45.50575397,14.77026296
2025-08-23 10:45:00+00:00,419.2750191,0.0,23.16666667,419.847619,0.0,22.825,14.20333333,171.6628734,676.2267783,45.94699263,14.7899127
2025-08-23 11:00:00+00:00,419.1112169,0.0,23.2,420.3767007,0.0,22.9,14.34666667,176.8956509,483.0220023,46.17660399,14.97933518
2025-08-23 11:15:00+00:00,418.1668329,0.0,23.2,419.9933155,0.0,22.90428571,14.5,182.2067744,298.7469077,46.19920635,14.94252798
2025-08-23 11:30:00+00:00,418.3077405,0.0,23.20666667,420.2719825,0.0,22.948,14.695,187.241,535.7035245,46.01885714,14.95151515
2025-08-23 11:45:00+00:00,418.4933961,0.0,23.28809524,420.8195605,0.0,23.0,14.89107143,192.5963294,733.9642913,45.62774376,15.19493991
2025-08-23 12:00:00+00:00,417.8301852,0.0,23.3,420.2226869,0.0,23.00931624,15.24207407,197.2633582,503.5792207,45.14798091,15.16345897
2025-08-23 12:15:00+00:00,418.4630952,0.0,23.3,420.4928571,0.0,23.1,15.63142857,202.8111905,783.6596365,44.33928571,15.26734902
2025-08-23 12:30:00+00:00,418.5362579,0.0,23.39580952,420.418594,0.0,23.1,15.93466667,207.2822222,665.1537348,43.49133333,15.28406667
2025-08-23 12:45:00+00:00,418.9316862,0.0,23.4,419.4705758,0.0,23.18188312,16.12867063,211.833254,741.4770401,42.45759175,15.47443747
2025-08-23 13:00:00+00:00,418.4649513,0.0,23.40555556,420.1006734,0.0,23.28324074,16.36,217.1049048,734.620663,41.08745299,15.62037222
2025-08-23 13:15:00+00:00,418.1611584,0.0,23.49880952,420.5486058,0.0,23.41140873,16.50714286,221.4053571,663.0798698,39.76537698,15.48880952
2025-08-23 13:30:00+00:00,418.1007492,0.0,23.53333333,420.0292929,0.0,23.55449735,16.76507937,225.8587692,627.1279064,38.25185185,15.94169735
2025-08-23 13:45:00+00:00,418.3032026,0.0,23.6,419.8374966,0.0,23.71166667,16.98777778,229.9509947,572.5034804,36.65268783,15.84287929
2025-08-23 14:00:00+00:00,417.9887355,0.0,23.65204082,420.576637,0.0,23.8,17.23571429,233.8218452,389.128188,35.01785714,15.63117063
2025-08-23 14:15:00+00:00,418.2787817,0.0,23.7175,420.0506793,0.0,23.94916667,17.40666667,237.7925,441.268681,33.20811111,15.7517037
2025-08-23 14:30:00+00:00,418.6567302,0.0,23.80714286,419.7178189,0.0,24.14795918,17.52857143,241.6373406,513.188455,31.30229308,15.94771887
2025-08-23 14:45:00+00:00,418.2659211,0.0,23.93222222,419.6719026,0.0,24.35114815,17.69666667,245.1448148,453.6013489,29.42943122,16.02625926
2025-08-23 15:00:00+00:00,418.1866523,0.0,23.9869898,420.469782,0.0,24.57142857,17.72142857,248.7509091,421.5084422,27.42371032,15.9089881
2025-08-23 15:15:00+00:00,417.9809576,0.0,24.04834921,420.6452915,0.0,24.71333333,17.92028571,252.2905676,393.6755926,25.33609957,15.68202503
2025-08-23 15:30:00+00:00,418.9199011,0.0,24.18333333,419.8010204,0.0,24.85,18.08333333,255.2708333,370.4644765,23.49455782,15.57678571
2025-08-23 15:45:00+00:00,419.1351555,0.0,24.27968254,420.1568908,0.0,24.97447811,18.18,258.3123906,336.248125,21.57581481,15.63819529
2025-08-23 16:00:00+00:00,419.219271,0.0,24.3704932,420.4353383,0.0,25.20901361,18.24404762,262.0364484,286.1423971,19.10023221,15.64278912
2025-08-23 16:15:00+00:00,418.956841,0.0,24.43333333,420.5339592,0.0,25.35778755,18.3,265.2319445,250.9848167,16.9426741,15.6
2025-08-23 16:30:00+00:00,419.0917367,0.0,24.43571429,420.5470039,0.0,25.5,18.3,268.2695978,216.2428646,14.86190476,15.63571429
2025-08-23 16:45:00+00:00,419.2660404,0.0,24.5,421.9016689,0.0,25.38,18.3,271.3272113,181.6669559,12.76986532,15.50974762
2025-08-23 17:00:00+00:00,420.2946995,0.0,24.54285714,420.6607276,0.0,25.22142857,18.3,274.5480159,144.1696491,10.50625,15.32
2025-08-23 17:15:00+00:00,420.1785485,0.0,24.6,421.0455873,0.0,25.23416667,18.23822222,277.5241211,110.780572,8.411282051,15.2524416
2025-08-23 17:30:00+00:00,420.6893129,0.0,24.6,421.7380265,0.0,25.26857143,18.17238095,280.6813604,75.20046597,6.198981482,15.05553464
2025-08-23 17:45:00+00:00,420.5699074,0.0,24.58571429,421.2130249,0.0,25.23860544,18.05333333,283.7393659,45.71494224,4.074787415,14.80423352
2025-08-23 18:00:00+00:00,420.6841396,0.0,24.5,422.229641,0.0,24.97012617,17.89044444,286.8523148,23.11256571,1.992571429,14.44783333
2025-08-23 18:15:00+00:00,420.9989927,0.0,24.44285714,422.8521764,0.0,24.74916667,17.7,289.8480368,7.260330667,0.059334416,14.02766484
2025-08-23 18:30:00+00:00,421.084582,0.0,24.4,423.0101754,0.0,24.67031746,17.49142857,292.948,1.617904726,-1.925333333,13.736
2025-08-23 18:45:00+00:00,420.5939778,0.0,24.35714286,422.8869048,0.0,24.55714286,17.27857143,296.1122704,0.221221734,-3.893480726,13.49405921
2025-08-23 19:00:00+00:00,421.2210185,0.0,24.3,422.2732323,0.0,24.44281481,17.13060317,299.2029865,0.0,-5.762862915,13.35545185
2025-08-23 19:15:00+00:00,420.5534694,0.0,24.22444444,422.0094515,0.0,24.32533333,16.97009524,302.432082,0.0,-7.613808802,13.16636246
2025-08-23 19:30:00+00:00,420.45509,0.0,24.18571429,422.13756,0.0,24.25221088,16.76893707,305.5804916,0.0,-9.369129085,13.01769549
2025-08-23 19:45:00+00:00,419.8755889,0.0,24.1,421.6795103,0.0,24.17925926,16.54666667,308.8820542,0.0,-11.06218855,12.91160747
2025-08-23 20:00:00+00:00,420.6613533,0.0,24.04642857,422.1348385,0.0,24.1,16.33692308,312.5069048,0.0,-12.80261905,12.87328571
2025-08-23 20:15:00+00:00,419.56474,0.0,24.0,422.0654533,0.0,24.00182234,16.14222222,315.884537,0.0,-14.32415741,12.79180909
2025-08-23 20:30:00+00:00,421.1192308,0.0,23.93571429,421.0099743,0.0,23.97653061,15.97857143,319.2816151,0.0,-15.76430556,12.65928571
2025-08-23 20:45:00+00:00,420.1974782,0.0,23.9,421.8948362,0.0,23.9,15.81272894,322.7729167,0.0,-17.11522128,12.59936842
2025-08-23 21:00:00+00:00,419.5650226,0.0,23.88,421.4647389,0.0,23.82645212,15.66868481,326.3905981,0.0,-18.33794743,12.50833525
2025-08-23 21:15:00+00:00,420.2371876,0.0,23.8,421.1657407,0.0,23.78916667,15.54190476,330.3741284,0.0,-19.58510967,12.3191645
2025-08-23 21:30:00+00:00,419.7001888,0.0,23.8,420.5205181,0.0,23.7,15.3577381,334.1104437,0.0,-20.59195011,12.28199838
2025-08-23 21:45:00+00:00,419.1010662,0.0,23.70666667,420.2996337,0.0,23.66,15.26,337.9635854,0.0,-21.47050265,12.28634286
2025-08-23 22:00:00+00:00,418.6521593,0.0,23.7,420.288482,0.0,23.6,15.1484127,341.6923469,0.0,-22.23343045,12.425125
2025-08-23 22:15:00+00:00,418.5938945,0.0,23.7,420.4447059,0.0,23.548,15.03333333,345.4285759,0.0,-22.80856532,12.19419336
2025-08-23 22:30:00+00:00,417.7828659,0.0,23.62678571,419.4154813,0.0,23.5,14.93846154,349.6887018,0.0,-23.33581633,11.64045918
2025-08-23 22:45:00+00:00,418.0481481,0.0,23.6,419.6380952,0.0,23.42,14.9,353.5476852,0.0,-23.64538721,11.10212963
2025-08-23 23:00:00+00:00,417.2870204,0.0,23.6,419.2284848,0.0,23.4,15.04916667,357.803,0.0,-23.82130952,11.0844418
2025-08-23 23:15:00+00:00,417.6607248,0.0,23.6,418.4501701,0.0,23.35,15.1,23.2535034,0.0,-23.83571429,11.42653061
2025-08-23 23:30:00+00:00,417.836511,0.0,23.50666667,418.2174603,0.0,23.3,15.05,5.572287879,0.0,-23.72466667,11.46124242
2025-08-23 23:45:00+00:00,417.18511,0.0,23.5,417.2178733,0.0,23.3,14.90873016,9.712786281,0.0,-23.43435374,11.46336735
2025-08-24 00:00:00+00:00,416.3666126,0.0,23.43333333,417.0245251,0.0,23.26133333,14.76683333,13.46849715,0.0,-23.04670085,11.22716239
2025-08-24 00:15:00+00:00,417.5708363,0.0,23.4,416.9969287,0.0,23.2,14.56875,17.60475318,0.0,-22.42961146,11.454352
2025-08-24 00:30:00+00:00,416.594177,0.0,23.4,415.7325683,0.0,23.2,14.42666667,21.36456411,0.0,-21.74171429,11.34416667
2025-08-24 00:45:00+00:00,416.1071429,0.0,23.4,415.1346257,0.0,23.12142857,14.33571429,25.204896,0.0,-20.89958137,11.13017857
2025-08-24 01:00:00+00:00,415.7670044,0.0,23.4,414.6898316,0.0,23.1,14.20444444,29.09487302,0.0,-19.92285714,10.95384615
2025-08-24 01:15:00+00:00,416.3077646,0.0,23.37259259,414.7111696,0.0,23.1,14.08,32.79374411,0.0,-18.80157576,10.86933502
2025-08-24 01:30:00+00:00,414.6353363,0.0,23.3,414.0964406,0.0,23.1,13.98767007,36.44125,0.0,-17.60579024,10.64241334
2025-08-24 01:45:00+00:00,413.6848202,0.0,23.3,413.7725459,0.0,23.032,13.9,39.98638889,0.0,-16.30557407,10.63731481
2025-08-24 02:00:00+00:00,414.5133929,0.0,23.3,413.7386692,0.0,23.0,13.8164966,43.42648268,0.0,-14.89761572,10.56026953
2025-08-24 02:15:00+00:00,412.9639605,0.0,23.2,412.8683081,0.0,23.0,13.71866667,47.03578042,0.0,-13.30037037,10.27777778
2025-08-24 02:30:00+00:00,412.4318691,0.0,23.2,412.7085058,0.0,23.0,13.69714286,50.42146237,0.0,-11.71401515,9.926329147
2025-08-24 02:45:00+00:00,412.0849554,0.0,23.2,412.1817716,0.0,22.99333333,13.604,53.67288249,0.0,-10.06175188,9.876299784
2025-08-24 03:00:00+00:00,410.393587,0.0,23.2,411.0342036,0.0,22.9,13.56,57.02139696,0.0,-8.243081821,9.834678571
2025-08-24 03:15:00+00:00,410.4714286,0.0,23.2,410.7828525,0.0,22.9,13.5,60.22114512,0.0,-6.433021542,9.714920635
2025-08-24 03:30:00+00:00,409.9551461,0.0,23.11333333,409.8941558,0.0,22.9,13.5,63.40439418,0.076416878,-4.565846561,9.704505291
2025-08-24 03:45:00+00:00,408.5130328,0.0,23.1,409.7337085,0.0,22.9,13.42820513,66.4773356,0.796349345,-2.638611111,9.63031746
2025-08-24 04:00:00+00:00,408.7000891,0.0,23.1,409.1906836,0.0,22.83333333,13.4,69.64938095,4.135824713,-0.643833333,9.940600866
2025-08-24 04:15:00+00:00,408.8839821,0.0,23.1,408.5088954,0.0,22.8,13.34285714,72.83418629,13.75061703,1.344319728,10.17699863
2025-08-24 04:30:00+00:00,407.9270534,0.0,23.1,408.5744308,0.0,22.8,13.3,75.82133333,32.30615416,3.331666667,10.40147706
2025-08-24 04:45:00+00:00,407.1607131,0.0,23.1,407.8343804,0.0,22.8,13.3,78.82314162,56.55959081,5.399517625,10.52078912
2025-08-24 05:00:00+00:00,407.5735522,0.0,23.1,406.8807487,0.0,22.8,13.3,81.80992593,85.48286871,7.474433862,10.85778355
2025-08-24 05:15:00+00:00,407.2936975,0.0,23.1,406.1944161,0.0,22.81689858,13.3,84.87673469,120.146957,9.611524943,11.25188776
2025-08-24 05:30:00+00:00,405.5657287,0.0,23.1,405.6784087,0.0,22.89904762,13.3,88.01364815,116.2026416,11.79348954,11.86452165
2025-08-24 05:45:00+00:00,405.6145103,0.0,23.13326531,406.4572392,0.0,22.9,13.3,91.16958333,164.6362866,13.98484694,12.5866131
2025-08-24 06:00:00+00:00,405.0086609,0.0,23.2,405.0091851,0.0,22.9,13.3,94.12784127,134.2958537,16.03539683,12.75130952
2025-08-24 06:15:00+00:00,405.33833,0.0,23.2,405.3821417,0.0,22.9,13.3,97.22835622,96.41903438,18.12578548,12.84036624
2025-08-24 06:30:00+00:00,405.1274777,0.0,23.2,404.9958333,0.0,22.9,13.3,100.4549735,271.1422028,20.24148148,13.24466667
2025-08-24 06:45:00+00:00,404.8403057,0.0,23.2,405.1533666,0.0,22.9,13.36,104.0511042,319.0144253,22.56359596,14.05752607
2025-08-24 07:00:00+00:00,404.1313914,0.0,23.2,404.457102,0.0,22.90952381,13.45214286,107.2703194,349.7596127,24.58351054,14.47258691
2025-08-24 07:15:00+00:00,403.7473687,0.0,23.29,403.7117523,0.0,23.0,13.56,110.7444414,330.1725032,26.64937013,14.85028492
2025-08-24 07:30:00+00:00,403.9880952,0.0,23.3,403.987013,0.0,23.0,13.7,114.3246359,362.2302462,28.6295519,15.05505931
2025-08-24 07:45:00+00:00,403.4181818,0.0,23.3,404.0222689,0.0,23.0,13.81333333,117.8898773,330.2188052,30.53549423,15.33573232
2025-08-24 08:00:00+00:00,402.9913682,0.0,23.32321429,402.6799346,0.0,23.08877551,13.98239796,121.6708374,348.192844,32.42968718,15.59092098
2025-08-24 08:15:00+00:00,402.794204,0.0,23.4,402.3465934,0.0,23.1,14.17333333,125.5105144,454.6430988,34.22560197,15.44960752
2025-08-24 08:30:00+00:00,402.2785627,0.0,23.4,402.8523045,0.0,23.1,14.38964286,129.2385204,551.6315917,35.8475706,15.76494596
2025-08-24 08:45:00+00:00,402.3800611,0.0,23.4,402.4907602,0.0,23.1,14.61785714,133.5992669,451.1780194,37.54810331,16.18861563
2025-08-24 09:00:00+00:00,402.5741636,0.0,23.4,403.8855072,0.0,23.1377551,14.83530612,137.868985,601.8892818,39.0471345,16.6623674
2025-08-24 09:15:00+00:00,401.7960374,0.0,23.46761905,403.2514646,0.0,23.2,14.97333333,142.3338042,438.1276125,40.44501425,16.57276923
2025-08-24 09:30:00+00:00,402.2587245,0.0,23.5,403.1143489,0.0,23.2,15.17238095,147.1019336,653.7187209,41.76818071,16.8235873
2025-08-24 09:45:00+00:00,402.6276487,0.0,23.5,402.9703008,0.0,23.27321429,15.43956044,151.7566468,406.1417444,42.83630952,16.84730159
2025-08-24 10:00:00+00:00,402.4419088,0.0,23.53809524,402.6536609,0.0,23.3,15.65333333,156.5382354,641.829652,43.80182011,16.67880952
2025-08-24 10:15:00+00:00,402.0921387,0.0,23.6,403.5730304,0.0,23.3,15.85714286,161.4604411,478.2838247,44.57909154,16.90159581
2025-08-24 10:30:00+00:00,401.4927382,0.0,23.6,402.8506551,0.0,23.3,16.00622222,166.3828229,662.4482802,45.16601587,17.01636825
2025-08-24 10:45:00+00:00,400.9139869,0.0,23.6,402.955,0.0,23.36666667,16.13553571,171.7910199,611.7466759,45.59777622,17.45702564
2025-08-24 11:00:00+00:00,401.5661892,0.0,23.60238095,402.6575188,0.0,23.4,16.3,177.1556548,469.6926274,45.85,17.63630952
2025-08-24 11:15:00+00:00,401.3872021,0.0,23.66662698,402.1569432,0.0,23.4,16.43333333,181.9659283,677.3910635,45.86666667,18.11534584
2025-08-24 11:30:00+00:00,401.7594246,0.0,23.7,403.1203824,0.0,23.47559524,16.58650794,187.5324557,545.1356615,45.66861264,17.4867352
2025-08-24 11:45:00+00:00,402.1073822,0.0,23.7,403.5374737,0.0,23.5,16.76888889,192.4969697,493.4339418,45.332,17.46285714
2025-08-24 12:00:00+00:00,402.4568619,0.0,23.7,404.2470307,0.0,23.5,16.99285714,197.6378265,703.8433195,44.72779195,17.73392545
2025-08-24 12:15:00+00:00,402.2059808,0.0,23.70714286,403.9455325,0.0,23.54296296,17.25238095,202.6442013,635.6098677,44.0021342,18.28974074
2025-08-24 12:30:00+00:00,402.5703436,0.0,23.8,403.3716693,0.0,23.6,17.47346939,207.5577664,471.7984496,43.08880952,18.21690476
2025-08-24 12:45:00+00:00,401.7896027,0.0,23.83333333,403.2641026,0.0,23.60571429,17.81031746,212.4422341,283.2266757,41.9839127,18.25415391
2025-08-24 13:00:00+00:00,402.9270955,0.0,23.9,403.6950926,0.0,23.69877778,18.01730769,217.1111007,511.5352956,40.73243849,18.12208974
2025-08-24 13:15:00+00:00,403.3624811,0.0,23.9,403.1404317,0.0,23.78282967,18.31538462,221.5305839,611.1136575,39.37710861,18.68561224
2025-08-24 13:30:00+00:00,403.2230966,0.0,23.98,403.6591685,0.0,23.95238095,18.44121212,225.7616667,592.3610605,37.88688889,18.99926187
2025-08-24 13:45:00+00:00,403.0515873,0.0,24.1,402.9417293,0.0,24.07230769,18.63076923,229.9729167,511.2509406,36.28703102,19.09181097
2025-08-24 14:00:00+00:00,402.97,0.0,24.13333333,403.5070678,0.0,24.22444156,18.79333333,233.9148254,485.8852835,34.60555556,19.16345503
2025-08-24 14:15:00+00:00,403.6012688,0.0,24.25595238,403.9931391,0.0,24.37678571,18.97770408,237.6894218,564.1207931,32.85642857,19.23412698
2025-08-24 14:30:00+00:00,402.831167,0.0,24.337,403.6585629,0.0,24.54387879,19.205,241.3497222,515.728924,31.04377104,19.15321581
2025-08-24 14:45:00+00:00,404.0359488,0.0,24.44037698,403.7615646,0.0,24.7162987,19.35178571,244.8592063,492.8867067,29.22823129,19.49849234
2025-08-24 15:00:00+00:00,403.5546825,0.0,24.4,404.0,0.0,24.88333333,19.54596939,248.5263927,461.8042341,27.1438407,19.60912037
2025-08-24 15:15:00+00:00,402.3413468,0.0,24.5,403.2651629,0.0,24.92228571,19.75444444,252.1572997,160.4567373,25.00371044,19.05249573
2025-08-24 15:30:00+00:00,402.8299257,0.0,24.5,403.5743538,0.0,24.7827381,19.9,255.3110204,225.2156915,23.0744598,18.89635113
2025-08-24 15:45:00+00:00,403.5347509,0.0,24.54095238,403.81051,0.0,24.85866667,19.97333333,258.6448677,125.4715777,20.93515851,18.84530159
2025-08-24 16:00:00+00:00,402.9470493,0.0,24.6,403.561851,0.0,24.73333333,20.0,261.8720238,101.9566172,18.79363553,18.43037035
2025-08-24 16:15:00+00:00,403.4130285,0.0,24.6,404.3769568,0.0,24.77845636,20.0,265.0143625,112.1507809,16.68496215,18.49666387
2025-08-24 16:30:00+00:00,403.3118487,0.0,24.6,403.0574683,0.0,24.78428571,19.87857143,268.2839371,172.2543309,14.44591837,18.65239332
2025-08-24 16:45:00+00:00,403.7050151,0.0,24.6,403.2343399,0.0,24.88266667,19.77333333,271.3265139,146.5339382,12.33404151,18.93589322
2025-08-24 17:00:00+00:00,403.9996753,0.0,24.6,402.9353741,0.0,24.7225,19.66144689,274.1792893,81.60769708,10.27778634,18.62426213
2025-08-24 17:15:00+00:00,403.2668396,0.0,24.6,403.0488304,0.0,24.62122559,19.51333333,277.062785,33.37582933,8.278794613,18.13097869
2025-08-24 17:30:00+00:00,403.5621591,0.0,24.6,403.3095238,0.0,24.57714286,19.5,280.4513634,26.88871285,5.927187337,17.90882528
2025-08-24 17:45:00+00:00,403.5495354,0.0,24.53111111,403.7665921,0.0,24.6,19.41916667,283.2998475,13.58702447,3.962141895,17.68927339
2025-08-24 18:00:00+00:00,403.8914783,0.0,24.5,404.3105163,0.0,24.51333333,19.3,286.718119,4.013292593,1.655611111,17.55373413
2025-08-24 18:15:00+00:00,402.9090697,0.0,24.42142857,403.9642857,0.0,24.42142857,19.18333333,289.7590842,1.704886912,-0.260354963,17.28470141
2025-08-24 18:30:00+00:00,402.8902729,0.0,24.4,404.0240107,0.0,24.36023088,19.0987013,292.941015,0.365112215,-2.313519775,16.95729225
2025-08-24 18:45:00+00:00,402.6847288,0.0,24.4,403.2582067,0.0,24.3,18.96836735,295.8704832,0.00952381,-4.114872449,16.87971939
2025-08-24 19:00:00+00:00,403.4476456,0.0,24.3,403.1989418,0.0,24.22,18.86666667,299.2693604,0.0,-6.196498576,16.75651852
2025-08-24 19:15:00+00:00,402.1442777,0.0,24.3,403.1185352,0.0,24.2,18.78119048,302.4409057,0.0,-8.02627551,16.5867239
2025-08-24 19:30:00+00:00,401.7084848,0.0,24.3,402.3107393,0.0,24.14,18.64133333,305.6543797,0.0,-9.785194805,15.9184513
2025-08-24 19:45:00+00:00,402.747449,0.0,24.22142857,402.5610135,0.0,24.1,18.6,309.0331859,0.0,-11.51003401,15.50424124
2025-08-24 20:00:00+00:00,402.4571275,0.0,24.2,403.3302728,0.0,24.07738095,18.51166667,312.2282275,0.0,-13.06233069,15.18352275
2025-08-24 20:15:00+00:00,402.340803,0.0,24.2,403.019321,0.0,24.0,18.40153846,315.8121828,0.0,-14.66258478,14.41329726
2025-08-24 20:30:00+00:00,401.7356085,0.0,24.12571429,402.2105364,0.0,24.0,18.26813187,319.2290952,0.0,-16.1217619,14.41980952
2025-08-24 20:45:00+00:00,401.5035568,0.0,24.1,402.0051282,0.0,23.9,18.10555556,322.916645,0.0,-17.51354762,14.35470238
2025-08-24 21:00:00+00:00,401.6574967,106.6955036,23.95558673,402.382019,101.9230778,23.9,17.17142857,326.4833416,0.0,-18.70816327,14.46607143
2025-08-24 21:15:00+00:00,420.8893151,170.9770962,23.60277778,416.1439748,162.840284,23.80968519,16.11031746,330.1779074,0.0,-19.8496431,14.47159829
2025-08-24 21:30:00+00:00,436.8856457,168.630948,23.48690476,437.2826531,162.9811314,23.68690476,16.1,334.2020153,0.0,-20.94036281,14.337375
2025-08-24 21:45:00+00:00,447.8319612,167.8742265,23.34,447.5459976,161.6190396,23.6,16.00666667,337.7765,0.0,-21.808,14.276
2025-08-24 22:00:00+00:00,455.9747253,299.0249691,23.26071429,454.659632,301.7617274,23.475,15.82380952,341.7495918,0.0,-22.55387755,14.20112245
2025-08-24 22:15:00+00:00,461.9522551,311.9781937,22.97333333,461.8398628,312.5781537,23.31838624,15.7,345.6356614,0.0,-23.17257937,14.28666667
2025-08-24 22:30:00+00:00,465.4819328,310.6014833,22.8020653,464.8094346,311.4669474,23.13962585,15.62767857,349.5325541,0.0,-23.64503711,14.23797619
2025-08-24 22:45:00+00:00,467.3716108,308.6616847,22.64666667,466.3856566,311.8078644,22.87333333,15.6,353.6141538,0.0,-23.98580952,14.18728571
2025-08-24 23:00:00+00:00,467.6588435,311.8789966,22.52001417,466.9370403,313.846851,22.8,15.6,357.3757347,0.0,-24.17857143,14.17860658
2025-08-24 23:15:00+00:00,468.2427646,315.4234259,22.37361111,467.806746,315.8090095,22.73655026,15.486,40.44342593,0.0,-24.19933333,14.02643098
2025-08-24 23:30:00+00:00,467.8482366,317.9452392,22.3,467.6543126,317.0066501,22.62,15.30576923,5.469613997,0.0,-24.07566558,13.83387446
2025-08-24 23:45:00+00:00,468.9949323,316.0860084,22.22666667,468.1521536,314.620616,22.51333333,15.11342593,9.450359418,0.0,-23.76714352,13.7147619
2025-08-25 00:00:00+00:00,469.1514779,314.5078984,22.15,467.6141651,313.6428421,22.4,15.03392857,13.51205045,0.0,-23.39789476,13.55624263
2025-08-25 00:15:00+00:00,468.4889694,315.8294149,22.04666667,468.1864636,314.4187988,22.34666667,14.93333333,17.53619769,0.0,-22.8134632,13.55763936
2025-08-25 00:30:00+00:00,468.9642857,316.1553245,21.93857143,467.0753968,315.8758279,22.3,15.09285714,21.41646259,0.0,-22.10142857,13.73469388
2025-08-25 00:45:00+00:00,468.6831169,317.577193,21.86901587,468.3705842,315.7542568,22.21333333,15.1,25.31246439,0.0,-21.24575974,13.82370163
2025-08-25 01:00:00+00:00,469.1142677,315.8112851,21.8,467.8704969,315.7606045,22.13124098,15.1,29.26745238,0.0,-20.21997836,13.8
2025-08-25 01:15:00+00:00,469.75,317.1547619,21.72857143,467.2420635,313.8947479,22.07997449,15.1,33.12312075,0.0,-19.08560374,13.70346939
2025-08-25 01:30:00+00:00,468.8539683,315.0833957,21.639,468.3510596,315.1119753,22.02539683,15.1,36.55739313,0.0,-17.89905387,13.66441026
2025-08-25 01:45:00+00:00,470.0772341,316.2788937,21.64285714,468.2119581,316.2451136,21.94285714,15.06111111,40.2077466,0.0,-16.58678571,13.61233248
2025-08-25 02:00:00+00:00,470.1658259,314.8237181,21.59111111,467.8968384,316.7715648,21.9,14.9,43.62259259,0.0,-15.18037037,13.43553846
2025-08-25 02:15:00+00:00,470.724773,317.9979593,21.50692308,470.3778327,315.3245713,21.85854592,14.73974359,47.16913497,0.0,-13.61208643,13.13143854
2025-08-25 02:30:00+00:00,475.9933555,314.5308506,21.48666667,476.2272022,314.3917736,21.79,14.40888889,50.5780582,0.0,-12.0227619,12.85924074
2025-08-25 02:45:00+00:00,481.4523702,320.7035814,21.4735119,486.9832238,317.015671,21.74444444,14.07678571,53.68327252,0.0,-10.4504329,12.46896465
2025-08-25 03:00:00+00:00,477.9638831,121.355452,21.78207407,478.6107281,130.2259516,21.7649697,14.62,57.01620241,0.0,-8.658015152,12.16672727
2025-08-25 03:15:00+00:00,471.813468,68.10690883,22.10666667,471.2592291,64.11881234,21.97698148,18.14611111,60.60567196,0.0,-6.608748677,12.42492063
2025-08-25 03:30:00+00:00,470.9053708,67.0452381,22.2,468.7913165,63.89157927,22.14285714,17.60714286,63.50673315,0.040546462,-4.882486264,12.55058477
2025-08-25 03:45:00+00:00,466.5838242,67.02433622,22.288,466.1009428,63.59111111,22.26833333,17.49481481,66.87994396,0.713552525,-2.797656325,12.4324
2025-08-25 04:00:00+00:00,464.6025898,67.86904762,22.38571429,465.3872349,63.54158936,22.3,17.4,69.84085498,2.948687664,-0.93071274,12.32988903
2025-08-25 04:15:00+00:00,464.0142857,67.53681511,22.4,463.3207561,63.40285714,22.3,17.35833333,72.9733367,9.487919705,0.999853054,12.19119529
2025-08-25 04:30:00+00:00,463.0691095,67.92142857,22.4,462.3524558,64.25889311,22.30816327,17.3,76.17452381,26.81512193,3.214251701,12.1848631
2025-08-25 04:45:00+00:00,463.0435562,67.87104588,22.4362963,463.6589382,62.74170746,22.39642857,17.3,78.95054714,46.96956533,5.088409586,12.43883333
2025-08-25 05:00:00+00:00,465.904089,68.00020506,22.56768707,467.4659886,62.91276977,22.4,16.96964286,82.18273457,73.75870363,7.314434524,12.94508418
2025-08-25 05:15:00+00:00,492.4096201,67.63246713,22.67828571,477.9217887,63.76536411,22.48,16.81833333,84.99556229,70.77026009,9.310444444,13.14621549
2025-08-25 05:30:00+00:00,505.3659286,66.90664635,22.77440476,506.2893147,63.3121927,22.58020408,17.02142857,88.27369841,69.60328131,11.57072872,13.22651166
2025-08-25 05:45:00+00:00,550.4178736,66.85808505,22.87303571,543.3943714,62.55538215,22.6172558,17.15,91.56547078,68.85973967,13.83544372,13.30025253
2025-08-25 06:00:00+00:00,599.3038973,66.64626637,22.94166667,573.4320282,62.28785085,22.73199471,17.2,94.36391181,70.46937672,15.77509283,13.36090861
2025-08-25 06:15:00+00:00,637.6828753,67.56701632,23.15408163,621.7792873,62.9201637,22.8952381,17.2,97.82017857,75.21770046,18.07742347,13.46292517
2025-08-25 06:30:00+00:00,659.389138,66.91394548,23.17607937,631.19647,63.38221691,23.06468783,17.17675084,100.9318651,85.03370613,20.16112963,13.54846825
2025-08-25 06:45:00+00:00,654.2662043,67.67209249,23.45592687,626.2027972,63.22415378,23.22310658,17.07627551,104.2403827,100.6300558,22.27002834,13.72827041
2025-08-25 07:00:00+00:00,675.7860186,66.82461274,23.41428571,667.293464,63.26666667,23.22333333,16.89177778,107.4113228,115.9458497,24.24105556,13.80694444
2025-08-25 07:15:00+00:00,687.9983167,66.86174738,23.46547619,674.085085,63.06288107,23.24714286,17.22423469,111.0677154,127.3182681,26.41086735,14.03537415
2025-08-25 07:30:00+00:00,694.0947333,65.87626892,23.56144444,687.7238536,62.02926407,23.36444444,17.01111111,114.4776392,142.9987413,28.31633774,14.17587982
2025-08-25 07:45:00+00:00,678.3294103,68.21592593,23.73188776,667.784891,63.93300372,23.39064286,17.03333333,118.364537,148.4687998,30.39033333,14.40772707
2025-08-25 08:00:00+00:00,694.2990363,67.32314997,23.76388889,669.173525,64.60472566,23.52244898,16.86857143,121.8628401,169.4900998,32.14593537,14.72269667
2025-08-25 08:15:00+00:00,696.081057,68.19613991,23.78955556,671.9062579,64.48875984,23.60404762,16.9,125.7384524,198.7011203,33.94307143,14.87720635
2025-08-25 08:30:00+00:00,714.079083,68.61298186,23.82653061,679.4282954,62.64888839,23.6,16.92071429,129.7441095,265.1323957,35.66971501,14.9693272
2025-08-25 08:45:00+00:00,720.226578,67.25391803,23.95685931,665.9677698,63.7577797,23.60838889,17.15968254,133.924976,277.8275317,37.29521645,15.02836497
2025-08-25 09:00:00+00:00,716.2351292,65.26800637,23.9715873,675.5736716,63.21914165,23.68043084,16.95,138.1221681,201.1469414,38.78149351,14.91381674
2025-08-25 09:15:00+00:00,679.5894347,76.25015873,24.18777778,621.5627451,63.00716728,23.7,16.96480952,142.3129365,287.5553665,40.06272222,15.18093889
2025-08-25 09:30:00+00:00,680.9066722,82.17811086,23.97547619,625.937423,61.42157293,23.67142857,17.20428571,147.040386,266.923662,41.3960119,15.42846939
2025-08-25 09:45:00+00:00,678.1374896,93.63468509,24.12,624.3247198,62.24018025,23.6,16.87333333,151.786963,246.4310827,42.50888889,15.48333333
2025-08-25 10:00:00+00:00,663.5211447,99.64701479,24.1494898,606.2903032,61.30298866,23.60952381,17.10714286,156.7377891,298.8593112,43.48348073,15.44538425
2025-08-25 10:15:00+00:00,643.7592496,107.0358974,24.03761905,598.6167943,62.49673835,23.65333333,17.20095238,161.5533333,350.514685,44.22585185,15.57503064
2025-08-25 10:30:00+00:00,611.1209581,113.2576566,24.06666667,583.3263299,61.85973891,23.62857143,17.0,166.6263605,282.4283658,44.8570068,15.64013605
2025-08-25 10:45:00+00:00,602.7248677,112.3607143,24.05333333,572.0105376,61.1797297,23.6,16.99555556,171.9340476,278.1216874,45.29595238,15.6542619
2025-08-25 11:00:00+00:00,614.7238907,117.1071429,24.08703297,568.6346565,61.6116365,23.62142857,17.03076923,177.2872817,303.9120125,45.48285714,15.90952381
2025-08-25 11:15:00+00:00,616.3626197,121.2189168,24.17622222,568.2374183,61.60667863,23.76666667,17.2,182.2597037,440.2461829,45.49333333,16.13394325
2025-08-25 11:30:00+00:00,621.7599076,141.5326299,24.22202381,572.3877376,61.62296614,23.71632653,17.30634921,187.5679932,586.5302254,45.31517857,16.65458759
2025-08-25 11:45:00+00:00,636.9195359,153.3402066,24.10787879,597.0118008,61.94588267,23.73874074,17.04087037,192.2593439,285.8866418,44.9872963,16.14519381
2025-08-25 12:00:00+00:00,628.4849486,158.5203888,24.1,579.1268557,61.92677871,23.8,16.88333333,197.5966128,316.1260308,44.40787982,16.18971315
2025-08-25 12:15:00+00:00,612.4081169,178.7949725,24.045,579.496205,61.41117327,23.77555556,17.07,202.5541402,283.0575886,43.67392857,16.11353896
2025-08-25 12:30:00+00:00,602.6441054,185.1105236,24.05714286,572.5833939,62.07452255,23.85714286,17.14761905,207.6555357,352.4972604,42.73571429,16.46714286
2025-08-25 12:45:00+00:00,589.6569048,183.7284608,23.99333333,579.8410893,62.3901625,23.8887037,17.2,212.1933624,275.1537785,41.6925,16.37079444
2025-08-25 13:00:00+00:00,604.1182523,176.6758995,23.86666667,580.7169968,62.56719083,23.86,17.54444444,216.9075926,504.5421328,40.41645238,16.54952381
2025-08-25 13:15:00+00:00,576.2761594,172.1022109,24.01538462,554.1092842,62.44187233,24.01428571,17.68205128,221.2819388,770.212284,39.07306122,17.3089881
2025-08-25 13:30:00+00:00,555.7236745,171.5448613,23.85,541.5739235,62.82474378,24.0442328,17.56696296,225.7042222,337.0438266,37.55222222,17.39333333
2025-08-25 13:45:00+00:00,525.8322912,163.2238095,23.96369048,527.5951893,62.46459969,24.02678571,17.76349206,229.7433905,620.1671003,36.00005952,17.71875696
2025-08-25 14:00:00+00:00,500.9702778,82.47094877,23.95333333,514.2792508,60.16240741,24.1,17.30365079,233.7716486,551.7720688,34.28629654,18.11474699
2025-08-25 14:15:00+00:00,494.1608777,64.8991344,24.01666667,502.287311,63.0635728,24.16607143,15.22727273,237.5385799,475.5615473,32.54282313,18.27469388
2025-08-25 14:30:00+00:00,490.0728487,64.40931217,24.1,494.0595354,62.77329652,24.22666667,15.68154762,241.1580556,414.987095,30.74018519,17.96784127
2025-08-25 14:45:00+00:00,484.5878937,65.7084364,24.10602041,487.8135695,63.97281737,24.38780612,18.0525,244.8651299,399.2360913,28.81816017,18.2193321
2025-08-25 15:00:00+00:00,480.3459949,64.55367003,24.21333333,481.5135161,63.41188198,24.5,16.04722222,248.2304897,351.514765,26.90192881,18.01959259
2025-08-25 15:15:00+00:00,476.795,65.26548644,24.19460317,478.5457265,64.93003663,24.51333333,17.9781746,252.0420899,304.9587423,24.66603175,18.27228956
2025-08-25 15:30:00+00:00,475.0791353,66.21244331,24.22857143,476.0252905,63.86819348,24.67857143,16.64498299,255.2733009,352.7819499,22.69626623,18.3153108
2025-08-25 15:45:00+00:00,471.600619,65.86388889,24.3,473.9999471,64.21105904,24.78888889,16.79351852,258.5450631,307.9195666,20.56421652,18.62534473
2025-08-25 16:00:00+00:00,469.2965136,66.04940476,24.375,470.7257069,63.90504232,24.965,16.86666667,261.9128571,268.6652637,18.35221088,18.42904762
2025-08-25 16:15:00+00:00,466.414881,65.31269841,24.4,468.9453704,64.5941742,25.125,16.66527778,264.9158333,234.0482738,16.33638889,18.40603989
2025-08-25 16:30:00+00:00,464.6743421,66.0,24.4,466.6963374,63.71783917,25.26263736,17.26944444,268.1074603,200.4687494,14.15342971,18.38714155
2025-08-25 16:45:00+00:00,463.6928976,65.64941221,24.4,465.0542243,64.77573931,25.12777778,16.994,271.1325672,164.9322169,12.02782292,18.33613492
2025-08-25 17:00:00+00:00,462.796627,66.11894296,24.4,463.5269294,64.73167198,25.00714286,16.72321429,274.2427778,129.9915177,9.846232339,18.55748626
2025-08-25 17:15:00+00:00,461.6639487,65.34625736,24.4,463.3541455,63.96323142,24.91936508,17.155,277.1978148,48.50319928,7.777740741,18.10539922
2025-08-25 17:30:00+00:00,460.4633673,66.02819549,24.4,461.8660139,64.14268707,24.64404762,16.66512821,280.188039,24.13796704,5.695282674,17.70069913
2025-08-25 17:45:00+00:00,460.9347128,64.88694557,24.36666667,463.2392684,63.96696473,24.54116667,17.324,283.3331872,16.6849104,3.490877706,17.33452381
2025-08-25 18:00:00+00:00,460.202381,65.17715618,24.3,461.8625695,63.43762994,24.45571429,16.75857143,286.1892857,9.125921138,1.601391466,17.21920635
2025-08-25 18:15:00+00:00,460.6647619,65.29544012,24.264,460.9101188,64.19311535,24.31333333,17.172,289.5085354,3.287472956,-0.487857143,17.02495238
2025-08-25 18:30:00+00:00,460.7444396,65.90719955,24.16923077,460.9101308,64.01612903,24.2125,16.74615385,292.6148639,0.707281777,-2.522534014,16.7652381
2025-08-25 18:45:00+00:00,461.1674761,65.57272642,24.1,460.5630906,64.33823413,24.1,16.957,295.5683658,0.075034329,-4.369069264,16.61114478
2025-08-25 19:00:00+00:00,462.1786878,8.313483575,24.1,461.3030594,6.562334025,24.1,17.3,299.0657937,0.0,-6.478129252,16.35513039
2025-08-25 19:15:00+00:00,461.1254759,0.0,24.025,460.9719298,0.0,24.02,17.375,302.2185556,0.0,-8.273420635,16.30982915
2025-08-25 19:30:00+00:00,460.2310359,0.0,24.0,459.9580761,0.0,23.96179894,17.4,305.6351746,0.0,-10.15111111,16.12532357
2025-08-25 19:45:00+00:00,458.7911662,0.0,23.92714286,459.4748685,0.0,23.88163265,17.4,308.9140476,0.0,-11.84316239,15.75208403
2025-08-25 20:00:00+00:00,458.6397853,0.0,23.9,459.7886857,0.0,23.81333333,17.4,312.2340741,0.0,-13.45459259,15.5022
2025-08-25 20:15:00+00:00,457.4553571,0.0,23.87857143,458.9894054,0.0,23.8,17.4,315.6330952,0.0,-14.99,15.68061224
2025-08-25 20:30:00+00:00,456.9947125,0.0,23.8,457.5680423,0.0,23.76025397,17.4,319.0063333,0.0,-16.37333333,15.56055556
2025-08-25 20:45:00+00:00,455.8416876,0.0,23.8,456.2004659,0.0,23.7,17.4,322.8874459,0.0,-17.84715909,14.71914966
2025-08-25 21:00:00+00:00,455.6098965,78.27352345,23.74037037,456.3985003,78.51229805,23.64859259,16.86357143,326.245936,0.0,-19.05099856,14.13646252
2025-08-25 21:15:00+00:00,462.9035286,169.1085906,23.34220779,458.9596005,166.2339477,23.5962013,15.2880924,329.7575298,0.0,-20.12987782,13.80710212
2025-08-25 21:30:00+00:00,470.3060666,170.252072,23.16144689,468.528339,159.6896641,23.44167975,15.01643862,333.5942764,0.0,-21.1835941,13.70544674
2025-08-25 21:45:00+00:00,474.4461788,168.663414,22.99643357,475.0440093,161.5057074,23.25813636,14.84754274,337.296024,0.0,-22.05666667,13.46024339
2025-08-25 22:00:00+00:00,477.3601372,171.4057318,22.9,478.7506211,164.0555781,23.10714286,14.85384615,341.8388752,0.0,-22.95768707,13.53222222
2025-08-25 22:15:00+00:00,479.520303,171.1023203,22.79333333,480.2241582,158.5525004,23.05258201,14.71487037,345.680463,0.0,-23.51644444,13.41985185
2025-08-25 22:30:00+00:00,481.4458676,169.6951556,22.67857143,481.4160647,162.9704429,22.97857143,14.6,349.6327806,0.0,-23.99642857,13.49438776
2025-08-25 22:45:00+00:00,481.1057151,167.4498535,22.6,481.8151316,163.0425811,22.86666667,14.70666667,353.791037,0.0,-24.336,13.89490861
2025-08-25 23:00:00+00:00,480.2131465,167.9525272,22.54183673,481.3604004,164.9911713,22.8422619,14.85816327,357.6032818,0.0,-24.5,13.98479326
2025-08-25 23:15:00+00:00,478.5885784,171.4777167,22.48,478.8492405,161.7032827,22.8,15.09916667,37.4426936,0.0,-24.5,13.93859428
2025-08-25 23:30:00+00:00,476.3698055,168.5697704,22.4,476.5714286,160.2042479,22.77414966,15.12142857,5.564061791,0.0,-24.42040816,13.9511678
2025-08-25 23:45:00+00:00,475.4916979,172.7522559,22.4,475.6124901,165.3914408,22.78,15.464,9.730595238,0.0,-24.15026455,14.56295238
2025-08-26 00:00:00+00:00,473.255578,169.0269895,22.36410256,473.150303,170.8218182,22.65564103,15.03846154,13.88660317,0.0,-23.66622222,14.4085746
2025-08-26 00:15:00+00:00,473.5266802,171.5231756,22.3,473.096977,165.0264212,22.6,14.95119048,17.87490208,0.0,-23.10575139,13.97884972
2025-08-26 00:30:00+00:00,472.5515476,169.582906,22.36444444,473.3945528,166.3621642,22.56666667,14.8,21.73,0.0,-22.38333333,13.81266667
2025-08-26 00:45:00+00:00,473.5029762,175.9413265,22.2,473.6287115,163.757816,22.5,14.6,25.52579365,0.0,-21.54809524,13.71159297
2025-08-26 01:00:00+00:00,473.6042641,171.2888889,22.16095238,474.6146898,159.1202046,22.40571429,14.8352381,29.3131746,0.0,-20.5484127,13.56844493
2025-08-26 01:15:00+00:00,474.3390599,170.4334841,22.1,474.7785245,164.0647661,22.4,14.6,32.9544019,0.0,-19.46897292,13.40331999
2025-08-26 01:30:00+00:00,475.27743,171.1513756,22.00622222,474.4652451,165.5874074,22.3,14.5,36.7098759,0.0,-18.22359596,13.12848485
2025-08-26 01:45:00+00:00,476.630437,170.3933983,22.0,475.6608679,163.6779257,22.26752137,14.31730769,40.34656978,0.0,-16.90183983,12.82200448
2025-08-26 02:00:00+00:00,476.3896859,168.3965849,21.93638889,476.4538552,160.6669308,22.2,14.15,43.85146032,0.0,-15.48592593,12.77033862
2025-08-26 02:15:00+00:00,477.3450188,170.0180736,21.96734694,478.0182137,165.4619424,22.2,14.15535714,47.34547652,0.0,-13.91326531,12.68367347
2025-08-26 02:30:00+00:00,479.1887086,173.361941,21.94,484.2336788,168.9020171,22.2,13.79844444,50.73607407,0.0,-12.32342593,12.303
2025-08-26 02:45:00+00:00,486.2946494,170.7589482,21.9,495.9945387,169.6792268,22.11428571,13.56309524,53.99731293,0.0,-10.69205782,12.16551871
2025-08-26 03:00:00+00:00,486.5988245,88.34603175,22.175,494.6722846,81.82472727,22.1,15.47214286,57.34,0.0,-8.885079365,12.21597727
2025-08-26 03:15:00+00:00,484.2426689,65.32103175,22.32857143,485.8315338,61.38565272,22.16889198,17.8,60.56461554,0.0,-7.054911914,12.20688065
2025-08-26 03:30:00+00:00,481.2098459,64.9034188,22.3,482.1139493,61.45069786,22.18190476,16.83085714,63.83051852,0.025454546,-5.100592593,12.22541667
2025-08-26 03:45:00+00:00,478.4392593,65.50653846,22.3,479.1772119,61.10417905,22.2,16.49251701,67.11051852,0.556434237,-3.072634921,12.29041212
2025-08-26 04:00:00+00:00,476.9641541,64.90984394,22.33035714,477.032967,61.35794856,22.2,17.3014881,70.16104411,2.601036581,-1.08579932,12.28678571
2025-08-26 04:15:00+00:00,475.7494007,65.47935116,22.34504762,475.5985079,61.54339683,22.20944444,16.69821429,73.08482083,6.432203423,0.702705868,12.16222222
2025-08-26 04:30:00+00:00,474.0332096,64.74566545,22.3,474.1362637,61.69684395,22.2,16.78857143,76.36289683,18.68318177,2.908673469,12.11736961
2025-08-26 04:45:00+00:00,475.305272,64.6778022,22.42666667,475.6880248,60.73775735,22.24666667,17.02333333,79.35611111,48.20140225,4.948333333,12.52948571
2025-08-26 05:00:00+00:00,477.3170739,64.14816275,22.43492063,484.0888813,61.2070684,22.27777778,17.08154762,82.31708617,74.17613324,7.002267574,12.86153846
2025-08-26 05:15:00+00:00,481.3196587,65.48584897,22.38690476,497.2701334,61.79649439,22.30928571,17.08392857,85.40339418,101.8857712,9.155798942,12.99677778
2025-08-26 05:30:00+00:00,500.646488,65.38611626,22.525,524.5671564,61.31193084,22.41734694,17.00952381,88.60553288,143.2495615,11.39578231,13.32928571
2025-08-26 05:45:00+00:00,510.860117,64.76353715,22.69396825,558.3411485,61.00730159,22.66119048,16.99695238,91.72830808,171.5561722,13.53811111,13.71900758
2025-08-26 06:00:00+00:00,565.9636954,64.38041601,22.70178571,636.9415659,59.99936556,22.69107143,16.95178571,94.6036678,208.2121573,15.52274995,14.28335553
2025-08-26 06:15:00+00:00,599.0843122,64.81376383,22.9297619,668.0959172,60.85723643,23.10777778,17.1,97.97614021,243.2845114,17.80798942,14.80860741
2025-08-26 06:30:00+00:00,619.2685486,64.61304945,23.1044898,681.6569384,60.83783069,23.34214286,17.09591837,101.1742857,276.172085,19.89494331,15.24460317
2025-08-26 06:45:00+00:00,655.4852632,64.07221336,23.15777778,699.0328993,60.2656427,23.40972222,17.0,104.5218864,309.3233489,22.03065079,15.61852414
2025-08-26 07:00:00+00:00,682.3086527,61.71425717,23.15834055,732.6592703,59.73773449,23.48936896,17.16666667,107.835457,340.171737,24.03550541,15.84196454
2025-08-26 07:15:00+00:00,703.7101033,60.86102219,23.40365646,736.169446,59.42973777,23.56277778,17.05384127,111.1955471,371.4147802,26.04233333,16.33814286
2025-08-26 07:30:00+00:00,717.5860404,62.10474644,23.38392857,804.6688123,90.8322622,23.68571429,16.88,114.565737,403.2573694,27.9622449,16.32714286
2025-08-26 07:45:00+00:00,708.516158,61.58552241,23.43269231,786.2209359,83.35939224,23.64214286,16.88461538,118.0487168,431.2840904,29.85446429,16.45482375
2025-08-26 08:00:00+00:00,696.915114,61.18435464,23.56,729.0500592,61.66767851,23.7,17.15266667,122.0141785,463.7969279,31.81702239,16.63374945
2025-08-26 08:15:00+00:00,695.7930685,60.98370927,23.62619048,732.0732429,61.18823797,23.67946429,17.30595238,126.0020833,489.9561744,33.66887101,17.12381066
2025-08-26 08:30:00+00:00,679.6712356,61.85793849,23.69690476,689.6246487,61.71345929,23.64690067,17.17968254,130.1249074,516.7447085,35.42585185,17.42041457
2025-08-26 08:45:00+00:00,669.6922542,62.3371987,23.79285714,678.8889038,62.03459786,23.7,17.2,134.2794048,538.5548518,37.03916667,17.50154762
2025-08-26 09:00:00+00:00,676.3501425,62.44190476,23.88461538,677.0328716,62.02260517,23.75333333,17.28461538,138.451746,557.310843,38.51417196,17.64994444
2025-08-26 09:15:00+00:00,666.80162,63.24036281,23.93333333,648.2632576,63.81488095,23.72755102,17.27857143,142.5161224,580.7334829,39.75897959,18.48755102
2025-08-26 09:30:00+00:00,673.9654686,63.15621823,23.97111111,677.1166077,62.92650327,23.87066667,17.23428571,147.2264286,603.6565585,41.06301587,18.29108995
2025-08-26 09:45:00+00:00,666.0080111,69.96776811,23.93636364,664.9078057,64.42112228,23.85375,17.46363636,151.684709,615.5888776,42.11904762,18.622875
2025-08-26 10:00:00+00:00,657.8659039,64.10515873,23.86941392,684.8551701,62.79939038,23.825,17.18483516,157.1168759,634.0034278,43.16599026,18.7166324
2025-08-26 10:15:00+00:00,616.5413749,63.90724868,23.98909091,614.6450714,64.81322383,23.685,17.06181818,161.886,665.8822781,43.94022222,18.6460873
2025-08-26 10:30:00+00:00,598.6079314,62.10642305,23.95142857,597.6568636,64.34798486,23.62687075,17.14795918,166.638692,696.0147974,44.50556051,18.83545145
2025-08-26 10:45:00+00:00,609.240526,62.20343194,23.91866667,595.3036985,63.00384778,23.653,17.25066667,172.1227778,697.1394944,44.90728836,19.43481481
2025-08-26 11:00:00+00:00,610.5783472,64.39753401,24.07714286,587.0767068,65.07541588,23.7,17.30714286,177.4012925,681.3009234,45.15428571,19.16855952
2025-08-26 11:15:00+00:00,613.8214193,73.13275613,24.06666667,577.1846681,63.3633485,23.7,17.37809524,182.4161905,703.681612,45.16666667,19.4905
2025-08-26 11:30:00+00:00,615.9599217,75.50348263,24.10238095,581.5842209,64.0652428,23.7,17.32142857,187.2249188,293.7068519,44.99756494,19.52422078
2025-08-26 11:45:00+00:00,621.7606809,82.59273504,24.0090873,582.726156,62.41900449,23.7,17.16636905,192.0657714,738.9384626,44.66554082,19.6792037
2025-08-26 12:00:00+00:00,612.9150794,91.66468254,24.13269231,575.2490634,64.36247166,23.70714286,17.23948718,197.6891898,723.8729421,44.05683107,19.83273352
2025-08-26 12:15:00+00:00,591.2063715,104.0584897,24.1768254,578.2990003,64.99558889,23.8,17.03761905,202.5638408,552.1337873,43.31583405,19.96077744
2025-08-26 12:30:00+00:00,592.0795455,114.4978355,24.08,597.1249699,65.29923238,23.82727273,16.8,207.4481518,435.3610542,42.40028237,19.60938402
2025-08-26 12:45:00+00:00,573.9779505,121.2727324,24.03982143,586.1443164,64.48248867,23.89857143,16.99089286,212.3376327,600.9876299,41.26583333,19.86648237
2025-08-26 13:00:00+00:00,561.7711389,120.5742165,24.02555556,568.124693,63.31687478,23.92095238,17.21866667,216.7241111,547.6295702,40.07507937,20.32857143
2025-08-26 13:15:00+00:00,549.221055,117.8375235,24.0,561.1337903,63.53695114,23.87053571,17.14285714,221.3111791,595.700368,38.7036075,20.35251495
2025-08-26 13:30:00+00:00,532.6635887,116.0037348,24.0,534.9823298,63.76583771,23.94733333,17.12488889,225.4575,443.0364913,37.24416667,20.81888889
2025-08-26 13:45:00+00:00,520.6884921,117.9157633,23.96153846,520.6461232,64.94225275,24.05,17.17538462,229.5638889,594.5794727,35.66507937,20.64266234
2025-08-26 14:00:00+00:00,531.1498085,78.74980159,23.88444444,517.7716915,66.92145421,24.1,15.46952381,233.3279027,452.8177347,34.09791667,20.63073173
2025-08-26 14:15:00+00:00,520.6607582,62.85209301,23.87482993,523.0475728,62.72194015,24.17047619,14.025,237.3047421,367.1143534,32.24823413,21.04489177
2025-08-26 14:30:00+00:00,505.6324467,63.28987105,24.0,514.107326,62.46968254,24.25259259,17.70416667,241.1295904,495.1103888,30.35699351,20.52322724
2025-08-26 14:45:00+00:00,498.7730815,63.8,24.05714286,504.6387357,63.30765016,24.354,17.06428571,244.9080812,298.2461282,28.37630159,21.08825983
2025-08-26 15:00:00+00:00,491.1037836,64.13394038,24.1,496.6924895,61.91262299,24.28571429,17.59769231,248.1831774,183.5142309,26.53137755,20.85130754
2025-08-26 15:15:00+00:00,485.637037,63.90779621,24.1,490.32,62.42699153,24.2,16.85133333,251.8978704,164.1525536,24.32074796,20.25060926
2025-08-26 15:30:00+00:00,482.0824209,64.33658102,24.1,485.1365427,61.83491699,24.26428571,16.92371795,254.991824,236.6826404,22.43018398,19.8937415
2025-08-26 15:45:00+00:00,477.9272727,64.2600713,24.1,480.4903187,61.29124916,24.33266667,16.70648148,258.4216429,167.0610241,20.21971188,19.57230159
2025-08-26 16:00:00+00:00,474.1513299,63.84374673,24.1,475.009328,61.15080753,24.27142857,16.4297619,261.5342149,111.6287611,18.18634354,19.35598073
2025-08-26 16:15:00+00:00,471.5183001,63.55153425,24.1,472.5684526,60.96889021,24.24666667,16.88666667,264.8016931,145.3674218,15.99667989,18.9925873
2025-08-26 16:30:00+00:00,469.9047619,63.54648526,24.1,469.6927877,61.11815196,24.30064935,17.37857143,267.8863806,148.3896874,13.87955318,18.69768707
2025-08-26 16:45:00+00:00,468.1649506,62.99070657,24.1,467.8890597,61.60143342,24.38974359,17.16666667,270.8935971,160.6603724,11.75010989,18.62
2025-08-26 17:00:00+00:00,466.3029847,63.57564359,24.1,466.2473325,61.32617402,24.35357143,16.60833333,274.1875,68.27797967,9.502040816,18.34681122
2025-08-26 17:15:00+00:00,464.7817893,63.15169451,24.036,464.5629008,61.65977716,24.18388889,16.76155556,277.201373,31.58295168,7.370571429,18.13534524
2025-08-26 17:30:00+00:00,463.0633117,63.93452381,24.0,461.9788069,61.56475667,24.04285714,17.11892857,280.2138992,19.12579242,5.285718151,17.79491497
2025-08-26 17:45:00+00:00,463.3423537,64.1732129,23.92272727,462.5542109,61.3022652,23.93766234,16.76363636,282.5010101,12.92258993,3.711111111,17.71528926
2025-08-26 18:00:00+00:00,464.0912698,63.38837353,23.84166667,461.6894064,61.39226496,23.80408163,17.22714286,286.2198855,5.298905432,1.166946625,18.08318027
2025-08-26 18:15:00+00:00,462.9880042,63.60255809,23.77904762,461.3932749,61.24309606,23.75090909,16.86212121,289.0308168,1.715611942,-0.614650683,18.24627981
2025-08-26 18:30:00+00:00,463.6675685,63.71309524,23.7,461.0357143,61.17965368,23.67857143,17.24285714,292.6531236,0.233242743,-2.941284014,17.99917347
2025-08-26 18:45:00+00:00,461.8218724,64.00224824,23.63571429,460.62569,61.83980358,23.6,16.79482993,295.3317577,0.0,-4.643424538,18.37916076
2025-08-26 19:00:00+00:00,462.0583991,9.285714286,23.6,461.4309194,8.546428571,23.55,17.3,298.9134524,0.0,-6.783894558,17.56488136
2025-08-26 19:15:00+00:00,461.0316198,0.0,23.6,460.5804204,0.0,23.5,17.37333333,302.1147593,0.0,-8.627021164,17.61822222
2025-08-26 19:30:00+00:00,460.5590152,0.0,23.6,459.1449864,0.0,23.5,17.44266667,305.5589444,0.0,-10.50111111,17.52016835
2025-08-26 19:45:00+00:00,460.2766234,0.0,23.6,457.7241033,0.0,23.40892857,17.5,308.9090079,0.0,-12.21334467,17.60957753
2025-08-26 20:00:00+00:00,459.6666667,0.0,23.58247619,457.461655,0.0,23.4,17.5,312.2275325,0.0,-13.83378788,17.55809524
2025-08-26 20:15:00+00:00,458.9222725,0.0,23.5,457.7497076,0.0,23.3575,17.54,315.9699206,0.0,-15.47,17.39253968
2025-08-26 20:30:00+00:00,459.0922862,0.0,23.5,457.1756965,0.0,23.3,17.62133333,319.041,0.0,-16.796,17.37342857
2025-08-26 20:45:00+00:00,458.3739101,0.0,23.45,456.4487147,0.0,23.3,17.71428571,322.8725198,0.0,-18.24434524,17.39655357
2025-08-26 21:00:00+00:00,456.9743723,115.6882743,23.33,455.8468254,110.9584892,23.23343915,17.84888889,326.5302249,0.0,-19.47664021,17.50888889
2025-08-26 21:15:00+00:00,463.6451188,169.6125582,23.02609524,461.6566185,164.3802146,23.1665,17.8,330.3240741,0.0,-20.63010317,18.02496667
2025-08-26 21:30:00+00:00,469.9287157,168.9749017,22.9,470.2816044,166.4265264,23.08144841,17.8,334.0434753,0.0,-21.61970113,17.62960073
2025-08-26 21:45:00+00:00,474.2478034,169.0902381,22.88065934,474.471746,164.977,22.98185185,17.8,337.9614444,0.0,-22.55703704,17.57656243
2025-08-26 22:00:00+00:00,478.7945887,169.7164502,22.8,478.9986288,164.2184739,22.9,17.8,341.7335459,0.0,-23.26454082,17.57258787
2025-08-26 22:15:00+00:00,481.5383261,172.2886219,22.77333333,482.7294579,161.722377,22.81333333,17.77,345.229673,0.0,-23.81914854,17.45494444
2025-08-26 22:30:00+00:00,483.3892759,170.0886788,22.7,483.6883548,164.8184818,22.8,17.7,349.6629272,0.0,-24.35439729,17.75299778
2025-08-26 22:45:00+00:00,485.7053205,170.2543651,22.612,483.9070628,161.6871348,22.8,17.46666667,353.8958995,0.0,-24.70380952,17.85083333
2025-08-26 23:00:00+00:00,484.820447,169.4377684,22.6,485.0776408,166.02771,22.78164193,17.4,357.740781,0.0,-24.87857143,17.43271537
2025-08-26 23:15:00+00:00,485.8004762,170.9348378,22.53238095,486.0207583,163.8758687,22.7,17.31166667,45.87982011,0.0,-24.9,17.30044444
2025-08-26 23:30:00+00:00,485.9606129,171.041572,22.5,486.1522877,160.6531881,22.62666667,17.2547619,6.062380952,0.0,-24.7375,17.10565657
2025-08-26 23:45:00+00:00,488.514144,168.4485931,22.52261905,487.0146486,162.7526587,22.6,17.15,9.674007937,0.0,-24.45925325,16.79575397
2025-08-27 00:00:00+00:00,490.0258862,171.1057937,22.40190476,489.0576984,162.8770184,22.6,17.1,13.87863248,0.0,-24.03572679,17.18185185
2025-08-27 00:15:00+00:00,490.4475008,169.1453094,22.42428571,490.2829641,162.2829445,22.56428571,17.1,17.19334034,0.0,-23.53991597,17.2044641
2025-08-27 00:30:00+00:00,491.9305519,170.1685593,22.34722222,490.3396281,160.1966332,22.5,17.1,21.52108791,0.0,-22.76057143,16.8498022
2025-08-27 00:45:00+00:00,491.0671918,169.2495518,22.3,489.7605133,170.5561213,22.5,17.1,25.74112245,0.0,-21.84238095,16.33532444
2025-08-27 01:00:00+00:00,489.4719399,168.1331443,22.33666667,488.1000322,161.8679094,22.41222222,17.20698413,29.52259259,0.0,-20.8586746,16.51755556
2025-08-27 01:15:00+00:00,485.0903061,169.5011035,22.4,485.1062771,160.1038521,22.4,17.35692308,33.33331502,0.0,-19.74471917,16.47604199
2025-08-27 01:30:00+00:00,484.333709,167.4362341,22.4,482.1030303,166.0855592,22.38138889,17.3,36.94769481,0.0,-18.53169312,16.56801465
2025-08-27 01:45:00+00:00,481.9431556,170.1820611,22.34537415,480.9685411,164.1156365,22.30714286,17.27142857,40.60497449,0.0,-17.15627426,16.35183759
2025-08-27 02:00:00+00:00,480.9542857,173.8882479,22.25238095,479.1041596,158.6689755,22.3,17.1,44.22522222,0.0,-15.68577778,16.33222222
2025-08-27 02:15:00+00:00,480.4909968,169.3793142,22.3,478.2968563,164.7014688,22.3,17.18321995,47.50952381,0.0,-14.22946429,16.10910714
2025-08-27 02:30:00+00:00,480.461345,182.7391534,22.276,481.1421652,177.3615205,22.3,17.3,51.07201227,0.0,-12.55455556,16.01202424
2025-08-27 02:45:00+00:00,484.5977916,170.4934127,22.25047619,490.3250764,166.3314271,22.34816084,17.3,54.36483541,0.0,-10.87479798,16.1
2025-08-27 03:00:00+00:00,488.8095301,35.78571429,22.36,493.3893961,46.62704184,22.31448413,17.3,57.37046311,0.0,-9.239102336,16.21666667
2025-08-27 03:15:00+00:00,484.1191637,59.49259259,22.64466667,485.0111376,60.79992891,22.432,17.07966667,60.93975783,0.0,-7.234435897,17.67358571
2025-08-27 03:30:00+00:00,480.7585365,63.9643315,22.64285714,480.2272123,65.76688984,22.5,16.640625,64.15612245,0.0,-5.301587302,18.66767574
2025-08-27 03:45:00+00:00,477.1260572,63.67937463,22.5,475.6878289,66.1639539,22.5,17.11111111,67.34134343,0.221528139,-3.365611111,18.40288215
2025-08-27 04:00:00+00:00,474.0055171,63.7219743,22.5,472.2551948,65.57609953,22.5,16.91836735,70.41022589,1.210011905,-1.356906288,18.70173993
2025-08-27 04:15:00+00:00,471.0840283,64.15526696,22.5,470.1080327,65.72876546,22.5,16.72555556,73.51914652,4.53614875,0.600342491,19.13869048
2025-08-27 04:30:00+00:00,469.0351595,65.06220665,22.5,468.042328,66.59669587,22.5,17.08409091,76.47124542,9.456231003,2.550195836,19.10964286
2025-08-27 04:45:00+00:00,468.5636364,64.11246439,22.50857143,467.7767993,65.80656642,22.5,17.24,79.66919577,20.78304355,4.765338624,18.68623347
2025-08-27 05:00:00+00:00,468.9621212,63.42783447,22.65857143,471.1453691,65.50428009,22.5,17.12857143,82.73040293,26.57026936,6.894037153,18.96304282
2025-08-27 05:15:00+00:00,479.679427,63.96471103,22.63851852,476.4792381,66.05949051,22.52,17.14,85.69407864,32.6698812,8.925895712,18.96678212
2025-08-27 05:30:00+00:00,495.2817932,64.44267707,22.75,492.051398,65.58833142,22.6,17.09285714,88.80166667,38.88495168,11.08675737,19.21126276
2025-08-27 05:45:00+00:00,527.7911434,62.48156566,22.87777778,506.2937471,65.6221747,22.6,17.0,91.94281046,37.92788383,13.26680769,19.49766555
2025-08-27 06:00:00+00:00,564.8550151,64.64910477,22.94933333,538.9259554,66.75881393,22.6,17.1,95.16606061,32.77460473,15.46583333,18.99969192
2025-08-27 06:15:00+00:00,602.8067027,63.20305312,23.09464286,606.1038415,64.58317327,22.81777778,17.3,98.37462327,35.25521969,17.62143991,18.85894374
2025-08-27 06:30:00+00:00,653.2372128,62.99618356,23.23472222,643.8442278,65.04452265,23.01247863,17.3,101.5696085,57.2883463,19.72790476,18.96447619
2025-08-27 06:45:00+00:00,686.4748937,64.02377605,23.38241758,668.5432374,65.26731438,23.18440171,17.12820513,104.6659488,72.97212948,21.67080241,18.76707875
2025-08-27 07:00:00+00:00,685.8702081,62.79304332,23.4884127,697.3691821,64.84452936,23.25873016,17.0,107.916349,90.76383443,23.74692328,19.06340149
2025-08-27 07:15:00+00:00,698.9911799,62.48689907,23.54693878,714.6629984,73.30955782,23.67056122,16.94566327,111.5536451,108.1470774,25.85427773,19.39593537
2025-08-27 07:30:00+00:00,705.4319192,61.89541024,23.58970215,739.33828,65.40938699,23.62571429,16.91422222,114.7801221,101.46784,27.67529345,19.26331399
2025-08-27 07:45:00+00:00,705.2109507,63.80321341,23.72198516,713.6070874,66.57812739,23.6,17.07142857,118.7168887,77.80527954,29.75348639,19.00874292
2025-08-27 08:00:00+00:00,738.348523,62.37127289,23.70383838,771.1603843,65.23927587,23.58055556,17.15333333,122.3711032,117.2246035,31.56817257,19.14316614
2025-08-27 08:15:00+00:00,749.3515279,62.84289966,23.71632653,788.9956108,64.00175618,23.65,17.26785714,126.1152474,147.5935848,33.33814059,19.35212987
2025-08-27 08:30:00+00:00,718.1063173,63.93279979,23.85111111,742.0249335,62.40600256,23.61002646,17.1,130.3018223,170.0538182,35.09926282,19.24300965
2025-08-27 08:45:00+00:00,716.0544568,63.27206984,23.93571429,694.6488242,62.35450867,23.6,17.19428571,134.4904762,200.1504268,36.73605442,19.37393707
2025-08-27 09:00:00+00:00,715.9220966,63.3462963,24.00952381,675.1677202,62.24790625,23.63055556,17.328,138.6234963,300.392742,38.17715462,19.63286743
2025-08-27 09:15:00+00:00,688.8684275,64.12840463,24.00595238,660.5000472,62.74949609,23.661829,17.37655844,142.5284014,231.8806645,39.42527036,19.92626374
2025-08-27 09:30:00+00:00,696.7195447,67.18621538,24.02481481,669.0753428,62.13276446,23.7,17.32547619,147.5722857,267.8307926,40.79714286,19.91579254
2025-08-27 09:45:00+00:00,690.7678266,69.62470727,24.10769231,659.5322055,62.61079284,23.76433566,17.20769231,151.7925366,273.2115544,41.78521978,20.45514252
2025-08-27 10:00:00+00:00,698.9765947,83.8000777,24.15241758,670.7429123,61.71429615,23.73145299,17.08461538,157.1314918,231.5383735,42.8341958,20.10997802
2025-08-27 10:15:00+00:00,668.7406976,97.06265364,24.04,680.0700039,62.46570257,23.72,16.98666667,161.8131018,220.3963323,43.52703463,20.30166667
2025-08-27 10:30:00+00:00,645.8310024,95.40620491,23.91404762,657.3323456,62.71080416,23.72857143,17.1,166.9807885,202.3547803,44.16888112,20.73624875
2025-08-27 10:45:00+00:00,632.4743972,96.96849281,23.94888889,643.3169855,62.77285772,23.72677778,17.07244444,172.1197643,269.6351268,44.59207311,20.6601746
2025-08-27 11:00:00+00:00,646.8700778,95.40832897,24.0377551,647.4749124,61.66293141,23.82857143,17.1,176.7535714,226.1122838,44.74350649,20.58833411
2025-08-27 11:15:00+00:00,648.1264441,96.55364136,24.07857143,649.3067081,61.59235209,23.9,17.10214286,182.5467667,463.2275378,44.79948718,20.73201587
2025-08-27 11:30:00+00:00,657.0273047,107.4923967,24.04295918,663.4318819,61.7783861,23.9,17.37056277,187.5610317,300.0705452,44.61734694,20.22134184
2025-08-27 11:45:00+00:00,655.243577,111.6061448,24.02261905,654.5243522,62.44805996,23.87150794,17.3,192.6413333,483.7973313,44.25215608,20.36186667
2025-08-27 12:00:00+00:00,662.6529762,118.1246843,24.21666667,637.5638861,62.06933067,23.9,17.25555556,197.9483796,315.6467583,43.65,20.84949735
2025-08-27 12:15:00+00:00,679.3539798,144.6433333,24.276,635.6513756,61.90703425,23.99333333,17.00592593,202.6090741,428.7504372,42.97003704,20.52562804
2025-08-27 12:30:00+00:00,690.257076,172.6920676,24.26666667,630.2958067,61.87362482,23.93333333,16.88666667,207.5221164,427.321928,42.03500241,20.86667851
2025-08-27 12:45:00+00:00,657.8834184,193.4248299,24.17142857,634.2258762,61.8073691,24.0,17.22380952,212.2391244,477.0986865,40.9282197,21.32175015
2025-08-27 13:00:00+00:00,636.4843915,197.4141799,24.03333333,633.5802519,61.64590643,23.96,16.91904762,216.7025635,219.4128101,39.74856349,20.45492698
2025-08-27 13:15:00+00:00,602.5596387,198.4391275,23.91036848,603.8668574,61.66366292,23.8324263,16.16904762,221.1620859,119.2375399,38.34691043,20.53494009
2025-08-27 13:30:00+00:00,561.8116788,195.9682568,23.93884921,568.6524189,62.04173327,23.8,16.38471429,225.290127,259.2979108,36.91211905,20.71768
2025-08-27 13:45:00+00:00,529.7867063,188.2569499,23.9,536.9687894,61.93343024,23.8,16.83214286,229.5343622,221.6027656,35.2745939,20.29171627
2025-08-27 14:00:00+00:00,511.5683386,77.81353986,23.93666667,514.5382612,58.47227273,23.77733333,15.87944444,233.4468289,421.7025295,33.60905395,19.5878672
2025-08-27 14:15:00+00:00,497.6036861,67.93863507,24.01904762,504.9467836,64.29583348,23.90178571,16.13142857,237.044161,495.4033303,31.97154195,19.41014739
2025-08-27 14:30:00+00:00,491.5242632,62.04334579,24.1,495.1037259,59.00628203,24.0,17.52166667,240.8203862,300.1581903,30.10241077,19.21411212
2025-08-27 14:45:00+00:00,488.2544732,65.3936228,24.1,489.5599374,62.16188311,24.02833333,17.27333333,244.6874327,321.8196451,28.07641414,19.18182077
2025-08-27 15:00:00+00:00,484.3839286,61.30794206,24.1,483.3421168,61.07053437,24.12857143,16.97607143,248.1755556,279.3619196,26.12857143,19.03857143
2025-08-27 15:15:00+00:00,480.1674096,61.19772012,24.15333333,479.2863006,60.89713565,24.09079365,16.97047619,251.676627,129.8742376,24.03759722,19.25352381
2025-08-27 15:30:00+00:00,476.9145033,65.61654457,24.08571429,475.6751524,65.85972913,23.98571429,16.72380952,254.9563004,90.12734084,22.03406746,18.64129508
2025-08-27 15:45:00+00:00,474.8789381,66.39065586,24.0,472.8801334,65.90857354,23.9,16.4,258.2525322,160.9270046,19.88871669,19.26449838
2025-08-27 16:00:00+00:00,471.0246573,64.64775679,24.02727273,469.7109557,64.56362643,23.98295455,17.37272727,261.9534147,196.3278945,17.47494228,19.34330808
2025-08-27 16:15:00+00:00,468.989186,65.33354053,24.04,468.5644444,65.04309764,23.88,17.11333333,264.7608307,73.9852963,15.60253175,19.19500556
2025-08-27 16:30:00+00:00,467.2605591,64.74179313,24.0,465.7014232,64.12935993,23.81972789,16.84285714,267.7076347,24.23667083,13.56784668,19.11580782
2025-08-27 16:45:00+00:00,466.0702296,65.95185185,23.93333333,463.2900993,64.84823766,23.8,16.77428571,270.8054253,22.14948616,11.41143386,19.2006168
2025-08-27 17:00:00+00:00,464.9467815,64.30992063,23.88666667,463.1823692,63.75402118,23.70571429,16.66761905,274.127664,15.12561108,9.078396825,19.11959259
2025-08-27 17:15:00+00:00,464.6066133,65.22264957,23.8,461.0297619,64.26105809,23.64292929,17.15519841,277.1306463,8.125357017,6.992559524,19.01928571
2025-08-27 17:30:00+00:00,463.9394233,65.76268775,23.8,459.7374421,65.52693648,23.6,17.05269841,280.16,4.376136157,4.884444444,18.95647619
2025-08-27 17:45:00+00:00,461.6319114,63.91433701,23.7,458.5896856,64.37589712,23.57,17.00238095,283.2682194,2.086871628,2.719728407,19.20357143
2025-08-27 18:00:00+00:00,459.2513709,65.29328042,23.64533333,458.4550329,65.30111111,23.5,17.1,286.2471389,1.325518622,0.75952381,19.42140152
2025-08-27 18:15:00+00:00,459.4156111,65.32205215,23.6,457.7267577,64.89608407,23.48887755,17.13015873,288.9656136,0.586718807,-0.959665533,19.1164156
2025-08-27 18:30:00+00:00,459.5601525,64.75492877,23.6,457.561039,64.35440304,23.4,17.15777778,292.5440529,0.071544012,-3.31037037,18.84828571
2025-08-27 18:45:00+00:00,459.2016484,64.4008658,23.53979592,457.2108466,64.57498454,23.4,17.1,295.515873,0.0,-5.162488662,18.63391156
2025-08-27 19:00:00+00:00,458.6039216,17.33333333,23.5,456.0733333,17.05376344,23.38,17.03587302,298.8766402,0.0,-7.148111111,18.243011
2025-08-27 19:15:00+00:00,457.9215305,0.0,23.5,455.0618842,0.0,23.3,17.35816327,302.0038462,0.0,-8.974675325,17.72040816
2025-08-27 19:30:00+00:00,456.8943723,0.0,23.5,455.1463167,0.0,23.3,17.49333333,305.1078831,0.0,-10.64438095,17.55807407
2025-08-27 19:45:00+00:00,456.8457188,0.0,23.49107143,454.8686109,0.0,23.22857143,17.52202381,308.4367574,0.0,-12.37560368,17.38980672
2025-08-27 20:00:00+00:00,456.848581,0.0,23.4,454.2212801,0.0,23.2,17.54666667,312.1469048,0.0,-14.1727381,17.2154
2025-08-27 20:15:00+00:00,456.369164,0.0,23.4,454.3402055,0.0,23.2,17.5,315.4858844,0.0,-15.68571429,17.29285714
2025-08-27 20:30:00+00:00,455.6898322,0.0,23.4,454.1710229,0.0,23.18111111,17.5,319.0518069,0.0,-17.15680952,17.43374286
2025-08-27 20:45:00+00:00,455.5191834,0.0,23.303,454.7500635,0.0,23.1,17.56,322.8235185,0.0,-18.58786147,17.36878182
2025-08-27 21:00:00+00:00,456.4003827,98.94345238,23.17142857,454.709273,99.55595238,23.1,18.03965986,326.5245351,0.0,-19.86394558,17.44441327
2025-08-27 21:15:00+00:00,457.6338842,168.905336,23.0,457.2270432,158.2416386,23.1,18.19589744,330.2105826,0.0,-20.98074603,17.33927593
2025-08-27 21:30:00+00:00,461.0014084,167.2838828,22.9,460.6176145,166.8053855,23.0,18.00142857,333.8942857,0.0,-21.97607143,17.08661905
2025-08-27 21:45:00+00:00,461.6759171,169.5017412,22.89428571,461.654118,160.9959578,22.96666667,18.09619048,337.7325926,0.0,-22.84878307,16.99666667
2025-08-27 22:00:00+00:00,462.3271062,169.7888992,22.80181406,461.9309143,160.4913914,22.9,17.96904762,341.7378061,0.0,-23.64205087,16.75265306
2025-08-27 22:15:00+00:00,464.332139,169.5189816,22.78055556,463.1882286,161.1384419,22.88666667,17.65333333,345.8043077,0.0,-24.24716667,16.99938136
2025-08-27 22:30:00+00:00,465.3567641,167.9083694,22.71,465.0656052,161.8075705,22.8,17.47,349.7760245,0.0,-24.71985467,17.84390476
2025-08-27 22:45:00+00:00,467.1879226,167.4877104,22.7,467.1674286,164.2615997,22.8,17.34666667,353.7560703,0.0,-25.03158845,17.41479757
2025-08-27 23:00:00+00:00,469.3074747,167.7014815,22.64666667,468.1692521,159.9400499,22.72666667,17.49333333,358.0089815,0.0,-25.2,16.74203704
2025-08-27 23:15:00+00:00,468.8142751,169.5265999,22.6,468.0880965,160.2932065,22.7,17.25,12.94483405,0.0,-25.2,16.42186134
2025-08-27 23:30:00+00:00,470.288312,168.5836387,22.54660317,469.3816828,164.6928045,22.65989418,16.97398148,5.492333074,0.0,-25.11993784,16.45366382
2025-08-27 23:45:00+00:00,473.727524,167.904524,22.47873932,472.1673276,162.314236,22.6,16.82,9.947557205,0.0,-24.84360957,16.56077551
2025-08-28 00:00:00+00:00,473.4066375,167.7443578,22.41866667,471.7437483,162.6087519,22.59833333,17.5,14.29470034,0.0,-24.32386147,16.2387975
2025-08-28 00:15:00+00:00,473.0058796,168.7007468,22.4,470.4510493,160.8379876,22.52809524,17.4047619,18.21519481,0.0,-23.76448413,16.39785714
2025-08-28 00:30:00+00:00,473.2206464,168.1650638,22.35333333,472.3076908,157.7223046,22.5,17.46242424,22.07234921,0.0,-23.02982973,16.71366162
2025-08-28 00:45:00+00:00,475.9768141,169.9716221,22.32857143,473.4838319,159.8435851,22.5,17.51935941,25.90279195,0.0,-22.18796287,17.10532378
2025-08-28 01:00:00+00:00,480.3339713,166.4547619,22.3,477.7457753,161.4251648,22.4,17.19333333,29.59089947,0.0,-21.24,16.77237879
2025-08-28 01:15:00+00:00,483.1230507,168.8259816,22.33230159,482.0972052,165.2045551,22.4,16.84642857,33.36073464,0.0,-20.07975855,16.53067069
2025-08-28 01:30:00+00:00,487.6370658,167.2868184,22.28142857,486.1124586,162.7703833,22.30867347,16.52767857,37.29389378,0.0,-18.78163265,16.36753247
2025-08-28 01:45:00+00:00,491.0592583,168.2559174,22.22833333,489.9485904,159.0250264,22.3,16.57407407,40.63845767,0.0,-17.52897619,16.35711448
2025-08-28 02:00:00+00:00,494.1191906,168.7173407,22.20799036,491.9917968,163.8078847,22.25,16.59285714,44.37301587,0.0,-16.01031746,16.41246259
2025-08-28 02:15:00+00:00,496.6574603,169.7638889,22.13166667,496.1764612,159.118815,22.2,16.45888889,47.74279365,0.0,-14.50642857,16.40434286
2025-08-28 02:30:00+00:00,505.2426304,174.0420814,22.05857143,503.0172846,161.6271514,22.2,16.4,50.91857143,0.0,-13.02857143,16.68997732
2025-08-28 02:45:00+00:00,511.230077,168.655512,22.215,516.1775724,161.2651127,22.20190476,16.19277778,54.48970779,0.0,-11.22568783,16.8683234
2025-08-28 03:00:00+00:00,519.5848538,21.72888889,22.36777778,520.5294017,23.69357367,22.232,16.3,58.01957143,0.0,-9.291365079,17.06096549
2025-08-28 03:15:00+00:00,514.9910955,78.7766067,22.59880952,511.817675,85.64856816,22.31734694,16.97721088,61.15672799,0.0,-7.493632756,17.3775034
2025-08-28 03:30:00+00:00,507.0263122,66.17134921,22.50793651,503.6887108,67.38494814,22.4,17.00714286,64.39047619,0.0,-5.595476191,17.26475132
2025-08-28 03:45:00+00:00,500.0188297,66.3897577,22.5,497.3754621,67.39160185,22.4,16.73928571,67.60892857,0.099978968,-3.595535714,16.89243622
2025-08-28 04:00:00+00:00,493.8337213,65.79285018,22.5,492.1831672,66.97598858,22.4,16.95488889,70.57427839,0.633432569,-1.705190476,16.80382906
2025-08-28 04:15:00+00:00,488.8216659,66.16702098,22.5,488.0336257,66.99858869,22.4,16.87530612,73.70697279,2.058018211,0.30515873,17.975
2025-08-28 04:30:00+00:00,484.6641068,66.00282602,22.5,484.2661515,66.99502977,22.4,16.93877551,76.85044613,7.01914452,2.396555556,18.43874068
2025-08-28 04:45:00+00:00,486.2529219,65.8591785,22.42596825,483.7329699,67.48735493,22.4,16.8,79.77084656,13.32188245,4.412443408,17.70437831
2025-08-28 05:00:00+00:00,487.5042008,64.99456158,22.58007215,490.2559031,66.33619521,22.38223356,16.8,82.62301587,20.91696115,6.370388155,17.79926971
2025-08-28 05:15:00+00:00,499.2822646,64.75856232,22.62,501.1763738,67.14985251,22.40121212,17.106,86.00380763,39.97790782,8.703869616,17.16213889
2025-08-28 05:30:00+00:00,511.7315657,65.13602479,22.60204082,513.0092877,66.5163662,22.47857143,16.83285714,89.15631725,82.95026224,10.89966605,16.92059184
2025-08-28 05:45:00+00:00,539.5664765,65.07191558,22.7815,539.0998635,65.8508646,22.53440476,16.83333333,92.18246394,99.14871322,12.98018414,16.99873801
2025-08-28 06:00:00+00:00,573.9364043,65.34771538,22.98015873,591.9939048,66.57728681,22.62678571,17.27222222,95.38917955,127.2756622,15.20921202,18.36545455
2025-08-28 06:15:00+00:00,647.249864,65.11969087,23.07244898,661.8339946,66.00664297,22.84233333,17.28952381,98.43697547,124.9320775,17.24196056,17.65224764
2025-08-28 06:30:00+00:00,691.8235544,65.01551227,23.13452381,686.3631011,67.85124224,22.96428571,16.89285714,101.7135714,128.80133,19.41479592,17.57273129
2025-08-28 06:45:00+00:00,712.6588384,64.29634356,23.39121212,693.7931727,66.55278838,23.13611111,16.91212121,105.0134405,165.8051775,21.48956654,17.8785575
2025-08-28 07:00:00+00:00,736.9724974,64.97023723,23.42678571,728.8793846,66.44091342,23.21690476,17.26666667,108.462987,228.1432934,23.64333648,17.94059127
2025-08-28 07:15:00+00:00,761.5717593,63.93039683,23.57074242,766.5784667,65.58708995,23.3768315,17.43396825,111.5747619,244.2743386,25.46904762,18.66033333
2025-08-28 07:30:00+00:00,763.9559935,64.61297036,23.74266667,761.6000372,76.94039959,23.48759259,17.4,115.3726667,339.9578737,27.59583333,19.45374603
2025-08-28 07:45:00+00:00,798.6399555,76.35985681,23.78809524,789.2123016,71.81282978,23.61428571,17.77412698,119.037466,331.278547,29.50064909,20.06614927
2025-08-28 08:00:00+00:00,779.3363148,80.50437622,23.88,756.2780369,67.55033846,23.6,17.43333333,122.7303545,322.6159513,31.33273016,20.14175289
2025-08-28 08:15:00+00:00,768.1303922,73.77422379,23.78722944,773.8193146,64.10296426,23.59920635,17.14285714,126.4492857,255.9781378,33.08852041,20.23679654
2025-08-28 08:30:00+00:00,762.4753058,67.46388473,23.94522222,753.9475985,64.03946587,23.57311111,16.84666667,130.3247302,327.9793991,34.73920635,20.7140873
2025-08-28 08:45:00+00:00,785.8463044,68.12462179,23.99260073,761.7570644,63.90275258,23.67857143,17.0356044,134.1594898,354.9082533,36.21428571,21.34895359
2025-08-28 09:00:00+00:00,782.2786271,93.18720539,24.12666667,785.3323132,65.14105331,23.76,17.25130952,138.8024651,382.7503753,37.86710317,21.53835897
2025-08-28 09:15:00+00:00,758.9622222,109.2462963,24.11777778,779.9921318,72.03146199,23.8,17.32,143.4206481,492.7219519,39.28592593,21.64146296
2025-08-28 09:30:00+00:00,746.1240374,120.3277465,24.00708181,754.6139577,67.5510049,23.71538462,17.3,147.5423529,449.6052926,40.42459384,21.80882937
2025-08-28 09:45:00+00:00,703.391837,136.2723882,24.26765079,670.4861515,68.50024923,23.68385714,17.3,152.5058027,394.0993834,41.5508658,22.07464555
2025-08-28 10:00:00+00:00,657.1090877,157.1615977,24.12571429,639.171276,68.0833189,23.56142857,17.14571429,157.4198441,396.2967977,42.52969388,22.28678571
2025-08-28 10:15:00+00:00,629.998388,164.7547619,24.1,645.471116,64.63502155,23.64666667,17.08666667,162.353039,418.9051344,43.28552381,22.37180952
2025-08-28 10:30:00+00:00,638.7227129,172.09325,24.08582418,663.7589861,61.63136863,23.82987013,17.25555556,167.1497805,400.8635136,43.82297619,22.48819728
2025-08-28 10:45:00+00:00,672.0900177,188.1495238,24.22133333,676.0154351,61.1237202,23.9,17.09833333,172.2023415,354.0468695,44.2103569,22.42016065
2025-08-28 11:00:00+00:00,667.2751852,213.2210317,24.2,683.6104286,62.71550766,24.05555556,16.54666667,177.6156667,354.4192993,44.45866667,21.42191111
2025-08-28 11:15:00+00:00,652.1363636,226.573944,24.2,696.5755393,74.51799432,24.1,16.48469388,182.6965716,367.6224453,44.46654298,21.69095951
2025-08-28 11:30:00+00:00,637.7969999,240.2720946,24.1352381,725.0498344,86.02731123,24.18666667,16.77847619,187.4697222,372.0733092,44.28194444,21.65638889
2025-08-28 11:45:00+00:00,627.4462943,248.9675861,24.1246563,709.2235363,104.2415371,24.17857143,17.11802864,192.1975561,330.2626738,43.91632332,21.55022783
2025-08-28 12:00:00+00:00,616.1010545,246.2933224,23.98470862,705.3270719,115.6348527,24.14600104,17.23225253,197.3659081,339.9651478,43.34905291,21.54271652
2025-08-28 12:15:00+00:00,563.4576855,247.8091651,23.97602041,599.8056825,115.2961047,23.84047619,17.2967033,202.5066752,349.1173481,42.61309524,21.66844133
2025-08-28 12:30:00+00:00,559.1597908,246.7588449,23.97166667,569.6143027,94.2857671,23.75540164,17.12666667,207.4979955,345.3039871,41.62490573,21.91689601
2025-08-28 12:45:00+00:00,577.7880176,247.7791917,23.99285714,572.6934671,71.9057028,23.75102041,17.12857143,211.9314286,315.0737029,40.64071429,21.77285714
2025-08-28 13:00:00+00:00,602.9928482,257.6214253,24.09883333,579.4635807,63.22957044,23.8206734,17.09111111,216.4571015,297.6881989,39.43964449,21.97994478
2025-08-28 13:15:00+00:00,582.9100504,266.6419282,24.06571429,602.4127592,62.84398496,23.87053571,16.83571429,220.9897222,272.4536666,38.04642857,21.64026587
2025-08-28 13:30:00+00:00,561.3509238,274.641158,24.05666667,588.6043358,62.71341612,23.9,16.8,225.3709868,230.5258278,36.52316234,21.69226852
2025-08-28 13:45:00+00:00,553.2292633,267.4332259,23.87738095,569.1726436,63.24442436,23.89285714,16.88892857,229.4433078,208.7016916,34.93621341,21.91058802
2025-08-28 14:00:00+00:00,561.681195,259.7556277,23.91022222,556.7203886,62.99556573,23.83033333,16.72,233.4007994,207.7559904,33.2526657,21.89887179
2025-08-28 14:15:00+00:00,553.1723053,253.7739403,23.86021825,557.8792366,62.51016842,23.84311688,16.70833333,237.1107468,231.1266991,31.55569264,21.5031576
2025-08-28 14:30:00+00:00,543.081164,240.707518,23.86111111,556.04689,63.0,23.8325,16.81666667,241.0027345,170.1424397,29.59869096,21.77235714
2025-08-28 14:45:00+00:00,536.4653474,226.0222377,23.84464286,549.5793112,63.05844156,23.85714286,17.06607143,244.5997998,288.0264409,27.71199031,22.4125
2025-08-28 15:00:00+00:00,535.4125529,102.6607407,24.04,538.2364857,62.47566188,23.99733333,15.73333333,248.0566838,187.0278925,25.77150794,21.46180195
2025-08-28 15:15:00+00:00,537.3397821,59.84880952,24.2,536.8851615,62.53576424,23.93777778,15.521,251.6328908,77.66559128,23.65517076,20.28093939
2025-08-28 15:30:00+00:00,528.0198212,60.63114921,24.2,530.7057504,62.97539996,23.82,18.00714286,254.8727183,43.9973927,21.67215136,20.09316327
2025-08-28 15:45:00+00:00,517.8236836,59.92998411,24.13571429,521.3168786,62.19261737,23.75333333,16.42738095,258.1137029,27.96027751,19.57079125,19.54570952
2025-08-28 16:00:00+00:00,508.1344054,61.53662003,24.04384615,511.7463515,60.78877877,23.7,17.87076923,261.3153589,22.63102975,17.47761544,19.59624387
2025-08-28 16:15:00+00:00,506.571941,61.41814956,24.08,504.6021622,62.01514792,23.68,16.28,264.3773333,24.53604058,15.42666667,20.13469444
2025-08-28 16:30:00+00:00,502.8628223,61.67496984,24.03784581,499.3216085,62.6096926,23.6,17.34571429,267.5079847,22.96190296,13.24025201,20.48969388
2025-08-28 16:45:00+00:00,497.3995969,61.63277056,24.0,494.1648861,62.50182132,23.59851852,17.02727273,270.5567619,22.83300505,11.15968254,20.49222222
2025-08-28 17:00:00+00:00,495.2730074,61.42847985,23.98461538,490.5668237,62.68112911,23.505,16.42032967,273.7009524,19.70183433,8.949761905,20.50851956
2025-08-28 17:15:00+00:00,489.1420788,61.639186,23.9,485.320768,61.75775934,23.48,17.04444444,276.9067011,16.42730602,6.711375661,20.42965176
2025-08-28 17:30:00+00:00,485.8295441,61.9016835,23.79866667,482.76345,63.84277698,23.4,17.12552381,279.9795707,7.17158741,4.576363636,20.1665812
2025-08-28 17:45:00+00:00,482.5868347,61.72718254,23.67714286,479.1006735,62.79415368,23.34285714,16.61598639,283.0716966,2.798879291,2.434719645,19.97890126
2025-08-28 18:00:00+00:00,480.0646693,62.00106697,23.6,476.4488555,62.67672649,23.3,17.14792593,286.1380476,1.829097558,0.398412698,19.63901111
2025-08-28 18:15:00+00:00,478.5885823,61.48869048,23.5497619,476.0364713,62.98235881,23.3,16.72559524,288.9396671,0.662446941,-1.420294785,19.42311482
2025-08-28 18:30:00+00:00,476.9485233,61.68600685,23.5,474.2758372,63.00410438,23.21333333,17.34488889,292.1801424,0.079815932,-3.50786532,19.36161227
2025-08-28 18:45:00+00:00,477.1584422,61.69313187,23.5,473.2178952,62.22187459,23.2,16.79285714,295.4595238,0.0,-5.521621315,19.29965845
2025-08-28 19:00:00+00:00,474.8245752,6.40462963,23.5,471.7379662,10.44579125,23.2,16.82055556,298.6877778,0.0,-7.452698413,18.23986325
2025-08-28 19:15:00+00:00,474.5784993,0.0,23.5,470.9508967,0.0,23.2,17.56904762,302.0637472,0.0,-9.415102041,17.85038265
2025-08-28 19:30:00+00:00,474.6849994,0.0,23.5,471.3978193,0.0,23.18,18.08095238,305.2140681,0.0,-11.10955556,17.72712963
2025-08-28 19:45:00+00:00,475.7663991,0.0,23.5,471.3070692,0.0,23.1,18.63214286,308.6983514,0.0,-12.9271645,17.51969697
2025-08-28 20:00:00+00:00,474.6318133,0.0,23.5,470.8575503,0.0,23.1,18.71071429,311.7940586,0.0,-14.39991675,17.54396516
2025-08-28 20:15:00+00:00,473.8802721,0.0,23.5,468.3581633,0.0,23.1,18.9,316.3221088,0.0,-16.45136054,17.42126984
2025-08-28 20:30:00+00:00,474.2277725,0.0,23.45714286,471.0311111,0.0,23.1,18.96892857,318.9571989,0.0,-17.48666667,17.41351852
2025-08-28 20:45:00+00:00,472.7333342,0.0,23.4,470.6114884,0.0,23.04666667,18.99453704,322.3815556,0.0,-18.80814141,17.31641751
2025-08-28 21:00:00+00:00,473.2212113,0.0,23.4,470.4689466,0.0,23.0,18.57142857,326.4237013,0.0,-20.20694341,17.30844156
2025-08-28 21:15:00+00:00,472.0301992,0.0,23.4,469.6158134,0.0,23.0,18.5,329.868439,0.0,-21.24515512,17.30402754
2025-08-28 21:30:00+00:00,471.5763389,0.0,23.34285714,466.7943783,0.0,22.94142857,18.5,333.9730934,0.0,-22.34285714,17.22928571
2025-08-28 21:45:00+00:00,471.5573131,0.0,23.3,467.4111103,0.0,22.9,18.45169048,337.5614726,0.0,-23.1737518,17.1791968
2025-08-28 22:00:00+00:00,469.4592001,0.0,23.3,466.7353682,0.0,22.9,18.35,341.954445,0.0,-24.00529066,17.29127806
2025-08-28 22:15:00+00:00,467.8475113,0.0,23.20769231,467.4057407,0.0,22.9,18.36986569,345.9507165,0.0,-24.63916667,17.51269697
2025-08-28 22:30:00+00:00,467.3152592,0.0,23.2,466.171718,0.0,22.8797619,18.0,349.7346217,0.0,-25.07381262,17.69599825
2025-08-28 22:45:00+00:00,466.5028603,0.0,23.14311111,464.9300813,0.0,22.8,18.0,353.482627,0.0,-25.36831483,17.81956164
2025-08-28 23:00:00+00:00,466.1566538,0.0,23.1,463.9938514,0.0,22.8,18.0,358.0675307,0.0,-25.58571429,17.86087662
2025-08-28 23:15:00+00:00,465.1465241,0.0,23.1,463.5939614,0.0,22.8,18.005,52.26650505,0.0,-25.59,17.74261746
2025-08-28 23:30:00+00:00,463.630973,0.0,23.1,463.8532967,0.0,22.8,18.1,6.27881999,0.0,-25.43214286,17.79173993
2025-08-28 23:45:00+00:00,463.7624242,0.0,23.04,462.4060606,0.0,22.8,18.12833333,10.15301587,0.0,-25.13079365,17.59374603
2025-08-29 00:00:00+00:00,462.7050494,0.0,23.0,461.7785088,0.0,22.8,18.2,14.25267857,0.0,-24.71428571,17.5847619
2025-08-29 00:15:00+00:00,461.5497558,0.0,23.0,460.4218745,0.0,22.75349206,18.22666667,18.2052381,0.0,-24.10321429,17.60286667
2025-08-29 00:30:00+00:00,460.4958543,0.0,23.0,459.9952739,0.0,22.7,18.35996599,22.02506341,0.0,-23.41456807,17.31888266
2025-08-29 00:45:00+00:00,459.974269,0.0,23.0,458.0033519,0.0,22.7,18.36493122,25.97832662,0.0,-22.53456736,17.12480952
2025-08-29 01:00:00+00:00,459.2637444,0.0,23.0,458.4414482,0.0,22.7,18.73,29.94452862,0.0,-21.4773064,17.13105051
2025-08-29 01:15:00+00:00,458.3513052,0.0,23.0,457.2118695,0.0,22.7,18.61357143,33.79099722,0.0,-20.35355519,17.30856687
2025-08-29 01:30:00+00:00,458.2057205,0.0,23.0,456.3941217,0.0,22.7,18.5,37.23832492,0.0,-19.15443434,17.44297306
2025-08-29 01:45:00+00:00,456.2503816,0.0,22.93239796,455.9598639,0.0,22.7,18.5,41.0960034,0.0,-17.71709184,17.42205782
2025-08-29 02:00:00+00:00,456.2978471,0.0,22.9,454.2316654,0.0,22.7,18.5,44.63077994,0.0,-16.27279365,17.60203175
2025-08-29 02:15:00+00:00,455.7789392,0.0,22.9702381,455.3059324,0.0,22.7,18.53214286,47.92492347,0.0,-14.82977608,17.44566667
2025-08-29 02:30:00+00:00,458.3278884,0.0,22.97333333,469.384813,0.0,22.74,18.6,51.48907937,0.0,-13.14,17.44873333
2025-08-29 02:45:00+00:00,471.0616883,0.0,23.0,492.350955,0.0,22.8,18.6,54.77193362,0.0,-11.46031746,17.40185714
2025-08-29 03:00:00+00:00,479.637949,37.0760582,23.10511111,488.7198653,32.67565657,22.8,18.65766667,58.21640212,0.0,-9.591967292,17.61823377
2025-08-29 03:15:00+00:00,474.4120527,60.7961243,23.1217094,475.2333341,61.60743213,22.8,17.41588828,61.41992507,0.0,-7.764626984,17.99302797
2025-08-29 03:30:00+00:00,473.7664869,61.07601648,23.1,472.2431512,61.60433138,22.8,17.0,64.71816578,0.0,-5.801587302,18.18888889
2025-08-29 03:45:00+00:00,473.571254,61.71111111,23.18,469.0008318,61.6668857,22.8,16.9978836,67.70698677,0.037933333,-3.931159933,18.51032429
2025-08-29 04:00:00+00:00,474.4472232,60.96810808,23.1,468.7366962,61.1854134,22.8,16.82037037,70.93409335,0.328493814,-1.875621462,18.04278546
2025-08-29 04:15:00+00:00,474.1540212,61.10498217,23.0,468.8672674,61.67377744,22.79809524,17.00095238,74.05460173,0.843677931,0.115153439,17.64
2025-08-29 04:30:00+00:00,474.9096639,60.96326531,23.0,471.3147468,61.60929269,22.7,17.1,77.11426252,3.762413744,2.132327098,17.6
2025-08-29 04:45:00+00:00,475.2332407,61.67925926,23.02307692,472.8774208,61.64848485,22.7,17.19230769,79.93261905,9.501674008,4.065833333,17.5973
2025-08-29 05:00:00+00:00,477.2065969,60.87664937,23.1,474.272855,61.77855022,22.7,17.2,83.2313206,21.45657679,6.364723511,17.54273178
2025-08-29 05:15:00+00:00,482.3222721,60.74660895,23.0352381,482.2656277,61.75276634,22.76,17.10714286,86.25533333,28.12171061,8.477,17.5
2025-08-29 05:30:00+00:00,495.4474521,60.10619589,23.15496032,506.8691019,61.66072647,22.78333333,17.02857143,89.20714286,24.06430795,10.51428571,17.5
2025-08-29 05:45:00+00:00,500.7674306,60.70857753,23.16533333,514.3244758,62.13620111,22.96074074,16.84285714,92.40848485,40.58528738,12.71107407,17.55464815
2025-08-29 06:00:00+00:00,511.2978805,59.84296296,23.10133333,533.4822061,61.20684778,23.00488889,16.8,95.67825758,68.22827848,14.95895743,17.67007937
2025-08-29 06:15:00+00:00,525.2294568,60.64382832,23.19093407,543.2755584,60.96531398,23.07959707,16.85357143,98.79519719,110.547375,17.05771027,17.76452381
2025-08-29 06:30:00+00:00,550.7684079,59.79031987,23.412,552.7936452,60.67826511,23.2,17.0,102.1932495,156.0665776,19.25860073,17.92577008
2025-08-29 06:45:00+00:00,559.6990942,60.37018141,23.44142857,558.0496969,61.34862582,23.25816327,16.85238095,105.3262157,143.0711039,21.28782468,18.1146076
2025-08-29 07:00:00+00:00,574.6998339,60.14235081,23.42307407,565.9547887,61.01515152,23.32,16.98333333,108.6824428,167.8430822,23.3148064,18.44050216
2025-08-29 07:15:00+00:00,582.8358874,60.66289683,23.53469388,571.6807701,61.87977472,23.4,17.02857143,112.2209086,110.1689322,25.42165533,18.23319379
2025-08-29 07:30:00+00:00,589.9101668,61.23088529,23.5492381,599.7092186,61.58771629,23.35844444,16.8,115.6185011,161.3007254,27.30689662,18.29408832
2025-08-29 07:45:00+00:00,587.1815476,60.03367347,23.64047619,598.8196149,61.51580642,23.42142857,16.78945578,119.2672554,202.852495,29.24672946,18.49443917
2025-08-29 08:00:00+00:00,587.9368922,60.6175087,23.57871429,591.6320243,61.11786988,23.44949495,16.69851852,122.7507338,278.1688083,30.96535642,18.58486719
2025-08-29 08:15:00+00:00,572.6531279,60.42136673,23.79063492,586.4258575,62.11764069,23.44642857,16.99285714,126.8643424,379.4595329,32.87274376,18.87084416
2025-08-29 08:30:00+00:00,564.7022327,60.41316017,23.61295238,590.1177643,61.23059781,23.44233333,17.29166667,130.6763603,436.3411202,34.50356902,19.43215103
2025-08-29 08:45:00+00:00,559.5209719,61.00984432,23.72653061,589.036298,61.37923093,23.59704185,18.4237013,134.8502604,503.8394756,36.09569883,20.3724934
2025-08-29 09:00:00+00:00,568.1799705,61.25537037,23.64491005,601.9211385,62.30813541,23.70583333,18.20548148,139.098022,441.3237261,37.57275253,20.39668498
2025-08-29 09:15:00+00:00,569.9261712,61.38710317,23.7452381,594.1501465,63.17315687,23.8,17.58035714,143.5955937,421.9551787,38.973668,20.63606684
2025-08-29 09:30:00+00:00,569.1885745,61.9582698,23.91666667,573.5229238,62.58610777,23.78888889,17.16,148.1829138,487.5419731,40.21165385,20.59285623
2025-08-29 09:45:00+00:00,568.6571361,61.73559524,23.97333333,562.1996872,63.24727858,23.66740741,17.03333333,152.7035556,437.5516807,41.26625153,20.7970127
2025-08-29 10:00:00+00:00,567.7866311,62.10580293,23.98061224,556.0688164,62.82630834,23.64673469,17.05952381,157.5907483,391.0487798,42.16870748,20.94744104
2025-08-29 10:15:00+00:00,569.1556846,60.12709878,23.98222222,548.6917504,62.06806673,23.66755556,17.04277778,162.4660265,465.0969585,42.93900529,21.12075775
2025-08-29 10:30:00+00:00,568.0846347,67.17947955,24.06428571,546.7210949,63.2863197,23.65190476,16.63197279,167.3847331,421.7117687,43.48323522,21.31812227
2025-08-29 10:45:00+00:00,565.8652541,69.13196415,24.05809524,552.4890016,62.81985795,23.73833333,16.78114286,172.3905975,445.5528857,43.91033333,21.47084116
2025-08-29 11:00:00+00:00,559.266781,80.39364316,24.04821429,549.709837,64.60510682,23.74875125,17.06607143,177.5284807,350.5488394,44.08,21.34933107
2025-08-29 11:15:00+00:00,543.7759524,84.84273504,24.07692308,548.0580237,64.66584695,23.70288462,17.0474359,182.4499639,293.8392334,44.1,21.40959707
2025-08-29 11:30:00+00:00,541.17983,89.24467477,24.11343894,545.712901,65.82399968,23.78512925,17.14205152,185.1092559,327.5222204,44.04621672,21.35836581
2025-08-29 11:45:00+00:00,530.371235,95.53067808,24.10241472,545.2844242,63.55676655,23.71694386,17.27744573,191.4215467,316.4490128,43.59393484,21.45894289
2025-08-29 12:00:00+00:00,527.0552189,98.43580327,24.09587302,534.9155298,63.04262816,23.7,17.35357143,197.8780952,272.8151485,42.95333333,21.33309524
2025-08-29 12:15:00+00:00,515.5859253,109.3286972,24.1,523.1506821,63.67491497,23.63571429,16.70714286,202.4046691,263.2055092,42.27330447,21.19136054
2025-08-29 12:30:00+00:00,503.4085652,117.99027,24.05916667,514.281278,63.43066341,23.6,16.46904762,207.1426694,271.6681385,41.34604969,21.19049044
2025-08-29 12:45:00+00:00,494.0589602,115.1213819,23.9,502.7647144,63.11017454,23.54074074,16.70208333,212.0214815,233.7867904,40.23634921,20.95921905
2025-08-29 13:00:00+00:00,487.6378359,104.1220824,23.9,494.3759124,61.94074675,23.5,16.98214286,216.7178968,355.0188712,38.96204365,20.99751984
2025-08-29 13:15:00+00:00,480.9008528,98.48930906,23.9,489.1719875,62.67480532,23.53340608,16.87067172,220.640939,332.3413402,37.7459553,21.47751515
2025-08-29 13:30:00+00:00,475.1502207,88.99390121,23.90962302,483.8756116,63.12822899,23.6,16.8,225.0501956,384.5103421,36.25381107,21.37915795
2025-08-29 13:45:00+00:00,471.2015588,86.30527066,23.97683673,481.0464239,62.62051293,23.6,16.75510204,229.3916032,304.0513795,34.54410231,21.08694802
2025-08-29 14:00:00+00:00,467.4612155,17.46947497,23.8,470.1300826,14.19815163,23.53571429,16.72951389,233.3407398,167.6445302,32.88362812,21.25392316
2025-08-29 14:15:00+00:00,467.6922786,0.0,23.8,466.4151515,0.0,23.51149062,17.11228571,236.7587224,147.8744301,31.30851204,21.07965348
2025-08-29 14:30:00+00:00,466.3826825,0.0,23.85416667,466.7997003,0.0,23.59642857,17.24375,240.8058975,157.4290576,29.30516466,21.04672655
2025-08-29 14:45:00+00:00,466.2090729,0.0,23.9,465.812593,0.0,23.6,17.3,244.4322646,192.9747917,27.38375397,20.95234848
2025-08-29 15:00:00+00:00,465.3909414,0.0,23.9,465.082614,0.0,23.6027417,17.40595238,248.0212744,257.3596638,25.38401295,21.0411352
2025-08-29 15:15:00+00:00,465.3189246,0.0,23.9,476.0719632,0.0,23.68216006,17.5,251.1439847,175.4271693,23.5599042,21.12336005
2025-08-29 15:30:00+00:00,465.4651303,0.0,23.97285714,472.7218704,0.0,23.79808673,17.69285714,254.7506223,142.2315709,21.30849335,21.08792517
2025-08-29 15:45:00+00:00,466.6763889,0.0,24.0,469.7052708,0.0,23.79809524,17.89047619,257.9618297,89.80308783,19.27244589,21.00314103
2025-08-29 16:00:00+00:00,465.6869331,0.0,24.0,468.2999584,0.0,23.71111111,18.00071429,261.1876243,73.60686279,17.11006494,20.81428571
2025-08-29 16:15:00+00:00,465.4084942,0.0,24.0,467.3919798,0.0,23.71219048,18.17466667,264.4198095,152.3222724,14.9543254,20.73933333
2025-08-29 16:30:00+00:00,465.2610323,0.0,24.0,466.3111849,0.0,23.8,18.33571429,267.5331976,103.5377729,12.8213352,20.74581349
2025-08-29 16:45:00+00:00,463.7989097,0.0,24.02777778,464.8506193,0.0,23.84666667,18.55555556,270.4092843,153.5604695,10.81246032,21.16749351
2025-08-29 17:00:00+00:00,463.022798,0.0,24.1,463.2690034,0.0,23.90571429,18.69966667,273.6450265,95.19794686,8.53237037,21.09630963
2025-08-29 17:15:00+00:00,463.9443027,0.0,24.05769231,465.4555079,0.0,24.02242424,18.82747253,276.8138914,90.59292429,6.325076531,20.86934432
2025-08-29 17:30:00+00:00,463.4630303,0.0,24.14615385,464.5333324,0.0,24.05,18.9,279.8577564,29.07823058,4.232857143,20.44264343
2025-08-29 17:45:00+00:00,463.4252003,0.0,24.15714286,464.8208399,0.0,24.10874433,18.98904762,282.4476046,17.20932202,2.460714286,20.16473787
2025-08-29 18:00:00+00:00,463.0369392,0.0,24.1008547,463.7354934,0.0,23.98901852,19.19145299,285.7934343,6.788121424,0.188643098,19.77540958
2025-08-29 18:15:00+00:00,462.2567868,0.0,24.1,463.8622598,0.0,23.88265306,19.26,289.06598,1.517611833,-1.925198413,19.34025455
2025-08-29 18:30:00+00:00,463.0558333,0.0,24.0,464.4792828,0.0,23.8,19.38666667,292.2542251,0.18772011,-3.958868687,19.12375758
2025-08-29 18:45:00+00:00,461.2371573,0.0,23.95714286,463.1991642,0.0,23.8,19.4,295.4668793,0.0,-5.950680272,18.90102041
2025-08-29 19:00:00+00:00,461.1602273,0.0,23.9,462.5622222,0.0,23.71333333,19.4,298.5331069,0.0,-7.777273837,18.48390692
2025-08-29 19:15:00+00:00,459.5560065,0.0,23.88035714,461.4633372,0.0,23.68571429,19.47857143,301.8409949,0.0,-9.665178571,18.18452806
2025-08-29 19:30:00+00:00,459.4790067,0.0,23.8,460.5247619,0.0,23.6,19.5,304.8151111,0.0,-11.32466667,17.75416667
2025-08-29 19:45:00+00:00,458.8370707,0.0,23.79866667,459.719919,0.0,23.6,19.57428571,308.6198095,0.0,-13.26342857,17.44733333
2025-08-29 20:00:00+00:00,457.8394279,0.0,23.7,458.8321066,0.0,23.54761905,19.6,311.9587585,0.0,-14.88178571,17.4255102
2025-08-29 20:15:00+00:00,457.9818874,0.0,23.7,457.9571294,0.0,23.5,19.6,315.4175948,0.0,-16.41128449,17.53428571
2025-08-29 20:30:00+00:00,457.4734758,0.0,23.7,457.2754329,0.0,23.49553571,19.6,319.0890468,0.0,-17.94499536,17.30844318
2025-08-29 20:45:00+00:00,456.9691781,0.0,23.623,456.878333,0.0,23.4614011,19.6,322.5525,0.0,-19.25590196,17.35357576
2025-08-29 21:00:00+00:00,456.5021658,0.0,23.6,455.5895636,0.0,23.4,19.6,326.2086678,0.0,-20.50330782,17.39423077
2025-08-29 21:15:00+00:00,455.146365,0.0,23.6,455.1583918,0.0,23.4,19.6,330.0246384,0.0,-21.66703588,17.04633547
2025-08-29 21:30:00+00:00,454.5749498,0.0,23.6,454.4075758,0.0,23.32666667,19.6,334.0750269,0.0,-22.72789562,16.73237037
2025-08-29 21:45:00+00:00,453.6924962,0.0,23.56153061,454.0358433,0.0,23.3,19.6,337.9955885,0.0,-23.62487631,16.67401948
2025-08-29 22:00:00+00:00,454.3605447,0.0,23.5,452.5394542,0.0,23.26615385,19.56459259,341.9138749,0.0,-24.39964208,16.35728571
2025-08-29 22:15:00+00:00,451.696188,0.0,23.47857143,452.7840136,0.0,23.2,19.44285714,345.79765,0.0,-24.97095238,16.24136578
2025-08-29 22:30:00+00:00,450.9528884,0.0,23.4,451.7127414,0.0,23.2,19.39555556,349.9901709,0.0,-25.47257631,16.10285714
2025-08-29 22:45:00+00:00,451.0464924,0.0,23.4,450.5719976,0.0,23.17655844,19.28085317,353.7027647,0.0,-25.76227041,15.97744228
2025-08-29 23:00:00+00:00,450.9326211,0.0,23.4,450.3768639,0.0,23.1,19.2,358.0993443,0.0,-25.92567766,16.19472812
2025-08-29 23:15:00+00:00,449.8842941,0.0,23.4,449.9764405,0.0,23.1,19.04666667,2.120038961,0.0,-25.93787037,16.16210185
2025-08-29 23:30:00+00:00,448.7331334,0.0,23.4,449.3959524,0.0,23.1,18.91071429,6.368647735,0.0,-25.8,16.15362812
2025-08-29 23:45:00+00:00,447.5638624,0.0,23.4,448.7813304,0.0,23.0,18.85,10.32403175,0.0,-25.49997619,16.38937698
2025-08-30 00:00:00+00:00,447.25839,0.0,23.4,447.8865385,0.0,23.0,18.74666667,14.53315476,0.0,-25.01777778,16.48
2025-08-30 00:15:00+00:00,447.3134007,0.0,23.36666667,447.0673504,0.0,23.0,18.65333333,17.85219048,0.0,-24.54777249,16.6042963
2025-08-30 00:30:00+00:00,445.7369885,0.0,23.3,445.3440131,0.0,22.97142857,18.5625,22.38647959,0.0,-23.67053571,16.8005102
2025-08-30 00:45:00+00:00,444.7514815,0.0,23.3,444.3014567,0.0,22.9,18.49166667,26.31426984,0.0,-22.80285714,16.74333333
2025-08-30 01:00:00+00:00,445.6402342,0.0,23.3,443.989011,0.0,22.9,18.4,29.96261596,0.0,-21.86571429,16.79375412
2025-08-30 01:15:00+00:00,444.2095155,0.0,23.20666667,443.3906998,0.0,22.9,18.27333333,33.70012121,0.0,-20.73856277,16.73333333
2025-08-30 01:30:00+00:00,442.7323413,0.0,23.2,441.4367918,0.0,22.9,18.2,37.43746184,0.0,-19.48424189,16.86139193
2025-08-30 01:45:00+00:00,443.0365801,0.0,23.2,441.9525758,0.0,22.9,18.15,41.03205782,0.0,-18.12761905,16.84780952
2025-08-30 02:00:00+00:00,440.6878677,0.0,23.14285714,440.2597481,0.0,22.82755102,18.07392857,44.95178571,0.0,-16.54591837,16.50446429
2025-08-30 02:15:00+00:00,440.3224323,0.0,23.1,440.1565077,0.0,22.8,18.0,48.29062771,0.0,-15.0637384,16.41516667
2025-08-30 02:30:00+00:00,439.4503704,0.0,23.1,440.2088578,0.0,22.8,18.0,51.7368254,0.0,-13.42488889,15.92809524
2025-08-30 02:45:00+00:00,439.0867347,0.0,23.1,439.4439449,0.0,22.8,18.0,55.21286848,0.0,-11.62433957,15.93309807
2025-08-30 03:00:00+00:00,438.5743323,0.0,23.1,438.616076,0.0,22.8,17.99609428,58.35796296,0.0,-9.914185185,15.97642963
2025-08-30 03:15:00+00:00,438.2017807,0.0,23.1,438.7222928,0.0,22.8,17.90454545,61.53061224,0.0,-8.130357143,16.10694444
2025-08-30 03:30:00+00:00,437.613467,0.0,23.09888889,437.4653708,0.0,22.8,17.9,64.85483838,0.0,-6.151095238,16.21582468
2025-08-30 03:45:00+00:00,436.6562341,0.0,23.01105442,435.3489011,0.0,22.78571429,17.9,67.91667582,0.110553562,-4.213537157,16.3573199
2025-08-30 04:00:00+00:00,436.5965514,0.0,23.0,434.9738852,0.0,22.7,17.9,71.02756614,0.890088405,-2.215164983,16.39440212
2025-08-30 04:15:00+00:00,435.6073308,0.0,23.0,434.6176546,0.0,22.7,17.9,74.12792763,3.456837106,-0.213044178,16.26423175
2025-08-30 04:30:00+00:00,434.2710407,0.0,23.0,433.4722883,0.0,22.7,17.9,77.20690476,9.410118728,1.756150794,16.083
2025-08-30 04:45:00+00:00,434.5188285,0.0,23.0,432.9043838,0.0,22.7,17.9,80.43707483,15.8423906,3.994129819,16.015
2025-08-30 05:00:00+00:00,433.2421071,0.0,23.0,432.2063203,0.0,22.7,17.9,83.32033333,28.74183335,5.999444444,16.12918528
2025-08-30 05:15:00+00:00,433.236171,0.0,23.0,431.1287738,0.0,22.7,17.9,86.51865079,45.65732722,8.21196712,16.25961451
2025-08-30 05:30:00+00:00,433.4139286,0.0,23.0,431.7536508,0.0,22.7,17.9,89.49311111,37.46664693,10.25830769,16.3
2025-08-30 05:45:00+00:00,432.5189377,0.0,23.0,430.5491896,0.0,22.7,17.9,92.76396825,53.44643887,12.52101587,16.307
2025-08-30 06:00:00+00:00,432.0413446,0.0,23.0,429.8423779,0.0,22.7,17.9,95.93954082,90.29336905,14.69375,16.36236735
2025-08-30 06:15:00+00:00,431.2055556,0.0,23.0,429.5776834,0.0,22.73619048,17.9,99.09785714,158.1780113,16.84095238,16.79185714
2025-08-30 06:30:00+00:00,430.6888322,0.0,23.08035714,429.1435218,0.0,22.8,17.93571429,102.0875,106.3078888,18.74404762,17.29795918
2025-08-30 06:45:00+00:00,429.5355688,0.0,23.1,428.2373775,0.0,22.8,18.12861111,105.3826715,101.5096203,20.86875417,17.50128612
2025-08-30 07:00:00+00:00,429.5486047,0.0,23.1,427.7883287,0.0,22.8,18.37948718,109.0418821,116.0348452,23.11351474,17.55316327
2025-08-30 07:15:00+00:00,428.22,0.0,23.105,427.412906,0.0,22.8,18.55533333,112.3553069,173.4705734,25.05222222,17.70571058
2025-08-30 07:30:00+00:00,427.5856323,0.0,23.19857143,427.2491167,0.0,22.8,18.65714286,115.9504656,222.8962459,27.05959788,17.97525926
2025-08-30 07:45:00+00:00,426.2765925,0.0,23.2,426.3727391,0.0,22.87142857,18.66025641,119.4439286,262.3591533,28.93469388,18.2803288
2025-08-30 08:00:00+00:00,426.7333333,0.0,23.25428571,426.6666667,0.0,22.9,19.79992063,123.0632169,310.9737494,30.70988095,18.83737381
2025-08-30 08:15:00+00:00,426.8191558,0.0,23.3,425.6125,0.0,22.91232143,19.70323129,127.0636377,245.2346485,32.55237451,18.48960833
2025-08-30 08:30:00+00:00,424.7851852,0.0,23.36666667,424.5991342,0.0,23.0,19.98078231,131.1927354,308.2147791,34.29703968,17.99202698
2025-08-30 08:45:00+00:00,424.3660714,0.0,23.4,425.356387,0.0,23.0,19.44761183,134.8794398,495.4676286,35.74531205,18.4851752
2025-08-30 09:00:00+00:00,423.5508718,0.0,23.4,423.7003584,0.0,23.05333333,18.96512821,139.3783995,305.2727514,37.26813757,19.00212434
2025-08-30 09:15:00+00:00,424.6580499,0.0,23.4047619,423.7582751,0.0,23.1,18.9,143.7385714,264.6360786,38.61595238,18.49
2025-08-30 09:30:00+00:00,423.1951019,0.0,23.5,423.6537474,0.0,23.1,18.88,148.3040476,371.2387716,39.86759596,18.81035897
2025-08-30 09:45:00+00:00,423.332533,0.0,23.5,423.2448452,0.0,23.19571429,18.75,152.886131,210.608894,40.94017007,19.00309524
2025-08-30 10:00:00+00:00,422.831517,0.0,23.53777778,423.4523845,0.0,23.2,18.7,157.5969683,509.3355865,41.82337302,19.05840476
2025-08-30 10:15:00+00:00,423.2175824,0.0,23.6,423.6343995,0.0,23.2,18.78333333,162.8063333,223.8301131,42.61166667,18.58155556
2025-08-30 10:30:00+00:00,422.2445174,0.0,23.6,423.340735,0.0,23.27857143,18.74285714,167.4135498,196.9045727,43.1240873,18.63213776
2025-08-30 10:45:00+00:00,421.9748918,0.0,23.6,423.0477778,0.0,23.3,18.83333333,172.6108254,233.3467619,43.52226455,18.44663333
2025-08-30 11:00:00+00:00,422.2768468,0.0,23.60285714,422.4590436,0.0,23.3,18.80178571,177.5125325,329.9509514,43.715,18.48956349
2025-08-30 11:15:00+00:00,421.2294016,0.0,23.69028571,423.3406015,0.0,23.34243266,18.8875,182.5814158,352.819842,43.7325,18.28417915
2025-08-30 11:30:00+00:00,421.9175325,0.0,23.7,422.838925,0.0,23.4,18.96758242,187.5057483,300.4644084,43.56238095,18.79197279
2025-08-30 11:45:00+00:00,421.4124074,0.0,23.73333333,421.3301099,0.0,23.46,19.2,192.8122222,535.9125102,43.16014815,18.89662857
2025-08-30 12:00:00+00:00,422.1455493,0.0,23.8,420.856519,0.0,23.5,19.30142857,197.4289804,513.7381878,42.62174629,19.37365801
2025-08-30 12:15:00+00:00,420.9128973,0.0,23.81333333,421.299239,0.0,23.57658897,19.44854545,202.1594728,687.044409,41.94222466,19.33465341
2025-08-30 12:30:00+00:00,420.2620879,0.0,23.9,421.0821429,0.0,23.60428571,19.34214286,207.4177579,550.1044609,40.91597222,19.34030754
2025-08-30 12:45:00+00:00,420.9925926,0.0,23.9,421.2806656,0.0,23.7,19.675,211.9373525,367.9023163,39.89833333,18.85626404
2025-08-30 13:00:00+00:00,420.1481481,0.0,23.94666667,420.9034091,0.0,23.77333333,19.59466667,216.5775902,380.7207828,38.63186147,18.80326263
2025-08-30 13:15:00+00:00,420.9134199,0.0,24.0,420.8436563,0.0,23.8,19.60714286,220.859244,180.4315442,37.33353175,18.77263258
2025-08-30 13:30:00+00:00,420.8170585,0.0,24.0,421.4347018,0.0,23.8,19.27333333,225.1112068,213.5662016,35.8320202,18.6516502
2025-08-30 13:45:00+00:00,419.2642915,0.0,24.0,421.3577922,0.0,23.8,19.14615385,229.1109618,201.6177297,34.27977019,18.25137238
2025-08-30 14:00:00+00:00,418.9718728,0.0,24.0,420.9306397,0.0,23.80666667,19.26153846,233.1917778,364.0362675,32.5284127,18.66268889
2025-08-30 14:15:00+00:00,419.4750525,0.0,24.05714286,420.6161695,0.0,24.0375,19.13968254,237.0482313,454.6966007,30.7831746,20.29071429
2025-08-30 14:30:00+00:00,420.1855133,0.0,24.11574603,421.7211767,0.0,24.16605339,19.18642857,240.5673228,345.0034315,29.01580342,20.9739281
2025-08-30 14:45:00+00:00,419.1513062,0.0,24.26974206,421.2533201,0.0,24.4125,19.57142857,244.1457143,388.9150748,27.11428571,20.78525974
2025-08-30 15:00:00+00:00,418.1661028,0.0,24.32333333,420.7041084,0.0,24.64657184,19.28,247.2082647,411.6606692,25.36770512,21.26309942
2025-08-30 15:15:00+00:00,419.410693,0.0,24.40465986,420.9646587,0.0,24.82799036,19.35761905,251.065958,384.5192303,23.11391723,21.64003629
2025-08-30 15:30:00+00:00,418.423279,0.0,24.45333333,420.3579976,0.0,25.02438889,19.12185185,254.4525825,332.6753576,21.03805556,22.15995556
2025-08-30 15:45:00+00:00,417.6154917,0.0,24.57857143,420.2265705,0.0,25.25238095,18.85,257.756867,294.4907635,18.94699289,22.04826701
2025-08-30 16:00:00+00:00,417.5158283,0.0,24.63333333,419.5774314,0.0,25.37116667,18.8,261.0282963,252.80601,16.79378307,21.64520635
2025-08-30 16:15:00+00:00,417.9872222,0.0,24.70166667,420.1859327,0.0,25.42444444,18.8,264.0739444,211.9985474,14.7215,21.69076094
2025-08-30 16:30:00+00:00,418.6604144,0.0,24.79571429,419.5519092,0.0,25.30285714,18.80909091,267.2819231,155.6841703,12.55454365,21.49784014
2025-08-30 16:45:00+00:00,417.87041,0.0,24.80148148,419.1642823,0.0,25.26,18.9,270.1,126.9943468,10.55333333,21.40666667
2025-08-30 17:00:00+00:00,417.6154491,0.0,24.89401709,419.0212585,0.0,25.20598639,18.925,273.5786039,84.32749049,8.176488095,20.98333333
2025-08-30 17:15:00+00:00,416.8437367,0.0,24.87047619,418.3750327,0.0,25.15071429,19.05,276.6565152,49.98120454,6.01994709,20.63303704
2025-08-30 17:30:00+00:00,417.6042235,0.0,24.8,418.5328217,0.0,25.01088435,19.15423077,279.7493367,21.14438207,3.89244898,20.2387415
2025-08-30 17:45:00+00:00,416.9691562,0.0,24.77587302,417.8747003,0.0,24.96666667,19.22133333,282.7983828,11.82748845,1.791481482,19.80289114
2025-08-30 18:00:00+00:00,416.5561472,0.0,24.7,419.1682856,0.0,24.74285714,19.35,285.7041003,4.196288708,-0.154276973,19.2746131
2025-08-30 18:15:00+00:00,416.0575397,0.0,24.62857143,418.0031746,0.0,24.73451852,19.40535714,289.0213384,1.074319561,-2.284407407,18.8949697
2025-08-30 18:30:00+00:00,417.2055832,0.0,24.6,418.0142088,0.0,24.60111111,19.5012963,292.0482849,0.088613004,-4.251019943,18.56384671
2025-08-30 18:45:00+00:00,416.8242272,0.0,24.6,418.5640172,0.0,24.6,19.6,295.2941893,0.0,-6.253968254,18.43571429
2025-08-30 19:00:00+00:00,416.4689947,0.0,24.52666667,417.7590303,0.0,24.50356349,19.63205128,298.5524848,0.0,-8.212666667,18.26277778
2025-08-30 19:15:00+00:00,416.5129252,0.0,24.49,416.6902323,0.0,24.43,19.766,301.6859269,0.0,-10.00922619,17.99683673
2025-08-30 19:30:00+00:00,416.3305526,0.0,24.4,417.3281702,0.0,24.372,19.85714286,304.9725926,0.0,-11.77986772,17.67316667
2025-08-30 19:45:00+00:00,416.1452175,0.0,24.4,417.4464286,0.0,24.3,19.9,308.5234779,0.0,-13.56797619,17.40643878
2025-08-30 20:00:00+00:00,416.1520106,0.0,24.36518519,417.0454738,0.0,24.22222222,19.9,311.8885635,0.0,-15.24011111,17.30614815
2025-08-30 20:15:00+00:00,415.0,0.0,24.3,416.9546041,0.0,24.19222222,19.9,315.5130988,0.0,-16.85878307,17.10687857
2025-08-30 20:30:00+00:00,415.2671827,0.0,24.25,415.9521991,0.0,24.1,19.9,319.0735261,0.0,-18.30833333,16.88464286
2025-08-30 20:45:00+00:00,415.085291,0.0,24.2,415.2227804,0.0,24.1,19.9,322.6355,0.0,-19.63294444,16.59459259
2025-08-30 21:00:00+00:00,414.2813853,0.0,24.2,414.9234817,0.0,24.03952381,19.9,326.083424,0.0,-20.85419501,16.31918367
2025-08-30 21:15:00+00:00,414.0245767,0.0,24.16666667,414.8351875,0.0,24.0,19.76666667,330.2038889,0.0,-22.07777778,16.23222222
2025-08-30 21:30:00+00:00,413.607197,0.0,24.1,413.9783766,0.0,23.92857143,19.62857143,334.0222057,0.0,-23.08979592,16.19592857
2025-08-30 21:45:00+00:00,413.8120455,0.0,24.1,414.1407163,0.0,23.9,19.56555556,337.9201058,0.0,-23.98814815,16.3415
2025-08-30 22:00:00+00:00,413.4542851,0.0,24.02142857,414.243896,0.0,23.86349206,19.45142857,341.6069061,0.0,-24.66929496,16.07577666
2025-08-30 22:15:00+00:00,413.6232182,0.0,24.0,413.3535296,0.0,23.8,19.34285714,345.8914635,0.0,-25.34261279,15.96267677
2025-08-30 22:30:00+00:00,412.5675458,0.0,24.0,412.9991342,0.0,23.8,19.20714286,349.9374291,0.0,-25.78343254,15.69779195
2025-08-30 22:45:00+00:00,412.3037037,0.0,23.95333333,412.4731457,0.0,23.8,19.06,353.9047717,0.0,-26.1123549,15.6878079
2025-08-30 23:00:00+00:00,410.3884615,0.0,23.9,412.1233846,0.0,23.70666667,18.90888889,358.1876587,0.0,-26.28666667,16.15853175
2025-08-30 23:15:00+00:00,409.7761539,0.0,23.9,411.637406,0.0,23.7,18.78525641,2.389136518,0.0,-26.29285714,15.84234075
2025-08-30 23:30:00+00:00,409.7950998,0.0,23.9,410.2588023,0.0,23.62,18.68,6.468888889,0.0,-26.12666667,15.63928571
2025-08-30 23:45:00+00:00,409.9806999,0.0,23.8,409.6757045,0.0,23.6,18.52777778,10.11659658,0.0,-25.84536487,15.59857143
2025-08-31 00:00:00+00:00,409.4692281,0.0,23.8,409.8866468,0.0,23.6,18.49916667,14.63322848,0.0,-25.3756936,15.47818182
2025-08-31 00:15:00+00:00,407.7611509,0.0,23.8,409.3182988,0.0,23.6,18.32678571,18.40625,0.0,-24.80340136,15.53412698
2025-08-31 00:30:00+00:00,408.5113109,0.0,23.8,408.9555556,0.0,23.50583333,18.204,22.40225397,0.0,-24.05452381,15.39784921
2025-08-31 00:45:00+00:00,408.0904698,0.0,23.72181122,408.730973,0.0,23.5,18.17142857,26.26001701,0.0,-23.20773243,15.00417094
2025-08-31 01:00:00+00:00,408.0150253,0.0,23.7,408.2873161,0.0,23.5,18.03333333,30.25995503,0.0,-22.1261746,14.61047619
2025-08-31 01:15:00+00:00,407.401148,0.0,23.7,407.7502296,0.0,23.43285714,18.0,34.01696429,0.0,-21.02178571,14.98680556
2025-08-31 01:30:00+00:00,407.3448677,0.0,23.64,406.5718677,0.0,23.4,17.91809524,37.67412698,0.0,-19.77428571,15.40666667
2025-08-31 01:45:00+00:00,407.0,0.0,23.6,407.0576879,0.0,23.4,17.82619048,41.42335034,0.0,-18.3937415,15.20714286
2025-08-31 02:00:00+00:00,406.6319463,0.0,23.6,406.2831746,0.0,23.4,17.79733333,44.82590476,0.0,-17.00192593,15.20725926
2025-08-31 02:15:00+00:00,406.8928947,0.0,23.6,406.1771891,0.0,23.38666667,17.65333333,48.60190476,0.0,-15.31619048,15.00333333
2025-08-31 02:30:00+00:00,406.3402825,0.0,23.6,405.2370726,0.0,23.3,17.6,51.83412546,0.0,-13.78120748,14.8177398
2025-08-31 02:45:00+00:00,406.5454545,0.0,23.6,404.9063554,0.0,23.3,17.5,55.20650794,0.0,-12.03063492,14.53911905
2025-08-31 03:00:00+00:00,405.7894364,0.0,23.6,404.4713224,0.0,23.3,17.5,58.53020539,0.0,-10.21730145,14.83344584
2025-08-31 03:15:00+00:00,404.7266867,0.0,23.52606061,404.6695713,0.0,23.3,17.36164141,61.78680159,0.0,-8.38096337,14.99034437
2025-08-31 03:30:00+00:00,404.4547619,0.0,23.5,403.3781566,0.0,23.3,17.3,65.22715677,0.0,-6.327868481,15.13508929
2025-08-31 03:45:00+00:00,403.9378671,0.0,23.5,403.3139355,0.0,23.27185185,17.3,68.37282612,0.124078272,-4.367902116,15.32310317
2025-08-31 04:00:00+00:00,404.1418067,0.0,23.5,402.5743812,0.0,23.2,17.21428571,71.41491136,1.058544218,-2.399701093,15.44770924
2025-08-31 04:15:00+00:00,402.6407895,0.0,23.5,402.0,0.0,23.2,17.15,74.51712362,4.453100581,-0.393532949,15.61380952
2025-08-31 04:30:00+00:00,402.7786406,0.0,23.5,402.0,0.0,23.2,17.1,77.03268606,10.96179373,1.223228458,15.63961168
2025-08-31 04:45:00+00:00,403.6439502,0.0,23.5,401.944725,0.0,23.2,17.1,80.58062963,27.13114042,3.673481482,15.96411111
2025-08-31 05:00:00+00:00,402.685363,0.0,23.5,401.6812771,0.0,23.2,17.1,83.58441558,48.83254836,5.724025974,16.12707792
2025-08-31 05:15:00+00:00,402.1451626,0.0,23.5,401.6133329,0.0,23.2,17.03166667,86.71672391,75.76855064,7.873041366,16.33869048
2025-08-31 05:30:00+00:00,401.8321252,0.0,23.5,400.6822222,0.0,23.2,16.99733333,89.94088889,109.6754369,10.15659259,16.51656566
2025-08-31 05:45:00+00:00,401.1745638,0.0,23.5,400.5454545,0.0,23.2,16.9,93.36340909,140.3023482,12.49795455,16.45290909
2025-08-31 06:00:00+00:00,400.98673,0.0,23.5,400.0508081,0.0,23.2,16.9,96.19759259,166.8304604,14.43269841,16.28285714
2025-08-31 06:15:00+00:00,401.2864551,0.0,23.5,399.0482069,0.0,23.2,16.9,99.29016311,201.6346421,16.51442486,16.47253968
2025-08-31 06:30:00+00:00,400.5460295,0.0,23.54666667,398.9850816,0.0,23.2,16.9,102.2333737,227.1160068,18.41844444,16.85261111
2025-08-31 06:45:00+00:00,399.8827309,0.0,23.57142857,398.2347787,0.0,23.26428571,16.96428571,105.7346011,197.3172921,20.65856524,17.34180891
2025-08-31 07:00:00+00:00,399.7415025,0.0,23.6,398.9403738,0.0,23.3,17.116,109.1821085,246.2376688,22.72914021,17.73671092
2025-08-31 07:15:00+00:00,399.5901044,0.0,23.6,398.6535999,0.0,23.3,17.27,112.5897392,352.4979786,24.76220238,18.22282029
2025-08-31 07:30:00+00:00,399.9822829,0.0,23.6,398.0113333,0.0,23.3,17.31333333,115.9482451,375.3870416,26.63877104,18.90661465
2025-08-31 07:45:00+00:00,399.2272222,0.0,23.60666667,398.1025936,0.0,23.30666667,17.48,119.8794286,468.3267069,28.71638095,19.38991667
2025-08-31 08:00:00+00:00,399.3162884,0.0,23.7,398.0367405,0.0,23.4,17.5,123.5058442,499.2408217,30.50363636,19.71534993
2025-08-31 08:15:00+00:00,398.5079134,0.0,23.7,398.3537935,0.0,23.4,17.76666667,127.3347937,296.5408071,32.2712381,19.39404762
2025-08-31 08:30:00+00:00,398.6612953,0.0,23.75306122,398.0934066,0.0,23.44285714,17.83380102,131.4250595,258.7045801,33.96405612,19.29145408
2025-08-31 08:45:00+00:00,398.9984081,0.0,23.8,396.8074828,0.0,23.5,17.9,135.5866426,303.8492435,35.59180952,19.32000354
2025-08-31 09:00:00+00:00,398.5282738,0.0,23.8,396.847619,0.0,23.5,17.95,139.7229978,505.191341,36.99405148,19.49726276
2025-08-31 09:15:00+00:00,398.6788764,0.0,23.8,397.7487179,0.0,23.56428571,17.99162698,144.0701667,569.193658,38.33539683,20.39469048
2025-08-31 09:30:00+00:00,399.0844194,0.0,23.86428571,397.3750878,0.0,23.6,18.15642857,148.3827106,570.4732785,39.49984307,20.9059261
2025-08-31 09:45:00+00:00,398.1333333,0.0,23.9,398.0637133,0.0,23.6,18.26,153.2127407,584.9133336,40.59718519,21.51140741
2025-08-31 10:00:00+00:00,398.454279,0.0,23.9,398.570592,0.0,23.6,17.9119898,157.8729762,599.1100722,41.495,21.88331731
2025-08-31 10:15:00+00:00,398.3282033,0.0,23.9,398.543254,0.0,23.6,17.83333333,162.2968148,611.0383586,42.19666667,21.94744444
2025-08-31 10:30:00+00:00,398.4152632,0.0,23.9,397.8876369,0.0,23.67166667,18.35238095,167.8344762,626.1223301,42.81833333,21.53039394
2025-08-31 10:45:00+00:00,397.9572725,0.0,23.96428571,397.6062781,0.0,23.7,18.34761905,172.5042857,639.5019851,43.19365079,22.06038149
2025-08-31 11:00:00+00:00,398.3510671,0.0,24.0,397.7180966,0.0,23.7,18.70380952,177.4099062,668.8031681,43.38666667,21.58566667
2025-08-31 11:15:00+00:00,398.6502574,0.0,24.0,398.0765898,0.0,23.79428571,19.65714286,182.7984637,643.1472104,43.35994898,21.81055772
2025-08-31 11:30:00+00:00,397.9119704,0.0,24.08666667,398.3096601,0.0,23.8,19.83634921,187.3312169,631.7776782,43.18193651,21.61405483
2025-08-31 11:45:00+00:00,397.7229665,0.0,24.1,398.5021825,0.0,23.8,20.11812169,192.5190553,625.6124995,42.80815018,21.70179869
2025-08-31 12:00:00+00:00,398.4305236,0.0,24.1,397.8910101,0.0,23.84074074,20.79461538,197.7500313,630.2413979,42.25125541,21.86730519
2025-08-31 12:15:00+00:00,397.563505,0.0,24.18928571,397.8299181,0.0,23.9,20.63,202.5291383,617.5990672,41.50106184,22.14201923
2025-08-31 12:30:00+00:00,397.9846154,0.0,24.22,398.0877193,0.0,23.98,19.87769048,207.0945936,604.6052959,40.64001587,22.22668639
2025-08-31 12:45:00+00:00,397.5140947,0.0,24.3,397.8699017,0.0,24.04136905,20.48777778,211.7986111,584.2028524,39.55119048,22.00598901
2025-08-31 13:00:00+00:00,398.2719509,0.0,24.30666667,398.5281382,0.0,24.15027778,20.9,216.4628413,585.8721319,38.2817619,21.88118254
2025-08-31 13:15:00+00:00,398.5546825,0.0,24.4,398.7757143,0.0,24.30288889,21.34777778,220.9574471,566.7773869,36.87484127,21.93657143
2025-08-31 13:30:00+00:00,398.8415078,0.0,24.41666667,398.4287604,0.0,24.47488095,20.23720238,225.0067687,578.0046979,35.45800454,22.35731808
2025-08-31 13:45:00+00:00,399.5676029,0.0,24.54047619,398.8648372,0.0,24.63809524,20.91428571,229.1099928,560.6920047,33.88695238,21.62690909
2025-08-31 14:00:00+00:00,399.9940754,0.0,24.6,398.8423198,0.0,24.78956349,21.21654195,232.4062962,456.7242451,32.4825708,21.53471022
2025-08-31 14:15:00+00:00,400.5587802,0.0,24.67142857,398.4963089,0.0,24.96060986,21.46886447,236.4589981,330.286742,30.62812358,21.35110895
2025-08-31 14:30:00+00:00,400.6524095,0.0,24.73555556,399.2374306,0.0,25.12285714,20.87272535,240.5846282,421.4911103,28.6016813,21.27127946
2025-08-31 14:45:00+00:00,399.9837809,0.0,24.85714286,399.7361912,0.0,25.28755411,20.72571429,243.9695368,395.8283344,26.79869575,21.36791383
2025-08-31 15:00:00+00:00,399.9617078,0.0,24.97692308,399.4104384,0.0,25.53171429,20.48575092,247.5985546,394.110404,24.75858971,21.69664935
2025-08-31 15:15:00+00:00,400.2384629,0.0,25.07857143,399.1194599,0.0,25.7,20.56309524,251.1259524,333.368817,22.64756236,21.28336054
2025-08-31 15:30:00+00:00,400.3190883,0.0,25.16666667,399.6225913,0.0,25.8187963,21.26666667,254.4251176,290.9527685,20.6458759,20.77558179
2025-08-31 15:45:00+00:00,399.7610069,0.0,25.23866667,400.0097086,0.0,25.936,20.62533333,257.4377475,241.344216,18.73421356,21.04511111
2025-08-31 16:00:00+00:00,399.8114144,0.0,25.3,400.2203147,0.0,25.80269841,20.11556122,260.9960119,95.23303538,16.38367063,20.50990476
2025-08-31 16:15:00+00:00,399.7403761,0.0,25.3,400.4819265,0.0,25.7391847,20.77678571,263.9253463,151.1362681,14.41651515,20.03052381
2025-08-31 16:30:00+00:00,400.6828231,0.0,25.33076923,400.4531839,0.0,25.66190476,19.93076923,267.1216887,110.3983465,12.21275794,19.75363012
2025-08-31 16:45:00+00:00,400.2266309,0.0,25.34133333,399.8582479,0.0,25.59784343,19.812,270.1721026,59.94532866,10.07074747,19.64153846
2025-08-31 17:00:00+00:00,400.3066226,0.0,25.3,400.6318543,0.0,25.53846154,19.51428571,273.38009,27.50484927,7.868333333,19.28576923
2025-08-31 17:15:00+00:00,400.4372222,0.0,25.26761905,401.174359,0.0,25.42857143,19.41809524,276.4348889,16.73267077,5.725888889,19.13373333
2025-08-31 17:30:00+00:00,400.8921356,0.0,25.2,400.9821903,0.0,25.31454545,19.35,279.3485354,11.24974721,3.708257576,19.11
2025-08-31 17:45:00+00:00,399.7392593,0.0,25.14533333,400.7047619,0.0,25.24583333,19.22857143,282.6420794,6.248498187,1.431444444,18.97304815
2025-08-31 18:00:00+00:00,400.406856,0.0,25.1,400.4177829,0.0,25.14762523,19.2,285.7984259,2.271493651,-0.594351852,18.9401164
2025-08-31 18:15:00+00:00,400.7838936,0.0,25.09230769,400.6885575,0.0,25.06428571,19.2,288.8330867,0.393030612,-2.585714286,18.85107143
2025-08-31 18:30:00+00:00,399.2377552,0.0,25.0,401.1526424,0.0,24.96666667,19.16938776,291.8660079,0.0,-4.544920635,18.7756
2025-08-31 18:45:00+00:00,399.0343876,0.0,25.0,399.3084049,0.0,24.9,19.07576531,294.8236021,0.0,-6.382018398,18.74297959
2025-08-31 19:00:00+00:00,399.231491,0.0,24.90666667,399.2789874,0.0,24.80555556,19.0,298.4707511,0.0,-8.591619048,18.72839141
2025-08-31 19:15:00+00:00,398.8165988,0.0,24.84714286,399.3771332,0.0,24.8,19.0,301.3827664,0.0,-10.28106576,18.76932671
2025-08-31 19:30:00+00:00,398.5238344,0.0,24.8,398.5081053,0.0,24.71333333,18.97333333,304.8996402,0.0,-12.17933862,18.69113636
2025-08-31 19:45:00+00:00,398.7654762,0.0,24.73571429,398.3098025,0.0,24.69285714,18.9,308.3183787,0.0,-13.94858277,18.6156662
2025-08-31 20:00:00+00:00,398.782328,0.0,24.7,398.2433862,0.0,24.6,18.9,311.6805556,0.0,-15.53333333,18.57786243
2025-08-31 20:15:00+00:00,398.7857143,0.0,24.62589286,398.2811894,0.0,24.6,18.9,315.3970635,0.0,-17.18920635,18.73154401
2025-08-31 20:30:00+00:00,398.3529986,0.0,24.6,397.6354829,0.0,24.572,18.9,318.8550218,0.0,-18.63930952,18.6448254
2025-08-31 20:45:00+00:00,397.4450218,0.0,24.6,397.7808599,0.0,24.5,18.9,322.627981,0.0,-20.04100433,18.60072246
2025-08-31 21:00:00+00:00,397.0689182,115.080072,24.51880952,397.7243483,101.1216428,24.47777778,19.13,326.3488095,0.0,-21.30214286,18.61388889
2025-08-31 21:15:00+00:00,418.424079,168.297985,24.26952381,408.2915432,161.9426871,24.4,19.42777778,329.9764444,0.0,-22.41118519,18.56763636
2025-08-31 21:30:00+00:00,441.9139674,166.9073413,24.03230769,432.2065629,163.4412698,24.31190476,19.5,334.1222874,0.0,-23.49916667,18.50316327
2025-08-31 21:45:00+00:00,452.5305195,166.9463421,23.92,447.7088889,160.6906421,24.22,19.5,337.8142424,0.0,-24.31686869,18.60125859
2025-08-31 22:00:00+00:00,461.1197734,259.7041048,23.78241758,457.51738,265.2705077,24.13469388,19.39025641,341.9728986,0.0,-25.12857143,19.34271825
2025-08-31 22:15:00+00:00,469.2533889,314.068604,23.6525,467.5917848,317.9884752,24.02,19.25238095,345.9275745,0.0,-25.71088889,20.25688076
2025-08-31 22:30:00+00:00,473.5527979,312.3485889,23.53142857,472.6701992,319.5241692,23.93265306,19.2,350.0072449,0.0,-26.18857143,20.10370635
2025-08-31 22:45:00+00:00,474.8747409,311.8707504,23.4968254,476.0926956,319.8625932,23.80666667,19.2,354.1261481,0.0,-26.50877489,20.14036296
2025-08-31 23:00:00+00:00,476.3795168,313.4723356,23.41208791,477.5854497,321.6164259,23.7122449,19.2,358.2011395,0.0,-26.65714286,20.30196429
2025-08-31 23:15:00+00:00,476.9660113,314.398557,23.32888889,477.3771461,316.2076718,23.69354497,19.2,14.08421861,0.0,-26.67333333,20.20588848
2025-08-31 23:30:00+00:00,475.0136098,312.0214064,23.3,476.391796,315.1943661,23.6325,19.2,6.626777778,0.0,-26.49416667,20.27311667
2025-08-31 23:45:00+00:00,474.8940734,312.4026621,23.3,477.047861,316.2936029,23.57053571,19.2,10.54357658,0.0,-26.21676587,20.51460034
