,R05_07_N_CO201,R05_07_N_FCI01_1,R05_07_N_TRU01,R05_07_V_CO201,R05_07_V_FCI01_1,R05_07_V_TRU01,HTRK_VEN01_TI01,HTR9_VES01_AZ01,HTR9_VES01_SI01,HTR9_VES01_SV01,HTR9_VES01_TUD01,HTRK_RAD03_TF01,R05_07_N_MVV01,R05_07_V_MVV01
2025-06-01 00:00:00+00:00,429.6484127,0,23.6,430.570951,0,23.4,16.3,13.19931973,0,-12.00190476,13.39006803,36.69269841,0,0
2025-06-01 00:15:00+00:00,428.8242725,0,23.6,430.0130676,0,23.37333333,16.16,16.59083333,0,-11.46545455,13.62661111,36.16169312,0,0
2025-06-01 00:30:00+00:00,428.2253391,0,23.6,429.4140002,0,23.3,16.03333333,19.87308469,0,-10.82847575,13.40993084,36.56626374,0,0
2025-06-01 00:45:00+00:00,427.7619608,0,23.53222222,428.5613191,0,23.3,16,23.78582336,0,-9.931925926,13.35422222,36.40010582,0,0
2025-06-01 01:00:00+00:00,427.4723768,0,23.5,429.0614734,0,23.2781746,15.87678571,26.94875464,0,-9.093812616,13.30347403,36.7799513,0,0
2025-06-01 01:15:00+00:00,427.5866667,0,23.5,428.3310008,0,23.2,15.8,29.89238095,0,-8.158095238,13.24438095,36.72552189,0,0
2025-06-01 01:30:00+00:00,426.7883935,0,23.49222222,427.237195,0,23.2,15.8,33.71945406,0,-6.862626263,13.1235974,36.53987179,0,0
2025-06-01 01:45:00+00:00,426.9007753,0,23.41333333,427.5507558,0,23.2,15.7,36.96445709,0,-5.648740684,12.96755556,37.02974074,0,0
2025-06-01 02:00:00+00:00,425.7511965,0,23.4,426.6457463,0,23.19557823,15.6,40.21549784,0.034415584,-4.303138528,12.8,37.02172619,0,0
2025-06-01 02:15:00+00:00,424.8329966,0,23.4,426.9596525,0,23.1,15.51964286,42.88333333,0.337383244,-3.106666667,12.76717949,37.13433333,0,0
2025-06-01 02:30:00+00:00,425.2369697,0,23.4,426.1714286,0,23.1,15.42666667,46.52656301,1.13010303,-1.331818182,12.82029293,37.36555556,0,0
2025-06-01 02:45:00+00:00,424.8,0,23.4,426.2876623,0,23.1,15.4,49.59925824,3.351306761,0.19017094,12.9,37.19134615,0,0
2025-06-01 03:00:00+00:00,424.3028354,0,23.34,425.7020535,0,23.1,15.34,52.36980952,8.428755067,1.619047619,12.85979048,37.39230159,0,0
2025-06-01 03:15:00+00:00,423.9437526,0,23.3,426.0739879,0,23.1,15.3,55.60728956,12.6147732,3.502996633,12.906,36.92638095,0,0
2025-06-01 03:30:00+00:00,423.2690821,0,23.3,425.2753257,0,23.07259259,15.3,58.7735878,26.87874772,5.414025974,13.06180556,36.68185185,0,0
2025-06-01 03:45:00+00:00,422.6780922,0,23.3,424.4739676,0,23.03230159,15.3,61.59586941,36.04860029,7.182115801,13.33214286,36.55,0,0
2025-06-01 04:00:00+00:00,422.788078,0,23.3,422.8937808,0,23.02,15.34968254,64.33966667,31.61409688,8.954074074,13.94172222,36.36322511,0,0
2025-06-01 04:15:00+00:00,421.4388322,0,23.3,423.6009895,0,23,15.4,67.34581164,28.55789842,10.99078607,14.14507937,36.25985234,0,0
2025-06-01 04:30:00+00:00,421.4975758,0,23.3,423.4386481,0,23,15.4,70.4847619,25.48142027,13.10912698,14.1475873,36.04966931,0,0
2025-06-01 04:45:00+00:00,420.8733333,0,23.3,422.825033,0,23,15.32857143,73.3018764,48.16665039,15.09039443,14.08723639,35.83722527,0,0
2025-06-01 05:00:00+00:00,421.2692768,0,23.3,422.7412963,0,23,15.3,76.23170996,97.43251486,17.16510823,14.4385,35.87536182,0,0
2025-06-01 05:15:00+00:00,420.0009777,0,23.3062381,421.9853634,0,23.01253968,15.3,79.21087061,112.969283,19.25650072,14.59631987,35.69481481,0,0
2025-06-01 05:30:00+00:00,420.7355345,0,23.36163059,421.7256249,0,23.09462885,15.37571429,82.04624359,62.96800207,21.27863021,14.77767007,35.51046097,0,0
2025-06-01 05:45:00+00:00,420.2062058,0,23.37459596,421.5833027,0,23.1,15.4,85.04333333,140.9183636,23.44722222,14.69450427,35.46789021,0,0
2025-06-01 06:00:00+00:00,419.3873227,0,23.4,421.1522727,0,23.1,15.42666667,87.99535243,176.8927231,25.52663448,14.73025079,35.22,0,0
2025-06-01 06:15:00+00:00,418.5499432,0,23.4,420.6916456,0,23.1,15.5,91.23522825,202.199739,27.77970996,14.95306349,35.2,0,0
2025-06-01 06:30:00+00:00,418.5450608,0,23.41964286,421.2844092,0,23.14821429,15.55952381,94.52494331,258.5276054,30.01130952,15.11238404,35.2,0,0
2025-06-01 06:45:00+00:00,417.7477715,0,23.5,420.1138047,0,23.2,15.70666667,97.35265873,216.2871455,31.9023545,15.20307204,35.20166667,0,0
2025-06-01 07:00:00+00:00,417.7701129,0,23.5,420.3361199,0,23.2,15.76533333,101.1111825,187.3881107,34.31597619,15.27228571,34.94119048,0,0
2025-06-01 07:15:00+00:00,418.1214141,0,23.52666667,419.7311111,0,23.28333333,15.78,104.6073918,226.9607889,36.43951659,15.28691919,34.88966667,0,0
2025-06-01 07:30:00+00:00,416.9136905,0,23.6,419.1963957,0,23.3,15.6897619,107.7615608,271.4782968,38.32539425,15.3825,35.3,0,0
2025-06-01 07:45:00+00:00,417.5444863,0,23.6,418.2139561,0,23.3,15.68416667,111.7713336,307.5939145,40.52101876,15.3544786,35.3,0,0
2025-06-01 08:00:00+00:00,416.741533,0,23.62,418.4748115,0,23.34866667,15.65089947,115.6162564,279.7600145,42.46698653,15.21810053,35.27333333,0,0
2025-06-01 08:15:00+00:00,417.1046068,0,23.7,418.4625255,0,23.4,15.89893836,119.4572066,242.4006326,44.30274235,14.97690888,35.09071429,0,0
2025-06-01 08:30:00+00:00,416.4155908,0,23.7,418.5188254,0,23.4,15.73333333,123.4744705,239.0621329,46.06432967,15.02666667,35.31964912,0,0
2025-06-01 08:45:00+00:00,417.1744622,0,23.72866667,418.2412121,0,23.4222619,15.72166667,127.8169524,212.0696113,47.85866667,14.99988889,34.86545455,0,0
2025-06-01 09:00:00+00:00,416.2150247,0,23.8,418.3390127,0,23.48666667,15.59037698,132.7197908,233.0337928,49.58755772,15.50554902,34.915,0,0
2025-06-01 09:15:00+00:00,416.3924583,0,23.8,417.9932541,0,23.5,15.50892857,136.8762147,251.3015728,50.92204984,15.69914958,34.93809524,0,0
2025-06-01 09:30:00+00:00,415.9433333,0,23.82,417.1588163,0,23.52,15.6,142.7931385,317.5922491,52.54606421,15.97496296,34.99333333,0,0
2025-06-01 09:45:00+00:00,415.5348485,0,23.9,417.3166667,0,23.6,15.71071429,148.475254,391.8070449,53.83133333,15.93733333,35.00764469,0,0
2025-06-01 10:00:00+00:00,415.7841414,0,23.91444444,417.2584306,0,23.6,15.94666667,154.1713598,314.8376871,54.92079365,15.79218681,34.72694444,0,0
2025-06-01 10:15:00+00:00,414.2437442,0,24,416.907885,0,23.62857143,15.9947619,159.9067744,450.364294,55.75773526,16.04118056,34.89899892,0,0
2025-06-01 10:30:00+00:00,414.4150253,0,24,416.4414141,0,23.7,16.09205556,165.4853054,538.1735453,56.39317532,16.67788552,34.80755556,0,0
2025-06-01 10:45:00+00:00,414.6442907,0,24.01333333,416.7943485,0,23.7,16.0952381,172.0906032,755.0925555,56.86722222,17.64466667,35.08883333,0,0
2025-06-01 11:00:00+00:00,414.7090909,0,24.1,415.9982531,0,23.78142857,16.2,178.3304052,746.7435868,57.06709957,18.3995959,35.12406899,0,0
2025-06-01 11:15:00+00:00,414.4050361,0,24.1,416.0458306,0,23.8,16.41677778,184.0063333,743.2227407,57.02666667,17.86,35.01007283,0,0
2025-06-01 11:30:00+00:00,413.6628431,0,24.1,416.5413901,0,23.8,16.77692308,190.9397143,732.352036,56.69632072,18.44192381,34.654,0,0
2025-06-01 11:45:00+00:00,413.4176756,0,24.1,416.1016897,0,23.80666667,16.616,196.4260734,729.4929543,56.26423143,18.39465397,34.6436961,0,0
2025-06-01 12:00:00+00:00,413.641074,0,24.17857143,415.7263748,0,23.9,16.81142857,202.7957341,736.4940906,55.5,19.00621032,34.6,0,0
2025-06-01 12:15:00+00:00,413.3445876,0,24.2,415.8591722,0,23.93416667,16.855,208.2306926,732.1113176,54.62743257,19.13039369,34.6,0,0
2025-06-01 12:30:00+00:00,413.3467806,0,24.22666667,416.0673436,0,24.02666667,16.71950794,214.0681162,639.8550335,53.4580303,19.29045887,35.06666667,0,0
2025-06-01 12:45:00+00:00,413.5106331,0,24.3,415.7180951,0,24.11547619,16.53571429,218.9259768,720.7127617,52.27270408,19.2595181,35.14761905,0,0
2025-06-01 13:00:00+00:00,413.4635402,0,24.31,415.8248538,0,24.22666667,16.6,224.4780362,608.2736879,50.71111111,19.41235836,34.94728042,0,0
2025-06-01 13:15:00+00:00,413.8911755,0,24.4,415.7253058,0,24.32888889,16.79777778,229.2091641,617.8688064,49.15618651,20.03087626,34.63126984,0,0
2025-06-01 13:30:00+00:00,413.0418272,0,24.4,415.532244,0,24.46666667,16.73,233.822464,392.3769056,47.42806624,19.98772487,34.91481481,0,0
2025-06-01 13:45:00+00:00,413.1426605,0,24.42346939,416.3639429,0,24.50714286,17.16607143,237.6760838,425.3474843,45.86362334,19.61350488,34.70710163,0,0
2025-06-01 14:00:00+00:00,413.4407126,0,24.5,416.4442617,0,24.6,16.98114286,242.0099316,493.7751145,43.91240456,19.69125593,35.24001961,0,0
2025-06-01 14:15:00+00:00,413.4061557,0,24.6,416.245328,0,24.66733333,16.9,246.0430476,462.5267654,41.90456878,20.01366984,35.30833333,0,0
2025-06-01 14:30:00+00:00,413.871722,0,24.6,415.741359,0,24.75918367,16.89438776,249.5924083,512.7294744,40.0821602,21.06971283,35.16140214,0,0
2025-06-01 14:45:00+00:00,414.4198148,0,24.65333333,415.1944444,0,24.8,16.7,252.6824916,361.9415721,38.3486532,21.81254209,34.74868687,0,0
2025-06-01 15:00:00+00:00,413.406734,0,24.7,415.5746606,0,24.78206349,16.7,257.0672273,149.8315364,35.74143939,21.55388889,34.95954558,0,0
2025-06-01 15:15:00+00:00,414.3478569,0,24.7,415.5603517,0,24.7,16.7115,260.2469774,85.31204998,33.75896296,21.21864646,33.83361508,0,0
2025-06-01 15:30:00+00:00,413.9796803,0,24.7,415.5044939,0,24.63095238,16.90785714,262.6028267,90.53392126,32.19112507,21.08273135,36.46566378,0,0
2025-06-01 15:45:00+00:00,413.6269484,0,24.62571429,415.384653,0,24.6,17.03333333,266.8673471,95.92599163,29.39044587,20.65601807,34.81007937,0,0
2025-06-01 16:00:00+00:00,413.7666923,0,24.6,414.952869,0,24.6,17.16964286,270.1123528,51.28029382,27.14975577,20.57394709,34.66207407,0,0
2025-06-01 16:15:00+00:00,413.141345,0,24.6,414.5606931,0,24.59878788,17.35892857,272.52,78.05935808,25.4465404,20.79781987,34.75349206,0,0
2025-06-01 16:30:00+00:00,412.8483381,0,24.6,414.6819882,0,24.5,17.525,276.1790646,88.55649281,22.88772263,20.08043819,34.60928571,0,0
2025-06-01 16:45:00+00:00,413.3818122,0,24.6,414.8459091,0,24.5,17.69333333,279.1263932,51.68536483,20.78116667,19.89593079,34.75246032,0,0
2025-06-01 17:00:00+00:00,412.5273669,0,24.6,414.7232976,0,24.49333333,17.76,281.9388537,50.49729129,18.77867907,19.68888238,34.8,0,0
2025-06-01 17:15:00+00:00,412.3142857,0,24.6,414.1958514,0,24.4,17.85222222,285.0229762,60.47511506,16.56005291,19.76925926,34.72,0,0
2025-06-01 17:30:00+00:00,412.5243328,0,24.58571429,414.6118598,0,24.4,17.94880952,288.0190193,94.56546484,14.48438209,19.90267857,34.6,0,0
2025-06-01 17:45:00+00:00,412.2884538,0,24.56666667,414.0092247,0,24.4,18.068,290.9165269,59.66255815,12.46549158,19.94685714,34.6,0,0
2025-06-01 18:00:00+00:00,412.0967764,0,24.5,413.8142292,0,24.37333333,18.1,293.9236676,40.8262689,10.41751323,19.67613757,34.6,0,0
2025-06-01 18:15:00+00:00,411.4571381,0,24.5,414.0971743,0,24.3,18.17142857,296.5618711,30.75635248,8.699852158,19.52483785,34.7622449,0,0
2025-06-01 18:30:00+00:00,411.7615574,0,24.49916667,414.074758,0,24.3,18.3,299.5506825,18.38664907,6.749222222,19.20764286,35.12103752,0,0
2025-06-01 18:45:00+00:00,412.1925837,0,24.4,414.0671958,0,24.27333333,18.42266667,302.6766465,15.22670936,4.832444444,19.04703205,35.32853175,0,0
2025-06-01 19:00:00+00:00,412.7323016,0,24.4,413.3261132,0,24.2,18.68380952,305.6376696,11.33943675,3.093560606,18.76724231,35.20117949,0,0
2025-06-01 19:15:00+00:00,411.4474376,0,24.4,413.2853898,0,24.2,18.81947279,308.7832622,5.97286641,1.273855906,18.57142857,34.98992931,0,0
2025-06-01 19:30:00+00:00,411.009386,0,24.4,414,0,24.2,18.89333333,311.8701587,1.88929324,-0.265714286,18.1807619,34.86130952,0,0
2025-06-01 19:45:00+00:00,411.5894757,0,24.4,413.6489291,0,24.1,18.84333333,314.8791173,0.657562884,-1.753901404,17.83010321,34.93822222,0,0
2025-06-01 20:00:00+00:00,411.5158466,0,24.31428571,413.5110643,0,24.1,18.78571429,318.1721102,0.227899267,-3.308387464,17.37792157,34.77878561,0,0
2025-06-01 20:15:00+00:00,410.7656566,0,24.3,413.6449065,0,24.1,18.66428571,321.3536436,0.006722689,-4.659005102,16.86720238,35.1452521,0,0
2025-06-01 20:30:00+00:00,410.9801923,0,24.3,413.0674974,0,24.03333333,18.55532828,324.4194628,0,-5.92957265,16.21269943,35.37940305,0,0
2025-06-01 20:45:00+00:00,410.1739624,0,24.24305556,412.6786408,0,24,18.36311111,327.7233333,0,-7.117333333,15.71847619,35.17265152,0,0
2025-06-01 21:00:00+00:00,410.4782854,0,24.2,412.4262788,0,23.95649351,18.1970068,331.1004683,0,-8.27223436,15.45647619,35.12165205,0,0
2025-06-01 21:15:00+00:00,409.7426521,0,24.2,411.8024436,0,23.9,17.94183673,334.6647789,0,-9.292244898,15.31959184,34.96471861,0,0
2025-06-01 21:30:00+00:00,409.6228075,0,24.2,411.9818713,0,23.86666667,17.745,337.4715098,0,-10.02902894,15.14492997,34.81109897,0,0
2025-06-01 21:45:00+00:00,412.0294539,116.5091825,23.99071429,411.3726706,116.1139681,23.8,16.80055556,341.2311285,0,-10.85106153,14.88216287,34.79866667,0,0
2025-06-01 22:00:00+00:00,439.3357446,47.50714286,23.87897959,437.1548377,45.14285714,23.78571429,16.30714286,344.7856066,0,-11.48730159,14.8522038,35.17040816,0,0
2025-06-01 22:15:00+00:00,443.0666378,185.4628836,23.85142857,443.9623425,185.9323232,23.7,16.01037037,348.3700114,0,-12.02216524,14.55651746,35.48462963,0,0
2025-06-01 22:30:00+00:00,469.7075071,316.2177208,23.41037037,470.5056748,319.1381862,23.59148148,15.21944444,351.6373333,0,-12.39580952,14.18453333,35.82604558,0,0
2025-06-01 22:45:00+00:00,482.564183,311.780885,23.17514286,484.4769726,314.6523276,23.34561111,14.86533333,355.5483042,0,-12.64742857,14.25565657,36.11027958,0,0
2025-06-01 23:00:00+00:00,488.6855783,312.4128051,22.96520147,489.6358882,312.6135373,23.13571429,14.60615385,328.1547109,0,-12.77487245,13.99972222,36.06462045,0,0
2025-06-01 23:15:00+00:00,491.236194,312.5108242,22.77362963,491.3790993,312.546216,22.94777778,14.39027778,2.284141414,0,-12.72666667,13.49222222,36.85675926,0,0
2025-06-01 23:30:00+00:00,492.0961098,311.8466906,22.59314815,493.5416667,313.1927076,22.82424242,14.11333333,5.35819697,0,-12.58943939,13.04735606,36.03820418,0,0
2025-06-01 23:45:00+00:00,494.7137037,311.8664907,22.45,494.8149779,310.6801399,22.66,13.81666667,9.729666667,0,-12.24992593,12.66759259,37.94388889,0,0
2025-06-02 00:00:00+00:00,495.2356009,320.4309794,22.3989011,496.6665831,311.4740561,22.57142857,13.59230769,13.17470779,0,-11.85887755,12.30995761,37.71481128,0,0
2025-06-02 00:15:00+00:00,494.8227153,318.684431,22.26666667,497.6566291,311.1819166,22.45333333,13.35777778,16.16098942,0,-11.42838095,12.42696296,37.59937729,0,0
2025-06-02 00:30:00+00:00,495.9930359,313.6397442,22.16555556,497.5629109,315.9993369,22.30666667,13.30466667,19.93902686,0,-10.70138126,11.98727833,38.16146537,0,0
2025-06-02 00:45:00+00:00,497.3039734,207.6081633,22.10548469,497.7274963,314.714526,22.21607143,13.07933673,23.27116704,0,-9.945821662,11.89710114,38.43266852,0,0
2025-06-02 01:00:00+00:00,497.1155556,176.2628788,22.112,498.6059123,314.277548,22.11333333,12.9,26.55626068,0,-9.053611111,11.71358547,38.59911111,5.10142373,4.760538624
2025-06-02 01:15:00+00:00,497.0311111,253.9949615,22.159,498.1094379,286.2850114,22.08,12.74740741,30.18789174,0,-7.939267399,11.27825397,38.44733261,5.777330049,6.078212594
2025-06-02 01:30:00+00:00,496.9822393,228.6149797,22.09140741,497.5218742,281.3980785,22.05166667,12.51377778,33.63996633,0,-6.760481482,11.00555556,38.8252381,4.301590937,4.822071862
2025-06-02 01:45:00+00:00,493.2563498,223.6343303,22.23061224,493.5313829,95.79495747,22.05125,12.35964286,36.69694139,0,-5.612254571,10.86694496,39.23574568,1.451301048,4.062398447
2025-06-02 02:00:00+00:00,492.9833374,234.6951263,22.07785714,492.7735881,208.6011979,22.032,12.3,39.11916667,0,-4.629814815,10.79111667,39.39023199,1.089922048,3.335123225
2025-06-02 02:15:00+00:00,492.8008152,169.5981465,22.09333333,493.7471403,175.6286758,22.02374603,12.2317037,42.54616667,0.600124726,-3.076666667,10.65242792,39.35455128,1.356269843,2.668988345
2025-06-02 02:30:00+00:00,494.2868573,199.8609722,22.22361505,497.596995,59.04670123,22.01682562,12.03711929,45.94987356,2.023156138,-1.510725886,10.4500344,39.44712928,0.231672599,2.290075336
2025-06-02 02:45:00+00:00,508.0447409,197.2909286,21.98102041,509.8386426,235.5463762,22.06860828,11.83809524,49.44844863,5.297828705,0.226995505,10.21964286,39.65333345,1.442440851,1.257556604
2025-06-02 03:00:00+00:00,510.0302397,13.93162393,22.10666667,511.6461905,58.16,21.97712121,11.72740741,52.28690632,11.32657102,1.734506069,10.08222896,39.72857143,1.205303548,0.935883333
2025-06-02 03:15:00+00:00,507.8266783,59.07814815,22.224,506.61611,61.57784679,22.07333333,18.43,55.5412963,28.30514525,3.62770202,10.16681481,39.78066667,0.008140351,0.635756249
2025-06-02 03:30:00+00:00,505.898136,63.31001984,22.26714286,506.7865695,66.18881761,22.1,21.26886905,58.23142857,48.32790104,5.260139147,10.42445918,39.58849722,0.047725117,0
2025-06-02 03:45:00+00:00,504.199576,62.51279051,22.39444444,503.9954676,65.80687242,22.19428571,19.75425926,61.24926479,71.31995001,7.11983165,10.71847513,39.19305155,0,0
2025-06-02 04:00:00+00:00,501.2988228,63.07719298,22.49771429,501.5215007,66.36246137,22.22444444,19.6,64.41644637,99.48073276,9.16590861,11.1101664,39.19157407,0,0
2025-06-02 04:15:00+00:00,501.1703395,62.11241658,22.58733333,499.194386,66.15276579,22.3,19.66666667,67.34652941,123.3412754,11.12005135,11.3409085,38.3432707,0.001050505,0
2025-06-02 04:30:00+00:00,498.5322329,63.1744148,22.60643904,497.9812638,66.24476556,22.3,19.48132812,69.56723646,150.7228798,12.64508739,11.70083389,38.19484994,0,0
2025-06-02 04:45:00+00:00,500.3121114,62.63233618,22.77333333,497.7813793,65.81766463,22.3,19.25904762,73.23838095,176.6420121,15.19047619,12.03,38.09725228,0,0
2025-06-02 05:00:00+00:00,508.7080382,61.80273504,22.86666667,502.8534299,65.42997163,22.33555556,19.10904762,76.18813131,198.4131641,17.27608586,12.32605051,38.09853535,0,0.00031746
2025-06-02 05:15:00+00:00,521.6117114,62.0990232,22.97460317,520.1696599,65.26690315,22.42877551,19.2,79.0438925,222.1807426,19.31046176,12.56401876,37.78376984,0,0.006498599
2025-06-02 05:30:00+00:00,533.9579545,61.90888889,23.06955556,559.2337876,65.4343189,22.61622222,18.98533333,81.83027778,246.0539178,21.31583333,13.07555556,37.16857143,0,0
2025-06-02 05:45:00+00:00,533.4855375,62.27154609,23.12015873,594.8972316,65.7056092,22.80022222,18.85266667,84.6425404,261.1789669,23.31190548,13.51925253,36.31457143,0,0
2025-06-02 06:00:00+00:00,576.8790629,61.24239007,23.23925926,632.2708471,65.13378658,22.96,18.53714286,88.16046825,252.3335055,25.78486243,14.14363413,36.03561172,0,0
2025-06-02 06:15:00+00:00,600.0626679,61.33379095,23.34352453,648.3146617,61.09455782,23.09571429,18.3,91.18291085,238.8740149,27.91177229,14.29398496,35.86500722,0,0
2025-06-02 06:30:00+00:00,652.7530837,62.20388451,23.54994709,689.5410177,60.57584083,23.28107143,18.15333333,94.28054545,329.0312152,30.00845887,14.5423359,35.70472222,0,0
2025-06-02 06:45:00+00:00,691.6084091,62.73542633,23.67660317,725.9447879,61.05802481,23.48300505,17.61888889,97.59329101,406.370564,32.19899206,14.88482222,35.13015488,0,0
2025-06-02 07:00:00+00:00,734.2692966,63.1645843,23.90556349,739.4166985,61.22526978,23.58858105,17.33169048,100.8405387,374.9153632,34.3013468,15.71815873,34.86974387,0,0
2025-06-02 07:15:00+00:00,729.2172566,62.94738595,24.00972222,714.1294829,62.41127431,23.75714286,17.07071429,104.0448683,541.031877,36.27592893,15.88447872,34.87638889,0,0
2025-06-02 07:30:00+00:00,668.4765619,71.59409091,24.02,674.9245204,61.98037382,23.62,16.90933333,107.7251708,554.5956683,38.41216354,16.19333333,34.99932275,0,0
2025-06-02 07:45:00+00:00,645.2777244,70.74757021,24.01666667,659.3632733,62.78030508,23.60169312,17.21214286,111.5868024,490.5158899,40.55106943,16.6487412,35.17443999,0,0
2025-06-02 08:00:00+00:00,661.5335008,75.11798904,24.03623737,657.3703637,63.77278277,23.62857143,17.24320124,115.3327842,527.6086789,42.49858328,16.80732488,34.84564255,0,0
2025-06-02 08:15:00+00:00,672.0235053,88.71261103,24.21138889,653.2083821,64.99150097,23.76222222,17.18702381,119.4471373,532.5950198,44.45461538,16.90808333,35.32392857,0,0
2025-06-02 08:30:00+00:00,680.4817177,112.3932804,24.25666667,667.4976943,63.52670469,23.79222222,17.4,123.69994,458.6096154,46.31734392,17.11164713,34.87987607,0,0
2025-06-02 08:45:00+00:00,698.2250379,143.2219461,24.29710884,672.0507906,62.66190676,23.88244898,17.18764172,127.9831633,466.3419271,48.07440476,17.125,35.11593674,0,0
2025-06-02 09:00:00+00:00,696.8532857,168.1215909,24.35333333,672.329479,63.10619766,23.9,16.92222222,132.6443681,278.431672,49.69433333,16.5949206,35.08167989,0,0
2025-06-02 09:15:00+00:00,663.0769778,197.1414684,24.3402381,662.3621079,62.81688538,23.82777778,17.02687075,137.5669501,291.4102346,51.24275804,16.64844862,34.95111506,0,0
2025-06-02 09:30:00+00:00,629.976374,216.8508466,24.145,619.324128,62.48188969,23.75333333,17.125,143.3653076,408.2968616,52.81858466,16.34299945,35.0275,0,0
2025-06-02 09:45:00+00:00,605.741104,224.9083747,24.04678571,585.2714245,61.49759944,23.6202381,17.1,148.4476257,209.3609809,53.98329097,16.76509391,35.16320501,0,0
2025-06-02 10:00:00+00:00,587.5885076,232.4164835,23.9492381,578.9312135,61.93604853,23.61885714,16.88666667,152.5546905,257.4808333,54.76,16.71790476,35.12972222,0,0
2025-06-02 10:15:00+00:00,592.6375541,228.2636501,24.06683673,606.2518797,61.53543233,23.7,16.43571429,159.8334509,93.8301132,55.88732143,15.99514652,34.88863815,0,0
2025-06-02 10:30:00+00:00,577.3982526,229.9146395,23.97520899,630.5146076,62.1633664,23.78874074,15.80936508,165.4572588,61.00219933,56.50524531,13.80949837,36.35828466,0,0
2025-06-02 10:45:00+00:00,585.6901165,226.8249525,24.038,639.751645,61.58841782,23.92181818,16.90873016,171.8905088,178.1850124,56.97496866,12.94544339,37.14767989,0,0
2025-06-02 11:00:00+00:00,614.504932,231.5261752,23.98673469,665.4572657,62.53954941,24.08785714,17.32122449,178.3565476,363.025364,57.17142857,13.54806548,36.62275794,0,0
2025-06-02 11:15:00+00:00,620.8526589,234.596656,24.14999206,681.3790857,79.53702005,24.18566667,17.39387755,184.3489392,643.5633284,57.1556229,14.69111111,35.63143834,0,0
2025-06-02 11:30:00+00:00,610.6756651,247.8245898,24.09642857,674.2142193,93.31148597,24.05732143,17.29583333,190.0448165,153.6743169,56.90672748,15.75680839,35.07295918,0,0
2025-06-02 11:45:00+00:00,619.5111111,264.0116667,24.16,657.4322612,101.1403509,24.1,16.61642857,196.8012249,275.9096868,56.37887037,14.41565873,35.30095238,0,0
2025-06-02 12:00:00+00:00,624.7489796,282.8572459,24.19642857,659.3541126,105.37886,24.1,17.17142857,202.8902262,451.428978,55.62142342,14.48670635,35.64409632,0,0
2025-06-02 12:15:00+00:00,606.3951198,295.7278544,24.20555556,675.8986254,115.2901632,24.15903175,17.29766667,208.3208972,458.361751,54.76342307,15.48890851,35.1288545,0,0
2025-06-02 12:30:00+00:00,599.5013943,313.4733081,24.13555556,682.1881481,135.2506488,24.19777778,17.40111111,214.3820238,396.6061556,53.52952381,16.30962963,34.94025253,0,0
2025-06-02 12:45:00+00:00,595.1453373,313.6196234,24.02505952,669.5113848,145.042003,24.09972944,17.43571429,219.1187925,426.0431017,52.39061224,16.56283305,35.02285096,0,0
2025-06-02 13:00:00+00:00,592.9376852,301.2593197,23.89006349,650.4896215,154.3566875,24.04583333,17.25111111,224.4850926,384.2531976,50.8447381,16.64812646,35.1393367,0,0
2025-06-02 13:15:00+00:00,585.1745233,286.5417166,23.84587302,613.3475275,153.3414853,23.92428571,17.6,229.2665749,487.1330273,49.27564626,17.72655844,35.16797619,0,0
2025-06-02 13:30:00+00:00,574.661273,281.6867236,23.80714286,577.5663781,146.1492246,23.92857143,17.33928571,233.4237037,145.545771,47.75342593,17.28749074,35.29380952,0,0
2025-06-02 13:45:00+00:00,557.9492304,268.9411361,23.85833333,561.4338956,129.4341596,23.7021645,15.69933333,238.0707784,19.44781006,45.84044872,14.55409615,35.4,0,0
2025-06-02 14:00:00+00:00,531.0791861,117.8298535,24.0025,556.1831953,77.85788475,23.7,15.60446429,241.9285147,35.69816115,44.12029478,12.18250567,37.92967033,0,0
2025-06-02 14:15:00+00:00,532.8355493,65.90918831,24.18,557.5865808,64.82288139,23.7,16.98114286,246.2378296,85.02194054,41.99791764,11.64074074,38.43191919,0,0
2025-06-02 14:30:00+00:00,535.0859398,66.31987298,24.2,560.9666667,63.90129288,23.7,17.37612245,249.9486676,278.0890119,39.99855311,12.02811813,38.10187729,0,0
2025-06-02 14:45:00+00:00,537.3154219,65.62285122,24.26,560.9529029,64.50322633,23.8509899,16.64622222,253.2888889,568.1289473,38.10666667,13.02842424,37.25946683,0,0
2025-06-02 15:00:00+00:00,544.5754202,65.81530969,24.21428571,550.2048032,64.04236368,24.07636054,17.39857143,257.1615079,524.2581575,35.83983844,14.51017857,35.55429499,0,0
2025-06-02 15:15:00+00:00,532.0818301,65.41034188,24.3,542.4526773,64.42511021,24.11768519,16.61407407,260.3979798,297.3250166,33.81575758,15.26812121,34.92148148,0,0
2025-06-02 15:30:00+00:00,519.5090344,65.65114379,24.3,530.5008218,65.32046904,24.02,17.38,263.875871,144.8636259,31.55615163,15.45119341,34.60857143,0,0
2025-06-02 15:45:00+00:00,510.665365,66.35714286,24.27237245,520.5952862,64.4831375,24.07142857,16.92166667,266.8315646,292.0553559,29.58266156,15.93863946,34.79020408,0,0
2025-06-02 16:00:00+00:00,504.8457556,66.61664884,24.3,514.5007407,63.86905724,24.32795767,17.70457143,270.2200926,331.0332377,27.24565344,16.9213,34.65025641,0,0
2025-06-02 16:15:00+00:00,497.3459552,64.94391085,24.32261905,506.3088151,63.4682861,24.5452381,17.07619048,273.1961538,373.0298451,25.14600384,17.43685679,34.86263162,0,0
2025-06-02 16:30:00+00:00,492.2728343,66.00650794,24.4,500.7091048,62.4920521,24.74611111,17.47880952,276.0100269,357.3609854,23.18393771,17.81876441,34.89364384,0,0
2025-06-02 16:45:00+00:00,490.2188534,65.27827807,24.42767857,496.3237508,61.40352192,24.95982143,17.6,279.1620833,316.5140457,20.91040584,17.83820391,34.83785714,0,0
2025-06-02 17:00:00+00:00,487.2792009,65.93319088,24.5,493.1140211,63.30915083,25.07771429,17.504,282.0881866,268.5748105,18.82097643,17.83271878,34.85781119,0,0
2025-06-02 17:15:00+00:00,484.6382735,66.61636905,24.5,490.558879,61.14378908,24.86428571,17.14206349,285.0405703,129.263665,16.74146568,17.23883993,34.92971528,0,0
2025-06-02 17:30:00+00:00,483.1102046,64.96851806,24.42666667,487.9542626,59.14003285,24.72848485,16.69136508,287.9635498,93.98149009,14.63433918,16.79306838,34.70688889,0,0
2025-06-02 17:45:00+00:00,482.0026385,65.46858974,24.4,486.1279298,58.83339771,24.74666667,15.2367619,291.0015476,168.9425098,12.55402381,17.13031111,34.775,0,0
2025-06-02 18:00:00+00:00,480.8029953,6.415476191,24.4,484.7049864,8.224819625,24.60272727,14.71242063,293.9170592,70.45066152,10.57077098,16.61705045,34.8,0,0
2025-06-02 18:15:00+00:00,480.4804912,0,24.4,483.5660891,0,24.6,15.28283333,296.8510714,83.38564204,8.634603175,16.37345238,34.8,0,0
2025-06-02 18:30:00+00:00,480.1623377,0,24.4,483.775,0,24.52142857,15.80309524,299.5863654,23.67674084,6.879167182,15.73069805,34.73578852,0,0
2025-06-02 18:45:00+00:00,478.359433,0,24.4,482.5755959,0,24.39133333,16.42153704,302.781218,17.10034365,4.90580112,15.08593669,34.83340741,0,0
2025-06-02 19:00:00+00:00,477.5906844,0,24.39866667,481.6554377,0,24.29454545,16.773,305.7126515,17.31277291,3.167407407,14.80352137,35.10031746,0,0
2025-06-02 19:15:00+00:00,477.8048999,0,24.3,480.8905002,0,24.18147959,16.9,308.8389247,6.899266269,1.424081633,14.34514018,35.43576681,0,0
2025-06-02 19:30:00+00:00,477.6021188,0,24.25333333,480.9196999,0,24.1,16.9,311.9210028,3.747479069,-0.160763588,13.89402116,36.08733333,0,0
2025-06-02 19:45:00+00:00,477.5894383,0,24.19285714,480.3025085,0,24.00714286,16.9,314.9115672,1.477799029,-1.628553391,13.49986905,36.27696429,0,0
2025-06-02 20:00:00+00:00,476.3196385,0,24.1,481.2171199,0,23.925,16.89792593,318.1156412,0.321721248,-3.124900794,12.99046212,37.21256061,0,0
2025-06-02 20:15:00+00:00,476.8798815,0,24.07285714,481.1108183,0,23.88571429,16.73571429,321.2876801,0.036634199,-4.538089054,12.81591837,37.25,0,0
2025-06-02 20:30:00+00:00,476.6804678,0,23.97333333,480.7916423,0,23.8,16.51126984,324.449119,0,-5.780901876,12.64233772,37.52234127,0,0
2025-06-02 20:45:00+00:00,476.6935185,0,23.9,479.9359649,0,23.78518519,16.3,327.8666936,0,-7.059944444,12.62860741,37.66821429,0,0
2025-06-02 21:00:00+00:00,476.5074191,121.2860799,23.75446429,479.9456784,111.7432431,23.7,15.1077381,331.3076786,0,-8.169897959,12.41944898,37.43329365,0,0
2025-06-02 21:15:00+00:00,483.6788611,169.8055159,23.43809524,485.1561084,163.4312117,23.64,14.22666667,334.5134086,0,-9.113528139,12.46551804,37.6025,0,0
2025-06-02 21:30:00+00:00,488.5757667,167.4421511,23.23290816,490.9859876,166.8900081,23.47767857,14.36709184,337.811148,0,-9.95622449,12.74971514,37.66178571,0,0
2025-06-02 21:45:00+00:00,491.3897541,169.8454339,23.05333333,494.3127473,164.4930873,23.34,14.58444444,341.3183889,0,-10.74305556,12.95259259,37.19084175,0,0
2025-06-02 22:00:00+00:00,491.4518771,171.4707433,22.88746032,493.9069798,163.4277744,23.19888889,14.6,344.8931929,0,-11.38111111,12.89615568,37.26417989,0,0
2025-06-02 22:15:00+00:00,491.1151253,168.6950371,22.81428571,494.2534368,160.6623271,23.1,14.5625,348.3575577,0,-11.8992298,12.92916446,37.29684601,0,0
2025-06-02 22:30:00+00:00,491.5837283,171.1087446,22.71933333,494.8685841,161.112244,22.98592593,14.49133333,351.8395635,0,-12.24380423,12.84281061,37.33757576,0,0
2025-06-02 22:45:00+00:00,492.9055414,169.8589482,22.63571429,495.7711344,162.1191617,22.86964286,14.4,355.309153,0,-12.51352041,12.90428571,37.22142857,0,0
2025-06-02 23:00:00+00:00,492.5110534,168.1324309,22.5247619,496.0654321,163.72104,22.8,14.33166667,314.7819078,0,-12.6,12.78429792,37.1598022,0,0
2025-06-02 23:15:00+00:00,494.4803692,167.5543897,22.5,496.6923805,162.0432593,22.73511905,14.13846154,2.408329171,0,-12.6,12.37197279,37.60171495,0,0
2025-06-02 23:30:00+00:00,494.8859259,172.5731746,22.44,497.7123305,162.792044,22.66666667,13.89047619,5.906684575,0,-12.47266667,12.132,37.84143098,0,0
2025-06-02 23:45:00+00:00,496.2759532,170.9664358,22.37904762,498.5143561,167.2170924,22.6,13.67269841,9.599050505,0,-12.1533468,11.74912963,38.02652237,0,0
2025-06-03 00:00:00+00:00,496.5230975,173.561209,22.3,500.1381899,164.9650936,22.53231293,13.27785714,13.15502394,0,-11.74280878,11.31833056,38.74821429,0,0
2025-06-03 00:15:00+00:00,499.0674451,171.7853297,22.29333333,501.9951936,165.3690555,22.43333333,12.91266667,16.65271664,0,-11.18596121,10.88397403,39.09081086,0,0
2025-06-03 00:30:00+00:00,501.187602,174.0864913,22.15,502.5134085,171.733457,22.37261905,12.66623932,20.0187281,0,-10.55210034,10.68428571,39.3,0,0
2025-06-03 00:45:00+00:00,501.0576425,145.8752297,22.02666667,502.6550078,190.4004212,22.2555,12.49433333,23.2407963,0,-9.77411544,10.50491111,39.74906878,0,0
2025-06-03 01:00:00+00:00,500.1114103,64.50194043,21.99222222,501.9894854,226.6194234,22.13805556,12.17488889,26.97554497,0,-8.801375661,10.24295238,39.66136785,0,0
2025-06-03 01:15:00+00:00,499.3950914,123.8370023,22.0097619,502.7350129,97.71388987,22,11.99285714,30.2025,0,-7.8,10.07530612,40.15319264,0,0
2025-06-03 01:30:00+00:00,498.5871203,160.3951659,21.98422222,501.1642814,64.07576117,22,11.86,33.54921795,0,-6.646522792,9.97225,40.35721212,0,0
2025-06-03 01:45:00+00:00,497.5752464,184.1954948,22.03962585,499.743501,61.60916073,22,11.8,36.62061224,0,-5.479631519,10.048322,39.92874639,0,0
2025-06-03 02:00:00+00:00,496.0196571,115.0670555,22.03511111,498.5129477,65.42382029,21.99833333,11.77222222,39.94855411,0.202306438,-4.119444444,10.8118254,39.40787037,6.421960985,6.449333333
2025-06-03 02:15:00+00:00,495.4662745,105.5974359,22.00267857,497.6338462,61.23857143,21.94833333,11.53892857,43.18251852,0.989654945,-2.679555556,10.35602407,39.30680952,8.12372381,8.765260806
2025-06-03 02:30:00+00:00,498.8883849,167.0766549,21.85821429,505.5835691,63.86245296,21.90428571,11.33142857,46.30181319,2.981747733,-1.164761905,9.652514914,40.64742063,8.782674412,10.3784423
2025-06-03 02:45:00+00:00,509.0034314,136.5691087,22.00928571,516.2803259,61.17655039,21.87904762,11.01888889,49.38000956,8.690039616,0.367723647,9.206095238,40.92925397,9.156294284,12.33440138
2025-06-03 03:00:00+00:00,514.4851893,42.39285714,22.07301587,517.4974747,18.11715897,21.91714286,10.84285714,52.42257937,20.63522329,1.990442177,8.971428571,41.2119666,7.869593198,13.60605129
2025-06-03 03:15:00+00:00,513.029418,63.88514042,22.18355556,513.5392142,60.52716395,21.9,18.22222222,55.37432194,39.07316275,3.633689459,9.000606061,41.09631313,5.376244584,15.31532764
2025-06-03 03:30:00+00:00,512.5738254,65.17267316,22.25362812,513.9200216,64.45067213,21.9,19.61209184,58.44834184,62.25085739,5.524617347,9.175637755,40.73769841,1.557351732,17.12128571
2025-06-03 03:45:00+00:00,510.6348148,64.79148555,22.3,510.5715719,64.32389898,21.97027609,18.02619048,61.24357576,86.31928845,7.267530303,9.421272727,40.22277778,0,17.96725879
2025-06-03 04:00:00+00:00,508.9702911,64.55503932,22.38061224,509.0749806,64.75029677,22,18.87857143,64.21422292,112.7331936,9.198639456,9.695318749,40.5515989,0,17.96
2025-06-03 04:15:00+00:00,506.8640852,63.64380952,22.4,507.2339683,64.2768866,22,18.63333333,67.228,139.1869219,11.18487607,9.976,40.55242569,0,17.96
2025-06-03 04:30:00+00:00,504.4974663,65.23108706,22.4,504.9297727,65.21417693,21.9612037,18.62,70.29143569,173.5801393,13.3079477,10.52907672,39.53569342,0,18.16648485
2025-06-03 04:45:00+00:00,506.8601852,64.96969697,22.48347222,505.5123988,65.40800526,21.93,18.87777778,73.40954823,197.1657979,15.48619048,10.89233405,38.95668498,0,19.36485935
2025-06-03 05:00:00+00:00,509.5922572,64.12466732,22.56,511.5504738,64.57315775,22.02,18.7297619,75.8387037,223.3219598,17.19130556,11.24926786,38.71526598,0,19.58848745
2025-06-03 05:15:00+00:00,514.2493536,64.87275274,22.57857143,518.1459561,64.69381334,22.12142857,18.52142857,78.98459751,260.0800391,19.42909297,11.66818821,38.48305916,0.007690422,17.72445664
2025-06-03 05:30:00+00:00,521.4540008,65.26887057,22.63584127,532.8720379,65.33812719,22.26266667,18.6,81.93825397,290.247371,21.53940476,11.65746032,38.85969048,0,13.87830239
2025-06-03 05:45:00+00:00,529.4801793,64.38701754,22.76166667,561.216589,65.21979598,22.30477778,18.6,84.88809524,321.7824326,23.67829365,11.6358664,38.39401227,0,9.128812568
2025-06-03 06:00:00+00:00,542.4719428,64.4144427,22.8202381,601.1802582,63.83845148,22.5797619,18.16153846,88.03309524,359.1295434,25.87369048,12.11486678,37.96452922,0,1.185616183
2025-06-03 06:15:00+00:00,579.1524458,63.80570348,22.76654457,626.9334381,63.62515263,22.57057692,18.08782051,90.92701798,409.8816407,27.90197802,12.54311081,37.321443,0.099059829,0.006377881
2025-06-03 06:30:00+00:00,616.6475275,63.2767094,22.95164835,676.7250611,63.63705739,22.83626374,18.07833333,94.28363858,260.3635128,30.17002442,12.51117216,37.35345543,0,0
2025-06-03 06:45:00+00:00,652.5620115,64.01941392,23.08959707,683.8149486,64.53799712,22.93736264,17.65769231,97.37006882,373.3473626,32.21854396,12.63411602,37.47951087,0,0
2025-06-03 07:00:00+00:00,667.5500309,63.64889468,23.14297619,697.4508087,63.21283994,23.06065476,17.63714286,100.6302333,526.552738,34.29054335,12.85089473,37.24149357,0,0
2025-06-03 07:15:00+00:00,672.7836209,63.93333333,23.33333333,707.3724856,65.05519363,23.25533333,17.22,104.094577,599.7705179,36.45811111,13.27590525,36.55605362,0,0
2025-06-03 07:30:00+00:00,706.7982009,64.99419236,23.56428571,711.7048719,65.89266066,23.29464286,17.2,107.5113318,558.4103326,38.46104657,13.7668631,36.16557353,0,0
2025-06-03 07:45:00+00:00,748.2915165,64.71777944,23.62851852,716.2922457,65.97166329,23.36366667,17.18,111.3089815,391.9314018,40.58726852,13.45439815,36.24166402,0,0
2025-06-03 08:00:00+00:00,786.894822,69.11930736,23.77985348,760.3596476,65.88753854,23.50277778,17.09102564,115.397963,477.8262662,42.67481481,13.72369048,35.98195767,0,0
2025-06-03 08:15:00+00:00,762.4350718,60.54609569,23.92897959,746.3926508,64.78662848,23.45,17.04357143,119.2865085,265.6798208,44.54044374,13.4499279,36.2960009,0,0
2025-06-03 08:30:00+00:00,760.096367,60.22673401,23.91777778,758.6107679,65.22974026,23.59502646,17.06,123.5586328,732.7680523,46.40725637,13.86477778,36.17391026,0,0
2025-06-03 08:45:00+00:00,734.214439,61.92394352,24.0125,757.0641757,67.09621585,23.71717172,17.2,127.7777211,701.3977343,48.09166667,14.83503401,35.26454582,0.000989011,0
2025-06-03 09:00:00+00:00,763.9880772,65.21892559,23.93333333,805.2204422,108.311468,23.8,17.23555556,132.4935633,724.9572955,49.79746439,15.38298576,34.883,0.00195,0
2025-06-03 09:15:00+00:00,780.0237374,67.35511839,24.18285714,776.1496795,82.08506494,23.7,17.05,137.5180754,728.0276345,51.38106576,15.22025046,34.86109099,0,0
2025-06-03 09:30:00+00:00,784.4534341,86.13133466,24.05298413,714.1607388,65.89678516,23.62280952,17.04766667,142.5626394,635.6612517,52.73569088,16.00960317,35.00511355,0,0
2025-06-03 09:45:00+00:00,745.0634633,98.85876853,24.22133333,704.5674468,66.20681512,23.57739418,17.018,147.7595583,803.0116491,53.97493357,17.25130952,35.14602902,0,0
2025-06-03 10:00:00+00:00,710.2026439,115.7053506,24.11744898,675.5136228,65.49091594,23.64179035,16.85714286,153.0403175,744.9713095,54.98619048,17.32539683,34.98033013,0,0
2025-06-03 10:15:00+00:00,666.2919369,133.7936111,24.13666667,663.0005898,68.49029457,23.85469577,17.13634921,159.3467937,750.8376399,55.95308099,17.98112373,35.28836182,0,0
2025-06-03 10:30:00+00:00,681.5944065,143.3157524,24.25376984,685.5431338,66.69053226,23.84844156,17.26607143,164.3141865,758.001324,56.49671202,18.37339569,34.99726583,0,0
2025-06-03 10:45:00+00:00,699.2687486,169.02796,24.275,710.4251369,65.98859226,23.93333333,17.11880952,171.0003333,764.5021539,57.03922222,18.68686071,34.8089798,0,0
2025-06-03 11:00:00+00:00,697.546551,190.6407021,24.24355844,693.0604262,67.36393993,24.07178325,17.34,178.3790923,768.9669309,57.3,18.50700899,35.04693301,0,0
2025-06-03 11:15:00+00:00,682.5109357,208.9645604,24.17738095,703.308825,71.7053583,23.97959184,17.65714286,184.4942063,773.7633181,57.27777778,18.51849206,35.16304113,0,0
2025-06-03 11:30:00+00:00,670.6291179,215.3037338,24.10952381,704.8291076,64.4315627,23.91333333,17.29777778,190.5118681,775.2819826,57.00564103,17.96418132,35.09113757,0,0
2025-06-03 11:45:00+00:00,660.0693981,219.8837295,24.19935065,673.4816893,66.87309268,24.05564059,17.62964286,196.3547887,782.3666018,56.54543651,19.03098296,35.20217994,0,0
2025-06-03 12:00:00+00:00,678.3930343,241.1243811,24.16833333,713.695572,71.25814045,24.16981818,17.65837037,202.6932253,671.1494262,55.79196261,18.81271746,34.76511572,0,0
2025-06-03 12:15:00+00:00,680.4270871,252.0159382,24.18541589,736.5762001,84.54701974,24.28604042,17.4457483,207.8708485,480.4776598,54.98309703,17.70644004,35.02532274,0,0
2025-06-03 12:30:00+00:00,680.6960393,262.4031457,24.04019048,726.695915,102.8117196,24.23333333,17.58244444,214.1800238,672.7364681,53.70864286,18.45355237,34.71468302,0,0
2025-06-03 12:45:00+00:00,673.6797046,266.4309163,24.02857143,705.7471962,124.5254745,24.19142857,17.55,219.6308071,739.3200081,52.3692602,18.7808331,35.20327381,0,0
2025-06-03 13:00:00+00:00,647.9488294,265.3994998,24.00966667,662.6496097,142.6742176,24.2,17.4,224.5374298,694.5396366,50.96854457,19.05788675,35.13726936,0,0
2025-06-03 13:15:00+00:00,642.9475622,267.0195892,23.95666667,630.1383121,162.5139555,24.20222222,15.66380952,229.391045,659.89222,49.36286676,18.7387,35.35000416,0,0
2025-06-03 13:30:00+00:00,632.6336054,267.6363119,24.07698413,620.2590279,174.4712173,24.2,16.07128685,233.764488,515.7007721,47.74500222,18.4389025,35.23034188,0,0
2025-06-03 13:45:00+00:00,628.4268822,268.134128,23.92888889,611.2197762,179.5445532,24.04933333,16.22444444,238.114987,477.2808475,45.94106878,17.85880952,34.7157672,0,0
2025-06-03 14:00:00+00:00,606.4304374,85.96199426,23.90555556,597.2878562,75.61938646,24.13071429,16.42013889,242.2579252,520.9582402,44.07854592,18.01695027,35.16713287,0,0
2025-06-03 14:15:00+00:00,619.1898946,63.4684127,24.17678571,598.152165,63.33009466,24.25333333,17.76821429,246.1950998,520.5478501,42.13143723,19.12976862,35.33079365,0,0
2025-06-03 14:30:00+00:00,618.0656916,63.00721811,24.24931973,594.0088032,63.23462134,24.34285714,16.84517007,249.4941497,478.2934923,40.42339089,19.70781179,34.91964286,0,0
2025-06-03 14:45:00+00:00,602.2077289,62.32777778,24.3,587.4431529,62.91892038,24.37333333,16.84539683,253.7759127,358.2939469,38.03733333,18.96933333,35.17916667,0,0
2025-06-03 15:00:00+00:00,590.3697279,62.37202381,24.32142857,578.8681755,63.47479941,24.4,17.37857143,257.1452041,376.7943764,35.97653061,19.27052688,34.9920068,0,0
2025-06-03 15:15:00+00:00,577.0062955,61.85402264,24.4,573.829122,63.0380106,24.44666667,17.75166667,260.3664815,350.561476,33.99277778,19.10525505,35.08828205,0,0
2025-06-03 15:30:00+00:00,561.1021954,61.89557823,24.4,563.9221537,62.68042952,24.5,17.5,263.9064626,334.6072681,31.70442177,19.31428571,34.84,0,0
2025-06-03 15:45:00+00:00,549.8786807,61.37354497,24.4,554.2510448,62.24521368,24.60444444,17.34888889,267.0708889,360.7651575,29.568,20.0244,35.24974074,0,0
2025-06-03 16:00:00+00:00,563.6215344,62.86,24.42142857,547.9465976,62.51271643,24.7,17.17857143,270.1909744,336.0998721,27.40594139,20.10786081,35.16011905,0,0
2025-06-03 16:15:00+00:00,554.7931818,60.3984127,24.5,549.364011,62.26240304,24.60769231,16.95897436,273.2555924,246.2229225,25.26644558,20.04357143,34.93537938,0,0
2025-06-03 16:30:00+00:00,533.5025696,5.241666667,24.5,543.4288353,8.611111111,24.58577778,16.8,276.1943704,180.7620475,23.20725926,19.428,35.01008466,0,0
2025-06-03 16:45:00+00:00,532.8614646,0,24.5,537.9389552,0,24.55714286,16.91666667,279.2362642,178.8331868,20.9920068,18.94595238,34.69047619,0,0
2025-06-03 17:00:00+00:00,529.4341311,0,24.5,534.3444532,0,24.46666667,17.31333333,282.0993276,152.205437,18.97772006,18.67805556,35.03931457,0,0
2025-06-03 17:15:00+00:00,527.0776268,0,24.47111111,532.4746032,0,24.47666667,17.89166667,285.2092778,117.1452438,16.75983333,16.9903545,35.24311111,0,0
2025-06-03 17:30:00+00:00,525.6212285,0,24.44393939,531.038631,0,24.35454545,17.6875,288.0539683,86.68065947,14.75556973,16.35691327,35.09571429,0,0
2025-06-03 17:45:00+00:00,523.9295279,0,24.4,528.6101125,0,24.34,17.60714286,290.9622222,62.57114851,12.74638889,16.14671481,35.22632194,0,0
2025-06-03 18:00:00+00:00,523.0062629,0,24.4,526.5288599,0,24.2468254,18.28401361,293.8649134,45.4215543,10.77084225,15.39144365,35.3,0,0
2025-06-03 18:15:00+00:00,521.012493,0,24.34666667,524.7402294,0,24.16666667,18.40888889,296.8308832,32.82497593,8.793476801,14.6906254,35.38128968,0,0
2025-06-03 18:30:00+00:00,520.0251418,0,24.26190476,523.7066365,0,24.1,18.37214286,299.7927509,22.73102896,6.880713334,14.27305901,35.53030586,0,0
2025-06-03 18:45:00+00:00,520.0075804,0,24.2,523.0851371,0,24.0298836,18.35665079,302.7199444,15.43652244,5.10676455,14.11778114,35.88812987,0,0
2025-06-03 19:00:00+00:00,518.0007003,0,24.12142857,521.1462834,0,23.92142857,18.0255102,305.6800649,9.352089172,3.335647547,14.05630231,36.1,0,0
2025-06-03 19:15:00+00:00,517.8120932,0,24.09101852,521.4716792,0,23.89333333,18.35022222,308.7441859,4.845301822,1.576862674,13.8536464,36.20382906,0,0
2025-06-03 19:30:00+00:00,517.1561018,0,24,519.8443095,0,23.8,17.96428571,311.8403175,1.958519772,-0.006439909,13.74061224,36.4,0,0
2025-06-03 19:45:00+00:00,515.9438296,0,23.92666667,518.9449338,0,23.8,17.82,314.8500002,0.736918597,-1.457296777,13.68849339,36.608,0,0
2025-06-03 20:00:00+00:00,514.6799206,0,23.9,518.2662323,0,23.7,17.9,318.2136171,0.189781269,-3.037858586,13.73695758,36.53934343,0,0
2025-06-03 20:15:00+00:00,513.8984793,0,23.81428571,518.0311612,0,23.64285714,17.9,321.4538974,0.003401361,-4.454761905,13.74514881,36.13125,0,0
2025-06-03 20:30:00+00:00,513.5746459,0,23.8,516.9764047,0,23.6,17.9,324.6537169,0,-5.749259259,13.74808519,36.14825397,0,0
2025-06-03 20:45:00+00:00,513.6747253,0,23.79676871,516.3396259,0,23.6,17.9375,327.6751255,0,-6.85359129,13.79285714,36.1,0,0
2025-06-03 21:00:00+00:00,511.3358018,104.216044,23.56777778,514.9618896,95.89624212,23.52,16.73333333,331.256119,0,-8.043862434,13.80037037,36.16592593,0,0
2025-06-03 21:15:00+00:00,503.0131313,167.5935528,23.25428571,508.7251335,162.0902363,23.49183673,15.14285714,334.3919643,0,-8.966428571,13.86006494,36.15446429,0,0
2025-06-03 21:30:00+00:00,498.1736996,64.99349978,23.32533333,501.8287111,63.36163164,23.37333333,15.18,337.7810053,0,-9.838624339,13.97115873,36.11333333,0,0
2025-06-03 21:45:00+00:00,496.5311688,0,23.4,499.8550595,0,23.3,15.64357143,341.3757733,0,-10.64784257,14.03134921,36.1,0,0
2025-06-03 22:00:00+00:00,495.7958333,0.255555556,23.4,498.6970337,0,23.3,15.92,344.7911508,0,-11.26688095,13.99959788,36.12911111,0,0
2025-06-03 22:15:00+00:00,494.4740107,0,23.4,497.7195448,0,23.20666667,15.872,348.4556197,0,-11.79083333,14.07205556,36.13333333,0,0
2025-06-03 22:30:00+00:00,494.4009403,0,23.4,497.54004,0,23.2,15.96428571,351.8311111,0,-12.14747166,14.03571429,36.09920635,0,0
2025-06-03 22:45:00+00:00,492.480164,22.42592593,23.34666667,496.6669447,22.32442068,23.17333333,15.92,355.2846519,0,-12.39333333,13.99077381,36.08490404,0,0
2025-06-03 23:00:00+00:00,490.8137755,139.6842229,23.1,494.2259252,134.0071412,23.1,15.34460317,303.8691558,0,-12.5,13.84220238,36.05714286,0,0
2025-06-03 23:15:00+00:00,489.3742698,10.93333333,23.19333333,492.3722582,10.36190476,23.09333333,15.36688889,2.373753968,0,-12.47333333,13.81812866,36.0075,0,0
2025-06-03 23:30:00+00:00,487.9006287,117.5374242,22.98,490.4209036,111.2117722,23.01861111,15.31866667,6.120171958,0,-12.32,13.76695476,36.1,0,0
2025-06-03 23:45:00+00:00,485.8931373,0,23.08928571,489.1973954,0,23,15.40714286,9.616790353,0,-12.04464286,13.90313492,36.1,0,0
2025-06-04 00:00:00+00:00,484.5003055,0,23.1,487.9762963,0,22.96,15.64074074,12.97494974,0,-11.65934921,13.97687157,36.04,0,0
2025-06-04 00:15:00+00:00,484.4321789,0,23.1,487.5436508,0,22.9,15.78154762,16.55790249,0,-11.08111111,14.03034601,36.07244898,0,0
2025-06-04 00:30:00+00:00,484.9513972,0,23.1,486.7129877,0,22.9,15.89714286,19.92477513,0,-10.44371429,13.97136508,35.96768519,0,0
2025-06-04 00:45:00+00:00,483.4924301,0,23.1,485.6631589,0,22.9,15.86904762,23.20481859,0,-9.662443311,14.02528345,36.02303571,0,0
2025-06-04 01:00:00+00:00,482.8259546,0,23.1,485.9949205,0,22.89833333,15.8,26.60506061,0,-8.792848485,14.42755556,35.79322677,0,0
2025-06-04 01:15:00+00:00,481.6526367,0,23.1,484.9647289,0,22.80892857,15.8,29.9435034,0,-7.778163265,15.00497288,34.85779221,0,0
2025-06-04 01:30:00+00:00,481.2287037,0,23.03333333,483.5550975,0,22.8,15.8,33.42846561,0,-6.583333333,15.32111111,35.06,0,0
2025-06-04 01:45:00+00:00,480.2338624,0,23,482.387231,0,22.8,15.8,36.73289683,0,-5.33052381,15.21307143,35.3,0,0
2025-06-04 02:00:00+00:00,479.7214286,0,23,481.8714286,0,22.8,15.87451299,39.871414,0,-4.006489899,15.18311905,35.28511905,1.034065934,1.630171429
2025-06-04 02:15:00+00:00,479.2022052,0,23.01333333,481.532927,0,22.78666667,15.9,43.04951058,0,-2.587222222,15.22075556,35.13799134,0,0.053333333
2025-06-04 02:30:00+00:00,481.9738095,0,23.01428571,482.4580039,0,22.76428571,15.98571429,46.03571429,0.058453202,-1.164285714,15.24285714,34.94285714,0,0
2025-06-04 02:45:00+00:00,490.3568499,0,23.04111111,498.6025489,0,22.8,16.04666667,49.38263757,0.644845118,0.487603175,15.13571429,35.10010582,0,0
2025-06-04 03:00:00+00:00,508.5255166,35.76741562,23.1,509.557795,28.95989011,22.8,16.11309524,52.32061224,3.624045625,2.081751701,15.28227211,35.23336735,0,0
2025-06-04 03:15:00+00:00,505.4704666,58.47373497,23.1,505.092652,58.21103668,22.8,17.39316667,55.31062963,6.160427687,3.77187037,16.31940741,35.30583333,0,0
2025-06-04 03:30:00+00:00,502.2135652,57.44786602,23.1,504.0605668,58.11346318,22.8,16.88212963,58.32340043,7.84718698,5.566564935,16.42316142,35.39925926,0,0
2025-06-04 03:45:00+00:00,506.4900433,57.19483471,23.1,501.4545455,57.21239669,22.78181818,17.142,61.37590516,17.27161643,7.471900826,15.70217532,35.11666667,0,0
2025-06-04 04:00:00+00:00,514.194027,57.52631579,23.1,499.9105258,57.04767677,22.79916667,16.84166667,64.25025132,20.60021156,9.329193122,15.49442143,35.02412698,0,0
2025-06-04 04:15:00+00:00,513.5275974,61.12542517,23.1,500.5600398,57.51813725,22.8,16.81666667,67.09660972,38.58312462,11.24950397,15.44906463,34.80468864,0,0
2025-06-04 04:30:00+00:00,512.8178598,64.28849772,23.1,500.9795221,57.26031323,22.76392857,17.16266667,70.06829798,47.88192139,13.26441534,15.80622771,35.21412795,0,0
2025-06-04 04:45:00+00:00,514.1759037,64.20709309,23.175,502.4082622,57.9349494,22.7,17.05952381,72.91348639,61.58220712,15.24716837,16.09088984,35.00765306,0,0
2025-06-04 05:00:00+00:00,511.0299044,63.83148148,23.16666667,503.3336405,57.81761573,22.7605,17.04507937,75.73274074,68.65789302,17.26103704,16.22859259,34.77034965,0,0
2025-06-04 05:15:00+00:00,511.9455655,65.5502886,23.2,508.7787302,58.07538079,22.75888889,17.24666667,78.93866667,82.91560649,19.53809524,16.22773333,34.69997619,0,0.005377778
2025-06-04 05:30:00+00:00,515.1057453,64.86168948,23.28571429,522.1412814,56.85380149,22.85649351,17.13826531,81.85002551,99.8496679,21.63979592,16.59959184,34.80969388,0,0
2025-06-04 05:45:00+00:00,520.7695682,63.54847953,23.27333333,528.5418327,57.14357614,22.91315584,17.16045918,84.79705607,111.2743935,23.72453945,17.00221535,34.77489899,0,0
2025-06-04 06:00:00+00:00,528.2896203,63.81710492,23.27880952,547.698579,57.00443934,22.94859694,17.29035714,87.77398352,145.6461029,25.82291994,16.89308096,34.99731347,0,0
2025-06-04 06:15:00+00:00,537.1063131,63.8304009,23.37384127,559.639077,57.53231497,22.98304762,17.3,90.9140464,171.2431133,28.0364184,17.11763675,35.20397212,0,0.000761905
2025-06-04 06:30:00+00:00,573.1676755,64.16093555,23.43142857,588.2848578,57.55934778,23.10612245,17.15,94.07748343,110.5519242,30.20489025,17.3012355,35.16996468,0,0
2025-06-04 06:45:00+00:00,614.3393651,63.96759259,23.51333333,626.795895,57.63407407,23.35,16.91333333,97.4175,162.1858747,32.40027778,17.26925,35.06611111,0,0
2025-06-04 07:00:00+00:00,657.3471307,64.12451051,23.60840033,653.7728327,57.31764388,23.54047619,17.02224026,100.5794558,341.699727,34.43477891,17.58553146,35.23248138,0,0
2025-06-04 07:15:00+00:00,668.4172922,64.50121795,23.68860317,682.3057051,57.24129699,23.714,17.25146032,103.8388441,343.8651373,36.47072456,18.58300457,35.33055556,0,0
2025-06-04 07:30:00+00:00,709.1704762,64.61236874,23.86666667,723.6426858,58.00454212,23.74681481,17.27174603,107.7099675,321.918713,38.69674603,19.27241636,35.02073158,0,0
2025-06-04 07:45:00+00:00,699.5951549,64.11913919,23.90535714,729.4370046,58.26161274,23.84183673,17.33846154,111.4318029,212.6129323,40.76456658,19.07006223,34.9574504,0,0
2025-06-04 08:00:00+00:00,663.4184687,64.87305556,23.98060399,699.2455162,57.96812715,23.8,17.2,115.0845238,125.3335989,42.66204229,18.79228571,34.98156902,0,0
2025-06-04 08:15:00+00:00,654.8464202,64.43845599,23.9377551,678.2522697,57.655297,23.83857143,16.99285714,119.2871967,258.2923621,44.68188415,18.62559694,35.33680556,0,0
2025-06-04 08:30:00+00:00,652.8038905,64.57390831,23.968,660.9713821,58.30135502,23.88166667,16.94533333,123.0481296,478.2004395,46.34607744,19.03583528,35.03845381,0,0
2025-06-04 08:45:00+00:00,649.7190372,64.9400203,24.02307692,650.7376092,63.43237743,23.9,17.14615385,127.5815051,420.7122923,48.18414443,19.45031463,34.90306122,0,0
2025-06-04 09:00:00+00:00,652.9236833,70.06180565,24.03357672,641.4360407,64.11884208,23.98814815,17.39348148,132.2781229,422.2254564,49.85606734,19.8251152,34.84164502,0,0
2025-06-04 09:15:00+00:00,655.4012981,76.63758067,24.18392857,647.3275579,64.68345676,23.94793651,17.21428571,137.3487247,289.6567015,51.45057359,19.72155612,34.57931973,0,0
2025-06-04 09:30:00+00:00,653.4088284,87.31565657,24.17685185,627.3696839,65.14546433,23.87809524,17.16314815,142.3990741,288.0004155,52.83316667,19.41559259,35.02523531,0,0
2025-06-04 09:45:00+00:00,658.5790775,104.6096866,24.16482143,609.1443672,65.10046288,23.92666667,17.15897436,148.0692593,389.2964895,54.16496296,19.95859788,34.82456044,0,0
2025-06-04 10:00:00+00:00,650.7763599,127.5969245,24.24807692,617.7378288,63.98327962,23.87380952,17.1025,153.5694511,331.8809382,55.19562719,19.71746995,35.2272619,0,0
2025-06-04 10:15:00+00:00,624.5858997,140.5429798,24.10606061,611.1461298,64.06583419,23.95066667,16.96777778,159.5560334,330.9677976,56.09444444,19.59968898,34.95194444,0,0
2025-06-04 10:30:00+00:00,611.8275637,153.9375283,24.10578231,611.5383598,63.97861213,23.97142857,17.00793651,165.5273413,453.6959844,56.74853638,19.82658552,34.99928571,0,0
2025-06-04 10:45:00+00:00,617.9699013,158.4771637,24.15,610.086498,63.65473604,23.98,17.20666667,171.4354895,719.7518688,57.17414336,20.18032104,34.84073543,0,0
2025-06-04 11:00:00+00:00,634.8323521,171.6766324,24.08134921,623.977174,63.72309046,24.08222222,17.32857143,178.1207407,552.8175416,57.39904762,20.72622143,35.0112025,0,0
2025-06-04 11:15:00+00:00,628.9753614,187.1740363,24.17773243,639.1586716,76.03403998,24.17678571,17.37142857,184.5331138,630.4113472,57.36785714,20.83797922,34.81446886,0,0
2025-06-04 11:30:00+00:00,606.2603511,199.5289368,24.15428571,635.3409835,93.37616162,24.18133333,17.36938776,190.8548736,613.2026024,57.08094444,20.74413228,35.17361833,0,0
2025-06-04 11:45:00+00:00,590.8355584,211.4213599,24.16816327,632.9631197,112.3549784,24.2287013,17.29089286,196.9026474,630.8144473,56.5955102,20.91289116,35.10683673,0,0
2025-06-04 12:00:00+00:00,577.5966494,230.5714381,24.19809524,622.8249042,129.3335649,24.17085714,17.11333333,202.6992381,804.4659977,55.90952381,20.90247619,34.91359788,0,0
2025-06-04 12:15:00+00:00,560.9994369,250.0330469,24.2,600.664751,144.4034229,24.12071429,17.22222222,208.1577119,778.943121,55.01683519,21.52481893,34.79770259,0,0
2025-06-04 12:30:00+00:00,549.9170635,262.7847806,24.08849206,592.6862027,157.2591631,24.16666667,17.14545455,214.2200266,765.3040998,53.80690738,21.72987441,34.63846154,0,0
2025-06-04 12:45:00+00:00,547.7602555,269.8866865,24.06922222,580.1891805,172.2276999,24.12666667,16.98,219.7529312,782.0416331,52.46732275,21.39508571,35.15410101,0,0
2025-06-04 13:00:00+00:00,533.2315127,273.1132878,24.00714286,562.5796795,182.8635089,24.06186224,17.13214286,224.6168367,691.3231063,51.05598901,22.38203571,35.09040293,0,0
2025-06-04 13:15:00+00:00,530.8241453,270.4554409,23.96,541.8647665,189.6658435,24.20666667,17.10309524,229.245803,723.4832561,49.53399832,22.38684091,34.5970101,0,0
2025-06-04 13:30:00+00:00,527.9254028,267.437929,23.91178571,533.0664336,216.1431319,24.3,16.95041667,234.046369,530.8151077,47.74976139,21.53824481,34.76345321,0,0
2025-06-04 13:45:00+00:00,529.5946337,256.9408453,23.7793424,536.8801425,237.9487478,24.23333333,16.49102041,238.3287507,336.3853054,45.99271083,20.88896296,34.64832977,0,0
2025-06-04 14:00:00+00:00,540.6542368,97.83925995,23.84083333,536.1753009,99.99224068,24.09379819,15.01428571,242.2554816,267.1471302,44.22041126,20.57149351,34.84242063,0,0
2025-06-04 14:15:00+00:00,540.7123097,60.08552597,24.20933333,554.7764422,61.47718334,24.24338889,15.01122222,246.3898844,570.9781754,42.19059019,21.02120346,34.76575036,0,0
2025-06-04 14:30:00+00:00,535.0018592,59.43044218,24.3,552.6081642,61.15473873,24.34087302,17.71941392,250.0048268,294.2714555,40.26075835,21.35820055,34.81642857,0,0
2025-06-04 14:45:00+00:00,527.9989652,59.93375775,24.3,535.622387,60.87094261,24.30444444,16.84666667,253.6764392,155.8401501,38.21208201,21.21355352,34.92666667,0,0
2025-06-04 15:00:00+00:00,526.4410598,16.84948646,24.3,527.5060604,16.69659524,24.20555556,17.5,257.3279815,131.5485488,36.0312963,21.08359259,35.00333333,0,0
2025-06-04 15:15:00+00:00,529.8042432,0,24.3,525.2443691,0,24.2,17.5,260.4435714,53.70720665,34.08420068,20.3902381,35.11394201,0,0
2025-06-04 15:30:00+00:00,534.3319465,0,24.35333333,525.2566667,0,24.2,17.5,264.008064,109.1227918,31.77077201,19.97724868,35.1151443,0,0
2025-06-04 15:45:00+00:00,538.102381,0,24.4,527.5589286,0,24.2,17.58571429,267.0897194,104.8076628,29.68369898,19.95743622,35.24486763,0,0
2025-06-04 16:00:00+00:00,543.717691,0,24.4,529.4860177,0,24.2,17.82884615,270.1988215,68.24842042,27.53611111,19.90515238,35.31333333,0,0
2025-06-04 16:15:00+00:00,548.7296944,0,24.4,532.0356884,0,24.2,18.33530612,273.0519785,37.23647452,25.55475624,19.43945578,35.12238095,0,0
2025-06-04 16:30:00+00:00,554.9358896,0,24.4,534.713752,0,24.2,18.84666667,276.2566234,25.66230802,23.29102481,17.49578602,34.87727778,0,0
2025-06-04 16:45:00+00:00,555.774411,0,24.4,539.1053852,0,24.13888889,19.29037037,279.2268651,55.97115006,21.15547619,16.81425604,34.72571429,0,0
2025-06-04 17:00:00+00:00,560.0881387,0,24.4,539.8225752,0,24.1,19.58979592,282.1580088,55.72812794,19.06280677,16.73034716,34.82142857,0,0
2025-06-04 17:15:00+00:00,569.2596058,0,24.32666667,541.6090486,0,24.1,19.63846154,285.197037,44.20285266,16.89305556,16.35666667,34.93352381,0,0
2025-06-04 17:30:00+00:00,563.4569072,0,24.3,544.7578947,0,24.09535714,19.61928571,288.0207228,5.569694814,14.90202922,15.72343878,34.73367347,0,0
2025-06-04 17:45:00+00:00,556.1837012,0,24.3,547.2452516,0,24.00363636,18.98087302,291.037966,15.50987716,12.81140332,14.94219426,34.97516082,0,0
2025-06-04 18:00:00+00:00,555.766133,0,24.28533333,549.9940672,0,23.98533333,18.43333333,293.8363636,10.59546164,10.93272727,14.44545455,35.71796245,0,0
2025-06-04 18:15:00+00:00,553.5937466,0,24.18333333,548.8912249,0,23.9,17.98145563,296.8861296,29.83183869,8.918400052,14.23439691,36.02589831,0,0
2025-06-04 18:30:00+00:00,553.2438251,0,24.1,549.6528781,0,23.84,17.72377622,299.664857,33.32967704,7.1187607,14.1580374,35.68383442,0,0
2025-06-04 18:45:00+00:00,551.3591553,0,24.1,550.0699024,0,23.8,17.42606421,302.7154365,23.50463506,5.220420844,14.1334127,35.75518797,0,0
2025-06-04 19:00:00+00:00,548.0327878,0,24.012,549.7836081,0,23.8,17.13333333,305.7928187,14.38122708,3.409648148,13.86324495,36.05333333,0,0
2025-06-04 19:15:00+00:00,547.8625201,0,24,549.4805195,0,23.73673469,16.93571429,308.7472665,7.60031093,1.756305599,13.68059949,35.99212662,0,0
2025-06-04 19:30:00+00:00,547.6449735,0,23.9,549.0319753,0,23.7,16.80666667,311.7781978,2.117454532,0.162809524,13.5127453,36.63809524,0,0
2025-06-04 19:45:00+00:00,546.4814935,0,23.88181818,549.1816517,0,23.64318182,16.57454545,315.0261364,0.516883117,-1.427272727,13.59344697,36.69747475,0,0
2025-06-04 20:00:00+00:00,546.1047619,0,23.8,548.1285218,0,23.6,16.43,318.0540476,0.23625,-2.853214286,13.74,36.59545455,0,0
2025-06-04 20:15:00+00:00,545.9375132,0,23.8,546.626044,0,23.6,16.3,321.2586667,0.042558357,-4.240357143,13.73253968,36.6725,0,0
2025-06-04 20:30:00+00:00,543.069348,0,23.75904762,546.8178461,0,23.5,16.21111111,324.5380231,0,-5.582284512,13.56988519,36.7,0,0
2025-06-04 20:45:00+00:00,541.8666667,0,23.7,545.572619,0,23.5,16.09795918,327.8687075,0,-6.792857143,13.52891156,36.64178571,0,0
2025-06-04 21:00:00+00:00,537.9111532,115.7002831,23.53066667,542.7148951,109.4001904,23.41888889,15.30160714,331.1771429,0,-7.896880342,13.18805556,36.8360755,0,0
2025-06-04 21:15:00+00:00,523.6412698,169.1735893,23.29642857,528.6519914,161.325469,23.33035714,14.18238095,334.4508532,0,-8.856349206,13.28007937,36.93729901,0,0
2025-06-04 21:30:00+00:00,511.9941458,167.4871485,23.14568783,520.1622198,163.8030139,23.22381746,14.00592593,337.7369036,0,-9.707925926,12.99560455,36.82172549,0,0
2025-06-04 21:45:00+00:00,498.4041016,169.0533229,22.96923077,513.0369048,164.9410431,23.06923077,13.9,341.233529,0,-10.45,12.34807692,37.66685315,0,0
2025-06-04 22:00:00+00:00,494.3818222,168.1413673,22.84961773,502.3743605,164.2298166,22.95333333,13.87777778,344.1650907,0,-11.01619691,12.19173943,38.01216649,0,0
2025-06-04 22:15:00+00:00,490.6916556,166.3515013,22.74285714,492.1765544,157.7954907,22.84285714,13.88571429,348.2532993,0,-11.64445578,11.93461538,38.15816327,0,0
2025-06-04 22:30:00+00:00,489.6848739,168.0971939,22.62142857,490.1854708,161.6445346,22.77142857,13.59761905,351.8526786,0,-12.0502551,11.67212302,38.26577381,0,0
2025-06-04 22:45:00+00:00,489.0463325,167.5700931,22.53928571,489.4944237,166.4387125,22.62857143,13.35127551,355.1819233,0,-12.26586735,11.46084864,38.41190476,0,0
2025-06-04 23:00:00+00:00,487.5626471,166.6056553,22.41333333,489.6542328,160.7518519,22.6,13.02833333,342.8107381,0,-12.396,11.28082143,38.56433333,0,0
2025-06-04 23:15:00+00:00,488.0563668,169.975119,22.34444444,489.5356018,160.1717633,22.50438095,12.85285714,15.61496296,0,-12.38424242,10.996,38.66,0,0
2025-06-04 23:30:00+00:00,489.5103756,172.0730406,22.3,490.286121,160.6820796,22.39,12.8,5.904437229,0,-12.21904762,10.9047619,38.82326531,0,0
2025-06-04 23:45:00+00:00,489.2666667,172.1287009,22.20166667,489.6996789,169.8558944,22.29809524,12.73733333,9.444151034,0,-11.94808081,10.76349841,39.01108003,0,0
2025-06-05 00:00:00+00:00,489.2940512,179.0815992,22.1,490.3775901,170.5497865,22.2,12.6,13.02784864,0,-11.56232143,10.68416234,39.15714286,0,0
2025-06-05 00:15:00+00:00,490.2849743,100.6227996,22.00666667,491.0479678,203.6888148,22.13333333,12.30538721,16.34540909,0,-10.99812121,11.05687879,38.95443862,0,0
2025-06-05 00:30:00+00:00,491.1080506,82.49475709,22.04,492.1787706,162.0617542,22.04,12.1,19.93632275,0,-10.32295238,10.51361046,39.37107726,0,0
2025-06-05 00:45:00+00:00,490.1047619,197.3369181,22.08928571,490.9037936,60.8060879,22,12.00714286,23.2367517,0,-9.559030612,10.13469388,39.719427,0,0
2025-06-05 01:00:00+00:00,490.2831169,120.0075758,22.09545455,490.6597122,62.96594671,22,11.9,26.31363636,0,-8.722727273,10.04613636,39.98181818,0,0
2025-06-05 01:15:00+00:00,490.2722222,148.0510582,22.06538462,489.6158096,63.21063973,22,11.74615385,30.14339683,0,-7.6,9.804031746,40.05577778,0,0
2025-06-05 01:30:00+00:00,491.420471,175.1793651,21.99595238,490.5320533,64.38095475,21.97333333,11.6,33.24714286,0,-6.503968254,9.692857143,40.47252747,0,0
2025-06-05 01:45:00+00:00,491.9304502,132.2279762,22.01611111,490.5172766,62.24259259,21.912,11.53571429,36.56539683,0,-5.253333333,9.625555556,40.83277778,0,0
2025-06-05 02:00:00+00:00,490.5068736,107.3571429,21.95897436,490.8968254,66.06055142,21.9,11.5,39.66751701,0.073809524,-4.020238095,9.698928571,40.32559524,8.159224663,7.589839282
2025-06-05 02:15:00+00:00,490.4540036,76.72558746,22.03076923,491.3764382,65.53970774,21.9,11.5,42.63685859,0.405332766,-2.640747475,9.700285714,40.24071429,8.988866963,10.28351057
2025-06-05 02:30:00+00:00,490.5393517,65.67269132,22.00227273,489.3542877,64.96338091,21.9,11.63316017,45.67003663,1.233500708,-1.197802198,9.788378852,40.53450589,9.226366071,12.07029542
2025-06-05 02:45:00+00:00,488.6876954,63.51809487,22.03055556,488.9994048,60.4110128,21.89888889,11.86288889,49.20274603,4.023531746,0.496436508,10.01498095,38.84074074,8.461376984,13.86041111
2025-06-05 03:00:00+00:00,487.9390251,46.47136752,21.99722222,489.1206628,46.36115541,21.82533333,14.34833333,52.35409524,9.530078947,2.168428571,10.1292,39.72714286,8.621925926,17.19126316
2025-06-05 03:15:00+00:00,489.2243072,63.70581075,22,489.5151517,63.36863402,21.8,19.97253358,54.81636399,16.17816793,3.612220161,10.17010829,39.92749224,8.64,19.69808336
2025-06-05 03:30:00+00:00,488.148803,63.03927323,22.03571429,488.2983372,63.94568876,21.8,19.34464286,58.18197279,29.124721,5.601743197,10.20021429,39.97369615,8.305605263,23.83799755
2025-06-05 03:45:00+00:00,487.2333911,63.80777778,22.1,487.1670034,63.60183502,21.88388889,18.55650794,61.15111111,44.67336833,7.492142857,10.29428571,39.9,6.513735703,26.47616451
2025-06-05 04:00:00+00:00,487.2818337,64.11332723,22.12,486.7868529,63.57275819,21.98206349,19.24927249,64.05166667,62.43161345,9.357259259,10.41022857,39.70273401,4.621388152,26.8901986
2025-06-05 04:15:00+00:00,486.5018398,63.48755411,22.21428571,486.9361498,63.67118836,22.05857143,18.98285714,67.10547619,80.29701888,11.38488095,10.51153571,39.32777778,1.172698151,26.22962435
2025-06-05 04:30:00+00:00,485.8403867,63.53673977,22.3,486.0693023,63.8412987,22.12133333,19.00666667,69.92738889,108.411413,13.35093098,10.77954561,39.04928571,0,24.25010179
2025-06-05 04:45:00+00:00,484.762396,63.75741239,22.4,486.604268,62.73682018,22.2,19.27857143,72.35632035,140.444227,15.06244589,10.94099284,39.19662338,0,20.88459861
2025-06-05 05:00:00+00:00,483.2392802,64.32623297,22.4,484.5333494,62.26140952,22.2,19.3015873,75.83066952,163.2784122,17.46011905,11.50975092,38.74444444,0,17.2187904
2025-06-05 05:15:00+00:00,482.1938798,63.71227324,22.4,484.4092365,61.27486067,22.22142857,19.39401709,78.7101136,142.4156108,19.51327381,11.97559524,38.36662415,0,13.47786571
2025-06-05 05:30:00+00:00,479.8712768,63.44944685,22.4,482.3760476,61.55959902,22.27119048,19.15555556,81.54017749,139.993785,21.53184848,12.2254697,37.97466667,0,9.074128801
2025-06-05 05:45:00+00:00,478.6148699,63.80955988,22.4,479.9025401,61.59469697,22.3,19.1,84.84444444,220.3546758,23.90022222,12.40419394,37.85790476,0,3.530646999
2025-06-05 06:00:00+00:00,478.0926549,60.73977015,22.45178571,478.0354029,60.955034,22.3,19.1,87.80418213,298.7179294,26.01226036,12.99535714,37.26833333,0,0.098456544
2025-06-05 06:15:00+00:00,476.7993773,60.88614478,22.5,476.7690425,61.2963059,22.3,19.1,90.70145936,265.8767486,28.01343939,13.49606147,36.59502646,0,0
2025-06-05 06:30:00+00:00,475.2826007,61.18632756,22.56428571,475.3873833,60.95535801,22.34285714,18.95,93.97047104,299.0939908,30.24631416,14.13794643,35.82643321,0,0
2025-06-05 06:45:00+00:00,474.4127355,60.49319902,22.6,474.9017897,61.15719156,22.4,18.72307692,97.22196759,341.2081856,32.41761875,14.28366667,35.80997669,0,0
2025-06-05 07:00:00+00:00,473.1043233,60.67780612,22.6,472.5966553,61.05605572,22.4,18.74166667,100.4360969,310.8003339,34.49420918,14.56301531,35.6555102,0,0
2025-06-05 07:15:00+00:00,472.259281,60.3047619,22.69333333,471.2012066,61.20054718,22.4,18.76533333,103.8307143,369.526905,36.55813492,15.10504497,35.49444444,0,0
2025-06-05 07:30:00+00:00,470.5251852,60.15828283,22.7,469.5991533,60.98962963,22.4,18.432,107.4540519,351.3812865,38.73542569,15.16393506,35.07333333,0,0
2025-06-05 07:45:00+00:00,468.5374278,59.79770408,22.7,468.0677406,60.51419414,22.4,18.25694444,111.302381,546.8259243,40.85757937,15.73373016,35.05816327,0,0
2025-06-05 08:00:00+00:00,466.7997475,60.11915751,22.7,467.420482,61.42350255,22.43630952,18.3,115.024127,546.0647188,42.76285714,16.56,34.83916667,0,0.002666667
2025-06-05 08:15:00+00:00,465.9512987,61.04285714,22.75714286,467.4082633,61.26190476,22.5,18.095,118.6335756,601.1803719,44.50389739,16.83625541,34.9,0,0
2025-06-05 08:30:00+00:00,465.7962306,59.94098584,22.8,465.7735055,61.36673292,22.5,17.85333333,122.9310034,629.1902303,46.42756734,17.07539394,34.88520147,0,0
2025-06-05 08:45:00+00:00,464.4661772,60.69550265,22.8,465.597619,61.12960928,22.5,17.65238095,127.7468254,517.4379167,48.32311111,17.22121296,34.84938889,0,0
2025-06-05 09:00:00+00:00,463.8346739,60.41886705,22.85006803,464.1011905,61.31565105,22.52363946,17.71285714,132.4096542,507.3593337,50.01730159,17.45770323,34.95402494,0,0
2025-06-05 09:15:00+00:00,463.4666667,60.99416047,22.9,462.6348822,61.04794529,22.53419913,17.45462585,137.267049,407.5011461,51.55583333,17.49730647,35.372,0,0.024431097
2025-06-05 09:30:00+00:00,461.8738426,60.61083549,22.9,463.2891162,60.52942255,22.6,17.47692308,142.2460098,243.6153542,52.93546202,17.02527855,35.28520408,0,0
2025-06-05 09:45:00+00:00,462.5042929,60.28425926,22.9,463.1195138,60.93655582,22.6,17.32051282,147.6853006,192.7995995,54.17807193,17.00005782,34.93179487,0,0
2025-06-05 10:00:00+00:00,463.5227372,60.78819352,22.9,462.5131183,61.18746188,22.6,17.33353175,153.2179356,645.9902064,55.27813972,17.25528454,34.96661565,0,0
2025-06-05 10:15:00+00:00,462.4917569,60.71862434,22.96666667,462.8731313,61.22773597,22.6,17.40527778,159.3514286,504.3595779,56.19164021,18.03377778,34.6537037,0,0
2025-06-05 10:30:00+00:00,461.250918,60.25140693,23,462.3972399,60.87223071,22.6,17.36622222,165.3719758,598.320211,56.84621083,18.00493395,34.69842593,0,0
2025-06-05 10:45:00+00:00,463.7103251,60.87047952,23,461.4664978,60.89980089,22.61802721,16.9297619,171.678239,732.6588274,57.29577149,17.79910354,34.95632653,0,0.017048666
2025-06-05 11:00:00+00:00,463.6765892,60.71012764,23.00074074,461.6376439,61.34971063,22.69333333,17.12177778,177.7713942,421.2096765,57.49904762,17.99291751,35.08143875,0,0.002074074
2025-06-05 11:15:00+00:00,464.1269874,60.17353896,23.03357143,461.6105442,62.11456081,22.7,16.91047619,184.132323,403.3594192,57.48323413,17.48736464,34.88101241,0,0
2025-06-05 11:30:00+00:00,464.6986941,60.19513228,23.09428571,462.7443808,60.80379277,22.72,17.38095238,189.9897314,702.5218824,57.22605698,17.56557143,34.62448196,0,0
2025-06-05 11:45:00+00:00,464.9645005,60.42606061,23.1,463.5627619,60.57323494,22.8,17.30555556,196.7536667,571.2709115,56.71118687,17.68081111,34.81035065,0,0
2025-06-05 12:00:00+00:00,464.666526,59.71201814,23.1,463.9142477,61.62624471,22.8,16.47928571,202.8614796,198.0046401,55.97359694,17.04122449,35.25714286,0,0
2025-06-05 12:15:00+00:00,464.4432245,60.58296296,23.1,463.7698947,61.48006799,22.8,16.17333333,208.7790741,246.1416743,55.05650794,17.03226455,35.21746032,0,0
2025-06-05 12:30:00+00:00,464.0911442,60.71349206,23.1,462.3423521,61.28242849,22.8,16.86190476,214.2561838,204.2340348,53.92750666,17.2872449,35.18265306,0,0
2025-06-05 12:45:00+00:00,463.7549741,60.65059524,23.1,463.2104699,60.89548139,22.8,17.10666667,219.2498519,211.5072521,52.73025926,17.79587205,35.33199134,0,0
2025-06-05 13:00:00+00:00,464.6559324,60.38727542,23.1,463.9223946,62.2785409,22.88269841,17.57802198,224.4485948,676.3792534,51.26462694,17.75596939,35.09821429,0,0
2025-06-05 13:15:00+00:00,463.7454966,61.27420677,23.17142857,462.8987374,61.52618472,22.9,17.20833333,229.2295873,289.9068247,49.6917963,17.58890342,34.876,0,0
2025-06-05 13:30:00+00:00,463.0745671,60.05714286,23.2,463.5034632,61.33501499,22.99285714,17.05238095,233.9454347,447.023326,47.95555968,17.44163187,35.26301587,0,0
2025-06-05 13:45:00+00:00,463.406052,60.29624705,23.23818519,462.0494373,61.28835368,23,17.07011905,237.8438215,214.2276297,46.33843098,17.26438148,35.34128205,0,0
2025-06-05 14:00:00+00:00,462.8578716,60.64579266,23.22214286,463.6993304,60.88010343,23.01785714,16.79380952,242.3960884,421.3552309,44.2776644,17.56162389,35.55974359,0,0
2025-06-05 14:15:00+00:00,464.7636021,60.85953937,23.3162963,463.5155271,60.90794896,23.13661376,17.52,246.3533333,530.535682,42.3384127,18.08406349,35.22707143,0,0
2025-06-05 14:30:00+00:00,463.9664029,61.26421958,23.395,462.3980723,61.25774014,23.15166667,16.76962963,250.0294901,197.4908665,40.3584608,18.00605013,35.39103896,0,0
2025-06-05 14:45:00+00:00,462.5147176,60.64763867,23.30142857,462.8900873,61.31401099,23.1,16.5725,253.8276276,171.2601458,38.2319898,18.21910714,35.2205504,0,0
2025-06-05 15:00:00+00:00,462.9872138,10.52261072,23.3,462.0753239,10.96071429,23.1,16.82,257.1508519,53.47930281,36.26905556,17.40994613,35.39925926,0,0
2025-06-05 15:15:00+00:00,463.168866,0,23.36488095,462.5576451,0,23.1,16.90142857,260.2775397,104.0187382,34.33007937,15.73321262,35.18561661,0,0
2025-06-05 15:30:00+00:00,462.3041889,0,23.4,461.9723144,0,23.1,16.99777778,263.9232554,195.1228337,31.9652381,15.15302564,34.86832251,0,0
2025-06-05 15:45:00+00:00,462.68472,0,23.4,461.7003676,0,23.10714286,17.15,267.0519643,195.6360811,29.86875,15.70053571,35.20714286,0,0
2025-06-05 16:00:00+00:00,460.4916402,0,23.4,461,0,23.25333333,17.22959184,270.2604615,377.3988346,27.65392308,16.34654103,35.2187265,0,0
2025-06-05 16:15:00+00:00,459.6019048,0,23.5,460.9941037,0,23.52177778,17.39333333,273.3486162,299.6623533,25.46633333,17.1505072,35.08,0,0
2025-06-05 16:30:00+00:00,458.4935,0,23.6,461.2025737,0,23.6,17.42410714,276.3545351,255.7011274,23.36143707,17.74603175,34.9902381,0,0
2025-06-05 16:45:00+00:00,458.006884,0,23.6,459.622655,0,23.63333333,17.58666667,279.3461111,251.1711431,21.22655556,17.54666667,34.76753535,0,0
2025-06-05 17:00:00+00:00,457.9492543,0,23.61428571,458.6454793,0,23.77142857,17.6125,282.1556524,240.4037308,19.20361987,17.78843128,34.72857143,0,0
2025-06-05 17:15:00+00:00,456.9262001,0,23.7,457.8747173,0,23.73333333,17.7475,285.1517139,75.81858604,17.08858584,16.88237912,35.2,0,0
2025-06-05 17:30:00+00:00,456.12021,0,23.67142857,457.0672696,0,23.62142857,17.8,288.0473214,42.60945773,15.02155612,16.22348214,34.81013605,0,0
2025-06-05 17:45:00+00:00,455.058538,0,23.6,456.5779325,0,23.56742761,17.86740741,290.6906301,33.25418708,13.19602666,15.75242771,34.73710062,0,0
2025-06-05 18:00:00+00:00,455.3262626,0,23.6,456.2755263,0,23.48095238,17.9,294.1056587,17.35761919,10.84989683,15.67126984,35.24681624,0,0
2025-06-05 18:15:00+00:00,453.7340667,0,23.55333333,455.4071099,0,23.4,17.9,296.7782601,12.77473981,9.101522463,15.51582189,34.99467893,0,0
2025-06-05 18:30:00+00:00,453.1892396,0,23.5,454.5700443,0,23.3604866,17.9,299.8324134,11.68488169,7.132817701,15.08118182,35,0,0
2025-06-05 18:45:00+00:00,454.117878,0,23.45994048,453.9921627,0,23.3,17.92214286,302.7784459,7.195895743,5.33512505,14.93571429,35,0,0
2025-06-05 19:00:00+00:00,452.8330159,0,23.4,453.6906924,0,23.24615385,18,305.6597483,4.65636134,3.593417001,14.97087831,35.13683761,0,0
2025-06-05 19:15:00+00:00,452.0706349,0,23.4,453.7283824,0,23.2,18.01634921,308.8941204,2.109226362,1.778558201,15.20334982,35.4,0,0
2025-06-05 19:30:00+00:00,451.3328144,0,23.4,452.4479788,0,23.12857143,18.1,311.8134253,1.326848967,0.244877345,15.51613276,35.4,0,0
2025-06-05 19:45:00+00:00,451.1191186,0,23.32468254,452.0545025,0,23.1,18.1,314.8427071,0.842909943,-1.222693936,15.4077314,35.40051282,0,0
2025-06-05 20:00:00+00:00,451.3496541,0,23.3,451.4955782,0,23.0807483,18.1,318.112122,0.206122449,-2.761411406,15.07868481,35.39402958,0,0
2025-06-05 20:15:00+00:00,449.8410256,0,23.24932984,450.7418088,0,23,18.1,321.1380113,0.014170041,-4.103289072,14.93273891,35.4,0,0
2025-06-05 20:30:00+00:00,448.9571429,0,23.2,449.6106502,0,23,18.02666667,324.6551182,0,-5.513142729,14.97098576,35.43333333,0,0
2025-06-05 20:45:00+00:00,447.9032265,0,23.15714286,448.795998,0,22.95714286,17.93492063,327.6732754,0,-6.628160801,14.79876348,35.36463274,0,0
2025-06-05 21:00:00+00:00,447.4970341,0,23.1,448.2629815,0,22.9,17.86666667,330.727517,0,-7.614192245,14.58802891,35.38547054,0,0
2025-06-05 21:15:00+00:00,446.5031919,0,23.1,447.9303394,0,22.9,17.68550757,334.3452321,0,-8.718836996,14.35493023,35.5,0,0
2025-06-05 21:30:00+00:00,447.4237887,0,23.1,448.2820491,0,22.9,17.54614815,337.7690411,0,-9.63014921,14.01917143,35.7452381,0,0
2025-06-05 21:45:00+00:00,445.2570973,0,23.05333333,446.61,0,22.80666667,17.38555556,341.0857659,0,-10.32083333,14.0083451,36.02088889,0,0
2025-06-05 22:00:00+00:00,445.6595775,0,23,446.0037594,0,22.8,17.24285714,344.740609,0,-11.0231283,13.95442368,36.07689076,0,0
2025-06-05 22:15:00+00:00,444,0,23,445.5109804,0,22.8,17.10878529,348.1625926,0,-11.53124183,13.9635614,36,0,0
2025-06-05 22:30:00+00:00,444.1749533,0,22.99090909,445.593361,0,22.75900794,16.92670635,351.583836,0,-11.90999598,13.90078571,36,0,0
2025-06-05 22:45:00+00:00,443.6750035,0,22.9,444.3974074,0,22.7,16.85305556,355.216564,0,-12.15417989,13.95237255,36.06603175,0,0
2025-06-05 23:00:00+00:00,442.4374201,0,22.9,444.9027056,0,22.7,16.7,291.70629,0,-12.3,13.76660991,36.16433862,0,0
2025-06-05 23:15:00+00:00,441.8776876,0,22.9,444.3309524,0,22.68690476,16.60354308,2.341007891,0,-12.27380952,13.51285496,36.13238324,0,0
2025-06-05 23:30:00+00:00,441.2554597,0,22.9,443.8468783,0,22.6,16.5,5.812891534,0,-12.12018519,13.33872149,36.6,0,0
2025-06-05 23:45:00+00:00,440.0981513,0,22.84574074,444.04278,0,22.6,16.34666667,9.492035816,0,-11.83676923,13.2150359,36.68296296,0,0
2025-06-06 00:00:00+00:00,438.9267989,0,22.8,441.7219534,0,22.6,16.20714286,12.8234188,0,-11.45729167,13.04079945,36.75042017,0,0
2025-06-06 00:15:00+00:00,439.3762343,0,22.8,441.6430159,0,22.6,16.15145455,16.43458874,0,-10.9,12.95447619,36.8,0,0
2025-06-06 00:30:00+00:00,439.1070528,0,22.8,441.9431014,0,22.6,16.01369048,19.59759435,0,-10.28602512,12.94115301,36.87416267,0,0
2025-06-06 00:45:00+00:00,439.402996,0,22.8,440.4471852,0,22.6,15.90984127,22.97208332,0,-9.522527088,12.87690844,36.82717949,0,0
2025-06-06 01:00:00+00:00,438.683664,0,22.71333333,440.1961905,0,22.51133333,15.78777778,26.64521775,0,-8.53832256,12.78327878,36.92957672,0,0
2025-06-06 01:15:00+00:00,437.708153,0,22.7,439.8660714,0,22.5,15.65714286,29.92101732,0,-7.544500579,12.74991837,37.4209985,0,0
2025-06-06 01:30:00+00:00,436.3758979,0,22.7,438.4023154,0,22.5,15.53214202,33.27338072,0,-6.391423586,13.04568698,37.26087915,0,0
2025-06-06 01:45:00+00:00,437.3463785,0,22.7,437.4760502,0,22.5,15.39080919,36.38898483,0,-5.225452647,13.04270957,36.74503436,0,0
2025-06-06 02:00:00+00:00,435.5176179,0,22.7,436.9772176,0,22.5,15.3,39.64746599,0.109494048,-3.886860007,12.57564626,37.46809411,1.900399093,2.833333333
2025-06-06 02:15:00+00:00,434.938153,0,22.65333333,436.1871189,0,22.43065934,15.16944444,42.95565758,0.819827358,-2.420346922,12.2645974,37.53665344,0.015834174,0
2025-06-06 02:30:00+00:00,433.9853175,0,22.60714286,435.3095238,0,22.4,15.1,45.96448413,2.82255102,-0.940079365,12.2,37.4843339,0,0
2025-06-06 02:45:00+00:00,435.1354601,0,22.6,435.7832297,0,22.4,15.1,47.89859731,5.839048779,0.006868052,12.2,37.62185832,0,0
2025-06-06 03:00:00+00:00,433.2590188,28.45514706,22.6,434.9656597,28.97402597,22.4,15.74690476,52.28526622,20.64847334,2.304005894,12.1830348,37.72828798,0,0
2025-06-06 03:15:00+00:00,437.0286706,63.55653718,22.6,437.2459627,63.53135145,22.4,18.20627511,55.14506323,26.8579789,3.930361991,12.93830769,37.73659341,0,0
2025-06-06 03:30:00+00:00,442.9302778,63.33305556,22.6,443.7406481,62.95160364,22.37732564,16.92001347,58.18519877,38.93744167,5.747299607,13.44119741,36.6198211,0,0.046383333
2025-06-06 03:45:00+00:00,448.840603,63.40734916,22.6,448.6254348,64.02901288,22.37141677,17.03155709,60.92491712,62.36145,7.49187053,13.98850443,36.12585854,0,0
2025-06-06 04:00:00+00:00,451.508249,62.76859782,22.6,452.205922,63.81683007,22.4,17.31876496,63.98914815,68.90989886,9.432772133,14.82418704,35.30361111,0,0
2025-06-06 04:15:00+00:00,454.1824178,62.99296066,22.6275,455.3303333,63.18813726,22.4,16.73793254,66.97644093,33.60899361,11.44015618,14.97702051,35.16557794,0,0
2025-06-06 04:30:00+00:00,474.5514722,62.95396619,22.67,458.1048794,63.76003711,22.4,17.06926771,69.90567633,24.75284952,13.42828695,14.61998413,35.22374768,0,0
2025-06-06 04:45:00+00:00,479.3833461,63.15758524,22.7,472.2006341,62.90896475,22.45466667,17.04015657,72.74722521,36.34824818,15.4170814,14.83109292,35.3525,0,0.009447619
2025-06-06 05:00:00+00:00,476.1670101,63.56565934,22.7,473.3132653,63.40097759,22.4,17.03839286,75.74702381,64.86927357,17.51785714,14.92209184,35.35625,0,0.00244898
2025-06-06 05:15:00+00:00,472.8866299,63.2394709,22.7,471.8711616,63.63409596,22.4,16.9131746,78.67431827,50.67670269,19.63438191,14.73631746,35.4,0,0
2025-06-06 05:30:00+00:00,472.1673718,63.03758418,22.7,471.4349144,63.82085022,22.4,16.96666667,81.69416667,41.20418728,21.79416667,14.3774,35.46484848,0,0
2025-06-06 05:45:00+00:00,471.0795177,63.81410256,22.7,470.8364968,63.46390789,22.4,16.99358974,84.67979409,45.97379987,23.91529915,14.0630641,35.77020147,0,0
2025-06-06 06:00:00+00:00,469.7463834,63.69513874,22.7,470.2853724,63.58139083,22.4,17.1015873,87.74766138,45.67861562,26.07994709,13.97442434,35.60996126,0,0
2025-06-06 06:15:00+00:00,469.8194389,63.32859977,22.7,470.9413781,62.95530213,22.4,17.2,90.70825732,58.44720027,28.14748892,14.00138889,36.17598312,0,0
2025-06-06 06:30:00+00:00,469.5747432,63.2655158,22.7,470.786282,63.84495026,22.4,17.10266667,93.90792796,74.01477619,30.33763248,14.29671111,36.14097741,0,0
2025-06-06 06:45:00+00:00,469.8292523,63.13545752,22.7,469.7715851,63.32216313,22.45171429,16.85333333,96.84374579,70.05022791,32.27851852,14.25322222,35.85938889,0,0
2025-06-06 07:00:00+00:00,469.7501917,62.90873085,22.7,470.3144065,63.90509465,22.5,17.08571429,100.3936002,42.35321785,34.59243197,14.21095408,35.59834416,0,0
2025-06-06 07:15:00+00:00,469.1460069,62.98771242,22.7,470.2956517,63.43152958,22.5,17.07995238,103.7904192,70.53338771,36.69196892,13.95390693,35.74011905,0,0
2025-06-06 07:30:00+00:00,469.2294926,62.96228375,22.7,470.2458845,63.05682783,22.5,16.91714286,107.3067602,85.2882724,38.74336735,13.91565051,35.86666667,0,0
2025-06-06 07:45:00+00:00,468.3880958,63.31281543,22.7,470.6153846,63.13673142,22.5,17.04,110.7132564,68.37630755,40.67192955,13.92468298,36.33809524,0,0
2025-06-06 08:00:00+00:00,467.4716669,63.56353624,22.7,469.8627914,62.89803106,22.5,17.09761905,114.796153,96.42655616,42.79585611,13.95259508,36.16263736,0,0
2025-06-06 08:15:00+00:00,468.2138573,63.20700855,22.7,469.2196248,64.38643907,22.5,16.96666667,118.8582778,76.91550943,44.73458301,13.97869157,36.09806061,0,0
2025-06-06 08:30:00+00:00,467.9124839,63.25015873,22.7,469.1205079,64.13603175,22.5,16.95333333,122.8666138,91.09503492,46.51497355,14.10074074,36.06666667,0,0
2025-06-06 08:45:00+00:00,466.536729,63.47973356,22.7,469.7173354,63.85663531,22.50204082,16.91734694,127.524504,69.26358711,48.38313492,14.27006708,36.02747253,0,0
2025-06-06 09:00:00+00:00,470.2520661,62.72727273,22.77272727,470.5527273,63.12004662,22.6,17.15454545,132.567741,116.2209862,50.21491342,14.73336219,35.43636364,0,0
2025-06-06 09:15:00+00:00,469.1823653,62.6381746,22.8,469.9295644,63.04265102,22.6,17.01266667,137.2798719,82.33147644,51.65873377,15.18504954,35.3,0,0
2025-06-06 09:30:00+00:00,468.3992533,63.21167621,22.8,468.4395112,62.99068957,22.6,16.92142857,142.2702381,480.8151374,53,15.78571429,35.0376461,0,0
2025-06-06 09:45:00+00:00,467.2001027,63.00916667,22.88,467.8826311,63.02952812,22.6,17.29777778,147.5057035,321.2771867,54.26000712,16.66606614,35.12983069,0,0
2025-06-06 10:00:00+00:00,466.7425618,62.84172336,22.9,467.3670123,63.03564783,22.68696145,17.16964286,152.9108329,418.2323755,55.30443136,16.53130473,35.38768295,0,0
2025-06-06 10:15:00+00:00,465.5424245,62.79541109,22.93616162,466.0173247,63.68633595,22.7,16.93571429,159.1018626,791.2321086,56.24732084,16.64685908,35.02977263,0,0
2025-06-06 10:30:00+00:00,464.5026246,63.72402435,23,465.2576331,63.6863309,22.7,17.26292517,165.3656566,821.1187654,56.955,17.32652365,35.4,0,0
2025-06-06 10:45:00+00:00,463.5017857,62.96460317,23,463.6227485,62.85912002,22.74,17.19033333,171.4214815,541.6265043,57.39144444,17.02914444,35.4,0,0
2025-06-06 11:00:00+00:00,462.6284847,62.80745098,23,462.6973492,63.8281791,22.71733333,16.62933333,177.9936243,176.9761071,57.60656085,16.28703704,35.31083333,0,0
2025-06-06 11:15:00+00:00,462.1511243,63.91572791,23,461.0640394,63.63154402,22.7,16.71493506,184.4247817,755.1280425,57.56928571,15.62683333,34.47589581,0,0
2025-06-06 11:30:00+00:00,459.9287831,64.4130882,23.01333333,460.2967725,63.10130284,22.74,17.34,190.5287783,459.8887645,57.33272727,16.54475136,34.6,0,0
2025-06-06 11:45:00+00:00,459.118254,62.8235094,23.1,459.3505592,58.58174603,22.8,16.97653061,196.5467136,380.7231195,56.86361111,15.74977701,34.72857143,0,0
2025-06-06 12:00:00+00:00,459.3586689,63.11342012,23.1,459.1532496,60.45423552,22.8,17.06518519,202.7288889,325.856167,56.12035714,16.24721111,35.28888889,0,0
2025-06-06 12:15:00+00:00,458.5606064,64.14537243,23.1,457.2976637,60.94189396,22.8,16.96902646,208.585746,319.3562648,55.18166667,16.27460047,35.32085185,0,0
2025-06-06 12:30:00+00:00,457.5059699,62.73717077,23.1,457.7440012,61.50588448,22.8,16.80612245,214.1831064,130.8431896,54.04986264,15.47233059,35.03200882,0,0
2025-06-06 12:45:00+00:00,457.4988145,63.38337135,23.1,457.6841749,60.62456973,22.8,16.8437037,219.4362511,296.3241015,52.76678788,14.73742191,34.54224415,0,0
2025-06-06 13:00:00+00:00,457.597619,63.81316065,23.1,457.5097181,61.11828449,22.8,17.09566327,224.4166667,411.5462579,51.37698413,15.4468254,36.15191327,0,0
2025-06-06 13:15:00+00:00,456.1636581,63.760349,23.16666667,456.8810685,61.67162785,22.88914286,17.26111111,229.3984444,360.8486411,49.72649573,15.77151111,35.89836111,0,0
2025-06-06 13:30:00+00:00,457.2975052,62.67515905,23.2,455.7000852,61.21949437,22.93452381,17.36880952,233.8576228,548.6459924,48.08891856,16.80896425,35.36308778,0,0
2025-06-06 13:45:00+00:00,455.9498326,63.09038605,23.2,455.1717462,61.0110015,23,17.385,238.1737912,248.9328222,46.3287037,16.43473932,35.41799471,0,0
2025-06-06 14:00:00+00:00,455.822182,9.730842491,23.24,456.3821918,7.737755331,23,17.01888889,242.5196498,189.8780891,44.34787879,16.22829091,36.81875661,0,0
2025-06-06 14:15:00+00:00,455.221955,0,23.3,454.8126951,0,23.05714286,17.04615385,246.4117063,476.9051776,42.42006803,16.38406888,34.64359127,0,0
2025-06-06 14:30:00+00:00,455.35312,0,23.36666667,454.9064732,0,23.1875,17.16666667,250.2321429,509.6245296,40.42987302,16.8649881,36.26417581,0,0
2025-06-06 14:45:00+00:00,453.7481055,0,23.40714286,454.8351648,0,23.36428571,17.34107143,253.7957383,452.2152743,38.44093637,16.27976791,34.64071359,0,0
2025-06-06 15:00:00+00:00,454.1357052,0,23.5,455.0187526,0,23.47333333,17.682,257.3090456,422.4899668,36.29402523,16.76957143,35.18116402,0,0
2025-06-06 15:15:00+00:00,452.5181631,0,23.5,453.5849567,0,23.49285714,17.96412698,260.6262566,198.9578985,34.21308939,16.54191558,36.2354355,0,0
2025-06-06 15:30:00+00:00,452.3004661,0,23.5,452.9184002,0,23.4,18.1,263.9597268,113.3453721,32.05757576,16.38881061,34.86898107,0,0
2025-06-06 15:45:00+00:00,451.2979798,0,23.5,451.7382353,0,23.328,18.08,266.7877094,71.65765903,30.16458888,16.06175238,34.72,0,0
2025-06-06 16:00:00+00:00,449.8942577,0,23.42346939,451.9248299,0,23.3,17.85714286,270.2876276,136.460162,27.7422619,15.77216837,34.79285714,0,0
2025-06-06 16:15:00+00:00,449.8608333,0,23.45461538,451.8567699,0,23.39863886,17.49615385,273.333963,309.809199,25.6037037,16.16884596,34.64452381,0,0
2025-06-06 16:30:00+00:00,449.9628442,0,23.5,450.6666667,0,23.47333333,17.38,276.4676263,121.3051539,23.3969697,15.87412698,34.73166097,0,0
2025-06-06 16:45:00+00:00,449.5857143,0,23.5,450.3218615,0,23.42142857,17.3,279.3712121,134.6784478,21.31976912,15.98434066,34.66247166,0,0
2025-06-06 17:00:00+00:00,448.5560626,0,23.5,449.8843098,0,23.5,17.3,282.3415714,96.8620755,19.18486003,15.88342857,34.7647619,0,0
2025-06-06 17:15:00+00:00,448.412776,0,23.5,448.903757,0,23.57857143,17.3,285.2374072,164.5409785,17.13545918,15.83973485,35.01934524,0,0
2025-06-06 17:30:00+00:00,449.4315963,0,23.591,449.0720228,0,23.64190476,17.3,288.0703889,195.2335235,15.14376335,16.00424242,35.16670455,0,0
2025-06-06 17:45:00+00:00,447.0610884,0,23.6,448.3027523,0,23.76666667,17.3,291.1528083,158.4070025,12.99039683,15.81756614,35.06625,0,0
2025-06-06 18:00:00+00:00,446.8794282,0,23.65178571,448.8123381,0,23.8,17.3,293.9988265,133.5261288,11.05467687,15.60610969,35.27751623,0,0
2025-06-06 18:15:00+00:00,446.8371989,0,23.7,447.9367073,0,23.8,17.3,296.7887302,87.63235446,9.19973545,15.38873401,35.38219913,0,0
2025-06-06 18:30:00+00:00,445.6593222,0,23.7,446.6431423,0,23.75714286,17.24285714,299.7453061,86.3143004,7.294795918,15.16071429,35.02588972,0,0
2025-06-06 18:45:00+00:00,445.0153036,0,23.7,446.1818723,0,23.70095238,17.14885781,302.5866832,58.96033301,5.538513228,14.97103816,35.10095238,0,0
2025-06-06 19:00:00+00:00,444.8363767,0,23.7,445.7704201,0,23.6737415,16.95494505,305.7566327,27.33044479,3.656967636,14.59044501,35.19387755,0,0
2025-06-06 19:15:00+00:00,444.1524242,0,23.66666667,445.6277554,0,23.57066667,16.82445455,308.7174074,12.24165525,1.979693122,14.27008995,35.70555556,0,0
2025-06-06 19:30:00+00:00,443.1391667,0,23.6,445.5073684,0,23.51333333,16.69333333,312.0014815,5.330685949,0.271296296,13.91796296,36.23259259,0,0
2025-06-06 19:45:00+00:00,443.617952,0,23.6,444.6858468,0,23.42142857,16.57689602,314.7245965,1.931610398,-1.053223562,13.7059747,36.53976829,0,0
2025-06-06 20:00:00+00:00,442.3193499,0,23.50666667,444.106619,0,23.355,16.50274725,317.8812865,0.660687734,-2.555027365,13.38534002,36.31023626,0,0
2025-06-06 20:15:00+00:00,441.170181,0,23.5,443.9540978,0,23.3,16.37142857,321.2054138,0.075549096,-4.026870748,13.05805272,36.60934066,0,0
2025-06-06 20:30:00+00:00,441.0125114,0,23.43333333,442.6160893,0,23.23111111,16.29071429,324.4460317,0,-5.307174603,12.7436,37.27820106,0,0
2025-06-06 20:45:00+00:00,441.4196566,0,23.4,442.489359,0,23.2,16.2,327.7331025,0,-6.518095238,12.56511544,37.1,0,0
2025-06-06 21:00:00+00:00,440.6728548,0,23.4,441.4415431,0,23.11333333,16.092,331.181791,0,-7.6835,12.47257275,37.1834706,0,0
2025-06-06 21:15:00+00:00,440.5627943,0,23.32040816,441.2580481,0,23.1,15.98333333,334.3409091,0,-8.62100907,12.53016865,37.39375,0,0
2025-06-06 21:30:00+00:00,438.6389239,0,23.3,440.1151605,0,23.06,15.82,337.7723307,0,-9.493544974,12.30046296,37.40460317,0,0
2025-06-06 21:45:00+00:00,438.3528423,0,23.22727273,440.5824898,0,23,15.71272727,340.8905844,0,-10.18623377,12.16733766,37.7912987,0,0
2025-06-06 22:00:00+00:00,437.4232501,0,23.2,440.2844813,0,22.95,15.51666667,344.8387493,0,-10.93915489,12.16428571,38.13521825,0,0
2025-06-06 22:15:00+00:00,437.902716,0,23.2,438.5916529,0,22.9,15.33644444,348.1606582,0,-11.41428775,12.09240693,38.04830342,0,0
2025-06-06 22:30:00+00:00,436.0420635,0,23.1,438.5235015,0,22.87142857,15.16923077,351.7095238,0,-11.8297619,11.87997024,38.04238095,0,0
2025-06-06 22:45:00+00:00,435.7519914,0,23.1,437.7376369,0,22.8,15.12857143,355.2267593,0,-12.06041667,11.69322222,38.21948413,0,0
2025-06-06 23:00:00+00:00,435.9234353,0,23.1,437.0121481,0,22.8,15.3,282.0576323,0,-12.2,11.41447035,38.46228412,0,0
2025-06-06 23:15:00+00:00,435.1981064,0,23.01428571,436.7011541,0,22.76428571,15.3,2.402542517,0,-12.16696429,11.16594558,38.51287879,0,0
2025-06-06 23:30:00+00:00,435.3551984,0,23,436.4631504,0,22.7,15.21555556,5.893650794,0,-12.01933333,10.88076768,39.35915344,0,0
2025-06-06 23:45:00+00:00,433.7428277,0,22.95714286,435.5074526,0,22.7,15.05170068,9.32231576,0,-11.74180403,10.63174745,39.50939061,0,0
2025-06-07 00:00:00+00:00,434.440291,0,22.9,434.6696529,0,22.7,14.86833333,12.7779733,0,-11.34361111,10.4932619,39.85733333,0,0
2025-06-07 00:15:00+00:00,432.0563763,0,22.9,433.9550988,0,22.62071429,14.76285714,16.10785714,0,-10.84642857,10.26178571,40.12422815,0,0
2025-06-07 00:30:00+00:00,432.3740476,0,22.9,433.6194976,0,22.6,14.6,19.49333333,0,-10.20055556,10.00772593,39.6,0,0
2025-06-07 00:45:00+00:00,432.4808375,0,22.85063904,432.2587468,0,22.6,14.51651515,22.85236395,0,-9.393520408,9.805357143,40.28164835,0,0
2025-06-07 01:00:00+00:00,432.5467593,0,22.8,432.7441246,0,22.6,14.36153846,26.38534392,0,-8.486388889,9.778392857,40.53595727,0,0
2025-06-07 01:15:00+00:00,431.9294246,0,22.8,431.6697302,0,22.58,14.17044444,29.93910317,0,-7.414650794,9.680561905,40.35968254,0,0
2025-06-07 01:30:00+00:00,429.4406011,0,22.8,430.7174603,0,22.5,14.05833333,33.10005824,0,-6.346303855,9.590289984,40.53905844,0,0
2025-06-07 01:45:00+00:00,429.5155051,0,22.72222222,430.5960819,0,22.5,13.91111111,36.43877778,0.005185185,-5.096111111,9.482,40.32,0,0
2025-06-07 02:00:00+00:00,429.8096939,0,22.7,429.5510356,0,22.5,13.79285714,39.6447619,0.228151261,-3.759642857,9.365357143,40.4877551,0,0
2025-06-07 02:15:00+00:00,427.9090846,0,22.7,428.9209963,0,22.48498413,13.69259259,42.63818226,0.826656296,-2.463204449,9.183453704,40.93665344,0,0
2025-06-07 02:30:00+00:00,428.2167874,0,22.7,427.6312098,0,22.4,13.50166667,45.88306122,2.635508893,-0.893571429,9.043571429,40.97975358,0,0
2025-06-07 02:45:00+00:00,427.6231621,0,22.7,427.7401998,0,22.4,13.39333333,48.76459259,6.749606346,0.501865079,9.034074074,41.07529101,0,0
2025-06-07 03:00:00+00:00,426.7410154,0,22.66666667,426.4979288,0,22.4,13.22333333,51.95662698,18.33462719,2.210396825,9.015904762,40.95657143,0,0
2025-06-07 03:15:00+00:00,425.8629535,0,22.6,426.4120879,0,22.4,13.16285714,55.0582326,40.33565286,3.967811355,9.150627747,40.66318681,0,0
2025-06-07 03:30:00+00:00,425.0720764,0,22.619,426.237853,0,22.4,13.02666667,57.73984512,61.37837877,5.587193362,9.460724342,40.34483333,0,0
2025-06-07 03:45:00+00:00,425.2934982,0,22.7,426.020328,0,22.4,12.97272727,61.17040816,61.19627631,7.724081633,9.807142857,40.09910714,0,0
2025-06-07 04:00:00+00:00,424.5215033,0,22.7,425.7297493,0,22.4,12.9,63.88457912,44.15185911,9.468196248,9.925925926,39.9585,0,0
2025-06-07 04:15:00+00:00,424.2454982,0,22.7,425.5974618,0,22.4,12.8,66.92570836,54.92511657,11.52866935,9.925178571,39.88838828,0,0
2025-06-07 04:30:00+00:00,423.2096225,0,22.7,423.871405,0,22.4,12.70666667,69.5792862,115.3439544,13.31766845,10.21742222,39.8,0,0
2025-06-07 04:45:00+00:00,422.9272462,0,22.7,423.9879603,0,22.4,12.7,72.73765306,134.176894,15.50510204,10.69168651,39.54351474,0,0
2025-06-07 05:00:00+00:00,422.2259664,0,22.72,422.9641494,0,22.4,12.7,75.62222222,144.5248291,17.59492063,11.05164021,38.92498148,0,0
2025-06-07 05:15:00+00:00,421.6607407,0,22.77428571,421.9504647,0,22.4,12.7,78.65962169,91.61678032,19.71261905,11.24343704,38.55165812,0,0
2025-06-07 05:30:00+00:00,421.3999557,0,22.8,422.4611147,0,22.45625,12.7,81.55734385,152.4005894,21.80555556,11.19662956,38.63398744,0,0
2025-06-07 05:45:00+00:00,420.4693287,0,22.8,421.7577991,0,22.5,12.7,84.70333333,130.2754281,24.12272727,11.44378788,38.78981481,0,0
2025-06-07 06:00:00+00:00,420.1625944,0,22.8,420.5303308,0,22.5,12.77380952,87.55011338,120.5915453,26.07847222,11.529,38.7,0,0
2025-06-07 06:15:00+00:00,419.9428117,0,22.8,420.7052632,0,22.5,12.86666667,90.36436508,312.6394426,28.05007937,11.83104762,38.42690476,0,0
2025-06-07 06:30:00+00:00,419.992164,0,22.87440476,419.9893048,0,22.5,13,93.64285714,319.9805149,30.27257653,12.45340136,37.99791667,0,0
2025-06-07 06:45:00+00:00,419.3362765,0,22.9,420.0931996,0,22.5,13,96.88515079,373.1939842,32.44145503,12.92093333,37.30470085,0,0
2025-06-07 07:00:00+00:00,418.5036506,0,22.9,418.9025685,0,22.58,13.1,100.2984762,315.9784633,34.65092593,13.47823035,36.72692063,0,0
2025-06-07 07:15:00+00:00,418.0104093,0,22.9,418.1303171,0,22.6,13.1,103.61329,506.7205264,36.70458874,13.36064007,36.55947846,0,0
2025-06-07 07:30:00+00:00,417.584258,0,22.90306122,418.7038595,0,22.6,13.17692308,107.1986091,537.5775093,38.77762922,13.58232323,36.52921569,0,0
2025-06-07 07:45:00+00:00,417.1383049,0,22.9952381,417.3332412,0,22.6,13.25,110.8683983,437.8293634,40.80587302,14.04080664,36.29365079,0,0
2025-06-07 08:00:00+00:00,416.6759489,0,23,418.2240645,0,22.62666667,13.36857143,114.5656465,399.4411677,42.77115657,14.20681515,36.03980952,0,0
2025-06-07 08:15:00+00:00,416.2962585,0,23.06428571,417.7943876,0,22.7,13.43,118.6375,625.3091661,44.77450397,14.66618197,35.34148423,0,0
2025-06-07 08:30:00+00:00,416.1558689,0,23.1,417.4734594,0,22.7,13.50666667,122.6777116,782.4413789,46.52896825,15.32469947,35.03171429,0,0
2025-06-07 08:45:00+00:00,414.8176347,0,23.15333333,416.9992845,0,22.78,13.66666667,127.4596154,782.5445856,48.44293706,15.35795325,35.03443223,0,0
2025-06-07 09:00:00+00:00,414.5842816,0,23.2,417.1706349,0,22.8,13.77692308,132.215119,405.5274571,50.15738095,15.40696429,34.9,0,0
2025-06-07 09:15:00+00:00,414.3064469,0,23.2,416.1855445,0,22.8,13.88329082,136.7749524,800.616688,51.65492063,15.78071429,34.98281481,0,0
2025-06-07 09:30:00+00:00,415.7797679,0,23.2,416.1221285,0,22.84829932,13.92857143,142.0955736,814.3409466,53.09849722,16.38105751,35.07439097,0,0
2025-06-07 09:45:00+00:00,416.0801619,0,23.28888889,416.2134449,0,22.9,14.08666667,147.6455322,892.3321736,54.39133333,16.52402222,34.89271493,0,0
2025-06-07 10:00:00+00:00,416.301012,0,23.32307692,416.8805735,0,22.95714286,14.20769231,153.1447479,729.6813985,55.4377551,17.02459184,34.96122707,0,0
2025-06-07 10:15:00+00:00,415.1198653,0,23.4,417.7271664,0,23,14.38111111,159.1619023,608.213481,56.3550696,16.76712216,35.10237179,0,0
2025-06-07 10:30:00+00:00,414.6485877,0,23.4,417.6634386,0,23,14.54642857,165.3061111,658.5618468,57.045,16.95255556,35.02566667,0,0
2025-06-07 10:45:00+00:00,414.7715786,0,23.4,417.7222365,0,23.03571429,14.78571429,170.8054924,530.2776548,57.46507937,16.81193182,34.68020408,0,0
2025-06-07 11:00:00+00:00,414.8039886,0,23.4,417.7149573,0,23.1,14.98333333,177.793381,654.5800484,57.7,17.14469444,35.02666667,0,0
2025-06-07 11:15:00+00:00,414.1928639,0,23.45238095,417.5572562,0,23.1,15.13845238,183.7614093,710.4056044,57.67767857,17.3107517,35.17040816,0,0
2025-06-07 11:30:00+00:00,413.9888192,0,23.5,417.3310707,0,23.18060606,15.32208995,190.4635094,813.3048752,57.42975397,17.72609632,34.89109596,0,0
2025-06-07 11:45:00+00:00,414.0085034,0,23.5,417.3667823,0,23.2,15.47142857,196.8123214,940.4004352,56.92547619,18.09011905,34.8284127,0,0
2025-06-07 12:00:00+00:00,413.7666962,0,23.58333333,416.146558,0,23.23942593,15.61388889,202.3746044,441.7039176,56.26077946,17.94374916,34.9,0,0
2025-06-07 12:15:00+00:00,413.6066667,0,23.6,416.4977778,0,23.3,15.79333333,208.4711111,489.5341178,55.30611111,17.44666667,34.78962963,0,0
2025-06-07 12:30:00+00:00,413.7158348,0,23.6,416.4857443,0,23.3,15.95,213.7839634,270.8256564,54.2585119,17.0599178,34.79285714,0,0
2025-06-07 12:45:00+00:00,413.4505739,0,23.63333333,416.837037,0,23.30133333,16.125,219.478037,251.2140067,52.85042593,17.50308148,34.8,0,0
2025-06-07 13:00:00+00:00,413.5842115,0,23.7,415.7898815,0,23.4,16.33974359,224.53911,195.0806649,51.44289116,17.02930836,34.76632653,0,0
2025-06-07 13:15:00+00:00,413.7421264,0,23.7,416.8873735,0,23.4,16.54428571,229.2712456,128.0996844,49.88900855,15.70191871,34.63333333,0,0
2025-06-07 13:30:00+00:00,414.4461686,0,23.7,416.1270059,0,23.4,16.7,233.9304422,128.8049303,48.14634354,15.48005102,34.9,0,0
2025-06-07 13:45:00+00:00,413.2338989,0,23.7,416.0207488,0,23.4,16.82666667,238.2748968,134.0029569,46.39179894,15.26799048,34.9,0,0
2025-06-07 14:00:00+00:00,412.7374768,0,23.7,415.9328731,0,23.37619048,16.9297619,242.2444164,94.97937509,44.57558983,14.97452381,34.92816327,0,0
2025-06-07 14:15:00+00:00,412.8980258,0,23.63333333,415.3090909,0,23.3,17.06666667,246.4217566,109.8953386,42.53387037,14.73326551,35.26449206,0,0
2025-06-07 14:30:00+00:00,413.1954365,0,23.6,414.3853594,0,23.3,17.15576923,250.1493254,193.82047,40.56948413,14.62879058,35.51607143,0,0
2025-06-07 14:45:00+00:00,412.630307,0,23.67179487,415.0415404,0,23.32666667,17.2,253.5383333,215.8294384,38.68985185,14.80722751,35.18571429,0,0
2025-06-07 15:00:00+00:00,412.2606041,0,23.7,415.0853838,0,23.4,17.28666667,257.1367973,196.3207583,36.51840727,15.16727249,34.98148148,0,0
2025-06-07 15:15:00+00:00,412.0970383,0,23.7,413.7228647,0,23.4,17.39230769,260.7157313,164.4012726,34.2975907,15.36048753,34.9,0,0
2025-06-07 15:30:00+00:00,410.8828113,0,23.7,413.9338384,0,23.37333333,17.4,264.057381,112.4031331,32.14107143,14.99777857,34.87744108,0,0
2025-06-07 15:45:00+00:00,410.8869441,0,23.7,414.100102,0,23.3,17.40714286,267.0753735,106.8328977,30.09426062,15.029169,34.8,0,0
2025-06-07 16:00:00+00:00,410.8383135,0,23.7,413.9415658,0,23.3,17.5,270.2599206,115.2469598,27.89238095,15.011,35.04425926,0,0
2025-06-07 16:15:00+00:00,410.6300529,0,23.7,412.9596154,0,23.3,17.50666667,273.4560065,116.1952822,25.66130952,15.13591372,35.03319048,0,0
2025-06-07 16:30:00+00:00,411.0557398,0,23.7,413.46367,0,23.3,17.6,276.4234411,121.5582993,23.56882173,15.3025974,35.04555556,0,0
2025-06-07 16:45:00+00:00,410.9148718,0,23.62,413.717975,0,23.3,17.6,279.4183636,102.0802004,21.409,15.39511111,34.94666667,0,0
2025-06-07 17:00:00+00:00,410.03125,0,23.6,412.6094276,0,23.3,17.6,282.3478146,100.4032522,19.32737245,15.33725224,34.8,0,0
2025-06-07 17:15:00+00:00,410.2175265,0,23.6,412.0820513,0,23.3,17.6,285.2175926,71.82131397,17.25183333,15.2498,34.72513228,0,0
2025-06-07 17:30:00+00:00,409.1204212,0,23.6,411.5106213,0,23.3,17.6,288.0840057,35.07152486,15.23734563,15.03941915,34.79285714,0,0
2025-06-07 17:45:00+00:00,408.8826537,0,23.6,411.5375291,0,23.26923077,17.6,291.2575702,31.26056993,13.02205128,14.69807692,35.19157509,0,0
2025-06-07 18:00:00+00:00,408.2308333,0,23.6,411.0251936,0,23.2,17.69,293.9155219,26.38822536,11.23063973,14.41775741,35.6,0,0
2025-06-07 18:15:00+00:00,407.6202381,0,23.53047619,410.7061355,0,23.2,17.7,296.9345408,28.2334416,9.22457483,14.33393367,35.6,0,0
2025-06-07 18:30:00+00:00,407.7527473,0,23.5,410.1544133,0,23.2,17.7,299.9387302,20.91221281,7.321111111,14.1878,35.88666667,0,0
2025-06-07 18:45:00+00:00,407.7917517,0,23.5,409.7281219,0,23.12142857,17.7,302.7510289,10.33864825,5.5575,13.93363776,36.46959184,0,0
2025-06-07 19:00:00+00:00,407.5915751,0,23.48666667,408.5360739,0,23.1,17.74,305.9138095,4.166838135,3.718062771,13.73566667,36.32133333,0,0
2025-06-07 19:15:00+00:00,407.6168831,0,23.4,408.9835459,0,23.1,17.8,308.6370748,3.500242447,2.145238095,13.60127551,36.39321429,0,0
2025-06-07 19:30:00+00:00,407.255873,0,23.4,407.8601779,0,23.09081633,17.8,311.6647672,1.745217685,0.507513228,13.4307619,36.49064286,0,0
2025-06-07 19:45:00+00:00,406.9806122,0,23.4,407.4790186,0,23,17.8,314.9192177,0.572164113,-1.028174603,13.33482143,36.56284168,0,0
2025-06-07 20:00:00+00:00,406.7213675,0,23.4,407.8744367,0,23,17.8,318.1516284,0.140907407,-2.565714286,13.22,36.84148148,0,0
2025-06-07 20:15:00+00:00,406.226555,0,23.35,407.71441,0,22.97402597,17.8,321.248355,0,-3.907272727,13.08626623,36.81818182,0,0
2025-06-07 20:30:00+00:00,405.5130611,0,23.3,407.5552752,0,22.9,17.8,324.4714378,0,-5.227272727,12.92863736,36.7,0,0
2025-06-07 20:45:00+00:00,405.34993,0,23.3,407.8568627,0,22.9,17.8,327.8434381,0,-6.471215208,12.84017629,36.92102564,0,0
2025-06-07 21:00:00+00:00,405.1382376,0,23.3,407.7514529,0,22.9,17.8,331.1705438,0,-7.581080808,12.78065152,37.04,0,0
2025-06-07 21:15:00+00:00,404.8414966,0,23.22857143,407.1536179,0,22.9,17.8,334.4197503,0,-8.560505018,12.72837302,37,0,0
2025-06-07 21:30:00+00:00,404.9617094,0,23.2,406.3054882,0,22.9,17.8,337.8123223,0,-9.432063289,12.65031099,37,0,0
2025-06-07 21:45:00+00:00,404.5279304,0,23.2,405.5716155,0,22.85,17.8,341.1701531,0,-10.16734694,12.70142857,37.07053571,0,0
2025-06-07 22:00:00+00:00,404.3670106,0,23.2,405,0,22.8,17.8,344.7338307,0,-10.82895238,12.56895334,37.23606542,0,0
2025-06-07 22:15:00+00:00,404.0777778,0,23.15969388,405.3175922,0,22.8,17.8,348.3548571,0,-11.34761905,12.53895238,37.8,0,0
2025-06-07 22:30:00+00:00,403.9045717,0,23.1,405.4334523,0,22.8,17.8,351.7006777,0,-11.72659632,12.45444573,37.89285714,0,0
2025-06-07 22:45:00+00:00,403.377997,0,23.1,404.2544714,0,22.8,17.8,355.2568519,0,-11.96814815,12.48696296,37.65888889,0,0
2025-06-07 23:00:00+00:00,403.0534722,0,23.1,404.0822622,0,22.7732906,17.8,291.0638435,0,-12.1,12.40819728,37.44166667,0,0
2025-06-07 23:15:00+00:00,402.7631851,0,23.1,403.6568631,0,22.7,17.8,2.035949014,0,-12.07333333,12.22511569,37.46512821,0,0
2025-06-07 23:30:00+00:00,402.3969955,0,23.1,403.5349277,0,22.7,17.8,5.693806689,0,-11.95657596,12.12732143,38.31187979,0,0
2025-06-07 23:45:00+00:00,402.3315693,0,23.1,403.4924108,0,22.7,17.8,9.01762963,0,-11.66522222,12.13761039,38.22606061,0,0
2025-06-08 00:00:00+00:00,401.7681481,0,23.07142857,402.9338295,0,22.7,17.8,12.65449206,0,-11.27887372,12.06611447,38.2,0,0
2025-06-08 00:15:00+00:00,402.1823413,0,23,402.3859645,0,22.62857143,17.8,16.34045558,0,-10.70030612,12.00051123,38.06828231,0,0
2025-06-08 00:30:00+00:00,401.7309093,0,23,401.4214745,0,22.6,17.83333333,19.65788889,0,-10.05033333,11.87238095,38.14006536,0,0
2025-06-08 00:45:00+00:00,400.0637755,0,23,401.2386218,0,22.6,17.9,23.11071429,0,-9.273809524,11.91,38.28857143,0,0
2025-06-08 01:00:00+00:00,399.8234873,0,23,401.5339766,0,22.6,17.9,26.53458466,0,-8.365714286,11.84547222,38.35444444,0,0
2025-06-08 01:15:00+00:00,399.7067766,0,23,400.6039086,0,22.6,17.9,29.85532313,0,-7.366505102,11.7349127,38.22857143,0,0
2025-06-08 01:30:00+00:00,399.1512724,0,22.96,399.8908841,0,22.6,17.9,33.04330159,0,-6.272825397,11.61343095,38.36075758,0,0
2025-06-08 01:45:00+00:00,398.2046032,0,22.92307692,399.5349495,0,22.6,17.9,36.37281085,0.000666667,-5.023246032,11.39313029,38.46904762,0,0
2025-06-08 02:00:00+00:00,398.5709586,0,22.9,399.0490799,0,22.6,17.9,39.48493197,0.173670199,-3.785119048,11.22,38.58875,0,0
2025-06-08 02:15:00+00:00,397.9162373,0,22.9,400.1079501,0,22.6,17.9,42.76113492,0.78875781,-2.286296296,11.13512593,38.84222222,0,0
2025-06-08 02:30:00+00:00,397.3178419,0,22.9,398.3048402,0,22.55714286,17.9,45.85748222,2.230799287,-0.788627087,10.96090754,38.92362013,0,0
2025-06-08 02:45:00+00:00,397.0322169,0,22.9,398.4234713,0,22.5,17.9,48.82328042,4.553428806,0.629444444,10.71908995,39.05796296,0,0
2025-06-08 03:00:00+00:00,397.7470119,0,22.9,398.6357887,0,22.5,17.9,51.76925685,8.723213322,2.2388322,10.66973027,39.39724276,0,0
2025-06-08 03:15:00+00:00,397.0039216,0,22.9,398.2693333,0,22.5,17.9,55.0988254,10.38496828,4.116857143,10.82666667,39.45068519,0,0
2025-06-08 03:30:00+00:00,396.8654401,0,22.9,397.4788569,0,22.5,17.9,57.92401515,13.63076951,5.785946197,10.92638528,39.44562075,0,0
2025-06-08 03:45:00+00:00,396.5196988,0,22.9,396.7149206,0,22.5,17.9,60.8537963,24.98033091,7.649708995,10.93611111,38.95101587,0,0
2025-06-08 04:00:00+00:00,395.9789985,0,22.9,396.2123385,0,22.5,17.9,63.72547619,39.04545445,9.477777778,11.00330952,38.80666667,0,0
2025-06-08 04:15:00+00:00,395.5403501,0,22.9,396.5520916,0,22.5,17.9,66.78746599,57.34884246,11.51054422,11.11055311,38.66205711,0,0
2025-06-08 04:30:00+00:00,396.1521223,0,22.9,396.0408592,0,22.5,17.9,69.72536917,58.10215713,13.56122896,11.33907879,38.43518519,0,0
2025-06-08 04:45:00+00:00,395.5552834,0,22.9,395.5786797,0,22.5,17.9,72.65954545,66.31829068,15.62906308,11.365,38.45522959,0,0
2025-06-08 05:00:00+00:00,395.7253968,0,22.9,395.1573549,0,22.54,17.9,75.53528571,90.30441071,17.63281746,11.53980952,38.38336182,0,0
2025-06-08 05:15:00+00:00,394.3,0,22.9,394.5135015,0,22.6,17.9,78.35957601,115.3390323,19.6278338,12.01753183,38.20737179,0,0
2025-06-08 05:30:00+00:00,394.4869048,0,23,394.7591098,0,22.6,17.9,81.41584175,206.5001576,21.8367037,12.49771652,37.58931217,0,0
2025-06-08 05:45:00+00:00,393.2833915,0,23,394.3289704,0,22.6,17.9,84.25230159,178.7942068,23.87277778,12.99080087,37.37377551,0,0
2025-06-08 06:00:00+00:00,393.3906287,0,23,394.5955556,0,22.6,17.9,87.37337786,181.7255556,26.07215727,13.35220718,36.69910053,0,0
2025-06-08 06:15:00+00:00,393.2730918,0,23.02444444,394.2024226,0,22.66814815,17.9,90.59638075,216.6809334,28.32808466,13.83567857,36.29216667,0,0
2025-06-08 06:30:00+00:00,392.477381,0,23.1,394.5791972,0,22.7,17.9,93.64103278,240.0680815,30.41355932,14.0936096,35.89214286,0,0
2025-06-08 06:45:00+00:00,392.3987205,0,23.1,395.0015395,0,22.70666667,17.9,96.9223165,318.530581,32.59838889,14.88184512,35.22296296,0,0
2025-06-08 07:00:00+00:00,392.5198604,0,23.14115646,394.6038702,0,22.8,17.9,100.07641,191.8721842,34.62387755,15.30342716,35.10793651,0,0
2025-06-08 07:15:00+00:00,391.9734953,0,23.2,393.5982804,0,22.8,17.9,103.5390921,188.4021434,36.75700938,15.21298485,35.09166667,0,0
2025-06-08 07:30:00+00:00,392.3962121,0,23.2,393.5231698,0,22.8,17.9,107.1085926,199.4942061,38.89079101,14.91533333,35.22266667,0,0
2025-06-08 07:45:00+00:00,392.0323826,0,23.2,393.0075769,0,22.8,17.9,110.8523025,150.8496293,40.98452381,14.83527473,35.2,0,0
2025-06-08 08:00:00+00:00,392.3901099,0,23.20666667,392.575113,0,22.8,17.9,114.6945286,173.2663513,42.94346032,14.66609392,35.17083333,0,0
2025-06-08 08:15:00+00:00,391.9343537,0,23.3,392.7184874,0,22.85044643,17.9,118.2733992,191.6211737,44.68623895,14.42229459,35.40773565,0,0
2025-06-08 08:30:00+00:00,391.9728934,0,23.3,393.8255962,0,22.9,17.9,122.6874074,226.2952194,46.64488696,14.28118519,35.676633,0,0
2025-06-08 08:45:00+00:00,391.5884874,0,23.3,394.1013213,0,22.9,17.9,126.9783889,180.3854055,48.41704867,14.18176217,35.75212912,0,0
2025-06-08 09:00:00+00:00,391.0074438,0,23.3,393.1241758,0,22.9,17.9,131.839914,206.1285422,50.14829358,13.85748522,35.95200204,0,0
2025-06-08 09:15:00+00:00,390.4122449,0,23.4,393.0329314,0,22.94083694,17.9,136.3351247,278.8366448,51.61049036,14.37428425,36.04245104,0,0
2025-06-08 09:30:00+00:00,391.4145411,0,23.4,394.4915205,0,23,17.9,141.8988333,194.5819658,53.12711111,14.31423502,35.40022246,0,0
2025-06-08 09:45:00+00:00,391.1093145,0,23.4,393.1479139,0,23,17.9,147.3932462,219.719662,54.4215873,14.10315873,35.645,0,0
2025-06-08 10:00:00+00:00,390.6143873,0,23.4,394.0976941,0,23,17.9,152.8791799,161.1853304,55.50752525,13.9642328,36.02641392,0,0
2025-06-08 10:15:00+00:00,390.6887916,0,23.4,393.7013763,0,23,17.98,159.0173733,139.4110588,56.42141026,13.74798812,35.98956349,0,0
2025-06-08 10:30:00+00:00,391.2286812,0,23.4,394.0962949,0,23.08246753,18,165.2188396,121.0236077,57.11648352,13.50256868,36.46167691,0,0
2025-06-08 10:45:00+00:00,391.067451,0,23.4,394.7888889,0,23.1,18,171.1819094,99.07891441,57.57277442,13.24499222,36.4,0,0
2025-06-08 11:00:00+00:00,391.1658667,0,23.4,394.9088903,0,23.05571429,18,177.7713706,80.56879656,57.8,13.02591734,36.86142857,0,0
2025-06-08 11:15:00+00:00,391.3197811,0,23.4,394.1380471,0,23,18,184.1142328,69.52342446,57.76666667,12.75149206,36.98051282,0,0
2025-06-08 11:30:00+00:00,391.2125838,0,23.4,393.9760121,0,23,18,190.0461586,52.35935418,57.56274499,12.71508209,37.39000458,0,0
2025-06-08 11:45:00+00:00,390.6032011,0,23.4,393.6597827,0,23,18,196.7723413,68.69323184,57.02453704,12.46888889,37.66351323,0,0
2025-06-08 12:00:00+00:00,390.8204545,0,23.4,393.8777778,0,23,18,202.9135729,104.3379411,56.29085185,12.33037374,37.92448718,0,0
2025-06-08 12:15:00+00:00,390.7306238,0,23.4,393.2904762,0,23,18,208.7085573,121.573415,55.3531746,12.52944444,37.75364049,0,0
2025-06-08 12:30:00+00:00,390.5372054,0,23.4,392.4134497,0,23,18,214.2887918,109.4093308,54.2352381,12.66625,37.33703704,0,0
2025-06-08 12:45:00+00:00,390.7422562,0,23.4,393.1798904,0,23,18,219.5773377,105.7863727,52.9337013,12.70011905,37.42619048,0,0
2025-06-08 13:00:00+00:00,390.0308117,0,23.4,393.0778571,0,23,18,224.3633501,91.23013476,51.58375685,12.42958333,37.591,0,0
2025-06-08 13:15:00+00:00,390.7864641,0,23.4,392.8019136,0,23,18,229.2855468,116.5435463,49.9545756,11.59774754,38.49678143,0,0
2025-06-08 13:30:00+00:00,390.6988131,0,23.4,393.4957576,0,23,18,234.0410139,91.78147959,48.23809836,11.35192381,38.84506186,0,0
2025-06-08 13:45:00+00:00,390.912731,0,23.4,393.5836018,0,23,17.90666667,238.3599603,92.68361084,46.45346825,11.35093621,38.96466667,0,0
2025-06-08 14:00:00+00:00,390.6154262,0,23.4,393.1464984,0,23,17.9,242.6373724,92.13035301,44.4976801,11.52149747,38.54285714,0,0
2025-06-08 14:15:00+00:00,390.8329441,0,23.4,392.6692124,0,22.99333333,17.9,246.4479259,80.62578028,42.63690043,11.63211111,38.65207977,0,0
2025-06-08 14:30:00+00:00,391.7027683,0,23.4,392.1854191,0,22.9,17.9,250.2278935,78.38888253,40.63729306,11.8600572,38.34775641,0,0
2025-06-08 14:45:00+00:00,391.0329182,0,23.4,391.4748588,0,22.9,17.9,253.8867338,89.98326849,38.56428978,12.05305556,37.82,0,0
2025-06-08 15:00:00+00:00,390.8347222,0,23.4,391.3881302,0,22.9,17.9,257.2989377,105.4413556,36.55583791,12.40579976,37.67142857,0,0
2025-06-08 15:15:00+00:00,390.3335331,0,23.4,391.9517055,0,22.92666667,17.9,260.6164063,135.2689647,34.48787037,12.7628287,37.39333333,0,0
2025-06-08 15:30:00+00:00,389.6557642,0,23.4,392.3355789,0,23,17.9,263.761057,116.3091421,32.43784271,12.87234416,37.12717949,0,0
2025-06-08 15:45:00+00:00,390.4463797,0,23.4,391.7898882,0,23,17.9,267.015855,114.3289038,30.24099206,12.74543419,37.24002976,0,0
2025-06-08 16:00:00+00:00,389.6236111,0,23.4,391.7733571,0,23,17.9,269.9461039,112.9113247,28.21714286,12.69157143,36.9369697,0,0
2025-06-08 16:15:00+00:00,388.9023059,0,23.4,392.3286555,0,22.97857143,17.9,273.4494841,97.5136009,25.77439909,12.63449258,37.16980617,0,0
2025-06-08 16:30:00+00:00,389.2159259,0,23.4,392.0019843,0,22.935,17.9,276.2453583,90.4592935,23.79075397,12.69299663,37.4457037,0,0
2025-06-08 16:45:00+00:00,389.9446644,0,23.4,392.3130723,0,22.97142857,17.9,279.3140164,78.56187929,21.58749433,12.78664541,37.45278499,0,0
2025-06-08 17:00:00+00:00,389.8248071,0,23.4,392.5287266,0,22.9,17.9,281.8677962,69.15137243,19.73973424,12.90066667,37.19521827,0,0
2025-06-08 17:15:00+00:00,388.5777778,0,23.4,392.0795133,0,22.9,17.9,285.3282455,54.99030644,17.32020975,12.90330357,36.82385204,0,0
2025-06-08 17:30:00+00:00,388.5626829,0,23.32,391.5990161,0,22.9,17.9,288.019303,46.42017819,15.36479461,12.89,37.01722222,0,0
2025-06-08 17:45:00+00:00,388.7109159,0,23.3,391.6506995,0,22.9,17.9,291.1231097,33.55378975,13.23240013,12.95831493,37.06563645,0,0
2025-06-08 18:00:00+00:00,389.5726245,0,23.3,391.151118,0,22.9,17.9,293.9494814,22.65780633,11.3364517,12.9237987,37.21416667,0,0
2025-06-08 18:15:00+00:00,388.4499847,0,23.3,390.6777068,0,22.9,17.9,296.7203831,21.58689499,9.486577381,12.69041071,37.41269841,0,0
2025-06-08 18:30:00+00:00,388.4179426,0,23.3,390.5746345,0,22.9,17.9,299.8765079,19.1052344,7.452777778,12.672,37.11800289,0,0
2025-06-08 18:45:00+00:00,388.6975654,0,23.23644444,390.0822717,0,22.9,17.9,302.8680159,19.50141637,5.577539683,12.63701323,37.19222222,0,0
2025-06-08 19:00:00+00:00,388.4039502,0,23.2,389.9714286,0,22.87063492,17.9,305.7252778,10.4984553,3.906309524,12.63261905,37.29885754,0,0
2025-06-08 19:15:00+00:00,388.4557643,0,23.2,390.1540065,0,22.8,17.9,308.6110606,6.623045979,2.278326118,12.4110101,37.54141544,0,0
2025-06-08 19:30:00+00:00,388.1882473,0,23.2,389.9893293,0,22.8,17.9,311.6842956,2.252629574,0.611042826,12.34092812,37.46679108,0,0
2025-06-08 19:45:00+00:00,388.3128863,0,23.16428571,389.3860993,0,22.8,17.9,315.0088225,0.453626869,-0.991274651,12.55877778,37.26025493,0,0
2025-06-08 20:00:00+00:00,388.4066627,0,23.1,388.7530075,0,22.8,17.9,317.8230027,0.357439046,-2.316717687,12.53228458,37.45340215,0,0
2025-06-08 20:15:00+00:00,388.5298822,0,23.1,389.2957257,0,22.73793651,17.9,321.3894497,0.062566667,-3.874574074,12.26359418,37.44388889,0,0
2025-06-08 20:30:00+00:00,388.4321657,0,23.1,389.1887308,0,22.7,17.9,324.4662546,0,-5.14502442,12.02545788,37.92952316,0,0
2025-06-08 20:45:00+00:00,388.4110523,0,23.1,388.7249417,0,22.7,17.9,327.7699182,0,-6.362201058,11.93187037,38.1,0,0
2025-06-08 21:00:00+00:00,387.7656527,0,23.09333333,388.0205304,0,22.7,17.9,330.9851804,0,-7.450190476,11.7608658,38.24666667,0,0
2025-06-08 21:15:00+00:00,387.5854748,0,23.03816327,388.3392857,0,22.63469388,17.9,334.4978942,0,-8.477268089,11.61951221,38.3,0,0
2025-06-08 21:30:00+00:00,386.91042,0,23,388.5397661,0,22.6,17.9,337.8990476,0,-9.354166667,11.70644048,38.35966667,0,0
2025-06-08 21:45:00+00:00,387.4391662,0,23,387.5000382,0,22.6,17.9,341.2873344,0,-10.10190476,11.77709166,38.3,0,0
2025-06-08 22:00:00+00:00,386.9361111,0,23,387.1860038,0,22.6,17.9,344.7030544,0,-10.74062169,11.74021645,38.3,0,0
2025-06-08 22:15:00+00:00,386.4572379,0,23,387.7701951,0,22.6,17.9,348.112373,0,-11.2309536,11.59797619,38.3,0,0
2025-06-08 22:30:00+00:00,386.2664399,0,23,386.7584354,0,22.6,17.9,351.7600833,0,-11.64294692,11.39409864,38.48928571,0,0
2025-06-08 22:45:00+00:00,387.3961025,0,22.95566667,387.8774665,0,22.59333333,17.9,355.0999639,0,-11.85740741,11.23826936,38.54844444,0,0
2025-06-08 23:00:00+00:00,386.8052154,0,22.9,387.7919279,0,22.5,17.9,319.2093723,0,-12,10.97214286,38.6,0,0
2025-06-08 23:15:00+00:00,386.492728,0,22.9,387.1347338,0,22.5,17.9,2.113062271,0,-11.99333333,10.894829,38.7045362,0,0
2025-06-08 23:30:00+00:00,386.198928,0,22.9,386.7034783,0,22.5,17.9,5.744996135,0,-11.83979592,10.7827551,38.90549887,0,0
2025-06-08 23:45:00+00:00,385.6125397,0,22.9,386.4567599,0,22.5,17.9,9.235198413,0,-11.54,10.66858333,39.1089652,0,0
2025-06-09 00:00:00+00:00,385.9309956,0,22.9,385.2826335,0,22.48,17.84626984,12.73975641,0,-11.1570641,10.58551282,39.49481481,0,0
2025-06-09 00:15:00+00:00,385.6941421,0,22.89464286,386.2003624,0,22.4,17.8,16.15017857,0,-10.63619048,10.55186607,39.66400093,0,0
2025-06-09 00:30:00+00:00,385.6352316,0,22.84,385.9311417,0,22.4,17.8,19.69126984,0,-9.992222222,10.3858709,39.55583333,0,0
2025-06-09 00:45:00+00:00,385.693758,0,22.8,386.053816,0,22.4,17.8,22.99372088,0,-9.219506803,10.29880952,39.86043956,0,0
2025-06-09 01:00:00+00:00,385.5249603,0,22.82777778,385.9473934,0,22.4,17.8,26.37273329,0,-8.319217172,10.29775397,39.71666667,2.559859167,4.706915935
2025-06-09 01:15:00+00:00,384.2079173,0,22.8,385.4659075,0,22.4,17.8,29.89736488,0,-7.257617216,10.44000488,39.8297619,0,0.258909091
2025-06-09 01:30:00+00:00,384.2505952,0,22.8,384.5535714,0,22.33772959,17.70769231,33.19047619,0,-6.139285714,10.39857143,39.84857143,0,0.052380952
2025-06-09 01:45:00+00:00,384.8051101,0,22.8,385.0848485,0,22.30140741,17.7,36.31694444,0.000645161,-4.950873016,10.38069444,39.62461538,0,0
2025-06-09 02:00:00+00:00,384.629849,0,22.8,385.1597985,0,22.3,17.7,39.53249613,0.167396035,-3.622562358,10.30385488,39.61587302,0,0
2025-06-09 02:15:00+00:00,383.3481814,0,22.8,384.9169023,0,22.3,17.7,42.64246296,0.749888462,-2.254021164,10.19391111,39.99333333,0,0
2025-06-09 02:30:00+00:00,383.943665,0,22.72602041,384.1447169,0,22.3,17.7,45.65438492,1.963533506,-0.802414966,10.02643182,40.09285714,0,0
2025-06-09 02:45:00+00:00,383.5903317,0,22.76037037,384.1331353,0,22.3,17.7,48.7351649,4.546406462,0.662301946,9.85999283,40.01087831,0,0
2025-06-09 03:00:00+00:00,385.0440476,0,22.8,384.2074612,0,22.3,17.7,51.84705892,9.817792578,2.362565657,9.868094276,39.832,0,0
2025-06-09 03:15:00+00:00,383.2235335,0,22.76816739,383.847995,0,22.3,17.7,55.05500611,17.90216644,4.182653061,9.957761905,40.17307692,0,0
2025-06-09 03:30:00+00:00,383.0772467,0,22.70133333,383.9785661,0,22.3,17.7,57.6944305,27.93549184,5.80076455,9.953113035,40.3,0,0
2025-06-09 03:45:00+00:00,382.7185658,0,22.8,383.4804422,0,22.3,17.7,60.83527003,41.45578142,7.713201281,10.09732143,40.14642292,0,0
2025-06-09 04:00:00+00:00,382.3602633,0,22.8,383.8871612,0,22.3,17.7,63.78195046,61.00141033,9.646640212,10.24666667,39.84561688,0,0
2025-06-09 04:15:00+00:00,381.9210784,0,22.8,383.4077669,0,22.34910714,17.7,66.61693485,89.30860309,11.50398548,10.45232143,39.46826581,0,0
2025-06-09 04:30:00+00:00,381.1086657,0,22.8,383.1878367,0,22.32813187,17.7,69.14466531,108.8150629,13.25265296,10.65923516,39.64658761,0,0
2025-06-09 04:45:00+00:00,389.138884,0,22.8610119,383.2100122,0,22.4,17.66309524,72.4387899,150.797168,15.55277015,11.12669152,39.18002268,0,0
2025-06-09 05:00:00+00:00,401.4079707,0,22.9,383.8419523,0,22.4,17.6,75.46563252,138.7718392,17.67617196,11.34542629,38.798,0,0
2025-06-09 05:15:00+00:00,400.2648693,0,22.9,383.4671548,0,22.40178571,17.6,78.21011905,114.9536556,19.64572511,11.38377345,38.35407378,0,0.004128046
2025-06-09 05:30:00+00:00,400.2780331,0,22.9,382.525716,0,22.49333333,17.6,81.22512169,95.66383583,21.82908466,11.13932698,38.62619529,0,0
2025-06-09 05:45:00+00:00,399.6888889,0,22.9,383.3606061,0,22.5,17.6,84.26257143,105.8109678,23.972,11.18865079,38.9,0,0
2025-06-09 06:00:00+00:00,399.5089286,0,22.9,383.7243495,0,22.5,17.6,87.38714286,120.5134178,26.15829082,11.1793254,38.9,0,0
2025-06-09 06:15:00+00:00,399.6053057,0,22.9,383.3174607,0,22.5,17.6,90.49767196,167.4687704,28.36884921,11.39676751,38.76292857,0,0
2025-06-09 06:30:00+00:00,399.0343772,0,22.97857143,383.1256755,0,22.55446429,17.6,93.53339259,292.4507572,30.46404471,11.55342736,38.61815874,0,0
2025-06-09 06:45:00+00:00,398.4297506,0,23,383.8569034,0,22.6,17.6,96.74087179,407.9192908,32.60082784,12.05555094,38.18598485,0,0
2025-06-09 07:00:00+00:00,398.800237,0,23.00119048,384.2396169,0,22.6,17.6,100.2243112,381.6565372,34.80613095,12.11696429,37.93988095,0,0
2025-06-09 07:15:00+00:00,398.7627772,0,23.08,384.5089196,0,22.63166667,17.6,103.5505368,318.7273973,36.85860317,12.28564038,38.00330484,0,0.000115942
2025-06-09 07:30:00+00:00,399.2204545,0,23.1,384.5722195,0,22.7,17.6,107.1930185,401.3083302,39.03192593,12.37134343,37.69614815,0,0
2025-06-09 07:45:00+00:00,399.7098665,0,23.1,384.8046873,0,22.7,17.6,110.7652664,455.4982705,41.0199982,12.56561224,37.63979592,0,0
2025-06-09 08:00:00+00:00,399.2036264,0,23.12888889,385,0,22.70222222,17.6,113.9466629,532.2884043,42.6715701,12.78960847,37.58469674,0,0
2025-06-09 08:15:00+00:00,399.8170638,0,23.2,385.6888053,0,22.79642857,17.6,118.58288,377.6570513,44.94041821,12.91844156,36.99063216,0,0
2025-06-09 08:30:00+00:00,400.406461,0,23.2,385.3257835,0,22.8,17.6,122.8308184,265.0176212,46.82382958,12.87455898,37.24493747,0,0
2025-06-09 08:45:00+00:00,400.5324675,0,23.21904762,386.2045954,0,22.83112245,17.6,127.1504422,430.2716853,48.54431973,13.01893682,37.15438776,0,0
2025-06-09 09:00:00+00:00,401.4040705,0,23.3,387.043155,0,22.9,17.6,131.8828095,539.9250275,50.2557381,13.37877441,36.6,0,0
2025-06-09 09:15:00+00:00,401.5589286,0,23.3,387.1354767,0,22.9,17.6,136.6442319,422.6478148,51.775411,13.27673469,36.53513154,0,0
2025-06-09 09:30:00+00:00,401.5602863,0,23.36954545,387.0421241,0,22.94777778,17.6,141.7187461,556.6265907,53.19625339,13.49694721,36.35948311,0,0
2025-06-09 09:45:00+00:00,402.0195286,0,23.4,387.6591531,0,23,17.6,147.2766667,464.1277996,54.48777778,13.73282051,36.54,0,0
2025-06-09 10:00:00+00:00,401.5007143,0,23.4,388.0318243,0,23,17.6,152.8805556,448.6440996,55.55153061,13.74173872,36.50085151,0,0
2025-06-09 10:15:00+00:00,402.4367456,0,23.40714286,387.8145022,0,23.06083333,17.6,158.818963,654.2542463,56.4833082,14.14410505,35.77434392,0,0
2025-06-09 10:30:00+00:00,401.4638608,0,23.475,387.6806158,0,23.1,17.57845118,164.9468349,396.3503852,57.20562376,14.09403495,35.90293703,0,0
2025-06-09 10:45:00+00:00,402.7469333,0,23.5,387.8512454,0,23.1,17.5,171.2504762,366.5087567,57.67026455,13.92544444,36.20186823,0,0
2025-06-09 11:00:00+00:00,401.7570759,0,23.5,388.5074925,0,23.12857143,17.5,177.6545493,668.4964081,57.88571429,14.21867262,35.74608071,0,0
2025-06-09 11:15:00+00:00,403.1474074,0,23.5,388.6060199,0,23.2,17.5,183.7433889,391.756917,57.87060317,14.32812698,35.29657143,0,0
2025-06-09 11:30:00+00:00,403.3465938,0,23.56,388.3654459,0,23.2,17.5,190.2706898,352.0013014,57.61511111,14.35309668,35.24697436,0,0
2025-06-09 11:45:00+00:00,402.9852001,0,23.6,388.2252761,0,23.2,17.49795918,196.2978175,570.9532309,57.14967186,14.71010989,35.38068001,0,0
2025-06-09 12:00:00+00:00,403.2992754,0,23.6,388.9156131,0,23.27444444,17.4,202.7589466,496.1173691,56.4028735,14.8988862,35.21824786,0,0
2025-06-09 12:15:00+00:00,403.297961,0,23.6,389.1375346,0,23.3,17.4,208.3467851,332.321324,55.50024975,14.81178571,35.42211277,0,0
2025-06-09 12:30:00+00:00,403.3974692,0,23.6,389.9825641,0,23.3,17.4,214.2578704,498.0957826,54.32829365,15.18525,34.84666667,0,0
2025-06-09 12:45:00+00:00,403.2047104,0,23.67857143,390.0208613,0,23.37857143,17.4,219.6363605,342.7120399,53.0415873,15.23085343,34.72732684,0,0
2025-06-09 13:00:00+00:00,404.5015637,0,23.7,389.9622545,0,23.42,17.4,224.6324524,606.4761976,51.60562771,15.20303571,34.72,0,0
2025-06-09 13:15:00+00:00,404.2442613,0,23.74285714,389.3230725,0,23.525,17.4,229.4892344,624.2804063,50.01037827,16.03489867,34.98748751,0,0
2025-06-09 13:30:00+00:00,404.7077725,0,23.8,390.4805086,0,23.6,17.4,233.8598917,380.9987013,48.40573127,15.68859969,35.09771429,0,0
2025-06-09 13:45:00+00:00,404.7128427,0,23.83660714,390.1217095,0,23.6010989,17.4,238.2314935,605.4268917,46.61397135,15.71323683,34.77354798,0,0
2025-06-09 14:00:00+00:00,405.0442973,0,23.9,390.5630921,0,23.73333333,17.4,242.593619,569.748546,44.64994709,15.98349206,34.75480135,0,0
2025-06-09 14:15:00+00:00,406.2092549,0,23.96,390.8541165,0,23.83190476,17.4,246.3199461,447.0073383,42.81636345,15.77948718,34.78814815,0,0
2025-06-09 14:30:00+00:00,407.2093254,0,24,389.9580845,0,23.9,17.4,250.3134184,335.8886169,40.65339286,15.64462755,35.11498299,0,0
2025-06-09 14:45:00+00:00,405.9548148,0,24.04,390.138961,0,24.028,17.4,253.8833925,490.8872676,38.66456878,16.04305079,35.06540598,0,0
2025-06-09 15:00:00+00:00,406.4549507,0,24.1,390.6214357,0,24.12460317,17.4,257.3243362,472.4410665,36.61991342,16.11295238,34.85102707,0,0
2025-06-09 15:15:00+00:00,407.8698485,0,24.2,390.9419014,0,24.25733333,17.4,260.6691414,420.2964556,34.5567756,16.16033317,35.20132837,0,0
2025-06-09 15:30:00+00:00,406.3546821,0,24.2625,391.728551,0,24.39583333,17.4,264.0411629,406.2588187,32.3589611,16.3896846,34.40873299,0,0
2025-06-09 15:45:00+00:00,407.4680303,0,24.3,391.7615748,0,24.5,17.4,267.0795812,349.7337044,30.30970899,16.08228068,34.3137037,0,0
2025-06-09 16:00:00+00:00,407.4370142,0,24.34833333,390.9158833,0,24.548,17.4,270.4396667,316.4301282,27.98381481,16.15863818,35.57335257,0,0
2025-06-09 16:15:00+00:00,408.397479,0,24.4,392.2137412,0,24.6,17.4,273.5213889,262.7830872,25.81777778,15.99359637,35.32431973,0,0
2025-06-09 16:30:00+00:00,408.8050794,0,24.4,391.8318727,0,24.6,17.48666667,276.3645,256.5955732,23.81322222,16.16188095,34.76805556,0,0
2025-06-09 16:45:00+00:00,408.6096921,0,24.41428571,392.0116092,0,24.67755102,17.5,279.2496435,264.4948475,21.7504932,16.01054422,35.20981501,0,0
2025-06-09 17:00:00+00:00,409.0983107,0,24.5,392.1950617,0,24.73333333,17.5,282.3097719,223.3328184,19.53430556,15.95570513,35.21505903,0,0
2025-06-09 17:15:00+00:00,408.7810091,0,24.5,392.7071429,0,24.8,17.5,285.1585214,191.4392453,17.5153996,15.77985209,35.00253401,0,0
2025-06-09 17:30:00+00:00,409.653009,0,24.5,392.0634083,0,24.8,17.5,288.1753382,146.4329985,15.36027441,15.49676013,35.17847619,0,0
2025-06-09 17:45:00+00:00,408.9625,0,24.5,392.6824487,0,24.70931217,17.5,291.1762963,107.3589137,13.29814815,15.34622222,34.95387205,0,0
2025-06-09 18:00:00+00:00,409.4285714,0,24.5,392.1929938,0,24.60416667,17.5,294.0785045,79.0768441,11.32368734,15.06735119,34.60297619,0,0
2025-06-09 18:15:00+00:00,409.1028613,0,24.5,392.7683609,0,24.6,17.5,296.7756014,65.72082501,9.535380471,14.86837374,35.12388334,0,0
2025-06-09 18:30:00+00:00,409.3067517,0,24.49285714,392.6069549,0,24.49285714,17.56428571,299.9095261,45.62063206,7.514951299,14.56034632,35.26734694,0,0
2025-06-09 18:45:00+00:00,409.1253565,0,24.4,393.1891624,0,24.39888889,17.6,302.7139793,24.68472463,5.782833333,14.18731775,35.9823139,0,0
2025-06-09 19:00:00+00:00,408.5748644,0,24.4,393.2779988,0,24.3,17.6,305.7032529,8.902816208,3.999616812,13.87292208,36.41441946,0,0
2025-06-09 19:15:00+00:00,408.9014863,0,24.33333333,394.0086523,0,24.20666667,17.6,308.8778409,2.987558702,2.226717542,13.51904762,36.48888889,0,0
2025-06-09 19:30:00+00:00,408.34046,0,24.3,393.2057158,0,24.12,17.6,312.0487593,3.37021337,0.521851852,13.54147903,36.3,0,0
2025-06-09 19:45:00+00:00,408.0150014,0,24.22142857,392.236764,0,24.05,17.6,315.1380102,1.487811828,-0.968877551,13.54738095,36.37222222,0,0
2025-06-09 20:00:00+00:00,408.3703121,0,24.2,392.6870399,0,23.95833333,17.6,318.1779894,0.497209923,-2.395478596,13.09390909,36.83443343,0,0
2025-06-09 20:15:00+00:00,408.2464667,0,24.11339286,392.2965766,0,23.8952381,17.6,321.3255584,0.121142857,-3.759183674,12.60510513,37.15663462,0,0
2025-06-09 20:30:00+00:00,408.2057576,0,24.07866667,391.5420875,0,23.8,17.6,324.5567393,0,-5.074900285,12.4494359,37.63486143,0,0
2025-06-09 20:45:00+00:00,408.1311244,0,24,391.8311342,0,23.8,17.64217687,327.5570305,0,-6.200855395,12.28418303,37.69825092,0,0
2025-06-09 21:00:00+00:00,408.0368787,0,23.99333333,390.806129,0,23.74133333,17.7,331.115037,0,-7.400925926,11.91728704,37.837,0,0
2025-06-09 21:15:00+00:00,407.4324671,0,23.9,390.7575,0,23.7,17.7,334.2243803,0,-8.344942308,11.60954832,38.66513228,0,0
2025-06-09 21:30:00+00:00,407.3981388,0,23.9,391.7612785,0,23.61428571,17.7,337.6657998,0,-9.224518141,11.59284276,38.56041667,0,0
2025-06-09 21:45:00+00:00,406.1951515,0,23.83925926,390.868655,0,23.6,17.7,341.0939538,0,-9.984585859,11.52478095,38.67340548,0,0
2025-06-09 22:00:00+00:00,406.9388255,0,23.8,390.9847079,0,23.5505102,17.7,344.5247188,0,-10.62895833,11.55597591,38.66290852,0,0
2025-06-09 22:15:00+00:00,406.8495045,0,23.70914286,390.09,0,23.5,17.7,348.1578704,0,-11.17169312,11.44245791,38.3244697,0,0
2025-06-09 22:30:00+00:00,406.631555,0,23.7,390.6908061,0,23.41428571,17.76815476,351.1509394,0,-11.52589619,11.20695624,38.87667025,0,0
2025-06-09 22:45:00+00:00,406.1062713,0,23.6647619,389.9941084,0,23.4,17.8,354.682963,0,-11.75960784,11.3158,38.89354248,0,0
2025-06-09 23:00:00+00:00,406.005102,0,23.6,390.2414244,0,23.34339286,17.8,302.6690418,0,-11.9,11.40214064,38.52240829,0,0
2025-06-09 23:15:00+00:00,405.7808754,0,23.6,389.710303,0,23.3,17.8,2.123655881,0,-11.89916667,10.81553704,38.9899886,0,0
2025-06-09 23:30:00+00:00,405.5881874,0,23.6,389.4736189,0,23.3,17.8,5.648939486,0,-11.75,11.04144493,39.03256984,0,0
2025-06-09 23:45:00+00:00,405.6092104,0,23.53184524,389.271819,0,23.28214286,17.8,9.215263605,0,-11.52834467,11.16321712,38.79912698,0,0
2025-06-10 00:00:00+00:00,404.6865902,0,23.5,387.5610024,0,23.2,17.8,12.59076174,0,-11.10464557,10.80054098,39.11361111,0,0
2025-06-10 00:15:00+00:00,404.7565667,0,23.5,388.3215873,0,23.2,17.8,16.07549603,0,-10.6023984,10.87158333,39.37857143,0,0
2025-06-10 00:30:00+00:00,404.5513889,0,23.45333333,388.4836489,0,23.15833333,17.8,19.50308923,0,-9.938223906,10.84949242,39.38,0,0
2025-06-10 00:45:00+00:00,404.6294643,0,23.4,388.4756614,0,23.1,17.8,22.88395692,0,-9.167375283,11.46558815,38.69047619,0,0
2025-06-10 01:00:00+00:00,404.0561656,0,23.4,387.3113921,0,23.1,17.8,25.94327056,0,-8.352423521,11.55749832,38.36714286,0,0
2025-06-10 01:15:00+00:00,403.7526953,0,23.4,386.3950022,0,23.1,17.8,29.51593601,0,-7.302356532,12.06409555,38.05458069,0,0
2025-06-10 01:30:00+00:00,403.470289,0,23.4,385.7947028,0,23.015,17.8,32.94063866,0,-6.125098039,11.08003704,38.76411111,0,0
2025-06-10 01:45:00+00:00,403.4693444,0,23.4,386.2687879,0,23,17.8,36.2850873,0,-4.902634921,10.96619048,39.15176768,0,0
2025-06-10 02:00:00+00:00,402.9208488,0,23.38285714,386.0636849,0,23,17.8,39.4812585,0.114415584,-3.57952381,10.60760204,39.17535714,1.475013583,2.125699001
2025-06-10 02:15:00+00:00,402.7071895,0,23.37014815,386.1867129,0,23,17.8,42.56811415,0.31387265,-2.196111111,10.42666667,39.76380952,0,0
2025-06-10 02:30:00+00:00,404.7942384,0,23.33888889,389.6957281,0,22.96571429,17.8,45.72982169,1.3650741,-0.707142857,10.575,39.49953602,0,0
2025-06-10 02:45:00+00:00,417.4464622,0,23.39897959,408.5174607,0,23,17.8,48.84661111,2.890072727,0.796888889,10.87222222,39.29866169,0,0
2025-06-10 03:00:00+00:00,427.6433048,0,23.4,409.8739181,0,23,17.8,51.85221203,5.952755019,2.427312555,10.94,39.27322513,0,0
2025-06-10 03:15:00+00:00,426.2663614,0,23.4,409.3704906,0,23,17.8,54.83371375,7.699440939,4.151154672,10.99964286,38.79515977,0,0
2025-06-10 03:30:00+00:00,425.5515027,0,23.4,408.3424413,0,23,17.8,57.83053872,8.762528904,5.937508418,10.97516809,38.6159596,0,0
2025-06-10 03:45:00+00:00,424.1650869,0,23.3974026,407.5340136,0,23,17.8,60.68775946,16.70818235,7.722291994,11.00179062,38.69047619,0,0
2025-06-10 04:00:00+00:00,423.5766667,0,23.39253968,406.4637927,0,22.97166667,17.8,63.67126984,17.68237534,9.669444444,11.22823942,39.03900433,0,0
2025-06-10 04:15:00+00:00,423.4710282,0,23.3,405.1975914,0,22.9,17.8,66.68752834,23.80575508,11.63973923,11.58174603,38.22539683,0,0
2025-06-10 04:30:00+00:00,422.9641484,0,23.3,405.1262885,0,22.9,17.8,69.59251924,38.84174599,13.65258658,11.82841751,37.80717949,0,0
2025-06-10 04:45:00+00:00,428.147635,0,23.30714286,405.0282295,0,22.9,17.8,72.4069161,37.11900583,15.62743764,12.15588555,37.79825113,0,0
2025-06-10 05:00:00+00:00,446.9853461,0,23.30933333,412.300812,0,22.9,17.8,75.32461279,30.58380421,17.66784512,12.32303704,37.75288889,0.00175,0
2025-06-10 05:15:00+00:00,465.772527,0,23.36622222,431.6223859,0,22.93177778,17.8,78.37930808,27.11605742,19.85983333,12.42095238,37.68,0.004292539,0.002494063
2025-06-10 05:30:00+00:00,489.2459325,0,23.42428571,475.7195019,0,23.04613095,17.8,81.25973094,27.75887897,21.91397809,12.56091837,37.4952381,0,0
2025-06-10 05:45:00+00:00,507.9902144,0,23.5,530.087288,0,23.15507937,17.8,84.18703704,32.46896648,24.00916667,12.61774505,37.54814815,0,0
2025-06-10 06:00:00+00:00,566.1269561,0,23.49460034,611.8251759,0,23.19489796,17.8,87.19533163,54.71341353,26.18230442,12.63035714,36.97338178,0,0
2025-06-10 06:15:00+00:00,611.0208897,0,23.54646825,655.536302,0,23.32944444,17.8,90.18984343,65.96073886,28.25709764,12.73533333,37.26965242,0,0
2025-06-10 06:30:00+00:00,689.1826427,0,23.67071429,670.769762,0,23.4,17.8,93.4994416,117.5411938,30.52906061,12.91318519,37.09336159,0,0
2025-06-10 06:45:00+00:00,752.779248,0,23.72181122,737.7419872,0,23.53515023,17.87142857,96.57711233,137.874914,32.58000698,13.13905112,36.72514946,0,0
2025-06-10 07:00:00+00:00,851.6823569,0,23.96923077,848.3993815,0,23.70666667,17.9,100.012672,106.8874789,34.79185897,13.31436905,36.76890212,0,0
2025-06-10 07:15:00+00:00,964.4156538,0,24.00089286,920.8070114,0,23.80426304,17.9,103.1558442,79.12272057,36.74733045,13.32117383,36.52835034,0,0
2025-06-10 07:30:00+00:00,1053.031691,0,24.08571429,1009.718716,0,23.94927778,17.9,106.8123016,177.8927078,38.90746032,13.42022222,36.56530873,0,0
2025-06-10 07:45:00+00:00,1133.548182,0,24.335,1108.463667,0,24.04880952,17.9,110.5830048,148.5325855,41.00608439,13.44132653,36.90308521,0,0
2025-06-10 08:00:00+00:00,1240.3199,0,24.45238095,1188.172726,0,24.2,17.9,114.4530556,157.7321964,43.01892569,13.54216667,36.4162963,0,0
2025-06-10 08:15:00+00:00,1287.368671,0,24.515,1276.023522,0,24.29333333,17.88666667,118.4091508,105.4593337,44.95350122,13.61082937,36.53935185,0,0
2025-06-10 08:30:00+00:00,1326.126434,40.7185838,24.54017857,1310.759809,21.90115915,24.28798186,17.52589286,122.5921344,261.1168453,46.80470238,13.76489796,36.26844594,0,0
2025-06-10 08:45:00+00:00,1314.991857,116.9210256,24.60481481,1322.371752,143.8869644,24.3,17.0140873,126.9639683,185.4503432,48.54966089,13.62199784,36.07688312,0,0
2025-06-10 09:00:00+00:00,1074.869233,250.0505669,24.37789116,1067.250384,256.4380625,24.09320192,16.6,131.6166966,156.0123287,50.24680756,13.48079271,36.26564626,0,0
2025-06-10 09:15:00+00:00,828.5682081,327.6750863,24.2509127,790.9253464,302.7274989,23.80021164,16.89444444,136.5104528,153.6134887,51.82223545,13.14480984,36.90265873,0,0
2025-06-10 09:30:00+00:00,721.1610727,319.3399415,24.31630463,678.2951353,283.6008586,23.78734694,16.92616883,141.0889377,109.4604646,53.08604396,13.05340143,36.91095333,0,0
2025-06-10 09:45:00+00:00,650.7642088,309.8093838,24.14354978,613.3409901,263.0173571,23.71428571,16.95714286,147.0690617,161.6445285,54.52220818,12.85457875,36.56560541,0,0
2025-06-10 10:00:00+00:00,619.3764021,315.649709,24.1293956,609.3966893,235.7647449,23.77809524,16.89615385,153.1067421,111.1201673,55.70929762,12.95777381,37.64009593,0,0
2025-06-10 10:15:00+00:00,607.3875572,311.7580407,23.99262755,591.9115015,213.116323,23.8,16.82047619,158.6249964,112.3905072,56.52846939,12.72559524,37.05760253,0,0
2025-06-10 10:30:00+00:00,585.270051,310.2520682,24.05930159,581.123824,196.8461711,23.84,17.06,164.6717786,177.5933463,57.21262898,12.81485644,37.13894958,0,0
2025-06-10 10:45:00+00:00,588.0719905,313.7240648,24.11428571,595.909943,185.6407972,23.84183673,17.10867347,171.1262515,166.0999601,57.70820578,12.87483516,37.07227564,0,0
2025-06-10 11:00:00+00:00,600.2161543,321.5938353,24.07833333,604.772914,175.5991367,23.86083333,17.01238095,176.495697,112.4940462,57.96666667,12.82994872,37.40739177,0,0
2025-06-10 11:15:00+00:00,590.2008396,317.3285028,24.16244898,606.4417654,166.0083962,23.92857143,16.95714286,184.129942,99.60424384,57.96135204,12.63207058,37.43478938,0,0
2025-06-10 11:30:00+00:00,577.6765297,314.8510472,24.08822222,592.0997267,161.1816781,23.9,16.97285714,190.3589235,95.66896814,57.66571429,12.55389744,37.59041771,0,0
2025-06-10 11:45:00+00:00,590.5427822,314.6378182,24.16456916,594.4579875,151.4678898,23.89464286,17.05962302,196.1007646,127.4613043,57.26164566,12.64095719,37.36821386,0,0
2025-06-10 12:00:00+00:00,607.7175459,314.5025421,24.21848073,615.8912844,143.0972171,23.94288889,17.16938776,202.3588244,67.82719322,56.51548533,12.81644541,37.37306638,0,0
2025-06-10 12:15:00+00:00,608.9413031,314.7494615,24.28428571,612.6418835,133.4540539,23.78966837,17.03571429,208.346904,78.835764,55.58159014,12.64389717,37.18522009,0,0
2025-06-10 12:30:00+00:00,607.8366553,312.9497835,24.26833333,606.2773078,117.6464767,23.83821429,17.12,214.0671032,159.6900566,54.45904762,12.91301587,37.2112037,0,0
2025-06-10 12:45:00+00:00,600.8814381,312.0387678,24.24255952,577.9187817,97.1151105,23.76819728,17.2,219.3834288,116.414424,53.19397567,13.17901273,37.04240842,0,0
2025-06-10 13:00:00+00:00,619.2969383,315.4177776,24.11633333,559.6446556,75.13338785,23.70666667,17.2,224.4053704,132.416237,51.74412698,13.35140741,36.34992424,0,0
2025-06-10 13:15:00+00:00,609.2342055,314.593254,24.235,589.9390668,62.58642583,23.82142857,16.97857143,229.4227058,59.92862776,50.12522963,12.98498155,36.73145604,0,0
2025-06-10 13:30:00+00:00,593.5357167,318.3213157,24.13344444,611.3359904,62.43384287,23.83333333,16.87,233.7227778,85.29327543,48.52339438,12.70354167,37.01238095,0,0
2025-06-10 13:45:00+00:00,565.4957951,310.9164535,24.05261905,601.9678424,61.89651529,23.86,17.10714286,237.9351587,124.3006313,46.83095238,12.93853016,37.37201634,0,0
2025-06-10 14:00:00+00:00,548.8736345,102.8598639,24.13107143,566.7747841,62.36834187,23.83415533,18.06663265,242.5317432,94.96122579,44.75020408,13.64692486,36.56473748,0,0
2025-06-10 14:15:00+00:00,545.9851304,62.58117586,24.2,570.9347466,62.7823056,23.8132037,16.56195238,246.3327222,64.43403925,42.8862963,14.91105707,35.08325926,0,0
2025-06-10 14:30:00+00:00,539.3108894,62.55157204,24.18782051,563.2027061,63.53356676,23.8,17.09583333,250.4011933,235.6136323,40.71078231,15.12859423,35.18048469,0,0
2025-06-10 14:45:00+00:00,535.7482739,63.16318753,24.20237037,550.7886905,62.86412771,23.8,16.415,253.9647143,265.1372314,38.70071429,14.84626984,35.06539683,0,0
2025-06-10 15:00:00+00:00,534.889899,62.55262626,24.16580952,543.5949851,63.47842099,23.72380952,16.89733333,257.3612037,88.54979524,36.69657407,14.93866667,35.09166667,0,0
2025-06-10 15:15:00+00:00,527.8510664,62.62921245,24.2,536.1047756,63.72144656,23.7,16.90615385,260.8208333,120.5229536,34.51746032,14.52540816,35.50757576,0,0
2025-06-10 15:30:00+00:00,525.6747171,62.48879341,24.05285714,531.8557542,63.21975388,23.7,15.94593407,263.4156444,86.15079074,32.82121656,14.82970934,35.30025673,0,0
2025-06-10 15:45:00+00:00,521.782688,62.28246012,24.06666667,524.3151322,63.11614567,23.63065359,16.13612418,266.5763374,56.59315634,30.71608356,14.59666444,35.48439339,0,0
2025-06-10 16:00:00+00:00,517.0979188,62.55867347,24.1,510.7806842,63.10006122,23.6,17.34642857,270.3264141,80.49688931,28.17140797,14.36620421,35.6,0,0
2025-06-10 16:15:00+00:00,512.8946789,62.39664502,24.01896825,501.7690495,63.15282625,23.55006349,16.28288889,273.456,62.75776858,25.99606349,13.89511111,36.18484848,0,0
2025-06-10 16:30:00+00:00,510.1966549,62.39124579,23.99555556,495.7051039,63.38299521,23.5,16.80333333,276.5012698,74.26334507,23.79957672,13.72585185,36.28962963,0,0
2025-06-10 16:45:00+00:00,506.5672738,62.43436131,23.90009251,491.3539649,63.7040184,23.48355866,17.38738611,279.1325758,46.14526455,21.90863636,13.44987013,36.35438936,0,0
2025-06-10 17:00:00+00:00,503.1641411,62.66904326,23.9,487.5947185,62.89900465,23.4,16.5220671,282.1267767,53.07679681,19.75247719,13.36337292,36.2179192,0,0
2025-06-10 17:15:00+00:00,501.3873352,62.46566443,23.725,482.631123,62.94958571,23.4,16.88411111,285.2067989,58.48443312,17.59801587,13.52051282,36.3818355,0,0
2025-06-10 17:30:00+00:00,498.542635,63.24482295,23.76666667,479.6948741,63.76509713,23.31564815,17.22433333,288.3034444,38.7861502,15.38668519,13.53859444,36.71785474,0,0
2025-06-10 17:45:00+00:00,496.4658009,63.15638528,23.71081633,477.4084249,63.8384519,23.3,17.10209184,291.2155499,27.5759186,13.38527494,13.81809073,36.53158163,0,0
2025-06-10 18:00:00+00:00,494.5765657,62.64632206,23.652,476.4110537,63.45231887,23.3,16.11666667,293.8497804,18.83342222,11.56656614,13.68572222,36.59166667,0,0
2025-06-10 18:15:00+00:00,494.448603,63.25695099,23.69428571,475.0495291,61.81237689,23.29714286,17.41267574,296.8830164,11.15311352,9.551113173,13.5484127,36.49335317,0,0
2025-06-10 18:30:00+00:00,492.9645106,62.68515466,23.56730159,473.158633,63.37694084,23.2,16.6674709,299.7033333,8.272356614,7.704722222,13.55833333,36.50464646,0,0
2025-06-10 18:45:00+00:00,492.7561843,63.07692308,23.6,472.1131237,62.92378674,23.2,16.13555556,302.7816667,9.3481795,5.818367347,13.45657823,36.57809524,0,0
2025-06-10 19:00:00+00:00,491.4262717,11.69590643,23.6,472.3008746,14.12539683,23.17733333,17.78888889,305.6059656,7.891992554,4.142912698,13.45012169,36.5,0,0
2025-06-10 19:15:00+00:00,490.3216596,0,23.6,470.2606869,0,23.1,18.44358974,308.833266,5.128702646,2.311130351,13.1532037,36.5,0,0
2025-06-10 19:30:00+00:00,489.5125217,0,23.50571429,470.1217326,0,23.1,18.5,311.9234371,3.980888695,0.634409341,13.06349206,36.66788836,0,0
2025-06-10 19:45:00+00:00,489.9399666,0,23.5,470.0788716,0,23.1,18.5,314.9855017,1.052699219,-0.773907407,13.00140741,36.8925,0,0
2025-06-10 20:00:00+00:00,488.2597269,0,23.5,469.233515,0,23.09910714,18.36984127,317.9984609,0.375323172,-2.239912132,13.03544321,36.88571429,0,0
2025-06-10 20:15:00+00:00,488.507105,0,23.5,468.4270845,0,23.04081481,18.01333333,321.3496104,0.085055556,-3.682424242,13.06727273,36.56966667,0,0
2025-06-10 20:30:00+00:00,487.723852,0,23.5,467.6832955,0,23,17.62176871,324.4770434,0,-4.989533086,13.17528345,36.66051587,0,0
2025-06-10 20:45:00+00:00,486.5547001,0,23.43037037,467.6611111,0,23,17.18944444,327.4113254,0,-6.064111111,13.27505,36.57229324,0,0
2025-06-10 21:00:00+00:00,484.8041094,118.8201513,23.3,467.665674,103.5840659,23,15.79261905,330.8808957,0,-7.24202381,13.28928571,37.11087662,0,0
2025-06-10 21:15:00+00:00,489.9421257,169.2829915,23.12,471.42098,164.8638508,22.94842458,14.9552381,334.182,0,-8.228,13.24555505,36.85897355,0,0
2025-06-10 21:30:00+00:00,493.2871598,168.9603063,23,473.5423521,162.0505895,22.83857143,14.96928571,337.6889235,0,-9.13704823,13.13914367,36.66319872,0,0
2025-06-10 21:45:00+00:00,494.331982,170.3001451,22.87857143,474.2780261,162.3945716,22.67946429,14.625,341.1257699,0,-9.900829726,12.76198377,37.04228896,0,0
2025-06-10 22:00:00+00:00,493.8881061,168.6562668,22.78666667,474.7224903,161.3489465,22.6,14.52,344.4413889,0,-10.53033333,12.64254921,37.31333333,0,0
2025-06-10 22:15:00+00:00,494.3936595,169.5586348,22.7,474.1885309,158.8258145,22.57142857,14.4,348.1636905,0,-11.08650794,12.51015873,37.4,0,0
2025-06-10 22:30:00+00:00,494.0481699,168.7380952,22.65333333,474.2598662,161.2343277,22.5,14.33333333,351.4278172,0,-11.46071762,12.41231217,37.49678571,0,0
2025-06-10 22:45:00+00:00,493.9579932,169.9525613,22.53571429,475,160.1718629,22.43571429,14.18290816,355.0954131,0,-11.73636364,12.25844156,37.53873377,0,0
2025-06-10 23:00:00+00:00,495.0216622,169.1571834,22.5,474.734544,161.4787425,22.39833333,14.05444444,282.2335498,0,-11.85126984,12.13457407,37.74240741,0,0
2025-06-10 23:15:00+00:00,494.6857143,168.1607318,22.43076923,474.5416667,163.1289683,22.3,13.94395604,1.82775974,0,-11.83752834,11.90067532,38.41063603,0,0
2025-06-10 23:30:00+00:00,494.7338681,172.2291375,22.37272727,474.7336656,160.6717199,22.22644628,13.9,4.89329963,0,-11.72135642,11.97412587,38.32806527,0,0
2025-06-10 23:45:00+00:00,493.8834035,172.6510495,22.3,475.0789953,168.8783802,22.17333333,13.88,9.14010101,0,-11.4267619,11.92340741,38.3707848,0,0
2025-06-11 00:00:00+00:00,494.4459325,173.245068,22.24761905,476.0355311,162.21354,22.1,13.7,12.59192177,0,-11.06190476,11.74517347,38.29375,0,0
2025-06-11 00:15:00+00:00,495.1376287,192.933294,22.2,475.4554882,106.7143842,22.03738095,13.7,16.11115079,0,-10.49362434,11.76242222,38.08968519,0,0
2025-06-11 00:30:00+00:00,497.4414554,216.4589161,22.24708333,475.3140152,67.88023368,22.04089286,13.7,19.41239713,0,-9.841893424,11.8,38,0,0
2025-06-11 00:45:00+00:00,497.7441299,221.8437348,22.11,474.7935433,77.37007026,22.01,13.7,22.79815364,0,-9.109398046,11.73771251,38.06204545,0,0
2025-06-11 01:00:00+00:00,497.6289525,166.6847519,22.11780612,475.4218807,61.20859877,22.01139456,13.50785714,26.17142857,0,-8.228571429,11.57053571,38.16493506,0,0
2025-06-11 01:15:00+00:00,496.9578517,178.735101,22.10256614,475.7377826,62.61754149,22.02920635,13.4,29.56401852,0,-7.194021886,11.47794646,38.26489418,0,0
2025-06-11 01:30:00+00:00,496.9769215,177.2789683,22.12086168,476.0153007,62.46484899,22,13.3039966,32.81655896,0,-6.106740363,11.3854195,38.45585296,0,0
2025-06-11 01:45:00+00:00,497.2021558,153.3040591,22.08309764,475.7128152,65.06652983,22,13.23259259,36.19119048,0.006666667,-4.838835979,11.26,38.60190476,0,0
2025-06-11 02:00:00+00:00,497.6852171,193.020769,22.09066667,476.1309649,60.22304625,22,13.04666667,39.44585426,0.206909091,-3.526984127,11.07622222,38.33196489,4.268267689,5.012263099
2025-06-11 02:15:00+00:00,496.0329147,131.1796028,22.05538462,476.5065277,64.24503242,22,13,42.60044218,0.740884999,-2.099013605,11.09576531,39.21993798,6.621627211,8
2025-06-11 02:30:00+00:00,498.2592739,187.8343802,22.00623016,478.021798,62.70481146,21.95569048,13.12419048,45.62468509,1.666549984,-0.655389681,11.21019048,38.99984687,6.444292406,8.397420566
2025-06-11 02:45:00+00:00,506.878958,178.3801192,21.99285714,489.3640315,63.47702597,21.89285714,13.24375,48.65902778,2.788414777,0.796726191,11.38029762,38.69642857,6.067255229,9.736607558
2025-06-11 03:00:00+00:00,519.3009259,35.05263772,22.17793939,498.8015481,31.3308474,21.9,13.63866667,51.76207665,7.56359938,2.452459893,11.58409842,38.58,3.521058497,10.92748509
2025-06-11 03:15:00+00:00,521.1626787,62.42789116,22.29692308,496.4382522,65.07513151,21.93571429,18.12153846,54.7211039,15.27845631,4.190538033,11.68922078,38.59066816,0.111031746,12.24322344
2025-06-11 03:30:00+00:00,516.709544,61.27964286,22.3,492.8730884,65.14277278,22,16.20055556,57.65050265,20.76744891,5.946596922,11.64776852,38.30687626,0,12.14
2025-06-11 03:45:00+00:00,512.4687146,61.62243386,22.33333333,490.3385762,66.47890028,22,17.65833333,60.79899471,21.34645078,7.869808802,11.75933333,38.34714815,0.001230769,12.17587879
2025-06-11 04:00:00+00:00,508.7191175,61.79239332,22.36313776,486.5932758,60.9678949,22,16.49183673,63.4307483,34.28700936,9.574174397,11.72357143,38.2,0.05804386,12.26
2025-06-11 04:15:00+00:00,506.5638191,61.45780464,22.4,484.5531371,62.44923643,22.0842094,17.25388889,66.39512138,84.38286713,11.5721066,11.82578913,38.03393519,0,11.39818385
2025-06-11 04:30:00+00:00,503.9319931,61.53076115,22.4,482.4417252,62.12074184,22.02896825,17.54980159,69.2516009,93.42147345,13.48754856,11.76525528,37.81326531,0,10.47393092
2025-06-11 04:45:00+00:00,502.8576014,61.58043956,22.44365079,480.8903747,61.85768606,22.08136508,17.22822344,72.23832886,122.3485507,15.57938462,11.92979418,38.07085714,0,9.468002959
2025-06-11 05:00:00+00:00,500.3991201,61.16090507,22.5,478.9046541,62.57107813,22.1,16.87238095,75.26821429,106.6028404,17.70654762,12.15451587,37.91596784,0,7.614609885
2025-06-11 05:15:00+00:00,500.4481614,61.81924671,22.52595238,478.33574,62.42378826,22.1,16.98247619,77.99068182,89.70548658,19.69316667,12.19238095,37.21115801,0,5.798803975
2025-06-11 05:30:00+00:00,503.3892857,61.95651417,22.6,476.3049181,63.41158422,22.17857143,16.92986395,80.93117882,134.2808164,21.7720696,12.41910502,37.66845523,0,3.33095072
2025-06-11 05:45:00+00:00,503.6355902,61.98823491,22.59611111,489.0047138,62.79121693,22.13333333,17.13333333,84.2028456,99.99549495,24.08542857,12.44055556,37.85554401,0,0.46976354
2025-06-11 06:00:00+00:00,513.9861195,60.99981447,22.67928571,509.0051136,63.02406593,22.21666667,17.13,87.0740873,114.5762273,26.15607143,12.35186111,37.61490079,0,0.026286472
2025-06-11 06:15:00+00:00,544.2752766,61.48937581,22.7125,543.5050518,62.19871324,22.32962963,17,90.20513757,163.4070061,28.3549151,12.47921111,33.35807696,0,0.017398519
2025-06-11 06:30:00+00:00,576.0492456,62.21154623,22.79555556,576.1518182,63.20798822,22.44,17,93.15333333,326.3566653,30.32666667,12.6675,29.35619048,0,0
2025-06-11 06:45:00+00:00,600.3487644,62.01934524,22.95637755,595.1574353,62.70708829,22.58928571,17,96.39778345,253.8281011,32.54354308,13.06322279,42.76300366,0,0
2025-06-11 07:00:00+00:00,633.0968033,61.16907407,23.04492063,617.5401754,61.85683321,22.7,16.94666667,99.92658608,346.1079022,34.82881868,13.03066748,42.60056566,0,0
2025-06-11 07:15:00+00:00,653.6050102,61.45603002,23.10063209,638.1580219,62.0256669,22.78599773,16.9,102.8195671,467.1280526,36.58547619,13.11314502,35.41247514,0,0
2025-06-11 07:30:00+00:00,665.5009524,61.73333333,23.1175,656.714899,61.05396825,22.8,16.84952381,106.8519577,490.6506639,39.00956349,13.33292814,36.68582011,0,0
2025-06-11 07:45:00+00:00,669.0931445,61.63939935,23.30785714,658.2192641,62.66648028,22.80714286,16.83911565,110.4186918,404.1803,40.98955318,13.47936944,35.998241,0,0
2025-06-11 08:00:00+00:00,679.8410022,61.04876272,23.39222222,667.881925,61.39102034,22.97222222,16.9,114.2261176,490.8850459,43.00889947,13.68202849,36.47769408,0,0
2025-06-11 08:15:00+00:00,669.0992007,61.02571506,23.47156463,651.8029683,61.76318485,23,16.85190476,118.3281519,597.5606808,44.97306122,13.69889683,36.4939857,0,0
2025-06-11 08:30:00+00:00,671.5947778,61.86076175,23.425,647.517914,62.68178386,23.04277778,17.05617172,122.3411905,545.488374,46.79061905,14.15578571,35.8412037,0,0
2025-06-11 08:45:00+00:00,660.9266978,61.88784907,23.47566667,645.2903372,63.45080327,23.13,16.8,127.0384704,724.4658449,48.70355556,14.32996032,35.30847619,0,0
2025-06-11 09:00:00+00:00,659.2588711,61.36645438,23.51071429,652.5015054,62.63058649,23.13369048,16.8,131.6369019,767.1335553,50.32692744,14.37276136,35.43238095,0,0
2025-06-11 09:15:00+00:00,649.4581385,62.69568376,23.62666667,644.5942063,63.59115385,23.17361111,16.99466667,136.319531,730.0030687,51.85111111,14.42639827,35.38606846,0,0
2025-06-11 09:30:00+00:00,649.6179585,62.84429933,23.56686508,627.6267302,64.12902133,23.14829932,17.16637363,141.7587294,815.3288842,53.38642007,14.50477814,35.66676427,0,0
2025-06-11 09:45:00+00:00,638.6011838,63.33307401,23.62647619,602.4181941,63.58550793,23.15083135,17.12414286,146.4279693,662.9647443,54.4595699,14.80493477,35.35953395,0,0
2025-06-11 10:00:00+00:00,638.3719029,62.10845652,23.67933673,593.9944011,64.33028575,23.17698413,16.90714286,152.7619297,824.8903532,55.7038961,14.96601732,35.16955544,0,0
2025-06-11 10:15:00+00:00,639.6011553,64.19453656,23.888,584.8309084,65.81305676,23.2,17.09311111,158.5866865,672.975767,56.61426547,15.73883449,35.04849327,0,0
2025-06-11 10:30:00+00:00,639.3697726,62.5815167,23.72178571,594.8450264,65.29990686,23.20809524,16.8,164.5593452,756.7288167,57.30051587,15.34982993,34.90196429,0,0
2025-06-11 10:45:00+00:00,629.4894444,64.04375902,23.84595238,584.7973681,65.54728938,23.29916667,16.93466667,171.220791,502.5575324,57.81961111,15.49834524,34.9662963,0,0
2025-06-11 11:00:00+00:00,640.5615595,62.98577316,23.84510204,592.0084214,63.85404222,23.26612245,16.93095238,177.3258998,840.7646112,58.04428571,15.62207792,35.04368687,0,0
2025-06-11 11:15:00+00:00,634.9063181,62.87391068,23.87412698,582.7255028,64.07669683,23.332,17.17538462,183.8367857,753.9967438,58.03281746,15.88346429,35.2609127,0,0
2025-06-11 11:30:00+00:00,637.6887273,64.51785474,23.97568543,573.4253486,66.70053102,23.47655844,16.98810941,190.2320468,479.1094045,57.76452488,15.82386492,34.9975685,0,0
2025-06-11 11:45:00+00:00,619.3252375,63.37333292,24,573.4042545,65.99935319,23.41672619,17.19494048,196.4942007,844.7602304,57.25556586,15.85978355,34.85280198,0,0
2025-06-11 12:00:00+00:00,630.0225301,65.12718615,23.92555556,579.5185695,66.72222965,23.4,17.51428571,202.4956122,644.600657,56.57232634,16.51102888,35.1040874,0,0
2025-06-11 12:15:00+00:00,622.7351757,64.60652556,23.98356009,567.9755031,66.91652857,23.39319728,17.35,208.5042022,790.678084,55.63197588,16.37345238,34.79812836,0,0
2025-06-11 12:30:00+00:00,625.2216482,64.86131054,23.97333333,587.462095,61.77225417,23.50666667,17.12888889,214.0567831,809.3629559,54.51379894,16.64119673,35.3115873,0,0
2025-06-11 12:45:00+00:00,621.4518327,65.5803954,24,579.2914419,61.33044654,23.60714286,17.44553571,219.464908,771.0864654,53.24501804,17.09528345,35.26376984,0,0
2025-06-11 13:00:00+00:00,618.8956697,64.04680516,23.93666667,587.9145041,60.90238964,23.6,17.53055556,224.3905556,653.9778375,51.83339683,17.22597186,35.29225519,0,0
2025-06-11 13:15:00+00:00,602.5273703,64.02505131,23.96355556,572.4341889,60.64464018,23.57282275,17.51466667,229.4202215,784.7919347,50.22083385,17.45246398,35.22,0,0
2025-06-11 13:30:00+00:00,586.5606819,64.19068762,24.02014652,550.4884319,60.91099894,23.65841837,17.29547619,233.9230442,668.707341,48.54771455,16.77635269,34.89606772,0,0
2025-06-11 13:45:00+00:00,570.6231729,64.78956229,24,537.7470265,61.7910525,23.7487619,17.67104762,238.4721111,701.4127831,46.67927778,17.00158333,34.77780423,0,0
2025-06-11 14:00:00+00:00,554.657423,62.84230769,23.91428571,537.8376623,62.52074315,23.81428571,16.78067766,242.6090476,698.4809529,44.79970238,16.87638095,35.02538265,0,0
2025-06-11 14:15:00+00:00,553.7746272,61.86270655,23.82761905,539.9167947,61.00544993,24.01470899,15.40266667,246.4171082,703.0525581,42.93984127,16.68438889,35.30088889,0,0
2025-06-11 14:30:00+00:00,545.4367347,62.5039966,23.9,536.0249162,61.11141002,24.15,15.31571429,250.3362725,623.811258,40.8361678,16.768663,35.21750541,0,0
2025-06-11 14:45:00+00:00,539.5746032,63.28772968,24,527.6242127,62.59115666,24.34,17.47384127,253.5358333,586.6892228,39.01351852,16.86766667,35.2125,0,0
2025-06-11 15:00:00+00:00,535.2673124,62.96191143,24.05793651,522.9501,62.49818427,24.43571429,16.85453515,257.222033,549.9639276,36.86462454,16.42102112,35.01238095,0,0
2025-06-11 15:15:00+00:00,529.1327736,62.93024145,24.1,516.3183979,62.63558769,24.53955556,16.57722222,260.199047,517.011506,35.01321368,16.29725589,35.15136676,0,0
2025-06-11 15:30:00+00:00,520.7665339,62.98324786,24.15,508.0634621,62.63730403,24.6,17.1,263.9177037,484.486942,32.60439683,16.2563165,35.28944444,0,0
2025-06-11 15:45:00+00:00,515.5258645,63.23774479,24.2,500.2078103,61.54069874,24.67602041,17.0325,267.1857841,448.7607635,30.41813389,15.94894999,35.17239229,0,0
2025-06-11 16:00:00+00:00,512.3407323,62.55807872,24.21466667,496.5030116,62.41762885,24.66488889,17.47439153,270.1881944,412.8679854,28.35390476,15.96217778,35.00666667,0,0
2025-06-11 16:15:00+00:00,507.5970154,62.78865546,24.3,490.9981153,61.34908871,24.77857143,17.16071429,273.5388152,381.9430646,26.01082967,16.01887613,35.06378968,0,0
2025-06-11 16:30:00+00:00,503.387604,63.39675824,24.30222222,488.053126,61.59551121,24.87333333,16.83777778,276.4215873,349.4181946,23.94238095,16.24766667,35.09786325,0,0
2025-06-11 16:45:00+00:00,501.2652851,63.00156861,24.4,484.5169505,61.73151316,24.82423469,16.95793651,279.327155,307.0034987,21.86955911,16.09563265,34.99285714,0,0
2025-06-11 17:00:00+00:00,498.6738443,62.5674861,24.4,481.8583333,61.54289533,25,16.74444444,282.3977564,270.3347651,19.65748725,16.22731667,34.975,0,0
2025-06-11 17:15:00+00:00,497.6585372,63.30523631,24.4,479.9830941,61.73268005,25.01836735,16.35714286,285.2383952,238.743842,17.64311224,16.08903525,35.07142857,0,0
2025-06-11 17:30:00+00:00,495.7547955,63.02186909,24.4,478.9831833,61.21428313,25.05333333,17.11144444,287.9912106,207.1530899,15.7032634,15.96328042,35.03201961,0,0
2025-06-11 17:45:00+00:00,493.3700971,62.51161793,24.4,476.1849833,62.46937282,25,16.98181818,290.9942149,171.3840268,13.63636364,15.88471074,35.06955267,0,0
2025-06-11 18:00:00+00:00,492.2040404,62.75668728,24.4,475.1334503,62.29724058,24.85116667,16.53080952,293.8091759,138.0935958,11.6562963,15.86166667,35.04933333,0,0
2025-06-11 18:15:00+00:00,491.5288961,63.22867965,24.4,474.4685097,62.52596137,24.75151515,17.04155844,296.4707071,110.4024226,9.878787879,15.48848485,35.22090909,0,0
2025-06-11 18:30:00+00:00,493.5880102,63.1027309,24.4,473.7595602,62.7898838,24.66442177,16.75198413,299.7091249,76.96947037,7.81533859,15.3,35.3,0,0
2025-06-11 18:45:00+00:00,493.2039276,62.72121212,24.38888889,473.3196393,62.06017293,24.56488095,17.03111111,302.8772487,51.18952925,5.853677249,14.95916402,35.29333333,0,0
2025-06-11 19:00:00+00:00,491.9129652,15.11096939,24.3,472.8545918,13.88687783,24.54285714,17.24464286,305.8453061,30.02589286,4.062244898,14.57428571,35.20833333,0,0
2025-06-11 19:15:00+00:00,491.8972095,0,24.28555556,471.4869109,0,24.33794872,17.46133333,308.7636402,15.87689777,2.441746032,14.24653968,35.8262037,0,0
2025-06-11 19:30:00+00:00,489.8269558,0,24.2,471.826446,0,24.19423077,17.5,311.815846,7.203323166,0.776650433,13.90751082,35.73051948,0,0
2025-06-11 19:45:00+00:00,488.2658685,0,24.17066667,471.7089961,0,24.14333333,17.38666667,314.8480204,2.93250099,-0.678371332,13.66034732,36.27605128,0,0
2025-06-11 20:00:00+00:00,487.3080454,0,24.1,471.0601458,0,24.08121212,17.29220779,317.9071429,1.053371654,-2.114587199,13.38571429,36.34749215,0,0
2025-06-11 20:15:00+00:00,487.78993,0,24.00666667,469.3541138,0,23.93333333,17.11019048,321.2226753,0.254908263,-3.56032153,13.46628002,36.23537788,0,0
2025-06-11 20:30:00+00:00,486.7308442,0,23.94,469.3726421,0,23.87559524,16.95333333,324.0481349,0.026649832,-4.733888889,13.3302381,36.62423077,0,0
2025-06-11 20:45:00+00:00,485.8434137,0,23.9,468.4333321,0,23.8,16.79333333,327.823818,0,-6.158647959,13.06134019,36.87142857,0,0
2025-06-11 21:00:00+00:00,485.9107122,102.9458486,23.64111111,468.271221,97.28105413,23.75980952,15.71233333,330.8933333,0,-7.176190476,12.93685137,36.80266667,0,0
2025-06-11 21:15:00+00:00,491.3476162,172.6717836,23.27857143,472.6674409,159.8614678,23.61428571,14.52857143,334.4235088,0,-8.213818027,12.83732143,36.8630102,0,0
2025-06-11 21:30:00+00:00,496.0311095,172.8172928,23.08611111,477.0886213,166.5795749,23.42033333,14.5,337.5262089,0,-9.046340326,12.81333333,36.80190476,0,0
2025-06-11 21:45:00+00:00,499.7419657,171.6963501,22.95542517,481.2125112,163.9349691,23.26246882,14.42988095,341.0592949,0,-9.793949503,12.7598013,36.97688492,0,0
2025-06-11 22:00:00+00:00,502.8888889,171.1989129,22.8,484.1719382,167.4409933,23.1462381,14.24,344.5196825,0,-10.47388889,12.6230545,37.27333333,0,0
2025-06-11 22:15:00+00:00,506.203288,170.9552579,22.66938776,487.0442245,167.9752413,23.06964286,14.04880952,347.940252,0,-11.00181045,12.35313853,37.31696429,0,0
2025-06-11 22:30:00+00:00,508.8287566,170.3806061,22.55866667,490.4244829,163.7777297,22.94,13.86666667,351.5180317,0,-11.37611111,12.1229899,37.64690476,0,0
2025-06-11 22:45:00+00:00,510.7167198,174.5466175,22.412,491.8151097,164.7670782,22.81238095,13.74977778,355.149828,0,-11.66,11.96711111,38.2,0,0
2025-06-11 23:00:00+00:00,512.7610326,173.2960317,22.325,492.6964286,162.2789116,22.70714286,13.525,275.7783326,0,-11.78714286,11.85128571,38.38392857,0,0
2025-06-11 23:15:00+00:00,512.5726853,171.4432009,22.28444444,493.5652273,161.4801082,22.64406085,13.44178571,2.042638482,0,-11.78761905,11.69039194,38.4733684,0,0
2025-06-11 23:30:00+00:00,513.6121609,174.9751185,22.19857143,493.8273222,166.5911338,22.58154762,13.25833333,5.680280612,0,-11.63571429,11.4636267,38.55,0,0
2025-06-11 23:45:00+00:00,514.0855941,175.0439696,22.09994613,494.6358164,169.3890463,22.5,13.10444444,8.802584305,0,-11.40467748,11.43800249,38.75874525,0,0
2025-06-12 00:00:00+00:00,514.3769634,93.33393888,22.01670205,495.9674312,197.4522373,22.4191369,13.1,12.33730785,0,-11.01020996,11.52630229,38.80714286,0,0
2025-06-12 00:15:00+00:00,512.9091715,62.3041366,22.05333333,495.4928425,210.0464277,22.32533333,12.97333333,15.94338095,0,-10.45416931,11.28231999,38.9,0,0
2025-06-12 00:30:00+00:00,512.0752031,95.84582143,21.98136338,494.2477048,206.0954782,22.26003401,12.74285714,19.34136905,0,-9.83,11.00119048,38.90340136,0,0
2025-06-12 00:45:00+00:00,512.3727485,70.60035088,21.9,493.7523423,221.1528484,22.13333333,12.67333333,22.72416433,0,-9.073921569,10.8925,39.05183586,0,0
2025-06-12 01:00:00+00:00,512.7334905,65.75995671,21.96670068,492.8403289,157.5079742,22.03571429,12.6,25.94368403,0,-8.206236858,10.86590046,39.00807359,0,0
2025-06-12 01:15:00+00:00,511.547816,176.7816246,22.00666667,492.0252266,60.08087897,22,12.61904762,29.49138502,0,-7.16269697,11.12870476,38.97902194,0,0
2025-06-12 01:30:00+00:00,509.4963224,107.1258924,22.04,490.3345349,63.9950274,22,12.65333333,32.88394444,0,-6.006420635,11.06883838,39.09305435,0,0
2025-06-12 01:45:00+00:00,508.9027367,88.48309383,22.02164835,488.0775995,61.84663732,22,12.58461538,36.09583333,0.038736264,-4.814358974,10.96766667,39.252799,0,0
2025-06-12 02:00:00+00:00,506.8690236,63.28754209,22.03580952,487.1604444,63.98369408,22,12.42833333,39.1426431,0.287151515,-3.556340067,10.7430596,38.74085859,5.711111111,5.70335097
2025-06-12 02:15:00+00:00,506.4855206,130.7992347,22,487.0264544,61.23639456,22,12.25384615,42.4635034,1.212462406,-2.103628118,10.7104932,39.08756803,7.861409826,8
2025-06-12 02:30:00+00:00,508.382035,63.93679617,22.00301587,489.8198819,62.41275063,21.94969577,12.1,45.5517619,3.087618946,-0.637587302,10.79050216,39.89029004,8.19349854,8.558905626
2025-06-12 02:45:00+00:00,514.3224083,99.39339283,22.00005291,497.3251725,62.53353564,21.99481481,12.00666667,48.45030688,6.362633484,0.761619048,10.63212121,39.68424242,8.215297847,9.153155556
2025-06-12 03:00:00+00:00,517.2067897,92.72766106,21.99043651,499.3087497,52.79211686,21.96428571,14.05297619,51.61619898,12.50513139,2.473979592,10.7252381,39.38126984,8.421487364,9.550571429
2025-06-12 03:15:00+00:00,520.68997,67.1025989,22.1,498.325222,63.33727203,21.97911111,19.78990476,54.62218457,21.40674081,4.213275132,10.78011734,38.94257742,6.861958007,10.18911844
2025-06-12 03:30:00+00:00,517.0733438,66.71840659,22.12244898,496.0579139,63.09328143,21.9,18.1772619,57.65573696,37.03951878,6.003075397,11.01474206,39.11569805,4.879492075,12.00286249
2025-06-12 03:45:00+00:00,514.5315079,66.98460114,22.2,493.87886,63.67345679,21.94666667,18.68571429,60.44912169,51.73661919,7.713465609,11.2,38.78628205,1.455574074,13.25936693
2025-06-12 04:00:00+00:00,512.5377505,66.18371053,22.2202381,490.6870362,63.90358098,22.00904762,18.92480159,63.42925352,72.05584311,9.672476888,11.32307127,38.6161352,0,13.30258503
2025-06-12 04:15:00+00:00,511.7885633,65.35070881,22.3,490.1442442,62.50243658,22.1,18.64333333,66.41037389,99.28037247,11.66036676,11.5205812,38.38812821,0,11.98657716
2025-06-12 04:30:00+00:00,508.7315427,66.75028255,22.3,487.6809816,63.22617092,22.1,18.71818182,68.85719697,132.0160416,13.32386364,11.67272727,38.01032107,0,10.35088344
2025-06-12 04:45:00+00:00,510.684272,66.81126374,22.36428571,487.4061946,63.04662698,22.1,18.54505495,72.34900794,163.645162,15.73990079,11.98767857,37.94166667,0,8.346624614
2025-06-12 05:00:00+00:00,513.7847062,66.25747475,22.4,498.1372352,63.29903132,22.10196825,18.47238095,75.254,203.8241677,17.78642857,12.3252,37.85883191,0,6.739752934
2025-06-12 05:15:00+00:00,516.1270033,66.81473195,22.475,517.2799423,64.79126984,22.17942177,18.71333333,78.11884354,242.7576785,19.84057823,12.76155357,37.35986395,0,4.121449214
2025-06-12 05:30:00+00:00,524.205122,66.81735209,22.45871795,531.1185596,63.85438344,22.2252381,18.4,81.024,274.8684405,21.9102963,13.08596248,37.18731502,0.188460548,0.985407275
2025-06-12 05:45:00+00:00,551.7413908,66.10637264,22.61300366,553.969478,63.50019852,22.36428571,18.4,84.11113946,295.8037821,24.1275085,13.38584184,36.62482993,0.019437229,0
2025-06-12 06:00:00+00:00,572.2283279,66.41556956,22.74166667,572.6185701,63.73852574,22.47857143,18.31818182,87.15369048,339.644888,26.2921627,13.83283929,36.21951531,0,0
2025-06-12 06:15:00+00:00,609.1370215,66.34392256,22.82833333,588.8210881,63.57112706,22.6,17.93428571,90.24571429,366.1861848,28.45878307,14.28480952,35.98551587,0,0
2025-06-12 06:30:00+00:00,660.4586996,66.7360675,23.00693878,601.0780767,63.1766983,22.57839286,17.91547619,93.33174887,403.3805395,30.58596939,14.79409722,35.3125,0,0
2025-06-12 06:45:00+00:00,704.6270516,66.43902505,23.14642857,635.6301956,63.31437055,22.67178571,17.54035714,96.39304762,447.2018374,32.63893651,15.18277656,34.64044872,0,0.007217728
2025-06-12 07:00:00+00:00,733.3330217,66.35678849,23.29133333,672.9304568,62.96856493,22.86584127,17.38555556,99.82802462,479.8367009,34.8261044,16.14294007,34.77039947,0,0
2025-06-12 07:15:00+00:00,753.5178434,66.76563069,23.36602891,701.014935,63.84161991,23.03571429,17.01646259,103.2058602,507.9961013,36.92055445,16.8122449,34.96586794,0,0
2025-06-12 07:30:00+00:00,766.346152,66.074044,23.46248413,712.281746,63.28753846,23.04166667,17.24,106.8645608,532.672069,39.09867725,17.85744921,34.74934615,0,0
2025-06-12 07:45:00+00:00,766.2695098,66.05531131,23.50793651,703.7411915,63.24597609,23.1,17.25,110.3739074,555.7347441,41.05740569,18.77686219,35.00596939,0,0
2025-06-12 08:00:00+00:00,784.4680096,72.50345968,23.65825397,715.5899571,64.19491242,23.18114286,17.22380952,114.0790238,577.1333787,43.00296825,19.20087037,34.93362434,0,0
2025-06-12 08:15:00+00:00,769.6688406,65.96853742,23.64547619,725.8171617,63.65888327,23.3,17.41428571,118.1526733,606.6701275,44.98592781,19.51921972,34.87482642,0,0
2025-06-12 08:30:00+00:00,767.1638889,66.01044974,23.71428571,747.7196778,62.50194806,23.36777778,17.61428571,122.4356229,627.903174,46.8777619,19.5670164,35.00725,0,0
2025-06-12 08:45:00+00:00,781.0546102,65.50175643,23.85068027,754.0011273,59.54169015,23.38751701,17.375,126.4179618,644.4089875,48.5189495,20.07946939,35.03923201,0,0
2025-06-12 09:00:00+00:00,751.7518969,65.66363525,23.90396892,743.4391209,59.92430538,23.41955556,17.66865579,131.4739524,668.9462059,50.35329101,19.85023889,34.91972222,0,0
2025-06-12 09:15:00+00:00,727.2173833,66.61898168,24.00238095,722.7649178,61.19626766,23.42314935,17.79821429,136.1622257,696.6175807,51.85253185,20.30834417,34.90064876,0,0
2025-06-12 09:30:00+00:00,724.851099,64.76717362,23.99377778,711.8227853,60.41589539,23.49944444,17.30257143,140.5375065,711.8804075,53.12046753,20.3229697,35.3415873,0,0
2025-06-12 09:45:00+00:00,711.8491931,65.15632479,24.08,676.5814815,61.73232323,23.45185185,15.775,147.0980899,733.9635443,54.66495238,20.42488132,34.99371083,0,0
2025-06-12 10:00:00+00:00,706.4482289,68.64061772,23.96730769,647.1509637,60.87329762,23.38461538,16.18974359,152.8901105,742.9612965,55.8076644,20.68902494,34.99214286,0,0
2025-06-12 10:15:00+00:00,696.6507881,71.0162963,23.97636364,639.2075824,61.34107843,23.3025,16.40666667,157.7453333,745.7967836,56.52044444,20.7612,34.82683455,0,0
2025-06-12 10:30:00+00:00,690.689429,68.58307169,24.00892857,649.3967308,61.81078667,23.4,16.88285714,164.6200938,752.608605,57.35045455,20.39767934,34.83301587,0,0
2025-06-12 10:45:00+00:00,689.5105747,69.43085859,24.00222222,674.2289578,60.67039799,23.4547013,17.5331746,170.5301659,761.7733627,57.79422799,20.58068013,34.97615681,0,0
2025-06-12 11:00:00+00:00,672.944153,73.31861987,24.04996948,666.2391793,61.81585822,23.5,17.34038462,177.4232143,768.8017627,58.08571429,20.69893849,35.28281746,0,0
2025-06-12 11:15:00+00:00,653.6676315,77.82962963,23.95282051,656.8295255,62.66750617,23.45333333,18.08461538,183.2741816,774.199396,58.08373296,20.70783833,35.08727778,0,0
2025-06-12 11:30:00+00:00,648.3794117,70.19304041,23.92847222,649.0532039,62.64517705,23.43438312,17.98166667,189.9781585,770.9667118,57.85193452,20.76203146,34.81560606,0,0
2025-06-12 11:45:00+00:00,646.4592832,69.94687017,23.96377778,650.5491176,62.51085044,23.49333333,18.18555556,196.1869444,767.098571,57.356,20.52932407,35.28271429,0,0
2025-06-12 12:00:00+00:00,664.2062915,76.63055556,24.17888889,656.0606727,61.96038467,23.45085714,18.17538462,202.656873,763.1234904,56.60980471,20.80409632,34.99377778,0,0
2025-06-12 12:15:00+00:00,683.6567863,92.59873239,24.07614719,662.5349643,61.33672936,23.47214286,16.04807359,208.1013326,758.0248872,55.76628788,20.61860317,35.17478187,0,0
2025-06-12 12:30:00+00:00,675.7959019,103.8045971,24.112,645.1327003,62.21294033,23.55,15.44333333,214.0079971,754.6801232,54.58646465,20.81333333,34.82584127,0,0
2025-06-12 12:45:00+00:00,661.4980442,115.201173,24.11025641,635.1556867,61.58973895,23.58035714,16.27884615,219.5812755,745.5886585,53.27901099,20.65367347,35.06823129,0,0
2025-06-12 13:00:00+00:00,669.6774499,116.003082,23.93944444,640.3174673,60.88181499,23.54723016,16.97777778,224.4750476,727.9148007,51.88,20.74541667,35.22715497,0,0
2025-06-12 13:15:00+00:00,634.6004627,105.6175824,24.01964286,617.0260977,62.63433694,23.67755102,17.42738095,229.3453571,710.4839764,50.30357143,20.8240051,35.0823709,0,0
2025-06-12 13:30:00+00:00,622.9427939,100.8796056,23.84669312,611.7436322,61.98749826,23.73361111,17.58095238,233.9520977,684.567432,48.61237179,20.75069902,35.37087963,0,0
2025-06-12 13:45:00+00:00,614.3019739,89.21372021,23.93329082,605.0162092,61.32300183,23.87222222,17.12387755,238.358801,659.9382574,46.79447279,20.85892857,34.84204082,0,0
2025-06-12 14:00:00+00:00,621.917381,84.33760684,24.02125132,596.0318023,62.06480968,24.03444444,17.15595238,242.4467511,640.8736306,44.93873016,20.8299077,34.7762963,0,0
2025-06-12 14:15:00+00:00,621.1612512,93.02722222,24.06533333,593.1913612,73.75614238,24.18909524,17.16888889,246.6188163,606.9022394,42.88693492,20.60457989,34.82537037,0,0
2025-06-12 14:30:00+00:00,607.4665576,94.27797203,24.08577098,590.3820136,92.09895315,24.21914038,17.45714286,250.0988889,575.5334904,41.06585317,20.93362698,35.29484127,0,0
2025-06-12 14:45:00+00:00,589.0898148,100.6542857,23.99777778,580.923636,119.9085158,24.34727273,17.25960317,253.8422049,572.0938823,38.94858249,20.7629366,35.19715152,0,0
2025-06-12 15:00:00+00:00,580.2383053,72.19546485,24.02404762,574.9331364,75.66894021,24.52346939,14.88005952,257.4497619,530.2387603,36.80747449,21.05108059,34.83025641,0,0
2025-06-12 15:15:00+00:00,585.5440298,65.98956976,24.12,581.3745233,60.42981088,24.75866667,14.46727273,260.7511397,510.4798931,34.7299697,21.31491107,35.50608412,0,0
2025-06-12 15:30:00+00:00,579.1669022,65.88211194,24.20769231,588.2787371,60.53631554,24.98119048,17.82884615,263.7742063,470,32.76061508,21.57056548,35.20663265,0,0
2025-06-12 15:45:00+00:00,572.980698,66.12686071,24.3,585.6444099,61.3186511,25.15333333,16.75333333,266.9750904,443.9883967,30.66023077,21.26859524,34.96349206,0,0
2025-06-12 16:00:00+00:00,559.2078735,65.50385337,24.36666667,569.8976879,60.7499593,25.34472222,17.50866667,270.4377534,406.5822036,28.25140965,21.53376068,34.87958242,0,0
2025-06-12 16:15:00+00:00,555.3766761,67.0953038,24.4,562.010427,61.3207738,25.46285714,17.41428571,273.4526601,368.6740498,26.15132086,21.58318665,34.76632653,0,0
2025-06-12 16:30:00+00:00,553.0674719,65.48680708,24.43,558.9632756,60.49747179,25.5,17.50193452,276.3075,333.3748653,24.10583333,21.40205,34.77837662,0,0
2025-06-12 16:45:00+00:00,548.3549062,65.91805417,24.45714286,557.923392,61.28207048,25.48877551,16.89602564,279.3113039,302.3853614,21.94864512,21.31385488,34.81537724,0,0
2025-06-12 17:00:00+00:00,539.1564097,65.75860566,24.5,548.7214277,61.17884059,25.5,16.72964286,281.9483916,272.4579959,20.08398169,21.06578688,34.39797619,0,0
2025-06-12 17:15:00+00:00,530.6547619,65.4693605,24.5,538.0060656,59.76165775,25.50119048,16.44081633,285.1582058,236.5892454,17.79204932,20.80726648,34.51944444,0,0
2025-06-12 17:30:00+00:00,523.0258066,65.68537347,24.59,530.4178858,60.32845323,25.5,16.49,287.5541534,210.9480215,16.09555556,20.70857143,34.55333333,0,0
2025-06-12 17:45:00+00:00,516.6589286,64.4462585,24.6,523.4529366,59.07467855,25.47142857,16.66153846,290.9543537,173.4657187,13.73598901,20.33190476,34.5,0,0
2025-06-12 18:00:00+00:00,512.1316477,65.73246753,24.6,517.5370982,60.57481999,25.37333333,16.82666667,293.9822619,141.0251028,11.62916667,19.86613564,34.55378427,0,0
2025-06-12 18:15:00+00:00,507.7764637,65.94854497,24.6,512.4067872,61.73096074,25.26388889,16.87,296.5867999,114.4572075,9.918976757,19.5699698,34.93717042,0,0
2025-06-12 18:30:00+00:00,504.0901565,66.07412698,24.56666667,508.971181,60.67257426,25.05387241,17.11478307,299.6841078,85.28609931,7.894980392,19.16515033,36.37083473,0,0
2025-06-12 18:45:00+00:00,502.0078764,65.58156315,24.5,505.7277439,61.32441732,24.88535354,16.84,302.9035877,56.63091356,5.902586488,18.77119048,36.50485498,0,0
2025-06-12 19:00:00+00:00,500.241342,15.55714286,24.5,503.7499546,13.57936508,24.78571429,17.02142857,305.9204082,34.24426644,4.119387755,18.48270408,35.0959707,0,0
2025-06-12 19:15:00+00:00,500.6217593,0,24.46583333,503.0283333,0,24.66518519,17.108,308.9218163,18.61225836,2.427949014,18.16606136,35.11988656,0,0
2025-06-12 19:30:00+00:00,498.9811858,0,24.4,501.7179894,0,24.55,17.21428571,311.8856421,8.498777724,0.800119048,17.71238095,35.26904762,0,0
2025-06-12 19:45:00+00:00,498.5362963,0,24.4,500.398914,0,24.458,17.31333333,314.7945238,3.404968254,-0.575238095,17.246,34.89366138,0,0
2025-06-12 20:00:00+00:00,497.1007046,0,24.318,499.1992078,0,24.36,17.46133333,318.0360405,1.05605527,-2.09952381,16.74030952,34.62,0,0
2025-06-12 20:15:00+00:00,496.0388581,0,24.2702381,498.4640873,0,24.27142857,17.60142857,321.3910804,0.242063492,-3.566197691,16.36424964,34.6,0,0
2025-06-12 20:30:00+00:00,494.8937831,0,24.2,497.4502259,0,24.2,17.77333333,324.464151,0.023333333,-4.812554113,16.17159981,34.6,0,0
2025-06-12 20:45:00+00:00,494.1707483,0,24.11020408,496.0574786,0,24.10952381,17.8625,327.7735261,0,-6.072590703,15.92777976,34.6,0,0
2025-06-12 21:00:00+00:00,493.6308974,0,24.09857143,495.611565,0,24.04666667,18,330.9613593,0,-7.118246032,15.69205556,34.87583333,0,0
2025-06-12 21:15:00+00:00,492.801862,0,24,495.9944406,0,23.98571429,18,334.3092857,0,-8.14077381,15.45123377,35.1,0,0
2025-06-12 21:30:00+00:00,492.1920167,0,23.96,495.011104,0,23.9,18.02481481,337.7549418,0,-9.017095238,15.38666667,35.29833333,0,0
2025-06-12 21:45:00+00:00,491.7375201,0,23.9,493.633153,0,23.83214286,18.1,340.9852381,0,-9.758571429,15.20904762,35.29553571,0,0
2025-06-12 22:00:00+00:00,490.8856125,0,23.8325,492.8150785,0,23.78222222,18.01333333,344.606582,0,-10.41583333,14.94501667,35.2025,0,0
2025-06-12 22:15:00+00:00,490.5720391,0,23.79047619,492.1919546,0,23.7,17.98809524,348.1177778,0,-10.93210317,14.81695767,35.33074074,0,0
2025-06-12 22:30:00+00:00,490.4763193,0,23.7,490.9675325,0,23.63928571,17.85714286,351.4785629,0,-11.32416383,14.72234127,35.53311688,0,0
2025-06-12 22:45:00+00:00,489.2050859,0,23.7,490.5398015,0,23.6,17.8,355.0184127,0,-11.58,15.03025,35.32166667,0,0
2025-06-12 23:00:00+00:00,488.9613095,0,23.62307692,490.0275206,0,23.59285714,17.71794872,294.1180465,0,-11.7,15.62056818,34.91939394,0,0
2025-06-12 23:15:00+00:00,487.8500637,0,23.6,489.5133046,0,23.5,17.6,1.960919913,0,-11.7,15.97556244,34.9,0,0
2025-06-12 23:30:00+00:00,486.9241969,0,23.6,488.0234199,0,23.5,17.53333333,5.588571429,0,-11.60770452,15.0584127,34.96666667,0,0
2025-06-12 23:45:00+00:00,485.6717874,0,23.6,488.1851547,0,23.41269841,17.35510204,8.891587302,0,-11.33166667,14.9525,34.94190476,0,0
2025-06-13 00:00:00+00:00,485.4395085,0,23.51733333,486.8135516,0,23.38133333,17.3,12.51725397,0,-10.9318254,14.73435714,35.12597558,0,0
2025-06-13 00:15:00+00:00,485.4228367,0,23.5,484.8487684,0,23.3,17.27857143,15.98951788,0,-10.39885024,14.25734828,35.6268254,0,0
2025-06-13 00:30:00+00:00,484.6102317,0,23.419,485.0198869,0,23.25925926,17.12433333,19.40162597,0,-9.770779221,14.01604762,35.9,0,0
2025-06-13 00:45:00+00:00,484.2353309,126.8972642,23.27133333,485.1660587,115.6597892,23.2,15.63092593,22.7620594,0,-8.979191438,13.58914266,36.21291667,0,0
2025-06-13 01:00:00+00:00,499.2903525,172.4704185,22.92261905,496.5162728,165.0234956,23.11632653,14.55,26.20028694,0,-8.082308565,13.5137943,36.55527473,0,0
2025-06-13 01:15:00+00:00,506.8977486,39.87777778,22.97613946,508.2222381,34.52982456,23.00714286,14.50993197,29.37871062,0,-7.155990232,13.63473403,36.55393519,0,0
2025-06-13 01:30:00+00:00,508.6429664,107.4920635,22.88214286,510.6383096,108.660771,22.96547619,14.40714286,32.72017399,0,-6.007447552,13.61132756,36.35928338,0,0
2025-06-13 01:45:00+00:00,509.9273427,0,23,512.042328,0,22.9,14.5,35.98480159,0.045952381,-4.786468254,13.65282011,36.14666667,0,0
2025-06-13 02:00:00+00:00,510.2259816,0,23.05782051,512.2338042,0,22.9,14.6,39.09659864,0.388353432,-3.51890873,13.7272996,36.49288033,0.588148148,0.88760771
2025-06-13 02:15:00+00:00,508.3243001,0,23.01025641,510.3800232,0,22.88285714,14.7,42.28917216,1.414926049,-2.115128205,13.95309656,36.13745815,0,0
2025-06-13 02:30:00+00:00,509.6983333,0,22.99777778,511.3374182,0,22.84933333,14.76333333,45.52619048,4.060635779,-0.591452992,14.23169312,35.70288156,0,0
2025-06-13 02:45:00+00:00,516.1558957,0,23.06174603,523.2548956,0,22.87285714,14.8,48.65083617,10.13323328,0.927267574,14.35744048,35.89047619,0,0
2025-06-13 03:00:00+00:00,529.6793939,7.422222222,23.05777778,531.7768052,5.418181818,22.9,14.82666667,51.6781746,20.53995119,2.590912698,14.1026746,35.85314815,0,0
2025-06-13 03:15:00+00:00,530.1303342,59.66132479,23.1,528.591765,53.75690901,22.9,17.38137755,54.64849476,38.67809152,4.285178571,14.71072428,35.52482993,0,0
2025-06-13 03:30:00+00:00,524.2773039,59.62962186,23.1,524.2535375,58.11923852,22.9,16.40380952,57.60844444,59.79951227,6.02068759,16.04327958,35.11598485,0,0
2025-06-13 03:45:00+00:00,520.6513799,59.36696429,23.1,520.7636923,57.29148076,22.9,17.41607143,60.57278454,84.66526001,7.91050846,15.13311807,35.27363095,0,0
2025-06-13 04:00:00+00:00,518.4617638,58.91353215,23.1,517.5080886,63.39688793,22.9,16.92911111,63.36568314,108.3577935,9.688539683,16.08366667,35.28581197,0,0
2025-06-13 04:15:00+00:00,514.2451988,59.74611167,23.1,513.5184149,63.92812421,22.9,16.78755556,66.43594517,136.2486759,11.73799284,17.23914136,35.27815385,0,0
2025-06-13 04:30:00+00:00,510.0895563,59.52034262,23.1,510.7618548,65.46744586,22.81474359,16.96517094,69.45079082,165.9355417,13.78020692,16.94314922,35.3,0,0
2025-06-13 04:45:00+00:00,507.5909532,59.00190236,23.1,509.2283179,64.06964381,22.8,16.96518519,72.21610317,182.9899184,15.71748413,16.94628704,35.29904762,0,0
2025-06-13 05:00:00+00:00,504.4581706,59.64492803,23.1,505.6621069,64.92779531,22.8,17.15142857,75.00759957,222.5744848,17.67464223,16.7580417,35.29844217,0,0
2025-06-13 05:15:00+00:00,505.8563889,59.40958727,23.12888889,509.5124655,64.29830941,22.835,17.09555556,78.04182284,245.0603004,19.85083333,17.06454762,35.09728356,0,0
2025-06-13 05:30:00+00:00,509.1016763,60.18256465,23.16122449,519.7903149,65.04327325,22.9,16.9,80.737285,269.7858917,21.80292208,17.29986763,34.81221088,0,0
2025-06-13 05:45:00+00:00,517.5770661,63.03316598,23.20444444,531.7075813,65.64121683,22.91451852,16.95311111,83.87184507,320.224621,24.05795515,17.14640476,34.86625445,0,0
2025-06-13 06:00:00+00:00,523.4059751,62.64744444,23.24285714,552.6540556,63.84441558,23.03090909,17.09666667,87.08913853,357.0198988,26.31222222,17.27342581,34.78186393,0,0
2025-06-13 06:15:00+00:00,546.8672194,64.2223356,23.3,566.1468081,64.46331169,23.1,17.19365079,90.20042517,388.7637033,28.50102041,17.7234127,35.06843537,0,0
2025-06-13 06:30:00+00:00,544.0969444,64.4335755,23.4,581.9495124,64.60843706,23.13507937,17.10666667,93.16425926,422.9341203,30.53203704,18.34357407,35.17780664,0,0
2025-06-13 06:45:00+00:00,572.4494381,64.59468746,23.43596939,592.7122982,64.97674082,23.26071429,16.92857143,96.37301587,456.0228082,32.68911565,18.33993878,35.01530612,0,0
2025-06-13 07:00:00+00:00,598.9856118,64.1016019,23.43277778,612.5862354,65.19035982,23.33027778,17.07690476,99.42306397,486.4811096,34.65300337,18.36667879,35.09097436,0,0
2025-06-13 07:15:00+00:00,602.3853329,64.61194461,23.57857143,610.0848202,65.04286622,23.38441558,17.1,103.1246032,517.716186,36.9452381,17.87071429,34.79387755,0,0
2025-06-13 07:30:00+00:00,615.9503439,65.79062846,23.62190476,610.2288536,65.97666667,23.38666667,17.2152381,106.519417,547.1768146,38.97320346,18.44010101,34.87925397,0,0
2025-06-13 07:45:00+00:00,626.6619898,64.77185374,23.66160714,624.0986383,65.28741497,23.5,17.21714286,110.2413605,572.8510401,41.04607143,19.56176948,34.85710012,0,0
2025-06-13 08:00:00+00:00,633.4266587,64.24018519,23.72611111,634.4295156,65.03567251,23.53333333,17.10694444,114.0322857,598.9166688,43.04334343,18.80670635,35.11585859,0,0
2025-06-13 08:15:00+00:00,629.7837589,64.56751337,23.81015873,620.3394387,65.9497256,23.5,17.01244444,118.0952259,624.0942762,45.00220024,19.14867009,35.06070607,0,0
2025-06-13 08:30:00+00:00,630.4932586,64.81436251,23.79580499,620.662389,65.69762171,23.52290816,16.97077922,121.5195148,640.4806765,46.56709418,18.68905148,35.10865328,0,0
2025-06-13 08:45:00+00:00,627.8493792,65.36479076,23.87694949,620.3666358,65.7010101,23.57333333,17.04666667,126.677645,667.2094878,48.68431746,18.8295266,34.75361592,0,0
2025-06-13 09:00:00+00:00,627.1030213,65.75028345,23.99319728,627.8274892,66.01147756,23.6,16.96464286,131.28,687.1881655,50.37960317,18.55625275,35.00892857,0,0
2025-06-13 09:15:00+00:00,628.0317157,65.28546841,23.88088889,627.9228947,66.01776316,23.6,16.9,136.238129,708.572481,51.96660922,18.68628091,34.97257835,0,0
2025-06-13 09:30:00+00:00,625.1249731,65.16593407,23.96882653,614.3108408,67.29436501,23.6,17.23571429,141.3461905,726.1174529,53.37761905,19.55784341,35.18035714,0,0
2025-06-13 09:45:00+00:00,622.3695518,65.22927865,23.94171429,602.4344351,66.46630513,23.53824603,17.27157937,146.8049928,740.9562108,54.6908658,19.63449423,35.03786935,0,0
2025-06-13 10:00:00+00:00,616.8452576,66.16231203,23.85738662,602.6395761,66.66896279,23.56,17.3,152.7774573,749.0029063,55.84692308,19.49644444,35.09011803,0,0
2025-06-13 10:15:00+00:00,615.179789,65.73268398,23.87142857,609.9170362,67.53425522,23.6,17.24107143,158.4680357,755.7582911,56.74285714,19.75714286,35.26770408,0,0
2025-06-13 10:30:00+00:00,599.5969578,66.81388889,23.89960317,598.779492,67.80227391,23.54285714,17.11428571,164.7488889,759.6472858,57.44968254,19.05147619,34.77454497,0,0
2025-06-13 10:45:00+00:00,594.9487245,65.15925067,23.9,588.8515174,67.69747752,23.45178571,17.15714286,170.9583333,763.7497404,57.92702922,19.51069444,34.80413265,0,0
2025-06-13 11:00:00+00:00,567.6194872,66.20300477,23.80666667,585.1374332,67.11616582,23.35698413,17.09,177.3003968,769.494897,58.15714286,19.31873333,34.95769841,0,0
2025-06-13 11:15:00+00:00,562.6244492,66.34644819,23.88611111,578.9008177,67.64672233,23.45238095,17.465,183.7628005,774.1828308,58.15555556,19.91959184,34.94642857,0,0
2025-06-13 11:30:00+00:00,561.5922515,65.42905752,23.9,575.4832082,66.70058201,23.45266667,17.28,189.8238889,766.09044,57.88101852,19.61327407,35.03499158,0,0
2025-06-13 11:45:00+00:00,561.4123618,66.44491213,23.9,572.7570254,67.17941464,23.43571429,17.26428571,196.1968821,776.7019357,57.42790249,19.8020282,35.09561999,0,0
2025-06-13 12:00:00+00:00,558.6564708,66.85078677,23.86,566.5744464,68.29572198,23.46128571,17.33522222,202.2129851,776.6090889,56.7286791,19.36619459,35.01166226,0,0
2025-06-13 12:15:00+00:00,554.490873,67.18266614,23.79612193,560.927381,68.4327302,23.5,17.15732143,208.2923469,764.573792,55.7964881,20.02501984,34.97142857,0,0
2025-06-13 12:30:00+00:00,547.0421052,66.86485208,23.86460961,556.2922105,67.93488321,23.5,17.18566667,213.3105952,762.0950404,54.79365079,19.84132143,34.84666667,0,0
2025-06-13 12:45:00+00:00,534.5304843,66.83849206,23.8,548.6260606,68.66315423,23.5,17.02190476,219.5510714,732.7969468,53.29916667,18.96291582,34.91218855,0,0
2025-06-13 13:00:00+00:00,526.5257665,67.33695055,23.8,540.8443736,68.15668384,23.56702381,17.06620748,224.4722831,653.2923984,51.92522158,19.31366758,35.09804422,0,0
2025-06-13 13:15:00+00:00,519.8407602,66.40348573,23.8,534.6048304,67.94667965,23.62,17.01260606,229.3258932,700.8161442,50.35583117,18.97660824,35.1842328,0,0
2025-06-13 13:30:00+00:00,513.787111,66.26011963,23.79333333,528.1500514,67.71286159,23.73401361,16.98607143,233.9918457,697.5493502,48.64715659,18.72515306,35.26421485,0,0
2025-06-13 13:45:00+00:00,509.609258,66.23835523,23.8,524.7420745,67.32405526,23.80458333,16.98149557,236.643904,690.8539778,47.57646964,18.75352341,35.08147364,0,0
2025-06-13 14:00:00+00:00,505.2239107,12.95714286,23.70839153,513.3178969,13.56296296,23.96897603,17.16082051,242.2353834,657.8184685,45.08442039,17.63777907,35.40653324,0,0
2025-06-13 14:15:00+00:00,506.1473825,0,23.80696296,510.0790123,0,24.13285714,17.50560847,246.5060684,634.0285237,43.01675214,16.46830769,35.11518026,0,0
2025-06-13 14:30:00+00:00,504.9356843,0,23.92053571,509.2869269,0,24.37222222,17.93086735,250.1206051,612.0706374,41.09515034,16.28451554,34.88808871,0,0
2025-06-13 14:45:00+00:00,504.8053872,0,24.05666667,508.5308333,0,24.58333333,17.87111111,253.9456926,574.5945524,38.93547619,16.56470455,34.84785185,0,0
2025-06-13 15:00:00+00:00,504.0563675,0,24.14285714,507.2188157,0,24.75714286,17.96428571,257.2147817,532.0791284,37.02738095,16.42826757,35.2107215,0,0
2025-06-13 15:15:00+00:00,502.681746,0,24.29037037,506.5078995,0,24.99037037,18.63166667,260.7564947,520.9697921,34.80219312,16.0396532,35.1331453,0,0
2025-06-13 15:30:00+00:00,503.232967,0,24.40952381,505.479777,0,25.24607143,19.01642857,264.0468326,495.9116403,32.66981035,16.09583333,35.11339286,0,0
2025-06-13 15:45:00+00:00,502.2268894,0,24.41777778,505.0126984,0,25.47888889,18.73733333,267.3466534,462.7656902,30.45275926,16.05170977,35.0477193,0,0
2025-06-13 16:00:00+00:00,501.7573897,0,24.59095238,504.5865494,0,25.66428571,18.77119048,270.3093196,432.7091378,28.4246287,16.09028912,35.1,0,0
2025-06-13 16:15:00+00:00,501.1876323,0,24.622,504.2222809,0,25.85033333,18.32448413,273.4075817,402.4098997,26.23306999,16.25618301,35.02677778,0,0
2025-06-13 16:30:00+00:00,499.9808577,0,24.74,504.0850039,0,25.80074074,18.43752381,276.4388217,346.5620924,24.08719841,15.79308846,35.29818182,0,0
2025-06-13 16:45:00+00:00,500.6027762,0,24.82872128,502.636384,0,25.77063492,18.52946886,279.3208759,264.6523103,22.03073718,15.68527636,35.27063492,0,0
2025-06-13 17:00:00+00:00,499.6356583,0,24.87833333,501.9511085,0,25.73666667,18.38,282.4826342,242.4517416,19.73757215,15.76885556,35.2,0,0
2025-06-13 17:15:00+00:00,499.7544951,0,24.9,501.8684037,0,25.82945721,18.47607143,285.3104978,216.6634083,17.75595238,15.58333333,35.19857143,0,0
2025-06-13 17:30:00+00:00,498.4219723,0,24.9,501.0890756,0,25.87309524,18.19285714,288.1817003,188.5885525,15.72507407,15.55298942,35.05499663,0,0
2025-06-13 17:45:00+00:00,498.3821429,0,24.93076923,500.4381171,0,25.72857143,18.1,291.1098214,169.0245995,13.6739229,15.41438776,34.91428571,0,0
2025-06-13 18:00:00+00:00,497.77169,0,25,500.1355181,0,25.76740741,18.1,293.9687619,152.6701228,11.68518519,15.34684127,35,0,0
2025-06-13 18:15:00+00:00,497.040779,0,25,500.3625573,0,25.63367347,18.03333333,296.8731421,118.1500753,9.767857143,15.3318254,35.21518315,0,0
2025-06-13 18:30:00+00:00,497.4174603,0,24.94111111,499.1905464,0,25.50944444,18.15333333,299.8401349,92.55197189,7.854743146,15.08021833,35.14857143,0,0
2025-06-13 18:45:00+00:00,497.0006869,0,24.9,499.3556646,0,25.354421,18.2,302.6083802,61.80377085,6.152489178,14.84831981,35.35352425,0,0
2025-06-13 19:00:00+00:00,496.2026445,0,24.9,498.1567669,0,25.39333333,18.23628571,305.6135661,40.87336214,4.348904762,14.6768,35.17333333,0,0
2025-06-13 19:15:00+00:00,495.3681548,0,24.8,497.949932,0,25.19761905,18.3,308.78402,22.1624066,2.566419295,14.51356859,35.26163004,0,0
2025-06-13 19:30:00+00:00,495.4845151,0,24.7,497.9741019,0,24.96985185,18.3,311.7955118,10.04006779,0.925373737,14.22944865,35.97578755,0,0
2025-06-13 19:45:00+00:00,494.2235242,0,24.6,496.822015,0,24.77285714,18.3,315.0854076,3.906508293,-0.67870671,13.8202381,36.16661196,0,0
2025-06-13 20:00:00+00:00,493.0213087,0,24.57857143,496.0793894,0,24.76428571,18.35714286,318.0079762,1.578651097,-2.019761905,13.70180952,36.1,0,0
2025-06-13 20:15:00+00:00,492.4400871,0,24.5,496.0587725,0,24.65333333,18.4,321.0379518,0.464065398,-3.421697309,13.74550388,36.14987364,0,0
2025-06-13 20:30:00+00:00,492.3669913,0,24.40307692,493.913456,0,24.6,18.4,324.4121939,0.058847403,-4.755694444,13.57046241,36.2,0,0
2025-06-13 20:45:00+00:00,491.6582388,0,24.4,493.3170477,0,24.50928571,18.4,327.7745529,0,-6.012380952,13.54571429,36.2,0,0
2025-06-13 21:00:00+00:00,490.4461842,0,24.32606061,493.6988737,0,24.40133333,18.30877273,330.9972678,0,-7.052672915,13.50545299,36.2,0,0
2025-06-13 21:15:00+00:00,489.5660386,0,24.29047619,493.4919171,0,24.32857143,18.21428571,334.1897704,0,-8.035612245,13.35568254,36.44801587,0,0
2025-06-13 21:30:00+00:00,488.6051657,0,24.2,492.0752693,0,24.23571429,18.0684949,337.4496667,0,-8.891168831,13.24730159,36.4,0,0
2025-06-13 21:45:00+00:00,489.1899836,0,24.1670068,490.3627387,0,24.1675,17.95571429,340.9239974,0,-9.705983937,13.29127341,36.42994048,0,0
2025-06-13 22:00:00+00:00,487.9839115,0,24.08666667,490.9670393,0,24.1,17.78666667,344.3191667,0,-10.33416667,13.09101852,36.51238095,0,0
2025-06-13 22:15:00+00:00,487.296788,0,24,489.8325375,0,24.01904762,17.62440476,347.9021537,0,-10.88980519,12.9107326,36.63571429,0,0
2025-06-13 22:30:00+00:00,485.8555361,0,23.95,488.308326,0,24,17.50365079,351.4189939,0,-11.28455433,12.70730375,37.03456349,0,0
2025-06-13 22:45:00+00:00,485.6421491,0,23.9,488.012911,0,23.91040816,17.28928571,354.9767084,0,-11.54285714,12.45812783,37.60714286,0,0
2025-06-13 23:00:00+00:00,484.5562698,0,23.9,487.0970899,0,23.87513228,17.05769231,358.4817875,0,-11.68666667,12.09887179,37.9062037,0,0
2025-06-13 23:15:00+00:00,485.8578816,0,23.82142857,485.9387581,0,23.8,16.88095238,33.88885204,0,-11.66964286,11.91744501,38.19634354,0,0
2025-06-13 23:30:00+00:00,484.1736355,0,23.8,486.2171178,0,23.76606061,16.67888889,5.405836922,0,-11.5437814,11.87397929,38.38754002,0,0
2025-06-13 23:45:00+00:00,483.4891198,0,23.76685714,486.1433478,0,23.7,16.6,9.055603175,0,-11.30025397,11.8270119,38.35238095,0,0
2025-06-14 00:00:00+00:00,482.1558863,0,23.7,485.614304,0,23.61607143,16.6,12.44928571,0,-10.87484127,11.7968254,38.3,0,0
2025-06-14 00:15:00+00:00,481.6120757,0,23.7,484.6128648,0,23.6,16.6,15.74818722,0,-10.38589418,11.66213333,38.3,0,0
2025-06-14 00:30:00+00:00,481.4626339,0,23.6375,483.5408936,0,23.53714286,16.49333333,19.29589002,0,-9.700632086,11.54972833,38.3385989,0,0
2025-06-14 00:45:00+00:00,480.5771199,0,23.6,482.7363028,0,23.49777778,16.36722222,22.55183709,0,-8.967759389,11.44666667,38.49878322,0,0
2025-06-14 01:00:00+00:00,480.0945127,0,23.6,482.007608,0,23.4,16.16428571,26.09513605,0,-8.047687075,11.34290232,38.6,0,0
2025-06-14 01:15:00+00:00,480.2720822,0,23.6,481.2370542,0,23.4,15.93755556,29.45774074,0,-7.03743771,11.33889499,38.68102564,0,0
2025-06-14 01:30:00+00:00,479.7225733,0,23.52142857,480.3376284,0,23.35,15.74142857,32.63417208,0,-5.987916667,11.3,38.62248529,0,0
2025-06-14 01:45:00+00:00,478.1497011,0,23.5,480.4060785,0,23.3,15.57738095,35.69230037,0.051178746,-4.844730769,11.4025,38.7,0,0
2025-06-14 02:00:00+00:00,477.370387,0,23.5,480.3373576,0,23.3,15.33714286,39.19378092,0.413350757,-3.429946145,11.56382766,38.7,0,0
2025-06-14 02:15:00+00:00,478.1066161,0,23.5,479.2617936,0,23.24822511,15.18555556,42.01466931,1.356783243,-2.168002646,11.72221958,38.55401099,0,0
2025-06-14 02:30:00+00:00,477.0909522,0,23.4,477.5518019,0,23.2,15.04666667,45.32862338,3.897778078,-0.607116883,11.86324786,38.33933333,0,0
2025-06-14 02:45:00+00:00,475.2626697,0,23.4,476.9208442,0,23.2,14.95,48.38522727,9.252714032,0.855032468,12.06814484,38.3,0,0
2025-06-14 03:00:00+00:00,473.7978038,0,23.4,475.8646305,0,23.19619048,14.832,51.32304762,19.35601235,2.463047619,12.20516667,38.09733333,0,0
2025-06-14 03:15:00+00:00,473.6309825,0,23.4,474.8961404,0,23.1042517,14.71785714,54.507072,36.24229272,4.262743764,12.2533256,38.07414966,0,0
2025-06-14 03:30:00+00:00,473.5291071,0,23.4,473.5905263,0,23.1,14.59,57.74719017,57.81997222,6.18146978,12.308375,37.96,0,0
2025-06-14 03:45:00+00:00,472.8244949,0,23.4,473.4197735,0,23.1,14.5,60.40092975,78.81212163,7.820454546,12.43,37.63636364,0,0
2025-06-14 04:00:00+00:00,472.5912698,0,23.4,471.7990162,0,23.1,14.43571429,63.38781506,106.4466959,9.754226306,12.68651386,37.58214953,0,0
2025-06-14 04:15:00+00:00,471.6472782,0,23.4,471.6063219,0,23.16222222,14.33866667,66.28851282,133.497643,11.68029487,13.1211453,37.1,0,0
2025-06-14 04:30:00+00:00,469.8080171,0,23.4,471.9120709,0,23.2,14.3,69.22464286,163.7144803,13.69732143,13.67660714,36.45504741,0,0
2025-06-14 04:45:00+00:00,469.6202089,0,23.4,470.8134285,0,23.2,14.35714286,72.03314634,189.0686772,15.65853554,14.03752015,36.23225611,0,0
2025-06-14 05:00:00+00:00,467.1582341,0,23.49285714,470.3837741,0,23.2,14.40868132,74.99107143,220.8957033,17.74540816,14.26259921,36.02142857,0,0
2025-06-14 05:15:00+00:00,467.5014726,0,23.5,469.9077751,0,23.2,14.48817094,77.6611746,252.2969227,19.65208059,14.5079873,35.28930952,0,0
2025-06-14 05:30:00+00:00,466.9450134,0,23.5,468.2209634,0,23.24285714,14.5,80.7774818,287.3104616,21.88389643,14.81863969,35,0,0
2025-06-14 05:45:00+00:00,466.6035195,0,23.5,468.0332567,0,23.3,14.58111111,83.88572621,319.0000058,24.10237608,15.07907449,35,0,0
2025-06-14 06:00:00+00:00,465.5312049,0,23.56,468.2433821,0,23.3,14.72533333,86.93871693,352.7596236,26.25759259,15.25636508,35,0,0
2025-06-14 06:15:00+00:00,464.6717453,0,23.6,467.5885686,0,23.3,14.7,90.10244821,386.8132688,28.47475314,15.32698413,34.91303571,0,0
2025-06-14 06:30:00+00:00,464.9914899,0,23.6,466.4362665,0,23.3,14.75833333,93.13266667,419.0755936,30.57266667,15.15538889,34.81037037,0,0
2025-06-14 06:45:00+00:00,464.9184756,0,23.6,465.7830988,0,23.3,14.80833333,96.15366333,449.4626846,32.60017559,15.38841725,34.8,0,0
2025-06-14 07:00:00+00:00,463.752578,0,23.6,465.703566,0,23.3,14.99333333,99.61837037,479.2953601,34.83362963,15.50151852,34.8,0,0
2025-06-14 07:15:00+00:00,463.3241585,0,23.6372619,463.7559132,0,23.36428571,15.17321429,102.7758741,505.0761051,36.78690476,15.90391156,34.8,0,0
2025-06-14 07:30:00+00:00,463.0237228,0,23.7,465.2310992,0,23.4,15.07320106,106.2807862,536.484626,38.8982149,15.90910172,34.74214445,0,0
2025-06-14 07:45:00+00:00,462.9322593,0,23.7,463.8877252,0,23.4,15.28571429,110.1871638,563.3122096,41.070822,16.26019558,34.79214286,0,0
2025-06-14 08:00:00+00:00,462.6429479,0,23.7,463.316251,0,23.4,15.39555556,113.962441,589.0651053,43.06767196,16.35491168,34.74,0,0
2025-06-14 08:15:00+00:00,461.9081818,0,23.7,462.2287132,0,23.45014815,15.87142857,118.1713144,614.5434539,45.09709524,16.05716667,34.85916667,0,0
2025-06-14 08:30:00+00:00,460.5539322,0,23.7,462.0751179,0,23.5,15.97692308,122.3122285,637.2816139,46.9521978,15.97568146,34.86492476,0,0
2025-06-14 08:45:00+00:00,459.6588213,0,23.7855873,461.7123284,0,23.5,16.1,126.828627,659.0742326,48.81542857,16.08315238,34.85237068,0,0
2025-06-14 09:00:00+00:00,458.4544785,0,23.8,461.4794865,0,23.5,16.25813776,131.4052211,678.5016336,50.46452381,16.28542659,34.78214286,0,0
2025-06-14 09:15:00+00:00,457.8770623,0,23.8,460.6025641,0,23.52222222,16.14888889,136.1812381,696.625143,51.98055556,16.52486349,34.97054545,0,0
2025-06-14 09:30:00+00:00,458.0250992,0,23.8,460.3806532,0,23.6,16.23214286,141.3572761,712.9013563,53.42913832,16.69897704,34.75251623,0,0
2025-06-14 09:45:00+00:00,458.1257796,0,23.80416667,459.3614286,0,23.6,16.36916667,146.6025036,726.8730614,54.68424501,17.49707051,34.87783295,0,0
2025-06-14 10:00:00+00:00,457.3987531,0,23.89527778,459.4663817,0,23.6,17.15380952,152.272597,735.6227328,55.79577056,16.97428928,35.29454558,0,0
2025-06-14 10:15:00+00:00,456.4998699,0,23.9,459.0131911,0,23.6,17.43263889,158.4958333,744.4460043,56.76130952,17.19813776,34.85536547,0,0
2025-06-14 10:30:00+00:00,456.0910065,0,23.9,457.8968365,0,23.6,17.24634921,164.5404444,752.5669572,57.47074074,17.44522222,34.99185185,0,0
2025-06-14 10:45:00+00:00,455.4162024,0,23.9,457.8891981,0,23.6,19.12410714,170.7888546,758.0176465,57.9296158,17.07157576,35.15,0,0
2025-06-14 11:00:00+00:00,456.0472222,0,23.9,457.0562816,0,23.64,18.53981481,177.1797884,762.9423807,58.18,17.83230199,35.2,0,0
2025-06-14 11:15:00+00:00,454.8866915,0,23.9,455.9616541,0,23.7,17.15595238,183.7043042,763.8133566,58.18666667,18.38190199,35.11416667,0,0
2025-06-14 11:30:00+00:00,453.8099484,0,23.94387755,455.3714202,0,23.7,17.44119048,190.046131,764.3415479,57.95049603,17.95767262,35,0,0
2025-06-14 11:45:00+00:00,453.3993249,0,24,455.4286094,0,23.7,17.76869048,195.7891746,761.656839,57.51501587,17.46787143,35.03333333,0,0
2025-06-14 12:00:00+00:00,454.0043135,0,24,455.1419698,0,23.78571429,18.63393939,202.3605159,761.5095839,56.77261905,17.84583333,35.1,0,0
2025-06-14 12:15:00+00:00,453.6988824,0,24.02666667,454.6663781,0,23.8,19.4784127,208.4126099,754.1225101,55.79724054,17.57225794,34.87809524,0,0
2025-06-14 12:30:00+00:00,453.1199787,0,24.1,453.8424805,0,23.83015873,20.08877551,213.9363095,748.6340593,54.71958333,17.57816829,34.7974026,0,0
2025-06-14 12:45:00+00:00,453.763047,0,24.13571429,453.4387312,0,23.955,19.43095238,219.3927513,736.2080538,53.41507143,17.94502357,34.73912698,0,0
2025-06-14 13:00:00+00:00,452.7789116,0,24.2,452.4345238,0,24.04464286,20.19444444,224.2745516,724.0377894,52.06062925,17.10782784,34.85630252,0,0
2025-06-14 13:15:00+00:00,451.1161243,0,24.20714286,453.152598,0,24.2,20.34056277,229.3305573,708.2430269,50.39660101,17.80813434,34.8,0,0
2025-06-14 13:30:00+00:00,450.6895643,0,24.3,453.0847765,0,24.35333333,19.97053571,233.7252073,688.2586059,48.79252044,17.2498343,34.8,0,0
2025-06-14 13:45:00+00:00,450.7872837,0,24.38095238,452.3978046,0,24.50952381,21.05778061,238.2707143,667.2545383,46.97315476,17.21742063,34.9047619,0,0
2025-06-14 14:00:00+00:00,449.9463889,0,24.4,453.0180338,0,24.64487879,20.43333333,242.5857804,645.9474982,45.02040476,17.79857778,35.28214452,0,0
2025-06-14 14:15:00+00:00,450.1591837,0,24.48630952,453.0371711,0,24.82987013,20.6175,246.3741551,630.2390889,43.14872475,17.66291306,35.24246032,0,0
2025-06-14 14:30:00+00:00,450.2114288,0,24.57626984,452.2805654,0,24.98477778,20.18990476,249.7164433,616.7480384,41.36465812,17.90946277,35.2275,0,0
2025-06-14 14:45:00+00:00,449.5260935,0,24.6,451.8133548,0,25.10857143,20.62142857,253.7687358,282.0248559,39.09662698,17.45808849,35.12539683,0,0
2025-06-14 15:00:00+00:00,449.5530315,0,24.68666667,451.5441818,0,25.21,20.16968254,257.3676667,517.5923941,36.99278571,17.86652143,34.88245014,0,0
2025-06-14 15:15:00+00:00,448.9540337,0,24.76666667,451.2292717,0,25.44618182,18.91793651,260.7094629,597.5143236,34.89276455,18.21731948,35.19810546,0,0
2025-06-14 15:30:00+00:00,449.0131547,0,24.86619048,451.8838555,0,25.70714286,19.29571429,263.8396145,496.8049869,32.85433132,18.40682874,35.36631868,0,0
2025-06-14 15:45:00+00:00,449.4685892,0,24.99666667,450.5355128,0,25.97844444,19.38095238,267.2568918,448.6348367,30.56993386,17.78434773,35.1762963,0,0
2025-06-14 16:00:00+00:00,448.1767189,0,25.1,450.5498949,0,26.17683673,19.80277778,270.278315,414.2826226,28.46141026,18.54355632,35.14765306,0,0
2025-06-14 16:15:00+00:00,447.1535354,0,25.20549887,449.9825952,0,26.29703704,19.74007937,273.2952104,361.3618678,26.36568013,18.52652422,34.81333333,0,0
2025-06-14 16:30:00+00:00,448.2059,0,25.30714286,450.6288524,0,26.39285714,19.24119048,276.2667234,333.294512,24.25080782,18.41510771,34.74183673,0,0
2025-06-14 16:45:00+00:00,447.9575,0,25.4,450.2944444,0,26.3,19.6647619,279.3556909,306.5667744,22.0427849,18.40314387,34.63703704,0,0
2025-06-14 17:00:00+00:00,447.2332866,0,25.41666667,450.2057778,0,26.4,19.05333333,282.404828,266.5490042,19.85607143,18.55253175,34.80218013,0,0
2025-06-14 17:15:00+00:00,446.4679702,0,25.5,449.8747412,0,26.54778912,19.40952381,285.3113178,231.6081438,17.79444444,18.28095718,34.98484432,0,0
2025-06-14 17:30:00+00:00,446.8489418,0,25.52793651,449.343514,0,26.50083333,19.03033069,288.2421162,192.7922503,15.70152525,18.31512727,34.82,0,0
2025-06-14 17:45:00+00:00,446.2202721,0,25.69880952,448.5389452,0,26.46071429,18.31805556,291.0705385,160.6153786,13.72857143,18.09623129,34.7,0,0
2025-06-14 18:00:00+00:00,445.9501684,0,25.65777778,448.2111111,0,26.29866667,18.0835,294.0277143,116.9725289,11.73942761,17.92935997,34.78011111,0,0
2025-06-14 18:15:00+00:00,444.8816766,0,25.52857143,447.6590909,0,26.22207792,18.08714286,296.9505705,100.2210889,9.796831233,17.71278568,34.8987013,0,0
2025-06-14 18:30:00+00:00,446.0366641,0,25.5,448.3489274,0,26.08349206,17.9,299.8397619,58.7987729,7.926878307,17.44031481,34.77212121,0,0
2025-06-14 18:45:00+00:00,444.801357,0,25.45892857,448.3903119,0,25.84183673,17.9,302.8721296,43.67004409,6.031521164,17.17379286,34.70666667,0,0
2025-06-14 19:00:00+00:00,445.0130952,0,25.4,446.6186991,0,25.77142857,17.89761905,305.8510513,26.34477794,4.287724181,17.07798701,34.66428571,0,0
2025-06-14 19:15:00+00:00,444.8048802,0,25.39066667,447.2733333,0,25.6160101,17.8,308.7852006,14.61877196,2.600122729,16.84974359,34.80407407,0,0
2025-06-14 19:30:00+00:00,444.7442165,0,25.3,446.9600013,0,25.49336735,17.74166667,311.6939332,7.296401706,1.0121337,16.54872449,34.98455357,0,0
2025-06-14 19:45:00+00:00,444.8329085,0,25.21666667,447.4641071,0,25.42138528,17.73795238,314.7418615,3.066447421,-0.460503848,16.39428571,35.04088889,0,0
2025-06-14 20:00:00+00:00,445.2144017,0,25.15,446.3594128,0,25.30714286,17.77857143,318.1059014,1.053380855,-2.032142857,15.90966128,34.76835189,0,0
2025-06-14 20:15:00+00:00,444.5559213,0,25.1,447.1092719,0,25.23916667,17.7,321.2129363,0.28879085,-3.41346633,15.62644444,35.03922559,0,0
2025-06-14 20:30:00+00:00,444.9044676,0,25.03333333,446.0115256,0,25.13083333,17.77,324.3502363,0.042641026,-4.690098901,15.52638823,34.93552381,0,0
2025-06-14 20:45:00+00:00,443.0466963,0,24.98571429,446.3051948,0,25.0552381,17.84047619,327.6729906,0,-5.906613327,15.25133929,34.80480769,0,0
2025-06-14 21:00:00+00:00,442.0232035,0,24.9,445.3345485,0,24.98666667,17.9,330.7570973,0,-6.977286404,15.00263586,35.00848485,0,0
2025-06-14 21:15:00+00:00,442.3411782,0,24.83846154,444.8684641,0,24.9,17.9,334.251335,0,-7.99140873,15.03330797,35.20660714,0,0
2025-06-14 21:30:00+00:00,442.6396825,0,24.78666667,445.0630252,0,24.83333333,17.9,337.5713333,0,-8.874666667,14.85244444,35.49333333,0,0
2025-06-14 21:45:00+00:00,442.2562882,0,24.7,443.7374051,0,24.79142857,17.9,340.9812664,0,-9.632910344,14.60895692,35.5676511,0,0
2025-06-14 22:00:00+00:00,441.8133333,0,24.7,443.8534646,0,24.70222222,17.9,344.3851943,0,-10.29433455,14.39106349,35.9151567,0,0
2025-06-14 22:15:00+00:00,440.7704295,0,24.60942761,442.4950107,0,24.62148148,17.9,347.9096961,0,-10.8282209,14.16228241,35.999276,0,0
2025-06-14 22:30:00+00:00,440.5545017,0,24.6,442.3448771,0,24.6,17.9,351.3520635,0,-11.20365079,14.07163265,36.06858071,0,0
2025-06-14 22:45:00+00:00,440.5565657,0,24.515,441.3952397,0,24.59916667,17.9,354.7821243,0,-11.47283069,14,36.17485714,0,0
2025-06-14 23:00:00+00:00,440.4535714,0,24.5,441.8937802,0,24.51055556,17.88333333,358.3257937,0,-11.59095238,14.0256737,36.0887987,0,0
2025-06-14 23:15:00+00:00,438.7188889,0,24.46666667,441.4260088,0,24.46666667,17.8,1.965,0,-11.6,13.93563333,35.95196581,0,0
2025-06-14 23:30:00+00:00,438.1727958,0,24.4,439.7602798,0,24.4,17.75285714,5.476662802,0,-11.49632653,13.9,35.98791209,0,0
2025-06-14 23:45:00+00:00,438.7760873,0,24.4,439.8789352,0,24.3637037,17.7,8.60052381,0,-11.24380952,13.9302381,36.17067593,0,0
2025-06-15 00:00:00+00:00,438.0981009,0,24.4,439.4695553,0,24.3,17.62653061,12.23140023,0,-10.86478175,13.98393579,36.2,0,0
2025-06-15 00:15:00+00:00,437.8309098,0,24.4,438.3077948,0,24.24,17.46833333,15.76330159,0,-10.33667725,13.68444815,36.06751323,0,0
2025-06-15 00:30:00+00:00,437.6442979,0,24.3452381,437.9782981,0,24.2,17.4,19.01114815,0,-9.734781145,13.68836277,35.92518519,0,0
2025-06-15 00:45:00+00:00,437.7415927,0,24.3,438.1890772,0,24.17,17.31769841,22.34991437,0,-8.974489796,13.58144712,36.13150811,0,0
2025-06-15 01:00:00+00:00,436.3901671,0,24.3,437.0784283,0,24.1,17.21904762,25.80321264,0,-8.100454546,13.54349184,36.38602564,0,0
2025-06-15 01:15:00+00:00,436.5748735,0,24.3,437.0142619,0,24.1,17.15,29.19808723,0,-7.082984694,13.58196709,36.64047619,0,0
2025-06-15 01:30:00+00:00,435.2270172,0,24.20666667,436.7670161,0,24.00666667,17.02692063,32.56227025,0,-5.961563973,13.59933333,36.23709137,0,0
2025-06-15 01:45:00+00:00,435.218253,0,24.2,436.8766252,0,24,16.96171329,35.89434898,0.075182186,-4.717948718,13.56153846,36.24269231,0,0
2025-06-15 02:00:00+00:00,434.8813725,0,24.2,436.5112309,0,23.95222222,16.886,38.8887037,0.376299059,-3.518194444,13.64733333,36.57132164,0,0
2025-06-15 02:15:00+00:00,433.3883439,0,24.2,436.0492537,0,23.9,16.79285714,42.21773509,1.407721997,-2.048029212,13.67016807,36.64285714,0,0
2025-06-15 02:30:00+00:00,433.4619514,0,24.12,433.8168012,0,23.9,16.7,45.43231842,3.448521537,-0.529419192,13.59291667,36.35104183,0,0
2025-06-15 02:45:00+00:00,433.2777283,0,24.1,433.5458411,0,23.876,16.625,48.52909163,7.64432964,0.968329966,13.49945238,36.31448124,0,0
2025-06-15 03:00:00+00:00,432.3114577,0,24.1,432.5007389,0,23.8,16.50892857,51.35565476,15.12805947,2.513690476,13.58607143,36.38702381,0,0
2025-06-15 03:15:00+00:00,432.2911088,0,24.1,432.0694577,0,23.8,16.5,54.40979894,29.56756697,4.260190476,13.57642944,36.59867582,0,0
2025-06-15 03:30:00+00:00,431.4275743,0,24.1,431.1047619,0,23.8,16.47692308,57.55958333,50.07838419,6.118095238,13.63234694,36.27570295,0,0
2025-06-15 03:45:00+00:00,429.6289191,0,24.1,432.3565239,0,23.8,16.4,60.25200794,73.25257743,7.768928571,13.80459524,36.19746296,0,0
2025-06-15 04:00:00+00:00,430.52099,0,24.1,430.7347953,0,23.8,16.4,63.37862245,101.8155714,9.822380952,14.26771429,35.96696429,0,0
2025-06-15 04:15:00+00:00,429.4598292,0,24.1,430.4090909,0,23.8,16.4,66.18262005,125.2957509,11.67473952,14.78793016,35.4,0,0
2025-06-15 04:30:00+00:00,428.9192762,0,24.1,429.2807638,0,23.84285714,16.4,69.0085119,149.1784806,13.61604592,15.30197704,34.90178571,0,0
2025-06-15 04:45:00+00:00,428.7218891,0,24.16785714,429.1680078,0,23.9,16.48141026,72.0927619,200.606004,15.76407937,15.81142857,34.6975,0,0
2025-06-15 05:00:00+00:00,427.7183871,0,24.2,429.3882189,0,23.9,16.5,74.79479365,217.1458388,17.67525397,16.11012381,35.057,0,0
2025-06-15 05:15:00+00:00,427.5162982,0,24.2,429.637033,0,23.9,16.50178571,77.81428571,205.842557,19.8152381,16.27755102,34.75833333,0,0
2025-06-15 05:30:00+00:00,427.2467821,0,24.2,429.4443853,0,23.9,16.62714286,80.88571429,218.5314763,21.9947619,16.34277778,34.69992857,0,0
2025-06-15 05:45:00+00:00,427.4081579,0,24.26153846,429.0330902,0,23.9,16.56923077,83.66360531,303.5415831,23.99654707,16.57401549,34.90239316,0,0
2025-06-15 06:00:00+00:00,427.3390218,0,24.3,428.8895504,0,23.96666667,16.5,86.54418874,357.2992422,26.03849967,17.18954233,34.92264225,0,0
2025-06-15 06:15:00+00:00,426.242381,0,24.3,427.9453071,0,24,16.68571429,89.91527211,396.0967087,28.40710884,17.4854949,34.72308673,0,0
2025-06-15 06:30:00+00:00,426.7407648,0,24.35,427.4981779,0,24,16.7,92.88087302,442.6455632,30.4506746,17.62677963,34.8125,0,0
2025-06-15 06:45:00+00:00,425.109154,0,24.4,427.3579881,0,24.04115646,16.83785714,96.25916667,473.6226219,32.7110119,17.65453373,34.85,0,0
2025-06-15 07:00:00+00:00,425.82,0,24.4,427.5724812,0,24.1,16.84833333,99.58832804,523.8778642,34.85668783,18.076,34.90121212,0,0
2025-06-15 07:15:00+00:00,425.6829125,0,24.4,427.3734893,0,24.1,16.81634921,103.0696032,535.7096862,37.02290476,18.25214286,35.2,0,0
2025-06-15 07:30:00+00:00,425.5595418,0,24.4,427.3128205,0,24.11428571,16.92083333,106.5946939,441.0136907,39.15510204,18.64255102,35.20705782,0,0
2025-06-15 07:45:00+00:00,425.2177778,0,24.46153846,426.5592593,0,24.2,16.8,110.1887778,432.8832635,41.16528571,18.24707937,34.78690476,0,0
2025-06-15 08:00:00+00:00,424.987384,0,24.5,427.2285714,0,24.2,17.02727273,113.8357143,519.2772596,43.03333333,17.76428571,35.22142857,0,0
2025-06-15 08:15:00+00:00,424.7274074,0,24.5,426.5270004,0,24.22111111,17,117.7174105,661.940434,44.95973036,18.05672405,35.3,0,0
2025-06-15 08:30:00+00:00,424.4883529,0,24.54672619,425.4206633,0,24.3,17.07858844,121.92381,445.375232,46.83213203,18.66582406,35.25699134,0,0
2025-06-15 08:45:00+00:00,424.9601602,0,24.6,426.0968399,0,24.3,16.86526984,126.3665346,287.33446,48.68934271,18.81539683,34.88185185,0,0
2025-06-15 09:00:00+00:00,424.1702564,0,24.6,426.2720574,0,24.3,16.81177778,131.2555556,185.9008092,50.46837037,17.75867725,34.8232672,0,0
2025-06-15 09:15:00+00:00,423.6169872,0,24.6,426.2142888,0,24.3,16.88333333,135.9630952,223.7319163,51.97460317,17.41040476,34.8,0,0
2025-06-15 09:30:00+00:00,423.7272727,0,24.6,425.3309091,0,24.34545455,16.8,141.2454545,230.5185589,53.43333333,17.30909091,34.71818182,0,0
2025-06-15 09:45:00+00:00,423.6175712,0,24.62142857,425.7225996,0,24.4,16.8,146.0543908,298.4516844,54.6152082,17.62130159,34.6,0,0
2025-06-15 10:00:00+00:00,423.5466667,0,24.7,425.0123457,0,24.44,16.875,152.02,426.9106243,55.7852381,17.73583333,34.6,0,0
2025-06-15 10:15:00+00:00,423.9573517,0,24.72142857,425.2739838,0,24.5,16.94017857,158.112551,477.6453804,56.76142857,18.33914286,34.93708333,0,0
2025-06-15 10:30:00+00:00,423.4011111,0,24.8,424.3126667,0,24.54666667,17.07142857,164.2237778,533.3088501,57.46911111,18.78466667,35.27102381,0,0
2025-06-15 10:45:00+00:00,422.8301587,0,24.86,425.0894444,0,24.6,17.12666667,170.8583413,537.4123824,57.99647619,18.58609524,34.97666667,0,0
2025-06-15 11:00:00+00:00,423.0364119,0,24.9,425.0585317,0,24.57489796,17.1,177.120805,854.5179693,58.24285714,19.49108163,34.89285714,0,0
2025-06-15 11:15:00+00:00,423.8207251,0,24.9,426.0604357,0,24.65133333,17.18928571,183.4901905,761.2995272,58.25533333,20.25120238,34.69516667,0,0
2025-06-15 11:30:00+00:00,423.5124962,0,24.96666667,425.3436572,0,24.69722222,17.20833333,189.6520022,574.279813,58.04391156,20.33761882,34.6,0,0
2025-06-15 11:45:00+00:00,422.6513889,0,25,424.497856,0,24.76,17.22142857,195.9822222,822.5118716,57.52972222,20.99507937,34.80666667,0,0
2025-06-15 12:00:00+00:00,422.9635185,0,25.05333333,423.7039097,0,24.74933333,17.34,202.1138228,685.60241,56.81819048,21.4849037,35,0,0
2025-06-15 12:15:00+00:00,423.3047944,0,25.1,423.6515764,0,24.72326531,17.4422619,208.3041481,322.2724787,55.88741497,20.67581463,35.20567766,0,0
2025-06-15 12:30:00+00:00,422.3733361,0,25.1,423.6382127,0,24.9,17.4,213.9104444,342.4121678,54.77666667,20.07142857,35.30666667,0,0
2025-06-15 12:45:00+00:00,423.1128281,0,25.12571429,424.377133,0,24.9057398,17.4,219.1107359,592.8284008,53.54553443,19.5685679,35.32472222,0,0
2025-06-15 13:00:00+00:00,422.7844456,0,25.2,424.6137686,0,25.03616667,17.4,224.353828,454.1067957,52.05533862,20.40203704,35.1,0,0
2025-06-15 13:15:00+00:00,423.2455499,0,25.2,424.21631,0,25.1,17.4,229.0178571,410.6658926,50.54980159,20.2099001,35.08571429,0,0
2025-06-15 13:30:00+00:00,423.4292063,0,25.2264127,423.7241408,0,25.09795238,17.4,233.5039718,437.3384012,48.92290609,20.47553398,34.91690476,0,0
2025-06-15 13:45:00+00:00,422.7544594,0,25.3,423.6826721,0,25.3,17.4,237.8091837,638.2291103,47.19591837,21.12071429,35.04132653,0,0
2025-06-15 14:00:00+00:00,421.8925264,0,25.38666667,423.6519774,0,25.5125,17.4,242.2982671,608.4331557,45.18471828,22.03324444,35.24793651,0,0
2025-06-15 14:15:00+00:00,422.8799081,0,25.4,423.9591168,0,25.65119048,17.53571429,246.2343084,640.085077,43.27393424,21.53819444,34.81762987,0,0
2025-06-15 14:30:00+00:00,422.2037871,0,25.48444444,424.0767196,0,25.75,17.52,250.059292,325.5273548,41.25741799,21.79491486,34.63833333,0,0
2025-06-15 14:45:00+00:00,422.1504663,0,25.52666667,423.99715,0,25.72,17.56911111,253.7545871,499.9212512,39.17966667,21.4832963,35.08208333,0,0
2025-06-15 15:00:00+00:00,422.4538894,0,25.6,424.467964,0,25.87142857,17.6,257.3277778,388.2377177,37.04744898,21.21376984,35.2047619,0,0
2025-06-15 15:15:00+00:00,422.0271678,0,25.67238095,424.4239168,0,25.98095238,17.6,260.8451587,354.4857902,34.86075397,22.04928571,34.93887566,0,0
2025-06-15 15:30:00+00:00,422.4077377,0,25.7,424.7243794,0,25.97142857,17.6,263.8305357,263.7898191,32.93739796,22.43163265,34.83061224,0,0
2025-06-15 15:45:00+00:00,422.4034392,0,25.7,424.1287037,0,25.78133333,17.68461538,267.1982222,123.8235228,30.66488889,22.00308571,34.8,0,0
2025-06-15 16:00:00+00:00,421.9666667,0,25.65714286,423.4759995,0,25.70952381,17.7,270.2644444,79.9644416,28.56894841,21.60511905,34.73619048,0,0
2025-06-15 16:15:00+00:00,422.8361111,0,25.6,423.1521223,0,25.68060606,17.82423521,273.1119365,98.16918242,26.55655556,21.33083069,34.6,0,0
2025-06-15 16:30:00+00:00,422.4497354,0,25.6,422.9962963,0,25.55333333,18.12545455,276.5340741,65.243842,24.1112672,21.00114286,34.6,0,0
2025-06-15 16:45:00+00:00,422.1981293,0,25.6,422.5294897,0,25.6,18.55,279.2696429,51.61743303,22.18392857,20.65357143,34.7375,0,0
2025-06-15 17:00:00+00:00,421.8905594,0,25.52,422.2148822,0,25.53466667,18.84266667,282.1673333,47.43357151,20.07219048,20.4037037,35.06289044,0,0
2025-06-15 17:15:00+00:00,421.2951934,0,25.5,423,0,25.5,19.03631868,285.0066657,30.61149152,18.00944508,20.10306122,34.85378013,0,0
2025-06-15 17:30:00+00:00,421.2736111,0,25.44166667,423.2539216,0,25.44166667,19.26666667,287.949504,13.44430385,15.95664683,19.69377976,34.72424242,0,0
2025-06-15 17:45:00+00:00,421.6624704,0,25.4,422.7058239,0,25.39107143,19.54047619,291.1467007,16.94034125,13.71938776,19.09892857,34.6,0,0
2025-06-15 18:00:00+00:00,421.9813926,0,25.4,422.4764597,0,25.3,19.77142857,293.7242262,14.52267633,12.00416667,18.36415675,34.65988456,0,0
2025-06-15 18:15:00+00:00,420.4113757,0,25.32666667,422.9061537,0,25.28,19.82142857,296.9995238,9.474980325,9.807142857,17.43342857,34.6,0,0
2025-06-15 18:30:00+00:00,421.8560399,0,25.3,421.4783002,0,25.2,19.8,299.7271429,2.678656148,8.037599206,16.33064007,34.6,0,0
2025-06-15 18:45:00+00:00,420.3782427,0,25.27857143,422.3877318,0,25.2,19.712,302.7008974,2.971525451,6.192094017,15.76218681,34.6,0,0
2025-06-15 19:00:00+00:00,420.6405275,0,25.2,421.6197698,0,25.10428571,19.475,305.6607143,2.624931524,4.407142857,15.64695918,34.6,0,0
2025-06-15 19:15:00+00:00,420.9694555,0,25.19404762,421.1062963,0,25.1,19.30952381,308.6082424,2.209354209,2.719087542,15.52904545,34.6,0,0
2025-06-15 19:30:00+00:00,421.1300855,0,25.1,421.7266667,0,25.04,19.14666667,311.9348307,1.065436182,0.96523545,15.6,34.60148148,0,0
2025-06-15 19:45:00+00:00,421.4602891,0,25.1,421.38899,0,24.9875,18.95833333,314.8317574,0.480194236,-0.450963719,15.49387755,34.86378118,0,0
2025-06-15 20:00:00+00:00,419.831202,0,25.06153846,421.8181309,0,24.9,18.75042735,318.0978095,0.135742424,-1.980555556,15.35884921,35.20583333,0,0
2025-06-15 20:15:00+00:00,420.0649616,0,25,421.7739796,0,24.84761905,18.58928571,321.238818,0,-3.366468254,15.30521542,34.7588474,0,0
2025-06-15 20:30:00+00:00,421.6253221,0,25,421.1286424,0,24.8,18.43166667,324.2293246,0,-4.614124972,15.45299298,34.81018313,0,0
2025-06-15 20:45:00+00:00,420.5520333,0,24.98571429,421.0364496,0,24.8,18.28052721,327.4127543,0,-5.803412698,15.46785714,34.90714286,0,0
2025-06-15 21:00:00+00:00,421.0231283,106.1218182,24.84666667,421.2281481,101.6108418,24.71466667,17.55619048,330.8352381,0,-6.94,15.43049524,34.86,0,0
2025-06-15 21:15:00+00:00,444.1389151,37.02272727,24.75561224,432.3907545,37.68285714,24.67857143,17.2,333.7364598,0,-7.830342971,15.52167543,34.71753247,0,0
2025-06-15 21:30:00+00:00,448.1007013,0,24.8,443.6718679,0,24.66666667,17.22666667,337.6052795,0,-8.840102564,15.62253247,34.61777778,0,0
2025-06-15 21:45:00+00:00,446.6988596,0,24.8,447.1319136,0,24.6,17.3,340.9877227,0,-9.619905002,15.62418651,34.60416667,0,0
2025-06-15 22:00:00+00:00,446.4827409,0,24.8,446.9702381,0,24.6,17.3,344.4907937,0,-10.2735119,15.76294558,34.68142857,0,0
2025-06-15 22:15:00+00:00,446.1126949,0,24.8,447.0790041,0,24.6,17.34666667,347.8381058,0,-10.78615873,15.72276825,34.66,0,0
2025-06-15 22:30:00+00:00,449.1015283,247.2132885,24.53571429,447.3734432,259.8214384,24.57857143,17.15238095,351.1511054,0,-11.17261905,15.32353432,34.60992063,0,0
2025-06-15 22:45:00+00:00,476.4081674,317.5513492,24.28352381,472.5934209,318.6768792,24.48119048,17,354.934463,0,-11.44777778,15.22684029,34.92224074,0,0
2025-06-15 23:00:00+00:00,490.7050655,112.5455364,24.28571429,490.3032117,111.8839286,24.335,17,358.2540958,0,-11.59081633,15.20387755,35.12320011,0,0
2025-06-15 23:15:00+00:00,491.2893284,191.1959596,24.34,494.1042073,175.7712371,24.36666667,17,1.746488697,0,-11.6,15.16833838,35.06370019,0,0
2025-06-15 23:30:00+00:00,496.5920377,233.6496256,24.08557143,499.6793417,230.9325721,24.24666667,16.94533333,5.282338143,0,-11.46401852,15.11683175,35.22070175,0,0
2025-06-15 23:45:00+00:00,498.4548383,0,24.37142857,500.2261905,0,24.21428571,16.93571429,8.987363946,0,-11.19638605,15.13027211,35.29285714,0,0
2025-06-16 00:00:00+00:00,496.9134189,0,24.4,500.0724695,0.787798409,24.3,17,12.29680782,0,-10.80312121,15.152,35.35498209,0,0
2025-06-16 00:15:00+00:00,495.8008428,0,24.4,498.72628,0,24.3,17,15.75777159,0,-10.29887523,15.22901786,35.33010204,0,0
2025-06-16 00:30:00+00:00,494.7644444,0,24.4,496.9865247,0,24.3,17,18.89271484,0,-9.754602953,15.46498468,35.37960872,0,0
2025-06-16 00:45:00+00:00,494.0212592,0,24.4,496.2787843,0,24.3,17,22.27407509,0,-8.950029891,15.53713599,35.26457059,0,0
2025-06-16 01:00:00+00:00,493.92884,0,24.4,495.8873568,0,24.28666667,17,25.81021164,0,-8.046455027,15.58488889,34.88576023,0.003678161,0.005057471
2025-06-16 01:15:00+00:00,493.5641097,0,24.4,494.0975936,0,24.22857143,17,29.19321429,0,-7.05,15.54482143,34.8,0,0
2025-06-16 01:30:00+00:00,492.4963904,0,24.4,492.5897436,0,24.2,16.99537037,32.3770202,0,-5.989412458,15.26058704,34.66666667,0,0
2025-06-16 01:45:00+00:00,492.3006475,138.22261,24.26836735,492.467097,136.8112716,24.2,16.42142857,35.84964002,0,-4.696734694,14.98517226,34.92449675,0,0
2025-06-16 02:00:00+00:00,499.7041126,315.1923118,23.82785714,500.823569,323.3898124,24.08766667,16.26428571,39.07635642,0.100388889,-3.395615681,14.67165368,35.00851178,0,0
2025-06-16 02:15:00+00:00,503.7746124,315.0539983,23.58572222,505.2159726,322.0603121,23.87838095,16.09155556,42.29023665,0.697229365,-1.966285714,14.43606349,35.55619048,0,0
2025-06-16 02:30:00+00:00,507.7070219,318.1704318,23.58962585,511.2444682,314.0215507,23.65967687,15.98928571,45.17402597,1.699868297,-0.590223665,14.29094589,35.73903912,0,0
2025-06-16 02:45:00+00:00,516.3811496,316.7256206,23.57142857,514.7260421,316.5662752,23.69011461,15.89277958,48.16536186,3.696465006,0.830360037,14.1975155,36.14828921,0,0
2025-06-16 03:00:00+00:00,509.7482226,41.91319967,23.61251587,511.2611407,41.01740196,23.60650794,15.67055556,51.35862963,8.757139888,2.572611111,14.03071032,36.05853776,0,0
2025-06-16 03:15:00+00:00,495.6352189,69.56978495,24.16190476,499.4916417,60.64950605,23.77428571,16.68777778,54.35075926,16.08905339,4.235777778,13.81018182,35.96666667,0,0
2025-06-16 03:30:00+00:00,499.3506436,87.40802063,24.16857143,496.2840249,63.26766009,23.8,16.8625,57.41692641,19.61217662,6.064006133,13.63744697,36.07936508,0,0
2025-06-16 03:45:00+00:00,501.2445238,97.28095238,24.1,494.8811189,63.03703704,23.8,17.11190476,60.39060541,49.1064283,7.92496633,13.7,36.05597884,0,0
2025-06-16 04:00:00+00:00,502.1709416,106.9482581,24.1,494.6474155,63.16287879,23.85637755,17.2,63.36304113,43.77237044,9.829336735,13.72755102,36.38920455,0,0
2025-06-16 04:15:00+00:00,500.794647,114.8557224,24.1,495.9648875,62.55258852,23.80206349,17.2,66.1521135,44.42883485,11.70255957,13.69578011,36.4275,0,0
2025-06-16 04:30:00+00:00,502.2097019,124.2545236,24.1,496.7212438,62.62938625,23.8,17.16428571,68.90787879,99.73988866,13.61140693,13.81658342,36.72899071,0,0
2025-06-16 04:45:00+00:00,503.2270127,133.2958797,24.04615385,498.6979249,62.51929825,23.8,17,71.96608275,76.3452136,15.68022145,13.82666667,36.33347222,0,0
2025-06-16 05:00:00+00:00,508.4688651,139.7530692,24.1,506.3321909,60.80072091,23.8,17.02666667,75.00814286,93.04652515,17.8777381,14.02592143,36.12242424,0,0
2025-06-16 05:15:00+00:00,511.5239992,147.2757439,24.1,511.708973,61.32441556,23.72285714,17.19047619,77.86848727,101.9271933,19.89026252,14.21392622,36,0,0
2025-06-16 05:30:00+00:00,515.6458948,156.4416667,24.08666667,517.3612583,61.55902335,23.85333333,17.05428571,80.89944974,45.35996676,22.08938889,14.32346667,35.9,0,0
2025-06-16 05:45:00+00:00,522.1606237,167.0687512,24.03104308,523.7979448,61.22231723,23.78022032,16.97857143,83.56999279,51.95193138,23.98978355,14.18278499,35.90974026,0,0
2025-06-16 06:00:00+00:00,531.3550869,169.5544027,24.18666667,534.9435741,60.88284644,23.89080688,16.95333333,86.79411833,78.40307907,26.24649471,14.22250505,35.83089316,0,0
2025-06-16 06:15:00+00:00,553.4386905,175.0388605,23.98428571,578.8077161,59.53846748,23.83571429,17,89.93216553,35.52616133,28.46758787,14.25595238,35.4712585,0,0
2025-06-16 06:30:00+00:00,575.9560373,182.6948016,24.12,636.1618694,59.50439499,23.91613035,16.96,92.71449735,77.27519264,30.41,14.17259259,35.70962963,0,0
2025-06-16 06:45:00+00:00,612.2698073,202.2247735,24.30633503,639.9715525,71.23131958,24.16590136,17.04285714,95.88318556,146.9942308,32.55243328,14.32455128,36.00038376,0,0
2025-06-16 07:00:00+00:00,641.6072619,234.599639,24.31595238,653.9390837,101.2401174,24.33866667,17.1437037,99.17859158,166.4854395,34.66323443,14.68,35.75044872,0,0
2025-06-16 07:15:00+00:00,611.8901221,262.2852381,24.28666667,655.9024093,133.6955846,24.37085714,17.04,102.8356111,227.5677559,36.93844444,14.87043687,35.07345623,0,0
2025-06-16 07:30:00+00:00,581.4758991,284.9605408,24.24728175,646.4087471,176.0239432,24.40585317,17.16904762,106.4715986,137.6999399,39.0825,15.00958101,34.58647392,0,0
2025-06-16 07:45:00+00:00,604.9046717,299.4389651,24.08148148,626.9312518,203.6223231,24.30621549,17.025,110.0621748,145.3465761,41.13459816,14.74078632,35.14886919,0,0
2025-06-16 08:00:00+00:00,617.7019756,310.2681973,24.16607143,613.7400196,227.0839014,24.32435897,17,113.4519643,201.5203739,42.88005102,14.72721088,35.13197279,0,0
2025-06-16 08:15:00+00:00,610.4118162,317.2624892,24.13360317,596.4754746,255.8593578,24.28,17.09285714,117.8155556,188.4927375,45.03735043,14.95622222,34.86962963,0,0
2025-06-16 08:30:00+00:00,602.3666667,316.0271958,24.13,591.3442578,278.1900478,24.2275,17.18392857,122.1968571,268.4133227,47.01736508,15.1287037,34.92948052,0,0
2025-06-16 08:45:00+00:00,600.0970663,319.4584249,24.02910256,608.5475768,301.5764687,24.24285714,17.19010989,126.0406979,412.8658689,48.54596297,15.50880733,34.94578309,0,0
2025-06-16 09:00:00+00:00,604.5272113,317.6102326,24.06234127,620.3833143,313.8023906,24.308,17.14222222,130.977131,500.7850314,50.3963664,15.89822222,34.9,0,0
2025-06-16 09:15:00+00:00,595.511953,314.3836914,24.08076923,616.4417264,316.7162834,24.20061224,17.19951437,135.8188095,428.2078772,51.95738095,16.18664286,35.10630952,0,0
2025-06-16 09:30:00+00:00,590.3387037,328.6006975,24.08174603,575.127878,328.4316534,24.10104762,17.13928571,141.2340664,396.1113102,53.47658009,16.3675695,35.03322631,0,0
2025-06-16 09:45:00+00:00,584.6645473,313.8522043,24.04,550.7499773,309.524829,24.13744589,17.23571429,146.518605,325.2873598,54.74224359,16.42070238,35.00952381,0,0
2025-06-16 10:00:00+00:00,571.2829483,324.2174807,23.92507407,559.5131944,315.5679563,24.13333333,17.52466667,151.9514596,803.4695745,55.81098485,16.94305387,35.02204545,0,0
2025-06-16 10:15:00+00:00,558.4726134,304.8871483,23.88176129,564.4331765,308.6878181,24.13849206,17.27701465,158.0983562,765.3600075,56.79636927,17.51413457,34.73622024,0,0
2025-06-16 10:30:00+00:00,550.7995342,295.0480236,23.81166667,547.9066728,319.1853508,24.08533333,17.46857143,164.0341709,279.1003176,57.50357998,17.33973993,34.85839055,0,0
2025-06-16 10:45:00+00:00,576.1535445,286.2511111,23.92429437,555.5020712,321.4002797,24.02111111,17.78576007,170.7019663,873.0827941,58.03609428,18.08678889,35.25023858,0,0
2025-06-16 11:00:00+00:00,587.621779,271.9251134,23.84761905,580.8261905,309.703153,23.96428571,17.325,177.0585714,408.9521269,58.26247166,18.43402041,35.25761905,0,0
2025-06-16 11:15:00+00:00,581.8347222,253.4082906,23.80666667,584.3642555,324.0267431,24.1,17.07066667,183.4331061,826.0413792,58.26666667,18.574,35.17853147,0,0
2025-06-16 11:30:00+00:00,581.6989229,239.8120748,23.85496032,588.1554759,318.0418578,24.1,17.20433673,189.8355159,559.7737477,58.04751984,18.93755952,35.04032029,0,0
2025-06-16 11:45:00+00:00,589.021721,231.8689081,24.006,587.8496443,318.795374,24.1,17.18928571,196.2658492,799.405501,57.56324074,19.17372222,35.25097884,0,0
2025-06-16 12:00:00+00:00,583.7013784,227.5140631,23.90954082,577.1313532,315.3574039,24.1,17.08690476,202.328373,581.6900372,56.84172078,19.13115079,35.09172619,0,0
2025-06-16 12:15:00+00:00,580.5135163,216.3145626,23.97037037,578.0791605,312.4233757,24.07070707,17.28666667,208.0045743,638.1522712,55.97333333,19.61431674,34.93015018,0,0
2025-06-16 12:30:00+00:00,583.7095307,211.0310245,23.92174603,583.6032112,309.0282449,24.03428571,17.09166667,213.6927891,613.5657538,54.85738379,19.54817319,34.90015873,0,0
2025-06-16 12:45:00+00:00,560.1254898,207.4072439,23.89833333,573.1568568,311.588579,24.132,17.27433333,219.084404,704.3631488,53.59359596,19.97244444,34.86350168,0,0
2025-06-16 13:00:00+00:00,562.1137691,199.8535714,23.87653061,558.799964,319.0443128,24.18180272,17.23979592,223.8491156,579.2605875,52.24496599,20.15710544,34.8640324,0,0
2025-06-16 13:15:00+00:00,545.5344444,185.9867677,23.84238095,556.9632323,315.4888091,24.15222222,17.38666667,229.0998413,777.3044927,50.59174603,20.36585185,34.74,0,0
2025-06-16 13:30:00+00:00,529.6574314,166.237908,23.8,545.7039053,312.5748515,24.15704233,17.12142857,233.6668201,775.8220469,48.92673687,20.70498413,34.94564103,0,0
2025-06-16 13:45:00+00:00,531.4426074,151.0405187,23.8777551,532.7725469,318.1786853,24.21666667,16.74285714,238.2085743,379.7673588,47.06876417,20.6134127,35.04767574,0,0
2025-06-16 14:00:00+00:00,526.4239971,79.42810606,24.14333333,527.3599481,114.1551577,24.375,14.57619048,242.4945317,272.8538681,45.13310606,20.46422222,35.10857143,0,0
2025-06-16 14:15:00+00:00,525.8309324,60.43001443,24.43641026,530.8452512,61.73583321,24.60178571,15.32525641,246.2627268,585.7034397,43.30715316,20.62994048,34.92785714,0,0
2025-06-16 14:30:00+00:00,526.3248049,61.49071225,24.53333333,528.8363889,60.14998148,24.81659091,17.75396825,249.9862482,538.9984887,41.35257335,21.03402597,34.70666667,0,0
2025-06-16 14:45:00+00:00,527.4304383,61.43415335,24.67428571,528.0007215,61.73906926,25,16.49285714,253.6981293,423.2107621,39.2622449,20.8452381,34.6,0,0
2025-06-16 15:00:00+00:00,526.8590861,61.72905983,24.74,527.5760943,62.82511563,25.02666667,17.64014815,256.9676515,336.6493317,37.35662626,20.61231818,34.6,0,0
2025-06-16 15:15:00+00:00,527.3184658,60.98718619,24.81166667,529.8119341,62.3976506,25.19111111,16.84761905,260.4677249,539.006784,35.15867725,20.675,34.6,0,0
2025-06-16 15:30:00+00:00,528.2495116,58.36863515,24.9,530.866451,60.95167689,25.49047619,17.73035714,264.0123029,496.3166799,32.84357587,20.86207483,34.75642007,0,0
2025-06-16 15:45:00+00:00,527.5199909,57.40836899,24.996,532.9266518,62.9850835,25.6670938,17.38774603,266.9670187,390.681081,30.8505873,20.50470238,35.26829905,0,0
2025-06-16 16:00:00+00:00,529.6988837,60.07848903,25.1,533.2613558,64.18129498,25.75947279,16.51758242,270.1877399,346.1649747,28.62795062,20.37793367,35.01785714,0,0
2025-06-16 16:15:00+00:00,523.6751072,59.41178577,25.14440476,531.9580796,66.23111058,25.94271429,16.44507937,273.3285317,384.6464507,26.44057672,20.11875344,35.05691847,0,0
2025-06-16 16:30:00+00:00,517.0052392,59.84807872,25.2,522.9846011,64.29596934,26.01948718,16.57007215,276.1943805,333.7926604,24.4090474,20.09448547,35.13002662,0,0
2025-06-16 16:45:00+00:00,511.34407,59.28017316,25.27142857,518.1020991,64.34144987,26.04933333,16.84380952,279.3981578,295.3198439,22.12225589,19.95533333,35.15224747,0,0
2025-06-16 17:00:00+00:00,507.7348263,59.76953115,25.3,512.7689169,63.98181779,25.98571429,17.16410256,282.2253392,196.4050523,20.10372405,19.60624098,35,0,0
2025-06-16 17:15:00+00:00,503.4656461,60.18494709,25.3,508.4036478,64.29542171,26.03066667,17.07692308,285.0667963,209.3462151,18.02953704,19.57599016,35,0,0
2025-06-16 17:30:00+00:00,500.5328976,60.87540645,25.3,504.9807936,66.4966715,26.01444444,17.06071429,288.0744444,141.8699965,15.93769841,19.6218127,35,0,0
2025-06-16 17:45:00+00:00,498.053228,61.36062271,25.3,502.2573729,60.68886686,25.75331633,16.91428571,291.0272109,79.59718005,13.83971088,18.89693878,34.9877551,0,0
2025-06-16 18:00:00+00:00,495.7909041,60.56755909,25.2375,499.4878763,59.88727026,25.61492063,16.92166667,293.8680079,77.44341389,11.9424127,18.61379338,34.9,0,0
2025-06-16 18:15:00+00:00,494.1875839,61.76086414,25.2,497.617303,60.50112417,25.59285714,16.97380952,296.8241523,86.65300794,9.966220565,18.3944898,34.82142857,0,0
2025-06-16 18:30:00+00:00,493.0630828,61.19883539,25.2,495.6903393,60.64134816,25.47527778,17.05622222,299.8199416,65.6010942,8.022780664,18.17333333,34.8,0,0
2025-06-16 18:45:00+00:00,492.3261905,62.01884921,25.10408163,494.5314327,59.61666667,25.35408163,16.77091837,302.7553734,40.49031746,6.189692213,17.78998463,34.8,0,0
2025-06-16 19:00:00+00:00,493.0541154,9.081481482,25.1,494.4728721,9.309019608,25.27777778,17.15866667,305.6715804,25.78815883,4.461541933,17.46935287,34.85375,0,0
2025-06-16 19:15:00+00:00,494.0424588,0,25.09285714,494.3753221,0,25.14,17.46428571,308.7338834,12.72228561,2.697929792,17.10515633,34.9,0,0
2025-06-16 19:30:00+00:00,493.8162737,0,25,495.1296423,0,25.08119048,17.79230769,311.829033,6.173403704,1.04860566,16.85283447,34.80714286,0,0
2025-06-16 19:45:00+00:00,494.3305778,0,24.98666667,495.8153846,0,24.98666667,17.93333333,314.8981566,2.838571609,-0.434636364,16.48824786,34.89333333,0,0
2025-06-16 20:00:00+00:00,495.1247063,0,24.9,495.3119447,0,24.9,18,317.6691651,1.190639273,-1.753407069,16.17755102,34.9,0,0
2025-06-16 20:15:00+00:00,494.9133023,0,24.88,496.3374709,0,24.80666667,17.96666667,320.8819259,0.30432528,-3.156296296,15.97525926,34.9,0,0
2025-06-16 20:30:00+00:00,495.1573827,0,24.8,496.085657,0,24.8,17.87547619,324.0548341,0.037983193,-4.500740827,15.84152293,34.96470588,0,0
2025-06-16 20:45:00+00:00,494.3167038,0,24.71428571,497.5831498,0,24.71666667,17.74005102,327.4061111,0,-5.769742924,15.61966123,34.98,0,0
2025-06-16 21:00:00+00:00,494.1251636,0,24.68571429,496.8051552,0,24.7,17.63917234,330.5672959,0,-6.816581633,15.42321429,34.82222222,0,0
2025-06-16 21:15:00+00:00,494.8070536,0,24.6,495.632318,0,24.60769231,17.44615385,334.1583181,0,-7.920985959,15.26435897,34.69230769,0,0
2025-06-16 21:30:00+00:00,494.7172348,0,24.6,495.7003711,0,24.6,17.38,337.6191667,0,-8.819620972,15.09744444,34.91004817,0,0
2025-06-16 21:45:00+00:00,492.8833685,24.28571429,24.58571429,494.514021,19.48626374,24.56363636,17.17767857,340.7081859,0,-9.504761905,14.91371429,34.73588435,0,0
2025-06-16 22:00:00+00:00,492.867391,81.7486014,24.26349206,494.8391299,118.3133807,24.47768519,16.40652381,343.9723704,0,-10.14718519,14.76742037,34.92766667,0,0
2025-06-16 22:15:00+00:00,494.3701088,45.90325547,24.4,495.9846641,43.25392466,24.4,16.21459184,347.7209854,0,-10.72771284,14.86213203,34.98725522,0,0
2025-06-16 22:30:00+00:00,495.3708333,112.0942243,24.26804714,496.0391899,106.1866667,24.32666667,15.92666667,351.2067965,0,-11.13459046,14.78082524,35.2304798,0,0
2025-06-16 22:45:00+00:00,496.7843891,328.6026126,23.90192744,497.4650729,317.376934,24.21802927,15.74892857,354.793933,0,-11.42321429,14.4613094,35.7212704,0,0
2025-06-16 23:00:00+00:00,498.5400472,194.9312445,23.69422222,501.2689655,233.0049857,24.02,15.50933333,349.1252564,0,-11.55416667,14.43758048,35.75440476,0,0
2025-06-16 23:15:00+00:00,500.3482576,318.7092235,23.3125,502.8677891,309.5591218,23.81848148,15.3,1.863756244,0,-11.55948718,14.2505553,35.98393939,0,0
2025-06-16 23:30:00+00:00,501.9991899,318.5419446,23.16217687,504.6559923,311.1594363,23.60925737,15.27857143,5.355843522,0,-11.42583333,14.03840703,36.24285714,0,0
2025-06-16 23:45:00+00:00,502.5139996,316.1829656,22.9,505.5492992,319.2639486,23.34179487,15.17692308,9.070759369,0,-11.17847633,13.89127219,36.4,0,0
2025-06-17 00:00:00+00:00,503.6621947,315.6954855,22.82346939,505.2281271,317.8267322,23.26587302,15.1,12.16950397,0,-10.8,13.93764286,36.4,0,0
2025-06-17 00:15:00+00:00,504.2608761,299.1766738,22.63542857,504.9518928,317.1313716,23.11566667,15.05166667,15.55295455,0,-10.29553134,13.81350427,36.4,0,0
2025-06-17 00:30:00+00:00,504.8995104,209.1531334,22.86513296,504.1901838,246.4859595,23.07987013,14.97279942,19.0494839,0,-9.681972789,13.74622541,36.4,0,0
2025-06-17 00:45:00+00:00,503.8686111,262.4915812,22.71777778,504.4066397,255.5321236,23.0687619,14.86666667,22.58833862,0,-8.864637566,13.66658624,36.4,0,0
2025-06-17 01:00:00+00:00,504.4047773,314.8771886,22.575,505.919359,318.692859,22.96362863,14.9,25.92622304,0,-7.994080778,13.53827839,36.4,0,0
2025-06-17 01:15:00+00:00,505.0131757,144.2996032,22.61428571,505.9560432,142.0876671,22.83928571,14.9,29.27605769,0,-6.992566719,13.70950942,36.49535714,0,0
2025-06-17 01:30:00+00:00,504.6042929,219.5823077,22.7368254,505.2316827,227.5338678,22.94666667,14.93555556,32.52051178,0,-5.893611833,13.70882537,36.29925926,0,0
2025-06-17 01:45:00+00:00,504.7608424,4.442857143,22.85386905,505.9935065,2.103896104,22.93982143,15.1,35.71835128,0.032902909,-4.712109617,13.83263476,35.93553391,0,0
2025-06-17 02:00:00+00:00,504.2253912,68.71151515,22.90619048,505.2391229,62.05071653,22.97419048,15.00666667,38.68722222,0.219324675,-3.527777778,13.752,35.8755404,1.700493773,1.231777223
2025-06-17 02:15:00+00:00,501.8244048,201.0271247,22.90714286,503.4942535,203.4329365,23,14.90714286,42.11733947,0.908770202,-2.020111317,13.70739177,35.9,0,0
2025-06-17 02:30:00+00:00,504.2242885,294.9783838,22.63212698,506.8841405,291.2893778,22.93857143,14.9,45.18315522,2.451589782,-0.570814815,13.69285755,36.15142266,0,0
2025-06-17 02:45:00+00:00,514.4605449,197.5980586,22.78760317,515.9010301,190.2481556,22.9,14.79333333,48.2052672,4.967758482,0.8975,13.44733333,36.38753931,0.009299253,0
2025-06-17 03:00:00+00:00,510.305233,80.07369615,22.79107143,511.31258,82.86142857,22.87321429,14.84285714,51.47693646,7.886628314,2.613577098,13.31700026,37.03298077,0.020857143,0
2025-06-17 03:15:00+00:00,510.9183372,64.09820106,22.95051852,509.933213,62.64446176,22.89366667,17.81009259,54.45566595,15.29859181,4.324077682,13.46320322,36.79018759,0,0
2025-06-17 03:30:00+00:00,511.1871912,65.27384818,23.06428571,508.4562028,62.01996435,22.98903061,16.07440476,57.42261905,22.93017232,6.111071429,13.70180556,36.24603175,0,0
2025-06-17 03:45:00+00:00,508.7230769,65.37793651,23.1,507.7968032,61.69517984,23,16.41222222,60.26303463,29.48549364,7.894948385,13.6870512,36.34814815,0,0
2025-06-17 04:00:00+00:00,505.8865511,63.73917579,23.1,506.1291513,61.06018429,23,17.2994898,63.14071429,46.6938913,9.704421769,13.87326531,36.4,0,0
2025-06-17 04:15:00+00:00,504.4382368,63.19649795,23.176,504.9221164,61.70007418,23,16.66006349,65.99259259,73.75985497,11.62972222,13.67080957,36.19203704,0,0
2025-06-17 04:30:00+00:00,503.5471298,62.93928407,23.2,502.9651922,61.40549855,23,16.9244709,69.02608431,79.29148491,13.67694267,13.75268697,36.09396825,0,0
2025-06-17 04:45:00+00:00,503.0710559,64.6823726,23.20102041,503.5580978,62.54981108,23.00178571,17.16071429,71.86957963,79.94950031,15.66550596,13.78809431,35.91298306,0,0
2025-06-17 05:00:00+00:00,511.49458,64.19089947,23.28619048,509.9662344,61.95604882,23.11031746,17.09161905,74.88656844,68.34631726,17.78881041,13.84807815,36.11574603,0,0
2025-06-17 05:15:00+00:00,528.5536488,63.12896825,23.35,518.5482225,61.22279401,23.14266156,16.87916667,77.65165681,90.4282356,19.78811532,13.81106057,36.35844156,0,0
2025-06-17 05:30:00+00:00,535.1121134,64.2931265,23.40285714,553.4218851,62.18299965,23.23577778,17.10642857,80.57604575,149.6645842,21.84922222,14.05858333,36.33576239,0,0
2025-06-17 05:45:00+00:00,553.1063244,65.72833742,23.43251443,571.6608952,63.30324555,23.42920635,16.81964286,83.47477342,193.6010979,23.93809524,14.42156477,35.86865079,0,0
2025-06-17 06:00:00+00:00,565.2596124,64.41119048,23.57666667,597.1978519,61.26287582,23.45555556,17.04388889,86.71940476,279.2946941,26.26992063,14.99293254,34.91925926,0,0
2025-06-17 06:15:00+00:00,585.4493339,64.76061334,23.57857143,633.8471207,62.3860415,23.51428571,17.15918367,89.735,317.8978087,28.35595238,15.57714286,34.86737905,0,0
2025-06-17 06:30:00+00:00,624.4634245,63.89288168,23.80666667,662.9746417,62.16278419,23.8,17.00222222,92.85870574,286.2742734,30.51522589,15.80084961,34.91702165,0,0
2025-06-17 06:45:00+00:00,677.5405911,64.6843446,23.76388889,711.0457533,62.03694343,23.91904762,17.17885714,96.02709096,338.6372945,32.64096764,16.15208621,34.92074074,0,0
2025-06-17 07:00:00+00:00,685.3741913,64.98076655,24.03303571,684.452731,63.71168377,23.95994898,17.26190476,99.25723206,295.5029565,34.72514957,16.50584764,35.11639233,0,0
2025-06-17 07:15:00+00:00,672.6565599,77.36013857,24.2610582,649.4695816,63.75659836,24,17.06355556,102.7122771,379.836219,36.90951948,16.7097127,35.10074074,0,0
2025-06-17 07:30:00+00:00,700.2638687,99.17410714,24.15098639,675.706806,64.83763515,23.96683673,17.38571429,106.3193903,406.7723721,39.04487734,17.23752786,34.97614796,0,0
2025-06-17 07:45:00+00:00,678.7511999,124.4295635,24.36189153,657.5792482,65.08458628,24.05333333,17.45714286,109.9759827,494.2046508,41.06916158,17.79127169,34.86094444,0,0
2025-06-17 08:00:00+00:00,677.5984848,149.889631,24.29642857,677.9117778,71.67706979,24.13392857,17.23931973,113.759538,567.2845154,43.09494615,18.4595,35.06349206,0,0
2025-06-17 08:15:00+00:00,652.7901703,181.4755899,24.39777778,665.2513041,93.47632997,24.28083333,17.72952381,117.6655291,598.0528039,45.01033021,18.70442857,34.83383333,0,0
2025-06-17 08:30:00+00:00,641.8128638,209.9459277,24.24142857,674.0447483,113.7423201,24.2,17.83571429,121.8889286,616.0515044,46.90801948,18.86132756,35.13222694,0,0
2025-06-17 08:45:00+00:00,633.1711552,225.1537063,24.18481481,648.5601936,131.9278508,24.18385185,17.41428571,126.4660741,653.275539,48.76385185,19.19315152,34.89751515,0,0
2025-06-17 09:00:00+00:00,629.2105712,247.2335557,24.27367347,633.0257919,145.8428802,24.02670068,17.02244898,130.7112677,731.5967885,50.31979756,19.79310636,35.10273526,0,0
2025-06-17 09:15:00+00:00,629.8209175,268.5336874,24.16571429,623.3094949,145.7486014,24.07333333,17.23137755,135.8259553,566.7914671,52.02214815,19.92629533,34.99954545,0,0
2025-06-17 09:30:00+00:00,629.6384057,280.0891588,24.22857143,593.924884,152.3101382,24.06547619,17.2,141.0155754,808.1057201,53.45320295,20.20427012,35.31422466,0,0
2025-06-17 09:45:00+00:00,593.8617495,290.5076057,24.00277778,595.8142507,156.3480691,24.07240079,17.10204082,146.0662219,708.7828362,54.66464904,20.5032751,35.29285714,0,0
2025-06-17 10:00:00+00:00,562.6903134,289.1372685,23.86372355,597.6732955,162.5846465,24.11666667,17.45833333,151.8947917,760.2404987,55.81770833,20.73239583,34.98478836,0,0
2025-06-17 10:15:00+00:00,573.2845642,275.6968214,23.965,593.0745779,177.9887662,24.196,17.17225,158.1918388,759.1027245,56.83697757,20.67679654,35.08122786,0,0
2025-06-17 10:30:00+00:00,600.3653704,276.3242125,24.07666667,607.8471677,190.7726504,24.1,17,164.0509091,768.3001221,57.5306734,20.91059259,34.82252646,0,0
2025-06-17 10:45:00+00:00,598.1624304,285.9719246,24.06285714,622.4040479,199.0503136,24.10892857,17.15571429,170.0433375,795.3066229,58.01339105,21.1676461,34.8,0,0
2025-06-17 11:00:00+00:00,600.2201702,289.7419516,24.06920635,614.0171061,209.9408965,24.03774603,17.24444444,176.8177778,703.9779359,58.28666667,21.421,34.9298254,0,0
2025-06-17 11:15:00+00:00,591.3534344,291.6215639,23.97444444,607.369262,218.5452262,23.9809519,17.24647619,183.1548292,727.9260271,58.29684848,21.4180101,34.86525926,0,0
2025-06-17 11:30:00+00:00,587.463642,285.6956888,23.9452381,604.3032871,219.3260845,24.07577185,17.11428571,189.7573857,619.3774904,58.03998543,21.80444728,35.06011132,0,0
2025-06-17 11:45:00+00:00,580.9222404,286.1143818,23.91397151,600.2644378,232.5597324,24.13144781,17.02490909,195.8514883,744.4708274,57.62618104,21.5577868,35.10048616,0,0
2025-06-17 12:00:00+00:00,600.5269573,283.0016479,24.01432823,611.245805,243.0633445,24.14452381,16.74119048,202.2518707,755.2382461,56.88,22.31003401,35.45408163,0,0
2025-06-17 12:15:00+00:00,604.0572113,275.3444444,23.92488889,628.6874089,250.8853199,24.13061905,17.08409524,207.9820741,771.6962961,55.99772968,22.24746693,35.03333333,0,0
2025-06-17 12:30:00+00:00,600.4352474,282.6188645,24.00512821,617.0868893,269.4886518,24.16848291,17.50769231,213.6694403,767.2597201,54.89951041,22.45767502,35.10493197,0,0
2025-06-17 12:45:00+00:00,596.5521818,287.0401559,24.02444444,600.0712179,283.9881299,24.2,17.43587302,219.232619,759.9052202,53.57238095,22.61352381,35.20666667,0,0
2025-06-17 13:00:00+00:00,581.8705723,290.0858947,24.0389881,572.7398926,298.8223161,24.13244048,17.26547619,223.8850288,432.6273672,52.28201204,22.49594104,35.30079365,0,0
2025-06-17 13:15:00+00:00,559.1570465,288.9850794,23.928,557.3379565,314.3497341,24.29333333,16.68944444,228.4539394,482.5508531,50.82909091,22.19944444,35.2859188,0,0
2025-06-17 13:30:00+00:00,543.0279373,280.6795207,23.76,551.2462879,310.0248256,24.246,16.67873064,233.6688397,530.9785176,48.96951671,22.20685907,35.20936275,0,0
2025-06-17 13:45:00+00:00,540.708546,251.8324389,23.7079932,539.3728921,318.9629877,24.34234694,17.07363946,238.017792,693.6024185,47.1845068,22.26399253,34.90807761,0,0
2025-06-17 14:00:00+00:00,542.0957486,119.6805669,23.93735828,535.0858844,149.4643815,24.37142857,15.1380102,241.8783444,476.232894,45.42876984,22.29341529,34.9105843,0,0
2025-06-17 14:15:00+00:00,553.2906325,62.63015406,24.28592593,537.0705747,62.66662298,24.47962963,14.31142857,246.3595952,442.0186541,43.28405556,22.10671417,34.78704545,0,0
2025-06-17 14:30:00+00:00,568.7556981,61.36395503,24.37925926,551.6023765,64.01477968,24.57333333,17.67666667,249.8607121,387.46776,41.46463636,21.66848485,35.08666667,0,0
2025-06-17 14:45:00+00:00,564.5295459,61.58372243,24.53809524,551.6291667,62.91089181,24.7,16.39061224,253.8630102,382.4198205,39.22219388,22.17662801,35.18528061,0,0
2025-06-17 15:00:00+00:00,549.4371429,61.74133364,24.6,551.0591494,62.76138486,24.63333333,16.83571429,257.3017532,209.4140454,37.13888528,22.01303333,34.96074074,0,0
2025-06-17 15:15:00+00:00,545.572726,62.92662576,24.54923469,544.0430984,64.94733481,24.57261905,17.33928571,260.502752,208.0571821,35.14851577,21.85537132,34.69923779,0,0
2025-06-17 15:30:00+00:00,539.9690476,61.85214156,24.595,539.9147366,63.35247757,24.6,17.82516667,263.9968677,222.8619321,32.88047619,21.58505291,34.71100529,0,0
2025-06-17 15:45:00+00:00,542.0357983,62.20009019,24.6,537.544295,62.9179672,24.66321429,17.10880952,267.0141497,326.3594781,30.8835034,21.4970805,34.59910714,0,0
2025-06-17 16:00:00+00:00,537.5918926,62.03591871,24.69766667,537.9175505,64.04975649,25.08288889,17.37777778,270.2664683,410.6031447,28.65111111,21.76557275,34.97371332,0,0
2025-06-17 16:15:00+00:00,536.0355518,60.68101852,24.86666667,540.2475,63.60329083,25.27740741,17.39111111,273.4228162,341.5256579,26.43856838,22.00131469,34.95610256,0,0
2025-06-17 16:30:00+00:00,535.9546216,61.68436778,24.9,537.4961617,63.81007211,25.2,16.99983509,275.9374292,285.437635,24.62062265,21.68330757,34.96483465,0,0
2025-06-17 16:45:00+00:00,531.3527649,61.56230685,24.92638889,536.5913487,63.4932264,25.31138889,16.57009524,279.3364591,235.3162032,22.17835041,21.64804656,35.19711966,0,0
2025-06-17 17:00:00+00:00,520.892517,61.39257062,25,530.144898,64.57353123,25.47142857,16.64285714,282.3636905,188.7764679,20.02628968,21.7781746,35,0,0
2025-06-17 17:15:00+00:00,513.8963614,60.95692641,25,521.1663488,64.03103191,25.38095238,16.63333333,285.1789841,188.6347173,18.01385714,21.6708474,34.82376224,0,0
2025-06-17 17:30:00+00:00,507.0745942,62.61161695,25,514.190027,63.92664598,25.41517857,16.79761905,288.1122449,143.6037956,15.94217687,21.92381378,34.99571429,0,0
2025-06-17 17:45:00+00:00,502.6564815,61.61793651,25,508.4881297,63.33219979,25.37333333,16.952,291.02366,140.7187992,13.90622812,21.61464233,35.093109,0,0
2025-06-17 18:00:00+00:00,498.8881674,62.63717949,25,503.7650203,63.40157936,25.24357143,16.85833333,293.8817552,90.26414912,11.93692177,21.2846651,35.21607143,0,0
2025-06-17 18:15:00+00:00,496.1379953,62.849547,24.90222222,500.7956725,64.14860421,25.06833862,16.77079739,296.5529406,43.13231356,10.16840197,20.91272769,35.37152254,0,0
2025-06-17 18:30:00+00:00,493.7382339,62.84713985,24.88208333,497.7738474,63.3108578,24.89893707,16.67803121,299.6746779,29.66382544,8.133717513,20.48653656,35.17674409,0,0
2025-06-17 18:45:00+00:00,492.7697456,61.94246753,24.80157407,495.4002365,63.03970323,24.81198148,17.15547619,302.4788146,23.7113422,6.404740981,20.13910623,34.98267399,0,0
2025-06-17 19:00:00+00:00,491.5453846,8.857142857,24.73634199,494.2727835,13.48404852,24.7670068,17.25844156,305.1191471,13.77030484,4.796822729,19.90468556,34.83729176,0,0
2025-06-17 19:15:00+00:00,491.0260922,0,24.7,492.2879201,0,24.63698413,17.51056878,308.5710888,8.029849706,2.850316017,19.54421662,35.10727273,0,0
2025-06-17 19:30:00+00:00,489.5744408,0,24.6423951,492.166396,0,24.6,17.94615385,311.6285714,4.13473069,1.13,19.11714286,35.35909091,0,0
2025-06-17 19:45:00+00:00,490.0130463,0,24.6,490.4638889,0,24.54533333,18.41944444,314.8508968,2.001333333,-0.38228836,18.7920558,35.31844444,0,0
2025-06-17 20:00:00+00:00,489.0605291,0,24.58,490.2487481,0,24.5,18.82444444,318.0625794,0.77161911,-1.899373016,18.48608974,34.93877778,0,0
2025-06-17 20:15:00+00:00,487.6026915,0,24.5,489.5208567,0,24.40714286,19.08571429,320.8839729,0.240894085,-3.176907096,18.25832521,35,0,0
2025-06-17 20:30:00+00:00,487.6789542,0,24.47733333,489.286917,0,24.38,19.26888889,324.2831508,0.008717949,-4.561166667,18.09546825,35,0,0
2025-06-17 20:45:00+00:00,487.3082605,0,24.4,488.7700893,0,24.3,19.40071429,327.455723,0,-5.734558775,17.90277438,35,0,0
2025-06-17 21:00:00+00:00,486.3612349,0,24.4,486.733088,0,24.3,19.494,330.7543468,0,-6.860111222,17.78544103,35,0,0
2025-06-17 21:15:00+00:00,486.2853546,0,24.39795918,486.3533009,0,24.23402015,19.5,333.9245484,0,-7.82017205,17.63129109,35.01420455,0,0
2025-06-17 21:30:00+00:00,486.8917002,0,24.3047619,487.0044622,0,24.2,19.5,337.5126667,0,-8.772529101,17.626,34.98761905,0,0
2025-06-17 21:45:00+00:00,486.1002211,0,24.3,486.3017395,0,24.13647186,19.38571429,340.7796801,0,-9.536229396,17.6,34.78217287,0,0
2025-06-17 22:00:00+00:00,484.4740741,0,24.29920635,486.0571082,0,24.1,19.19285714,344.164026,0,-10.17051948,17.45734127,34.94571429,0,0
2025-06-17 22:15:00+00:00,484.3370181,0,24.2,485.1178571,0,24.1,18.89461538,347.7193182,0,-10.70430195,17.39034091,35.12301587,0,0
2025-06-17 22:30:00+00:00,482.7479581,0,24.2,484.0005051,0,24.06444444,18.64333333,351.2051481,0,-11.09211111,17.20619606,35.20285714,0,0
2025-06-17 22:45:00+00:00,483.0776455,0,24.19333333,484.0239413,0,24,18.44266667,354.7238846,0,-11.38666667,17.02109524,35.28537037,0,0
2025-06-17 23:00:00+00:00,481.72884,0,24.1,483.0843238,0,24,18.33892857,358.2284055,0,-11.5,16.62518955,35.05833333,0,0
2025-06-17 23:15:00+00:00,480.8804707,0,24.1,482.0995691,0,23.93,18.16352381,102.2863081,0,-11.5,16.46053776,35.26369468,0,0
2025-06-17 23:30:00+00:00,480.8031252,0,24.07857143,481.4936821,0,23.9,18.06428571,5.31742115,0,-11.39285714,16.37418367,35.22857143,0,0
2025-06-17 23:45:00+00:00,480.2314322,0,24,481.7248545,0,23.8885,17.92,8.670883394,0,-11.1677265,16.2228817,35.37360982,0,0
2025-06-18 00:00:00+00:00,479.1849856,0,24,479.6204584,0,23.8,17.82142857,11.96792208,0,-10.77534091,16.08726551,35.42574045,0,0
2025-06-18 00:15:00+00:00,478.8638973,0,23.94119048,479.1695136,0,23.8,17.7,15.54187302,0,-10.25361905,15.81671734,35.24968254,0,0
2025-06-18 00:30:00+00:00,477.6214986,0,23.9,479.0794695,0,23.77857143,17.6,19.20577446,0,-9.620500611,15.50806803,35.1515873,0,0
2025-06-18 00:45:00+00:00,476.7731225,0,23.9,478.162812,0,23.7,17.41,22.63186639,0,-8.818688811,15.3578171,35.00714286,0,0
2025-06-18 01:00:00+00:00,476.3607481,0,23.9,477.3432136,0,23.7,17.37888889,26.0205772,0,-7.932196489,15.28162963,35.074,0,0
2025-06-18 01:15:00+00:00,475.4670852,0,23.84897959,476.1861026,0,23.7,17.23571429,29.30804873,0,-6.957219619,15.39455357,35.15846082,0,0
2025-06-18 01:30:00+00:00,475.2905338,0,23.8,476.1816178,0,23.61766667,17.12,32.37658333,0,-5.92723052,15.16014771,34.93581766,0,0
2025-06-18 01:45:00+00:00,474.5688215,0,23.8,475.2864796,0,23.6,17,35.8525,0,-4.654761905,15.12875631,34.87546296,0,0
2025-06-18 02:00:00+00:00,474.4281725,0,23.8,473.8209768,0,23.6,16.88253968,38.79978788,0.002161616,-3.434,15.19355556,34.80111111,0.169913198,0.405959907
2025-06-18 02:15:00+00:00,473.1274258,0,23.8,474.196415,0,23.6,16.71428571,41.96642703,0.216140564,-2.069345238,15.14056122,34.57582418,0,0
2025-06-18 02:30:00+00:00,475.3778649,0,23.74555556,482.0312514,0,23.6,16.65333333,45.15992857,0.602348005,-0.546349206,15.08255556,35.04605556,0,0
2025-06-18 02:45:00+00:00,492.0206094,0,23.7475,499.7579928,0,23.6,16.53166667,48.38629398,1.963474357,1.001714952,15.2041,35.32935185,0,0
2025-06-18 03:00:00+00:00,501.4103381,45.67205215,23.83076923,498.8817485,38.55671206,23.6,16.81428571,51.38295635,3.623939065,2.600198413,15.1837851,34.91808216,0,0
2025-06-18 03:15:00+00:00,493.2618222,62.43092255,23.86666667,491.2570108,65.88260582,23.6,17.14666667,54.35947355,6.979692977,4.293128427,15.39956553,34.80610293,0,0
2025-06-18 03:30:00+00:00,492.7675737,63.40357143,23.8,492.2713465,66.07958768,23.6,17.10166667,57.32955782,9.078710166,6.073185941,15.49381293,35.19011905,0,0
2025-06-18 03:45:00+00:00,495.3407617,63.62476346,23.70222222,493.2783069,66.13295195,23.6,17.00444444,60.08953704,19.54911629,7.812592593,15.50774359,35.38,0,0
2025-06-18 04:00:00+00:00,495.5721279,62.44726008,23.67142857,494.8706151,64.25444893,23.6,16.97142857,63.18214286,16.99579884,9.771428571,15.42832955,35.25258581,0,0
2025-06-18 04:15:00+00:00,496.1404609,62.78776964,23.6,495.8243686,65.89996608,23.57866667,16.84,66.07273016,25.25422448,11.72625397,15.43200741,34.97001386,0,0
2025-06-18 04:30:00+00:00,495.851651,62.64230333,23.58452381,496.42946,65.99029172,23.51020408,17.04102564,69.00808081,42.49137313,13.70678571,15.70402597,34.6627551,0,0
2025-06-18 04:45:00+00:00,495.3342919,61.84423224,23.5,497.2020977,65.39179406,23.5,17.2,71.77532828,69.46881519,15.65527778,15.80888889,34.90441799,0,0
2025-06-18 05:00:00+00:00,497.5050264,62.26053088,23.50442177,498.7727235,66.11905761,23.45714286,17.23520408,74.65330808,107.943073,17.66428571,15.88886905,35.15714286,0,0
2025-06-18 05:15:00+00:00,498.6828251,62.76331884,23.58187879,498.2949273,66.45119833,23.48478114,17.1265,77.68021312,142.1185252,19.82932967,16.21137648,35.08956229,0,0
2025-06-18 05:30:00+00:00,503.7738157,61.35007583,23.64,501.3085481,64.58443089,23.40955556,16.94888889,80.81698413,258.2778246,22.06060317,16.362,35,0,0
2025-06-18 05:45:00+00:00,512.7520299,61.50563069,23.65162037,521.8374783,65.42531328,23.42601852,16.96666667,83.74662698,279.9354629,24.18035714,16.50610119,34.99537037,0,0
2025-06-18 06:00:00+00:00,523.4313253,61.44534007,23.7,541.3711672,65.76715575,23.63211111,17.05333333,86.61274206,346.6206841,26.20617063,16.50671569,34.72361388,0,0
2025-06-18 06:15:00+00:00,528.6220916,61.93801332,23.80038961,554.6414389,66.05749063,23.63809524,17.1,89.72641766,419.8208215,28.40370607,16.63742442,34.72558782,0,0
2025-06-18 06:30:00+00:00,550.2041059,62.81624456,23.87492063,575.1529139,67.06428238,23.73030303,17.28955556,92.70194444,313.7921323,30.45012155,17.15732612,34.87565476,0,0
2025-06-18 06:45:00+00:00,575.4772761,62.13520215,23.97828042,578.8511168,66.38390948,23.93811538,17.03666667,96.03352055,483.0355958,32.69469038,16.76374074,34.99874339,0,0
2025-06-18 07:00:00+00:00,590.9580119,74.05674815,24.19955782,579.2915885,66.91224102,24.07363946,17.16392496,99.21494375,481.4967891,34.7261787,17.1555235,34.7623779,0,0
2025-06-18 07:15:00+00:00,617.4845667,87.03941556,24.08578571,608.2363877,70.31164902,24.09403439,17.21566667,102.6838056,504.8123552,36.91208333,17.27080317,35.18470934,0,0
2025-06-18 07:30:00+00:00,605.7221644,100.1070405,24.21964286,587.6409023,85.19308688,24.15714286,17.18869048,106.3264646,496.5715066,39.09904272,17.02017063,35.25400225,0,0
2025-06-18 07:45:00+00:00,595.0514181,118.3986623,24.22011111,581.6067463,94.53430505,24.09566667,17.28777778,109.7885774,550.9458342,41.032424,17.34134747,34.91350505,0,0
2025-06-18 08:00:00+00:00,593.2850798,125.7444419,24.09484694,587.488732,98.47327694,23.97639456,17.17714286,113.6818459,635.5274661,43.10711996,17.48457745,35.28583987,0,0
2025-06-18 08:15:00+00:00,593.0995726,139.2489744,24.12133333,584.5128739,99.56033417,24.04714286,17.15,117.6252778,640.6062178,45.01492063,17.66039286,35.07142857,0,0
2025-06-18 08:30:00+00:00,592.4786559,156.4603571,24.17993197,590.2170243,100.3162441,24.0672619,17.36666667,121.8784405,710.7600092,46.92974451,17.7070269,35.00823129,0,0
2025-06-18 08:45:00+00:00,594.8307222,166.5509644,24.1002381,590.260202,105.7706534,24.02,17.34666667,126.2342988,740.8059703,48.71149035,17.90578042,34.97014971,0,0
2025-06-18 09:00:00+00:00,606.4240786,172.8296856,24.06053571,599.4513706,107.9402439,24.01631725,17.15571429,130.4697594,725.7680071,50.26781829,17.9971308,35.03864796,0,0
2025-06-18 09:15:00+00:00,604.9973809,176.4947161,24.04688889,601.0641966,104.7839327,23.94122222,17.32,135.8451217,727.9932489,52.02688095,18.19639731,35.17106838,0,0
2025-06-18 09:30:00+00:00,597.8290217,180.0185658,24.08571429,586.2972222,103.9619048,23.95714286,17.34081633,140.8634854,737.7675003,53.46185297,18.56635436,35.06100057,0,0
2025-06-18 09:45:00+00:00,593.1798133,180.8530556,24.02666667,582.343853,95.5898581,23.90949495,17.2,146.1796296,769.2825046,54.72697619,18.7657963,34.93444444,0,0
2025-06-18 10:00:00+00:00,586.8182462,184.8665016,24.03379121,590.8959739,84.66152768,23.9,17.22378205,151.8489868,764.8713446,55.84730159,19.11808247,34.68167278,0,0
2025-06-18 10:15:00+00:00,574.2677686,192.2486601,24.01972611,572.8177415,74.48750155,23.9,17.14218074,157.5513933,779.7144857,56.7706317,19.23528339,34.99337018,0,0
2025-06-18 10:30:00+00:00,576.5812179,192.4634199,24.00377778,556.9619613,67.70005709,23.9,17.16166667,164.2319444,784.0394707,57.57606614,19.20909235,34.6906746,0,0
2025-06-18 10:45:00+00:00,571.4483795,190.0476319,23.97278912,551.9348598,64.18525123,23.82882653,17.22857143,170.4052721,759.1873419,58.04285714,19.54816327,35.0199044,0,0
2025-06-18 11:00:00+00:00,565.1451563,184.4571173,23.88444444,594.9988841,63.33074621,23.91166667,17.19333333,176.997619,690.8970266,58.32666667,19.8330754,35.20706349,0,0
2025-06-18 11:15:00+00:00,567.3000388,176.682375,23.99390633,593.7626035,63.84745485,24.09142857,17.17826531,182.4110714,655.0687887,58.32321429,19.77305556,34.95599696,0,0
2025-06-18 11:30:00+00:00,563.9014628,181.0034356,24.05119048,597.1572313,76.096584,24.15738095,17.15571429,187.5470671,729.7381066,58.14316017,19.55488961,34.85264387,0,0
2025-06-18 11:45:00+00:00,569.8055082,188.6869816,24.00864512,594.3039801,92.18772317,24.16732143,17.04956916,195.5147568,819.0824069,57.65574481,19.65168831,35.07097902,0,0
2025-06-18 12:00:00+00:00,577.8391326,184.4122758,23.95492347,604.6039215,108.92359,24.17755556,17.18784014,201.8413704,728.5385288,56.96322222,20.12643651,35.27333333,0,0
2025-06-18 12:15:00+00:00,574.6299011,184.7883581,24,598.0648633,123.2028705,24.16714286,16.9530303,207.8933534,433.1518644,56.06349206,19.68179847,35.21047078,0,0
2025-06-18 12:30:00+00:00,574.5875253,187.3288889,23.98027778,603.3857458,140.4112271,24.20634921,16.75333333,213.7512862,551.3728152,54.89022222,19.85725926,34.96938913,0,0
2025-06-18 12:45:00+00:00,572.3252674,184.6208494,23.9375,607.5641849,164.9466773,24.24194872,16.73648352,219.0659655,582.3923513,53.6436176,20.15871551,34.70611111,0,0
2025-06-18 13:00:00+00:00,557.9895455,185.8678855,23.96984127,598.6069989,182.5234127,24.20247253,17.33400488,224.4319996,573.8628653,52.13357501,20.61579468,34.7,0,0
2025-06-18 13:15:00+00:00,555.1485845,177.5967643,23.89009524,584.5174033,193.3768635,24.18650794,17.37266667,229.1644589,690.0935357,50.60099567,20.69764286,34.84442308,0,0
2025-06-18 13:30:00+00:00,555.7171681,163.8793934,23.9264881,566.3488619,214.158827,24.08945578,17.4,233.6189399,575.0311567,48.97653628,20.86366837,35.52428571,0,0
2025-06-18 13:45:00+00:00,547.1348545,150.1181729,23.75631746,540.6534538,237.795653,24.29716667,17.21222222,238.1772778,738.9535037,47.13588384,20.89711111,35.24888889,0,0
2025-06-18 14:00:00+00:00,530.5666693,74.10714286,23.90904762,524.9061164,89.36929376,24.36738095,15.47702381,242.0915306,653.9708755,45.37918651,20.40169785,35.14935065,0,0
2025-06-18 14:15:00+00:00,530.393533,65.70003698,24.20623196,523.6536752,64.97236134,24.49304937,14.78267496,245.7542294,734.1247467,43.59399689,20.80574033,34.94696837,0,0
2025-06-18 14:30:00+00:00,523.7860119,66.36130437,24.4,522.8647404,66.79673473,24.74285714,16.70357143,250.1449717,616.0499326,41.26530612,21.05234694,34.92314214,0,0
2025-06-18 14:45:00+00:00,523.605172,65.85867939,24.46095238,520.8961837,61.95156843,24.90833333,17.28444444,253.6836488,604.9968246,39.3073545,21.39446032,35.354,0,0
2025-06-18 15:00:00+00:00,514.8952525,63.73323232,24.6,517.8655556,59.5905848,25.02666667,17.41416667,257.2203704,586.2610642,37.22849003,21.14859259,34.94451852,0,0
2025-06-18 15:15:00+00:00,507.8693211,63.8108995,24.61309524,513.5960237,60.37750107,25.20506803,17.29479167,260.4664953,484.2072013,35.20148217,21.62757576,34.79744549,0,0
2025-06-18 15:30:00+00:00,506.1238382,62.16138954,24.70461538,507.9937524,60.98189934,25.40842491,17.38333333,263.9637037,583.7028183,32.95637037,21.4292329,35.02346104,0,0
2025-06-18 15:45:00+00:00,501.7267831,61.44555481,24.77602041,504.277667,61.8636207,25.2805102,16.62222222,267.12339,215.6401207,30.80480726,21.1646542,35.00349206,0,0
2025-06-18 16:00:00+00:00,497.6005397,62.52529915,24.8,500.8401596,62.25797171,25.33135185,16.09714286,270.2253776,283.2249603,28.6836075,21.19114815,34.96809318,0,0
2025-06-18 16:15:00+00:00,495.452778,61.63028044,24.8,498.965924,62.23372358,25.50447619,16.635,273.3337778,368.9492805,26.507,21.11053333,34.71142424,0,0
2025-06-18 16:30:00+00:00,493.4073232,62.35714286,24.88571429,497.6427543,60.82753117,25.70285714,17.24047619,276.3422314,394.2043283,24.36771978,21.15802808,35.27190607,0,0
2025-06-18 16:45:00+00:00,491.3847578,62.35055556,24.9,495.2866681,61.71184171,25.5922381,17.28,279.2739735,325.5730858,22.25631746,20.99499145,34.84086772,0,0
2025-06-18 17:00:00+00:00,489.361526,64.49878118,24.90428571,493.6336996,62.17287924,25.79931973,17.1427381,282.2200848,293.5328872,20.12719697,20.69207341,35.10903293,0,0
2025-06-18 17:15:00+00:00,489.7345451,63.84572278,24.99510204,492.6790951,62.4663387,25.97619048,17.01428571,285.042352,279.6284109,18.1619108,20.51662513,35.18716931,0,0
2025-06-18 17:30:00+00:00,488.2141715,60.26208592,25,491.987013,64.0802519,26,16.93636364,288.0310128,215.2680871,15.98946609,20.27039072,34.89039683,0,0
2025-06-18 17:45:00+00:00,486.0844767,60.0327381,25.03380102,491.2872053,62.52238095,26,16.87482993,290.9852308,205.6403776,13.95611722,19.92866154,35.13396825,0,0
2025-06-18 18:00:00+00:00,486.1134877,60.97902494,25.1,489.9857143,62.34723417,25.81785714,16.51952381,293.7205854,151.6063098,12.07634508,19.56584344,35.35192577,0,0
2025-06-18 18:15:00+00:00,485.7128691,59.31490878,25.1,487.9479786,62.93870614,25.66083333,16.73077381,296.7711473,143.2891064,10.06693122,19.26805413,35.07144444,0,0
2025-06-18 18:30:00+00:00,485.9202742,58.99079125,25.1,488.4666667,63.13811735,25.53928571,17.2377551,299.3952381,58.54874475,8.333333333,18.83388889,35.0040293,0,0
2025-06-18 18:45:00+00:00,483.8022409,59.42182466,25.02404762,488.0574887,62.11820453,25.39344444,16.76666667,302.7293228,42.96967818,6.28126455,18.24340741,35.17371429,0,0
2025-06-18 19:00:00+00:00,484.9611719,16.23915344,24.98333333,487.1754155,17.7987051,25.35944444,17.16761905,305.6221696,27.65881478,4.530604442,17.58925369,35.28,0,0
2025-06-18 19:15:00+00:00,484.7814725,0,24.9,488.8220276,0,25.09234694,17.61785714,308.6810516,13.74587875,2.768253968,16.95724206,35.37,0,0
2025-06-18 19:30:00+00:00,484.5117424,0,24.87384615,487.4059194,0,24.99733333,18.04807692,311.7912698,6.732040219,1.127195767,16.5687013,35.11221815,0,0
2025-06-18 19:45:00+00:00,484.2596006,0,24.8,487.0494933,0,24.89571429,18.1,314.7332468,3.582219066,-0.316489323,16.1795118,35.39711468,0,0
2025-06-18 20:00:00+00:00,484.6803886,0,24.71939394,486.3588242,0,24.81939394,18.00222222,317.7718659,1.410149791,-1.753886003,15.88666667,35.4,0,0
2025-06-18 20:15:00+00:00,482.9360468,0,24.69821429,485.4822886,0,24.75741497,17.78666667,320.755637,0.337347135,-3.052869511,15.62402015,35.4,0,0
2025-06-18 20:30:00+00:00,483.4956375,0,24.6,485.333966,0,24.65714286,17.51428571,324.1774451,0.036111111,-4.48474359,15.49154762,35.36874126,0,0
2025-06-18 20:45:00+00:00,482.9111111,0,24.56428571,485.2282004,0,24.6,17.28041667,327.4924449,0,-5.737335086,15.35897727,35.2,0,0
2025-06-18 21:00:00+00:00,481.3096421,0,24.5,484.5112251,0,24.57316667,17.09333333,330.6971667,0,-6.818252747,15.13162175,35.03407407,0,0
2025-06-18 21:15:00+00:00,480.851095,0,24.45549044,482.9979699,0,24.5,16.9262963,334.1481442,0,-7.850293962,14.83701567,34.83686631,0,0
2025-06-18 21:30:00+00:00,481.1706275,0,24.4,482.7246887,0,24.43325139,16.72857143,337.274694,0,-8.683207418,14.72623563,34.8596553,0,0
2025-06-18 21:45:00+00:00,479.8917719,45.91369048,24.37380952,482.2401872,37.23164077,24.39857143,16.5347619,340.7247619,0,-9.471031746,14.57785714,35.25484307,0,0
2025-06-18 22:00:00+00:00,482.1713684,156.2831131,23.9532381,482.9333375,152.147191,24.26644444,16.1,344.1741667,0,-10.12648148,14.52361905,35.58406926,0,0
2025-06-18 22:15:00+00:00,485.8345162,0,24.1,486.6679401,0,24.19333333,16.19333333,347.6789797,0,-10.68566834,14.48009524,35.50459649,0,0
2025-06-18 22:30:00+00:00,486.3642507,0,24.12857143,485.9864927,0,24.1,16.2,351.1120748,0,-11.09342404,14.52301587,35.06107143,0,0
2025-06-18 22:45:00+00:00,484.3533424,77.17222222,24.05228571,485.3987086,71.15044269,24.08133333,15.85609524,354.6728836,0,-11.36833333,14.44626667,35.68613553,0,0
2025-06-18 23:00:00+00:00,486.4559885,209.5108437,23.7047619,486.5430052,206.7538977,23.98329082,15.66428571,346.7673469,0,-11.5,14.33607504,35.51553114,0,0
2025-06-18 23:15:00+00:00,489.6888038,314.8671158,23.4849062,491.168728,309.8008308,23.84095238,15.64666667,18.28252228,0,-11.5,14.21101007,35.96106285,0,0
2025-06-18 23:30:00+00:00,495.5332792,184.1725198,23.31214286,494.8787799,179.8153287,23.62387755,15.62857143,5.16031746,0,-11.39325397,14.08961039,35.80230395,0,0
2025-06-18 23:45:00+00:00,497.355754,233.9540231,23.13865079,497.9239792,236.7972019,23.505,15.5,8.52402676,0,-11.11748918,13.99006667,36.22083333,0,0
2025-06-19 00:00:00+00:00,497.3194444,260.6855747,23.11479592,498.5826016,236.1303001,23.43348923,15.25714286,12.12886905,0,-10.75089286,14.01116071,36.20969031,0,0
2025-06-19 00:15:00+00:00,497.3165638,58.0015368,23.10353175,498.4262963,59.40864927,23.39939394,15.0205,15.38850607,0,-10.27060606,13.80598413,36.04143939,0,0
2025-06-19 00:30:00+00:00,497.6742532,281.1689153,22.87412698,498.3161877,304.899359,23.31511905,14.8827381,19.21063492,0,-9.575529101,13.80719048,36.05898148,0,0
2025-06-19 00:45:00+00:00,499.0003814,192.1869331,22.84047619,499.7744281,213.2929781,23.11178571,14.7547619,22.46963719,0,-8.859761905,13.72087686,36.31438621,0,0
2025-06-19 01:00:00+00:00,498.9251282,309.3553516,22.70444444,499.4286896,301.2455695,23.1,14.68955556,25.77481818,0,-7.977944444,13.54683333,36.54416667,0,0
2025-06-19 01:15:00+00:00,499.8473273,114.2347539,22.6978022,501.1488067,121.8655837,23,14.69807692,28.8769898,0,-7.07452381,13.56761565,36.45555556,0,0
2025-06-19 01:30:00+00:00,500.4456621,173.275716,22.54777778,500.8300816,212.4246111,22.94972222,14.87733333,32.4111746,0,-5.913506494,13.53088889,36.4,0,0
2025-06-19 01:45:00+00:00,499.7399975,252.5485735,22.46,500.7847119,240.54233,22.9,14.90809524,35.71120635,0.0166,-4.664238095,13.49009524,36.4,0,0
2025-06-19 02:00:00+00:00,500.9077619,47.71951777,22.59779762,501.2034405,42.67620798,22.81298701,14.99637188,38.72310508,0.24621189,-3.444415683,13.56620115,36.61504849,3.187013771,3.193825063
2025-06-19 02:15:00+00:00,500.0865349,301.4501932,22.41518519,500.6774074,301.5179798,22.8,14.8346164,41.82331213,1.066566619,-2.102154425,13.30130278,36.86031481,0.115888889,0.110814815
2025-06-19 02:30:00+00:00,511.8416633,315.1166126,22.22142857,505.9084792,319.572325,22.67142857,14.63968254,45.00708333,2.797349392,-0.576626984,13.09241071,36.88412698,0.042654906,0
2025-06-19 02:45:00+00:00,511.8742733,247.3382011,22.18346032,511.8645047,242.2268182,22.6,14.53333333,48.10464646,6.42548435,0.903577441,13.04747879,37.01166667,0.291317172,0
2025-06-19 03:00:00+00:00,508.8308643,112.9333967,22.34607143,510.4648911,106.6006231,22.6,14.45538462,51.15147959,11.70924931,2.517942177,12.87911139,37.09804981,0.004412245,0
2025-06-19 03:15:00+00:00,512.0859259,66.10441595,22.6,514.9714286,67.74242141,22.65066667,17.78418367,54.04657407,20.67648714,4.137724868,12.77337037,37.45139277,0.001818182,0
2025-06-19 03:30:00+00:00,510.3945869,63.13537685,22.7,511.0715497,63.96487686,22.725,16.76377778,57.24444444,49.69666259,6.033611111,12.82078333,37.03333333,0,0
2025-06-19 03:45:00+00:00,508.7332758,63.72147511,22.74615385,508.1106103,62.44006737,22.78461538,17.07179487,60.28901099,55.71243115,7.928388278,12.92360806,37.17412088,0,0
2025-06-19 04:00:00+00:00,504.4416667,64.37061832,22.8,505.5700119,62.17640693,22.8,17.1672381,63.09455556,88.23811649,9.771509158,13.00026282,36.98100611,0,0
2025-06-19 04:15:00+00:00,502.996109,62.7361775,22.81428571,502.7760251,61.7421847,22.85824176,16.67933673,65.79957612,111.8759614,11.53768038,13.10684292,36.90158807,0,0
2025-06-19 04:30:00+00:00,500.4720044,62.51802808,22.9,500.0544506,62.46492981,22.9,16.97222222,68.81687542,156.0009826,13.61576431,13.24225185,36.89687831,0,0
2025-06-19 04:45:00+00:00,500.216801,62.91607582,22.92142857,499.6905124,62.30278322,22.9,17.06538462,71.71672869,167.0592402,15.57760335,13.50173548,36.56479592,0,0
2025-06-19 05:00:00+00:00,507.0940426,63.08335907,22.99305556,506.529183,62.42938019,22.93153535,17.04666667,74.74271044,179.941287,17.76518038,13.64333333,36.64105392,0,0
2025-06-19 05:15:00+00:00,514.9346587,61.99943524,23.08666667,513.0639447,62.69909269,23,17.2,77.69462963,164.2301955,19.86153968,13.86447924,36.46031746,0,0
2025-06-19 05:30:00+00:00,533.4603558,61.06414835,23.09285714,531.1309653,60.97384388,22.88142857,17.09857143,80.66791066,174.4037199,21.98555968,13.93571429,36.19468537,0,0
2025-06-19 05:45:00+00:00,537.3381883,60.9757297,23.2,552.1104298,60.9280038,22.99555556,17.11166667,83.42562475,176.3232642,23.96624675,13.93356177,36.27162536,0,0
2025-06-19 06:00:00+00:00,540.9092176,62.93920068,23.26428571,562.1868195,61.20954329,23.13857143,16.69433107,86.67535714,269.7758091,26.25732143,14.08297619,35.85811508,0,0
2025-06-19 06:15:00+00:00,577.1681221,63.47801037,23.366,584.7179372,62.73680371,23.02808081,16.76666667,89.65766041,404.7773827,28.34798413,14.44789259,35.83605371,0,0
2025-06-19 06:30:00+00:00,630.313907,62.44945645,23.40785714,615.3045682,61.6313785,23.25589286,16.97142857,92.3694898,330.0585355,30.2487415,14.63380068,35.2989011,0,0
2025-06-19 06:45:00+00:00,619.2988595,62.82844354,23.61428571,642.7842771,63.53782431,23.4031746,16.91428571,95.84364646,368.2899683,32.58316667,14.3238,35.42088889,0,0
2025-06-19 07:00:00+00:00,646.3275727,64.28652597,23.70607143,666.5393543,62.75089584,23.55208333,16.8,99.21924887,388.3301587,34.76432823,14.23619593,35.76758242,0,0
2025-06-19 07:15:00+00:00,688.8640634,64.00224159,23.89211111,678.004247,63.22459646,23.62777778,16.8,102.5804257,240.4549597,36.87965079,14.04177489,35.80279422,0,0
2025-06-19 07:30:00+00:00,727.4024422,64.6355514,23.85320513,710.3928507,63.39897052,23.55333333,16.83974359,105.8846485,240.7384309,38.81351268,14.00704127,35.8232967,0,0
2025-06-19 07:45:00+00:00,717.6419923,64.17896594,23.95653704,717.4933121,63.48394734,23.76592977,17.02339153,109.3357267,330.0757564,40.75205748,14.06524332,36.12185185,0,0
2025-06-19 08:00:00+00:00,700.7823906,68.08425741,24.15167196,722.1092674,63.1356638,23.86642857,17.16,113.6281359,327.0735424,43.05035294,14.46912656,35.99022556,0,0
2025-06-19 08:15:00+00:00,696.4451795,81.59432849,24.14781385,698.3188252,62.79248755,23.90462585,17.18214286,117.7303571,319.3163572,45.09757937,14.88081807,35.89432512,0,0
2025-06-19 08:30:00+00:00,682.1024774,89.92411765,24.1915873,689.620265,63.55079384,23.98252646,16.94666667,121.6211538,373.0130229,46.84313326,14.81729404,34.86280608,0,0
2025-06-19 08:45:00+00:00,672.6731609,104.7972222,24.14172336,694.5210367,62.43357301,24,16.95793651,126.1700283,608.2097484,48.72440476,15.05279592,34.95853175,0,0
2025-06-19 09:00:00+00:00,675.8415101,120.0301712,24.19488889,680.0489557,64.55035239,24.09481481,17.01116667,130.6801282,522.8472429,50.36602823,15.23207733,34.84362536,0,0
2025-06-19 09:15:00+00:00,685.5318504,134.8874376,24.1789966,692.4621563,77.2171535,24.07698413,17.11587302,135.4002041,651.3534558,51.8888322,15.58757143,35.1389765,0,0
2025-06-19 09:30:00+00:00,684.5377148,155.1445961,24.21851852,672.5888793,80.78668591,24.0685,17.13869048,140.8109048,796.4216951,53.46761111,15.51455628,34.89166667,0,0
2025-06-19 09:45:00+00:00,690.1366385,168.7312271,24.23445295,651.297102,82.19368414,23.96587302,17.2,146.1731627,839.3143643,54.74730597,15.61733135,34.94087302,0,0
2025-06-19 10:00:00+00:00,690.2415474,179.5843781,24.16733766,641.6431064,82.95355616,23.9175,17.23698894,151.9358396,715.5492131,55.88549708,15.68568049,34.83750265,0,0
2025-06-19 10:15:00+00:00,681.6961243,193.7093223,24.21520635,651.7819127,74.95282256,24.01010101,17.03777778,157.8338148,578.3299329,56.81871958,15.78653704,35.06281987,0,0
2025-06-19 10:30:00+00:00,672.2039013,207.8166374,24.18121831,670.3747034,80.80029759,24.04201788,17.19026224,163.300295,660.4987246,57.49126226,15.84242533,35.22161864,0,0
2025-06-19 10:45:00+00:00,628.2451559,227.0000713,24.18416667,663.6896686,84.18475634,24.07466667,17.2,170.3546465,909.9592272,58.04777778,15.99806512,35.24530303,0,0
2025-06-19 11:00:00+00:00,609.8631478,238.2198343,24.0363407,644.1258026,88.96701078,24.1,17.17346939,175.3882576,908.6469471,58.27169913,16.17117216,35.26664116,0,0
2025-06-19 11:15:00+00:00,600.9707298,237.0146804,23.97059524,638.3341007,97.79955959,24.01238095,17.45585034,183.2447193,829.7038221,58.35238095,16.41513288,35.10846296,0,0
2025-06-19 11:30:00+00:00,609.603355,233.8653364,24,635.4911755,101.7919128,24.00285714,17.26363636,189.667928,849.5250949,58.1289966,16.6567517,34.92013889,0,0
2025-06-19 11:45:00+00:00,630.0184495,231.999895,24.03540741,647.8050651,105.0714128,24.10210606,17.32747355,195.9282466,669.664966,57.65405372,16.62765568,34.90331313,0,0
2025-06-19 12:00:00+00:00,621.1467798,230.9280174,23.95578231,647.9266024,110.3645871,24.03571429,17.53928571,201.9640079,836.7104142,56.96746032,16.53252976,35.19353175,0,0
2025-06-19 12:15:00+00:00,574.5808004,230.8393519,24.02233333,615.3768096,113.689765,24.053,17.52678571,207.6199286,822.460929,56.10533333,16.46785836,34.87228788,0,0
2025-06-19 12:30:00+00:00,546.0440323,228.7956155,23.94244048,584.9299298,113.0803263,24.00595238,17.38423469,213.2182792,802.4786854,55.0337996,16.75531444,34.96853175,0,0
2025-06-19 12:45:00+00:00,532.6482041,218.4581818,23.9047619,550.2107978,112.5743917,24,17.15714286,218.7446296,778.4613818,53.72895623,16.60831481,35.37377345,0,0
2025-06-19 13:00:00+00:00,536.1690417,208.2993007,23.89722222,529.6492644,113.4899857,24,16.89333333,224.2399312,666.871358,52.20877778,16.71384127,35.16963297,0,0
2025-06-19 13:15:00+00:00,535.5486605,200.5045834,23.96870748,542.0082404,114.5128767,24.02315476,16.71795918,229.0728515,638.9750165,50.67501701,16.93782313,34.91131213,0,0
2025-06-19 13:30:00+00:00,541.2580238,200.7697501,24.01136508,548.2260168,116.4782371,24.07136508,16.89190476,233.6674471,622.8245245,49.0169709,17.06460582,34.81740293,0,0
2025-06-19 13:45:00+00:00,586.2342039,204.2928306,23.99304029,571.8251072,135.8297966,24.31800557,16.96362637,238.1696378,726.11467,47.16645617,17.02452806,35.18907967,0,0
2025-06-19 14:00:00+00:00,603.4041426,203.7511607,24.05933862,596.8954732,168.089838,24.44074074,17.42922222,241.975982,667.407492,45.43997243,17.49117308,34.94671477,0,0
2025-06-19 14:15:00+00:00,600.1680813,205.3814173,24.04037879,602.104994,219.9583117,24.59466667,16.87250601,246.3236349,660.1769405,43.33628571,17.351,34.80565757,0,0
2025-06-19 14:30:00+00:00,580.3917483,216.5479773,24.1,588.8194281,273.4158137,24.6,16.50329932,249.6755215,537.6639604,41.56469955,17.24565816,34.95609823,0,0
2025-06-19 14:45:00+00:00,568.7130596,212.3108749,24.08888889,576.3129422,310.7415773,24.65466667,16.9087619,253.7346693,563.2686465,39.30861111,17.10447619,34.98857143,0,0
2025-06-19 15:00:00+00:00,563.2503968,79.63092186,24.20918367,578.4230078,130.5041677,24.75059524,16.34835165,257.137987,577.7219008,37.28910714,17.2602381,35.31108844,0,0
2025-06-19 15:15:00+00:00,576.8134088,62.77023375,24.4211746,587.6645771,65.28681607,24.91450794,16.1271164,260.5565281,522.4271211,35.16939153,17.0619619,35.27540693,0,0
2025-06-19 15:30:00+00:00,584.2012357,63.30307587,24.5,593.4593167,64.95604083,25.07857143,17.33095238,263.7659977,503.0804475,33.09611961,17.16631746,35.24254634,0,0
2025-06-19 15:45:00+00:00,581.8372635,63.08867521,24.6,596.6173003,64.31706725,25.11333333,16.87714286,267.0578939,368.3459558,30.88638889,17.33333333,35.31909331,0,0
2025-06-19 16:00:00+00:00,577.4349837,63.28829994,24.68571429,591.027519,64.84573738,25.28452381,17.51581633,270.0583333,422.1210141,28.81746032,17.20095238,35.25289683,0,0
2025-06-19 16:15:00+00:00,568.241769,62.16713805,24.64464286,582.8129776,64.34266713,25.3,16.93214286,273.3444894,389.8095291,26.49469312,16.95011111,35.10095238,0,0
2025-06-19 16:30:00+00:00,561.2391485,62.23829365,24.74615385,574.3672664,64.04272745,25.28071429,16.55805861,276.2810245,236.7874911,24.4289966,16.77767857,34.85282287,0,0
2025-06-19 16:45:00+00:00,556.2702218,62.68723197,24.8,569.7963243,65.11041121,25.30180375,16.66428571,279.2438333,229.3454221,22.3065582,17.07391667,34.8705291,0,0
2025-06-19 17:00:00+00:00,549.8065608,63.50886028,24.8,559.8694548,64.46462704,25.22888889,17.21522222,282.2303232,236.7013581,20.15752862,17.0181598,34.9,0,0
2025-06-19 17:15:00+00:00,538.5736567,63.03626223,24.8,548.8371878,64.80529362,25.26285714,16.82571429,285.0243509,122.2281388,18.13103521,16.65439512,34.87335601,0,0
2025-06-19 17:30:00+00:00,528.7817394,62.83689159,24.79333333,538.2922871,64.29198891,25.16095238,16.84898148,288.0606481,76.80882191,16.00801852,16.31893148,34.74962963,0,0
2025-06-19 17:45:00+00:00,521.2678322,63.01414141,24.7,529.4227307,65.65774392,24.96363636,17.01272727,291.0646465,64.16990225,13.88409091,16.16232323,35.01587302,0,0
2025-06-19 18:00:00+00:00,516.0565997,62.06305556,24.62666667,522.6710203,64.44327498,24.79768519,16.82,293.8576111,54.1552135,12.01388889,15.95866667,35.18666667,0,0
2025-06-19 18:15:00+00:00,510.7307622,63.50920746,24.6,517.9174299,64.6114149,24.7,17.2,296.5201948,61.49408501,10.20628788,15.96363636,35.2,0,0
2025-06-19 18:30:00+00:00,507.2284188,62.40561895,24.5,511.9639787,64.63322716,24.61452991,17.2,299.8933761,67.55145608,8.058211233,16.11928571,35.23846154,0,0
2025-06-19 18:45:00+00:00,504.0187302,62.94266567,24.5,508.228864,64.97323612,24.57756349,17.2,302.7258485,64.21746605,6.28068759,16.36029021,35.31666667,0,0
2025-06-19 19:00:00+00:00,501.4829162,10.88474026,24.41767857,505.3953303,9.934837093,24.61186224,17.02714286,305.5485714,40.09000357,4.582857143,15.97071429,35.39675737,0,0
2025-06-19 19:15:00+00:00,500.3490858,0,24.4,502.8706096,0,24.48,17,308.6551246,21.00262152,2.821015873,15.4777824,35.38153846,0,0
2025-06-19 19:30:00+00:00,500.0632191,0,24.4,501.4407188,0,24.36382653,17,311.6211967,9.986313289,1.194197073,15.18667092,35.4,0,0
2025-06-19 19:45:00+00:00,498.39667,0,24.36666667,500.1427244,0,24.28911111,17,314.7033175,4.108109993,-0.294015873,14.95797469,35.4,0,0
2025-06-19 20:00:00+00:00,496.7320773,0,24.3,500.0029954,0,24.2,17,317.8764921,1.397910612,-1.774293651,14.68655556,35.27815385,0,0
2025-06-19 20:15:00+00:00,495.8813409,0,24.2,498.3264965,0,24.12506803,17,321.0844924,0.379426771,-3.222363946,14.39599817,35.49175325,0,0
2025-06-19 20:30:00+00:00,494.6944246,0,24.16592593,498.1353439,0,24.1,17,324.185625,0.052046346,-4.484306256,14.23026082,35.90396104,0,0
2025-06-19 20:45:00+00:00,494.3809524,0,24.1,497.0215935,0,24.04732143,17,327.3988881,0,-5.705120078,13.9510794,35.8,0,0
2025-06-19 21:00:00+00:00,493.8921739,118.8066667,23.89888889,496.1046446,105.760967,24,16.26325397,330.4938415,0,-6.736847708,13.74225796,35.95066667,0,0
2025-06-19 21:15:00+00:00,495.5745893,172.1570948,23.57128205,497.1634836,161.6254216,23.87844444,15.44230769,333.8013278,0,-7.73,13.64241026,36.09784046,0,0
2025-06-19 21:30:00+00:00,497.7041152,170.6164502,23.33076923,498.969697,162.9149278,23.76703297,15.38461538,337.4522635,0,-8.710306122,13.50203571,36.70384199,0,0
2025-06-19 21:45:00+00:00,498.61313,172.8122111,23.13793651,499.6030831,166.7502565,23.60416667,15.15722222,340.9589695,0,-9.505740741,13.36657937,36.70584962,0,0
2025-06-19 22:00:00+00:00,499.093402,172.6847222,23.01020408,501.0689866,163.9023601,23.48214286,14.96428571,344.2320408,0,-10.12517007,13.125,37.25833333,0,0
2025-06-19 22:15:00+00:00,500.3023776,172.1837037,22.88133333,502.0179798,161.6599345,23.34666667,14.77777778,347.4609524,0,-10.65057143,12.97111111,37.18928571,0,0
2025-06-19 22:30:00+00:00,500.458475,172.1451747,22.8,502.3836137,164.9848859,23.23571429,14.7,351.1601837,0,-11.10133557,12.83382689,37.18049451,0,0
2025-06-19 22:45:00+00:00,501.4281401,171.61539,22.72,503.0332112,163.6047318,23.18666667,14.59333333,354.711381,0,-11.35164021,12.68121032,37.03916667,0,0
2025-06-19 23:00:00+00:00,502.0521989,175.4952043,22.62666667,484.6549305,162.8975583,23.07185185,14.36119048,335.781166,0,-11.49333333,12.46251474,37.23082251,0,0
2025-06-19 23:15:00+00:00,501.3754953,169.9502202,22.52559524,479.723658,162.5562087,23,14.2,1.564145735,0,-11.5,12.33621429,37.87595238,0,0
2025-06-19 23:30:00+00:00,501.9206882,171.450508,22.48666667,481.0080618,163.5038199,22.89333333,14.13333333,4.84000962,0,-11.40066667,12.24276094,38.11333333,0,0
2025-06-19 23:45:00+00:00,501.5902207,171.787204,22.31428571,481.767033,165.8162804,22.8,14.00642857,8.669717326,0,-11.10570681,12.06035714,38.26714286,0,0
2025-06-20 00:00:00+00:00,502.5701673,168.5820341,22.26596561,481.3458639,165.5463412,22.76446176,14.02380952,12.00635574,0,-10.74673016,11.92681002,38.4,0,0
2025-06-20 00:15:00+00:00,503.1687075,174.1086194,22.16428571,480.8459199,170.5400312,22.68392857,13.8,15.51545635,0,-10.24271825,11.84928373,38.47142857,0,0
2025-06-20 00:30:00+00:00,503.2511858,175.3955996,22.08,479.7084236,168.0070684,22.60083333,13.58733333,18.94985714,0,-9.641481482,11.62755556,38.6,0,0
2025-06-20 00:45:00+00:00,502.8466027,119.0026144,22.07857143,481.5271078,193.430976,22.6,13.44880952,22.41708333,0,-8.852888889,11.534075,38.74960317,0,0
2025-06-20 01:00:00+00:00,503.097584,161.0688776,22.05714286,481.1298227,176.7267837,22.53928571,13.45892857,25.78392857,0,-7.984880952,11.4647619,38.26645022,0,0
2025-06-20 01:15:00+00:00,503.5880952,91.52111592,22.05333333,481.1301199,207.1064646,22.44666667,13.36101852,29.21870491,0,-6.937218134,11.27333333,38.9755683,0,0
2025-06-20 01:30:00+00:00,503.8581146,65.06733453,22,482.6115732,222.9671375,22.36588538,13.2,32.11988453,0,-5.96525913,11.3,38.64214286,0,0
2025-06-20 01:45:00+00:00,504.5703057,62.49217836,21.95928451,482.9313336,218.6816333,22.3,13.03333333,35.6156432,0.067301207,-4.712299922,11.13916667,38.68518519,0,0
2025-06-20 02:00:00+00:00,504.5726579,63.52236652,21.86821429,482.7621714,235.1952624,22.21845238,13,38.67404762,0.390893418,-3.487460318,11.15040873,38.66632395,7.181997421,5.50225347
2025-06-20 02:15:00+00:00,504.548735,61.57572446,21.89478917,482.4946294,241.3788231,22.10555556,12.97888889,41.87431878,1.376307917,-2.043088023,11.11708665,39.04433333,11.48624498,4.518491957
2025-06-20 02:30:00+00:00,506.7195391,61.86711344,21.92803175,485.9927475,221.1647291,22.05888889,12.87428571,45.15952357,4.106022965,-0.521300459,10.96136364,38.66314334,13.92381028,3.113973138
2025-06-20 02:45:00+00:00,519.1313106,186.6605859,22.0247449,497.8394746,106.6504345,22.03571429,12.79751984,48.08047619,8.542897938,0.894852608,10.86634921,38.92281295,13.42679061,3.16543971
2025-06-20 03:00:00+00:00,516.6902383,26.18214286,22.12133333,493.6484762,71.75904762,22.1,12.99666667,51.30820147,18.5709902,2.634091575,10.8769083,39.09222222,12.13354443,1.429517802
2025-06-20 03:15:00+00:00,516.9682986,63.95685941,22.26428571,493.5170841,63.19488532,22.15238095,17.67321429,54.11035714,33.21952636,4.217321429,11.01344156,39.18640873,7.571416203,0.073715686
2025-06-20 03:30:00+00:00,514.3813607,64.10672123,22.3,490.8036444,65.02408714,22.23333333,18.29666667,57.01373954,52.72907548,5.942237281,11.32754266,38.49925926,2.519737556,0
2025-06-20 03:45:00+00:00,512.5963622,63.44054622,22.38142857,490.1929102,63.46425574,22.3,17.13069728,60.17242063,76.92812583,7.908802824,11.95146825,38.2904195,0.007738095,0
2025-06-20 04:00:00+00:00,510.1797429,63.44982456,22.4,487.9106413,63.56247367,22.31238095,17.91577778,62.97277441,100.4079439,9.695092593,11.74375,37.9795114,0,0
2025-06-20 04:15:00+00:00,509.5464929,63.19207933,22.4,486.5627017,63.89477506,22.4,17.8477381,65.91721106,127.8804373,11.65545187,11.79630952,37.93351648,0,0
2025-06-20 04:30:00+00:00,507.7973406,63.14124949,22.46666667,484.8206113,63.39280179,22.4,16.93714286,68.78338889,159.9346313,13.60155556,11.93248333,37.7866801,0,0
2025-06-20 04:45:00+00:00,506.6980182,62.85099119,22.50666667,484.5739429,63.19400662,22.4,17.25111111,71.75985185,188.6822063,15.64444444,12.15837879,38.03133333,0,0
2025-06-20 05:00:00+00:00,508.7830357,63.84404762,22.6,484.4942325,63.12812252,22.43571429,17.02857143,74.73152855,221.0295189,17.7558461,12.54388765,37.39985828,0,0
2025-06-20 05:15:00+00:00,516.0538848,63.30582011,22.66923077,493.6619077,64.58807484,22.50111111,17.0974359,77.67098148,250.8633554,19.83800265,12.85641667,37.42302694,0.007466667,0
2025-06-20 05:30:00+00:00,526.0118932,63.70009276,22.70952381,509.7026224,63.770426,22.6,17.06768707,80.60928571,279.5563037,21.95285714,13.31864007,36.61746032,0,0
2025-06-20 05:45:00+00:00,535.3777778,62.87077498,22.8,519.0768807,63.4531351,22.53571429,16.97142857,83.52755102,326.8471667,24.06088435,13.59583673,36.43005566,0,0
2025-06-20 06:00:00+00:00,541.1569247,63.45390572,22.85079365,536.1945782,63.68815799,22.576,16.96785714,86.71904762,362.2409825,26.31795635,13.70349735,36.15024603,0,0
2025-06-20 06:15:00+00:00,548.4174713,62.69136905,22.9,541.3048667,64.57825741,22.63282967,17.19666667,89.41331169,394.033916,28.21333333,14.14661255,36.00878169,0,0.000267857
2025-06-20 06:30:00+00:00,565.2931217,62.88285714,22.94837037,538.5461896,63.28529465,22.68060606,16.93071429,92.67183069,429.949577,30.46031481,14.46784127,35.66257239,0,0
2025-06-20 06:45:00+00:00,570.4191904,63.56914246,23.10714286,557.8953326,63.33145845,22.80793651,16.93010204,95.88777778,462.4960888,32.62107297,14.99462662,34.86343442,0,0
2025-06-20 07:00:00+00:00,582.7466566,62.88013542,23.06222222,580.4698827,63.56196378,22.94177778,17,99.11575541,490.2060579,34.69646561,15.1312393,35.30888482,0,0
2025-06-20 07:15:00+00:00,574.4934343,62.9520202,23.19821429,592.6675004,63.17381303,23,17.12307692,102.6600794,519.4321518,36.91630669,15.44121032,35.06845238,0,0
2025-06-20 07:30:00+00:00,583.3262347,62.88440546,23.2412963,599.8263902,63.60161279,23.06733333,17.15030952,105.8410488,547.0622395,38.83434343,15.90672241,34.94422222,0,0
2025-06-20 07:45:00+00:00,591.1272804,63.68565645,23.4,599.6653425,63.20790642,23.10083333,17.10625,109.6083333,573.071622,40.94722222,16.00119048,35.23657407,0,0
2025-06-20 08:00:00+00:00,590.3949881,62.94551952,23.4,594.1495858,63.36462963,23.2,17.23866667,113.4668624,597.1391005,43.01292304,16.32505868,34.81511062,0,0
2025-06-20 08:15:00+00:00,585.0836467,62.8,23.43333333,593.4250481,64.28498435,23.232,17.08219048,117.54,622.9172113,45,16.74921905,34.81333333,0,0
2025-06-20 08:30:00+00:00,586.0508929,63.22599206,23.5,586.0967687,61.38047798,23.25952381,17.23321429,121.7482993,645.6897386,46.89416667,17.04078912,34.90267857,0,0
2025-06-20 08:45:00+00:00,579.7029589,63.39619435,23.55422222,579.2211386,61.23655315,23.28733333,17.18622222,125.3040577,666.9790658,48.38146224,17.3245198,34.97386637,0,0
2025-06-20 09:00:00+00:00,574.3486395,62.97419545,23.6,575.4697108,61.97668998,23.35,17.17838828,130.7752126,690.9149389,50.41201814,17.51419553,35.02859541,0,0
2025-06-20 09:15:00+00:00,579.8434259,63.10635129,23.62666667,578.6623785,61.81166667,23.36749206,17.46974206,135.5909537,708.3311058,51.98444914,17.87270779,34.82496296,0,0
2025-06-20 09:30:00+00:00,582.0397309,62.33963358,23.60119048,578.8597516,62.03981944,23.34969388,17.34188034,140.6755014,725.32172,53.39799062,18.13474481,35.00622294,0,0
2025-06-20 09:45:00+00:00,587.0839893,62.71394685,23.59097619,567.4609269,61.59383935,23.32507937,17.69444444,146.0617742,736.6500202,54.70064602,18.16552076,35.14920635,0,0
2025-06-20 10:00:00+00:00,582.087111,63.01904762,23.65469048,556.1946368,61.7478836,23.35513228,17.7,151.966443,751.5124786,55.91542208,18.61071152,35.08990741,0,0
2025-06-20 10:15:00+00:00,574.5366568,62.87975497,23.68673469,544.784745,62.41053391,23.32857143,17.58571429,157.8552211,763.6891172,56.83857143,18.75212925,35.24142857,0,0
2025-06-20 10:30:00+00:00,569.361192,62.46209809,23.65305556,543.3874078,62.42126022,23.38666667,17.15333333,163.9873413,774.3700872,57.57416931,19.02313492,35.19092063,0,0
2025-06-20 10:45:00+00:00,570.8011364,62.51961788,23.69142857,545.9705882,61.8968254,23.35714286,15.59583333,170.195814,790.119376,58.05,18.83673469,34.79550093,0,0
2025-06-20 11:00:00+00:00,566.0332926,62.85919414,23.7,544.5899658,62.06655976,23.39333333,16.04333333,176.4252143,752.468238,58.32,18.95828206,34.99102694,0,0
2025-06-20 11:15:00+00:00,562.228373,61.90414863,23.7,544.0323345,61.92944338,23.35446429,16.56547619,183.051233,776.3217347,58.35714286,19.01256378,35.19096939,0,0
2025-06-20 11:30:00+00:00,559.6582194,62.7411295,23.64666667,542.191462,61.95502152,23.41333333,17.02333333,189.2590556,776.802276,58.14178644,19.18202222,35.25372222,0,0
2025-06-20 11:45:00+00:00,558.3460835,62.92424483,23.7,539.4555988,62.22446176,23.36288889,17.44888889,195.8166234,778.8877336,57.65857047,19.34877778,34.78666667,0,0.003588101
2025-06-20 12:00:00+00:00,562.505907,62.89804937,23.7,539.0003161,61.64335424,23.27877551,17.4897619,201.760119,772.2146261,56.9920068,19.44381293,34.62142857,0,0
2025-06-20 12:15:00+00:00,570.1464947,64.14071429,23.81107143,529.6361728,64.11433862,23.34666667,18.40285714,207.9514074,773.6687775,56.03481481,19.67111429,34.83616162,0,0
2025-06-20 12:30:00+00:00,549.7298033,65.94220779,23.76666667,523.2937157,65.32950024,23.29142857,18.40833333,213.1386003,764.2537882,55.06790353,19.70545455,35.10874304,0,0
2025-06-20 12:45:00+00:00,534.766386,65.84380342,23.675,518.2530656,65.2623489,23.4,17.69333333,218.7118889,751.1736501,53.75755556,19.84011111,34.58161905,0,0
2025-06-20 13:00:00+00:00,519.0542517,66.1937943,23.7,512.1714286,65.61064233,23.4,16.74857143,224.1257596,739.5379501,52.24299036,19.97140873,34.99375,0,0
2025-06-20 13:15:00+00:00,509.278367,66.01474359,23.70777778,504.1565452,65.20063796,23.49088889,15.96488889,228.8755219,722.6844612,50.73255892,19.99153343,35.06666667,0,0
2025-06-20 13:30:00+00:00,501.9126984,65.9535014,23.79404762,498.6900325,65.44933192,23.58714286,16.19909297,233.6474924,705.0142341,48.98690476,20.08392857,35.24464286,0,0
2025-06-20 13:45:00+00:00,496.4095181,64.74646835,23.76666667,492.8523014,64.71779038,23.64666667,16.67809524,238.0781111,684.9682886,47.201,19.99487619,35.3,0,0
2025-06-20 14:00:00+00:00,493.9876755,6.216836735,23.7175,481.7399521,14.19326213,23.73238095,17.01714286,242.0453061,623.0446756,45.45045068,20.12028231,35.33105159,0,0
2025-06-20 14:15:00+00:00,495.6259259,0,23.6747619,476.1329082,0,23.92039683,16.97857143,246.0821905,415.623326,43.4492381,20.08662698,35.40195238,0,0
2025-06-20 14:30:00+00:00,494.8740741,0,23.77777778,475.5975412,0,24.16815873,17.21333333,250.0840159,611.7560053,41.4152381,19.91485926,34.9985303,0,0
2025-06-20 14:45:00+00:00,493.5478316,0,23.89642857,474.7831757,0,24.46292517,17.55952381,253.5937075,583.5062777,39.40534014,20.02344388,34.89528061,0,0
2025-06-20 15:00:00+00:00,492.5382802,0,23.99285714,474.8270774,0,24.68787879,18.14750567,257.0442251,551.2614732,37.35943179,20.21235827,34.91833333,0,0
2025-06-20 15:15:00+00:00,492.3080638,0,24.10821429,473.1546028,0,24.93209184,18.80583333,260.613801,522.3544264,35.15830782,19.93384921,34.54765615,0,0
2025-06-20 15:30:00+00:00,492.0582788,0,24.23571429,473.42886,0,25.20666667,19.40357143,263.9623492,489.1894089,32.97507937,20.0614381,34.23736508,0,0
2025-06-20 15:45:00+00:00,491.377551,0,24.39285714,472.7745446,0,25.43660714,19.75811791,266.8936224,456.567027,30.97780612,19.92856293,34.3,0,0
2025-06-20 16:00:00+00:00,490.8229896,0,24.4,472.6593843,0,25.54518519,19.98666667,270.1307571,419.4502016,28.78332852,20.19480847,34.29238095,0,0
2025-06-20 16:15:00+00:00,489.6683333,0,24.5,471.6365076,0,25.52661376,20.17333333,273.3997937,381.6743914,26.48278571,20.18119444,34.2,0,0
2025-06-20 16:30:00+00:00,488.6188645,0,24.59285714,471.0027473,0,25.50555556,20.33285714,276.2874915,344.8561856,24.4160771,20.04563492,34.20222222,0,0
2025-06-20 16:45:00+00:00,488.6579299,0,24.65333333,470.0479332,0,25.47444444,20.52916667,279.3116429,303.924237,22.25329004,19.95525397,34.3,0,0
2025-06-20 17:00:00+00:00,488.3396975,0,24.7,469.4538006,0,25.4875,20.74153846,282.2428571,258.3712412,20.15340136,19.88983844,34.27857143,0,0
2025-06-20 17:15:00+00:00,487.0867974,0,24.77722222,468.2417958,0,25.50666667,20.80666667,285.0451587,231.5013856,18.15544012,19.79947532,34.2,0,0
2025-06-20 17:30:00+00:00,486.8918309,0,24.8,467.8701671,0,25.57408163,20.9,288.013733,198.6964112,16.1035856,19.69380244,34.36495181,0,0
2025-06-20 17:45:00+00:00,485.8407785,0,24.91111111,466.6874764,0,25.51944444,20.9,290.6663704,161.6546447,14.20797619,19.6,34.504,0,0
2025-06-20 18:00:00+00:00,484.2644133,0,24.9,465.6949134,0,25.53130952,20.95384615,293.9147222,128.2047676,11.96125,19.54088745,34.6,0,0
2025-06-20 18:15:00+00:00,484.2527778,0,24.8,464.7504274,0,25.52,20.94666667,296.7425,96.46305409,10.09083333,19.25102381,34.64253968,0,0
2025-06-20 18:30:00+00:00,484.4297619,0,24.8,463.6798242,0,25.39851852,20.9,299.687,69.86299666,8.191071429,19.06227778,34.92177778,0,0
2025-06-20 18:45:00+00:00,484.3198669,0,24.79285714,462.4264162,0,25.28011905,20.9,302.7037415,49.07791484,6.304931973,18.79375,35.19553571,0,0
2025-06-20 19:00:00+00:00,482.4668519,0,24.7,462.6980542,0,25.192,20.85,305.6852778,30.10363592,4.520833333,18.4845,35.42,0,0
2025-06-20 19:15:00+00:00,481.7831626,0,24.66321429,461.9077808,0,24.9644898,20.77142857,308.5794643,18.61855936,2.832780612,18.275,35.5,0,0
2025-06-20 19:30:00+00:00,481.2329833,0,24.6,461.91487,0,24.78726984,20.7,311.403431,10.12040771,1.326154882,18.04811919,35.47301357,0,0
2025-06-20 19:45:00+00:00,481.1604193,0,24.52142857,461.7078472,0,24.76673882,20.6,314.4694076,4.043973994,-0.209331046,17.64691116,35.495,0,0
2025-06-20 20:00:00+00:00,480.5415775,0,24.46,459.6673951,0,24.66605128,20.51744108,317.5377017,1.590291197,-1.620760432,17.31798363,35.32441433,0,0
2025-06-20 20:15:00+00:00,480.2879089,0,24.4,459.6564874,0,24.59196429,20.47797619,320.6913898,0.49092766,-3.017914704,16.88903669,35.23238095,0,0
2025-06-20 20:30:00+00:00,479.4816934,0,24.4,459.4580241,0,24.5,20.26904762,324.0064175,0.066813544,-4.391128871,16.57142857,35.39910714,0,0
2025-06-20 20:45:00+00:00,478.3302609,0,24.30666667,457.9910228,0,24.40592593,20.12,327.4475385,0,-5.690666667,16.34666667,35.5225641,0,0
2025-06-20 21:00:00+00:00,477.4132035,0,24.3,457.1742227,0,24.30666667,19.93642857,330.659026,0,-6.793984127,16.03787879,35.4,0,0
2025-06-20 21:15:00+00:00,476.588201,0,24.20584416,456.3612795,0,24.21428571,19.75892857,333.9951661,0,-7.792701049,15.88967818,35.44785714,0,0
2025-06-20 21:30:00+00:00,476.0811396,0,24.15333333,456.1626263,0,24.15333333,19.54518519,337.3183406,0,-8.675072464,15.67333333,35.06084848,0,0
2025-06-20 21:45:00+00:00,474.7927465,0,24.1,455.974026,0,24.1,19.3075641,340.4563917,0,-9.407369615,15.44170068,35.14285714,0,0
2025-06-20 22:00:00+00:00,473.7422964,0,24.02666667,455.2715073,0,24.02666667,19.06,344.0452309,0,-10.12135642,15.16095455,35.11883598,0,0
2025-06-20 22:15:00+00:00,473.3590949,0,23.97857143,453.7603116,0,23.97857143,18.76428571,347.455839,0,-10.63931406,14.84640023,35.1,0,0
2025-06-20 22:30:00+00:00,472.9755199,0,23.9,453.4652576,0,23.9,18.51777778,350.8433737,0,-11.07571717,14.5472,35.15333333,0,0
2025-06-20 22:45:00+00:00,472.7323977,0,23.89916667,452.1066184,0,23.87666667,18.21,354.3745455,0,-11.32787879,14.3169697,35.47231604,0,0
2025-06-20 23:00:00+00:00,471.3874193,0,23.80625,450.947523,0,23.8,17.95428571,356.82125,0,-11.49285714,14.05519841,36.1851461,0,0
2025-06-20 23:15:00+00:00,472.6591745,0,23.78666667,449.9246347,0,23.78666667,17.725,1.509142857,0,-11.5,13.86337037,36.46395815,0,0
2025-06-20 23:30:00+00:00,471.0899324,0,23.7,449.9962406,0,23.7,17.45714286,5.166314935,0,-11.38482143,13.68625,36.02941558,0,0
2025-06-20 23:45:00+00:00,471.3986917,0,23.7,450.0771895,0,23.7,17.27619048,8.625714286,0,-11.096,13.63032381,36.257,0,0
2025-06-21 00:00:00+00:00,471.3300152,0,23.7,449.1644725,0,23.62063492,17.07666667,12.04155844,0,-10.74397959,13.65116071,36.40047619,0,0
2025-06-21 00:15:00+00:00,469.3760847,0,23.64615385,448.0179394,0,23.6,16.87384615,15.46619048,0,-10.25666667,13.6682963,36.58666667,0,0
2025-06-21 00:30:00+00:00,468.8665385,0,23.6,448.5428024,0,23.55878788,16.66,18.91357143,0,-9.65452381,13.7,36.4792328,0,0
2025-06-21 00:45:00+00:00,468.4664322,0,23.6,446.9879446,0,23.48857143,16.53856838,22.39325397,0,-8.850721501,13.67738095,36.34285714,0,0
2025-06-21 01:00:00+00:00,467.4033795,0,23.6,446.2074559,0,23.4,16.42666667,25.5943082,0,-7.994254505,13.55717649,36.428,0,0
2025-06-21 01:15:00+00:00,466.7829556,0,23.6,445.8257576,0,23.4,16.3,29.0709042,0,-6.961666667,13.57651786,36.46428571,0,0
2025-06-21 01:30:00+00:00,465.7492363,0,23.5,443.8777778,0,23.36666667,16.17797619,32.31626512,0,-5.906904355,13.51258333,36.5,0,0
2025-06-21 01:45:00+00:00,465.4462012,0,23.5,444.3371464,0,23.3,16.04285714,35.30505952,0.012872422,-4.816258503,13.4833631,36.48571429,0,0
2025-06-21 02:00:00+00:00,464.6492001,0,23.5,443.6929188,0,23.3,16,38.59766545,0.313718247,-3.510025641,13.35754579,36.4,0,0
2025-06-21 02:15:00+00:00,462.9796371,0,23.43571429,442.5590386,0,23.3,15.9202381,41.5285503,1.066174301,-2.23188724,13.26839152,36.4,0,0
2025-06-21 02:30:00+00:00,463.0724868,0,23.4,441.5773863,0,23.27222222,15.82444444,44.85376984,3.06530285,-0.654222222,13.14666667,36.468,0,0
2025-06-21 02:45:00+00:00,462.6010606,0,23.4,441.7507522,0,23.2,15.8,48.13272222,7.354399752,0.898,13.16,36.6,0,0
2025-06-21 03:00:00+00:00,462.3516484,0,23.4,440.6977033,0,23.2,15.8,51.23804654,13.89238636,2.556746032,13.21574134,36.57232143,0,0
2025-06-21 03:15:00+00:00,461.648433,0,23.4,439.770804,0,23.2,15.7,54.06634921,23.71148014,4.158730159,13.29190476,36.44027778,0,0
2025-06-21 03:30:00+00:00,460.2511471,0,23.4,438.4914994,0,23.2,15.64638889,57.11719388,37.85117515,5.993956916,13.26314626,36.4,0,0
2025-06-21 03:45:00+00:00,459.9609117,0,23.4,437.6866097,0,23.2,15.6,60.1965873,56.97117003,7.913280423,13.41668783,36.4,0,0
2025-06-21 04:00:00+00:00,459.0593254,0,23.4,437.7441971,0,23.18809524,15.53571429,63.00516595,65.17670836,9.700505051,13.46673469,36.42285714,0,0
2025-06-21 04:15:00+00:00,458.5096821,0,23.4,437.0682467,0,23.196,15.42857143,65.85066667,82.00805868,11.5954127,13.60211905,36.4,0,0
2025-06-21 04:30:00+00:00,457.8201798,0,23.4,436.3459094,0,23.175,15.31666667,68.71086735,101.5472486,13.55714286,13.89987245,36.38686224,0,0
2025-06-21 04:45:00+00:00,456.7304902,0,23.4,435.4378575,0,23.2,15.26666667,71.67737037,151.5093917,15.61733333,14.48211111,35.686,0,0
2025-06-21 05:00:00+00:00,456.3891285,0,23.4,434.7386361,0,23.2,15.17083333,74.62377778,207.0346646,17.70977778,15.10234921,35.02546032,0,0
2025-06-21 05:15:00+00:00,455.396131,0,23.4,433.5923972,0,23.2,15.1,77.54389301,258.8434287,19.74508503,15.66545351,34.94285714,0,0
2025-06-21 05:30:00+00:00,455.3385854,0,23.4,433.0250085,0,23.2,15.1,80.13686508,221.3857927,21.6352381,16.07630952,34.93,0,0
2025-06-21 05:45:00+00:00,454.3946652,0,23.4,432.2635792,0,23.23901361,15.1,83.37882756,306.9844369,23.94531591,16.12083694,35,0,0
2025-06-21 06:00:00+00:00,453.0557143,0,23.43333333,431.995378,0,23.3,15.1,86.39866667,342.9352833,26.09666667,16.68904762,34.96666667,0,0
2025-06-21 06:15:00+00:00,453.6536641,0,23.5,431.9665683,0,23.3,15.13333333,89.16928571,368.8961233,28.06405071,16.91220805,34.93673469,0,0
2025-06-21 06:30:00+00:00,452.4591534,0,23.5,430.7624959,0,23.3,15.26666667,92.69944444,402.6690835,30.49444974,17.37739646,34.74555556,0,0
2025-06-21 06:45:00+00:00,451.3445845,0,23.5,430.6882994,0,23.3,15.3625,95.87574459,435.1104558,32.60426587,17.7493491,34.88215832,0,0
2025-06-21 07:00:00+00:00,451.2924951,0,23.53490741,429.3807513,0,23.325,15.55064815,99.00428571,464.8357644,34.64039827,17.84576923,34.75875,0,0
2025-06-21 07:15:00+00:00,450.6792593,0,23.6,428.8497674,0,23.4,15.67724868,102.552227,501.9503027,36.86735738,18.29378307,34.83695647,0,0
2025-06-21 07:30:00+00:00,450.1556131,0,23.6,428.5142869,0,23.4,15.80698413,105.824908,538.5416689,38.79741522,19.08596429,34.9241009,0,0
2025-06-21 07:45:00+00:00,449.7885582,0,23.61333333,428.2689525,0,23.4,15.99333333,109.6751111,420.6169233,41.03222222,19.41285859,34.9184188,0,0
2025-06-21 08:00:00+00:00,449.6532671,0,23.7,428.3970127,0,23.42255102,16.13714286,113.2098196,439.3229705,42.84108725,19.59613623,34.87197539,0,0
2025-06-21 08:15:00+00:00,449.445098,0,23.7,428.3819093,0,23.5,16.37428571,117.4879259,395.1391635,44.99216667,19.60975758,34.89583333,0,0
2025-06-21 08:30:00+00:00,449.523539,0,23.79285714,428.2373953,0,23.53571429,16.57142857,121.7020707,364.3583186,46.87548985,19.46172417,34.53095238,0,0
2025-06-21 08:45:00+00:00,449.0731837,0,23.8,427.9908396,0,23.56740741,16.83844444,125.7434343,445.1781468,48.57,19.5969697,34.60066667,0,0
2025-06-21 09:00:00+00:00,448.190206,0,23.8,427.2650577,0,23.6,17.09085714,130.3948148,554.4552149,50.28007407,19.8704,34.90672106,0,0
2025-06-21 09:15:00+00:00,448.8517323,0,23.83853022,426.9742579,0,23.6,17.35714286,135.7235392,684.3508257,52.01731227,20.59068027,35.30909091,0,0
2025-06-21 09:30:00+00:00,447.9098848,0,23.9,426.3369697,0,23.6,17.67481481,140.7868254,707.501619,53.44803175,20.82816931,35.44961255,0,0
2025-06-21 09:45:00+00:00,447.2475019,0,23.9,425.2988095,0,23.61428571,17.94302808,146.0980867,761.6722977,54.73632653,21.28833333,35.18418599,0,0
2025-06-21 10:00:00+00:00,447.6345153,0,23.9,425.5625319,0,23.7,18.05,151.8694853,696.8103223,55.90821549,21.88775957,35,0,0
2025-06-21 10:15:00+00:00,446.2842017,0,23.91428571,425.469862,0,23.7,18.19761905,157.192602,716.5855561,56.75102041,21.66827438,35.00125,0,0
2025-06-21 10:30:00+00:00,447.3525984,0,24,424.5823637,0,23.7,18.39595238,163.8840996,734.8931623,57.53409524,22.02254074,35.18848485,0,0
2025-06-21 10:45:00+00:00,446.444771,0,24,424.7815934,0,23.75428571,18.75022222,169.9067438,735.5044441,58.04238961,22.21143545,35.12281385,0,0
2025-06-21 11:00:00+00:00,447.0116382,0,24,424.3519626,0,23.8,19.00464853,176.1578372,748.0178955,58.30801587,22.20140399,35.18252165,0,0
2025-06-21 11:15:00+00:00,446.3047529,0,24.004,424.2490794,0,23.8,19.23666667,182.8861111,747.5336481,58.35277778,22.48217778,35.2,0,0
2025-06-21 11:30:00+00:00,446.1294304,0,24.1,424.0503055,0,23.8,19.42307692,188.4003966,750.1411693,58.14334184,22.63168135,35.2,0,0
2025-06-21 11:45:00+00:00,445.8562269,0,24.1,424.1381796,0,23.84666667,19.76666667,195.4126944,746.7107394,57.69351852,22.99452129,35.2,0,0
2025-06-21 12:00:00+00:00,445.3050144,0,24.11984127,423.822449,0,23.9,19.90714286,201.9945292,744.1360388,56.95675789,23.22581981,35.2,0,0
2025-06-21 12:15:00+00:00,445.6991741,0,24.2,423.6461356,0,23.98666667,20.09766667,207.716627,742.8030739,56.12288095,23.6051164,35.2,0,0
2025-06-21 12:30:00+00:00,445.1159297,0,24.2,423.4933479,0,24.05714286,20.2575,212.6748583,716.9115526,55.12148526,23.53654195,35.2,0,0
2025-06-21 12:45:00+00:00,444.8686799,0,24.24857143,423.3596296,0,24.12,20.8017619,218.6411534,752.5050909,53.77822222,23.76865026,35.2,0,0
2025-06-21 13:00:00+00:00,444.6933642,0,24.3,422.4886949,0,24.26,21.19911111,224.1324048,786.1352515,52.26489433,24.05854343,35.21824786,0,0
2025-06-21 13:15:00+00:00,443.8696445,0,24.38571429,422.6968357,0,24.40285714,21.97936508,228.934623,710.2850201,50.72410714,23.78744048,35.20398352,0,0
2025-06-21 13:30:00+00:00,444.2970178,0,24.4,422.4680854,0,24.55333333,22.26714286,233.6202285,676.5566548,49.01126984,24.03965224,35.23333333,0,0
2025-06-21 13:45:00+00:00,443.5182001,0,24.49693878,422.3000505,0,24.67142857,22.52421769,238.0491182,664.5039131,47.23094594,24.17957431,35.25863095,0,0
2025-06-21 14:00:00+00:00,443.4654762,0,24.54166667,422.0071188,0,24.82666667,22.76666667,241.8577143,644.4413283,45.5527619,24.29219048,35.24207407,0,0
2025-06-21 14:15:00+00:00,443.9533333,0,24.6,422.6984737,0,24.98466667,22.68194444,246.2217508,594.8616825,43.39060606,24.71523232,35.34856566,0,0
2025-06-21 14:30:00+00:00,442.7265669,0,24.70714286,422.6055176,0,25.17380952,22.8,250.0966553,567.1240581,41.36241497,24.68829801,35.2,0,0
2025-06-21 14:45:00+00:00,442.9130236,0,24.8,422.1333333,0,25.34245425,22.99333333,253.5149033,532.39558,39.43319151,24.69647475,35.2,0,0
2025-06-21 15:00:00+00:00,442.1067633,0,24.8843956,421.9620115,0,25.51206349,23.03076923,256.9872024,515.3991892,37.43434524,24.81955822,35.2,0,0
2025-06-21 15:15:00+00:00,441.6952001,0,24.99155556,421.3490754,0,25.70666667,23.16051178,260.3262716,447.8037451,35.32954254,24.70539174,35.2706024,0,0
2025-06-21 15:30:00+00:00,441.6161006,0,25.1,421.6716097,0,25.775,23.20238095,263.7060761,393.0022791,33.14482839,25.01256169,35.15204545,0,0
2025-06-21 15:45:00+00:00,441.6863071,0,25.17333333,421.6111561,0,25.92611111,23.35555556,266.9952222,385.4022815,30.9347037,24.85118519,35.13377778,0,0
2025-06-21 16:00:00+00:00,441.1622449,0,25.26923077,421.6916572,0,26.03809524,23.57464286,270.1952845,355.2975198,28.7358171,24.77963822,35.2,0,0
2025-06-21 16:15:00+00:00,441.5010808,0,25.31333333,422.2821869,0,26.04518519,23.70038095,273.175254,304.0124076,26.63494709,24.7592,35.2,0,0
2025-06-21 16:30:00+00:00,441.29519,0,25.42666667,421.6770723,0,25.925,23.86,276.1793333,217.2328185,24.52,24.3447619,35.18,0,0
2025-06-21 16:45:00+00:00,440.5879441,0,25.4,421.3612992,0,25.88452381,23.73333333,278.7863095,270.7276533,22.67202381,24.5026044,35.15235828,0,0
2025-06-21 17:00:00+00:00,440.7166667,0,25.4,421.0817454,0,25.9,23.80666667,281.9931467,246.120469,20.32351323,24.50190127,35.2910989,0,0
2025-06-21 17:15:00+00:00,439.8890528,0,25.4,420.2057143,0,26.03035714,23.87916667,284.9772109,217.4534527,18.20364229,24.51191412,35.21805195,0,0
2025-06-21 17:30:00+00:00,439.5534041,0,25.44666667,420.4870984,0,26,23.75333333,287.8818725,184.6197517,16.12261877,24.48206187,35.2,0,0
2025-06-21 17:45:00+00:00,439.7496867,0,25.5,420.6879166,0,26,23.75238095,290.8045125,153.4506972,14.08503401,24.31227778,35.29714286,0,0
2025-06-21 18:00:00+00:00,440.2791939,0,25.5,421.2719888,0,26.04933333,23.68666667,293.7302703,118.0505099,12.11394998,24.14049339,35.15507239,0,0
2025-06-21 18:15:00+00:00,439.5327489,0,25.5,421.4043257,0,25.90666667,23.54166667,296.687127,90.3031126,10.12981481,23.90190741,35.14503704,0,0
2025-06-21 18:30:00+00:00,438.9962406,0,25.5,419.9721088,0,25.81020408,23.5,299.6254365,69.3534395,8.229783163,23.61864087,35.1994898,0,0
2025-06-21 18:45:00+00:00,440.0391436,0,25.4,419.9349046,0,25.75333333,23.4725,302.4928826,47.98404377,6.43471621,23.29660774,35.2,0,0
2025-06-21 19:00:00+00:00,440.9309824,0,25.4,419.3652484,0,25.7,23.3252381,305.5797468,29.97392723,4.572992038,23.03795857,35.32328598,0,0
2025-06-21 19:15:00+00:00,440.0802116,0,25.4,419.919924,0,25.57666667,23.245,308.5123822,16.92560864,2.934436508,22.67304762,35.32,0,0
2025-06-21 19:30:00+00:00,438.8046523,0,25.35102041,419.5162338,0,25.49914966,23.08303571,311.5750186,8.150238919,1.203877551,22.2624329,35.29620412,0,0
2025-06-21 19:45:00+00:00,439.0847167,0,25.3,419.9025245,0,25.45260619,23,314.4216693,3.976623542,-0.181402764,21.84212857,35.04201681,0,0
2025-06-21 20:00:00+00:00,439.3641195,0,25.20714286,419.3641654,0,25.31428571,22.94468254,317.1382143,1.685527717,-1.438452381,21.4316829,35.14050949,0,0
2025-06-21 20:15:00+00:00,438.1304645,0,25.18855219,418.9091216,0,25.24666667,22.8,320.7855626,0.418053705,-3.070426165,20.93175649,35.2,0,0
2025-06-21 20:30:00+00:00,438.4159829,0,25.1,418.2285443,0,25.16095238,22.70952381,324.175537,0.041376906,-4.467833333,20.45772727,35.2,0,0
2025-06-21 20:45:00+00:00,437.6570501,0,25.06428571,418.0666667,0,25.1,22.59285714,327.2654762,0,-5.641071429,20.0286039,35.2,0,0
2025-06-21 21:00:00+00:00,437.8037888,0,25,418.7577904,0,25.02,22.45333333,330.6030281,0,-6.767476191,19.73504762,35.2,0,0
2025-06-21 21:15:00+00:00,436.5760016,0,24.98214286,418.2394675,0,24.92942177,22.37053571,333.8665211,0,-7.778740803,19.51485776,35.2,0,0
2025-06-21 21:30:00+00:00,435.8049784,0,24.9,418.0728438,0,24.89212121,22.25333333,337.1176825,0,-8.646666667,19.26414286,35.2,0,0
2025-06-21 21:45:00+00:00,435.2219388,0,24.9,418.4857504,0,24.8,22.07142857,340.1529252,0,-9.335034014,19.04710884,35.15674088,0,0
2025-06-21 22:00:00+00:00,434.8917094,0,24.8,417.4542258,0,24.78,21.84285714,344.1463598,0,-10.13035409,18.7830754,35.2,0,0
2025-06-21 22:15:00+00:00,434.4303016,0,24.77233333,417.2439316,0,24.7,21.58344444,347.5696795,0,-10.65931624,18.52412698,35.22136508,0,0
2025-06-21 22:30:00+00:00,434.2343589,0,24.7,417.1309524,0,24.67619048,21.325,351.1080917,0,-11.07472789,18.14106518,35.20659341,0,0
2025-06-21 22:45:00+00:00,435.4690344,0,24.65333333,416.705731,0,24.6,21.13527778,354.6052051,0,-11.33435897,17.82,35.10666667,0,0
2025-06-21 23:00:00+00:00,435.9376837,0,24.6,416.5978221,0,24.6,20.89530612,332.2634853,0,-11.49375,17.58475377,35.16160714,0,0
2025-06-21 23:15:00+00:00,434.9649123,0,24.6,416.5058196,0,24.55454545,20.71688312,1.115916861,0,-11.5,17.48355512,35.09318182,0,0
2025-06-21 23:30:00+00:00,434.2267846,0,24.58571429,415.6483054,0,24.5,20.56428571,4.956405896,0,-11.3955267,17.48414683,35.03571429,0,0
2025-06-21 23:45:00+00:00,434.2295159,0,24.5,414.7465705,0,24.49636364,20.34545455,9.10961039,0,-11.12727273,17.35308442,35.2,0,0
2025-06-22 00:00:00+00:00,433.6857744,0,24.5,414.4629329,0,24.4,20.19,11.93153102,0,-10.75812454,17.30764574,35.2,0,0
2025-06-22 00:15:00+00:00,432.6973619,0,24.5,413.7602634,0,24.4,19.99142857,15.26989229,0,-10.28433673,17.19423727,35.15,0,0
2025-06-22 00:30:00+00:00,431.8031751,0,24.46166667,413.2102632,0,24.35904762,19.9,18.82669336,0,-9.650272246,16.95608333,35.1,0,0
2025-06-22 00:45:00+00:00,432.1776314,0,24.4,413.549337,0,24.3,19.74285714,22.1178258,0,-8.917486085,16.89092857,35.1,0,0
2025-06-22 01:00:00+00:00,432.0118298,0,24.4,412.2131935,0,24.27866667,19.55333333,25.61911616,0,-8.025483406,16.82033838,35.004,0,0
2025-06-22 01:15:00+00:00,430.7220238,0,24.4,412.6215942,0,24.2,19.5,29.00911477,0,-7.030051282,16.62668376,35.34714286,0,0
2025-06-22 01:30:00+00:00,430.5578435,0,24.4,411.7517512,0,24.2,19.37285714,32.32866342,0,-5.916428571,16.67142857,35.19196429,0,0
2025-06-22 01:45:00+00:00,431.0942308,0,24.36,411.2860019,0,24.12666667,19.28244444,35.5719899,0.042541241,-4.710887446,16.85994815,35.09266667,0,0
2025-06-22 02:00:00+00:00,429.7190815,0,24.3,410.3471814,0,24.1,19.15428571,38.61865079,0.37158781,-3.462202381,16.78428571,35,0,0
2025-06-22 02:15:00+00:00,428.7294311,0,24.3,409.5860637,0,24.1,19.09925926,41.82929004,1.529469904,-2.091166667,15.99901026,35,0,0
2025-06-22 02:30:00+00:00,429.6121934,0,24.3,409.5300235,0,24.06428571,18.96428571,44.93772817,3.795114544,-0.626547619,15.8012585,35.04626778,0,0
2025-06-22 02:45:00+00:00,429.4909283,0,24.3,408.6464735,0,24,18.83791209,48.05388889,8.289058056,0.856666667,15.37638095,35.13453968,0,0
2025-06-22 03:00:00+00:00,428.2064061,0,24.26666667,409.1322055,0,24,18.76444444,51.1346746,17.02518271,2.520238095,15.59965741,35,0,0
2025-06-22 03:15:00+00:00,427.7905754,0,24.2,409.4609498,0,24,18.64312925,54.10489621,33.92710311,4.232342687,16.00294797,35,0,0
2025-06-22 03:30:00+00:00,427.7184611,0,24.26333333,409.1361271,0,24,18.57333333,57.10593884,59.46619953,5.976393939,16.66275103,35.03166667,0,0
2025-06-22 03:45:00+00:00,426.3408929,0,24.3,408.6115163,0,24,18.45634921,59.92131133,77.15073193,7.69406308,17.18976381,35.01221978,0,0
2025-06-22 04:00:00+00:00,426.8451067,0,24.3,408.4084011,0,24,18.38666667,62.94377145,105.3202166,9.644094424,17.17562338,35.07666667,0,0
2025-06-22 04:15:00+00:00,426.4898464,0,24.3,407.6935755,0,24,18.28571429,65.89111395,139.8114918,11.63847789,17.2002381,35.30527211,0,0
2025-06-22 04:30:00+00:00,425.5513187,0,24.34866667,407.9639394,0,24,18.2,68.72056878,140.1246387,13.5387963,17.2465,35.06154882,0,0
2025-06-22 04:45:00+00:00,426.2155267,0,24.4,407.5164018,0,24.01277056,18.13454545,71.73910019,149.4475869,15.64560529,17.08022472,35,0,0
2025-06-22 05:00:00+00:00,425.3273822,0,24.4,406.9951211,0,24.1,18.1,74.62691558,188.3409623,17.67424603,17.31444444,35.06395604,0,0
2025-06-22 05:15:00+00:00,424.5194444,0,24.4,406.5861193,0,24.1,18.09333333,77.54416667,177.073855,19.79101852,17.54271164,35.2552381,0,0
2025-06-22 05:30:00+00:00,425.1645022,0,24.4,405.8690476,0,24.1,18,80.38690476,258.0568551,21.80178571,17.93345238,35.21074481,0,0
2025-06-22 05:45:00+00:00,424.6711364,0,24.4,405.6520202,0,24.1,18.06366667,83.48353291,330.80739,24.01995238,18.71211429,35.2,0,0
2025-06-22 06:00:00+00:00,423.7993927,0,24.47678571,405.2771377,0,24.16190476,18.1,86.39071429,324.1173366,26.11337302,19.45185714,35.08539683,0,0
2025-06-22 06:15:00+00:00,423.2058413,0,24.5,405.0671195,0,24.17733333,18.10769231,89.46199165,304.3574763,28.24707978,19.85843672,35,0,0
2025-06-22 06:30:00+00:00,423.8786612,0,24.5,405.0191721,0,24.2,18.2,92.68351852,420.1481269,30.48154762,20.20094118,35,0,0
2025-06-22 06:45:00+00:00,423.1908448,0,24.5,404.4402009,0,24.2,18.12142857,95.78238095,455.4061626,32.53780045,20.78790476,35,0,0
2025-06-22 07:00:00+00:00,423.4864833,0,24.53285714,404.5318172,0,24.25333333,18.51190476,99.09980952,480.108184,34.68736508,20.46167619,35.07416667,0,0
2025-06-22 07:15:00+00:00,424.9578885,0,24.57232143,405.2785288,0,24.3,18.8,102.5867687,476.7790952,36.88030612,20.53375696,35.1,0,0
2025-06-22 07:30:00+00:00,423.7685185,0,24.6,405.0311988,0,24.3,18.72857143,105.8627249,542.7768511,38.86640212,20.73408713,35.1,0,0
2025-06-22 07:45:00+00:00,423.4800602,0,24.6,405.2554366,0,24.38571429,18.76159864,109.3969799,562.9087279,40.82251921,20.22143968,35.12394481,0,0
2025-06-22 08:00:00+00:00,423.8062378,0,24.67692308,405.0545455,0,24.4,18.67948718,113.3836825,591.137732,42.95780952,19.97304762,35.2,0,0
2025-06-22 08:15:00+00:00,423.717973,0,24.7,405.2662471,0,24.4,18.50595238,117.0742857,603.2274639,44.78849206,20.19001587,35.10505669,0,0
2025-06-22 08:30:00+00:00,423.068,0,24.7,404.9347644,0,24.40380952,18.53142857,121.5361349,636.1533024,46.79376263,20.24474747,35.1,0,0
2025-06-22 08:45:00+00:00,423.4949634,0,24.7,405.1052599,0,24.49092971,18.47142857,125.8562673,658.7948785,48.5875,20.50974373,35.1,0,0
2025-06-22 09:00:00+00:00,422.586732,0,24.7,403.6830473,0,24.5,18.4,130.5671852,684.2337002,50.331,20.59067929,35.134,0,0
2025-06-22 09:15:00+00:00,423.1451247,0,24.76813187,404.9062325,0,24.5,18.79807692,135.4652494,704.8859565,51.94478458,19.8179932,35.2,0,0
2025-06-22 09:30:00+00:00,423.1485412,0,24.8,404.2008452,0,24.515,18.805,140.1366619,695.7082187,53.27343712,19.79971717,35.2,0,0
2025-06-22 09:45:00+00:00,422.0657407,0,24.8,405.0088889,0,24.6,19.46,146.2240873,719.000737,54.7645,19.49915476,35.2,0,0
2025-06-22 10:00:00+00:00,422.7213474,0,24.8,405.1029363,0,24.6,19.52346939,151.7687698,658.1985827,55.83503401,19.91462978,35.22142857,0,0
2025-06-22 10:15:00+00:00,422.7174074,0,24.83936508,405.427037,0,24.6,19.54285714,157.6957454,749.2524362,56.81268182,19.17554986,35.12560393,0,0
2025-06-22 10:30:00+00:00,422.7069188,0,24.9,405.2648418,0,24.6,19.5,163.277381,756.494504,57.48472222,19.68606151,35.2,0,0
2025-06-22 10:45:00+00:00,422.9639012,0,24.9,405.5215558,0,24.6,19.24305556,169.9880688,746.455068,58.05777778,19.62992593,35.2,0,0
2025-06-22 11:00:00+00:00,422.7146065,0,24.9,404.8564917,0,24.6,19.86194805,175.8288023,769.0783411,58.30035714,19.8830285,35.2,0,0
2025-06-22 11:15:00+00:00,422.1732564,0,24.9,404.3990924,0,24.62,20.01734694,182.8289286,761.7896047,58.36179894,19.87805491,35.36666667,0,0
2025-06-22 11:30:00+00:00,422.5891457,0,24.9,404.5149905,0,24.68571429,20.45,189.0088095,756.3762859,58.13785714,19.81238095,35.4,0,0
2025-06-22 11:45:00+00:00,422.4431061,0,24.948,404.0308592,0,24.7,20.68,195.5919206,782.0787318,57.66936508,19.76860053,35.4,0,0
2025-06-22 12:00:00+00:00,422.0427656,0,25,404.284287,0,24.76666667,21.11555556,201.7665079,660.8546095,56.97507937,19.84243333,35.19151515,0,0
2025-06-22 12:15:00+00:00,422.8575397,0,25.02857143,404.6160971,0,24.8047619,20.92083333,207.6927721,610.4438027,56.09948623,19.59377551,34.15920686,0,0
2025-06-22 12:30:00+00:00,422.3898183,0,25.1,404.1439316,0,24.86687831,21.18571429,213.3002647,665.2997045,55.02663725,19.72960065,33.3456122,0,0
2025-06-22 12:45:00+00:00,422.4372149,0,25.10612245,404.0911028,0,24.9630102,19.94428571,218.6676136,738.8364807,53.74775433,19.92216991,32.44089286,0,0
2025-06-22 13:00:00+00:00,422.9903839,0,25.2,404.3151415,0,25.10207407,21.06722222,223.8055885,749.4115071,52.35589588,19.62890394,31.79590476,0,0
2025-06-22 13:15:00+00:00,423.4710979,0,25.2,405.0277677,0,25.19480519,20.87640415,228.2658279,476.2816279,50.94280823,19.92399594,30.96084909,0,0
2025-06-22 13:30:00+00:00,422.8530049,0,25.24571429,405.8913444,0,25.2,20.21785714,233.3608333,317.2100609,49.09315476,18.85582407,30.30086967,0,0
2025-06-22 13:45:00+00:00,422.834074,0,25.29428571,404.2568355,0,25.28214286,20.04910714,237.6701863,496.1226461,47.36447804,18.9310948,29.7846155,0,0
2025-06-22 14:00:00+00:00,422.8826912,0,25.345,405.7646913,0,25.3,20.53666667,242.0389286,290.3185574,45.43611111,19.34841667,29.34516402,0,0
2025-06-22 14:15:00+00:00,422.9141459,0,25.4,404.480463,0,25.34,19.47142857,246.1534139,463.272494,43.40768905,19.5782559,29.01283333,0,0
2025-06-22 14:30:00+00:00,422.1405574,0,25.4,405.5737847,0,25.48392857,19.20047619,249.8838203,366.9132339,41.50454545,20.07765801,28.75729548,0,0
2025-06-22 14:45:00+00:00,421.4052612,0,25.4,405.2406921,0,25.55111111,19.21666667,253.5925,394.4783812,39.39,19.90940741,28.42833333,0,0
2025-06-22 15:00:00+00:00,421.8895985,0,25.46428571,403.6633628,0,25.6,19.48188776,257.0300897,281.6606303,37.36488868,19.97835444,28.1802913,0,0
2025-06-22 15:15:00+00:00,422.3989879,0,25.5,403.221237,0,25.62166667,19.13238095,260.3525556,411.8648007,35.30315657,20.06224916,27.98792674,0,0
2025-06-22 15:30:00+00:00,421.5441662,0,25.57142857,402.9343383,0,25.8,19.25357143,263.8029169,307.0592586,33.04671769,19.65262229,27.74314626,0,0
2025-06-22 15:45:00+00:00,422.3899495,0,25.6,403.5211553,0,25.90761905,19.44666667,266.8946296,311.4520031,30.98996296,19.89853462,27.60877373,0,0
2025-06-22 16:00:00+00:00,421.8725589,0,25.6,403.4434262,0,25.84534392,19.34952381,270.1472342,149.2355499,28.74871573,19.62675132,27.5,0,0
2025-06-22 16:15:00+00:00,422.5201441,0,25.6,403.0488946,0,25.77559524,19.07714286,273.209618,148.6436503,26.61081633,19.44469702,27.35120594,0,0
2025-06-22 16:30:00+00:00,421.8210529,0,25.6,402.8676923,0,25.66424242,18.93685185,276.0703794,102.9550505,24.56260406,19.31008334,27.26444444,0,0
2025-06-22 16:45:00+00:00,421.4993236,0,25.6,402.8276786,0,25.6,18.80714286,279.2204082,92.89916653,22.31947279,18.729375,27.11247681,0,0
2025-06-22 17:00:00+00:00,420.8161835,0,25.512,402.7309091,0,25.52388889,18.88,282.1186645,45.16767453,20.23421765,18.39754141,27,0,0
2025-06-22 17:15:00+00:00,420.3535767,0,25.48666667,402.9411477,0,25.45333333,18.9,285.0282937,41.49517658,18.17453968,18.41145608,26.94545455,0,0
2025-06-22 17:30:00+00:00,419.1338294,0,25.4,402.352381,0,25.4,18.90204082,287.7956504,96.65980644,16.23809524,18.71717893,26.80714286,0,0
2025-06-22 17:45:00+00:00,419.515653,0,25.4,402.1156341,0,25.4,19.07466667,290.812683,63.86448874,14.11479365,18.47470125,26.76866162,0,0
2025-06-22 18:00:00+00:00,420.5336893,0,25.4,401.5229608,0,25.4,19.06309524,293.7535714,61.52209946,12.05285714,18.53386039,26.67142857,0,0
2025-06-22 18:15:00+00:00,419.4717593,0,25.4,401.8996992,0,25.34,18.99880952,296.6939048,30.88510342,10.12380952,17.82190476,26.6,0,0
2025-06-22 18:30:00+00:00,419.7736355,0,25.4,402.1810535,0,25.3,18.9,299.8549278,17.32401177,8.061237374,17.38722078,26.6,0,0
2025-06-22 18:45:00+00:00,419.5085956,0,25.32871795,401.981168,0,25.20535714,18.83846154,302.4971821,14.91106415,6.421185897,17.13403042,26.52142857,0,0
2025-06-22 19:00:00+00:00,418.8298993,0,25.3,401.3492063,0,25.16166667,18.85503968,305.5586688,9.019165511,4.560884461,16.73953517,26.5,0,0
2025-06-22 19:15:00+00:00,418.9127107,0,25.25384615,401.1975524,0,25.1,18.9,308.3490965,7.154321796,2.980384615,16.82240126,26.42307692,0,0
2025-06-22 19:30:00+00:00,266.3131491,0,25.2,253.8106685,0,25,11.38846154,192.201337,1.09020054,0.495604396,10.32884615,15.93173077,0,0
2025-06-22 19:45:00+00:00,417.9655615,0,25.17916667,400.7818182,0,25,18.9,314.657537,0.63184596,-0.283460318,16.83955556,26.3,0,0
2025-06-22 20:00:00+00:00,417.8375888,0,25.1,399.9557921,0,24.93061224,18.93660714,317.7383362,0.181122449,-1.724007937,16.87450397,26.3,0,0
2025-06-22 20:15:00+00:00,417.9870837,0,25.1,400.162069,0,24.9,19,320.6817778,0.098,-3.037333333,16.86406633,26.3,0,0
2025-06-22 20:30:00+00:00,416.8746717,0,25.1,399.3832071,0,24.85333333,19,324.2020551,0,-4.498095238,16.89310317,26.29952381,0,0
2025-06-22 20:45:00+00:00,416.6974206,0,25.03733333,399.2654283,0,24.8,19,327.461746,0,-5.726349206,16.81911147,26.26777778,0,0
2025-06-22 21:00:00+00:00,416.4526644,0,25,399.0592455,0,24.8,19,330.5093112,0,-6.761380386,16.69643084,26.22589286,0,0
2025-06-22 21:15:00+00:00,415.9245974,0,25,399.0016445,0,24.77666667,19,333.6931111,0,-7.72,16.53333333,32.48200047,0,0
2025-06-22 21:30:00+00:00,415.8590498,0,24.96666667,398.2740741,0,24.7,19,337.1374286,0,-8.635044974,16.49831304,34.78077778,0,0
2025-06-22 21:45:00+00:00,414.875626,0,24.9,397.716622,0,24.7,19,340.7362703,0,-9.457548822,16.45803836,34.00373737,0,0
2025-06-22 22:00:00+00:00,415.8728396,0,24.9,397.0475849,0,24.62571429,19,344.1458645,0,-10.12857143,16.24866071,33.38528694,0,0
2025-06-22 22:15:00+00:00,414.5228138,0,24.9,396.9725512,0,24.6,19,347.5324591,0,-10.65643337,16.11468041,33.3,0,0
2025-06-22 22:30:00+00:00,414.9748148,0,24.86711111,397.0978109,0,24.6,19,351.004373,0,-11.03512963,16.20579259,33.26727273,0,0
2025-06-22 22:45:00+00:00,414.3595906,0,24.8,396.8656048,0,24.6,18.99166667,354.4914815,0,-11.34621083,16.19682621,33.48052836,0,0
2025-06-22 23:00:00+00:00,414.1542339,0,24.8,395.4660256,0,24.53619048,18.9,358.012551,0,-11.5,16.23709184,33.95785714,0,0
2025-06-22 23:15:00+00:00,413.412581,0,24.74,396.0599415,0,24.5,18.80666667,69.18319572,0,-11.5,16.54055304,34.03349206,0,0
2025-06-22 23:30:00+00:00,413.9438672,0,24.7,395.2500096,0,24.5,18.76666667,4.97037518,0,-11.37703704,16.5507696,34.07077922,0,0
2025-06-22 23:45:00+00:00,413.7118022,0,24.7,396,0,24.45714286,18.64166667,7.853061225,0,-11.23469388,16.76326531,34.32357143,0,0
2025-06-23 00:00:00+00:00,413.4133333,0,24.65295238,395.9322737,0,24.4,18.6,11.4352381,0,-10.82761905,17.26952381,34.64819172,0,0
2025-06-23 00:15:00+00:00,413.8763955,0,24.60380952,395.6779387,0,24.4,18.48866667,15.33983405,0,-10.2838634,17.45024242,34.8589138,0,0
2025-06-23 00:30:00+00:00,413.663012,0,24.6,394.4238142,0,24.4,18.4,18.98049423,0,-9.619414099,16.98632913,35.08148148,0,0
2025-06-23 00:45:00+00:00,412.2376759,0,24.6,393.8313518,0,24.38695887,18.31785714,21.69260204,0,-9.036098465,16.91602994,35.57822455,0,0
2025-06-23 01:00:00+00:00,412.4402841,0,24.6,393.0735606,0,24.3,18.16,25.56680423,0,-8.03831746,17.1388254,35.62,0.101295913,0.192462235
2025-06-23 01:15:00+00:00,411.0362763,0,24.6,392.4699213,0,24.3,18.1,28.97895971,0,-7.0494709,17.28539683,35.63591816,0,0
2025-06-23 01:30:00+00:00,411.1649352,0,24.6,392.4168803,0,24.3,18.09444444,32.31526213,0,-5.926925907,17.2941317,35.49393651,0,0
2025-06-23 01:45:00+00:00,410.7831596,0,24.6,391.5440663,0,24.3,18.00603175,35.40149531,0,-4.780473098,17.12448736,35.23636364,0,0
2025-06-23 02:00:00+00:00,410.923684,0,24.556,392.0180183,0,24.3,18,38.43653073,0.028571141,-3.549251119,17.17415747,34.91865549,0,0
2025-06-23 02:15:00+00:00,409.9867787,0,24.52,392.4532164,0,24.3,17.94,41.92209341,0.313452795,-2.045262145,17.1585,33.983,0,0
2025-06-23 02:30:00+00:00,415.0864836,0,24.5,395.2934754,0,24.28741703,17.9,44.63626446,1.28820178,-0.765578489,16.92457243,33.09396211,0,0
2025-06-23 02:45:00+00:00,427.5611501,0,24.54857143,405.2506773,0,24.3,17.9,47.66511905,3.340380382,0.630740741,16.79188889,32.22,0,0
2025-06-23 03:00:00+00:00,425.2644733,95.64625537,24.55990343,407.6295347,100.3512291,24.3,17.84587102,50.80036052,7.321792289,2.291455338,16.5649974,31.40774223,0,0
2025-06-23 03:15:00+00:00,448.9975282,311.9381145,24.34785185,422.1527306,314.93885,24.3,17.47333333,54.11450929,14.26229022,4.180349206,16.12025658,30.62299792,0,0
2025-06-23 03:30:00+00:00,490.0787869,311.6534022,24.17918367,466.3425059,312.5580552,24.22714286,17.29428571,57.05595238,23.23970804,5.934821429,15.93339286,30.18131868,0,0
2025-06-23 03:45:00+00:00,502.1635354,313.9446128,24.01851852,480.1174754,313.7778297,24.11851852,17.0747619,59.862,29.27952997,7.688666667,15.85933333,29.62885714,0,0
2025-06-23 04:00:00+00:00,506.7940476,307.4045827,23.89777584,484.3403704,316.9032147,24.01961742,16.62429822,62.94016667,68.04498367,9.629833333,15.8,29.1969697,0,0
2025-06-23 04:15:00+00:00,508.4811898,289.5809524,23.8,486.9318207,313.7541597,23.92534921,16.51666667,65.90392593,106.9905236,11.6237191,15.74216667,28.83353535,0,0
2025-06-23 04:30:00+00:00,509.69329,270.5519608,23.76761905,487.0892857,302.1724387,23.85952381,16.91,68.92478742,182.9084161,13.6682398,15.959375,28.47525794,0,0
2025-06-23 04:45:00+00:00,510.6015995,248.4098529,23.7552381,488.2072164,282.3739215,23.82022222,17.06666667,71.75804762,214.0884817,15.62617388,16.29224459,28.22777778,0,0
2025-06-23 05:00:00+00:00,514.8094877,229.0687691,23.81238095,494.0316179,274.2171641,23.86276455,17.24071429,74.67284392,214.0268675,17.71891534,16.51074074,27.89481481,0,0
2025-06-23 05:15:00+00:00,521.4687764,220.7754007,23.91202797,532.7142056,259.1496245,23.80374768,17.28589744,77.53594568,174.6238,19.74749021,16.6344867,27.6818254,0,0
2025-06-23 05:30:00+00:00,517.1315536,216.7075486,24.12666667,556.5888901,251.632879,23.92533333,17.52055556,80.33447293,245.3638871,21.75653968,16.88829182,27.5,0,0
2025-06-23 05:45:00+00:00,519.9685634,227.3781165,24.09136364,560.5921848,255.7711358,24.1,17.46343939,83.05020183,194.8885404,23.70418574,17.06846823,27.35161807,0,0
2025-06-23 06:00:00+00:00,533.8717172,240.3289174,24.08928571,558.239292,264.7513574,24.02,17.67142857,86.48843074,365.8237443,26.1621645,17.62078788,27.16992424,0,0
2025-06-23 06:15:00+00:00,559.3783521,243.3839202,24.03214286,547.1875948,261.0451413,23.86029685,17.69880952,89.48890306,396.9970857,28.26288265,18.35673469,27.1,0,0
2025-06-23 06:30:00+00:00,586.8835951,255.4809968,24.21497619,560.9973166,251.1927501,23.97503968,17.44555556,92.16264069,338.9120926,30.1018355,18.71213276,26.95613527,0,0
2025-06-23 06:45:00+00:00,600.3594389,274.9310606,24.145,565.6375661,254.2376231,24.13638095,17.16090909,95.61919048,285.9229122,32.39574074,18.9685,26.85790476,0,0
2025-06-23 07:00:00+00:00,582.7281321,296.1191148,24.29642857,565.8474107,270.1357483,24.08857143,17,98.99404762,289.4144177,34.61428571,18.89761905,26.68060967,0,0
2025-06-23 07:15:00+00:00,578.5269552,315.5453583,24.2375,573.4945637,276.8638171,24.146,16.93469388,102.3145455,259.2587277,36.69492063,18.9,26.58380952,0,0
2025-06-23 07:30:00+00:00,581.5664446,319.6609295,24.23355556,577.8916566,299.6408389,24.31672222,16.99333333,105.5782751,383.8997603,38.63787413,19.51792358,26.48,0,0
2025-06-23 07:45:00+00:00,590.6574545,310.7408521,24.38,585.9832787,330.2137427,24.37928571,17.29333333,109.560409,697.2032941,40.8867316,21.00361221,26.4,0,0
2025-06-23 08:00:00+00:00,581.669237,311.4686598,24.27321429,587.4207137,320.9923604,24.47589286,17.32857143,113.4327411,394.5118049,42.96144841,20.49280458,26.37142857,0,0
2025-06-23 08:15:00+00:00,563.7370315,315.5793158,24.19963492,591.744315,314.250426,24.45837037,17.11833333,117.1158348,307.646971,44.819038,19.70307843,28.80666667,0,0
2025-06-23 08:30:00+00:00,573.2098102,319.169302,24.22262434,588.6516168,318.0565432,24.50309524,16.745,121.632381,405.9808333,46.81392857,20.14909091,35.7037037,0,0
2025-06-23 08:45:00+00:00,584.7577601,327.0412026,24.20148148,584.9107335,324.55486,24.49218855,16.74148148,125.9680669,416.7976098,48.61829578,20.59176557,34.72444444,0,0
2025-06-23 09:00:00+00:00,579.2922164,318.6450219,24.25714286,568.1429828,313.4180911,24.4047619,16.84285714,130.6497619,273.4778019,50.31089286,20.76402597,34.80663265,0,0
2025-06-23 09:15:00+00:00,575.5033333,311.4692593,24.28571429,569.2818183,314.1414823,24.39333333,16.79285714,135.3532407,256.6170419,51.87777778,20.19433825,35.14117005,0,0
2025-06-23 09:30:00+00:00,588.9781468,312.742371,24.26377778,538.1327706,302.1890443,24.24666667,16.70333333,140.3182491,192.8772158,53.33153787,19.59784684,34.96895958,0,0
2025-06-23 09:45:00+00:00,576.49489,302.4511888,24.28588435,529.3735176,309.5334847,24.06785714,16.52627551,146.1456555,150.4476568,54.73540816,18.80438095,34.57857143,0,0
2025-06-23 10:00:00+00:00,588.1672768,313.6962241,24.28492063,534.2120547,316.1268681,24.28666667,16.185,151.5549216,218.9807874,55.83156566,17.85018519,34.25888278,0,0
2025-06-23 10:15:00+00:00,577.2527118,309.542608,24.26611111,547.0849662,320.9725968,24.2313824,16.42,157.5893929,291.9477975,56.78080159,17.72753506,34.04356614,0,0
2025-06-23 10:30:00+00:00,588.0940994,317.0950943,24.31004233,544.1522499,322.2586317,24.39333333,16.67777778,163.670245,405.7144287,57.53292023,18.21123932,34.70242424,0,0
2025-06-23 10:45:00+00:00,600.7731534,314.5688776,24.4027466,543.275018,324.1087273,24.4,17.51918367,169.716249,559.2669964,58.01098356,18.99435924,34.84086538,0,0
2025-06-23 11:00:00+00:00,606.0613889,310.4027575,24.418,552.3032897,306.7233737,24.38,18.04820106,176.0318674,467.4314478,58.26993007,18.81934888,37.66,0,0
2025-06-23 11:15:00+00:00,600.0231481,325.8094444,24.432,570.1337374,328.8223339,24.452,17.63166667,182.5878808,348.9968616,58.34856481,19.18245614,35.79253968,0,0
2025-06-23 11:30:00+00:00,607.5459745,321.3490988,24.3297619,572.0816956,317.6315137,24.38285714,17.36984127,188.7475116,145.2962664,58.12863095,19.16698529,34.9567526,0,0
2025-06-23 11:45:00+00:00,586.4272601,323.203547,24.295,576.4472191,318.1699878,24.35634921,16.61666667,195.1633862,66.25079318,57.70668519,18.00060684,34.96518182,0,0
2025-06-23 12:00:00+00:00,578.1220513,316.0570707,24.33095238,567.5273529,317.7511983,24.3,15.76857143,201.7336667,70.91303601,56.98309524,16.9987619,34.71388889,0,0
2025-06-23 12:15:00+00:00,579.10916,320.2188645,24.19857143,575.6667072,308.9123511,24.27687075,15.27076923,207.5158248,643.856053,56.08234127,15.68491283,34.00175396,0,0
2025-06-23 12:30:00+00:00,580.4069298,317.3578656,24.1675873,566.0431133,310.428822,24.20233862,16.80133333,212.8311643,425.7187641,55.07568302,16.19323302,33.66946698,0,0
2025-06-23 12:45:00+00:00,568.6872515,318.4423856,24.08007407,545.0062264,322.0576752,24.19454545,17.3,218.5993175,414.9359446,53.76138095,16.84958791,35.52521164,0,0
2025-06-23 13:00:00+00:00,560.1537566,321.8477778,24.05777778,524.5825185,322.4223772,24.13047619,17.2647619,223.9533651,245.4338411,52.29083333,17.13316084,35.82285714,0,0
2025-06-23 13:15:00+00:00,549.5002551,329.1877165,24.05119048,508.5286981,314.8962133,23.97136544,17.51663832,228.8292857,255.562365,50.72977041,17.36312874,35.16753247,0,0
2025-06-23 13:30:00+00:00,537.7693571,309.6559344,23.91488889,502.4712917,311.6277127,23.88342857,17.63,232.8761164,226.7497119,49.25046032,17.58759259,34.81155556,0,0
2025-06-23 13:45:00+00:00,528.3457128,285.1176527,23.78477778,502.287402,291.1727062,23.8,17.4,237.5940798,147.5981757,47.37417749,17.18105455,35.22060606,0,0
2025-06-23 14:00:00+00:00,517.2394921,111.7733068,23.9679932,488.6880544,106.5291068,23.8,15.07076923,241.5827273,169.3426227,45.62651515,15.04987339,34.55691615,0,0
2025-06-23 14:15:00+00:00,521.3006972,63.03782181,24.33555556,484.0480689,59.99452409,24.08557143,15.95793651,245.6234286,348.6335962,43.65619048,15.42333333,34.70152381,0,0
2025-06-23 14:30:00+00:00,518.8467888,62.11697438,24.4,484.8538442,60.83772986,24.43333333,17.17606061,249.4804329,365.7533842,41.69202381,16.28591667,34.86616667,0,0
2025-06-23 14:45:00+00:00,514.5793503,62.78227154,24.4,484.1801996,60.62064877,24.4,16.5,253.5649343,170.331448,39.38369841,15.90244957,34.9,0,0
2025-06-23 15:00:00+00:00,514.0881878,62.83014456,24.46862245,481.9197465,60.71370122,24.43571429,17.2952381,256.8082845,246.6176488,37.47759463,15.80785955,34.7885054,0,0
2025-06-23 15:15:00+00:00,507.4561279,62.58596561,24.556,480.2609428,59.76664884,24.50666667,16.59466667,260.4416667,277.5951468,35.22666667,15.97,34.87626984,0,0
2025-06-23 15:30:00+00:00,501.3907407,62.30955045,24.5,476.752264,60.06672304,24.57222222,17.28538095,263.5421685,258.1936515,33.21767677,16.18250712,34.68,0,0
2025-06-23 15:45:00+00:00,495.0068735,63.33221815,24.5,474.2646782,59.87891363,24.55166667,16.534,266.6423148,169.7336796,31.11416667,16.05325926,34.29142857,0,0
2025-06-23 16:00:00+00:00,491.4876388,62.21883565,24.5,470.7171267,60.56866323,24.4097619,16.97545788,269.7704082,19.83938872,29.02142857,15.21142857,34.14506803,0,0
2025-06-23 16:15:00+00:00,488.9302124,61.3662963,24.5,468.1140127,60.06345008,24.3,16.81733333,273.0720413,25.05573398,26.69838889,12.43464672,34.55994231,0,0
2025-06-23 16:30:00+00:00,486.4791189,62.52959073,24.39777778,465.2515309,60.14212332,24.38614286,16.39833333,276.0646496,267.1696229,24.53738462,12.88366551,35.49176068,0,0
2025-06-23 16:45:00+00:00,485.7522027,62.61348485,24.56190476,463.7303471,59.25917881,24.69905291,17.50756614,279.2314273,288.5190566,22.30221693,13.88828571,36.88891414,0,0
2025-06-23 17:00:00+00:00,483.1660414,62.21151536,24.65,463.2842232,62.30552966,24.89714286,16.07278912,282.0760913,192.6415674,20.26103175,14.51674603,38.54522793,0,0
2025-06-23 17:15:00+00:00,481.6952965,62.22840067,24.7,461.8878812,62.33971404,24.99333333,17.60166667,284.8352442,162.8194579,18.27040765,15.04257672,35.28180986,0,0
2025-06-23 17:30:00+00:00,482.0386169,62.05555556,24.7,461.4758211,63.66650032,24.80128205,16.25164835,287.605049,42.06166552,16.31224359,14.74771097,35.35754625,0,0
2025-06-23 17:45:00+00:00,479.2988095,66.09415064,24.6,459.1183761,61.09334936,24.60119048,17.25,290.7822586,103.3674022,14.05753968,14.68833333,35.2,0,0
2025-06-23 18:00:00+00:00,479.1509834,62.47987528,24.6,458.8356651,64.02225952,24.69464286,16.55714286,293.3664399,150.4558731,12.30198413,15.23229308,35.2,0,0
2025-06-23 18:15:00+00:00,479.5125134,63.2157672,24.6,458.9937255,64.27903828,24.7,16.72807937,296.3803968,102.3742085,10.28666667,15.27666667,35.02583333,0,0
2025-06-23 18:30:00+00:00,480.4817502,63.60532209,24.6322449,459.0502747,64.19573631,24.6952381,17.23590136,299.4027828,74.35546607,8.358888889,15.15093333,34.96,0,0
2025-06-23 18:45:00+00:00,480.9752353,61.2752255,24.6,460.1680391,63.05584615,24.60166667,16.26333333,302.6122222,57.23917361,6.323359788,14.97596212,34.87149393,0,0
2025-06-23 19:00:00+00:00,479.9559853,2.520408163,24.6,458.608631,5.053571429,24.69285714,17.40357143,305.5351446,32.47359448,4.571260684,14.49371173,35.12232143,0,0
2025-06-23 19:15:00+00:00,479.3300828,0,24.59387755,458.1547259,0,24.56666667,18.5,308.5198675,16.09213408,2.853387446,14.18565307,35.93805128,0,0
2025-06-23 19:30:00+00:00,479.1222118,0,24.5,456.7619048,0,24.47333333,17.87111111,311.4925079,7.632906526,1.227724868,13.96833333,35.9615,0,0
2025-06-23 19:45:00+00:00,477.4878289,0,24.44107143,456.2955969,0,24.4,16.89107143,314.2098214,3.750284735,-0.147321429,13.82663265,35.91160714,0,0
2025-06-23 20:00:00+00:00,477.7749187,0,24.4,455.2177233,0,24.31333333,16.28,317.5116667,1.378277775,-1.629880952,13.68197407,35.87166667,0,0
2025-06-23 20:15:00+00:00,477.9950132,0,24.4,454.7288921,0,24.276,15.81511905,320.7832804,0.368333764,-3.095905483,13.20349512,36.51663818,0,0
2025-06-23 20:30:00+00:00,476.700148,0,24.4,454.1983734,0,24.2,15.52,323.9046461,0.057289474,-4.395517732,12.89683996,37.10427318,0,0
2025-06-23 20:45:00+00:00,475.5798319,0,24.4,453.6914608,0,24.13406593,15.3,327.3427721,0,-5.696428571,12.85623214,37.10285714,0,0
2025-06-23 21:00:00+00:00,475.5320848,109.7507204,24.25333333,453.9022771,103.1918385,24.08666667,15.03333333,330.1575873,0,-6.658253968,12.80745397,37.1,0,0
2025-06-23 21:15:00+00:00,480.7896646,166.9639425,23.86716667,457.9744866,163.1795201,23.91766667,14.58666667,333.4770101,0,-7.686212121,12.84074074,37.18133333,0,0
2025-06-23 21:30:00+00:00,485.6736612,170.4091864,23.68717687,462.6574906,163.0754484,23.76714286,14.65785714,336.9858418,0,-8.629537982,12.95788961,37.3,0,0
2025-06-23 21:45:00+00:00,489.5455513,168.2591939,23.52666667,466.6011987,160.375779,23.62444444,14.604,340.0766667,0,-9.335555556,12.90076923,37.37866667,0,0
2025-06-23 22:00:00+00:00,491.1678788,263.7520731,23.34609524,468.697284,262.7550505,23.4852381,14.6,344.0062963,0,-10.10740741,13.07988889,37.26,0,0
2025-06-23 22:15:00+00:00,493.7904377,313.6772222,22.86666667,471.5370673,314.4875213,23.23866667,14.6,347.2684259,0,-10.62202381,13.46195128,36.54845238,0,0
2025-06-23 22:30:00+00:00,494.9381746,279.5611453,22.74464286,471.9892613,276.4366005,23.0047619,14.6,350.8353788,0,-11.026443,13.67009998,36.46690476,0,0
2025-06-23 22:45:00+00:00,494.9340044,296.6968081,22.72765079,472.8762193,297.1459812,22.86666667,14.6,354.1503968,0,-11.31457143,13.7221812,36.19187879,0,0
2025-06-23 23:00:00+00:00,494.5255055,315.3375716,22.39111111,472.3122261,317.1934467,22.71761905,14.6,357.9292857,0,-11.5,13.52438889,36.764,0,0
2025-06-23 23:15:00+00:00,494.1360823,313.9479875,22.31538462,472.295292,316.372162,22.59142857,14.57692308,52.86699366,0,-11.5,13.37169202,36.5502551,0,0
2025-06-23 23:30:00+00:00,493.9158095,314.9565179,22.255,472.1514146,319.758692,22.49466667,14.44666667,4.708902116,0,-11.445,13.06136376,36.72666667,0,0
2025-06-23 23:45:00+00:00,493.624403,315.0513365,22.19858614,471.99375,317.840005,22.39668864,14.22666667,7.82036852,0,-11.22773626,12.89981074,36.72463379,0,0
2025-06-24 00:00:00+00:00,494.0853316,286.215116,22.04769231,471.5004494,316.4626511,22.24666667,14.10659341,11.88368254,0,-10.81609524,12.44904762,37.5315,0,0
2025-06-24 00:15:00+00:00,494.8135222,287.0518089,22.12380952,472.1908897,306.9789852,22.175,13.84285714,15.46108766,0,-10.29897959,12.49278827,37.9414966,0,0
2025-06-24 00:30:00+00:00,494.4255026,224.2707977,22.09833333,472.3320883,315.2954947,22.14444444,13.87333333,18.84414001,0,-9.686410256,12.7346735,37.66619048,0,0
2025-06-24 00:45:00+00:00,494.2041394,160.0003944,22.07115079,471.4002718,248.1450393,22.08,14.12055556,22.254,0,-8.94,13.01547222,37.47243771,0,0
2025-06-24 01:00:00+00:00,493.2144152,295.3876134,22.07928571,470.8979479,173.0114853,22.06865079,14.27692308,25.61814214,0,-8.061233766,13.03540584,36.93809524,0,0
2025-06-24 01:15:00+00:00,494.1042696,35.41438806,22.20253968,470.0160744,186.0305001,22.1,14.42793651,28.064,0,-7.34,13.1444,36.77261279,0,0
2025-06-24 01:30:00+00:00,492.2068505,40.13333333,22.38981818,469.5743883,35.53888889,22.17540741,14.49859259,31.69904762,0,-6.17,13.28433333,36.65018519,0,0
2025-06-24 01:45:00+00:00,490.3595827,258.284818,22.11333333,468.7634389,308.3492328,22.18,14.59333333,35.25054233,0,-4.870185185,13.27159259,36.53005291,0,0
2025-06-24 02:00:00+00:00,491.1122449,129.7402494,22.29285714,468.6385281,58.80669553,22.04166667,14.64285714,38.62132833,0.136010101,-3.526825139,13.21021429,36.46061508,5.018935068,6.992615315
2025-06-24 02:15:00+00:00,490.9761555,21.37435897,22.38,469.821142,5.107407407,22.165,14.60555556,41.76766667,0.532532051,-2.143555556,13.284,36.57444444,0.700863492,5.239954617
2025-06-24 02:30:00+00:00,497.1536772,0,22.54666667,481.1324604,0.711688805,22.42764286,14.6,44.91179654,1.563384156,-0.658549303,13.33608249,36.67714286,0,0.397148331
2025-06-24 02:45:00+00:00,508.5023173,0,22.6297619,492.3180643,0,22.50380952,14.6,47.81797619,5.017992854,0.701087999,13.46543205,36.71096939,0,0
2025-06-24 03:00:00+00:00,513.4168888,28.06666667,22.72507937,493.0335326,33.6952381,22.6,14.66666667,50.79294853,10.702962,2.30831746,13.3783771,36.82,0,0
2025-06-24 03:15:00+00:00,501.2213359,73.00088764,22.8,480.8079467,79.92503557,22.6,18.37325397,53.96681385,18.05190619,4.103224627,13.38520147,36.9,0,0
2025-06-24 03:30:00+00:00,494.7890729,60.81746032,22.8,474.1206479,64.07794818,22.6,18.0744898,56.86022959,43.05768837,5.816488095,13.41002806,36.84285714,0,0
2025-06-24 03:45:00+00:00,492.0813889,60.60714286,22.8,471.7430644,64.10340482,22.66571429,17.71,59.47272727,56.32208708,7.431547619,13.64125974,36.55099206,0,0
2025-06-24 04:00:00+00:00,489.25,60.13852814,22.8,468.0858586,63.10582751,22.7,17.60666667,62.78215873,67.38535516,9.537190476,13.87292374,36.2,0,0
2025-06-24 04:15:00+00:00,486.0266949,62.24231602,22.92666667,465.0416835,63.66408293,22.7,17.01,65.92106634,129.5477241,11.60048637,14.02556878,36.28361111,0,0
2025-06-24 04:30:00+00:00,483.8818182,63.03265306,22.9,462.7654704,63.36275279,22.7,17.09845238,68.54492063,81.828817,13.40367063,14.14783099,35.92040816,0,0
2025-06-24 04:45:00+00:00,486.3552031,62.38134298,22.91089947,463.6204848,63.88619608,22.70538721,17.148,71.60821744,159.9388953,15.5258623,14.52095292,35.55888215,0,0
2025-06-24 05:00:00+00:00,490.9703704,62.40622222,23.03185185,468.658526,64.45707139,22.79575758,16.82095238,74.58278139,100.8578735,17.62809968,14.7579228,34.8706229,0,0
2025-06-24 05:15:00+00:00,501.4642863,62.92786899,23.0159798,475.0626548,63.50656439,22.8,16.95333333,77.06266667,82.9255819,19.37500105,14.83583069,35.17092308,0,0
2025-06-24 05:30:00+00:00,499.0413631,61.25515777,23.12857143,500.1860409,63.074672,22.8,17,80.26244331,94.53673888,21.67480311,14.58812658,35.4,0,0
2025-06-24 05:45:00+00:00,507.8338822,61.68201815,23.1075,542.6979475,63.89982152,22.77638889,16.91733333,83.37027177,89.34703683,23.90467725,14.36892063,35.672,0,0.007388167
2025-06-24 06:00:00+00:00,518.7597703,61.92337414,23.17095238,555.8993259,63.06988799,23.08,17.05361111,86.44238937,55.79258549,26.0713254,14.21386869,35.8062931,0,0
2025-06-24 06:15:00+00:00,543.1259158,62.08189033,23.27232143,556.3610783,63.95505466,23.1,16.89285714,89.15130952,57.8483065,27.96117347,13.34209524,36.75992063,0.006883876,0
2025-06-24 06:30:00+00:00,555.6188562,61.92335945,23.34498299,612.2792161,63.10087008,23.09614286,16.96428571,92.56313228,118.1116153,30.3547252,13.57781795,36.25455267,0,0
2025-06-24 06:45:00+00:00,574.7719492,61.27682647,23.49118519,599.7065332,64.25966144,23.17534392,17.105,95.70222415,465.3922262,32.44755772,14.54324363,35.55299441,0,0
2025-06-24 07:00:00+00:00,604.8158606,62.61641319,23.68666667,646.7637112,65.03158883,23.54,17.04177778,99.09890741,231.2501672,34.64803704,15.20318889,35.13460317,0,0
2025-06-24 07:15:00+00:00,644.6456862,62.32510044,23.78913074,683.68546,64.90740593,23.87165751,17.2,102.3766255,355.319861,36.70402549,15.67946429,35.0775,0,0
2025-06-24 07:30:00+00:00,651.5195499,62.72128784,23.89805556,673.5406697,64.79205483,23.97992063,17.02666667,105.9304339,283.7968708,38.84127249,15.88761667,35.172,0,0
2025-06-24 07:45:00+00:00,669.6217719,61.76770934,23.96585859,677.6473971,69.59611111,24.06862471,17.07416667,109.1832282,276.4782388,40.67565871,16.05385839,34.98392593,0,0
2025-06-24 08:00:00+00:00,676.2413976,67.22695915,24.09940476,686.3974244,81.15254401,24.14285714,17.2952381,112.3931973,332.8854073,42.39965986,16.46717687,34.80767268,0,0
2025-06-24 08:15:00+00:00,679.3344177,66.79742056,24.00511111,710.1310114,91.55207977,23.98,17.06920635,116.7832576,336.2961273,44.58777489,17.08599242,34.88510582,0,0
2025-06-24 08:30:00+00:00,666.5205688,74.42206349,24.16101587,692.5696168,91.23759939,24.04907937,16.97111111,121.5397978,399.8740481,46.76131799,16.66471611,34.7383114,0,0
2025-06-24 08:45:00+00:00,664.8165973,93.22402422,24.21722222,663.2311993,100.1773034,24.09333333,17.04666667,125.8753228,393.3479222,48.55025926,16.74981296,35.26954386,0,0
2025-06-24 09:00:00+00:00,674.7583864,107.4195017,24.07346939,701.4527417,101.8257215,24.08506494,17.2375,130.6584489,369.2487031,50.34338152,17.06774376,35.08151927,0,0
2025-06-24 09:15:00+00:00,662.6676323,122.7163119,24.18,702.3619987,113.7149937,24.1,17.15212121,135.2445299,335.4339469,51.82575214,16.98956902,34.87215568,0,0
2025-06-24 09:30:00+00:00,656.5384259,133.1612821,24.15140741,656.5687595,120.9606087,24.1,17.24777778,140.4969302,363.4795035,53.33416667,17.1446572,34.92029509,0,0
2025-06-24 09:45:00+00:00,634.4086646,148.708623,24.1968254,630.7588887,129.7918245,24.08044444,17.45809524,145.8763178,479.0075412,54.64093157,17.40994401,35.39228348,0,0
2025-06-24 10:00:00+00:00,586.3890056,173.1592404,24.29357143,629.2761212,134.3684153,24.05178571,17.22142857,151.6236905,393.2476814,55.80187075,17.38431973,35.08701923,0,0
2025-06-24 10:15:00+00:00,574.2865355,61.70940554,24.30887879,643.1755796,47.2497931,24.13789174,17.20377104,157.3197593,792.6893795,56.74533069,17.60773148,34.96893318,0,0
2025-06-24 10:30:00+00:00,620.2559897,241.2358538,24.10022222,683.4990835,178.5912852,24.20380952,18.01444444,163.657119,339.7313715,57.4952381,17.60952381,35.04759596,0,0
2025-06-24 10:45:00+00:00,619.7633693,220.1129149,24.0531746,645.6143825,172.4910415,24.09183673,17.32857143,169.4041412,284.4548763,57.95751701,17.56843027,34.74668367,0,0
2025-06-24 11:00:00+00:00,624.9771911,216.8477222,23.99688889,639.3774158,178.0855014,24.05792641,17.2,176.0929854,280.1227217,58.27333333,17.36769678,35.09158995,0,0
2025-06-24 11:15:00+00:00,621.7829876,230.9412596,24.09235354,629.6394687,177.469329,23.95480159,17.13333333,182.3867397,237.7038647,58.3,17.39079626,34.70840351,0,0
2025-06-24 11:30:00+00:00,601.6212002,229.8227106,23.92040816,640.4835203,170.0449389,23.91194444,17.06428571,189.3580657,243.8831407,58.0847619,17.566,34.84331197,0,0
2025-06-24 11:45:00+00:00,599.2791025,224.5505752,23.9349359,654.0683758,159.5006799,23.95832019,17.01582418,195.4806903,195.8963938,57.66722944,17.08789194,34.94490842,0,0
2025-06-24 12:00:00+00:00,585.0056986,222.9124343,23.91,636.6980181,157.8282479,23.89238095,16.48977778,201.163165,188.5098371,57.0412672,16.27294935,35.02962963,0,0
2025-06-24 12:15:00+00:00,594.2326229,208.7747543,23.9725,598.7234777,143.3426363,23.87888889,16.06777778,207.5464118,307.1029457,56.07684127,16.12322413,34.93883862,0,0
2025-06-24 12:30:00+00:00,597.328378,206.6182115,23.97142857,592.4878585,136.4963145,23.88214286,16.27244898,213.0777778,363.7654403,55.01536797,16.80987179,34.9850907,0,0
2025-06-24 12:45:00+00:00,585.7112648,201.6950758,23.89900529,593.3743514,132.422207,24,17.36659259,217.9049293,278.1209658,53.89947571,17.03038384,34.97383838,0,0
2025-06-24 13:00:00+00:00,573.852656,194.8237444,23.94666667,588.8189854,131.3019012,24.02666667,17.065,223.7519603,472.0414709,52.3282328,17.5886119,34.98065608,0,0
2025-06-24 13:15:00+00:00,568.2574543,183.1462898,23.86825397,579.0686601,135.3045313,24.06019841,17.52333333,228.8096905,343.9251068,50.72480952,17.8182381,35.0647619,0,0
2025-06-24 13:30:00+00:00,560.4780591,171.0074394,23.88714286,571.8712323,130.8835683,23.97142857,17.17559524,233.2330442,330.401765,49.11039966,18.18251469,35.26380952,0,0
2025-06-24 13:45:00+00:00,538.736069,169.5726332,24.009,542.4775089,126.6287671,23.86518519,17.48,237.6075556,246.512985,47.35492593,18.01441481,35.29416667,0,0
2025-06-24 14:00:00+00:00,526.953804,79.00517561,23.92833333,525.8549585,82.35374612,23.8,16.99466667,241.7552381,352.2632137,45.50952381,18.00666667,35.20148148,0,0
2025-06-24 14:15:00+00:00,537.0051852,62.24865079,24.11055556,527.7597262,61.4162949,23.8,16.03571429,245.7840608,144.5531197,43.56066931,17.3169247,35.27234848,0,0
2025-06-24 14:30:00+00:00,556.8094877,63.38727658,24.14545455,535.3094595,61.34110188,23.8,15.8,249.8108751,66.72811343,41.46217687,16.79642857,35.37618738,0,0
2025-06-24 14:45:00+00:00,555.9665819,62.06936567,24.2,525.145566,61.71421157,23.78,17.21388889,253.4056349,104.2180138,39.44959596,16.58885714,35.4312963,0,0
2025-06-24 15:00:00+00:00,555.3104699,60.26305556,24.174,515.5569809,61.52964406,23.7,16.81866667,256.866,113.536721,37.41185185,16.07821376,35.31846154,0,0
2025-06-24 15:15:00+00:00,548.8863366,62.7485348,24.10102041,510.7348192,61.98346516,23.7,16.8287415,260.3987124,161.441644,35.22507937,15.51141002,35.3,0,0
2025-06-24 15:30:00+00:00,542.7899126,60.28069394,24.05805556,504.2981728,62.27047983,23.7,17.1782381,263.4295714,93.7812812,33.27404762,15.3772381,35.24666667,0,0
2025-06-24 15:45:00+00:00,531.7303573,61.88081426,24.04933333,499.8732489,62.44538384,23.7,16.62,266.7296862,90.9582654,31.05705628,15.51203102,35.24666667,0,0
2025-06-24 16:00:00+00:00,523.2881109,60.23213144,24.09333333,495.165471,59.71428124,23.7,17.35,270.1301417,79.13306156,28.73344638,15.53267681,34.8386734,0,0
2025-06-24 16:15:00+00:00,511.1030558,60.48101687,23.99160714,490.4817909,61.51307554,23.62232143,16.62285714,272.7845238,63.65219526,26.85833333,14.96428571,34.79966537,0,0
2025-06-24 16:30:00+00:00,501.8044509,61.85355589,23.93555556,484.960814,62.01513923,23.6,17.03616667,276.03017,45.75244899,24.56426768,14.27787879,35.74,0,0
2025-06-24 16:45:00+00:00,496.2618743,61.32999856,23.9,480.9681317,61.33691955,23.57519414,16.96941558,278.7248319,28.59707135,22.63571078,13.8934736,35.84,0,0
2025-06-24 17:00:00+00:00,491.1992676,61.16737481,23.83238095,477.2840571,61.90080417,23.5,16.93809524,281.9211825,30.6613912,20.32485714,14.09078718,35.91333333,0,0
2025-06-24 17:15:00+00:00,487.7721088,61.36257038,23.8,474.9865306,62.21401209,23.5,16.61142857,284.7968197,37.78966633,18.31870748,14.16806838,35.94803571,0,0
2025-06-24 17:30:00+00:00,483.3516835,61.28333333,23.72,473.1686676,62.62592593,23.42,16.37019048,287.8316988,24.95348879,16.08711389,13.94859524,35.89186897,0,0
2025-06-24 17:45:00+00:00,482.0367377,61.93886186,23.7,469.956044,61.07927978,23.35634921,16.85085193,290.6368834,14.89206654,14.13739316,13.94965812,36.08019231,0,0
2025-06-24 18:00:00+00:00,479.2500834,60.82340398,23.60769231,468.0006892,61.40928571,23.3,16.8200641,293.630636,17.26451437,12.11609153,13.81679035,36.19365079,0,0
2025-06-24 18:15:00+00:00,476.7060741,62.15234729,23.6,465.9954165,60.4709395,23.3,16.39391941,295.9034235,15.81193711,10.56588345,13.8,36.2,0,0
2025-06-24 18:30:00+00:00,475.2658333,61.37546657,23.55333333,464.0587179,60.32684293,23.23277778,17.21466667,299.5429765,5.709560033,8.240314648,13.91843162,36.17263736,0,0
2025-06-24 18:45:00+00:00,475.4117056,61.26974746,23.5,463.0180656,60.67233707,23.2,15.70160847,302.2430446,4.953513346,6.508309929,13.78560493,35.90577778,0,0
2025-06-24 19:00:00+00:00,474.1865746,7.625,23.5,462.8709172,7.261904762,23.2,17.93061224,305.4704102,3.560746924,4.576428571,13.50178571,36.72655462,0,0
2025-06-24 19:15:00+00:00,473.0350716,0,23.4325,462.1907312,0,23.16666667,17.53333333,307.619963,4.003636364,3.326136364,13.42537885,36.93333333,0,0
2025-06-24 19:30:00+00:00,472.847619,0,23.4,461,0,23.1,17.40666667,311.4115372,2.347756635,1.270666667,13.40055556,36.98917379,0,0
2025-06-24 19:45:00+00:00,472.4799253,0,23.4,460.3798693,0,23.1,17.33833333,314.6341799,0.761983887,-0.293989418,13.43609524,36.56083333,0,0
2025-06-24 20:00:00+00:00,471.560233,0,23.4,459.9735759,0,23.1,17.18095238,317.4589824,0.23478261,-1.636251288,13.63829583,36.44470173,0,0
2025-06-24 20:15:00+00:00,471.5100272,0,23.4,459.3873531,0,23.03333333,16.95625589,320.4470643,0.019620614,-2.985861472,13.85465801,36.3,0,0
2025-06-24 20:30:00+00:00,469.4259804,0,23.36533333,457.1863598,0,23,16.66488095,324.1186111,0,-4.512047952,13.91866667,36.3,0,0
2025-06-24 20:45:00+00:00,469.5753968,0,23.3,457.3542839,0,23,16.52142857,327.2435714,0,-5.673384354,13.8945068,36.3,0,0
2025-06-24 21:00:00+00:00,468.6484595,0,23.3,456.1484889,0,23,16.39031746,330.3619078,0,-6.754136974,13.99346673,36.3,0,0
2025-06-24 21:15:00+00:00,467.9195899,0,23.3,456.9295152,0,23,16.22142857,333.8596667,0,-7.820666667,14.1062963,36.28539683,0,0
2025-06-24 21:30:00+00:00,466.4574951,0,23.3,455.5965148,0,23,16.07333333,337.1746667,0,-8.693904762,14.18666667,36,0,0
2025-06-24 21:45:00+00:00,467.1435924,0,23.23571429,454.9655722,0,22.9,16,340.5582973,0,-9.476705834,14.3,36.03571429,0,0
2025-06-24 22:00:00+00:00,466.8314032,0,23.2,454.229798,0,22.9,15.94,343.8194173,0,-10.12828571,14.32836055,36.038,0,0
2025-06-24 22:15:00+00:00,463.9017725,0,23.2,452.5674515,0,22.9,15.8,347.4994096,0,-10.68015873,14.41591111,35.92666667,0,0
2025-06-24 22:30:00+00:00,463.6430228,0,23.2,451.4954022,0,22.9,15.8,351.008798,0,-11.11846737,14.37536508,35.31690476,0,0
2025-06-24 22:45:00+00:00,462.6235597,0,23.2,450.8263672,0,22.9,15.7202381,354.3572031,0,-11.38015873,14.40208929,35.25320346,0,0
2025-06-24 23:00:00+00:00,462.6467452,0,23.19166667,450.2956912,0,22.85467593,15.64864469,357.5233516,0,-11.53746405,14.412,35.2402963,0,0
2025-06-24 23:15:00+00:00,461.7842593,0,23.10222222,449.377874,0,22.8,15.6,102.7565146,0,-11.57566667,14.48703963,35.1,0,0
2025-06-24 23:30:00+00:00,460.8296469,0,23.1,448.401902,0,22.8,15.6,4.625207848,0,-11.43461538,14.56264172,35.1,0,0
2025-06-24 23:45:00+00:00,460.6341459,0,23.1,447.4776199,0,22.8,15.6,8.218540793,0,-11.17939394,14.39697436,35.26,0,0
2025-06-25 00:00:00+00:00,459.916034,0,23.1,446.8917044,0,22.8,15.6,11.47,0,-10.85918519,14.20321667,35.57514286,0,0
2025-06-25 00:15:00+00:00,458.9305556,0,23.1,445.9736871,0,22.8,15.6,15.36350289,0,-10.32895382,14.26667172,35.6,0,0
2025-06-25 00:30:00+00:00,458.5028711,0,23.1,444.8837535,0,22.8,15.6,18.76137755,0,-9.690031179,14.21886029,35.55,0,0
2025-06-25 00:45:00+00:00,457.801844,0,23.1,445.3253055,0,22.8,15.6,22.11137446,0,-8.977840308,14.32594139,35.52,0,0
2025-06-25 01:00:00+00:00,457.4829454,0,23.1,444.3934423,0,22.8,15.6,25.50111111,0,-8.110705497,14.48855556,35.56213694,0,0
2025-06-25 01:15:00+00:00,456.2035113,0,23.1,443.6418752,0,22.752,15.6,28.26940865,0,-7.256805361,14.81566667,35.51174359,0,0
2025-06-25 01:30:00+00:00,455.1861074,0,23.08571429,442.9296949,0,22.74857143,15.50714286,32.14964105,0,-6.032619048,14.52506258,35.7,0,0
2025-06-25 01:45:00+00:00,454.3289511,0,23,442.5268855,0,22.7,15.5,35.3617963,0,-4.845407407,14.41192766,35.73092593,0,0
2025-06-25 02:00:00+00:00,454.5475498,0,23,442.0101701,0,22.7,15.5,38.60223401,0.12099537,-3.516548822,14.44766667,35.73818182,1.559629546,2.318977662
2025-06-25 02:15:00+00:00,454.8840431,0,23,444.2037502,0,22.7,15.5,41.72921347,0.471062841,-2.166,14.60500253,35.75202778,0,0
2025-06-25 02:30:00+00:00,458.7325009,0,23.07011338,462.2999409,0,22.76428571,15.5,44.91620491,1.105733802,-0.674151721,14.5,35.77463925,0,0
2025-06-25 02:45:00+00:00,470.6528964,0,23.08666667,469.5373449,0,22.8,15.38444444,47.80326007,2.750725926,0.730899267,14.24825641,35.8,0,0
2025-06-25 03:00:00+00:00,474.1790614,16.9119928,23.12142857,465.2514737,22.77586198,22.8,15.34047619,50.79956281,4.161517094,2.26644807,14.24973333,35.79525641,0,0
2025-06-25 03:15:00+00:00,466.7344125,63.06653457,23.2,457.0275747,64.1847657,22.8,18.10357143,53.98760771,6.15137381,4.067928005,14.40790559,35.65833333,0,0
2025-06-25 03:30:00+00:00,467.5266856,63.35160382,23.1,456.7804509,64.14430657,22.8,16.75904762,56.92475794,10.24465261,5.807087912,14.46004167,35.88274074,0,0
2025-06-25 03:45:00+00:00,470.3886648,63.99809628,23.1,456.9414005,62.94721652,22.8,17.41333333,59.79641174,14.56279956,7.604804625,14.67866667,35.09306055,0,0
2025-06-25 04:00:00+00:00,471.7084532,63.68096794,23.06,457.913112,63.0803672,22.8,16.89849206,63.01359933,9.433850106,9.634111111,14.10730525,35.96694444,0,0
2025-06-25 04:15:00+00:00,472.2127041,63.3650085,23,459.0905374,63.20544096,22.8,16.675,65.76577316,16.5956649,11.47662546,13.79014129,35.811415,0,0
2025-06-25 04:30:00+00:00,472.0075927,62.73347884,23,460.1064781,63.12002377,22.8,17.025,68.72238624,28.33043045,13.47699471,13.89087196,35.74111111,0,0
2025-06-25 04:45:00+00:00,471.9475175,63.06818681,23,459.249941,62.98518338,22.8,17.2,71.67066667,41.71832286,15.5333189,13.84204579,36.32423761,0,0
2025-06-25 05:00:00+00:00,472.5881441,63.30896396,23.0562963,460.0745081,64.10770184,22.76647619,17.12,74.52261336,44.89157558,17.5325812,13.92394716,36.36016317,0,0
2025-06-25 05:15:00+00:00,474.4944728,62.13452381,23.14285714,464.022749,62.54143214,22.7255102,17.02285714,77.37460317,59.32753221,19.59594388,13.69990363,36.58468603,0,0
2025-06-25 05:30:00+00:00,478.6743521,63.81693279,23.152,470.5658533,63.74050987,22.69263757,16.99888889,80.29954416,75.25392213,21.66981481,13.49925926,36.5225641,0,0
2025-06-25 05:45:00+00:00,484.0054952,62.24099296,23.06307937,481.5519265,63.38514641,22.83805556,17.09857143,83.31215079,134.4099214,23.82310317,13.85707893,36.135,0,0
2025-06-25 06:00:00+00:00,493.5308549,63.24450853,23.14821429,492.9675591,62.91697154,22.94857143,17.12857143,86.1331919,124.2439147,25.82926677,14.39046393,35.51519153,0,0
2025-06-25 06:15:00+00:00,519.6435197,62.89975173,23.25948718,512.5372839,64.30597728,22.97244444,16.91266667,89.17982684,166.1040106,27.95961905,14.60228571,35.39354545,0.000927536,0
2025-06-25 06:30:00+00:00,536.2222873,62.91038869,23.445,518.2380351,63.97632812,23,16.9,92.57408862,282.4380322,30.29747721,14.98826323,34.69366342,0,0
2025-06-25 06:45:00+00:00,572.0862833,63.39977326,23.37,555.9041831,63.62607697,23.13433333,17.07722222,95.84932468,205.0554938,32.51066667,15.44697143,34.99282051,0,0
2025-06-25 07:00:00+00:00,586.6823031,62.63335953,23.61064626,575.6413402,63.46406957,23.2894898,17.21428571,98.96286848,523.0633369,34.55567177,15.51664811,34.92219388,0,0
2025-06-25 07:15:00+00:00,606.1016734,62.40184419,23.59555556,596.1940516,62.77217172,23.35,16.96552381,102.3853492,259.6402618,36.6817619,15.70969475,35.16,0,0
2025-06-25 07:30:00+00:00,593.4542566,62.76676788,23.72,605.1281586,62.92773498,23.43811111,17.10695971,105.8073704,394.4440807,38.76055556,15.98628349,34.78814815,0,0
2025-06-25 07:45:00+00:00,598.3306913,63.44481685,23.80777778,606.0530485,63.2389729,23.54219048,16.92571429,109.7206917,366.3217258,40.96030423,16.14895206,34.79584512,0,0
2025-06-25 08:00:00+00:00,599.5608807,62.85331633,23.73461538,615.4347004,63.82698223,23.55493197,16.9,113.3977041,336.6541326,42.89895692,16.17749433,35.14387626,0,0
2025-06-25 08:15:00+00:00,604.990422,62.8007869,23.80514286,599.2894526,63.42167325,23.6,16.89484127,116.3583956,308.9271106,44.35623545,15.80413757,35.06937374,0,0
2025-06-25 08:30:00+00:00,615.3729076,63.05505328,23.91369048,623.8402892,63.91731557,23.48666667,17.15384615,121.6196667,312.9180452,46.78033333,16.20536667,34.95638889,0,0
2025-06-25 08:45:00+00:00,613.6156903,63.63201917,24.00242347,611.5939937,64.20689223,23.68758503,17.04196429,125.9211565,336.9340251,48.55873299,16.15732143,35.09220779,0,0
2025-06-25 09:00:00+00:00,619.1465003,64.62055556,23.975,611.4842838,64.07762654,23.64577778,16.99650794,130.3217701,546.5067889,50.18784127,16.2541847,34.98727273,0,0
2025-06-25 09:15:00+00:00,625.4502357,70.09710551,24.01733333,622.9787338,63.85791666,23.71047619,17.34,134.9161759,649.3746547,51.71722222,17.08675926,35.09588652,0,0
2025-06-25 09:30:00+00:00,622.6082828,72.18176768,24.10133333,601.2938047,60.86700337,23.76,17.18733333,140.545873,340.3173602,53.32928571,16.66307619,35.01561632,0,0
2025-06-25 09:45:00+00:00,628.0157759,77.88217866,24.11577381,596.5909041,59.33486175,23.66602891,17.15714286,145.8830952,311.5481082,54.61464286,16.77914286,34.93762755,0,0
2025-06-25 10:00:00+00:00,617.727884,87.8800499,24.076,581.6696715,60.33688419,23.669,17.08,150.4567273,238.5731344,55.57122222,16.71454545,34.87854798,0,0
2025-06-25 10:15:00+00:00,605.2893519,95.7007696,24.108,576.5607143,60.43198413,23.72,16.86666667,157.3335688,761.756222,56.69697403,16.67006061,35.08154762,0,0
2025-06-25 10:30:00+00:00,615.0448249,101.3635409,24.02833333,580.4677093,61.00152144,23.8,17.167,163.6627196,327.2553032,57.48092593,17.07768519,34.98727994,0,0
2025-06-25 10:45:00+00:00,606.666932,104.822479,24.05238095,580.667463,59.53188493,23.77244898,17.23571429,169.4878015,597.6874759,57.94724541,17.03896671,34.92468835,0,0
2025-06-25 11:00:00+00:00,616.2964014,105.4266286,24.04203704,579.6945435,61.32928081,23.69958586,17.1297619,174.6968416,937.5986205,58.22944322,17.4202193,35.06670179,0,0
2025-06-25 11:15:00+00:00,610.685373,118.2850395,24.12673208,565.4441527,61.2934477,23.8,17.29841077,182.2264317,830.999547,58.3,17.80739173,35.17061151,0,0
2025-06-25 11:30:00+00:00,594.649191,116.1180872,23.98322511,565.4656019,59.76919495,23.7978022,17.37285714,185.7222817,509.42572,58.27178571,17.22116968,34.81945363,0,0
2025-06-25 11:45:00+00:00,592.0919697,118.8354548,24.04285714,562.1751556,61.33506716,23.8,17.24148148,195.1585041,481.7574246,57.67939394,17.6630303,34.99597884,0,0
2025-06-25 12:00:00+00:00,579.8789226,120.6305413,24.03698413,552.8736045,61.31360978,23.8,17.2,201.526754,231.3597763,56.96835979,17.14542857,35.0420202,0,0
2025-06-25 12:15:00+00:00,580.3111597,124.9753175,23.975,553.4960968,60.67223119,23.80984127,17.06044444,206.9608653,669.8006921,56.12442424,17.42936364,34.96402453,0,0
2025-06-25 12:30:00+00:00,590.6726732,126.2180545,24.04897959,555.1987717,61.82827397,23.87142857,17.24353742,212.9031859,881.395696,55.03270692,18.14875992,34.79535714,0,0
2025-06-25 12:45:00+00:00,587.5173741,124.6409841,23.94045455,560.8617902,61.42124777,23.74333333,17.59333333,218.3168086,828.125285,53.76298535,18.47115873,35.08606838,0,0
2025-06-25 13:00:00+00:00,581.6422982,127.0020662,24.10002706,552.3674594,61.61427079,23.88984127,17.14404762,223.8410758,468.8134793,52.24998317,18.14364815,34.96666667,0,0
2025-06-25 13:15:00+00:00,556.236378,131.8691679,24.08533333,543.7843522,61.46066277,23.99905556,17.049,228.6155,636.7292177,50.75272222,17.95918069,34.98,0,0
2025-06-25 13:30:00+00:00,538.5051117,139.430814,24.04136905,538.3693009,64.36005374,24.05714286,17.13571429,233.2415842,630.5499113,49.11255411,18.31835601,35.09569555,0,0
2025-06-25 13:45:00+00:00,528.2554762,146.872889,24.08666667,528.1613348,73.80035342,24.07664935,17.158,237.1596609,576.896292,47.50544733,18.06642063,34.8461039,0,0
2025-06-25 14:00:00+00:00,525.617451,88.42354809,24.06666667,518.0463255,65.81395728,24.14019048,16.22314815,241.6298223,610.3728632,45.54197619,18.22178684,34.93416667,0,0
2025-06-25 14:15:00+00:00,518.4664129,63.39571117,24.04666667,524.6863825,61.79643736,24.24333333,15.49730159,245.8971795,638.259314,43.46807692,18.44476923,34.86248148,0,0
2025-06-25 14:30:00+00:00,519.1669811,64.99338697,24.12857143,521.5005419,63.5773522,24.46877551,17.70515873,249.6722944,354.114173,41.53085034,18.58534993,34.70779221,0,0
2025-06-25 14:45:00+00:00,514.8198785,63.24285554,24.18944444,507.9687707,62.49767472,24.53428571,16.75638889,253.3154218,558.9033876,39.47038828,18.88813774,34.96300855,0,0
2025-06-25 15:00:00+00:00,516.3331313,63.41537037,24.24,501.04,62.27444444,24.70666667,17.36611111,256.9347222,576.8031904,37.3206746,18.78471429,35.21407407,0,0
2025-06-25 15:15:00+00:00,513.2805202,64.73656721,24.425,497.8253663,63.95310885,24.91624681,16.99333333,260.1471063,559.5955491,35.33167388,19.09114612,35.02536422,0,0
2025-06-25 15:30:00+00:00,507.4584283,64.03756614,24.45535714,496.3237892,61.98725362,25.23992593,17.27142857,263.0533333,506.7496386,33.48666667,19.11240741,35.02237179,0,0
2025-06-25 15:45:00+00:00,503.5186062,64.25817807,24.53022222,495.4661504,62.03215376,25.42616667,16.83666667,266.4485426,473.1748038,31.22715729,19.31202381,35.30666667,0,0
2025-06-25 16:00:00+00:00,502.4013851,62.88163781,24.6,493.1750361,62.59988456,25.6,16.70355556,269.7548889,450.2992869,28.94044444,19.31892857,34.71002849,0,0
2025-06-25 16:15:00+00:00,499.6419524,63.86203604,24.62857143,491.9810499,61.95654594,25.6952381,16.50989011,273.0029576,404.2209163,26.68356102,19.51859103,34.6,0,0
2025-06-25 16:30:00+00:00,498.4638422,64.66134893,24.7,490.7985126,63.41186791,25.77671212,16.88019048,275.21514,377.1775375,25.11700899,19.53876371,34.60583333,0,0
2025-06-25 16:45:00+00:00,494.4509804,64.32250712,24.7,486.9126437,62.09255732,25.8,16.83333333,278.987037,313.1865993,22.39694444,19.42391667,34.69933333,0,0
2025-06-25 17:00:00+00:00,489.8815686,63.41805047,24.71333333,482.8553156,62.26745034,25.8,16.8684127,281.6530976,299.7490048,20.48907407,19.29705556,34.75296296,0,0
2025-06-25 17:15:00+00:00,486.2851149,63.58923785,24.8,478.0525174,62.66334646,25.85,16.88571429,284.6782967,264.4107854,18.34171703,19.18733384,34.79801039,0,0
2025-06-25 17:30:00+00:00,482.1326559,64.2983863,24.8,473.8573611,62.38758302,25.9,17.16440476,287.6712792,231.114223,16.20969697,19.0701426,35.29595442,0,0
2025-06-25 17:45:00+00:00,478.7323782,63.86902289,24.8,470.6622366,62.55816048,25.9,17.03037037,290.6977548,200.9836803,14.11003968,19.13698604,35.27333333,0,0
2025-06-25 18:00:00+00:00,476.5803001,64.40529101,24.86,468.6059784,61.78241677,25.81333333,16.99333333,293.5031667,171.4412068,12.16355556,19.23892981,35.2025,0,0
2025-06-25 18:15:00+00:00,474.5641284,63.86355311,24.9,467.4527961,61.95546114,25.75420635,16.80750916,295.9398397,145.5473089,10.53308338,19.23857631,35.19310027,0,0
2025-06-25 18:30:00+00:00,475.0526626,63.48929589,24.9,465.2367835,62.89965329,25.59047619,16.7,299.1446786,111.6863857,8.438351852,19.01346349,35.02428788,0,0
2025-06-25 18:45:00+00:00,473.0260606,63.29562092,24.9,464.963284,62.90259259,25.42321429,17.12963435,302.4053757,79.74031764,6.406878307,18.73313743,34.70142857,0,0
2025-06-25 19:00:00+00:00,473.919822,14.08388829,24.82181818,462.9843146,15.18367347,25.46326531,16.94909091,304.8115681,57.83151524,4.964984539,18.53066352,34.88504027,0,0
2025-06-25 19:15:00+00:00,471.7753762,0,24.8,461.9579513,0,25.36166667,17.02444444,308.357381,30.84697192,2.938902116,17.7617,35.2,0,0
2025-06-25 19:30:00+00:00,470.5414719,0,24.79555556,462.1926496,0,25.0407619,17.12142857,311.4415344,14.52607901,1.232380952,17.34111111,35.2,0,0
2025-06-25 19:45:00+00:00,470,0,24.7,461.6301388,0,24.82928571,17.2,314.5075565,5.613096325,-0.259351852,16.8562963,35.2,0,0
2025-06-25 20:00:00+00:00,470.6620605,0,24.63492063,460.1074616,0,24.7594898,17.25,317.2394841,2.318555138,-1.561880282,16.60392857,35.28571429,0,0
2025-06-25 20:15:00+00:00,468.4138439,0,24.6,460.209324,0,24.69583333,17.38666667,320.3628898,0.641931967,-2.996711867,16.44219966,35.3,0,0
2025-06-25 20:30:00+00:00,467.2854532,0,24.54925926,458.6393213,0,24.6,17.58,323.6420635,0.137910534,-4.352777778,16.32296296,35.3,0,0
2025-06-25 20:45:00+00:00,467.9024786,0,24.5,457.5840844,0,24.53506494,17.76428571,327.2484892,0,-5.691739316,15.91768454,35.39722222,0,0
2025-06-25 21:00:00+00:00,466.6268707,0,24.41428571,457.4702982,0,24.47757937,17.9,330.1905612,0,-6.731887755,15.39371032,35.4,0,0
2025-06-25 21:15:00+00:00,465.2655449,0,24.4,457.3061651,0,24.4,18.06533333,333.3204233,0,-7.688809524,15.04766111,35.40148148,0,0
2025-06-25 21:30:00+00:00,465.2419519,0,24.33428571,456.8991586,0,24.30866667,18.1,337.0978095,0,-8.711,14.99172222,35.27366667,0,0
2025-06-25 21:45:00+00:00,464.8754605,0,24.28554497,455.1227586,0,24.24,18.1,339.9072616,0,-9.385545889,14.78550981,35.1,0,0
2025-06-25 22:00:00+00:00,463.0526509,0,24.20571429,454.1122353,0,24.19676871,18.1,343.8808766,0,-10.16470588,14.53714286,35.31651727,0,0
2025-06-25 22:15:00+00:00,463.2499445,0,24.12666667,453.2523847,0,24.1,18.1,347.4916058,0,-10.71980159,14.34978246,35.45266667,0,0
2025-06-25 22:30:00+00:00,462.3155291,200.0116402,23.91955556,453.3329768,196.4963607,24.03777778,17.25738095,350.7657879,0,-11.14026768,14.14455556,35.5893007,0,0
2025-06-25 22:45:00+00:00,477.2559581,315.7082156,23.4437037,465.7978581,314.3365724,23.8192381,15.24,354.3789683,0,-11.41714286,13.78443175,36.25059259,0,0
2025-06-25 23:00:00+00:00,486.46709,315.5642599,23.10909091,476.5770526,317.0631176,23.6202048,15.19083694,357.839664,0,-11.56166667,13.7681366,36.33987734,0,0
2025-06-25 23:15:00+00:00,491.3167379,314.5135313,22.78833333,481.2202534,313.5108187,23.36238095,14.99333333,70.30916667,0,-11.6,13.56114815,36.59619048,0,0
2025-06-25 23:30:00+00:00,492.1923355,314.9696608,22.59897128,482.280384,311.8402804,23.22157407,14.9,4.108379269,0,-11.52551581,13.46666667,36.36024242,0,0
2025-06-25 23:45:00+00:00,493.605584,290.9436508,22.42487013,482.4222406,291.7258549,23.00213893,14.87142857,8.249997522,0,-11.26330564,13.38596906,36.30555556,0,0
2025-06-26 00:00:00+00:00,492.9052451,169.8067183,22.67719577,481.5154659,156.8050522,22.954,14.8,11.64545503,0,-10.88143651,13.4453463,36.49015873,0,0
2025-06-26 00:15:00+00:00,493.9425869,316.3083846,22.43918711,483.7192924,316.530273,22.9236569,14.69,14.73470987,0,-10.46011855,13.2927902,36.77411765,0,0
2025-06-26 00:30:00+00:00,494.3003169,318.7333333,22.22,483.8013468,316.3888378,22.69166667,14.49333333,18.52029101,0,-9.8,13.03962963,37.05142857,0,0
2025-06-26 00:45:00+00:00,494.9564306,263.9103133,22.07333333,483.0745131,320.909163,22.54761905,14.4,21.88005952,0,-9.022321429,12.96517857,37.20080586,0,0
2025-06-26 01:00:00+00:00,495.6632799,254.2101587,22.19107143,483.4369697,312.2017012,22.50666667,14.28571429,25.25203704,0,-8.224074074,12.836,37,0,0
2025-06-26 01:15:00+00:00,496.4676347,177.0364713,22.12857143,485.205224,315.0891768,22.4,14.03154762,28.16070491,0,-7.360420635,12.62666667,37.26705193,0,0
2025-06-26 01:30:00+00:00,496.5115219,199.0414815,22.08833333,485.8954335,313.9617702,22.336,13.97925926,32.09055556,0,-6.101505051,12.52660606,37.36444444,0,0
2025-06-26 01:45:00+00:00,497.8942546,181.3135165,22.06266667,486.1785258,318.7304265,22.24992593,13.80133333,35.48365079,0.056666667,-4.834761905,12.57015873,37.46166667,0,0
2025-06-26 02:00:00+00:00,496.9385723,239.1606636,22.02813341,484.8612139,313.9333661,22.15859498,13.84769231,38.37473717,0.372009463,-3.676496599,12.56734127,37.17500928,7.9881982,6.604965107
2025-06-26 02:15:00+00:00,497.9306554,144.4913539,21.89828571,485.60682,308.9654423,21.99925926,13.72857143,41.73459259,1.461307206,-2.222555556,12.56859259,37.49962963,9.424819806,5.891397498
2025-06-26 02:30:00+00:00,499.336398,12,22.10296296,491.6845033,62.58039216,22.05333333,13.88842593,44.18303846,3.635762482,-1.055555556,13.13834858,36.8674678,7.646486617,5.022256299
2025-06-26 02:45:00+00:00,506.9960304,0,22.4,500.7984201,0,22.24666667,13.96666667,47.80824387,11.69639478,0.657528139,13.6355,36.55748922,1.113736752,1.52855865
2025-06-26 03:00:00+00:00,511.2935786,3.230357143,22.48690476,499.3571396,3.832298137,22.33571429,14.05714286,50.68650794,24.29166503,2.157615546,13.9297619,36.185,0,0
2025-06-26 03:15:00+00:00,502.6742951,59.08378917,22.57466667,490.4032641,62.75072567,22.45166667,17.87404762,54.04233618,44.83001507,4.057899878,13.56518559,36.20444444,0.001250305,0
2025-06-26 03:30:00+00:00,499.666736,63.59206349,22.68,487.2938368,63.63426502,22.5,20.468,56.98474074,67.33431359,5.805968254,13.71912169,36.15333333,0,0
2025-06-26 03:45:00+00:00,497.2604785,64.23412698,22.76666667,483.9525157,64.35617588,22.55333333,18.52,59.94881481,91.37624327,7.650579125,14.19333333,36.05705258,0,0
2025-06-26 04:00:00+00:00,494.2262905,63.5974026,22.75535714,483.7417582,63.86103859,22.6,18.37918367,62.99528864,120.852549,9.59994113,14.18819194,35.65306122,0,0
2025-06-26 04:15:00+00:00,494.4526316,63.34859909,22.88579365,481.6517195,63.09615957,22.6,18.52365079,65.83977778,149.3239479,11.48111111,14.39028889,36.06911111,0,0
2025-06-26 04:30:00+00:00,493.3938732,63.50980061,22.83515152,481.9555286,63.87241239,22.69194444,18.16888889,68.37175214,179.1648641,13.19626873,14.92667949,35.01485714,0,0
2025-06-26 04:45:00+00:00,494.0931522,63.10730159,22.96658009,481.5382368,63.36528497,22.7,18.11555556,71.48021867,207.6502537,15.34470418,15.77320546,35.22952381,0,0
2025-06-26 05:00:00+00:00,503.6894921,63.09872949,22.9,494.3786669,63.17992063,22.66577381,17.859375,74.56478458,243.3831283,17.51422902,16.64018849,35.34553571,0,0
2025-06-26 05:15:00+00:00,519.8101425,63.28259518,22.99,516.4741836,63.1133567,22.68657143,17.69333333,77.30060606,253.7517807,19.4985974,16.57946667,35.23146062,0,0.009482968
2025-06-26 05:30:00+00:00,532.5849227,63.16940158,23.05681746,555.4888885,63.54451215,22.87092593,17.355,79.86333333,261.4555455,21.32333333,16.49670707,34.79196581,0.055962034,0
2025-06-26 05:45:00+00:00,528.127584,62.99452242,23.19706349,569.5609836,61.20883729,23.05446801,17.46,83.31050594,306.0440012,23.80438889,16.49496546,34.81862915,0,0
2025-06-26 06:00:00+00:00,536.399784,63.04488962,23.40833333,587.1862284,61.02112045,23.10404762,16.97857143,85.18111111,299.2566196,25.12960317,16.7669178,34.9597336,0,0
2025-06-26 06:15:00+00:00,586.7219608,61.88376906,23.32416667,581.5945707,60.69602694,23.1025,16.89,89.37269902,367.6933265,28.05029762,17.08936111,34.98531217,0,0
2025-06-26 06:30:00+00:00,644.6932375,62.74603821,23.31607143,650.3829618,61.27813156,23.26884921,17.29626984,92.48555556,439.1111014,30.22678978,17.52204487,35.12666667,0,0
2025-06-26 06:45:00+00:00,674.2110793,62.24216265,23.69069841,671.7359367,60.40025386,23.63053175,17.28266667,95.65138889,458.5615809,32.33822222,18.12198095,34.83518615,0,0
2025-06-26 07:00:00+00:00,708.1977305,62.18024376,23.73380952,714.5113004,60.21189176,23.6475,17.13571429,99.01208369,405.9275149,34.54251701,18.23875,34.98847222,0,0
2025-06-26 07:15:00+00:00,680.1701895,62.00648148,23.82438889,714.6067544,60.24939639,23.73027778,16.91,102.2871481,400.7947338,36.56909259,17.83029762,35.13754902,0,0
2025-06-26 07:30:00+00:00,672.52364,62.97763015,23.86,730.1965719,61.92408369,23.77738095,17.02888889,105.8543871,434.5949225,38.71877123,17.93107505,35.12785714,0,0
2025-06-26 07:45:00+00:00,680.0197241,61.36991122,23.97583333,769.2582563,61.05737023,23.8057672,17.14761905,109.3539021,440.4494106,40.69349206,17.89925926,35.16814815,0,0
2025-06-26 08:00:00+00:00,721.4046484,67.48244811,24.10428571,782.1138528,74.29813259,23.83633787,17.51428571,113.0770408,479.0973853,42.68475057,17.97379149,35.15238095,0,0
2025-06-26 08:15:00+00:00,762.7153601,72.60368832,24.0515873,787.3802304,83.85283168,23.91225855,17.39714286,116.9021772,528.2233892,44.56212037,18.48915295,34.85932312,0,0
2025-06-26 08:30:00+00:00,737.3100286,95.65534535,24.20610053,757.6893681,83.84950301,23.98160798,17.19148148,120.9758385,466.0907365,46.42467252,19.05518491,34.78525084,0,0
2025-06-26 08:45:00+00:00,723.8352803,116.8040895,24.36285714,726.6732765,84.64375387,24.08809524,17.16428571,125.5648129,707.1613052,48.36689626,18.52580952,34.91996337,0,0
2025-06-26 09:00:00+00:00,742.1670903,146.9111668,24.26761905,751.2818505,96.27284715,24.19333333,17.365,130.3108677,426.2851036,50.10528571,18.72727273,34.82,0,0
2025-06-26 09:15:00+00:00,767.7416433,167.696735,24.24666667,753.0512841,111.3987979,24.12,17.30666667,135.1508333,659.091793,51.72416667,18.61,34.98,0,0
2025-06-26 09:30:00+00:00,764.8131785,185.9067476,24.16678005,704.8423615,115.1071096,23.97853535,17.40619048,140.482031,776.8763101,53.26213083,19.30462811,35.02980688,0,0
2025-06-26 09:45:00+00:00,774.2125752,201.2666513,24.28428571,658.8638067,106.9176336,23.84,17.25204082,145.792207,755.3263117,54.5703927,19.31083203,34.87209384,0,0
2025-06-26 10:00:00+00:00,746.9051115,229.1107269,24.33419841,668.9808785,89.90221127,23.87376936,17.36666667,149.7160758,844.1050476,55.39740909,20.13881212,34.95578758,0,0
2025-06-26 10:15:00+00:00,700.4433333,252.585849,24.17244444,707.7713465,77.44958147,23.97920635,17.17,156.4429365,805.5029141,56.54940495,20.09169801,35.1133084,0,0
2025-06-26 10:30:00+00:00,673.2586674,269.4400897,24.15583333,699.4803251,82.56304609,23.98507937,17.04,163.4275,800.6006484,57.40027778,20.24611111,35.04425926,0,0
2025-06-26 10:45:00+00:00,673.2416454,284.1045351,24.23392857,663.700489,73.6924921,23.82857143,17.01964286,169.3898932,788.7183355,57.92661107,20.120758,34.8756576,0,0
2025-06-26 11:00:00+00:00,684.8730464,299.7255253,24.0490582,683.6146562,64.65178647,23.80624916,17.16,175.2797671,786.5000205,58.20493506,20.76846908,35.06289823,0,0
2025-06-26 11:15:00+00:00,649.768553,299.9453055,23.87097884,712.0187017,62.16211675,23.72940904,17.38759259,182.2605851,809.802244,58.27212121,21.47789822,34.98442328,0,0
2025-06-26 11:30:00+00:00,653.015403,278.887231,23.8607619,729.6320095,62.53363749,23.83005761,17.47464286,189.0416947,805.0174591,58.0782351,21.55460269,35.04781746,0,0
2025-06-26 11:45:00+00:00,656.8589712,278.6727489,23.97049062,703.9862347,62.57153747,23.86621934,17.28181818,194.1684475,801.509934,57.70892956,21.10819999,34.97321546,0,0
2025-06-26 12:00:00+00:00,645.6785674,281.5832088,24.0381746,664.6797793,62.43100888,23.86610871,17.07333333,201.2287879,792.5398833,56.95498317,21.70162393,35.27314815,0,0.035113044
2025-06-26 12:15:00+00:00,638.83,295.0362771,24.05555556,644.4167388,62.55449229,24,16.7565873,207.288152,730.6505106,56.03365201,21.83577037,35.04168331,0,0
2025-06-26 12:30:00+00:00,615.535121,295.0858954,24.05334921,627.1593713,64.40289397,24.01666667,16.60533333,212.3994444,755.8935667,55.08944444,22.57623016,35.18254497,0,0
2025-06-26 12:45:00+00:00,599.2272265,292.6760587,23.96190476,603.9641876,78.1006999,24.17835317,16.48238095,218.4401871,542.1255572,53.69596939,21.36188312,34.94859478,0,0
2025-06-26 13:00:00+00:00,578.9207155,290.6807462,23.90420899,563.1694853,87.73591998,23.79088889,16.0745,222.9185185,380.3106667,52.48814815,21.09637037,35.08457937,0,0
2025-06-26 13:15:00+00:00,585.6018206,279.0897568,23.92667677,572.7923768,72.80875354,23.90076768,16.63481481,228.3721667,270.2451639,50.7812037,21.00280392,34.94920202,0,0
2025-06-26 13:30:00+00:00,603.4451925,272.9027778,24.00666667,585.379951,65.46277227,23.99,16.99785185,233.1416667,420.5802166,49.1037037,20.86437172,35.03695665,0,0
2025-06-26 13:45:00+00:00,587.2040249,276.7446789,24.0672619,579.111611,67.35837972,24.05142857,17.54047619,237.7105172,250.049869,47.23714054,20.47492579,34.76176948,0,0
2025-06-26 14:00:00+00:00,578.7708249,277.7835079,23.88633333,568.5482581,75.32526936,23.97697355,17.22344444,241.7372196,233.1291446,45.4653836,20.00747804,35.04851852,0,0
2025-06-26 14:15:00+00:00,568.9513601,266.3279101,23.91111111,556.112327,69.5374618,23.8325,17.03777778,245.7797778,173.8167559,43.51355556,20.46594833,34.92170718,0,0
2025-06-26 14:30:00+00:00,546.4108434,261.1774603,23.98666667,542.3141417,65.26694953,23.95857143,16.88666667,249.6632222,174.8246752,41.47951178,20.45283333,34.83555556,0,0
2025-06-26 14:45:00+00:00,531.6438494,254.1726924,23.92767857,531.5956806,65.15463399,23.96809524,16.89076923,252.9,137.9235936,39.68571429,20.02,34.30454545,0,0
2025-06-26 15:00:00+00:00,521.8777622,108.1302808,23.96153846,525.1785398,67.54130719,23.96388889,15.72923077,256.4140741,92.31518899,37.61714815,18.65800606,35.91890332,0,0
2025-06-26 15:15:00+00:00,521.0181231,64.90131839,24.1,517.4056301,63.92605465,23.99863492,15.62711538,260.025168,75.89072992,35.39608333,17.78372087,34.64252737,0,0
2025-06-26 15:30:00+00:00,513.095137,64.65063389,24.13472222,508.2400691,64.37379483,23.91238095,17.21987179,263.0311433,46.76918325,33.45832458,17.48507353,34.76632653,0,0
2025-06-26 15:45:00+00:00,507.6687722,65.5985031,24.19297619,501.5121842,63.85290313,23.82666667,16.71333333,266.5621104,50.48338715,31.07731136,17.67355897,35.33025974,0,0
2025-06-26 16:00:00+00:00,503.5254732,65.12393162,24.03555556,494.6906947,63.74318443,23.8,16.815,269.9239271,56.36929197,28.79166955,17.25914574,35.09374074,0,0
2025-06-26 16:15:00+00:00,499.4971131,64.84729493,24,490.3480206,64.35671805,23.71822222,16.77866667,272.9299683,42.78731396,26.68546032,17.00953968,34.94466667,0,0
2025-06-26 16:30:00+00:00,496.7883452,65.78163265,24,486.1955977,64.06516868,23.68571429,17.11818182,275.7227891,42.97591991,24.7110119,17.12954082,35.27142857,0,0
2025-06-26 16:45:00+00:00,494.0569192,65.73958055,24.006,482.961187,63.95377535,23.6,17.18666667,278.5385126,37.29273736,22.6815873,17.25096359,35.37156746,0,0
2025-06-26 17:00:00+00:00,491.1778822,65.43358974,23.90933333,480.963876,64.70631802,23.58518519,17.05516667,281.797619,15.92687462,20.37915344,17.69728307,35.26,0,0
2025-06-26 17:15:00+00:00,489.7746693,65.36608669,23.87678571,477.5341233,64.24594218,23.5,16.78571429,284.404,17.02223248,18.44990476,18.29186667,35,0,0
2025-06-26 17:30:00+00:00,486.5898195,65.99955808,23.8,476.0368932,64.88208934,23.45535714,17.1,287.1495805,14.66791374,16.53120748,17.87658617,35,0,0
2025-06-26 17:45:00+00:00,484.973772,66.13232804,23.8,473.3916585,64.47487093,23.4,17.07083333,290.5621111,8.402986241,14.14754762,17.53829841,35.13373737,0,0
2025-06-26 18:00:00+00:00,484.3930532,66.15577136,23.8,471.6768031,64.92446925,23.35264286,16.7047619,293.6224906,6.252076949,12.0499919,17.23537668,35.28458991,0,0
2025-06-26 18:15:00+00:00,483.0942177,65.40540908,23.70964286,471.2701595,63.52380952,23.3,17.31428571,296.409614,4.599473036,10.18993506,16.78464286,35.14285714,0,0
2025-06-26 18:30:00+00:00,482.1201241,65.19246032,23.7,469.2055664,64.17887095,23.29833333,16.63234921,299.1930917,5.284612059,8.38796892,16.8687235,35.13657143,0,0
2025-06-26 18:45:00+00:00,481.9100452,65.73055556,23.67022222,469.3295978,64.21584974,23.20912698,17.244,302.0079856,3.176200794,6.613514329,16.41150794,35.26666667,0,0
2025-06-26 19:00:00+00:00,480.5059348,8.892773588,23.6,468.2306517,10.23135705,23.2,16.69349206,304.9118519,2.696052628,4.808,16.32325926,35.3,0,0
2025-06-26 19:15:00+00:00,480.8586735,0,23.6,467.2473287,0,23.2,16.8,307.6278388,1.477922078,3.308105704,14.87857143,35.30714286,0,0
2025-06-26 19:30:00+00:00,481.1187187,0,23.63777778,468.1890838,0,23.2,16.8,309.7181217,1.040207654,2.106952381,14.67903175,35.36681818,0,0
2025-06-26 19:45:00+00:00,480.8330447,0,23.66277778,468.4251539,0,23.2,16.8,314.4357864,0.253238731,-0.270937951,14.51828788,35.47888889,0,0
2025-06-26 20:00:00+00:00,481.4994935,0,23.51190476,468.6348764,0,23.2,16.8,317.3423404,0.090491022,-1.669336735,14.44434975,35.18495162,0,0
2025-06-26 20:15:00+00:00,481.0456097,0,23.57142857,468.548362,0,23.2,16.70416667,320.5926111,0,-3.139513228,14.50417857,35.27628307,0,0
2025-06-26 20:30:00+00:00,481.1049735,0,23.59619048,467.5641188,0,23.185,16.7,323.6904762,0,-4.409761905,14.5,35.48362674,0,0
2025-06-26 20:45:00+00:00,481.8096296,0,23.46016156,467.3280912,0,23.1,16.7,326.9979762,0,-5.633555556,14.584,35.53925926,0,0
2025-06-26 21:00:00+00:00,481.0039269,0,23.46571429,467.6862642,0,23.1,16.7,329.8917582,0,-6.647738095,14.57120879,35.5,0,0
2025-06-26 21:15:00+00:00,480.3260789,0,23.5,467.0458006,0,23.1,16.7,333.4718995,0,-7.779603175,14.5,35.5,0,0
2025-06-26 21:30:00+00:00,479.3259219,0,23.412,467.2685592,0,23.05333333,16.7,337.067671,0,-8.748,14.5,35.5,0,0
2025-06-26 21:45:00+00:00,478.7253322,0,23.34733333,465.7564055,0,23,16.7,340.5455185,0,-9.554444444,14.5,35.5,0,0
2025-06-26 22:00:00+00:00,477.1140683,0,23.4,466.4619374,0,23,16.7,343.6796233,0,-10.1714144,14.5964319,35.53701299,0,0
2025-06-26 22:15:00+00:00,477.7868596,0,23.4,466.2080672,0,23,16.7,347.0238519,0,-10.69755556,14.79468519,35.58666667,0,0
2025-06-26 22:30:00+00:00,478.2934595,0,23.4,465.7092476,0,23,16.7,350.5955556,0,-11.12836364,14.80588131,35.5,0,0
2025-06-26 22:45:00+00:00,477.5883419,0,23.4,465.0019048,0,23,16.63142857,354.10721,0,-11.44470391,15.00435081,35.34897959,0,0
2025-06-26 23:00:00+00:00,478.0982634,0,23.32142857,463.7666667,0,22.94666667,16.6,357.7368449,0,-11.6,15.11983846,35.3,0,0
2025-06-26 23:15:00+00:00,477.775,0,23.3,463.73722,0,22.9,16.6,43.10348148,0,-11.6,15.19941212,35.20666667,0,0
2025-06-26 23:30:00+00:00,476.7653704,0,23.3,462.5806941,0,22.9,16.50444444,4.940825397,0,-11.52,15.18253367,35.2631746,0,0
2025-06-26 23:45:00+00:00,476.6684837,0,23.3,462.3532246,0,22.9,16.5,8.177063492,0,-11.2760119,15.16449206,35.26875,0,0
2025-06-27 00:00:00+00:00,477.1217989,0,23.3,462.1729735,0,22.85904762,16.5,11.49481481,0,-10.94185185,15.15193333,35.1,0,0
2025-06-27 00:15:00+00:00,475.7270794,0,23.3,461.1168679,0,22.8,16.5,15.16880808,0,-10.43754113,15.10298836,35.02477381,0,0
2025-06-27 00:30:00+00:00,475.0408369,0,23.24043651,460.9597008,0,22.8,16.5,18.48054422,0,-9.81031746,15.17142078,34.86260504,0,0
2025-06-27 00:45:00+00:00,475.5495726,0,23.2,461.3561661,0,22.8,16.5,21.80899471,0,-9.097783069,15.12339312,34.8,0,0
2025-06-27 01:00:00+00:00,474.1472371,0,23.2,460.9771444,0,22.8,16.5,25.48185185,0,-8.172486773,15.05009735,34.92267845,0,0
2025-06-27 01:15:00+00:00,474.6382346,0,23.2,459.6102747,0,22.8,16.5,28.42036243,0,-7.350174603,15.01591599,34.86090398,0,0
2025-06-27 01:30:00+00:00,474.31527,0,23.2,459.5285714,0,22.8,16.5,32.03407313,0,-6.133979592,15.10912075,35.05505209,0,0
2025-06-27 01:45:00+00:00,473.033881,0,23.2,459.2081227,0,22.8,16.5,35.10376575,0,-5.026120731,15.21457186,34.95618651,0,0
2025-06-27 02:00:00+00:00,472.6847727,0,23.2,459.0671378,0,22.8,16.5,38.55766667,0.00202381,-3.667739316,15.43195346,34.96666667,1.657816682,2.401045913
2025-06-27 02:15:00+00:00,472.7267806,0,23.2,458.5573419,0,22.79833333,16.5,41.74668254,0.341558042,-2.267169312,15.73133333,35.06907407,0,0
2025-06-27 02:30:00+00:00,473.8356196,0,23.16428571,461.9972751,0,22.72622449,16.5,44.54607143,2.128107789,-0.967528345,15.90040747,35.09530612,0,0
2025-06-27 02:45:00+00:00,494.8093909,0,23.23444444,467.3216117,0,22.8,16.5,47.42320124,3.792111819,0.376058275,16.06711111,34.80267857,0,0
2025-06-27 03:00:00+00:00,516.2860314,8.109129759,23.21866667,489.0219352,11.14659792,22.8,16.59333333,50.65357937,8.355225253,2.13865873,16.12495238,35.17652101,0,0
2025-06-27 03:15:00+00:00,514.4611563,61.28653625,23.26153846,517.0904956,61.30727831,22.83571429,17.32747253,53.95718795,15.00876805,3.988492757,16.04293559,35.2,0,0
2025-06-27 03:30:00+00:00,519.5611207,61.89819625,23.27333333,512.1212821,62.45241647,22.8,17.08666667,56.93104762,12.00018426,5.733142857,16.1,35.2,0,0
2025-06-27 03:45:00+00:00,511.7807352,62.29744644,23.3,503.3936132,64.2459401,22.8,16.75333333,59.65022222,28.5688586,7.421333333,16.33553175,35.37435897,0,0
2025-06-27 04:00:00+00:00,507.6157895,63.16294372,23.3,499.3387852,63.10599034,22.8,17.30777778,62.71260317,24.02493725,9.343589744,16.55142857,35.28006216,0,0
2025-06-27 04:15:00+00:00,503.5266234,62.84541847,23.3,494.4271949,64.57029885,22.8,16.93142857,65.82558081,36.4913386,11.41776644,16.29417234,35.13928571,0,0
2025-06-27 04:30:00+00:00,500.9986414,63.05155857,23.3,490.3143528,63.93879642,22.8,16.81571429,68.54338095,43.37587133,13.25206349,16.56305238,34.8,0,0
2025-06-27 04:45:00+00:00,506.298366,61.91845118,23.24111111,498.5052838,63.8504719,22.83277778,17.128,71.43805556,60.30957469,15.24,16.70975,34.87333333,0,0
2025-06-27 05:00:00+00:00,508.388675,62.01893976,23.3,526.2545139,64.0491336,22.89489177,17.13066667,74.55351486,52.08175948,17.49389485,16.67353898,34.89280423,0,0
2025-06-27 05:15:00+00:00,505.1830908,61.90225449,23.29285714,537.780754,63.13988095,22.96207483,17,77.46069548,67.67723342,19.53942589,16.62627551,34.75089286,0,0
2025-06-27 05:30:00+00:00,502.5490781,62.32308668,23.31333333,568.461283,64.19687633,23.06233333,17.01333333,80.33915873,79.64942102,21.6281746,16.98666667,34.83777778,0,0
2025-06-27 05:45:00+00:00,513.0757982,61.97861472,23.39638095,601.2424964,63.26851176,23.112,17.18977778,83.37049495,91.99567499,23.7742963,17.22823906,35.08171429,0,0
2025-06-27 06:00:00+00:00,529.5503649,62.40937436,23.48229167,613.6571125,63.28244135,23.28492063,17.33657738,86.22904762,113.48306,25.80823413,17.34154762,35.30302198,0,0
2025-06-27 06:15:00+00:00,549.3241394,62.89857143,23.5,625.0481493,64.69077934,23.35855556,17.31555556,89.25188095,115.0363906,27.92592857,17.43788095,35.03944974,0,0
2025-06-27 06:30:00+00:00,556.3037317,62.00373377,23.58333333,603.3542927,63.96764098,23.48166667,17.03005952,92.5027405,95.1443861,30.16445503,17.42264812,35.2151366,0,0
2025-06-27 06:45:00+00:00,581.0710288,62.47328292,23.54829932,624.3643959,64.04534208,23.4945689,16.87189239,95.34112296,84.39715873,32.07853684,17.26603742,35.09223356,0,0
2025-06-27 07:00:00+00:00,593.4488603,61.72078977,23.7,623.15833,63.65034223,23.56,16.53390476,98.74065608,117.6612642,34.32210582,17.01087831,35.06955942,0,0
2025-06-27 07:15:00+00:00,572.4877519,62.15393939,23.7,611.0250505,63.90842122,23.6,16.83821429,102.3401852,263.8202098,36.57182419,16.775,35.00254274,0,0
2025-06-27 07:30:00+00:00,570.6176262,62.33374126,23.78130952,607.214071,63.21573675,23.6,17.2,105.8822646,223.6074888,38.68715873,17.02008466,35.05101972,0,0
2025-06-27 07:45:00+00:00,576.0939935,61.63745301,23.85,620.0839283,64.51429163,23.725,17.11819728,109.3555926,231.8327579,40.66018184,17.01768544,35.1811683,0,0
2025-06-27 08:00:00+00:00,601.3786885,62.58467165,23.89566667,631.0442254,64.63719715,23.82476923,17.025,112.785,302.6307926,42.49142857,16.91466667,34.90730303,0,0
2025-06-27 08:15:00+00:00,620.0410053,62.07722222,24,646.177259,63.98614164,23.82214286,17.15561224,117.1285476,332.1601704,44.65647619,17.07433095,34.96,0,0
2025-06-27 08:30:00+00:00,629.6414483,61.8974359,24.07818182,660.7129555,63.52257864,23.8,17.18909091,120.9691764,296.5316597,46.42013209,17.09886558,35.06889943,0,0
2025-06-27 08:45:00+00:00,629.6414483,61.8974359,24.07818182,660.7129555,63.52257864,23.8,17.18909091,120.9691764,296.5316597,46.42013209,17.09886558,,,
2025-06-27 09:00:00+00:00,629.6414483,61.8974359,24.07818182,660.7129555,63.52257864,23.8,17.18909091,120.9691764,296.5316597,46.42013209,17.09886558,,,
2025-06-27 09:15:00+00:00,625.8084118,108.9968254,24.13428571,630.8868132,64.42307692,23.97142857,17.2,136.3857143,396.025102,52.06326531,17.30321429,35.36488095,0,0
2025-06-27 09:30:00+00:00,616.7210022,119.686569,24.2,617.5574991,63.6069959,23.85577778,17.24,140.0825397,438.8519824,53.09711111,17.65755556,34.71082011,0,0
2025-06-27 09:45:00+00:00,593.9077778,135.4328533,24.1070068,606.7183635,63.62696934,23.9,17.48106061,145.6687778,484.1861793,54.50815873,17.97605556,34.9115873,0,0
2025-06-27 10:00:00+00:00,579.5906421,149.3508261,24.12533333,594.1191276,63.20659467,23.81987037,17.36133333,151.2986614,632.1498351,55.61301587,18.07211111,35.2130303,0,0
2025-06-27 10:15:00+00:00,577.1259211,158.4552792,24.11419719,599.3354211,63.78644155,23.9442094,17.36826007,157.2010828,810.321015,56.60117063,18.32673469,35.22812925,0,0
2025-06-27 10:30:00+00:00,579.0737001,168.6805993,24.12333333,601.1194332,64.61223426,24.01777778,17.3619898,163.3070878,595.1276188,57.37738112,18.74135952,34.84372896,0,0
2025-06-27 10:45:00+00:00,568.8984231,177.1879002,24.07377778,586.8016519,67.62603854,23.97111111,17.01588889,169.573141,690.8066995,57.87575758,18.81083333,34.96950814,0,0
2025-06-27 11:00:00+00:00,559.0400417,186.9126082,24.09230769,569.5790597,67.33617652,24,16.80192308,175.9206122,798.3794045,58.175,18.76204082,35.14315476,0,0
2025-06-27 11:15:00+00:00,552.8899605,195.7711568,24.03722222,568.557566,67.47999106,23.86519048,17,182.1285794,801.3437832,58.19933333,18.67925162,34.76444865,0,0
2025-06-27 11:30:00+00:00,552.1628998,192.3324784,24,569.6702215,62.55757454,23.81867244,17.272,188.9346032,808.5526138,57.99115832,18.99259524,34.95065608,0,0
2025-06-27 11:45:00+00:00,541.0599228,193.4110163,23.95633333,563.7158952,63.73273355,23.70177778,17.43333333,195.2341833,812.7381719,57.56738562,18.97245503,35.26249158,0,0
2025-06-27 12:00:00+00:00,530.3659998,187.0154893,23.9,548.0220073,61.83634035,23.73979592,17.32142857,200.7760771,829.5055453,56.97678571,19.09842404,34.84887755,0,0
2025-06-27 12:15:00+00:00,515.8125397,178.6562484,23.88,527.3240665,61.37180915,23.7,17.20666667,207.0654127,848.6478418,56.04257143,19.26648918,34.95388889,0,0
2025-06-27 12:30:00+00:00,506.8895839,171.6305417,23.95642857,514.4837074,61.82193171,23.66111111,17.22935714,212.8352778,817.0536222,54.97321429,19.25349206,34.96428571,0,0
2025-06-27 12:45:00+00:00,501.2673182,161.6599373,23.93576496,506.3539217,62.51358782,23.6,17.20666667,217.9192737,845.180916,53.78947577,19.51471995,34.70868377,0,0
2025-06-27 13:00:00+00:00,496.0341837,157.2662698,23.88214286,500.5153742,63.32142071,23.6,17.2,223.5077239,602.3030853,52.28441043,19.68672815,34.91004535,0,0
2025-06-27 13:15:00+00:00,489.7912477,146.5066667,23.82888889,493.5347763,62.5357672,23.6,17.04,228.5385387,452.4294538,50.69731506,19.6532619,34.96,0,0
2025-06-27 13:30:00+00:00,487.1088889,132.9277633,23.9,490.53596,62.72728778,23.72,16.75325397,233.2247619,760.5856766,49.01785185,19.68673016,35.23162393,0,0
2025-06-27 13:45:00+00:00,481.0016789,126.0207483,23.9,487.3126566,62.5051443,23.82678571,16.68095238,237.4527636,759.2922269,47.30952381,20.42230159,35.20611111,0,0
2025-06-27 14:00:00+00:00,478.2240242,40.66666667,23.87081863,479.9064205,20.18809524,23.96666667,16.93381868,241.6048809,773.1009001,45.48350505,20.31851501,35.53435356,0,0
2025-06-27 14:15:00+00:00,476.8639755,0,23.90833333,476.4314628,0,24.07840909,17.788,245.5658333,375.7306539,43.57988095,19.77955556,35.01714286,0,0
2025-06-27 14:30:00+00:00,476.7129886,0,24,475.2050816,0,24.1,19.41611111,249.3121481,468.0075992,41.61222222,19.5802963,34.7,0,0
2025-06-27 14:45:00+00:00,477.0057363,0,24.06964286,474.8949351,0,24.22331349,20.12142857,253.2032182,441.7761186,39.45626391,19.97454867,34.75233974,0,0
2025-06-27 15:00:00+00:00,476.3518241,0,24.16,473.8888559,0,24.44666667,20.575,256.7818519,511.4735651,37.34208995,20.00009524,35.11314815,0,0
2025-06-27 15:15:00+00:00,475.4642857,0,24.2,475.0197711,0,24.52666667,20.72666667,260.2421634,323.7607014,35.20118987,19.81102046,35.39444733,0,0
2025-06-27 15:30:00+00:00,474.3450835,0,24.26346154,474.3436508,0,24.6,20.80076923,263.5204256,377.8788848,33.0680839,19.86428571,35.19545455,0,0
2025-06-27 15:45:00+00:00,474.1488604,0,24.3,472.3933868,0,24.73,20.89777778,266.5856614,331.1936405,31.04032764,19.9327037,35.17018519,0,0
2025-06-27 16:00:00+00:00,473.0122845,0,24.38874074,473.5420393,0,25.00001347,20.82666667,269.5091534,427.7356306,29.04125,20.17846465,35.1,0,0
2025-06-27 16:15:00+00:00,472.7574346,0,24.44666667,472.2021106,0,25.05333333,20.8,272.6588745,404.5108504,26.81928692,20.08669312,35.1,0,0
2025-06-27 16:30:00+00:00,471.8278195,0,24.55714286,470.4611267,0,25.05879121,20.87987013,275.7601757,365.8095152,24.60912698,19.95535714,35.1,0,0
2025-06-27 16:45:00+00:00,471.7831746,0,24.62666667,470.4341643,0,25.22571429,21.02857143,278.6414408,333.9277621,22.53593568,19.87652338,35.06347578,0,0
2025-06-27 17:00:00+00:00,472.5394048,0,24.7,470.5762571,0,25.23066667,21.1,281.8122963,290.2469819,20.27416667,19.92318519,35.14592593,0,0
2025-06-27 17:15:00+00:00,470.0586228,0,24.78666667,469.8135428,0,25.73838672,21.1,284.5037002,259.1319856,18.33648596,19.75376551,35.37933333,0,0
2025-06-27 17:30:00+00:00,469.4054146,0,24.82285714,470.0054945,0,25.92063492,21.1,287.5746627,223.6975008,16.16663113,19.58211233,35.36357143,0,0
2025-06-27 17:45:00+00:00,468.6258332,0,24.9,469.8087833,0,25.93211111,21.00714286,290.4378332,184.8308768,14.16970539,19.43032582,35.37571429,0,0
2025-06-27 18:00:00+00:00,468.1855556,0,24.9,469.6347499,0,25.82424242,21,293.3371044,149.3183388,12.17251852,19.22931111,35.38666667,0,0
2025-06-27 18:15:00+00:00,467.1818182,0,24.92857143,469.193797,0,25.65,20.95,296.2187075,111.5560332,10.23673469,18.80607143,35.4,0,0
2025-06-27 18:30:00+00:00,467.6600335,0,24.9,468.5695694,0,25.58354762,20.77142857,299.1647114,51.12532374,8.343612101,18.43183704,35.04519048,0,0
2025-06-27 18:45:00+00:00,465.5645022,0,24.9,467.6224242,0,25.42746032,20.47744444,302.0724277,44.94268556,6.551504718,18.00441667,34.9,0,0
2025-06-27 19:00:00+00:00,466.9931404,0,24.85066667,466.9286903,0,25.29746032,20.10666667,305.1344848,31.75080236,4.667333333,17.81212121,35.19422078,0,0
2025-06-27 19:15:00+00:00,466.2576479,0,24.75,466.8034324,0,25.12142857,19.86153846,308.3331787,13.2494867,2.849965213,17.49317744,35.3,0,0
2025-06-27 19:30:00+00:00,465.6558442,0,24.67142857,465.6450702,0,24.97607143,19.62678571,311.1413549,7.977849404,1.297619048,17.28404762,35.27995671,0,0
2025-06-27 19:45:00+00:00,465.6086257,0,24.6,465.9518489,0,24.82666667,19.41822222,314.3856313,3.83403119,-0.289478115,17.05171429,35.15564394,0,0
2025-06-27 20:00:00+00:00,462.9897685,0,24.56666667,464.7134922,0,24.69166667,19.26666667,317.5620106,1.508595238,-1.807619048,16.77992593,35.08148148,0,0
2025-06-27 20:15:00+00:00,464.3155535,0,24.5,463.2155844,0,24.6,19.10571429,320.6641667,0.405732601,-3.208423006,16.4251511,35.35744532,0,0
2025-06-27 20:30:00+00:00,462.8608201,0,24.42545455,463.3383295,0,24.5447619,18.9344709,323.8083148,0.028984127,-4.504338624,16.27287037,35.32507937,0,0
2025-06-27 20:45:00+00:00,463.3891737,0,24.4,463.6654462,0,24.43185185,18.73634921,327.0590873,0,-5.720873016,16.05195556,35.27166667,0,0
2025-06-27 21:00:00+00:00,462.0462671,0,24.33866667,462.0340322,0,24.34,18.58,330.1732441,0,-6.798855219,15.67551431,35.04388889,0,0
2025-06-27 21:15:00+00:00,461.3424053,0,24.27040816,460.8361282,0,24.27040816,18.45714286,333.6687822,0,-7.869130076,15.29041506,35.16964286,0,0
2025-06-27 21:30:00+00:00,459.8597968,0,24.2,461.0961921,0,24.2,18.29206349,336.9906657,0,-8.745387488,15.13311373,35.20004466,0,0
2025-06-27 21:45:00+00:00,460.289418,0,24.10666667,460.4111408,0,24.10873016,18.19333333,340.4792302,0,-9.576923077,14.92,35,0,0
2025-06-27 22:00:00+00:00,458.8976599,0,24.09333333,459.1938791,0,24.09333333,17.925,343.7596429,0,-10.21820106,14.83283333,34.92,0,0
2025-06-27 22:15:00+00:00,457.9527052,0,24,457.981129,0,23.97857143,17.76557887,346.9902259,0,-10.7251862,14.67382479,34.96987477,0,0
2025-06-27 22:30:00+00:00,458.0059259,0,23.96,457.0658586,0,23.9,17.535,350.5432037,0,-11.12916667,14.40642593,35.65092063,0,0
2025-06-27 22:45:00+00:00,458.9834343,0,23.9,457.0190236,0,23.86666667,17.35955556,354.1214444,0,-11.46666667,14.12885714,36.20037037,0,0
2025-06-27 23:00:00+00:00,456.9161255,0,23.9,456.5088959,0,23.8,17.12974359,357.6447029,0,-11.64761905,13.99329016,36.28964286,0,0
2025-06-27 23:15:00+00:00,456.5523681,0,23.9,455.4314394,0,23.7260711,16.93142857,93.60630495,0,-11.67416667,13.85409316,36.2,0,0
2025-06-27 23:30:00+00:00,455.747126,0,23.86666667,454.6438508,0,23.7,16.73333333,4.774674955,0,-11.55805387,13.68829197,36.2605303,0,0
2025-06-27 23:45:00+00:00,454.7812963,0,23.8,455.265812,0,23.62755556,16.50355556,8.382761905,0,-11.32,13.6,36.3,0,0
2025-06-28 00:00:00+00:00,454.1959199,0,23.8,453.5157419,0,23.6,16.31309524,11.79115385,0,-10.94655844,13.67428571,36.40059524,0,0
2025-06-28 00:15:00+00:00,453.027747,0,23.725,451.6724119,0,23.6,16.14861111,15.1499697,0,-10.46901852,13.84666667,36.46,0,0
2025-06-28 00:30:00+00:00,452.7527273,0,23.7,451.7657407,0,23.57916667,16,18.66436147,0,-9.849004329,13.9,36.4,0,0
2025-06-28 00:45:00+00:00,452.8085714,0,23.7,451.1939394,0,23.5,16,22.28424363,0,-9.058756614,13.94816667,36.38222222,0,0
2025-06-28 01:00:00+00:00,452.0805764,0,23.64142857,451.1944566,0,23.44714286,15.87142857,25.10178571,0,-8.308333333,13.90357143,36.34124858,0,0
2025-06-28 01:15:00+00:00,451.0228012,0,23.6,451.7524296,0,23.4,15.8,28.61060533,0,-7.282028388,13.90923611,36.4,0,0
2025-06-28 01:30:00+00:00,451.1009012,0,23.6,450.3216107,0,23.4,15.8,31.79909764,0,-6.254111111,13.91511111,36.4,0,0
2025-06-28 01:45:00+00:00,449.3869518,0,23.6,450.0173461,0,23.31239796,15.8,35.16444444,0,-5.052844774,14.03325809,36.37857143,0,0
2025-06-28 02:00:00+00:00,448.7504729,0,23.6,449.4142139,0,23.3,15.8,38.31035113,0.036075862,-3.761341991,14.02851893,36.3,0,0
2025-06-28 02:15:00+00:00,448.045873,0,23.6,447.9931746,0,23.3,15.8,41.69848148,0.428349928,-2.315476191,14.15041667,36.25074074,0,0
2025-06-28 02:30:00+00:00,447.5427761,0,23.51388889,447.6022774,0,23.29155556,15.8,44.89910726,1.110716029,-0.814239538,14.2259519,35.40785714,0,0
2025-06-28 02:45:00+00:00,446.5349963,0,23.5,446.3991933,0,23.20204082,15.8,47.96869898,1.686374141,0.620096372,14.28272727,35.47415293,0,0
2025-06-28 03:00:00+00:00,446.3817982,0,23.5,446.075431,0,23.2,15.8,50.79306397,2.086317615,2.123943835,14.36851852,35.5,0,0
2025-06-28 03:15:00+00:00,446.1292593,0,23.5,445.477953,0,23.2,15.8,53.99961448,5.957397193,3.947878788,14.42676768,35.42383838,0,0
2025-06-28 03:30:00+00:00,444.9566619,0,23.46722222,444.082228,0,23.2,15.8,56.88840115,7.768701773,5.639040404,14.47081385,35.39090909,0,0
2025-06-28 03:45:00+00:00,444.7908254,0,23.45,443.2584957,0,23.2,15.82857143,59.93159166,9.209104963,7.509480202,14.47700549,35.3,0,0
2025-06-28 04:00:00+00:00,443.4856144,0,23.4,443.4989259,0,23.15266667,15.9,62.82495149,14.13745441,9.372403744,14.43492223,35.3,0,0
2025-06-28 04:15:00+00:00,443.4669819,0,23.4,441.9961772,0,23.1,15.9,65.54830159,23.13863242,11.21437374,14.48841905,35.36133333,0,0
2025-06-28 04:30:00+00:00,443.0912597,0,23.4,441.0323347,0,23.11328042,15.99111111,68.75706614,19.85503334,13.37444444,14.55211818,35.37227273,0,0
2025-06-28 04:45:00+00:00,442.2105783,0,23.4,441.3457772,0,23.1,16,71.43732323,40.1392065,15.24909091,14.56411089,35.3,0,0
2025-06-28 05:00:00+00:00,443.0723647,0,23.4,440.5009321,0,23.1,16,74.31616667,32.65765223,17.28342857,14.36473485,35.3,0,0
2025-06-28 05:15:00+00:00,440.97,0,23.4,440.7675968,0,23.1,16.01333333,77.43288889,39.06799683,19.47777778,14.41350084,35.3,0,0
2025-06-28 05:30:00+00:00,440.1806702,0,23.4,439.041342,0,23.1,16.1,80.30984127,40.18445255,21.53571429,14.52404824,35.3,0,0
2025-06-28 05:45:00+00:00,439.9396296,0,23.4,438.0915701,0,23.1,16.13571429,83.13111111,33.4069263,23.53518519,14.6,35.3,0,0
2025-06-28 06:00:00+00:00,439.7986266,0,23.4,437.0677245,0,23.1,16.2,86.22718975,36.03724185,25.7516734,14.66028571,35.3,0,0
2025-06-28 06:15:00+00:00,438.7211408,0,23.4,437.0339276,0,23.1,16.25333333,89.40956277,70.67902795,27.9813999,14.86758504,35.3,0,0
2025-06-28 06:30:00+00:00,437.9087912,0,23.4,436.1199309,0,23.1,16.3,92.53805451,94.91069444,30.15324854,15.16635706,35.3,0,0
2025-06-28 06:45:00+00:00,436.8039859,0,23.4,434.4627196,0,23.1,16.3,95.68906972,103.1305445,32.26389947,15.64,35.3,0,0
2025-06-28 07:00:00+00:00,437.0987316,0,23.4,435.1650039,0,23.12922559,16.30222222,98.51731579,138.2730499,34.10443256,15.98117041,35.3,0,0
2025-06-28 07:15:00+00:00,436.9064937,0,23.4,434.5106457,0,23.2,16.4,102.4637751,139.9403247,36.5992619,16.53516178,35.16470028,0,0
2025-06-28 07:30:00+00:00,435.2730092,0,23.4,434.3377851,0,23.2,16.44404762,105.9268579,166.1553513,38.63212894,16.98063312,34.86815476,0,0
2025-06-28 07:45:00+00:00,433.8622041,0,23.49333333,433.9649493,0,23.20857143,16.5,109.4718148,267.3241221,40.64285714,17.50815079,34.73851852,0,0
2025-06-28 08:00:00+00:00,434.1333514,0,23.5,433.5740548,0,23.3,16.5,113.082963,356.198649,42.59705026,18.27083598,34.77137686,0,0
2025-06-28 08:15:00+00:00,432.4322093,0,23.6,433.5315139,0,23.3,16.62142857,117.1979422,466.0279666,44.66259354,18.96204082,34.95714286,0,0
2025-06-28 08:30:00+00:00,431.9180902,0,23.6,431.800278,0,23.35333333,16.7,121.006358,497.4035324,46.3700812,19.62934106,34.83981019,0,0
2025-06-28 08:45:00+00:00,431.8525606,0,23.64666667,431.047178,0,23.4,16.75,125.3038418,427.3965086,48.17749624,19.83190692,34.71340067,0,0
2025-06-28 09:00:00+00:00,432.3096877,0,23.7,430.8034259,0,23.47,16.92948413,130.0847172,424.1307263,49.99185185,20.2004899,34.6400641,0,0
2025-06-28 09:15:00+00:00,431.942939,0,23.79285714,430.3340131,0,23.5,17,135.2767262,664.6964225,51.6927381,20.05373214,34.90678146,0,0
2025-06-28 09:30:00+00:00,431.220202,0,23.8,429.5132051,0,23.55333333,17.14,140.2436481,612.5717789,53.08839394,20.93921058,34.86285714,0,0
2025-06-28 09:45:00+00:00,430.1033333,0,23.9,429.2674115,0,23.6,17.24133333,145.0501481,625.2883231,54.28,20.96420513,35,0,0
2025-06-28 10:00:00+00:00,430.4245643,0,23.9,429.5578467,0,23.61333333,17.40666667,151.2304762,606.2571916,55.5980928,21.73490476,35.08828653,0,0
2025-06-28 10:15:00+00:00,430.6981834,0,23.9,428.1400438,0,23.7,17.59404762,156.9806122,638.6649698,56.55646259,21.72537698,35.04752747,0,0
2025-06-28 10:30:00+00:00,429.813473,0,23.94666667,428.0635642,0,23.7,17.78888889,162.0365983,722.7427412,57.1777094,21.710125,35.14412698,0,0
2025-06-28 10:45:00+00:00,429.6668447,0,24,427.9296018,0,23.7,18.06333333,169.5554762,609.9188336,57.84504762,22.40088889,34.8091339,0,0
2025-06-28 11:00:00+00:00,429.6595238,0,24,426.588131,0,23.72857143,18.3,175.9396338,570.4722789,58.14214286,22.94213977,34.76125541,0,0
2025-06-28 11:15:00+00:00,429.6228841,0,24.07428571,426.2648531,0,23.8,18.69589744,181.9927339,488.308768,58.17903175,23.46988274,34.6,0,0
2025-06-28 11:30:00+00:00,428.241373,0,24.11333333,426.2605291,0,23.84334392,19.37810606,188.0854996,449.3006204,58.02390883,23.23612351,34.85808588,0,0
2025-06-28 11:45:00+00:00,426.7065498,0,24.2,426.3521447,0,23.95324074,20.1792381,194.9177273,823.0703452,57.55069192,23.40656616,34.78873737,0,0
2025-06-28 12:00:00+00:00,428.2154799,0,24.21428571,425.8625,0,24.01428571,20.67142857,200.7868122,597.2419993,56.92960373,23.29052198,34.65665391,0,0
2025-06-28 12:15:00+00:00,427.6084259,0,24.3,425.4640786,0,24.1,20.8,206.4321993,425.1256961,56.11451881,23.29858586,35.13234392,0,0
2025-06-28 12:30:00+00:00,427.0438646,0,24.3,424.9599729,0,24.18190476,21.39698413,212.7362698,364.4906199,54.94063492,23.43092371,35.18333333,0,0
2025-06-28 12:45:00+00:00,425.8798624,0,24.37698413,424.8395438,0,24.2,21.89333333,218.3404436,312.9280262,53.62522122,23.43415644,35.11888889,0,0
2025-06-28 13:00:00+00:00,425.5382118,0,24.4,425.3590769,0,24.2,22.18785714,222.8685281,179.1118069,52.40552154,23.03428571,35.21785714,0,0
2025-06-28 13:15:00+00:00,425.0192593,0,24.4,424.9997089,0,24.2,22.3,228.182963,148.6083769,50.75206349,22.6987619,35.18606061,0,0
2025-06-28 13:30:00+00:00,425.2345455,0,24.4,424.6090236,0,24.2,22.37805556,232.5820185,120.1024638,49.18501684,22.412,35.02537037,0,0
2025-06-28 13:45:00+00:00,425.7090071,0,24.4,425.1319034,0,24.16862245,22.6,237.3969048,109.2594775,47.25698413,21.82572511,35.12857143,0,0
2025-06-28 14:00:00+00:00,424.6708333,0,24.4,424.5665065,0,24.1,22.54666667,241.3725466,216.9681534,45.52447882,21.5210871,35.2136856,0,0
2025-06-28 14:15:00+00:00,424.1773785,0,24.4,422.6391942,0,24.22666667,22.11761905,245.5630159,494.510531,43.51618254,21.75381825,35.40916667,0,0
2025-06-28 14:30:00+00:00,423.6135402,0,24.45714286,423.3511618,0,24.50666667,22.1,249.4214652,537.0936971,41.49686325,22.23495952,35.00155844,0,0
2025-06-28 14:45:00+00:00,423.3145833,0,24.59285714,423.085619,0,24.69285714,22.1,253.1935374,357.9844401,39.39098639,22.4767517,35,0,0
2025-06-28 15:00:00+00:00,423.1111111,0,24.6,423.0300752,0,24.7,22.16111111,256.1122222,209.0952793,37.70962963,22.31133333,35,0,0
2025-06-28 15:15:00+00:00,422.0724387,0,24.6,422.6790414,0,24.60138889,22.26,260.1652138,165.407909,35.18578571,22.48454545,35,0,0
2025-06-28 15:30:00+00:00,422.140471,0,24.6,422.9067669,0,24.6,22.24285714,263.2876314,170.6578863,33.16593151,22.53265731,34.9178869,0,0
2025-06-28 15:45:00+00:00,421.7003955,0,24.6,421.7790893,0,24.6,22.3,266.5425639,162.4343666,31.00078439,22.53564912,34.7351824,0,0
2025-06-28 16:00:00+00:00,421.2095238,0,24.6,421.3974877,0,24.6,22.3,269.0733333,145.0003061,29.22761905,22.16747253,35.03333333,0,0
2025-06-28 16:15:00+00:00,420.9322627,0,24.6,421.2695249,0,24.6,22.3,272.3231111,94.91777905,27.00348148,21.74267244,35.06352941,0,0
2025-06-28 16:30:00+00:00,421.5793651,0,24.6,422.255102,0,24.51714286,22.3,275.8130063,58.50966842,24.50611163,21.21655844,35.32480159,0,0
2025-06-28 16:45:00+00:00,421.7927273,0,24.50666667,421.7659054,0,24.46758664,22.18333333,278.3623443,52.90555279,22.7010463,20.99170455,34.93484127,0,0
2025-06-28 17:00:00+00:00,421.4436647,0,24.5,421.3323919,0,24.4,21.99166667,281.4601058,42.17927286,20.452,20.58824339,34.73185185,0,0
2025-06-28 17:15:00+00:00,421.4728119,0,24.5,420.8084693,0,24.37011905,21.82311111,284.509,41.34725098,18.26955556,20.27346667,34.76,0,0
2025-06-28 17:30:00+00:00,420.1095238,0,24.5,420.330279,0,24.3,21.7,287.4805002,23.61520038,16.17076105,20.16198708,35,0,0
2025-06-28 17:45:00+00:00,420.7803802,0,24.41147959,420.240495,0,24.3,21.49395604,290.3473371,19.61678173,14.15656223,19.89207835,35.00644444,0,0
2025-06-28 18:00:00+00:00,419.9996454,0,24.4,420.019697,0,24.25259259,21.30233333,293.247855,16.74302919,12.19689755,19.72934573,34.96444444,0,0
2025-06-28 18:15:00+00:00,419.3079536,0,24.4,419.4543802,0,24.2,21.07688889,296.2724747,8.156420086,10.14446465,19.56049495,34.63833333,0,0
2025-06-28 18:30:00+00:00,419.2323761,0,24.4,419.2070327,0,24.17142857,20.89761905,299.3432398,7.874965317,8.169387755,19.4,34.67207792,0,0
2025-06-28 18:45:00+00:00,418.0598483,0,24.4,418.4507937,0,24.1,20.7347619,301.8622222,4.83485679,6.594444444,19.29764502,34.99233333,0,0
2025-06-28 19:00:00+00:00,418.5488053,0,24.32666667,417.2243032,0,24.1,20.55037037,305.1897446,4.25675958,4.563492064,19.13520707,35.15241758,0,0
2025-06-28 19:15:00+00:00,417.2018482,0,24.3,417.3445149,0,24.04107143,20.41428571,308.0101343,3.141400168,2.986864683,19.11369481,35.08253968,0,0
2025-06-28 19:30:00+00:00,417.3600357,0,24.3,416.7780886,0,24,20.24666667,311.1658598,1.906540024,1.23037037,19.01037037,35,0,0
2025-06-28 19:45:00+00:00,417.1833035,0,24.26428571,416.4458778,0,24,20.14681122,313.9037798,1.757663641,-0.119771825,18.93218487,35,0,0
2025-06-28 20:00:00+00:00,416.4944444,0,24.2,416.7979167,0,24,20.01698413,317.4007619,0.437057778,-1.793333333,18.843,35,0,0
2025-06-28 20:15:00+00:00,416.2633936,0,24.2,416.6760739,0,23.97785714,19.9224026,320.1949459,0.124693637,-3.042653319,18.77008658,34.86964286,0,0
2025-06-28 20:30:00+00:00,417.2641604,0,24.2,416.5627796,0,23.9,19.8,323.5587479,0.028183184,-4.455575758,18.682,35.1,0,0
2025-06-28 20:45:00+00:00,416.6195662,0,24.15119048,416.0517816,0,23.9,19.75714286,326.9529286,0,-5.753489178,18.61015873,35.16943771,0,0
2025-06-28 21:00:00+00:00,415.7194841,0,24.1,416.519669,0,23.87166667,19.61428571,330.3555413,0,-6.895636527,18.68952991,34.96047619,0,0
2025-06-28 21:15:00+00:00,415.4573413,0,24.1,415.5415123,0,23.8,19.5,333.3366316,0,-7.807142857,18.74285714,35.05765502,0,0
2025-06-28 21:30:00+00:00,415.8815952,0,24.1,415.5161438,0,23.8,19.47777778,336.7879262,0,-8.773363118,18.67302137,35.10983683,0,0
2025-06-28 21:45:00+00:00,415.5564957,0,24.09333333,414.933411,0,23.8,19.33866667,340.4639286,0,-9.596666667,18.60715,35.2,0,0
2025-06-28 22:00:00+00:00,414.6479121,0,24,414.7969842,0,23.8,19.3,343.818563,0,-10.26280423,18.53925926,35.2,0,0
2025-06-28 22:15:00+00:00,414.7477262,0,24,414.4395059,0,23.73769841,19.24821429,347.2077976,0,-10.78901238,18.29163488,35.2,0,0
2025-06-28 22:30:00+00:00,415.1131313,0,24,413.7846274,0,23.7,19.15702381,350.6670839,0,-11.25379121,18.10655,35.13403704,0,0
2025-06-28 22:45:00+00:00,414.2942613,0,24,412.7805874,0,23.7,19.1,353.8798461,0,-11.49333333,17.9732,34.90414141,0,0
2025-06-28 23:00:00+00:00,414.3156695,0,23.91448413,413.3477448,0,23.7,19.1,357.8546954,0,-11.68,17.84398016,34.74296296,0,0
2025-06-28 23:15:00+00:00,414.2827222,0,23.9,413.1507669,0,23.7,19.06153846,27.00645408,0,-11.7,17.64375,34.7,0,0
2025-06-28 23:30:00+00:00,413.4422416,0,23.9,412.6961174,0,23.68666667,19,4.751053391,0,-11.61333333,17.56061905,34.64,0,0
2025-06-28 23:45:00+00:00,413.5031559,0,23.9,411.1121475,0,23.6,18.89333333,8.277476191,0,-11.34719048,17.36666667,34.68970236,0,0
2025-06-29 00:00:00+00:00,413.0809874,0,23.9,411.721978,0,23.6,18.8,11.78677232,0,-11.00255102,17.19964286,35.2297619,0,0
2025-06-29 00:15:00+00:00,412.2856843,0,23.9,412.7045096,0,23.6,18.8,15.11777778,0,-10.51194444,17.10583333,35.0273931,0,0
2025-06-29 00:30:00+00:00,412.0685299,0,23.9,412.3331344,0,23.6,18.65642857,18.58791392,0,-9.892148962,17.18790873,34.7884239,0,0
2025-06-29 00:45:00+00:00,411.0208333,0,23.9,411.4574236,0,23.6,18.58666667,22.15220571,0,-9.12875969,17.2,35.19990741,0,0
2025-06-29 01:00:00+00:00,411.1662287,0,23.84483766,410.4743257,0,23.6,18.45,25.30443146,0,-8.331104164,17.16865027,35.03018752,0,0
2025-06-29 01:15:00+00:00,410.5921368,0,23.8,410.9135424,0,23.6,18.4,28.5286455,0,-7.385486773,17.18933333,34.8425641,0,0
2025-06-29 01:30:00+00:00,411.5576471,0,23.8,410.1935377,0,23.6,18.392,32.01228205,0,-6.265666667,17.18728205,34.62033217,0,0
2025-06-29 01:45:00+00:00,411.3705099,0,23.8,409.5157522,0,23.6,18.3,35.26317338,0,-5.081092796,16.95634341,34.62740741,0,0
2025-06-29 02:00:00+00:00,411.437911,0,23.8,409.0217847,0,23.55714286,18.2984127,38.35459184,0.111759113,-3.809994331,16.84514286,34.72160173,0,0
2025-06-29 02:15:00+00:00,410.4622231,0,23.8,407.0528571,0,23.5,18.2,41.66949074,0.375,-2.391296296,16.94378333,34.73335123,0,0
2025-06-29 02:30:00+00:00,409.1282466,0,23.8,409.3350939,0,23.5,18.2,44.79203896,0.559533149,-0.918148148,17.03602564,35.047,0,0
2025-06-29 02:45:00+00:00,409.9355149,0,23.7675,407.5646548,0,23.5,18.1,47.81622059,3.701245246,0.493679894,17.09933333,35.16069151,0,0
2025-06-29 03:00:00+00:00,409.2519965,0,23.8,409.0304851,0,23.5,18.1,51.04502831,7.048286921,2.212844061,17.09928571,35.29875458,0,0
2025-06-29 03:15:00+00:00,408.2780825,0,23.8,408.0357143,0,23.5,18.04666667,53.88369312,16.29287433,3.811661376,17.00666667,35.08364502,0,0
2025-06-29 03:30:00+00:00,408.4277778,0,23.8,406.9673223,0,23.5,18,56.76035859,21.28765994,5.517694444,16.95521667,34.80060317,0,0
2025-06-29 03:45:00+00:00,408.3847327,0,23.8,406.0399101,0,23.5,17.98553571,59.86911977,30.63421121,7.440483921,16.9,35.17361111,0,0
2025-06-29 04:00:00+00:00,407.8088505,0,23.8,406.1542569,0,23.5,17.9,62.74681481,51.37711234,9.284814815,16.95002694,35.225,0,0
2025-06-29 04:15:00+00:00,407.7749288,0,23.81333333,407.2634897,0,23.5,17.9,65.6323779,140.6034622,11.17445442,17.3139258,35.0999004,0,0
2025-06-29 04:30:00+00:00,407.6955556,0,23.9,406.3760959,0,23.5,17.88666667,68.61255556,99.09594012,13.20621068,17.46661111,35.01142857,0,0
2025-06-29 04:45:00+00:00,407.2395657,0,23.9,405.6406803,0,23.5,17.75882937,71.41962482,157.2334557,15.17386364,17.60820346,34.97063492,0,0
2025-06-29 05:00:00+00:00,407.3225926,0,23.9,405.4747186,0,23.59888889,17.7,74.48278571,209.3293311,17.30872222,17.83837566,34.72740741,0,0
2025-06-29 05:15:00+00:00,406.0972549,0,23.99,405.9338095,0,23.6,17.60133333,77.4911544,227.9168971,19.44276575,17.93864935,34.95895238,0,0
2025-06-29 05:30:00+00:00,406.1559004,0,24,405.5686561,0,23.6,17.6,80.31487302,327.0599383,21.47072872,18.02695065,35.20875661,0,0
2025-06-29 05:45:00+00:00,405.8218566,0,24,405.6658181,0,23.6,17.6,83.32565193,234.339281,23.63087095,18.27222635,35.22142857,0,0
2025-06-29 06:00:00+00:00,405.0621391,0,24.09111111,405.6117002,0,23.6,17.69333333,86.17129915,364.5072864,25.6574416,18.53869048,35.15666667,0,0
2025-06-29 06:15:00+00:00,405.739899,0,24.1,405.2577778,0,23.68266667,17.75333333,89.41478571,404.7426877,27.92186508,18.40722487,35.14647619,0,0
2025-06-29 06:30:00+00:00,406.1259714,0,24.1,404.7826235,0,23.7,17.87692308,92.541163,451.6955455,30.07759354,18.61978571,34.70853175,0,0
2025-06-29 06:45:00+00:00,405.7829396,0,24.10666667,404.7601936,0,23.7,17.90666667,95.56931624,477.3280349,32.11557265,18.8089362,34.65087912,0,0
2025-06-29 07:00:00+00:00,405.0872407,0,24.2,405.2653914,0,23.77833333,18.00666667,98.84647543,500.2913048,34.26841354,18.87213352,34.74628947,0,0
2025-06-29 07:15:00+00:00,405.6345238,0,24.2,405.4669177,0,23.8,18.1,102.3547143,527.951363,36.464329,18.89376923,34.79407407,0,0
2025-06-29 07:30:00+00:00,404.9849151,0,24.2,405.7397373,0,23.8,18.1,105.6791837,558.5254675,38.4255102,18.90204082,34.88096903,0,0
2025-06-29 07:45:00+00:00,405.5877866,0,24.23555556,405.1938764,0,23.8,18.13333333,109.1033704,586.3360084,40.42355556,18.93489418,35.21305556,0,0
2025-06-29 08:00:00+00:00,405.6525036,0,24.3,405.7488707,0,23.785,18.2,113.1931746,634.8370524,42.59822222,19.14104497,35.18833333,0,0
2025-06-29 08:15:00+00:00,405.7461752,0,24.3,405.2579385,0,23.8832619,18.29333333,117.1507123,666.0168212,44.54164021,18.83334066,34.85415007,0,0
2025-06-29 08:30:00+00:00,405.117304,0,24.3,404.5757937,0,23.9,18.39285714,120.916614,672.4564983,46.26529042,18.8591562,34.90282036,0,0
2025-06-29 08:45:00+00:00,405.568267,0,24.36666667,404.7153854,0,23.9,18.4,125.577,620.0703653,48.21759259,18.79046667,35.06280952,0,0
2025-06-29 09:00:00+00:00,404.9248736,0,24.4,404.4580808,0,23.9424127,18.4,130.4098413,718.5877818,50.02884921,19.16533333,35.22662537,0,0
2025-06-29 09:15:00+00:00,405.4992063,0,24.4,404.792289,0,24,18.4,135.1737103,498.5112871,51.59680556,19.04049603,35.22207792,0,0
2025-06-29 09:30:00+00:00,404.9686665,0,24.4,404.6829102,0,24,18.4,139.863254,743.8143496,52.95142857,18.8802963,35.23416667,0,0
2025-06-29 09:45:00+00:00,404.5035714,0,24.4,404.7392927,0,24,18.4,145.5474074,784.9582611,54.37478175,19.39681686,35.13204902,0,0
2025-06-29 10:00:00+00:00,405.0986086,0,24.4,404.4874717,0,24.00666667,18.43583333,151.4487121,783.1482193,55.57198391,19.71711366,34.82690476,0,0
2025-06-29 10:15:00+00:00,404.6314192,0,24.4,404.240086,0,24.1,18.53571429,157.1704422,782.0692602,56.51456633,19.7060119,35.01388889,0,0
2025-06-29 10:30:00+00:00,404.5074916,0,24.4,404.639019,0,24.1,18.6,163.1045152,642.8329521,57.21195767,19.55940741,35.32095671,0,0
2025-06-29 10:45:00+00:00,404.8989402,0,24.4,404.9918495,0,24.1,18.71666667,169.642463,737.2800371,57.8075,19.5307647,35.11583333,0,0
2025-06-29 11:00:00+00:00,404.6523303,0,24.45692308,404.7553514,0,24.1,18.81111111,175.6644444,682.1554989,58.06709259,19.59660969,34.95722222,0,0
2025-06-29 11:15:00+00:00,404.7087058,0,24.5,404.3470809,0,24.13571429,18.91190476,182.4025987,768.5041759,58.09910714,19.58619202,34.65614164,0,0
2025-06-29 11:30:00+00:00,403.9157556,0,24.5,404.1953481,0,24.2,19.03301587,188.3884459,565.7584322,57.96611544,19.83729088,34.73033769,0,0
2025-06-29 11:45:00+00:00,404.3459349,0,24.5,404.4669233,0,24.2,19.13822222,194.8324127,827.5289277,57.50936508,19.83096142,35,0,0
2025-06-29 12:00:00+00:00,404.1471048,0,24.5,403.6776114,0,24.2,19.41801587,200.7486905,802.1436815,56.90714286,19.81938776,35.27663265,0,0
2025-06-29 12:15:00+00:00,404.5687224,0,24.5260989,403.8403487,0,24.23333333,19.61406593,206.6997407,788.2631222,56.02338889,20.271,35.15666667,0,0
2025-06-29 12:30:00+00:00,403.6853042,0,24.58,403.5478103,0,24.3,19.84666667,212.8148333,772.6274727,54.87933333,19.95353175,34.872,0,0
2025-06-29 12:45:00+00:00,403.0237037,0,24.6,403.9311404,0,24.37333333,20.04285714,218.370627,763.8214118,53.57761905,20.03732381,34.82161616,0,0
2025-06-29 13:00:00+00:00,403.261746,0,24.62142857,403.7764162,0,24.49081633,20.2,223.3394655,745.0300657,52.20632653,20.04482143,35,0,0
2025-06-29 13:15:00+00:00,403.3162239,0,24.7,403.9788023,0,24.6,20.26666667,228.2378148,730.4334385,50.67809259,19.85068718,35.14674074,0,0
2025-06-29 13:30:00+00:00,403.8780313,0,24.7,403.3263402,0,24.7445,20.64444444,233.0146667,715.8636804,48.97481481,19.75434947,35,0,0
2025-06-29 13:45:00+00:00,404.1955156,0,24.81354167,403.5902256,0,24.88809524,20.7,237.3157029,695.4680369,47.25527211,19.89591837,34.90228414,0,0
2025-06-29 14:00:00+00:00,405.1226694,0,24.9,403.8514584,0,25.07083333,20.74244444,241.3392227,676.2562808,45.48540404,19.78043771,34.84640212,0,0
2025-06-29 14:15:00+00:00,404.6052757,0,24.99444444,403.27917,0,25.23222222,20.88666667,245.5734259,652.4028584,43.44157407,19.65365079,35.03333333,0,0
2025-06-29 14:30:00+00:00,404.9137703,0,25.06,404.3150841,0,25.41622222,20.9,249.02,629.4363119,41.6285291,19.63465628,35.18159091,0,0
2025-06-29 14:45:00+00:00,404.9016673,0,25.12142857,404.3294488,0,25.57857143,21,253.0490976,597.6656775,39.40233239,19.54036674,34.9575,0,0
2025-06-29 15:00:00+00:00,404.4761243,0,25.20888889,404.3279495,0,25.7347619,21,256.4831859,570.0822755,37.40003108,19.48922559,34.82809524,0,0
2025-06-29 15:15:00+00:00,405.4119048,0,25.36315193,404.568928,0,25.91759259,21,259.9697778,538.9003722,35.25315832,19.37060769,34.23138889,0,0
2025-06-29 15:30:00+00:00,405.8749622,0,25.43279365,404.8440097,0,26.12761905,21,263.1667251,508.2073069,33.176443,19.1818215,35.79462963,0,0
2025-06-29 15:45:00+00:00,404.7451174,0,25.40595238,405.1113053,0,26.37857143,20.97755102,266.4528309,496.7076923,30.98528448,19.20377551,34.71298701,0,0
2025-06-29 16:00:00+00:00,405.3081444,0,25.588,405.4656566,0,26.53222222,20.9,269.4776667,386.7948848,28.87464286,18.67502116,34.90555556,0,0
2025-06-29 16:15:00+00:00,406.082661,0,25.65714286,404.8870754,0,26.44030423,20.75333333,272.7488042,383.5352913,26.61748677,18.61865,34.9,0,0
2025-06-29 16:30:00+00:00,405.3192982,0,25.7352381,404.5831169,0,26.3,20.55333333,275.7462857,349.6109797,24.49404762,18.67604815,35.11495238,0,0
2025-06-29 16:45:00+00:00,405.5925408,0,25.73387755,404.673414,0,26.31349206,20.49196429,278.5914909,231.5012873,22.44107401,18.40022196,35.2,0,0
2025-06-29 17:00:00+00:00,405.4833311,0,25.85018519,404.6680952,0,26.43555556,20.3525,281.4754234,284.6013146,20.40893246,18.37694041,35.23747944,0,0
2025-06-29 17:15:00+00:00,405.2657688,0,25.87194444,404.8281818,0,26.53237037,20.19027778,283.9896537,256.364367,18.60377778,18.3264632,35.39826431,0,0
2025-06-29 17:30:00+00:00,405.0806624,0,25.82857143,403.797795,0,26.51428571,20.06428571,287.43875,139.7195533,16.13196429,17.83119048,34.75019841,0,0
2025-06-29 17:45:00+00:00,405.4666667,0,25.89333333,404.5133513,0,26.59733333,19.90571429,290.3908148,152.4467597,14.0626455,17.68825397,34.69333333,0,0
2025-06-29 18:00:00+00:00,403.9763392,0,25.96,405.1554873,0,26.6,19.63066667,292.9086722,151.5394775,12.32490415,17.39945876,35.17533333,0,0
2025-06-29 18:15:00+00:00,404.0375263,0,25.9,404.2796492,0,26.6,19.396,296.1917491,140.5781934,10.15815324,17.25102234,35.12048773,0,0
2025-06-29 18:30:00+00:00,404.0427807,0,25.9,404.6861883,0,26.6,19.21105442,299.1011905,105.1308898,8.241870748,17.02259122,35.17589286,0,0
2025-06-29 18:45:00+00:00,404.0875041,0,25.9,404.0819298,0,26.51333333,18.9287037,301.7551364,77.38148942,6.573358396,16.70435253,34.99917576,0,0
2025-06-29 19:00:00+00:00,404.4455688,0,25.88666667,404.2002977,0,26.43856061,18.6,305.173137,36.30161305,4.511055149,16.42501425,34.64735755,0,0
2025-06-29 19:15:00+00:00,404.6564021,0,25.8,404.6574224,0,26.32849206,18.32303571,308.0545387,26.59724011,2.895941318,16.16606061,34.98311772,0,0
2025-06-29 19:30:00+00:00,404.7652778,0,25.71666667,405.3135642,0,26.06954082,18.02361111,311.2673469,11.14400641,1.109982993,15.86039116,34.9,0,0
2025-06-29 19:45:00+00:00,405.2119535,0,25.66888889,405.4599237,0,25.92347884,17.79071429,314.1343598,4.101333422,-0.277108706,15.55899716,35.02831909,0,0
2025-06-29 20:00:00+00:00,405.9194777,0,25.6,405.9405033,0,25.79833333,17.50111111,317.1278042,1.570926635,-1.718412698,15.31768519,34.72857143,0,0
2025-06-29 20:15:00+00:00,404.7883894,0,25.53333333,405.3929336,0,25.6231746,17.28666667,320.2031169,0.552336135,-3.086666667,15.19794872,34.76935065,0,0
2025-06-29 20:30:00+00:00,405.5931378,0,25.47142857,404.7694695,0,25.56904762,17.03571429,323.3567293,0.083359724,-4.445020099,14.98460557,35.36538105,0,0
2025-06-29 20:45:00+00:00,405.7390067,0,25.4,404.8201492,0,25.48,16.82111111,326.7466667,0,-5.707833333,14.78577778,35.3,0,0
2025-06-29 21:00:00+00:00,405.5996083,118.4079158,25.19251701,405.2720689,115.0057,25.31888889,16.39904762,330.0306878,0,-6.856366013,14.604,35.38509259,0,0
2025-06-29 21:15:00+00:00,427.1163904,169.2684707,24.80455782,419.4616227,165.6780566,25.10470085,16.37857143,333.4246232,0,-7.931694415,14.5127551,35.4,0,0
2025-06-29 21:30:00+00:00,453.6338824,172.5472456,24.44583333,446.4260095,164.1384955,24.73416667,16.24666667,336.6752011,0,-8.804537037,14.34023925,35.42,0,0
2025-06-29 21:45:00+00:00,467.2272592,168.6714685,24.25646465,462.1532705,163.2259063,24.60512266,16.112,340.2460943,0,-9.639848485,14.23785714,35.82844733,0,0
2025-06-29 22:00:00+00:00,474.5355533,262.7312485,24.02352381,472.253756,264.0503048,24.42909259,15.80222222,343.7666243,0,-10.33492593,14.06621693,35.84023044,0,0
2025-06-29 22:15:00+00:00,482.8130727,315.4141156,23.81428571,481.1592826,310.9297626,24.17535714,15.6,347.30604,0,-10.87857143,14.10714286,36.05089286,0,0
2025-06-29 22:30:00+00:00,485.598815,312.6500144,23.64518519,485.5417937,312.9319524,23.92722222,15.56,350.5715256,0,-11.2548658,14.16247436,35.65333333,0,0
2025-06-29 22:45:00+00:00,486.4549247,309.22003,23.35944444,487.2682141,320.4041656,23.70861953,15.43071429,353.803,0,-11.5621746,14.1115,36,0,0
2025-06-29 23:00:00+00:00,487.2441004,316.9658009,23.25238095,486.3206831,322.4014922,23.61925926,15.32730159,357.7468122,0,-11.74740741,13.96299254,36.06,0,0
2025-06-29 23:15:00+00:00,487.9940373,318.3909091,23.06961168,486.9578328,317.0398098,23.51719388,15.13392857,26.94217404,0,-11.8,13.71327072,35.99095238,0,0
2025-06-29 23:30:00+00:00,488.3905135,319.3495248,22.93888889,488.0593348,311.6291445,23.36311111,15.1,4.708592593,0,-11.66245238,13.52216667,36.68666667,0,0
2025-06-29 23:45:00+00:00,488.5041972,318.4950397,22.80288462,487.6505326,316.2073413,23.22307692,14.93076923,8.143948413,0,-11.44593254,13.44542659,36.7,0,0
2025-06-30 00:00:00+00:00,489.3233364,316.2791383,22.72142857,487.5474988,317.2825963,23.1,14.9,11.59211348,0,-11.08039064,13.38329365,36.7,0,0
2025-06-30 00:15:00+00:00,489.6989744,318.2580952,22.631,487.8411111,315.9030728,22.94666667,14.84666667,15.03706975,0,-10.59698581,13.35272407,36.7,0,0
2025-06-30 00:30:00+00:00,489.1737121,315.2452189,22.49333333,487.9118913,319.5526595,22.84888889,14.78666667,18.64049735,0,-9.928086081,13.21101587,36.7,0,0
2025-06-30 00:45:00+00:00,490.0638126,316.8497826,22.36,488.4083287,313.8048851,22.72666667,14.7,22.03762465,0,-9.21062963,13.27001852,36.78074074,0,0
2025-06-30 01:00:00+00:00,489.5720146,316.8614783,22.3,488.6550285,310.8179397,22.60623016,14.62142857,25.26037415,0,-8.39872449,13.24854649,37.00982143,5.752146866,3.872122454
2025-06-30 01:15:00+00:00,488.3739234,317.5322914,22.27233333,487.072842,313.9711256,22.57638889,14.56,28.44480427,0,-7.484136752,12.97073915,37.14798209,1.379591598,0
2025-06-30 01:30:00+00:00,489.6997595,318.4517795,22.13333333,487.1399468,316.1192803,22.47152381,14.5,31.80444567,0,-6.377981741,12.98116548,36.83898413,0,0
2025-06-30 01:45:00+00:00,489.2934259,284.8038384,22.09333333,487.4738713,313.9901557,22.37740741,14.48111111,35.25090557,0.019443711,-5.113228242,12.90803009,37.24377778,0.117089085,0
2025-06-30 02:00:00+00:00,488.181746,296.6161333,22.08167517,486.8403449,315.1333084,22.3,14.4,38.55626417,0.343603445,-3.808302412,12.84862245,37.5726995,0.334915751,0.000535714
2025-06-30 02:15:00+00:00,491.7956965,263.5603785,22.14666667,489.6919361,313.3100459,22.277,14.4,41.62333333,1.331318549,-2.485,12.84,37.32210317,0.314912458,0
2025-06-30 02:30:00+00:00,498.0098607,239.0823148,22.12666667,499.1037631,315.8357264,22.23079365,14.34666667,44.75902381,3.887488951,-0.98830784,12.743495,37.05472831,0.39271849,0.022004103
2025-06-30 02:45:00+00:00,502.6303571,249.7689396,22.11693878,500.5257211,312.759951,22.2,14.3,47.9317033,9.950532255,0.491814436,12.83323078,37.11534271,0.393464229,0.017990431
2025-06-30 03:00:00+00:00,494.9536111,91.36719577,22.31595238,493.9321982,105.8278055,22.19309524,14.3,50.84461392,22.61599575,2.027484294,12.81242275,36.84980952,0.161373737,0.073935803
2025-06-30 03:15:00+00:00,489.13332,66.67421215,22.68666667,488.3964946,64.06295613,22.43388889,17.26666667,53.85279461,39.78978329,3.734763533,12.946,37.29935281,0.008139683,0.005587302
2025-06-30 03:30:00+00:00,485.1604066,66.38236101,22.77555556,485.9871504,62.09735328,22.53333333,17.30571429,56.79449735,61.08417104,5.478349206,13.10206032,37.14694444,0,0
2025-06-30 03:45:00+00:00,484.340309,66.95769841,22.83072562,483.3218655,62.8004386,22.6025974,17.1,59.63106794,89.39716386,7.239240017,13.32126173,36.81601184,0,0
2025-06-30 04:00:00+00:00,482.6226331,67.3125237,22.94408081,482.0637692,62.35264735,22.70371795,17.1,62.39784512,60.78103184,8.98195614,13.34674339,37.10429607,0,0
2025-06-30 04:15:00+00:00,480.9996154,65.97350513,23.02166667,480.7359864,61.94725465,22.8,17.1,65.59486772,89.09187415,11.10249327,13.30343651,36.89611111,0,0
2025-06-30 04:30:00+00:00,479.8531606,67.22600877,23.05233333,479.2673976,62.6973504,22.8,17.10166667,68.72211111,133.6918164,13.21353704,13.48422222,36.7,0,0
2025-06-30 04:45:00+00:00,480.2916486,66.48402537,23.15178571,479.1985768,63.05722504,22.89285714,17.19375,71.53575397,149.8371716,15.18793651,13.45949802,36.82857143,0,0
2025-06-30 05:00:00+00:00,483.4510313,66.66372609,23.1597619,478.6837579,61.98984438,22.80696296,17.19247619,74.434,178.4128838,17.22531481,13.62604444,36.37120635,0,0.013308913
2025-06-30 05:15:00+00:00,494.8647596,66.20703441,23.33333333,488.4698135,63.35765901,22.87333333,17.02867133,77.47857143,213.0554997,19.3585,13.92865801,36.20060606,0,0
2025-06-30 05:30:00+00:00,499.1308877,65.91877289,23.36465986,504.8786672,61.58360066,22.93054138,16.99047619,80.14166667,169.6630692,21.26879252,14.10744589,36.17486395,0,0
2025-06-30 05:45:00+00:00,524.0821552,67.16157895,23.40214286,517.7331613,63.04273504,23.09333333,16.85961538,83.27152381,117.0551956,23.51784656,13.97101296,35.91597884,0,0
2025-06-30 06:00:00+00:00,562.9631784,66.19946144,23.52666667,550.8760978,62.66600271,23.072,16.95,86.32923232,157.7980183,25.67522367,14.16545455,35.80668272,0,0.021783254
2025-06-30 06:15:00+00:00,587.5419086,66.64169667,23.66222222,592.9140843,62.09116611,23.31117989,17,89.2635,162.3149377,27.72984127,14.26797619,35.65297619,0,0
2025-06-30 06:30:00+00:00,612.821158,66.17142857,23.84666667,615.3150115,62.05454545,23.48005952,17.07619048,92.56704082,215.5423602,30.03222789,14.29692641,35.70410714,0,0
2025-06-30 06:45:00+00:00,631.8739306,66.21242572,23.92,636.7331002,61.98633396,23.69384127,17.13333333,95.66814286,242.4042807,32.1337672,14.45628653,35.70481065,0,0
2025-06-30 07:00:00+00:00,658.1601901,66.1862556,23.95,654.9268984,61.87467182,23.88936508,17.18333333,98.96739057,253.9923545,34.25347475,14.74259259,35.47958393,0,0
2025-06-30 07:15:00+00:00,666.1231941,70.82834776,24.23195238,651.1476943,63.0505588,23.90888889,17.04884848,102.3775926,395.6433307,36.39878307,15.18593484,34.9405291,0,0
2025-06-30 07:30:00+00:00,676.6160742,93.0462038,24.27363946,662.4769099,62.67327775,23.96428571,17.16043084,105.8507537,329.0520357,38.48655612,15.415625,35.22797619,0,0
2025-06-30 07:45:00+00:00,663.5403132,112.7555459,24.15466667,668.1090617,62.5353061,24.04044444,17.15333333,109.5234815,543.3119877,40.57453175,15.5327037,35.05588095,0,0
2025-06-30 08:00:00+00:00,649.6295181,126.3195055,24.27329365,658.9914367,64.32399267,24.02992063,17.10166667,112.9963333,538.9198975,42.38486532,15.62878205,34.90558978,0,0
2025-06-30 08:15:00+00:00,634.6488961,154.6506118,24.20178571,643.8283184,74.68175678,24.05703704,17.11247619,117.3073112,657.5481376,44.55693279,16.02594084,34.93139738,0,0
2025-06-30 08:30:00+00:00,619.4252711,178.5711146,24.25833333,630.1668733,80.28933417,24.16285714,17.3745671,121.2382795,501.4042097,46.35378401,16.49688492,34.77432359,0,0
2025-06-30 08:45:00+00:00,599.8795899,204.8033378,24.27464286,615.9062704,95.43951134,24.10606061,17.25285714,125.7081061,741.0273924,48.20829304,16.68570085,35.04310989,0,0
2025-06-30 09:00:00+00:00,594.7188311,220.3531553,24.18939394,614.4555989,99.43010824,24.07145455,17.2438073,129.9109798,496.5041826,49.78313468,16.93053199,35.23714286,0,0
2025-06-30 09:15:00+00:00,586.6021942,239.405114,24.15639172,602.7244612,104.5291856,24.00261905,17.39714286,135.1398647,801.2018396,51.52307359,17.26616883,35.17855339,0,0
2025-06-30 09:30:00+00:00,586.8228661,246.0493386,24.10765079,598.0625615,105.4541777,24.00103175,17.04285714,140.1250433,776.2335309,52.94953968,17.26636508,35.35857143,0,0
2025-06-30 09:45:00+00:00,595.4355848,252.4071024,24.08954545,597.0769878,102.0466862,23.96,17.24143915,145.5291337,777.5654443,54.29253922,17.45911687,35.213114,0,0
2025-06-30 10:00:00+00:00,589.3607364,261.8594849,24.10518519,577.2266889,95.26966066,23.87611111,17.3437037,151.2852737,770.6878319,55.47956061,17.46905176,34.85733333,0,0
2025-06-30 10:15:00+00:00,553.2030438,267.2378788,24.1,557.7705815,84.4175642,23.9,17.62583333,157.0385204,762.4269453,56.41600057,17.9075,34.9,0,0
2025-06-30 10:30:00+00:00,538.02402,273.7871469,24.00154762,559.5438106,74.72572744,23.8887619,17.36428571,162.5357698,770.1233567,57.12483333,17.98324074,34.84347436,0,0
2025-06-30 10:45:00+00:00,557.6535878,272.2278421,24.0587037,577.1940897,69.64636991,23.97416667,17.10472222,169.4664947,779.1867609,57.70185185,18.43021905,35.23730769,0,0
2025-06-30 11:00:00+00:00,576.867754,278.0271356,23.98461538,592.3051123,69.68129648,23.98262626,17.12884615,175.7651111,787.848951,57.99688889,18.64531653,35.16021895,0.038161905,0
2025-06-30 11:15:00+00:00,582.114033,279.0029203,24.04212018,586.7773439,63.92114946,23.86165533,17.21547619,182.2604553,783.1393201,58.06428571,18.39973915,34.91558442,0,0
2025-06-30 11:30:00+00:00,578.4605511,281.9975447,24.03444444,582.1229228,62.98671551,23.91420635,17.215,188.5905847,781.9521698,57.86914286,18.69986429,35.13930199,0,0
2025-06-30 11:45:00+00:00,580.4053491,284.0083036,23.99466667,577.6016263,62.84042136,23.96083333,17.26,194.9326737,809.5425678,57.45282051,18.64557071,35.19316402,0,0
2025-06-30 12:00:00+00:00,591.8234765,289.773632,24.07080499,584.721721,63.16106554,23.93566327,17.18346939,200.8360884,782.5223372,56.81431973,18.82594898,34.96076923,0,0
2025-06-30 12:15:00+00:00,589.7418398,288.7791393,24.03255026,594.468839,63.03860963,24,17.15111111,206.356963,775.9671721,55.98718519,18.89269841,34.925,0,0
2025-06-30 12:30:00+00:00,567.979596,289.1653926,23.9072381,582.6923211,62.70981502,24.03333333,17.16533333,212.7906138,767.9812606,54.80111111,19.27111111,34.76366667,0,0
2025-06-30 12:45:00+00:00,540.770463,289.9202116,23.98461538,571.9938093,65.86256789,24.08787302,17.09230769,218.0060714,755.6905434,53.62869048,19.33141905,35.01028571,0,0
2025-06-30 13:00:00+00:00,532.2981225,285.1844584,23.93571429,565.5826416,72.7707959,24.1,17.07142857,222.8470238,744.8704123,52.29961735,19.65680272,35.07284581,0,0
2025-06-30 13:15:00+00:00,520.2253968,285.9634867,23.98666667,557.1446168,80.96563444,24.08101852,17.03061905,228.0791508,729.7515021,50.67362963,19.76553539,35.199,0,0
2025-06-30 13:30:00+00:00,513.7890429,280.3185167,23.98469388,526.9733277,90.1099208,24.1,17.29535714,232.8049383,709.858871,48.99762963,19.93583497,35.32848684,0,0
2025-06-30 13:45:00+00:00,501.6464909,283.8483333,24,510.561544,102.9434668,24.12666667,17.20888889,237.2563095,696.1897354,47.20059524,20.21825926,35.30161838,0,0
2025-06-30 14:00:00+00:00,492.4910714,105.7870552,24.05,498.2555359,82.65436635,24.22397959,15.45007326,241.4749405,555.9437091,45.33109694,19.88523397,34.83146259,0,0
2025-06-30 14:15:00+00:00,491.2271512,63.84462438,24.23095238,494.1669932,62.2435804,24.38777778,14.65142857,245.367281,662.4860344,43.47226414,20.16001903,34.82234848,0,0
2025-06-30 14:30:00+00:00,489.5206144,65.49427913,24.31833333,489.6712281,63.27366713,24.576,17.49577778,249.0724339,630.3524817,41.52079365,20.09287157,34.68095238,0,0
2025-06-30 14:45:00+00:00,485.8067227,65.49963819,24.4,488.2965833,63.26867927,24.67609977,17.10443878,252.4697078,524.6940229,39.64756494,20.2743321,34.97142857,0,0
2025-06-30 15:00:00+00:00,484.0334875,64.2854902,24.4,484.2913912,63.08669698,24.82984127,17.41333333,256.3217566,530.2990174,37.40080423,20.34688889,35.0645,0,0
2025-06-30 15:15:00+00:00,481.5790612,64.6562963,24.48,482.3787037,63.13231752,25.05407407,17.23453968,259.5464226,507.7466564,35.38493266,20.22821238,34.81682705,0,0
2025-06-30 15:30:00+00:00,478.7413069,64.62957552,24.57333333,480.6390838,63.06479352,25.3075,17.36333333,263.1136835,522.9031906,33.12546489,20.46719709,34.91859324,0,0
2025-06-30 15:45:00+00:00,477.8641533,64.47464121,24.60714286,478.6792465,62.38028019,25.49040816,17.01721088,265.9684941,443.9298997,31.20093151,20.39393318,34.82929713,0,0
2025-06-30 16:00:00+00:00,476.168866,65.01616809,24.7,475.7036905,62.79424306,25.42853175,16.70891005,269.2387055,448.389531,29.00017416,20.03728519,35,0,0
2025-06-30 16:15:00+00:00,474.2744444,65.00666667,24.76666667,474.7306295,63.05783202,25.4,16.62,272.657664,391.3779134,26.6193254,20.06508862,34.80380952,0,0
2025-06-30 16:30:00+00:00,474.2021812,65.07921224,24.83333333,472.9140938,63.70954913,25.33444444,16.61222222,275.6727838,348.2646032,24.46744709,20.07250909,34.81264069,0,0
2025-06-30 16:45:00+00:00,472.4609668,65.08392203,24.9,473.7430659,63.20784301,25.36862245,16.91071429,278.483631,307.8103969,22.42024943,19.9455102,34.73715729,0,0
2025-06-30 17:00:00+00:00,470.973815,64.99150747,24.91333333,472.0522256,63.50168622,25.488,16.81557692,281.4960735,292.8556892,20.29183333,19.93863387,34.7962963,0,0
2025-06-30 17:15:00+00:00,470.0765432,65.31154187,25,471.1590455,63.533641,25.75231746,16.97166667,284.371275,272.2007221,18.26361656,20.04575842,35.02807018,0,0
2025-06-30 17:30:00+00:00,469.2939542,64.38274573,25.01428571,471.0683918,62.87861582,25.96530612,16.86795918,287.4451465,237.0666511,16.05162338,20.09636447,35.24357143,0,0
2025-06-30 17:45:00+00:00,468.5274138,66.23220714,25.1,470.5790386,62.96195701,25.74785714,16.9,290.3612735,205.3309818,14.0102381,20.08183291,35.4,0,0
2025-06-30 18:00:00+00:00,468.841443,65.48059611,25.1,469.4567288,62.84712308,25.80444444,16.87066667,293.1440999,174.2521364,12.10123436,19.9434532,35.4,0,0
2025-06-30 18:15:00+00:00,468.0131207,65.36714286,25.12533333,469.1804301,63.58377799,25.9,16.75492063,296.1818131,142.5565183,10.07671212,19.71498283,35.40428571,0,0
2025-06-30 18:30:00+00:00,467.6654135,64.66597516,25.13116497,469.6883014,62.11585756,25.9,16.92285714,299.0690208,113.164959,8.208197794,19.74550228,34.96392496,0,0
2025-06-30 18:45:00+00:00,467.0630467,64.42060045,25.12666667,468.9572918,63.01367521,25.78666667,17.1,301.9960317,84.60171567,6.352202351,19.38698023,34.7,0,0
2025-06-30 19:00:00+00:00,467.5842781,12.84102564,25.1,468.8210774,13.53986014,25.87333333,17.06481481,305.0255656,57.03207782,4.532526036,19.39023489,34.7,0,0
2025-06-30 19:15:00+00:00,467.9473333,0,25.12,468.8233586,0,25.84,17.56,307.9516498,33.59886404,2.899698742,18.93098643,34.7,0,0
2025-06-30 19:30:00+00:00,467.6465807,0,25.1,467.7435034,0,25.56330782,17.66428571,310.8577819,17.16404341,1.295871985,18.59771008,34.7,0,0
2025-06-30 19:45:00+00:00,465.9774758,0,25.08,466.7921212,0,25.42698413,17.6,314.1507593,5.989816065,-0.366018519,18.162,34.7,0,0
2025-06-30 20:00:00+00:00,465.5989418,0,25,466.8128265,0,25.2707619,17.56666667,317.1859748,2.211244986,-1.834125395,17.82357332,34.7,0,0
2025-06-30 20:15:00+00:00,465.7328879,0,24.95333333,466.6791558,0,25.15904762,17.5,320.6046619,0.634090909,-3.333333333,17.45904502,34.684,0,0
2025-06-30 20:30:00+00:00,464.5556544,0,24.9,465.9640857,0,25.09857143,17.50192308,323.528582,0.156973153,-4.558420944,17.16408782,34.90048186,0,0
2025-06-30 20:45:00+00:00,463.7811111,0,24.86,464.434386,0,24.9821746,17.65444444,326.8677052,0,-5.834480247,16.94756394,34.81003294,0,0
2025-06-30 21:00:00+00:00,462.8617343,0,24.79333333,464.9048336,0,24.86666667,17.7,330.1246284,0,-6.973030303,16.73181818,35.09808442,0,0
2025-06-30 21:15:00+00:00,462.3062867,0,24.7,462.7835089,0,24.8,17.8,333.2623663,0,-7.93859127,16.66269841,35.30989011,0,0
2025-06-30 21:30:00+00:00,461.1861728,0,24.68583333,462.7870955,0,24.73333333,17.9,336.7229127,0,-8.859693122,16.59461279,35.33816138,0,0
2025-06-30 21:45:00+00:00,460.5338885,0,24.6,461.7742088,0,24.67055556,18.01333333,340.2632239,0,-9.698804233,16.64384574,34.90190476,0,0
