,R05_07_N_CO201,R05_07_N_FCI01_1,R05_07_N_TRU01,R05_07_V_CO201,R05_07_V_FCI01_1,R05_07_V_TRU01,HTRK_VEN01_TI01,HTR9_VES01_AZ01,HTR9_VES01_SI01,HTR9_VES01_SV01,HTR9_VES01_TUD01
2025-05-01 00:00:00+00:00,483.3388889,0.0,23.4,485.2006421,0.0,23.2,14.86266667,14.51682292,0.0,-18.80925926,11.14471667
2025-05-01 00:15:00+00:00,482.7508152,0.0,23.3484375,484.8298909,0.0,23.12386364,14.64902304,18.09544147,0.0,-18.25244093,11.11804496
2025-05-01 00:30:00+00:00,482.817003,0.0,23.3,484.015625,0.0,23.1,14.41785714,21.94564553,0.0,-17.478125,11.27933036
2025-05-01 00:45:00+00:00,481.2364168,0.0,23.3,483.6308857,0.0,23.1,14.18888889,25.67896401,0.0,-16.60058036,11.46003314
2025-05-01 01:00:00+00:00,480.4484392,0.0,23.27666667,482.5550807,0.0,23.04,13.95444444,29.33532738,0.0,-15.62706926,11.45238095
2025-05-01 01:15:00+00:00,481.3472126,0.0,23.225,481.6704455,0.0,23.0,13.80867063,32.54194712,0.0,-14.63098984,11.34624199
2025-05-01 01:30:00+00:00,479.4765067,0.0,23.2,482.069458,0.0,23.0,13.67020833,35.98815359,0.0,-13.4403612,11.20480903
2025-05-01 01:45:00+00:00,479.4301895,0.0,23.2,481.8995849,0.0,22.99270833,13.5140873,39.61409395,0.0,-12.09201007,11.27213507
2025-05-01 02:00:00+00:00,479.4413228,0.0,23.12666667,481.6107026,0.0,22.92564103,13.35407407,42.88419625,0.0,-10.68157744,11.04096441
2025-05-01 02:15:00+00:00,478.5178565,0.0,23.1,481.1250273,0.0,22.9,13.21197917,46.15172311,0.0,-9.206846105,10.766039
2025-05-01 02:30:00+00:00,477.5586411,0.0,23.1,480.9352679,0.0,22.9,13.13333333,49.72698909,0.0,-7.484305556,10.98922917
2025-05-01 02:45:00+00:00,477.5729873,0.0,23.04375,479.5514262,0.0,22.85130208,13.04375,52.8569281,0.0,-5.817083333,11.26891791
2025-05-01 03:00:00+00:00,477.1914253,39.52726018,23.0,479.3760787,38.50869351,22.8,13.09444444,56.04493651,0.184462626,-4.053333333,11.08552381
2025-05-01 03:15:00+00:00,476.8075497,60.20190952,23.0,479.6405791,61.09133112,22.8,17.85486111,59.01261259,1.070735454,-2.360869733,11.08472222
2025-05-01 03:30:00+00:00,480.4424107,60.21809608,23.0,484.0438305,60.53614806,22.8,16.99404762,62.40694444,4.755249783,-0.330902778,10.90762311
2025-05-01 03:45:00+00:00,482.8311111,60.11117216,22.90769231,486.9667502,60.92884716,22.79230769,16.29418803,65.65555556,14.85992839,1.643162393,11.27102564
2025-05-01 04:00:00+00:00,484.5070248,59.43753421,22.9,487.5605892,60.40933309,22.7,16.80939394,68.61136508,26.18622762,3.557142857,11.59809524
2025-05-01 04:15:00+00:00,486.0589986,59.62140307,22.87361111,489.4901316,61.07329751,22.7,17.36041667,71.55473641,61.56751052,5.470606303,11.64036458
2025-05-01 04:30:00+00:00,485.7188494,59.54431654,22.8,490.3664063,61.00987395,22.7,16.9493006,74.58733732,94.60687667,7.600235528,11.63561966
2025-05-01 04:45:00+00:00,487.6646938,59.47148526,22.8,491.2722503,60.76400759,22.7,16.88616071,77.71979458,112.8007912,9.742775974,11.80289773
2025-05-01 05:00:00+00:00,488.334927,59.42204132,22.8,490.4612436,60.7219056,22.7,17.00766667,80.62803419,144.0841928,11.73034188,12.00825397
2025-05-01 05:15:00+00:00,493.0644986,59.91327207,22.80625,493.3809,60.96890609,22.7,17.11458333,83.72513602,167.6826917,13.85008658,11.46183712
2025-05-01 05:30:00+00:00,509.8065657,59.55713805,22.8875,500.8907015,60.92953089,22.7,16.80625,86.7789736,196.5062678,16.06919795,11.45625
2025-05-01 05:45:00+00:00,506.8024872,59.81165669,22.9,503.7166661,61.19075707,22.71841518,16.77333333,89.83020563,228.7964191,18.23824743,11.85039778
2025-05-01 06:00:00+00:00,505.3877946,59.77130102,22.9,505.1051282,61.39089168,22.78666667,17.00111111,92.9234127,267.2518797,20.36253968,12.48554762
2025-05-01 06:15:00+00:00,506.2442766,59.773639,22.9,505.9404762,61.38813242,22.7875,17.0375,95.99535714,290.9819208,22.44876488,13.0775
2025-05-01 06:30:00+00:00,506.9641226,59.76818555,22.91041667,508.5410714,61.56722085,22.8,17.18125,99.25298345,325.2725159,24.67597403,13.90389886
2025-05-01 06:45:00+00:00,506.3374369,60.02524217,23.0,507.0366257,61.39432546,22.8,17.14270833,102.6575876,359.0894174,26.75486111,14.64395979
2025-05-01 07:00:00+00:00,504.2343239,59.73431856,23.0,504.6714815,61.92591298,22.8,16.925,106.0595238,393.8760013,28.88413757,14.85947302
2025-05-01 07:15:00+00:00,502.7683824,60.28179272,23.0,502.6127683,62.44472996,22.8,17.05,109.4658964,419.8029585,30.95000286,15.33325893
2025-05-01 07:30:00+00:00,501.5129534,60.87967385,23.0,500.8695903,63.03121519,22.8,17.11614899,112.8665932,441.3485095,32.83741139,15.8250132
2025-05-01 07:45:00+00:00,498.9982507,61.24011068,23.0,499.5598958,63.24980186,22.8,17.2,116.7065325,483.1789498,34.91530619,15.91939103
2025-05-01 08:00:00+00:00,497.4001728,62.17493842,23.0,498.4767094,63.79858835,22.8,17.16755556,120.3683854,489.73334,36.78112963,15.98938889
2025-05-01 08:15:00+00:00,497.3203591,62.68137772,23.0,498.5275565,64.43909825,22.80801136,17.0125,124.2947371,495.4689322,38.4690817,16.03033752
2025-05-01 08:30:00+00:00,497.2196757,62.55150327,23.01458333,496.2772753,64.7245399,22.81875,17.1015625,128.6862582,516.8875244,40.39736111,16.67036616
2025-05-01 08:45:00+00:00,495.8190814,62.96215853,23.105,495.8916396,65.35719888,22.9,17.08125,132.9486459,541.814651,42.03695617,16.98036601
2025-05-01 09:00:00+00:00,495.2803611,63.64464286,23.13722222,494.8256027,65.48936656,22.9,17.14666667,137.4217006,556.413676,43.52030362,17.15183925
2025-05-01 09:15:00+00:00,495.3007832,64.18152538,23.11849206,493.9235377,65.97003272,22.9,17.109375,141.7136386,549.2869328,44.78594733,17.37628534
2025-05-01 09:30:00+00:00,495.9863976,64.74000722,23.19833333,492.6456023,66.45541878,22.9,17.23166667,146.9435003,601.3970031,46.24946049,17.68055556
2025-05-01 09:45:00+00:00,496.5991956,65.0015213,23.2,491.7830534,67.09413901,22.9,17.25186869,151.9296229,620.1612569,47.31916157,18.16557314
2025-05-01 10:00:00+00:00,495.5308619,65.39105913,23.2,491.1514091,67.4133712,22.9,17.31919643,156.9383987,630.241337,48.28125,18.36700521
2025-05-01 10:15:00+00:00,492.8079044,65.90487226,23.2,490.7291088,67.90591337,22.994375,17.29517857,162.2712753,591.7041186,48.99552557,18.33807664
2025-05-01 10:30:00+00:00,490.5238025,66.39030577,23.2,490.2063956,68.24740944,23.0,17.305,167.9593275,659.7512804,49.65234089,18.8928311
2025-05-01 10:45:00+00:00,489.3578131,66.29936284,23.2,489.6812482,68.50333362,23.0,17.334367,172.7664238,693.3491849,49.94703199,18.97472759
2025-05-01 11:00:00+00:00,488.2128052,66.22171717,23.2,488.8669534,68.47839603,23.02625,18.2,178.6704429,681.4610821,50.15998264,19.58560162
2025-05-01 11:15:00+00:00,487.9760552,66.21313629,23.2,488.3735188,68.39568151,23.1,18.5,184.1801733,698.4779052,50.1199586,20.02338954
2025-05-01 11:30:00+00:00,487.0047777,66.12519333,23.2,486.6016574,68.20538026,23.1,18.55625,190.0702932,702.9852354,49.89866071,20.75711806
2025-05-01 11:45:00+00:00,489.5417019,65.96281011,23.2,486.0701939,68.86786609,23.1,17.728,195.2853084,697.8404542,49.42,21.00077778
2025-05-01 12:00:00+00:00,490.1258553,65.93073593,23.2,485.6038773,68.87452107,23.125,14.976875,200.8535502,696.6740535,48.69059028,20.53381076
2025-05-01 12:15:00+00:00,490.7287104,65.99771825,23.2,485.1124194,66.74893417,23.2,14.54357143,205.7398669,664.8634989,47.95986111,21.15860317
2025-05-01 12:30:00+00:00,489.6757813,66.09761905,23.2,484.4740741,63.96527778,23.2,16.64,211.1803221,540.9198033,46.83880952,21.03234402
2025-05-01 12:45:00+00:00,487.7408234,66.23099513,23.24375,485.0034478,64.16567104,23.28375,16.9375,215.9855112,607.1250567,45.67194853,20.84336483
2025-05-01 13:00:00+00:00,486.2872392,66.10883598,23.40625,483.7006392,64.25024817,23.44270833,17.0,220.6860623,635.1181447,44.32121325,19.82263573
2025-05-01 13:15:00+00:00,485.5810983,65.70315476,23.49125,483.8985028,63.96943932,23.50625,17.68107143,225.1644374,541.9803464,42.85352183,19.80384673
2025-05-01 13:30:00+00:00,486.0408738,65.8195787,23.5,483.6481078,63.94432234,23.6,17.65324844,229.297316,448.8648173,41.36736508,19.95384393
2025-05-01 13:45:00+00:00,485.4367649,65.82073249,23.5,484.2184155,63.78091648,23.66458333,17.5,233.7958223,498.4861703,39.5852629,19.45536324
2025-05-01 14:00:00+00:00,484.7258777,65.84707792,23.61071429,484.3463656,63.8039214,23.77526042,17.45791667,237.9200976,344.6875957,37.76022727,20.40700758
2025-05-01 14:15:00+00:00,484.5278539,65.65429954,23.6,485.5251208,63.2451233,23.95,17.34561012,241.6908597,514.6343084,35.92983822,20.42276879
2025-05-01 14:30:00+00:00,484.8245027,65.39914966,23.69333333,485.0095975,67.47809854,24.17333333,17.31766667,245.5657986,503.4760646,33.9440582,21.57996104
2025-05-01 14:45:00+00:00,484.1999224,64.51582469,23.7,485.4039446,92.11451791,24.37678571,16.96354167,249.1266853,469.9413972,32.08294643,21.00716315
2025-05-01 15:00:00+00:00,483.7027595,66.41968735,23.68011364,487.426018,68.12446191,24.56363636,14.9590616,252.5450569,444.6293544,30.05886371,21.18816356
2025-05-01 15:15:00+00:00,484.3066666,65.9683945,23.80720238,490.1442859,58.91016962,24.81625,15.10684524,256.3027049,383.997661,27.78820112,21.22073951
2025-05-01 15:30:00+00:00,483.991669,66.21556882,23.91333333,490.5728956,58.98952892,25.02333333,17.06222222,259.4255026,344.4160869,25.78354497,21.07947619
2025-05-01 15:45:00+00:00,483.542256,66.37134274,24.02910714,490.5561345,59.6821267,25.24375,17.29546131,262.4838711,339.1195992,23.80093434,20.84743398
2025-05-01 16:00:00+00:00,484.4596135,65.98995098,24.08005952,491.4918688,59.63255657,25.42303571,17.22642857,265.6420155,314.7627187,21.65684727,20.70004972
2025-05-01 16:15:00+00:00,483.6020589,65.80165572,24.23869048,491.5344551,59.32421219,25.58,17.87142857,268.8710119,278.0533332,19.45269841,20.8324
2025-05-01 16:30:00+00:00,484.0969593,66.5536724,24.35178571,491.4838892,59.52956339,25.62616567,17.62175595,271.7492361,244.2256774,17.45874469,20.40709651
2025-05-01 16:45:00+00:00,484.0687404,65.88498132,24.46666667,491.9866849,59.34861015,25.780625,16.575,274.9294118,208.4188577,15.353125,19.89333333
2025-05-01 17:00:00+00:00,484.93087,65.99600373,24.43333333,492.1346356,59.9524035,25.7325,15.836875,278.1611615,175.6727724,12.9684503,19.92563101
2025-05-01 17:15:00+00:00,484.2896612,65.52811776,24.515,491.1642141,60.75199043,25.54666667,16.10666667,281.2901563,144.4895923,10.81222222,20.36997802
2025-05-01 17:30:00+00:00,485.3295525,65.78710576,24.5,491.5701782,60.86349213,25.5,17.40128307,284.1360452,114.2387358,8.81189693,19.20946637
2025-05-01 17:45:00+00:00,484.8212119,65.76929293,24.5,491.4310963,60.53293524,25.53111111,16.64285714,287.0057292,81.41263176,6.779166667,18.3
2025-05-01 18:00:00+00:00,484.4344444,15.36356209,24.5,490.225632,13.59476147,25.37374603,16.8447619,290.1444054,27.38245042,4.67324026,16.45220779
2025-05-01 18:15:00+00:00,484.7588699,0.0,24.5,491.027784,0.0,25.10191964,17.0,293.1980456,10.73030407,2.739348846,15.40582747
2025-05-01 18:30:00+00:00,484.2291804,0.0,24.44375,490.1175704,0.0,24.92736111,17.0,296.2850607,5.076169484,0.789087302,14.75846429
2025-05-01 18:45:00+00:00,484.6580711,0.0,24.4,488.7881215,0.0,24.82,17.08732143,299.5047321,2.01885012,-1.084196429,14.21280357
2025-05-01 19:00:00+00:00,483.8677249,0.0,24.37857143,488.5467751,0.0,24.69805556,17.15714286,302.5663219,0.47363595,-2.864084656,13.93567196
2025-05-01 19:15:00+00:00,483.0429865,0.0,24.3,487.6146801,0.0,24.61309524,17.2,305.7012223,0.032414767,-4.661731151,13.50928125
2025-05-01 19:30:00+00:00,482.7765213,0.0,24.21875,487.074801,0.0,24.54375,17.2,308.7994652,0.0,-6.328047213,13.28366477
2025-05-01 19:45:00+00:00,481.4587454,0.0,24.16444444,486.318058,0.0,24.43288889,17.26055556,312.1058617,0.0,-7.975364598,13.03132937
2025-05-01 20:00:00+00:00,481.7794118,0.0,24.1,486.9663462,0.0,24.3625,17.3,315.5345378,0.0,-9.613392857,12.89732143
2025-05-01 20:15:00+00:00,480.4714286,0.0,24.05,485.5753015,0.0,24.26875,17.3,318.9813462,0.0,-11.02343074,12.85375
2025-05-01 20:30:00+00:00,480.0258369,0.0,24.0,484.0505844,0.0,24.2,17.27375,322.4717188,0.0,-12.503125,12.80142857
2025-05-01 20:45:00+00:00,480.4498397,0.0,23.93333333,484.0017215,0.0,24.11977778,17.2,325.6483681,0.0,-13.637,12.77333333
2025-05-01 21:00:00+00:00,478.1836611,0.0,23.9,482.9436247,0.0,24.04724702,17.0925,329.2358467,0.0,-14.77799851,12.66468137
2025-05-01 21:15:00+00:00,477.7638851,0.0,23.825,482.5901773,0.0,23.95625,16.975,332.8823656,0.0,-15.87729167,12.45971771
2025-05-01 21:30:00+00:00,477.7001068,0.0,23.790625,481.7940929,0.0,23.9,16.7859375,336.6978987,0.0,-16.83949157,12.57578125
2025-05-01 21:45:00+00:00,476.7758094,0.0,23.7,481.8274425,0.0,23.82,16.58333333,340.4647321,0.0,-17.65771429,12.72266667
2025-05-01 22:00:00+00:00,476.8742292,0.0,23.69375,480.565402,0.0,23.8,16.42121693,344.0990686,0.0,-18.25894097,12.85673611
2025-05-01 22:15:00+00:00,476.2780064,0.0,23.6125,480.4919575,0.0,23.7375,16.11005208,347.7671732,0.0,-18.79902192,12.85145833
2025-05-01 22:30:00+00:00,474.747858,0.0,23.6,479.5968708,0.0,23.7,15.80666667,351.5662698,0.0,-19.20095238,12.81977778
2025-05-01 22:45:00+00:00,475.3642421,0.0,23.6,478.7475393,0.0,23.62693452,15.56510417,355.2371148,0.0,-19.48442708,12.70617708
2025-05-01 23:00:00+00:00,474.6933695,0.0,23.58625,478.2145266,0.0,23.6,15.3153125,249.8029248,0.0,-19.59895833,12.45959147
2025-05-01 23:15:00+00:00,473.871131,0.0,23.53489583,477.9485369,0.0,23.59375,15.08035714,2.874264706,0.0,-19.54722222,12.1156942
2025-05-01 23:30:00+00:00,473.1208333,0.0,23.5,475.5317527,0.0,23.5,14.9,6.841493246,0.0,-19.33596825,12.04551111
2025-05-01 23:45:00+00:00,471.9012336,0.0,23.46037946,474.7948311,0.0,23.49322917,14.9,10.52656176,0.0,-19.05606218,12.27959575
2025-05-02 00:00:00+00:00,471.4233749,0.0,23.425,473.4873932,0.0,23.4,14.9,14.37497666,0.0,-18.53125,12.4796875
2025-05-02 00:15:00+00:00,471.7376149,0.0,23.4,472.6961585,0.0,23.38555556,14.89222222,18.19740334,0.0,-17.95768519,12.5
2025-05-02 00:30:00+00:00,470.0989635,0.0,23.4,472.9732143,0.0,23.3,14.753125,21.56174561,0.0,-17.30446429,12.5
2025-05-02 00:45:00+00:00,470.1067927,0.0,23.4,472.0355439,0.0,23.3,14.5671875,25.60197996,0.0,-16.34240083,12.41869589
2025-05-02 01:00:00+00:00,468.7887834,0.0,23.4,470.2445576,0.0,23.28555556,14.35714286,29.14997666,0.0,-15.36386409,12.35818452
2025-05-02 01:15:00+00:00,467.9741182,0.0,23.34411565,470.3390032,0.0,23.2,14.21428571,32.56541546,0.0,-14.31473665,12.53817691
2025-05-02 01:30:00+00:00,467.4353298,0.0,23.3,469.9463322,0.0,23.2,14.14910714,35.83865977,0.0,-13.2085451,12.62994277
2025-05-02 01:45:00+00:00,466.627451,0.0,23.3,468.9539141,0.0,23.19375,14.03125,39.75071895,0.0,-11.78294643,13.62720644
2025-05-02 02:00:00+00:00,466.0140523,0.0,23.2859375,468.0167576,0.0,23.10625,14.0,43.12352431,0.0,-10.27734375,13.59875
2025-05-02 02:15:00+00:00,465.4501114,0.0,23.27333333,468.7476862,0.0,23.1,13.90666667,46.42256944,0.0,-8.812592593,13.64346667
2025-05-02 02:30:00+00:00,468.890574,0.0,23.21388889,475.0196897,0.0,23.16136364,13.8375,49.45942573,0.0,-7.284791216,13.18197335
2025-05-02 02:45:00+00:00,472.0963087,0.0,23.25660714,476.2305364,0.0,23.1,13.78645833,52.81245544,0.0,-5.51958649,13.24971433
2025-05-02 03:00:00+00:00,471.2481473,45.26073082,23.28,474.0092584,48.93224638,23.1,14.140625,55.92518519,0.170008772,-3.862777778,13.13194444
2025-05-02 03:15:00+00:00,473.288712,63.43650553,23.23125,475.2941414,60.21283617,23.1,18.23059524,59.16241406,1.17657906,-2.001741748,12.94506714
2025-05-02 03:30:00+00:00,479.4479053,62.99455988,23.2,479.313962,59.77684164,23.1,16.62843137,62.28745739,4.231647068,-0.160989583,12.75824179
2025-05-02 03:45:00+00:00,486.7011937,62.57706207,23.21333333,485.2270287,60.33714814,23.1,17.30444444,65.36786458,11.11986477,1.715555556,12.54674762
2025-05-02 04:00:00+00:00,502.9390431,62.47861276,23.391,498.5908036,62.43304897,23.17923545,16.29666667,67.91358325,27.11569759,3.401380897,12.61751323
2025-05-02 04:15:00+00:00,512.6549149,61.70873219,23.375,530.5851675,61.83793154,23.3703249,16.61369048,71.39575172,42.94837008,5.689092245,12.83142502
2025-05-02 04:30:00+00:00,522.5188048,61.59106985,23.3125,545.0958016,62.29038604,23.2,17.02325149,74.49563492,37.90923727,7.803931052,12.90034226
2025-05-02 04:45:00+00:00,562.309898,61.56034483,23.2447619,554.1127316,62.7571151,23.15047619,17.02333333,77.50008681,42.37215001,9.848240741,12.70866667
2025-05-02 05:00:00+00:00,559.5558701,61.63190476,23.22760417,543.4171299,62.63070092,23.10625,16.93111111,80.52712302,105.5544874,11.93153274,12.86913393
2025-05-02 05:15:00+00:00,549.7906428,61.66473701,23.22678571,537.0189834,62.59991606,23.1,17.05104167,83.54005547,156.6537407,14.09983974,13.35973611
2025-05-02 05:30:00+00:00,538.4893516,62.23730489,23.2,530.8071242,62.53499192,23.1,16.92833333,86.53899196,196.8315906,16.21925054,13.87962847
2025-05-02 05:45:00+00:00,530.5295465,62.27339901,23.25266667,526.485477,62.65678642,23.1,17.20577778,89.63883333,239.5739242,18.35416667,14.66563889
2025-05-02 06:00:00+00:00,524.0061878,61.89033514,23.2125,521.9681096,62.64551071,23.1,17.11,92.44236228,259.704969,20.33020833,15.58298611
2025-05-02 06:15:00+00:00,523.0512879,61.97043651,23.25077778,523.2929546,62.77299571,23.12203125,17.13777778,95.8931114,216.399225,22.71705048,16.34869792
2025-05-02 06:30:00+00:00,519.3939178,61.93755287,23.3,520.6905848,62.71598361,23.1,17.08461538,99.15499256,279.7465199,24.88988095,16.27480952
2025-05-02 06:45:00+00:00,513.3367996,61.90031746,23.3,516.4168394,63.17072151,23.1,17.1375,102.3921078,226.2407642,26.86020833,16.28697917
2025-05-02 07:00:00+00:00,508.4534792,61.71470899,23.3,513.2274019,62.43178179,23.1,17.30625,105.6958333,279.5041306,28.98541667,16.5804375
2025-05-02 07:15:00+00:00,512.5429642,61.81111111,23.3,513.1508065,62.64884005,23.1,17.20125,109.1067227,281.8397708,30.96264881,16.94013393
2025-05-02 07:30:00+00:00,504.2268772,62.0035971,23.3,506.8444374,62.81895477,23.1284127,17.24583333,112.9071057,243.4072807,33.07946561,17.27945926
2025-05-02 07:45:00+00:00,500.4407088,62.06073718,23.3,502.8171816,62.9328814,23.1,17.22307692,116.3802009,424.7505864,35.00953087,17.78012277
2025-05-02 08:00:00+00:00,497.2415306,62.74897698,23.3,499.8324017,63.23297329,23.1,17.31875,120.2745612,247.407772,36.98234127,18.27855903
2025-05-02 08:15:00+00:00,495.9046593,61.65,23.3,498.0248833,62.95002977,23.1,16.33214286,124.1221153,107.5563808,38.71072917,17.17327178
2025-05-02 08:30:00+00:00,494.130719,61.45933224,23.23333333,497.520915,62.86493506,23.04,16.695,128.5811086,63.79317308,40.56207407,16.23486667
2025-05-02 08:45:00+00:00,494.1024306,61.83484127,23.24453125,498.3467715,62.49888695,23.05625,16.659375,132.5957869,70.42563231,42.13766457,15.02643546
2025-05-02 09:00:00+00:00,494.7191611,61.93056319,23.22969048,496.1253289,62.90329218,23.0925,17.02142857,137.1109093,60.29473291,43.70836386,14.0036859
2025-05-02 09:15:00+00:00,493.5455556,62.55179658,23.20666667,494.3351648,63.0868098,23.0,16.80595238,142.0298958,65.40216929,45.20711111,13.27552222
2025-05-02 09:30:00+00:00,493.2608252,61.91023569,23.2,494.6350257,63.06494528,23.0,17.0675,146.8001217,85.3743714,46.46040102,12.81443376
2025-05-02 09:45:00+00:00,493.070471,62.39769434,23.2,494.1551072,63.15965608,23.0,17.0,151.9452076,130.1836819,47.62062386,12.51875
2025-05-02 10:00:00+00:00,493.5499457,62.23158988,23.2,494.5657828,62.89004784,23.0,17.11533333,157.0086218,128.0002422,48.51873737,12.6332096
2025-05-02 10:15:00+00:00,493.4668215,61.96145952,23.2,495.6675486,63.04028822,23.0,17.20803571,162.1610229,178.8760647,49.275,12.77915551
2025-05-02 10:30:00+00:00,494.6062209,62.00126758,23.2,496.0901086,63.10256286,23.05803571,17.05625,167.8277778,242.0563118,49.91989087,13.08326786
2025-05-02 10:45:00+00:00,495.9432163,62.31919752,23.2,496.1603339,63.16268457,23.02375,16.82004464,173.3540945,111.7931057,50.26547619,12.92859896
2025-05-02 11:00:00+00:00,495.1004677,62.0016694,23.2,496.8708204,62.23339701,23.01333333,16.8,179.0619105,228.0371264,50.44777778,12.88768001
2025-05-02 11:15:00+00:00,495.7323101,61.87534697,23.2,497.7500205,62.40751857,23.09895833,16.91547619,184.3268978,231.4161386,50.38046875,13.36718998
2025-05-02 11:30:00+00:00,495.5173987,61.93710197,23.22244318,497.0959145,62.90283434,23.1,17.161875,189.97977,425.2658011,50.17003348,13.86461682
2025-05-02 11:45:00+00:00,493.1982139,61.89401286,23.3,496.6782252,63.05344092,23.17481481,17.22857143,195.6257011,612.3143565,49.72570393,14.67098473
2025-05-02 12:00:00+00:00,493.2671547,61.7428379,23.3,496.9510417,62.96770146,23.23125,17.10833333,200.9141482,366.9576515,49.04743506,14.48097321
2025-05-02 12:15:00+00:00,494.6101988,61.74555556,23.3,496.4620666,62.39590527,23.3,16.95833333,206.155498,696.2183072,48.22076231,14.7756664
2025-05-02 12:30:00+00:00,492.7758167,61.83452696,23.325,495.9226209,62.80885215,23.39427083,17.08541667,211.4652381,663.2861641,47.14026786,14.78590104
2025-05-02 12:45:00+00:00,491.6920087,62.50456038,23.4,494.9012234,63.71475064,23.43777778,16.9217033,216.0520486,740.3235075,45.99996825,14.99013175
2025-05-02 13:00:00+00:00,490.9744048,62.92660287,23.40625,494.3835857,63.78365105,23.5,17.07142857,220.850887,505.028041,44.6546875,15.28212455
2025-05-02 13:15:00+00:00,489.3035251,63.64559241,23.56160714,491.9019433,63.73878605,23.52120536,16.81510417,225.4654451,459.2015162,43.16938808,15.09072321
2025-05-02 13:30:00+00:00,487.1082228,63.97860301,23.53566667,491.6326296,61.70255571,23.6,17.0162963,229.711875,470.4861548,41.71959596,14.97725185
2025-05-02 13:45:00+00:00,485.0690423,63.26184251,23.5,489.5768469,62.61659905,23.64791667,17.15916667,233.993211,433.0155254,39.9234375,15.48292208
2025-05-02 14:00:00+00:00,485.7439221,63.74586496,23.5,489.145978,62.70817633,23.7,17.30277778,238.088784,412.6568073,38.04945783,15.14464286
2025-05-02 14:15:00+00:00,487.3499675,62.87962602,23.51671875,488.5066878,62.35477292,23.7703125,17.05416667,241.9509804,398.3330981,36.18625,14.8890625
2025-05-02 14:30:00+00:00,486.2866667,63.08412698,23.6,489.7366117,62.45518911,23.8,16.64395604,245.7262897,298.5262736,34.27669841,14.84228571
2025-05-02 14:45:00+00:00,485.6283422,63.7252208,23.6,489.4495257,62.35072535,23.85125,17.25875,249.4929537,353.6346153,32.23063222,15.14346591
2025-05-02 15:00:00+00:00,486.5529549,62.78610194,23.61875,488.2778495,61.93991343,24.04444444,16.88541667,252.8016744,466.2364851,30.28086806,15.28368059
2025-05-02 15:15:00+00:00,484.2572221,62.90000359,23.7,489.4325028,61.85915099,24.33828125,16.93191964,256.4180462,384.8568192,28.10953125,15.4234995
2025-05-02 15:30:00+00:00,483.0476876,63.60180891,23.78,488.3504341,62.35392475,24.53333333,17.15333333,259.6086772,369.3262649,26.06138889,15.43541667
2025-05-02 15:45:00+00:00,481.5666668,62.74328,23.83046875,487.9506359,62.07581366,24.71336806,17.20625,262.6203888,353.9779629,24.09464286,15.66493957
2025-05-02 16:00:00+00:00,481.7449946,63.32550993,23.90595238,488.1149176,61.58232929,24.95603175,17.07857143,266.004256,318.2151474,21.8283631,15.27130952
2025-05-02 16:15:00+00:00,482.5132492,63.33856613,23.99821429,487.8966349,61.91520074,25.09793651,16.65333333,269.1032738,261.3721113,19.71210317,15.09575397
2025-05-02 16:30:00+00:00,480.6535948,62.57466367,24.02,488.2472138,61.41323533,25.195,17.02592929,272.0849479,244.9350562,17.62872768,15.02264757
2025-05-02 16:45:00+00:00,480.7552665,62.45513228,24.1,488.7545361,61.79445497,25.3,17.19333333,275.3049673,211.0340354,15.45359375,14.78292783
2025-05-02 17:00:00+00:00,480.8876201,63.07414206,24.1265625,488.7360397,61.94313397,25.25104167,16.8875,278.4908333,179.079063,13.18770833,14.50299107
2025-05-02 17:15:00+00:00,480.7208043,62.58378409,24.2,488.6146487,61.42143119,25.10916667,17.09053968,281.3673438,148.7447615,11.21811905,14.51657857
2025-05-02 17:30:00+00:00,481.2636283,63.45402237,24.2,488.9733928,62.01945495,25.01333333,16.74791667,284.3225205,117.3708768,9.063431187,14.4440812
2025-05-02 17:45:00+00:00,481.5391841,63.10598115,24.175,487.547688,62.35081754,24.95059524,17.059375,287.2773077,85.65038552,7.135657051,14.15849159
2025-05-02 18:00:00+00:00,483.1734871,10.73125,24.14,487.7641453,10.23529412,24.82747475,15.72277778,290.2212247,55.40639346,5.121569865,13.4848729
2025-05-02 18:15:00+00:00,482.1039027,0.0,24.1875,488.5224569,0.0,24.74955109,16.12613636,293.1524008,26.46008875,3.137991071,13.0010535
2025-05-02 18:30:00+00:00,481.1915757,0.0,24.1,487.5491943,0.0,24.55501736,16.37953869,296.4917223,8.766329082,1.019599567,12.22189331
2025-05-02 18:45:00+00:00,480.7878114,0.0,24.025,486.6684253,0.0,24.425,16.4790625,299.6175813,2.860212918,-0.769091117,11.7197123
2025-05-02 19:00:00+00:00,481.1963492,0.0,23.95384615,485.426142,0.0,24.30666667,16.5,302.6667411,0.670821098,-2.542698413,11.31185992
2025-05-02 19:15:00+00:00,479.8175987,0.0,23.9,484.9129735,0.0,24.17528846,16.45,305.8077482,0.085989583,-4.332524351,11.11538516
2025-05-02 19:30:00+00:00,479.1583412,0.0,23.85,484.3801052,0.0,24.07875,16.125,309.1058987,0.0,-6.149496528,10.88406791
2025-05-02 19:45:00+00:00,478.2451749,0.0,23.8,483.4075758,0.0,23.96111111,15.62533333,312.3910004,0.0,-7.695957792,10.58452941
2025-05-02 20:00:00+00:00,476.9427879,0.0,23.75416667,483.5524818,0.0,23.88125,15.1871875,315.5314683,0.0,-9.200483631,10.32290397
2025-05-02 20:15:00+00:00,476.9451633,0.0,23.67333333,482.4590309,0.0,23.8,14.8072381,319.1423553,0.0,-10.72734375,10.14817411
2025-05-02 20:30:00+00:00,476.0883129,0.0,23.6,481.497868,0.0,23.759375,14.48270833,322.4470527,0.0,-12.11660083,10.07175505
2025-05-02 20:45:00+00:00,475.391533,0.0,23.59222222,480.2849351,0.0,23.69333333,14.14133333,325.685625,0.0,-13.29294444,9.99974359
2025-05-02 21:00:00+00:00,474.0971066,0.0,23.50848214,479.51248,0.0,23.60848214,13.76592262,329.3785587,0.0,-14.46223958,9.929968434
2025-05-02 21:15:00+00:00,474.7120184,0.0,23.44375,479.1597222,0.0,23.59270833,13.44999008,333.0683383,0.0,-15.58409091,9.768423611
2025-05-02 21:30:00+00:00,473.5124369,0.0,23.4,478.9047619,0.0,23.5,13.19333333,336.6448553,0.0,-16.4780754,9.564238839
2025-05-02 21:45:00+00:00,474.2760045,0.0,23.4,477.2962874,0.0,23.45066667,12.93948413,340.4931861,0.0,-17.32227513,9.529665609
2025-05-02 22:00:00+00:00,472.1307135,0.0,23.3875,476.2889787,0.0,23.3875,12.79375,344.0740079,0.0,-17.96116815,9.410244048
2025-05-02 22:15:00+00:00,471.3931889,0.0,23.3,474.9730994,0.0,23.3,12.66,347.9894444,0.0,-18.48394841,9.22896645
2025-05-02 22:30:00+00:00,471.474968,0.0,23.3,475.3385382,0.0,23.25111111,12.41333333,351.4992222,0.0,-18.93214286,9.366014815
2025-05-02 22:45:00+00:00,471.0878865,0.0,23.29375,475.1307692,0.0,23.2,12.27842262,355.2365456,0.0,-19.14375,9.338125
2025-05-02 23:00:00+00:00,469.9908319,0.0,23.203125,473.2177609,0.0,23.1421875,12.10625,221.1090202,0.0,-19.25625,9.330625
2025-05-02 23:15:00+00:00,469.0165352,0.0,23.2,472.5341861,0.0,23.1,11.94375,3.003970588,0.0,-19.225,9.136697115
2025-05-02 23:30:00+00:00,467.5790922,0.0,23.2,471.6571363,0.0,23.085,11.9,6.922135417,0.0,-19.04583333,8.8625
2025-05-02 23:45:00+00:00,467.2130682,0.0,23.14375,470.1910754,0.0,23.0,11.88125,10.60548563,0.0,-18.75757813,8.71875
2025-05-03 00:00:00+00:00,466.1628395,0.0,23.1,469.8839905,0.0,23.0,11.8,14.4024095,0.0,-18.26319056,8.588665913
2025-05-03 00:15:00+00:00,465.4815566,0.0,23.0625,469.4378382,0.0,22.93125,11.7875,18.34963542,0.0,-17.64129464,8.417983631
2025-05-03 00:30:00+00:00,465.112037,0.0,23.0,468.7916667,0.0,22.9,11.7,21.8328869,0.0,-16.93511111,8.294031746
2025-05-03 00:45:00+00:00,464.5258987,0.0,23.0,468.8674568,0.0,22.88385417,11.62666667,25.54192344,0.0,-16.06215278,8.182279762
2025-05-03 01:00:00+00:00,464.3683333,0.0,22.9734375,467.7080357,0.0,22.8,11.6,29.259169,0.0,-15.02973214,7.889133185
2025-05-03 01:15:00+00:00,463.962963,0.0,22.91333333,466.3628028,0.0,22.8,11.6,32.60537037,0.0,-14.00861111,7.616111111
2025-05-03 01:30:00+00:00,462.3518402,0.0,22.9,465.9174385,0.0,22.8,11.5875,36.09588235,0.0,-12.7884375,7.367708333
2025-05-03 01:45:00+00:00,462.6853067,0.0,22.9,465.6758036,0.0,22.74375,11.44885417,39.6029422,0.0,-11.51497065,7.2
2025-05-03 02:00:00+00:00,461.4328209,0.0,22.82,465.1490023,0.0,22.7,11.36666667,43.05362441,0.0,-9.998794868,7.161841067
2025-05-03 02:15:00+00:00,460.2594118,0.0,22.8,464.0154545,0.0,22.7,11.28,46.22281126,0.0,-8.609801587,6.951811508
2025-05-03 02:30:00+00:00,459.3187155,0.0,22.8,463.3193157,0.0,22.69375,11.14791667,49.42972222,0.0,-7.011979167,6.573576389
2025-05-03 02:45:00+00:00,459.2059434,0.0,22.8,462.1931566,0.0,22.6,10.98454545,52.65997261,0.0,-5.37479867,6.500443376
2025-05-03 03:00:00+00:00,458.1932407,0.0,22.79333333,461.9648718,0.0,22.6,10.9,55.73314815,0.078421679,-3.65037037,6.561067033
2025-05-03 03:15:00+00:00,458.1320491,0.0,22.7828373,461.7680437,0.0,22.6,10.83125,59.03228615,0.714649906,-1.765373377,6.55787334
2025-05-03 03:30:00+00:00,456.0844517,0.0,22.7,461.2786717,0.0,22.6,10.7,61.871875,1.627229771,-0.082291667,6.689732143
2025-05-03 03:45:00+00:00,456.4659227,0.0,22.7,460.4133603,0.0,22.6,10.6,65.03470588,4.311669344,1.785138889,6.935085227
2025-05-03 04:00:00+00:00,457.2878968,0.0,22.7,460.5741258,0.0,22.6,10.57031746,68.20719192,6.733564373,3.885505051,7.217720058
2025-05-03 04:15:00+00:00,457.7431128,0.0,22.7,461.1738817,0.0,22.6,10.46875,71.39901027,9.306473001,6.002559524,7.536619318
2025-05-03 04:30:00+00:00,456.6840278,0.0,22.7,459.0343884,0.0,22.6,10.3375,74.32177331,19.76901662,7.995657242,7.748348214
2025-05-03 04:45:00+00:00,455.9274046,0.0,22.7,458.9625259,0.0,22.6,10.29809524,77.11638095,21.62987364,9.991309524,7.800412698
2025-05-03 05:00:00+00:00,454.8006099,0.0,22.7,457.7776861,0.0,22.54375,10.21184276,80.07877218,31.61708576,12.01250992,7.853475797
2025-05-03 05:15:00+00:00,454.3707967,0.0,22.7,457.235942,0.0,22.5,10.2,83.44303156,32.40912847,14.36974826,8.042708333
2025-05-03 05:30:00+00:00,454.2086148,0.0,22.7,457.590186,0.0,22.5,10.2,86.43445378,104.2463628,16.54033613,8.349630838
2025-05-03 05:45:00+00:00,452.9722356,0.0,22.7,457.0659091,0.0,22.58714286,10.28,89.53596296,119.5671607,18.77015873,8.821497355
2025-05-03 06:00:00+00:00,452.0015783,0.0,22.7,455.8354444,0.0,22.6,10.33333333,92.61134454,251.3251312,20.88355655,9.470136905
2025-05-03 06:15:00+00:00,451.7214177,0.0,22.7,454.1509119,0.0,22.6,10.42230688,95.56227965,357.3254144,22.8919805,10.11185893
2025-05-03 06:30:00+00:00,450.7948582,0.0,22.7875,454.3689867,0.0,22.6,10.5,98.98859127,301.2839029,25.1626831,10.42438999
2025-05-03 06:45:00+00:00,450.0274074,0.0,22.8,452.2692301,0.0,22.65566667,10.64968254,102.1692063,200.8813054,27.24507937,10.48
2025-05-03 07:00:00+00:00,448.8623413,0.0,22.8,452.3644324,0.0,22.63388625,10.77053571,105.6285411,85.91582517,29.33727183,9.134816865
2025-05-03 07:15:00+00:00,449.644195,0.0,22.8,451.9540761,0.0,22.6,10.96919643,109.1631092,128.3549146,31.37926587,8.209409722
2025-05-03 07:30:00+00:00,448.8626744,0.0,22.8,450.5011177,0.0,22.68,11.15266667,112.7734882,210.0392173,33.38494589,8.301079004
2025-05-03 07:45:00+00:00,448.8985406,0.0,22.8,450.7328467,0.0,22.7,11.23184524,116.1986633,476.7374659,35.31820865,9.191109776
2025-05-03 08:00:00+00:00,447.0841625,0.0,22.85729167,450.6831151,0.0,22.70375,11.3,120.0720261,546.1114823,37.29809028,10.00743056
2025-05-03 08:15:00+00:00,447.649654,0.0,22.9,450.4301727,0.0,22.78392857,11.3,124.2732161,407.8210674,39.1831592,10.88579728
2025-05-03 08:30:00+00:00,447.257659,0.0,22.9,450.1025229,0.0,22.8,11.3,128.0110073,157.9960027,40.79717172,10.88843956
2025-05-03 08:45:00+00:00,447.0800091,0.0,22.9,448.8395717,0.0,22.8,11.3,132.5661438,397.8823097,42.53193452,10.9528063
2025-05-03 09:00:00+00:00,445.5179974,0.0,22.9,447.7054254,0.0,22.8,11.3625,137.1539753,172.1108856,44.09676834,11.13594271
2025-05-03 09:15:00+00:00,445.9517692,0.0,22.94625,447.5369318,0.0,22.8,11.43385417,141.9318915,435.4018134,45.54916915,11.34560783
2025-05-03 09:30:00+00:00,445.824559,0.0,23.0,447.8985102,0.0,22.8902381,11.61922799,146.7044746,244.3803311,46.75953846,11.44693846
2025-05-03 09:45:00+00:00,444.5421757,0.0,23.0,447.1579821,0.0,22.9,11.825,151.8104978,481.3170525,47.89767857,11.62532589
2025-05-03 10:00:00+00:00,443.7494027,0.0,23.07447917,446.3964917,0.0,22.9,12.04375,157.1389579,269.0127366,48.89619859,12.20994754
2025-05-03 10:15:00+00:00,444.5910501,0.0,23.1,446.9361672,0.0,22.92777778,12.16266667,162.304183,459.4909294,49.64925397,11.95786219
2025-05-03 10:30:00+00:00,442.8697701,0.0,23.1,445.094697,0.0,23.0,12.309375,167.6450946,408.8779024,50.17383523,12.30179905
2025-05-03 10:45:00+00:00,442.7112894,0.0,23.15,445.508589,0.0,23.040625,12.47946429,173.3777778,605.2149765,50.613125,12.64813447
2025-05-03 11:00:00+00:00,442.1589773,0.0,23.2,445.2953704,0.0,23.1,12.606875,179.1433796,614.3939929,50.79375,13.023125
2025-05-03 11:15:00+00:00,441.9701073,0.0,23.22111111,445.1252381,0.0,23.1,12.76420635,184.4886504,782.4197936,50.71596154,13.25781162
2025-05-03 11:30:00+00:00,441.3126327,0.0,23.3,445.1652423,0.0,23.16875,12.90625,190.1685384,685.4434522,50.44434524,13.70606027
2025-05-03 11:45:00+00:00,440.5754085,0.0,23.34375,444.7077139,0.0,23.2,13.10178571,195.8661346,604.224961,49.97562906,13.80236012
2025-05-03 12:00:00+00:00,440.35625,0.0,23.4,444.3982289,0.0,23.23494544,13.32801816,201.206484,350.9378277,49.28671875,13.66892361
2025-05-03 12:15:00+00:00,439.8425275,0.0,23.4,444.5211302,0.0,23.28068783,13.55115873,206.1524367,192.7538164,48.49316936,13.4655817
2025-05-03 12:30:00+00:00,439.7671156,0.0,23.4,443.4226827,0.0,23.2,13.76375,211.6375894,95.30031505,47.39175347,13.17936508
2025-05-03 12:45:00+00:00,439.4756096,0.0,23.38333333,442.6644464,0.0,23.2,13.97272727,216.5303632,70.72712083,46.17255952,13.02722222
2025-05-03 13:00:00+00:00,439.1037276,0.0,23.30474868,442.341967,0.0,23.2,14.04666667,220.8087338,131.1013606,44.9023468,12.77490423
2025-05-03 13:15:00+00:00,436.9343192,0.0,23.3,441.3020169,0.0,23.15982143,14.1,225.4491452,66.65955615,43.46089744,12.68358428
2025-05-03 13:30:00+00:00,437.6815604,0.0,23.28645833,441.3876448,0.0,23.1,14.1,230.1579645,47.11998215,41.76178571,12.53544643
2025-05-03 13:45:00+00:00,437.2377849,0.0,23.2,440.1652589,0.0,23.1,14.1,234.4661802,28.06194516,40.02455335,12.26324601
2025-05-03 14:00:00+00:00,436.9018012,0.0,23.2,440.0528736,0.0,23.1,14.1,238.1082143,96.61729521,38.3327381,12.03942724
2025-05-03 14:15:00+00:00,436.2631076,0.0,23.2,440.0374018,0.0,23.1,14.0396875,242.0788072,147.1525289,36.38987847,11.75277778
2025-05-03 14:30:00+00:00,435.7894662,0.0,23.2,439.5314327,0.0,23.1,14.0,245.8128936,122.7889733,34.46527778,11.59107955
2025-05-03 14:45:00+00:00,435.9084498,0.0,23.2,438.6301284,0.0,23.1,13.88671875,249.2938562,80.52836536,32.65234127,11.44854487
2025-05-03 15:00:00+00:00,435.4512529,0.0,23.2,437.6828317,0.0,23.09333333,13.74666667,253.1189418,46.31092393,30.3929127,11.27386243
2025-05-03 15:15:00+00:00,434.2715686,0.0,23.2,436.96168,0.0,23.00208333,13.68625,256.4698984,49.84241922,28.36898043,10.98051989
2025-05-03 15:30:00+00:00,436.2501968,0.0,23.2,437.3904333,0.0,23.0,13.58055556,259.7495688,56.82916776,26.24949824,10.8003745
2025-05-03 15:45:00+00:00,434.8569655,0.0,23.16633333,436.0267029,0.0,23.0,13.49333333,262.8393229,35.07408553,24.22064815,10.35462121
2025-05-03 16:00:00+00:00,434.3550804,0.0,23.10416667,435.5712155,0.0,22.99375,13.4,266.1656046,32.86346699,22.06649306,9.936488095
2025-05-03 16:15:00+00:00,432.8146537,0.0,23.1,435.500221,0.0,22.9125,13.359375,269.4488393,32.95960505,19.78672619,9.424735187
2025-05-03 16:30:00+00:00,432.5003573,0.0,23.1,434.2996075,0.0,22.9,13.3,272.1167487,36.74001741,17.90397986,9.266636489
2025-05-03 16:45:00+00:00,432.4323371,0.0,23.1,434.5249678,0.0,22.9,13.24,275.5445337,30.44029401,15.56125661,9.258522751
2025-05-03 17:00:00+00:00,432.0885417,0.0,23.00625,433.0165043,0.0,22.9,13.2,278.5630208,22.2930268,13.41171875,9.23146875
2025-05-03 17:15:00+00:00,431.9060845,0.0,23.0,432.5725444,0.0,22.85375,13.08125,281.5887785,14.3714569,11.26333874,9.070803571
2025-05-03 17:30:00+00:00,430.8638889,0.0,23.0,432.5812634,0.0,22.8,13.0,284.4201376,7.0778038,9.288677249,8.851878788
2025-05-03 17:45:00+00:00,431.6800642,0.0,23.0,432.8738893,0.0,22.8,12.90833333,287.6630208,6.751320431,7.05001443,8.667962963
2025-05-03 18:00:00+00:00,430.8554688,0.0,22.94666667,432.515625,0.0,22.8,12.8,290.5991243,8.517490874,5.078153617,8.388122329
2025-05-03 18:15:00+00:00,430.0641414,0.0,22.9,430.5839286,0.0,22.72395833,12.61875,293.8242992,3.474636454,3.071502456,8.264129464
2025-05-03 18:30:00+00:00,429.8655773,0.0,22.9,431.146184,0.0,22.7,12.47384615,296.7671455,0.859405666,1.140978836,8.166
2025-05-03 18:45:00+00:00,430.1909171,0.0,22.9,431.1656746,0.0,22.7,12.325,299.7372049,0.24921875,-0.585416667,8.055255682
2025-05-03 19:00:00+00:00,428.0887153,0.0,22.9,429.9625817,0.0,22.66875,12.26666667,302.9366457,0.03125,-2.458256448,8.012094156
2025-05-03 19:15:00+00:00,428.2827822,0.0,22.85546875,430.4236201,0.0,22.6,12.12,306.257598,0.0,-4.297048611,7.92139881
2025-05-03 19:30:00+00:00,428.9490077,0.0,22.8,430.3341789,0.0,22.6,12.07333333,308.9124853,0.0,-5.693454823,7.868666667
2025-05-03 19:45:00+00:00,428.1390374,0.0,22.8,429.7343182,0.0,22.6,11.975,312.5833172,0.0,-7.557825126,7.850049603
2025-05-03 20:00:00+00:00,426.8703102,0.0,22.8,428.4292478,0.0,22.6,11.9,315.8493894,0.0,-9.107917222,7.756378344
2025-05-03 20:15:00+00:00,426.0543266,0.0,22.8,428.8349985,0.0,22.6,11.83071429,319.2099232,0.0,-10.5055385,7.602328042
2025-05-03 20:30:00+00:00,425.3562042,0.0,22.77019231,428.3498097,0.0,22.56875,11.69230769,322.5500496,0.0,-11.84910714,7.256006944
2025-05-03 20:45:00+00:00,425.2102273,0.0,22.7,427.3003472,0.0,22.5,11.58571429,325.9781513,0.0,-13.18690476,7.108035714
2025-05-03 21:00:00+00:00,424.7321733,0.0,22.7,427.4791246,0.0,22.5,11.48125,329.6404015,0.0,-14.34770833,7.013248016
2025-05-03 21:15:00+00:00,423.7611863,0.0,22.7,427.2713675,0.0,22.5,11.4,333.1274775,0.0,-15.34056318,7.073222222
2025-05-03 21:30:00+00:00,424.509869,0.0,22.7,425.6906786,0.0,22.46895833,11.24453125,336.7426362,0.0,-16.27211535,7.1
2025-05-03 21:45:00+00:00,423.5434948,0.0,22.7,426.1958333,0.0,22.4125,11.1640625,340.4461858,0.0,-17.02616319,7.095216346
2025-05-03 22:00:00+00:00,423.1017813,0.0,22.64708333,426.277795,0.0,22.4,10.93375,344.2224599,0.0,-17.73390152,7.013229167
2025-05-03 22:15:00+00:00,422.8737503,0.0,22.6,425.8635136,0.0,22.4,10.88257937,347.4100935,0.0,-18.14853175,6.889008715
2025-05-03 22:30:00+00:00,423.080117,0.0,22.6,424.8796418,0.0,22.39375,10.74236111,351.7061607,0.0,-18.65454155,6.725
2025-05-03 22:45:00+00:00,422.8471093,0.0,22.6,424.2923077,0.0,22.365,10.6246875,355.4289814,0.0,-18.87270833,6.600633929
2025-05-03 23:00:00+00:00,421.637446,0.0,22.6,422.9617438,0.0,22.3,10.5,311.5363393,0.0,-19.0,6.509142857
2025-05-03 23:15:00+00:00,422.5106693,0.0,22.6,423.4270002,0.0,22.3,10.40125,2.69746732,0.0,-18.9625,6.6
2025-05-03 23:30:00+00:00,420.6830839,0.0,22.6,423.2461273,0.0,22.3,10.21875,6.672343604,0.0,-18.76180556,6.6
2025-05-03 23:45:00+00:00,421.4025035,0.0,22.58701923,422.8481061,0.0,22.3,10.04375,10.62912303,0.0,-18.41644383,6.575430195
2025-05-04 00:00:00+00:00,420.4544775,0.0,22.52666667,422.4865501,0.0,22.208,9.96,14.54231704,0.0,-17.96572487,6.369210826
2025-05-04 00:15:00+00:00,420.4806529,0.0,22.5,421.6686867,0.0,22.2,9.9,18.05241839,0.0,-17.34514557,6.193059845
2025-05-04 00:30:00+00:00,421.4016361,0.0,22.5,421.4840929,0.0,22.2,9.9,21.73509783,0.0,-16.59850579,5.724874504
2025-05-04 00:45:00+00:00,420.0974319,0.0,22.5,421.7346318,0.0,22.2,9.9,25.5112538,0.0,-15.71718261,5.432947917
2025-05-04 01:00:00+00:00,419.2709403,0.0,22.5,421.1061735,0.0,22.2,9.9,29.08844418,0.0,-14.77713675,5.520024328
2025-05-04 01:15:00+00:00,419.014881,0.0,22.4625,420.8725962,0.0,22.13182998,9.9,32.47184659,0.0,-13.67893348,5.507502841
2025-05-04 01:30:00+00:00,418.4795147,0.0,22.41047619,420.9727857,0.0,22.1,9.9,36.08448969,0.0,-12.46766827,5.762355769
2025-05-04 01:45:00+00:00,418.8557788,0.0,22.4,420.0493136,0.0,22.1,9.9,39.5931392,0.0,-11.19818182,5.99735
2025-05-04 02:00:00+00:00,417.7710904,0.0,22.4,419.752193,0.0,22.1,9.88125,42.84879712,0.0,-9.724900794,6.105144593
2025-05-04 02:15:00+00:00,416.9872495,0.0,22.4,419.9411765,0.0,22.1,9.8,46.17638799,0.0,-8.257558761,6.198611111
2025-05-04 02:30:00+00:00,417.5450309,0.0,22.4,419.4413372,0.0,22.0625,9.8,49.35418366,0.0,-6.661420455,6.192625
2025-05-04 02:45:00+00:00,416.9681481,0.0,22.4,418.7618754,0.0,22.0,9.8,52.63986359,0.005246684,-4.920653439,6.072380952
2025-05-04 03:00:00+00:00,416.5085737,0.0,22.4,419.0460954,0.0,22.0,9.76875,55.69611111,0.339651262,-3.3,5.718055556
2025-05-04 03:15:00+00:00,416.077769,0.0,22.4,418.1768846,0.0,22.0,9.7,58.95153595,1.611327652,-1.42811756,5.568870116
2025-05-04 03:30:00+00:00,416.2257565,0.0,22.4,418.1543607,0.0,22.0,9.614704861,61.92908921,4.321819064,0.293927045,5.62390625
2025-05-04 03:45:00+00:00,415.3277903,0.0,22.4,416.3563704,0.0,22.0,9.506666667,65.23361945,8.775277004,2.312162338,5.69
2025-05-04 04:00:00+00:00,414.5291301,0.0,22.38125,416.983184,0.0,22.0,9.475,68.13929888,14.33189734,4.261805556,5.695888889
2025-05-04 04:15:00+00:00,414.6168004,0.0,22.37410714,416.5226484,0.0,22.0,9.375,71.23434343,28.51121547,6.239348846,5.785379464
2025-05-04 04:30:00+00:00,413.9179716,0.0,22.35266667,416.8603199,0.0,22.0,9.284333333,73.98831779,91.7127962,8.177619464,6.045544372
2025-05-04 04:45:00+00:00,413.1881076,0.0,22.4,415.3180391,0.0,22.030625,9.153888889,76.82358631,142.4876785,10.17686012,6.682560764
2025-05-04 05:00:00+00:00,412.8858931,0.0,22.4,415.0700167,0.0,22.1,9.1,79.99460282,178.8524508,12.34160038,7.17320329
2025-05-04 05:15:00+00:00,413.5246607,0.0,22.4,414.4521511,0.0,22.1,9.1,83.27782452,203.4372726,14.64349817,7.517479396
2025-05-04 05:30:00+00:00,413.1667377,0.0,22.44933333,414.8889044,0.0,22.10266667,9.1,86.33313244,247.2655483,16.75587302,7.946222222
2025-05-04 05:45:00+00:00,411.4052748,0.0,22.5,414.8762592,0.0,22.19289435,9.16,89.09733383,276.2006982,18.76649687,8.500310268
2025-05-04 06:00:00+00:00,412.0119118,0.0,22.5,414.2888697,0.0,22.2,9.228645833,91.92757662,217.1723843,20.70248958,8.793930612
2025-05-04 06:15:00+00:00,411.7662097,0.0,22.53111111,414.4912561,0.0,22.2,9.326666667,95.51534626,240.3543083,23.20224308,8.881126299
2025-05-04 06:30:00+00:00,411.3975694,0.0,22.6,413.4982579,0.0,22.25390625,9.47375,98.73529412,352.9576694,25.34799107,9.469890873
2025-05-04 06:45:00+00:00,410.8114049,0.0,22.6,413.9421826,0.0,22.3,9.638461539,102.0071429,104.4915884,27.4828869,9.65781746
2025-05-04 07:00:00+00:00,411.9647231,0.0,22.6,413.8823154,0.0,22.3,9.8,105.6156419,136.0862623,29.65918651,9.062562658
2025-05-04 07:15:00+00:00,412.5148472,0.0,22.6,413.2994024,0.0,22.3,9.929444444,109.0611384,329.7939332,31.68861111,9.015055556
2025-05-04 07:30:00+00:00,410.7641809,0.0,22.6375,413.4792105,0.0,22.39583333,10.00625,112.3687111,500.7678967,33.59728537,9.785703125
2025-05-04 07:45:00+00:00,412.0996212,0.0,22.7,413.8560453,0.0,22.4625,10.175,116.1846639,358.8779894,35.66522817,9.986071429
2025-05-04 08:00:00+00:00,411.98125,0.0,22.7,413.7925345,0.0,22.5,10.31479167,120.007189,335.3853654,37.54937921,9.705473823
2025-05-04 08:15:00+00:00,412.0840934,0.0,22.72666667,413.50169,0.0,22.51422222,10.53134392,123.2459505,405.1271532,38.99169973,9.639177989
2025-05-04 08:30:00+00:00,411.5419519,0.0,22.8,414.8963463,0.0,22.6,10.79583333,128.2072326,517.6191677,41.08974432,10.06171875
2025-05-04 08:45:00+00:00,411.978903,0.0,22.8,415.0,0.0,22.6,11.015,132.5862045,503.6673802,42.81830357,9.981692708
2025-05-04 09:00:00+00:00,411.925817,0.0,22.86083333,414.9133333,0.0,22.6,11.22666667,136.9622285,620.6156647,44.39243579,9.951297739
2025-05-04 09:15:00+00:00,412.1314039,0.0,22.9,415.12271,0.0,22.60208333,11.35,141.4812815,321.0087498,45.68842484,9.791894184
2025-05-04 09:30:00+00:00,412.3820415,0.0,22.9,414.9805682,0.0,22.69365079,11.45,146.6336337,531.6647697,47.04578678,9.981472285
2025-05-04 09:45:00+00:00,413.0563836,0.0,22.9,414.9670907,0.0,22.7,11.57666667,151.8857085,550.9777971,48.19084821,10.02985615
2025-05-04 10:00:00+00:00,412.6565686,0.0,22.97,415.0199643,0.0,22.70095238,11.64333333,156.5953125,576.1516553,49.07508418,9.913705556
2025-05-04 10:15:00+00:00,413.1215278,0.0,23.0,416.3548077,0.0,22.79625,11.77333333,162.2073506,540.5779788,49.92384586,10.23302714
2025-05-04 10:30:00+00:00,412.9393939,0.0,23.0,416.7229167,0.0,22.8,11.875,167.8268351,481.8437366,50.5359602,10.13320767
2025-05-04 10:45:00+00:00,412.4534586,0.0,23.0,417.5159816,0.0,22.8,11.9,173.5654243,636.5390465,50.90577381,10.28625668
2025-05-04 11:00:00+00:00,413.1921731,0.0,23.08,417.6888456,0.0,22.88666667,11.92833333,179.0731369,582.9818501,51.03393939,10.43059259
2025-05-04 11:15:00+00:00,413.8154084,0.0,23.1,417.9796726,0.0,22.9,12.0,184.1796452,493.4430546,50.9875,10.58515873
2025-05-04 11:30:00+00:00,413.5614973,0.0,23.1,417.3536706,0.0,22.9,12.06,190.1689683,477.4781932,50.7678125,10.67624008
2025-05-04 11:45:00+00:00,413.9522208,0.0,23.1,417.8063368,0.0,22.90666667,12.1,195.922903,490.6498977,50.25338528,10.55735897
2025-05-04 12:00:00+00:00,414.1986926,0.0,23.10833333,418.1153258,0.0,23.0,12.19895833,200.8736661,540.6743375,49.65094066,10.49104167
2025-05-04 12:15:00+00:00,414.3205752,0.0,23.2,417.965625,0.0,23.0,12.3,206.579236,823.4893244,48.71972489,11.027625
2025-05-04 12:30:00+00:00,414.9477361,0.0,23.2,418.0446429,0.0,23.0625,12.41875,211.7960682,428.5923598,47.68141988,10.57225877
2025-05-04 12:45:00+00:00,416.0564711,0.0,23.20047619,417.8563322,0.0,23.1,12.58,216.1094738,450.6795599,46.55751923,10.62731216
2025-05-04 13:00:00+00:00,415.6001099,0.0,23.3,417.7652743,0.0,23.17152778,12.7125,221.2690931,489.5844158,45.16760417,10.34510119
2025-05-04 13:15:00+00:00,415.0015971,0.0,23.35416667,418.1466532,0.0,23.26536458,12.84375,225.9611018,545.1276463,43.61555804,10.33677809
2025-05-04 13:30:00+00:00,415.2989899,0.0,23.4,419.3611111,0.0,23.42666667,12.9552381,230.5001612,611.0448121,41.9842328,10.57595767
2025-05-04 13:45:00+00:00,414.975,0.0,23.40625,419.2561589,0.0,23.6015625,13.03125,234.5623389,640.9858645,40.34563492,10.71437351
2025-05-04 14:00:00+00:00,414.9851208,0.0,23.525,420.6516827,0.0,23.74471154,13.1471875,238.5585408,540.8914725,38.56521577,10.75534755
2025-05-04 14:15:00+00:00,415.2050245,0.0,23.6,420.2328129,0.0,23.91428571,13.27125,242.354354,528.7327646,36.65497526,10.94975641
2025-05-04 14:30:00+00:00,416.307962,0.0,23.665,420.7480186,0.0,24.072,13.43805556,246.2225206,424.9653642,34.62464469,10.63783333
2025-05-04 14:45:00+00:00,416.7116111,0.0,23.70375,421.1350521,0.0,24.1678125,13.55041667,249.7901426,450.7970739,32.71037563,10.29933428
2025-05-04 15:00:00+00:00,416.9073985,0.0,23.79511111,420.9267014,0.0,24.38916667,13.7,253.3222917,414.9717422,30.62643849,10.46303373
2025-05-04 15:15:00+00:00,417.7060377,0.0,23.89887153,422.0081513,0.0,24.63637153,13.7,256.7780392,445.2816857,28.54272321,10.46306818
2025-05-04 15:30:00+00:00,417.7633681,0.0,24.0,421.5034188,0.0,24.77866667,13.7,260.1736226,220.4421234,26.43060726,10.18522222
2025-05-04 15:45:00+00:00,417.6707108,0.0,24.01875,421.4182548,0.0,24.74104167,13.795,263.233761,367.4790482,24.40883845,10.11278201
2025-05-04 16:00:00+00:00,417.2614228,0.0,24.1375,422.2217521,0.0,24.9547619,13.8,266.4765266,276.1354654,22.26047619,10.45222527
2025-05-04 16:15:00+00:00,417.4690476,0.0,24.2,423.0264619,0.0,25.13166667,13.8,269.4014473,309.3688232,20.23416667,10.45398942
2025-05-04 16:30:00+00:00,417.2486468,0.0,24.3,422.9398643,0.0,25.14078526,13.7125,272.5384127,167.5136457,18.09356647,9.89584375
2025-05-04 16:45:00+00:00,417.9161458,0.0,24.3,423.4364387,0.0,24.8875,13.7,275.6785408,143.4516253,15.8825744,9.71966674
2025-05-04 17:00:00+00:00,418.4877595,0.0,24.29375,423.1221591,0.0,24.7625,13.7,278.7698462,109.1405315,13.66067212,9.669930556
2025-05-04 17:15:00+00:00,418.1014434,0.0,24.2,423.0783493,0.0,24.68,13.55714286,281.7077305,71.63419529,11.63289906,9.463807265
2025-05-04 17:30:00+00:00,418.0349179,0.0,24.2,422.9402874,0.0,24.53869792,13.43910714,284.5392406,66.64101898,9.651614358,9.244166216
2025-05-04 17:45:00+00:00,418.5213176,0.0,24.1125,422.3806818,0.0,24.525,13.17109375,287.8047432,36.64642419,7.401349206,9.092572037
2025-05-04 18:00:00+00:00,418.6575873,0.0,24.08,422.8690763,0.0,24.34,12.96333333,290.6703535,23.96588033,5.438401876,8.894012821
2025-05-04 18:15:00+00:00,418.7801653,0.0,24.0,423.3596522,0.0,24.23680556,12.73416667,293.8482301,14.87429539,3.414356061,8.562893331
2025-05-04 18:30:00+00:00,419.115591,0.0,23.9171875,423.5438773,0.0,24.10791667,12.49375,296.8389889,7.815757788,1.533771368,8.326932692
2025-05-04 18:45:00+00:00,418.5171569,0.0,23.85333333,422.9439484,0.0,23.96875,12.21866667,300.0662543,3.110031409,-0.348042582,8.268864183
2025-05-04 19:00:00+00:00,418.5835675,0.0,23.8,422.4554545,0.0,23.85888889,12.00916667,303.0789689,0.853185298,-2.132751323,8.235619048
2025-05-04 19:15:00+00:00,419.054488,0.0,23.7,421.9320828,0.0,23.7875,11.82842262,306.2123177,0.16193546,-3.87568109,8.141523081
2025-05-04 19:30:00+00:00,418.4200829,0.0,23.66073864,422.7062375,0.0,23.7,11.59833333,309.2986059,0.0,-5.568155889,7.791906656
2025-05-04 19:45:00+00:00,418.6127235,0.0,23.6,423.2808609,0.0,23.62857143,11.38875,312.813226,0.0,-7.321897759,7.103982143
2025-05-04 20:00:00+00:00,418.9409324,0.0,23.59333333,423.007592,0.0,23.56666667,11.15180952,315.9877351,0.0,-8.807885522,6.432026094
2025-05-04 20:15:00+00:00,418.7484375,0.0,23.5,422.2651735,0.0,23.475,10.90038095,319.3663235,0.0,-10.2365483,6.391853693
2025-05-04 20:30:00+00:00,418.6559102,0.0,23.4625,422.3900787,0.0,23.4,10.58962054,322.798192,0.0,-11.63308306,6.53659835
2025-05-04 20:45:00+00:00,418.7564651,0.0,23.4,421.6678711,0.0,23.32924107,10.23071429,326.2675174,0.0,-12.91840526,6.7109375
2025-05-04 21:00:00+00:00,417.3283612,0.0,23.4,422.6326731,0.0,23.26666667,9.905912698,329.5907486,0.0,-13.9961924,7.08011544
2025-05-04 21:15:00+00:00,418.7308636,0.0,23.36169643,421.7885106,0.0,23.2,9.7,333.3226619,0.0,-15.05177083,7.077790647
2025-05-04 21:30:00+00:00,417.6179293,0.0,23.3,422.5203998,0.0,23.13520833,9.48,336.97065,0.0,-15.98825893,7.176138618
2025-05-04 21:45:00+00:00,417.271219,0.0,23.25333333,421.6511639,0.0,23.1,9.305,340.2419795,0.0,-16.72904074,7.392121795
2025-05-04 22:00:00+00:00,417.4284854,0.0,23.2,421.4677083,0.0,23.00625,9.164791667,343.9405812,0.0,-17.34910714,7.390327381
2025-05-04 22:15:00+00:00,418.3452796,0.0,23.196875,421.0448828,0.0,22.96805556,9.077367424,348.0665686,0.0,-17.96334325,7.755729167
2025-05-04 22:30:00+00:00,418.2452242,0.0,23.1,421.5618832,0.0,22.9,11.27232143,351.7622088,0.0,-18.34079241,7.561279762
2025-05-04 22:45:00+00:00,417.6338568,0.0,23.1,420.7261905,0.0,22.87833333,13.97619048,355.4257738,0.0,-18.59481481,7.139690236
2025-05-04 23:00:00+00:00,417.2636148,0.0,23.04375,421.5264706,0.0,22.8,14.03979167,216.3353884,0.0,-18.71510417,7.185826465
2025-05-04 23:15:00+00:00,417.5695209,0.0,23.00625,420.75882,0.0,22.8,12.67046379,2.869828431,0.0,-18.6625,6.517820391
2025-05-04 23:30:00+00:00,416.3480767,0.0,23.0,420.6270396,0.0,22.78977778,11.12228571,6.815967262,0.0,-18.44966402,5.816836508
2025-05-04 23:45:00+00:00,416.7285147,0.0,22.93571429,420.6626984,0.0,22.70714286,10.4975,10.84659544,0.0,-18.11446886,5.574668367
2025-05-05 00:00:00+00:00,416.4342954,0.0,22.9,421.5291667,0.0,22.7,12.32103175,14.34813749,0.0,-17.7258477,5.33861507
2025-05-05 00:15:00+00:00,416.2240408,0.0,22.9,421.604724,0.0,22.65193452,13.44692063,17.48701706,0.0,-17.18832246,5.104920619
2025-05-05 00:30:00+00:00,416.6432239,0.0,22.87066667,420.5536982,0.0,22.6,12.31015873,21.73291667,0.0,-16.34,5.018095238
2025-05-05 00:45:00+00:00,416.2121827,0.0,22.8,419.9989263,0.0,22.6,12.39864583,25.24203125,0.0,-15.59745265,5.143986708
2025-05-05 01:00:00+00:00,415.7163938,0.0,22.8,419.4474537,0.0,22.6,13.82440476,29.06276844,0.0,-14.4875,5.081944444
2025-05-05 01:15:00+00:00,416.3992872,0.0,22.75755952,419.8505026,0.0,22.57729215,12.84497024,32.33990079,0.0,-13.4611756,4.95752116
2025-05-05 01:30:00+00:00,416.3276899,0.0,22.7,419.0621538,0.0,22.5,12.70484127,36.05396892,0.0,-12.20583333,4.917333333
2025-05-05 01:45:00+00:00,415.8053653,0.0,22.7,419.8927443,0.0,22.5,13.99139194,39.34821037,0.0,-10.9311683,5.292604167
2025-05-05 02:00:00+00:00,416.1584264,0.0,22.7,419.9334929,0.0,22.5,13.04160714,42.85946779,0.0,-9.47827381,5.636309524
2025-05-05 02:15:00+00:00,417.1524064,0.0,22.67333333,424.3037499,0.0,22.4162963,13.27571429,46.13685764,0.0,-7.992148148,5.691957407
2025-05-05 02:30:00+00:00,419.6618182,0.0,22.69553571,436.6594636,0.0,22.45299874,14.23714286,49.08744949,0.0,-6.516327336,5.819494048
2025-05-05 02:45:00+00:00,440.1263151,0.0,22.68125,451.3829385,0.0,22.4795671,14.2275,52.43211421,0.043933824,-4.81190138,4.905208333
2025-05-05 03:00:00+00:00,457.5717577,0.0,22.69375,457.1216346,0.0,22.4625,14.38839286,55.61115057,0.656077093,-3.047053571,4.636875
2025-05-05 03:15:00+00:00,456.1493905,0.0,22.66666667,456.537328,0.0,22.4,14.49,58.91433757,3.305514676,-1.17544733,4.904847985
2025-05-05 03:30:00+00:00,454.2103809,0.0,22.62083333,454.1324055,0.0,22.4,14.65,61.89645147,11.77255026,0.578289072,4.808413462
2025-05-05 03:45:00+00:00,452.8277119,0.0,22.6,453.5316725,0.0,22.4,14.78003472,64.94883754,27.69121962,2.399293155,4.664850774
2025-05-05 04:00:00+00:00,451.4568811,0.0,22.6,452.652296,0.0,22.36066667,14.88914286,67.97499645,50.35048995,4.394133367,4.621599919
2025-05-05 04:15:00+00:00,451.4899851,0.0,22.6,452.1000297,0.0,22.3,14.9,70.80747768,76.26139488,6.33499504,4.845545635
2025-05-05 04:30:00+00:00,449.2957161,0.0,22.6,451.4338723,0.0,22.30625,14.9375,73.90079365,108.4987001,8.5146875,5.294242064
2025-05-05 04:45:00+00:00,455.3254544,0.0,22.615,452.0434469,0.0,22.33125,15.0359375,77.12608631,135.9345475,10.70764137,5.668474702
2025-05-05 05:00:00+00:00,462.0884551,0.0,22.70083333,465.5794956,0.0,22.39051852,15.1,80.1143315,165.0856824,12.77750712,6.539408947
2025-05-05 05:15:00+00:00,475.5612784,17.06592105,22.75067551,494.8544188,17.6213006,22.42104968,15.15625,82.80259816,195.86375,14.64679888,6.870208333
2025-05-05 05:30:00+00:00,494.9537255,41.95159933,22.78125,534.9254067,42.1411063,22.44553571,15.28421053,86.13421102,230.1041563,16.92581349,8.624479167
2025-05-05 05:45:00+00:00,520.7260688,62.06013584,22.89053288,585.0397518,63.81751553,22.64666667,19.80704365,89.15748311,262.3233113,19.08602381,9.627174936
2025-05-05 06:00:00+00:00,557.3752848,67.17575418,22.90927083,610.2889183,64.53809534,22.76329365,17.084375,92.19065567,294.5908919,21.18577009,10.23954545
2025-05-05 06:15:00+00:00,604.1731014,66.79327594,22.96922222,633.7757202,60.89398418,22.81484375,16.95666667,95.44600694,328.5288187,23.42994792,9.848828125
2025-05-05 06:30:00+00:00,658.9148314,60.55715812,23.0875,677.818034,60.56142654,22.934375,17.2,98.76740196,360.3661939,25.60989426,10.23493304
2025-05-05 06:45:00+00:00,714.4550595,60.48065237,23.21133333,730.2647313,61.060731,23.08412698,17.12666667,101.9350952,393.4206084,27.68488095,10.2862619
2025-05-05 07:00:00+00:00,737.700087,61.98578635,23.47553571,754.0260702,61.3494302,23.25625,16.9275,105.1852555,423.4290752,29.73180556,9.97666022
2025-05-05 07:15:00+00:00,737.2205352,47.81244065,23.39771825,772.1150828,55.96514765,23.26767587,15.885,108.7803355,450.9137047,31.81613839,10.37410714
2025-05-05 07:30:00+00:00,697.8840894,64.56297864,23.32375661,733.1751524,65.29743779,23.26127994,16.80844444,111.9431674,477.4411394,33.68855315,10.4164941
2025-05-05 07:45:00+00:00,655.1513797,67.40539683,23.48948413,673.6843849,67.98548323,23.18522727,17.08463542,115.8151471,504.4715969,35.77802083,10.32354167
2025-05-05 08:00:00+00:00,635.4192148,66.05986772,23.47976477,655.5827652,63.34546176,23.18875,16.9296875,119.8278178,531.3584361,37.775,10.45126389
2025-05-05 08:15:00+00:00,649.2398747,65.38675685,23.60416667,663.5198412,60.90074141,23.2,17.02380952,123.917479,556.8070325,39.56181593,10.84458333
2025-05-05 08:30:00+00:00,658.7369144,64.38371922,23.6275,663.8914163,61.26645768,23.2,17.06907937,128.1409524,596.5981499,41.39955267,11.57089899
2025-05-05 08:45:00+00:00,667.000656,63.87793921,23.643125,677.3825812,59.75719845,23.18541667,16.96821429,132.2497759,590.5024265,42.97762248,11.27285793
2025-05-05 09:00:00+00:00,670.9571125,65.47788534,23.75125,677.9961916,60.75889552,23.27035985,17.1625,136.9281296,448.6800344,44.60433983,10.89736111
2025-05-05 09:15:00+00:00,673.8896799,66.70784335,23.89333333,646.1748827,62.40305692,23.25314286,17.11142857,141.643352,567.8923066,46.05737037,11.16278095
2025-05-05 09:30:00+00:00,687.9445307,64.1673858,23.81307044,643.9186634,60.56808654,23.1561756,17.03625,145.8811586,699.9546009,47.13940476,10.8766665
2025-05-05 09:45:00+00:00,714.2041467,64.49294058,23.565625,648.7262685,60.43250746,23.09802827,16.83895833,151.457284,714.6186052,48.34609375,11.54201389
2025-05-05 10:00:00+00:00,747.4540184,62.35629579,23.71071429,682.3732187,59.96692189,23.33442708,17.00095238,156.9902941,632.5564457,49.41208333,12.23590625
2025-05-05 10:15:00+00:00,716.6061307,63.19918344,23.93056878,701.6143221,60.70439906,23.53636364,17.08301587,162.1740141,714.6641634,50.19303776,11.92884127
2025-05-05 10:30:00+00:00,720.4301124,63.41460317,24.04375,725.8999272,59.92715233,23.69791667,17.075,167.785028,724.5839106,50.80059524,11.1015625
2025-05-05 10:45:00+00:00,766.8598892,66.63087482,24.12666667,771.6705898,59.86932804,23.67790476,17.16777778,173.1523964,692.1782847,51.13859127,11.60084821
2025-05-05 11:00:00+00:00,749.5981794,84.84258558,24.24066667,720.1763378,69.31000683,23.68444444,17.17142857,179.1970518,591.3181356,51.28,11.42033333
2025-05-05 11:15:00+00:00,748.6417151,102.8020085,24.05703125,723.8565096,64.94031807,23.725,16.9675,183.8678595,751.7738494,51.27144097,11.73420139
2025-05-05 11:30:00+00:00,739.8276781,117.618266,24.14650794,724.2213263,66.06172947,23.84,17.02888889,189.8488889,726.6862692,51.01541667,11.35291667
2025-05-05 11:45:00+00:00,730.8621397,134.8262091,24.20714286,739.5680581,64.50172414,23.76309524,17.04285714,196.0117647,756.801005,50.56833333,11.63306667
2025-05-05 12:00:00+00:00,723.3505405,149.4588552,24.13895833,734.6273848,64.52277908,23.796875,16.98802083,200.7305247,716.4802303,49.9649427,11.81473249
2025-05-05 12:15:00+00:00,687.0327912,160.5479143,24.09318182,693.8190751,64.75441628,23.87753946,17.01458333,206.2255682,697.8450278,49.06323052,11.70285556
2025-05-05 12:30:00+00:00,656.2805211,161.5551285,23.91809524,679.9222256,63.73073676,23.70541667,17.19154762,211.5907266,685.5768605,47.99171447,11.57997723
2025-05-05 12:45:00+00:00,652.8142579,156.9601533,23.93992063,667.6156656,64.63732934,23.74266667,17.03333333,216.7419444,672.3391042,46.74192857,12.06517857
2025-05-05 13:00:00+00:00,669.6147221,158.2502635,24.07852564,659.6279337,64.3328847,23.8,16.91538462,221.3816843,657.6694441,45.46807788,11.65858631
2025-05-05 13:15:00+00:00,689.7034488,162.1379752,24.10684524,645.6657202,64.55619821,23.80590278,17.09160714,226.1362904,645.660191,43.88362148,12.12595915
2025-05-05 13:30:00+00:00,673.1559978,175.7956617,24.10489583,630.2672283,63.93575702,23.86756944,16.92008929,230.3207043,623.9757511,42.45524554,12.25051683
2025-05-05 13:45:00+00:00,634.9747787,183.2773604,24.01661376,609.9214627,64.78040489,24.02666667,16.876,234.7880975,601.9330947,40.62542761,12.22085276
2025-05-05 14:00:00+00:00,606.4255481,80.03676777,24.03422619,603.2498932,64.10442029,24.00922619,17.98055556,238.5794551,575.2932025,38.90597718,12.1967767
2025-05-05 14:15:00+00:00,608.874804,61.35664141,24.10619391,597.0639892,61.92361111,24.18125,16.27444444,242.5857143,549.0925155,36.93839286,12.55714286
2025-05-05 14:30:00+00:00,611.4538315,61.12654558,24.23299851,594.4958658,61.98620876,24.3640625,16.87797619,246.4515686,520.6201505,34.88031116,12.14144814
2025-05-05 14:45:00+00:00,600.3424996,61.57339735,24.30896128,598.7232202,62.27785091,24.57771429,16.41972538,250.0887457,492.3130585,32.94877898,12.23702912
2025-05-05 15:00:00+00:00,593.3610123,60.9123968,24.33191288,604.310896,61.35695831,24.725,16.55130719,253.5830416,463.7828076,30.97109375,12.58766295
2025-05-05 15:15:00+00:00,587.8185975,61.37159146,24.392,601.2412653,61.25311612,24.86339286,16.96,256.9213183,434.0041725,28.85380099,12.76177083
2025-05-05 15:30:00+00:00,581.5571429,60.5566841,24.4,587.1059872,61.42593985,25.09333333,17.01066667,260.2747317,400.9699704,26.78785185,12.72102564
2025-05-05 15:45:00+00:00,569.6904173,61.57234614,24.45625,576.7243987,61.61771562,25.24125,16.44196078,263.3981275,367.57134,24.66736111,12.90446429
2025-05-05 16:00:00+00:00,568.1917638,61.15154105,24.5,571.7821912,61.60050072,25.3825,17.00285714,266.714944,332.3662838,22.46800595,12.99260962
2025-05-05 16:15:00+00:00,559.2750093,61.28286809,24.575,564.5314735,61.91238496,25.5,16.94285714,269.68625,296.9767425,20.43914931,12.78183333
2025-05-05 16:30:00+00:00,556.4869101,60.81659152,24.58611111,560.3206351,60.53646607,25.55407407,16.35948661,272.803174,262.0711509,18.30928571,12.84863161
2025-05-05 16:45:00+00:00,542.97634,61.51606605,24.6,553.6397634,61.67816856,25.5375,17.09466667,275.5157986,224.5037573,16.30643791,12.9292415
2025-05-05 17:00:00+00:00,532.6323052,61.16597153,24.6,544.0810583,61.85237846,25.50625,17.04046131,278.9440699,173.0534092,13.84923002,12.77008771
2025-05-05 17:15:00+00:00,525.1003715,61.31027759,24.6,534.7686535,61.48026107,25.28247619,16.1328869,281.6704655,142.5586651,11.8788673,12.72600394
2025-05-05 17:30:00+00:00,519.1155119,60.97367819,24.57907986,528.0767941,61.85456361,25.0859375,16.99970238,284.763373,75.39236895,9.696537698,12.56154688
2025-05-05 17:45:00+00:00,512.3448975,61.06649573,24.47667411,521.9428105,61.74198396,24.95982143,17.24039216,287.9549673,70.77244814,7.5046875,12.11255997
2025-05-05 18:00:00+00:00,509.4165526,10.06130952,24.4,516.791564,8.209713837,24.84710498,15.36688312,290.9708114,65.61319721,5.486607143,11.745625
2025-05-05 18:15:00+00:00,508.5198148,0.0,24.4,513.9010232,0.0,24.78666667,15.488,293.8712942,40.07345426,3.670291246,11.43059428
2025-05-05 18:30:00+00:00,507.3298667,0.0,24.4,512.3128616,0.0,24.69129464,15.440625,296.8025839,16.56045408,1.728185877,11.01966315
2025-05-05 18:45:00+00:00,506.0018519,0.0,24.33571429,510.0083791,0.0,24.55208333,15.34626623,300.2517019,3.724555533,-0.222569444,10.43346688
2025-05-05 19:00:00+00:00,504.5158135,0.0,24.24357143,509.2580147,0.0,24.42642857,15.15396825,303.1983492,1.102239041,-1.986396825,10.11013757
2025-05-05 19:15:00+00:00,503.21724,0.0,24.19880952,507.898957,0.0,24.2865625,14.92857143,306.3456863,0.178285208,-3.754861111,9.656371862
2025-05-05 19:30:00+00:00,502.1883828,0.0,24.1,507.0897786,0.0,24.18125,14.6590625,309.398006,0.0,-5.372891865,9.256198413
2025-05-05 19:45:00+00:00,501.5435369,0.0,24.04270833,506.1615296,0.0,24.08541667,14.32589286,312.8117087,0.0,-7.078333333,8.82482197
2025-05-05 20:00:00+00:00,500.5426948,0.0,23.98666667,504.9350162,0.0,23.99333333,14.02,315.9563095,0.0,-8.57952381,8.474666667
2025-05-05 20:15:00+00:00,493.1752674,0.0,23.9,490.2391748,0.0,23.90729167,13.63777778,319.5733543,0.0,-10.10484375,8.282098214
2025-05-05 20:30:00+00:00,311.0491651,0.0,23.85,302.7141094,0.0,23.8,13.0,200.6669206,0.0,-6.775441919,4.736111111
2025-05-05 20:45:00+00:00,484.3109475,0.0,23.8,486.6068639,0.0,23.78125,12.88654762,326.2498214,0.0,-12.63048604,7.986428571
2025-05-05 21:00:00+00:00,483.6121758,0.0,23.74666667,486.0202711,0.0,23.7,12.58892857,329.5998795,0.0,-13.70636693,7.843260813
2025-05-05 21:15:00+00:00,484.0369855,0.0,23.65625,485.1725442,0.0,23.60535714,12.19875,333.3545822,0.0,-14.75264137,7.789329365
2025-05-05 21:30:00+00:00,482.1141414,0.0,23.6,484.2529727,0.0,23.5875,11.89386161,336.9598929,0.0,-15.71547394,7.772521333
2025-05-05 21:45:00+00:00,480.9729167,0.0,23.59666667,482.9739265,0.0,23.5,11.59904762,340.6542219,0.0,-16.51030303,7.594127706
2025-05-05 22:00:00+00:00,479.7983032,0.0,23.51736111,482.1502621,0.0,23.455625,11.3014881,344.20394,0.0,-17.16888799,7.44124053
2025-05-05 22:15:00+00:00,479.5091962,0.0,23.45625,480.8681929,0.0,23.35726438,11.0297247,348.0151519,0.0,-17.68806999,7.26173906
2025-05-05 22:30:00+00:00,479.6009615,0.0,23.4,480.0330668,0.0,23.30181818,10.77819444,351.5974822,0.0,-18.0347123,7.06542577
2025-05-05 22:45:00+00:00,477.3216551,0.0,23.4,478.4585859,0.0,23.22,10.53296703,355.4712187,0.0,-18.29083333,7.106004762
2025-05-05 23:00:00+00:00,476.7017756,0.0,23.4,477.9279483,0.0,23.18125,10.34375,211.0779972,0.0,-18.375,7.390428571
2025-05-05 23:15:00+00:00,475.5042217,0.0,23.331875,476.6783886,0.0,23.1,10.04375,2.924607843,0.0,-18.34515625,7.237367086
2025-05-05 23:30:00+00:00,474.1444238,0.0,23.3,476.0909989,0.0,23.1,9.9,6.851180417,0.0,-18.17257937,6.743806397
2025-05-05 23:45:00+00:00,471.834375,0.0,23.2625,474.9288362,0.0,23.03125,9.804305556,10.5549079,0.0,-17.85864426,6.489488935
2025-05-06 00:00:00+00:00,472.6621113,0.0,23.2,473.8868056,0.0,23.0,9.7,14.38058824,0.0,-17.37485119,6.336770833
2025-05-06 00:15:00+00:00,471.390625,0.0,23.2,472.8506627,0.0,22.9375,9.62,18.07375,0.0,-16.78645833,6.279166667
2025-05-06 00:30:00+00:00,469.3963203,0.0,23.13964286,472.1513901,0.0,22.9,9.466666667,20.90803571,0.0,-16.2247619,6.347037037
2025-05-06 00:45:00+00:00,468.9195441,0.0,23.1,471.042437,0.0,22.84126736,9.4,24.17042017,0.0,-15.52875,6.3140625
2025-05-06 01:00:00+00:00,468.2636149,0.0,23.1,469.540232,0.0,22.8,9.3375,27.53071895,0.0,-14.68263889,6.244513889
2025-05-06 01:15:00+00:00,467.2507263,0.0,23.06666667,468.4905318,0.0,22.8,9.213333333,32.12286772,0.0,-13.20031746,6.111190476
2025-05-06 01:30:00+00:00,466.7038028,0.0,23.0,467.7533771,0.0,22.8,9.2,35.79938842,0.0,-11.94666667,6.370727164
2025-05-06 01:45:00+00:00,465.2479167,0.0,23.0,467.1875645,0.0,22.70535714,9.1209375,39.26505304,0.0,-10.61651786,6.636116186
2025-05-06 02:00:00+00:00,464.3934266,0.0,22.96197917,466.1607906,0.0,22.7,9.1,42.71207856,0.0,-9.133252841,6.897970328
2025-05-06 02:15:00+00:00,464.7497368,0.0,22.92,468.7212061,0.0,22.7,9.1,46.04070076,0.0,-7.695050505,7.121594589
2025-05-06 02:30:00+00:00,465.6024573,0.0,22.975,480.4136261,0.0,22.70625,9.1,49.06263889,0.0,-6.174925144,7.42125
2025-05-06 02:45:00+00:00,477.5762923,0.0,22.96666667,497.9577898,0.0,22.77704388,9.1375,52.39973731,0.017390289,-4.407820513,7.845775423
2025-05-06 03:00:00+00:00,500.6588483,58.15414462,22.88839286,500.7829846,56.18139414,22.70052083,12.55238095,55.58451986,0.375313437,-2.68631967,8.394134581
2025-05-06 03:15:00+00:00,498.8528976,60.60521346,22.952,497.0315556,65.44265688,22.7,24.15272619,58.82251488,2.285485948,-0.849340548,8.665173232
2025-05-06 03:30:00+00:00,495.5209447,60.27643198,22.92682292,493.8526756,65.31238372,22.7,16.99900298,61.70934975,4.822071604,0.784030258,8.774052083
2025-05-06 03:45:00+00:00,493.3611973,60.41818081,22.91482143,492.1807704,65.73610738,22.641875,19.63770833,64.80334325,7.986943316,2.803730159,8.634980272
2025-05-06 04:00:00+00:00,490.4169363,60.03551429,22.9,491.3434698,64.77369511,22.6,17.25425926,67.73802083,14.33962346,4.738306878,8.62
2025-05-06 04:15:00+00:00,489.3835157,59.86222222,22.9,490.1127893,65.33134433,22.6,18.29977273,70.6827877,21.26937668,6.639422123,8.740714414
2025-05-06 04:30:00+00:00,488.5429286,62.41757428,22.9,488.7595018,65.1640459,22.6,17.2186756,73.7894385,29.0844039,8.771800595,8.940842803
2025-05-06 04:45:00+00:00,488.8926219,62.11005291,22.9,505.0215032,65.04801378,22.60738636,17.23708333,76.78377804,31.58288671,10.86998798,9.148742655
2025-05-06 05:00:00+00:00,492.798839,62.18871825,22.9,540.3927289,64.90551081,22.63407407,17.03333333,79.84936508,33.48790987,12.96934921,9.185047619
2025-05-06 05:15:00+00:00,500.2402591,62.39501684,22.99375,545.4914889,65.73727264,22.66355745,17.0,82.72666396,67.10024884,14.97873377,9.469159091
2025-05-06 05:30:00+00:00,514.131746,61.96657343,23.0,549.5042182,64.9726758,22.77700126,17.05,86.01596554,219.8399411,17.22543651,10.18115079
2025-05-06 05:45:00+00:00,532.1464172,63.16221186,23.01875,566.8374737,65.8638118,22.75806097,17.2,89.09970486,272.6461272,19.43798115,10.61393353
2025-05-06 06:00:00+00:00,556.4450443,62.41827449,23.07787698,593.7092665,65.43931084,22.98894841,17.22321429,92.11906266,162.9976398,21.55392008,10.80395876
2025-05-06 06:15:00+00:00,590.8400307,62.19189369,23.17825451,602.2439217,65.63544269,23.0281994,16.85645833,95.20774172,138.2890995,23.71108631,10.38145912
2025-05-06 06:30:00+00:00,625.8194444,62.52883807,23.3327381,665.0688076,65.7188034,23.23882576,17.01818182,98.74205882,369.7061871,26.06637255,10.79582522
2025-05-06 06:45:00+00:00,672.2569743,62.51052434,23.41888889,705.3931374,65.19666601,23.48380952,17.2,101.660119,420.3816431,27.95050529,11.25688095
2025-05-06 07:00:00+00:00,713.7821174,62.85893812,23.61953125,733.9915745,65.56572091,23.5346875,17.06614583,105.0438492,336.6312559,29.98376736,11.48623264
2025-05-06 07:15:00+00:00,721.1210155,62.96411329,23.70416667,743.2594998,66.00673174,23.63121909,16.71875,108.6977515,391.9727923,32.15620755,11.44798113
2025-05-06 07:30:00+00:00,731.7953689,63.53730708,23.830625,733.9182454,65.85197551,23.7787128,17.07455357,111.9563874,337.3575712,34.07240408,11.79607961
2025-05-06 07:45:00+00:00,728.3047414,98.35723233,23.96071429,731.2644248,64.63634285,23.84666667,16.78571429,115.9535869,414.1071222,36.22632234,12.37378788
2025-05-06 08:00:00+00:00,713.1243286,99.32583206,24.05759154,717.1058035,64.10200971,23.93876202,16.71374369,119.4469011,498.8292285,37.92804123,12.44468531
2025-05-06 08:15:00+00:00,683.7197746,103.0497365,24.10328125,681.2364668,61.41826703,24.0,17.01169508,123.7117965,522.3916142,39.8946733,12.75980091
2025-05-06 08:30:00+00:00,678.1820317,107.9136347,24.01947552,677.6323322,61.41052993,23.93100427,17.14062937,127.5732143,475.6467434,41.47133333,12.95768254
2025-05-06 08:45:00+00:00,648.046759,121.6803602,24.125625,665.068809,62.15165769,23.985,17.1609375,131.8297386,588.3076192,43.14236111,12.86381845
2025-05-06 09:00:00+00:00,650.7875394,128.7705556,24.03,662.0036292,61.05483152,23.9953125,17.21333333,136.4311111,532.9303555,44.83486111,13.00186869
2025-05-06 09:15:00+00:00,626.6879388,139.5764111,24.09291667,652.7175637,68.75395405,24.02791667,17.1275641,141.2178792,688.186168,46.27958333,13.22107143
2025-05-06 09:30:00+00:00,635.7544799,142.7760684,23.96666667,637.8001985,65.13911541,23.84355159,16.90833333,145.9100293,664.0255089,47.459375,13.26582942
2025-05-06 09:45:00+00:00,623.7251308,150.0145288,24.11555556,617.8067422,62.88951745,23.86555556,17.04,151.598265,684.6510728,48.77047619,13.62316349
2025-05-06 10:00:00+00:00,623.3464712,157.4162037,24.19877976,623.9097051,62.4615261,23.84657738,17.075,156.3316394,708.6467986,49.63320313,13.88452298
2025-05-06 10:15:00+00:00,621.3561835,169.08097,24.0739881,628.0217932,62.33565612,23.88236607,17.20364583,161.5573231,715.2991702,50.38678075,14.25350801
2025-05-06 10:30:00+00:00,607.6309809,171.6353859,24.07166667,625.628863,62.38388205,23.90073545,16.99904762,167.7494754,709.7040547,51.04910256,13.82642857
2025-05-06 10:45:00+00:00,606.6151202,175.7916111,23.98767857,633.2935129,62.69312383,23.94223214,16.96071429,173.0241071,717.2282639,51.47015625,13.82378348
2025-05-06 11:00:00+00:00,606.0461396,179.2825892,24.10625,642.6274115,62.52098033,23.9390625,17.021875,179.2256313,703.7845483,51.625,13.56274012
2025-05-06 11:15:00+00:00,614.8691372,186.0233073,24.04761905,656.2430618,63.60258449,24.06666667,17.18395238,184.2365675,715.3846687,51.6,13.78933333
2025-05-06 11:30:00+00:00,625.8280555,189.5931764,24.08125,660.331904,74.71029149,24.15,17.225,189.7944372,720.5534391,51.30483225,13.75336039
2025-05-06 11:45:00+00:00,624.3515711,195.7316667,24.06066468,663.7346741,85.07424345,24.11339286,17.12410714,195.7072405,713.6821559,50.86392705,13.43061626
2025-05-06 12:00:00+00:00,621.6128612,200.0861893,24.03385417,660.13896,95.71292241,24.15875,17.09583333,201.3406863,622.5335093,50.12482639,13.28972917
2025-05-06 12:15:00+00:00,621.9246443,206.0068215,23.99488095,669.1508561,112.0615258,24.18074074,17.05233333,206.7990913,656.7763437,49.26288889,13.26737928
2025-05-06 12:30:00+00:00,622.1959668,198.1381901,23.97204861,670.6923866,126.2173142,24.1653125,17.14125,211.9849643,618.7882915,48.213125,13.16846591
2025-05-06 12:45:00+00:00,620.2181937,198.3299591,24.0389881,655.0903016,138.4337523,24.13854167,16.80625,216.9341821,621.9934262,46.9571131,12.92946007
2025-05-06 13:00:00+00:00,619.6685412,199.0578264,23.94733333,642.4296685,152.4957751,24.12736111,17.09022222,221.3992831,645.4444432,45.70870727,13.11352036
2025-05-06 13:15:00+00:00,606.3779057,189.723979,23.83952085,625.611156,164.8369495,24.19220668,17.21922222,225.9630434,646.6109349,44.25801606,13.05553953
2025-05-06 13:30:00+00:00,584.5313146,179.1441635,23.9409375,600.7118907,178.6700265,24.1784375,17.014375,230.5880112,620.3067093,42.56657738,13.05184821
2025-05-06 13:45:00+00:00,557.2538472,176.5533407,23.9539881,578.3640043,191.9311772,24.12448661,17.16458333,234.6732003,592.2490411,40.89792163,13.50084697
2025-05-06 14:00:00+00:00,548.2319184,80.49046179,24.01555556,552.892219,90.49183357,24.32037037,16.88977778,239.0769762,564.6349367,38.92647297,13.15740263
2025-05-06 14:15:00+00:00,548.2628457,62.13608466,24.20714286,553.670831,59.87854152,24.48828125,16.73705357,242.8119716,526.1348961,37.1197601,13.43326389
2025-05-06 14:30:00+00:00,548.6309008,61.22246853,24.27333333,551.950011,60.09305522,24.63125,16.76875,246.5255366,512.480283,35.12728175,13.42209821
2025-05-06 14:45:00+00:00,538.1589744,61.78076081,24.36666667,549.6794465,59.60374568,24.74666667,16.89528571,249.9388685,504.2968603,33.30935897,13.07060256
2025-05-06 15:00:00+00:00,533.9950301,62.41887239,24.4,544.6414507,60.15197285,24.9363084,17.10071925,253.1541176,482.8457787,31.5225,13.34875
2025-05-06 15:15:00+00:00,529.2161476,61.77873016,24.43165584,540.4556942,59.11564265,25.16875,16.97261905,257.1916071,443.6870895,28.95196429,13.24333401
2025-05-06 15:30:00+00:00,521.0592564,61.59582427,24.5,530.5208526,59.61735533,25.30625,16.97743056,260.5457983,371.3751567,26.82486607,13.14860119
2025-05-06 15:45:00+00:00,513.5879891,61.88611111,24.5,520.8099079,59.85751461,25.44419048,17.26666667,263.5853333,356.2785424,24.78216667,13.13574259
2025-05-06 16:00:00+00:00,507.5372204,62.08835979,24.59489796,514.8101568,59.73384588,25.56222222,16.97692308,266.7392857,295.1313509,22.71741071,13.13469494
2025-05-06 16:15:00+00:00,502.2983648,61.70281085,24.575,508.6869772,59.37715602,25.60625,17.0578125,269.8707692,255.481622,20.52023275,12.97294643
2025-05-06 16:30:00+00:00,501.5623602,62.69298977,24.6,510.166135,59.89655172,25.51933333,16.85166667,273.0409846,213.8727188,18.37607346,12.66960784
2025-05-06 16:45:00+00:00,500.4416488,61.80470085,24.6,506.2014216,59.14525112,25.51142857,16.8875,276.0259944,143.6544772,16.29265188,12.67170928
2025-05-06 17:00:00+00:00,503.0577915,61.62359548,24.6,507.9082516,59.55895623,25.23198864,16.40208333,278.9706496,87.4881125,14.25793136,12.43232704
2025-05-06 17:15:00+00:00,503.2485918,62.10322159,24.58125,509.9695782,59.85379698,25.06288194,16.76606376,281.8974912,91.38171974,12.17009425,11.99131629
2025-05-06 17:30:00+00:00,502.2984375,62.3333937,24.5,509.1088235,59.43703704,25.08666667,15.88333333,285.0883333,101.0231472,9.905634921,11.69047619
2025-05-06 17:45:00+00:00,497.8027158,62.59914262,24.5,503.5004945,59.87558137,24.95203125,17.29704861,287.9370603,70.2704494,7.917182765,11.5694212
2025-05-06 18:00:00+00:00,495.1446257,20.49862401,24.4046875,500.0286957,17.42397066,24.77394886,17.12953125,290.8076117,39.65801767,5.977363366,11.26188304
2025-05-06 18:15:00+00:00,494.6795535,0.0,24.4,497.3754882,0.0,24.66380159,17.74222222,294.1994366,19.36223846,3.906388889,10.85775758
2025-05-06 18:30:00+00:00,492.9187946,0.0,24.38,496.4226974,0.0,24.57410714,18.09107143,297.1514773,8.865172084,1.97453125,10.5119839
2025-05-06 18:45:00+00:00,491.1634242,0.0,24.3,494.7949357,0.0,24.425,18.1,300.2870053,3.794346016,0.11427399,10.21409091
2025-05-06 19:00:00+00:00,490.9246212,0.0,24.23991477,493.2736905,0.0,24.33366477,17.99375,303.4290826,1.034224321,-1.737938936,9.827743428
2025-05-06 19:15:00+00:00,490.1426789,0.0,24.12,491.9606013,0.0,24.21333333,17.51148148,306.553543,0.16847756,-3.508203186,9.552450143
2025-05-06 19:30:00+00:00,489.0049928,0.0,24.06875,492.6510031,0.0,24.10625,16.88883929,309.6517609,0.0,-5.187896825,9.262070189
2025-05-06 19:45:00+00:00,488.1066355,0.0,24.0,491.2052237,0.0,24.03354167,16.31785714,312.7446703,0.0,-6.685989358,9.089305289
2025-05-06 20:00:00+00:00,487.5609791,0.0,23.925,489.4279412,0.0,23.94702381,15.63958333,316.0035906,0.0,-8.255138889,8.973066604
2025-05-06 20:15:00+00:00,488.2139424,0.0,23.88666667,488.9244136,0.0,23.88,15.19133333,319.4621875,0.0,-9.715166667,8.867
2025-05-06 20:30:00+00:00,487.2841711,0.0,23.8,488.0078756,0.0,23.8,14.78802083,322.8864052,0.0,-11.026875,8.7203125
2025-05-06 20:45:00+00:00,486.0916062,0.0,23.75379464,488.2003774,0.0,23.74782986,14.46041667,326.1780303,0.0,-12.30123106,8.600252525
2025-05-06 21:00:00+00:00,484.2021199,0.0,23.7,486.7890557,0.0,23.675,14.14208333,330.0125458,0.0,-13.56111111,8.383349931
2025-05-06 21:15:00+00:00,484.7411044,0.0,23.609,486.3248547,0.0,23.6,13.909,333.623471,0.0,-14.58993651,8.5643
2025-05-06 21:30:00+00:00,484.1313965,0.0,23.6,485.3054813,0.0,23.56640625,13.74348958,337.0752746,0.0,-15.45770089,8.923229843
2025-05-06 21:45:00+00:00,483.3467707,0.0,23.5953125,485.1020585,0.0,23.4734375,13.5796875,340.7408409,0.0,-16.20376603,8.920074405
2025-05-06 22:00:00+00:00,482.5054568,0.0,23.51675926,484.343576,0.0,23.4,13.346,344.0848738,0.0,-16.81369516,9.215159127
2025-05-06 22:15:00+00:00,481.7017827,0.0,23.47291667,483.8263025,0.0,23.34597538,13.00416667,348.109785,0.0,-17.42035342,9.397267157
2025-05-06 22:30:00+00:00,480.2386001,0.0,23.4,482.6749359,0.0,23.3,12.75,351.629342,0.0,-17.75541823,9.389264734
2025-05-06 22:45:00+00:00,479.2658203,0.0,23.4,482.3059697,0.0,23.25,12.525,355.1455556,0.0,-17.9975,9.451666667
2025-05-06 23:00:00+00:00,479.197309,0.0,23.4,481.2781046,0.0,23.2,12.30916667,201.8098859,0.0,-18.09333333,9.413352381
2025-05-06 23:15:00+00:00,478.7415562,0.0,23.38625,480.4040909,0.0,23.17732143,12.014375,2.847938434,0.0,-18.06822917,9.521237547
2025-05-06 23:30:00+00:00,477.6845909,0.0,23.3,479.653139,0.0,23.1,11.72838542,6.546578283,0.0,-17.93499053,9.728459851
2025-05-06 23:45:00+00:00,476.0909091,0.0,23.3,478.6602426,0.0,23.1,11.54141414,10.35185185,0.0,-17.66060606,9.490909091
2025-05-07 00:00:00+00:00,476.4650016,0.0,23.2,477.5772145,0.0,23.05556122,11.28452381,14.22174242,0.0,-17.145005,9.15974026
2025-05-07 00:15:00+00:00,475.6643519,0.0,23.2,477.2631109,0.0,23.0,11.128125,17.81354167,0.0,-16.53780849,8.815634921
2025-05-07 00:30:00+00:00,474.8696367,0.0,23.2,476.2024425,0.0,22.98928571,10.95625,21.62806213,0.0,-15.84663149,8.396889656
2025-05-07 00:45:00+00:00,472.8009931,0.0,23.11875,475.5798915,0.0,22.91785714,10.6921875,25.3914377,0.0,-14.94415675,8.150653409
2025-05-07 01:00:00+00:00,471.600859,0.0,23.1,474.6459087,0.0,22.9,10.47222222,28.55488095,0.0,-14.02711111,8.748531926
2025-05-07 01:15:00+00:00,471.3183861,0.0,23.1,473.1984299,0.0,22.89375,10.22083333,32.10511841,0.0,-12.94990869,9.277909226
2025-05-07 01:30:00+00:00,470.739465,0.0,23.1,472.9662301,0.0,22.8,10.05625,35.52031674,0.0,-11.75201923,8.962987013
2025-05-07 01:45:00+00:00,469.7113095,0.0,23.00446429,472.3888804,0.0,22.8,9.81875,39.29051513,0.0,-10.33209681,9.748241568
2025-05-07 02:00:00+00:00,469.5257937,0.0,23.0,470.7816241,0.0,22.8,9.670666667,42.59428571,0.0,-8.95407672,8.747133333
2025-05-07 02:15:00+00:00,469.2495094,0.0,23.0,470.7011103,0.0,22.74375,9.50625,45.8750648,0.0,-7.499582362,7.420364583
2025-05-07 02:30:00+00:00,469.459951,0.0,22.975,478.511702,0.0,22.69975694,9.475,48.74954703,0.0,-6.095408775,7.105794071
2025-05-07 02:45:00+00:00,484.2411232,0.0,22.9847619,496.9846539,0.0,22.76583333,9.306666667,52.40295139,0.149565657,-4.203730159,7.447138889
2025-05-07 03:00:00+00:00,497.8595929,31.98596838,23.0,498.0461326,34.01449275,22.74848214,10.16466165,55.17270833,0.89506016,-2.630871212,8.213058824
2025-05-07 03:15:00+00:00,495.6506281,64.59293854,23.0,496.8297937,65.24354502,22.72,22.18276515,58.42740501,4.236027499,-0.792787889,10.33701786
2025-05-07 03:30:00+00:00,494.9535301,64.2843661,23.0,496.0,64.91700741,22.7,17.99441103,61.5576572,13.22974429,1.017083333,10.17964461
2025-05-07 03:45:00+00:00,494.8082112,64.01832608,23.0,495.4883455,65.28873234,22.7,19.72857143,64.55273016,24.82567074,2.869320411,9.74785263
2025-05-07 04:00:00+00:00,493.8865928,63.55129821,22.91538462,495.0644077,64.70915533,22.7,18.80909091,67.26958249,44.42367269,4.599929138,10.1809127
2025-05-07 04:15:00+00:00,493.015873,64.01289683,22.9,494.68159,63.39846071,22.67142857,17.98394558,70.99193311,77.98333088,7.15819161,9.925178571
2025-05-07 04:30:00+00:00,492.8652778,63.80626781,22.9,495.2065476,62.81703866,22.6171875,17.69919643,73.55491087,106.5957336,8.893154762,9.872083333
2025-05-07 04:45:00+00:00,492.2781962,63.3658972,22.9,495.0546341,62.64481637,22.60666667,17.40666667,76.63150746,132.6696319,11.09037037,9.861558923
2025-05-07 05:00:00+00:00,495.3998316,64.17716408,22.9,499.0269264,64.10374928,22.61875,17.4,79.01732026,157.8540127,12.61770833,9.716666667
2025-05-07 05:15:00+00:00,499.0365307,61.36201716,22.95,506.7994399,63.16357766,22.66875,17.34375,82.82962798,196.5482113,15.38196181,9.84390625
2025-05-07 05:30:00+00:00,503.5007687,61.43483165,22.97222222,530.0832853,63.20095708,22.6875,16.9468254,85.75969888,228.7391596,17.34424603,10.56643849
2025-05-07 05:45:00+00:00,520.7175771,61.65066283,23.09387755,565.7515542,62.95613455,22.82821429,17.06666667,88.61496897,257.4142797,19.42087846,10.89240563
2025-05-07 06:00:00+00:00,561.1252388,61.66696324,23.14517857,589.047328,63.75019437,22.92466631,17.1,91.80901321,290.9044243,21.70816822,10.80380428
2025-05-07 06:15:00+00:00,591.5140375,61.49703407,23.25885417,612.0372318,63.37571689,23.06763393,16.895625,94.68151664,311.9581702,23.64782625,11.19406277
2025-05-07 06:30:00+00:00,612.1682406,61.76332605,23.25390625,640.7742532,64.28406001,23.20212054,16.92303571,98.2103998,351.7597415,25.94651786,11.63464353
2025-05-07 06:45:00+00:00,621.5402026,62.72557471,23.48968254,638.8775281,65.11654417,23.38042328,16.78520635,101.5398889,393.3970076,28.14242593,11.71051323
2025-05-07 07:00:00+00:00,633.4536398,62.33079365,23.55394345,640.0637931,64.75777778,23.46875,16.73899554,104.799125,424.092112,30.06890625,12.32029688
2025-05-07 07:15:00+00:00,633.4144443,63.1786004,23.64239583,653.7569008,65.85953386,23.5307058,16.93819444,108.3130517,452.8864762,32.25866293,12.56910112
2025-05-07 07:30:00+00:00,642.5833501,62.8898526,23.81832837,659.2069737,65.93251656,23.64703686,16.7999442,111.9183917,485.5263721,34.33026786,12.93579343
2025-05-07 07:45:00+00:00,650.9986858,65.2355327,23.79767677,659.5653958,65.27797841,23.60889364,16.89491272,115.674422,505.9210504,36.2918157,13.04153824
2025-05-07 08:00:00+00:00,651.8664979,65.54964065,23.91126691,638.1576272,60.92035131,23.76165404,17.00957589,119.4828758,575.214516,38.19423217,13.28711013
2025-05-07 08:15:00+00:00,656.6898568,62.92613248,23.95840794,645.8154125,59.39620119,23.77293803,16.91832265,123.4807831,540.2302327,40.0251376,13.42822748
2025-05-07 08:30:00+00:00,648.6061077,65.99760725,24.04852941,629.9402383,60.89958333,23.8,16.9,127.8193728,603.3967855,41.90368114,13.59689601
2025-05-07 08:45:00+00:00,640.3999499,70.06599434,23.98305556,628.1490363,61.40493632,23.8,17.08976094,132.0401024,633.4494286,43.5555371,13.82047377
2025-05-07 09:00:00+00:00,640.4802449,66.9682312,23.89369781,643.4589048,59.21409306,23.8825,16.9,136.3889479,636.0108881,45.02558788,14.17579004
2025-05-07 09:15:00+00:00,633.0672318,73.76413434,24.11257576,627.0103298,61.29070495,23.85467821,16.87901786,141.0547685,656.6770618,46.40572917,14.09297396
2025-05-07 09:30:00+00:00,637.4265546,77.45275401,23.89465007,631.3416439,58.76462921,23.782114,17.13849432,146.144573,677.7343724,47.86113899,14.59726299
2025-05-07 09:45:00+00:00,629.0802747,76.615386,24.09642857,609.5637375,60.90588999,23.76690476,17.1,151.2865855,658.2061426,49.01297142,14.44783478
2025-05-07 10:00:00+00:00,622.3864344,85.04916787,24.04166667,604.0451659,60.7736556,23.77083333,17.07861111,156.4345495,663.4516516,49.95199689,14.28823972
2025-05-07 10:15:00+00:00,621.6974735,91.01395503,24.06277554,610.691723,61.509601,23.94797619,16.92388889,161.9294448,711.8180799,50.73235605,14.30973763
2025-05-07 10:30:00+00:00,609.3313004,93.20065342,24.03160714,603.9031746,60.58005952,23.89760808,17.05190476,167.4974867,721.3143839,51.3355887,14.55959663
2025-05-07 10:45:00+00:00,596.0449438,92.30774152,24.02905724,601.3301196,59.42612007,23.83070707,16.92210256,172.8951262,677.5607466,51.67557818,13.94063959
2025-05-07 11:00:00+00:00,606.0377221,94.74458151,24.09155556,619.4726282,60.79564779,23.99191805,17.35498413,178.8198046,717.9098929,51.9,14.4869007
2025-05-07 11:15:00+00:00,610.0610101,107.7426121,24.14848485,614.0301876,65.23648841,24.04888889,17.49377778,184.6139135,785.526409,51.845,15.45510924
2025-05-07 11:30:00+00:00,638.2666667,128.3244901,24.11571429,636.3070295,71.79795918,24.05649351,17.19285714,190.225873,613.2509308,51.58538795,14.90928102
2025-05-07 11:45:00+00:00,647.1274019,127.5639537,24.01878066,649.4952113,75.1626243,23.98111111,17.07492063,195.7415563,569.5808658,51.08611391,14.9468963
2025-05-07 12:00:00+00:00,637.8896915,135.1811132,24.09940171,646.5084656,79.21289056,24.05346931,17.20356172,201.4061884,747.7564277,50.41757439,15.59935119
2025-05-07 12:15:00+00:00,606.890299,151.809089,24.09366972,616.8353321,81.25669429,24.04291464,17.18555556,206.7516635,740.8786967,49.52543334,16.01703267
2025-05-07 12:30:00+00:00,583.377792,155.9588555,24.11053847,605.0812082,87.93764006,24.00782313,17.13095238,211.7489479,711.6315565,48.51618696,15.9586515
2025-05-07 12:45:00+00:00,569.5014862,159.0749767,24.01133171,594.6396545,86.09521008,23.84797619,17.19582621,217.014248,725.2366769,47.24063916,15.95482563
2025-05-07 13:00:00+00:00,572.1895847,162.3834211,23.99037464,582.9005472,77.84204601,23.92508567,16.6137963,221.5070811,328.861546,45.97496296,15.66561481
2025-05-07 13:15:00+00:00,575.6731377,159.2817063,23.96472727,571.3809776,69.83066271,24.04714037,17.01830688,226.4502602,682.8799244,44.37596032,15.77161852
2025-05-07 13:30:00+00:00,575.1256403,156.3136905,23.96874459,570.5449515,78.77167824,24.05607143,16.81313187,230.0580265,574.4765853,43.03511578,15.75426504
2025-05-07 13:45:00+00:00,551.3239144,156.1813568,24.07049173,557.5013983,88.85265498,24.22380952,16.87466667,233.3937831,609.7367967,41.7108042,15.00846561
2025-05-07 14:00:00+00:00,530.2273039,66.94947976,24.07111111,543.344979,71.79481935,24.23272727,17.31444444,238.9175767,423.3932376,39.33081481,15.69539972
2025-05-07 14:15:00+00:00,530.0222222,62.71527778,24.00666667,538.2296296,64.93328976,24.075,16.6088664,242.5851084,197.1141241,37.5601964,16.0179189
2025-05-07 14:30:00+00:00,518.013086,64.68352518,24.1,529.8202452,62.25489886,24.22185592,17.3135436,246.6645833,209.0736522,35.43472222,16.30755013
2025-05-07 14:45:00+00:00,511.9165305,65.05247355,24.1,521.4501634,62.03624282,24.23574074,16.70171754,250.0777131,155.1257009,33.56467603,15.69284656
2025-05-07 15:00:00+00:00,505.2835046,65.23086027,24.0432381,514.4624034,62.14255291,24.14285714,16.94027056,253.7469233,90.77384555,31.43640212,15.12177249
2025-05-07 15:15:00+00:00,500.9908995,64.37044834,24.0,509.2832477,61.31655796,24.02521493,17.28763533,257.0542668,77.21636023,29.39459318,14.64686802
2025-05-07 15:30:00+00:00,498.0305482,64.58028433,23.98731793,505.117659,61.28081978,23.99257143,16.1789933,260.0398333,80.88048086,27.51877241,14.30967782
2025-05-07 15:45:00+00:00,494.8507843,64.466374,23.9,500.7234259,61.30461874,23.9,16.51121212,263.8386688,133.9117125,25.01355459,14.00410053
2025-05-07 16:00:00+00:00,491.9490741,64.55833333,23.9,496.6951058,62.24537037,23.94666667,16.77857143,267.0798283,142.7319775,22.83207648,14.22054113
2025-05-07 16:15:00+00:00,490.014881,64.73095238,23.9,495.2445818,60.72158645,23.90897959,16.89047619,269.6425794,113.1399613,21.07539683,14.06370851
2025-05-07 16:30:00+00:00,488.1550162,62.94369167,23.9,492.0990253,60.87674829,24.1327308,16.54359163,272.9291821,229.9501283,18.77723674,14.38821351
2025-05-07 16:45:00+00:00,486.8239711,64.49969289,23.95333333,490.2528976,62.19017429,24.52701709,17.35486508,276.0030202,230.4409054,16.61528199,14.71561995
2025-05-07 17:00:00+00:00,485.0674359,65.01770452,24.07333333,488.4154286,61.81668254,24.64666667,16.51461905,278.9707598,197.8709945,14.53797384,14.53782766
2025-05-07 17:15:00+00:00,483.80897,64.66438165,24.1,487.9745508,60.72069597,24.58335498,17.13214286,282.2295406,165.4675236,12.24589438,14.09872802
2025-05-07 17:30:00+00:00,482.6178833,65.72963037,24.16196429,487.6811036,62.12806767,24.56952187,16.94121693,284.9500609,131.2061712,10.34571945,13.95177449
2025-05-07 17:45:00+00:00,481.5218528,65.16886364,24.2,485.0793627,61.72627451,24.61592334,16.7824359,288.2012894,97.20846833,8.10163431,13.53636697
2025-05-07 18:00:00+00:00,481.1937573,6.548148148,24.2,484.1190546,7.097254902,24.59,18.18564935,291.0055488,63.96063655,6.197706044,13.19810671
2025-05-07 18:15:00+00:00,481.8109668,0.0,24.2,483.0968975,0.0,24.54583333,18.3,294.2333858,40.59586941,4.111303855,12.78413265
2025-05-07 18:30:00+00:00,480.1466667,0.0,24.15333333,482.9863636,0.0,24.414,18.14186508,297.3222143,12.65223089,2.178134921,12.2928254
2025-05-07 18:45:00+00:00,478.7153439,0.0,24.1,481.5556786,0.0,24.27492481,17.76263144,300.3593896,4.826476652,0.307538126,11.83444444
2025-05-07 19:00:00+00:00,477.2527778,0.0,24.02,481.0971199,0.0,24.14533333,17.37055556,303.5513046,1.513023828,-1.501264025,11.42560559
2025-05-07 19:15:00+00:00,477.6437112,0.0,23.99377289,480.8047335,0.0,24.05214286,17.07919442,306.6349033,0.355247882,-3.220643591,11.17691477
2025-05-07 19:30:00+00:00,477.1536955,0.0,23.9,480.4781869,0.0,23.96545455,16.76330303,309.7632065,0.012444444,-4.893323533,11.02292231
2025-05-07 19:45:00+00:00,475.9947758,0.0,23.9,479.6133333,0.0,23.9,16.38861111,312.84111,0.0,-6.432140403,10.90846063
2025-05-07 20:00:00+00:00,476.1559259,0.0,23.80588235,478.3956349,0.0,23.80592593,15.97166667,316.4146598,0.0,-8.105368978,10.80714536
2025-05-07 20:15:00+00:00,473.8002646,0.0,23.73214286,476.9368126,0.0,23.77572362,15.52091837,319.1781937,0.0,-9.302765699,10.69581044
2025-05-07 20:30:00+00:00,474.8497101,0.0,23.7,476.7040476,0.0,23.7,15.09466667,322.9799471,0.0,-10.84834921,10.58445185
2025-05-07 20:45:00+00:00,472.9203788,0.0,23.63416667,476.0275,0.0,23.62983165,14.79479121,326.5308332,0.0,-12.12559168,10.495
2025-05-07 21:00:00+00:00,471.4534807,0.0,23.6,475.5045865,0.0,23.6,14.49501374,329.7199611,0.0,-13.17915429,10.37638284
2025-05-07 21:15:00+00:00,472.1704873,0.0,23.6,473.3661062,0.0,23.54666667,14.24294733,333.3258041,0.0,-14.22733405,10.14075794
2025-05-07 21:30:00+00:00,472.0586866,0.0,23.6,473.1903501,0.0,23.48,14.0337037,336.9787712,0.0,-15.14780797,10.05927051
2025-05-07 21:45:00+00:00,471.9299034,0.0,23.54583333,473.568599,0.0,23.4,13.76451852,340.4677399,0.0,-15.9212381,10.06565692
2025-05-07 22:00:00+00:00,469.0226313,0.0,23.5,473.3731624,0.0,23.37683473,13.59428571,343.8888329,0.0,-16.5435925,9.942807329
2025-05-07 22:15:00+00:00,469.6683294,0.0,23.41923116,471.3329347,0.0,23.3,13.43615633,347.5611264,0.0,-17.04871052,9.717072105
2025-05-07 22:30:00+00:00,469.2067253,0.0,23.4,469.8976849,0.0,23.26861111,13.36537037,351.5466842,0.0,-17.4809532,9.367046805
2025-05-07 22:45:00+00:00,469.5779597,0.0,23.4,469.513733,0.0,23.2,13.14277778,355.3711667,0.0,-17.75451984,9.037958333
2025-05-07 23:00:00+00:00,468.5144446,0.0,23.4,469.7567602,0.0,23.2,12.98412698,205.0148922,0.0,-17.87276786,8.678404762
2025-05-07 23:15:00+00:00,467.9710185,0.0,23.33152237,468.4786111,0.0,23.10904762,12.87333333,2.998428164,0.0,-17.81285714,8.609666667
2025-05-07 23:30:00+00:00,467.2425533,0.0,23.3,468.1891667,0.0,23.1,12.71333333,6.855787749,0.0,-17.64632021,8.415351852
2025-05-07 23:45:00+00:00,466.2737179,0.0,23.27430556,468.2262731,0.0,23.03,12.52424242,10.77827381,0.0,-17.29148479,8.306388889
2025-05-08 00:00:00+00:00,465.3493156,0.0,23.2,466.8378735,0.0,23.0,12.33571429,14.11634101,0.0,-16.88953973,8.367660425
2025-05-08 00:15:00+00:00,464.4139073,0.0,23.2,466.5571717,0.0,22.97698413,12.15277778,17.72433842,0.0,-16.27517338,7.980094434
2025-05-08 00:30:00+00:00,463.3246377,0.0,23.17933333,465.6670238,0.0,22.9,11.96095238,21.46977116,0.0,-15.5391561,7.885543643
2025-05-08 00:45:00+00:00,462.5306663,0.0,23.13051709,464.0651227,0.0,22.9,11.78403846,25.15076923,0.0,-14.68835826,8.101025641
2025-05-08 01:00:00+00:00,461.068053,0.0,23.1,463.3190217,0.0,22.87142857,11.6015873,28.5791083,0.0,-13.77028099,8.028952922
2025-05-08 01:15:00+00:00,462.0421188,0.0,23.09703297,463.7809788,0.0,22.8,11.468,31.93549552,0.0,-12.72740741,8.002166667
2025-05-08 01:30:00+00:00,460.9028322,0.0,23.03333333,462.8704035,0.0,22.8,11.26522751,35.55986416,0.0,-11.45052605,8.01464184
2025-05-08 01:45:00+00:00,459.6173652,0.0,23.0,462.7373148,0.0,22.8,11.04851852,38.9834064,0.0,-10.12912465,8.123583567
2025-05-08 02:00:00+00:00,459.4072116,0.0,23.0,461.8291838,0.0,22.73132353,10.97944444,42.36373355,0.0,-8.762679562,8.1
2025-05-08 02:15:00+00:00,457.6908029,0.0,22.92857143,461.3336893,0.0,22.7,10.84945055,45.4914411,0.0,-7.346594313,7.968856293
2025-05-08 02:30:00+00:00,458.6746979,0.0,22.9,467.5024339,0.0,22.7,10.8,48.90200142,0.0,-5.667276353,7.901514449
2025-05-08 02:45:00+00:00,469.4800299,0.0,22.97411765,480.4551189,0.0,22.74349206,10.8,51.99508203,0.1356,-4.073161297,7.956595341
2025-05-08 03:00:00+00:00,484.3524074,13.65916667,22.95969577,490.3349867,11.35803412,22.78186508,10.88778245,55.23510185,0.746567118,-2.276634921,8.276846021
2025-05-08 03:15:00+00:00,488.5826889,63.22486328,23.0,488.0469104,65.53384578,22.7,20.1322248,58.19315476,2.183189033,-0.622857143,8.470238095
2025-05-08 03:30:00+00:00,487.8871429,61.99391534,23.0,488.8741282,62.98518519,22.7,19.50910823,61.38246825,4.523492196,1.254660053,8.614878307
2025-05-08 03:45:00+00:00,489.0615344,61.17005369,22.94166667,490.1831133,63.42538577,22.7,18.01460137,64.34212302,8.552048573,3.094799499,8.465827922
2025-05-08 04:00:00+00:00,489.8684461,60.57291897,22.9,492.4325421,62.6269664,22.7,17.26700337,67.57638523,15.59244767,5.192549858,8.448814815
2025-05-08 04:15:00+00:00,490.4572124,60.346133,22.9,493.2198657,62.23340033,22.7,17.93115646,70.3207592,23.62598794,7.043216902,8.558516484
2025-05-08 04:30:00+00:00,490.9025794,59.98035919,22.9,493.3971094,62.15740835,22.68333333,16.82444444,73.4929127,36.81349859,9.198489011,8.664857937
2025-05-08 04:45:00+00:00,492.5038842,60.46093915,22.89666667,493.1167593,62.53744702,22.6,16.89098124,76.35529101,57.80507734,11.16823413,8.751074074
2025-05-08 05:00:00+00:00,497.4203025,60.50306566,22.87138386,496.3641791,62.38982421,22.62488889,16.94844444,79.44974554,65.58423799,13.34433271,8.80431297
2025-05-08 05:15:00+00:00,512.0046309,60.20263072,22.95220024,508.9106657,62.99372549,22.7,17.02529101,82.62160095,78.27779008,15.58862504,8.815021466
2025-05-08 05:30:00+00:00,517.3685189,60.33812123,23.0,513.4896977,62.1695576,22.7,16.9,85.5534232,114.7894362,17.62996885,8.974868796
2025-05-08 05:45:00+00:00,518.3063636,60.77171717,23.0275,519.5639627,62.80676447,22.7,16.9,88.55510826,157.8468804,19.76311111,9.541831339
2025-05-08 06:00:00+00:00,531.375486,60.72265816,23.07333333,546.3767586,63.23306752,22.81111111,16.90666667,91.75074165,247.1841702,21.96075066,10.30722222
2025-05-08 06:15:00+00:00,553.2995644,59.6987081,23.13371978,556.4954578,61.9127108,22.9,17.075,94.71237025,333.5726222,23.98031015,11.00637702
2025-05-08 06:30:00+00:00,582.5617459,60.27059093,23.18015873,567.9043233,62.42804622,22.92683673,17.15915584,98.100054,309.9503131,26.24707194,11.29583269
2025-05-08 06:45:00+00:00,634.3059463,59.63754767,23.26510616,610.5128255,62.94288272,23.11157192,17.168,101.1931091,221.8268556,28.273065,11.26131185
2025-05-08 07:00:00+00:00,659.648771,59.69319639,23.45848485,662.6016901,62.10252931,23.23633333,17.02642857,104.8450192,475.2261837,30.57733838,11.20504294
2025-05-08 07:15:00+00:00,673.014362,61.19259259,23.61333333,675.1769095,62.99271833,23.45722222,16.92740741,108.1758443,465.6733615,32.55474459,12.28993147
2025-05-08 07:30:00+00:00,692.9986441,61.92266902,23.67300937,693.6405679,64.3880102,23.56978175,16.87767857,111.7901291,485.6599077,34.60499321,13.19314493
2025-05-08 07:45:00+00:00,689.9626345,62.85315904,23.94417989,687.4536042,65.13989899,23.70761905,16.83481481,115.3807828,506.7419029,36.53791801,13.21765424
2025-05-08 08:00:00+00:00,696.2584343,62.47023449,23.95619048,686.3440619,64.47265039,23.77396825,17.03333333,119.0632804,528.4276944,38.39922222,13.90703704
2025-05-08 08:15:00+00:00,709.087299,66.86027778,24.10114478,676.2538233,66.75796608,23.8,17.07222222,122.614228,552.456818,40.02730159,14.80079103
2025-05-08 08:30:00+00:00,704.2577635,72.625553,24.15734694,678.1424934,66.48871102,23.89571429,16.85496032,127.4146927,580.7530006,42.07639031,14.45735974
2025-05-08 08:45:00+00:00,710.6217616,92.31233738,24.15150661,691.277243,66.45033845,23.92761905,16.90266667,131.7125416,604.1588984,43.74915013,15.29796567
2025-05-08 09:00:00+00:00,716.4541667,108.2933869,24.15398938,703.9944152,65.27436647,23.97373219,17.03666667,136.3778036,626.4121108,45.36637517,14.29875577
2025-05-08 09:15:00+00:00,694.3774053,124.4078028,24.18995127,677.8710496,65.91080688,24.0,17.12472816,140.5935503,641.5474799,46.69014274,14.68309011
2025-05-08 09:30:00+00:00,680.131746,142.0978458,24.15535147,664.4561688,65.51259276,23.91319205,17.10816327,146.0307256,664.1785679,48.10612245,14.65346677
2025-05-08 09:45:00+00:00,648.5680415,147.4758481,23.954889,664.5436625,66.97198243,23.79792874,17.0067862,151.0396452,678.2739444,49.21,16.07430409
2025-05-08 10:00:00+00:00,644.3472348,147.5313325,24.14195416,633.092965,65.6089302,23.8,16.98405622,156.3364828,693.5090878,50.19389652,15.1920394
2025-05-08 10:15:00+00:00,628.3795774,155.1446637,24.13672222,612.4412298,66.21333202,23.8,17.06209957,161.7040055,598.6622372,51.01641541,15.51606866
2025-05-08 10:30:00+00:00,618.0192331,165.019498,24.01269841,635.6457542,65.40848089,23.78852814,17.0,167.3404507,658.5921857,51.59250541,15.57534303
2025-05-08 10:45:00+00:00,619.8071958,164.4331217,24.04297009,641.9583333,62.45375661,23.83259259,17.18611111,173.1331994,719.6371484,51.99161681,16.30125218
2025-05-08 11:00:00+00:00,618.7719365,162.8453704,24.12450505,636.9491933,61.65189331,23.89447619,17.37466667,177.8458333,728.4914118,52.17375,17.07673056
2025-05-08 11:15:00+00:00,631.0173099,176.7335283,24.03055556,638.3560624,61.47701754,23.86015873,17.21247042,184.4897488,723.8854853,52.08377611,17.16037583
2025-05-08 11:30:00+00:00,640.1902187,184.8986443,24.11426407,642.4649555,62.20102136,23.85178571,16.89265615,190.1763152,733.6918567,51.83620181,17.08024943
2025-05-08 11:45:00+00:00,636.1078881,196.4544699,24.05566667,654.6733143,61.52745059,24.02133333,17.02571429,195.8449344,740.7198006,51.38980159,16.93594246
2025-05-08 12:00:00+00:00,639.7693308,196.9915609,24.11372461,651.632049,66.89413729,24.02719697,17.23474747,201.2004704,757.2310538,50.72033084,17.2358658
2025-05-08 12:15:00+00:00,628.7460438,207.9616623,24.06863248,635.1438745,69.20802994,24.08293086,17.08547881,206.8584127,802.5888118,49.78244444,17.38171429
2025-05-08 12:30:00+00:00,619.6564336,212.6028148,24.06377268,623.3340128,76.53302519,24.08017705,17.44021825,212.1775015,542.4834264,48.72177271,17.55811153
2025-05-08 12:45:00+00:00,606.892687,214.2980511,23.90452214,614.8189035,80.93543467,23.94018435,16.1907037,216.9531088,197.2655035,47.5489427,16.16776106
2025-05-08 13:00:00+00:00,615.8804275,207.8245022,23.96704274,597.6584593,71.71628215,23.86888889,16.58631313,221.5483077,310.0290094,46.26767521,14.41747993
2025-05-08 13:15:00+00:00,633.7684462,204.6985214,24.00453151,590.1693706,65.05673836,23.93423401,17.07134615,226.6446686,533.5566362,44.58434318,14.51610317
2025-05-08 13:30:00+00:00,626.2497363,216.6290941,24.26103785,632.6575885,65.22957251,24.01738095,16.99744898,230.4214286,492.7519366,43.22857143,13.83238095
2025-05-08 13:45:00+00:00,621.7648104,230.0106917,24.06102531,614.6227234,73.34718553,24.08666667,16.50845238,234.861641,188.9196285,41.44672894,13.23355311
2025-05-08 14:00:00+00:00,605.1359325,241.6891479,24.13133333,596.5914664,80.9010233,24.10329726,17.16666667,239.1842363,640.3310811,39.50869626,13.28922082
2025-05-08 14:15:00+00:00,593.4807576,248.7185017,24.07799134,582.3732359,105.7367081,24.35515152,17.198,243.1972989,490.813897,37.57044974,14.17290608
2025-05-08 14:30:00+00:00,574.7555556,252.910119,24.06212062,572.5767495,143.2227123,24.49880952,16.78511905,246.6089059,299.1634412,35.80105087,13.67872139
2025-05-08 14:45:00+00:00,560.8036905,251.3728229,23.94,570.387298,176.017197,24.27858586,16.72489796,250.4614226,335.004551,33.64099663,13.15295623
2025-05-08 15:00:00+00:00,567.0243454,100.9553805,24.03869529,560.7415328,86.97294974,24.50962121,18.05654642,254.1027824,575.177668,31.52555089,14.39397436
2025-05-08 15:15:00+00:00,583.5101984,61.76888889,24.35623232,566.6682804,61.35886243,24.83211159,16.80777778,257.5685205,464.3597265,29.43070707,15.38410199
2025-05-08 15:30:00+00:00,590.4233827,61.12402211,24.46096939,572.5893436,64.12804091,25.09479984,16.57294372,260.7503933,402.8063637,27.38282858,15.68065896
2025-05-08 15:45:00+00:00,567.1448545,60.44669082,24.5425641,575.6691355,63.65934343,25.31428571,16.94,263.8488554,366.9850217,25.35351346,15.27591734
2025-05-08 16:00:00+00:00,556.1153231,61.05757576,24.6,566.988041,63.28564454,25.53092593,16.93049206,266.7848122,337.9917192,23.38571419,14.91290598
2025-05-08 16:15:00+00:00,547.7569444,60.80672439,24.68060606,557.0937116,63.60117789,25.61809524,17.03285714,270.0410053,302.9647544,21.1210582,14.88349074
2025-05-08 16:30:00+00:00,542.9674745,61.45093321,24.7666215,552.1336009,63.31058327,25.73360613,17.02897698,273.2305669,267.5072087,18.89321368,14.88490757
2025-05-08 16:45:00+00:00,542.6365152,61.10513468,24.86666667,550.4148148,64.13594147,25.81333333,16.67733333,276.3984762,232.5931777,16.65235979,14.56444762
2025-05-08 17:00:00+00:00,539.2344449,61.79741668,24.9,546.2196172,63.43899654,25.84933333,17.18148291,279.3029227,202.1645883,14.62303521,14.65165221
2025-05-08 17:15:00+00:00,537.829301,60.20896195,24.95802579,544.9461355,63.8,25.85830435,16.46892651,282.07774,173.151761,12.67856826,14.20851813
2025-05-08 17:30:00+00:00,529.9787749,61.1282326,24.93083333,537.6219577,63.80965608,25.71177489,16.85371429,285.3297222,131.1874537,10.40972222,14.21034829
2025-05-08 17:45:00+00:00,519.4635062,61.27089885,24.9,527.2463326,64.43428468,25.72417582,17.3645671,288.1367436,111.5210575,8.504223184,13.88080663
2025-05-08 18:00:00+00:00,514.9318519,28.46666667,24.9,519.5380952,29.4,25.54583333,15.95,291.470235,72.12444651,6.264871795,14.43283189
2025-05-08 18:15:00+00:00,512.280419,0.0,24.9,515.6529105,0.0,25.49666896,15.96913087,294.3418252,46.10362185,4.343575584,14.26332969
2025-05-08 18:30:00+00:00,509.9980131,0.0,24.9,512.9180395,0.0,25.34868694,15.85737374,297.3502896,22.13345095,2.442670755,13.98250362
2025-05-08 18:45:00+00:00,508.0299673,0.0,24.82339394,511.6381245,0.0,25.15222222,15.72509259,300.4794964,7.589413801,0.555174964,13.39328248
2025-05-08 19:00:00+00:00,507.8604762,0.0,24.70512821,511.2025926,0.0,24.95809524,15.56484848,303.7067188,1.89802328,-1.276863619,12.77687762
2025-05-08 19:15:00+00:00,505.8962307,0.0,24.64142857,510.2924603,0.0,24.79321429,15.5,306.7280754,0.457453103,-2.980555556,11.81263889
2025-05-08 19:30:00+00:00,503.9372751,0.0,24.6,509.9095658,0.0,24.72186081,15.41333333,309.897932,0.050296296,-4.674294058,11.3970816
2025-05-08 19:45:00+00:00,503.4772264,0.0,24.5,507.6746032,0.0,24.6,15.42666667,313.1751449,0.0,-6.29390639,11.351116
2025-05-08 20:00:00+00:00,503.2764771,0.0,24.44,506.6361292,0.0,24.51420635,15.5,316.4495667,0.0,-7.819015298,11.41518519
2025-05-08 20:15:00+00:00,501.4623603,0.0,24.4,504.8626374,0.0,24.4445269,15.5877551,319.396369,0.0,-9.083174603,11.33337302
2025-05-08 20:30:00+00:00,501.5287601,0.0,24.325,504.4075016,0.0,24.35911111,15.6,323.0559073,0.0,-10.54475568,10.98184034
2025-05-08 20:45:00+00:00,499.5630159,0.0,24.28666667,503.7208333,0.0,24.28666667,15.51866667,326.6636296,0.0,-11.89414021,10.67924444
2025-05-08 21:00:00+00:00,499.1318311,0.0,24.2,501.7282313,0.0,24.17857143,15.38509942,329.9602917,0.0,-12.93969697,10.65209977
2025-05-08 21:15:00+00:00,497.7247222,0.0,24.1,501.1279365,0.0,24.1,15.09111111,333.5620187,0.0,-13.99136752,11.11879528
2025-05-08 21:30:00+00:00,497.744446,0.0,24.09449883,500.4904911,0.0,24.09449883,14.8967366,337.0356322,0.0,-14.90313533,10.42609955
2025-05-08 21:45:00+00:00,496.3556972,0.0,24.0,499.1699216,0.0,24.0,14.68008628,340.7052041,0.0,-15.67092775,10.0072146
2025-05-08 22:00:00+00:00,495.0253053,0.0,23.92857143,498.6437596,0.0,23.93075139,14.40868275,344.2957051,0.0,-16.28430054,10.71842103
2025-05-08 22:15:00+00:00,494.3838252,0.0,23.9,497.3314089,0.0,23.86403846,14.10884848,348.1076303,0.0,-16.86286338,10.46987139
2025-05-08 22:30:00+00:00,493.1259259,0.0,23.81407407,496.4103704,0.0,23.8,13.73302448,351.8266495,0.0,-17.2555194,11.07028758
2025-05-08 22:45:00+00:00,492.2144647,0.0,23.8,495.5474074,0.0,23.722,13.37703704,355.51765,0.0,-17.48040476,10.30090476
2025-05-08 23:00:00+00:00,492.1936263,0.0,23.76571429,494.830839,0.0,23.66428571,13.04869048,224.3332984,0.0,-17.59894035,9.952894427
2025-05-08 23:15:00+00:00,491.5649694,0.0,23.7,493.2244183,0.0,23.6,12.77066667,2.848773109,0.0,-17.5454902,9.808580802
2025-05-08 23:30:00+00:00,490.6086017,0.0,23.65333333,493.3957628,0.0,23.57936508,12.51726984,6.598439487,0.0,-17.37777778,9.88620309
2025-05-08 23:45:00+00:00,489.5814877,0.0,23.6,492.1337092,0.0,23.5,12.28355556,10.55264672,0.0,-17.03384046,10.11113818
2025-05-09 00:00:00+00:00,488.3785277,0.0,23.6,490.4608622,0.0,23.47142857,12.16761905,14.00837217,0.0,-16.60631377,9.877060266
2025-05-09 00:15:00+00:00,487.7237096,0.0,23.6,489.8415941,0.0,23.4,12.006,17.71449044,0.0,-16.04555463,9.964662125
2025-05-09 00:30:00+00:00,486.3475132,0.0,23.55338095,488.856164,0.0,23.385,11.86666667,21.53239418,0.0,-15.27669312,10.12041667
2025-05-09 00:45:00+00:00,484.7053175,0.0,23.5,487.8759019,0.0,23.3,11.76666667,25.14926698,0.0,-14.3987049,9.867509153
2025-05-09 01:00:00+00:00,484.5593645,0.0,23.5,487.3756516,0.0,23.3,11.7,28.47845099,0.0,-13.48093304,9.256381561
2025-05-09 01:15:00+00:00,482.6642593,0.0,23.47047619,486.4184453,0.0,23.26,11.7,31.98804274,0.0,-12.41355556,9.097258974
2025-05-09 01:30:00+00:00,481.810291,0.0,23.4,484.6962963,0.0,23.2,11.6125,35.68131766,0.0,-11.15024929,9.279107346
2025-05-09 01:45:00+00:00,482.3661376,0.0,23.4,483.7350599,0.0,23.17601732,11.51333333,39.01883489,0.0,-9.87563986,9.195328932
2025-05-09 02:00:00+00:00,480.1727564,0.0,23.4,483.1152778,0.0,23.1,11.43892857,42.4141804,0.0,-8.425799756,9.114739487
2025-05-09 02:15:00+00:00,480.0474074,0.0,23.37,483.0237037,0.0,23.1,11.28866667,45.53576313,0.0,-6.996798572,9.150259158
2025-05-09 02:30:00+00:00,482.1983695,0.0,23.26835979,489.0545178,0.0,23.1,11.12517179,48.68535568,0.0,-5.48040543,8.73522399
2025-05-09 02:45:00+00:00,496.6019709,0.0,23.28166667,505.9361263,0.0,23.12348485,11.00533333,52.08956125,0.216444444,-3.697606838,8.491999749
2025-05-09 03:00:00+00:00,505.8119048,29.2893066,23.26428571,509.0043934,31.3875,23.1,10.9,55.21383929,1.288123016,-2.002876984,9.04968254
2025-05-09 03:15:00+00:00,500.6131313,64.86756207,23.3,504.6729302,66.80297619,23.1,20.83044974,58.30596212,4.154698413,-0.258301837,9.625072799
2025-05-09 03:30:00+00:00,498.086895,64.69217865,23.3,501.480754,65.78343915,23.00095238,19.60814286,61.36069228,10.84203545,1.513024133,10.09575165
2025-05-09 03:45:00+00:00,495.9945114,64.41775701,23.27558201,498.0789161,64.87754547,23.0,17.599819,64.41578227,18.32396136,3.462927391,9.506257345
2025-05-09 04:00:00+00:00,493.8730923,64.23094006,23.22142857,495.7765306,66.65397335,23.0,18.76577664,67.43360119,23.94430275,5.422202381,9.718338278
2025-05-09 04:15:00+00:00,492.5126947,64.64162135,23.16,495.0924509,65.62507271,22.98222222,17.39074747,70.24570476,27.82626874,7.310604122,9.594666667
2025-05-09 04:30:00+00:00,491.1111111,64.98600427,23.1,493.3176852,65.93,22.9,17.23714286,73.48464646,58.5793,9.520871332,9.723562963
2025-05-09 04:45:00+00:00,491.0352451,65.53487374,23.09888889,493.1332175,67.15122787,22.9,17.19606349,76.47246296,82.34194117,11.5540048,9.93679892
2025-05-09 05:00:00+00:00,490.7338394,65.71440942,23.06809524,491.7321369,67.57421232,22.9,16.82142857,79.44738619,90.87082481,13.66719519,10.20103022
2025-05-09 05:15:00+00:00,491.1456566,64.56436027,23.07366667,492.3504882,66.22,22.8087619,16.8087619,82.36585185,172.1971761,15.74471429,10.38664286
2025-05-09 05:30:00+00:00,498.4536084,65.20844163,23.14450938,497.2360343,67.08301955,22.85888889,17.1107963,85.46708405,229.9128504,17.9129127,11.08485979
2025-05-09 05:45:00+00:00,519.6273218,64.20209073,23.12068311,515.0793651,66.10367063,23.01428571,17.09239332,88.46485784,273.8074216,20.02810122,11.74471119
2025-05-09 06:00:00+00:00,526.3500673,64.59985102,23.32,547.6598907,61.68102604,23.15472222,16.88095238,91.45538483,299.3395457,22.09883772,12.26271412
2025-05-09 06:15:00+00:00,547.0601957,64.70870685,23.4,552.5646524,62.80475926,23.1574934,17.18666667,94.65208242,338.1675119,24.28291143,12.60687521
2025-05-09 06:30:00+00:00,560.0510486,62.80810262,23.45609055,567.748855,62.8152711,23.19426174,16.93259524,97.72368668,366.4739336,26.36529175,13.14757638
2025-05-09 06:45:00+00:00,578.7553183,63.78396739,23.5660771,595.8982882,63.2479068,23.46231293,16.9,101.2088466,404.0537009,28.61619048,13.37074123
2025-05-09 07:00:00+00:00,586.4168908,63.33369048,23.6438468,599.9793672,62.17844623,23.5,17.02116402,104.5197611,436.6852206,30.68512291,13.95677905
2025-05-09 07:15:00+00:00,577.7171336,64.0188787,23.736,604.0678484,63.20298797,23.52896581,17.14314038,108.0148237,462.0324853,32.78116465,14.31700299
2025-05-09 07:30:00+00:00,581.4330764,62.00991434,23.78740332,611.9457482,63.05328689,23.6,17.13174892,111.7031944,489.4160326,34.88067643,15.09743783
2025-05-09 07:45:00+00:00,583.0957341,63.30555556,23.83960317,606.9229167,64.32985596,23.54397959,17.015,115.2883565,516.3262315,36.81020267,15.50270181
2025-05-09 08:00:00+00:00,582.5164216,61.59366904,24.0,600.5285185,62.74037037,23.59384615,17.17380952,118.1553836,533.4454545,38.26036415,15.65826455
2025-05-09 08:15:00+00:00,585.1013461,62.58370141,23.9379886,594.4752941,63.81398148,23.65601852,17.0,123.2379745,560.3525081,40.62791595,15.79341614
2025-05-09 08:30:00+00:00,589.4949282,63.07292777,23.97190476,605.5393577,65.32383333,23.68260684,17.10827778,127.4421791,584.7569815,42.37379953,16.3828106
2025-05-09 08:45:00+00:00,604.2761279,64.87981859,24.01560047,599.5879252,63.39166667,23.72142857,17.1476862,131.7138606,606.9658501,44.04087235,16.68494125
2025-05-09 09:00:00+00:00,601.626449,68.79514571,24.07060333,587.6438842,65.30094989,23.7,17.09321693,136.21763,631.7581188,45.61174023,16.93490741
2025-05-09 09:15:00+00:00,597.0748148,78.65519039,24.04743915,588.6401943,64.88649776,23.68999515,17.0089899,140.9831925,647.3782331,47.06548071,17.06863151
2025-05-09 09:30:00+00:00,583.710177,83.31194187,24.07901786,572.4375061,67.04738714,23.60580357,17.20704082,145.8752435,663.6510318,48.36394841,16.86669267
2025-05-09 09:45:00+00:00,570.6611279,86.25020683,24.02165242,560.5027213,66.10814192,23.6,16.7447619,151.0482275,680.5382254,49.52935897,16.37370106
2025-05-09 10:00:00+00:00,564.7123382,91.00939901,24.0401379,553.3543706,65.69923297,23.62,16.78696296,156.2345232,689.7581265,50.46967949,15.89087637
2025-05-09 10:15:00+00:00,574.1888974,98.40233108,24.12173504,558.1599206,64.20626984,23.72047619,17.02747475,161.824476,705.2398488,51.25447623,15.65856308
2025-05-09 10:30:00+00:00,573.3852054,112.7295886,24.2,571.0896158,65.01944299,23.8,16.7,167.3131677,708.0944063,51.85257313,14.88798115
2025-05-09 10:45:00+00:00,570.0468268,124.5145949,24.15622016,582.2282825,64.47864848,23.8,16.86430159,172.6299382,713.1493683,52.25583505,14.46516421
2025-05-09 11:00:00+00:00,574.1272402,139.8302564,24.12568182,580.3115878,65.21410889,23.8,16.89666667,178.7853122,705.565948,52.4,14.14308307
2025-05-09 11:15:00+00:00,568.4083906,149.663687,24.16441336,572.9979762,65.10291005,23.8,17.08666667,184.7172398,767.1116871,52.36909804,14.00481481
2025-05-09 11:30:00+00:00,551.3317866,157.404908,24.1,560.1295857,64.79724343,23.85693994,16.99162028,190.3440427,751.9856657,52.0880102,13.97797016
2025-05-09 11:45:00+00:00,544.0801342,163.9800137,24.0907978,557.5624267,65.26334205,23.896,17.09833333,195.9549216,746.4612223,51.61932976,14.03692982
2025-05-09 12:00:00+00:00,539.8124272,171.8106868,24.00888889,558.0378069,64.75352333,23.86592593,16.96357431,201.6333619,715.7094495,50.93378788,13.75319655
2025-05-09 12:15:00+00:00,535.8792274,171.610442,24.07333333,546.7930657,64.12640519,23.87054762,17.1427101,207.0430334,598.5440012,50.05420468,13.78925326
2025-05-09 12:30:00+00:00,527.5484302,174.2558815,23.96666667,535.5109971,64.30501161,23.91391331,16.78731061,212.220335,539.903188,48.99009388,13.70182104
2025-05-09 12:45:00+00:00,511.2074379,167.6691587,23.9,523.9807302,64.03381221,23.83198718,16.92666667,217.1631685,461.3636585,47.77033883,13.55641901
2025-05-09 13:00:00+00:00,511.1776515,165.0788604,24.03179798,512.1774023,65.83927536,23.9,16.88933333,221.8054518,411.8497454,46.45510985,13.49080577
2025-05-09 13:15:00+00:00,502.0156604,165.0899052,24.0,505.6439909,65.73120006,23.88238095,16.84488946,226.6877045,270.0673315,44.87582112,13.43152438
2025-05-09 13:30:00+00:00,493.368357,156.02127,23.8217201,502.4834528,65.92718376,23.81003108,16.76497802,230.4697789,189.454098,43.48044896,13.12967383
2025-05-09 13:45:00+00:00,489.8537705,142.2733528,23.9,497.4213642,66.38986815,23.8,16.96388889,235.3772527,268.9152025,41.51811572,13.22484231
2025-05-09 14:00:00+00:00,481.8793091,79.80689459,23.73,488.0694444,64.3625,23.8,18.0180873,239.5209758,293.6096083,39.66600427,13.36720798
2025-05-09 14:15:00+00:00,479.3795145,61.72891156,23.77142857,483.1303007,59.66656075,23.8,16.39120748,243.2696899,326.5292222,37.84213822,13.14064245
2025-05-09 14:30:00+00:00,477.6526652,62.16857297,23.86,482.3896207,59.77352427,23.87454545,16.73269841,247.0589373,313.196439,35.86250265,13.19959788
2025-05-09 14:45:00+00:00,476.5526852,62.00644696,23.9,480.8069717,60.65971334,23.9,16.75969444,250.7112871,197.4348816,33.87460022,12.89970355
2025-05-09 15:00:00+00:00,476.4856913,62.31136227,23.88592593,480.097963,60.23685185,23.80074074,16.69925926,254.2915146,96.87280816,31.75490741,12.89674669
2025-05-09 15:15:00+00:00,476.5377615,61.72606293,23.8,479.3968254,60.10297619,23.79375,17.0984127,257.7065533,70.01880566,29.66724332,12.77699639
2025-05-09 15:30:00+00:00,475.9812963,62.40851852,23.79333333,479.127963,59.87037037,23.70086835,17.135,260.9578848,75.34278611,27.59438566,12.65712795
2025-05-09 15:45:00+00:00,476.9248677,62.31492063,23.70761905,478.9848413,59.26906701,23.7,16.22374074,264.0309254,92.17905458,25.55470849,13.01715686
2025-05-09 16:00:00+00:00,476.7116497,63.03218537,23.7,479.6758929,59.81059419,23.60714286,17.46888528,267.2680442,71.72893892,23.34798404,13.09914966
2025-05-09 16:15:00+00:00,475.6571469,62.5820856,23.60615385,479.9688095,60.77518634,23.6,17.27360127,270.3212804,40.91068425,21.27798413,12.72604253
2025-05-09 16:30:00+00:00,475.6001725,61.90670811,23.6,476.8614286,59.97022496,23.6,16.75166667,273.4619276,23.85727659,19.08636532,12.49290455
2025-05-09 16:45:00+00:00,474.6427951,61.85915622,23.55311111,477.6189602,60.2008678,23.51809524,17.01666667,276.4818492,31.63412562,16.94432701,12.61897884
2025-05-09 17:00:00+00:00,474.0592237,62.66519274,23.5,477.1260393,61.13509222,23.49591837,17.43644689,279.6035737,44.28659412,14.73990363,12.63649528
2025-05-09 17:15:00+00:00,474.9725,61.68953343,23.5,477.2812881,60.66181736,23.43333333,16.77087912,282.5320079,32.09748434,12.70136508,12.61533333
2025-05-09 17:30:00+00:00,474.3659153,62.41102804,23.49916667,477.8180952,61.2250488,23.4,16.0982963,285.3275967,21.21958232,10.72274762,12.56
2025-05-09 17:45:00+00:00,474.2413131,61.54740741,23.4,477.2371429,60.66640693,23.34412698,16.90769231,288.7169444,11.26978866,8.407814815,12.4351
2025-05-09 18:00:00+00:00,474.0751972,14.23885918,23.4,478.0372387,17.21888528,23.3,16.14529762,291.4938736,7.693549717,6.534203297,12.3277551
2025-05-09 18:15:00+00:00,473.9144435,0.0,23.4,477.7215878,0.0,23.3,17.15384615,294.4583098,5.04312263,4.588166667,12.18284596
2025-05-09 18:30:00+00:00,474.2092715,0.0,23.4,477.3287777,0.0,23.27,17.36666667,297.3714276,2.94683707,2.721097643,12.192
2025-05-09 18:45:00+00:00,473.3077904,0.0,23.4,475.8101971,0.0,23.2,17.00583333,300.5320689,1.549478575,0.754107143,12.2
2025-05-09 19:00:00+00:00,472.6934933,0.0,23.4,475.8151489,0.0,23.2,16.48311111,303.6674233,0.501410806,-0.968351852,12.12823519
2025-05-09 19:15:00+00:00,471.968072,0.0,23.4,475.4846271,0.0,23.19904762,15.9452381,306.7604542,0.10531862,-2.677977079,12.15536678
2025-05-09 19:30:00+00:00,472.1433987,0.0,23.36777778,475.4740326,0.0,23.10761905,15.46383838,310.1159392,0.0,-4.471555556,12.13422222
2025-05-09 19:45:00+00:00,472.0178571,0.0,23.34126984,474.5580357,0.0,23.1,15.03827839,313.3594359,0.0,-6.098979592,12.1
2025-05-09 20:00:00+00:00,471.4238889,0.0,23.3,474.6946183,0.0,23.1,14.82,316.4613126,0.0,-7.539238095,12.1
2025-05-09 20:15:00+00:00,470.2492248,0.0,23.3,473.1667337,0.0,23.1,14.71757576,319.8382354,0.0,-9.014730159,12.1164
2025-05-09 20:30:00+00:00,469.077535,0.0,23.3,472.7602063,0.0,23.01402116,14.6,323.3834007,0.0,-10.40808081,11.96037037
2025-05-09 20:45:00+00:00,468.8922078,0.0,23.22232143,471.1787803,0.0,23.0,14.52142857,326.63211,0.0,-11.57015977,11.87142857
2025-05-09 21:00:00+00:00,468.3250202,0.0,23.2,471.3467236,0.0,23.0,14.6,330.137904,0.0,-12.74323232,11.75333333
2025-05-09 21:15:00+00:00,468.1464387,0.0,23.2,471.2481241,0.0,23.0,14.76666667,333.6601667,0.0,-13.77598413,11.62430476
2025-05-09 21:30:00+00:00,467.7807407,0.0,23.2,470.3282051,0.0,22.994,14.83333333,337.0650053,0.0,-14.59170635,11.5311037
2025-05-09 21:45:00+00:00,466.3097314,0.0,23.2,469.0320531,0.0,22.9,14.9,340.8820437,0.0,-15.43173186,11.5
2025-05-09 22:00:00+00:00,465.7249003,0.0,23.18,467.5296405,0.0,22.9,14.9,344.5727513,0.0,-16.0852381,11.46143506
2025-05-09 22:15:00+00:00,465.1632973,0.0,23.11428571,467.8068254,0.0,22.9,14.9,348.0700556,0.0,-16.57074074,11.40142619
2025-05-09 22:30:00+00:00,464.3519208,0.0,23.1,467.0,0.0,22.9,14.81428571,351.9061224,0.0,-16.96921769,11.4
2025-05-09 22:45:00+00:00,464.5075542,0.0,23.1,467.2944314,0.0,22.87333333,14.8,355.5321693,0.0,-17.22761905,11.376
2025-05-09 23:00:00+00:00,463.6722496,0.0,23.1,466.657431,0.0,22.82333333,14.70833333,308.1896032,0.0,-17.3,11.4
2025-05-09 23:15:00+00:00,463.6077887,0.0,23.1,465.2439518,0.0,22.8,14.62666667,2.971190476,0.0,-17.27185185,11.39940741
2025-05-09 23:30:00+00:00,463.5854199,0.0,23.1,465.3337806,0.0,22.8,14.6,6.738331583,0.0,-17.08329082,11.34873469
2025-05-09 23:45:00+00:00,463.7352381,0.0,23.045,464.9723294,0.0,22.8,14.5,10.45921429,0.0,-16.78611905,11.24606061
2025-05-10 00:00:00+00:00,462.0649333,0.0,23.0,464.3385482,0.0,22.8,14.40666667,14.2172619,0.0,-16.32329365,11.20703704
2025-05-10 00:15:00+00:00,460.9237992,0.0,23.0,462.9080684,0.0,22.77555556,14.38181818,17.89085281,0.0,-15.70877706,11.20065476
2025-05-10 00:30:00+00:00,460.9990849,0.0,23.0,461.9194423,0.0,22.7,14.275,21.49113946,0.0,-14.99952381,11.09857143
2025-05-10 00:45:00+00:00,460.5398535,0.0,23.0,461.2137255,0.0,22.7,14.2,24.9775,0.0,-14.18,11.085
2025-05-10 01:00:00+00:00,459.4810185,0.0,23.0,461.4412656,0.0,22.7,14.11333333,28.50745351,0.0,-13.22744794,10.97725356
2025-05-10 01:15:00+00:00,458.6080048,0.0,23.0,461.2412235,0.0,22.7,14.09285714,31.98997296,0.0,-12.14185527,10.85941043
2025-05-10 01:30:00+00:00,458.3892912,0.0,22.97436508,459.6415773,0.0,22.7,14.0,35.46118221,0.0,-10.94159907,10.79747619
2025-05-10 01:45:00+00:00,458.5925213,0.0,22.90706349,458.7150801,0.0,22.7,13.92666667,38.87369769,0.0,-9.624075758,10.74821104
2025-05-10 02:00:00+00:00,457.4940055,0.0,22.9,459.0820121,0.0,22.62533333,13.9,42.26606349,0.0,-8.188964286,10.70400635
2025-05-10 02:15:00+00:00,456.9778407,0.0,22.9,457.7913138,0.0,22.6,13.86964286,45.45403366,0.0,-6.756741671,10.61342857
2025-05-10 02:30:00+00:00,456.4283228,0.0,22.9,457.5861031,0.0,22.6,13.74266667,48.64393577,0.0,-5.21559596,10.59344933
2025-05-10 02:45:00+00:00,455.1461792,0.0,22.9,456.9204678,0.0,22.6,13.7,51.90238095,0.144508438,-3.515555556,10.56437037
2025-05-10 03:00:00+00:00,454.9157277,0.0,22.9,456.071971,0.0,22.6,13.7,54.97461905,0.79209835,-1.82931746,10.53449091
2025-05-10 03:15:00+00:00,454.622449,0.0,22.9,456.3342262,0.0,22.6,13.68,58.11384921,3.180410092,-0.071924603,10.56453306
2025-05-10 03:30:00+00:00,454.2663217,0.0,22.9,455.0836201,0.0,22.6,13.6,60.89090909,5.88772381,1.547272727,10.6
2025-05-10 03:45:00+00:00,451.7701621,0.0,22.9,454.8622067,0.0,22.6,13.6,64.19571984,5.223304201,3.636179654,10.59619048
2025-05-10 04:00:00+00:00,452.835417,0.0,22.9,453.9859515,0.0,22.6,13.56153846,67.07753553,8.47888555,5.491358493,10.59798129
2025-05-10 04:15:00+00:00,451.6222222,0.0,22.9,452.8517483,0.0,22.6,13.5,70.04183333,15.6399697,7.493055556,10.66
2025-05-10 04:30:00+00:00,452.3142726,0.0,22.9,452.5967771,0.0,22.6,13.5,73.08402172,29.16701709,9.580509607,10.7
2025-05-10 04:45:00+00:00,451.1395822,0.0,22.9,452.3136318,0.0,22.6,13.5,76.2205291,27.14936264,11.74493343,10.76959048
2025-05-10 05:00:00+00:00,450.0502126,0.0,22.9,451.4578223,0.0,22.6,13.5,79.15518707,30.88811788,13.79935993,10.9350157
2025-05-10 05:15:00+00:00,449.6190697,0.0,22.9,451.0379881,0.0,22.6,13.5,82.05619264,49.85728553,15.85931073,11.05847456
2025-05-10 05:30:00+00:00,448.3111157,0.0,22.9,450.4523386,0.0,22.6,13.5,85.21981241,64.50552942,18.07508297,11.15522619
2025-05-10 05:45:00+00:00,449.0290249,0.0,22.9,449.840293,0.0,22.6,13.5,88.1297619,93.28153653,20.12202381,11.30714286
2025-05-10 06:00:00+00:00,447.4097787,0.0,22.9,448.4306876,0.0,22.6,13.5,91.33544781,183.8523647,22.35171717,11.5858963
2025-05-10 06:15:00+00:00,447.509807,0.0,22.93471429,447.6093624,0.0,22.69416667,13.58035714,94.55019312,132.1174684,24.54880159,12.28176838
2025-05-10 06:30:00+00:00,445.8698802,0.0,23.0,446.7893016,0.0,22.7,13.6,97.93388552,127.1422581,26.82436364,12.49225556
2025-05-10 06:45:00+00:00,445.8274243,0.0,23.0,447.9524436,0.0,22.7,13.6,101.0919263,163.8035503,28.86679154,12.61365646
2025-05-10 07:00:00+00:00,446.0731354,0.0,23.0,446.1410479,0.0,22.74666667,13.6,104.3851532,142.7468771,30.92098413,13.10466595
2025-05-10 07:15:00+00:00,444.6346523,0.0,23.00166667,444.8323155,0.0,22.8,13.6,107.588,117.26989,32.85466667,13.42
2025-05-10 07:30:00+00:00,444.2697543,0.0,23.0375,445.0472159,0.0,22.8,13.67142857,111.365737,139.4144721,35.00280612,13.62068646
2025-05-10 07:45:00+00:00,444.6732866,0.0,23.1,445.4778076,0.0,22.8,13.7,115.0160673,111.0610732,36.97473593,13.4584844
2025-05-10 08:00:00+00:00,444.1370679,0.0,23.1,444.9913554,0.0,22.8,13.7,118.858227,93.68281226,38.90558824,13.54206863
2025-05-10 08:15:00+00:00,442.939761,0.0,23.1,444.7790129,0.0,22.8,13.7,123.0511561,93.79317604,40.83798942,13.46155652
2025-05-10 08:30:00+00:00,441.2080357,0.0,23.1,443.3116999,0.0,22.8,13.71571429,127.1779705,64.05035786,42.60489796,13.31979167
2025-05-10 08:45:00+00:00,441.4995928,0.0,23.1,442.2569399,0.0,22.8,13.88666667,131.3677707,61.22093961,44.21192857,11.61733598
2025-05-10 09:00:00+00:00,441.5589663,0.0,23.1,442.2737941,0.0,22.8,13.9,135.8677767,91.55560421,45.79186131,10.41709716
2025-05-10 09:15:00+00:00,441.0328798,0.0,23.1,441.3838877,0.0,22.8,13.9,140.8234014,120.9051623,47.28095238,9.948401361
2025-05-10 09:30:00+00:00,441.0745317,0.0,23.1,442.0282886,0.0,22.83777778,13.96666667,145.7485498,101.1714567,48.58811833,9.582928775
2025-05-10 09:45:00+00:00,441.0066782,0.0,23.1,441.5046334,0.0,22.9,14.03511905,150.8587302,116.9934802,49.72331502,9.52075
2025-05-10 10:00:00+00:00,440.3155146,0.0,23.1,441.7193629,0.0,22.9,14.1,156.2812939,195.9131198,50.73515988,9.514810582
2025-05-10 10:15:00+00:00,440.0256236,0.0,23.13510204,440.8719457,0.0,22.9,14.16428571,161.8783399,172.7500634,51.56811224,9.614268708
2025-05-10 10:30:00+00:00,438.5522487,0.0,23.2,440.1667523,0.0,22.9,14.2,167.2389497,167.3651853,52.11428356,9.814000754
2025-05-10 10:45:00+00:00,439.123006,0.0,23.2,439.7963384,0.0,22.92190476,14.25481481,173.3426323,170.3606335,52.50768417,9.6195523
2025-05-10 11:00:00+00:00,438.1469145,0.0,23.2,439.0091603,0.0,23.0,14.3,178.9387339,145.9838961,52.69487179,9.46044289
2025-05-10 11:15:00+00:00,437.6106419,0.0,23.2,438.586385,0.0,23.0,14.3,184.5149167,147.8254267,52.63303571,9.44467366
2025-05-10 11:30:00+00:00,437.0486711,0.0,23.2,438.2352094,0.0,23.0,14.3,190.4020413,157.6871048,52.37918519,9.482400414
2025-05-10 11:45:00+00:00,437.4808862,0.0,23.2,439.5571508,0.0,23.0,14.25833333,196.2734259,186.6038889,51.85416667,9.304824074
2025-05-10 12:00:00+00:00,436.4999389,0.0,23.28571429,438.8294265,0.0,23.0,14.13571429,201.5840476,183.7623094,51.20142857,9.616309524
2025-05-10 12:15:00+00:00,436.9428571,0.0,23.3,438.0,0.0,23.02,14.1,206.9033333,209.1286914,50.32,9.358666667
2025-05-10 12:30:00+00:00,435.965958,0.0,23.3,438.3827131,0.0,23.1,14.1,212.1727705,166.6450547,49.2609707,9.306468074
2025-05-10 12:45:00+00:00,434.9802614,0.0,23.3,437.0112478,0.0,23.1,14.1,217.4673232,186.2896729,48.00453704,9.2249709
2025-05-10 13:00:00+00:00,434.2914683,0.0,23.3,437.5899218,0.0,23.1,14.07142857,222.4211735,179.1500058,46.57738095,9.617602041
2025-05-10 13:15:00+00:00,434.4762314,0.0,23.38666667,436.8754882,0.0,23.1,13.97333333,226.8368932,227.223705,45.11016162,9.404994444
2025-05-10 13:30:00+00:00,433.1413436,0.0,23.4,437.1171562,0.0,23.1,13.98177778,231.2198254,147.9524401,43.516,9.245619048
2025-05-10 13:45:00+00:00,433.3476247,0.0,23.4,436.7446381,0.0,23.1,14.00357143,235.4459632,117.0645736,41.77609307,9.216597985
2025-05-10 14:00:00+00:00,433.3114156,0.0,23.4,435.8557934,0.0,23.1,13.96533333,239.1296667,153.8985709,40.12192593,8.859588745
2025-05-10 14:15:00+00:00,433.8073148,0.0,23.4,435.1277298,0.0,23.1,13.9,243.5014815,119.9820599,38.03089947,8.966402116
2025-05-10 14:30:00+00:00,432.4035651,0.0,23.4,435.6573545,0.0,23.1,13.9,247.2741799,113.0174852,36.06910053,8.760414815
2025-05-10 14:45:00+00:00,432.4077859,0.0,23.36,435.3558674,0.0,23.1,13.9,250.6870942,104.2960051,34.17380952,8.849675325
2025-05-10 15:00:00+00:00,431.9088889,0.0,23.3,434.4894416,0.0,23.1,13.9,254.1564411,108.016361,32.161367,8.783656566
2025-05-10 15:15:00+00:00,431.5050832,0.0,23.3,435.0727614,0.0,23.1,13.87,257.6814815,98.75612896,29.98444444,8.812
2025-05-10 15:30:00+00:00,432.4535714,0.0,23.3,434.0522727,0.0,23.08714286,13.8,260.9298214,103.7306546,27.92285714,8.870476191
2025-05-10 15:45:00+00:00,431.3248343,0.0,23.3,434.4641174,0.0,23.0,13.8,263.8548384,69.433873,25.99416667,8.959678571
2025-05-10 16:00:00+00:00,431.0876661,0.0,23.3,433.5095238,0.0,23.0,13.71346154,267.5744848,69.36236671,23.48496104,8.955535714
2025-05-10 16:15:00+00:00,431.2899151,0.0,23.3,433.2963849,0.0,23.0,13.7,270.6734068,91.23886581,21.32913553,8.913492165
2025-05-10 16:30:00+00:00,429.837465,0.0,23.3,432.416153,0.0,23.0,13.7,273.7046259,58.55987961,19.20437925,9.045526884
2025-05-10 16:45:00+00:00,430.4776766,0.0,23.22,432.1329293,0.0,23.0,13.69333333,276.5793333,53.99989327,17.19666667,8.936666667
2025-05-10 17:00:00+00:00,429.5229182,0.0,23.2,432.3674609,0.0,23.0,13.6,279.4918651,51.93405261,15.18,8.912444444
2025-05-10 17:15:00+00:00,429.5943233,0.0,23.2,431.15262,0.0,22.92444444,13.6302381,282.6872821,56.61504048,12.90792308,8.860025253
2025-05-10 17:30:00+00:00,429.7144993,0.0,23.2,430.7613661,0.0,22.9,13.51785714,285.8124201,47.16159864,10.69274892,8.830612245
2025-05-10 17:45:00+00:00,428.5120539,0.0,23.2,431.0728221,0.0,22.9,13.42666667,288.6977633,33.60684375,8.702194805,8.710583333
2025-05-10 18:00:00+00:00,428.2488181,0.0,23.2,431.5757576,0.0,22.9,13.43571429,291.6209829,23.28411571,6.797457265,8.589824641
2025-05-10 18:15:00+00:00,427.9291412,0.0,23.18,430.6317801,0.0,22.9,13.4,294.8127244,18.32824462,4.644119769,8.635571429
2025-05-10 18:30:00+00:00,427.5294609,0.0,23.1,430.4947868,0.0,22.9,13.4,297.4982434,16.43387965,2.964842301,8.649041783
2025-05-10 18:45:00+00:00,427.0537027,0.0,23.1,429.2389651,0.0,22.9,13.38444444,300.7266923,6.537112079,0.972367725,8.661197691
2025-05-10 19:00:00+00:00,427.0879101,0.0,23.1,429.5997944,0.0,22.84,13.3,303.8118095,1.885515857,-0.740465609,8.612285714
2025-05-10 19:15:00+00:00,426.065232,0.0,23.1,428.2159664,0.0,22.8,13.21964286,306.7358102,0.572268908,-2.416317809,8.513928571
2025-05-10 19:30:00+00:00,426.153373,0.0,23.09333333,427.6693596,0.0,22.8,13.2,310.0025118,0.056239973,-4.13840404,8.410222222
2025-05-10 19:45:00+00:00,426.3511977,0.0,23.0,427.712431,0.0,22.74666667,13.2,313.4178509,0.0,-5.836258778,8.342510053
2025-05-10 20:00:00+00:00,425.6905249,0.0,23.0,427.3922156,0.0,22.7,13.08571429,316.5288889,0.0,-7.292777778,8.339555556
2025-05-10 20:15:00+00:00,425.3212684,0.0,23.0,426.7440376,0.0,22.7,13.0,320.0081491,0.0,-8.760941043,8.243853458
2025-05-10 20:30:00+00:00,425.5819831,0.0,23.0,426.0595878,0.0,22.62666667,13.0,323.2836264,0.0,-10.08820513,8.074417582
2025-05-10 20:45:00+00:00,425.565116,0.0,22.90666667,425.4777778,0.0,22.6,12.94,326.8148016,0.0,-11.35559524,7.940083333
2025-05-10 21:00:00+00:00,424.2870098,0.0,22.9,425.6246377,0.0,22.6,12.84,330.3555661,0.0,-12.53368783,7.997916017
2025-05-10 21:15:00+00:00,424.29791,0.0,22.9,425.0448179,0.0,22.6,12.78482143,333.5774907,0.0,-13.46050789,8.054693878
2025-05-10 21:30:00+00:00,424.0639899,0.0,22.9,425.0146878,0.0,22.53333333,12.7,337.1449663,0.0,-14.36653199,7.826363636
2025-05-10 21:45:00+00:00,424.1519905,0.0,22.9,424.4768098,0.0,22.5,12.65333333,340.5074074,0.0,-15.1212963,7.71962963
2025-05-10 22:00:00+00:00,422.9002812,0.0,22.85178571,424.3090731,0.0,22.5,12.5547619,344.2211905,0.0,-15.78035714,7.697098536
2025-05-10 22:15:00+00:00,423.1771416,0.0,22.8,424.5692308,0.0,22.5,12.49,348.1947354,0.0,-16.34029101,7.629167857
2025-05-10 22:30:00+00:00,423.0865212,0.0,22.8,423.540563,0.0,22.48861111,12.39888889,351.7865709,0.0,-16.73245238,7.625087037
2025-05-10 22:45:00+00:00,421.759596,0.0,22.8,423.3833551,0.0,22.40083333,12.30555556,355.7178694,0.0,-16.96488889,7.990598413
2025-05-10 23:00:00+00:00,422.5676692,0.0,22.77959184,423.7450397,0.0,22.4,12.3,277.6142857,0.0,-17.02244898,8.032936508
2025-05-10 23:15:00+00:00,421.7510714,0.0,22.70095238,423.5611111,0.0,22.4,12.27333333,3.020592593,0.0,-17.01383333,7.848179894
2025-05-10 23:30:00+00:00,421.7088959,0.0,22.7,422.9372045,0.0,22.4,12.2,6.812051948,0.0,-16.84116162,7.841833333
2025-05-10 23:45:00+00:00,420.6703704,0.0,22.7,422.0168937,0.0,22.33453704,12.10666667,10.40664611,0.0,-16.53001933,7.71337037
2025-05-11 00:00:00+00:00,420.1670635,0.0,22.7,421.5092534,0.0,22.3,12.00833333,14.24282029,0.0,-16.04965136,7.61594697
2025-05-11 00:15:00+00:00,419.8560827,0.0,22.64666667,421.0213094,0.0,22.3,11.98,17.79477249,0.0,-15.50333333,7.351333333
2025-05-11 00:30:00+00:00,420.0044444,0.0,22.61710317,420.5148148,0.0,22.3,11.9,21.15167869,0.0,-14.81281385,7.296702808
2025-05-11 00:45:00+00:00,419.3896954,0.0,22.62551282,420.0253792,0.0,22.3,11.85384615,24.97973138,0.0,-13.89780678,7.292288961
2025-05-11 01:00:00+00:00,419.3790938,0.0,22.6,420.4459423,0.0,22.25333333,11.8,28.27785859,0.0,-13.01335354,7.349206349
2025-05-11 01:15:00+00:00,418.6653307,0.0,22.6,420.1549188,0.0,22.2,11.8,32.0087963,0.0,-11.86969841,7.493476191
2025-05-11 01:30:00+00:00,418.6450592,0.0,22.6,418.0236094,0.0,22.2,11.79666667,35.47329437,0.0,-10.66821861,7.359464286
2025-05-11 01:45:00+00:00,418.2747253,0.0,22.6,416.9733728,0.0,22.2,11.7,38.96032967,0.0,-9.306318681,7.206192308
2025-05-11 02:00:00+00:00,416.552033,0.0,22.57333333,417.4278309,0.0,22.2,11.64,42.12422222,0.0,-7.983714286,7.200039683
2025-05-11 02:15:00+00:00,416.7955483,0.0,22.55560317,417.2589971,0.0,22.16,11.6,45.34175935,0.0,-6.509280719,7.147710623
2025-05-11 02:30:00+00:00,416.8394144,0.0,22.53362245,417.1849309,0.0,22.1,11.6,48.36416667,0.004313187,-5.075595238,7.224206349
2025-05-11 02:45:00+00:00,416.6855675,0.0,22.51836081,415.9158874,0.0,22.1,11.53402015,51.53538251,0.299632775,-3.422066933,7.391905228
2025-05-11 03:00:00+00:00,416.2103535,0.0,22.5,415.613165,0.0,22.1,11.5,54.95259524,1.406679487,-1.542476191,7.459407407
2025-05-11 03:15:00+00:00,415.5312169,0.0,22.5,415.5105413,0.0,22.1,11.44768254,58.01445286,3.701382683,0.180858586,7.500706553
2025-05-11 03:30:00+00:00,415.1599544,0.0,22.5,415.0200567,0.0,22.1,11.3,61.05371934,8.263148915,1.989114358,7.563650794
2025-05-11 03:45:00+00:00,414.3843604,0.0,22.5,414.9516429,0.0,22.1,11.3,64.13533333,13.29182243,3.905968254,7.6
2025-05-11 04:00:00+00:00,414.3796296,0.0,22.5,414.0903753,0.0,22.1,12.05111111,67.19709871,19.15911132,5.868393939,7.620490843
2025-05-11 04:15:00+00:00,413.533064,0.0,22.5,413.8668177,0.0,22.1,12.80333333,69.98916667,26.87418365,7.762777778,7.701925926
2025-05-11 04:30:00+00:00,412.6977474,0.0,22.5,413.1090997,0.0,22.1,11.66080586,73.04384921,41.19592237,9.857497166,7.803611111
2025-05-11 04:45:00+00:00,413.4154545,0.0,22.5,412.9973697,0.0,22.1,11.48,76.04952381,58.49297197,11.90888889,7.940048942
2025-05-11 05:00:00+00:00,413.0728011,0.0,22.5,412.8967251,0.0,22.1,11.44666667,79.08425926,68.13280612,14.06934656,8.086981482
2025-05-11 05:15:00+00:00,412.584986,0.0,22.5,413.112049,0.0,22.17142857,11.48857143,82.13035714,71.7666064,16.17942177,8.078571429
2025-05-11 05:30:00+00:00,411.7771924,0.0,22.53333333,411.9430657,0.0,22.2,11.5,85.09232804,89.4513323,18.31442641,8.317333333
2025-05-11 05:45:00+00:00,411.362807,0.0,22.6,411.7460664,0.0,22.2,11.5,88.15772126,113.3077615,20.46902477,8.301333333
2025-05-11 06:00:00+00:00,410.5319574,0.0,22.6,410.7027056,0.0,22.21968254,11.54615385,91.12625084,147.6914078,22.54098966,8.391557713
2025-05-11 06:15:00+00:00,410.5288641,0.0,22.6,411.0201831,0.0,22.3,11.6,94.38796769,158.8103333,24.75889739,8.604226191
2025-05-11 06:30:00+00:00,409.2757259,0.0,22.62133333,410.3063695,0.0,22.3,11.70454545,97.5946859,178.2365446,26.92754558,8.369409544
2025-05-11 06:45:00+00:00,409.3291005,0.0,22.7,410.2666667,0.0,22.34666667,11.7,100.7474784,226.3590647,28.95846154,8.693243053
2025-05-11 07:00:00+00:00,409.1560079,0.0,22.7,409.093472,0.0,22.4,11.8,104.2535714,452.2065088,31.13782468,9.053404928
2025-05-11 07:15:00+00:00,409.4331217,0.0,22.74844444,409.9925512,0.0,22.4,11.8,107.1880236,346.3047115,32.93177545,9.586250328
2025-05-11 07:30:00+00:00,409.4161289,0.0,22.8,409.0,0.0,22.5,11.82666667,111.3719365,291.3770266,35.31910053,9.289824074
2025-05-11 07:45:00+00:00,409.1418519,0.0,22.80666667,408.7624242,0.0,22.5,11.9,114.9656898,398.2167861,37.25984848,9.699904029
2025-05-11 08:00:00+00:00,409.1928571,0.0,22.9,408.6053114,0.0,22.55714286,11.98461538,118.7528571,553.6420354,39.14928571,9.980857143
2025-05-11 08:15:00+00:00,409.5474012,0.0,22.9,408.2708289,0.0,22.6,12.00444444,122.9290794,393.4036595,41.07470899,9.848105291
2025-05-11 08:30:00+00:00,408.6387617,0.0,22.9,408.5690537,0.0,22.6,12.10622222,126.9341243,352.7009299,42.80720899,9.32507585
2025-05-11 08:45:00+00:00,407.5906992,0.0,22.9,407.890928,0.0,22.6,12.24461538,131.3370993,485.2882676,44.50396697,9.348055722
2025-05-11 09:00:00+00:00,407.3621299,0.0,22.95988889,407.4482087,0.0,22.6,12.3,135.7037963,497.1586524,46.00511111,9.3422
2025-05-11 09:15:00+00:00,408.1776018,0.0,23.0,407.5994009,0.0,22.6,12.3,140.6617612,511.8731516,47.54636558,9.782488216
2025-05-11 09:30:00+00:00,406.9866667,0.0,23.00666667,408.3678751,0.0,22.69454545,12.39333333,145.4970705,604.0169513,48.79640878,10.03870126
2025-05-11 09:45:00+00:00,407.6641613,0.0,23.1,408.4821354,0.0,22.74285714,12.48452381,150.7264574,500.7703208,49.98414792,9.751716902
2025-05-11 10:00:00+00:00,406.7620735,0.0,23.1,408.9834836,0.0,22.8,12.5,155.9411638,547.2421473,50.94315385,9.763100529
2025-05-11 10:15:00+00:00,406.1332564,0.0,23.1,408.3330822,0.0,22.8,12.56733333,161.4510794,555.6129723,51.73677778,10.40987115
2025-05-11 10:30:00+00:00,406.9698413,0.0,23.16785714,407.8043602,0.0,22.86428571,12.68333333,167.2464286,615.9318599,52.37857143,10.26438776
2025-05-11 10:45:00+00:00,406.6917732,0.0,23.2,408.6483555,0.0,22.9,12.7,173.0864552,524.7721221,52.78928451,10.26905556
2025-05-11 11:00:00+00:00,406.2137335,0.0,23.23846154,408.2649254,0.0,22.98,12.78095238,178.9210598,521.310148,52.95076923,10.01558974
2025-05-11 11:15:00+00:00,406.7402472,0.0,23.3,408.0592685,0.0,23.0,12.93666667,184.5927513,463.2052787,52.885,9.706891534
2025-05-11 11:30:00+00:00,406.6281925,0.0,23.3,408.1391941,0.0,23.04285714,13.0,190.7145833,563.6464718,52.61760204,10.24374008
2025-05-11 11:45:00+00:00,406.7027706,0.0,23.3,409.0101593,0.0,23.1,13.00333333,195.9221476,602.6841941,52.16622222,10.676
2025-05-11 12:00:00+00:00,406.5404924,0.0,23.30630952,408.1730434,0.0,23.1,13.12566667,201.6236126,722.5179021,51.4700103,10.7396811
2025-05-11 12:15:00+00:00,407.2162338,0.0,23.39230769,408.1217214,0.0,23.13269231,13.2,207.2481209,701.1234823,50.53892536,10.71111678
2025-05-11 12:30:00+00:00,406.3017941,0.0,23.4,408.501114,0.0,23.2,13.30733333,212.5308303,689.2956671,49.46353846,10.64380952
2025-05-11 12:45:00+00:00,406.065305,0.0,23.4,408.065037,0.0,23.24592593,13.4,217.6729444,678.7442487,48.17516667,11.33851567
2025-05-11 13:00:00+00:00,407.7508086,0.0,23.49285714,408.3868229,0.0,23.33945455,13.47857143,222.4751905,665.3475627,46.82633333,11.27207407
2025-05-11 13:15:00+00:00,407.1952799,0.0,23.55178571,407.8852379,0.0,23.45340136,13.65102041,227.2858844,646.2285143,45.24622449,11.24696429
2025-05-11 13:30:00+00:00,407.2710444,0.0,23.6,408.4418349,0.0,23.62138889,13.75555556,231.5242732,627.5319347,43.65544901,10.90880471
2025-05-11 13:45:00+00:00,407.9419885,0.0,23.64,407.8083236,0.0,23.78345238,13.91333333,235.8243889,609.8789339,41.92397355,11.25320924
2025-05-11 14:00:00+00:00,407.227381,0.0,23.72142857,409.0969577,0.0,23.97857143,14.07142857,239.8210119,583.4627639,40.11936508,10.83604888
2025-05-11 14:15:00+00:00,408.0427464,0.0,23.8,409.7510057,0.0,24.1475,14.14038462,243.5251111,560.9553791,38.31490188,10.47062495
2025-05-11 14:30:00+00:00,408.3579539,0.0,23.9174359,410.8657576,0.0,24.36955556,14.33846154,247.4279127,534.9451759,36.28598413,11.27244408
2025-05-11 14:45:00+00:00,408.5425464,0.0,24.03666667,410.5253133,0.0,24.59444444,14.456,251.1543889,506.8324075,34.19222222,11.42995046
2025-05-11 15:00:00+00:00,409.1948413,0.0,24.16122449,410.7883901,0.0,24.79404762,14.6,254.4681441,477.1129019,32.26446276,11.17483394
2025-05-11 15:15:00+00:00,408.8162963,0.0,24.32040816,411.1268065,0.0,24.96190476,14.69196429,258.0092085,446.3112051,30.08832227,10.75333333
2025-05-11 15:30:00+00:00,408.6223039,0.0,24.43571429,411.699519,0.0,25.19897959,14.77428571,261.2415873,412.8373283,28.02349206,11.12
2025-05-11 15:45:00+00:00,409.3149591,0.0,24.44285714,411.1681481,0.0,25.42666667,14.95714286,264.5125344,382.480294,25.86834127,11.07495979
2025-05-11 16:00:00+00:00,410.8853741,0.0,24.57625,411.617739,0.0,25.57418367,15.15,267.5731759,349.0249761,23.80169939,11.33845315
2025-05-11 16:15:00+00:00,409.9517094,0.0,24.61428571,412.7045226,0.0,25.77055556,15.26222222,270.6743439,313.4856958,21.66725397,12.06521982
2025-05-11 16:30:00+00:00,410.5072711,0.0,24.71333333,412.9079816,0.0,25.75333333,15.37766667,273.8881481,277.7698863,19.42795238,11.94417725
2025-05-11 16:45:00+00:00,410.9059524,0.0,24.8,413.8829431,0.0,25.89494949,15.52946429,276.9219643,242.0143276,17.27373016,11.83616071
2025-05-11 17:00:00+00:00,411.8743946,0.0,24.94,414.3137599,0.0,25.83688889,15.66533333,279.8671486,209.9948821,15.18555123,11.61627894
2025-05-11 17:15:00+00:00,411.8833333,0.0,24.9,414.7076405,0.0,25.9,15.79642857,282.8589444,179.393009,13.07621212,11.28608333
2025-05-11 17:30:00+00:00,411.2989226,0.0,24.98,415.3844682,0.0,25.88,15.8,285.8933995,143.9470176,10.98477513,11.37230489
2025-05-11 17:45:00+00:00,411.2481046,0.0,25.0,415.0786859,0.0,25.81785714,15.8,288.73125,114.6499333,9.026964286,11.37166071
2025-05-11 18:00:00+00:00,412.1697811,0.0,24.97692308,414.90078,0.0,25.7,15.8,291.7314286,79.70591453,7.005714286,10.7828254
2025-05-11 18:15:00+00:00,411.5983502,0.0,24.9,414.5887831,0.0,25.55697279,15.8,294.8636667,52.05303921,4.951055556,10.78563636
2025-05-11 18:30:00+00:00,411.6106838,0.0,24.84666667,415.8837302,0.0,25.43333333,15.78333333,297.9322126,27.58590373,2.970619288,10.40905916
2025-05-11 18:45:00+00:00,412.5695866,0.0,24.76923077,415.9445489,0.0,25.24087302,15.56474359,300.9962302,13.2571751,1.099702381,9.876190476
2025-05-11 19:00:00+00:00,259.0669538,0.0,24.65,260.0164548,0.0,25.0,9.27,183.5395354,3.86058669,-0.060484849,5.990912088
2025-05-11 19:15:00+00:00,414.1712169,0.0,24.6,416.5494269,0.0,24.83238095,15.09333333,307.2377778,1.097931529,-2.359166667,9.337592593
2025-05-11 19:30:00+00:00,413.5546491,0.0,24.53142857,416.4186801,0.0,24.71771429,14.81333333,310.4969192,0.175044167,-4.103807119,9.107236652
2025-05-11 19:45:00+00:00,414.0071429,0.0,24.45714286,415.3744018,0.0,24.60714286,14.56964286,313.6456293,0.0,-5.650267986,8.960667904
2025-05-11 20:00:00+00:00,413.5159843,0.0,24.4,415.9309561,0.0,24.56928571,14.33344444,316.4995976,0.0,-6.995714286,8.935809524
2025-05-11 20:15:00+00:00,414.3506227,0.0,24.36,416.016562,0.0,24.46,14.07890476,320.0383199,0.0,-8.537991823,8.766921116
2025-05-11 20:30:00+00:00,413.5421358,0.0,24.29071429,415.8623913,0.0,24.35714286,13.85,323.4387075,0.0,-9.878655462,8.890742213
2025-05-11 20:45:00+00:00,413.9542857,0.0,24.20142857,415.4760943,0.0,24.25006349,13.555,326.8301402,0.0,-11.09812698,8.853219577
2025-05-11 21:00:00+00:00,412.6496458,0.0,24.14936508,415.9254519,0.0,24.18,13.34888889,330.1094916,0.0,-12.19813214,8.824602863
2025-05-11 21:15:00+00:00,413.285291,0.0,24.06,415.1455532,0.0,24.1,13.15777778,333.8754815,0.0,-13.29437037,8.976767677
2025-05-11 21:30:00+00:00,412.3788801,0.0,24.0,415.63575,0.0,24.01071429,13.1,337.3856293,0.0,-14.16385281,8.754166667
2025-05-11 21:45:00+00:00,412.7333333,0.0,23.9,414.9492308,0.0,23.95428571,12.86020408,341.008373,0.0,-14.9552381,8.737333333
2025-05-11 22:00:00+00:00,413.3439912,0.0,23.88555556,414.5881684,0.0,23.88416667,12.60177778,344.50295,0.0,-15.56435083,8.967622944
2025-05-11 22:15:00+00:00,412.930463,0.0,23.8,414.4533333,0.0,23.8,12.31015873,348.3635762,0.0,-16.1046633,8.854116402
2025-05-11 22:30:00+00:00,412.4153386,0.0,23.74918084,413.5977453,0.0,23.7596627,11.97673469,351.6377778,0.0,-16.43083694,8.810212843
2025-05-11 22:45:00+00:00,412.0647064,0.0,23.7,413.7892711,0.0,23.65809524,11.68933333,355.0889418,0.0,-16.67351852,8.719759259
2025-05-11 23:00:00+00:00,412.1655458,0.0,23.7,413.7131481,0.0,23.6,11.40269841,191.4245556,0.0,-16.8,8.813091311
2025-05-11 23:15:00+00:00,412.3036041,0.0,23.63285714,413.6192151,0.0,23.57377622,11.19488095,2.757211836,0.0,-16.77761905,8.657118249
2025-05-11 23:30:00+00:00,411.924403,0.0,23.6,412.9694466,0.0,23.5,10.95,5.834047619,0.0,-16.66190476,8.571798319
2025-05-11 23:45:00+00:00,411.5183311,0.0,23.578,412.9438261,0.0,23.42333333,10.76153846,10.27301515,0.0,-16.25583333,9.999310606
2025-05-12 00:00:00+00:00,410.3460675,0.0,23.5,412.633498,0.0,23.4,10.62051282,14.1502963,0.0,-15.82577778,10.986
2025-05-12 00:15:00+00:00,410.2018363,0.0,23.5,411.9609275,0.0,23.30142857,10.59183673,17.72249098,0.0,-15.22773449,9.997619048
2025-05-12 00:30:00+00:00,409.9207985,0.0,23.41428571,412.2623232,0.0,23.3,10.19642857,21.31062169,0.0,-14.53441799,9.526357143
2025-05-12 00:45:00+00:00,409.4365838,0.0,23.4,410.6826021,0.0,23.2634127,9.933333333,24.86890212,0.0,-13.68387566,9.166759259
2025-05-12 01:00:00+00:00,409.1385714,0.0,23.4,411.2418384,0.0,23.2,9.745666667,28.4271746,0.0,-12.7342381,10.16601111
2025-05-12 01:15:00+00:00,409.1428571,0.0,23.39285714,411.007282,0.0,23.17539683,9.615714286,31.95013292,0.0,-11.6051468,11.65066177
2025-05-12 01:30:00+00:00,409.3661738,0.0,23.3,410.4194088,0.0,23.1,9.5,35.27827513,0.0,-10.4608254,10.83103704
2025-05-12 01:45:00+00:00,408.7061538,0.0,23.3,410.9930303,0.0,23.1,9.370816327,38.77666667,0.0,-9.086069024,9.142492064
2025-05-12 02:00:00+00:00,408.5349691,0.0,23.3,409.6710437,0.0,23.04285714,9.245555556,41.94227041,0.0,-7.773318646,10.1327432
2025-05-12 02:15:00+00:00,408.3444444,0.0,23.22,409.4691358,0.0,23.0,9.2,45.07671958,0.0,-6.363756614,8.315055556
2025-05-12 02:30:00+00:00,409.392118,0.0,23.2,414.5927918,0.0,22.99261279,9.2,47.85007937,0.063521084,-5.044920635,7.684206349
2025-05-12 02:45:00+00:00,420.5891941,0.0,23.2,430.5318455,0.0,22.97766667,9.193333333,51.5240368,0.577173596,-3.134058442,7.315666667
2025-05-12 03:00:00+00:00,427.2284386,21.28174603,23.2,431.5618793,23.06149733,23.0,9.1,54.71460317,2.064109426,-1.397734488,6.77244898
2025-05-12 03:15:00+00:00,427.5157326,66.3646978,23.2,432.6172995,70.56011674,22.992,18.90904762,57.71683502,5.650952216,0.300181818,10.3629899
2025-05-12 03:30:00+00:00,440.1994573,63.48991703,23.2,444.8660498,67.63290809,22.9,19.32022222,61.02104714,16.62293428,2.244031746,9.523568376
2025-05-12 03:45:00+00:00,450.7555952,63.39197618,23.15625,454.7696648,67.77751206,22.9,18.00952381,63.82200964,37.92067785,3.990263605,9.565681689
2025-05-12 04:00:00+00:00,458.5708989,64.02811448,23.1,460.9955067,67.42350834,22.9,17.87333333,66.7240873,63.14075664,5.873587709,9.521054131
2025-05-12 04:15:00+00:00,465.5648005,63.79469122,23.1,467.0711211,67.71660663,22.82151852,17.62277778,69.904,90.35877106,8.019407407,9.187987013
2025-05-12 04:30:00+00:00,471.040159,63.75059524,23.08,473.167037,67.67128205,22.8,17.50222222,73.03089658,132.4322713,10.14774603,10.53130101
2025-05-12 04:45:00+00:00,477.3090793,63.6451258,23.0702381,479.9507606,67.07252199,22.7702381,17.3547619,75.87553114,151.6430881,12.13395604,9.754175824
2025-05-12 05:00:00+00:00,482.3714108,64.16752483,23.1,497.342195,65.50822506,22.8,17.11916667,78.77342574,180.9063541,14.14569712,9.461825304
2025-05-12 05:15:00+00:00,488.2552778,64.7308547,23.18,507.9584465,65.18286129,22.79809524,17.13392857,82.03699471,136.5845617,16.44725926,9.41502381
2025-05-12 05:30:00+00:00,503.6886049,64.01108956,23.24777778,536.9821122,64.99203804,22.91333333,17.27333333,85.09560053,220.314301,18.60986243,9.776329966
2025-05-12 05:45:00+00:00,516.0412955,63.38625904,23.2974359,559.2964744,65.15544872,23.0,17.05769231,88.07591436,182.4937758,20.73014486,11.53676116
2025-05-12 06:00:00+00:00,567.8794974,64.35664336,23.32,575.6246377,65.04266648,23.0,17.0,91.06729101,157.5450354,22.79544974,11.71844127
2025-05-12 06:15:00+00:00,588.3500614,63.86983476,23.44814815,627.068617,64.96942079,23.135,17.05333333,94.0882963,125.4170262,24.8777037,11.63031323
2025-05-12 06:30:00+00:00,636.8547137,64.36931658,23.52738095,639.5203497,65.61364408,23.23214286,16.98333333,97.44071429,199.3981623,27.13924861,11.16
2025-05-12 06:45:00+00:00,661.2071709,64.26262256,23.7,674.821276,66.91619375,23.51633333,17.0,100.6350758,238.8760219,29.20492063,10.6760464
2025-05-12 07:00:00+00:00,673.7866501,64.45560606,23.71436508,687.9379962,64.73936706,23.64968254,17.0,104.0918651,202.3318795,31.35703704,11.082
2025-05-12 07:15:00+00:00,673.2909259,65.81807692,23.84062698,675.2574892,63.35322386,23.80357143,16.94095238,107.631963,132.3700621,33.49925637,11.51366667
2025-05-12 07:30:00+00:00,676.1123475,65.22867063,23.97996032,670.2873299,63.90568955,23.8197619,16.86054422,111.1990221,86.84546514,35.53005952,10.69979592
2025-05-12 07:45:00+00:00,729.6566919,64.7706044,23.87555556,708.8449292,62.58473491,23.9252381,16.9,114.7417037,119.5783307,37.40277778,10.60511111
2025-05-12 08:00:00+00:00,725.4710266,65.25872633,24.00790816,701.5484512,64.20648148,23.90619048,16.78571429,118.4781534,130.1417527,39.2955873,10.6536291
2025-05-12 08:15:00+00:00,711.1467909,74.07284364,24.22857143,667.7986301,63.75901015,23.81428571,17.2,122.3105355,190.4000136,41.11281397,9.629828188
2025-05-12 08:30:00+00:00,723.0737393,90.29094981,24.18547619,683.5650866,62.52926756,23.84,17.2,126.4250226,196.0875456,42.8310582,10.45401376
2025-05-12 08:45:00+00:00,707.0773163,103.8505051,24.16440476,695.9376383,62.28087269,23.86784127,17.2,131.1746216,204.21006,44.67673684,10.36265949
2025-05-12 09:00:00+00:00,686.5819484,119.8086597,24.19479167,695.0318799,62.06602221,23.93904762,17.2,135.4826245,239.2109014,46.21977273,10.21932359
2025-05-12 09:15:00+00:00,678.2264881,132.4464675,24.1,684.9037768,62.67595053,24.0,17.14166667,140.7970238,282.5283865,47.81527778,10.45868056
2025-05-12 09:30:00+00:00,655.2173968,141.975291,24.1,661.6340148,63.17294742,23.92130102,17.11857143,145.3812381,231.6205561,49.04657407,10.5030303
2025-05-12 09:45:00+00:00,615.8967554,145.2720725,24.04714286,619.910789,63.22137559,23.81564815,17.01055556,150.7997778,150.6717345,50.244,10.37283333
2025-05-12 10:00:00+00:00,638.4429345,142.6932347,23.96888889,631.4716617,62.16897547,23.88,16.90769231,156.1279762,138.485136,51.25402116,10.56945286
2025-05-12 10:15:00+00:00,634.4501134,143.0470238,24.06311508,623.5529671,63.38857853,23.94285714,16.96666667,161.7675935,126.9269088,52.05435993,10.76934218
2025-05-12 10:30:00+00:00,639.3377454,145.4921268,24.05873016,635.3353132,62.1815119,23.95573094,16.81,167.1333094,178.758382,52.62392344,10.80955723
2025-05-12 10:45:00+00:00,667.1644377,153.5285979,24.18895238,656.6400844,61.96877764,24.04571429,17.07166667,173.1877593,195.6543818,53.00516667,11.15475926
2025-05-12 11:00:00+00:00,685.4454052,176.4950971,24.24452797,677.2012257,65.66833094,24.0852705,17.14251748,179.0506458,153.3523157,53.2,11.31552144
2025-05-12 11:15:00+00:00,682.569226,200.9184493,24.28666667,701.4447792,74.80302301,24.1206746,17.00444444,184.5721212,160.4948471,53.14611111,11.27479215
2025-05-12 11:30:00+00:00,677.6466667,222.1027778,24.19111111,705.6115942,82.90198413,24.12,17.08266667,190.4546667,199.8032905,52.88283598,11.16406772
2025-05-12 11:45:00+00:00,670.726612,241.0621332,24.19934127,700.8343454,102.2520624,24.12660317,17.10035714,196.5706999,203.6052527,52.34314815,11.74284512
2025-05-12 12:00:00+00:00,662.4284146,250.1519274,24.10666667,690.8049085,108.5094949,24.05642857,16.93083333,201.7046303,189.618146,51.72233267,11.74658936
2025-05-12 12:15:00+00:00,658.7431186,262.3775812,24.11866667,679.6377614,118.1921732,24.07295238,17.152,207.339823,242.9313405,50.79690171,12.00509861
2025-05-12 12:30:00+00:00,635.0954901,264.3647677,24.04666667,664.8824985,119.8886337,24.03333333,17.15166667,212.5440507,380.3366976,49.72999186,12.75955495
2025-05-12 12:45:00+00:00,603.8108494,266.5049357,23.9625,629.1435407,121.7604278,24.0,17.32,217.1561688,681.7367959,48.58977273,12.76646465
2025-05-12 13:00:00+00:00,579.5335705,265.1685487,23.95487179,586.9340778,120.581689,23.95,17.31307692,222.6059524,612.0458325,47.0462585,13.56159864
2025-05-12 13:15:00+00:00,569.6043362,269.0988523,24.02520408,561.7815079,120.9337655,24.05481481,16.99489796,227.155082,445.1670359,45.56440741,14.52958442
2025-05-12 13:30:00+00:00,577.8106899,269.4894328,23.95688889,549.6768773,123.9471463,24.03266667,16.91833333,231.6101058,362.4677878,43.93019048,14.26416931
2025-05-12 13:45:00+00:00,555.8939732,262.9526094,23.92222222,545.4974442,130.5448785,24.12069841,17.47966667,236.0162674,493.9832046,42.11673687,14.85487546
2025-05-12 14:00:00+00:00,531.6935515,98.45170068,24.0452381,534.053154,81.3765656,24.32142857,17.53353742,239.9867489,636.4793869,40.32912415,15.46615646
2025-05-12 14:15:00+00:00,536.2779468,66.66134421,24.35444444,530.9730899,62.08795165,24.516,16.92,243.9021772,641.0747569,38.43901058,15.74513889
2025-05-12 14:30:00+00:00,535.2210256,61.45148148,24.42222222,532.6092453,62.18858814,24.70174603,16.92666667,247.5928782,545.0536101,36.49453782,16.45889984
2025-05-12 14:45:00+00:00,528.96662,60.34095684,24.5,530.7817388,60.87389522,24.74285714,16.76696429,251.2295934,545.2125028,34.5092033,16.84522078
2025-05-12 15:00:00+00:00,517.5087088,60.24705988,24.5,526.2758317,61.69160946,24.795,17.00644444,254.5661823,368.7380059,32.53495727,16.34462963
2025-05-12 15:15:00+00:00,509.2578992,60.78992997,24.5,518.8024076,62.64621212,24.62477778,16.66666667,258.138816,184.9588691,30.31266667,15.10647222
2025-05-12 15:30:00+00:00,503.0981488,61.72444444,24.46666667,510.8978847,61.6062637,24.53511111,16.95533333,260.0,190.0,28.0,14.68173743
2025-05-12 15:45:00+00:00,497.7555089,61.43075397,24.4,505.8458763,61.90099554,24.6,16.72857143,264.7695011,191.2425567,26.02451814,14.73093112
2025-05-12 16:00:00+00:00,495.1107602,61.59955637,24.4,501.5583333,61.61439153,24.55333333,16.46266667,267.7743723,116.747093,23.97905724,14.70245118
2025-05-12 16:15:00+00:00,491.567466,61.05709343,24.4,497.3222886,60.85602553,24.44404762,17.473,270.7930317,103.2005073,21.89097436,13.98171469
2025-05-12 16:30:00+00:00,488.3777778,61.58611111,24.33833333,493.2549687,61.68703223,24.31650794,16.924,274.0898424,139.4531731,19.56957287,13.97634921
2025-05-12 16:45:00+00:00,486.7532468,61.45965136,24.35,491.488124,61.22508134,24.49642857,16.66717687,277.0571267,225.3009031,17.49476241,14.29123821
2025-05-12 17:00:00+00:00,484.6287037,60.81254209,24.4,488.6387183,60.5083577,24.76761905,17.45347985,279.9753451,200.1413958,15.40964646,14.43362121
2025-05-12 17:15:00+00:00,483.2236031,60.87670755,24.4,486.8140329,60.53784392,24.9037037,17.01303704,282.8833466,170.9764841,13.37099206,14.18104444
2025-05-12 17:30:00+00:00,481.9038384,61.51292929,24.4,485.2480981,60.87439227,25.0,16.622,286.031904,139.7009083,11.18124846,14.10937322
2025-05-12 17:45:00+00:00,480.5646195,61.47264039,24.4167602,483.7289563,61.04051639,24.84285714,17.24285714,288.8346475,97.28883212,9.242258813,13.33375312
2025-05-12 18:00:00+00:00,479.6461874,7.659577922,24.43333333,482.6723906,7.892222222,24.78583333,16.12,291.9740242,71.84361902,7.119166667,13.20988095
2025-05-12 18:15:00+00:00,478.7055556,0.0,24.5,482.0328283,0.0,24.74666667,16.77619048,295.0226587,47.42664272,5.13765873,13.35965608
2025-05-12 18:30:00+00:00,479.008051,0.0,24.47333333,481.4201387,0.0,24.66733333,17.10133333,297.8258182,29.35397785,3.344471381,13.5973266
2025-05-12 18:45:00+00:00,476.8193939,0.0,24.4,480.9815789,0.0,24.6,17.23309524,300.9272006,12.79538853,1.448723201,13.0860938
2025-05-12 19:00:00+00:00,476.3559687,0.0,24.4,480.1703704,0.0,24.51454762,17.275,304.1006852,4.32485644,-0.339566138,12.95230053
2025-05-12 19:15:00+00:00,475.5636483,0.0,24.4,480.0662005,0.0,24.4,17.04642857,307.3205794,1.194208243,-2.154251082,12.72196958
2025-05-12 19:30:00+00:00,475.0805195,0.0,24.31428571,478.0238046,0.0,24.31428571,16.6974026,310.3559963,0.237692497,-3.747768501,11.70138681
2025-05-12 19:45:00+00:00,474.5733333,0.0,24.24666667,477.1157895,0.0,24.22,16.36666667,313.561205,0.0,-5.353320827,11.91534921
2025-05-12 20:00:00+00:00,474.2004662,0.0,24.2,477.1187714,0.0,24.15192308,16.16923077,317.1570414,0.0,-6.99948718,11.80038039
2025-05-12 20:15:00+00:00,472.8464646,0.0,24.13916667,476.4210081,0.0,24.1,15.932,320.2125493,0.0,-8.329226792,11.99437951
2025-05-12 20:30:00+00:00,472.3852628,0.0,24.1,476.4244461,0.0,24.01156463,15.72357143,323.446131,0.0,-9.62849026,12.38222619
2025-05-12 20:45:00+00:00,471.7934622,0.0,24.00555556,475.1225653,0.0,24.0,15.41333333,326.597037,0.0,-10.73744974,11.49759788
2025-05-12 21:00:00+00:00,472.1808106,0.0,24.0,473.7690582,0.0,23.90761905,15.09733333,330.3368939,0.0,-11.98697811,10.93502189
2025-05-12 21:15:00+00:00,471.3111291,0.0,23.94533333,474.0294443,0.0,23.89222222,14.81866667,333.6409524,0.0,-12.94571429,10.54247619
2025-05-12 21:30:00+00:00,470.373756,0.0,23.88428571,473.5066017,0.0,23.8,14.51479592,337.1178571,0.0,-13.84920635,10.16265306
2025-05-12 21:45:00+00:00,469.9630891,0.0,23.82111111,472.6366418,0.0,23.78666667,14.32571429,340.8179524,0.0,-14.65333333,10.00339683
2025-05-12 22:00:00+00:00,470.1440829,0.0,23.8,471.5113742,0.0,23.7,14.05666667,344.3627451,0.0,-15.27120731,9.769121212
2025-05-12 22:15:00+00:00,468.4511294,0.0,23.8,469.5281385,0.0,23.63357143,13.77142857,348.2702284,0.0,-15.83142045,9.619318182
2025-05-12 22:30:00+00:00,467.8830256,0.0,23.72857143,469.4404293,0.0,23.6,13.51428571,351.7451693,0.0,-16.22666667,10.06833333
2025-05-12 22:45:00+00:00,467.9916667,0.0,23.7,469.0993306,0.0,23.59333333,13.239,355.379,0.0,-16.45157407,10.22168519
2025-05-12 23:00:00+00:00,466.9965018,0.0,23.7,468.2055556,0.0,23.5,13.00666667,199.686381,0.0,-16.58066667,10.87663228
2025-05-12 23:15:00+00:00,465.9509594,0.0,23.6,468.4394958,0.0,23.5,12.8247619,2.89737451,0.0,-16.51795635,10.89120362
2025-05-12 23:30:00+00:00,465.167847,0.0,23.6,467.7762606,0.0,23.42,12.67733333,6.543386243,0.0,-16.35996825,10.55759764
2025-05-12 23:45:00+00:00,463.7951919,0.0,23.6,466.1985989,0.0,23.4,12.53333333,10.43472944,0.0,-16.03280303,10.90596977
2025-05-13 00:00:00+00:00,462.9925926,0.0,23.6,465.7254375,0.0,23.33212121,12.53733333,14.10010678,0.0,-15.56563203,10.17685606
2025-05-13 00:15:00+00:00,462.6266082,0.0,23.52266156,463.1389185,0.0,23.3,12.5,17.62368742,0.0,-15.00337302,9.761595238
2025-05-13 00:30:00+00:00,462.5307843,0.0,23.5,463.5521864,0.0,23.3,12.446,21.23398513,0.0,-14.29900026,9.779173382
2025-05-13 00:45:00+00:00,461.0560606,0.0,23.5,462.4495242,0.0,23.26545455,12.37333333,24.79653846,0.0,-13.42786325,9.621211111
2025-05-13 01:00:00+00:00,460.1500955,0.0,23.40714286,462.082005,0.0,23.2,12.3,28.10960557,0.0,-12.50471612,10.03691052
2025-05-13 01:15:00+00:00,458.8482977,0.0,23.4,461.8911313,0.0,23.2,12.22555556,31.66496032,0.0,-11.44165344,9.697383117
2025-05-13 01:30:00+00:00,458.7099234,0.0,23.4,460.5901029,0.0,23.18244444,12.11422222,35.19546256,0.0,-10.21101669,9.34372381
2025-05-13 01:45:00+00:00,457.5123004,0.0,23.4,459.1678847,0.0,23.1,11.91777778,38.42252196,0.0,-8.954009206,9.321481138
2025-05-13 02:00:00+00:00,457.4482143,0.0,23.34285714,459.5152597,0.0,23.1,11.79428571,41.71996882,0.0,-7.609750567,9.275408163
2025-05-13 02:15:00+00:00,456.8860029,0.0,23.3,459.3056085,0.0,23.1,11.63119048,45.16234921,0.0,-6.055555556,9.486015873
2025-05-13 02:30:00+00:00,456.740433,0.0,23.3,460.9998226,0.0,23.07333333,11.51333333,48.33674459,0.099017382,-4.512506013,9.203030303
2025-05-13 02:45:00+00:00,462.615511,0.0,23.3,477.5151127,0.0,23.06428571,11.37857143,51.53743328,0.621360435,-2.84151753,9.003076923
2025-05-13 03:00:00+00:00,479.8848599,48.15546898,23.32972222,487.8862294,51.48462732,23.05333333,12.72833333,54.57071429,2.411476053,-1.189855219,9.159969048
2025-05-13 03:15:00+00:00,490.4854387,67.00933862,23.3,490.6318448,64.83423404,23.1,22.76328042,57.76503704,7.907895243,0.567407407,9.839053704
2025-05-13 03:30:00+00:00,488.2631746,66.31512821,23.3,489.4069444,63.78660287,23.1,17.03922222,60.87674603,21.90696881,2.439126984,9.767037037
2025-05-13 03:45:00+00:00,487.2982143,67.56366134,23.3,488.5794781,65.55311515,23.05625,18.53904762,63.67599206,41.83146671,4.230994898,10.06053391
2025-05-13 04:00:00+00:00,486.5698865,65.90102259,23.3,487.9391218,64.97173898,23.0,17.16,66.83141919,67.34837014,6.246562771,10.23465
2025-05-13 04:15:00+00:00,485.3922059,66.13647857,23.3,487.3004733,64.80525979,23.0,17.28166667,69.48351515,90.88873212,7.992,10.29462222
2025-05-13 04:30:00+00:00,485.2485133,65.79166399,23.3,486.8992748,63.69922087,23.0,17.24356061,72.81506161,125.5284596,10.28402015,10.25078644
2025-05-13 04:45:00+00:00,485.6575929,66.68060352,23.3,486.7703669,65.26370112,23.0,16.85816327,75.62628968,146.4415696,12.27870671,10.6047619
2025-05-13 05:00:00+00:00,485.3905556,66.09961858,23.30266667,487.3130947,65.37278471,23.0,16.93991534,78.67289755,177.9116326,14.36819048,11.25112698
2025-05-13 05:15:00+00:00,488.2269915,66.27689634,23.38980952,500.5227841,65.36303601,22.91295455,17.19914286,81.70278379,210.5493461,16.52699182,11.64250907
2025-05-13 05:30:00+00:00,491.7342231,64.80669237,23.4,524.2216614,64.26463012,23.05714286,16.88063492,84.74123543,242.6765549,18.65550325,11.98324652
2025-05-13 05:45:00+00:00,522.8736092,67.48376581,23.45694444,545.0000271,66.04616641,23.2,16.98666667,87.60422652,273.5280747,20.67486447,12.3685564
2025-05-13 06:00:00+00:00,548.7415873,68.10222222,23.58666667,585.0415775,66.58467366,23.26222222,17.092,90.99848148,307.2154186,23.06237037,12.8
2025-05-13 06:15:00+00:00,583.2797271,66.49525054,23.58301587,598.1477351,65.98491509,23.43609428,16.9,93.91033333,337.5454627,25.04774603,13.11573485
2025-05-13 06:30:00+00:00,596.2029478,65.17532468,23.75,614.5743622,66.03138528,23.6,16.95,97.09734075,371.4396445,27.20777288,13.55464286
2025-05-13 06:45:00+00:00,631.2690414,63.44421696,23.83111111,652.3169434,66.46961473,23.74833333,17.06777778,100.5513492,398.4872799,29.4547619,13.91177778
2025-05-13 07:00:00+00:00,643.0348309,63.34040588,23.89663492,660.8240944,67.95971683,23.76222222,17.14366667,103.7862771,426.1758118,31.48859019,14.17395033
2025-05-13 07:15:00+00:00,653.3510681,62.63412698,23.9255102,672.9292736,62.83669707,23.71836735,17.25102041,107.1818236,461.8464262,33.5405754,14.58116883
2025-05-13 07:30:00+00:00,668.064712,62.59785594,24.0568961,667.1355364,63.10110884,23.90298196,16.935,110.8747715,488.2118711,35.65768387,14.7656835
2025-05-13 07:45:00+00:00,675.9712599,77.00816783,24.1627576,691.0766206,65.33820414,24.03138824,16.9,113.5362211,510.8980002,37.08568571,15.00715359
2025-05-13 08:00:00+00:00,658.8189947,103.5960774,24.1352381,677.3388386,72.18580766,24.00666667,17.02333333,118.6606085,525.4699919,39.66494974,15.26183175
2025-05-13 08:15:00+00:00,657.0493125,121.2944862,24.20955433,661.9380285,74.88320378,24.1,17.18928571,122.6257086,562.0639409,41.51990559,15.57957908
2025-05-13 08:30:00+00:00,654.4633333,140.4376068,24.31777778,651.4210567,81.39557973,24.15666667,17.16522222,126.4040476,574.8472818,43.11261905,15.996
2025-05-13 08:45:00+00:00,641.0058302,161.4733718,24.31205495,643.2358943,92.70176077,24.14719481,17.028,130.9641979,599.1424822,44.88783297,16.27211928
2025-05-13 09:00:00+00:00,644.2936345,193.8279059,24.36309524,653.388992,106.4071369,24.20595238,17.15,135.7113459,612.1960762,46.55925196,16.56060155
2025-05-13 09:15:00+00:00,624.3851377,223.9421826,24.27857143,658.7236702,122.7543515,24.15222222,17.35,140.3495767,635.2604893,47.97325397,16.64162698
2025-05-13 09:30:00+00:00,622.3865961,243.0937963,24.27333333,618.4348784,131.6137104,24.072,17.24444444,145.5574502,644.3865672,49.34813191,16.9853077
2025-05-13 09:45:00+00:00,612.2865224,268.4435017,24.23261616,588.6576607,129.9970373,23.95313131,17.13833333,150.38895,652.3656426,50.44186739,17.12016783
2025-05-13 10:00:00+00:00,594.7600119,273.883424,24.03021259,588.7,120.2979156,23.84617347,17.36845238,156.0222392,653.2289426,51.49993506,17.28912925
2025-05-13 10:15:00+00:00,583.5300547,281.2253508,24.0285873,603.7254801,111.5130014,23.8517114,17.23873016,161.276731,650.1126691,52.23784427,17.82643158
2025-05-13 10:30:00+00:00,594.9121544,285.5823543,24.06666667,600.7905613,102.2607675,23.95933333,17.45687037,166.9403746,645.6232813,52.8510077,18.0708512
2025-05-13 10:45:00+00:00,576.2778402,295.7070178,24.1,568.3424579,96.57001684,23.9,17.80214286,172.3813095,647.6956954,53.26483516,18.25416667
2025-05-13 11:00:00+00:00,560.0270833,299.951567,23.98333333,569.6133333,87.58564815,23.95119048,17.67272727,179.3993132,678.1098597,53.45833333,18.3355815
2025-05-13 11:15:00+00:00,555.3507639,294.1715152,23.99333333,572.1109811,79.1066408,23.96060606,17.51657143,184.7549609,655.5127308,53.37748677,18.09201852
2025-05-13 11:30:00+00:00,554.9061324,291.5209343,23.86888889,589.5724864,72.3643328,24.01383598,17.1151746,190.7932367,650.6548632,53.07462121,17.83654762
2025-05-13 11:45:00+00:00,558.3753703,283.8567712,24.0,596.6376695,80.94546217,24.1,15.98911111,196.5732804,683.8465896,52.61855026,18.35215873
2025-05-13 12:00:00+00:00,570.4619048,273.0178571,24.07857143,596.3379121,93.31868132,24.17857143,16.1,202.2454223,653.4792483,51.87404762,18.17161196
2025-05-13 12:15:00+00:00,567.1857808,266.598345,23.83333333,589.0269416,106.4290882,24.15846825,16.53444444,207.3168942,692.0366945,51.02555297,18.32812821
2025-05-13 12:30:00+00:00,569.8641126,255.588475,23.8465873,587.1291558,121.1072264,24.16857143,16.70809524,212.782104,625.8896451,49.93385429,18.44128661
2025-05-13 12:45:00+00:00,585.3328042,237.7353151,23.87166667,614.4975013,133.5726449,23.96666667,16.76444444,217.9479206,606.2647935,48.6730671,18.40462093
2025-05-13 13:00:00+00:00,591.7373416,233.7876117,24.00535714,608.81097,138.2164882,24.04284864,16.93380952,222.5531236,614.942379,47.35507937,18.53480159
2025-05-13 13:15:00+00:00,586.1260561,232.9095452,23.91275421,568.2895717,151.0043359,24.2,17.65238095,227.3814074,653.3823821,45.75810317,18.79937927
2025-05-13 13:30:00+00:00,591.9247352,228.3387938,23.94181818,555.5101244,164.014986,24.26809524,18.40927778,231.695772,571.4415698,44.14806638,19.08618855
2025-05-13 13:45:00+00:00,546.3752818,219.8753619,23.96571429,544.8293146,198.894062,24.33993007,18.56571429,236.0431716,561.5084189,42.39338508,19.13103704
2025-05-13 14:00:00+00:00,512.2516711,77.50522965,24.19404762,525.7246822,79.0437799,24.4452381,18.21428571,240.2846483,561.6899848,40.49788265,19.18977273
2025-05-13 14:15:00+00:00,513.2315789,60.7218254,24.39285714,525.919697,64.10989011,24.54666667,17.09690476,243.8501212,535.3303959,38.73349832,19.43665127
2025-05-13 14:30:00+00:00,512.25,62.14035088,24.5075,520.954066,62.61752077,24.76083333,16.65952381,247.8649725,489.7920097,36.65076923,19.48413509
2025-05-13 14:45:00+00:00,510.316543,62.18291786,24.6,516.1471345,63.17784011,24.86428571,15.47857143,251.1128571,443.1246531,34.82357143,19.12199134
2025-05-13 15:00:00+00:00,504.3923232,59.8041366,24.65,513.0231192,63.41779544,25.02666667,13.67346939,254.6856421,444.0111302,32.75709402,19.1272972
2025-05-13 15:15:00+00:00,497.8780497,62.05269183,24.7,505.436905,63.67308378,25.16029762,16.59220446,258.1725913,408.3436685,30.59577381,19.10604563
2025-05-13 15:30:00+00:00,490.4239046,61.49317954,24.78571429,496.888189,64.11098124,25.26666667,16.4664966,261.6748987,365.3504718,28.37612528,18.93050359
2025-05-13 15:45:00+00:00,486.5012782,60.60719517,24.8,492.1510434,62.69315954,25.37857143,17.53253968,264.6584314,340.2060546,26.37744309,19.09824317
2025-05-13 16:00:00+00:00,482.9488215,61.13920978,24.8,486.3291838,61.44109312,25.43333333,17.19117708,267.9632222,306.7938756,24.18014763,18.89192892
2025-05-13 16:15:00+00:00,479.0408754,61.83055556,24.86666667,482.4355556,62.46515152,25.46956349,17.06968254,271.1088644,247.6495932,21.97213083,18.72830609
2025-05-13 16:30:00+00:00,476.6175265,62.21634847,24.82,479.9756089,62.13889944,25.26666667,16.94507937,274.2607054,152.163505,19.75279966,18.34422751
2025-05-13 16:45:00+00:00,474.917447,60.93914835,24.8,477.3034461,62.89168596,25.12142857,17.08333333,277.1618947,124.0792863,17.71580731,18.03255267
2025-05-13 17:00:00+00:00,472.1757143,63.22041925,24.72533333,476.6258808,64.52701706,24.98651852,17.04,279.8292924,117.6902865,15.85837303,17.82329837
2025-05-13 17:15:00+00:00,471.8044589,61.89131964,24.67333333,473.7053284,62.75566399,24.83466667,16.53416667,283.1543942,82.28846917,13.484,17.53569755
2025-05-13 17:30:00+00:00,470.8051414,62.10014472,24.6,472.867897,62.63206914,24.71043367,15.93,286.2209928,57.60535967,11.31892063,17.19680375
2025-05-13 17:45:00+00:00,469.8855311,61.84083694,24.53571429,471.5059524,63.38021303,24.60194805,17.28302412,289.1148166,33.27838271,9.342868045,16.82646825
2025-05-13 18:00:00+00:00,469.5822612,29.61121795,24.5,471.2153501,30.05079365,24.57916667,16.63928571,292.0047632,21.9945839,7.413691113,16.46399694
2025-05-13 18:15:00+00:00,466.7318773,0.0,24.41333333,469.6892989,0.0,24.45809524,16.655,295.0779979,14.4034153,5.389149211,16.15970635
2025-05-13 18:30:00+00:00,466.6429113,0.0,24.4,468.8152329,0.0,24.4,16.83846154,298.2378648,7.636480909,3.398442074,16.02027778
2025-05-13 18:45:00+00:00,465.5163889,0.0,24.4,468.1588235,0.0,24.32,17.04361111,300.7906667,4.504919892,1.867272727,15.69712121
2025-05-13 19:00:00+00:00,465.4767974,0.0,24.3,466.5926587,0.0,24.245,17.18571429,304.2099683,1.502802116,-0.143547379,15.39487742
2025-05-13 19:15:00+00:00,464.4811232,0.0,24.23925926,465.3703772,0.0,24.2,17.28,307.4489983,0.429428519,-1.898030303,15.124
2025-05-13 19:30:00+00:00,463.5470497,0.0,24.19897959,464.665282,0.0,24.12103175,17.3,310.5328422,0.046955455,-3.540744969,14.94794009
2025-05-13 19:45:00+00:00,462.7775743,0.0,24.1,464.8557734,0.0,24.1,17.3,313.7430303,0.0,-5.15194894,14.75321212
2025-05-13 20:00:00+00:00,462.5818805,0.0,24.1,463.2577494,0.0,24.03166667,17.15583333,316.7049471,0.0,-6.539251859,14.54986497
2025-05-13 20:15:00+00:00,461.7196712,0.0,24.07142857,462.4710216,0.0,24.0,17.03544372,320.3073448,0.0,-8.120269274,14.39002396
2025-05-13 20:30:00+00:00,461.7261905,0.0,24.0,462.0,0.0,23.92857143,16.87142857,323.655638,0.0,-9.458589205,14.15142857
2025-05-13 20:45:00+00:00,460.1840009,0.0,23.98666667,460.8751054,0.0,23.9,16.70666667,326.8798803,0.0,-10.61950855,13.99382857
2025-05-13 21:00:00+00:00,459.5032807,0.0,23.9,461.0995849,0.0,23.87684848,16.53238624,330.5842593,0.0,-11.8135,13.74912587
2025-05-13 21:15:00+00:00,459.1320164,0.0,23.9,459.309255,0.0,23.8,16.34583333,333.8505102,0.0,-12.77011441,13.48877551
2025-05-13 21:30:00+00:00,459.149537,0.0,23.83555556,458.5277056,0.0,23.8,16.19333333,337.4987464,0.0,-13.68177778,13.27458689
2025-05-13 21:45:00+00:00,458.1493464,0.0,23.8,459.0171487,0.0,23.75116667,16.0,341.0692896,0.0,-14.46781041,13.13212121
2025-05-13 22:00:00+00:00,457.9346761,0.0,23.8,456.9454545,0.0,23.7,15.76,344.6002381,0.0,-15.07580952,12.8556788
2025-05-13 22:15:00+00:00,456.0505952,0.0,23.8,456.29578,0.0,23.60089286,15.51390306,348.1868933,0.0,-15.59007326,12.65659341
2025-05-13 22:30:00+00:00,454.9609774,0.0,23.78,456.5794872,0.0,23.6,15.26425926,351.2869854,0.0,-15.90376462,12.39612941
2025-05-13 22:45:00+00:00,455.8944805,0.0,23.7,455.1680852,0.0,23.5,15.0074537,355.7446065,0.0,-16.25,12.17875
2025-05-13 23:00:00+00:00,454.8114767,0.0,23.7,455.1919169,0.0,23.5,14.84,272.2204387,0.0,-16.3,11.9489036
2025-05-13 23:15:00+00:00,453.8514881,0.0,23.65292208,453.8703154,0.0,23.5,14.8,2.953724952,0.0,-16.27495152,11.73142857
2025-05-13 23:30:00+00:00,452.9902208,0.0,23.6,453.4291667,0.0,23.42338624,14.89022222,6.554787879,0.0,-16.09653704,11.63450269
2025-05-13 23:45:00+00:00,452.364173,0.0,23.6,452.7764793,0.0,23.4,14.84615385,10.24595309,0.0,-15.77623626,11.52230769
2025-05-14 00:00:00+00:00,451.2487904,0.0,23.6,452.6453326,0.0,23.39333333,14.59111111,14.13538889,0.0,-15.31627225,11.40533333
2025-05-14 00:15:00+00:00,450.8639281,0.0,23.57857143,451.467214,0.0,23.3,14.31309524,17.63684292,0.0,-14.73520022,11.35714286
2025-05-14 00:30:00+00:00,450.0830556,0.0,23.52444444,449.7650911,0.0,23.3,14.112,21.16848124,0.0,-14.05203704,11.10426296
2025-05-14 00:45:00+00:00,450.4579424,0.0,23.5,449.9286676,0.0,23.3,13.92,24.71943242,0.0,-13.21640171,10.85300899
2025-05-14 01:00:00+00:00,449.1513987,0.0,23.48469388,449.4460783,0.0,23.28469388,13.77857143,27.99314574,0.0,-12.30774067,10.77376533
2025-05-14 01:15:00+00:00,447.6160969,0.0,23.42952381,447.8427308,0.0,23.22952381,13.59444444,31.17020018,0.0,-11.32978038,10.74754431
2025-05-14 01:30:00+00:00,446.3998321,0.0,23.4,448.1222149,0.0,23.2,13.42972222,35.11348148,0.0,-9.98537037,10.56898502
2025-05-14 01:45:00+00:00,446.2469966,0.0,23.4,446.5704662,0.0,23.2,13.34666667,38.53408466,0.0,-8.668195767,10.46914444
2025-05-14 02:00:00+00:00,447.0609952,0.0,23.4,446.0883665,0.0,23.18571429,13.17857143,41.82305512,0.0,-7.301346867,10.29585383
2025-05-14 02:15:00+00:00,445.937312,0.0,23.4,446.423062,0.0,23.1,13.04763757,44.80138003,0.0,-5.956811485,10.20082179
2025-05-14 02:30:00+00:00,446.0288889,0.0,23.37444444,454.4744444,0.0,23.12571429,12.88,47.96341581,0.070266082,-4.459227358,10.04794024
2025-05-14 02:45:00+00:00,455.4682322,0.0,23.4,472.1173661,0.0,23.2,12.74571429,51.20822344,0.648099349,-2.748406191,9.835714286
2025-05-14 03:00:00+00:00,470.0708053,19.1137963,23.4,472.6907946,20.02420044,23.17833333,12.84545455,54.39140848,2.415963818,-1.015670163,9.685928571
2025-05-14 03:15:00+00:00,467.9967033,65.37325303,23.4,470.1682474,62.94723414,23.12307692,20.55224359,57.61870574,6.830013305,0.744652015,9.630448718
2025-05-14 03:30:00+00:00,468.2166667,65.00298822,23.4,469.4010749,62.35010129,23.1,17.8587037,60.41805556,12.53180556,2.402777778,9.609166667
2025-05-14 03:45:00+00:00,469.8505952,65.13866274,23.36437451,471.0653989,62.61104624,23.1,18.55320235,63.63851899,21.81705917,4.470419719,9.730892857
2025-05-14 04:00:00+00:00,470.2869006,64.86342593,23.3,471.3427404,62.62432478,23.1,17.75311111,66.6899085,25.52696444,6.441204482,9.836784031
2025-05-14 04:15:00+00:00,471.861752,64.33582907,23.3,473.5530303,61.91666667,23.1,16.89962121,69.71528902,36.45129189,8.460930736,9.890725108
2025-05-14 04:30:00+00:00,472.9013889,65.21385226,23.3,473.7808904,62.18124648,23.1,17.0,72.4322001,65.25220969,10.31667725,9.9757
2025-05-14 04:45:00+00:00,472.2329887,64.56683904,23.3,473.5823129,63.35357143,23.1,16.95625,75.62335789,77.509207,12.51837995,10.20658279
2025-05-14 05:00:00+00:00,472.7466667,64.44296296,23.23333333,474.1834097,62.45428368,23.05320635,17.0,78.50984343,70.92681248,14.57105556,10.22777778
2025-05-14 05:15:00+00:00,472.7218057,64.55722703,23.23155556,474.0984159,62.67625917,23.09333333,17.0,81.55497919,86.08563094,16.74858869,10.5035237
2025-05-14 05:30:00+00:00,475.3357534,64.74152116,23.27142857,473.9343633,62.5784534,23.04285714,17.13095238,84.7132381,93.02190243,18.97467725,10.90489947
2025-05-14 05:45:00+00:00,482.0514639,64.8121178,23.25833333,476.6459184,62.60532697,23.06153846,17.21818182,87.69761621,230.389848,21.03910147,11.33321287
2025-05-14 06:00:00+00:00,494.6684231,65.81207094,23.37004545,500.9588542,62.51613527,23.08071212,17.0,90.68535897,283.9872278,23.14552991,11.7885235
2025-05-14 06:15:00+00:00,509.435873,65.46169935,23.49711538,530.9845381,63.46132784,23.2705,16.95164835,93.8848288,181.62489,25.37318639,11.82738336
2025-05-14 06:30:00+00:00,530.0686797,65.26886239,23.5955,543.2241201,62.85513779,23.15423545,16.90338624,97.1936608,172.0343641,27.56324501,11.7310005
2025-05-14 06:45:00+00:00,535.1823236,65.09556053,23.5877551,560.4304583,64.70640311,23.39438776,16.80714286,100.4359454,166.4809295,29.65810745,11.74344898
2025-05-14 07:00:00+00:00,538.4915476,66.265,23.66,570.5494125,64.49027719,23.51333333,16.8,103.5605533,205.821277,31.66591427,11.88587181
2025-05-14 07:15:00+00:00,554.2682071,65.91698718,23.83761905,575.5154956,63.85652521,23.61466667,16.72333333,107.0638672,238.3280984,33.73048701,12.18841667
2025-05-14 07:30:00+00:00,552.8202005,67.60882256,23.925,572.5052559,66.13634211,23.70857143,16.96933333,110.9109836,201.7746603,35.93021164,12.1729608
2025-05-14 07:45:00+00:00,554.3939945,68.30909566,23.95380952,569.6339172,66.45060814,23.79945055,16.98333333,114.5258947,248.0359138,37.90769878,12.5461039
2025-05-14 08:00:00+00:00,570.090097,67.20261325,23.94,574.532139,62.31675579,23.8,16.98266667,118.3426278,305.3901689,39.80206053,12.68758038
2025-05-14 08:15:00+00:00,559.3851852,68.56481481,24.04166667,563.7340741,63.54666667,23.89166667,16.97314815,122.0825893,525.4348035,41.57482143,12.955
2025-05-14 08:30:00+00:00,559.5881474,71.28791005,24.2,568.4833236,62.33421956,23.9,17.0,125,427.1715718,42,13
2025-05-14 08:45:00+00:00,559.9000978,87.94444444,24.2,568.5301207,63.28861416,23.9,16.85,130.1,415.8292237,44.825,13.5
2025-05-14 09:00:00+00:00,558.9904312,103.2505724,24.2,568.0401821,63.38806895,23.95555556,16.75238095,136.2531746,537.9280852,46.98730159,13.78412698
2025-05-14 09:15:00+00:00,556.4333574,118.7238322,24.14358974,570.8200511,62.23657376,23.96282051,16.96445106,140.1709028,681.9140267,48.19539021,13.84166667
2025-05-14 09:30:00+00:00,546.6284175,137.5564141,24.2,556.4355897,63.56896825,23.95222222,17.2,145.1462143,521.7438745,49.47904762,14.09
2025-05-14 09:45:00+00:00,534.8475172,153.7679072,24.15892857,541.7890909,62.48199465,23.96290043,17.22857143,150.5580907,486.4312107,50.73398905,14.2855017
2025-05-14 10:00:00+00:00,525.9735058,161.0285862,24.15435897,533.6853459,62.09998968,23.87838228,17.212,155.6493489,451.0022979,51.67200661,14.16128466
2025-05-14 10:15:00+00:00,529.5889003,176.9423615,24.22,539.6824208,61.83170357,23.97428571,17.22,161.6600317,407.7519539,52.56705026,14.36583333
2025-05-14 10:30:00+00:00,530.926275,199.9161123,24.22222222,544.1630833,67.43863515,24.1,17.19333333,167.293748,540.6950239,53.13010228,14.76380208
2025-05-14 10:45:00+00:00,531.1985103,218.1561692,24.22244898,546.1272817,77.4515873,24.12755102,17.04591837,172.5306349,483.0494358,53.47301587,14.7711039
2025-05-14 11:00:00+00:00,531.0537066,236.9468031,24.1463569,551.7703169,88.31338658,24.14588889,17.19611111,178.4817857,404.870118,53.68111111,15.02981481
2025-05-14 11:15:00+00:00,526.3879739,245.0448017,24.08,553.5663749,97.69958387,24.1,17.15111111,184.8191402,550.5667881,53.63622896,15.35784149
2025-05-14 11:30:00+00:00,521.3144333,250.0626274,24.05555556,547.7526938,110.3372415,24.11888889,17.47651515,190.8457828,511.8701331,53.3529329,15.80605897
2025-05-14 11:45:00+00:00,523.8940743,259.7471243,24.02333333,547.0140658,117.9064169,24.11292517,17.50464286,196.6488095,540.1576666,52.83571429,16.04367347
2025-05-14 12:00:00+00:00,520.2106085,260.2570034,24.06010582,553.5239545,128.5500397,24.13161905,17.21597884,201.9946561,579.5987382,52.17342857,16.2958
2025-05-14 12:15:00+00:00,520.467033,261.9795623,24.00626263,555.245614,139.1643626,24.046633,17.24375758,206.9143492,540.3413183,51.36190476,16.30490159
2025-05-14 12:30:00+00:00,526.7461485,260.4609694,24.00261905,560.2426214,142.7067829,23.98857143,17.22295918,212.7686691,503.5344976,50.18189679,15.92845702
2025-05-14 12:45:00+00:00,526.6284586,263.3344086,24.0,555.4895574,148.6717479,24.05738384,16.80040741,217.7795238,458.4021271,48.96005291,15.46155055
2025-05-14 13:00:00+00:00,527.344395,261.5819448,23.96428571,548.8278196,154.618309,24.01127778,16.81326531,222.3794974,625.5233889,47.66689177,15.53726984
2025-05-14 13:15:00+00:00,517.0424242,254.7816077,23.9,541.7690655,153.5214245,23.96,16.58,227.7575661,589.2382347,45.88859524,15.35116138
2025-05-14 13:30:00+00:00,505.3235761,245.1506644,23.9,519.3385139,148.2911957,24.06357143,16.20873016,231.5246753,567.9684269,44.49064935,14.80227922
2025-05-14 13:45:00+00:00,491.9950171,240.7632607,23.9,500.0655931,157.4050194,24.12666667,16.416,236.0935714,509.784232,42.64047619,14.41110317
2025-05-14 14:00:00+00:00,481.7735751,107.5155128,23.92666667,486.9879371,88.57846021,24.17130952,16.96316667,240.2490926,527.1133585,40.78511905,14.12274442
2025-05-14 14:15:00+00:00,479.7055714,65.40740741,24.05578231,483.3036988,60.65207781,24.27706349,17.17142857,244.0913333,499.809878,38.90078571,13.68051852
2025-05-14 14:30:00+00:00,476.215873,65.24859694,24.19230769,478.9590047,60.40217302,24.42857143,16.30549451,247.8607143,479.4132481,36.93809524,13.53928571
2025-05-14 14:45:00+00:00,475.9645684,64.44376068,24.22,476.6622373,61.5356427,24.48777778,16.79324074,251.3884524,376.9203262,34.9679127,13.10323647
2025-05-14 15:00:00+00:00,472.6700765,65.93238576,24.3,474.6707367,61.44605051,24.49758242,17.33496208,254.8905673,287.9216554,32.92834342,12.63782418
2025-05-14 15:15:00+00:00,470.6473906,65.08812744,24.3,472.6486698,61.37361503,24.40472727,17.08549784,258.4078373,221.8949381,30.76327381,12.3427381
2025-05-14 15:30:00+00:00,470.0286478,64.93055556,24.21673469,470.0209258,59.73819892,24.3,16.77190476,261.4831169,214.4732108,28.83513915,12.24935065
2025-05-14 15:45:00+00:00,468.7304824,64.54106782,24.2,468.0812687,60.19498169,24.3,16.74380952,264.9152249,203.733715,26.51606085,12.16177489
2025-05-14 16:00:00+00:00,467.3864469,65.29384615,24.2,467.8178172,61.2980789,24.32266667,17.20511111,268.1861852,244.8742273,24.29462963,12.04421549
2025-05-14 16:15:00+00:00,466.5753045,64.84379252,24.2,466.7945995,61.24900917,24.48660714,17.08214286,271.1162895,243.5537589,22.24216074,11.98677756
2025-05-14 16:30:00+00:00,465.9643906,64.76011956,24.21111111,466.5457692,59.81911486,24.64166667,16.40888889,274.2114615,234.5836812,20.08434941,12.05831258
2025-05-14 16:45:00+00:00,464.5426545,65.12339105,24.24666667,465.7053289,60.86024701,24.59111111,17.45722222,277.260404,104.0861559,17.9372102,11.81699487
2025-05-14 17:00:00+00:00,463.2858987,63.23602197,24.2,465.1444143,61.23192213,24.53641181,16.76309524,280.2962104,92.2632682,15.81301282,11.45504429
2025-05-14 17:15:00+00:00,463.6571429,64.32769532,24.18392857,464.8401361,60.68344671,24.45178571,16.02142857,283.4045635,97.76032651,13.61190476,11.31365079
2025-05-14 17:30:00+00:00,464.4072767,63.42539322,24.1,465.6465237,60.0832311,24.40155556,16.93444444,286.30942,58.81235002,11.57099206,11.19626984
2025-05-14 17:45:00+00:00,463.00953,65.21665511,24.07466667,464.7424467,60.7858254,24.24266667,16.97847619,289.3014371,41.28714485,9.504175325,10.82762992
2025-05-14 18:00:00+00:00,463.5756118,16.85536062,24.0,465.1165893,14.8982716,24.12928571,16.51466667,292.2782662,35.26046113,7.542034632,10.476
2025-05-14 18:15:00+00:00,463.4407411,0.0,24.0,464.2806548,0.0,24.06428571,16.16709184,295.2939031,19.2629912,5.542678571,10.26299603
2025-05-14 18:30:00+00:00,462.0736633,0.0,23.94281993,463.3169368,0.0,23.99888889,15.74081169,297.56327,12.85827802,4.105599929,10.09072953
2025-05-14 18:45:00+00:00,460.1199472,0.0,23.9,462.8326455,0.0,23.90952381,15.29587302,301.3208519,5.142534976,1.741203704,9.894407407
2025-05-14 19:00:00+00:00,459.9565149,0.0,23.81309524,462.0423392,0.0,23.84540816,14.88857143,304.425729,3.3406777,-0.008556919,9.791457432
2025-05-14 19:15:00+00:00,459.566835,0.0,23.75333333,461.4142958,0.0,23.8,14.65714286,307.1286667,1.180555892,-1.459088702,9.771174603
2025-05-14 19:30:00+00:00,460.4781354,0.0,23.7,461.2599066,0.0,23.72666667,14.45333333,310.6494603,0.213595767,-3.346486773,9.713809524
2025-05-14 19:45:00+00:00,460.094441,0.0,23.69333333,459.9525926,0.0,23.65277778,14.23380952,313.9816799,0.0,-5.01489418,9.72587037
2025-05-14 20:00:00+00:00,458.3970134,0.0,23.6,459.1257111,0.0,23.6,14.11765306,317.0354762,0.0,-6.432152015,9.819413038
2025-05-14 20:15:00+00:00,459.7731481,0.0,23.6,459.049697,0.0,23.56,13.98,320.4272487,0.0,-7.888888889,9.837607143
2025-05-14 20:30:00+00:00,459.0498168,0.0,23.6,458.3887446,0.0,23.49111111,13.8,323.6117633,0.0,-9.162892737,9.773333333
2025-05-14 20:45:00+00:00,458.1434596,0.0,23.59619048,457.6017284,0.0,23.4,13.68222222,327.2097727,0.0,-10.46794613,9.584709596
2025-05-14 21:00:00+00:00,458.2488095,0.0,23.5,456.7822713,0.0,23.37857143,13.55642857,330.5167517,0.0,-11.56144558,9.563319573
2025-05-14 21:15:00+00:00,456.5958336,0.0,23.46,456.8962453,0.0,23.3,13.48928571,333.9597315,0.0,-12.54280342,9.423613636
2025-05-14 21:30:00+00:00,456.7963312,0.0,23.4,456.25373,0.0,23.3,13.36016667,337.4870542,0.0,-13.44388624,9.287507143
2025-05-14 21:45:00+00:00,456.5495671,0.0,23.4,455.2833333,0.0,23.23,13.3,341.2367778,0.0,-14.23177778,9.101577778
2025-05-14 22:00:00+00:00,456.0527704,0.0,23.4,455.426256,0.0,23.2,13.2302381,344.327518,0.0,-14.8031062,9.036335674
2025-05-14 22:15:00+00:00,454.8257107,0.0,23.31428571,455.1308506,0.0,23.17333333,13.1,348.2714021,0.0,-15.36233766,8.889121212
2025-05-14 22:30:00+00:00,454.3282051,0.0,23.3,454.5898259,0.0,23.1,13.07714286,351.8828571,0.0,-15.76011111,8.927559764
2025-05-14 22:45:00+00:00,453.9063611,0.0,23.3,454.1677489,0.0,23.1,12.97857143,355.6733496,0.0,-15.97755102,9.129761905
2025-05-14 23:00:00+00:00,452.5527499,0.0,23.28944444,452.2000384,0.0,23.08290598,12.8431746,305.1929051,0.0,-16.09833333,8.968227273
2025-05-14 23:15:00+00:00,451.7282051,0.0,23.22857143,452.552381,0.0,23.0,12.78571429,2.97252381,0.0,-16.04,8.807783333
2025-05-14 23:30:00+00:00,451.6809539,0.0,23.2,451.1949695,0.0,23.0,12.65259259,6.788611111,0.0,-15.83416667,8.867351852
2025-05-14 23:45:00+00:00,451.2916667,0.0,23.2,451.1427739,0.0,23.0,12.6,10.3267316,0.0,-15.53131313,8.942857143
2025-05-15 00:00:00+00:00,450.4304081,0.0,23.2,450.1782144,0.0,22.92597802,12.50777778,13.93189033,0.0,-15.12400481,8.691138889
2025-05-15 00:15:00+00:00,449.0367677,0.0,23.13555556,450.2506343,0.0,22.9,12.36,17.29355556,0.0,-14.56311111,8.451911111
2025-05-15 00:30:00+00:00,449.8563131,0.0,23.1,448.5321356,0.0,22.9,12.3,21.07252381,0.0,-13.81849898,8.397341799
2025-05-15 00:45:00+00:00,448.1616667,0.0,23.1,447.7384615,0.0,22.82,12.3,24.94862795,0.0,-12.90801347,8.384095238
2025-05-15 01:00:00+00:00,447.3495271,0.0,23.02857143,446.8195984,0.0,22.8,12.22857143,28.15957535,0.0,-12.02028448,8.548809524
2025-05-15 01:15:00+00:00,446.6562821,0.0,23.0,447.1287934,0.0,22.8,12.10388889,31.66804205,0.0,-10.93767295,8.396236539
2025-05-15 01:30:00+00:00,446.7366525,0.0,23.0,446.2746926,0.0,22.8,12.03833333,34.80555556,0.0,-9.838888889,8.250809524
2025-05-15 01:45:00+00:00,445.7468702,0.0,23.0,444.2208004,0.0,22.77827091,11.92,38.2190004,0.0,-8.552491842,8.006871915
2025-05-15 02:00:00+00:00,444.8506186,0.0,22.96041667,443.6685832,0.0,22.7,11.9,41.55927721,0.0,-7.164821429,7.994914966
2025-05-15 02:15:00+00:00,444.459106,0.0,22.9,443.71,0.0,22.7,11.9,44.90395238,0.0,-5.662671958,8.032857143
2025-05-15 02:30:00+00:00,447.667489,0.0,22.9,451.1990253,0.0,22.68,11.85333333,47.87231805,0.185695906,-4.213328153,7.898133333
2025-05-15 02:45:00+00:00,451.8745888,0.0,22.92761905,456.7384414,0.0,22.67126984,11.75809524,51.30860306,1.185015711,-2.400538906,7.59995338
2025-05-15 03:00:00+00:00,456.4750335,21.82142857,22.98571429,457.0274743,20.93571429,22.7,11.7,54.28736472,4.864544304,-0.779989178,7.45644898
2025-05-15 03:15:00+00:00,454.156234,59.47945135,23.0,455.2066665,60.21188438,22.7,18.76428571,57.34828011,14.57395251,0.882730464,7.368452194
2025-05-15 03:30:00+00:00,463.6145874,60.30943029,22.94311111,463.0245718,59.99155119,22.64047619,17.29316667,60.51256854,31.98674801,2.788359788,7.346666667
2025-05-15 03:45:00+00:00,474.720584,61.19647945,22.88436508,485.3661078,60.00235759,22.52283333,18.24857143,63.62454978,54.74420286,4.723015152,7.298976191
2025-05-15 04:00:00+00:00,479.2189342,60.03948708,22.9,480.7022521,60.46138341,22.7,17.12307692,66.66087302,80.89179228,6.7119161,7.418877551
2025-05-15 04:15:00+00:00,476.5318885,59.91797386,22.9,477.6763853,64.36229413,22.7,17.29666667,69.46691453,106.1209396,8.59646276,7.77182906
2025-05-15 04:30:00+00:00,475.4375301,60.40402745,22.9,476.5381585,63.87222222,22.67805387,16.93111111,72.57322955,143.2376439,10.71630444,8.220375254
2025-05-15 04:45:00+00:00,474.2041751,60.02164948,22.9,475.7629408,64.27515813,22.6,16.91333333,75.59777778,162.3901927,12.80191919,8.480512821
2025-05-15 05:00:00+00:00,473.8195346,60.72811464,22.9,473.4421417,64.84876321,22.6,17.12261905,78.44966422,190.7363487,14.8204823,8.755314626
2025-05-15 05:15:00+00:00,473.2614815,61.74055556,22.9,476.3432275,64.38371998,22.57444444,17.2,81.53605556,221.940135,16.99078307,9.207777778
2025-05-15 05:30:00+00:00,472.5466667,62.3507733,22.9,496.9209259,63.10074819,22.62307937,17.20222222,84.56624339,254.1530551,19.14285714,9.440613757
2025-05-15 05:45:00+00:00,477.7638906,61.25397824,22.955,510.7268273,64.51395357,22.73692063,17.07777778,87.6047619,285.7063304,21.28608466,9.452213675
2025-05-15 06:00:00+00:00,507.1718632,61.99961735,22.92984694,539.1592157,64.5543744,22.80261905,16.85790816,90.54053288,317.4515028,23.35719955,9.633225881
2025-05-15 06:15:00+00:00,543.919506,61.98126272,23.13214286,555.5233111,63.71315749,22.8869898,17.17666667,93.6511746,348.1925449,25.45644444,9.788071429
2025-05-15 06:30:00+00:00,565.9854545,61.97319625,23.3012963,573.0514607,64.82255793,22.89470899,17.13333333,97.12271429,383.415166,27.7931746,10.02333333
2025-05-15 06:45:00+00:00,578.7055138,62.29117063,23.36068376,587.4423146,63.99778259,23.13116883,16.99230769,100.0438312,411.9829153,29.73450835,10.19136364
2025-05-15 07:00:00+00:00,635.3915506,62.06494286,23.44571429,631.5357654,64.67682851,23.27333333,16.88,103.5271878,440.3812674,31.9105873,10.22128871
2025-05-15 07:15:00+00:00,636.7169629,62.84898231,23.7,632.7552366,66.70050505,23.31111111,16.77142857,106.9888258,472.2810393,34.00381665,10.36031339
2025-05-15 07:30:00+00:00,641.4092472,65.0170202,23.69285714,634.9354984,67.61378224,23.41697932,16.85208333,110.7772131,496.0392605,36.1494536,10.48615133
2025-05-15 07:45:00+00:00,650.3512836,64.05232169,23.80204082,634.3787548,66.75500138,23.52595238,17.06428571,114.0832908,521.9802186,37.95522959,10.7425
2025-05-15 08:00:00+00:00,652.7128788,63.47887205,23.94666667,628.8613183,62.38683121,23.58833333,17.00666667,118.1049603,546.8126834,39.96388889,10.97693059
2025-05-15 08:15:00+00:00,649.7110443,63.5234188,23.85412698,643.3863636,61.46500663,23.6,16.9877037,121.9378644,570.6383756,41.75907398,11.065999
2025-05-15 08:30:00+00:00,641.6549529,64.84118141,23.9375,617.1134177,63.13156695,23.62111111,16.85416667,126.4443992,592.2690659,43.69932636,11.17958571
2025-05-15 08:45:00+00:00,643.1329009,65.27783401,23.98821429,633.0201094,63.79830437,23.66702381,16.83714286,130.8095351,613.4182373,45.38352608,11.39861678
2025-05-15 09:00:00+00:00,652.3106553,62.76072872,23.90796296,641.1749868,64.20573396,23.61111111,16.74,134.9177778,631.4889576,46.82888889,11.35055556
2025-05-15 09:15:00+00:00,660.5238357,61.16059602,23.90266667,654.2028788,60.08912199,23.6,17.08,140.1188836,653.4021541,48.43259259,11.56518519
2025-05-15 09:30:00+00:00,660.3743451,61.17854664,23.93619048,645.8974498,60.32910675,23.575,16.94923077,144.6618519,666.4314983,49.63888889,11.66501538
2025-05-15 09:45:00+00:00,663.2704381,65.52763605,24.08392857,641.9689456,60.50505365,23.6,16.95,150.2515873,681.7532146,50.9064059,11.91333333
2025-05-15 10:00:00+00:00,671.3476385,75.90343915,24.07321429,633.2030513,60.4044154,23.58166667,16.95333333,155.6210741,692.5292845,51.91022222,11.78866667
2025-05-15 10:15:00+00:00,641.7013925,86.78196581,24.09019231,639.2848176,61.72826099,23.61833333,16.9,161.3797963,702.9276267,52.74888889,12.374
2025-05-15 10:30:00+00:00,610.708194,98.99037263,24.08666667,628.0866418,60.04526857,23.69111111,16.94857143,167.3513095,712.5253579,53.368,12.66583333
2025-05-15 10:45:00+00:00,622.8195883,113.9788624,24.25,652.6844216,60.0017108,23.8,16.99166667,172.5144218,716.603528,53.68433673,12.5562585
2025-05-15 11:00:00+00:00,641.1422969,134.8130303,24.20357143,660.2900303,60.84759193,23.75571429,17.09285714,178.153037,718.6853809,53.9,12.57493651
2025-05-15 11:15:00+00:00,643.2867449,158.5070635,24.27142857,665.0960263,60.35329717,23.87304422,17.32690476,184.2240067,718.816017,53.86111111,13.04301732
2025-05-15 11:30:00+00:00,639.6249783,183.2010073,24.30897436,672.4323871,60.39948544,23.9,17.27358974,190.4121985,575.1670612,53.59047619,13.39884354
2025-05-15 11:45:00+00:00,638.1579798,211.3962204,24.30115385,666.256403,60.9800296,23.96324786,17.01653439,196.4152778,719.4500412,53.08351852,13.43880556
2025-05-15 12:00:00+00:00,641.145641,233.8009117,24.375,659.2238665,63.92827485,24.04833333,17.08,202.2392804,714.2015877,52.36448942,13.11409704
2025-05-15 12:15:00+00:00,629.0441138,272.3393308,24.33,647.0746121,65.60601748,24.00555556,17.15,207.1592857,708.4222272,51.56761905,13.395
2025-05-15 12:30:00+00:00,613.0585878,297.5138889,24.23869048,620.7753088,65.74072278,23.83303571,17.17428571,212.6690731,695.7908192,50.45702381,13.65194643
2025-05-15 12:45:00+00:00,613.7939209,311.0426632,24.18666667,586.3076341,65.41121112,23.80666667,17.08847619,217.8993917,684.8688719,49.16389744,13.81535486
2025-05-15 13:00:00+00:00,604.0496296,307.2263889,24.08666667,577.8383333,64.8825,23.9,16.94,222.9467677,670.2123772,47.72027389,13.9793007
2025-05-15 13:15:00+00:00,544.3333333,311.775,23.99333333,581.0845118,63.49222222,24.01111111,17.3,227.5768519,654.7102341,46.21268519,14.23361905
2025-05-15 13:30:00+00:00,515.6037342,309.700653,24.01655844,553.6940772,70.27303139,24.1797619,17.44642857,232.1239899,635.739543,44.55325397,14.60561779
2025-05-15 13:45:00+00:00,506.7546911,310.7512566,23.92519841,540.1120313,92.88450656,24.28398148,17.18,236.324754,612.9944774,42.80705739,14.39083333
2025-05-15 14:00:00+00:00,504.3773748,303.0105611,23.92624339,522.6110693,126.8545842,24.3937619,17.25555556,240.5395437,589.6034038,40.90113889,14.63915409
2025-05-15 14:15:00+00:00,508.0355556,295.2588238,23.972,525.7251515,167.9866187,24.5287619,17.19371429,244.3952593,565.6029139,39.04325421,14.56023889
2025-05-15 14:30:00+00:00,518.0424153,281.9555223,23.93632653,532.995916,231.6077869,24.7,17.18571429,248.0813209,549.7602169,37.08286565,14.77104875
2025-05-15 14:45:00+00:00,520.0302176,274.1640863,23.81555556,531.9492487,286.1923073,24.8,17.16888889,251.5251852,517.538188,35.15292208,15.12468946
2025-05-15 15:00:00+00:00,525.7755981,87.56872609,23.988,534.592957,90.36089104,24.77333333,16.51333333,255.1908148,489.5496831,33.018,14.888
2025-05-15 15:15:00+00:00,539.8477706,62.79199134,24.37833333,542.6323906,63.57521368,24.96055556,16.56396825,258.8041455,451.648835,30.80504449,14.71899471
2025-05-15 15:30:00+00:00,533.1010129,60.54729995,24.37142857,537.8589756,63.80198657,25.16753247,17.25,261.9453144,339.914716,28.77830433,14.46766392
2025-05-15 15:45:00+00:00,531.0043177,62.65817454,24.41066327,533.2035156,64.93983902,25.28541607,16.86785714,264.8199761,389.4584162,26.87229622,14.43564265
2025-05-15 16:00:00+00:00,521.3070469,62.79744108,24.53076923,525.4155276,64.19681413,25.45883333,17.1982906,268.3400714,360.8947668,24.4683254,14.56265734
2025-05-15 16:15:00+00:00,511.4907545,63.23681473,24.6,518.2352226,63.73686476,25.58214286,16.95178571,271.4209145,321.0721319,22.3666342,14.44122711
2025-05-15 16:30:00+00:00,504.1089473,62.40116402,24.64545455,510.651305,63.72476144,25.61666667,16.68809524,274.3968889,291.8453965,20.25566667,14.032
2025-05-15 16:45:00+00:00,497.4817893,62.7,24.7,504.5042764,63.79074074,25.64133333,17.16923077,277.4240159,236.8528935,18.08684127,13.84840476
2025-05-15 17:00:00+00:00,493.5065157,61.11503968,24.7,498.8346752,63.47115831,25.55333333,16.6144898,280.4148196,183.4561555,16.00858586,13.45707143
2025-05-15 17:15:00+00:00,487.356235,62.23715332,24.7,494.2417895,64.3685385,25.40339286,16.97857143,283.382381,87.36919237,13.905,12.58800866
2025-05-15 17:30:00+00:00,483.9322132,62.43317053,24.7,489.3500738,63.89768006,25.3155,17.26233333,286.3161738,89.77072039,11.87376943,12.8430158
2025-05-15 17:45:00+00:00,481.1461976,63.23585859,24.62142857,486.813921,63.52718024,25.13333333,16.09230769,289.3223377,52.81112893,9.770566378,12.62832021
2025-05-15 18:00:00+00:00,480.9098037,8.08319161,24.6,484.8920821,8.911163779,24.96928571,17.30714286,292.1539881,40.75444268,7.877083333,12.57576548
2025-05-15 18:15:00+00:00,479.1861111,0.0,24.52,483.4042735,0.0,24.86,16.77777778,295.1873791,57.2675738,5.887053595,12.53149206
2025-05-15 18:30:00+00:00,478.1844646,0.0,24.5,482.5931579,0.0,24.77333333,16.48066667,298.3786936,35.43180106,3.841185185,12.53224108
2025-05-15 18:45:00+00:00,477.8412756,0.0,24.49333333,481.0344125,0.0,24.6762963,16.14766667,301.1636364,18.65366871,2.118066378,12.27518519
2025-05-15 19:00:00+00:00,477.0120462,0.0,24.4,480.5949397,0.0,24.6,15.9222583,304.3917444,7.446416184,0.275057839,11.98812529
2025-05-15 19:15:00+00:00,476.6291667,0.0,24.394,479.4018974,0.0,24.484,15.68333333,307.509267,2.200476342,-1.427363155,11.66252997
2025-05-15 19:30:00+00:00,476.1375758,0.0,24.304,479.3188199,0.0,24.38666667,15.6245,310.8144286,0.50780609,-3.185238095,11.33115053
2025-05-15 19:45:00+00:00,475.8702076,0.0,24.25,478.2049062,0.0,24.29333333,15.7,314.0078783,0.051527778,-4.771698413,11.07221429
2025-05-15 20:00:00+00:00,475.429681,0.0,24.16285714,477.1310824,0.0,24.2,15.66041667,317.1715845,0.0,-6.234736395,10.81969388
2025-05-15 20:15:00+00:00,474.1885339,0.0,24.08714286,475.500735,0.0,24.1125,15.49714286,320.1471414,0.0,-7.53446128,10.49867366
2025-05-15 20:30:00+00:00,473.1451462,0.0,24.0,474.439479,0.0,24.07638095,15.10793651,323.5817143,0.0,-8.907445887,10.18387879
2025-05-15 20:45:00+00:00,473.9003175,0.0,23.95492063,474.1920402,0.0,23.98,14.81666667,326.934328,0.0,-10.12060317,10.08838095
2025-05-15 21:00:00+00:00,471.0856215,107.1378066,23.76923077,473.2967761,99.48785997,23.89285714,13.48602564,330.5140476,0.0,-11.28755102,9.859055556
2025-05-15 21:15:00+00:00,474.5742465,172.0840909,23.34865385,474.9832819,163.6994587,23.8,11.7,333.9940741,0.0,-12.30314815,9.808148148
2025-05-15 21:30:00+00:00,478.8253909,169.4386064,23.10219114,477.5500951,166.0764457,23.62666667,11.88447552,337.5370525,0.0,-13.17419913,10.03191575
2025-05-15 21:45:00+00:00,479.9801587,170.6932867,22.96904762,479.8471699,162.9586034,23.42870748,11.72142857,341.1803741,0.0,-14.00204082,9.846845238
2025-05-15 22:00:00+00:00,480.5329435,169.8867937,22.7952381,480.0,161.8904952,23.28,11.77692308,344.5522169,0.0,-14.5928735,9.884560847
2025-05-15 22:15:00+00:00,481.0537943,172.0129328,22.62666667,480.7121693,165.3286784,23.15333333,11.78,348.0455556,0.0,-15.08753691,9.862690476
2025-05-15 22:30:00+00:00,480.66,169.8045177,22.49904762,481.0338118,166.6380516,22.971,12.00666667,352.1431825,0.0,-15.49022222,10.19466667
2025-05-15 22:45:00+00:00,479.9049357,170.2940574,22.4,481.0809088,162.5533793,22.84920635,12.2,355.7070624,0.0,-15.74047619,10.30053571
2025-05-15 23:00:00+00:00,480.0936052,170.585018,22.30666667,478.9526418,160.0214254,22.78133333,12.2,263.35,0.0,-15.8,10.32083333
2025-05-15 23:15:00+00:00,480.3207353,174.1294678,22.213,479.694697,164.7871916,22.63539683,12.07733333,2.952055556,0.0,-15.79851852,10.23333333
2025-05-15 23:30:00+00:00,479.9481481,173.3489658,22.112,480.2117364,166.1569793,22.6,12.11785714,6.464640693,0.0,-15.66495238,10.28
2025-05-15 23:45:00+00:00,480.6067664,166.3902734,22.03690476,479.7197343,172.1696429,22.55,12.34880952,10.18535714,0.0,-15.33705215,10.52187951
2025-05-16 00:00:00+00:00,480.4921624,139.7499858,22.08111111,481.2451852,181.6294341,22.5,12.90666667,13.98425709,0.0,-14.85756205,11.04
2025-05-16 00:15:00+00:00,479.2283773,141.0014212,22.09992063,480.0,182.7427123,22.41259259,13.0,17.47050794,0.0,-14.31636845,11.10285714
2025-05-16 00:30:00+00:00,478.8171202,71.18370053,22.0,479.4826389,209.2930451,22.38392857,13.06153846,20.82854614,0.0,-13.63904762,11.1655873
2025-05-16 00:45:00+00:00,479.5836712,98.66124746,22.02404762,479.3810297,214.0424411,22.3,13.1,24.66207792,0.0,-12.75152137,11.15346032
2025-05-16 01:00:00+00:00,480.5050505,85.07984395,21.98526077,479.8110685,218.072513,22.27142857,13.08571429,28.0187751,0.0,-11.83165235,11.15007904
2025-05-16 01:15:00+00:00,480.9859259,62.59786804,21.96282051,479.9996711,226.4928845,22.18318519,13.0,31.67606349,0.0,-10.67301587,11.13326667
2025-05-16 01:30:00+00:00,481.5971965,63.7039966,21.86397436,480.8909008,227.7168844,22.1,13.0,34.8905102,0.0,-9.595748299,11.09746173
2025-05-16 01:45:00+00:00,480.7910438,66.34343434,21.84,480.4967749,196.420681,22.04942761,13.0,38.17828571,0.0,-8.316015873,11.09333333
2025-05-16 02:00:00+00:00,479.8309977,86.63547863,21.97289947,479.8508122,138.2086198,22.04207407,13.04,41.51674054,0.0,-6.934557387,11.15919921
2025-05-16 02:15:00+00:00,479.5282267,62.76123321,21.8,479.1052489,220.9748697,22.03928571,13.13688672,44.71204365,0.0,-5.49952381,11.17857143
2025-05-16 02:30:00+00:00,480.1573232,127.5915608,22.02730159,484.0257778,62.11938889,21.94803175,13.2,48.04219841,0.042653968,-3.872248677,11.29866667
2025-05-16 02:45:00+00:00,483.880311,100.9020194,21.98784127,486.9288699,160.5023854,22.03222222,13.2,51.21084371,0.491274363,-2.197634717,11.31179091
2025-05-16 03:00:00+00:00,488.7242972,20.65694444,22.11104377,488.6285799,46.35340367,22.04533333,13.22166667,54.29908874,1.866418336,-0.533280719,11.30480952
2025-05-16 03:15:00+00:00,490.2271735,65.20113121,22.23571429,488.0832367,63.16008426,22.09104308,17.98663265,57.45586623,4.567487889,1.19224026,11.25714286
2025-05-16 03:30:00+00:00,488.918063,65.43883598,22.3,486.6287879,63.37347156,22.1,19.52711111,60.49722944,8.956108081,3.038322511,11.11628571
2025-05-16 03:45:00+00:00,485.6785772,65.98801199,22.3,484.3734489,63.45177739,22.1,17.48,63.46531746,15.54789496,4.932298942,10.93642593
2025-05-16 04:00:00+00:00,484.2221227,66.1776394,22.3,483.956459,63.77657863,22.1,18.96222222,66.5257963,23.21843951,6.895462963,10.71733333
2025-05-16 04:15:00+00:00,484.6190476,66.05634921,22.3,482.5510835,63.86995765,22.1,18.03461538,69.26387987,28.40271008,8.733928571,10.62063492
2025-05-16 04:30:00+00:00,483.32041,65.89224599,22.32,482.1200416,62.84646465,22.1,18.64666667,72.33223088,46.98088652,10.78685281,10.58403427
2025-05-16 04:45:00+00:00,481.4806209,66.03078348,22.4,480.0703697,63.81190476,22.1647619,18.32972222,75.35036843,69.92164529,12.93603665,10.74550894
2025-05-16 05:00:00+00:00,481.5268295,65.88095238,22.4,478.9086189,63.67072982,22.2,18.62722222,78.38025734,91.02406109,15.03792063,10.88547619
2025-05-16 05:15:00+00:00,480.6013232,66.60110775,22.41530612,480.6058673,63.60238095,22.16517857,18.30357143,81.36841837,223.9724885,17.17806122,11.41391156
2025-05-16 05:30:00+00:00,480.7470899,65.53462963,22.5,490.0908228,63.79631874,22.30088889,18.11571429,84.3337963,251.89077,19.28112698,12.17530159
2025-05-16 05:45:00+00:00,481.1549784,65.45169312,22.53428571,496.6183784,64.45514968,22.38,18.22433333,87.45861476,138.7128881,21.4918543,13.252
2025-05-16 06:00:00+00:00,491.2157287,65.63012781,22.49375,505.1868367,62.43487863,22.4555102,18.28333333,90.53589827,98.56758111,23.64294192,13.37704167
2025-05-16 06:15:00+00:00,523.9414418,65.03633774,22.66,510.3035831,63.00848911,22.5,18.1,93.42676923,137.1294488,25.62774074,13.18915897
2025-05-16 06:30:00+00:00,574.2393621,65.03325241,22.75333333,545.5052273,63.88015674,22.52142857,18.0,96.79374315,153.2083214,27.86621693,13.35185159
2025-05-16 06:45:00+00:00,603.1009918,64.84540909,22.82341203,569.8240949,64.24482117,22.67516692,18.0,98.86026012,163.6878796,29.21783538,13.65151532
2025-05-16 07:00:00+00:00,630.3030494,65.45320966,23.02380952,612.7009921,62.90294436,22.8,17.55714286,103.3541198,226.8873384,32.08541667,13.32397102
2025-05-16 07:15:00+00:00,631.0010684,64.90555556,23.07777778,630.9124436,63.30146405,22.87352381,17.5375,106.8855736,439.0343301,34.20638095,13.90778788
2025-05-16 07:30:00+00:00,638.4958829,64.47336386,23.16897959,650.2729687,62.0924224,22.94666667,17.27244898,110.4922835,522.9119909,36.30712747,14.6544697
2025-05-16 07:45:00+00:00,646.159667,65.45908229,23.19742063,668.2960094,63.28749703,23.03346939,16.94285714,113.865102,566.2459933,38.12002036,14.58963069
2025-05-16 08:00:00+00:00,665.9319227,64.06657075,23.25384615,697.5326263,63.28525253,23.14111111,16.9,117.9674921,428.6314315,40.19295238,14.50956323
2025-05-16 08:15:00+00:00,678.3316755,64.64809524,23.25291534,714.0230246,62.18512953,23.17130159,16.93,121.9563651,588.6155694,42.04331746,14.8006734
2025-05-16 08:30:00+00:00,701.8468845,64.58531746,23.36269841,720.574608,62.85477876,23.21854545,17.15595238,126.4121534,606.0881198,43.94555556,15.71107407
2025-05-16 08:45:00+00:00,706.7297937,64.70500928,23.48392857,735.0412286,62.70603206,23.28197279,17.2,130.5942112,551.5522931,45.58771514,16.00115197
2025-05-16 09:00:00+00:00,716.3356348,65.03954928,23.48433333,746.5026392,62.56145616,23.32055556,17.02133333,134.8521544,689.2648628,47.08781674,15.99863535
2025-05-16 09:15:00+00:00,711.2122498,65.45623016,23.57142857,736.4955453,63.77409571,23.37035714,17.00036075,139.9391472,711.3774513,48.64380592,15.6129881
2025-05-16 09:30:00+00:00,692.0095238,65.5276644,23.57019231,705.1099254,64.2058971,23.30952381,17.14230769,144.9263979,662.0347933,49.93304344,15.8234042
2025-05-16 09:45:00+00:00,668.6955267,65.24790913,23.57555556,672.4248718,65.31388889,23.26633333,17.13904762,150.0915344,629.262583,51.1121164,16.00074074
2025-05-16 10:00:00+00:00,641.8840521,67.39902616,23.74533333,663.3190038,65.30783481,23.34,17.20666667,155.8245,810.8021699,52.1852381,15.77583333
2025-05-16 10:15:00+00:00,625.3654594,66.59023329,23.70222222,658.1015187,66.55945111,23.4,17.1127381,161.3888545,469.1890178,52.9812963,16.16630303
2025-05-16 10:30:00+00:00,605.819602,65.83209102,23.73214286,642.1050707,60.6557386,23.4,17.16660714,167.147333,734.6109155,53.58651902,16.40855023
2025-05-16 10:45:00+00:00,609.0805051,67.00028259,23.7,645.6970047,62.88923126,23.40126984,16.99777778,172.6730658,528.768024,53.97977778,16.00007431
2025-05-16 11:00:00+00:00,626.6529667,65.4894194,23.74647619,644.9349194,62.6094027,23.46904762,17.16611111,178.6452525,400.0,54.14666667,16.13935185
2025-05-16 11:15:00+00:00,622.8180562,64.72107501,23.85192308,643.1386458,63.06598461,23.42585034,17.23461538,184.7126786,341.8418487,54.08333333,16.17166667
2025-05-16 11:30:00+00:00,622.0059201,62.89460678,23.90361111,622.5050828,63.64540803,23.436,16.79066667,190.8412013,537.1747914,53.81692816,15.85187472
2025-05-16 11:45:00+00:00,613.3638353,63.51246044,23.83242063,616.4468146,64.62112192,23.46391534,17.31026361,195.4022778,760.4674188,53.43247619,16.05192778
2025-05-16 12:00:00+00:00,594.7380738,65.00397436,23.85,609.4735673,64.90569315,23.44666667,16.89066667,202.5774264,472.7380793,52.56284873,15.91407407
2025-05-16 12:15:00+00:00,582.5601216,64.68730159,23.81875,595.1486516,65.38861168,23.36349206,17.25952381,207.7022547,294.4856384,51.6777417,16.04672619
2025-05-16 12:30:00+00:00,570.889408,64.4161101,23.79166667,576.1925818,64.30787917,23.3,17.35785714,212.7430926,621.9281112,50.67485714,16.66931313
2025-05-16 12:45:00+00:00,552.0248168,62.07262236,23.6444898,553.1807401,62.64537823,23.3,17.26672619,218.1278836,420.3346342,49.3797037,16.16837037
2025-05-16 13:00:00+00:00,531.1984861,63.29994172,23.67142857,538.493187,63.64582001,23.3,16.19047619,222.7561766,172.031412,48.03737503,15.71654092
2025-05-16 13:15:00+00:00,515.3338889,63.75793651,23.58,527.0897359,63.71985185,23.3,16.87238095,227.7470608,163.9929291,46.42404233,15.80634524
2025-05-16 13:30:00+00:00,503.0828571,63.46395604,23.44,513.231531,63.30627411,23.32497355,17.23302198,232.3213228,339.0847032,44.72293122,16.32803968
2025-05-16 13:45:00+00:00,494.8571745,62.98826739,23.50222222,504.1737196,62.68809894,23.33377778,17.20863492,236.2111608,286.6951578,43.1352992,16.39806844
2025-05-16 14:00:00+00:00,489.6870559,61.12392369,23.44949315,495.6415652,60.81642621,23.374618,16.79544836,239.7538446,268.2780719,41.52156462,16.31363903
2025-05-16 14:15:00+00:00,483.1496311,59.4818254,23.45666667,488.681315,58.93484468,23.52333333,17.16,244.5119709,583.1589761,39.27100529,16.50722787
2025-05-16 14:30:00+00:00,479.5136493,56.86683502,23.59333333,485.4356975,57.7463333,23.74666667,17.81777778,247.9582937,444.3476029,37.41765873,16.92212302
2025-05-16 14:45:00+00:00,476.6699784,59.26649145,23.6,481.4233148,59.08308862,23.7,16.68214286,251.8895918,150.2250961,35.24340136,15.905
2025-05-16 15:00:00+00:00,475.2045344,58.92054131,23.6,479.4791448,60.03402928,23.76176042,16.17780952,255.246835,475.1445644,33.25834477,16.28925926
2025-05-16 15:15:00+00:00,473.3314238,59.15516077,23.62,477.004624,59.25860317,24.04755556,17.48266667,258.8829286,328.7586252,31.04666667,16.83488889
2025-05-16 15:30:00+00:00,471.7663952,58.98046296,23.67420635,474.6702417,59.33272765,24.00733333,16.19007937,262.1063004,339.9619068,28.94157509,16.4985119
2025-05-16 15:45:00+00:00,468.9318171,59.94804505,23.7,473.2350925,60.17253202,24.40380952,17.72272727,265.1960227,392.4216849,26.89071429,17.07431548
2025-05-16 16:00:00+00:00,467.8165552,59.13123377,23.78666667,472.3851848,60.65523523,24.62666667,17.268,268.1818214,364.1864003,24.874378,17.30739823
2025-05-16 16:15:00+00:00,466.8839666,58.78200984,23.91555556,470.5203263,59.02202761,24.81444444,16.53777778,271.5274074,327.4379307,22.55296296,17.16301905
2025-05-16 16:30:00+00:00,466.1202878,60.16398046,23.96153846,469.7619048,59.36808905,25.01538462,17.21538462,274.5482851,287.276704,20.45323129,16.78352608
2025-05-16 16:45:00+00:00,465.3984596,58.53341751,24.04472222,468.4897581,58.45984286,25.1,16.74,277.5395,253.4432614,18.29038889,16.32643939
2025-05-16 17:00:00+00:00,465.1965393,59.21587302,24.1,468.8306156,59.38626651,25.11,16.88711111,280.647,220.3455827,16.12983333,15.99416667
2025-05-16 17:15:00+00:00,464.6465344,58.84740537,24.15866667,468.4420513,59.02107742,25.2,17.06709524,283.7534259,188.1317673,13.92677249,15.70972751
2025-05-16 17:30:00+00:00,464.7076482,59.05578679,24.2,467.9954116,59.47482645,25.18305195,16.49163265,286.5669388,159.3351096,11.98892857,15.53553571
2025-05-16 17:45:00+00:00,463.7824134,59.20833333,24.2,467.4330088,58.89775355,25.08962963,17.05488889,289.5089259,124.2775672,9.943719577,15.28087619
2025-05-16 18:00:00+00:00,464.4836364,10.47619048,24.2,466.5662702,11.2957265,24.87555556,16.94285714,292.3923333,87.54201514,7.980824916,14.91111111
2025-05-16 18:15:00+00:00,464.8738817,0.0,24.32083333,465.4264078,0.0,24.78968254,17.0,295.3113379,57.08001511,6.066629601,14.56026208
2025-05-16 18:30:00+00:00,464.2938072,0.0,24.2,465.5625416,0.0,24.67210317,17.0,298.48,40.48357302,4.038690476,14.08171958
2025-05-16 18:45:00+00:00,463.9283208,0.0,24.2,465.1463683,0.0,24.57266667,17.0,301.4440658,22.82116433,2.241518674,13.7868011
2025-05-16 19:00:00+00:00,462.6918785,0.0,24.11101852,464.6179771,0.0,24.46888889,16.97857143,304.3351282,9.617809505,0.541299145,13.44760317
2025-05-16 19:15:00+00:00,462.089059,0.0,24.07142857,464.7834203,0.0,24.32835034,16.9,307.3063736,3.093787834,-1.089880952,13.08071429
2025-05-16 19:30:00+00:00,460.7470513,0.0,23.97580952,463.9417816,0.0,24.14666667,16.84666667,310.9053651,0.602909095,-2.942222222,12.76757672
2025-05-16 19:45:00+00:00,460.4940695,0.0,23.9,463.1892393,0.0,24.06533333,16.7125,313.8809806,0.085273596,-4.450294872,12.54882857
2025-05-16 20:00:00+00:00,459.4195971,0.0,23.83571429,462.0641923,0.0,23.96285714,16.55357143,316.8602701,0.0,-5.8477353,12.2358975
2025-05-16 20:15:00+00:00,459.994261,0.0,23.8,462.0858286,0.0,23.85031746,16.35888889,320.4532381,0.0,-7.434878307,11.85614286
2025-05-16 20:30:00+00:00,458.1267274,0.0,23.72666667,460.572792,0.0,23.8,16.2,323.8596667,0.0,-8.776190476,11.63133333
2025-05-16 20:45:00+00:00,458.7482403,0.0,23.67233333,459.1118519,0.0,23.73238095,16.2,327.2032354,0.0,-9.995212288,11.52944134
2025-05-16 21:00:00+00:00,457.5692571,0.0,23.6,459.0593544,0.0,23.67857143,16.2,330.6972109,0.0,-11.11938776,11.37295918
2025-05-16 21:15:00+00:00,456.7155882,0.0,23.56177778,458.6402517,0.0,23.6,16.05510204,334.1320106,0.0,-12.11111111,11.33661857
2025-05-16 21:30:00+00:00,456.9832323,0.0,23.5,458.7228054,0.0,23.59111111,15.83333333,337.6448148,0.0,-13.00677609,11.29378836
2025-05-16 21:45:00+00:00,455.88,0.0,23.49333333,457.316499,0.0,23.5,15.53733333,341.2083333,0.0,-13.755,11.35664815
2025-05-16 22:00:00+00:00,454.6902201,0.0,23.4,456.9176677,0.0,23.42738095,15.29230769,344.7379577,0.0,-14.39200855,11.24284864
2025-05-16 22:15:00+00:00,454.2452579,0.0,23.4,455.8341992,0.0,23.4,15.05440212,348.2606778,0.0,-14.9044744,11.26444444
2025-05-16 22:30:00+00:00,454.7601379,0.0,23.37692308,454.7554377,0.0,23.31785714,14.83076923,352.0377597,0.0,-15.281,11.1437037
2025-05-16 22:45:00+00:00,454.3465461,0.0,23.3,454.2609901,0.0,23.26020408,14.68571429,355.6770694,0.0,-15.52857143,11.00688776
2025-05-16 23:00:00+00:00,453.2983183,0.0,23.22142857,454.0759375,0.0,23.19833333,14.6,287.2333333,0.0,-15.6,11.00666667
2025-05-16 23:15:00+00:00,452.715397,0.0,23.2,453.8816241,0.0,23.10942761,14.43638889,2.770050061,0.0,-15.58229992,10.82451421
2025-05-16 23:30:00+00:00,451.4862963,0.0,23.2,452.6925926,0.0,23.1,14.28630952,6.776944444,0.0,-15.37666667,10.87674074
2025-05-16 23:45:00+00:00,451.1339604,0.0,23.16428571,451.9920025,0.0,23.00714286,14.10428571,10.38620269,0.0,-15.09004121,11.02380952
2025-05-17 00:00:00+00:00,451.1252171,0.0,23.1,450.8650794,0.0,23.0,14.02972222,13.82557816,0.0,-14.64309507,11.133421
2025-05-17 00:15:00+00:00,449.7222222,0.0,23.1,450.652451,0.0,22.95222222,13.825,17.52648148,0.0,-14.06169312,10.89518519
2025-05-17 00:30:00+00:00,449.3617695,0.0,23.1,449.5938312,0.0,22.9,13.7,21.11931973,0.0,-13.33570295,10.79580499
2025-05-17 00:45:00+00:00,448.1440171,0.0,23.03766667,449.2101772,0.0,22.9,13.60666667,24.55928999,0.0,-12.53019658,10.65638889
2025-05-17 01:00:00+00:00,448.0434343,0.0,23.01222222,448.3421365,0.0,22.82666667,13.49333333,27.94936508,0.0,-11.61670635,10.49075926
2025-05-17 01:15:00+00:00,446.439647,0.0,23.0,446.6474962,0.0,22.8,13.4,31.51980423,0.0,-10.49471429,10.388
2025-05-17 01:30:00+00:00,445.9724341,0.0,22.9389881,447.401513,0.0,22.8,13.37032967,34.95765306,0.0,-9.320176252,10.25338095
2025-05-17 01:45:00+00:00,445.2584011,0.0,22.9,446.3629595,0.0,22.75238095,13.24,38.20003175,0.0,-8.044190476,10.20133333
2025-05-17 02:00:00+00:00,444.9722483,0.0,22.9,445.3742648,0.0,22.7,13.2,41.4817713,0.0,-6.701776094,10.26351861
2025-05-17 02:15:00+00:00,444.4341655,0.0,22.9,444.5264859,0.0,22.7,13.10222222,44.76592961,0.00125,-5.197989418,10.45005963
2025-05-17 02:30:00+00:00,445.0241132,0.0,22.9,443.3775417,0.0,22.7,13.025,47.94159951,0.219249295,-3.662442002,10.63412698
2025-05-17 02:45:00+00:00,444.2267965,0.0,22.88666667,443.207142,0.0,22.67142857,13.0,50.91888889,0.87397986,-2.141148148,10.73291111
2025-05-17 03:00:00+00:00,444.3397624,0.0,22.8,443.1476555,0.0,22.6,13.0,54.14248677,2.398346887,-0.400768398,10.77373545
2025-05-17 03:15:00+00:00,443.0921672,0.0,22.8,442.5508704,0.0,22.6,13.0,57.01886286,3.981757263,1.212741187,10.8
2025-05-17 03:30:00+00:00,441.8337238,0.0,22.8,442.0773489,0.0,22.6,13.0,60.4517094,7.298598829,3.2753663,10.91888889
2025-05-17 03:45:00+00:00,442.0178836,0.0,22.8,440.5555556,0.0,22.6,13.0,63.32823713,13.18732484,5.065505051,10.98410185
2025-05-17 04:00:00+00:00,442.481859,0.0,22.8,440.1564213,0.0,22.6,13.0,66.42166667,17.36110734,7.09,10.902
2025-05-17 04:15:00+00:00,440.9547619,0.0,22.8,438.9902042,0.0,22.6,13.03076923,69.35306818,22.10339107,9.063854618,10.93165533
2025-05-17 04:30:00+00:00,439.9601014,0.0,22.71434921,438.299893,0.0,22.56972222,13.1,72.35358177,30.90240404,11.11936508,10.92133333
2025-05-17 04:45:00+00:00,439.7392028,0.0,22.7064127,437.8330338,0.0,22.56661111,13.18355556,75.26304077,32.8875073,13.11598195,11.05746032
2025-05-17 05:00:00+00:00,439.5105466,0.0,22.7,437.7063492,0.0,22.53134921,13.2,78.26960317,36.71816193,15.26051587,11.26388889
2025-05-17 05:15:00+00:00,438.6956492,0.0,22.7,437.6741212,0.0,22.51866667,13.2,81.23894444,41.13308009,17.34194444,11.375
2025-05-17 05:30:00+00:00,438.6826936,0.0,22.7,437.2302198,0.0,22.52571429,13.27481481,84.13985092,58.15441897,19.4227493,11.47738258
2025-05-17 05:45:00+00:00,438.1224827,0.0,22.7,436.8864168,0.0,22.52285979,13.3431746,87.17026263,65.40278951,21.55683333,11.58885269
2025-05-17 06:00:00+00:00,437.2246869,0.0,22.7,435.8010803,0.0,22.6,13.4,90.16379149,73.00092536,23.65366342,11.68452381
2025-05-17 06:15:00+00:00,437.2454621,0.0,22.7,434.4751476,0.0,22.6,13.4,93.37409812,92.80264445,25.84060317,11.8035671
2025-05-17 06:30:00+00:00,436.5333333,0.0,22.71428571,434.7750957,0.0,22.6,13.4,96.41547619,92.88169412,27.86440476,11.8
2025-05-17 06:45:00+00:00,435.8529518,0.0,22.8,434.1190794,0.0,22.6,13.43388889,99.74182927,147.7646302,30.11085606,11.86898519
2025-05-17 07:00:00+00:00,435.1233766,0.0,22.8,432.5826662,0.0,22.6,13.5,103.3068254,508.7566063,32.35230159,12.47082653
2025-05-17 07:15:00+00:00,434.5498677,0.0,22.8362963,432.1646061,0.0,22.69444444,13.56666667,106.5862005,592.9054158,34.3207397,13.35644988
2025-05-17 07:30:00+00:00,434.6053872,0.0,22.9,432.3753086,0.0,22.7,13.66666667,110.3821929,397.8751546,36.47074331,13.66788978
2025-05-17 07:45:00+00:00,433.3678571,0.0,22.9,431.7051361,0.0,22.78571429,13.7,114.0834447,332.9164208,38.5052381,13.7948355
2025-05-17 08:00:00+00:00,433.1022222,0.0,23.0,431.6994177,0.0,22.8,13.7,117.872,452.5342302,40.40333333,14.16213333
2025-05-17 08:15:00+00:00,432.4204255,0.0,23.0,430.8533997,0.0,22.81142857,13.71866667,121.903159,611.3022574,42.28056397,14.79723737
2025-05-17 08:30:00+00:00,430.7915125,0.0,23.05571429,431.3961954,0.0,22.9,13.8,126.0145641,401.0589629,44.07376068,15.14377778
2025-05-17 08:45:00+00:00,430.9422336,0.0,23.1,431.0216056,0.0,22.9,13.8,130.4285147,442.7112041,45.79546485,14.43015873
2025-05-17 09:00:00+00:00,430.4634343,0.0,23.10761905,430.3585017,0.0,22.98666667,13.88666667,134.2405123,492.8706914,47.09711111,14.67624126
2025-05-17 09:15:00+00:00,430.4528685,0.0,23.2,429.0442729,0.0,23.0,14.04,139.6268407,615.1466785,48.76882784,15.38308095
2025-05-17 09:30:00+00:00,429.4325779,0.0,23.2,429.2769424,0.0,23.03208791,14.1,145.0242914,680.151759,50.21044785,15.52156044
2025-05-17 09:45:00+00:00,429.1160606,0.0,23.2,429.5644975,0.0,23.0,14.28291919,149.973789,796.0768494,51.34569687,15.55978701
2025-05-17 10:00:00+00:00,429.7455026,0.0,23.28666667,429.8759259,0.0,23.08666667,14.42666667,155.7852381,775.5609703,52.41772727,15.66360979
2025-05-17 10:15:00+00:00,429.8349066,0.0,23.3,429.712769,0.0,23.1,14.62,160.9173333,653.3590237,53.13733333,15.72485137
2025-05-17 10:30:00+00:00,430.3707633,0.0,23.3,427.9805195,0.0,23.1,14.74666667,167.0701232,531.0659311,53.80170918,15.85079082
2025-05-17 10:45:00+00:00,429.3465802,0.0,23.34622449,428.6854685,0.0,23.14333333,14.90952381,172.9522682,332.8438323,54.20685185,15.14508664
2025-05-17 11:00:00+00:00,427.7506324,0.0,23.4,428.0961217,0.0,23.2,15.08666667,178.9944493,263.4702637,54.38666667,15.15800144
2025-05-17 11:15:00+00:00,428.7530888,0.0,23.4,426.7253293,0.0,23.2,15.23571429,184.8278989,218.3494343,54.32958153,14.96456736
2025-05-17 11:30:00+00:00,427.5920946,0.0,23.4,426.8301822,0.0,23.2,15.34311111,190.8938326,153.5097569,54.04088889,14.75506397
2025-05-17 11:45:00+00:00,427.8930131,0.0,23.4,426.5140523,0.0,23.2,15.49866667,196.4627222,98.07442186,53.56003256,14.64520147
2025-05-17 12:00:00+00:00,427.5292995,0.0,23.4,426.7086962,0.0,23.2,15.52803419,202.3513551,92.95371445,52.84017949,14.48425001
2025-05-17 12:15:00+00:00,426.0773235,0.0,23.4,426.4993459,0.0,23.2,15.63571429,207.8857872,81.31904325,51.92520194,14.45490505
2025-05-17 12:30:00+00:00,426.3893876,0.0,23.4,425.8336689,0.0,23.2,15.72266667,212.8504473,58.48048208,50.8902672,14.13585952
2025-05-17 12:45:00+00:00,425.0551073,0.0,23.384,425.0084615,0.0,23.18835979,15.8,218.4191667,61.47854251,49.54083333,12.20666667
2025-05-17 13:00:00+00:00,425.9135714,0.0,23.3,424.5942873,0.0,23.11740741,15.8,223.3099259,79.23744893,48.12560847,11.72371217
2025-05-17 13:15:00+00:00,424.9311791,0.0,23.3,424.1392208,0.0,23.1,15.8,227.5244811,74.58617075,46.74492063,11.05949051
2025-05-17 13:30:00+00:00,423.9036275,0.0,23.3,424.4516845,0.0,23.1,15.82142857,232.4262143,121.115388,44.92238095,10.66144444
2025-05-17 13:45:00+00:00,424.6125189,0.0,23.3,424.2633414,0.0,23.12455556,15.9,236.4408687,168.5276862,43.28778355,10.69070871
2025-05-17 14:00:00+00:00,424.7706349,0.0,23.3,424.6530449,0.0,23.1,15.9,240.7507143,207.3225927,41.35470238,10.90911797
2025-05-17 14:15:00+00:00,423.874473,0.0,23.31428571,423.6010103,0.0,23.15333333,15.9,244.5191154,264.9101269,39.51866089,11.15439153
2025-05-17 14:30:00+00:00,423.1681695,0.0,23.4,423.4075,0.0,23.2,15.8975,248.4644815,169.1966001,37.44012963,11.51298701
2025-05-17 14:45:00+00:00,422.7269717,0.0,23.4,423.0277778,0.0,23.2,15.80416667,251.9030657,231.6188535,35.5425404,12.13546296
2025-05-17 15:00:00+00:00,423.3137867,0.0,23.4,422.1138371,0.0,23.3,15.73809524,255.6013935,197.8063753,33.30729746,13.07201269
2025-05-17 15:15:00+00:00,423.5605952,0.0,23.4,422.862963,0.0,23.29333333,15.55916667,258.9787857,99.6697774,31.24701587,12.95195873
2025-05-17 15:30:00+00:00,423.2201949,0.0,23.4,422.1203194,0.0,23.2,15.347,262.2263519,50.05581111,29.18366667,12.74736667
2025-05-17 15:45:00+00:00,421.9949154,0.0,23.4,422.175955,0.0,23.2,15.24183673,265.4960544,64.60773834,26.98680272,12.55508967
2025-05-17 16:00:00+00:00,421.4034064,0.0,23.4,422.2179542,0.0,23.20044444,15.04833333,268.3949812,147.8669463,25.03049049,12.4451817
2025-05-17 16:15:00+00:00,421.6508339,0.0,23.4,420.9514226,0.0,23.29416667,14.87333333,271.6689211,141.2246276,22.75322194,12.80463659
2025-05-17 16:30:00+00:00,421.84573,0.0,23.4,421.3091893,0.0,23.265,14.8,274.8308571,70.33727599,20.52111905,12.97951587
2025-05-17 16:45:00+00:00,421.43125,0.0,23.4,421.3400226,0.0,23.39564626,14.8,277.6442857,128.4640105,18.52668367,13.09241071
2025-05-17 17:00:00+00:00,421.1916524,0.0,23.42111111,420.6086272,0.0,23.42281481,14.72666667,280.7531085,152.9130641,16.33322222,13.28743013
2025-05-17 17:15:00+00:00,420.8988604,0.0,23.47333333,420.6153187,0.0,23.6,14.7,283.8117302,124.1478886,14.14374747,13.61765079
2025-05-17 17:30:00+00:00,419.0075692,0.0,23.5,420.552451,0.0,23.6,14.7,286.6306277,51.64856506,12.20593692,13.4505089
2025-05-17 17:45:00+00:00,419.8104592,0.0,23.5,421.2190476,0.0,23.5609127,14.67857143,289.4480808,72.50444713,10.25775613,13.06486549
2025-05-17 18:00:00+00:00,419.5650061,0.0,23.54666667,420.3390203,0.0,23.66539394,14.6,292.5824986,104.0967699,8.119169312,13.17244709
2025-05-17 18:15:00+00:00,419.9213496,0.0,23.6,420.9712875,0.0,23.79238095,14.6,295.6850397,76.18074403,6.104452381,13.18666667
2025-05-17 18:30:00+00:00,419.7466987,0.0,23.6,420.7075296,0.0,23.74285714,14.6,298.6307738,25.49951544,4.226938776,12.87138605
2025-05-17 18:45:00+00:00,419.0500702,0.0,23.58095238,420.1163035,0.0,23.61568519,14.6,301.43867,11.72518527,2.522080808,12.54287941
2025-05-17 19:00:00+00:00,418.9965036,0.0,23.5,420.3313663,0.0,23.53333333,14.6,304.7725924,5.144594035,0.55738961,12.21733301
2025-05-17 19:15:00+00:00,419.1936655,0.0,23.5,420.1038954,0.0,23.47333333,14.68,307.7804249,2.221871681,-1.012564103,11.73457143
2025-05-17 19:30:00+00:00,418.259475,0.0,23.47857143,418.5735931,0.0,23.4,14.70641026,310.770102,0.70927779,-2.625412802,11.3413767
2025-05-17 19:45:00+00:00,417.930499,0.0,23.4,418.871749,0.0,23.33926503,14.79904762,314.0066693,0.060714671,-4.256663559,10.96911648
2025-05-17 20:00:00+00:00,418.2156863,0.0,23.4,418.6741066,0.0,23.3,14.8,317.4079365,0.0,-5.849264069,10.68884921
2025-05-17 20:15:00+00:00,417.7112821,0.0,23.4,418.484,0.0,23.20666667,14.8,320.7623016,0.0,-7.308730159,10.30079762
2025-05-17 20:30:00+00:00,418.0097516,0.0,23.39166667,418.0320856,0.0,23.19035714,14.8,323.8157967,0.0,-8.506776557,10.19313187
2025-05-17 20:45:00+00:00,417.7339777,0.0,23.30222222,417.8063187,0.0,23.10166667,14.78611111,327.1973341,0.0,-9.746642857,10.1018399
2025-05-17 21:00:00+00:00,417.4371636,0.0,23.3,416.6630526,0.0,23.1,14.6547619,330.4787374,0.0,-10.83021645,10.0139
2025-05-17 21:15:00+00:00,417.4469706,0.0,23.28122449,416.4749504,0.0,23.03571429,14.53571429,333.8336611,0.0,-11.7756174,9.602046614
2025-05-17 21:30:00+00:00,415.9051211,0.0,23.2,416.0261,0.0,23.0,14.38666667,337.5353114,0.0,-12.73905576,9.607714286
2025-05-17 21:45:00+00:00,416.4992929,0.0,23.2,416.5824302,0.0,22.95738095,14.17582418,341.2103704,0.0,-13.52296296,9.287740741
2025-05-17 22:00:00+00:00,416.6163432,0.0,23.13259259,416.3196429,0.0,22.9,14.01671958,344.9016082,0.0,-14.18787879,9.036880952
2025-05-17 22:15:00+00:00,416.3851581,0.0,23.1,416.4314286,0.0,22.87142857,13.86904762,348.4225085,0.0,-14.69418677,9.082571429
2025-05-17 22:30:00+00:00,415.6884538,0.0,23.1,415.016525,0.0,22.8,13.7,351.6431111,0.0,-15.04088889,9.121777778
2025-05-17 22:45:00+00:00,415.8366953,0.0,23.01333333,414.9194771,0.0,22.8,13.5,355.7336684,0.0,-15.29212963,8.879132155
2025-05-17 23:00:00+00:00,415.2629125,0.0,23.0,414.8874074,0.0,22.8,13.33571429,253.1801003,0.0,-15.4,8.613968254
2025-05-17 23:15:00+00:00,415.2181999,0.0,23.0,414.7853175,0.0,22.72857143,13.2,3.077562616,0.0,-15.35994898,8.609836037
2025-05-17 23:30:00+00:00,414.7021704,0.0,22.96666667,414.6245149,0.0,22.7,13.06837037,6.38738197,0.0,-15.17948718,8.409232133
2025-05-17 23:45:00+00:00,414.1252817,0.0,22.9,414.108,0.0,22.7,12.94035714,10.21776239,0.0,-14.88347932,8.071204314
2025-05-18 00:00:00+00:00,412.7295521,0.0,22.9,413.2896825,0.0,22.61227273,12.71428571,13.80968254,0.0,-14.43709648,7.981990311
2025-05-18 00:15:00+00:00,412.7904584,0.0,22.9,412.2642712,0.0,22.6,12.61904762,17.25265468,0.0,-13.90428904,7.96005
2025-05-18 00:30:00+00:00,412.5879099,0.0,22.88074074,412.2403129,0.0,22.6,12.49444444,20.66666234,0.0,-13.21762012,8.049760823
2025-05-18 00:45:00+00:00,412.8700337,0.0,22.80666667,412.071176,0.0,22.54966667,12.36,24.54760606,0.0,-12.33061448,7.900664038
2025-05-18 01:00:00+00:00,412.2661565,0.0,22.8,411.8110975,0.0,22.5,12.26428571,27.89865079,0.0,-11.39063776,7.95252551
2025-05-18 01:15:00+00:00,412.0792409,0.0,22.8,411.7360399,0.0,22.5,12.14666667,31.33314815,0.0,-10.34031746,7.956296296
2025-05-18 01:30:00+00:00,411.6558333,0.0,22.8,411.3691039,0.0,22.48666667,12.0,34.65549784,0.0,-9.186695527,7.85687963
2025-05-18 01:45:00+00:00,410.3492063,0.0,22.7297619,410.4754658,0.0,22.42959184,11.97571429,38.23564626,0.0,-7.801020408,7.686091837
2025-05-18 02:00:00+00:00,411.7237232,0.0,22.7,409.3872614,0.0,22.4,11.88444444,41.26783333,0.0,-6.533809524,7.659851852
2025-05-18 02:15:00+00:00,410.7201958,0.0,22.7,409.8643308,0.0,22.4,11.8,44.57321693,0.029890909,-5.054126984,7.616004448
2025-05-18 02:30:00+00:00,410.2439445,0.0,22.7,409.9700535,0.0,22.4,11.8,47.90975108,0.383705628,-3.448095238,7.618941177
2025-05-18 02:45:00+00:00,409.7617481,0.0,22.7,410.3571535,0.0,22.4,11.71428571,50.91398449,1.488179906,-1.868050917,7.649169719
2025-05-18 03:00:00+00:00,409.7439601,0.0,22.65333333,408.8884771,0.0,22.32666667,11.62666667,53.98344626,4.145316686,-0.233174603,7.672092796
2025-05-18 03:15:00+00:00,408.7208459,0.0,22.6,409.0341053,0.0,22.371,11.6,57.24934103,7.969665015,1.589393939,7.649178063
2025-05-18 03:30:00+00:00,409.1914397,0.0,22.6,408.151921,0.0,22.3,11.57984127,60.04033333,9.468686483,3.254761905,7.527625708
2025-05-18 03:45:00+00:00,408.8860693,0.0,22.6,408.1558385,0.0,22.3,11.5034188,63.18630756,15.91488453,5.240544178,7.576187967
2025-05-18 04:00:00+00:00,409.0290624,0.0,22.6,406.9997841,0.0,22.3,11.44714286,66.23232143,48.25654585,7.229296296,7.700257236
2025-05-18 04:15:00+00:00,407.4064358,0.0,22.6,407.1212929,0.0,22.30266667,11.34230769,69.23103535,128.2195737,9.269084416,8.323915344
2025-05-18 04:30:00+00:00,407.7260422,0.0,22.6,407.1615344,0.0,22.32959184,11.3,71.99848485,146.4671556,11.15157699,8.687329932
2025-05-18 04:45:00+00:00,406.9066365,0.0,22.65410256,407.0067284,0.0,22.4,11.3,75.01349001,169.599787,13.24697355,9.002977578
2025-05-18 05:00:00+00:00,406.4349747,0.0,22.7,405.3583131,0.0,22.4,11.3,78.20731361,197.4342447,15.45906686,9.463636364
2025-05-18 05:15:00+00:00,406.4720391,0.0,22.7,405.0435185,0.0,22.4,11.3,81.07167832,200.117989,17.51235366,9.839285714
2025-05-18 05:30:00+00:00,405.9470238,0.0,22.7,405.1818467,0.0,22.43928571,11.3,84.10654762,108.8343805,19.66189626,9.803253968
2025-05-18 05:45:00+00:00,405.4477367,0.0,22.73333333,405.4874478,0.0,22.5,11.3,87.06722157,185.0413017,21.78743007,9.991232984
2025-05-18 06:00:00+00:00,405.6587088,0.0,22.8,404.835045,0.0,22.5,11.30666667,90.23488889,298.8347451,23.95077778,10.52538889
2025-05-18 06:15:00+00:00,405.2207407,0.0,22.8,404.7415825,0.0,22.5,11.42898148,93.48019456,262.1591386,26.22493579,10.95813095
2025-05-18 06:30:00+00:00,404.7033635,0.0,22.8,404.5759263,0.0,22.5,11.50367965,95.94099408,212.7827191,27.86540963,11.34713122
2025-05-18 06:45:00+00:00,404.6723394,0.0,22.83081092,404.8885623,0.0,22.53201321,11.57874823,97.96000164,246.3200464,29.21063826,11.49231434
2025-05-18 07:00:00+00:00,404.44573,0.0,22.9,404.3629032,0.0,22.6,11.79591837,102.815873,483.9998592,32.30952381,12.04444444
2025-05-18 07:15:00+00:00,405.0265052,0.0,22.9,404.4248718,0.0,22.6,11.8,106.191452,525.1907718,34.35342996,12.06583333
2025-05-18 07:30:00+00:00,404.5667759,0.0,22.92666667,404.6423197,0.0,22.6,11.90083333,110.2136111,505.7308737,36.67394444,12.30953704
2025-05-18 07:45:00+00:00,403.9478858,0.0,22.97333333,404.5592477,0.0,22.7,12.06,113.5588889,490.1777966,38.48141414,12.88696581
2025-05-18 08:00:00+00:00,404.5680614,0.0,23.0,405.4394518,0.0,22.7,12.24387755,117.7046273,396.8871364,40.57201814,13.01661314
2025-05-18 08:15:00+00:00,404.7677179,0.0,23.0,405.5505757,0.0,22.7,12.34,121.598,436.4573402,42.421,13.00846561
2025-05-18 08:30:00+00:00,404.6467754,0.0,23.07047619,405.9497076,0.0,22.77107143,12.4875,125.8300097,549.5001468,44.22519493,13.10026984
2025-05-18 08:45:00+00:00,403.7761905,0.0,23.1,405.1837315,0.0,22.8,12.65076923,130.5508466,603.8422618,46.04825397,13.11132143
2025-05-18 09:00:00+00:00,404.6920635,0.0,23.1,404.4802839,0.0,22.85,12.93571429,134.8729592,711.5637454,47.55712285,13.39063832
2025-05-18 09:15:00+00:00,404.2388167,0.0,23.195,405.1333333,0.0,22.9,12.9,139.2031667,600.1090172,48.89066667,13.77191036
2025-05-18 09:30:00+00:00,404.8344756,0.0,23.2,404.6510736,0.0,22.9,12.98396825,144.6316205,655.7579867,50.3419798,13.43006926
2025-05-18 09:45:00+00:00,405.0353818,0.0,23.2,405.2361804,0.0,22.9,13.14632653,150.055462,640.0850855,51.57747449,13.94536565
2025-05-18 10:00:00+00:00,405.7247611,0.0,23.29733333,405.1194985,0.0,22.94666667,13.27066667,155.0118519,353.0185657,52.51015873,14.13988228
2025-05-18 10:15:00+00:00,406.1028704,0.0,23.3,406.2108947,0.0,23.0,13.42,161.1938608,162.1739317,53.38442424,13.66778283
2025-05-18 10:30:00+00:00,404.8824956,0.0,23.3,407.6258741,0.0,23.0,13.54666667,166.7754996,119.730048,54.00532051,13.38201659
2025-05-18 10:45:00+00:00,405.8998377,0.0,23.3,406.9909091,0.0,23.0,13.67857143,172.564195,154.6308348,54.38571429,13.13390023
2025-05-18 11:00:00+00:00,405.7851852,0.0,23.3,407.019684,0.0,23.0,13.77333333,178.6582914,215.9020132,54.58459259,13.27150794
2025-05-18 11:15:00+00:00,405.3407407,0.0,23.3,407.0,0.0,23.0,13.86404762,185.0203492,210.1901094,54.5237037,13.47542222
2025-05-18 11:30:00+00:00,405.8214314,0.0,23.3,406.5403727,0.0,23.07857143,13.9,190.9116087,152.4819524,54.25341837,13.5755907
2025-05-18 11:45:00+00:00,406.4534094,0.0,23.3,405.6500241,0.0,23.09198413,14.00087302,195.8899259,183.9490777,53.832,13.70957576
2025-05-18 12:00:00+00:00,407.1796429,0.0,23.36,407.9275918,0.0,23.1,14.1,202.3339084,250.4324786,53.03378788,13.31067929
2025-05-18 12:15:00+00:00,407.4057081,0.0,23.4,407.6735894,0.0,23.1,14.20366667,207.9088973,336.7497802,52.14138889,13.60661111
2025-05-18 12:30:00+00:00,407.5523414,0.0,23.4,408.0150841,0.0,23.1,14.36153846,213.3770751,241.1037518,51.02148732,13.77710743
2025-05-18 12:45:00+00:00,406.0,0.0,23.4,408.0027778,0.0,23.1,14.45333333,218.5645079,180.5754848,49.7228254,13.54847619
2025-05-18 13:00:00+00:00,407.8032315,0.0,23.4,408.696366,0.0,23.1,14.58571429,223.4119312,170.8354064,48.34350529,13.41693333
2025-05-18 13:15:00+00:00,408.0936368,0.0,23.4,409.024585,0.0,23.11555556,14.6,228.1715741,214.433716,46.77291005,13.42514286
2025-05-18 13:30:00+00:00,407.9843847,0.0,23.4,409.3496968,0.0,23.2,14.65940476,232.3841577,205.3806651,45.1840954,13.5291203
2025-05-18 13:45:00+00:00,408.9899206,0.0,23.46266667,409.8507849,0.0,23.2,14.74,236.8773968,164.8364943,43.35034392,13.55318889
2025-05-18 14:00:00+00:00,408.1003568,0.0,23.45322751,409.7282955,0.0,23.2,14.8,240.8357363,125.782948,41.57365568,13.47989744
2025-05-18 14:15:00+00:00,408.1869795,0.0,23.40833333,409.2253401,0.0,23.2,14.8,244.7412018,140.3377857,39.67374433,13.37706633
2025-05-18 14:30:00+00:00,408.2848754,0.0,23.44666667,409.226874,0.0,23.2,14.8,248.4919663,145.5478666,37.68914286,13.65799184
2025-05-18 14:45:00+00:00,408.6248148,0.0,23.5,410.6429974,0.0,23.2,14.8,252.0498519,190.8307879,35.75375661,14.33319658
2025-05-18 15:00:00+00:00,409.1547578,0.0,23.5,410.4769221,0.0,23.22622222,14.8,255.6621013,327.0271545,33.53844047,14.86692877
2025-05-18 15:15:00+00:00,410.4391887,0.0,23.5,409.9117609,0.0,23.3,14.8,258.8238467,215.8638092,31.5890472,15.12077534
2025-05-18 15:30:00+00:00,410.3430835,0.0,23.57273243,410.6177156,0.0,23.3,14.80704365,261.926812,172.236672,29.59161661,14.97968468
2025-05-18 15:45:00+00:00,409.8763963,0.0,23.6,410.7460562,0.0,23.33333333,14.93595238,265.3708812,206.2162526,27.33548633,15.09916545
2025-05-18 16:00:00+00:00,410.4101984,0.0,23.6,411.2070175,0.0,23.42148148,15.08666667,268.4126942,267.4080498,25.26944996,15.34233817
2025-05-18 16:15:00+00:00,410.8803706,0.0,23.65714286,411.4731072,0.0,23.5547619,15.26785714,271.7509354,181.2495406,22.96407029,15.36761905
2025-05-18 16:30:00+00:00,409.6145455,0.0,23.7,411.0666667,0.0,23.6,15.37666667,274.9038942,127.4241154,20.75230952,15.25555556
2025-05-18 16:45:00+00:00,411.0155225,0.0,23.7,412.0278244,0.0,23.52349206,15.52444444,277.8562795,69.91978235,18.64368543,14.8562316
2025-05-18 17:00:00+00:00,410.8090676,0.0,23.65714286,412.2835165,0.0,23.5,15.65714286,280.8828831,57.19002619,16.50186224,14.80011256
2025-05-18 17:15:00+00:00,411.4503216,0.0,23.6,411.666249,0.0,23.41878788,15.78285714,283.80567,40.82041283,14.42193939,14.7
2025-05-18 17:30:00+00:00,412.1372925,0.0,23.6,411.3087207,0.0,23.4,15.8,286.4850289,27.64063342,12.57876984,14.7050696
2025-05-18 17:45:00+00:00,412.8874563,0.0,23.52142857,412.7011905,0.0,23.32142857,15.82142857,289.9810941,25.88369536,10.16299603,14.72446429
2025-05-18 18:00:00+00:00,413.5265258,0.0,23.5,412.4210811,0.0,23.3,15.9,292.627491,16.83092176,8.351179396,14.57785153
2025-05-18 18:15:00+00:00,412.5775421,0.0,23.47866667,412.2786256,0.0,23.25833333,15.9,295.6822222,7.680027836,6.36030303,14.06960317
2025-05-18 18:30:00+00:00,413.3866611,0.0,23.4,412.5375817,0.0,23.2,15.96984127,298.7687826,4.869201584,4.401494709,13.7623545
2025-05-18 18:45:00+00:00,414.0739968,0.0,23.4,412.7629041,0.0,23.2,16.0,301.6722104,2.972806324,2.60756734,13.41920707
2025-05-18 19:00:00+00:00,413.3255102,0.0,23.4,412.1586795,0.0,23.18225624,16.0,304.8204582,1.334219464,0.769352711,13.15714286
2025-05-18 19:15:00+00:00,272.0633348,0.0,23.35,271.1880342,0.0,23.1,9.846153846,198.5752914,0.354568714,-0.337889803,8.410888334
2025-05-18 19:30:00+00:00,413.4322974,0.0,23.32555556,412.9218487,0.0,23.1,15.64444444,311.1806609,0.1155523,-2.61989899,12.87053187
2025-05-18 19:45:00+00:00,413.4739503,0.0,23.3,413.0189336,0.0,23.1,16.0,314.142517,0.0,-4.100510204,12.71742543
2025-05-18 20:00:00+00:00,413.8753854,0.0,23.3,412.592628,0.0,23.0465404,15.95851852,317.3512381,0.0,-5.584510342,12.69088333
2025-05-18 20:15:00+00:00,413.249463,0.0,23.3,413.0,0.0,23.0,15.88181818,320.6228571,0.0,-6.986926407,12.64437186
2025-05-18 20:30:00+00:00,413.1424952,0.0,23.28846561,413.1720019,0.0,23.0,15.8,323.9469872,0.0,-8.331440781,13.26039601
2025-05-18 20:45:00+00:00,412.9734321,0.0,23.2,412.0312345,0.0,22.94166667,15.75714286,327.0636224,0.0,-9.441071429,13.14928571
2025-05-18 21:00:00+00:00,413.8788984,90.58170781,23.15333333,412.1694904,83.96371256,22.9,14.94751323,330.8006996,0.0,-10.66433333,12.6313568
2025-05-18 21:15:00+00:00,431.7372727,167.8411111,22.91333333,430.3375253,165.7707919,22.86,13.73866667,334.18112,0.0,-11.65600622,12.31715954
2025-05-18 21:30:00+00:00,450.6768075,165.5657468,22.744,448.1817255,158.6648544,22.79333333,13.96111111,337.8713901,0.0,-12.60725349,12.43280736
2025-05-18 21:45:00+00:00,458.9652958,169.0962302,22.6,457.9846598,160.7439767,22.675,13.94404762,341.319898,0.0,-13.35144558,12.19279221
2025-05-18 22:00:00+00:00,465.4318659,169.6206554,22.50533333,463.3935446,162.822925,22.6,13.80444444,344.7636614,0.0,-13.96236312,12.03356581
2025-05-18 22:15:00+00:00,469.7485616,167.6895238,22.41416667,468.1185435,158.866951,22.585,13.70357143,348.452443,0.0,-14.46428571,11.80016667
2025-05-18 22:30:00+00:00,472.4006953,173.0413294,22.38571429,470.1790659,162.688141,22.5,13.6,351.9453908,0.0,-14.8361955,11.74600583
2025-05-18 22:45:00+00:00,474.3627829,169.6098545,22.3,472.422342,164.916749,22.42269878,13.52773893,355.5391429,0.0,-15.06095238,11.548
2025-05-18 23:00:00+00:00,477.6930719,168.7154618,22.28933333,474.0073684,171.0852251,22.36685714,13.34333333,358.4685022,0.0,-15.18933333,11.40106667
2025-05-18 23:15:00+00:00,478.6965132,169.4348459,22.2,476.9782599,162.9769425,22.29471062,13.2,2.932506315,0.0,-15.13333333,11.27403846
2025-05-18 23:30:00+00:00,479.6181514,172.5873088,22.14890873,478.8329301,164.2586007,22.23359498,13.11180556,4.959153662,0.0,-15.03853646,11.17686024
2025-05-18 23:45:00+00:00,483.0142625,175.238649,22.08,482.2825306,163.7074359,22.17794872,12.93333333,9.197706024,0.0,-14.71333333,10.97714286
2025-05-19 00:00:00+00:00,488.4242713,144.9973862,22.07,487.1154706,174.4027969,22.09833333,12.90333333,12.96161905,0.0,-14.28555556,11.06666667
2025-05-19 00:15:00+00:00,491.3982527,112.7507216,22.16845238,490.0,139.3534688,22.01518707,13.0,17.43951505,0.0,-13.65176252,11.16167347
2025-05-19 00:30:00+00:00,490.8269737,148.6898633,22.09949206,490.4842105,143.0581746,22.0181746,13.05333333,20.84753277,0.0,-12.95576708,11.17459299
2025-05-19 00:45:00+00:00,490.019471,152.1370626,22.12296296,489.3617013,61.71628155,22.0,13.1,24.40679798,0.0,-12.13699338,11.2
2025-05-19 01:00:00+00:00,489.9528105,171.447028,22.06,489.3933688,63.62916588,22.0,13.19333333,28.00107143,0.0,-11.12892857,11.34283333
2025-05-19 01:15:00+00:00,489.093985,144.4746032,22.04047619,487.9127289,60.50953209,22.0,13.27987013,31.19652778,0.0,-10.12721088,11.45378685
2025-05-19 01:30:00+00:00,488.1333201,161.6832492,22.032,486.1296386,63.34628748,22.0,13.42566667,34.57589947,0.0,-8.981777778,11.72252381
2025-05-19 01:45:00+00:00,485.5996085,102.0104575,22.03783369,484.1641667,63.1505333,22.0,13.59729592,37.92131422,0.0,-7.710715877,11.80044444
2025-05-19 02:00:00+00:00,484.4809795,154.7904969,22.04714286,483.7619743,62.95282942,21.91428571,13.58857143,41.41005102,0.0,-6.255,11.69669643
2025-05-19 02:15:00+00:00,483.7158586,141.3294444,22.02666667,482.2225106,62.1202085,21.92666667,13.42571429,44.57136508,0.004,-4.80431746,11.57402381
2025-05-19 02:30:00+00:00,484.1052072,170.4177778,22.03714286,484.9701047,62.42638796,21.94,13.24285714,47.6537619,0.188711733,-3.297505291,11.40877143
2025-05-19 02:45:00+00:00,490.3802665,142.0971038,22.05022222,498.0731358,61.05602611,21.97807407,13.2,50.35079365,0.772722222,-1.900411255,11.39914286
2025-05-19 03:00:00+00:00,499.1893126,28.52346067,22.08571429,501.2416741,32.45765185,21.94880952,13.11714286,53.665,2.903767753,-0.122959184,11.26791126
2025-05-19 03:15:00+00:00,497.4938518,62.4772619,22.2,496.5903573,63.77570986,21.9,17.69148148,57.0487963,5.915092284,1.736878307,11.14633889
2025-05-19 03:30:00+00:00,496.0004437,62.33271625,22.2,494.8534863,62.97019841,21.9,17.23066667,59.54333333,7.392,3.235,10.98391667
2025-05-19 03:45:00+00:00,493.3338287,61.95398352,22.2,492.5870198,62.86516155,21.9,17.38333333,63.13800366,10.4971654,5.480128205,10.895
2025-05-19 04:00:00+00:00,492.1202857,62.12736832,22.2,490.8667554,62.83520276,21.9,17.50428571,64.73214286,10.6616698,6.512418831,10.84594156
2025-05-19 04:15:00+00:00,490.4324658,61.72095395,22.2,490.3961231,63.41659823,21.9,17.50666667,68.54539532,9.687142998,9.039643526,10.69333333
2025-05-19 04:30:00+00:00,489.6913201,62.09597884,22.2,487.9351753,62.54882155,21.88990476,17.44693878,71.71558442,12.20848485,11.21238095,10.6
2025-05-19 04:45:00+00:00,491.3598157,61.75432737,22.23727273,492.6681525,63.5500784,21.94571429,17.5,74.68660714,15.95384127,13.27232143,10.56964286
2025-05-19 05:00:00+00:00,502.1878236,61.97462963,22.23878788,503.5292908,63.38069856,22.11444444,17.5,77.88160053,24.6807714,15.5190873,10.3693373
2025-05-19 05:15:00+00:00,519.4189181,62.26152958,22.37416667,525.9688298,61.70909839,22.18452381,17.43277778,80.95158634,42.75921546,17.69393651,10.3
2025-05-19 05:30:00+00:00,514.6139553,60.81472222,22.4,555.7753968,63.70238095,22.27259259,17.43333333,84.0692328,66.29499649,19.92016498,10.44027778
2025-05-19 05:45:00+00:00,527.7523929,60.65674277,22.45725624,563.4214984,63.37541616,22.44802721,17.5,86.85057591,73.70558923,21.86870081,10.63888462
2025-05-19 06:00:00+00:00,560.7690645,62.14396296,22.58285714,598.6568477,63.43999945,22.55378852,17.58666667,89.80587914,90.39981391,23.95612573,10.82541294
2025-05-19 06:15:00+00:00,580.4116203,61.35158823,22.64666667,614.7492444,62.61282221,22.58642424,17.36888889,92.88315851,125.1177102,26.07287879,11.08788767
2025-05-19 06:30:00+00:00,620.6367664,62.81119048,22.81511111,641.2081773,62.43737613,22.66166667,17.37464286,96.06892857,191.6241886,28.21357143,11.51293333
2025-05-19 06:45:00+00:00,659.3602154,61.25312307,22.94404762,692.0175824,62.89619939,22.75765306,17.20952381,99.67404453,198.4959767,30.59826531,11.79657143
2025-05-19 07:00:00+00:00,672.2493843,61.23220843,23.06055556,729.4723428,63.23627893,23.00787879,17.06866667,102.9039311,268.7494816,32.60420163,12.06557472
2025-05-19 07:15:00+00:00,696.5314297,62.73997239,23.10190476,731.3327363,63.44494185,23.08666667,17.136,106.4739339,305.7002013,34.78551587,12.42583007
2025-05-19 07:30:00+00:00,711.0844156,61.12193362,23.23642857,730.2709267,62.63330717,23.05714286,16.95714286,109.9575126,447.3596276,36.79258503,12.88561735
2025-05-19 07:45:00+00:00,718.6864806,61.09692216,23.29112963,730.8332397,63.16704289,23.11333333,16.96533333,113.2692044,489.3126615,38.58697145,13.30714834
2025-05-19 08:00:00+00:00,702.0241095,61.63961501,23.4,751.7326488,61.97448006,23.17440476,17.03126984,117.5473545,561.8825858,40.76145503,13.97804714
2025-05-19 08:15:00+00:00,707.0668644,62.06910562,23.40235979,744.6729261,62.77958364,23.36624797,17.1,120.8197877,586.108543,42.30088092,14.37936586
2025-05-19 08:30:00+00:00,715.601168,61.93324979,23.46142857,768.5354115,63.75145878,23.5510101,16.83571429,125.7891319,621.3379068,44.45904143,14.7153082
2025-05-19 08:45:00+00:00,713.9828243,62.61019943,23.62166667,749.8742659,63.15059524,23.6,17.0,129.7162771,637.4642772,45.996,15.43398936
2025-05-19 09:00:00+00:00,708.2284188,62.54901961,23.77612698,734.313863,63.69235255,23.56873016,17.22666667,134.2988889,654.5070307,47.6,15.738
2025-05-19 09:15:00+00:00,698.999088,62.65309526,23.70111111,712.1134579,62.26494963,23.5625,16.87142857,138.9327381,674.459573,49.06277056,16.11510989
2025-05-19 09:30:00+00:00,690.9375758,61.98095238,23.88,678.1792663,62.17380471,23.5,17.08,144.1994841,663.6018828,50.48138889,16.25333333
2025-05-19 09:45:00+00:00,664.4649896,64.17308201,23.79111111,650.4198009,63.1915703,23.3637963,17.30933333,149.9569444,711.70319,51.79646465,16.78133333
2025-05-19 10:00:00+00:00,651.7659367,66.40522876,23.85454545,637.9430654,65.0713349,23.67350649,17.24181818,155.2147727,709.8870272,52.77462121,17.24545455
2025-05-19 10:15:00+00:00,653.5116268,63.1959482,23.8452381,676.7547708,66.47536915,23.70934066,17.28340909,160.8111093,717.4987473,53.56913781,17.36913781
2025-05-19 10:30:00+00:00,639.4207407,63.06412281,24.0,652.9076448,64.09974359,23.732,17.47866667,166.4943584,723.7987964,54.19654518,17.8396453
2025-05-19 10:45:00+00:00,647.6693165,65.71283422,23.93285714,651.3122825,65.44146704,23.71428571,18.16234432,172.3351154,728.4876697,54.60041667,18.5480844
2025-05-19 11:00:00+00:00,645.8178601,71.31074074,24.0675,647.9730235,66.03609023,23.80666667,18.24166667,178.9315476,733.1859709,54.8,18.91013228
2025-05-19 11:15:00+00:00,618.9880452,76.91050715,24.13062271,624.3473001,67.18596994,23.78476496,18.23397436,184.3192602,733.8490465,54.7557398,18.85471939
2025-05-19 11:30:00+00:00,622.5910029,88.31294714,24.05857143,652.2130858,66.07195444,23.78,16.88464286,190.2011111,733.2459153,54.49333333,18.958
2025-05-19 11:45:00+00:00,601.6806036,92.1225987,24.06,620.2525826,66.61621762,23.84971429,15.66,196.4236825,733.8745768,53.97047619,19.06533333
2025-05-19 12:00:00+00:00,595.8718441,96.51982357,24.03472527,631.6308652,65.0390873,23.85416667,15.96923077,202.3440869,727.6025191,53.26694139,19.19230586
2025-05-19 12:15:00+00:00,598.3839235,94.01582492,24.02346939,627.1926839,65.03912268,23.81816327,16.48571429,207.6744709,720.8006172,52.38388889,19.26064021
2025-05-19 12:30:00+00:00,593.674881,94.51653846,24.02147436,623.7823173,65.10754605,23.75133333,17.31912088,213.1161457,711.1739559,51.29225071,19.73566952
2025-05-19 12:45:00+00:00,572.7725697,100.2525337,24.02888889,576.581891,66.58082418,23.79333333,17.522,217.2815873,701.8664388,50.26736508,19.99223529
2025-05-19 13:00:00+00:00,564.8204082,98.35048186,23.93571429,569.8224638,65.47373558,23.81142857,17.6125,223.4573415,682.2558726,48.54212662,19.80066481
2025-05-19 13:15:00+00:00,555.8720202,96.90387261,23.96555556,553.9004371,65.33059585,23.81380952,17.284,227.7678687,666.3410962,47.13345887,19.67259091
2025-05-19 13:30:00+00:00,544.8719444,91.77119048,23.92,547.3466425,66.22129723,23.87,17.34,232.3386905,647.4872071,45.48869048,19.84613333
2025-05-19 13:45:00+00:00,534.4530161,90.44746365,23.94934066,537.7791527,66.21137946,23.89817177,17.33076923,236.2650794,632.9430129,43.86507937,19.58282653
2025-05-19 14:00:00+00:00,515.960457,74.51050505,23.91079365,527.8409854,64.9325251,24.06249206,15.94190476,240.6346494,606.5749422,41.91974868,19.93116667
2025-05-19 14:15:00+00:00,507.1900393,68.02483146,23.83333333,519.0911614,65.32084941,24.15614021,14.82261905,244.9238535,577.9102205,39.81484343,20.10140582
2025-05-19 14:30:00+00:00,499.2243713,66.98037037,23.9,509.3018446,65.06478114,24.32755495,17.60766667,248.7992721,552.0499245,37.79597436,20.20064491
2025-05-19 14:45:00+00:00,493.5019326,67.69436238,23.97142857,500.9514722,64.98485411,24.48864796,18.41071429,252.320096,525.0092955,35.81517857,19.63469388
2025-05-19 15:00:00+00:00,487.4969958,66.17693223,24.00777778,495.6474425,63.78501644,24.61469841,18.02205195,255.2313439,499.2237121,34.12584423,19.545481
2025-05-19 15:15:00+00:00,484.9350524,63.8064083,24.11,491.1932655,65.17848522,24.78647945,17.748779,258.9015014,468.3210346,31.81941534,19.44623362
2025-05-19 15:30:00+00:00,481.4636031,60.49933004,24.2,485.9670868,64.03965677,25.01428571,17.77142857,262.1825397,437.0414738,29.71901361,19.52560091
2025-05-19 15:45:00+00:00,479.6357895,60.83233722,24.21781818,483.3791276,64.0882939,25.19937451,17.48733333,265.6583119,401.8964762,27.40776823,19.69750945
2025-05-19 16:00:00+00:00,476.5361739,61.6918254,24.3,480.294637,64.88778625,25.34190476,14.77044444,268.3854762,372.8750256,25.54052381,19.53917752
2025-05-19 16:15:00+00:00,473.7128002,61.68388988,24.35888889,477.8155411,63.83355218,25.40111111,14.36755556,271.6009236,337.6312394,23.31960784,19.11022222
2025-05-19 16:30:00+00:00,471.0630026,63.62741587,24.4,476.0874102,63.7285312,25.55000283,16.85751701,274.8850974,300.1310402,21.0322162,19.26733772
2025-05-19 16:45:00+00:00,469.8327561,58.63025123,24.4,474.1806667,65.58091331,25.6,16.57333333,277.846,265.9281127,18.90318519,18.84462121
2025-05-19 17:00:00+00:00,468.5783618,63.35527778,24.4,471.6064327,64.19590643,25.6,17.45555556,280.935629,232.8507459,16.71863203,18.6515641
2025-05-19 17:15:00+00:00,468.251729,63.37959957,24.46428571,470.664056,63.54288606,25.6,16.49155844,283.8779939,204.7276798,14.64908092,18.25073139
2025-05-19 17:30:00+00:00,467.5778207,63.29979618,24.5,471.3297761,63.93400383,25.6,16.87209524,286.8237041,177.2406509,12.57786203,17.92681108
2025-05-19 17:45:00+00:00,466.887302,63.38371083,24.5,470.9804714,64.31735518,25.50222222,16.69904762,289.5662698,150.5987775,10.71240741,17.65177778
2025-05-19 18:00:00+00:00,468.3382485,12.74607488,24.52142857,469.4972747,6.214691076,25.3285,17.09285714,292.7974495,119.1908046,8.484010101,17.12502661
2025-05-19 18:15:00+00:00,468.7251984,0.0,24.6,470.736432,0.0,25.28231293,17.1297619,295.3464286,93.92952362,6.829220779,16.7239881
2025-05-19 18:30:00+00:00,468.8985606,0.0,24.6,469.1613523,0.0,25.23333333,17.22857143,298.5225118,63.09110896,4.778321308,16.34181818
2025-05-19 18:45:00+00:00,467.8290743,0.0,24.6,469.1660819,0.0,25.04064815,17.46,301.8367138,36.19730981,2.767948718,15.78340714
2025-05-19 19:00:00+00:00,467.0124879,0.0,24.52,468.1123232,0.0,24.97283333,17.57361111,304.8388462,17.20215093,0.990897436,15.20596154
2025-05-19 19:15:00+00:00,467.3333583,0.0,24.45384615,468.482701,0.0,24.71309524,17.7,307.9485467,4.94626148,-0.6673624,14.28095238
2025-05-19 19:30:00+00:00,468.2927778,0.0,24.4,467.7070608,0.0,24.55037037,17.75238095,310.90867,1.39468192,-2.231954065,13.61205541
2025-05-19 19:45:00+00:00,466.2626778,0.0,24.34,468.2808889,0.0,24.54,17.8,314.1554762,0.315387879,-3.847328042,13.51180556
2025-05-19 20:00:00+00:00,465.6277473,0.0,24.25714286,467.5481817,0.0,24.40714286,17.8,317.0535807,0.010275181,-5.232225314,13.44429499
2025-05-19 20:15:00+00:00,466.0789988,0.0,24.2,467.6386863,0.0,24.29904762,17.71642857,319.7987712,0.0,-6.427177489,13.2099029
2025-05-19 20:30:00+00:00,465.6501086,0.0,24.14178571,466.7164835,0.0,24.19833333,17.364,324.0740524,0.0,-8.162150072,13.04493549
2025-05-19 20:45:00+00:00,464.7601566,0.0,24.04777778,466.2739337,0.0,24.1,17.03333333,327.4871482,0.0,-9.389737781,13.04769101
2025-05-19 21:00:00+00:00,464.7428571,90.42222222,23.92,466.6238462,84.97777778,24.01,15.82,330.0188889,0.0,-10.21,13.12
2025-05-19 21:15:00+00:00,470.7408425,172.1639033,23.48805556,469.9699737,164.8144953,23.85166667,14.40833333,334.2925991,0.0,-11.48173493,12.88703297
2025-05-19 21:30:00+00:00,475.3937978,170.8862027,23.18529101,476.2345349,157.3795711,23.65195767,14.10066667,337.4936508,0.0,-12.28021164,12.49322751
2025-05-19 21:45:00+00:00,478.6793338,168.7350673,22.96166667,479.7551312,162.3926544,23.53333333,13.85388889,341.2497348,0.0,-13.12448371,12.32695378
2025-05-19 22:00:00+00:00,481.8914819,170.8007467,22.87063492,481.6756803,156.0905356,23.39220779,13.86428571,344.7145238,0.0,-13.72863095,12.26806548
2025-05-19 22:15:00+00:00,483.3430512,171.7895679,22.72666667,482.5194624,160.721486,23.20518519,13.79238095,347.9544974,0.0,-14.1812037,12.14415873
2025-05-19 22:30:00+00:00,485.372493,170.7642905,22.61246296,485.1157576,159.7974026,23.08333333,13.71333333,352.1125185,0.0,-14.60244444,12.05502808
2025-05-19 22:45:00+00:00,486.6918502,170.6730443,22.5,485.880041,167.0291069,22.97653061,13.52408163,355.4464731,0.0,-14.84945055,12.00054945
2025-05-19 23:00:00+00:00,487.3769006,169.9671192,22.43285714,486.7642762,159.1250316,22.88333333,13.58666667,252.8358466,0.0,-14.98492593,12.24906349
2025-05-19 23:15:00+00:00,486.0928862,170.8674108,22.33079365,487.13971,162.2547421,22.76,13.39404762,2.755333333,0.0,-14.92845238,12.01287831
2025-05-19 23:30:00+00:00,487.2374332,171.4287322,22.21502646,486.3586667,165.392203,22.63338889,13.36857143,6.585303585,0.0,-14.75054113,11.96517649
2025-05-19 23:45:00+00:00,485.8004544,173.2691406,22.1,486.5189163,165.5614121,22.57857143,13.3,9.792559524,0.0,-14.44857143,11.92470238
2025-05-20 00:00:00+00:00,485.9606253,116.7196622,22.10666667,487.7545311,192.0708359,22.49777778,13.33111111,13.7751835,0.0,-14.00425445,12.04216961
2025-05-20 00:15:00+00:00,485.8522018,150.2135852,22.02444444,486.9849207,184.2394511,22.37527778,13.12,16.80074074,0.0,-13.51703704,11.78281481
2025-05-20 00:30:00+00:00,486.2507547,93.11980325,21.99123016,486.7949111,211.8253407,22.27333333,13.0,20.89280388,0.0,-12.75239782,11.78837909
2025-05-20 00:45:00+00:00,485.9037287,72.03454185,21.93035714,486.8227931,216.2238679,22.18928571,13.07142857,24.2274093,0.0,-11.93598356,11.65366213
2025-05-20 01:00:00+00:00,486.8071332,67.52693296,21.89333333,486.1507313,226.0027868,22.05242424,12.97333333,27.71934471,0.0,-10.98618418,11.55941799
2025-05-20 01:15:00+00:00,486.4522293,127.9440741,21.97904762,486.4029316,61.75274764,22.0,12.64,30.49111111,0.0,-10.15,11.32375
2025-05-20 01:30:00+00:00,484.8822535,119.7659454,22.02130952,486.7265729,65.16182554,22.01071429,12.36083333,33.98646389,0.0,-8.968065476,11.00922077
2025-05-20 01:45:00+00:00,484.8561905,108.571746,22.03522222,484.9562413,63.25662465,22.01642857,12.19148148,37.67465849,0.0,-7.579219577,10.95286797
2025-05-20 02:00:00+00:00,484.630057,63.99910053,21.944,483.2371833,64.95164787,22.0,12.13026455,41.11759259,0.0,-6.152592593,10.75371429
2025-05-20 02:15:00+00:00,483.3079343,58.66056917,22.0,483.0030449,59.63955154,22.0,11.86713953,44.31302253,0.103031506,-4.683495727,10.33618803
2025-05-20 02:30:00+00:00,482.5835395,61.22897727,22.01666667,485.1510565,61.87018141,22.02857143,11.7,47.68792027,0.746948567,-3.066111111,10.14285714
2025-05-20 02:45:00+00:00,487.7389223,63.39249213,21.97333333,499.3655193,129.3770802,22.04666667,11.79766667,50.44907407,2.538833333,-1.659027778,10.22796992
2025-05-20 03:00:00+00:00,500.7288721,22.98126971,21.975,502.1290727,99.19655666,21.93904762,12.09466667,53.73805556,9.007310438,0.070833333,10.65092593
2025-05-20 03:15:00+00:00,497.2226907,65.78782923,22.1,497.3787549,65.86818809,21.9,17.7699093,56.37798521,21.96585736,1.59586039,10.74945055
2025-05-20 03:30:00+00:00,496.3233165,66.52932207,22.16666667,494.6333333,65.8479798,21.9,20.6711746,59.84905051,45.22673429,3.669587641,11.145
2025-05-20 03:45:00+00:00,492.500303,60.14363276,22.2,491.2706801,66.16709091,21.94666667,18.46477778,62.74557143,68.40097041,5.467142857,11.41511111
2025-05-20 04:00:00+00:00,489.6231071,60.61824136,22.2,488.6642445,66.35732954,22.0,19.23071429,65.84905038,97.22911045,7.501543771,11.88782921
2025-05-20 04:15:00+00:00,487.137986,60.57893223,22.26416084,486.1055218,66.16553125,22.00994473,19.20396825,68.62497882,122.3938067,9.340306122,12.2118394
2025-05-20 04:30:00+00:00,483.4250698,65.36578755,22.3,484.0002814,66.60089095,22.1,19.12252381,71.56571717,153.155746,11.31163636,13.04705411
2025-05-20 04:45:00+00:00,486.3191834,65.75218855,22.32666667,484.4200748,65.79959289,22.10857143,19.348,74.75370106,178.8937481,13.58359788,13.77662879
2025-05-20 05:00:00+00:00,488.1340326,64.01998557,22.4,493.0635335,65.53101846,22.14867347,19.52440476,77.33333333,205.3226715,15.41984127,14.6835
2025-05-20 05:15:00+00:00,493.6219847,65.54249569,22.40444444,503.2069964,62.67403023,22.16380952,19.41333333,80.33954762,236.5967877,17.54998677,15.42914868
2025-05-20 05:30:00+00:00,504.4805938,64.10951157,22.50928139,531.2125049,60.159374,22.31603535,19.13333333,83.40808081,269.1496876,19.67425926,15.83998252
2025-05-20 05:45:00+00:00,544.1207672,65.92656085,22.58071429,564.1212019,64.15411986,22.43148148,18.98583333,86.11833333,297.901648,21.58,15.94283333
2025-05-20 06:00:00+00:00,566.2650657,64.334103,22.69309524,586.5274845,63.06847987,22.49940476,19.07857143,89.62260771,333.0843413,24.13264172,15.58402098
2025-05-20 06:15:00+00:00,609.195561,64.95425717,22.72111111,626.1681698,61.43860254,22.55642857,18.80992593,92.77988441,366.1239575,26.27432947,15.67656095
2025-05-20 06:30:00+00:00,631.7060887,63.47403145,22.95809524,667.9015573,61.52716034,22.71313131,18.7,96.03966459,397.8867033,28.44184327,15.96229253
2025-05-20 06:45:00+00:00,682.8108007,63.65622393,23.08222222,713.1053498,60.78609796,22.88814815,18.39333333,99.52749687,429.3574082,30.75588167,16.19890596
2025-05-20 07:00:00+00:00,716.1305004,62.89117391,23.29285714,747.862446,60.36346154,23.10087302,18.21959184,102.7073016,458.3036956,32.77952381,16.17219336
2025-05-20 07:15:00+00:00,717.2393603,63.4496732,23.31539202,770.7342705,61.13425902,23.13466667,17.84127778,105.7036566,484.9316738,34.56530793,16.27914021
2025-05-20 07:30:00+00:00,722.650699,62.89963675,23.55571429,748.7265049,61.07111111,23.32795238,17.62307692,109.9291878,517.2426445,36.99068519,16.82998148
2025-05-20 07:45:00+00:00,721.5096211,65.2187947,23.58125,786.2613963,62.89997344,23.45428571,17.41326531,113.4939124,542.5267697,38.93237245,16.99076299
2025-05-20 08:00:00+00:00,735.4209335,64.77879178,23.71963657,787.2619561,69.4257889,23.57313492,17.3004786,117.2062626,569.4481946,40.84946128,17.5182963
2025-05-20 08:15:00+00:00,732.9022617,65.79564103,23.86763403,785.5585713,76.90930046,23.59818182,17.24666667,121.4856017,592.1078004,42.85743795,17.69704762
2025-05-20 08:30:00+00:00,734.1028902,65.08464192,23.93492063,750.5874839,63.26120143,23.68636364,17.3647619,125.2310149,612.3070331,44.4531746,17.98392857
2025-05-20 08:45:00+00:00,748.1570631,66.18556999,24.01361111,776.4828928,64.19255677,23.726,17.12880952,129.8374074,636.326604,46.28282828,18.37670519
2025-05-20 09:00:00+00:00,748.0892929,67.56230994,24.04414815,758.642185,80.8040404,23.848,17.60333333,134.2956111,655.0055492,47.85833333,18.80133333
2025-05-20 09:15:00+00:00,720.2851328,82.62595464,24.08249735,724.2935786,65.04456506,23.78962963,17.63698413,139.779127,678.9018009,49.53019841,19.09264286
2025-05-20 09:30:00+00:00,691.0186141,85.1976643,24.01944444,683.6746162,61.58004232,23.74242424,17.24166667,144.2519345,689.8557091,50.72261905,19.09469697
2025-05-20 09:45:00+00:00,661.913987,95.75117687,24.08333333,662.6911067,60.87280263,23.78592593,16.94444444,148.6526587,701.3904607,51.70533333,19.16549405
2025-05-20 10:00:00+00:00,639.2815242,100.9027096,24.02154762,647.6060192,62.16373337,23.63866667,16.92444444,155.3678998,715.1195702,53.00631317,19.78296603
2025-05-20 10:15:00+00:00,636.299959,100.2883084,23.98380952,627.6450161,61.32706721,23.63714286,17.23866667,160.8847179,723.5384297,53.79212121,19.81666667
2025-05-20 10:30:00+00:00,642.1726313,96.45518024,23.98344156,621.8038251,61.73015267,23.69285714,17.06428571,166.8483333,730.8022662,54.44892857,19.93548413
2025-05-20 10:45:00+00:00,657.5556441,95.00960136,24.01920746,625.9610608,60.54763652,23.66666667,17.01333333,172.3912312,736.1468254,54.80828042,19.90882109
2025-05-20 11:00:00+00:00,666.0253781,95.99822907,24.06933333,635.0138437,61.14326316,23.74,17.26,178.8092593,737.8180121,55.0,19.93381766
2025-05-20 11:15:00+00:00,670.5185381,106.5200173,24.0837415,638.2499367,62.89037454,23.78061224,17.46666667,184.6032738,740.0742296,54.95952381,20.54692532
2025-05-20 11:30:00+00:00,654.6330888,116.0726592,24.21505495,634.8551382,62.96145727,23.87884615,17.39794872,190.7503992,741.7434274,54.6567037,20.44922946
2025-05-20 11:45:00+00:00,672.4268125,120.8259259,24.1575,650.928277,60.96827839,23.76965608,17.265,196.6045426,735.9479231,54.19911111,20.55306397
2025-05-20 12:00:00+00:00,665.4400622,137.485761,24.04666667,636.2586595,61.22533172,23.8,17.17833333,202.8573492,733.4423541,53.41493651,20.86100673
2025-05-20 12:15:00+00:00,650.7353517,137.4587843,23.97285714,658.5339773,60.34429261,23.81428571,17.08650794,208.0101315,726.6541918,52.526332,20.85295288
2025-05-20 12:30:00+00:00,640.4121746,139.710049,24.08019048,618.4890071,60.9150945,23.85698413,17.13980952,213.3593771,717.4802224,51.48194444,21.39144444
2025-05-20 12:45:00+00:00,642.5417845,133.2915851,23.93393458,625.2070761,61.46503268,23.91428571,17.05142857,218.6900529,704.2115033,50.17,21.29392593
2025-05-20 13:00:00+00:00,620.0632823,136.4096374,24.13333333,607.680558,61.97287356,23.98,16.75333333,223.2720899,693.8649384,48.8389418,21.51762857
2025-05-20 13:15:00+00:00,596.7915329,144.1019132,24.01761905,617.6613359,62.39139961,24.05,16.77857143,228.4145473,671.0536735,47.16294192,21.63565476
2025-05-20 13:30:00+00:00,578.9448999,143.2692885,23.992,592.3641969,70.25020585,24.13054545,17.09683333,232.5992196,651.5115263,45.62472222,21.49764141
2025-05-20 13:45:00+00:00,562.414601,151.0963675,24.01533333,568.0862794,82.952848,24.17333333,16.90666667,236.3341703,644.2500415,44.04780952,21.59130159
2025-05-20 14:00:00+00:00,550.2606146,66.97920223,24.00420918,557.98374,64.98041685,24.25436508,15.18412698,240.482381,618.5919694,42.23396825,21.43790476
2025-05-20 14:15:00+00:00,554.7757848,62.28112406,24.06857143,555.225431,63.58765596,24.42011905,14.96055556,245.086037,587.6832041,39.96891534,21.44933333
2025-05-20 14:30:00+00:00,547.5753226,60.5026121,24.13088889,547.0015774,63.04762368,24.56,16.93396825,248.6078333,561.6368716,38.16166667,21.95333333
2025-05-20 14:45:00+00:00,527.3945793,61.90841475,24.20920635,540.9091847,63.60163399,24.61822222,17.902,251.8748571,536.4049172,36.340666,21.88776335
2025-05-20 15:00:00+00:00,514.0873222,61.57886518,24.3,527.1237,63.41230967,24.80850483,17.60943826,255.9550074,503.454573,33.89748777,21.82547959
2025-05-20 15:15:00+00:00,507.1523202,61.13356353,24.36666667,515.5519877,64.38915226,24.96025397,17.25645299,258.9841789,474.7272938,32.04101587,21.75558896
2025-05-20 15:30:00+00:00,498.4240901,61.78093212,24.4,506.6759386,64.50867729,25.21904762,16.85,262.2475285,445.0417517,29.92542735,21.76196032
2025-05-20 15:45:00+00:00,494.1252206,62.20023199,24.47142857,499.955521,64.91223967,25.42081401,16.53717949,265.6480693,410.0623568,27.66849366,21.67695617
2025-05-20 16:00:00+00:00,488.0014034,61.74443325,24.5,493.1931811,64.41680928,25.56666667,16.55428571,268.7246853,377.124013,25.5679798,21.53238095
2025-05-20 16:15:00+00:00,484.9835328,62.43133515,24.58542857,487.2983844,64.0832248,25.51322222,16.62,271.973539,341.4571935,23.31682684,21.37146825
2025-05-20 16:30:00+00:00,479.7628567,62.29888889,24.6,483.2419397,64.35949753,25.61439153,16.99444444,274.8464784,308.1270033,21.31835699,21.40554828
2025-05-20 16:45:00+00:00,476.0762186,61.1037186,24.62857143,480.3232323,62.86394712,25.6,17.30547619,277.8309295,272.6617629,19.16696429,21.08262755
2025-05-20 17:00:00+00:00,473.4133333,61.09301587,24.7,477.9783333,64.27313234,25.60486772,17.1,281.1348961,237.6916787,16.84045455,20.970867
2025-05-20 17:15:00+00:00,471.4221212,61.7435308,24.7,474.5927757,63.66542088,25.77933333,16.91611111,284.1317664,207.6018203,14.71498557,20.94533968
2025-05-20 17:30:00+00:00,468.22173,62.24805597,24.7,471.6444248,64.62037141,25.66074074,16.53890476,287.0592388,178.105237,12.65240019,20.5284723
2025-05-20 17:45:00+00:00,466.4029582,62.15128968,24.7,469.7665466,63.92677617,25.61320346,16.37847403,289.8617063,151.5573052,10.7221627,20.26113095
2025-05-20 18:00:00+00:00,466.2952862,12.6,24.72,467.9522222,12.6,25.54,16.74222222,292.8681481,120.916199,8.695925926,19.68080616
2025-05-20 18:15:00+00:00,467.0375379,0.0,24.79103704,466.9425452,0.0,25.5,16.96880952,296.0034735,90.10170044,6.637851852,19.19565152
2025-05-20 18:30:00+00:00,466.6691417,0.0,24.8,468.2220551,0.0,25.40714286,17.43400794,298.7496825,63.63232792,4.911904762,18.77643785
2025-05-20 18:45:00+00:00,465.6197874,0.0,24.796,467.3866764,0.0,25.326,18.00666667,301.7750996,37.15866017,3.058594961,18.35090635
2025-05-20 19:00:00+00:00,464.9015273,0.0,24.7062381,467.1280375,0.0,25.13904762,18.272,304.6779206,17.45468252,1.290140693,17.74969206
2025-05-20 19:15:00+00:00,465.0758524,0.0,24.61333333,466.8485659,0.0,24.93023545,18.60666667,307.8136616,5.761329444,-0.367121212,17.10704545
2025-05-20 19:30:00+00:00,463.9098639,0.0,24.6,467.062782,0.0,24.71938776,18.7,311.1152336,1.366412951,-2.119237695,16.33302971
2025-05-20 19:45:00+00:00,463.8888426,0.0,24.46893939,465.0338918,0.0,24.58386905,18.7812987,314.0594987,0.367032433,-3.578646617,15.73553839
2025-05-20 20:00:00+00:00,462.8444258,0.0,24.4,464.7719935,0.0,24.58761905,18.8,317.2050794,0.034478115,-5.065833333,15.18
2025-05-20 20:15:00+00:00,462.5935268,0.0,24.4,463.2694728,0.0,24.5,18.86428571,320.3141876,0.0,-6.444868524,14.5320247
2025-05-20 20:30:00+00:00,461.9486751,0.0,24.3,464.788531,0.0,24.39296296,18.80052015,323.9348308,0.0,-7.859691919,14.14506181
2025-05-20 20:45:00+00:00,461.3254902,0.0,24.23333333,463.1332698,0.0,24.29897436,18.46544444,326.9297222,0.0,-8.982380952,13.83870769
2025-05-20 21:00:00+00:00,455.9618182,89.01206349,24.02666667,461.7683117,81.37223265,24.17230769,16.75944444,329.9666667,0.0,-9.973333333,13.41333333
2025-05-20 21:15:00+00:00,457.2024211,170.3563971,23.69806122,460.8061106,159.1242598,24.03382267,14.51420068,334.1353827,0.0,-11.23430891,12.68014521
2025-05-20 21:30:00+00:00,463.0505135,168.7611111,23.47139683,462.7195878,165.2926817,23.83555556,14.20666667,337.8102597,0.0,-12.1583064,12.41096681
2025-05-20 21:45:00+00:00,464.3061104,169.1032676,23.20063492,465.0535327,158.6327931,23.7247619,13.97857143,341.1659435,0.0,-12.89421637,12.13147689
2025-05-20 22:00:00+00:00,463.7516569,167.3869288,23.01333333,466.2184371,159.9763559,23.5847619,13.65,344.900791,0.0,-13.5370101,11.68913632
2025-05-20 22:15:00+00:00,463.4300696,172.0164475,22.86071429,465.6165834,159.6595066,23.42959184,13.10952381,348.2040179,0.0,-14.0190051,11.24334184
2025-05-20 22:30:00+00:00,462.6832159,169.1500475,22.73107143,465.5128514,161.0903792,23.38592593,12.83561111,351.4174762,0.0,-14.33842424,10.89293447
2025-05-20 22:45:00+00:00,464.2831441,171.1314578,22.67809524,465.4343514,164.5891331,23.20021164,12.53571429,355.7643697,0.0,-14.64666667,10.65472675
2025-05-20 23:00:00+00:00,465.1213469,170.7524446,22.56142857,466.5215311,157.5164901,23.08571429,12.5,283.005267,0.0,-14.77857143,10.40714286
2025-05-20 23:15:00+00:00,465.4647717,168.7754497,22.46923077,466.1064957,162.4298291,22.99407407,12.65480769,2.657222222,0.0,-14.73037037,10.73185185
2025-05-20 23:30:00+00:00,465.5016433,169.2810268,22.37916667,467.0509882,160.7293085,22.85259259,12.84666667,6.491549895,0.0,-14.53477958,11.01362721
2025-05-20 23:45:00+00:00,465.7247977,169.712247,22.29166667,467.0975358,162.8550653,22.75642857,12.98035714,10.24140524,0.0,-14.19872191,11.09414045
2025-05-21 00:00:00+00:00,464.6681619,172.9854826,22.18198413,466.9006015,162.8977595,22.65915584,13.0,12.17119408,0.0,-13.97558442,11.03090729
2025-05-21 00:15:00+00:00,465.4273088,133.4067593,22.08277778,466.7340706,172.3904141,22.60563326,13.08,17.19730968,0.0,-13.24989102,11.13234326
2025-05-21 00:30:00+00:00,465.6592793,100.790101,22.09333333,467.4716412,189.7136235,22.52861111,13.1,20.76042308,0.0,-12.54290909,11.09542222
2025-05-21 00:45:00+00:00,465.1268277,100.310916,22.03838384,466.8686869,194.515079,22.45272727,13.1,24.82840909,0.0,-11.56477273,11.14242424
2025-05-21 01:00:00+00:00,464.3676698,100.927073,22.02938776,466.8670814,193.2437498,22.4,13.1,27.29577922,0.0,-10.87218615,11.08107143
2025-05-21 01:15:00+00:00,464.2663612,103.8466703,22.06266667,466.1906349,206.8378114,22.33251371,13.1,31.17168939,0.0,-9.705472222,11.31420021
2025-05-21 01:30:00+00:00,464.9113837,66.70274411,21.9,465.9480588,224.0503434,22.24,13.1,34.5780724,0.0,-8.53384127,11.28100362
2025-05-21 01:45:00+00:00,464.7266667,65.28801994,22.0,465.9616151,226.4517593,22.15,13.0352381,38.05204762,0.0,-7.188060606,11.10027778
2025-05-21 02:00:00+00:00,463.7676521,65.81766364,21.81632653,465.3268309,242.1351416,22.08833333,13.04248252,40.82735503,0.0,-6.032868798,11.16892007
2025-05-21 02:15:00+00:00,462.9242595,64.23888824,21.91888889,464.9167828,88.42779054,22.00095238,13.1,44.33367605,0.0,-4.457671958,11.14587989
2025-05-21 02:30:00+00:00,463.8807744,107.7462745,21.88606061,467.4578138,201.5826543,22.08920635,13.01333333,47.58075099,0.089369231,-2.875,11.07258103
2025-05-21 02:45:00+00:00,474.6603896,66.10270525,21.78571429,478.6684185,267.9777496,22.0602381,12.92,50.54113095,0.392931445,-1.33,11.06071429
2025-05-21 03:00:00+00:00,483.0589483,12.4712963,22.0875,483.1594654,12.84205128,22.0,13.10166667,53.6968254,1.058834652,0.323253968,11.10269841
2025-05-21 03:15:00+00:00,484.1323077,62.89981481,22.19416667,481.0144164,62.96873209,22.08,18.39203704,56.72178877,2.397389579,2.006595238,10.95775765
2025-05-21 03:30:00+00:00,480.1063095,65.66042735,22.2,478.6662186,66.21514944,22.1,18.18428571,59.90672222,4.170567575,3.910714286,10.94049573
2025-05-21 03:45:00+00:00,476.4980034,64.73856209,22.2,475.3097739,65.93705216,22.1,17.86547619,62.54579757,6.207622687,5.588322392,10.72676674
2025-05-21 04:00:00+00:00,472.5027932,66.0763514,22.2,472.7278431,65.55198271,22.1,17.99518519,65.67190476,9.168867258,7.607936508,10.71890278
2025-05-21 04:15:00+00:00,469.9168062,65.50925537,22.2,471.1944444,65.34215686,22.1,18.19648485,68.71753439,12.44997141,9.677200855,10.7053638
2025-05-21 04:30:00+00:00,467.9610101,65.5168254,22.2,468.4911422,65.74822067,22.1,18.17722222,71.83027719,16.57728553,11.80961156,10.58492151
2025-05-21 04:45:00+00:00,465.9064327,65.41857993,22.2,466.156946,66.50183041,22.1,18.54285714,74.64602762,21.09033098,13.76122449,10.62430839
2025-05-21 05:00:00+00:00,464.3986057,64.98003663,22.22222222,464.7081265,66.06514405,22.1,18.3475,77.43936645,27.7284863,15.71414141,10.56501587
2025-05-21 05:15:00+00:00,463.4710745,65.79880126,22.3,464.485521,65.74480769,22.1,18.26666667,80.64309051,40.43785774,18.00169895,10.65919342
2025-05-21 05:30:00+00:00,466.1428571,66.60378151,22.32307692,463.8775974,64.78654129,22.1,18.40384615,83.54962664,58.78029902,20.06336201,10.69399657
2025-05-21 05:45:00+00:00,466.0218417,65.81978218,22.4,471.6088937,65.61654314,22.06203056,18.42,86.58604365,84.01264788,22.1902381,10.84062338
2025-05-21 06:00:00+00:00,469.7957509,65.61952211,22.40777778,487.3151069,65.53490044,22.24993007,18.3,89.69382197,103.7434262,24.39704165,10.90640909
2025-05-21 06:15:00+00:00,492.8836701,64.70649884,22.42162963,499.2770194,65.24963447,22.31037037,18.3,92.85967016,126.1540011,26.576669,11.09320346
2025-05-21 06:30:00+00:00,515.0854172,64.39820106,22.53598639,523.7555118,65.68377398,22.36607143,18.26904762,96.07579932,168.6519752,28.74657898,11.83142857
2025-05-21 06:45:00+00:00,535.5160131,64.98981194,22.60265512,558.9894272,64.56303321,22.38560847,18.33333333,99.20376352,170.1703427,30.81332381,11.79757949
2025-05-21 07:00:00+00:00,560.3979934,65.58636788,22.70269841,582.1502561,65.77005123,22.58571429,18.29477778,102.5524387,174.3928394,32.91127706,11.56389971
2025-05-21 07:15:00+00:00,590.5224657,64.55408769,22.79285714,600.1056362,65.52030024,22.67202381,17.98571429,106.0667612,211.6838592,35.05099751,11.51640191
2025-05-21 07:30:00+00:00,604.4345415,63.59292478,22.90666667,617.4521532,64.89004066,22.7637037,17.82,109.6215741,298.2818734,37.11385582,11.81762963
2025-05-21 07:45:00+00:00,614.2270991,64.23731205,23.0,629.256734,64.81000321,22.82222222,17.64,113.3385799,333.3200753,39.0952381,12.37142857
2025-05-21 08:00:00+00:00,632.6703595,64.68445023,23.07142857,641.6196573,65.37574956,22.9,17.65714286,117.338931,276.6244667,41.13337542,12.33488889
2025-05-21 08:15:00+00:00,645.9437129,63.44746032,23.09416667,648.7404545,66.40833333,22.99196429,17.6,121.2456387,323.2527667,42.95189637,12.372875
2025-05-21 08:30:00+00:00,650.1165741,63.91286177,23.13771795,652.7896583,64.71614386,23.0,17.42666667,125.3997409,567.4854875,44.76329792,13.13225543
2025-05-21 08:45:00+00:00,641.6882149,63.72059885,23.19810867,656.8636557,65.63889577,23.00382326,17.15003205,129.6549143,539.6356126,46.42199042,13.58982624
2025-05-21 09:00:00+00:00,642.0332755,64.87304125,23.27924542,659.7412511,66.06788425,23.14,16.86222222,134.4900519,606.8517142,48.14313148,13.79527154
2025-05-21 09:15:00+00:00,641.606597,65.14379085,23.33673469,659.1855551,66.89291239,23.25,16.96183673,138.8258001,473.3807567,49.46194805,13.88753556
2025-05-21 09:30:00+00:00,640.2762626,64.10719373,23.34420635,653.7210743,63.72726707,23.13777778,17.19333333,144.218836,458.246553,50.90647619,14.3075469
2025-05-21 09:45:00+00:00,623.9861796,63.98214976,23.32259259,624.5254377,62.43497456,23.08666667,17.141,149.6571897,783.3362853,52.15452442,14.73542619
2025-05-21 10:00:00+00:00,614.6321372,65.42308081,23.4,601.9649025,62.88015683,23.10060606,16.82809491,155.3418041,733.883322,53.19815201,15.18240566
2025-05-21 10:15:00+00:00,596.3431269,64.45574014,23.39270125,607.6130948,62.34651691,23.20327381,16.94946429,160.4970862,630.4338574,53.96894594,15.34720578
2025-05-21 10:30:00+00:00,595.4775619,66.24991948,23.46333333,621.1251577,64.40571268,23.201,17.09,166.7669312,589.6563653,54.6231339,15.74061376
2025-05-21 10:45:00+00:00,591.327856,65.13861925,23.55230556,627.1113418,63.03122753,23.34041667,17.17434921,172.4145675,775.089419,55.01552778,16.20813671
2025-05-21 11:00:00+00:00,590.2093763,66.54827598,23.60510823,616.3023794,64.22150962,23.34443723,16.95489899,178.7429695,663.0517826,55.2,16.67285714
2025-05-21 11:15:00+00:00,586.7356838,67.39014798,23.72,609.9018352,65.25455624,23.40888889,17.16666667,184.8887267,752.3365626,55.15988034,16.79486905
2025-05-21 11:30:00+00:00,584.283303,64.87451299,23.77282051,595.6411809,63.36395557,23.44512821,17.63266667,190.9007937,796.4025347,54.84777778,17.47
2025-05-21 11:45:00+00:00,581.4696432,59.75314643,23.6,596.0726512,59.31114997,23.40201471,17.24311111,196.7131696,756.7569173,54.37292558,17.13447407
2025-05-21 12:00:00+00:00,582.3400258,61.07287943,23.60083333,597.8196729,59.73910947,23.40325151,17.02357143,202.1753541,701.3083917,53.70278912,16.84702922
2025-05-21 12:15:00+00:00,599.548545,59.23028083,23.77333333,594.9227545,59.35078722,23.52666667,17.015,208.2740714,668.6597242,52.71292857,16.97304762
2025-05-21 12:30:00+00:00,596.1375159,63.8157507,23.82497355,580.3546005,62.02994678,23.6,17.11451852,213.6816003,649.2994016,51.6102544,17.12095127
2025-05-21 12:45:00+00:00,578.7856524,62.09582974,23.78571429,578.8643001,60.24077922,23.50833333,17.13248299,218.7222995,534.4795899,50.37844388,16.70393656
2025-05-21 13:00:00+00:00,587.0365192,62.16534179,23.66213757,584.4383905,59.61583404,23.59575758,17.40444444,223.5784179,754.4403404,48.97407407,16.71554002
2025-05-21 13:15:00+00:00,568.520176,62.5253005,23.74666667,571.8831624,61.29121457,23.68533333,17.26571429,228.3877071,698.8115387,47.38084055,16.43885214
2025-05-21 13:30:00+00:00,550.2627381,62.96467236,23.79022222,546.8001876,61.1936913,23.7605,16.74666667,232.9553355,425.6300581,45.73605099,16.32727009
2025-05-21 13:45:00+00:00,524.1354548,64.18992294,23.8,530.8924471,61.58444429,23.73571429,16.29872449,237.0274549,395.8253517,44.02719517,16.06699542
2025-05-21 14:00:00+00:00,506.1617515,65.26785382,23.61621212,518.2099206,63.42393218,23.62287879,15.7247619,241.2814495,317.3588111,42.10038384,16.44108913
2025-05-21 14:15:00+00:00,497.0870106,61.92977393,23.50533333,506.1659111,59.8124706,23.6,17.12761905,245.212963,254.5098616,40.14701058,16.35355556
2025-05-21 14:30:00+00:00,489.7689567,61.81198209,23.54666667,496.5250356,58.15638799,23.56666667,16.89277778,248.889617,143.400631,38.2399247,15.70247993
2025-05-21 14:45:00+00:00,482.1600552,60.87530628,23.5,488.9571545,59.78413526,23.525,16.49285714,252.6910856,297.967594,36.1136763,15.27272495
2025-05-21 15:00:00+00:00,476.141518,63.74953846,23.5,483.074138,62.5905236,23.5125,16.78190741,255.8286852,172.3097849,34.21897368,15.04391534
2025-05-21 15:15:00+00:00,472.9041385,61.48461279,23.5,477.5664416,60.12540461,23.49333333,17.00980159,259.4428379,147.3009236,31.99992063,14.80877778
2025-05-21 15:30:00+00:00,469.5612374,62.46308547,23.41428571,474.6509027,62.72271328,23.37857143,16.27857143,262.6332206,37.60746458,29.943683,12.9789856
2025-05-21 15:45:00+00:00,467.9332247,62.31708995,23.4,471.1550569,63.17209265,23.3,17.162,265.757564,52.46013103,27.86150337,10.9808683
2025-05-21 16:00:00+00:00,466.1204713,62.14325674,23.37,467.9915075,62.46558079,23.3,17.47580952,268.9929524,83.51223344,25.65044444,11.0069
2025-05-21 16:15:00+00:00,464.4922491,61.88349103,23.3,467.7672344,61.95224874,23.3,16.72105288,271.6226515,100.0314676,23.7987629,11.02788069
2025-05-21 16:30:00+00:00,463.0477514,63.30701176,23.2337037,466.7725553,61.47859676,23.20433333,17.1762963,275.135202,128.6194957,21.32673701,11.35352732
2025-05-21 16:45:00+00:00,461.9648928,61.07772727,23.302,464.3099658,61.14130309,23.5654127,17.25071429,278.1279233,187.0251844,19.24653439,12.05073713
2025-05-21 17:00:00+00:00,463.1888889,60.56660053,23.372,464.2304094,61.54232051,23.52,16.49873016,281.29207,106.8310625,16.99039538,12.0411362
2025-05-21 17:15:00+00:00,461.1547168,60.15937208,23.36558442,462.658928,59.45963185,23.64608844,16.82435897,284.0835897,235.4722377,14.99194303,12.46134199
2025-05-21 17:30:00+00:00,459.8235602,63.25996177,23.4,461.5497445,61.57401448,23.80727273,17.54666667,286.8581525,174.7347677,13.06082584,12.49555556
2025-05-21 17:45:00+00:00,459.7352319,61.31895234,23.4,461.1798675,60.72823581,23.75216837,16.86530612,290.1021032,69.02098877,10.81583333,12.21833333
2025-05-21 18:00:00+00:00,459.4180657,14.7019943,23.4,460.6935016,14.18517928,23.58704762,16.82666667,292.7525943,47.48167535,9.012525253,11.83120034
2025-05-21 18:15:00+00:00,458.3007631,0.0,23.4,459.9153149,0.0,23.6,16.30952381,295.9968975,68.70691287,6.880808081,11.87342857
2025-05-21 18:30:00+00:00,456.9291816,0.0,23.4,459.8267175,0.0,23.6,15.76603704,298.8113454,42.25545205,5.100336589,11.92
2025-05-21 18:45:00+00:00,457.0393228,0.0,23.4,459.1425945,0.0,23.53333333,15.25714286,301.7801587,27.13159613,3.253333333,11.8237037
2025-05-21 19:00:00+00:00,456.6031955,0.0,23.4,458.046264,0.0,23.47040816,15.00642857,305.1247201,9.360368427,1.290570354,11.41734682
2025-05-21 19:15:00+00:00,456.0095089,0.0,23.35166667,457.9203517,0.0,23.34809524,14.86666667,308.0765471,3.448126829,-0.314471251,11.23632035
2025-05-21 19:30:00+00:00,456.9313171,0.0,23.3,458.1187998,0.0,23.28606061,14.67833333,311.2962049,1.152037968,-1.966854257,11.12349872
2025-05-21 19:45:00+00:00,456.314638,0.0,23.20814286,457.3726639,0.0,23.2,14.54,314.4316296,0.225130295,-3.552687831,10.816
2025-05-21 20:00:00+00:00,456.2246483,0.0,23.2,457.6666231,0.0,23.11802721,14.47857143,317.4391432,0.029705882,-4.965542929,10.63150794
2025-05-21 20:15:00+00:00,455.8167606,0.0,23.17466667,457.2032678,0.0,23.1,14.31698413,320.9595238,0.0,-6.488359788,10.63944974
2025-05-21 20:30:00+00:00,455.6812717,0.0,23.11911111,456.8754184,0.0,23.01874747,14.28,324.1265199,0.0,-7.729555556,10.95564046
2025-05-21 20:45:00+00:00,455.5416449,0.0,23.1,456.0705986,0.0,22.96972222,14.15055556,327.5188254,0.0,-9.004074074,10.36025
2025-05-21 21:00:00+00:00,455.6788796,0.0,23.1,456.4321789,0.0,22.9,14.06166667,330.7999056,0.0,-10.0509861,10.18043036
2025-05-21 21:15:00+00:00,455.959032,0.0,23.014,455.9777778,0.0,22.85259259,13.77662338,334.0981682,0.0,-11.02729942,10.71752699
2025-05-21 21:30:00+00:00,455.2173799,0.0,22.99833333,455.7277778,0.0,22.8,13.41031746,337.9196481,0.0,-11.98027513,10.32928312
2025-05-21 21:45:00+00:00,455.1871958,0.0,22.9,455.7107553,0.0,22.8,12.92539683,340.7011489,0.0,-12.55929071,9.902840909
2025-05-21 22:00:00+00:00,455.1727019,0.0,22.9,456.2320436,0.0,22.70666667,12.4712381,344.7704016,0.0,-13.3177381,9.326666667
2025-05-21 22:15:00+00:00,454.6293712,0.0,22.9,454.5918181,0.0,22.7,12.20063492,348.4148254,0.0,-13.83936508,9.009980952
2025-05-21 22:30:00+00:00,452.1292424,0.0,22.84530612,454.0941667,0.0,22.64844444,12.00714286,352.161921,0.0,-14.21155556,8.310735185
2025-05-21 22:45:00+00:00,454.1828447,0.0,22.8,453.8658534,0.0,22.6,11.70535714,355.7890613,0.0,-14.45,7.903095238
2025-05-21 23:00:00+00:00,454.4803704,0.0,22.8,453.137963,0.0,22.6,11.50461111,244.5745014,0.0,-14.57388889,7.64910114
2025-05-21 23:15:00+00:00,453.9875295,0.0,22.8,452.9849206,0.0,22.55738095,11.30888889,2.762231102,0.0,-14.52666667,7.327561236
2025-05-21 23:30:00+00:00,452.0988317,0.0,22.72861111,452.1380135,0.0,22.5,11.03833333,6.558545381,0.0,-14.33662027,7.168910053
2025-05-21 23:45:00+00:00,452.6256357,0.0,22.7,451.2237391,0.0,22.49285714,10.81660714,10.13865646,0.0,-14.01349206,7.091475907
2025-05-22 00:00:00+00:00,451.6631373,0.0,22.7,450.8384762,0.0,22.4,10.62,13.67684982,0.0,-13.61866667,6.928322511
2025-05-22 00:15:00+00:00,451.0292713,0.0,22.65555556,450.8223016,0.0,22.4,10.43433333,17.24758482,0.0,-13.04777778,6.604444444
2025-05-22 00:30:00+00:00,451.2210293,0.0,22.6,450.1970855,0.0,22.34111111,10.30083333,20.81393773,0.0,-12.32124359,6.223477778
2025-05-22 00:45:00+00:00,449.8834664,0.0,22.6,450.318829,0.0,22.3,10.13690476,24.32301766,0.0,-11.49675047,5.989489796
2025-05-22 01:00:00+00:00,450.2735258,0.0,22.58027778,449.4728396,0.0,22.3,10.04571429,27.66112795,0.0,-10.61853535,5.844301645
2025-05-22 01:15:00+00:00,448.6149599,0.0,22.50083333,448.6799223,0.0,22.24592593,9.906666667,31.14953463,0.0,-9.522374218,5.948045584
2025-05-22 01:30:00+00:00,448.9522006,0.0,22.5,447.8721861,0.0,22.2,9.88,34.58640912,0.0,-8.323122471,5.685693122
2025-05-22 01:45:00+00:00,448.4806548,0.0,22.48571429,447.7104682,0.0,22.2,9.707117347,37.75500611,0.0,-7.093559219,5.544191523
2025-05-22 02:00:00+00:00,447.5051852,0.0,22.4,445.9493426,0.0,22.11333333,9.6,41.08120106,0.0,-5.716266955,5.856324786
2025-05-22 02:15:00+00:00,447.151326,0.0,22.4,447.5924879,0.0,22.1,9.569018519,44.17008333,0.090026087,-4.306650794,5.831722145
2025-05-22 02:30:00+00:00,449.018543,0.0,22.4,458.9399128,0.0,22.06949495,9.426666667,47.3238258,0.70704127,-2.795522996,5.690884819
2025-05-22 02:45:00+00:00,462.1892824,0.0,22.40761905,481.3999373,0.0,22.1575,9.4,50.51947279,2.436524749,-1.154589002,5.687190934
2025-05-22 03:00:00+00:00,471.0787302,12.59333333,22.42,488.9194641,12.20666667,22.07662963,10.33444444,53.64941148,6.317125893,0.488780627,5.392754416
2025-05-22 03:15:00+00:00,470.0044444,63.97129019,22.40095238,500.2192831,63.8981868,22.09089947,21.07887831,56.17257143,14.22044302,1.881481482,6.875242424
2025-05-22 03:30:00+00:00,470.0613792,64.25873737,22.4,497.4699742,62.84151224,22.02933333,18.32763636,59.63660292,35.39326905,4.030401801,7.25862195
2025-05-22 03:45:00+00:00,468.3533276,63.34981685,22.4,494.5952653,63.8588659,22.07142857,19.538188,62.44763605,49.90123846,5.753910792,7.696305716
2025-05-22 04:00:00+00:00,468.0728219,62.97340803,22.4,495.0326117,62.8765155,21.95909091,18.55642857,65.68757407,24.50039481,7.856111111,7.354109788
2025-05-22 04:15:00+00:00,467.8062017,63.57076951,22.4,495.0618829,63.42597764,22.02166667,17.656,68.44363054,36.78525181,9.704741259,7.099501321
2025-05-22 04:30:00+00:00,467.50495,62.09035714,22.4,494.4833333,62.90226091,22.1,17.864,71.49555556,44.13158227,11.81111111,7.738222222
2025-05-22 04:45:00+00:00,469.2252718,63.1286229,22.4,496.7801182,62.75894321,21.97415224,17.76428571,74.43294971,44.79699274,13.83951485,8.112756737
2025-05-22 05:00:00+00:00,483.4714734,62.52550288,22.4,506.3230774,63.40778089,22.04806878,17.69833333,77.33213399,39.25960749,15.85816449,8.118273569
2025-05-22 05:15:00+00:00,497.7547059,62.60259259,22.4,523.8331282,63.60281199,22.07677778,17.6,80.17606838,54.27561929,17.88495727,8.388609687
2025-05-22 05:30:00+00:00,510.8533697,61.63013993,22.41566667,548.7810918,63.63331695,22.291,17.6,83.35261321,68.169194,20.16459872,8.591566776
2025-05-22 05:45:00+00:00,534.295001,63.11468489,22.49857143,575.6938376,64.84159064,22.49410714,17.6,86.57002373,55.03631013,22.42852237,9.204386883
2025-05-22 06:00:00+00:00,546.6115655,62.98313187,22.52722222,594.7290354,63.78082214,22.39333333,17.54666667,89.16980057,148.7154608,24.27433048,9.133606024
2025-05-22 06:15:00+00:00,571.5378015,62.58217111,22.51055556,578.6885985,62.36196565,22.41014815,17.5,92.64896663,170.8857144,26.69090781,8.95346626
2025-05-22 06:30:00+00:00,619.6165873,63.39802733,22.66444444,627.9225448,62.96658591,22.58761905,17.46666667,95.97470298,84.64104877,28.93493506,8.419894877
2025-05-22 06:45:00+00:00,659.2794935,62.98369237,22.86440476,685.3199144,63.65806741,22.75714286,17.60769231,99.08279054,303.0826979,30.953253,8.666951771
2025-05-22 07:00:00+00:00,724.1447415,63.84140212,23.05033333,729.893862,65.14669332,22.915,17.74944444,102.3682251,246.1758918,33.03774892,8.912694444
2025-05-22 07:15:00+00:00,751.2830722,61.64915825,23.08533333,752.5742707,63.25569379,23.01333333,17.704,105.9027143,296.109335,35.20231746,7.962746032
2025-05-22 07:30:00+00:00,800.2525153,71.73945018,23.13679365,772.1666403,64.37733789,23.09643098,17.26533333,109.1026667,107.8935175,37.03066667,6.561222222
2025-05-22 07:45:00+00:00,808.8957501,78.84516595,23.21039116,798.7396063,66.53795182,23.14375,17.32321429,113.2800108,130.2300702,39.32714286,6.688315296
2025-05-22 08:00:00+00:00,827.0362553,99.165583,23.24570008,810.5958689,83.44582516,23.18708995,17.32,116.7185307,77.18347297,41.0612143,6.631862434
2025-05-22 08:15:00+00:00,816.5684431,88.28118687,23.338,808.7433226,74.53306572,23.14371717,17.15656085,120.9139416,291.605869,43.045886,6.956821128
2025-05-22 08:30:00+00:00,790.7310941,66.6680698,23.40711111,802.6572188,69.05567528,23.29111111,17.07466667,125.0840084,564.2957276,44.83938889,7.738924178
2025-05-22 08:45:00+00:00,758.9875536,62.6148312,23.46285714,796.4602227,64.39567081,23.3,16.96329365,129.8810629,214.037506,46.75470522,7.91852381
2025-05-22 09:00:00+00:00,762.049071,62.48684737,23.40547691,808.8110955,70.07760795,23.21862302,16.9859707,133.8565852,126.0495181,48.12997253,7.533673197
2025-05-22 09:15:00+00:00,789.9998016,62.10989729,23.50095238,809.2553909,81.56938785,23.38,17.14366667,139.3223968,207.2693481,49.8463254,7.586
2025-05-22 09:30:00+00:00,790.8946221,63.46324766,23.51978458,767.3084184,64.68442386,23.3,17.24795918,144.0802659,348.7075619,51.12183055,8.410606061
2025-05-22 09:45:00+00:00,801.3261098,73.25511848,23.65333333,735.6524278,63.61883263,23.24266667,17.1,149.1514762,291.7860191,52.22571429,8.701828571
2025-05-22 10:00:00+00:00,809.1048824,86.4874489,23.67878788,726.8495426,64.26115996,23.2689899,17.01333333,154.8202249,167.6007797,53.30232804,8.712518519
2025-05-22 10:15:00+00:00,805.0151737,88.38002202,23.73333333,762.9678441,63.47644025,23.3462963,16.77133333,161.0359577,373.3221731,54.23496296,8.563534392
2025-05-22 10:30:00+00:00,794.0450794,68.60143032,23.62214286,794.3421597,63.48984574,23.50204082,17.08163265,166.7163492,695.348479,54.83785714,8.658831169
2025-05-22 10:45:00+00:00,818.9153405,87.70714286,23.65221982,815.8666684,87.17613658,23.56303175,17.15027778,172.6689874,538.3408996,55.24032334,9.487788462
2025-05-22 11:00:00+00:00,805.7163683,86.39658032,23.77460317,821.4875857,101.3227134,23.60688889,16.92261905,178.5582463,851.029041,55.4,10.01239152
2025-05-22 11:15:00+00:00,811.8430818,82.34316498,23.88214286,817.3035176,89.67696411,23.69666667,17.18571429,184.7483983,796.3776306,55.35333333,10.67170155
2025-05-22 11:30:00+00:00,810.6507344,88.41460599,23.8771488,804.3826347,77.14793498,23.7,17.1978022,187.479472,578.5711641,55.24657532,10.70172577
2025-05-22 11:45:00+00:00,800.6211991,80.30734392,23.93528571,791.3040996,63.26790654,23.70666667,16.85261905,196.502037,243.4360343,54.59208777,9.280005291
2025-05-22 12:00:00+00:00,788.4251852,75.21685185,23.98095238,807.8779441,80.86768865,23.73222222,16.90386772,202.7454483,565.9417491,53.83878211,8.646109946
2025-05-22 12:15:00+00:00,760.6591962,76.22415783,24.096,783.4839758,68.33578763,23.75333333,17.10488889,208.2702116,785.2024889,52.94238095,9.781981482
2025-05-22 12:30:00+00:00,750.8256806,78.35340651,24.03594104,791.1378928,77.18295757,23.75510204,16.9,213.6649236,252.0394849,51.80882937,9.35965812
2025-05-22 12:45:00+00:00,757.0739411,81.49283907,24.03111111,753.5708119,72.45441783,23.71166667,16.91083333,218.5380688,192.1602192,50.6397619,8.011833333
2025-05-22 13:00:00+00:00,719.1428681,80.51534392,24.0362963,710.9639278,63.00447787,23.6,16.94835979,223.1044587,279.2922766,49.29655556,7.717581197
2025-05-22 13:15:00+00:00,649.8094513,81.20990741,23.98,669.9059202,63.64369179,23.63285714,17.09222222,228.6886732,617.8002446,47.50725275,8.281646465
2025-05-22 13:30:00+00:00,616.2699588,77.87244898,23.9,645.5955017,62.50600683,23.64804422,17.06476757,232.3011111,743.0084256,46.18474206,8.832686508
2025-05-22 13:45:00+00:00,586.6629293,68.68555714,23.9,612.1422607,62.9740849,23.65333333,16.88,237.3340652,268.7308876,44.1177037,9.049626984
2025-05-22 14:00:00+00:00,572.289827,66.94077446,23.72615873,594.3948097,62.39808735,23.6,16.95428571,241.4711579,286.0125538,42.22935185,8.13880374
2025-05-22 14:15:00+00:00,565.504491,67.44799523,23.81528377,585.9044768,62.48306733,23.7357711,17.23095805,245.2837019,733.9296619,40.35420327,8.537453209
2025-05-22 14:30:00+00:00,620.8870202,65.80149573,23.80875,599.8393444,63.79698826,24.08152778,16.97813399,248.7837399,614.3623589,38.52540764,8.699576883
2025-05-22 14:45:00+00:00,628.3478882,65.99187759,23.95904762,626.7017988,80.53969338,24.2,16.828,252.457203,405.2949521,36.48732684,8.816442733
2025-05-22 15:00:00+00:00,614.9926392,63.48325758,23.86488889,632.0545984,63.24588834,24.17066667,17.85211111,256.1909176,370.6663793,34.25818152,8.756152381
2025-05-22 15:15:00+00:00,614.3333333,60.14285714,23.79540816,620.0761183,60.27458256,24.1255102,16.40327381,259.4471655,257.4722238,32.25544218,8.883316327
2025-05-22 15:30:00+00:00,602.6810691,63.04871277,23.89333333,608.4849646,62.0223002,23.9165812,17.92761905,262.745,236.6485363,30.12252808,8.119174437
2025-05-22 15:45:00+00:00,578.3624353,62.82444854,23.87333333,588.2319043,61.8283574,23.92368254,16.4462906,266.0001914,265.0171037,27.93017929,8.323993796
2025-05-22 16:00:00+00:00,565.4361279,63.23305011,23.85333333,574.527456,63.8235263,24.03590909,16.90563131,268.9873016,237.4845881,25.91270443,8.759211881
2025-05-22 16:15:00+00:00,541.6595237,63.81109209,23.88502165,557.2177208,64.30824058,23.92428571,17.5880303,272.3303049,159.886348,23.57812816,8.664852335
2025-05-22 16:30:00+00:00,528.1386347,63.76141978,23.8,541.7947821,62.65482725,23.95742761,15.92088889,275.2263419,270.006706,21.53273504,8.653703134
2025-05-22 16:45:00+00:00,515.3317998,65.4200814,23.8,527.2703426,63.31906544,24.09098901,17.21066667,278.2168645,209.8912602,19.36689949,7.833860306
2025-05-22 17:00:00+00:00,504.6949495,62.31984848,23.8,514.1225253,63.02783217,24.03333333,16.50444444,281.4227564,58.62875993,17.13660256,7.873846154
2025-05-22 17:15:00+00:00,496.5792997,62.65595238,23.73482143,503.6156865,63.00517537,23.83877551,16.3120068,284.0810047,104.2146097,15.21680891,7.836734694
2025-05-22 17:30:00+00:00,490.0417071,62.91107472,23.7,496.8434395,62.85328227,24.03555556,17.79972222,287.1846588,188.882169,13.08414925,8.143356892
2025-05-22 17:45:00+00:00,484.6085878,63.35115751,23.78349206,490.3632288,62.02395914,24.089,16.25285714,290.2394444,114.6254127,10.97291005,8.354847375
2025-05-22 18:00:00+00:00,481.2443064,5.401058201,23.7,485.0601457,4.923184885,23.92761111,18.74833333,292.8919731,49.03071983,9.165080808,8.305454546
2025-05-22 18:15:00+00:00,480.9450888,0.0,23.66294816,481.8524982,0.0,23.72,18.73316683,295.7109274,11.66099243,7.325218115,8.00250527
2025-05-22 18:30:00+00:00,480.2730159,0.0,23.59111111,479.9966541,0.0,23.59101852,17.29022222,298.89515,11.61059026,5.287341085,6.981093166
2025-05-22 18:45:00+00:00,479.4410438,0.0,23.5,479.8747564,0.0,23.46083333,15.35333333,302.1898571,10.83761143,3.24205291,6.915563492
2025-05-22 19:00:00+00:00,478.6023359,0.0,23.44511905,479.0758155,0.0,23.37619048,14.06392857,304.9387755,6.935826673,1.590943878,6.978571429
2025-05-22 19:15:00+00:00,476.6600271,0.0,23.4,478.4165898,0.0,23.29468531,13.08703704,307.8825926,3.541788295,0.026666667,6.867407407
2025-05-22 19:30:00+00:00,476.4560448,0.0,23.36,477.5667383,0.0,23.18810606,12.39818182,311.4197499,1.130168687,-1.825084175,7.026080808
2025-05-22 19:45:00+00:00,475.2754918,0.0,23.24111111,476.5729159,0.0,23.10003663,11.79077778,314.5738738,0.188552304,-3.395371997,6.921918994
2025-05-22 20:00:00+00:00,474.2970754,0.0,23.2,476.5126263,0.0,23.0,11.40153061,317.7768254,0.0,-4.873015873,7.084145022
2025-05-22 20:15:00+00:00,473.3623982,0.0,23.13933333,475.3538158,0.0,22.92583333,11.13813986,320.5316402,0.0,-6.103399471,7.423888889
2025-05-22 20:30:00+00:00,472.7501587,0.0,23.1,474.2151965,0.0,22.88666667,10.766,324.0179934,0.0,-7.514238262,6.974601623
2025-05-22 20:45:00+00:00,471.3791894,0.0,23.03346939,473.522369,0.0,22.8,10.5,327.157568,0.0,-8.644608844,6.362094388
2025-05-22 21:00:00+00:00,471.033489,0.0,23.0,472.6313131,0.0,22.77872222,10.35726984,330.635181,0.0,-9.802738095,6.274684096
2025-05-22 21:15:00+00:00,470.8839037,0.0,22.94533333,471.827342,0.0,22.7,10.01944444,334.1527713,0.0,-10.81320954,6.115404102
2025-05-22 21:30:00+00:00,469.5005141,0.0,22.9,470.2696296,0.0,22.64666667,9.795309524,337.5009117,0.0,-11.69583333,5.77354386
2025-05-22 21:45:00+00:00,467.9345418,0.0,22.8952381,469.2195767,0.0,22.6,9.514285714,341.4174206,0.0,-12.52785714,5.412808442
2025-05-22 22:00:00+00:00,468.8453153,0.0,22.8,468.9333333,0.0,22.6,10.33386243,344.8006032,0.0,-13.12036508,5.219934704
2025-05-22 22:15:00+00:00,466.9974346,0.0,22.8,468.0509993,0.0,22.58066667,13.0715,348.1947517,0.0,-13.62268162,5.116103531
2025-05-22 22:30:00+00:00,465.2390476,0.0,22.73333333,466.4422849,0.0,22.5,13.73303704,352.104229,0.0,-14.00939971,5.198015022
2025-05-22 22:45:00+00:00,464.9349206,0.0,22.7,465.8292317,0.0,22.44571429,12.72142857,355.0816327,0.0,-14.24489796,5.252244898
2025-05-22 23:00:00+00:00,464.9091541,0.0,22.65,465.5912346,0.0,22.4,11.28323413,260.8352381,0.0,-14.38,5.416904762
2025-05-22 23:15:00+00:00,464.1435613,0.0,22.6,464.7121644,0.0,22.4,10.49238095,2.860740741,0.0,-14.32666667,5.610954416
2025-05-22 23:30:00+00:00,462.6744318,0.0,22.6,464.2609841,0.0,22.31939394,11.35733333,6.510026455,0.0,-14.16285714,5.563375661
2025-05-22 23:45:00+00:00,463.1076067,0.0,22.55503968,463.4482129,0.0,22.3,12.71247166,9.582618275,0.0,-13.91945346,5.515214286
2025-05-23 00:00:00+00:00,462.2719509,0.0,22.5,461.653824,0.0,22.28666667,13.3,13.64638095,0.0,-13.41909957,5.529407407
2025-05-23 00:15:00+00:00,461.9486762,0.0,22.5,461.3621133,0.0,22.2,12.84666667,17.2487963,0.0,-12.82712963,5.49762963
2025-05-23 00:30:00+00:00,461.2857924,0.0,22.48244444,460.7969708,0.0,22.2,12.16111111,20.68763636,0.0,-12.17084848,5.337933333
2025-05-23 00:45:00+00:00,458.9894446,0.0,22.4,459.1512576,0.0,22.18071429,11.57261905,23.17210884,0.0,-11.56503497,5.2
2025-05-23 01:00:00+00:00,459.0301557,0.0,22.4,458.3950666,0.0,22.1,10.85785714,27.57848942,0.0,-10.41916831,5.139320113
2025-05-23 01:15:00+00:00,457.9407734,0.0,22.4,456.6380839,0.0,22.1,10.28174074,30.76608466,0.0,-9.439801587,5.11310463
2025-05-23 01:30:00+00:00,456.8839286,0.0,22.4,455.9678571,0.0,22.1,9.814357864,34.2984127,0.0,-8.207142857,4.988333333
2025-05-23 01:45:00+00:00,457.4545143,0.0,22.38199134,455.547078,0.0,22.01333333,9.536296296,37.4424329,0.0,-7.031991342,4.891066667
2025-05-23 02:00:00+00:00,455.4364849,0.0,22.3,455.5460606,0.0,22.0,11.04347619,40.93658586,0.0,-5.567,4.821333333
2025-05-23 02:15:00+00:00,454.9863656,0.0,22.3,454.286805,0.0,21.99,13.08122222,44.09406987,0.127675084,-4.154674603,4.800571429
2025-05-23 02:30:00+00:00,454.595021,0.0,22.30089286,460.4453671,0.0,21.97688492,13.2034632,46.94004241,0.638894036,-2.748088043,4.778072629
2025-05-23 02:45:00+00:00,467.8412081,0.0,22.29962626,475.8619527,0.0,21.91244444,12.4182381,50.3251937,2.032342129,-1.001339494,4.667166667
2025-05-23 03:00:00+00:00,481.1327729,15.24285714,22.4,475.0418438,14.16666667,21.88666667,11.38666667,53.49866402,5.120511635,0.59473545,4.6
2025-05-23 03:15:00+00:00,476.3817839,71.30751323,22.4,472.153478,66.11657248,21.81333333,19.50857624,56.45937186,8.048110894,2.310946368,4.738875817
2025-05-23 03:30:00+00:00,473.9452089,67.16599928,22.37857143,470.8182467,62.8747375,21.94291899,21.11363095,59.23717222,11.51179843,3.981275857,4.634556273
2025-05-23 03:45:00+00:00,473.5558213,67.0647933,22.3,468.3291525,63.55764502,21.8712963,18.24187037,62.48292298,14.57725083,6.007369048,4.64312605
2025-05-23 04:00:00+00:00,471.8527967,66.0691061,22.3,468.5764435,60.46355219,21.88952381,19.3962963,65.54106566,15.07269569,8.013083694,4.779427597
2025-05-23 04:15:00+00:00,469.5297268,67.14296476,22.3,468.8617082,60.41329552,21.8,18.1,68.56893398,18.03585187,9.993571429,4.965827922
2025-05-23 04:30:00+00:00,469.4050782,65.91619048,22.24404762,467.2260256,59.84809591,21.89333333,18.26607143,71.39096296,46.86945665,11.94422727,5.080643875
2025-05-23 04:45:00+00:00,468.7723564,64.95853466,22.3,467.6589469,60.3033673,22.06209524,18.395,74.483571,115.5446841,14.08864815,5.270640693
2025-05-23 05:00:00+00:00,469.4939717,61.43375143,22.3,468.4296532,61.02651581,22.1,18.4,77.43767599,147.8571941,16.22172848,5.883664239
2025-05-23 05:15:00+00:00,467.8823614,61.94549313,22.3544898,468.7674885,60.83857485,22.10305272,18.4,80.29422194,204.5217934,18.23258503,6.41987395
2025-05-23 05:30:00+00:00,471.3890611,61.37121896,22.4,472.2526158,60.33821584,22.1831746,18.38,83.23737348,286.4448943,20.32182205,7.160797018
2025-05-23 05:45:00+00:00,475.7966423,61.01019536,22.42666667,479.1374218,60.25473859,22.28833333,18.11703704,86.41722222,386.4454372,22.59322751,7.574166667
2025-05-23 06:00:00+00:00,479.7484718,62.6386671,22.5,487.1680279,60.99536929,22.26180952,18.1,89.46554978,363.0725776,24.73171429,7.816766234
2025-05-23 06:15:00+00:00,491.6614112,60.23864469,22.5277381,497.1510972,61.24763917,22.25083874,18.1,92.60700758,390.0100057,26.88961039,8.200597171
2025-05-23 06:30:00+00:00,513.144,60.45826087,22.58111111,503.4681385,60.85330225,22.4,18.02933333,95.58280812,278.7504053,28.89095938,9.026123345
2025-05-23 06:45:00+00:00,545.7612987,60.80837852,22.63203704,532.1095079,60.7517992,22.424,17.65,99.04868302,256.4900383,31.18148363,9.27706229
2025-05-23 07:00:00+00:00,564.5641975,61.38639009,22.79285714,559.204359,61.18169591,22.56666667,17.57857143,102.434862,144.471118,33.33437836,9.520333333
2025-05-23 07:15:00+00:00,563.8466038,61.84846681,22.82034632,576.7587984,60.14191404,22.58377551,17.18714286,105.553869,155.9811506,35.21607143,9.6375
2025-05-23 07:30:00+00:00,575.0781674,60.18874,22.83466667,602.4757044,59.85654004,22.61481074,17.07333333,109.0223598,160.9874994,37.19911376,9.501343915
2025-05-23 07:45:00+00:00,580.4129902,60.88952381,22.90261905,610.1859537,60.59370766,22.7,17.03333333,113.1788042,262.6892615,39.48562169,9.886694444
2025-05-23 08:00:00+00:00,592.4459861,60.85852564,22.96083333,616.9001743,59.88187511,22.76,17.1,116.9498915,402.9910476,41.4252735,10.1834812
2025-05-23 08:15:00+00:00,606.6049499,60.92082901,23.05,627.4834875,60.02110191,22.8,17.18571429,120.7010204,223.0700958,43.21213152,10.44365079
2025-05-23 08:30:00+00:00,611.3042809,61.04272993,23.08666667,632.6357535,61.29782828,22.8,16.97333333,125.0546141,128.6254626,45.05961979,9.033518519
2025-05-23 08:45:00+00:00,614.687381,61.56312169,23.06666667,631.7741802,61.17247138,22.78888889,16.62592593,129.3091532,31.20369425,46.74151491,7.459359141
2025-05-23 09:00:00+00:00,608.405267,60.62657214,23.04917582,639.1212977,60.39776706,22.72806122,16.85384615,133.8784694,65.68084314,48.35234694,6.92244898
2025-05-23 09:15:00+00:00,613.4043214,60.90163413,23.10233333,643.2187118,63.41898654,22.8,17.12666667,138.6566724,112.2325825,49.85166348,7.482305322
2025-05-23 09:30:00+00:00,600.1441176,61.24616402,23.05843915,615.5767196,62.68756521,22.71333333,16.90190476,144.1882892,122.9430022,51.31755556,7.505833333
2025-05-23 09:45:00+00:00,583.2933505,61.35382186,22.98914719,591.7025858,60.00616661,22.69066667,17.09419048,149.4761111,152.4165495,52.51866667,8.096916667
2025-05-23 10:00:00+00:00,595.024505,61.76178191,22.97301587,595.8929422,60.86796385,22.71376701,17.05714286,155.0920929,85.57372533,53.57143991,7.764371307
2025-05-23 10:15:00+00:00,574.5019039,61.65379861,23.08589744,594.9303954,60.43904487,22.8,17.03846154,160.2375,263.6997403,54.34962963,7.843114286
2025-05-23 10:30:00+00:00,595.2793246,61.99818627,23.00833333,625.9443872,59.82483241,22.8,17.19190476,166.5232831,444.4693177,55.01863248,8.26952381
2025-05-23 10:45:00+00:00,608.3671044,59.67570948,23.06877778,625.0442637,59.25353535,22.86833333,17.15015873,172.4801111,411.0935852,55.40955556,8.997396154
2025-05-23 11:00:00+00:00,615.0877581,61.52099359,23.26517007,647.9510823,60.12472535,22.8242517,17.00714286,178.2244202,341.0298428,55.59285714,9.744897959
2025-05-23 11:15:00+00:00,616.452795,61.10391704,23.34285714,651.2921155,59.91016404,22.83416667,17.20119048,184.7559579,460.6519752,55.54,10.52252381
2025-05-23 11:30:00+00:00,642.060101,60.54570707,23.33511111,652.9875317,59.12861435,22.90222222,17.02266667,191.0949497,234.0618397,55.23648677,11.72848042
2025-05-23 11:45:00+00:00,649.1586236,61.12191172,23.33013889,642.5923134,60.48403475,22.9,16.465,197.0888355,188.1566323,54.74835826,8.302465812
2025-05-23 12:00:00+00:00,639.5973458,60.47402597,23.37692308,626.4346465,59.20136278,22.9,16.87884615,202.3959694,313.2151954,54.08392857,7.378149351
2025-05-23 12:15:00+00:00,622.2993645,60.96115662,23.30666667,602.5398113,60.59953801,22.87166667,17.09538462,208.2187513,341.8115234,53.14,7.299555556
2025-05-23 12:30:00+00:00,608.0772172,60.91334758,23.3,581.4137618,60.45319048,22.8,17.1,213.6786481,213.6123132,52.00666667,7.342056902
2025-05-23 12:45:00+00:00,585.9950422,59.39129819,23.22664835,563.7305759,59.83760388,22.72142857,17.1,218.5444048,159.0967278,50.85772894,7.332199634
2025-05-23 13:00:00+00:00,562.9996308,58.53640807,23.1559418,551.424559,60.10969792,22.75094709,17.2002619,223.255783,613.6692232,49.48703086,7.977830834
2025-05-23 13:15:00+00:00,541.7328521,58.60380952,23.2,542.654359,59.82114475,22.91022222,17.354,228.5785847,638.4074856,47.73910053,9.018
2025-05-23 13:30:00+00:00,522.7608947,59.02565657,23.17692308,527.4230848,59.50798745,22.96333333,16.81098901,232.9560582,107.1267415,46.15466667,8.393866667
2025-05-23 13:45:00+00:00,509.1026885,58.88838245,23.1,513.7888029,59.48880933,22.85857143,16.91428571,237.2694388,71.22150369,44.35031463,7.751749433
2025-05-23 14:00:00+00:00,499.6217046,60.19814408,23.07111111,504.0915986,58.65462609,22.8,17.61777778,241.4159418,316.0956288,42.45440741,7.811160847
2025-05-23 14:15:00+00:00,490.5863248,60.19083333,23.1,495.0784293,60.67921053,22.84666667,16.92790476,245.6304683,261.0931298,40.42140476,8.692282107
2025-05-23 14:30:00+00:00,485.3724556,61.56122449,23.04642857,488.4939387,62.31036749,22.8,17.54430272,249.027667,154.9984229,38.6267316,9.036274376
2025-05-23 14:45:00+00:00,478.7296825,61.89920635,23.0,482.4263588,61.81546871,22.8,16.506,252.7821753,190.8723495,36.49861905,8.733123377
2025-05-23 15:00:00+00:00,474.7069619,61.56292514,23.0,477.5855828,61.38543353,22.8,17.53111111,256.2980173,234.0415583,34.38030423,9.168291819
2025-05-23 15:15:00+00:00,471.1738901,62.83126486,23.0,475.5762291,61.90639123,22.8,17.10237179,259.5243561,214.4890445,32.39661719,9.330366568
2025-05-23 15:30:00+00:00,469.7268803,61.97798942,22.96666667,471.9769149,61.19048433,22.8,16.48222222,262.8773889,127.2591336,30.26066667,9.252222222
2025-05-23 15:45:00+00:00,465.7506746,62.69744476,22.9,468.867242,63.51571268,22.72833333,17.99634921,265.9130712,96.0239343,28.23087302,8.974788552
2025-05-23 16:00:00+00:00,463.5625,61.53269841,22.86153846,466.6240619,61.82656085,22.68214286,15.8467033,269.0573651,61.99618677,26.08895382,8.76906936
2025-05-23 16:15:00+00:00,464.2673547,62.03106318,22.8,464.5241703,62.81519833,22.6,17.31047619,272.32178,55.20830427,23.80688776,7.632290249
2025-05-23 16:30:00+00:00,462.6931,63.36010776,22.77916667,463.5256753,62.69486113,22.6,15.79146032,275.2943624,35.15156484,21.74496056,7.171355676
2025-05-23 16:45:00+00:00,463.1973356,61.91649418,22.7,463.7993827,62.22298196,22.50666667,17.047,278.4793384,41.61262852,19.44788384,7.336383333
2025-05-23 17:00:00+00:00,462.5841355,61.67778295,22.68428571,462.9909155,62.82686043,22.49857143,17.1442432,281.1140685,41.17063616,17.57757937,7.39933725
2025-05-23 17:15:00+00:00,461.0857674,61.80459748,22.6,461.4854138,62.14338828,22.42,16.32922222,284.0166099,47.37968373,15.51543545,7.804339744
2025-05-23 17:30:00+00:00,461.4527778,61.47299287,22.6,459.6252525,61.86585733,22.4,17.85,287.3559594,64.19632694,13.19645191,8.513197503
2025-05-23 17:45:00+00:00,461.695262,61.56355812,22.57380952,460.6882653,62.38857971,22.37142857,15.47151515,290.0286091,39.31235074,11.36463448,8.055139565
2025-05-23 18:00:00+00:00,460.3584197,19.66695652,22.532,460.4518712,19.17369008,22.3,16.08666667,292.9285012,24.38764359,9.366574722,8.56357672
2025-05-23 18:15:00+00:00,459.7,0.0,22.5,460.2745209,0.0,22.3,18.32678571,296.265513,22.14951804,7.186587302,8.388375902
2025-05-23 18:30:00+00:00,460.0796165,0.0,22.5,460.4103089,0.0,22.26,17.74189947,299.1979332,15.02313019,5.30500592,8.185191919
2025-05-23 18:45:00+00:00,459.9488095,0.0,22.5,458.5973214,0.0,22.2,16.99693878,302.2618367,5.88459127,3.429365852,7.668290816
2025-05-23 19:00:00+00:00,458.4436449,0.0,22.5,458.2778139,0.0,22.2,16.03714286,305.1755209,2.671737742,1.694205942,7.303703704
2025-05-23 19:15:00+00:00,457.2715508,0.0,22.43066667,457.6178764,0.0,22.14,14.9647619,308.2872407,1.701173858,0.021346801,7.266296296
2025-05-23 19:30:00+00:00,457.4091037,0.0,22.4,456.62753,0.0,22.1,14.258,311.468669,0.71775941,-1.617864521,7.320606061
2025-05-23 19:45:00+00:00,456.9158733,0.0,22.4,456.1624144,0.0,22.06761905,13.70714286,314.5623286,0.132909664,-3.185714286,7.430969388
2025-05-23 20:00:00+00:00,457.2094152,0.0,22.4,456.0,0.0,21.98283333,13.26971429,317.1764286,0.0,-4.390476191,7.488
2025-05-23 20:15:00+00:00,459.793685,0.0,22.4,455.4744616,0.0,22.0,12.79952381,321.0292063,0.0,-6.113333333,7.388666667
2025-05-23 20:30:00+00:00,461.4709869,0.0,22.4,457.23423,0.0,22.00907029,12.51369048,323.9408135,0.0,-7.254861111,7.244588745
2025-05-23 20:45:00+00:00,460.4931573,0.0,22.4,456.7134875,0.0,22.0,12.22285714,327.2246326,0.0,-8.465594877,7.039888344
2025-05-23 21:00:00+00:00,459.3861848,0.0,22.4,456.2689091,0.0,22.0,11.9504127,330.8455023,0.0,-9.655777778,6.858403175
2025-05-23 21:15:00+00:00,458.186988,0.0,22.30666667,455.1517277,0.0,22.0,11.72259259,334.2883675,0.0,-10.65726647,6.830448292
2025-05-23 21:30:00+00:00,456.9382962,0.0,22.3,455.1251033,0.0,21.93290816,11.49761905,337.8121642,0.0,-11.55734127,6.778571429
2025-05-23 21:45:00+00:00,457.0389601,0.0,22.29904762,454.5817436,0.0,21.9,11.34601852,341.125754,0.0,-12.30242063,6.645357143
2025-05-23 22:00:00+00:00,455.8715048,0.0,22.24708333,455.0069196,0.0,21.9,11.12738095,344.9478477,0.0,-12.95384615,6.713846154
2025-05-23 22:15:00+00:00,455.4974274,0.0,22.2,454.0193914,0.0,21.89880952,10.97857143,348.1747218,0.0,-13.42622378,6.989809924
2025-05-23 22:30:00+00:00,454.5693337,0.0,22.2,453.0102692,0.0,21.76387302,10.96555556,351.5234267,0.0,-13.75960684,7.138972136
2025-05-23 22:45:00+00:00,454.0890593,0.0,22.2,451.3986614,0.0,21.79378788,10.83385633,355.5389497,0.0,-14.07388889,6.909193904
2025-05-23 23:00:00+00:00,452.2451178,0.0,22.12622222,451.4335506,0.0,21.8,10.8,239.2723118,0.0,-14.19481481,6.978630342
2025-05-23 23:15:00+00:00,451.1681946,0.0,22.1,450.1593795,0.0,21.8,10.63571429,2.989107143,0.0,-14.15142857,7.153714286
2025-05-23 23:30:00+00:00,450.8938124,0.0,22.10066667,449.5773478,0.0,21.63,10.6,6.431333333,0.0,-13.992,7.0232
2025-05-23 23:45:00+00:00,450.4986467,0.0,22.1,448.58125,0.0,21.6,10.6,10.00180231,0.0,-13.68886869,6.839518519
2025-05-24 00:00:00+00:00,449.3181853,0.0,22.1,447.4231448,0.0,21.60880952,10.6,13.70183842,0.0,-13.22588052,6.863025641
2025-05-24 00:15:00+00:00,448.6198413,0.0,22.04141156,446.3037518,0.0,21.65238095,10.50892857,17.25642857,0.0,-12.62650794,6.523269841
2025-05-24 00:30:00+00:00,448.2052924,0.0,22.04,446.6251116,0.0,21.7,10.5,20.20887108,0.0,-12.04389957,6.165047619
2025-05-24 00:45:00+00:00,447.5416239,0.0,22.0,445.9664689,0.0,21.69904762,10.5,24.06059091,0.0,-11.17151515,6.013388889
2025-05-24 01:00:00+00:00,446.8751417,0.0,22.02153846,444.2291667,0.0,21.52142857,10.43333333,27.60557823,0.0,-10.19133787,6.114077381
2025-05-24 01:15:00+00:00,446.8030073,0.0,22.01580952,444.1035709,0.0,21.52740741,10.4,30.97351587,0.0,-9.168444444,6.338996032
2025-05-24 01:30:00+00:00,445.2400673,0.0,22.0,443.2981019,0.0,21.45342593,10.4,34.25453704,0.0,-8.057777778,6.435703704
2025-05-24 01:45:00+00:00,443.9135137,0.0,22.0,442.4838882,0.0,21.50645503,10.33571429,37.64857143,0.0,-6.727619048,6.36248254
2025-05-24 02:00:00+00:00,443.032967,0.0,22.0,441.7382086,0.0,21.4,10.22820513,40.85221372,0.0,-5.409348073,6.275476191
2025-05-24 02:15:00+00:00,442.410463,0.0,21.99733333,440.9755855,0.0,21.4,10.108,44.09425685,0.216722222,-3.945422078,6.055717533
2025-05-24 02:30:00+00:00,442.7888067,0.0,21.99733333,440.0021164,0.0,21.38301587,10.1,47.01,0.887291246,-2.544666667,6.002363636
2025-05-24 02:45:00+00:00,441.4026144,0.0,21.95,440.1597802,0.0,21.34375,10.02,50.39516723,2.918018346,-0.787882653,5.832946429
2025-05-24 03:00:00+00:00,441.7171835,0.0,21.96243867,439.5401182,0.0,21.34029215,9.937777778,53.38301743,7.222790714,0.755163399,5.667921569
2025-05-24 03:15:00+00:00,439.6538507,0.0,21.9,438.8895016,0.0,21.3,9.9,56.45990476,19.501021,2.514761905,5.645311355
2025-05-24 03:30:00+00:00,439.2248591,0.0,21.99333333,438.3324563,0.0,21.3,9.896984127,59.56255556,40.94088758,4.421030303,5.814926984
2025-05-24 03:45:00+00:00,438.3418399,0.0,22.0,437.9026369,0.0,21.3,9.764285714,62.54163059,39.62257676,6.264014478,5.903984492
2025-05-24 04:00:00+00:00,438.1496542,0.0,22.0,436.3181208,0.0,21.3,9.7,65.26506294,63.5837716,8.038694639,5.948670707
2025-05-24 04:15:00+00:00,436.8717016,0.0,22.0,435.0115741,0.0,21.36126984,9.7,68.31863248,68.22830588,10.07922507,6.34
2025-05-24 04:30:00+00:00,436.728663,0.0,22.0,433.2884984,0.0,21.4,9.638095238,71.35552154,75.91711459,12.15045351,6.481215986
2025-05-24 04:45:00+00:00,435.4844227,0.0,22.0,433.6215719,0.0,21.4,9.576571429,74.21352381,160.8038982,14.15333333,6.723032468
2025-05-24 05:00:00+00:00,434.2466667,0.0,22.09266667,433.5840152,0.0,21.46777778,9.5,77.28291667,165.6290932,16.34333333,7.328333333
2025-05-24 05:15:00+00:00,433.3239683,0.0,22.1,432.667511,0.0,21.48,9.5,80.22179487,125.2922634,18.41742424,7.686157102
2025-05-24 05:30:00+00:00,433.1693171,0.0,22.1,431.5341325,0.0,21.62307692,9.5,82.79886905,272.1382044,20.23935374,8.208868275
2025-05-24 05:45:00+00:00,432.9690681,0.0,22.1,431.9425837,0.0,21.55611111,9.5,86.18967033,264.7256075,22.67663004,8.453724054
2025-05-24 06:00:00+00:00,431.4268703,0.0,22.108,431.3922222,0.0,21.63565657,9.54,89.18203913,274.5256937,24.77061477,9.02667699
2025-05-24 06:15:00+00:00,431.5718678,0.0,22.2,431.5767045,0.0,21.64539072,9.6,92.34553418,267.0964104,26.94552218,9.282946429
2025-05-24 06:30:00+00:00,430.6538889,0.0,22.2,430.6533697,0.0,21.6,9.633333333,95.15457552,240.4277565,28.84548822,9.509333333
2025-05-24 06:45:00+00:00,431.3491667,0.0,22.2,430.1180653,0.0,21.67619048,9.7,98.86808249,507.6569874,31.30296633,9.82006734
2025-05-24 07:00:00+00:00,431.4133333,0.0,22.28266667,429.869697,0.0,21.78192857,9.826666667,102.2461876,385.9871199,33.46677321,10.40307407
2025-05-24 07:15:00+00:00,429.8271953,0.0,22.3,429.2306313,0.0,21.82987013,9.903231293,105.3106149,366.6823765,35.27449067,10.30880495
2025-05-24 07:30:00+00:00,429.2129585,0.0,22.3,428.5313674,0.0,21.87,10.0802037,108.7260073,403.551939,37.28710623,10.45969858
2025-05-24 07:45:00+00:00,429.2185885,0.0,22.32666667,427.8918537,0.0,21.96592593,10.34,112.5052381,529.3279513,39.32197802,10.70647619
2025-05-24 08:00:00+00:00,428.6694108,0.0,22.4,427.6474596,0.0,22.0,10.49340659,116.8321582,165.5667899,41.56900168,10.94127009
2025-05-24 08:15:00+00:00,428.5095361,0.0,22.4,426.4470905,0.0,22.0,10.64375,120.6904945,269.7386095,43.37006868,10.01781181
2025-05-24 08:30:00+00:00,427.6345052,0.0,22.4,426.8181027,0.0,21.99833333,10.8422963,124.9740873,237.4328592,45.24,10.32754365
2025-05-24 08:45:00+00:00,427.8376005,0.0,22.4,426.7908308,0.0,21.93842713,11.07940741,129.0666823,344.8094383,46.82910053,10.22154497
2025-05-24 09:00:00+00:00,427.2826461,0.0,22.46428571,425.8621362,0.0,22.0961039,11.25895692,134.0248995,488.4389662,48.59750567,10.90344218
2025-05-24 09:15:00+00:00,427.1518519,0.0,22.5,426.7275291,0.0,22.1,11.39333333,138.14975,280.4810625,49.916,11.01035897
2025-05-24 09:30:00+00:00,426.3789951,0.0,22.5,427.1698982,0.0,22.2,11.5,143.8593939,315.118095,51.44718831,11.19928265
2025-05-24 09:45:00+00:00,426.3056154,0.0,22.52230769,425.656493,0.0,22.2,11.65924908,149.2460063,272.4795762,52.67232295,11.01515201
2025-05-24 10:00:00+00:00,426.9888889,0.0,22.6,425.1762523,0.0,22.2,11.83073593,154.9838481,240.7579586,53.74361155,11.08952381
2025-05-24 10:15:00+00:00,425.4337123,0.0,22.6,425.2946388,0.0,22.26874074,11.955,160.4672914,362.3067317,54.52083333,11.32270299
2025-05-24 10:30:00+00:00,425.701614,0.0,22.66428571,424.8964446,0.0,22.3,12.14428571,166.5071252,364.1344097,55.17180647,11.70620238
2025-05-24 10:45:00+00:00,426.0419826,0.0,22.7,424.4924868,0.0,22.33333333,12.24977778,172.7515354,420.323986,55.62994949,11.57527946
2025-05-24 11:00:00+00:00,425.0741306,0.0,22.71517857,424.6177481,0.0,22.4,12.43785714,178.7087138,341.5087261,55.79285714,11.98859236
2025-05-24 11:15:00+00:00,424.1598665,0.0,22.8,424.3100907,0.0,22.4,12.50333333,184.977619,321.8393793,55.73561905,11.83643598
2025-05-24 11:30:00+00:00,424.844756,0.0,22.8,424.4947222,0.0,22.4,12.63333333,190.9528704,186.9294445,55.4346633,11.89447798
2025-05-24 11:45:00+00:00,424.6873377,0.0,22.8,423.8923549,0.0,22.4,12.7131746,196.3409323,144.4342909,55.0202323,11.17083333
2025-05-24 12:00:00+00:00,424.3214983,0.0,22.8,423.6220021,0.0,22.43055556,12.86666667,202.6483833,301.614947,54.24669902,11.19087163
2025-05-24 12:15:00+00:00,424.1432583,0.0,22.80133333,423.3058718,0.0,22.5,12.9163431,208.2687112,746.4295491,53.30632198,12.52879484
2025-05-24 12:30:00+00:00,423.7470899,0.0,22.9,423.7881481,0.0,22.5,13.07861905,214.010939,173.6312267,52.1448705,12.93216614
2025-05-24 12:45:00+00:00,423.3818462,0.0,22.88571429,422.7566956,0.0,22.5,13.15714286,219.1798186,152.6367878,50.86910714,12.17282287
2025-05-24 13:00:00+00:00,422.846586,0.0,22.89285714,423.5805068,0.0,22.53333333,13.20909091,223.8579868,753.7217796,49.51300794,12.3862094
2025-05-24 13:15:00+00:00,423.7011111,0.0,22.9,423.4180077,0.0,22.6,13.34821429,228.5256305,455.7517274,47.98906778,12.90647306
2025-05-24 13:30:00+00:00,422.1854427,0.0,22.9,422.4175298,0.0,22.61407407,13.4,232.8651058,331.8233632,46.39066911,13.04742436
2025-05-24 13:45:00+00:00,421.7544733,0.0,22.99285714,423.2419913,0.0,22.70396825,13.43839286,237.5821003,406.0831088,44.44213435,13.30441752
2025-05-24 14:00:00+00:00,421.8106269,0.0,23.03805556,422.7764706,0.0,22.85457576,13.57333333,241.4870046,711.2438409,42.67557835,13.84656111
2025-05-24 14:15:00+00:00,421.4296296,0.0,23.16,422.8092593,0.0,23.07175926,13.60074074,245.2611204,321.4974079,40.81977513,14.23481481
2025-05-24 14:30:00+00:00,422.0082237,0.0,23.2,422.5623619,0.0,23.1,13.71833333,248.8819174,422.583082,38.89628942,13.90210498
2025-05-24 14:45:00+00:00,421.5603011,0.0,23.25111111,422.1894887,0.0,23.22533333,13.88666667,252.7669339,465.7207994,36.71548433,14.32322222
2025-05-24 15:00:00+00:00,421.3742108,0.0,23.34666667,422.1068198,0.0,23.49134921,13.99907937,256.2271958,484.6767977,34.68146842,14.58747815
2025-05-24 15:15:00+00:00,421.4692216,0.0,23.42333333,421.1135338,0.0,23.77925926,14.18,259.8356306,551.0571642,32.44266088,14.83797243
2025-05-24 15:30:00+00:00,422.2938513,0.0,23.51071429,422.3665905,0.0,24.01039683,14.30918367,263.0488322,315.1198057,30.37192744,14.77582908
2025-05-24 15:45:00+00:00,421.0955882,0.0,23.6,422.0124777,0.0,24.05481518,14.52051282,266.1148077,413.5978129,28.34865385,14.6
2025-05-24 16:00:00+00:00,421.0920346,0.0,23.63666667,422.5336813,0.0,24.19659596,14.72844444,269.453341,318.7945381,26.03934151,14.71866667
2025-05-24 16:15:00+00:00,420.7683117,0.0,23.7,422.6142916,0.0,24.31060606,14.91666667,271.8493547,304.0384474,24.34470034,14.79973203
2025-05-24 16:30:00+00:00,420.5353391,0.0,23.80873016,421.931746,0.0,24.51510989,15.11769918,275.5205806,326.3233217,21.87594428,14.99778659
2025-05-24 16:45:00+00:00,420.3647882,0.0,23.9,421.9034641,0.0,24.52152778,15.32791317,278.3437222,290.7407937,19.76966667,15.10422222
2025-05-24 17:00:00+00:00,421.1294949,0.0,23.97615741,422.1321172,0.0,24.6,15.5306259,281.4226314,237.4059486,17.59715196,14.80624487
2025-05-24 17:15:00+00:00,421.0803788,0.0,24.0,421.6786869,0.0,24.55444444,15.7,284.5033564,126.0548429,15.40383838,14.76148571
2025-05-24 17:30:00+00:00,420.4955808,0.0,24.0,422.1594322,0.0,24.425,15.86061508,287.2548611,63.40807446,13.50138889,14.39652778
2025-05-24 17:45:00+00:00,421.0,0.0,23.95,421.3571429,0.0,24.15,16.05,290.7416667,33.06285714,11.1,12.7
2025-05-24 18:00:00+00:00,420.8303377,0.0,23.9,421.1334046,0.0,24.02065476,16.18777778,293.3358809,31.66561503,9.325442972,12.09175117
2025-05-24 18:15:00+00:00,421.1384921,0.0,23.83911111,421.7581349,0.0,23.89043651,16.25027778,296.3104295,25.94786966,7.373799016,11.85150707
2025-05-24 18:30:00+00:00,420.7164863,0.0,23.8,420.4893738,0.0,23.79878135,16.38269231,299.202381,18.90318573,5.524352731,11.71675465
2025-05-24 18:45:00+00:00,421.2727273,0.0,23.74545455,420.6590909,0.0,23.7525,16.4,302.07,12.14681818,3.735,11.59775
2025-05-24 19:00:00+00:00,419.5989011,0.0,23.69619048,420.1211045,0.0,23.62588023,16.4,305.5236594,6.575699093,1.701805556,11.5
2025-05-24 19:15:00+00:00,420.2229167,0.0,23.6,419.9792929,0.0,23.6,16.4,308.1573038,2.752338384,0.263070869,11.18982372
2025-05-24 19:30:00+00:00,419.574637,0.0,23.59263158,420.2666667,0.0,23.50316667,16.37809023,311.4044923,0.567246153,-1.411687552,10.96633543
2025-05-24 19:45:00+00:00,419.943418,0.0,23.5,420.0858822,0.0,23.43795788,16.29833333,314.5642756,0.127222222,-2.990085165,10.94687546
2025-05-24 20:00:00+00:00,419.3636364,0.0,23.43,419.7076023,0.0,23.4,16.2,317.9417941,0.0,-4.574056561,10.98846154
2025-05-24 20:15:00+00:00,419.7816667,0.0,23.4,419.2266667,0.0,23.304,16.18111111,320.9965635,0.0,-5.887083333,10.85361667
2025-05-24 20:30:00+00:00,418.4571429,0.0,23.4,418.5878307,0.0,23.24,16.04666667,324.347619,0.0,-7.209179894,10.86066667
2025-05-24 20:45:00+00:00,417.9972769,0.0,23.37466667,419.1778688,0.0,23.14488889,15.97888889,327.3609455,0.0,-8.339289375,10.90366667
2025-05-24 21:00:00+00:00,417.6784271,0.0,23.3,419.0116513,0.0,23.1,15.84857143,331.0661671,0.0,-9.539047619,10.98807923
2025-05-24 21:15:00+00:00,417.4005221,0.0,23.3,417.5778105,0.0,23.0226677,15.72,334.2162222,0.0,-10.47119826,10.90333333
2025-05-24 21:30:00+00:00,417.8492997,0.0,23.2,417.1252776,0.0,22.97416667,15.62327073,337.7296964,0.0,-11.34816667,10.82561438
2025-05-24 21:45:00+00:00,416.0518162,0.0,23.2,416.6241453,0.0,22.9,15.5,341.7421551,0.0,-12.23906982,10.94982906
2025-05-24 22:00:00+00:00,415.9939988,0.0,23.17572314,416.0333333,0.0,22.88333333,15.40909091,345.4852237,0.0,-12.86215565,11.01276168
2025-05-24 22:15:00+00:00,415.4905529,0.0,23.1,415.8615942,0.0,22.8,15.3,348.2900102,0.0,-13.23948718,11.06028846
2025-05-24 22:30:00+00:00,415.489387,0.0,23.1,415.7447368,0.0,22.8,15.18461538,351.8660995,0.0,-13.62545788,10.90713287
2025-05-24 22:45:00+00:00,415.2003648,0.0,23.02989394,415.4286643,0.0,22.76111111,15.01372222,355.4632168,0.0,-13.88797619,10.97293122
2025-05-24 23:00:00+00:00,414.2016741,0.0,22.99733333,414.427846,0.0,22.7,14.98,239.238373,0.0,-14.0,11.00380688
2025-05-24 23:15:00+00:00,412.8440764,0.0,22.9,414.1995614,0.0,22.7,14.87857143,2.925376984,0.0,-13.95191327,11.0894898
2025-05-24 23:30:00+00:00,412.4799595,0.0,22.9,413.7838043,0.0,22.67244444,14.8,6.398666667,0.0,-13.79333333,11.1
2025-05-24 23:45:00+00:00,413.3425622,0.0,22.9,414.0003331,0.0,22.6,14.76704545,10.00997863,0.0,-13.49060847,11.06168519
2025-05-25 00:00:00+00:00,412.9355721,0.0,22.9,413.9497447,0.0,22.6,14.65714286,13.53061224,0.0,-13.06204082,11.05119048
2025-05-25 00:15:00+00:00,411.9150159,0.0,22.836,413.1233115,0.0,22.6,14.6,16.82106741,0.0,-12.54485151,11.15773148
2025-05-25 00:30:00+00:00,411.3209552,0.0,22.8,411.8661616,0.0,22.6,14.56666667,20.51986772,0.0,-11.82282011,11.28758567
2025-05-25 00:45:00+00:00,410.9396891,0.0,22.8,411.2584076,0.0,22.55333333,14.5,23.99287037,0.0,-11.00462963,11.4
2025-05-25 01:00:00+00:00,410.2928266,0.0,22.79285714,410.9319569,0.0,22.5,14.44761905,27.3388542,0.0,-10.12217116,11.44010907
2025-05-25 01:15:00+00:00,409.250771,0.0,22.7,410.1733652,0.0,22.5,14.38351648,30.83752381,0.0,-9.021333333,11.5056381
2025-05-25 01:30:00+00:00,409.8911902,0.0,22.7,409.8377959,0.0,22.5,14.3,34.24166546,0.0,-7.844641414,11.49683614
2025-05-25 01:45:00+00:00,408.5480808,0.0,22.7,409.8845842,0.0,22.428,14.3,37.52279446,0.0,-6.602283454,11.4005567
2025-05-25 02:00:00+00:00,409.0437296,0.0,22.7,409.8918629,0.0,22.4,14.3,40.79285714,0.0,-5.221428571,11.48642857
2025-05-25 02:15:00+00:00,407.3128283,0.0,22.7,408.5133333,0.0,22.4,14.25333333,43.96903439,0.044909091,-3.806989418,11.55138095
2025-05-25 02:30:00+00:00,408.699379,0.0,22.61333333,407.5895556,0.0,22.4,14.2,47.04314014,0.327184647,-2.319738128,11.68403518
2025-05-25 02:45:00+00:00,406.7492914,0.0,22.6,407.2069368,0.0,22.4,14.19897959,50.25178571,0.687343358,-0.670238095,11.73166667
2025-05-25 03:00:00+00:00,407.1257692,0.0,22.6,406.3240268,0.0,22.32977778,14.11344444,53.00801058,1.292985674,0.778176512,11.74672593
2025-05-25 03:15:00+00:00,406.633769,0.0,22.6,406.2173017,0.0,22.3,14.1,56.0925,3.927666098,2.542833333,11.67345
2025-05-25 03:30:00+00:00,405.5019672,0.0,22.6,405.5861006,0.0,22.3,14.1,59.50037037,6.819210567,4.541481482,11.6
2025-05-25 03:45:00+00:00,405.6458355,0.0,22.6,405.2231981,0.0,22.3,14.1,62.28265873,7.162058122,6.338134921,11.51666667
2025-05-25 04:00:00+00:00,405.2070513,0.0,22.6,403.7980676,0.0,22.3,14.1,64.96924218,10.0519568,8.077369889,11.41888757
2025-05-25 04:15:00+00:00,404.992619,0.0,22.6,404.8623606,0.0,22.3,14.08533333,68.03379365,25.00832171,10.12486243,11.28540659
2025-05-25 04:30:00+00:00,404.7530612,0.0,22.6,404.0,0.0,22.3,14.0,71.26696429,40.07651936,12.29589286,11.11690476
2025-05-25 04:45:00+00:00,403.6807391,0.0,22.58755556,403.3516364,0.0,22.3,14.0,73.97954497,42.63417155,14.22084921,11.11166667
2025-05-25 05:00:00+00:00,403.7195099,0.0,22.56666667,402.4561126,0.0,22.3,13.98666667,77.07888889,26.14174544,16.4012963,10.94915741
2025-05-25 05:15:00+00:00,402.6239703,0.0,22.5,403.2435556,0.0,22.3,13.9,80.20307239,26.74987135,18.63188432,10.59927778
2025-05-25 05:30:00+00:00,403.1384928,0.0,22.50089286,402.121604,0.0,22.3,13.9,82.99920472,47.28202858,20.62482458,10.45870467
2025-05-25 05:45:00+00:00,403.6017032,0.0,22.5047619,401.6605599,0.0,22.3,13.9,86.12244898,41.61903994,22.80612245,10.62641582
2025-05-25 06:00:00+00:00,402.3094661,0.0,22.53246032,401.5695188,0.0,22.3,13.9,89.06686243,35.18682516,24.87327778,10.67874074
2025-05-25 06:15:00+00:00,401.6626852,0.0,22.5,401.2899584,0.0,22.3,13.9,92.38886243,49.47232199,27.15853704,10.66326455
2025-05-25 06:30:00+00:00,401.4428997,0.0,22.51363636,400.2941173,0.0,22.3,13.9,95.04119048,49.7838533,28.95568876,10.57987013
2025-05-25 06:45:00+00:00,400.4862558,0.0,22.53269038,399.7292015,0.0,22.3,13.9,98.66910712,73.99543973,31.38336638,10.51296011
2025-05-25 07:00:00+00:00,399.6233069,0.0,22.596,400.267619,0.0,22.3,13.87925926,102.1045529,78.16199607,33.58092186,10.67321978
2025-05-25 07:15:00+00:00,400.1359439,0.0,22.5953264,399.6626984,0.0,22.3,13.8,105.4938062,64.92513432,35.60241758,10.7
2025-05-25 07:30:00+00:00,398.6888889,0.0,22.6,399.4811966,0.0,22.3,13.79030303,109.0768206,66.3859766,37.73644093,10.69562843
2025-05-25 07:45:00+00:00,398.2606061,0.0,22.6,399.2459259,0.0,22.3,13.7,112.7420366,60.3034,39.698884,10.72117576
2025-05-25 08:00:00+00:00,398.5283962,0.0,22.6,398.7061462,0.0,22.3,13.7,116.1172209,53.02632125,41.42720452,10.74090474
2025-05-25 08:15:00+00:00,397.9246753,0.0,22.6,398.1564935,0.0,22.3,13.7,120.5742177,74.53217726,43.5692249,10.90676665
2025-05-25 08:30:00+00:00,397.8755556,0.0,22.6,398.157037,0.0,22.3,13.67,124.8386746,67.99081667,45.38869841,10.94943571
2025-05-25 08:45:00+00:00,397.7487238,0.0,22.6,396.8631046,0.0,22.3,13.6,129.33634,83.16350676,47.17599628,11.03282935
2025-05-25 09:00:00+00:00,397.0777778,0.0,22.6,396.0757576,0.0,22.3,13.6,133.9905556,78.62333333,48.74285714,11.16
2025-05-25 09:15:00+00:00,396.7155785,0.0,22.6,395.5641026,0.0,22.3,13.6,138.8458037,105.5740174,50.24468864,11.30744048
2025-05-25 09:30:00+00:00,396.95,0.0,22.6,395.8879371,0.0,22.3,13.6,144.0369872,115.6569231,51.72388889,11.45715326
2025-05-25 09:45:00+00:00,396.5481481,0.0,22.6,395.1555556,0.0,22.3,13.6,149.1007407,100.5873192,52.82388889,11.64796296
2025-05-25 10:00:00+00:00,396.661823,0.0,22.6,395.3387568,0.0,22.3,13.6,154.8835948,97.09634887,53.90092308,11.75840163
2025-05-25 10:15:00+00:00,395.5322955,0.0,22.6,394.9968254,0.0,22.31262515,13.64755556,160.6126425,90.94027734,54.74603175,11.85777125
2025-05-25 10:30:00+00:00,395.4611111,0.0,22.6,394.8972789,0.0,22.3214896,13.7,166.6609244,82.44954887,55.3875,11.91628151
2025-05-25 10:45:00+00:00,394.5847273,0.0,22.6,394.4127104,0.0,22.36697292,13.76876547,172.37681,68.61096413,55.74279365,12.02088889
2025-05-25 11:00:00+00:00,393.8718855,0.0,22.6,394.1122222,0.0,22.31416667,13.80242424,178.8094204,118.4898389,55.99,12.11315556
2025-05-25 11:15:00+00:00,393.2975505,0.0,22.6,393.6145328,0.0,22.4,13.9,184.991619,133.4086211,55.90780952,12.33771429
2025-05-25 11:30:00+00:00,392.8333333,0.0,22.60916667,394.4416667,0.0,22.4,13.9,191.04375,122.8878056,55.625,12.5398125
2025-05-25 11:45:00+00:00,394.0427225,0.0,22.69633333,394.2669863,0.0,22.4,13.9,196.7076976,112.8351524,55.16130322,12.83649283
2025-05-25 12:00:00+00:00,392.22,0.0,22.7,393.6181699,0.0,22.4,13.9,202.7949103,97.18975556,54.39780741,12.94737037
2025-05-25 12:15:00+00:00,392.2159091,0.0,22.7,393.1111111,0.0,22.4,13.9,208.6608081,91.38858418,53.40061111,12.9973
2025-05-25 12:30:00+00:00,392.2830499,0.0,22.7,392.9746032,0.0,22.4,13.91428571,213.6994777,89.27101789,52.40741445,13.08854064
2025-05-25 12:45:00+00:00,392.683373,0.0,22.7,392.4374595,0.0,22.4,14.0,218.9841442,88.87270357,51.09160361,13.11818571
2025-05-25 13:00:00+00:00,391.7717283,0.0,22.7,393.2807692,0.0,22.4,14.06425397,224.0744974,96.47273131,49.64014815,13.1
2025-05-25 13:15:00+00:00,391.8417622,0.0,22.7,391.5152453,0.0,22.4,14.1,228.9691667,123.6657222,48.01507576,13.21146753
2025-05-25 13:30:00+00:00,392.4373626,0.0,22.7,391.362585,0.0,22.4,14.10071429,233.3810444,114.5864297,46.35492424,13.35200433
2025-05-25 13:45:00+00:00,391.4184195,0.0,22.76224242,390.8333333,0.0,22.4,14.2,237.6023954,133.9662243,44.63387302,13.5402
2025-05-25 14:00:00+00:00,391.6196476,0.0,22.8,390.3095565,0.0,22.43237179,14.2647619,241.6463568,73.10572421,42.81357775,13.587511
2025-05-25 14:15:00+00:00,391.1191697,0.0,22.79666667,389.8307937,0.0,22.41,14.3,245.7967999,82.19658153,40.75890035,13.6622037
2025-05-25 14:30:00+00:00,390.5664336,0.0,22.8,390.1710884,0.0,22.4,14.3,249.4100471,66.85239966,38.85287807,13.77447017
2025-05-25 14:45:00+00:00,390.8527778,0.0,22.8,390.6108974,0.0,22.41416667,14.31407407,253.0080532,109.5786068,36.80757843,13.96029496
2025-05-25 15:00:00+00:00,389.920178,0.0,22.8,390.1878343,0.0,22.5,14.44833333,256.5085661,97.85139815,34.7668836,14.44569418
2025-05-25 15:15:00+00:00,390.3634615,0.0,22.8,390.4116809,0.0,22.5,14.55277778,260.1633333,64.4159765,32.4675,14.56260897
2025-05-25 15:30:00+00:00,389.7716667,0.0,22.8,389.2877778,0.0,22.5,14.6,263.3606296,65.68946667,30.38440741,14.60533333
2025-05-25 15:45:00+00:00,389.9761905,0.0,22.8,389.8928571,0.0,22.5,14.6,266.4944133,63.95136735,28.32249433,14.50178571
2025-05-25 16:00:00+00:00,389.6309524,0.0,22.8,389.7988166,0.0,22.5,14.62307692,269.4032761,61.18409128,26.33189295,14.46564103
2025-05-25 16:15:00+00:00,389.7692308,0.0,22.8,389.2706313,0.0,22.5,14.7,272.4555262,51.41364792,24.10252331,14.94326923
2025-05-25 16:30:00+00:00,389.559503,0.0,22.8,389.3019897,0.0,22.5,14.77089519,275.4474527,43.17722588,22.06817675,14.93650631
2025-05-25 16:45:00+00:00,388.9594394,0.0,22.8,388.72007,0.0,22.52013889,14.8,278.5822009,239.3034177,19.8162719,15.11615002
2025-05-25 17:00:00+00:00,388.858771,0.0,22.88761905,389.2355012,0.0,22.6,14.8,281.5956806,88.25167396,17.69103295,15.35582593
2025-05-25 17:15:00+00:00,389.3918962,0.0,22.9,388.5050682,0.0,22.63680688,14.85777778,284.3419584,106.3312407,15.76053151,15.59855644
2025-05-25 17:30:00+00:00,389.5688889,0.0,22.95,388.5814815,0.0,22.83705556,14.9,287.660303,162.484293,13.41394772,15.92833333
2025-05-25 17:45:00+00:00,388.7196609,0.0,23.0,388.4614796,0.0,22.85535714,14.90938776,290.4431736,35.762856,11.50684395,15.6944494
2025-05-25 18:00:00+00:00,389.1851933,0.0,23.0,387.9675439,0.0,22.77047619,15.0,293.3111958,56.16938033,9.558195767,15.49818547
2025-05-25 18:15:00+00:00,389.5251859,0.0,23.00190476,387.927286,0.0,22.82666667,15.0,296.3909048,71.74569143,7.508674603,15.58518254
2025-05-25 18:30:00+00:00,387.8152633,0.0,23.05015873,388.4925353,0.0,22.82666667,15.0,299.4257354,33.62458384,5.578648148,15.47185185
2025-05-25 18:45:00+00:00,388.5909091,0.0,23.0,387.4881213,0.0,22.8,15.0,302.4525781,20.33273178,3.746401515,15.11602273
2025-05-25 19:00:00+00:00,389.0382238,0.0,23.0,387.5675484,0.0,22.8,15.0,305.1085248,10.04616315,2.154889166,14.89096508
2025-05-25 19:15:00+00:00,388.797061,0.0,23.0,388.0810549,0.0,22.71,15.0,308.4218836,4.228712765,0.362925926,14.72392552
2025-05-25 19:30:00+00:00,388.5593389,0.0,22.97115385,387.9885869,0.0,22.69285714,15.0,311.5271274,1.625376304,-1.268565244,14.5749931
2025-05-25 19:45:00+00:00,388.1375322,0.0,22.9,388.1148701,0.0,22.6,15.011,314.57008,0.373090075,-2.777826246,14.4654537
2025-05-25 20:00:00+00:00,388.1059451,0.0,22.9,387.886684,0.0,22.6,15.1,317.9804667,0.054814815,-4.388333333,14.3080381
2025-05-25 20:15:00+00:00,388.015873,0.0,22.9,387.7569494,0.0,22.6,15.1,320.5582646,0.0,-5.504447811,14.35976864
2025-05-25 20:30:00+00:00,387.7375,0.0,22.9,387.5264556,0.0,22.6,15.1,324.3265295,0.0,-7.02797292,13.98052329
2025-05-25 20:45:00+00:00,387.7415121,0.0,22.86,386.7866618,0.0,22.6,15.1,327.2231298,0.0,-8.068527066,13.73930779
2025-05-25 21:00:00+00:00,387.1528179,0.0,22.8,387.7959364,0.0,22.59272727,15.06,330.6998117,0.0,-9.223071429,13.69116402
2025-05-25 21:15:00+00:00,387.7601205,0.0,22.8,386.5348355,0.0,22.5,15.0,334.5855503,0.0,-10.37621958,13.63702857
2025-05-25 21:30:00+00:00,386.5558773,0.0,22.8,387.1771985,0.0,22.5,15.0,337.8450622,0.0,-11.19207638,13.51178629
2025-05-25 21:45:00+00:00,386.5353564,0.0,22.8,386.9160859,0.0,22.5,15.0,341.309867,0.0,-11.97130471,13.30666667
2025-05-25 22:00:00+00:00,386.2881196,0.0,22.8,386.9605556,0.0,22.5,14.94444444,344.8150159,0.0,-12.57956349,13.14644021
2025-05-25 22:15:00+00:00,387.0149638,0.0,22.8,385.5480051,0.0,22.42666667,14.87833333,348.4303428,0.0,-13.10144263,12.72304615
2025-05-25 22:30:00+00:00,386.0967215,0.0,22.76428571,386.2659173,0.0,22.4,14.8,352.035,0.0,-13.50553571,12.33285714
2025-05-25 22:45:00+00:00,386.6077369,0.0,22.71619048,385.5923077,0.0,22.4,14.76555556,355.6333638,0.0,-13.70288889,12.00177778
2025-05-25 23:00:00+00:00,386.4867479,0.0,22.7,386.0841284,0.0,22.4,14.7,254.9519896,0.0,-13.8,11.78772381
2025-05-25 23:15:00+00:00,386.0116739,0.0,22.7,385.945703,0.0,22.4,14.7,2.887055556,0.0,-13.78583333,11.53833026
2025-05-25 23:30:00+00:00,386.3179654,0.0,22.7,386.000954,0.0,22.31857143,14.7,6.442857143,0.0,-13.61326531,11.31842586
2025-05-25 23:45:00+00:00,385.5531598,0.0,22.7,385.9950782,0.0,22.3,14.69333333,9.968476191,0.0,-13.29587302,11.06666667
2025-05-26 00:00:00+00:00,385.8546296,0.0,22.63333333,385.6979894,0.0,22.3,14.59,13.43586053,0.0,-12.90111111,10.90798368
2025-05-26 00:15:00+00:00,386.3622581,0.0,22.6,385.1034176,0.0,22.26366667,14.34666667,17.14285714,0.0,-12.29761905,10.721
2025-05-26 00:30:00+00:00,385.7356469,0.0,22.6,384.31443,0.0,22.2,14.22142857,20.61614358,0.0,-11.61488095,10.44757488
2025-05-26 00:45:00+00:00,385.6810438,0.0,22.6,383.6358974,0.0,22.2,14.015,24.02111111,0.0,-10.82644444,10.31374603
2025-05-26 01:00:00+00:00,384.2859756,0.0,22.6,384.2579087,0.0,22.15777778,13.82,27.34865584,0.0,-9.897126577,10.09634913
2025-05-26 01:15:00+00:00,383.8260554,0.0,22.6,383.719087,0.0,22.1,13.65,30.82982864,0.0,-8.836456401,9.878571429
2025-05-26 01:30:00+00:00,383.9626263,0.0,22.6,383.4657576,0.0,22.1,13.48,34.10207143,0.0,-7.727595238,9.798333333
2025-05-26 01:45:00+00:00,383.9751376,0.0,22.52,384.4365387,0.0,22.1,13.36311111,37.36231093,0.0,-6.477661228,9.705660173
2025-05-26 02:00:00+00:00,383.6973203,0.0,22.51355556,383.4533333,0.0,22.1,13.25619048,40.67960317,0.024777778,-5.102476191,9.600126496
2025-05-26 02:15:00+00:00,383.1145411,0.0,22.5,382.9838088,0.0,22.02857143,13.13571429,43.54619048,0.331418122,-3.765714286,9.574571429
2025-05-26 02:30:00+00:00,385.3423731,0.0,22.5,385.9099674,0.0,21.99407407,12.96740741,46.95762963,1.472360353,-2.159259259,9.481857143
2025-05-26 02:45:00+00:00,398.2886469,0.0,22.6,401.6070427,0.0,22.17466667,12.9,49.98665825,4.348100775,-0.604057239,9.4
2025-05-26 03:00:00+00:00,407.9046406,33.39995399,22.59333333,401.7740824,31.3769281,22.2,15.10374868,52.87065967,10.47821435,0.90996152,9.338379085
2025-05-26 03:15:00+00:00,414.3228641,66.02082431,22.6,410.0963115,65.79615385,22.2,19.0452381,56.39530277,26.82704948,2.889645176,9.465612245
2025-05-26 03:30:00+00:00,421.915346,63.8444748,22.6,419.1863236,66.78795116,22.2,17.33721429,59.13185354,47.10532003,4.55454329,9.496296296
2025-05-26 03:45:00+00:00,431.459495,62.37383716,22.6,426.5860944,68.46759848,22.2,17.18952381,62.33078348,74.71513687,6.562920635,9.574814815
2025-05-26 04:00:00+00:00,439.3270469,61.27725885,22.62307692,432.299375,66.98431732,22.2,17.1,65.15755952,100.8664238,8.396258503,9.761327423
2025-05-26 04:15:00+00:00,444.3960566,61.78986928,22.674,438.4483544,67.07469431,22.2,17.18761905,68.18310317,126.1989525,10.44062554,10.01333333
2025-05-26 04:30:00+00:00,449.7230534,61.81018968,22.7,443.8236493,67.89128394,22.18666667,17.00719312,70.98509804,152.2492346,12.3232549,10.35833333
2025-05-26 04:45:00+00:00,457.6421906,61.49204991,22.7,447.3087677,67.13416923,22.13444444,17.03955507,74.06587302,188.5665113,14.49529762,10.69991604
2025-05-26 05:00:00+00:00,472.7690094,61.44829932,22.78472171,452.4288776,67.90001419,22.28339054,17.05714286,76.8470653,218.9186629,16.45385797,11.10180715
2025-05-26 05:15:00+00:00,500.7214293,61.9100733,22.72211538,466.5968807,62.8864787,22.35943223,17.055,79.59633455,248.4968132,18.4074823,11.34994286
2025-05-26 05:30:00+00:00,528.0198567,62.24421303,22.93984367,504.5355065,62.42433397,22.36607937,17.11616667,82.96823016,287.488312,20.80504762,11.71851852
2025-05-26 05:45:00+00:00,539.925249,62.10670897,23.07357143,545.6985064,61.31441963,22.59460421,17.04873016,85.94894841,295.9361255,22.92050685,12.22943723
2025-05-26 06:00:00+00:00,548.9347475,61.9062963,23.14133333,589.6124987,61.91306752,22.765,17.05785714,89.01864286,325.9043905,25.08346154,12.28651111
2025-05-26 06:15:00+00:00,596.9806514,62.78108476,23.20577778,649.5286628,62.07447076,22.83583333,16.96909091,92.02874579,385.0345447,27.15979927,12.50959599
2025-05-26 06:30:00+00:00,647.6806209,62.09739185,23.312,695.2721256,62.98983025,23.05888889,16.82,95.13216524,424.1045538,29.26259259,12.86090761
2025-05-26 06:45:00+00:00,674.2552471,62.47344164,23.43035714,709.7691554,62.69613428,23.23871032,16.9,98.55880102,434.8008265,31.53495181,13.48079004
2025-05-26 07:00:00+00:00,658.3080664,63.17246272,23.55892857,682.779779,63.3165368,23.25,17.02,101.9080423,483.409556,33.65216931,13.61884199
2025-05-26 07:15:00+00:00,674.993857,63.32544012,23.69642063,665.108222,63.65190324,23.3,17.10666667,105.2865714,512.3857303,35.72552381,14.14178571
2025-05-26 07:30:00+00:00,696.6786132,62.2122242,23.85014534,669.506205,63.72233683,23.34761905,17.22048148,109.0279365,561.6859704,37.90888889,14.49310606
2025-05-26 07:45:00+00:00,696.2104824,62.84271542,23.9475,705.8635898,64.25244294,23.46095238,17.21666667,112.5246939,585.5316585,39.81862245,14.91959184
2025-05-26 08:00:00+00:00,664.5394762,64.13370759,23.97,680.7595498,65.73495061,23.6,16.92444444,116.3523651,611.017133,41.76422222,15.39168095
2025-05-26 08:15:00+00:00,652.6231248,66.90994948,24.07466667,673.7095486,63.66102855,23.57566667,17.14571429,120.4552391,715.2518515,43.71124625,15.69459274
2025-05-26 08:30:00+00:00,651.0914045,73.77670235,24.07949392,671.6583013,64.3965177,23.66507937,16.92040816,124.6248824,382.1768943,45.51535714,15.89380952
2025-05-26 08:45:00+00:00,656.1947904,86.80395802,24.06388889,690.5613272,65.91365453,23.72074651,16.88738095,128.9345519,601.5675961,47.22605128,15.93071795
2025-05-26 09:00:00+00:00,654.4908598,91.95352385,24.08969841,666.4154905,65.0859604,23.75333333,17.18988889,133.1627275,509.8938512,48.71507143,16.17172288
2025-05-26 09:15:00+00:00,656.2202334,97.88570199,24.06918254,664.5600493,63.78515275,23.68949907,17.02157209,138.0068591,711.188151,50.24244969,16.05301769
2025-05-26 09:30:00+00:00,636.7278962,105.9123601,24.025,619.1171892,67.331423,23.64309524,17.21309524,143.8504422,500.9955287,51.83930118,16.38262657
2025-05-26 09:45:00+00:00,615.0376058,106.2240067,24.04325397,603.7123329,65.68900332,23.61666667,17.1,149.0186508,512.0027892,53.0097037,16.57878788
2025-05-26 10:00:00+00:00,622.2058445,97.36457135,23.91563492,598.8163769,64.09904241,23.64309524,17.07436508,154.8325568,675.1232932,54.08389226,16.26826768
2025-05-26 10:15:00+00:00,617.8264923,102.9733612,24.05964286,600.1073902,66.83623599,23.75238095,17.03571429,160.5240917,246.0437049,54.9147619,16.05076786
2025-05-26 10:30:00+00:00,621.6961522,108.1281531,24.06755556,635.0746801,65.87581699,23.8,17.28142857,166.0895767,475.8434631,55.52370635,17.02082078
2025-05-26 10:45:00+00:00,619.2905365,120.623251,24.11322222,628.0530333,65.7168024,23.89333333,17.25333333,171.9436667,488.5558538,55.92657407,16.65020875
2025-05-26 11:00:00+00:00,617.1781865,135.1109728,24.11005291,628.2850114,65.19936383,24.04285714,17.39037037,178.474607,540.5199802,56.16533333,17.30731852
2025-05-26 11:15:00+00:00,611.8244519,144.9531746,24.07017857,631.3998747,64.79446869,24.0,15.51909014,184.8104167,65.48253727,56.08214286,14.25098214
2025-05-26 11:30:00+00:00,612.6864372,151.751841,24.06077778,639.0914437,63.39473406,23.98733333,15.64266667,190.7585659,103.500591,55.83006494,11.84504261
2025-05-26 11:45:00+00:00,610.2037963,154.8076335,23.95333333,630.7765907,66.10651817,23.99444444,16.91866667,197.2346032,220.3321303,55.25666667,11.47507143
2025-05-26 12:00:00+00:00,616.4678571,156.3695146,24.01142857,623.1266332,64.64535714,23.90150794,17.20857143,202.8304119,176.861872,54.5664591,11.81090909
2025-05-26 12:15:00+00:00,626.0618687,156.6597074,23.96122222,627.042512,63.83201511,23.9,16.86638889,208.4734259,266.8214232,53.63300265,12.3237381
2025-05-26 12:30:00+00:00,639.9570574,156.4391082,24.00156085,641.74994,63.43733662,23.875,17.28705495,213.7317354,409.1475712,52.56648535,13.55568616
2025-05-26 12:45:00+00:00,635.5176603,161.3581956,24.17238889,626.1354846,61.50915027,23.87333333,17.47016667,219.2225303,749.0997088,51.20275926,14.25656239
2025-05-26 13:00:00+00:00,615.6633929,173.2400794,24.16693878,602.6791823,60.85694383,23.80085317,17.47857143,224.2487222,719.705259,49.79187796,15.45634936
2025-05-26 13:15:00+00:00,608.7083531,181.0257188,24.07619048,584.2141527,60.67843005,23.84013468,17.68222222,228.6838903,697.9685983,48.32156999,16.07833333
2025-05-26 13:30:00+00:00,591.2720924,186.6518676,24.02066667,556.4044004,60.2393828,23.88,16.99777778,233.2751491,289.9645484,46.58840308,16.05605657
2025-05-26 13:45:00+00:00,560.1333817,190.6346405,24.03833333,537.878238,60.59088428,23.78571429,16.72,237.6989815,116.5529685,44.80814815,16.13407407
2025-05-26 14:00:00+00:00,539.1200749,81.06812513,23.91428571,522.1194778,58.82970363,23.64676871,16.39285714,241.7622835,163.0499054,42.95522444,16.1674026
2025-05-26 14:15:00+00:00,550.6252375,64.4725,23.93031746,516.6053565,59.80835785,23.73940741,16.97719577,245.7215034,578.4184215,41.00682295,16.97513571
2025-05-26 14:30:00+00:00,538.7416276,62.72145562,24.01622222,521.0011988,61.31755166,23.97240741,17.73166667,249.5639116,514.0898366,38.97797619,17.74728355
2025-05-26 14:45:00+00:00,532.6973507,63.83315536,24.1,518.9147736,61.85121308,24.13466667,16.14777778,253.3107985,408.6417441,36.85364598,17.60186243
2025-05-26 15:00:00+00:00,529.0219425,64.38395405,24.1502551,517.213954,63.13077228,24.15714286,17.20444444,256.3206674,179.1758034,35.11596681,17.35465729
2025-05-26 15:15:00+00:00,509.5888889,62.7555698,24.17866667,512.4416167,62.48551563,24.11333333,17.06488889,259.9158254,419.3423441,32.86521429,16.98961905
2025-05-26 15:30:00+00:00,497.0962963,64.88776844,24.2,505.5286555,63.27678045,24.43740741,17.66866667,263.3728373,372.1496423,30.5999603,17.56602116
2025-05-26 15:45:00+00:00,490.5614131,64.11884921,24.18571429,497.2527881,61.72736573,24.23604853,16.63785714,266.4795337,122.7315054,28.52461735,16.8809127
2025-05-26 16:00:00+00:00,484.2061318,64.42912939,24.1,489.823572,62.1743746,24.13833333,16.22666667,269.4327273,275.4059752,26.4991342,16.66066667
2025-05-26 16:15:00+00:00,479.296676,63.56335189,24.17333333,484.3992276,61.18934878,24.46533333,17.16,272.5926902,315.0684891,24.30944863,17.09386739
2025-05-26 16:30:00+00:00,476.2658729,62.85820441,24.2,479.1479341,61.63013049,24.62333333,17.15166667,275.6621869,269.7609603,22.10171789,17.02709091
2025-05-26 16:45:00+00:00,473.6657751,63.64109583,24.23690476,475.4716602,61.90286114,24.75119048,16.21309524,278.6390004,278.2551567,20.01081914,16.9042505
2025-05-26 17:00:00+00:00,470.6243875,63.67804613,24.26666667,472.4331298,62.07071464,24.5594709,17.06533333,281.6592891,57.03433284,17.85601099,16.3078871
2025-05-26 17:15:00+00:00,468.7995178,63.74811005,24.2,471.468186,62.15812334,24.37333333,16.68083333,284.6102165,73.15692347,15.76758598,15.70446898
2025-05-26 17:30:00+00:00,467.1113745,63.95535714,24.12857143,468.0017361,62.17328042,24.24285714,17.19357143,287.4856151,38.40328373,13.71706349,15.3335
2025-05-26 17:45:00+00:00,465.9849753,64.43240717,24.05,466.9064203,62.64993434,24.14821429,17.0470805,290.338143,39.88833937,11.74720676,14.90216492
2025-05-26 18:00:00+00:00,465.1750654,17.04444444,24.04,465.9733333,15.99555556,24.15066667,17.44269841,293.3880505,121.8159607,9.701983165,15.02865586
2025-05-26 18:15:00+00:00,463.8022368,0.0,24.1,464.6628986,0.0,24.19619048,17.26666667,296.2803602,70.16397157,7.781382244,15.20919591
2025-05-26 18:30:00+00:00,463.1175618,0.0,24.06,463.8215904,0.0,24.04,17.18533333,299.5128485,19.69671512,5.724310005,14.52373148
2025-05-26 18:45:00+00:00,461.8607993,0.0,24.0,463.8493622,0.0,23.94169719,17.1,302.454623,13.75481276,3.918344077,13.93414116
2025-05-26 19:00:00+00:00,461.4512991,0.0,23.93333333,463.801595,0.0,23.81333333,17.05733333,305.2487009,8.624531096,2.305555556,13.53332445
2025-05-26 19:15:00+00:00,460.0713483,0.0,23.89925926,461.5186447,0.0,23.8,16.89444444,308.4959916,5.191000544,0.450011304,13.10476823
2025-05-26 19:30:00+00:00,459.7296597,0.0,23.8,461.4932775,0.0,23.72142857,16.73571429,311.5926098,2.059939394,-1.095634921,12.78374562
2025-05-26 19:45:00+00:00,459.7715271,0.0,23.79866667,461.3667316,0.0,23.64920635,16.55485714,314.5796104,0.731955934,-2.599471862,12.55442078
2025-05-26 20:00:00+00:00,459.6442785,0.0,23.7,461.3588778,0.0,23.6,16.356,317.8537559,0.126849062,-4.133632997,12.20136633
2025-05-26 20:15:00+00:00,459.0545847,0.0,23.7,461.2895349,0.0,23.5447619,16.15444444,321.1086984,0.0,-5.53452381,11.97933333
2025-05-26 20:30:00+00:00,459.5305904,0.0,23.62477041,460.6451956,0.0,23.49107143,15.93341837,324.4139381,0.0,-6.870570055,11.70435941
2025-05-26 20:45:00+00:00,459.5340872,0.0,23.6,460.2015017,0.0,23.4,15.9,327.5519843,0.0,-8.023753968,11.38639459
2025-05-26 21:00:00+00:00,458.5680332,0.0,23.6,460.2213738,0.0,23.3445,15.9,331.1176748,0.0,-9.155,11.15203297
2025-05-26 21:15:00+00:00,458.0850136,0.0,23.5,460.1893746,0.0,23.3,15.76785714,334.475925,0.0,-10.15283886,10.81266667
2025-05-26 21:30:00+00:00,457.7747374,0.0,23.5,458.1593277,0.0,23.23571429,15.66326531,337.5558584,0.0,-10.95342158,10.61428571
2025-05-26 21:45:00+00:00,456.6547504,0.0,23.41888889,457.8939899,0.0,23.2,15.35066667,340.7073543,0.0,-11.62902381,10.56565584
2025-05-26 22:00:00+00:00,455.8847306,0.0,23.4,457.4480834,0.0,23.10666667,15.05916667,344.8958333,0.0,-12.42921717,10.42354209
2025-05-26 22:15:00+00:00,454.9223906,0.0,23.35809524,456.5891486,0.0,23.1,14.80666667,348.6763651,0.0,-12.96190476,9.939633333
2025-05-26 22:30:00+00:00,454.7088119,0.0,23.3,456.0097902,0.0,23.01269841,14.5297619,352.1199758,0.0,-13.32190476,9.690155372
2025-05-26 22:45:00+00:00,453.6741969,0.0,23.28592593,454.5882924,0.0,23.0,14.32,355.5273535,0.0,-13.55416667,9.644098485
2025-05-26 23:00:00+00:00,453.7563704,0.0,23.2,453.6621382,0.0,22.94,14.13388889,215.1597935,0.0,-13.65812121,9.867279915
2025-05-26 23:15:00+00:00,454.0475443,0.0,23.2,452.9116729,0.0,22.9,13.90887446,2.568562925,0.0,-13.6103022,9.888452381
2025-05-26 23:30:00+00:00,451.6791259,0.0,23.16404762,452.4425928,0.0,22.86459259,13.8,6.101561457,0.0,-13.47302231,9.921880342
2025-05-26 23:45:00+00:00,451.509697,0.0,23.1,452.9430079,0.0,22.8,13.62692308,9.856809524,0.0,-13.17679762,9.746722222
2025-05-27 00:00:00+00:00,450.6377778,0.0,23.1,451.5814286,0.0,22.8,13.445,13.49423521,0.0,-12.71117845,9.605369963
2025-05-27 00:15:00+00:00,450.350813,0.0,23.07802198,451.4421867,0.0,22.73571429,13.37692308,16.97588075,0.0,-12.175,9.405415584
2025-05-27 00:30:00+00:00,449.1815433,0.0,23.00666667,450.5361735,0.0,22.7,13.24666667,20.38753225,0.0,-11.50822955,9.275435897
2025-05-27 00:45:00+00:00,448.8770013,0.0,23.0,450.5575527,0.0,22.69444444,13.12050866,23.80119459,0.0,-10.70758594,9.245619048
2025-05-27 01:00:00+00:00,447.3181444,0.0,22.98484848,449.53574,0.0,22.60083333,13.08666667,27.33931543,0.0,-9.751925926,9.858574359
2025-05-27 01:15:00+00:00,447.1437548,0.0,22.9,449.2710155,0.0,22.6,12.95,30.38280664,0.0,-8.826825397,10.6795689
2025-05-27 01:30:00+00:00,445.8228585,0.0,22.9,447.1634543,0.0,22.6,12.86444444,33.98651681,0.0,-7.574764706,10.27226902
2025-05-27 01:45:00+00:00,445.3400767,0.0,22.9,446.4557794,0.0,22.6,12.73,37.26754131,0.0,-6.307378618,10.0908671
2025-05-27 02:00:00+00:00,444.5130079,0.0,22.9,446.5493555,0.0,22.54557287,12.58361111,40.30897619,0.000909091,-5.015833333,10.19333333
2025-05-27 02:15:00+00:00,444.178161,0.0,22.89722222,444.860377,0.0,22.5,12.45,43.4219009,0.147333239,-3.667954545,10.36969459
2025-05-27 02:30:00+00:00,444.9952012,0.0,22.87380952,453.803633,0.0,22.52,12.37333333,46.601,0.49691333,-2.147666667,10.40767677
2025-05-27 02:45:00+00:00,455.1524495,0.0,22.87333333,475.6805545,0.0,22.56,12.3,50.08553704,1.892085838,-0.368425926,10.01666667
2025-05-27 03:00:00+00:00,471.9100649,30.76098901,22.9,479.7965368,35.43560606,22.54285714,14.58333333,53.19375,4.851983703,1.265943878,10.77057115
2025-05-27 03:15:00+00:00,478.2202778,60.53219059,22.9,476.4890909,61.60431169,22.5,20.64761905,56.02742126,8.394640657,2.906374269,11.64354009
2025-05-27 03:30:00+00:00,477.2991956,61.74861823,22.9,475.4110289,62.50849768,22.487,15.88604025,59.0698468,11.41405192,4.720688552,11.51776768
2025-05-27 03:45:00+00:00,476.8413317,60.77641326,22.88687253,475.6110498,62.01463776,22.39333333,18.32210582,61.98683333,16.08181323,6.54431746,11.70742857
2025-05-27 04:00:00+00:00,474.3744427,60.76339613,22.8,476.0200965,61.28734631,22.38142857,17.14393939,65.18764533,20.68190339,8.608194187,12.09686688
2025-05-27 04:15:00+00:00,473.8833858,60.4157727,22.8,474.3793803,61.07855593,22.4,17.31269841,67.92114702,28.22872911,10.44903173,11.92519788
2025-05-27 04:30:00+00:00,473.0965138,60.6352543,22.8,473.6617967,61.32900548,22.4,16.97333333,70.85603439,35.93835008,12.43183333,11.97418333
2025-05-27 04:45:00+00:00,474.5216775,59.65463462,22.75688312,473.3716704,61.01892658,22.3552381,17.02270872,73.82977106,47.00004819,14.51994048,11.95104739
2025-05-27 05:00:00+00:00,481.1811882,59.38311207,22.81336985,482.5566391,61.20354118,22.38319902,17.0140404,76.63605067,86.97100571,16.52229243,12.16083333
2025-05-27 05:15:00+00:00,484.0752545,60.7938175,22.88133333,489.3972522,62.21893827,22.44111111,17.02,79.71720796,177.5684802,18.68788889,12.81804235
2025-05-27 05:30:00+00:00,494.9304758,61.20469179,22.96228956,535.6288495,62.69282553,22.50833333,17.16410101,82.88139372,186.5154671,20.94318071,13.46314478
2025-05-27 05:45:00+00:00,509.3123678,60.60590996,22.93142857,565.0806563,61.47480081,22.76428571,17.05714286,85.13044289,232.3643225,22.53044289,13.87142857
2025-05-27 06:00:00+00:00,555.2234569,60.05817516,23.04666667,604.9276239,61.7513263,22.96,17.04,88.56894444,310.7599456,25.00194444,14.65455
2025-05-27 06:15:00+00:00,599.1249879,61.79741265,23.12666667,635.414916,62.04431235,23.10095238,17.12101587,92.03880952,297.2919879,27.38255256,15.13466667
2025-05-27 06:30:00+00:00,620.753442,59.9734406,23.31007653,692.1963301,61.54699535,23.47785714,16.90714286,95.17737049,348.3849261,29.53110152,15.53986395
2025-05-27 06:45:00+00:00,601.5857828,60.8614597,23.384,674.3752398,62.17465241,23.48235714,17.07333333,98.45682011,275.3505553,31.68938889,16.00372698
2025-05-27 07:00:00+00:00,604.196392,60.83718651,23.42190476,651.4913415,60.88400935,23.41277778,17.17909524,101.6739351,255.6724057,33.72816162,15.71217778
2025-05-27 07:15:00+00:00,604.6965676,60.12951567,23.45416667,643.922122,62.62123054,23.47254545,16.87333333,105.1113319,314.9153266,35.81113636,15.75349206
2025-05-27 07:30:00+00:00,605.4120202,61.35441087,23.41331169,639.689862,61.89894365,23.49452381,16.89489796,108.7310658,262.6343953,37.955839,15.82566095
2025-05-27 07:45:00+00:00,663.1621429,60.78501684,23.48,674.5619987,62.28023641,23.65,16.95333333,112.3625,263.8970516,39.90116402,15.9594697
2025-05-27 08:00:00+00:00,696.3302559,61.00939153,23.77040816,695.4506854,63.07294324,23.68,17.11299145,116.3955873,270.9859265,41.97857143,15.99786797
2025-05-27 08:15:00+00:00,694.4589979,60.64959788,23.89404762,691.5751973,62.26227106,23.7797619,17.15952381,120.2688544,275.7582288,43.817718,16.62292208
2025-05-27 08:30:00+00:00,710.1884945,61.36492877,23.80146032,714.0474058,63.35486985,24.05712121,16.9,124.5109235,224.1745421,45.67257335,16.83842785
2025-05-27 08:45:00+00:00,715.7611519,64.77196581,24.07,745.4828506,75.90538664,24.13126984,16.81222222,128.9376217,266.9392516,47.41686772,16.58023266
2025-05-27 09:00:00+00:00,715.2187505,75.14685426,24.1032619,760.9171845,86.51713505,24.13870082,16.98196825,133.717254,478.7366586,49.09537037,16.82131999
2025-05-27 09:15:00+00:00,711.6798701,90.61031746,24.14285714,762.6767233,103.5710225,24.17142857,17.2,138.4052381,302.8500236,50.546678,16.82329563
2025-05-27 09:30:00+00:00,702.2935185,102.8115873,24.16,702.6693603,106.4130864,24.02666667,17.06666667,142.5652551,240.8667374,51.66439394,16.45451587
2025-05-27 09:45:00+00:00,668.532475,122.8866498,24.16531025,670.4621386,109.2779894,23.91333333,16.79656566,148.820735,206.2637848,53.14307692,16.31083761
2025-05-27 10:00:00+00:00,653.3434074,137.2098596,24.01678571,674.5020867,103.543665,23.9796176,16.86738095,152.9816093,239.5938446,53.93406633,15.82885831
2025-05-27 10:15:00+00:00,666.8751796,152.7452694,24.29333333,660.1178678,98.08964566,23.95180952,17.02,159.8833004,204.5524252,54.97992063,15.33188492
2025-05-27 10:30:00+00:00,671.2025016,182.0473359,24.36296866,666.574958,92.17680498,23.99809524,17.06080808,166.3837804,131.4248309,55.70917857,15.15207011
2025-05-27 10:45:00+00:00,665.9860203,206.6281626,24.13857143,691.0579799,91.49352823,24.09580808,16.93809524,172.275362,87.69454158,56.12141414,14.9654632
2025-05-27 11:00:00+00:00,669.595738,212.7583256,24.03129252,673.0914099,93.3082503,23.985,16.92857143,177.9938431,283.0250849,56.3,15.303878
2025-05-27 11:15:00+00:00,604.0548072,226.9601961,24.1338836,620.1630664,89.88198431,23.88666667,17.14888889,184.4027706,177.4130001,56.25904762,15.92581061
2025-05-27 11:30:00+00:00,567.0405784,228.5933305,24.02635165,599.7538559,80.63224509,23.8,16.99833444,189.7144649,128.0331028,56.07910139,15.317465
2025-05-27 11:45:00+00:00,543.2195945,236.2588146,24.02990459,576.4788427,68.63255114,23.75816327,16.89504552,196.3159758,106.3554394,55.50213109,14.09191866
2025-05-27 12:00:00+00:00,525.5408264,247.0212205,24.05833333,578.8169852,66.42273869,23.74592593,16.84564103,202.8443539,135.5353129,54.73384336,13.54191534
2025-05-27 12:15:00+00:00,529.7538691,248.3688047,24.1,600.8767681,65.78270612,23.88746994,16.95222222,208.6141231,140.3877765,53.79012928,13.53059039
2025-05-27 12:30:00+00:00,515.8090892,255.842977,24.05,591.4271227,65.40541126,23.99916667,17.1,214.178042,129.7247591,52.6658547,13.38719697
2025-05-27 12:45:00+00:00,516.2608553,260.9300595,24.01785714,594.6089732,66.41777984,24.0,17.1,219.0056264,139.8559513,51.45975057,13.77187358
2025-05-27 13:00:00+00:00,518.4874462,263.4971869,24.0,579.8975088,65.14309023,23.96666667,17.13766667,224.1691077,149.7151897,49.98228307,14.08136419
2025-05-27 13:15:00+00:00,511.1366474,259.5317508,23.87251563,573.9282829,65.48756001,23.81533333,17.2,228.5202778,119.6585499,48.56916667,14.09375238
2025-05-27 13:30:00+00:00,512.495424,247.6634776,23.90666667,547.045614,65.28152047,23.72533333,17.148,233.5902822,183.3697266,46.69575341,14.50292063
2025-05-27 13:45:00+00:00,508.9172643,237.7284733,23.9,529.8539749,64.70867499,23.71713152,17.21428571,237.64875,194.7457991,45.00863946,14.76677381
2025-05-27 14:00:00+00:00,506.1446405,106.9946762,23.9,519.3643385,63.75139188,23.77428571,17.72558201,240.9630827,688.0211143,43.51124461,15.0191542
2025-05-27 14:15:00+00:00,506.2514101,63.91835234,23.99333333,513.7950211,63.56964381,23.77111111,16.63755556,245.9660005,212.5619571,41.07206878,15.9787583
2025-05-27 14:30:00+00:00,498.1012121,64.36404762,23.99333333,506.2348492,64.60962102,23.77714286,16.89666667,249.767467,191.8147113,39.07541005,15.83544974
2025-05-27 14:45:00+00:00,491.0092999,63.34607922,23.9,496.9738665,64.52199137,23.8,16.46517857,253.2454082,287.5279977,37.1377551,16.3942674
2025-05-27 15:00:00+00:00,483.6749245,63.4692077,23.91333333,490.7206283,64.44236897,23.81333333,17.394,256.72688,334.8363103,35.0325873,16.35976207
2025-05-27 15:15:00+00:00,479.5943831,63.31176623,24.0,485.9484615,65.12537377,23.88730159,16.61892857,259.7842502,241.3824815,33.15972727,16.75740171
2025-05-27 15:30:00+00:00,475.7030264,63.90130703,24.0,481.7142857,64.24130097,23.92704082,17.30744048,263.2394981,183.6711918,30.88391234,16.59407699
2025-05-27 15:45:00+00:00,471.2151515,62.46584046,23.94666667,477.5263023,63.72703104,23.91111111,16.65166667,266.454537,235.7512223,28.75527778,16.63566234
2025-05-27 16:00:00+00:00,469.0696563,63.5512987,23.99714286,474.8488596,64.51872674,23.82453704,17.1302381,269.6415046,130.5110898,26.54760847,16.73362778
2025-05-27 16:15:00+00:00,466.7950126,63.67846476,23.90380952,471.0749872,64.51546296,23.93155556,16.64619048,272.6598974,157.6449498,24.44559259,16.57279487
2025-05-27 16:30:00+00:00,465.1265758,63.81661255,23.9,469.5283536,64.75274725,23.83928571,17.17428571,275.8432596,122.6057971,22.21634199,16.52609977
2025-05-27 16:45:00+00:00,464.1299663,63.00407407,23.9,467.3383838,65.0890035,23.93733333,16.83055556,278.4143074,239.8939339,20.34567172,16.5287133
2025-05-27 17:00:00+00:00,462.9785492,63.51482592,23.9,466.0193205,64.32221728,24.02,17.062,281.5093098,167.5086249,18.17483333,16.56683502
2025-05-27 17:15:00+00:00,462.2518768,64.31809524,23.92666667,465.8830037,64.71821978,24.04666667,16.64133333,284.0135238,93.55037835,16.39528571,16.43712843
2025-05-27 17:30:00+00:00,462.5559829,63.46845238,23.9,464.8011039,64.36621654,23.9,16.97142857,287.7556475,89.22856946,13.77176613,16.4642004
2025-05-27 17:45:00+00:00,460.5798291,63.39333333,23.9,464.6077778,63.66385281,23.82166667,17.11133333,290.4559594,56.54631043,11.90359524,15.96037037
2025-05-27 18:00:00+00:00,461.3218908,4.185185185,23.8,463.78232,19.34444444,23.70222222,16.59933333,293.220404,36.41820323,10.0205303,15.99550427
2025-05-27 18:15:00+00:00,459.6587285,0.0,23.8,464.2779054,0.0,23.66,16.88666667,296.5901919,32.78118346,7.787266955,15.01371429
2025-05-27 18:30:00+00:00,460.0142857,0.0,23.78307692,463.1537936,0.0,23.6,16.91153846,299.4930646,19.32666297,5.95406746,14.94259524
2025-05-27 18:45:00+00:00,460.27137,0.0,23.7,462.2366826,0.0,23.59948718,17.0,302.3353242,10.5622076,4.190993895,14.66410256
2025-05-27 19:00:00+00:00,460.2747152,0.0,23.60845238,461.9429728,0.0,23.50571429,17.0,305.5115476,5.41715953,2.308018759,14.3356355
2025-05-27 19:15:00+00:00,460.0999124,0.0,23.6,461.7721935,0.0,23.45714286,17.0,308.4275741,2.439980224,0.66701937,14.16739683
2025-05-27 19:30:00+00:00,460.7938889,0.0,23.6,460.9486816,0.0,23.4,17.0,311.4857436,0.731766182,-0.878871795,14.09417778
2025-05-27 19:45:00+00:00,459.3590978,0.0,23.6,460.512938,0.0,23.37142857,16.97692308,314.8513889,0.116230579,-2.554487735,14.01428571
2025-05-27 20:00:00+00:00,459.0574938,0.0,23.52,460.540305,0.0,23.3,16.9,318.0541383,0.0,-4.041575758,13.90270952
2025-05-27 20:15:00+00:00,459.636727,0.0,23.5,459.9864425,0.0,23.28553571,16.77857143,320.9356009,0.0,-5.315873016,13.96888667
2025-05-27 20:30:00+00:00,457.8742713,0.0,23.41666667,460.3316933,0.0,23.2,16.61333333,322.6046496,0.0,-6.025151515,13.9144188
2025-05-27 20:45:00+00:00,458.4340939,0.0,23.4,459.8118793,0.0,23.2,16.49,327.8183032,0.0,-7.927136752,13.60846154
2025-05-27 21:00:00+00:00,457.37629,0.0,23.4,459.050628,0.0,23.13693122,16.37333333,330.822619,0.0,-8.94526455,13.49074074
2025-05-27 21:15:00+00:00,457.746732,0.0,23.4,459.4437076,0.0,23.1,16.22142857,334.4506105,0.0,-9.96978022,13.19213675
2025-05-27 21:30:00+00:00,456.5856709,0.0,23.33333333,458.2511717,0.0,23.09888889,16.11809524,337.8995517,0.0,-10.86978999,13.32245116
2025-05-27 21:45:00+00:00,456.3923973,0.0,23.3,458.0701307,0.0,23.00416667,15.94,341.4386852,0.0,-11.612,13.09853101
2025-05-27 22:00:00+00:00,455.9209356,0.0,23.3,457.2981645,0.0,23.0,15.85714286,344.8514643,0.0,-12.25833333,13.03655691
2025-05-27 22:15:00+00:00,455.6898039,0.0,23.22355556,455.8027302,0.0,23.0,15.73333333,348.3420661,0.0,-12.7537037,13.06878644
2025-05-27 22:30:00+00:00,455.2171476,0.0,23.2,455.3306738,0.0,22.95333333,15.69833333,351.9248632,0.0,-13.12032764,12.82944119
2025-05-27 22:45:00+00:00,454.4058874,0.0,23.2,455.2425155,0.0,22.9,15.54531025,355.4659933,0.0,-13.35592593,12.51943598
2025-05-27 23:00:00+00:00,455.1059404,0.0,23.2,454.5320856,0.0,22.9,15.4837013,290.4390097,0.0,-13.49553571,12.49174124
2025-05-27 23:15:00+00:00,453.4888534,0.0,23.18444444,452.6126706,0.0,22.88,15.31555556,2.637333333,0.0,-13.46189744,11.91399068
2025-05-27 23:30:00+00:00,453.2162626,0.0,23.10666667,452.1454468,0.0,22.8,15.2,6.370555556,0.0,-13.27892857,11.5168
2025-05-27 23:45:00+00:00,452.7035714,0.0,23.1,452.5804113,0.0,22.8,15.2,9.700419719,0.0,-12.99382146,11.22493687
2025-05-28 00:00:00+00:00,452.2277273,0.0,23.1,452.1082358,0.0,22.8,15.28,13.06193362,0.0,-12.59616667,10.95530225
2025-05-28 00:15:00+00:00,451.8215812,0.0,23.08666667,451.6795119,0.0,22.8,15.3,16.27083333,0.0,-12.12952381,10.97907143
2025-05-28 00:30:00+00:00,450.1044697,0.0,23.0,449.8781964,0.0,22.71333333,15.256,20.34402116,0.0,-11.33955556,11.36985118
2025-05-28 00:45:00+00:00,450.3222611,0.0,23.0,449.5139831,0.0,22.7,15.2,23.47711941,0.0,-10.63598485,11.06540751
2025-05-28 01:00:00+00:00,449.9359199,0.0,23.0,449.5868274,0.0,22.7,15.04422222,26.95015873,0.0,-9.65,10.66317308
2025-05-28 01:15:00+00:00,448.2862963,0.0,23.0,448.9764706,0.0,22.7,14.94,30.25612554,0.0,-8.659124579,10.53367857
2025-05-28 01:30:00+00:00,448.3014645,0.0,22.94615385,447.7042419,0.0,22.66160714,14.81318681,33.69372318,0.0,-7.476059655,10.67072586
2025-05-28 01:45:00+00:00,447.8592593,0.0,22.9,447.5944444,0.0,22.6,14.75333333,37.25896008,0.0,-6.158280664,10.7
2025-05-28 02:00:00+00:00,446.6089641,0.0,22.97259259,446.1541505,0.0,22.6,14.64190476,39.9225,0.0,-5.0275,10.7
2025-05-28 02:15:00+00:00,446.9731481,0.0,22.92666667,445.9280159,0.0,22.6,14.51333333,43.75819024,0.055660173,-3.332222222,10.66
2025-05-28 02:30:00+00:00,445.7024289,0.0,22.91583333,450.6378528,0.0,22.5847619,14.5,46.86,0.361767818,-1.825952381,10.57609524
2025-05-28 02:45:00+00:00,460.0265346,0.0,22.96460317,472.2086772,0.0,22.66,14.42857143,49.88944613,0.955771157,-0.295188552,10.33667793
2025-05-28 03:00:00+00:00,471.8956072,0.0,22.90133333,475.454276,0.0,22.62566667,14.38761905,52.84178969,1.780906417,1.277700855,10.24404762
2025-05-28 03:15:00+00:00,478.6389028,32.62693259,22.9,473.5197124,34.61803904,22.6,17.13306277,56.04872373,6.008626022,3.080616813,11.12950835
2025-05-28 03:30:00+00:00,476.0270899,59.14967532,22.96777778,471.9640438,60.92621761,22.6,17.24444444,58.97858201,13.25402299,4.86031746,13.38578095
2025-05-28 03:45:00+00:00,473.1390461,61.71112943,22.90888889,470.7412581,60.86082153,22.6,17.39888889,61.79888889,12.54411228,6.6175,12.525
2025-05-28 04:00:00+00:00,471.2470202,62.00868946,22.9,469.1295958,60.81062457,22.6,17.17333333,64.91014815,10.39908992,8.634666667,11.13291101
2025-05-28 04:15:00+00:00,469.7087302,61.25685426,22.9,468.6977679,60.30846398,22.6,17.06,67.50809524,11.63789256,10.37285714,11.12056277
2025-05-28 04:30:00+00:00,469.6679894,61.53092211,22.9,468.7906695,59.81507992,22.6,17.04426984,70.80794444,15.65740387,12.60279365,10.77165952
2025-05-28 04:45:00+00:00,469.8392593,61.62865764,22.83111111,468.5387903,60.88307938,22.6,17.07333333,73.85978042,33.81051236,14.75533598,11.18678692
2025-05-28 05:00:00+00:00,469.0228042,61.63658934,22.81111111,468.1747584,60.43482692,22.6,17.13925926,76.74324579,42.28901976,16.78464646,11.75753846
2025-05-28 05:15:00+00:00,469.3696085,62.04954863,22.85518707,467.9982969,61.47940172,22.57583333,17.07428571,79.81411565,45.57057699,18.97108844,12.13086735
2025-05-28 05:30:00+00:00,472.6350395,61.38727273,22.9,467.9135069,62.11174048,22.56116667,16.85688889,82.5677619,66.55605663,20.937587,12.09413814
2025-05-28 05:45:00+00:00,474.4217115,60.74853535,22.9,476.7655556,61.61819224,22.45885714,16.98857143,85.46495238,49.34673788,22.99130159,11.87467677
2025-05-28 06:00:00+00:00,478.2628434,61.26949856,22.9276644,496.7191782,61.02312657,22.58035714,17.18571429,88.3281746,88.39672767,25.0452381,11.98267007
2025-05-28 06:15:00+00:00,494.9639841,61.40709852,23.0,517.8452912,61.54924082,22.60066667,16.93396825,91.75229533,80.44129965,27.40115079,11.53180261
2025-05-28 06:30:00+00:00,508.8656372,61.65278999,23.05972222,543.5154488,60.94531639,22.72583333,17.10571429,95.05472751,109.1362103,29.63761905,12.02675613
2025-05-28 06:45:00+00:00,530.1961893,61.85669216,23.15809524,568.7635133,61.64200467,22.94295238,17.11,98.31470779,176.3703066,31.78901082,12.00023414
2025-05-28 07:00:00+00:00,573.3722514,61.22676768,23.26892857,597.9253789,61.6209667,23.09619048,17.09761905,101.5404762,206.6252872,33.8702381,11.94579082
2025-05-28 07:15:00+00:00,586.5704951,61.95947571,23.32871429,610.685532,62.51808279,23.13055556,16.88733333,104.8021667,220.3930019,35.82152116,12.085
2025-05-28 07:30:00+00:00,598.9238721,60.92630703,23.4,617.9513653,61.20553819,23.2,17.07166667,108.2713064,192.9277698,37.85800385,12.37681847
2025-05-28 07:45:00+00:00,605.0449096,61.40446086,23.46777778,636.8624303,61.80202848,23.29904762,17.05983333,112.345526,272.1086235,40.10267867,13.07632222
2025-05-28 08:00:00+00:00,619.3204051,61.37757937,23.53,653.3042178,60.8201596,23.39673469,16.86410256,115.9987585,215.1983824,41.98401361,12.91214973
2025-05-28 08:15:00+00:00,616.1631747,60.87199837,23.54577778,670.0679109,61.17502884,23.5,16.86,119.7204286,181.6951133,43.73247619,12.76612698
2025-05-28 08:30:00+00:00,636.3350717,60.57422999,23.64533333,672.0202729,60.22978836,23.57333333,17.07066667,124.3316056,205.7228866,45.76283405,12.95203656
2025-05-28 08:45:00+00:00,649.9505813,61.12815941,23.69285714,684.598624,61.1556063,23.6,16.9,127.9228896,209.1100923,47.18758117,13.20460227
2025-05-28 09:00:00+00:00,663.7048232,61.5583374,23.73,688.9221667,61.924,23.64888889,16.95111111,133.2922222,254.5168346,49.13232804,13.80415476
2025-05-28 09:15:00+00:00,665.8366718,62.00012276,23.78666667,686.0712124,62.18000953,23.7202381,16.99366667,138.1865043,322.6981774,50.66777778,14.18864615
2025-05-28 09:30:00+00:00,672.6419548,61.61170608,23.843,683.8013714,60.65290427,23.6471164,17.1,143.2479596,268.5579549,52.01405556,14.40984848
2025-05-28 09:45:00+00:00,662.1039216,60.89800824,23.83977273,664.9095238,61.99920635,23.6,17.15281385,148.889246,340.5141587,53.32470238,15.25683622
2025-05-28 10:00:00+00:00,656.6037223,62.38055556,23.81188889,642.5698603,61.44605001,23.58055556,17.2,154.183619,275.8182445,54.29542857,15.628
2025-05-28 10:15:00+00:00,629.2998292,62.27659283,23.86075661,630.2148907,62.05055081,23.6,17.17710317,160.3904564,169.5373357,55.23787879,14.86460317
2025-05-28 10:30:00+00:00,619.520382,62.23400038,23.88531746,626.0006017,61.28219943,23.6,17.06428571,165.6809164,123.7073414,55.80249584,14.03433545
2025-05-28 10:45:00+00:00,619.3565344,61.72810771,23.9,635.3705702,61.93455592,23.65564646,16.86980159,172.2412097,84.41215686,56.25886003,13.5516895
2025-05-28 11:00:00+00:00,609.7972222,62.09304862,23.9,644.5800024,62.84068963,23.67678571,16.8,178.3833689,127.6355491,56.46051948,13.42804082
2025-05-28 11:15:00+00:00,605.0470175,63.20608466,23.94666667,639.5684246,63.36997467,23.68919673,17.1,184.6579461,155.4164361,56.41119658,13.3752381
2025-05-28 11:30:00+00:00,604.8386163,63.13185999,23.94666667,633.9193752,63.18049433,23.8,17.1512963,190.7428319,217.089897,56.13185185,13.61985185
2025-05-28 11:45:00+00:00,590.2957474,62.79719697,23.98010204,609.1928348,62.39617038,23.8,16.98571429,197.1637037,315.7016487,55.60518519,14.09333333
2025-05-28 12:00:00+00:00,587.3170219,62.72920809,23.91428571,602.8203824,62.32909194,23.8,16.94285714,202.8821825,395.8306358,54.90964286,14.30279221
2025-05-28 12:15:00+00:00,581.7934942,62.99783626,23.94626984,594.818266,63.02152331,23.8,17.1,208.4057784,436.7430894,54.0106453,14.47701948
2025-05-28 12:30:00+00:00,572.9184057,63.28114441,24.00666667,586.562248,62.60912362,23.82214286,17.15912698,213.7373069,493.5520035,52.90162867,14.83079552
2025-05-28 12:45:00+00:00,577.2031256,62.34365073,23.94740741,594.9823548,62.62942196,23.85066667,16.96222222,219.3811152,443.2846379,51.55132275,14.6674823
2025-05-28 13:00:00+00:00,578.811417,64.14606425,23.96855159,600.6190086,64.68719256,23.9,17.09642857,224.1066234,427.5204931,50.17493506,14.57560606
2025-05-28 13:15:00+00:00,573.0640939,63.17300366,24.0,603.0917364,62.75432746,23.80324074,16.90133333,229.0821225,362.1040211,48.54387464,14.63754986
2025-05-28 13:30:00+00:00,560.466342,64.79843305,24.04355556,575.5368424,63.88321709,23.85238095,17.1,232.9490849,353.6378585,47.11733935,14.70095767
2025-05-28 13:45:00+00:00,542.7492063,64.16607143,23.9,559.4926407,64.14722222,23.72738095,16.98333333,237.9989172,292.9616411,45.04778628,14.32775227
2025-05-28 14:00:00+00:00,534.475524,62.56725589,23.78,551.819539,85.77832817,23.66593939,17.3152381,241.8565185,276.2564273,43.29312169,14.2910709
2025-05-28 14:15:00+00:00,524.1521794,64.83632799,23.7162963,536.5010661,64.75323576,23.68,16.76333333,245.9214935,318.4837777,41.29223569,14.16949495
2025-05-28 14:30:00+00:00,516.5937963,64.20647306,23.8,526.7253903,63.53567251,23.72111111,17.25880952,249.6846818,613.6790067,39.27530303,14.77600606
2025-05-28 14:45:00+00:00,510.0162883,64.06056999,23.89285714,522.8581162,63.50169974,23.92946429,17.07607143,253.3257143,485.3210941,37.22969388,15.48305357
2025-05-28 15:00:00+00:00,505.6081913,64.46611712,23.98,515.3837898,63.61503705,24.08285714,16.93448718,256.1859029,273.457411,35.5644372,15.0946626
2025-05-28 15:15:00+00:00,502.1575849,63.53010943,24.0,509.5414391,60.46552346,24.0,16.66460317,260.0625476,304.8810968,33.14866667,14.9428
2025-05-28 15:30:00+00:00,498.9408333,63.45928238,24.0,506.2466382,60.68763073,24.032,17.14703704,263.44,264.7595122,30.96977778,14.96707937
2025-05-28 15:45:00+00:00,496.0916962,64.32043651,24.0,501.7995853,60.66334034,24.1,16.74777778,266.5297619,315.9561675,28.8952381,15.1
2025-05-28 16:00:00+00:00,493.7895072,63.46470157,24.0,498.1881481,60.60214779,24.04,17.23846154,269.6156429,242.5794304,26.77237855,15.0924246
2025-05-28 16:15:00+00:00,490.7643947,60.55837202,24.0,495.9927715,60.09301199,24.005,16.68,272.9328178,211.1139628,24.48392593,14.87818384
2025-05-28 16:30:00+00:00,489.4513597,60.8744657,24.0,494.1781966,62.89162129,24.08809524,16.99285714,275.6077551,186.8075347,22.5531746,14.83207931
2025-05-28 16:45:00+00:00,488.7358462,61.38342833,24.0,492.637519,61.81222222,24.0092619,16.77523191,278.8236672,141.5473068,20.26861001,14.48799966
2025-05-28 17:00:00+00:00,487.1810898,60.78314815,23.92666667,490.4638166,61.58499612,23.90164286,17.28133333,281.8417778,88.18921338,18.13216667,14.10165741
2025-05-28 17:15:00+00:00,486.6148375,60.7701774,23.9,488.2280452,61.87125503,23.90666667,16.635,284.7488889,129.4802589,16.07453704,13.90657431
2025-05-28 17:30:00+00:00,486.084894,60.94444444,23.9,487.3406783,61.5334427,24.13142857,17.20089286,287.8157256,209.9366729,13.94586168,14.1208869
2025-05-28 17:45:00+00:00,484.2949206,60.50083333,23.928,487.2573316,61.46929293,24.15888889,16.77111111,290.6243482,101.5005652,11.99882155,13.99867484
2025-05-28 18:00:00+00:00,484.509381,8.133333333,23.98309524,486.2641751,7.665620915,24.1,17.14027778,293.7036931,114.2979053,9.877261905,13.60502751
2025-05-28 18:15:00+00:00,484.2250938,0.0,24.0,485.9463189,0.0,24.10855556,16.89777778,296.6251905,94.37832168,7.963476191,13.32809524
2025-05-28 18:30:00+00:00,483.6306643,0.0,24.0,484.8773095,0.0,24.0722619,16.69571429,299.3553571,31.81207922,6.197687075,13.09204082
2025-05-28 18:45:00+00:00,481.5676177,0.0,23.972,484.5473571,0.0,23.93866667,16.42412698,302.5480392,19.65740833,4.268692641,12.63280899
2025-05-28 19:00:00+00:00,482.3921569,0.0,23.9,483.5564912,0.0,23.92666667,16.23168519,305.4254652,19.04901975,2.526444822,12.42787142
2025-05-28 19:15:00+00:00,481.3213747,0.0,23.88571429,483.5406641,0.0,23.78145743,16.01626984,308.5164286,7.089754412,0.81375,12.10951531
2025-05-28 19:30:00+00:00,480.6640765,0.0,23.8,483.9269404,0.0,23.74,15.83916667,311.4461837,3.328239394,-0.66037037,11.85573586
2025-05-28 19:45:00+00:00,480.3767914,0.0,23.74666667,481.9920181,0.0,23.65190476,15.70666667,314.1267609,1.467124183,-2.007630592,11.70814286
2025-05-28 20:00:00+00:00,479.4029293,0.0,23.7,481.9550505,0.0,23.6,15.72,318.0432407,0.229209604,-3.871897547,11.45896032
2025-05-28 20:15:00+00:00,479.9822737,0.0,23.69285714,482.3124564,0.0,23.58686064,15.79285714,320.6201555,0.01569489,-5.025650909,11.50894132
2025-05-28 20:30:00+00:00,480.4697196,0.0,23.6,482.2387879,0.0,23.5,15.68761905,324.2271958,0.0,-6.433439153,11.52
2025-05-28 20:45:00+00:00,478.8549784,0.0,23.6,480.9192511,0.0,23.45,15.4974359,327.8593704,0.0,-7.771851852,11.26777778
2025-05-28 21:00:00+00:00,478.7065815,0.0,23.59571429,479.6943244,0.0,23.4,15.28598639,331.0347364,0.0,-8.845467687,11.14654082
2025-05-28 21:15:00+00:00,477.7437037,0.0,23.5,480.7696811,0.0,23.32571429,15.09111111,334.4133624,0.0,-9.82681746,11.11607593
2025-05-28 21:30:00+00:00,477.1337691,0.0,23.5,479.9669718,0.0,23.28518519,14.89333333,337.711453,0.0,-10.64345902,11.05497905
2025-05-28 21:45:00+00:00,476.0879228,0.0,23.44208791,478.4912077,0.0,23.2,14.75714286,341.613664,0.0,-11.5204888,11.45770621
2025-05-28 22:00:00+00:00,475.7173585,0.0,23.4,478.4916873,0.0,23.19761905,14.5775,344.9189528,0.0,-12.11384921,11.30934014
2025-05-28 22:15:00+00:00,475.0415062,0.0,23.4,478.4725205,0.0,23.1,14.47688889,348.3565965,0.0,-12.58059524,10.99132011
2025-05-28 22:30:00+00:00,473.97529,0.0,23.39809524,477.1547473,0.0,23.1,14.30888889,351.8762896,0.0,-12.96719192,10.90185094
2025-05-28 22:45:00+00:00,473.0230039,0.0,23.30510204,475.8145796,0.0,23.02857143,14.18877551,355.5302597,0.0,-13.20918367,10.87287755
2025-05-28 23:00:00+00:00,472.655,0.0,23.3,475.972549,0.0,23.0,14.09285714,226.9511138,0.0,-13.3,10.83333333
2025-05-28 23:15:00+00:00,473.615691,0.0,23.23333333,475.2526897,0.0,23.0,13.96366667,2.720814815,0.0,-13.28074074,10.6800177
2025-05-28 23:30:00+00:00,472.279359,0.0,23.2,475.7106858,0.0,22.91555844,13.82787037,6.292860269,0.0,-13.12883333,10.50807801
2025-05-28 23:45:00+00:00,472.807423,0.0,23.2,474.1859903,0.0,22.9,13.75833333,9.931018519,0.0,-12.84861111,10.38333333
2025-05-29 00:00:00+00:00,471.9991174,0.0,23.13733333,473.252072,0.0,22.9,13.67666667,12.76504762,0.0,-12.47916667,10.3
2025-05-29 00:15:00+00:00,470.6795791,0.0,23.1,473.6041026,0.0,22.82666667,13.6,16.95311039,0.0,-11.8402862,10.23290043
2025-05-29 00:30:00+00:00,472.0014388,0.0,23.1,472.5237077,0.0,22.8,13.47857143,20.39416667,0.0,-11.16203463,10.1528
2025-05-29 00:45:00+00:00,470.875,0.0,23.1,473.4545455,0.0,22.8,13.4,23.88313025,0.0,-10.36092787,10.10810714
2025-05-29 01:00:00+00:00,471.4062612,0.0,23.05333333,472.228019,0.0,22.8,13.30646825,26.82743242,0.0,-9.554373737,10.20244848
2025-05-29 01:15:00+00:00,468.7276649,0.0,23.0,470.9410293,0.0,22.72518519,13.08911111,30.25853114,0.0,-8.517743266,10.22503704
2025-05-29 01:30:00+00:00,468.7833905,0.0,23.0,470.4987446,0.0,22.7,12.95866667,33.94771368,0.0,-7.253412698,10.21257778
2025-05-29 01:45:00+00:00,468.8915675,0.0,22.99928571,469.5616959,0.0,22.7,12.85,36.99357478,0.0,-6.093424036,10.1554329
2025-05-29 02:00:00+00:00,468.234188,0.0,22.91305128,469.6847761,0.0,22.7,12.74247863,40.15197247,0.078822093,-4.78616317,9.973447811
2025-05-29 02:15:00+00:00,468.1644885,0.0,22.9,469.3496569,0.0,22.60666667,12.7,43.43640212,0.542480392,-3.306624339,9.786222222
2025-05-29 02:30:00+00:00,466.7705332,0.0,22.9,468.3470496,0.0,22.6,12.7,46.8201835,2.182487293,-1.673026455,9.643333333
2025-05-29 02:45:00+00:00,466.2510075,0.0,22.9,467.9851541,0.0,22.6,12.63571429,49.57069597,6.29021274,-0.315290662,9.564285714
2025-05-29 03:00:00+00:00,465.5481481,21.78518519,22.87833333,467.4968811,23.98276094,22.6,13.49555556,52.94599737,17.57730958,1.489309524,9.651142496
2025-05-29 03:15:00+00:00,466.0995623,64.02837995,22.9,468.1860037,64.19268199,22.6,20.42938776,55.94367965,36.52164446,3.213917749,9.915887446
2025-05-29 03:30:00+00:00,469.0751145,63.45743905,22.9,471.8158737,62.63185994,22.6,17.96144012,58.66930952,59.00657803,4.863258131,9.998475641
2025-05-29 03:45:00+00:00,473.2610347,63.05815059,22.9,474.9383117,63.43489305,22.6,18.52414966,61.95892857,90.10070024,6.911011905,10.07281746
2025-05-29 04:00:00+00:00,474.6415645,62.1501628,22.9,477.9100747,62.08573099,22.57702381,16.67160606,64.75645238,85.28541652,8.709825397,10.25276243
2025-05-29 04:15:00+00:00,477.7859702,62.4181241,22.9,479.9533868,62.50329768,22.54666667,17.24361111,67.82294974,106.7612354,10.73777778,10.42130832
2025-05-29 04:30:00+00:00,479.5608708,62.76208393,22.9,480.5677879,62.81121249,22.5,17.09095238,70.72833333,192.1061132,12.74692857,10.74816859
2025-05-29 04:45:00+00:00,481.3526196,62.36868687,22.9,481.7,62.85876755,22.5,17.21452381,73.66684524,136.6233287,14.77390538,10.92753571
2025-05-29 05:00:00+00:00,481.1507978,62.72810745,22.97857143,482.575125,62.43175941,22.59333333,16.86428571,76.52107407,243.5976574,16.84018494,11.14
2025-05-29 05:15:00+00:00,480.8998684,61.64421682,23.0,483.1098894,62.52030278,22.6,16.94904762,79.26196729,168.5012911,18.76248196,11.27327273
2025-05-29 05:30:00+00:00,482.3871015,62.32451567,23.0,482.9540067,63.23864827,22.6,16.89333333,82.65264171,233.5272421,21.18661394,11.47657804
2025-05-29 05:45:00+00:00,482.1802721,62.32460317,23.0,483.0954708,62.00096833,22.6,17.0,85.36182359,189.7598929,23.13383503,11.42380952
2025-05-29 06:00:00+00:00,483.1228969,62.80425312,23.0,483.2756676,62.84012127,22.6,17.0,88.58234454,364.5129216,25.37545971,11.48173675
2025-05-29 06:15:00+00:00,482.9017946,62.51478449,23.0,483.891783,62.49358249,22.6,17.01428571,91.62296465,230.1966802,27.53135185,11.79888889
2025-05-29 06:30:00+00:00,482.2797902,63.3094702,23.0,484.7892038,61.72239457,22.62111111,16.94666667,94.86845934,489.0066449,29.70912963,12.04558082
2025-05-29 06:45:00+00:00,482.7090873,61.94716117,23.06696429,484.8018763,63.03017355,22.67253401,16.9404932,97.88942898,333.9928855,31.68922129,12.19544539
2025-05-29 07:00:00+00:00,482.3209428,62.68239899,23.1,484.0405082,63.57382216,22.7,17.04711111,101.4282143,525.0905875,33.99428571,11.89978175
2025-05-29 07:15:00+00:00,481.7655618,62.93222222,23.1,484.0095785,63.06306165,22.7,16.74,104.6631667,329.4815614,35.95266667,12.40888889
2025-05-29 07:30:00+00:00,482.81367,63.15236893,23.1,484.5727946,63.71225146,22.72444444,17.13206349,108.5872619,417.0992961,38.21047619,12.68533333
2025-05-29 07:45:00+00:00,482.776381,62.92472527,23.1,483.4649711,62.79482128,22.78875,17.075,112.2266672,544.1832262,40.21039451,12.77564651
2025-05-29 08:00:00+00:00,482.245566,62.41411294,23.1,483.4709816,62.96741046,22.8,17.02666667,115.8977902,631.1133595,42.09138395,13.21569347
2025-05-29 08:15:00+00:00,481.0898604,63.33427458,23.1,482.3021867,64.27901722,22.8,17.1,120.0705212,620.7439466,44.09775467,13.7136745
2025-05-29 08:30:00+00:00,481.5942819,63.9062963,23.1,481.6087594,63.28531057,22.8,17.1,124.4240537,570.009872,45.99669048,13.55213498
2025-05-29 08:45:00+00:00,479.8476804,63.57922078,23.1,481.4227486,64.01912353,22.8,17.15596655,128.4199586,512.274731,47.56539354,13.65814626
2025-05-29 09:00:00+00:00,480.8196296,64.11968494,23.1,480.2782662,64.39097643,22.8,17.21071429,133.3582063,762.2223825,49.33724074,14.07969789
2025-05-29 09:15:00+00:00,479.8104886,63.80734367,23.1,479.9463219,64.05808379,22.8,17.10666667,138.1995743,505.7633759,50.82470788,14.30709428
2025-05-29 09:30:00+00:00,478.7760753,63.56001984,23.1,479.9489915,64.49084726,22.8,16.8702381,143.0689726,621.0709714,52.1223356,14.5107166
2025-05-29 09:45:00+00:00,479.0925051,64.02884532,23.1,479.9127546,65.17828024,22.8,16.84184127,147.8043454,794.8397777,53.23665608,14.67983333
2025-05-29 10:00:00+00:00,478.6520114,65.07109485,23.1,478.4407177,65.04020646,22.8,17.13539683,153.7905983,772.8882267,54.39815385,14.50627381
2025-05-29 10:15:00+00:00,479.2643791,64.22776455,23.15809524,477.4833333,64.96777778,22.8,16.94,159.5552963,831.4246813,55.29473545,14.50914815
2025-05-29 10:30:00+00:00,477.7973283,64.90140056,23.2,477.9882612,66.29005617,22.8,17.17892857,165.0039456,817.375857,55.92267574,15.09214286
2025-05-29 10:45:00+00:00,477.562114,65.35599069,23.2,477.2812764,66.40193113,22.8,17.0,169.6994938,797.31978,56.26666667,15.45029258
2025-05-29 11:00:00+00:00,477.2182913,66.01087302,23.1407619,475.717376,66.87525535,22.8,17.065,178.590381,774.7788687,56.6,15.62386905
2025-05-29 11:15:00+00:00,478.2631313,66.33691026,23.1,474.3061625,65.78718595,22.8,17.14351852,184.4666667,740.8138637,56.57333333,15.59866667
2025-05-29 11:30:00+00:00,477.3702344,65.85504426,23.1,473.5394754,60.52173679,22.8,17.14365079,190.0900758,702.3040315,56.35554113,15.47918831
2025-05-29 11:45:00+00:00,477.1594076,66.94122807,23.1,473.6454712,61.33339921,22.8,17.04533333,196.9201058,795.0231101,55.79068783,15.59637037
2025-05-29 12:00:00+00:00,476.1852778,66.80750361,23.1,473.9515757,61.24857076,22.8,17.16,202.8703704,557.4068213,55.05008547,15.88411508
2025-05-29 12:15:00+00:00,477.6308734,64.48934269,23.18666667,473.2942036,61.81703962,22.88666667,17.12103175,208.6341667,705.9754221,54.09778836,15.77547355
2025-05-29 12:30:00+00:00,476.1831119,61.20446429,23.2,474.0139635,61.63366585,22.92142857,17.34380952,213.8457699,764.4032245,53.04244898,15.80724141
2025-05-29 12:45:00+00:00,476.0398757,61.43172891,23.2,473.9538489,61.78409494,23.0,17.36031746,219.2235295,684.7543641,51.74361111,16.13007407
2025-05-29 13:00:00+00:00,474.493532,61.30274725,23.2,472.2495116,61.26468161,23.06666667,17.1647619,224.1519444,607.7078459,50.31872222,16.08486667
2025-05-29 13:15:00+00:00,474.1012341,61.16288847,23.22857143,472.1626112,61.0847176,23.1,16.95,228.6351809,571.4235754,48.86530612,15.92142857
2025-05-29 13:30:00+00:00,471.9048919,60.990204,23.3,471.9967234,61.67436881,23.11742593,16.74978632,233.4340973,487.102461,47.07552177,16.04180521
2025-05-29 13:45:00+00:00,472.7123407,60.7117916,23.36,470.6529774,61.25294352,23.19777778,16.89453968,237.7466916,642.2055779,45.33286291,16.17442814
2025-05-29 14:00:00+00:00,472.7245907,60.80780505,23.4,470.3974019,60.96418826,23.35297619,17.51825397,242.0517328,572.5526999,43.38916787,16.6779899
2025-05-29 14:15:00+00:00,471.562996,60.33524333,23.49285714,471.3644447,60.73477961,23.42142857,17.08809524,245.2848052,470.2955776,41.82571429,16.88831169
2025-05-29 14:30:00+00:00,471.8049774,59.97873016,23.5,470.4252737,60.0379915,23.5,16.81055556,249.4520922,363.6916548,39.60628571,16.74059745
2025-05-29 14:45:00+00:00,471.86,58.73595238,23.5,472.07,59.43309727,23.43333333,16.70655556,253.3905279,298.8915363,37.40234969,16.66047278
2025-05-29 15:00:00+00:00,472.218082,59.05608466,23.39925926,471.9835897,60.72662393,23.4,16.54592593,256.7220261,268.1193579,35.4448366,16.68648148
2025-05-29 15:15:00+00:00,472.2623892,58.04622461,23.3025974,472.9739734,60.58102597,23.4,16.91020408,260.1910617,228.7180896,33.26291003,16.44334899
2025-05-29 15:30:00+00:00,472.3936508,57.7345679,23.43492424,473.6800418,60.16574163,23.4,17.2,263.3236691,249.2628735,31.23156177,16.66374766
2025-05-29 15:45:00+00:00,472.9380999,58.38337451,23.4,473.3564937,60.24904961,23.44666667,17.13,266.6958492,170.7994554,28.97346825,16.69910582
2025-05-29 16:00:00+00:00,472.523073,58.13066893,23.4,473.5704903,60.54846288,23.38952381,16.78,269.7069048,151.5393336,26.90309524,16.04672344
2025-05-29 16:15:00+00:00,472.8195344,58.461554,23.4,474.113645,61.49295567,23.34952381,17.22666667,272.8533911,117.1338746,24.71266667,15.71535873
2025-05-29 16:30:00+00:00,472.4776984,58.49752287,23.4,473.9925926,61.14380952,23.3,16.7622619,276.0320197,93.16449763,22.46486508,15.48941434
2025-05-29 16:45:00+00:00,472.1584795,57.84472056,23.34716117,474.3938369,61.36126674,23.24401709,16.9622449,278.698199,78.41711815,20.55416361,15.28270421
2025-05-29 17:00:00+00:00,472.3273677,57.85869535,23.3,473.4296442,61.11645764,23.2,17.14375,281.893424,80.61046903,18.29066893,15.5413321
2025-05-29 17:15:00+00:00,471.6843464,58.75531339,23.25,474.465209,61.38841742,23.2,16.8475,284.8621538,79.13805886,16.17828755,15.86449122
2025-05-29 17:30:00+00:00,470.9690226,57.65392848,23.2,475.1105797,60.62977023,23.2,17.26309524,287.739138,63.27026121,14.13128427,16.15431722
2025-05-29 17:45:00+00:00,471.7142444,58.59955369,23.2,473.5509091,60.42148148,23.12,17.06933333,290.5367593,45.18374704,12.18222222,15.85394206
2025-05-29 18:00:00+00:00,471.1906566,11.39285714,23.22615385,472.576014,11.09022556,23.1,17.23076923,293.6928571,26.13360544,10.10293367,15.475
2025-05-29 18:15:00+00:00,470.9669827,0.0,23.29619048,472.7680891,0.0,23.1,17.2,296.3376787,16.86912789,8.335093074,15.24695257
2025-05-29 18:30:00+00:00,469.738115,0.0,23.211,471.9132285,0.0,23.04755556,17.2,299.3595984,10.18668738,6.381279461,15.01007126
2025-05-29 18:45:00+00:00,469.8613911,0.0,23.2,470.5780379,0.0,23.0,17.13340659,302.6005519,6.690990916,4.378104515,14.85897278
2025-05-29 19:00:00+00:00,467.8230808,0.0,23.2,471.5430068,0.0,23.0,17.01166667,305.522941,5.359515152,2.655040328,14.73249487
2025-05-29 19:15:00+00:00,467.4428632,0.0,23.16666667,469.8977485,0.0,23.0,16.9752381,308.5818571,2.597878996,0.953595238,14.37150476
2025-05-29 19:30:00+00:00,466.6754732,0.0,23.1,468.991246,0.0,22.92583333,16.88571429,311.5432852,1.230751282,-0.549747475,14.0817803
2025-05-29 19:45:00+00:00,465.5639456,0.0,23.1,468.1288937,0.0,22.9,16.75,314.8705705,0.354498439,-2.204076994,13.86160067
2025-05-29 20:00:00+00:00,464.8007948,0.0,23.1,468.4012142,0.0,22.88222222,16.7,317.9213636,0.0385895,-3.642103896,13.81151349
2025-05-29 20:15:00+00:00,464.4433333,0.0,23.04666667,467.437742,0.0,22.8,16.62533333,320.9191111,0.0,-4.949222222,13.8
2025-05-29 20:30:00+00:00,463.9028239,0.0,23.0,465.3222361,0.0,22.8,16.526,324.3541909,0.0,-6.354094017,13.54495983
2025-05-29 20:45:00+00:00,464.0941752,0.0,23.0,465.4021062,0.0,22.8,16.46428571,327.868254,0.0,-7.628571429,13.46193995
2025-05-29 21:00:00+00:00,462.5646442,0.0,23.0,466.1177161,0.0,22.75580952,16.34333333,330.9942923,0.0,-8.6427886,13.41238095
2025-05-29 21:15:00+00:00,461.9147157,0.0,22.9,464.910337,0.0,22.7,16.25515873,334.2768798,0.0,-9.613131313,13.30845118
2025-05-29 21:30:00+00:00,460.9305989,0.0,22.9,464.0413612,0.0,22.7,16.05,337.9110624,0.0,-10.5522114,13.18767406
2025-05-29 21:45:00+00:00,459.1278592,0.0,22.9,462.6564131,0.0,22.7,15.94666667,341.3641667,0.0,-11.31222222,13.08666667
2025-05-29 22:00:00+00:00,458.6356942,0.0,22.9,461.7680672,0.0,22.66,15.81288889,344.9068623,0.0,-11.95436532,12.83195767
2025-05-29 22:15:00+00:00,459.6596845,0.0,22.9,461.6954965,0.0,22.6,15.7046627,348.5159434,0.0,-12.45956044,12.62337996
2025-05-29 22:30:00+00:00,458.385306,0.0,22.9,460.4289681,0.0,22.6,15.6,351.9513527,0.0,-12.8295962,12.23922976
2025-05-29 22:45:00+00:00,458.0347222,0.0,22.9,459.2172222,0.0,22.6,15.52142857,355.5333504,0.0,-13.05904762,12.049
2025-05-29 23:00:00+00:00,457.4315621,0.0,22.83333333,458.1629023,0.0,22.6,15.37851852,256.64,0.0,-13.19333333,12.0865098
2025-05-29 23:15:00+00:00,456.4323232,0.0,22.8,457.4155244,0.0,22.6,15.3,2.404181818,0.0,-13.17333333,12.19839899
2025-05-29 23:30:00+00:00,455.9519171,0.0,22.8,456.9016498,0.0,22.6,15.27714286,6.128968254,0.0,-12.98918367,12.2575
2025-05-29 23:45:00+00:00,454.7628965,0.0,22.8,456.5890404,0.0,22.59466667,15.17333333,9.529986532,0.0,-12.69156566,12.39444949
2025-05-30 00:00:00+00:00,454.8701023,0.0,22.8,454.9295887,0.0,22.5,15.1,13.22844156,0.0,-12.27911111,12.49954762
2025-05-30 00:15:00+00:00,454.5073195,0.0,22.8,454.3028274,0.0,22.5,15.03928571,16.56403095,0.0,-11.73408063,12.58130102
2025-05-30 00:30:00+00:00,453.1549074,0.0,22.78833333,454.8794537,0.0,22.5,14.95111111,20.11635017,0.0,-11.04965079,12.55183786
2025-05-30 00:45:00+00:00,453.5035859,0.0,22.7,453.2260823,0.0,22.5,14.9,23.39861905,0.0,-10.28492063,12.53261538
2025-05-30 01:00:00+00:00,451.5836345,0.0,22.7,452.7570583,0.0,22.5,14.9,27.23876984,0.0,-9.295555556,12.58590313
2025-05-30 01:15:00+00:00,450.85,0.0,22.7,452.0657159,0.0,22.48892857,14.85833333,30.26877551,0.0,-8.356190476,12.58468584
2025-05-30 01:30:00+00:00,449.7819929,0.0,22.7,451.5827082,0.0,22.40410053,14.8,33.62525149,0.0,-7.206871184,12.74023
2025-05-30 01:45:00+00:00,449.0681844,0.0,22.7,451.1051668,0.0,22.4,14.8,37.14147985,0.0,-5.87452381,13.0257974
2025-05-30 02:00:00+00:00,448.014728,0.0,22.7,450.0101572,0.0,22.4,14.728,40.22649471,0.0,-4.602976191,13.25694444
2025-05-30 02:15:00+00:00,447.7888979,0.0,22.7,449.3001134,0.0,22.4,14.7,43.57215658,0.041152461,-3.097986633,13.45245972
2025-05-30 02:30:00+00:00,447.5465572,0.0,22.7,448.8437179,0.0,22.4,14.7,46.29199586,0.207462244,-1.78440676,13.5
2025-05-30 02:45:00+00:00,446.6760835,0.0,22.65641026,448.5040909,0.0,22.4,14.7,49.66920085,0.892349742,-0.065235043,13.60287987
2025-05-30 03:00:00+00:00,445.3258059,52.85982906,22.67166667,447.259062,52.85943222,22.372,15.78555556,52.95615079,1.82029642,1.680460318,13.778
2025-05-30 03:15:00+00:00,447.9068313,63.9501443,22.7,448.5002041,64.77331066,22.4,18.25204082,55.86776644,1.734065856,3.334895125,14.00512492
2025-05-30 03:30:00+00:00,452.206976,64.79616643,22.7,456.0292047,64.6665766,22.4,16.49428571,58.91185185,3.31219398,5.166772487,14.168
2025-05-30 03:45:00+00:00,457.5222222,65.43930976,22.7,461.3152888,65.26313165,22.4,16.99038462,61.97983333,6.457284434,7.108740741,14.34041667
2025-05-30 04:00:00+00:00,461.2214045,66.2109803,22.7,465.0424043,65.84453149,22.4,16.9589881,64.70543032,13.07151164,8.873404195,14.57040816
2025-05-30 04:15:00+00:00,465.9194444,65.38277574,22.7,467.9837704,64.60495334,22.4,16.50305556,67.59418182,15.07729245,10.78254545,14.50751515
2025-05-30 04:30:00+00:00,469.1600698,65.677216,22.7,471.3316633,65.75268739,22.4,16.92355556,70.6666219,32.69589335,12.89155483,14.69458333
2025-05-30 04:45:00+00:00,472.9351954,65.62010582,22.7,473.8098192,65.90258221,22.4,16.94815873,73.4918254,50.64320193,14.87582251,14.86053571
2025-05-30 05:00:00+00:00,473.8603875,65.79600903,22.7,476.2477922,66.12443001,22.43392857,17.16027778,76.56594388,79.0365111,17.04630102,14.97034439
2025-05-30 05:15:00+00:00,476.6564226,65.21041375,22.75212963,477.177435,66.21096829,22.5,17.2,79.36273148,128.6429815,19.02308062,15.1076627
2025-05-30 05:30:00+00:00,476.7790313,65.82835715,22.8,477.750054,65.30573921,22.5,17.2,82.45,175.7382302,21.23828571,15.40975108
2025-05-30 05:45:00+00:00,477.9696904,65.74920853,22.87857143,478.6018238,66.49627238,22.56904762,17.2,85.41428571,141.1617393,23.36206349,15.59285714
2025-05-30 06:00:00+00:00,477.9297814,64.46700855,22.9,479.2291481,65.34386888,22.6,17.158,88.2225,166.8068012,25.34888889,16.02222222
2025-05-30 06:15:00+00:00,477.707037,64.99495006,22.9,478.8592989,65.70424242,22.6,17.0,91.59920513,183.502426,27.67146154,16.16985897
2025-05-30 06:30:00+00:00,478.0517433,64.93256506,22.915,479.9148163,65.06736842,22.61,17.08222222,94.71435979,165.4851234,29.78763252,16.37022
2025-05-30 06:45:00+00:00,477.9831933,65.13548753,23.0,479.9849624,64.96286875,22.69285714,17.16285714,97.93027984,159.1181241,31.9225219,16.37800325
2025-05-30 07:00:00+00:00,477.2246491,64.22996732,23.0,479.4905332,64.96803053,22.7,17.28119048,101.0155185,266.6358051,33.89339683,16.6437619
2025-05-30 07:15:00+00:00,477.7011785,65.06616402,23.02,479.5841839,64.69417647,22.79481481,17.005,104.7345979,435.10758,36.16528571,17.01258778
2025-05-30 07:30:00+00:00,478.3985964,64.78798335,23.1,480.0637826,65.46804039,22.8,17.15017857,107.9492352,348.0298378,38.02893939,17.22394063
2025-05-30 07:45:00+00:00,477.6341104,65.25823034,23.1,479.0494732,66.22299337,22.8,17.21904762,111.7876386,571.3415814,40.1705464,17.0828943
2025-05-30 08:00:00+00:00,476.8995455,64.37794872,23.1,478.2278947,66.4511312,22.83185185,17.208,115.7329125,610.7259938,42.20248413,17.98962121
2025-05-30 08:15:00+00:00,476.0850505,65.55084175,23.1,478.0331002,66.00598336,22.86897959,17.11428571,119.9445926,625.8939442,44.22622222,18.16506667
2025-05-30 08:30:00+00:00,476.577521,65.08029609,23.14636054,477.1423588,65.64922524,22.9,17.35265306,123.9214408,597.8188044,45.93771909,18.41043581
2025-05-30 08:45:00+00:00,475.5253476,65.81005991,23.2,475.22,65.85887899,22.9,17.5125,128.12,744.9114757,47.61666667,18.98203333
2025-05-30 09:00:00+00:00,474.8807645,65.96296296,23.22959184,476.454289,66.75350816,22.9,17.49285714,133.1622994,733.3171715,49.44032612,19.09698189
2025-05-30 09:15:00+00:00,474.3148942,63.77240741,23.3,474.1708354,64.26559197,22.95333333,17.67415873,138.185091,658.7941363,50.98919374,19.46467103
2025-05-30 09:30:00+00:00,472.8316155,64.15128205,23.3,473.3089684,65.32912774,23.0,17.84285714,142.841562,574.718485,52.23900564,19.19284632
2025-05-30 09:45:00+00:00,472.1321092,64.56389155,23.3,471.4294231,65.14422474,23.0,15.26454082,148.1931421,557.5800607,53.47442857,19.86130303
2025-05-30 10:00:00+00:00,472.3468444,63.01825027,23.3,470.6042185,63.06858573,23.01428571,16.17066667,153.9978519,611.1084331,54.60734007,19.90392593
2025-05-30 10:15:00+00:00,471.7341477,64.9892536,23.38295455,471.1322751,65.80093922,23.1,16.96590909,159.9254008,583.8382829,55.45863482,19.67720971
2025-05-30 10:30:00+00:00,471.7787037,65.04197383,23.4,470.663752,67.40515152,23.1,17.29496296,165.500127,785.7832111,56.08888889,19.94822222
2025-05-30 10:45:00+00:00,471.2040087,65.30639731,23.4,469.9156934,66.66731549,23.1,17.79333333,172.164009,438.8416015,56.56924298,19.66049711
2025-05-30 11:00:00+00:00,470.2761111,65.09724942,23.4,468.9939394,66.99125148,23.1,17.80944444,178.0112251,682.4885898,56.74,19.48887464
2025-05-30 11:15:00+00:00,468.5719655,66.05704365,23.4,468.3285714,67.71120448,23.1,17.45,184.7196471,374.7111834,56.73261905,19.35678571
2025-05-30 11:30:00+00:00,469.5669974,66.00639731,23.48,469.0521136,62.65333333,23.14733333,17.32,190.7374762,610.319244,56.44595238,19.59807071
2025-05-30 11:45:00+00:00,469.0377873,66.61654865,23.5,468.459407,60.83814166,23.2,17.17455556,196.4521296,274.4074944,55.98433117,19.9945232
2025-05-30 12:00:00+00:00,468.66442,66.92969357,23.5,467.5771273,60.65581029,23.2,16.53095238,202.0345573,312.1620772,55.30963513,19.44373895
2025-05-30 12:15:00+00:00,468.8728543,66.37583746,23.5,467.7749145,60.11926826,23.25333333,16.38059163,208.0919153,375.4377249,54.3725175,19.32173743
2025-05-30 12:30:00+00:00,468.7821514,66.06503317,23.5,467.8100297,60.58027826,23.3,16.75313564,212.9066019,306.1024936,53.38764081,19.64789207
2025-05-30 12:45:00+00:00,468.1478956,64.44392096,23.5,468.4871465,59.36427609,23.3,16.63,219.6628877,179.9207222,51.7845177,19.10028327
2025-05-30 13:00:00+00:00,468.1287054,65.26706377,23.5,468.7099101,60.24909761,23.3,16.77692308,224.1304288,308.5653321,50.51277056,18.83824287
2025-05-30 13:15:00+00:00,467.6690837,65.12768195,23.5,468.7458897,59.15017924,23.31333333,17.29333333,228.0713333,384.748957,49.21153175,18.90344444
2025-05-30 13:30:00+00:00,468.37582,63.79261641,23.5,469.6260947,58.52571331,23.38666667,17.33559524,233.8043386,309.183255,47.13858634,19.07590743
2025-05-30 13:45:00+00:00,468.8191986,63.895839,23.5,468.944343,59.27491229,23.4,17.01734694,237.9914353,505.2569755,45.38768842,19.05181539
2025-05-30 14:00:00+00:00,469.5657018,64.21314815,23.432,470.4935927,59.73465355,23.45559524,16.10207407,241.8774707,340.5023295,43.65907143,18.83475505
2025-05-30 14:15:00+00:00,470.8702997,61.891708,23.4,470.9761841,60.98841792,23.4,15.71904762,245.3233333,162.6817026,41.97666667,18.52333333
2025-05-30 14:30:00+00:00,471.931924,60.06714286,23.4,472.0797993,59.88322054,23.4,17.61527778,249.9074545,71.15988829,39.57103319,17.72850777
2025-05-30 14:45:00+00:00,472.5145679,64.79691133,23.4,473.4160048,62.2693107,23.37857143,16.78856293,253.0825142,97.28919889,37.77226523,17.50160747
2025-05-30 15:00:00+00:00,472.3960149,60.14258963,23.4,474.5812143,62.53511055,23.3,16.56666667,256.3865919,104.7288323,35.77056301,17.30298903
2025-05-30 15:15:00+00:00,473.7238591,63.46133935,23.4,474.9425632,63.75789316,23.30666667,17.20857143,260.377598,162.057098,33.31189615,16.5428922
2025-05-30 15:30:00+00:00,475.1294828,61.08839286,23.44285714,475.2520979,61.28636364,23.51904762,16.75089286,263.5983766,359.3699743,31.22509019,16.9625907
2025-05-30 15:45:00+00:00,475.9113295,61.36422189,23.5,476.824793,60.88743307,23.56,17.29536508,266.3146472,172.9561081,29.41428283,17.05517316
2025-05-30 16:00:00+00:00,476.7757804,63.36538062,23.5,477.2680263,62.27739279,23.5,16.71619048,269.9611785,117.0771932,26.88768013,17.00420484
2025-05-30 16:15:00+00:00,476.3326984,61.50433502,23.5,478.0322151,60.8019537,23.5,16.97925926,273.0053333,111.1381321,24.75683333,16.77244444
2025-05-30 16:30:00+00:00,476.9270173,61.62998469,23.5,478.3571429,61.88095238,23.5,17.2,276.0067551,124.2670086,22.64438492,16.78538674
2025-05-30 16:45:00+00:00,478.2118095,62.45300342,23.49733333,479.7891053,63.44461625,23.5,17.2,278.7947382,121.0815169,20.67127965,16.70428821
2025-05-30 17:00:00+00:00,480.0965221,62.96140896,23.55,480.514094,64.51059052,23.63333333,17.27857143,281.957164,239.3369913,18.41687398,16.86726113
2025-05-30 17:15:00+00:00,479.6408067,62.29365079,23.6,480.2146947,62.01597605,23.7952381,16.95648352,284.8886905,111.9835526,16.32882653,16.40505952
2025-05-30 17:30:00+00:00,480.5575,63.55116713,23.6,480.914535,61.81492174,23.8,16.73866667,287.8540317,140.7619724,14.27630159,16.32861111
2025-05-30 17:45:00+00:00,479.8565657,62.15544974,23.6,481.619709,62.07325397,23.82740741,17.26888889,290.8207725,83.14388294,12.20529101,16.37325541
2025-05-30 18:00:00+00:00,480.0467736,1.766666667,23.6,481.8001783,3.161111111,23.70761905,16.70133333,293.9030926,40.92903952,10.11117196,15.82104046
2025-05-30 18:15:00+00:00,478.6117137,0.0,23.6,481.6909091,0.0,23.6,16.7,296.6115842,76.05857094,8.320253794,15.69917582
2025-05-30 18:30:00+00:00,477.8125,0.0,23.6,481.3028643,0.0,23.6,16.75428571,299.5921581,17.81632198,6.420499593,15.42512821
2025-05-30 18:45:00+00:00,478.6220157,0.0,23.6,480.3873715,0.0,23.50185185,16.8,302.645138,24.67127753,4.53096128,15.28635703
2025-05-30 19:00:00+00:00,477.5723594,0.0,23.6,479.7226891,0.0,23.5,16.88571429,305.5097436,16.6780564,2.820947802,15.15296703
2025-05-30 19:15:00+00:00,477.0010787,0.0,23.6,480.0338319,0.0,23.45222222,16.9,308.3867143,6.663214028,1.18242328,15.00448629
2025-05-30 19:30:00+00:00,477.2393213,0.0,23.52666667,479.3301316,0.0,23.38388889,16.85816327,311.6946263,2.14826391,-0.470262626,14.82217778
2025-05-30 19:45:00+00:00,475.6250747,0.0,23.5,478.9987389,0.0,23.3,16.72583333,314.9763492,0.662358777,-2.105396825,14.70666667
2025-05-30 20:00:00+00:00,474.3809524,0.0,23.42142857,478.0607917,0.0,23.3,16.66428571,318.1140211,0.25466792,-3.567242678,14.55841837
2025-05-30 20:15:00+00:00,473.7774411,0.0,23.4,476.3027952,0.0,23.20333333,16.5,321.0284367,0.04,-4.819761905,14.34
2025-05-30 20:30:00+00:00,474.9682923,0.0,23.4,476.0740981,0.0,23.2,16.34333333,324.3848942,0.0,-6.186449014,14.22666667
2025-05-30 20:45:00+00:00,474.7417865,0.0,23.36761905,475.9445455,0.0,23.17333333,16.14444444,327.9100423,0.0,-7.474285714,14.2
2025-05-30 21:00:00+00:00,472.9252718,0.0,23.3,475.2014217,0.0,23.1,15.94107143,331.1508532,0.0,-8.562857143,14.06928571
2025-05-30 21:15:00+00:00,471.5314371,0.0,23.3,474.6474801,0.0,23.1,15.78,334.5546118,0.0,-9.532507937,13.93561905
2025-05-30 21:30:00+00:00,470.7744192,0.0,23.22365079,473.6843715,0.0,23.04666667,15.64666667,337.8627513,0.0,-10.39143671,13.79465608
2025-05-30 21:45:00+00:00,471.027414,0.0,23.2,473.905415,0.0,23.0,15.59285714,341.394898,0.0,-11.12795918,13.75492857
2025-05-30 22:00:00+00:00,471.2383118,0.0,23.2,473.2887003,0.0,23.0,15.46615385,344.1792982,0.0,-11.6534386,13.73189084
2025-05-30 22:15:00+00:00,469.3342993,0.0,23.18755556,471.6490641,0.0,22.92,15.32983333,348.2298413,0.0,-12.2626164,13.67780952
2025-05-30 22:30:00+00:00,469.2603317,0.0,23.10266667,472.3567528,0.0,22.9,15.26571429,351.9417922,0.0,-12.63442424,13.50124842
2025-05-30 22:45:00+00:00,467.6571088,0.0,23.1,471.6188185,0.0,22.9,15.13904762,355.4754732,0.0,-12.912814,13.3097488
2025-05-30 23:00:00+00:00,467.602856,0.0,23.1,470.6338703,0.0,22.85513228,15.07692308,226.8902063,0.0,-13.0,13.13333333
2025-05-30 23:15:00+00:00,468.0867958,0.0,23.1,470.0742694,0.0,22.8,14.94666667,2.647044733,0.0,-13.0,13.01333333
2025-05-30 23:30:00+00:00,466.4724123,0.0,23.1,470.6461914,0.0,22.8,14.88461538,5.906106988,0.0,-12.87048547,12.93279221
2025-05-30 23:45:00+00:00,466.6110481,0.0,23.04746296,469.7333289,0.0,22.8,14.75066667,9.6704403,0.0,-12.57434632,12.82692761
2025-05-31 00:00:00+00:00,464.7067632,0.0,23.0,469.5497228,0.0,22.75333333,14.61428571,13.26550144,0.0,-12.12768519,12.90505769
2025-05-31 00:15:00+00:00,465.6403199,0.0,23.0,468.5245455,0.0,22.7,14.6,16.88511111,0.0,-11.55266667,13.07266667
2025-05-31 00:30:00+00:00,465.1745742,0.0,23.0,467.4286436,0.0,22.7,14.52857143,20.2195756,0.0,-10.90028912,13.18575487
2025-05-31 00:45:00+00:00,465.3806655,0.0,23.0,467.0092596,0.0,22.7,14.5,23.43333333,0.0,-10.16,13.218
2025-05-31 01:00:00+00:00,464.0725926,0.0,22.91333333,465.6424962,0.0,22.66583333,14.49904762,27.04656085,0.0,-9.188333333,13.16399411
2025-05-31 01:15:00+00:00,464.248439,0.0,22.9,465.5779255,0.0,22.6,14.4,30.44539438,0.0,-8.159128205,13.1875
2025-05-31 01:30:00+00:00,463.2942251,0.0,22.9,464.713944,0.0,22.6,14.4,33.19435941,0.0,-7.213095238,13.20162982
2025-05-31 01:45:00+00:00,463.3809966,0.0,22.9,464.8448649,0.0,22.6,14.4,36.8420289,0.0,-5.833089133,13.20083333
2025-05-31 02:00:00+00:00,462.5129713,0.0,22.9,464.4288281,0.0,22.6,14.4,40.13781602,0.0,-4.492819865,13.25402525
2025-05-31 02:15:00+00:00,461.8942949,0.0,22.9,462.9561824,0.0,22.6,14.4,43.50417196,0.060097466,-2.943666667,13.25576667
2025-05-31 02:30:00+00:00,460.9333326,0.0,22.9,462.2370604,0.0,22.6,14.4,46.67322743,0.42322694,-1.427516234,13.13379329
2025-05-31 02:45:00+00:00,459.8413648,0.0,22.86666667,461.5575758,0.0,22.6,14.4,49.51373637,1.024909937,-0.01529902,13.09666667
2025-05-31 03:00:00+00:00,459.0444444,0.0,22.8,461.2185185,0.0,22.6,14.44,52.80091005,2.306357864,1.768142857,13.03199519
2025-05-31 03:15:00+00:00,458.4334478,0.0,22.8,460.9151786,0.0,22.53055556,14.5,55.48529762,2.984073043,3.270833333,13.04460317
2025-05-31 03:30:00+00:00,458.1516053,0.0,22.8,459.9479298,0.0,22.5,14.5,58.68123136,7.182582897,5.201071669,13.03764176
2025-05-31 03:45:00+00:00,458.0670944,0.0,22.8,459.4485364,0.0,22.5,14.5,61.8121761,14.71967648,7.151020408,13.03877551
2025-05-31 04:00:00+00:00,456.8372138,0.0,22.8,458.9353939,0.0,22.5,14.5,64.69094709,23.92241893,9.048214286,13.1
2025-05-31 04:15:00+00:00,456.7908163,0.0,22.8,458.4753968,0.0,22.5,14.5,67.53884766,24.62147102,10.930839,13.12541383
2025-05-31 04:30:00+00:00,456.7279489,0.0,22.8,458.509693,0.0,22.5,14.5,70.48947619,36.06742283,12.96953175,13.16666667
2025-05-31 04:45:00+00:00,456.3329247,0.0,22.8,458.238528,0.0,22.5,14.5,73.28012954,78.48902514,14.91717593,13.30783689
2025-05-31 05:00:00+00:00,455.6422223,0.0,22.8,456.2359975,0.0,22.53333333,14.44,76.05583524,92.47981178,16.83364244,13.43665969
2025-05-31 05:15:00+00:00,454.3934079,0.0,22.8,456.6734835,0.0,22.6,14.4,79.3662585,90.02866804,19.23366213,13.65218254
2025-05-31 05:30:00+00:00,454.2493872,0.0,22.86890145,456.0158642,0.0,22.6,14.4,82.28414111,89.83095575,21.29023718,13.60475626
2025-05-31 05:45:00+00:00,453.9565302,0.0,22.9,455.1850732,0.0,22.6,14.4,85.21709091,107.4215325,23.36935043,13.59906667
2025-05-31 06:00:00+00:00,452.2260404,0.0,22.9,454.9461401,0.0,22.6,14.4,87.97304869,107.2321691,25.30197726,13.72134821
2025-05-31 06:15:00+00:00,452.0085045,0.0,22.9,454.7799854,0.0,22.6,14.4,91.36182051,62.23167497,27.68773219,13.76024524
2025-05-31 06:30:00+00:00,451.960406,0.0,22.9,454.6232125,0.0,22.6,14.46404762,94.563652,140.2290737,29.87362867,13.55237884
2025-05-31 06:45:00+00:00,451.8111111,0.0,22.9,453.844798,0.0,22.6,14.52666667,97.8644222,363.3388053,32.05262278,13.82712815
2025-05-31 07:00:00+00:00,451.1508674,0.0,23.0,453.1321789,0.0,22.61428571,14.6,101.1084419,266.7369522,34.11765306,13.94481633
2025-05-31 07:15:00+00:00,450.7525149,0.0,23.0,452.1986383,0.0,22.7,14.6,104.6190149,413.2610103,36.30050794,14.13703819
2025-05-31 07:30:00+00:00,449.8509906,0.0,23.074,451.3717845,0.0,22.71481481,14.6,108.2024399,544.3522468,38.37580085,14.23547863
2025-05-31 07:45:00+00:00,449.6492375,0.0,23.1,451.1421455,0.0,22.8,14.6,112.0067004,358.7409241,40.46545543,14.48821587
2025-05-31 08:00:00+00:00,448.9898098,0.0,23.1,451.3400133,0.0,22.8,14.6,115.5344228,479.6006104,42.2882858,14.71953782
2025-05-31 08:15:00+00:00,448.0841512,0.0,23.17333333,450.0171044,0.0,22.84010582,14.6,119.7357057,512.181531,44.28192659,15.02527778
2025-05-31 08:30:00+00:00,448.7368703,0.0,23.2,448.8505874,0.0,22.9,14.6,123.782735,456.6976859,46.03867521,15.12391534
2025-05-31 08:45:00+00:00,447.555775,0.0,23.2,448.5627866,0.0,22.9,14.66666667,128.0753439,619.6100943,47.78179894,15.26134259
2025-05-31 09:00:00+00:00,447.9918848,0.0,23.28571429,448.6350899,0.0,22.9,14.73571429,133.0944444,670.0162853,49.54960317,15.55992063
2025-05-31 09:15:00+00:00,447.1706064,0.0,23.3,448.3743921,0.0,22.96666667,14.83333333,137.8508376,703.4699336,51.0445,15.48543492
2025-05-31 09:30:00+00:00,448.102983,0.0,23.3,448.0056763,0.0,23.0,14.9,142.713754,524.9841283,52.35827778,15.2373373
2025-05-31 09:45:00+00:00,446.629034,0.0,23.3,448.1019772,0.0,23.0,14.92142857,147.9225837,692.5751524,53.60796079,15.22696145
2025-05-31 10:00:00+00:00,446.1446199,0.0,23.39833333,448.3030303,0.0,23.01333333,15.04888889,153.8009849,588.0621228,54.71659341,15.47562352
2025-05-31 10:15:00+00:00,446.4315178,0.0,23.4,447.2108679,0.0,23.1,15.1,159.2411178,767.7301429,55.51617588,15.67261687
2025-05-31 10:30:00+00:00,444.5553138,0.0,23.4,447.3704714,0.0,23.1,15.20666667,166.0325,658.2803015,56.294,16.08131481
2025-05-31 10:45:00+00:00,444.9570137,0.0,23.4,447.1017316,0.0,23.1,15.3,172.1099235,724.4670043,56.67741497,16.46190476
2025-05-31 11:00:00+00:00,445.3454094,0.0,23.4,446.8898248,0.0,23.1,15.30148148,177.5402778,725.8451051,56.89816667,16.31975783
2025-05-31 11:15:00+00:00,443.900721,0.0,23.4,445.0681663,0.0,23.12722222,15.42548148,183.4814153,748.5116575,56.87333333,16.52899369
2025-05-31 11:30:00+00:00,444.2496296,0.0,23.446,444.7354209,0.0,23.2,15.56833333,190.6835238,738.1020476,56.60557576,16.67166667
2025-05-31 11:45:00+00:00,444.1460047,0.0,23.5,444.6204932,0.0,23.2,15.67142857,196.9108135,706.3221692,56.10321429,16.63218112
2025-05-31 12:00:00+00:00,442.8601094,0.0,23.52666667,444.775585,0.0,23.28333333,15.83296703,202.1963492,722.1150243,55.45314815,16.72677249
2025-05-31 12:15:00+00:00,442.2000679,0.0,23.6,443.4726189,0.0,23.33578755,16.0952381,208.7098095,706.852908,54.44104762,17.14090696
2025-05-31 12:30:00+00:00,442.7727555,0.0,23.6,442.7600198,0.0,23.41020408,16.29910714,213.7166241,698.8416886,53.38599258,17.12233631
2025-05-31 12:45:00+00:00,443.0911111,0.0,23.68051282,442.5708874,0.0,23.50190476,16.49727273,218.9755455,693.679709,52.15196729,17.16682218
2025-05-31 13:00:00+00:00,441.6577849,0.0,23.7,442.7393939,0.0,23.6,16.70545635,224.495,674.5071653,50.53914286,17.64994017
2025-05-31 13:15:00+00:00,442.4800862,0.0,23.76666667,443.460814,0.0,23.702,16.99809524,229.3694963,629.9431649,48.95351648,17.43838736
2025-05-31 13:30:00+00:00,442.3781112,0.0,23.80178571,442.977551,0.0,23.80142857,17.20357143,233.1039342,626.1126828,47.56095904,17.46094017
2025-05-31 13:45:00+00:00,442.2480702,0.0,23.9,441.9208458,0.0,23.91480952,17.36220491,237.9879754,601.4013218,45.57179315,17.40700366
2025-05-31 14:00:00+00:00,442.2448481,0.0,23.96666667,443.0396702,0.0,24.06416667,17.62666667,242.1310885,550.1500302,43.69708741,17.33546906
2025-05-31 14:15:00+00:00,441.1401819,0.0,24.04666667,442.4543259,0.0,24.14571429,17.775,246.1383333,527.8701926,41.73509259,17.61146465
2025-05-31 14:30:00+00:00,440.0445115,0.0,24.1,442.4240363,0.0,24.27857143,17.92142857,249.7358135,501.3848355,39.79301304,17.46021259
2025-05-31 14:45:00+00:00,441.0417872,0.0,24.13555556,442.2620635,0.0,24.40740741,18.09555556,253.2288889,466.387564,37.82851852,17.61315556
2025-05-31 15:00:00+00:00,440.8467677,0.0,24.2,442.1078002,0.0,24.50666667,18.29111111,257.1178948,429.777723,35.56805556,17.73263571
2025-05-31 15:15:00+00:00,440.2626827,0.0,24.28,442.226936,0.0,24.6,18.4,260.285619,374.0435208,33.58130447,17.82842222
2025-05-31 15:30:00+00:00,440.0884045,0.0,24.3,441.9444653,0.0,24.64285714,18.4,263.6950183,353.5126553,31.33627664,17.98467297
2025-05-31 15:45:00+00:00,440.1527273,0.0,24.37857143,441.6224397,0.0,24.73571429,18.52857143,266.833,326.6673614,29.25711111,17.95884596
2025-05-31 16:00:00+00:00,440.5882988,0.0,24.4,440.2771429,0.0,24.77333333,18.6,270.034023,294.400069,27.05590873,17.88445602
2025-05-31 16:15:00+00:00,441.0112319,0.0,24.4,441.1320406,0.0,24.75221604,18.6,273.0079783,220.7973191,24.97637868,17.82741667
2025-05-31 16:30:00+00:00,440.7592602,0.0,24.4,440.7770723,0.0,24.71333333,18.6,276.0648677,223.2388869,22.79296296,17.78208995
2025-05-31 16:45:00+00:00,440.0835618,0.0,24.45564286,440.8714047,0.0,24.7,18.6,278.9271984,199.2601061,20.73879365,17.86923201
2025-05-31 17:00:00+00:00,439.7935552,0.0,24.5,440.698764,0.0,24.7,18.6,282.1066566,179.8868475,18.45636508,18.05370851
2025-05-31 17:15:00+00:00,439.6738095,0.0,24.5,439.7988161,0.0,24.7,18.6,284.925873,160.9165745,16.50638889,18.20503195
2025-05-31 17:30:00+00:00,438.222807,0.0,24.5,440.9576471,0.0,24.7,18.6,287.8987273,140.4750561,14.35632323,18.02519697
2025-05-31 17:45:00+00:00,438.9356902,0.0,24.5,439.6386326,0.0,24.71733333,18.6,290.8140308,113.4423028,12.35508506,18.33644792
2025-05-31 18:00:00+00:00,438.3360606,0.0,24.5,439.5076923,0.0,24.77333333,18.6,293.7774963,75.91694955,10.35527069,18.16833333
2025-05-31 18:15:00+00:00,437.7936508,0.0,24.5,439.7835165,0.0,24.66020408,18.6,296.3872024,50.3154115,8.640503247,18.44285714
2025-05-31 18:30:00+00:00,438.1153575,0.0,24.5,439.4407464,0.0,24.57616667,18.6,299.5492222,29.01544011,6.603551079,18.0690754
2025-05-31 18:45:00+00:00,437.2696296,0.0,24.41333333,439.6294776,0.0,24.54,18.6,302.7497982,19.46783588,4.623156085,17.55915608
2025-05-31 19:00:00+00:00,437.6104329,0.0,24.4,439.6487701,0.0,24.47333333,18.6,305.6603337,11.82246601,2.885952381,16.4433781
2025-05-31 19:15:00+00:00,437.3581236,0.0,24.4,438.7437229,0.0,24.4,18.6,308.7407242,5.678570887,1.187343074,15.07640056
2025-05-31 19:30:00+00:00,436.6895996,0.0,24.39910714,438.3763363,0.0,24.31333333,18.6,311.7787399,2.41195122,-0.357365079,14.43913305
2025-05-31 19:45:00+00:00,436.0809848,0.0,24.3,437.2,0.0,24.24666667,18.6,315.0064072,0.820426966,-1.97019166,14.19538462
2025-05-31 20:00:00+00:00,434.9493344,0.0,24.25714286,437.3202257,0.0,24.2,18.6,317.8029031,0.221990741,-3.25565812,14.08482051
2025-05-31 20:15:00+00:00,436.0808529,0.0,24.2,437.2121391,0.0,24.10714286,18.54285714,321.3170368,0.006766917,-4.835714286,13.93897207
2025-05-31 20:30:00+00:00,436.4532322,0.0,24.14666667,436.606175,0.0,24.07509972,18.44666667,324.5453352,0.0,-6.107726718,13.906
2025-05-31 20:45:00+00:00,435.2406648,0.0,24.1,436.1000058,0.0,24.0,18.34,327.8897222,0.0,-7.360351852,14.04345556
2025-05-31 21:00:00+00:00,434.5828641,0.0,24.09851852,435.1683796,0.0,23.93904762,18.15333333,330.8347195,0.0,-8.29446908,14.03674623
2025-05-31 21:15:00+00:00,433.8609023,0.0,24.0,435.5348299,0.0,23.9,17.9752551,334.690462,0.0,-9.428287982,14.2
2025-05-31 21:30:00+00:00,433.1411582,0.0,24.0,434.9785571,0.0,23.80914286,17.85833333,337.9693843,0.0,-10.26288841,14.17858333
2025-05-31 21:45:00+00:00,432.8283814,0.0,23.96,434.3489046,0.0,23.8,17.67066667,341.1800641,0.0,-10.99620513,14.08807692
2025-05-31 22:00:00+00:00,432.8626547,0.0,23.9,434.1737128,0.0,23.71333333,17.49111111,344.971465,0.0,-11.68003241,13.74061905
2025-05-31 22:15:00+00:00,432.3417815,0.0,23.9,434.148489,0.0,23.69206349,17.33571429,348.1167878,0.0,-12.13810426,13.61859578
2025-05-31 22:30:00+00:00,432.1910319,0.0,23.83648148,432.325011,0.0,23.6,17.15101852,351.5634764,0.0,-12.50555556,13.61523077
2025-05-31 22:45:00+00:00,431.564895,0.0,23.8,432.1914984,0.0,23.6,16.97888889,355.1090663,0.0,-12.75322222,13.5459697
2025-05-31 23:00:00+00:00,431.7409208,0.0,23.73095238,431.3088761,0.0,23.59285714,16.75714286,333.3121291,0.0,-12.9,13.6453141
2025-05-31 23:15:00+00:00,430.5930159,0.0,23.7,430.6701485,0.0,23.5,16.68,2.606365079,0.0,-12.87428571,13.58092857
2025-05-31 23:30:00+00:00,430.5202201,0.0,23.7,430.545735,0.0,23.5,16.51777778,6.04397941,0.0,-12.70545455,13.14483012
2025-05-31 23:45:00+00:00,430.1597012,0.0,23.65933333,429.9839224,0.0,23.40666667,16.41333333,9.645833333,0.0,-12.39957143,13.1497963
