,R01_06_CO201,R01_06_FCI01,R01_06_MVV01,R01_06_TRU01,HTRK_VEN01_TI01,HTR9_VES01_SI01,HTR9_VES01_TUD01,HTRK_RAD01_TF01
2026-01-04 23:00:00+00:00,409.6,0,0,20,15.3,0,-2.34,58.88946851
2026-01-04 23:05:00+00:00,409.3128205,0,0,20,15.3,0,-2.451272727,56.43636999
2026-01-04 23:10:00+00:00,410.4,0,0,20,15.3,0,-2.648,54.97538083
2026-01-04 23:15:00+00:00,410.6013986,0,0,20,15.3,0,-2.718012626,58.66263027
2026-01-04 23:20:00+00:00,410,0,0,20,15.3,0,-2.778571429,62.31424141
2026-01-04 23:25:00+00:00,410.635,0,0,20,15.3,0,-2.802166667,62.31076923
2026-01-04 23:30:00+00:00,410.4,0,0,20,15.3,0,-2.85,58.73833333
2026-01-04 23:35:00+00:00,410.1204906,0,0,20,15.3,0,-2.922503497,58.57769231
2026-01-04 23:40:00+00:00,409.9618182,0,0,20,15.3,0,-3.046222222,59.00955665
2026-01-04 23:45:00+00:00,409.9772727,0,0,20,15.3,0,-3.1,59.33579545
2026-01-04 23:50:00+00:00,409.9428571,0,0,20,15.3,0,-3.03,59.11714286
2026-01-04 23:55:00+00:00,411.4,0,0,20,15.3,0,-3,58.89263158
2026-01-05 00:00:00+00:00,411.0433333,0,0,20,15.3,0,-3.24,58.9529776
2026-01-05 00:05:00+00:00,409.9178571,0,0,20,15.3,0,-3.3,59.00666667
2026-01-05 00:10:00+00:00,409.975,0,0,20,15.3,0,-3.26,59.48590909
2026-01-05 00:15:00+00:00,410.3733333,0,0,20,15.3,0,-3.280714286,59.96780769
2026-01-05 00:20:00+00:00,411,0,0,20,15.3,0,-3.346,59.55642101
2026-01-05 00:25:00+00:00,410.4613636,0,0,20,15.3,0,-3.206603175,59.31857143
2026-01-05 00:30:00+00:00,411.025,0,0,20,15.3,0,-3.195,59.81125541
2026-01-05 00:35:00+00:00,412,0,0,20,15.3,0,-3.033333333,58.96879121
2026-01-05 00:40:00+00:00,411.3645833,0,0,20,15.3,0,-3.4,59.08877005
2026-01-05 00:45:00+00:00,410.2133333,0,0,20,15.3,0,-3.421666667,59.25939394
2026-01-05 00:50:00+00:00,411,0,0,20,15.3,0,-3.479142857,59.31354637
2026-01-05 00:55:00+00:00,411.07,0,0,20,15.3,0,-3.413463204,59.35619048
2026-01-05 01:00:00+00:00,411.7,0,0,20,15.3,0,-3.504,59.40909091
2026-01-05 01:05:00+00:00,410.9644444,0,0,20,15.3,0,-3.954,59.92272727
2026-01-05 01:10:00+00:00,410.955,0,0,20,15.3,0,-4.2,59.48966667
2026-01-05 01:15:00+00:00,411.66,0,0,20,15.3,0,-4.008722222,59.50235294
2026-01-05 01:20:00+00:00,410,0,0,20,15.3,0,-4.110876923,59.80085714
2026-01-05 01:25:00+00:00,410,0,0,20,15.3,0,-3.841230769,59.69434556
2026-01-05 01:30:00+00:00,410.0357143,0,0,20,15.3,0,-3.399087302,59.30208333
2026-01-05 01:35:00+00:00,411.8444444,0,0,20,15.3,0,-2.98,59.44254545
2026-01-05 01:40:00+00:00,411,0,0,20,15.3,0,-2.392727273,58.8
2026-01-05 01:45:00+00:00,410.0105263,0,0,19.90242857,15.3,0,-2.041212121,58.78447368
2026-01-05 01:50:00+00:00,410.6571429,0,0,19.9,15.3,0,-2.091619048,58.66066897
2026-01-05 01:55:00+00:00,412,0,0,19.9,15.3,0,-2.490476191,58.70139234
2026-01-05 02:00:00+00:00,412.6444444,0,0,19.9,15.3,0,-2.2,58.93659091
2026-01-05 02:05:00+00:00,411,0,0,19.9,15.22,0,-1.486166667,58.9
2026-01-05 02:10:00+00:00,410.9636364,0,0,19.9,15.2,0,-1.091933333,59.44958305
2026-01-05 02:15:00+00:00,412,0,0,19.9,15.2,0,-0.973375758,59.47793103
2026-01-05 02:20:00+00:00,412,0,0,19.9,15.2,0,-0.843153087,58.6198465
2026-01-05 02:25:00+00:00,412,0,0,19.9,15.2,0,-0.805,58.2159931
2026-01-05 02:30:00+00:00,412,0,0,19.9,15.2,0,-0.775,58.071875
2026-01-05 02:35:00+00:00,411.175,0,0,19.9,15.2,0,-1.249555556,58.29170807
2026-01-05 02:40:00+00:00,412.8666667,0,0,19.9,15.2,0,-2.230952381,58.71885134
2026-01-05 02:45:00+00:00,414.1028571,0,0,19.9,15.2,0,-0.973047619,58.65276224
2026-01-05 02:50:00+00:00,413.4071429,0,0,19.9,15.2,0,-0.518,58.51393939
2026-01-05 02:55:00+00:00,413.6826923,0,0,19.9,15.2,0,-0.277353846,58.26066667
2026-01-05 03:00:00+00:00,414.8,0,0,19.9,15.2,0,-0.031111111,58.27931034
2026-01-05 03:05:00+00:00,414.1636364,0,0,19.9,15.2,0,0.331818182,58.12095238
2026-01-05 03:10:00+00:00,412.3166667,0,0,19.9,15.2,0,0,57.77931136
2026-01-05 03:15:00+00:00,412.2409524,0,0,19.9,15.2,0,-0.086060606,57.89948718
2026-01-05 03:20:00+00:00,412,0,0,19.9,15.2,0,-0.181136364,58.18863636
2026-01-05 03:25:00+00:00,412,0,0,19.9,15.2,0,-0.028333333,58.51333333
2026-01-05 03:30:00+00:00,412,0,0,19.9,15.13666667,0,0.234505495,58.22503896
2026-01-05 03:35:00+00:00,412.8,0,0,19.95418421,15.1,0,-0.31414099,57.26090909
2026-01-05 03:40:00+00:00,412.2,0,0,20,15.1,0,-0.220333333,57.44515385
2026-01-05 03:45:00+00:00,412.6502674,0,0,20,15.1,0,0.691111111,57.93566667
2026-01-05 03:50:00+00:00,413,0,0,20,15.1,0,1.082777778,57.138
2026-01-05 03:55:00+00:00,413,0,0,20,15.1,0,0.569525641,57.30238462
2026-01-05 04:00:00+00:00,412.6,0,0,20,15.1,0,-0.5,57.86947368
2026-01-05 04:05:00+00:00,412,0,0,20,15.1,0,-1.28,58.62
2026-01-05 04:10:00+00:00,412.6,0,0,20,15.1,0,-0.292914286,58.34428571
2026-01-05 04:15:00+00:00,413,0,0,20,15.1,0,-0.5375,57.95675129
2026-01-05 04:20:00+00:00,413.6142857,0,0,20,15.1,0,-1.796363636,58.39403598
2026-01-05 04:25:00+00:00,413.5666667,0,0,20,15.1,0,-2.826666667,59.03833333
2026-01-05 04:30:00+00:00,413.55,0,0,20,15.1,0,-3.063642857,59.24424242
2026-01-05 04:35:00+00:00,414,0,0,20,15.1,0,-3.280644444,59.51561905
2026-01-05 04:40:00+00:00,415.2,0,0,20,15.1,0,-3.081666667,59.37477056
2026-01-05 04:45:00+00:00,416,0,0,20,15.1,0,-2.948636364,59.19312169
2026-01-05 04:50:00+00:00,415.9020979,0,0,20,15.1,0,-2.844,59.4
2026-01-05 04:55:00+00:00,415.6,0,0,20,15.1,0,-2.966,59.53272727
2026-01-05 05:00:00+00:00,415.6,0,0,20,15.1,0,-2.180212121,59.29808122
2026-01-05 05:05:00+00:00,417.2,0,0,20,15.1,0,0.3275,58.14181818
2026-01-05 05:10:00+00:00,418.2242424,0,0,20,15.1,0,0.2005,57.71991097
2026-01-05 05:15:00+00:00,419,0,0,20,15.1,0,-0.457206349,57.88864662
2026-01-05 05:20:00+00:00,419.3333333,0,0,20,15.1,0,-0.811,58.32181818
2026-01-05 05:25:00+00:00,420.7522222,0,0,20,15.1,0,-1.454545455,58.53052632
2026-01-05 05:30:00+00:00,421.42,0,0,20,15.1,0,-1.050083333,58.85444444
2026-01-05 05:35:00+00:00,421.9358974,0,0,20,15.1,0,-0.6982,59.01434077
2026-01-05 05:40:00+00:00,421.9178571,0,0,20,15.1,0,-0.569242424,58.60013576
2026-01-05 05:45:00+00:00,421.6,0,0,20,15.1,0,-0.602,58.1052381
2026-01-05 05:50:00+00:00,420.425,0,0,20,15.1,0,-0.71175,58.27363636
2026-01-05 05:55:00+00:00,421.4,0,0,20,15.1,0,-0.92375,57.79813527
2026-01-05 06:00:00+00:00,422,0,0,20,15.1,0,-1.011111111,58.47666667
2026-01-05 06:05:00+00:00,422.1396104,0,0,20,15.1,0,-0.847222222,58.28695652
2026-01-05 06:10:00+00:00,422,0,0,20,15.1,0,-1.133333333,57.92127273
2026-01-05 06:15:00+00:00,422.0705882,0,0,20,15.1,0,-1.946104118,58.27844644
2026-01-05 06:20:00+00:00,425,0,0,20,15.1,0,-1.7075,58.14925464
2026-01-05 06:25:00+00:00,426.75,0,0,20,15.1,0,-1.636,58.94388235
2026-01-05 06:30:00+00:00,433.3333333,0,5.176285714,20,15.1,0,-1.295,58.805
2026-01-05 06:35:00+00:00,434.4666667,0,25.9458,20,15.06,0,-1.15,58.15685714
2026-01-05 06:40:00+00:00,436.0785714,6.688888889,26.42466667,20,15.065,0,-1.2564,57.5877451
2026-01-05 06:45:00+00:00,436.8714286,44.95751553,25.74653968,20,20.07833333,0,-1.190888889,55.64277922
2026-01-05 06:50:00+00:00,437.8,44.1747479,24.0812224,20,24.6,0,-0.127552448,54.80800983
2026-01-05 06:55:00+00:00,441.0181818,49.93181818,23.00285714,20,24.95828571,0,1.941136364,56.15894737
2026-01-05 07:00:00+00:00,441.7916667,49.90178571,23.07780749,20,24.68285714,0,2.079545455,57.21773729
2026-01-05 07:05:00+00:00,441,49.11212121,22.90444444,19.90545455,23.22,0.019531773,2.11015873,58.59908425
2026-01-05 07:10:00+00:00,442.6666667,51.43448276,23.14671429,19.818,22.08,0.093928571,2.08830303,58.44528139
2026-01-05 07:15:00+00:00,450.6,50.5030303,23.39896429,19.8,21.99333333,0.212484211,1.691428571,58.34933333
2026-01-05 07:20:00+00:00,462.2,51.85333333,23.57753889,19.78909091,22.9,0.424,1.5875,56.37837321
2026-01-05 07:25:00+00:00,472.0880952,50.54736842,23.40677857,19.70860806,23.43333333,0.700581053,1.663076923,55.45927459
2026-01-05 07:30:00+00:00,476.1757143,50.57242683,23.40741796,19.7,23.78603175,0.869900041,1.64437296,56.19653508
2026-01-05 07:35:00+00:00,480.6666667,49.45904586,23.46792727,19.7,23.41563636,1.57507398,1.526,56.63115966
2026-01-05 07:40:00+00:00,491.7717172,50.38741259,23.73444755,19.7,22.48,2.688898785,1.111666667,56.253
2026-01-05 07:45:00+00:00,498.28,49.92789474,24.06228571,19.7,22.13,3.657166474,0.811111111,56.41136264
2026-01-05 07:50:00+00:00,504.25,49.83035714,24.325,19.61826923,22.55,4.609712538,0.646111111,57.70833333
2026-01-05 07:55:00+00:00,508.1298701,50.33222734,24.62544589,19.67612903,22.796,5.568326267,0.526153846,56.72925499
2026-01-05 08:00:00+00:00,509.8222222,50.799311,24.97311111,19.60545455,23.16666667,7.204203636,0.077121212,56.31826279
2026-01-05 08:05:00+00:00,516.9393939,49.80588235,24.8509899,19.66631579,23.23,8.462019608,0.165444444,56.05004785
2026-01-05 08:10:00+00:00,538.8027778,50.66736842,24.72912308,19.7,23.09771429,9.730732057,0.198571429,60.25490043
2026-01-05 08:15:00+00:00,591.3,50.87272727,24.72145,19.7,23.08,11.12571429,0.3245,60.08155844
2026-01-05 08:20:00+00:00,585,50.94,24.7076,19.78891775,23.2,12.12150033,0.3324,61.73684848
2026-01-05 08:25:00+00:00,617.925,47.9369697,24.74989899,20.04609407,23.38,13.36788889,0.138,56.8560927
2026-01-05 08:30:00+00:00,636.7619048,49.61,24.78626667,20.013,23.18,14.59,0.29,56.38896552
2026-01-05 08:35:00+00:00,646.2666667,50.56254181,24.79666667,20.08712121,22.89142857,47.43070903,0.215,58.16015152
2026-01-05 08:40:00+00:00,655.5635211,49.90779388,24.7165585,20.14345633,22.67156566,40.82414851,0.290736485,58.08462987
2026-01-05 08:45:00+00:00,640.4722222,49.78787879,24.4,20.1025,22.5775,22.53717105,0.6,57.41184211
2026-01-05 08:50:00+00:00,627.4,49.37777778,24.52666667,19.97052632,22.78,24.7772381,0.6,57.61681818
2026-01-05 08:55:00+00:00,597.9666667,48.52,24.46086667,19.9,22.96666667,28.42451579,0.527333333,57.37589474
2026-01-05 09:00:00+00:00,575.7986014,48.43636364,24.2696,19.95501144,23.14,44.49576623,0.726666667,58.61355311
2026-01-05 09:05:00+00:00,551.8142857,51.14162679,23.93210256,20,23.17666667,94.6716933,1.109047619,56.49681818
2026-01-05 09:10:00+00:00,545.3666667,51.46153846,23.53693333,20.07285714,23.06666667,94.30726703,1.427,56.6062987
2026-01-05 09:15:00+00:00,537.1333333,51.30526316,23.3771746,20.1,22.9,65.22166667,1.73335,55.86680162
2026-01-05 09:20:00+00:00,542.5840909,51.15714286,23.18103333,20.17436364,22.887,51.74005882,1.500533333,55.89333333
2026-01-05 09:25:00+00:00,540.0666667,51.96754386,23.14505495,20.2416,22.9,105.4205088,1.54215,55.48841818
2026-01-05 09:30:00+00:00,540.0805556,51.85933014,22.96262626,20.3,22.92,125.0997133,1.984207792,55.60076923
2026-01-05 09:35:00+00:00,542.8614035,51.37878788,22.98902512,20.3,23,113.9939741,1.953333333,55.66316288
2026-01-05 09:40:00+00:00,547.6444444,52.07165775,23.3178,20.3,23,125.1154545,1.833333333,56.00411765
2026-01-05 09:45:00+00:00,554.5333333,52,23.30876667,20.3,23.2,149.5782644,1.7355,56.1
2026-01-05 09:50:00+00:00,557.4734615,51.76916409,23.71207071,20.25466667,23.2,86.04389305,1.211666667,56.43
2026-01-05 09:55:00+00:00,557.25,51.96666667,23.69542857,20.2,23.11666667,65.65897619,1.266,56.56188811
2026-01-05 10:00:00+00:00,556,53,23.4,20.2,23.1,53.66257668,1.676476191,56.71397727
2026-01-05 10:05:00+00:00,567,53.38333333,23.45454545,20.2,23.02,33.7878,1.6,56.27
2026-01-05 10:10:00+00:00,576.9076923,52.88734336,23.59439286,20.2,23,37.40906765,1.411992807,56.13885057
2026-01-05 10:15:00+00:00,581.5638889,52.43444755,23.86936825,20.24428571,23,41.55438191,1.099428571,55.45656566
2026-01-05 10:20:00+00:00,581.7362637,52.85655172,23.93686275,20.3,23,40.66122586,1.016,58.09
2026-01-05 10:25:00+00:00,589.6,51.62,24.0775,20.3,23,38.86238889,0.941587302,57.90722222
2026-01-05 10:30:00+00:00,591.8361905,52.00702087,23.76679167,20.3,23.01738095,39.39255134,1.287751832,57.21695089
2026-01-05 10:35:00+00:00,592.5,51.75016722,23.71166667,20.34083333,23.19,35.85669444,1.5,56.006206
2026-01-05 10:40:00+00:00,594.62,54.30818182,23.63357143,20.4,23.3,37.29956663,1.530904762,56.7302201
2026-01-05 10:45:00+00:00,587.1153846,55.91129032,23.51421875,20.4,23.25833333,40.69788561,1.5,56.33707248
2026-01-05 10:50:00+00:00,588.61,52.05142857,23.67130769,20.42206897,23.10666667,43.04211201,1.44,56.29144796
2026-01-05 10:55:00+00:00,597.8444444,52.61818182,22.98644444,20.5,23,44.69334175,2.0375,56.74388715
2026-01-05 11:00:00+00:00,594.2222222,53.38571429,22.84859341,20.5275,22.94,43.37158333,1.998095238,55.67560224
2026-01-05 11:05:00+00:00,589.6055556,52.51363636,22.91196825,20.6,22.9,42.21589394,2.106666667,56.48506266
2026-01-05 11:10:00+00:00,576.5428571,54.33447205,22.79970833,20.6,22.9,44.36929091,2.20968254,55.36451178
2026-01-05 11:15:00+00:00,568.725,50.38245614,23.0175,20.6,22.85,49.87652632,1.898166667,56.66175439
2026-01-05 11:20:00+00:00,560.0758929,50.25599669,23.5325,20.6,22.8,55.55316551,1.706060606,56.77593466
2026-01-05 11:25:00+00:00,551.86,52.65837037,24.08330303,20.6,22.8,60.13783117,1.5,56.3997619
2026-01-05 11:30:00+00:00,544.3142857,52.55,24.20347222,20.6,22.925,72.78816667,0.905714286,58.03833333
2026-01-05 11:35:00+00:00,541.8083333,52.395671,23.94412821,20.61904762,23.08,74.96906952,1.395,57.54142857
2026-01-05 11:40:00+00:00,541.075,50.28325123,23.73152381,20.69214286,23.2,73.08994108,1.225261905,56.60092939
2026-01-05 11:45:00+00:00,541.835,51,23.72974026,20.62776224,23.2,67.45077273,1.134857143,57.12863636
2026-01-05 11:50:00+00:00,547.25,51.14583333,23.38861111,20.7,23.175,59.63502165,1.7,56.39615385
2026-01-05 11:55:00+00:00,553.2207792,51.17166667,23.57422727,20.7,23.1,57.96902,1.4386,55.97268826
2026-01-05 12:00:00+00:00,557,48.03125,23.80111111,20.700625,23.2,60.1309375,1,56.36169192
2026-01-05 12:05:00+00:00,558.4307692,52.04208145,23.45784615,20.78228571,22.95142857,78.00111574,1.436363636,56.70894505
2026-01-05 12:10:00+00:00,580.1038961,52.84985337,23.11169643,20.8048,22.72666667,74.0901443,1.732424242,56.45199173
2026-01-05 12:15:00+00:00,581.218254,51.91666667,23.54675,20.93636364,22.7,55.636713,1.818,55.92424646
2026-01-05 12:20:00+00:00,589.5982143,51.8875,23.766875,21.09544534,22.9,47.59142035,1.355,57.054
2026-01-05 12:25:00+00:00,624.5333333,49.5826087,24.145,20.9352,22.9,46.24891667,0.88,58.24804196
2026-01-05 12:30:00+00:00,578.76,51.92307692,24,20.9,23,44.90554167,0.992,57.01867647
2026-01-05 12:35:00+00:00,580.4888889,52.02,24.05633766,20.9,23.07857143,46.15418462,0.909644444,57.10153846
2026-01-05 12:40:00+00:00,571.0285714,52.04166667,23.63255,20.9,23.2,49.01093045,1.3752,56.497
2026-01-05 12:45:00+00:00,566.5519814,51.610874,23.34756044,20.9,23.2,48.35186488,1.616545455,56.34552648
2026-01-05 12:50:00+00:00,561,52.91601732,23.12114286,20.9,23.2,52.53411905,1.898333333,55.04545455
2026-01-05 12:55:00+00:00,560.4583333,52.7789434,23.11460606,20.9,23.2,53.83125791,1.890625,55.03588972
2026-01-05 13:00:00+00:00,586.3428571,51.32727273,23.195,20.9,22.96,41.85235909,1.752,56.18981818
2026-01-05 13:05:00+00:00,792.8,124.28,23.3698,21.098,22.76,33.804,1.625,53.89533333
2026-01-05 13:10:00+00:00,823,126.0235294,23.4,21.36333333,22.7,33.83985621,1.81215,55.50266667
2026-01-05 13:15:00+00:00,843.1206349,148.8523077,23.98075,21.42296651,22.7,38.2623812,1.195,54.00887081
2026-01-05 13:20:00+00:00,845.8,157.4062745,23.602,21.57555556,22.86,33.91039316,1.79225,56.16244344
2026-01-05 13:25:00+00:00,855.8928571,153.1375495,22.8128254,21.69833333,22.94,30.97310577,1.983,56.32
2026-01-05 13:30:00+00:00,922.984127,185.4919786,22.78380952,21.77070707,23.155,24.85490575,2.022222222,56.815
2026-01-05 13:35:00+00:00,903,175.6421535,22.57538462,21.85289474,23.26,23.00350956,2.46,57.01814762
2026-01-05 13:40:00+00:00,864.8191558,165.9555343,22.93090909,21.89737069,23.24,21.84615871,2.12,57.14660201
2026-01-05 13:45:00+00:00,858.8,164.8492087,22.96,21.96421053,23.04,20.12006235,1.926666667,56.96586081
2026-01-05 13:50:00+00:00,866.6666667,165.5078095,22.66533333,22,23,19.50004777,2.312380952,52.83293473
2026-01-05 13:55:00+00:00,857.58,160.2026958,23.08411364,22.07707071,23,17.10060627,1.958666667,54.76034837
2026-01-05 14:00:00+00:00,861.3076923,160.7165697,23.51480519,22.14978776,23.1,15.1705,1.388,56.28048951
2026-01-05 14:05:00+00:00,822.6666667,151.0833333,23.63566667,21.96833333,23.1,13.55454633,1.36,56.67440191
2026-01-05 14:10:00+00:00,772.4588235,134.4933333,23.51619048,21.9,22.997,11.61498718,1.485714286,56.68955873
2026-01-05 14:15:00+00:00,720,111.7358561,23.50984615,21.9,22.9,9.844286399,1.456,56.38372205
2026-01-05 14:20:00+00:00,740.1321429,81.103125,23.91770202,21.9,22.9,8.830555556,1.05,55.88555556
2026-01-05 14:25:00+00:00,740.8380952,75.21666667,23.95418182,21.9,22.92,8.605961988,1.16,54.8
2026-01-05 14:30:00+00:00,733.6111111,78.18181818,24.21444444,21.9,22.96666667,7.020538462,0.773142857,54.95833333
2026-01-05 14:35:00+00:00,729.1666667,72.76951872,24.359375,21.9,22.9,5.670727273,0.625933333,56.3277381
2026-01-05 14:40:00+00:00,754.5328571,77.51287879,24.25684343,21.9,22.81666667,4.405674901,0.709214286,57.05019568
2026-01-05 14:45:00+00:00,759.3333333,85.92362637,24.14666667,22.00227273,23.05,3.129809524,0.834,56.61469697
2026-01-05 14:50:00+00:00,754.3502595,87.23973856,24.11976559,22.06896651,23.2,2.388803175,0.875384615,56.94507937
2026-01-05 14:55:00+00:00,754.5852632,90.87903509,24.02652381,21.81854276,23.18,1.696571212,0.81625,56.13530808
2026-01-05 15:00:00+00:00,691.1404762,60.9047619,18.66722129,21.63272727,23.10222222,1.024545455,2.152285714,57.43636364
2026-01-05 15:05:00+00:00,639.7957143,47.43534429,7.983477634,21.54412121,23.19722222,0.61826087,2.952285714,60.99730159
2026-01-05 15:10:00+00:00,593.6805556,47.2875,0.100730769,21.5,23.6,0.355,3.225,54.95416667
2026-01-05 15:15:00+00:00,567,48,0,21.5,23.6,0.168333333,3.23,55.7072807
2026-01-05 15:20:00+00:00,551.0888889,47.61777778,0,21.41555556,23.06666667,0.06,3.1,53.43105882
2026-01-05 15:25:00+00:00,522.43,47.19444444,0,21.3,22.48,0,3.04,53.76189514
2026-01-05 15:30:00+00:00,509.4833333,47.37070707,0,21.259,22.2,0,3.124,55.01178947
2026-01-05 15:35:00+00:00,498.8,47.97333333,0,21.2,22.6,0,3.118285714,54.48526316
2026-01-05 15:40:00+00:00,492.6613636,47.25567766,0,21.2,23.2,0,2.82,53.53666667
2026-01-05 15:45:00+00:00,485.52,47.62417582,0,21.16142857,23.26666667,0,2.66,53.516
2026-01-05 15:50:00+00:00,479.5428571,47.41818182,0,21.1,23.36666667,0,2.26,54.86933333
2026-01-05 15:55:00+00:00,477.6,48,0,21.07334737,23.03333333,0,1.68,55.70153846
2026-01-05 16:00:00+00:00,474.8540404,48.1562963,0,21,22.9,0,2.266666667,56.77603175
2026-01-05 16:05:00+00:00,472.7524038,48.37433155,0,20.99411765,22.9,0,2.571071429,57.53382353
2026-01-05 16:10:00+00:00,472.24,47,0,20.9,22.98,0,3.244,56.47818182
2026-01-05 16:15:00+00:00,471.0984127,47,0,20.86909091,23.16,0,2.033050505,56.35151515
2026-01-05 16:20:00+00:00,465.4,47,0,20.8,23.18,0,0.6716,56.1241958
2026-01-05 16:25:00+00:00,469.9692308,47.13586207,0,20.8,23.06,0,-0.195324675,56.42703704
2026-01-05 16:30:00+00:00,468.0321429,47.39619048,0,20.8,22.876,0,-0.548,57.60430303
2026-01-05 16:35:00+00:00,466.6587302,47.80666667,0,20.77733333,22.8,0,-0.79757265,58.14311111
2026-01-05 16:40:00+00:00,465.0363636,47.00952381,0,20.7,22.87,0,-0.721034632,57.82295108
2026-01-05 16:45:00+00:00,464.9292308,47.15578947,0,20.7,23.1,0,-0.522,58.00722611
2026-01-05 16:50:00+00:00,464.5047619,47.46414918,0,20.67363636,23.2,0,-0.632272727,58.28136364
2026-01-05 16:55:00+00:00,462.7833333,46.23876101,0,20.6,23.14333333,0,-0.7158,58.13166667
2026-01-05 17:00:00+00:00,461.957265,47.15833333,0,20.6,22.9875,0,-0.812964286,58.6882107
2026-01-05 17:05:00+00:00,460.17,47.1,0,20.59,22.88,0,-0.706,59.42411765
2026-01-05 17:10:00+00:00,459.07,47.8375,0,20.50625,22.8,0,-0.7,59.99143813
2026-01-05 17:15:00+00:00,458.5511111,47.89230769,0,20.5,22.975,0,-0.72,59.97684211
2026-01-05 17:20:00+00:00,456,47.17142857,0,20.5,23.2,0,-0.766666667,58.15672892
2026-01-05 17:25:00+00:00,454.09,46.06,0,20.48545455,23.2,0,-0.78,56.42659341
2026-01-05 17:30:00+00:00,454.0671329,46.0792381,0,20.40507937,23.2,0,-0.768333333,56.7642328
2026-01-05 17:35:00+00:00,453.15,47.88333333,0,20.40181818,22.9,0,0.82,57.76433333
2026-01-05 17:40:00+00:00,453.2775641,47.83792125,0,20.46047537,22.64466667,0,1.248923077,58.37751781
2026-01-05 17:45:00+00:00,450.7142857,47.79636364,0,20.5,22.525,0,0.6636,56.88545455
2026-01-05 17:50:00+00:00,449.8181818,48.46969697,0,20.5,22.7,0,0.649583333,57.11493056
2026-01-05 17:55:00+00:00,449.8428571,47.37626263,0,20.5,23.07777778,0,0.654,57.06592007
2026-01-05 18:00:00+00:00,452.0349206,47.02860792,0,20.5,23.4,0,1.038,57.2842963
2026-01-05 18:05:00+00:00,452.1489899,46.86247619,0,20.5,23.34666667,0,1.502285714,57.14340521
2026-01-05 18:10:00+00:00,450.975,46.11820728,0,20.5,22.825,0,1.2625,56.18512586
2026-01-05 18:15:00+00:00,448.6,47.0265175,0,20.41862069,22.57607143,0,0.94,55.8505665
2026-01-05 18:20:00+00:00,452.45,47.13272727,0,20.4,22.55,0,0.660606061,56.58814286
2026-01-05 18:25:00+00:00,451.1142857,47.68073871,0,20.4,22.79442857,0,0.394285714,58.12821053
2026-01-05 18:30:00+00:00,452.53,47.2226087,0,20.31809524,23.24583333,0,0.952866667,58.6452381
2026-01-05 18:35:00+00:00,452.8777778,48.16667967,0,20.3,23.41666667,0,1.50041218,58.50955556
2026-01-05 18:40:00+00:00,452.0120491,48.98569697,0,20.3,23.42833333,0,1.761260504,55.66304167
2026-01-05 18:45:00+00:00,453,50.95,0,20.3,23.025,0,1.1,55.64816176
2026-01-05 18:50:00+00:00,452.98,50.94666667,0,20.3,22.74,0,0.924761905,55.31904306
2026-01-05 18:55:00+00:00,452.8384227,50.24338283,0,20.3,22.5,0,0.9,55.36563942
2026-01-05 19:00:00+00:00,453.2558242,50.52512821,0,20.37661172,22.54,0,0.98,56.48578755
2026-01-05 19:05:00+00:00,450.6971429,50.43204545,0,20.4,22.95,0,1.142285714,58.16128342
2026-01-05 19:10:00+00:00,449.4666667,50.09944056,0,20.36606043,23.296,0,0.55,58.5540038
2026-01-05 19:15:00+00:00,451.6444444,49.984,0,20.3,23.6,0,-0.025,59.06
2026-01-05 19:20:00+00:00,451.515,49.62272727,0,20.3,23.44,0,-0.281460318,59.04571429
2026-01-05 19:25:00+00:00,451.4666667,50.10461538,0,20.2227193,22.97,0,-0.4,58.31157895
2026-01-05 19:30:00+00:00,452.6,49.91428571,0,20.2,22.57833333,0,-0.402,57.15474057
2026-01-05 19:35:00+00:00,451.4,50.52631579,0,20.2,22.4,0,-0.5,56.56333333
2026-01-05 19:40:00+00:00,449.1278571,50.885,0,20.2,22.72666667,0,-0.5095,56.14344156
2026-01-05 19:45:00+00:00,447.5714286,50.76884211,0,20.2,23.1,0,-0.4769,55.54948761
2026-01-05 19:50:00+00:00,447.8,50.49230769,0,20.2,23.4,0,-0.44,55.42015152
2026-01-05 19:55:00+00:00,448,49.59130435,0,20.2,23.3,0,-0.4,57.09584541
2026-01-05 20:00:00+00:00,445.9166667,19.6,0,20.2,22.876,0,-0.32,58.78
2026-01-05 20:05:00+00:00,446.8,0,0,20.24875,22.57,0,-0.3845,59.35388889
2026-01-05 20:10:00+00:00,448.5333333,0,0,20.3,22.3,0,-0.4375,60.65254701
2026-01-05 20:15:00+00:00,449.2,0,0,20.24166667,22.26,0,-0.595959596,62.66334169
2026-01-05 20:20:00+00:00,450,0,0,20.2,22.11875,0,-0.6,61.2268
2026-01-05 20:25:00+00:00,450,0,0,20.2,22.012,0,-0.632,57.84715686
2026-01-05 20:30:00+00:00,450,0,0,20.2,21.8,0,-0.630902778,57.79983766
2026-01-05 20:35:00+00:00,449.9866667,0,0,20.2,21.75933333,0,-0.585637363,57.9420544
2026-01-05 20:40:00+00:00,449.075817,0,0,20.2,21.54666667,0,-0.596545455,57.91039627
2026-01-05 20:45:00+00:00,448.5460317,0,0,20.2,21.26,0,-0.6005,59.56089474
2026-01-05 20:50:00+00:00,450.2571429,0,0,20.23846154,20.9,0,-0.534,55.38273504
2026-01-05 20:55:00+00:00,450.5,0,0,20.26,20.44,0,-0.6,50.00043956
2026-01-05 21:00:00+00:00,449.6,0,0,20.2,19.9,0,-0.6,46.698
2026-01-05 21:05:00+00:00,448.7454545,0,0,20.2,19.54,0,-0.60525,45.2
2026-01-05 21:10:00+00:00,448.4,0,0,20.2,19.16,0,-0.672619048,44.13056885
2026-01-05 21:15:00+00:00,449.4,0,0,20.2,18.84,0,-0.858,44.44645363
2026-01-05 21:20:00+00:00,449.8787879,0,0,20.2,18.36,0,-0.9,47.91031056
2026-01-05 21:25:00+00:00,449.8035714,0,0,20.2,17.95,0,-0.89375,49.20333333
2026-01-05 21:30:00+00:00,448,0,0,20.2,17.55833333,0,-0.790694444,50.31200186
2026-01-05 21:35:00+00:00,446.3666667,0,0,20.2,17.03333333,0,-0.78,56.13874126
2026-01-05 21:40:00+00:00,447.5777778,0,0,20.2,16.6,0,-0.69,60.35166667
2026-01-05 21:45:00+00:00,446.2666667,0,0,20.2,16.056,0,-0.675333333,62.84277778
2026-01-05 21:50:00+00:00,446.9214286,0,0,20.2,15.64,0,-0.7,61.24142857
2026-01-05 21:55:00+00:00,446,0,0,20.2,15.1,0,-0.6975,59.33962121
2026-01-05 22:00:00+00:00,446,0,0,20.2,14.888,0,-0.623496504,60.81090909
2026-01-05 22:05:00+00:00,445.0571429,0,0,20.2,14.59333333,0,-0.505714286,58.14140502
2026-01-05 22:10:00+00:00,446.0210317,0,0,20.2,14.48333333,0,-0.606388889,57.56002544
2026-01-05 22:15:00+00:00,447,0,0,20.2,14.3,0,-0.65,53.6775
2026-01-05 22:20:00+00:00,445,0,0,20.2,14.2,0,-0.608222222,50.24790598
2026-01-05 22:25:00+00:00,445.8,0,0,20.2,14.11666667,0,-0.831666667,51.10066667
2026-01-05 22:30:00+00:00,445.0181818,0,0,20.2,14.2,0,-1.06,47.24545455
2026-01-05 22:35:00+00:00,445.4571429,0,0,20.2,14.4,0,-1.3,48.36627008
2026-01-05 22:40:00+00:00,445.98,0,0,20.2,14.7,0,-1.399,53.09827506
2026-01-05 22:45:00+00:00,445.5936364,0,0,20.2,14.728,0,-1.38,53.95542078
2026-01-05 22:50:00+00:00,444.5916317,0,0,20.2,14.8,0,-1.300694444,54.74887737
2026-01-05 22:55:00+00:00,444,0,0,20.2,14.8,0,-1.304,56.14690476
2026-01-05 23:00:00+00:00,444,0,0,20.2,14.9,0,-1.35952381,56.082
2026-01-05 23:05:00+00:00,444,0,0,20.2,14.83333333,0,-1.398571429,58.49177273
2026-01-05 23:10:00+00:00,443.1466667,0,0,20.2,14.8,0,-1.4,61.76495225
2026-01-05 23:15:00+00:00,443.7733333,0,0,20.2,14.7,0,-1.576821429,62.54229585
2026-01-05 23:20:00+00:00,443.227381,0,0,20.2,14.62,0,-1.560892857,63.9
2026-01-05 23:25:00+00:00,443,0,0,20.2,14.425,0,-1.6,62.46928571
2026-01-05 23:30:00+00:00,441.7179487,0,0,20.2,14.26666667,0,-1.56,59.22502564
2026-01-05 23:35:00+00:00,441.6,0,0,20.2,14.08,0,-1.557142857,57.99490909
2026-01-05 23:40:00+00:00,442.8,0,0,20.2,13.925,0,-1.66,58.10486434
2026-01-05 23:45:00+00:00,441.4,0,0,20.2,13.85333333,0,-1.758857143,60.06233735
2026-01-05 23:50:00+00:00,440.2,0,0,20.2,13.725,0,-1.708,59.09380952
2026-01-05 23:55:00+00:00,442.1142857,0,0,20.2,13.7,0,-1.9,59.139
2026-01-06 00:00:00+00:00,441.0625,0,0,20.2,13.74444444,0,-1.9625,59.63125
2026-01-06 00:05:00+00:00,440.7222222,0,0,20.2,13.8,0,-2.158190476,59.39766667
2026-01-06 00:10:00+00:00,441,0,0,20.2,13.84,0,-2.123076923,58.37215477
2026-01-06 00:15:00+00:00,441.5380952,0,0,20.2,14.033,0,-2.044,58.532
2026-01-06 00:20:00+00:00,442,0,0,20.13771429,14.14,0,-2,58.55545455
2026-01-06 00:25:00+00:00,441.0857143,0,0,20.15833333,14.24,0,-2.16,58.66615385
2026-01-06 00:30:00+00:00,442.2,0,0,20.133,14.3,0,-2.384285714,59.18586364
2026-01-06 00:35:00+00:00,441.8,0,0,20.16666667,14.3,0,-2.376666667,60.41555556
2026-01-06 00:40:00+00:00,440.2916667,0,0,20.2,14.28,0,-2.275,60.38833333
2026-01-06 00:45:00+00:00,440,0,0,20.2,14.16,0,-2.2,58.69099415
2026-01-06 00:50:00+00:00,440.5,0,0,20.14130435,14.1,0,-2.057291667,58.2680602
2026-01-06 00:55:00+00:00,441,0,0,20.1,13.96866667,0,-1.863122222,57.86183265
2026-01-06 01:00:00+00:00,440.2,0,0,20.1,13.82083333,0,-1.805238095,56.69848889
2026-01-06 01:05:00+00:00,440.2535714,0,0,20.1,13.792,0,-1.868571429,58.998
2026-01-06 01:10:00+00:00,441.6,0,0,20.14683663,13.7,0,-2.060472222,58.91722488
2026-01-06 01:15:00+00:00,440.8571429,0,0,20.2,13.6,0,-2.073333333,60.04037321
2026-01-06 01:20:00+00:00,440.4,0,0,20.16167224,13.6,0,-1.945714286,59.88162338
2026-01-06 01:25:00+00:00,440.1,0,0,20.1,13.6,0,-1.881904762,57.1417193
2026-01-06 01:30:00+00:00,441.42,0,0,20.1,13.7,0,-1.6575,57.67618513
2026-01-06 01:35:00+00:00,441.2,0,0,20.1,13.78,0,-1.6,56.80445887
2026-01-06 01:40:00+00:00,440.25,0,0,20.1,13.8,0,-1.603409091,57.23110501
2026-01-06 01:45:00+00:00,440.9492063,0,0,20.1,13.8,0,-1.762,57.915
2026-01-06 01:50:00+00:00,440.5818182,0,0,20.1,13.8,0,-1.8,57.74536646
2026-01-06 01:55:00+00:00,439.515,0,0,20.1,13.8,0,-1.75725,58.31477124
2026-01-06 02:00:00+00:00,438.42,0,0,20.1,13.76,0,-1.59075,58.34514066
2026-01-06 02:05:00+00:00,438.4,0,0,20.1,13.62,0,-1.5,57.24708333
2026-01-06 02:10:00+00:00,438.9111111,0,0,20.1,13.6,0,-1.566666667,55.87529757
2026-01-06 02:15:00+00:00,438.6471873,0,0,20.1,13.5,0,-1.614666667,55.12616125
2026-01-06 02:20:00+00:00,437.8,0,0,20.1,13.47095238,0,-1.556588889,57.91142857
2026-01-06 02:25:00+00:00,436.5333333,0,0,20.125,13.4,0,-1.523333333,59.39090909
2026-01-06 02:30:00+00:00,435.6142857,0,0,20.2,13.4,0,-1.764,60.45181818
2026-01-06 02:35:00+00:00,436.125,0,0,20.2,13.45,0,-1.94577381,61.17205128
2026-01-06 02:40:00+00:00,436.1590909,0,0,20.2,13.53333333,0,-1.976,61.485
2026-01-06 02:45:00+00:00,436.7666667,0,0,20.2,13.6,0,-1.9626,62.15352381
2026-01-06 02:50:00+00:00,436.1555556,0,0,20.2,13.62666667,0,-1.525619048,60.55495805
2026-01-06 02:55:00+00:00,436.92,0,0,20.2,13.7,0,-1.524285714,59.76986842
2026-01-06 03:00:00+00:00,436.3090909,0,0,20.179,13.67714286,0,-1.698,57.89166667
2026-01-06 03:05:00+00:00,437,0,0,20.1,13.57714286,0,-1.69775,55.67076923
2026-01-06 03:10:00+00:00,436.8,0,0,20.094,13.5,0,-1.665142857,57.338
2026-01-06 03:15:00+00:00,435.9111111,0,0,20.01275304,13.5,0,-1.942222222,55.57048583
2026-01-06 03:20:00+00:00,436,0,0,20,13.46,0,-2.036,54.80333333
2026-01-06 03:25:00+00:00,436.1428571,0,0,20.02,13.4,0,-2.023142857,57.55133333
2026-01-06 03:30:00+00:00,436.9,0,0,20.1,13.43,0,-2.054166667,61.17617647
2026-01-06 03:35:00+00:00,434.0933333,0,0,20.1,13.58555556,0,-2.121642857,62.04285714
2026-01-06 03:40:00+00:00,437,0,0,20.1,13.7,0,-2.2,63.46410759
2026-01-06 03:45:00+00:00,436.05,0,0,20.1,13.9,0,-2.196113636,58.73825543
2026-01-06 03:50:00+00:00,436.9970588,0,0,20.1,13.99333333,0,-2.184,58.31473425
2026-01-06 03:55:00+00:00,437,0,0,20.1,14.1,0,-2.097777778,58.71257576
2026-01-06 04:00:00+00:00,437.9214286,0,0,20.1,14.1,0,-2.200757937,58.13542857
2026-01-06 04:05:00+00:00,437,0,0,20.1,14.1,0,-2.08,58.63870588
2026-01-06 04:10:00+00:00,437,14.93464286,0,20.09809524,14.065,0,-1.925555556,58.39393939
2026-01-06 04:15:00+00:00,432.9090909,51.63703704,0,20.01357143,16.956,0,-2.149090909,56.49166667
2026-01-06 04:20:00+00:00,432.2666667,57.6,0,20,25.86666667,0,-2.281333333,53.948
2026-01-06 04:25:00+00:00,436,51.125,0,20,29.025,0,-2.2,54.2584375
2026-01-06 04:30:00+00:00,435.1464286,51.64285714,0,20,26.011,0,-2.178571429,57.7743697
2026-01-06 04:35:00+00:00,434.1568182,51.88727273,0,20,21.656,0,-1.988571429,60.65828986
2026-01-06 04:40:00+00:00,435.025,48.68636364,0,20,19.85,0,-1.936190476,61.89122896
2026-01-06 04:45:00+00:00,435,48.43308763,0,20,21.456,0,-2.071288711,59.30253535
2026-01-06 04:50:00+00:00,435.8,47.4,0,20,25.34066667,0,-2.1,59.21367309
2026-01-06 04:55:00+00:00,436,47.60952381,0,20,25.84331169,0,-0.9139,60.82188522
2026-01-06 05:00:00+00:00,435.5358333,48.272,0,20,24.36545455,0,-0.047112088,58.45596154
2026-01-06 05:05:00+00:00,436.1115385,48.37333333,0,19.9352381,20.94,0,-0.32,57.17114286
2026-01-06 05:10:00+00:00,436.8222222,47.98095238,0,19.9,20.68,0,-0.791644444,57.20768687
2026-01-06 05:15:00+00:00,436.9017857,47.16666667,0,19.9,23,0,-0.540625,57.83363636
2026-01-06 05:20:00+00:00,437.6428571,47.52,0,19.9,25.04,0,-0.7634,58.34314719
2026-01-06 05:25:00+00:00,437.9568182,48.4047619,0,19.83619048,25.115,0,-1.24,58.94197311
2026-01-06 05:30:00+00:00,438.919697,48.16712215,0,19.8,22.945,0,-1.552444444,58.67477343
2026-01-06 05:35:00+00:00,439.0275325,47.5591954,0,19.8,20.88,0,-1.697454546,58.49854545
2026-01-06 05:40:00+00:00,440,47,0,19.8,21.63333333,0,-1.744926984,57.98166667
2026-01-06 05:45:00+00:00,440.6125,47.56947368,0,19.8,23.67166667,0,-1.822,57.7643956
2026-01-06 05:50:00+00:00,440.3904762,47.58454106,0,19.8,24.675,0,-1.937944444,59.632
2026-01-06 05:55:00+00:00,440.322883,47,0,19.8,24.22,0,-2,61.14727273
2026-01-06 06:00:00+00:00,439.4,47.54458874,0,19.865,22.48,0,-2.06,58.32252414
2026-01-06 06:05:00+00:00,440.8923077,48.39848485,0,19.9,21.72,0,-2.17025,58.19145455
2026-01-06 06:10:00+00:00,442,48.04,0,19.9,22.2,0,-2.204444444,58.22853147
2026-01-06 06:15:00+00:00,442.0416667,47.83468835,0,19.9,22.425,0,-2.246590909,58.45373011
2026-01-06 06:20:00+00:00,444.2,46.93048128,0,19.9,23.7,0,-2.215769231,59.70305657
2026-01-06 06:25:00+00:00,446.8205128,48.01530638,0,19.95345029,23.62222222,0,-2.292,60.68623188
2026-01-06 06:30:00+00:00,451,46.46956522,10.92,20,23.06714286,0,-2.3,57.587417
2026-01-06 06:35:00+00:00,457.2,47.40740741,27.27568182,20,22.7,0,-2.26,58.90452381
2026-01-06 06:40:00+00:00,464.8,48.12619048,27.31,20.04272727,22.7,0,-2.32,60.62929825
2026-01-06 06:45:00+00:00,475.65,48.48287037,27.39784615,20.1,22.87619048,0,-2.4,58.75221154
2026-01-06 06:50:00+00:00,505.7831169,46.71346801,27.397,20.1,23.152,0,-2.391111111,60.1389418
2026-01-06 06:55:00+00:00,510.6755556,47.1797861,27.354,20.152,23.2,0,-2.376461539,59.80583838
2026-01-06 07:00:00+00:00,502.5818182,47.48,27.3066,20.2,23.01166667,0,-2.31,58.06533333
2026-01-06 07:05:00+00:00,500.9,47.00292208,27.32422857,20.2,23,0.040818182,-2.296,58.18766567
2026-01-06 07:10:00+00:00,497.25,46.45833333,27.4196875,20.2,23,0.1279,-2.361111111,57.93104289
2026-01-06 07:15:00+00:00,495,47.90181818,27.54074359,20.2,22.96,0.245130435,-2.46,58.77833333
2026-01-06 07:20:00+00:00,495.075,46.20929535,27.3023,20.2,22.84,0.428421053,-2.278181818,59.10162487
2026-01-06 07:25:00+00:00,501.0931818,47.06110248,27.20144444,20.2,22.76,0.733996149,-2.2,58.53835512
2026-01-06 07:30:00+00:00,507.5575758,47.1666147,27.16564103,20.2,22.7,0.949130624,-2.188888889,57.88155755
2026-01-06 07:35:00+00:00,515,47,27,20.2,22.7425,2.011618182,-1.872,59.54357143
2026-01-06 07:40:00+00:00,515.8447552,46.95080214,26.98134615,20.18527778,23.1,2.7283324,-1.808578283,59.73459829
2026-01-06 07:45:00+00:00,527.9538462,46.92307692,26.84261111,20.1350303,23.5,3.886264069,-1.686987013,58.04809091
2026-01-06 07:50:00+00:00,541.9964286,46.8,27.00557143,20.2,23.67,5.140476191,-1.726972222,58.59227273
2026-01-06 07:55:00+00:00,558.0769231,46.08153846,27.6265,20.2,23.25,6.741,-2.72,59.07888889
2026-01-06 08:00:00+00:00,622.9166667,46.22857143,28.21369231,20.22761905,22.603,8.439278055,-3.245,59.48857143
2026-01-06 08:05:00+00:00,686.825,48.2977393,28.31923077,20.30833333,22.25,9.378624339,-3.416294643,58.2702381
2026-01-06 08:10:00+00:00,714.4722222,57.84444444,28.89759722,20.40518519,22.275,12.12451852,-3.933809524,59.22942761
2026-01-06 08:15:00+00:00,721.4222222,62.76363636,29.00107937,20.516,22.644,16.25966667,-4.059252525,61.92084848
2026-01-06 08:20:00+00:00,749.4232456,73.85454545,28.86275,20.62909091,22.98,18.78769231,-3.92,60.47316578
2026-01-06 08:25:00+00:00,775.1434343,104.5547619,28.61658586,20.80181818,23.3,21.22497143,-3.679,59.65456938
2026-01-06 08:30:00+00:00,808.4646465,136.5285526,28.48439394,20.88340017,23.36,24.57120512,-3.396,62.02376577
2026-01-06 08:35:00+00:00,856.8984127,149.4280952,27.79166667,20.84705882,23.22666667,29.33462476,-2.607333333,58.54617647
2026-01-06 08:40:00+00:00,887.2787879,190.2190476,27.803,20.98645963,23.2,35.03426032,-2.73525,59.11677019
2026-01-06 08:45:00+00:00,865.4482051,174.7734707,27.84362652,20.93377778,23.07333333,37.42041856,-2.888666667,59.02488889
2026-01-06 08:50:00+00:00,810.7966667,140.1110526,27.99011111,20.998,22.72,45.8169,-3.006,58.71214286
2026-01-06 08:55:00+00:00,749,105.9451128,27.88909091,21.009,22.716,50.64,-3,58.36736364
2026-01-06 09:00:00+00:00,786,110.3173077,27.66136364,21.09017857,22.87,61.32730682,-2.720324675,58.18142857
2026-01-06 09:05:00+00:00,775.625,101.5909091,27.3,21.28073579,22.9,84.31271429,-2.296,58.46943723
2026-01-06 09:10:00+00:00,802.3714286,122.2201681,27.115,21.23066937,22.9,83.24782222,-2.08,58.75333369
2026-01-06 09:15:00+00:00,805.6333333,117.603022,26.94985,21.2,22.9,64.10400504,-1.98,60.22879552
2026-01-06 09:20:00+00:00,774.1681119,122.2957372,26.7883619,21.20928715,22.975,53.92718888,-1.87775,58.7
2026-01-06 09:25:00+00:00,708.8619048,90.58741259,26.40984706,21.2,23.2,52.98598741,-1.498,58.7
2026-01-06 09:30:00+00:00,740.9166667,76.04545455,26.4,21.29759197,23.2,56.63547985,-1.435681818,57.97323077
2026-01-06 09:35:00+00:00,727.9333333,65.40769231,26.31722222,21.3,22.96,59.52187945,-1.373571429,59.37291375
2026-01-06 09:40:00+00:00,727.2470588,67.13943355,26.36210526,21.3699537,22.85,61.82746142,-1.356573427,60.16270364
2026-01-06 09:45:00+00:00,738.875,75.92741935,26.48056818,21.4,22.93333333,62.79942711,-1.457142857,58.06352048
2026-01-06 09:50:00+00:00,733.9090909,78.725,26.495,21.46434783,23.06,65.01585,-1.48,58.25538462
2026-01-06 09:55:00+00:00,738.65,76.73538462,26.56410526,21.5,23.04,70.86089231,-1.625333333,57.78461538
2026-01-06 10:00:00+00:00,765.9777778,78.72,26.524,21.5,22.94,71.75756061,-1.506666667,58.27308134
2026-01-06 10:05:00+00:00,783.5384615,94.15350289,26.5,21.45830005,22.9,69.68320554,-1.527676768,59.58273682
2026-01-06 10:10:00+00:00,759.3076923,93.76679426,26.50376068,21.32563636,22.9,73.71846364,-1.442833333,58.20172727
2026-01-06 10:15:00+00:00,745.2588235,82.05555703,26.5,21.3,22.90666667,76.05851675,-1.507472528,57.712368
2026-01-06 10:20:00+00:00,684.5390476,50.99340659,26.72850649,21.3,23.061,75.12088182,-1.628833333,58.25406527
2026-01-06 10:25:00+00:00,713.6823529,65.05384615,26.81255556,21.3,23.2,75.66272335,-1.8,59.02095238
2026-01-06 10:30:00+00:00,698.3714286,58.07428571,26.80884211,21.23659722,23.2,87.14124055,-1.862,60.4153405
2026-01-06 10:35:00+00:00,645.0441558,50.04142857,26.8,21.12343723,23.18,92.38321429,-1.83,59.26023927
2026-01-06 10:40:00+00:00,623.6192982,50.34514553,26.85,21.04440789,23.125,95.05499917,-1.896736111,58.89111842
2026-01-06 10:45:00+00:00,608,50,26.9,21,23.16,110.3528804,-1.880333333,59.05521389
2026-01-06 10:50:00+00:00,586.9,49.57142857,26.8255,20.94153846,23,87.85039913,-1.76575,58.66266667
2026-01-06 10:55:00+00:00,560,50.04,26.73825,20.9,23,84.27810606,-1.713777778,58.61417367
2026-01-06 11:00:00+00:00,547.6,50.54805195,26.74,20.85888889,23.008,79.99625663,-1.74,58.47408516
2026-01-06 11:05:00+00:00,539.572619,48.73512653,26.81053571,20.8,23.084,77.84104136,-1.8,58.37971429
2026-01-06 11:10:00+00:00,532.955,46.66666667,26.864,20.8,23.02,83.52379217,-1.83289697,58.69538462
2026-01-06 11:15:00+00:00,524.5857143,47.78666667,26.9,20.8,22.74,85.59490909,-1.875746032,58.05684211
2026-01-06 11:20:00+00:00,519.6276923,49.11714286,26.8883,20.8,22.9,82.5959916,-1.880222222,59.56141636
2026-01-06 11:25:00+00:00,513.8230769,50.13631579,26.83771429,20.74,22.94,79.70382609,-1.87008547,58.78233333
2026-01-06 11:30:00+00:00,510.2857143,49.10519481,26.80125,20.7,23.1,78.48421429,-1.801263636,59.07108225
2026-01-06 11:35:00+00:00,585.1706349,49.60416667,26.81868056,20.81818182,23.175,78.02635281,-1.823833333,58.38875
2026-01-06 11:40:00+00:00,668.5936364,50.04,26.77909091,21.044,22.93333333,78.6362,-1.7765,57.88363636
2026-01-06 11:45:00+00:00,692,50.01003135,26.69794737,21.2,22.9,84.16614559,-1.7,59.54047619
2026-01-06 11:50:00+00:00,714.38,63.18571429,26.63,21.27456044,22.9,84.92577123,-1.645726191,58.61538462
2026-01-06 11:55:00+00:00,746.6666667,78.23636364,26.43009091,21.4,22.9,133.4551923,-1.453333333,58.18033333
2026-01-06 12:00:00+00:00,761.1504274,89.19565217,26.30366667,21.46666667,22.9,160.8196856,-1.287428571,59.28575758
2026-01-06 12:05:00+00:00,733.85,86.03939394,26.04642857,21.55826087,22.98285714,163.0825145,-1.068,61.03549407
2026-01-06 12:10:00+00:00,721.8975,82.27,25.94217225,21.5,23.27,162.6319182,-0.955277778,58.55138756
2026-01-06 12:15:00+00:00,697.6695187,61.50143541,25.90283333,21.5,23.32,164.0926733,-0.839333333,57.21080972
2026-01-06 12:20:00+00:00,688.9772727,54.36723982,25.65333333,21.5,23.01333333,159.9809556,-0.668686869,57.052
2026-01-06 12:25:00+00:00,705.4957692,64.89626037,25.65325,21.5,22.86,150.8812798,-0.6,56.72507168
2026-01-06 12:30:00+00:00,736,77.56567227,25.75,21.50928223,22.8,135.0309085,-0.6,57.52770573
2026-01-06 12:35:00+00:00,718.346201,67.28616599,25.61100478,21.55353537,22.8275,134.5173724,-0.525714286,58.54698498
2026-01-06 12:40:00+00:00,683.7327273,54.06944444,25.39356643,21.6,22.9667619,131.3012379,-0.394848485,58.90363636
2026-01-06 12:45:00+00:00,691.2,55.07272727,25.33128571,21.6,23.3,102.4436182,-0.383636364,59.26144201
2026-01-06 12:50:00+00:00,680.0083333,56.26526517,25.50210784,21.6,23.22,67.40727316,-0.542222222,58.27928571
2026-01-06 12:55:00+00:00,675.2495726,54.16904762,25.65521212,21.6,23.05,45.62076176,-0.611111111,58.01704284
2026-01-06 13:00:00+00:00,667.325,54.91333333,25.9275,21.65777778,22.765,34.19678788,-0.925476191,59.38434938
2026-01-06 13:05:00+00:00,701.73,59.25818182,26.01470909,21.772,22.64,41.64352581,-1.006,58.11048951
2026-01-06 13:10:00+00:00,767.7252101,84.51880342,26.06712605,21.75333333,22.88,43.12900855,-1.066714286,56.55086538
2026-01-06 13:15:00+00:00,755.8401572,74.60123784,25.99477778,21.87685619,23.14285714,40.84269844,-1,57.95801003
2026-01-06 13:20:00+00:00,738.5409091,72.46276817,25.99423077,21.80805921,23.166,43.20810046,-1,58.72485781
2026-01-06 13:25:00+00:00,705.3819444,62.49949324,26,21.8,23.11833333,42.75178953,-1,57.62963816
2026-01-06 13:30:00+00:00,677.8802521,50.63703704,26.00525,21.828,23.06,42.59866667,-1,60.63767196
2026-01-06 13:35:00+00:00,710.987013,51.38888889,26.08702273,21.90526316,22.95714286,42.4205692,-1.04,59.96031579
2026-01-06 13:40:00+00:00,702.0949495,64.7955711,26.0227381,21.9,23.2,35.15347985,-1.037777778,58.0494359
2026-01-06 13:45:00+00:00,663.425,49.8,25.9225,21.9,23.16,30.13075845,-0.914578866,58.04633333
2026-01-06 13:50:00+00:00,642.13,48.99441077,26.2,21.90761905,23,44.15349091,-1.195555556,58.22632035
2026-01-06 13:55:00+00:00,673.2214286,49.85989975,26.09516484,22.1,22.9,24.65851779,-1.030555556,58.135
2026-01-06 14:00:00+00:00,661.7,48.4,26.20016667,22.1,22.9,20.08369697,-1.196666667,58.7
2026-01-06 14:05:00+00:00,664.2,45.73103448,26.20016667,22.1,22.9,17.59277878,-1.164228571,58.58027435
2026-01-06 14:10:00+00:00,668.6493506,48.43240511,26.13875,22.09851852,22.968,16.82189725,-1.028818182,58.59716077
2026-01-06 14:15:00+00:00,673.4571429,47.33976285,26.09781618,22.03001792,23,14.55941176,-1.034615385,58.77319159
2026-01-06 14:20:00+00:00,672.0941428,45.70369105,26.12829468,22,22.96696429,13.0440301,-1.079464286,58.33159054
2026-01-06 14:25:00+00:00,669.325,46.47506993,26.01157143,22.18666667,22.9,10.50885816,-1.110214286,58.35052308
2026-01-06 14:30:00+00:00,672.8190476,46.91919192,26.1342359,22.2,22.96,7.940760684,-1.124309091,58.16737596
2026-01-06 14:35:00+00:00,670.1916667,46.67982456,25.53136508,22.2,23.1,6.213528571,-0.81,58.33163636
2026-01-06 14:40:00+00:00,675.6,47.6,25.8,22.2,23.1,5.042480788,-0.742,57.55007553
2026-01-06 14:45:00+00:00,671.0412121,48.59254386,25.77672273,22.2,23.1,3.879166667,-0.717,57.0328
2026-01-06 14:50:00+00:00,665.8357143,48.30678322,25.49780519,22.2,22.98666667,3.031513816,-0.575454546,56.96215315
2026-01-06 14:55:00+00:00,675.1727273,49.04052569,25.02804396,22.11959707,22.7,2.103975627,-0.17,57.11151438
2026-01-06 15:00:00+00:00,675.11,49.64585779,24.09171429,22.1,22.7,1.417966022,0.26765,58.33331933
2026-01-06 15:05:00+00:00,639.1111111,50.84044444,9.972290909,21.9582996,23.1,0.768688357,1.39,59.2
2026-01-06 15:10:00+00:00,591.1538961,49.36736695,0.656615385,21.81578947,23.83333333,0.426071576,1.367238095,59.46441558
2026-01-06 15:15:00+00:00,573.0626263,49.62878788,0,21.76280493,23.95,0.278976542,0.898472222,59.31701035
2026-01-06 15:20:00+00:00,539.325,49.20666667,0,21.642,23.16,0.154,0.013928571,57.84177778
2026-01-06 15:25:00+00:00,523.5015873,49.6,0,21.6,22.532,0.04,-0.1,56.86290909
2026-01-06 15:30:00+00:00,517.6666667,50.76363636,0,21.6,22,0,-0.1,57.64881119
2026-01-06 15:35:00+00:00,508.825,50.02666667,0,21.6,22.6,0,-0.191428571,56.84833333
2026-01-06 15:40:00+00:00,502.33,49.31567788,0,21.53248925,23.38666667,0,0.291428571,56.78769231
2026-01-06 15:45:00+00:00,495.6285714,47.33061651,0,21.44346022,23.9,0,2.271428571,56.87755486
2026-01-06 15:50:00+00:00,492.6380952,48.33838384,0,21.4,23.64628571,0,1.871076923,57.22423077
2026-01-06 15:55:00+00:00,488.35,49.56052967,0,21.4,22.9875,0,1.580238095,58.68857143
2026-01-06 16:00:00+00:00,482.44,49.87403922,0,21.32,22.2,0,1.407619048,56.40371795
2026-01-06 16:05:00+00:00,477.3071678,50.35703704,0,21.3,22.375,0,1.987727273,53.30705128
2026-01-06 16:10:00+00:00,475.9166667,49.97587719,0,21.23859649,23.07142857,0,1.60025,56.38423913
2026-01-06 16:15:00+00:00,475.16,49.85217391,0,21.2,23.59777778,0,1.164,55.97071429
2026-01-06 16:20:00+00:00,473.1383838,50.48484848,0,21.14994949,23.6,0,1.740961539,55.64712067
2026-01-06 16:25:00+00:00,473,50,0,21.1,23.16,0,2.8434,55.68973262
2026-01-06 16:30:00+00:00,470.6,49.94285714,0,21.1,22.5,0,2.171666667,56.38373737
2026-01-06 16:35:00+00:00,468.8,50,0,21.06957143,22.46,0,2.14,56.1918961
2026-01-06 16:40:00+00:00,467.9333333,49.80470779,0,21,22.8,0,1.466533333,56.76420875
2026-01-06 16:45:00+00:00,465.863956,49.56893107,0,21,23.325,0,1.136,56.49244542
2026-01-06 16:50:00+00:00,464.2857143,50.1,0,20.94666667,23.492,0,0.016174603,56.64166667
2026-01-06 16:55:00+00:00,463.9314286,50.12228571,0,20.9,23.22715873,0,0.045456259,56.06240741
2026-01-06 17:00:00+00:00,463.5636364,50.45837174,0,20.9,22.88363636,0,-0.042255639,57.09890909
2026-01-06 17:05:00+00:00,463.25,50.27678571,0,20.87155172,22.71666667,0,-0.025714286,57.71424288
2026-01-06 17:10:00+00:00,461,50.66837607,0,20.8,22.675,0,-0.021904762,59.01592515
2026-01-06 17:15:00+00:00,460.6863636,50.77435897,0,20.8,22.94,0,-0.346,58.89955556
2026-01-06 17:20:00+00:00,459.4,50.18461538,0,20.8,23.295,0,-0.497460318,58.44791882
2026-01-06 17:25:00+00:00,457.5111111,50.59833333,0,20.8,23.4,0,-0.6,58.3968
2026-01-06 17:30:00+00:00,458.0222222,49.75555556,0,20.8,23.175,0,-0.606333333,58.41359307
2026-01-06 17:35:00+00:00,457.6,49.15384615,0,20.8,22.74,0,-0.699333333,57.80114286
2026-01-06 17:40:00+00:00,456.0363636,49.85206793,0,20.8,22.7,0,-0.568571429,57.67724138
2026-01-06 17:45:00+00:00,456.4027972,49.55204421,0,20.8,22.784,0,-0.487555556,57.98004274
2026-01-06 17:50:00+00:00,456.2,49.85551839,0,20.8,22.988,0,-0.591428571,59.59173993
2026-01-06 17:55:00+00:00,454.6785714,49.88873626,0,20.8,23.19777778,0,-0.548977273,59.44732143
2026-01-06 18:00:00+00:00,453.185,49.95679321,0,20.8,23.36,0,-0.394383333,59.4
2026-01-06 18:05:00+00:00,452.16,49.38597285,0,20.77692308,23.272,0,-0.383,59.38875494
2026-01-06 18:10:00+00:00,452.0444444,50.06580087,0,20.7,22.904,0,-0.4,59.38571429
2026-01-06 18:15:00+00:00,452.9305556,50.94736842,0,20.7,22.7,0,-0.51,57.61227273
2026-01-06 18:20:00+00:00,452.8212898,50.43437475,0,20.69902439,22.7,0,-0.507911111,57.68354242
2026-01-06 18:25:00+00:00,452.8,50.1047619,0,20.6,22.74,0,-0.677777778,58.4767033
2026-01-06 18:30:00+00:00,451.9555556,50.07771261,0,20.6,23.05,0,-0.6575,57.06207681
2026-01-06 18:35:00+00:00,449.9777778,50.08311688,0,20.6,23.2,0,-0.7,58.06480519
2026-01-06 18:40:00+00:00,450.3181818,50.14915085,0,20.6,23.3,0,-0.850119048,58.8848433
2026-01-06 18:45:00+00:00,449.2111111,50.1125,0,20.6,23.125,0,-0.799722222,58.37708333
2026-01-06 18:50:00+00:00,448.3303419,50.03333333,0,20.6,22.86,0,-0.895295455,57.426186
2026-01-06 18:55:00+00:00,447.2597403,50.11851852,0,20.6,22.7,0,-0.874343434,57.26708178
2026-01-06 19:00:00+00:00,447,48.33846154,0,20.6,22.7,0,-1.004333333,58.01671329
2026-01-06 19:05:00+00:00,447.6404762,49.9369697,0,20.6,22.94,0,-0.835,58.46545455
2026-01-06 19:10:00+00:00,445.8166667,50.80888889,0,20.59272727,23.24,0,-0.729206349,58.58666667
2026-01-06 19:15:00+00:00,445.8472727,50,0,20.51185185,23.4,0,-0.694,59.03
2026-01-06 19:20:00+00:00,446,50.85314685,0,20.5,23.3,0,-0.697066667,59.36363636
2026-01-06 19:25:00+00:00,446,50.15172414,0,20.49909091,23.06,0,-0.86,58.44057143
2026-01-06 19:30:00+00:00,445.1692308,50.02307692,0,20.415,22.84,0,-0.846666667,58.09536364
2026-01-06 19:35:00+00:00,445.09,50.02307692,0,20.4,22.72,0,-0.673333333,57.85957895
2026-01-06 19:40:00+00:00,445.2208333,50.3812709,0,20.4,22.7,0,-0.675,57.959375
2026-01-06 19:45:00+00:00,442.4428571,50.23571429,0,20.4778355,22.94,0,-0.572142857,58.54544242
2026-01-06 19:50:00+00:00,442.2,50,0,20.5,23.22,0,-0.397142857,58.44598313
2026-01-06 19:55:00+00:00,443.7,49.16363636,0,20.41454545,23.3,0,-0.453333333,58.50320346
2026-01-06 20:00:00+00:00,444.8444444,13.54438503,0,20.4,23.225,0,-0.665714286,58.315
2026-01-06 20:05:00+00:00,444.8522727,0,0,20.4,22.825,0,-1.22,57.07526316
2026-01-06 20:10:00+00:00,445.0748485,0,0,20.4,22.52666667,0,-1.32,57.38427252
2026-01-06 20:15:00+00:00,444.8111111,0,0,20.4,22.28,0,-1.4,59.64285714
2026-01-06 20:20:00+00:00,445,0,0,20.4,22.2,0,-1.34,60.05584216
2026-01-06 20:25:00+00:00,445,0,0,20.4,22.08,0,-1.24,59.65
2026-01-06 20:30:00+00:00,447.0819444,0,0,20.4,22,0,-1.2,59.10434783
2026-01-06 20:35:00+00:00,447.3328671,0,0,20.4,21.79047619,0,-1.2,59.23842857
2026-01-06 20:40:00+00:00,447.6444444,0,0,20.4,21.49333333,0,-1.2,58.07366667
2026-01-06 20:45:00+00:00,447.4285714,0,0,20.4,21.255,0,-1.2,58.15777778
2026-01-06 20:50:00+00:00,447.4844444,0,0,20.4,20.983,0,-1.2,58.11413978
2026-01-06 20:55:00+00:00,447.1737374,0,0,20.4,20.50166667,0,-1.243333333,58.45471429
2026-01-06 21:00:00+00:00,447,0,0,20.4,19.9,0,-1.3474,59.26545455
2026-01-06 21:05:00+00:00,446.4,0,0,20.4,19.52,0,-1.336,59.4469697
2026-01-06 21:10:00+00:00,447.55,0,0,20.4,19.22666667,0,-1.3,58.82533333
2026-01-06 21:15:00+00:00,447.5393226,0,0,20.4,18.88571429,0,-1.3,57.27083333
2026-01-06 21:20:00+00:00,446.4830769,0,0,20.35017544,18.32,0,-1.3,58.51818182
2026-01-06 21:25:00+00:00,444.6,0,0,20.3,17.935,0,-1.3,58.925
2026-01-06 21:30:00+00:00,444.075,0,0,20.3,17.6,0,-1.301166667,58.96424242
2026-01-06 21:35:00+00:00,444.4,0,0,20.3,17.08666667,0,-1.3004,58.65240741
2026-01-06 21:40:00+00:00,444.6,0,0,20.3,16.54333333,0,-1.3135,58.53666667
2026-01-06 21:45:00+00:00,444.0431818,0,0,20.3,16.18904762,0,-1.3744,58.20375
2026-01-06 21:50:00+00:00,443.7305556,0,0,20.3,15.87142857,0,-1.34,57.77888889
2026-01-06 21:55:00+00:00,443,0,0,20.3,15.42,0,-1.22,58.707
2026-01-06 22:00:00+00:00,443.4366667,0,0,20.3,15,0,-1.195555556,58.4915601
2026-01-06 22:05:00+00:00,443.7820513,0,0,20.3,14.81666667,0,-1.114,57.5262987
2026-01-06 22:10:00+00:00,443,0,0,20.3,14.8,0,-1.082,58.98
2026-01-06 22:15:00+00:00,442.7395833,0,0,20.3,14.5,0,-1.0058125,58.75288462
2026-01-06 22:20:00+00:00,442.9054545,0,0,20.3,14.415,0,-0.967726191,59.15272727
2026-01-06 22:25:00+00:00,442.2666667,0,0,20.3,14.46,0,-0.9165,58.27774621
2026-01-06 22:30:00+00:00,441.76,0,0,20.3,14.76,0,-0.970666667,56.98467399
2026-01-06 22:35:00+00:00,440.9818182,0,0,20.26679739,14.94,0,-0.990571429,57.01780952
2026-01-06 22:40:00+00:00,440.3538462,0,0,20.20181818,15,0,-1.003333333,58.18620731
2026-01-06 22:45:00+00:00,440.6444444,0,0,20.232,15,0,-1.002888889,58.71
2026-01-06 22:50:00+00:00,440.08,0,0,20.3,14.936,0,-0.995555556,58.05090909
2026-01-06 22:55:00+00:00,441.0133333,0,0,20.3,14.96,0,-0.929555556,58.4162381
2026-01-06 23:00:00+00:00,440.8,0,0,20.3,15,0,-0.84,58.14
2026-01-06 23:05:00+00:00,439.8222222,0,0,20.27272727,14.96666667,0,-0.795,58.66724064
2026-01-06 23:10:00+00:00,439.0227273,0,0,20.2,14.85,0,-0.720833333,57.78618421
2026-01-06 23:15:00+00:00,439.82,0,0,20.2,14.78,0,-0.7,57.07083333
2026-01-06 23:20:00+00:00,439.825,0,0,20.2,14.675,0,-0.7175,57.83257576
2026-01-06 23:25:00+00:00,439.6877778,0,0,20.2,14.58333333,0,-0.6,58.427
2026-01-06 23:30:00+00:00,438,0,0,20.2,14.41333333,0,-0.5575,58.87560606
2026-01-06 23:35:00+00:00,438,0,0,20.2,14.24666667,0,-0.5,58.532
2026-01-06 23:40:00+00:00,438.9285714,0,0,20.2,14.1,0,-0.452323232,58.38904762
2026-01-06 23:45:00+00:00,438.1688889,0,0,20.2,14.01,0,-0.430588235,58.23686275
2026-01-06 23:50:00+00:00,438.0615385,0,0,20.2,13.76,0,-0.408333333,56.635
2026-01-06 23:55:00+00:00,439.0875,0,0,20.2,13.7,0,-0.38,56.30526316
2026-01-07 00:00:00+00:00,440,0,0,20.2,13.7,0,-0.3,59.90736807
2026-01-07 00:05:00+00:00,437,0,0,20.2,13.6,0,-0.3,57.7007177
2026-01-07 00:10:00+00:00,439.6694444,0,0,20.2,13.6,0,-0.3,57.84703297
2026-01-07 00:15:00+00:00,437,0,0,20.2,13.6,0,-0.308,58.4111453
2026-01-07 00:20:00+00:00,434.5636364,0,0,20.2,13.6,0,-0.330666667,59.07771182
2026-01-07 00:25:00+00:00,436.45,0,0,20.2,13.936,0,-0.302,58.9872236
2026-01-07 00:30:00+00:00,438,0,0,20.2,14,0,-0.3,58.8
2026-01-07 00:35:00+00:00,437.0857143,0,0,20.2,14.1,0,-0.3,58.11238095
2026-01-07 00:40:00+00:00,438.6,0,0,20.2,14.1,0,-0.279,57.08111111
2026-01-07 00:45:00+00:00,437.6114286,0,0,20.2,14.1,0,-0.34,57.16974359
2026-01-07 00:50:00+00:00,437.1957143,0,0,20.2,14.1,0,-0.357777778,57.76838828
2026-01-07 00:55:00+00:00,437,0,0,20.2,14.1,0,-0.3,57.74964935
2026-01-07 01:00:00+00:00,437.6266667,0,0,20.2,14.03333333,0,-0.318333333,57.99557416
2026-01-07 01:05:00+00:00,437.5666667,0,0,20.2,14,0,-0.3,57.97108079
2026-01-07 01:10:00+00:00,436.7333333,0,0,20.2,13.88,0,-0.2,57.72660287
2026-01-07 01:15:00+00:00,437,0,0,20.2,13.8,0,-0.2,58.08254545
2026-01-07 01:20:00+00:00,437.8880952,0,0,20.2,13.716,0,-0.1708,58.7140056
2026-01-07 01:25:00+00:00,438.6269231,0,0,20.2,13.6,0,-0.1,57.73245466
2026-01-07 01:30:00+00:00,438.6888889,0,0,20.2,13.48,0,-0.142,58.02065934
2026-01-07 01:35:00+00:00,438.4,0,0,20.2,13.22,0,-0.068,57.33363636
2026-01-07 01:40:00+00:00,437.2873377,0,0,20.2,13.1,0,-0.087208791,54.228
2026-01-07 01:45:00+00:00,436.5893939,0,0,20.2,13.1,0,-0.1,56.48684615
2026-01-07 01:50:00+00:00,436,0,0,20.2,13.06,0,-0.025,59.48622896
2026-01-07 01:55:00+00:00,436.4622222,0,0,20.2,13.00285714,0,-0.010222222,61.22490196
2026-01-07 02:00:00+00:00,436.7436364,0,0,20.2,13.205,0,-0.044,58.09384419
2026-01-07 02:05:00+00:00,436.6,0,0,20.2,13.46,0,0.033333333,58.71070707
2026-01-07 02:10:00+00:00,435.0571429,0,0,20.2,13.68,0,0.195428571,58.18952381
2026-01-07 02:15:00+00:00,434.22,0,0,20.2,13.82,0,0.248545455,57.72003397
2026-01-07 02:20:00+00:00,434.4,0,0,20.2,13.98,0,0.26,57.984
2026-01-07 02:25:00+00:00,434.8,0,0,20.2,14.1,0,0.208333333,56.00344828
2026-01-07 02:30:00+00:00,436.547619,0,0,20.2,14,0,0.338,56.93660606
2026-01-07 02:35:00+00:00,435.5848214,0,0,20.2,14,0,0.375,57.4
2026-01-07 02:40:00+00:00,434.4747475,0,0,20.2,14,0,0.3173,57.506
2026-01-07 02:45:00+00:00,436,0,0,20.2,13.9,0,0.3878,57.77671884
2026-01-07 02:50:00+00:00,435.8,0,0,20.2,13.8,0,0.310805556,57.58682921
2026-01-07 02:55:00+00:00,434,0,0,20.2,13.795,0,0.276,57.22782857
2026-01-07 03:00:00+00:00,434.4,0,0,20.2,13.6,0,0.3,54.93827273
2026-01-07 03:05:00+00:00,434.7071429,0,0,20.2,13.52,0,0.38,55.06222689
2026-01-07 03:10:00+00:00,435.075,0,0,20.2,13.35,0,0.464,54.57425
2026-01-07 03:15:00+00:00,434.88,0,0,20.2,13.2,0,0.36,53.13166667
2026-01-07 03:20:00+00:00,434.9647059,0,0,20.2,13.11666667,0,0.27,55.73292308
2026-01-07 03:25:00+00:00,434.75,0,0,20.2,13.1,0,0.265625,58.55955874
2026-01-07 03:30:00+00:00,434.225,0,0,20.2,13.02,0,0.26,62.32538462
2026-01-07 03:35:00+00:00,434.3371429,0,0,20.2,12.9,0,0.28,58.24175439
2026-01-07 03:40:00+00:00,433.07,0,0,20.2,12.9,0,0.29,56.77184091
2026-01-07 03:45:00+00:00,433.2285714,0,0,20.2,13,0,0.198380952,57.40570707
2026-01-07 03:50:00+00:00,434.1072222,0,0,20.2,13.02071429,0,0.17105,57.52204396
2026-01-07 03:55:00+00:00,435.1657143,0,0,20.2,13.172,0,0.26,58.00095238
2026-01-07 04:00:00+00:00,435.5095238,0,0,20.2,13.26,0,0.194333333,57.24333333
2026-01-07 04:05:00+00:00,436.6861111,5.325,0,20.18778947,14.61666667,0,0.13375,57.52029823
2026-01-07 04:10:00+00:00,432.0955556,43.16277056,0,20.1,19.135,0,0.1,57.72251082
2026-01-07 04:15:00+00:00,430.675,48,0,20.1,25.432,0,0.628,56.4213986
2026-01-07 04:20:00+00:00,432.8214286,48.0625,0,20.1,26.94166667,0,0.710333333,58.17556818
2026-01-07 04:25:00+00:00,433,47.40952381,0,20.1,26.04,0,0.7316,59.46552448
2026-01-07 04:30:00+00:00,433.847619,48.92380952,0,20.1,22.79791667,0,0.828947619,56.99956522
2026-01-07 04:35:00+00:00,432,48.99,0,20.1,20.27333333,0,0.988571429,56.12909091
2026-01-07 04:40:00+00:00,433.5272727,48.89296296,0,20.1,21.74833333,0,1.304571429,56.4207326
2026-01-07 04:45:00+00:00,434,48.85874126,0,20.1,23.99583333,0,1.296,56.43757895
2026-01-07 04:50:00+00:00,434,48.7879638,0,20.1,25.76666667,0,1.4,57.078
2026-01-07 04:55:00+00:00,432.68,47.54920635,0,20.1,24.21666667,0,2.089301587,56.75722222
2026-01-07 05:00:00+00:00,434.4057143,48.73960784,0,20.09,21.15,0,1.863857143,55.38909091
2026-01-07 05:05:00+00:00,436.175,48.01638655,0,20.09195402,20.18,0,2.144083333,54.76428571
2026-01-07 05:10:00+00:00,434.7777778,47.42352941,0,20.04052419,21.62,0,2.203125,54.50506787
2026-01-07 05:15:00+00:00,434.8057143,48.63,0,20,24.43,0,2.191428571,55.49692308
2026-01-07 05:20:00+00:00,433.6733127,47.97974138,0,20,24.62266667,0,2.062875,57.26933333
2026-01-07 05:25:00+00:00,433.7454545,47.8,0,20,24.02285714,0,2.17969697,57.93507937
2026-01-07 05:30:00+00:00,435.6444444,47.93571429,0,20,22.4,0,2.126833333,55.08166667
2026-01-07 05:35:00+00:00,435.6225957,47.82529554,0,20,21.50066667,0,1.910459596,54.60015539
2026-01-07 05:40:00+00:00,436.7533333,46.80833333,0,20,22.446,0,1.6208,55.28007992
2026-01-07 05:45:00+00:00,434.5142857,47,0,20,23.70666667,0,1.458,56.03433862
2026-01-07 05:50:00+00:00,435.7,47.82222222,0,20,24.08,0,1.555555556,57.13
2026-01-07 05:55:00+00:00,434.95,47,0,20,23.35333333,0,1.421428571,58.94363248
2026-01-07 06:00:00+00:00,434.4444444,46.48116402,0,20,22.676,0,1.336,58.53817734
2026-01-07 06:05:00+00:00,436.439011,47.48461538,0,20,22.3,0,1.124453671,55.38643182
2026-01-07 06:10:00+00:00,436.6,47.46890126,0,20,22.65,0,0.92,56.22182363
2026-01-07 06:15:00+00:00,437,46.94258373,0,20,23.28,0,0.7835,56.07636364
2026-01-07 06:20:00+00:00,438.0343434,47.0967625,0,20,23.44,0,0.871555556,55.42473545
2026-01-07 06:25:00+00:00,439.6285714,46.97857143,0,20.06428571,23.26,0,0.853634454,57.35971861
2026-01-07 06:30:00+00:00,441.6,47.08333333,19.4308,20.1,22.78,0,0.94,58.45416667
2026-01-07 06:35:00+00:00,442.6083333,46.62294372,24.22667451,20.1,22.7,0,0.811111111,60.77580087
2026-01-07 06:40:00+00:00,447.6785714,47.57662338,23.95894118,20.1,22.94,0,0.985714286,59.13326203
2026-01-07 06:45:00+00:00,450.9333333,47.43726708,23.95363492,20.17351171,23.25,0,1.140933333,56.54114286
2026-01-07 06:50:00+00:00,452,46.92727273,23.44688889,20.12,23.5,0,1.437493507,56.05623898
2026-01-07 06:55:00+00:00,461.47,46.33,23.43345,20.1,23.27333333,0,1.488222222,56.81818182
2026-01-07 07:00:00+00:00,472.1071429,46.75,23.7609375,20.175,22.83333333,0,1.449975962,56.71042781
2026-01-07 07:05:00+00:00,474.98,46.73155556,23.80921303,20.2,22.68666667,0,1.521052632,57.48558442
2026-01-07 07:10:00+00:00,476.9714286,45.44047297,23.04870588,20.2,22.50888889,0,1.958666667,56.27233553
2026-01-07 07:15:00+00:00,491.4024242,47.39844721,23.58583333,20.2,22.86,0.05030303,1.4724,55.64837037
2026-01-07 07:20:00+00:00,488.6435165,47.30666667,23.37174615,20.2,23.13044444,0.176666667,1.64,54.64844444
2026-01-07 07:25:00+00:00,494.8733333,47.40181818,23.27389899,20.2,23.14333333,0.302545455,1.413,55.04061905
2026-01-07 07:30:00+00:00,500.8,47.4,23.38111111,20.2,22.92,0.502595238,2.134358974,57.03692308
2026-01-07 07:35:00+00:00,504.5545455,46.27272727,23.57943182,20.2,22.78,0.6576,1.516,56.88337243
2026-01-07 07:40:00+00:00,512.6045455,46.32,23.57666667,20.2,22.78,0.984761905,1.410909091,57.31133333
2026-01-07 07:45:00+00:00,514.65,47.82291667,23.35303676,20.22872461,22.951,1.223543004,1.7175,58.77366375
2026-01-07 07:50:00+00:00,557.4095238,47.17558442,23.32188254,20.24457912,23.08,2.005818182,1.808,55.65619048
2026-01-07 07:55:00+00:00,610.4027778,46.8961039,23.38196581,20.14903846,23.4,2.445054945,1.731098485,55.29537037
2026-01-07 08:00:00+00:00,625.6017308,46.93128426,23.34510317,20.1043956,23.35677778,2.943429167,1.651390909,55.83399929
2026-01-07 08:05:00+00:00,623.2726307,47.17717885,23.38065608,20.13071221,23.27397669,3.606677794,1.633847253,55.95821797
2026-01-07 08:10:00+00:00,631.595,47.74312208,23.66570169,20.19808232,22.80142857,7.102427609,1.262825,56.80654409
2026-01-07 08:15:00+00:00,612.0886364,45.8961039,24.19083333,20.3,22.7,11.14136364,0.8696,58.26684211
2026-01-07 08:20:00+00:00,617.5821429,44.89068826,24.27207968,20.3,22.8,13.17155563,0.790525253,56.78915789
2026-01-07 08:25:00+00:00,621.3714286,47.54794258,24.17994444,20.3,23.18933333,16.26932601,0.86,55.90923077
2026-01-07 08:30:00+00:00,609.8376068,47.90693603,23.85992063,20.34166667,23.28,17.0288986,1.028571429,56.36181319
2026-01-07 08:35:00+00:00,604.3426573,44.57690632,23.62333333,20.4,23.14,18.61158263,1.25,56.08479503
2026-01-07 08:40:00+00:00,587.8461111,47.6,23.92129915,20.4,22.9,19.4233,0.904,55.64363636
2026-01-07 08:45:00+00:00,579.7646104,46.74264706,24.05146928,20.4,22.86076389,19.42653341,0.898484849,55.86666667
2026-01-07 08:50:00+00:00,558.7262238,46.04798762,24.38130835,20.41079699,22.83666667,18.21122204,0.74602381,58.23198225
2026-01-07 08:55:00+00:00,556,47.13244444,23.72371795,20.6,22.98,15.57551111,1.107272727,58.27769231
2026-01-07 09:00:00+00:00,560.1,48.04109091,23.75909091,20.61868066,23.06666667,18.05951684,1.197142857,56.36941392
2026-01-07 09:05:00+00:00,615,48.95135135,23.35,20.70648649,23.1,22.49023649,1.13,56.86245305
2026-01-07 09:10:00+00:00,625.4833333,47.56840693,23.41508333,20.82912007,23.036,34.20738145,1.398253968,56.33324281
2026-01-07 09:15:00+00:00,666.2904977,48,23.5977193,20.80166667,22.88,44.25506211,1.380933333,57.23833333
2026-01-07 09:20:00+00:00,672.24,48.6516129,23.66065909,20.8837037,22.8,47.91941026,1.337647059,56.36162963
2026-01-07 09:25:00+00:00,686.1333333,51.09347826,23.49534188,20.91666667,22.86,44.86781102,1.543,56.69524548
2026-01-07 09:30:00+00:00,686.2,51.14257143,23.15778571,20.9964,22.96,47.45546817,1.985959596,56.59147273
2026-01-07 09:35:00+00:00,712.1111111,52.40178571,23.22220833,21,23.0625,57.85791071,1.851060606,56.12107143
2026-01-07 09:40:00+00:00,688.6767677,56.28978355,23.04126923,21.00071429,23.1,70.48885361,1.806171429,55.64251082
2026-01-07 09:45:00+00:00,682.0166667,51.89074074,23.01230769,21.08411765,23.1,70.07178442,1.570116017,55.08058824
2026-01-07 09:50:00+00:00,711.06,48.5734255,23.55579221,21.1,23.02,61.08864928,1.497333333,55.93091375
2026-01-07 09:55:00+00:00,705.4606061,54.94365079,23.67180952,21.10352941,22.86,54.07640476,1.376727273,56.47218391
2026-01-07 10:00:00+00:00,683.6571429,69.55,23.76785354,21.2,22.83,48.76266012,1.398539683,55.99177419
2026-01-07 10:05:00+00:00,691.2782218,55.77280844,23.64370301,21.2,22.94,46.87725974,1.353428571,56.79885274
2026-01-07 10:10:00+00:00,701.3748252,66.79692814,23.60659942,21.20695652,23.04,54.21111452,1.313,57.6372135
2026-01-07 10:15:00+00:00,718.9692308,75.6354232,23.6049011,21.29,23.1,65.85047003,1.284,57.92535117
2026-01-07 10:20:00+00:00,744.4285714,86.41359718,23.70210892,21.3,23.095,66.54279789,1.295965812,57.27153101
2026-01-07 10:25:00+00:00,701.5978022,63.78333333,23.86864935,21.29473684,22.935,65.20355048,1.134888889,56.46651866
2026-01-07 10:30:00+00:00,673.4651484,55.07662338,23.97981138,21.24981902,22.9,64.87623748,1.026455016,56.64286195
2026-01-07 10:35:00+00:00,630.626087,50.00890469,24,21.12702703,22.98666667,66.02924446,0.909548872,57.64368421
2026-01-07 10:40:00+00:00,610.2,47.45103896,26.16,21.03156863,23.07,75.37825758,0.802857143,57.00121849
2026-01-07 10:45:00+00:00,571.1415385,47.30909091,29.48892987,21.08545455,23.1,106.9934,0.6524,54.77863636
2026-01-07 10:50:00+00:00,556.9094444,49.97004301,29.3078,21.1,23.1,130.3735819,0.807818182,55.85424772
2026-01-07 10:55:00+00:00,539.2285714,48.42095238,29.2682521,21.00428571,23,125.9241294,0.883636364,57.64542857
2026-01-07 11:00:00+00:00,533,48.81969697,29.29646154,21.08337662,22.904,107.9518042,0.654,57.83842713
2026-01-07 11:05:00+00:00,626,47.64567742,29.42,21.1715,22.968,120.9645399,0.636,56.71686786
2026-01-07 11:10:00+00:00,758.4,92.58461538,29.26,21.445625,23.08,149.642648,0.75,57.53030303
2026-01-07 11:15:00+00:00,796.3257143,105.6398268,29.16777778,21.5947619,23.1,142.7817778,0.69025,57.35142857
2026-01-07 11:20:00+00:00,768.4,112.1949784,29.26,21.68181818,23.02,109.4546442,0.674,59.23815152
2026-01-07 11:25:00+00:00,806.6944444,102.2083333,29.248125,21.60208333,23,97.31933081,0.65,56.77631579
2026-01-07 11:30:00+00:00,776.6136752,139.0538462,29.168,21.74555184,23.08,93.11832059,0.704,57.63666667
2026-01-07 11:35:00+00:00,753.4603175,127.4018182,29.342,21.87265734,23.1,75.29124624,0.666,57.55783069
2026-01-07 11:40:00+00:00,815.2769231,135.2545455,29.39786667,21.833,22.95666667,64.53083422,0.620519481,57.42457143
2026-01-07 11:45:00+00:00,804.1661616,123.5117409,29.43066154,21.94503704,22.9,59.75263248,0.528571429,57.9197271
2026-01-07 11:50:00+00:00,788,118.1230769,29.294,21.93785714,22.96,58.32960382,0.5,57.643
2026-01-07 11:55:00+00:00,745.7204795,102.6501203,29.35327885,21.9,23.077,55.59028571,0.515,57.47068302
2026-01-07 12:00:00+00:00,787.075,112.5166667,29.20909091,21.74727273,23.235,53.62784493,0.86,57.74405421
2026-01-07 12:05:00+00:00,739.7380952,105.7904762,29.09716667,21.77265734,23.08,54.83524432,0.78,56.95447552
2026-01-07 12:10:00+00:00,765.14,133.44,29.278,21.988,22.78,61.83566383,0.78,56.30181271
2026-01-07 12:15:00+00:00,817.9,171.9272727,29.54111111,22.17833333,22.7,57.16548501,0.546666667,57.05878719
2026-01-07 12:20:00+00:00,821.9935065,164.9789377,29.41672078,22.32628621,22.7,60.37616504,0.5,56.67962038
2026-01-07 12:25:00+00:00,830.4769231,155.2060522,29.35594628,22.45145373,22.78,62.02534628,0.686,57.6088534
2026-01-07 12:30:00+00:00,856.44,151.5833333,29.4952,22.55833333,22.98,57.23432878,0.668222222,57.86833333
2026-01-07 12:35:00+00:00,884.8666667,178.08,29.46428889,22.6,23.1,50.02809913,0.60995671,57.146
2026-01-07 12:40:00+00:00,873.2840909,194.3974026,29.44592857,22.65742424,23.18,50.35244755,0.74,57.6955863
2026-01-07 12:45:00+00:00,875.7727273,190.461244,29.59589076,22.73821256,23.02,49.31802392,0.475,57.73381579
2026-01-07 12:50:00+00:00,896.1915966,190.4601782,29.52065546,22.8,22.787,51.10946052,0.47927326,58.13211887
2026-01-07 12:55:00+00:00,919.8586555,201.0475913,29.36787375,22.85636364,22.77533333,52.36748174,0.645314286,57.60136364
2026-01-07 13:00:00+00:00,929.2875,216.1036046,29.3187076,22.9,22.89866667,53.56351587,0.656666667,56.93474436
2026-01-07 13:05:00+00:00,908.4822222,223.1509259,29.33204274,22.93712986,23.09,77.68689952,0.517777778,56.22888889
2026-01-07 13:10:00+00:00,866.675,218.672619,29.30931818,23,23.3,53.31291667,0.833333333,56.50227273
2026-01-07 13:15:00+00:00,844.6,215.1258242,29.48,22.95285714,23.3,49.80952381,0.44,57.0719697
2026-01-07 13:20:00+00:00,786,208.6460952,29.4,22.69846154,23.026,47.01353846,0.44,56.81578413
2026-01-07 13:25:00+00:00,592.3954545,195.2538462,29.34791667,22.33874126,22.91333333,36.96597063,0.594603175,56.59733333
2026-01-07 13:30:00+00:00,565.9428571,171.25,29.26314286,22.194,22.9,33.6362,0.654,57.9627451
2026-01-07 13:35:00+00:00,579.7958974,151.8602807,29.39221765,22.25022942,23,30.32576175,0.6,57.02741259
2026-01-07 13:40:00+00:00,582.79,142.756633,29.37676768,22.42441077,23.1,28.31163636,0.683928571,57.7941164
2026-01-07 13:45:00+00:00,576.94,132.2245667,29.30306818,22.5,23.1,26.42416667,0.8672,57.42363636
2026-01-07 13:50:00+00:00,575.1446154,121.1056153,29.48377731,22.5,23.036,24.23960693,0.692472727,57.66977782
2026-01-07 13:55:00+00:00,583.2,113.1333333,29.46844444,22.47741935,23,21.50990909,0.46,57.51076923
2026-01-07 14:00:00+00:00,579.4055556,94.85477855,29.65109737,22.4,23,19.44239562,0.508,57.43741997
2026-01-07 14:05:00+00:00,600,81.06349206,29.59,22.4,23,17.46304186,0.496678571,58.35891296
2026-01-07 14:10:00+00:00,603.3,76.36666667,29.58850909,22.452,23,14.90318803,0.44,57.18066667
2026-01-07 14:15:00+00:00,616.9005245,63.42727273,29.43517857,22.6,23,11.92613333,0.43,57.36677489
2026-01-07 14:20:00+00:00,649.1166667,55,29.32666667,22.6,23,9.563123077,0.58,57.48277512
2026-01-07 14:25:00+00:00,640.674359,54.10505051,29.41298611,22.56686869,23.06,7.602,0.84,58.09571429
2026-01-07 14:30:00+00:00,640.9333333,48.97931034,29.41377922,22.39586207,23.1,7.059910045,0.9,57.33136893
2026-01-07 14:35:00+00:00,649.33,48.31258741,29.55076923,22.314375,23.00166667,4.490261072,0.425714286,57.32475962
2026-01-07 14:40:00+00:00,676.9228571,46.62527473,29.41714286,22.34380952,22.9,3.114017316,0.569777778,56.36718615
2026-01-07 14:45:00+00:00,661.925,49.06199506,29.13321479,22.5,22.9,2.489871795,0.660444444,55.60371826
2026-01-07 14:50:00+00:00,665.234965,48.94285714,29.2984,22.50357143,22.9,1.717142857,0.6,57.08863636
2026-01-07 14:55:00+00:00,678.8166667,46.02575758,29.27566667,22.6,22.9,1.198027972,0.779071429,56.52644678
2026-01-07 15:00:00+00:00,686.6428571,48.11538462,27.838125,22.6,22.9,0.892857143,0.6,57.98881579
2026-01-07 15:05:00+00:00,699.5313131,50.16818182,10.84925714,22.6,23.1,0.604030303,0.595277778,57.94075758
2026-01-07 15:10:00+00:00,705.025,54.97153846,0,22.598,23.48,0.3655,0.99775,57.23925134
2026-01-07 15:15:00+00:00,627.2571429,48.75,0,22.4,23.58666667,0.191793548,0.897428571,57.0732761
2026-01-07 15:20:00+00:00,627,49.02352941,0,22.40117647,23.32066667,0.053,0.65,58.41041958
2026-01-07 15:25:00+00:00,608.04,50.56709957,0,22.47090909,22.88333333,0,0.592349206,58.47916084
2026-01-07 15:30:00+00:00,592.12,50.82,0,22.32453333,22.695,0,0.662153846,58.17927619
2026-01-07 15:35:00+00:00,606.2497902,50.66950364,0,22.30051282,22.65214286,0,0.713244444,57.87321838
2026-01-07 15:40:00+00:00,605.872381,49.97129187,0,22.4,22.84666667,0,0.592,58.40903644
2026-01-07 15:45:00+00:00,594.9088578,50,0,22.4,23.11066667,0,0.574603175,57.87169349
2026-01-07 15:50:00+00:00,596.9636364,51.5769697,0,22.4,23.28,0,0.540444444,58.02236364
2026-01-07 15:55:00+00:00,595.7045455,51.125,0,22.23666667,23.3,0,0.558464286,58.6475
2026-01-07 16:00:00+00:00,585.2888889,48.51666667,0,22.2,23.1,0,0.636230769,59.05543478
2026-01-07 16:05:00+00:00,582.8,50.15091575,0,22.2,22.94,0,0.488793651,55.8887013
2026-01-07 16:10:00+00:00,569.4,50.28311688,0,22.2,22.74,0,0.422,56.62863158
2026-01-07 16:15:00+00:00,586.8,50,0,22.2,22.7,0,0.43,55.61333333
2026-01-07 16:20:00+00:00,589.0442308,50.81904762,0,22.11809524,22.7,0,0.508,56.1210989
2026-01-07 16:25:00+00:00,583.5111111,49.52937063,0,22.1,22.7,0,0.498,57.0742351
2026-01-07 16:30:00+00:00,569.9942857,49.75454545,0,22.1,23.02,0,0.454,57.428583
2026-01-07 16:35:00+00:00,579.05,49.23333333,0,22.1,23.25,0,0.571614286,58.36298095
2026-01-07 16:40:00+00:00,538.1584615,49.048,0,21.97117216,23.3,0,0.573454546,58.43038365
2026-01-07 16:45:00+00:00,484.9733333,49.62666667,0,21.77179487,23.18666667,0,0.5,58.19715751
2026-01-07 16:50:00+00:00,461.9479167,49.91730769,0,21.61346154,22.925,0,0.5725,58.3225
2026-01-07 16:55:00+00:00,459.0805195,49.565,0,21.553,22.80666667,0,0.148019048,57.98166667
2026-01-07 17:00:00+00:00,456.4,49.15,0,21.5,22.7,0,0.206888889,57.82757576
2026-01-07 17:05:00+00:00,454.25,49.6,0,21.43941176,22.74,0,0.33779798,57.2143672
2026-01-07 17:10:00+00:00,450.6828571,49.86147186,0,21.33047619,22.92,0,0.38,57.53988818
2026-01-07 17:15:00+00:00,448.4222222,48.9,0,21.23272727,23.22,0,0.375,57.91272727
2026-01-07 17:20:00+00:00,446.7583333,48.74615385,0,21.2,23.3,0,0.213333333,58.44923077
2026-01-07 17:25:00+00:00,447.1195238,50.01069383,0,21.072,23.18,0,0.345470086,58.77110877
2026-01-07 17:30:00+00:00,446.4,50.90911641,0,21.10776812,23.02,0,0.2,57.41330435
2026-01-07 17:35:00+00:00,442.2,49.83407407,0,21.14,22.78,0,0.166666667,56.63411765
2026-01-07 17:40:00+00:00,440.6464646,49.39093165,0,21.1,22.675,0,0.03125,56.4590301
2026-01-07 17:45:00+00:00,440.4570707,50.34,0,21.1,22.606,0,0.005151515,58.24254135
2026-01-07 17:50:00+00:00,438.9030303,50.60606061,0,21.1,22.906,0,-0.002666667,60.10623529
2026-01-07 17:55:00+00:00,437.3,50,0,21.04714286,23.26,0,-0.046,58.62127273
2026-01-07 18:00:00+00:00,437,49.56980392,0,21,23.48,0,0.016780952,58.39600973
2026-01-07 18:05:00+00:00,437,48.54804598,0,21,23.34,0,0.0795,59.03885714
2026-01-07 18:10:00+00:00,437,49.21818182,0,21,22.88666667,0,0,56.9047619
2026-01-07 18:15:00+00:00,435.8,49.40606061,0,20.95897436,22.7407619,0,-0.05389899,56.75101606
2026-01-07 18:20:00+00:00,435.1555556,49.98333333,0,20.9,22.75,0,-0.182222222,57.76066667
2026-01-07 18:25:00+00:00,436.6,49.87272727,0,20.84461538,22.908,0,-0.304,58.0861244
2026-01-07 18:30:00+00:00,436.6234848,49.86162465,0,20.8,23.11,0,-0.4,57.285
2026-01-07 18:35:00+00:00,436.1095085,49.37527056,0,20.8,23.1875,0,-0.4,56.80884615
2026-01-07 18:40:00+00:00,435.75,49.99176471,0,20.8,23.105,0,-0.4,57.73588235
2026-01-07 18:45:00+00:00,435,49.7,0,20.8,22.9,0,-0.28,57.87547619
2026-01-07 18:50:00+00:00,433.375,49.53333333,0,20.8,22.8,0,-0.475,57.25272727
2026-01-07 18:55:00+00:00,434,50.17663818,0,20.8,22.72,0,-0.46,56.81979617
2026-01-07 19:00:00+00:00,433.8333333,50.58701754,0,20.76654971,22.784,0,-0.304,56.55727485
2026-01-07 19:05:00+00:00,435.3611111,50.4952381,0,20.7,22.87333333,0,-0.462886364,57.23380952
2026-01-07 19:10:00+00:00,435.76,49.74,0,20.7,23.068,0,-0.638861111,57.8
2026-01-07 19:15:00+00:00,435.5769231,48.79727273,0,20.66,23.1,0,-0.5798,57.69553036
2026-01-07 19:20:00+00:00,435.6,48.36666667,0,20.6,23.1,0,-0.700857143,57.89823529
2026-01-07 19:25:00+00:00,434.18,49.34248804,0,20.6,23.1,0,-0.518888889,57.81778281
2026-01-07 19:30:00+00:00,434.5888889,49.83864258,0,20.6,23.1,0,-0.510285714,55.76
2026-01-07 19:35:00+00:00,434,49.94047619,0,20.6,23.04375,0,-0.690178571,57.60726732
2026-01-07 19:40:00+00:00,434,49.40519481,0,20.6,22.86875,0,-0.655,62.41010823
2026-01-07 19:45:00+00:00,433.8,50.01538462,0,20.58333333,22.82,0,-0.791746032,61.05254545
2026-01-07 19:50:00+00:00,432.1272727,50.84405458,0,20.50210526,23.04933333,0,-0.779846154,58.32529469
2026-01-07 19:55:00+00:00,432,49.89090909,0,20.5,23.64,0,-0.666,58.01601399
2026-01-07 20:00:00+00:00,432.75,42.24102564,0,20.5,23.265,0,-0.8056,56.1
2026-01-07 20:05:00+00:00,437.05,0,0,20.5,22.82833333,0,-1.415728571,56.30152941
2026-01-07 20:10:00+00:00,438.25,0,0,20.5,22.48,0,-1.62,58.02
2026-01-07 20:15:00+00:00,439.04,0,0,20.5,22.36166667,0,-1.7,59.20503759
2026-01-07 20:20:00+00:00,438,0,0,20.5,22.2,0,-1.7,58.3257619
2026-01-07 20:25:00+00:00,437.1066667,0,0,20.5,22.12,0,-1.7,58.60798535
2026-01-07 20:30:00+00:00,437,0,0,20.5,21.96666667,0,-1.763541667,58.7
2026-01-07 20:35:00+00:00,436.4626984,0,0,20.5,21.88666667,0,-1.791833333,59.15670968
2026-01-07 20:40:00+00:00,437.4738095,0,0,20.5,21.74952381,0,-1.735478633,59.18749218
2026-01-07 20:45:00+00:00,436.0808081,0,0,20.5,21.35,0,-1.768178571,58.2378355
2026-01-07 20:50:00+00:00,436,0,0,20.42836364,21.06,0,-1.7585,54.13704429
2026-01-07 20:55:00+00:00,436,0,0,20.4,20.72,0,-1.855714286,48.62018182
2026-01-07 21:00:00+00:00,436,0,0,20.4,20.3107619,0,-1.870615385,45.23396395
2026-01-07 21:05:00+00:00,436,0,0,20.4,19.909,0,-1.8174,43.17622222
2026-01-07 21:10:00+00:00,435.8285714,0,0,20.4,19.55142857,0,-1.9,46.57763636
2026-01-07 21:15:00+00:00,435.2266667,0,0,20.4,19.17,0,-1.92,49.93528846
2026-01-07 21:20:00+00:00,436.4097222,0,0,20.4,18.825,0,-1.933333333,50.38106377
2026-01-07 21:25:00+00:00,435.5,0,0,20.4,18.53,0,-2.0085,51.75973684
2026-01-07 21:30:00+00:00,435.6,0,0,20.4,18.1,0,-1.991111111,58.86877193
2026-01-07 21:35:00+00:00,435.5560606,0,0,20.4,17.78,0,-1.932444444,62.01330688
2026-01-07 21:40:00+00:00,435.5158974,0,0,20.4,17.48971429,0,-1.996923077,64.44363636
2026-01-07 21:45:00+00:00,435.9727273,0,0,20.4,17.00666667,0,-2,63.26769231
2026-01-07 21:50:00+00:00,435.7692308,0,0,20.4,16.56,0,-2,57.57772727
2026-01-07 21:55:00+00:00,435,0,0,20.4,16.148,0,-1.954848485,53.66065111
2026-01-07 22:00:00+00:00,435,0,0,20.4,15.805,0,-2,59.00379121
2026-01-07 22:05:00+00:00,435,0,0,20.4,15.50142857,0,-1.9,58.17104762
2026-01-07 22:10:00+00:00,434.6933333,0,0,20.4,15.08464286,0,-1.9,57.31739271
2026-01-07 22:15:00+00:00,434.4143357,0,0,20.36735294,14.8875,0,-1.930555556,54.94392157
2026-01-07 22:20:00+00:00,435,0,0,20.3,14.65,0,-1.964173077,49.77886447
2026-01-07 22:25:00+00:00,434.8788462,0,0,20.3,14.52,0,-1.964,47.84689655
2026-01-07 22:30:00+00:00,433.9063492,0,0,20.3,14.34,0,-2,49.61748371
2026-01-07 22:35:00+00:00,433.9822222,0,0,20.3,14.3,0,-1.944666667,53.18599791
2026-01-07 22:40:00+00:00,434.9611111,0,0,20.3,14.34,0,-2,54.08821053
2026-01-07 22:45:00+00:00,434.2266667,0,0,20.3,14.52,0,-2,53.824
2026-01-07 22:50:00+00:00,432.4,0,0,20.3,14.7,0,-2.002539683,54.87948718
2026-01-07 22:55:00+00:00,432.2781818,0,0,20.3,14.7,0,-2.001890909,58.39660753
2026-01-07 23:00:00+00:00,434.9192308,0,0,20.3,14.7,0,-2.068,61.12410909
2026-01-07 23:05:00+00:00,434.1041667,0,0,20.3,14.7,0,-2.1,60.8
2026-01-07 23:10:00+00:00,432.6,0,0,20.3,14.78,0,-2.09975,62.89881119
2026-01-07 23:15:00+00:00,432.4,0,0,20.3,14.7,0,-2.15975,64.81012422
2026-01-07 23:20:00+00:00,433.4,0,0,20.3,14.7,0,-2.1,55.73073593
2026-01-07 23:25:00+00:00,433.2675325,0,0,20.3,14.5,0,-2.1,57.73511098
2026-01-07 23:30:00+00:00,432,0,0,20.3,14.46,0,-2.136,59.25225
2026-01-07 23:35:00+00:00,432,0,0,20.26371795,14.29333333,0,-2.193,58.1648022
2026-01-07 23:40:00+00:00,432,0,0,20.2,14.16666667,0,-2.2,58.734
2026-01-07 23:45:00+00:00,432,0,0,20.2,13.99166667,0,-2.117777778,59.45343358
2026-01-07 23:50:00+00:00,431.8114286,0,0,20.2,13.8,0,-2.1,58.54922222
2026-01-07 23:55:00+00:00,431.4,0,0,20.2,13.8,0,-2.1,57.88190476
2026-01-08 00:00:00+00:00,431.6319444,0,0,20.2,13.8,0,-2.1,59.73849026
2026-01-08 00:05:00+00:00,430.2833333,0,0,20.2,13.8,0,-2.1,57.82214286
2026-01-08 00:10:00+00:00,430.025,0,0,20.2,13.8,0,-2.1,58.28707071
2026-01-08 00:15:00+00:00,430.7333333,0,0,20.2,14,0,-2.058,59.18851852
2026-01-08 00:20:00+00:00,430.5285714,0,0,20.2,14.3,0,-2.009818182,59.02130992
2026-01-08 00:25:00+00:00,431.8593074,0,0,20.2,14.39214286,0,-1.97010101,58.96087465
2026-01-08 00:30:00+00:00,432.8,0,0,20.2,14.66,0,-1.906666667,59.32431579
2026-01-08 00:35:00+00:00,431.9333333,0,0,20.2,14.76,0,-1.9,59.26420996
2026-01-08 00:40:00+00:00,431.4754579,0,0,20.2,14.8,0,-1.873,59.133416
2026-01-08 00:45:00+00:00,430.8266667,0,0,20.2,14.72,0,-1.8505,58.63359649
2026-01-08 00:50:00+00:00,431.0888889,0,0,20.2,14.7,0,-1.853461539,58.73402273
2026-01-08 00:55:00+00:00,431,0,0,20.2,14.628,0,-1.872,59.16703463
2026-01-08 01:00:00+00:00,431,0,0,20.2,14.54928571,0,-1.8178125,58.72802967
2026-01-08 01:05:00+00:00,428.9,0,0,20.2,14.47333333,0,-1.865414286,58.88915344
2026-01-08 01:10:00+00:00,428.7222222,0,0,20.2,14.34857143,0,-1.842,58.91292804
2026-01-08 01:15:00+00:00,429.9785714,0,0,20.2,14.15650794,0,-1.8,59.18779739
2026-01-08 01:20:00+00:00,428.9209524,0,0,20.2,13.925,0,-1.7815,59.84093645
2026-01-08 01:25:00+00:00,430.7333333,0,0,20.2,13.8,0,-1.712,57.23643961
2026-01-08 01:30:00+00:00,430.1692308,0,0,20.2,13.8,0,-1.786909091,59.25852852
2026-01-08 01:35:00+00:00,430.8525253,0,0,20.2,13.79666667,0,-1.8,57.87646316
2026-01-08 01:40:00+00:00,430.9628816,0,0,20.19862069,13.73095238,0,-1.80025,59.05428001
2026-01-08 01:45:00+00:00,428.2527273,0,0,20.1,13.74,0,-1.79975,56.91684464
2026-01-08 01:50:00+00:00,429.48,0,0,20.1,13.9,0,-1.799777778,56.8436519
2026-01-08 01:55:00+00:00,429.1783626,0,0,20.1,14.1,0,-1.8,56.43818182
2026-01-08 02:00:00+00:00,430.0364583,0,0,20.1,14.1,0,-1.7966875,57.44895833
2026-01-08 02:05:00+00:00,429.2571429,0,0,20.17166667,14.19,0,-1.583722222,57.47752727
2026-01-08 02:10:00+00:00,429.875,0,0,20.17192308,14.2,0,-1.430439394,60.08307692
2026-01-08 02:15:00+00:00,430,0,0,20.11385281,14.2,0,-1.5,59.47181818
2026-01-08 02:20:00+00:00,429.6190476,0,0,20.1,14.2,0,-1.3629,60.59559441
2026-01-08 02:25:00+00:00,430,0,0,20.1,14.1,0,-1.491428571,61.354
2026-01-08 02:30:00+00:00,428.8,0,0,20.1,14.04,0,-1.496,58.87394355
2026-01-08 02:35:00+00:00,429.7085714,0,0,20.1,14,0,-1.35,58.82096774
2026-01-08 02:40:00+00:00,430,0,0,20.18819048,13.8,0,-1.33,59.31846154
2026-01-08 02:45:00+00:00,428.4266667,0,0,20.2,13.72,0,-1.38375,58.718
2026-01-08 02:50:00+00:00,428.2555556,0,0,20.2,13.6,0,-1.337777778,58.44076923
2026-01-08 02:55:00+00:00,428,0,0,20.2,13.6,0,-1.320571429,58.07106061
2026-01-08 03:00:00+00:00,429.6944444,0,0,20.2,13.515,0,-1.3,58.42712469
2026-01-08 03:05:00+00:00,429.9236364,0,0,20.2,13.37428571,0,-1.36,55.35942844
2026-01-08 03:10:00+00:00,429.9,0,0,20.2,13.3,0,-1.4,53.22636364
2026-01-08 03:15:00+00:00,430,0,0,20.2,13.39833333,0,-1.4,50.96668998
2026-01-08 03:20:00+00:00,429.8944341,0,0,20.2,13.51710317,0,-1.39525641,50.48111652
2026-01-08 03:25:00+00:00,429,0,0,20.2,13.715,0,-1.36,60.61303132
2026-01-08 03:30:00+00:00,428.5085714,0,0,20.2,13.8,0,-1.4,63.25866667
2026-01-08 03:35:00+00:00,428.7285714,0,0,20.2,13.86,0,-1.334277778,59.23636364
2026-01-08 03:40:00+00:00,429,0,0,20.135,13.96,0,-1.504,57.65541126
2026-01-08 03:45:00+00:00,429.6,0,0,20.1,14,0,-1.5685,58.26336842
2026-01-08 03:50:00+00:00,430.0563636,0,0,20.1,14,0,-1.628,58.07573185
2026-01-08 03:55:00+00:00,432.275,0,0,20.1,14,0,-1.696,57.64561404
2026-01-08 04:00:00+00:00,432.75,0,0,20.1,13.975,0,-1.7,58.46705375
2026-01-08 04:05:00+00:00,431.8920635,87.02755245,0,20.1,13.89666667,0,-1.7,59.07843186
2026-01-08 04:10:00+00:00,427.4114286,170.4998653,0,20.06174825,15.01666667,0,-1.7,58.39339226
2026-01-08 04:15:00+00:00,423.4,45,0,20,24.42666667,0,-1.547857143,54.78459946
2026-01-08 04:20:00+00:00,424.8,45.41818182,0,20,26.29066667,0,-1.201,57.64619048
2026-01-08 04:25:00+00:00,425.4666667,45.7041181,0,20,26.16666667,0,-0.85148718,58.88640688
2026-01-08 04:30:00+00:00,424.56,45.55555556,0,20,23.025,0,-0.7472,60.34055556
2026-01-08 04:35:00+00:00,425.5142857,45.11645022,0,20,20.3,0,-0.764,61.25545455
2026-01-08 04:40:00+00:00,426.6666667,45.37777778,0,20,20.81666667,0,-0.642936508,60.484
2026-01-08 04:45:00+00:00,426.6821429,45.88034188,0,20,24.14194444,0,-0.624235294,57.20833333
2026-01-08 04:50:00+00:00,426.6903319,45.4475,0,20,26.65583333,0,-0.7606,58.588
2026-01-08 04:55:00+00:00,427.2321429,44.98958333,0,19.98076923,25.6,0,-0.792857143,58.987
2026-01-08 05:00:00+00:00,428.0461538,45.05333333,0,19.9,21.82666667,0,-0.605,58.3430622
2026-01-08 05:05:00+00:00,428.35,44.4,0,19.9,19.7247619,0,-0.622,57.327
2026-01-08 05:10:00+00:00,428.489899,45.05263158,0,19.9,21.11555556,0,-0.4796,56.837
2026-01-08 05:15:00+00:00,430.1085714,45.27648485,0,19.9,23.82,0,-0.67,57.27575682
2026-01-08 05:20:00+00:00,429.9818182,44.19902834,0,19.9,25.42,0,-0.44,60.43161538
2026-01-08 05:25:00+00:00,430.64,44.1541502,0,19.9,24.12,0,-0.53,59.02972028
2026-01-08 05:30:00+00:00,433,44.29252127,0,19.87636364,21.82,0,-0.752,57.04379765
2026-01-08 05:35:00+00:00,433,45.25092593,0,19.8,21.0247619,0,-0.8,57.57601079
2026-01-08 05:40:00+00:00,431.7,50.61,0,19.8,23.25,0,-0.755714286,57.81076923
2026-01-08 05:45:00+00:00,433.68,49.40200501,0,19.8,24.4,0,-0.601454546,58.51772894
2026-01-08 05:50:00+00:00,432.66,50.87272727,0,19.8,24.42,0,-0.59225,59.17055462
2026-01-08 05:55:00+00:00,435,50.075,0,19.8,23.2,0,-0.660714286,59.40833333
2026-01-08 06:00:00+00:00,435.0444444,50.20796296,0,19.8,22.28266667,0,-0.708571429,59.06661102
2026-01-08 06:05:00+00:00,435.275,51.03888889,0,19.8,22.1,0,-0.916,58.14939394
2026-01-08 06:10:00+00:00,437.6917641,51.70929214,0,19.8,22.82,0,-0.872704274,57.44104159
2026-01-08 06:15:00+00:00,441.7166667,50.33449189,0,19.80272727,23.788,0,-0.858,56.96683066
2026-01-08 06:20:00+00:00,452.0666667,49.41142857,0,19.9,23.512,0,-0.9,59.25230769
2026-01-08 06:25:00+00:00,503.9777778,50.93913043,0,19.98869565,23.2,0,-0.74,58.43209486
2026-01-08 06:30:00+00:00,487,46.06153846,0,20,22.6,0,-0.464,61.13995192
2026-01-08 06:35:00+00:00,487.9272727,49.39142857,24.70483333,20.00571429,22.68,0,-0.45175,58.44590833
2026-01-08 06:40:00+00:00,494.3230769,51,30.68749573,20.1,23.1,0,-0.545714286,59.67066667
2026-01-08 06:45:00+00:00,501.5142857,52.6969697,30.7007013,20.1,23.44,0,-0.664380952,58.36181818
2026-01-08 06:50:00+00:00,496.5272727,51.19806763,30.68699301,20.1,23.43333333,0,-0.645971591,58.60833333
2026-01-08 06:55:00+00:00,508.94,51.63571429,30.7898404,20.18142857,23.22285714,0,-0.844033333,56.73166667
2026-01-08 07:00:00+00:00,503.4553571,50.58691036,30.7964168,20.2,22.9,0,-0.709616667,57.82322581
2026-01-08 07:05:00+00:00,512.2253968,47.22937063,30.75074286,20.11287879,22.6,0,-0.653444444,59.41426635
2026-01-08 07:10:00+00:00,504.0064103,47.82002635,30.86773968,20.1,22.625,0.057835498,-0.762545455,58.76346154
2026-01-08 07:15:00+00:00,502.0041667,49.3674043,30.88997533,20.1,22.94666667,0.12314652,-0.834909091,57.94191331
2026-01-08 07:20:00+00:00,497.9875,51.43006536,30.89947826,20.1,23.18,0.338896332,-0.873409091,58.23537272
2026-01-08 07:25:00+00:00,496.1333333,49.44210526,30.33661538,20.1,23.3,0.59643609,-0.528166667,58.16727273
2026-01-08 07:30:00+00:00,494.3142857,49.8,30.70084211,20.1,23.215,0.932571429,-0.332571429,58.28444444
2026-01-08 07:35:00+00:00,494.0727273,50.53803922,30.86333333,20.1,22.964,1.919769222,-0.666583333,58.74646953
2026-01-08 07:40:00+00:00,493.6625641,49.91499314,30.75554001,20.1,22.837,3.034833931,-0.7768,58.83223417
2026-01-08 07:45:00+00:00,494.2727273,49.10119048,30.64458333,20.1,22.8,4.651939655,-0.75,58.08416667
2026-01-08 07:50:00+00:00,496.0727273,49.43741176,30.72722222,20.1,22.88,5.96736106,-0.722,57.95707602
2026-01-08 07:55:00+00:00,495.74,49.05,30.63142857,20.1,22.94,7.814441558,-0.686,57.38
2026-01-08 08:00:00+00:00,504.1704762,49.89986207,30.54377778,20.1,23.09,8.834682759,-0.506865579,56.92193103
2026-01-08 08:05:00+00:00,522.7692308,51,30.69461364,20.1,23.2,9.365823973,-0.569939394,59.09369608
2026-01-08 08:10:00+00:00,585.2707071,50.83090909,30.29085714,20.17733333,22.88,9.818740829,-0.4,60.16309524
2026-01-08 08:15:00+00:00,632.617381,51.14894958,30.07328289,20.2,22.8,10.14019489,-0.43,59.22943481
2026-01-08 08:20:00+00:00,782.5714286,86.70399649,30.34413462,20.35270531,22.865,10.65050725,-0.531373737,58.21142512
2026-01-08 08:25:00+00:00,855.3366162,147.4913911,30.43130556,20.4,22.95,12.61044639,-0.438,57.98203704
2026-01-08 08:30:00+00:00,795.4402597,136.5873626,30.33972689,20.61094286,23.16,13.68738608,-0.42825641,57.80852967
2026-01-08 08:35:00+00:00,786.2,112.9571429,30.022975,20.62428571,23.2,13.63438095,-0.171111111,58.05
2026-01-08 08:40:00+00:00,780.327381,101.393315,29.92791667,20.70576923,23.17142857,13.09623793,0.082125,57.57538462
2026-01-08 08:45:00+00:00,730.36,76.7513986,29.74866667,20.76240803,23.05666667,13.320117,0.106514286,57.98039707
2026-01-08 08:50:00+00:00,691.725,51.37222222,29.9376,20.70074074,22.95,12.59817446,-0.091428571,57.95128205
2026-01-08 08:55:00+00:00,709.8363636,51.12205882,30.18731818,20.77119617,22.93857143,13.33166667,-0.02,57.72380952
2026-01-08 09:00:00+00:00,759.5777778,85.68042105,30.04088889,20.86088889,22.976,15.01583158,0.008222222,57.23447552
2026-01-08 09:05:00+00:00,808.06,137.1081081,29.67,20.88108108,22.8875,16.43352632,0.2,57.87787579
2026-01-08 09:10:00+00:00,818.2174603,130.6888889,29.741975,20.98828283,22.8,15.80978947,0.136,56.876
2026-01-08 09:15:00+00:00,827.4847619,136.3506466,29.9,21.01130794,22.8,16.66557215,0.109200855,57.59113521
2026-01-08 09:20:00+00:00,820.472617,134.1207733,29.90472727,21.03496981,22.8,16.67216387,0.084982601,57.85761996
2026-01-08 09:25:00+00:00,812.583609,126.8981999,29.90414632,21.00266272,22.83333333,17.55008666,0.079616013,57.7433013
2026-01-08 09:30:00+00:00,751.6160714,90.13636364,29.844125,20.85692641,23,20.45745671,0.124166667,57.65974026
2026-01-08 09:35:00+00:00,704.3312821,62.19925558,29.96925641,20.80153846,23.08333333,21.56368661,0.049227273,57.9298668
2026-01-08 09:40:00+00:00,657.3636364,49.88554113,29.87194231,20.8,23.17933333,28.21503968,-0.052769231,57.73540404
2026-01-08 09:45:00+00:00,636.9190909,48.76168831,29.88566667,20.8,23.12933333,26.9186873,-0.08,57.37293487
2026-01-08 09:50:00+00:00,609.2742857,49.18461538,30.01142857,20.76937063,23,24.13437879,0,57.96811189
2026-01-08 09:55:00+00:00,592.8063492,48.13777778,30.02138636,20.7,23,27.9920765,-0.030555556,57.47495056
2026-01-08 10:00:00+00:00,585.6464646,50.53872906,30.03681119,20.7,22.988,32.20779535,-0.036071429,57.65113613
2026-01-08 10:05:00+00:00,584.8914286,51.24,30.09178409,20.72027273,22.908,34.58080952,-0.051428571,56.3269697
2026-01-08 10:10:00+00:00,603.1212121,48.75428571,30.22466667,20.7895,22.835,33.79807909,-0.129333333,57.69092593
2026-01-08 10:15:00+00:00,618.2166667,46.95555556,29.90113636,20.8,22.9,30.8166,0.0405,58.15642857
2026-01-08 10:20:00+00:00,607.4444444,48.20883117,29.9505641,20.8,23.09,26.88622222,0.225,57.52888889
2026-01-08 10:25:00+00:00,597.5639881,47.71401515,29.76724163,20.8,23.20833333,30.14226339,0.144230769,57.47647569
2026-01-08 10:30:00+00:00,586.9931818,47.23157895,29.96795238,20.8,23.32666667,32.50544012,0.2157,56.69309524
2026-01-08 10:35:00+00:00,573.87,50.14072727,29.81629167,20.78318182,23.22,33.74308836,0.16,57.59095238
2026-01-08 10:40:00+00:00,560.2989899,48.98601399,29.84239316,20.69642857,23.04,42.5550028,0.061916667,58.42133333
2026-01-08 10:45:00+00:00,559.3412698,48.29058824,29.35415556,20.62623323,22.84,39.518175,0.066428571,58.36666667
2026-01-08 10:50:00+00:00,556.3721789,48.92675381,29.57359254,20.68815518,22.84571429,38.48075967,0.152777778,58.28218216
2026-01-08 10:55:00+00:00,549.84,48.70333333,29.63466667,20.7,22.98,36.158,0.659,57.21666667
2026-01-08 11:00:00+00:00,555.6452381,48.77168322,29.80256944,20.71075,23.08,35.92030769,0.3872,57.65904762
2026-01-08 11:05:00+00:00,613.1920635,50.11363636,29.62061905,20.79142857,23.1,41.5299796,0.467507937,57.48029221
2026-01-08 11:10:00+00:00,654.4388889,50.025,29.81685714,20.83225,23.165,54.65701667,0.331428571,57.82866667
2026-01-08 11:15:00+00:00,710.26,53.49777778,30.01504545,21.112,23.05466667,59.50727778,-0.009761905,59.49413534
2026-01-08 11:20:00+00:00,751.75,77.6,29.83,21.19,22.86875,65.54795455,0.3125,58.19538462
2026-01-08 11:25:00+00:00,753.8363636,87.3952381,29.99092308,21.10753247,22.8,69.41801515,0.061904762,57.97683983
2026-01-08 11:30:00+00:00,745.0363636,68.38074074,30.07608333,21.2,22.8,70.2472,0.18,56.295
2026-01-08 11:35:00+00:00,731.885,71.52727273,29.6144,21.2,22.86666667,57.44480952,0.24,55.24509091
2026-01-08 11:40:00+00:00,716.5177778,65,29.30679699,21.28343186,22.93066667,56.97119524,0.522218781,55.97666667
2026-01-08 11:45:00+00:00,707.7606061,63.80632411,29.78006667,21.3,23.04,61.14898551,0.14,57.93215152
2026-01-08 11:50:00+00:00,720.3214286,61.74,29.9185,21.30666667,23.08,38.45216667,0.11775,57.92954248
2026-01-08 11:55:00+00:00,724.5771429,60.70887008,29.97045714,21.38906883,23,42.97392918,0.072,58.92135043
2026-01-08 12:00:00+00:00,732.84,67.25142857,29.9004,21.4,23,55.94461468,0.266666667,59.45332774
2026-01-08 12:05:00+00:00,798.4214286,99.68820513,29.97083333,21.40461538,23.025,52.00538889,0.1725,57.72403509
2026-01-08 12:10:00+00:00,702.2603175,88.24596273,29.72142857,21.49745819,23.12,49.52976667,0.233333333,57.81664717
2026-01-08 12:15:00+00:00,703.2333333,53.76923077,29.24525,21.50363636,23.2,54.72503333,0.330222222,58.564
2026-01-08 12:20:00+00:00,711.3618697,60.80808081,29.52761458,21.5,23.16,53.56366162,0.216666667,57.51363636
2026-01-08 12:25:00+00:00,712,61,29.49,21.5,23.00571429,45.2359037,0.44,57.14357143
2026-01-08 12:30:00+00:00,712,61,29.49,21.5,23,40.9345,0.1125,57.14337931
2026-01-08 12:35:00+00:00,695.2539683,52.61428571,29.96894545,21.42,22.89666667,34.6815873,-0.398666667,57.31101215
2026-01-08 12:40:00+00:00,699.4411477,66.01694236,29.64640049,21.45115385,22.81666667,30.86398872,0.012,56.77474359
2026-01-08 12:45:00+00:00,700.8613636,54.54111111,29.91431154,21.5,22.8,27.96311111,0.121205905,57.72783069
2026-01-08 12:50:00+00:00,715.8920635,49.36889632,29.96504762,21.5,22.85738095,27.71496469,0.114,58.65654979
2026-01-08 12:55:00+00:00,683.4171429,49.59818296,29.78295,21.59353987,22.99,26.57617857,0.253371429,58.68160535
2026-01-08 13:00:00+00:00,698.9583333,49.84545455,30.25066667,21.6,23.1,22.8262697,-0.356,56.91254545
2026-01-08 13:05:00+00:00,705,50,30.3,21.6,23.19666667,24.1679,-0.292,58.85509091
2026-01-08 13:10:00+00:00,670.1986928,48.12923538,29.90916409,21.33097451,23.132,23.56008794,0.007142857,58.8376012
2026-01-08 13:15:00+00:00,618.3377976,47.62938596,30.1471875,21.1036451,23,24.92666667,-0.014642857,57.18181818
2026-01-08 13:20:00+00:00,592.4452381,48.37333333,30.33630952,21.04269697,22.92,26.39394758,-0.382777778,57.43621212
2026-01-08 13:25:00+00:00,565.5333333,47.6030303,30.08991453,21,22.98,22.3813511,-0.018,58.57038065
2026-01-08 13:30:00+00:00,538.6833333,46.62151515,29.72142857,20.93809091,23.066,23.49682727,0.140666667,58.59638182
2026-01-08 13:35:00+00:00,595.8666667,47.57301587,29.98754412,20.96727273,23.1,25.33930379,0.08,57.68560606
2026-01-08 13:40:00+00:00,674.8566667,48.76,30.01127009,21.13777778,23.1,26.22696825,-0.358555556,57.15650794
2026-01-08 13:45:00+00:00,725.7837607,62.38068182,30.03786667,21.4,23.036,19.24789899,0.1015,58.23563636
2026-01-08 13:50:00+00:00,737,68,30.2,21.5,23,15.57427778,0.258464286,57.768
2026-01-08 13:55:00+00:00,736.6222222,71.07955556,30.08,21.50966545,23,14.93628462,0.37,57.95461538
2026-01-08 14:00:00+00:00,746.6904762,87.6431562,30.08205952,21.54181409,23,12.802,0.2126,57.89183208
2026-01-08 14:05:00+00:00,691.5828571,77.79820831,29.96752381,21.38182909,23,10.46260385,0.136,57.77834602
2026-01-08 14:10:00+00:00,651.3,53.47488038,29.61557692,21.25899123,22.975,9.656436404,0.358333333,57.91136364
2026-01-08 14:15:00+00:00,636.4688889,48.54458874,29.4410101,21.2,22.9,8.804614605,0.4,57.84116883
2026-01-08 14:20:00+00:00,618.4135714,47.96164624,29.73797727,21.166,22.9,6.858865591,0.35,57.01340199
2026-01-08 14:25:00+00:00,603.4,48.78125,29.74,21.07483871,22.92,5.010047619,0.3052,56.47107527
2026-01-08 14:30:00+00:00,579.0809524,48.4,29.91736111,21,23,4.850388889,0.253611111,58.01257143
2026-01-08 14:35:00+00:00,565.0142857,49.19238095,29.81465079,21,23,4.99954272,0.188732601,57.67
2026-01-08 14:40:00+00:00,559.532549,49.06944787,29.8215438,21,23.008,4.66775581,0.145507937,57.73665622
2026-01-08 14:45:00+00:00,551.8309524,48.22222222,29.83308235,20.95287879,23.168,3.410522589,0.2488,58.20931078
2026-01-08 14:50:00+00:00,543.5795455,48.76937799,29.60302564,20.9,23.16666667,2.855692308,0.38,57.72245614
2026-01-08 14:55:00+00:00,547.4342857,50.1924311,29.58964881,20.94666667,23.09333333,2.282673797,0.148,57.66636364
2026-01-08 15:00:00+00:00,569.2888889,50.77541169,29.85545455,21.05467041,22.99,1.582059829,0.1476,56.62860071
2026-01-08 15:05:00+00:00,625.3076923,50.5952381,29.98771307,21.24204545,22.9,0.97287594,0.05,58.05715909
2026-01-08 15:10:00+00:00,658.4881818,49.78768315,30.02203008,21.34931136,22.832,0.70469246,0.048464286,57.89990756
2026-01-08 15:15:00+00:00,666.0522145,50.01617582,30.17918824,21.31850557,22.8,0.469629304,-0.068085959,58.53412587
2026-01-08 15:20:00+00:00,676.5416084,50.27164649,30.17611667,21.37146786,22.98666667,0.258048906,-0.069171717,58.90209286
2026-01-08 15:25:00+00:00,687.3359091,50.12210526,30.17394444,21.40526316,23.2,0.043230769,-0.005,57.67461538
2026-01-08 15:30:00+00:00,688.0563492,50.36958621,30.24295112,21.44664502,23.06666667,0,-0.12,58.98095238
2026-01-08 15:35:00+00:00,687.5777778,50.61428571,29.68996104,21.37047619,22.84,0,-0.099,58.29906355
2026-01-08 15:40:00+00:00,661.2725,50.75238095,29.82995671,21.27862069,22.8,0,0.148,57.57151876
2026-01-08 15:45:00+00:00,623.2363636,49.8998358,29.98266667,21.18993939,23,0,0.013777778,58.67666667
2026-01-08 15:50:00+00:00,585.0222222,49.06666667,29.95935,21.1,23,0,0.256333333,58.49728433
2026-01-08 15:55:00+00:00,577.9636364,49.27,29.97818182,21.11538462,23,0,-0.048444444,57.10076555
2026-01-08 16:00:00+00:00,641,52.17045455,29.9,21.21590909,23,0,-0.08,57.61136364
2026-01-08 16:05:00+00:00,771.6,97.69490509,13.7415,21.51454545,23.26,0,-0.11,58.50484515
2026-01-08 16:10:00+00:00,793.3272727,105.9789474,0.504230769,21.60736842,23.695,0,0.048769231,59.85033493
2026-01-08 16:15:00+00:00,807.2285714,123.0818182,0,21.68666667,23.35333333,0,-0.069111111,56.885
2026-01-08 16:20:00+00:00,818.9142857,136.2,0,21.62769231,22.74,0,-0.27,58.32957265
2026-01-08 16:25:00+00:00,799.44,111.9636364,0,21.815,22.432,0,-0.37,57.98151515
2026-01-08 16:30:00+00:00,812.7420728,125.8089413,0,21.88979289,22.43333333,0,-0.135555556,57.75775132
2026-01-08 16:35:00+00:00,846.2222222,143.9353036,0,21.9,23.02,0,-0.215714286,57.98105495
2026-01-08 16:40:00+00:00,820.7527273,127.9524848,0,21.82006349,23.244,0,-0.440795455,58.07454479
2026-01-08 16:45:00+00:00,812.425,121.3854545,0,21.96526316,23.32171429,0,-0.284145299,58.10947368
2026-01-08 16:50:00+00:00,816,137.3059627,0,21.99304348,23.04,0,-0.216666667,58.61130435
2026-01-08 16:55:00+00:00,831,129.375,0,21.91209677,22.725,0,0.2375,58.88373562
2026-01-08 17:00:00+00:00,844.8226496,149.7619048,0,22.06952381,22.5425,0,-0.0475,59.0667619
2026-01-08 17:05:00+00:00,840.2386364,149.1287879,0,22.1,22.78,0,0.529,58.715
2026-01-08 17:10:00+00:00,661.2311111,56.92888889,0,21.64216667,23.18,0,0.021666667,58.912
2026-01-08 17:15:00+00:00,599.08,50.58787879,0,21.50507246,23.484,0,0.098,58.84923077
2026-01-08 17:20:00+00:00,565.7666667,50.82780749,0,21.41529412,22.80285714,0,0.184666667,58.93575
2026-01-08 17:25:00+00:00,540.6391775,50.22300195,0,21.20867857,16.5,0,0.514482518,59
2026-01-08 17:30:00+00:00,526,50.8,0,21.2,22.16444444,0,0.8018,56.16212121
2026-01-08 17:35:00+00:00,526,51,0,21.18846154,22.82222222,0,0.809,54.8
2026-01-08 17:40:00+00:00,502,49,0,21,27.3,0,1.1075,58.19542857
2026-01-08 17:45:00+00:00,495.6208333,50.32105263,0,21,23.30571429,0,0.54845,60.72132734
2026-01-08 17:50:00+00:00,488.6727273,50.36060606,0,21,20.83333333,0,0.118863248,59.0597973
2026-01-08 17:55:00+00:00,478,50.09340659,0,20.91,20.4,0,0.415972222,55.32708333
2026-01-08 18:00:00+00:00,475.5384615,49.94534413,0,20.9,23.775,0,0.250727273,55.30761905
2026-01-08 18:05:00+00:00,469,50,0,20.9,25.38,0,0.5,58.18333333
2026-01-08 18:10:00+00:00,471.1,49.32727273,0,20.9,24.84666667,0,0.741636364,60.36439394
2026-01-08 18:15:00+00:00,472,49,0,20.9,22.78,0,0.762833333,59.67627855
2026-01-08 18:20:00+00:00,472.6,49.55794931,0,20.9,21.17333333,0,0.247111111,57.69344928
2026-01-08 18:25:00+00:00,474.225,50,0,20.9,21.38,0,0.782793651,57.53863711
2026-01-08 18:30:00+00:00,473.76,50.66666667,0,20.83304348,24.04,0,0.766,55.26834913
2026-01-08 18:35:00+00:00,475.8666667,50.85,0,20.8,24.704,0,0.76,56.70433333
2026-01-08 18:40:00+00:00,479.6613636,50.46185185,0,20.8,24.06,0,0.720857143,58.13404762
2026-01-08 18:45:00+00:00,478.0590909,49.23,0,20.8,22.50666667,0,0.7246,58.66287273
2026-01-08 18:50:00+00:00,474.5288462,49.277811,0,20.725,21.575,0,1,57.48229167
2026-01-08 18:55:00+00:00,469.2666667,49.12025652,0,20.7,21.84,0,0.973307692,56.9240646
2026-01-08 19:00:00+00:00,460.0747475,49.62672065,0,20.7,23.236,0,1.051952381,56.02
2026-01-08 19:05:00+00:00,454.1936064,50.68566659,0,20.7,24.02514286,0,0.446809524,48.42956113
2026-01-08 19:10:00+00:00,449.8302448,50.76746929,0,20.7,23.80666667,0,0.377666667,44.1304566
2026-01-08 19:15:00+00:00,448.2919118,50.73882353,0,20.67388235,22.872,0,0.6215,49.14422389
2026-01-08 19:20:00+00:00,444.7333333,50.41212121,0,20.6,21.36833333,0,0.050444444,53.063875
2026-01-08 19:25:00+00:00,442.5333333,50.5,0,20.6,21.835,0,0.226444444,55.1897961
2026-01-08 19:30:00+00:00,441.4857143,50.18690127,0,20.6,23.169,0,-0.096,56.2630721
2026-01-08 19:35:00+00:00,440.3975,50.34049232,0,20.56153846,24.309,0,0.069017157,58.3325138
2026-01-08 19:40:00+00:00,440,50,0,20.5,24.59333333,0,0.03825,60.96385965
2026-01-08 19:45:00+00:00,438.3645833,50.20454545,0,20.5,23.225,0,-0.47,62.45652174
2026-01-08 19:50:00+00:00,435.2958333,50.68787879,0,20.5,21.66571429,0,-0.668,60.81404762
2026-01-08 19:55:00+00:00,435.9512821,49.82608696,0,20.5,21.45666667,0,0.336,57.67589394
2026-01-08 20:00:00+00:00,436.2266667,38.2516129,0,20.5,22.7,0,0.616666667,57.97804147
2026-01-08 20:05:00+00:00,437.4,0,0,20.5,23,0,-1.055022222,57.30363636
2026-01-08 20:10:00+00:00,438.2,0,0,20.5,22.56,0,-1.78,58.08282457
2026-01-08 20:15:00+00:00,439,0,0,20.5,22.4,0,-1.761333333,59.71794231
2026-01-08 20:20:00+00:00,438.7818182,0,0,20.5,22.315,0,-1.73850303,58.59868631
2026-01-08 20:25:00+00:00,438.0767677,0,0,20.5,22.29333333,0,-1.636363636,58.27905263
2026-01-08 20:30:00+00:00,438.7341492,0,0,20.5,22.12190476,0,-1.69,58.862
2026-01-08 20:35:00+00:00,438.4464286,0,0,20.5,22.01666667,0,-1.715,59.18107023
2026-01-08 20:40:00+00:00,437.2285714,0,0,20.5,22,0,-1.526888889,58.86190909
2026-01-08 20:45:00+00:00,437.9972222,0,0,20.5,21.92,0,-1.700363636,58.73623077
2026-01-08 20:50:00+00:00,437.0833333,0,0,20.5,21.76457143,0,-1.966,56.06224599
2026-01-08 20:55:00+00:00,437.7546898,0,0,20.5,21.7,0,-1.512,52.45343434
2026-01-08 21:00:00+00:00,438.9386364,0,0,20.5,21.76666667,0,-1.57775,54.2397619
2026-01-08 21:05:00+00:00,438.7520879,0,0,20.49049689,21.64,0,-1.983584416,48.76167224
2026-01-08 21:10:00+00:00,437.3583333,0,0,20.47636364,21.53,0,-2.348222222,51.27232323
2026-01-08 21:15:00+00:00,437.7714286,0,0,20.4,21.41916667,0,-2.073633333,54.20428571
2026-01-08 21:20:00+00:00,436.4367677,0,0,20.4,21.24,0,-1.562,56.81720803
2026-01-08 21:25:00+00:00,437.7309091,0,0,20.4,21.07166667,0,-1.8832,59.32885281
2026-01-08 21:30:00+00:00,437.9076923,0,0,20.4,21.19,0,-1.855737374,61.0637193
2026-01-08 21:35:00+00:00,436.3571429,0,0,20.4,21.25666667,0,-1.94125,61.58153199
2026-01-08 21:40:00+00:00,437.787619,0,0,20.4,21.055,0,-2.464888889,61.79954545
2026-01-08 21:45:00+00:00,437.2,0,0,20.4,20.95,0,-1.954,61.63987879
2026-01-08 21:50:00+00:00,434.9333333,0,0,20.4,20.9,0,-1.647885714,61.506
2026-01-08 21:55:00+00:00,435,0,0,20.4,20.82678571,0,-2.11425,57.9477166
2026-01-08 22:00:00+00:00,436.2,0,0,20.4,20.54777778,0,-2.226269231,52.3498047
2026-01-08 22:05:00+00:00,436.9498039,0,0,20.4,20.456,0,-1.788659341,49.1406141
2026-01-08 22:10:00+00:00,436.1538462,0,0,20.4,20.592,0,-2.364571429,48.76015385
2026-01-08 22:15:00+00:00,436.0081513,0,0,20.392,20.542,0,-1.922,47.20469697
2026-01-08 22:20:00+00:00,436,0,0,20.3,20.57466667,0,-1.444,48.87454545
2026-01-08 22:25:00+00:00,435.9714286,0,0,20.3,20.46,0,-1.5344,52.82315789
2026-01-08 22:30:00+00:00,435.8782468,0,0,20.3,20.4,0,-1.869076923,55.83333333
2026-01-08 22:35:00+00:00,435.1428571,0,0,20.3,20.3,0,-1.41975,58.27927273
2026-01-08 22:40:00+00:00,435.5769231,0,0,20.3,20.4,0,-1.701,59.71527885
2026-01-08 22:45:00+00:00,435.24,0,0,20.3,20.27,0,-1.687967033,61.21769963
2026-01-08 22:50:00+00:00,434.16,0,0,20.3,20.2,0,-1.8406,61.74630769
2026-01-08 22:55:00+00:00,434,0,0,20.3,20.2,0,-1.8408,61.14175608
2026-01-08 23:00:00+00:00,434,0,0,20.3,20.11,0,-2.012666667,61.30857143
2026-01-08 23:05:00+00:00,434.9977591,0,0,20.3,19.812,0,-1.733234199,61.4098894
2026-01-08 23:10:00+00:00,435.3142857,0,0,20.3,19.88333333,0,-1.46775,61.49593074
2026-01-08 23:15:00+00:00,432.999026,0,0,20.3,19.9,0,-1.840028571,53.48498873
2026-01-08 23:20:00+00:00,432.965368,0,0,20.3,19.9,0,-2.406,51.3978688
2026-01-08 23:25:00+00:00,434,0,0,20.3,19.83333333,0,-2.335625,53.29839744
2026-01-08 23:30:00+00:00,435.1464286,0,0,20.3,19.8,0,-1.418190476,48.38611389
2026-01-08 23:35:00+00:00,434.2,0,0,20.3,19.8,0,-1.466166667,51.0869697
2026-01-08 23:40:00+00:00,433.675,0,0,20.3,19.73,0,-1.857,54.09211765
2026-01-08 23:45:00+00:00,433.2,0,0,20.3,19.7,0,-1.996142857,57.155
2026-01-08 23:50:00+00:00,433.5178571,0,0,20.3,19.63333333,0,-1.684666667,59.1354961
2026-01-08 23:55:00+00:00,432.6222222,0,0,20.3,19.6,0,-1.708,60.19734636
2026-01-09 00:00:00+00:00,432.0666667,0,0,20.3,19.6,0,-1.608571429,61.53619048
2026-01-09 00:05:00+00:00,432.3985714,0,0,20.3,19.56,0,-1.97,61.7240404
2026-01-09 00:10:00+00:00,434.38,0,0,20.3,19.47342857,0,-1.796111111,61.77160707
2026-01-09 00:15:00+00:00,432.7269841,0,0,20.3,19.4,0,-1.86584127,61.56681818
2026-01-09 00:20:00+00:00,432,0,0,20.3,19.35396825,0,-1.8975,60.2610119
2026-01-09 00:25:00+00:00,431.4515837,0,0,20.3,19.3,0,-1.544312843,57.07780538
2026-01-09 00:30:00+00:00,430.4,0,0,20.3,19.3,0,-1.277916667,57.73633333
2026-01-09 00:35:00+00:00,430.8,0,0,20.3,19.3,0,-1.234261905,58.4822963
2026-01-09 00:40:00+00:00,430,0,0,20.25862069,19.3,0,-1.293581319,55.63065303
2026-01-09 00:45:00+00:00,430,0,0,20.252,19.22,0,-1.432476191,51.67685714
2026-01-09 00:50:00+00:00,430.44,0,0,20.3,19.1,0,-1.041,51.4
2026-01-09 00:55:00+00:00,430.55,0,0,20.3,19.06,0,-1.0975,49.17566667
2026-01-09 01:00:00+00:00,429.6,0,0,20.3,19,0,-1.077474748,47.04701818
2026-01-09 01:05:00+00:00,429.975,0,0,20.25,19,0,-1.33,48.55983333
2026-01-09 01:10:00+00:00,430.8253968,0,0,20.2,18.99095238,0,-1.191411111,52.41039474
2026-01-09 01:15:00+00:00,430.2583634,0,0,20.2,18.94910714,0,-1.426439394,54.47967389
2026-01-09 01:20:00+00:00,429.96,0,0,20.2,18.9,0,-1.45865,57.37833333
2026-01-09 01:25:00+00:00,429.9191919,0,0,20.2,18.9,0,-1.047583333,58.66567359
2026-01-09 01:30:00+00:00,429.5714286,0,0,20.2,18.9,0,-1.099111111,60.53434698
2026-01-09 01:35:00+00:00,428,0,0,20.2,18.9,0,-1.280571429,61.84453416
2026-01-09 01:40:00+00:00,428.9257143,0,0,20.2,18.9,0,-0.89225,62.16517148
2026-01-09 01:45:00+00:00,430.5861616,0,0,20.2,18.9,0,-0.8076,62.07451208
2026-01-09 01:50:00+00:00,430.5438828,0,0,20.2,18.9,0,-1.138561039,59.21343552
2026-01-09 01:55:00+00:00,430.4861111,0,0,20.2,18.9,0,-1.83075,58.60018182
2026-01-09 02:00:00+00:00,430.046875,0,0,20.2,18.9,0,-1.583896104,56.9328125
2026-01-09 02:05:00+00:00,429.9085859,0,0,20.2,18.844,0,-1.445,58.21732794
2026-01-09 02:10:00+00:00,430,0,0,20.2,18.8,0,-0.804551282,57.88014352
2026-01-09 02:15:00+00:00,430.65,0,0,20.2,18.8,0,-0.810666667,58.4446139
2026-01-09 02:20:00+00:00,431,0,0,20.2,18.8,0,-0.3936,59.23655012
2026-01-09 02:25:00+00:00,431,0,0,20.2,18.8,0,-0.4059,58.87730706
2026-01-09 02:30:00+00:00,430.7818182,0,0,20.2,18.8,0,-1.626581818,59.30474359
2026-01-09 02:35:00+00:00,429.9818182,0,0,20.2,18.84666667,0,-1.3255,58.85174825
2026-01-09 02:40:00+00:00,429.9418182,0,0,20.2,18.9,0,-1.03375,58.17820893
2026-01-09 02:45:00+00:00,428.9230769,0,0,20.2,18.9,0,-1.006,57.77950311
2026-01-09 02:50:00+00:00,427.98,0,0,20.2,18.83333333,0,-0.956,57.812
2026-01-09 02:55:00+00:00,427.1730769,0,0,20.2,18.8,0,-1.003333333,58.00516304
2026-01-09 03:00:00+00:00,428.4338462,0,0,20.2,18.73333333,0,-0.486142857,56.82898396
2026-01-09 03:05:00+00:00,426.8787879,0,0,20.2,18.6,0,-0.21,56.48739394
2026-01-09 03:10:00+00:00,427,0,0,20.2,18.6,0,-0.342311111,57.54019704
2026-01-09 03:15:00+00:00,427.6444444,0,0,20.2,18.6,0,-0.359314286,57.95795951
2026-01-09 03:20:00+00:00,428.7222222,0,0,20.2,18.57428571,0,-0.238,58.25781693
2026-01-09 03:25:00+00:00,427.375,0,0,20.2,18.5,0,-0.297222222,57.7865035
2026-01-09 03:30:00+00:00,426.98,0,0,20.2,18.47666667,0,-0.9592,58.19036464
2026-01-09 03:35:00+00:00,426.6857143,0,0,20.2,18.4,0,-0.380727273,58.43684211
2026-01-09 03:40:00+00:00,427.7833333,0,0,20.2,18.4,0,-0.435,58.40032906
2026-01-09 03:45:00+00:00,426.75,0,0,20.2,18.4,0,-0.047666667,58.47883117
2026-01-09 03:50:00+00:00,426.6597222,0,0,20.2,18.4,0,-0.198928571,57.97742857
2026-01-09 03:55:00+00:00,428.4264146,0,0,20.15398148,18.4,0,-0.3729,57.84824074
2026-01-09 04:00:00+00:00,431.8,0,0,20.1,18.3,0,-0.244771429,57.91833333
2026-01-09 04:05:00+00:00,430.7733333,0,0,20.1,18.3,0,-0.170153846,57.99208333
2026-01-09 04:10:00+00:00,427.4666667,36.70160428,0,20.04929293,17.50666667,0,-0.21475,57.615
2026-01-09 04:15:00+00:00,422.8861111,48.24,0,20,20.54285714,0,2.227285714,56.15466667
2026-01-09 04:20:00+00:00,423.44,48.86153846,0,20,25.245,0,2.304230159,55.4226738
2026-01-09 04:25:00+00:00,423.9671827,49.36457143,0,20,27.23333333,0,2.304642857,56.24039318
2026-01-09 04:30:00+00:00,423.12,50.09469697,0,20,24.60266667,0,2.06,55.46621212
2026-01-09 04:35:00+00:00,422,50,0,20,22.12,0,1.525714286,56.33541176
2026-01-09 04:40:00+00:00,424.7589744,50.5225,0,20,19.78583333,0,1.337538461,56.1
2026-01-09 04:45:00+00:00,425.4833333,50.45833333,0,20,21.62,0,1.294010989,56.41923077
2026-01-09 04:50:00+00:00,426.6533333,49.6608658,0,20,25.15,0,1.218666667,57.36146739
2026-01-09 04:55:00+00:00,427.2,49.09047619,0,20,25.84,0,1.544,57.48782609
2026-01-09 05:00:00+00:00,427.0333333,49.52384615,0,20,24.06,0,1.531142857,55.841
2026-01-09 05:05:00+00:00,428.4285714,49.5875,0,19.95875,21.7,0,1.688015873,55.71472125
2026-01-09 05:10:00+00:00,428.4424242,49.02447552,0,19.9,20.43833333,0,1.630444444,55.60761905
2026-01-09 05:15:00+00:00,428.0888889,48.9,0,19.9,22.74857143,0,1.55,55.9
2026-01-09 05:20:00+00:00,427.15,49.01764706,0,19.9,24.74,0,1.6905,56.18625
2026-01-09 05:25:00+00:00,427.25,49,0,19.9,24.94,0,1.799428571,56.78880383
2026-01-09 05:30:00+00:00,428,49.6,0,19.9,22.84,0,2.149285714,56.05
2026-01-09 05:35:00+00:00,428.6857143,49.35,0,19.9,21.08,0,2.146333333,55.49004926
2026-01-09 05:40:00+00:00,428.2285354,48.91866029,0,19.84318182,21.31666667,0,1.86125,55.52954545
2026-01-09 05:45:00+00:00,427.8,48.98084168,0,19.8,22.66833333,0,1.787590909,55.99135135
2026-01-09 05:50:00+00:00,427.8,48.51341991,0,19.8,24.15,0,1.708,56.9200391
2026-01-09 05:55:00+00:00,427.6555556,47.69272727,0,19.8,24.58,0,1.881833333,56.90257343
2026-01-09 06:00:00+00:00,428.3826923,49.21929825,0,19.8,23.16,0,1.741111111,56.12073684
2026-01-09 06:05:00+00:00,427.7977941,48.56746032,0,19.8,22.20666667,0,1.831965812,55.37528736
2026-01-09 06:10:00+00:00,427.1851852,49,0,19.8,22.23333333,0,2.1,54.8
2026-01-09 06:15:00+00:00,427.352381,48.72380952,0,19.8,22.715,0,2.18,55.42385965
2026-01-09 06:20:00+00:00,434.0666667,48.2,0,19.76095238,23.63266667,0,2.031428571,56.92013468
2026-01-09 06:25:00+00:00,446.9179487,49.33468013,0,19.73470529,23.8,0,1.996190476,56.73950725
2026-01-09 06:30:00+00:00,471.6006593,49.27584767,13.99333333,19.79119155,23.62,0,2.082857143,56.32456152
2026-01-09 06:35:00+00:00,497.0823529,48.2,27.9624,19.8,22.94,0,2.0545,56.75917416
2026-01-09 06:40:00+00:00,480.0133929,49,27.91798611,19.83888889,22.7,0,2.2,56.32435606
2026-01-09 06:45:00+00:00,477.6861111,47.88838384,27.96536667,19.9,22.7,0,2.111428571,56.49666667
2026-01-09 06:50:00+00:00,470,50.79428571,28.02,19.9,23.0625,0,1.96875,55.07498004
2026-01-09 06:55:00+00:00,464.3785714,49.15333333,28.22149206,19.9,23.1,0,1.806,58.072
2026-01-09 07:00:00+00:00,460.775,49.82727273,28.37191111,19.9,23.1,0,1.766,55.58333333
2026-01-09 07:05:00+00:00,459.3142857,50.12380952,28.44456566,19.9,22.94,0.045454546,1.7,56.539
2026-01-09 07:10:00+00:00,457.2866667,48.27636364,28.58261538,19.922,22.9,0.1,1.4,56.598
2026-01-09 07:15:00+00:00,458.5512821,50.14716117,28.5119011,19.99191919,22.96666667,0.2225,1.386,56.33804906
2026-01-09 07:20:00+00:00,458.7538462,49.28,28.46874725,20,23.27,0.394666667,1.5035,56.17294737
2026-01-09 07:25:00+00:00,459.9685714,50.82,28.57804444,20,23.22,0.472,1.522285714,56.56555556
2026-01-09 07:30:00+00:00,468.1238095,49.90733652,28.50543333,20,22.96,0.965,1.456333333,56.36090909
2026-01-09 07:35:00+00:00,471,49.90661248,28.52971402,20,22.84166667,1.401428571,1.482083333,55.6499183
2026-01-09 07:40:00+00:00,476.9111111,49.3,28.67733333,20,22.76,1.644222222,1.405333333,56.15539216
2026-01-09 07:45:00+00:00,476.0909091,48.35,28.473,20,22.92,2.305644737,1.621190476,56.36961792
2026-01-09 07:50:00+00:00,474.8,51.43736264,28.12142857,20,23.0125,2.997412281,1.761357143,56.21643478
2026-01-09 07:55:00+00:00,473.27,50.21127273,28.33630769,20,23.175,4.238357143,1.74,57.11830769
2026-01-09 08:00:00+00:00,473,49.03675464,28.4,20,23.11,6.193889943,1.563076923,57.06338748
2026-01-09 08:05:00+00:00,515.8342857,47.44051948,28.72355,20.01272727,22.89666667,7.380771429,1.3124,56.48219708
2026-01-09 08:10:00+00:00,665.2727273,47.1030303,28.22939394,20.10071429,22.7,7.99225974,1.871333333,56.28564103
2026-01-09 08:15:00+00:00,684.3714286,47.5,28.39111111,20.2,22.78,10.74613955,1.846,55.63154545
2026-01-09 08:20:00+00:00,694.8909091,53.64543611,28.13594406,20.204,22.94,12.56945541,1.69925,55.61529412
2026-01-09 08:25:00+00:00,697.3166667,50.3754386,28.49076923,20.302,23.06,13.62262308,1.582857143,57.24433333
2026-01-09 08:30:00+00:00,704.0923611,72.08163532,28.29159722,20.4,23.1,18.01378396,1.781604167,57.58782609
2026-01-09 08:35:00+00:00,700.8974359,64.666328,28.30487143,20.4,23.1,19.50467026,1.799155012,56.74553563
2026-01-09 08:40:00+00:00,705.6166667,62.98076923,28.26314286,20.4,23.1,20.52836131,1.657142857,57.31759197
2026-01-09 08:45:00+00:00,701.6688811,53.35604396,28.4015929,20.48266667,23.1,22.92166683,1.603324675,56.79166667
2026-01-09 08:50:00+00:00,704.4153846,56.26573427,28.33466667,20.66444444,23.1,26.17904212,1.608,55.74857143
2026-01-09 08:55:00+00:00,711.9600794,67.70982628,28.22199104,20.6240626,23.1,29.41666014,1.643353175,55.88718615
2026-01-09 09:00:00+00:00,694.2285714,52.96666667,28.36675325,20.78461538,23.09555556,29.78844298,1.726,55.60455128
2026-01-09 09:05:00+00:00,637.4,50.34428152,28.28,20.63741935,22.91555556,29.15204719,1.662,55.80158358
2026-01-09 09:10:00+00:00,592.2342857,48.46,28.43446667,20.6,22.79714286,30.7258,1.717142857,56.51363636
2026-01-09 09:15:00+00:00,573.2,49.19568966,28.62,20.6,22.74428571,30.87746839,1.686666667,56.33563158
2026-01-09 09:20:00+00:00,561.125,49.90444444,28.56017857,20.6,22.8325,30.46710908,1.510833333,55.72940034
2026-01-09 09:25:00+00:00,550.6392857,49.88333333,28.251,20.6,23.08666667,32.57164773,1.505190476,56.11040724
2026-01-09 09:30:00+00:00,541.5076923,48.21203008,28.508,20.6,23.1,34.50010128,1.408333333,56.9920521
2026-01-09 09:35:00+00:00,538,48.4757764,28.49444444,20.6,23.1,33.63126724,1.633095238,57.38311118
2026-01-09 09:40:00+00:00,548.6162338,48.75874126,28.17088675,20.6,23.02,34.96423776,1.804672222,56.17712381
2026-01-09 09:45:00+00:00,552.2,47.51666667,28.21087424,20.6,23.075,39.48016667,1.828,56.50877193
2026-01-09 09:50:00+00:00,543.6295455,48.45,28.34516667,20.6,23.1,45.34636713,1.617761905,57.16769231
2026-01-09 09:55:00+00:00,543,49.46515152,28.37449351,20.6,23.1,49.0226,1.5765,55.95558528
2026-01-09 10:00:00+00:00,537.6956044,50,28.1172549,20.6,23.1,48.06350925,1.8068,55.94892857
2026-01-09 10:05:00+00:00,536.5238095,50.52600733,28.15277778,20.6,23.1,52.76798408,1.840285714,56.10104948
2026-01-09 10:10:00+00:00,580.1666667,50.3,28.23885714,20.6,22.94,59.09779524,1.796571429,56.20518519
2026-01-09 10:15:00+00:00,588,50,28.2,20.6,22.88333333,62.21643049,1.759444444,56.12517972
2026-01-09 10:20:00+00:00,584.8222222,49.98333333,28.30134722,20.6,22.81333333,66.65479798,1.616777778,57.10878788
2026-01-09 10:25:00+00:00,576.9333333,50.24615385,28.30727198,20.6,22.84,69.11081579,1.806545455,57.9604386
2026-01-09 10:30:00+00:00,594.2,51.03333333,28.29519048,20.64333333,23.02,73.01083267,1.198571429,57.40618357
2026-01-09 10:35:00+00:00,594.0694444,50.7,28.4348,20.6,23.16,76.56124444,1.491174603,55.77128205
2026-01-09 10:40:00+00:00,574.91,50.26947368,28.36006667,20.5,23.25266667,78.67737143,1.756195455,56.36658009
2026-01-09 10:45:00+00:00,555.2222222,48.71578947,28.132,20.5,23.22,80.03637321,1.83475,56.23263158
2026-01-09 10:50:00+00:00,538.6,48.43144016,28.04,20.5,23.1,76.08783036,1.94,56.4627248
2026-01-09 10:55:00+00:00,544.3111111,49.63809524,28.26357576,20.5347619,23.029,77.71533636,1.5352,56.38528571
2026-01-09 11:00:00+00:00,588.6785714,49.34242424,28.12312821,20.65262817,22.90733333,78.47758824,1.6442,56.07902637
2026-01-09 11:05:00+00:00,638.3848596,51.04,28.02641905,20.756,22.9,78.96745556,1.524626263,55.18809091
2026-01-09 11:10:00+00:00,680.1298701,57.99350649,28.12828125,20.85665584,22.9,80.18296584,1.811346154,55.53043478
2026-01-09 11:15:00+00:00,729.0412698,70.33846154,28.13969444,21.01538462,22.92,80.22081429,1.914,55.05701587
2026-01-09 11:20:00+00:00,739.7055556,78.91,28.01654701,21.07389474,23,76.9105,1.642583333,56.70107071
2026-01-09 11:25:00+00:00,714.7142857,68.24761905,28.04875,21.17272727,23,76.90130952,1.9896,55.39698997
2026-01-09 11:30:00+00:00,680.9368421,62.20915065,27.90307692,21.10908497,23.004,77.57031278,2.147527273,55.13574315
2026-01-09 11:35:00+00:00,744.8095694,79.5304208,28.18717172,21.2396337,23.08666667,75.02865041,1.854571429,56.57769231
2026-01-09 11:40:00+00:00,724,58.56887872,28.619,21.2,23.1,74.34667081,1.614,56.285
2026-01-09 11:45:00+00:00,706.5111111,66.26477733,28.541,21.22842105,23.06,71.42868803,1.404177778,57.30730159
2026-01-09 11:50:00+00:00,772.2,90.31,28.4273,21.38173913,22.9,66.67025263,1.414,56.68990476
2026-01-09 11:55:00+00:00,736.11,92.45906314,28.30235441,21.45942857,22.855,66.81671177,1.632976191,56.02924091
2026-01-09 12:00:00+00:00,663.9348485,86.35799373,28.34577255,21.4,22.9,67.1238796,1.6,56.59216238
2026-01-09 12:05:00+00:00,657.8705357,62.75136705,28.43668793,21.37727273,23.025,65.24924499,1.64375,56.56055863
2026-01-09 12:10:00+00:00,645.979798,49.4173913,28.34249351,21.29032301,23.26,62.64375886,1.84,56.7357764
2026-01-09 12:15:00+00:00,630.8051948,50.73535354,28.50986538,21.20857143,23.21333333,58.6810659,1.59775,56.85881505
2026-01-09 12:20:00+00:00,579.7136364,52.16888889,28.48649206,21.182,23.12,55.5258,1.7216,56.76834225
2026-01-09 12:25:00+00:00,560.8933333,50.92455639,28.24658009,21.10182186,22.98,56.96087449,1.6648,56.51941077
2026-01-09 12:30:00+00:00,552.0758974,51.83256528,28.46670588,21.1,22.74,55.80308065,1.518581818,55.69333333
2026-01-09 12:35:00+00:00,535.9642857,51.17797403,28.53577778,21.1,22.7,51.64343074,1.538714286,54.86380952
2026-01-09 12:40:00+00:00,528.7854545,51.04615385,28.40425641,21.1,22.7,47.04392587,1.304,56.1567893
2026-01-09 12:45:00+00:00,529.6666667,51,28.404025,21.1,22.848,48.43656838,1.105333333,57.12960864
2026-01-09 12:50:00+00:00,526.0923077,51,28.421,21.1,23.2,43.50149495,1.816,58.152
2026-01-09 12:55:00+00:00,528.06,51.05886288,28.4975,21.08833333,23.3625,38.62844444,1.58325,56.5125
2026-01-09 13:00:00+00:00,528.6659091,51.71625616,28.49399038,21.01757099,23.35,36.35695813,1.65,55.7384112
2026-01-09 13:05:00+00:00,538.3865546,51.9570696,28.36401592,20.9297931,23.18,33.75853537,1.683333333,55.93487783
2026-01-09 13:10:00+00:00,531,51.76308453,28.39005044,20.90307692,22.98,33.48772265,1.7225,55.94434211
2026-01-09 13:15:00+00:00,527.4464286,51.09636364,28.41460714,20.98842105,22.8,27.39106883,1.68,55.75490909
2026-01-09 13:20:00+00:00,525.2138889,51.85757576,28.23871111,20.99833333,22.835,23.61377778,1.5585,55.79
2026-01-09 13:25:00+00:00,520.42,50.2,28.55,20.91,22.945,24.44563636,1.50425,56.03378788
2026-01-09 13:30:00+00:00,513.1846154,49.984,28.30857143,20.81666667,23.04,24.01383333,1.642857143,57.71397436
2026-01-09 13:35:00+00:00,513.5688889,50.14036027,28.36299392,20.8,23.1,23.25065586,1.622868079,57.52368044
2026-01-09 13:40:00+00:00,502.9428571,50,28.79488889,20.89636364,23.128,20.11080303,1.202857143,56.86939394
2026-01-09 13:45:00+00:00,493.44,50,28.87342857,20.81391304,23.17166667,18.29803095,1.2,57.24164773
2026-01-09 13:50:00+00:00,490.6465201,49.83336802,28.78913322,20.81681331,23.09166667,18.1636368,1.247361111,57.12528399
2026-01-09 13:55:00+00:00,492.9241667,49.28196382,28.66532857,20.87246994,22.95892857,17.01040513,1.398363636,56.15565217
2026-01-09 14:00:00+00:00,493.31,49.83157895,28.3797,20.9,22.9,14.28141053,1.526,55.39378947
2026-01-09 14:05:00+00:00,487.4,50,28.32371429,20.9,22.9,12.60800117,1.704211344,55.8784
2026-01-09 14:10:00+00:00,483.5971429,50.12651058,28.36924786,20.9,22.9,11.63347349,1.747833333,57.55222563
2026-01-09 14:15:00+00:00,482.9714286,50.94534161,28.51911111,20.9,22.9,10.57958916,1.636666667,57.33455903
2026-01-09 14:20:00+00:00,477.2318182,50.03713805,28.50817582,20.83136364,22.9,8.491227273,1.32,56.11666667
2026-01-09 14:25:00+00:00,469.2,49.21538462,28.42175,20.8,23.06,7.679975,1.363646154,56.82660714
2026-01-09 14:30:00+00:00,461.4944444,49.75984405,28.33230303,20.8,23.12,6.451024155,1.627375,56.41875201
2026-01-09 14:35:00+00:00,453.4,49.87806638,28.40310606,20.8,23.2,4.831204013,1.546,57.09542398
2026-01-09 14:40:00+00:00,450.9038462,50.04434761,28.52369048,20.8,23.12333333,3.938314076,1.423181818,57.12377864
2026-01-09 14:45:00+00:00,448.2384615,49.98819444,28.86058333,20.77528111,22.9,3.453194444,0.928844444,56.50851599
2026-01-09 14:50:00+00:00,445.1333333,50.04727273,29.132,20.7512202,22.96,2.789890909,0.966,56.68666667
2026-01-09 14:55:00+00:00,443.7692308,50,29.3464,20.78526926,23.01238095,2.164192691,0.887727273,57.41447861
2026-01-09 15:00:00+00:00,443.7111111,19.04761905,26.84426667,20.7,23.1,1.406015152,0.847111111,57.3828877
2026-01-09 15:05:00+00:00,444.4,0,18.37771429,20.764,22.9,0.812222222,-0.545714286,59.37666667
2026-01-09 15:10:00+00:00,444,0,7.371,20.8,22.74,0.518666667,-0.72,58.67403509
2026-01-09 15:15:00+00:00,444.2,0,2.448,20.8,22.68,0.272323232,-0.8,57.59791939
2026-01-09 15:20:00+00:00,445.4142857,0,0,20.8,22.44,0.131666667,-0.866666667,58.55833333
2026-01-09 15:25:00+00:00,445.3857143,0,0,20.8,22.4,0.058604651,-0.932,58.28437063
2026-01-09 15:30:00+00:00,445.1961538,0,0,20.8,22.24,0,-1.119666667,57.82461538
2026-01-09 15:35:00+00:00,445.5,0,0,20.8,22.1,0,-0.9,59.16309524
2026-01-09 15:40:00+00:00,446.0142857,0,0,20.8,21.968,0,-0.994878788,58.85253695
2026-01-09 15:45:00+00:00,446.6641667,0,0,20.8,21.68333333,0,-1.131758242,59.19892365
2026-01-09 15:50:00+00:00,447.31,0,0,20.8,21.16,0,-1,59.53445455
2026-01-09 15:55:00+00:00,447,0,0,20.8,20.8,0,-1,59.00231602
2026-01-09 16:00:00+00:00,447.8,0,0,20.75565217,20.3,0,-1.033333333,59.3342928
2026-01-09 16:05:00+00:00,449.8307692,0,0,20.7,19.84,0,-1.074285714,59.63
2026-01-09 16:10:00+00:00,451,0,0,20.7,19.58,0,-0.920666667,60.16727273
2026-01-09 16:15:00+00:00,451,0,0,20.7,19,0,-1.012888889,59.87936508
2026-01-09 16:20:00+00:00,451.5714286,0,0,20.64923077,18.508,0,-1.203777778,59.584
2026-01-09 16:25:00+00:00,453.6,0,0,20.6,18.00833333,0,-1.125,56.47331579
2026-01-09 16:30:00+00:00,455,0,0,20.6,17.78,0,-1.209222222,54.00488722
2026-01-09 16:35:00+00:00,456.5685714,0,0,20.57127273,17.23428571,0,-1.2,54.82653846
2026-01-09 16:40:00+00:00,458.7285714,0,0,20.5,16.784,0,-1.206,56.61411765
2026-01-09 16:45:00+00:00,459.5288889,0,0,20.5,16.51733333,0,-1.200360294,56.79789174
2026-01-09 16:50:00+00:00,457.9409091,0,0,20.5,16.01857143,0,-1.188571429,57.77910934
2026-01-09 16:55:00+00:00,457,0,0,20.5,15.624,0,-1.022222222,59.36131363
2026-01-09 17:00:00+00:00,457.9666667,0,0,20.5,15.0925,0,-1.2,60.12228935
2026-01-09 17:05:00+00:00,455.8222222,0,0,20.5,14.67333333,0,-1.2,60.68813397
2026-01-09 17:10:00+00:00,454.8549708,0,0,20.5,14.52285714,0,-1.097777778,61.14363636
2026-01-09 17:15:00+00:00,454.9590909,0,0,20.5,14.26,0,-1,60.98555556
2026-01-09 17:20:00+00:00,453.7428571,0,0,20.5,13.84,0,-1.165714286,60.29428571
2026-01-09 17:25:00+00:00,453.5,0,0,20.5,13.75965909,0,-1.2,60.0733871
2026-01-09 17:30:00+00:00,455.3567677,0,0,20.5,13.625,0,-1.154285714,59.50747863
2026-01-09 17:35:00+00:00,455.234965,0,0,20.5,13.21142857,0,-1.133888889,58.25384615
2026-01-09 17:40:00+00:00,455,0,0,20.49333333,12.92,0,-1.2,58.51538462
2026-01-09 17:45:00+00:00,457,0,0,20.4,12.64,0,-1.2,57.37900375
2026-01-09 17:50:00+00:00,457,0,0,20.4,12.58020202,0,-1.20125,56.79829507
2026-01-09 17:55:00+00:00,456.9142857,0,0,20.4,12.33575758,0,-1.233602941,58.07909017
2026-01-09 18:00:00+00:00,456.08,0,0,20.4,11.97066667,0,-1.2125,58.51063603
2026-01-09 18:05:00+00:00,455.8,0,0,20.4,11.78,0,-1.229628571,58.706
2026-01-09 18:10:00+00:00,455.2,0,0,20.4,11.7,0,-1.297428571,58.15519292
2026-01-09 18:15:00+00:00,456,0,0,20.4,11.55,0,-1.3,58.84347826
2026-01-09 18:20:00+00:00,456.5547619,0,0,20.4,11.4,0,-1.255,59.06363636
2026-01-09 18:25:00+00:00,455.5844156,0,0,20.4,11.26333333,0,-1.1,59.29935065
2026-01-09 18:30:00+00:00,455,0,0,20.4,11.12,0,-1.18,58.1049359
2026-01-09 18:35:00+00:00,455,0,0,20.4,10.95333333,0,-1.18,57.29811765
2026-01-09 18:40:00+00:00,454.847326,0,0,20.4,10.9025,0,-1.1,59.17877958
2026-01-09 18:45:00+00:00,454.175,0,0,20.4,10.98444444,0,-1.1404,60.17804449
2026-01-09 18:50:00+00:00,454.5959596,0,0,20.31979798,11.02,0,-1.307666667,57.11546499
2026-01-09 18:55:00+00:00,455,0,0,20.3,11.53428571,0,-1.437,59.00598291
2026-01-09 19:00:00+00:00,453.5133333,0,0,20.3,12.06,0,-1.69,58.91193122
2026-01-09 19:05:00+00:00,452.2605042,0,0,20.3,12.87333333,0,-1.396,58.6346
2026-01-09 19:10:00+00:00,452,0,0,20.3,13.15,0,-1.125,58.65714286
2026-01-09 19:15:00+00:00,452.8,0,0,20.3,13.404,0,-1.1,59.21646465
2026-01-09 19:20:00+00:00,453.3424242,0,0,20.3,13.594,0,-1.1,59.39645161
2026-01-09 19:25:00+00:00,451.4,0,0,20.3,13.79142857,0,-1.1,59.06025974
2026-01-09 19:30:00+00:00,451.7777778,0,0,20.3,13.8,0,-1.128888889,59.77333333
2026-01-09 19:35:00+00:00,451.2,0,0,20.3,13.8,0,-1.3,59.63939394
2026-01-09 19:40:00+00:00,451,0,0,20.3,13.8,0,-1.3,58.6674232
2026-01-09 19:45:00+00:00,451.6,0,0,20.24780749,13.8,0,-1.3,57.52161546
2026-01-09 19:50:00+00:00,451.3,0,0,20.2,13.6,0,-1.3075,57.94333333
2026-01-09 19:55:00+00:00,450.3571429,0,0,20.2,13.6,0,-1.301128205,58.4
2026-01-09 20:00:00+00:00,450,0,0,20.2,13.4,0,-1.2,58.72753247
2026-01-09 20:05:00+00:00,449.9285714,0,0,20.25833333,13.4,0,-1.167857143,58.8475
2026-01-09 20:10:00+00:00,448.8,0,0,20.3,13.33714286,0,-1.02020202,59.22133333
2026-01-09 20:15:00+00:00,448,0,0,20.3,13.18,0,-1,58.552
2026-01-09 20:20:00+00:00,447.9636364,0,0,20.3,13.1,0,-1,57.90854933
2026-01-09 20:25:00+00:00,448.902331,0,0,20.3,12.98285714,0,-1.278361111,58.09764502
2026-01-09 20:30:00+00:00,448.8888889,0,0,20.23692308,12.75833333,0,-1.11,57.87384615
2026-01-09 20:35:00+00:00,448.9,0,0,20.2,12.64,0,-1.284,57.95660606
2026-01-09 20:40:00+00:00,447.5111111,0,0,20.2,12.47333333,0,-1.394285714,58.40035714
2026-01-09 20:45:00+00:00,446.5777778,0,0,20.2,12.256,0,-1.243333333,58.04
2026-01-09 20:50:00+00:00,446.0767677,0,0,20.2,12.04,0,-1.3372,58.95633333
2026-01-09 20:55:00+00:00,446.3214286,0,0,20.2,11.92421429,0,-1.336811189,59.035
2026-01-09 21:00:00+00:00,447.2641667,0,0,20.2,11.76742857,0,-1.323282051,58.82341751
2026-01-09 21:05:00+00:00,446.46875,0,0,20.2,11.625,0,-1.2,57.35690476
2026-01-09 21:10:00+00:00,443.8931818,0,0,20.2,11.45,0,-1.241142857,59.51246154
2026-01-09 21:15:00+00:00,445.7866667,0,0,20.2,11.26,0,-1.448619048,57.08672269
2026-01-09 21:20:00+00:00,444.2,0,0,20.2,11.06,0,-1.495777778,56.86088889
2026-01-09 21:25:00+00:00,443.3111111,0,0,20.2,11,0,-1.527142857,57.81
2026-01-09 21:30:00+00:00,444.1376623,0,0,20.2,11,0,-1.557922078,60.95057143
2026-01-09 21:35:00+00:00,443.3060606,0,0,20.2,11.02,0,-1.421818182,60.42944444
2026-01-09 21:40:00+00:00,443,0,0,20.2,11.22,0,-1.4,60.07846154
2026-01-09 21:45:00+00:00,443,0,0,20.2,11.4452381,0,-1.411045455,59.53017778
2026-01-09 21:50:00+00:00,443,0,0,20.2,12.01257143,0,-1.624,58.78487222
2026-01-09 21:55:00+00:00,442.6933333,0,0,20.2,12.572,0,-1.616,57.93585088
2026-01-09 22:00:00+00:00,441.5743056,0,0,20.2,12.85,0,-1.6,57.86571429
2026-01-09 22:05:00+00:00,442.471645,0,0,20.2,13.26,0,-1.6632,57.77261738
2026-01-09 22:10:00+00:00,440.8705952,0,0,20.2,13.47771429,0,-1.660393162,58.39053484
2026-01-09 22:15:00+00:00,440.6,0,0,20.2,13.8,0,-1.7,59.11450267
2026-01-09 22:20:00+00:00,439.8830769,0,0,20.2,13.8,0,-1.6496,58.71160173
2026-01-09 22:25:00+00:00,439.1230769,0,0,20.2,13.88,0,-1.602,58.28734139
2026-01-09 22:30:00+00:00,439.0857143,0,0,20.2,13.9,0,-1.657,58.21695238
2026-01-09 22:35:00+00:00,438.8222222,0,0,20.2,13.9,0,-1.6,58.1993985
2026-01-09 22:40:00+00:00,438.2267857,0,0,20.17826087,13.9,0,-1.6,58.68454545
2026-01-09 22:45:00+00:00,439,0,0,20.1,13.98,0,-1.580615385,59.04460317
2026-01-09 22:50:00+00:00,438.8222222,0,0,20.1,13.816,0,-1.515090909,58.83090909
2026-01-09 22:55:00+00:00,438.0833333,0,0,20.1,13.8,0,-1.5,58.35721501
2026-01-09 23:00:00+00:00,438.0388889,0,0,20.1,13.74,0,-1.5,58.179
2026-01-09 23:05:00+00:00,437.5460806,0,0,20.1,13.6607619,0,-1.5,58.32138462
2026-01-09 23:10:00+00:00,438.0839286,0,0,20.1,13.6,0,-1.5,58.64654545
2026-01-09 23:15:00+00:00,436.5931624,0,0,20.1,13.48,0,-1.45,58.80285714
2026-01-09 23:20:00+00:00,436.643956,0,0,20.1,13.35,0,-1.483714286,58.6616784
2026-01-09 23:25:00+00:00,434.51,0,0,20.1,13.3,0,-1.46375,58.22143333
2026-01-09 23:30:00+00:00,435.197619,0,0,20.1,13.3,0,-1.454,58.416
2026-01-09 23:35:00+00:00,436.7886364,0,0,20.1,13.21,0,-1.45,58.71666667
2026-01-09 23:40:00+00:00,436.78,0,0,20.1,13.04,0,-1.454,58.56597306
2026-01-09 23:45:00+00:00,436.895098,0,0,20.1,12.9875,0,-1.488720238,58.18688617
2026-01-09 23:50:00+00:00,436.685,0,0,20.1,12.87805556,0,-1.499055556,58.89862069
2026-01-09 23:55:00+00:00,437,0,0,20.1,12.7,0,-1.5,58.31502262
2026-01-10 00:00:00+00:00,437.7368182,0,0,20.1,12.59428571,0,-1.605079365,58.24985646
2026-01-10 00:05:00+00:00,437.1868831,0,0,20.1,12.48,0,-1.66,58.31975
2026-01-10 00:10:00+00:00,435.0844444,0,0,20.1,12.4,0,-1.5,58.33681818
2026-01-10 00:15:00+00:00,435,0,0,20.1,12.37866667,0,-1.510152381,58.30832216
2026-01-10 00:20:00+00:00,434.7657143,0,0,20.1,12.2,0,-1.500507937,58.20474359
2026-01-10 00:25:00+00:00,435,0,0,20.1,12.176,0,-1.5004,58.00475045
2026-01-10 00:30:00+00:00,435,0,0,20.1,11.99171429,0,-1.564893507,58.02575397
2026-01-10 00:35:00+00:00,434.4,0,0,20.1,11.874,0,-1.701866667,58.34495238
2026-01-10 00:40:00+00:00,434.75,0,0,20.1,11.725,0,-1.77,57.48693182
2026-01-10 00:45:00+00:00,434.4,0,0,20.1,11.7,0,-1.733333333,58.09990476
2026-01-10 00:50:00+00:00,434.7191919,0,0,20.1,11.7,0,-1.758,58.92315789
2026-01-10 00:55:00+00:00,435.3142857,0,0,20.1,11.86,0,-1.7,60.43157509
2026-01-10 01:00:00+00:00,435.4,0,0,20.16214286,12.08,0,-1.76,59.95961039
2026-01-10 01:05:00+00:00,434.335,0,0,20.126,12.485,0,-1.7,58.80189474
2026-01-10 01:10:00+00:00,433.6,0,0,20.1,12.9,0,-1.7,58.61421849
2026-01-10 01:15:00+00:00,432.908547,0,0,20.1,13.084,0,-1.697818182,57.91047619
2026-01-10 01:20:00+00:00,433.7944444,0,0,20.1,13.26,0,-1.66435,58.13849321
2026-01-10 01:25:00+00:00,434.3818182,0,0,20.03866667,13.365,0,-1.6,58.63808696
2026-01-10 01:30:00+00:00,433.2980785,0,0,20,13.54866667,0,-1.6,57.66139289
2026-01-10 01:35:00+00:00,432.0525641,0,0,20.03267196,13.6,0,-1.6,57.80432692
2026-01-10 01:40:00+00:00,432.9888889,0,0,20.1,13.66,0,-1.6,58.0577957
2026-01-10 01:45:00+00:00,433.9333333,0,0,20.1,13.76,0,-1.5825,58.54984848
2026-01-10 01:50:00+00:00,432.35,0,0,20.1,13.8,0,-1.510299573,58.57308924
2026-01-10 01:55:00+00:00,432.0255556,0,0,20.1,13.8,0,-1.546321429,59.43382775
2026-01-10 02:00:00+00:00,432.5666667,0,0,20.1,13.8,0,-1.4275,58.945116
2026-01-10 02:05:00+00:00,432.0262626,0,0,20.1,13.8,0,-1.508348485,58.92316129
2026-01-10 02:10:00+00:00,431.2919814,0,0,20.1,13.76,0,-1.502181818,58.34393985
2026-01-10 02:15:00+00:00,431.2928571,0,0,20.1,13.64,0,-1.6,57.85816934
2026-01-10 02:20:00+00:00,431.6970053,0,0,20.1,13.6,0,-1.444,58.93140741
2026-01-10 02:25:00+00:00,431.0880952,0,0,20.1,13.495,0,-1.495717172,58.85517857
2026-01-10 02:30:00+00:00,430.50625,0,0,20.1,13.36,0,-1.5,58.81863276
2026-01-10 02:35:00+00:00,430.0914141,0,0,20.1,13.30619048,0,-1.5,58.69134199
2026-01-10 02:40:00+00:00,429.440404,0,0,20.084,13.3,0,-1.482031746,58.63
2026-01-10 02:45:00+00:00,429.9166667,0,0,20.03160839,13.29666667,0,-1.434228571,58.328
2026-01-10 02:50:00+00:00,429.8539683,0,0,20.0979798,13.3,0,-1.34,58.16080808
2026-01-10 02:55:00+00:00,429.7731037,0,0,20.09734873,13.24009524,0,-1.231948204,58.33585322
2026-01-10 03:00:00+00:00,430.5111111,0,0,20.1,13.06619048,0,-1.016727273,59.29833333
2026-01-10 03:05:00+00:00,429.05,0,0,20.1,12.9,0,-1,58.88727273
2026-01-10 03:10:00+00:00,429.3571429,0,0,20.1,12.84,0,-1.055174825,58.25578422
2026-01-10 03:15:00+00:00,427.4545455,0,0,20.1,12.6,0,-1.204,58.80230769
2026-01-10 03:20:00+00:00,428.8857143,0,0,20.1,12.492,0,-1.331142857,59.15846154
2026-01-10 03:25:00+00:00,429,0,0,20.1,12.4,0,-1.380952381,58.6971875
2026-01-10 03:30:00+00:00,427.475,0,0,20.1,12.4,0,-1.477777778,58.96706061
2026-01-10 03:35:00+00:00,429,0,0,20.1,12.21,0,-1.5,58.87661538
2026-01-10 03:40:00+00:00,428.242735,0,0,20.08181818,12.13,0,-1.58,57.56417881
2026-01-10 03:45:00+00:00,428.8230769,0,0,20.00111111,12.02,0,-1.618,56.67904377
2026-01-10 03:50:00+00:00,429.95,0,0,20,12,0,-1.694,57.93971429
2026-01-10 03:55:00+00:00,428.0181818,0,0,20,12.14666667,0,-1.646897547,57.74649351
2026-01-10 04:00:00+00:00,429,0,0,20,12.2,0,-1.62,58.20515152
2026-01-10 04:05:00+00:00,427.925,0,0,20,12.372,0,-1.762857143,58.58997274
2026-01-10 04:10:00+00:00,427.3352564,0,0,20,12.7,0,-1.86,58.67156559
2026-01-10 04:15:00+00:00,427.335,0,0,20,13.06,0,-1.9,58.82
2026-01-10 04:20:00+00:00,430,0,0,20,13.3,0,-1.92175,59.38333333
2026-01-10 04:25:00+00:00,427.3529412,0,0,20,13.38,0,-2.014323413,59.22595238
2026-01-10 04:30:00+00:00,428.3571429,0,0,20,13.56,0,-2.107820513,58.9602381
2026-01-10 04:35:00+00:00,428.1818182,0,0,20,13.6,0,-2.244,58.72297619
2026-01-10 04:40:00+00:00,427.9666667,0,0,20,13.6,0,-2.46,59.2342381
2026-01-10 04:45:00+00:00,427,0,0,20,13.6,0,-2.6244,59.02106061
2026-01-10 04:50:00+00:00,428.6110131,0,0,20,13.6,0,-2.88,59.49066667
2026-01-10 04:55:00+00:00,427.1555556,0,0,20,13.6,0,-3,59.47153509
2026-01-10 05:00:00+00:00,427.9596154,0,0,20,13.54666667,0,-3.08,59.42666667
2026-01-10 05:05:00+00:00,428,0,0,20,13.46,0,-3.28,59.83138462
2026-01-10 05:10:00+00:00,426.5111111,0,0,20,13.39555556,0,-3.45952381,60.03445378
2026-01-10 05:15:00+00:00,426.3019231,0,0,20,13.3,0,-3.5,59.85950769
2026-01-10 05:20:00+00:00,428.4615385,0,0,20,13.29285714,0,-3.579166667,59.7471875
2026-01-10 05:25:00+00:00,428.2,0,0,20,13.19428571,0,-3.68,59.67401515
2026-01-10 05:30:00+00:00,428.5571429,0,0,20,13.06,0,-3.7125,58.82952381
2026-01-10 05:35:00+00:00,428.395,0,0,20,12.89333333,0,-3.784945455,59.52062745
2026-01-10 05:40:00+00:00,427.376,0,0,20,12.79333333,0,-3.740170048,60.3725657
2026-01-10 05:45:00+00:00,426.38,0,0,20,12.60857143,0,-3.8,61.65692308
2026-01-10 05:50:00+00:00,426,0,0,20,12.674,0,-3.8,62.6
2026-01-10 05:55:00+00:00,426.95,0,0,20,12.6,0,-3.861777778,61.07439394
2026-01-10 06:00:00+00:00,427,0,0,20,12.6,0,-3.8956,60.07262963
2026-01-10 06:05:00+00:00,426.3230769,0,0,20,12.7,0,-3.894549206,58.52124402
2026-01-10 06:10:00+00:00,426,0,0,20,12.815,0,-3.889777778,58.63818182
2026-01-10 06:15:00+00:00,426.6875,0,0,20,12.89583333,0,-3.896625,59.38383459
2026-01-10 06:20:00+00:00,427,0,0,20,13.152,0,-3.9,60.49877379
2026-01-10 06:25:00+00:00,427.1840909,0,0,20,13.33,0,-3.9,60.50427666
2026-01-10 06:30:00+00:00,426.727366,0,0,20,13.44952381,0,-3.9,59.38370223
2026-01-10 06:35:00+00:00,426.425,0,0,20,13.5,0,-3.940269231,58.75849185
2026-01-10 06:40:00+00:00,426.5230769,0,0,20,13.58,0,-3.926,59.43569479
2026-01-10 06:45:00+00:00,425.8230769,0,0,20,13.6,0,-3.998,60.734
2026-01-10 06:50:00+00:00,426.1347253,0,0,20,13.44,0,-3.998,59.05747826
2026-01-10 06:55:00+00:00,425.7650452,0,0,20,13.32,0,-3.991977273,59.62047826
2026-01-10 07:00:00+00:00,425.6953846,0,0,20,13.14,0,-3.98,59.488
2026-01-10 07:05:00+00:00,425.4,0,0,20,13.1,0.060625,-3.92,59.61690476
2026-01-10 07:10:00+00:00,425.2714646,0,0,20,12.96666667,0.181818182,-3.893125,60.74125
2026-01-10 07:15:00+00:00,425.2354257,0,0,20,12.9,0.395777778,-3.825272727,59.5344
2026-01-10 07:20:00+00:00,425.6833333,0,0,20,12.9,0.737412587,-3.8,59.49872054
2026-01-10 07:25:00+00:00,426.7846154,0,0,20,12.95333333,1.248850877,-3.8,58.64368339
2026-01-10 07:30:00+00:00,426.2666667,0,0,20,13.18,2.000922078,-3.8,58.80952381
2026-01-10 07:35:00+00:00,425.35,0,0,20,13.46,3.039272727,-3.795,58.895
2026-01-10 07:40:00+00:00,424.7733333,0,0,20,13.78,4.167647436,-3.8,59.11365385
2026-01-10 07:45:00+00:00,425.6365079,0,0,20,13.94,5.785680912,-3.8,59.53366667
2026-01-10 07:50:00+00:00,424.9721154,0,0,20,14,6.47,-3.8,59.99343434
2026-01-10 07:55:00+00:00,425.2333333,0,0,20,14.02666667,12.36136855,-3.777777778,60.06807692
2026-01-10 08:00:00+00:00,425.625,0,0,20,14.1,18.78944872,-3.698,60.02877193
2026-01-10 08:05:00+00:00,425.0375,0,0,20,14,22.4404002,-3.6966875,60.15703502
2026-01-10 08:10:00+00:00,424.8423077,0,0,20,13.78666667,33.63026923,-3.5186,60.44833333
2026-01-10 08:15:00+00:00,424.3555556,0,0,20,13.6,40.80999379,-3.506,60.27886484
2026-01-10 08:20:00+00:00,425.7666667,0,0,20,13.356,42.9413658,-3.502,59.14040404
2026-01-10 08:25:00+00:00,424.515,0,0,20,13.196,48.12878018,-3.442,59.06469697
2026-01-10 08:30:00+00:00,425.9045455,0,0,20,13.12266667,63.18892778,-3.264363636,58.79664336
2026-01-10 08:35:00+00:00,425.2733333,0,0,20,13.008,72.04290476,-3.21575,57.07166667
2026-01-10 08:40:00+00:00,425.8333333,0,0,20,13.01,80.03855797,-3.211057143,59.29819347
2026-01-10 08:45:00+00:00,425.13,0,0,19.97939394,13.08857143,87.13865455,-3.181015873,60.41745455
2026-01-10 08:50:00+00:00,425.76822,0,0,19.905,13.36,93.57120696,-3.006,59.76428571
2026-01-10 08:55:00+00:00,424.7625731,0,0,19.9,13.64,100.2705632,-3,59.98226546
2026-01-10 09:00:00+00:00,425,0,0,19.9,13.96666667,108.0879205,-2.946833333,58.865
2026-01-10 09:05:00+00:00,425,0,0,19.90272727,14,113.7381905,-2.961333333,58.70650718
2026-01-10 09:10:00+00:00,425,0,0,19.9449767,14.02543651,116.9718565,-2.975878571,58.78646674
2026-01-10 09:15:00+00:00,425,0,0,20,14.1,125.3515439,-2.89775,58.89333333
2026-01-10 09:20:00+00:00,425.075,0,0,20,14.04333333,131.6686706,-2.96,59.12722093
2026-01-10 09:25:00+00:00,424.9933333,0,0,20,13.84,137.1627013,-2.8125,59.67922078
2026-01-10 09:30:00+00:00,424.6435897,0,0,20,13.72,141.9644942,-2.842,59.82444759
2026-01-10 09:35:00+00:00,424.1666667,0,0,20,13.36,147.3269808,-2.896,59.86948148
2026-01-10 09:40:00+00:00,424.0222222,0,0,20,13.26,151.4805476,-2.9,59.77533333
2026-01-10 09:45:00+00:00,424.0285714,0,0,20,13.14,155.2474545,-2.973650794,59.732
2026-01-10 09:50:00+00:00,424.5833333,0,0,20,12.98678571,159.6152655,-2.929090909,59.51428571
2026-01-10 09:55:00+00:00,423.9722222,0,0,20,12.9,162.8886364,-2.916666667,59.74929511
2026-01-10 10:00:00+00:00,424.1728205,0,0,20,12.98666667,165.8891675,-3,57.89227273
2026-01-10 10:05:00+00:00,422.4,0,0,20,13.14,169.0944536,-2.9225,59.03535714
2026-01-10 10:10:00+00:00,422.525641,0,0,20,13.28,171.72,-2.8,58.88909091
2026-01-10 10:15:00+00:00,422.7980769,0,0,20,13.48,174.6875,-2.854285714,59.69461538
2026-01-10 10:20:00+00:00,423.0153846,0,0,20,13.64,178.5983623,-3.149230769,60.19812709
2026-01-10 10:25:00+00:00,423.8,0,0,20,13.8,181.7890145,-3.06,60.27776471
2026-01-10 10:30:00+00:00,422.7922727,0,0,20,13.8,185.3197273,-2.904761905,60.29542222
2026-01-10 10:35:00+00:00,422,0,0,20,13.74285714,186.6471078,-3.0145,58.66890909
2026-01-10 10:40:00+00:00,420.9714286,0,0,20.08769231,13.53571429,189.593,-3.081416667,58.83439394
2026-01-10 10:45:00+00:00,421.220202,0,0,20.1,13.37,191.6863156,-3.019285714,59.33263158
2026-01-10 10:50:00+00:00,421,0,0,20.08161986,13.08666667,193.0924908,-2.982597403,58.96100122
2026-01-10 10:55:00+00:00,419.5,0,0,20.1,13,195.0588988,-2.9,59.95039683
2026-01-10 11:00:00+00:00,420.5238095,0,0,20.1,12.91666667,196.1652282,-2.821587302,58.09475991
2026-01-10 11:05:00+00:00,421.445,0,0,20.1,12.81142857,196.6325238,-2.74,56.50833333
2026-01-10 11:10:00+00:00,421.4517857,0,0,20.1,12.8,197.5300424,-2.71349026,58.83733333
2026-01-10 11:15:00+00:00,421.9514286,0,0,20.16505495,12.884,198.2622206,-2.784615385,61.35947947
2026-01-10 11:20:00+00:00,422,0,0,20.2,13.06,198.1039011,-2.8,60.981
2026-01-10 11:25:00+00:00,420.8,0,0,20.2,13.3,198.486124,-2.727464647,60.8924335
2026-01-10 11:30:00+00:00,420,0,0,20.2,13.568,198.5030248,-2.76,59.85818182
2026-01-10 11:35:00+00:00,420.625,0,0,20.2,13.68333333,198.2373407,-2.674285714,58.48841864
2026-01-10 11:40:00+00:00,420.5666667,0,0,20.2,13.78,198.4735556,-2.756808081,59.564689
2026-01-10 11:45:00+00:00,420,0,0,20.2,13.735,198.4559541,-2.710394139,60.13067139
2026-01-10 11:50:00+00:00,420.05,0,0,20.2,13.50714286,197.1865833,-2.7,60.2
2026-01-10 11:55:00+00:00,420.5,0,0,20.2,13.32,196.7200894,-2.591428571,59.18078431
2026-01-10 12:00:00+00:00,420.3292308,0,0,20.2,13.16,195.5847455,-2.72255,58.11506862
2026-01-10 12:05:00+00:00,421,0,0,20.2,13.1,195.15,-2.6,53.37272727
2026-01-10 12:10:00+00:00,420.2957265,0,0,20.24363636,12.9,192.4159545,-2.734222222,60.22663636
2026-01-10 12:15:00+00:00,419.6632479,0,0,20.3,12.9,190.3729761,-2.739777778,59.8
2026-01-10 12:20:00+00:00,419.4,0,0,20.3,12.9,190.0282754,-2.63,59.90439394
2026-01-10 12:25:00+00:00,420,0,0,20.3,12.9,185.3876476,-2.698461539,59.79898539
2026-01-10 12:30:00+00:00,419.3015152,0,0,20.3,13.02,183.2071038,-2.604444444,57.43579091
2026-01-10 12:35:00+00:00,420.3444444,0,0,20.3,13.22,179.7926632,-2.64325,58.78590909
2026-01-10 12:40:00+00:00,421,0,0,20.3,13.36,176.2394148,-2.6,60.25925926
2026-01-10 12:45:00+00:00,420.6173077,0,0,20.3,13.72,172.2969552,-2.6,58.78498169
2026-01-10 12:50:00+00:00,420.0994318,0,0,20.3,13.8,168.9840406,-2.61125,58.25844156
2026-01-10 12:55:00+00:00,421,0,0,20.324,13.758,164.115327,-2.60825,58.94088889
2026-01-10 13:00:00+00:00,420.9416667,0,0,20.4,13.56,160.8326071,-2.488966507,58.93217391
2026-01-10 13:05:00+00:00,420.9388889,0,0,20.4,13.34285714,154.5996818,-2.417777778,58.31615385
2026-01-10 13:10:00+00:00,420.7611111,0,0,20.4,13.05619048,150.5747368,-2.498333333,58.93705263
2026-01-10 13:15:00+00:00,420.9272727,0,0,20.4,12.88,147.2468615,-2.5014,59.92142857
2026-01-10 13:20:00+00:00,421.16,0,0,20.4,12.76,140.344,-2.5,59.62339411
2026-01-10 13:25:00+00:00,421.8779221,0,0,20.4,12.6,132.9236,-2.433333333,60.17709091
2026-01-10 13:30:00+00:00,421.0474359,0,0,20.4,12.6,124.8598333,-2.4,56.60666667
2026-01-10 13:35:00+00:00,421.8,0,0,20.4,12.62,123.1586667,-2.394285714,59.8
2026-01-10 13:40:00+00:00,421.3514286,0,0,20.42795987,12.78333333,112.6167337,-2.235555556,59.3973913
2026-01-10 13:45:00+00:00,421.958042,0,0,20.49215686,13.06785714,107.3084091,-2.273611111,58.11568627
2026-01-10 13:50:00+00:00,422.6753247,0,0,20.5,13.46,103.6389231,-2.3,56.75133498
2026-01-10 13:55:00+00:00,422.8397436,0,0,20.5,13.63396825,92.20293773,-2.310909091,57.33671329
2026-01-10 14:00:00+00:00,424.6168831,0,0,20.5,13.78666667,83.94807086,-2.346349206,60.04745192
2026-01-10 14:05:00+00:00,425.5142857,0,0,20.5,13.8,75.5114546,-2.430371429,60.61914231
2026-01-10 14:10:00+00:00,426.85,0,0,20.5,13.88,66.92396491,-2.662,60.95652174
2026-01-10 14:15:00+00:00,427.2,0,0,20.5,13.9,59.28531562,-2.911136364,60.32592593
2026-01-10 14:20:00+00:00,428,0,0,20.5,13.791,52.69076554,-3.10685,59.867
2026-01-10 14:25:00+00:00,428.2,0,0,20.5,13.54,43.46609687,-3.34,59.36824176
2026-01-10 14:30:00+00:00,428.0444444,0,0,20.5,13.275,35.88790476,-3.5,59.69466667
2026-01-10 14:35:00+00:00,428.8679739,0,0,20.5,12.96,29.42096832,-3.5,59.04277512
2026-01-10 14:40:00+00:00,427.1369776,0,0,20.5,12.82295455,24.88191162,-3.513571429,58.59490741
2026-01-10 14:45:00+00:00,427.3198419,0,0,20.5,12.70428571,20.93064015,-3.550712074,57.81026102
2026-01-10 14:50:00+00:00,428,0,0,20.41894737,12.475,10.05666803,-3.758736364,59.61677193
2026-01-10 14:55:00+00:00,429.9428571,0,0,20.4,12.4,6.603588517,-3.9892,60.73348485
2026-01-10 15:00:00+00:00,430.1142857,0,0,20.4,12.4,4.089727273,-4.12,60.73668616
2026-01-10 15:05:00+00:00,430.8,0,0,20.4,12.52,2.433142857,-4.2225,60.66266667
2026-01-10 15:10:00+00:00,432.7,0,0,20.4,12.72,1.458818182,-4.344,60.28263636
2026-01-10 15:15:00+00:00,432.6166667,0,0,20.4,12.966,0.998666667,-4.431333333,60.02228571
2026-01-10 15:20:00+00:00,432.7406162,0,0,20.4,13.14,0.511066362,-4.496658974,59.56152148
2026-01-10 15:25:00+00:00,432.4412698,0,0,20.30818182,13.46666667,0.243636364,-4.578571429,58.86681818
2026-01-10 15:30:00+00:00,432.5444444,0,0,20.3,13.6,0.087692308,-4.695959596,59.48563636
2026-01-10 15:35:00+00:00,433.5277778,0,0,20.3,13.6,0.005681818,-4.7,59.31176471
2026-01-10 15:40:00+00:00,433.96,0,0,20.3,13.57,0,-4.704222222,58.28167133
2026-01-10 15:45:00+00:00,433.8666667,0,0,20.3,13.29,0,-4.8,56.84009569
2026-01-10 15:50:00+00:00,432.4166667,0,0,20.3,13.06,0,-4.8,57.18042957
2026-01-10 15:55:00+00:00,432,0,0,20.3,12.88,0,-4.8,58.98
2026-01-10 16:00:00+00:00,432,0,0,20.23306667,12.8,0,-4.7622,61.02595556
2026-01-10 16:05:00+00:00,432,0,0,20.2,12.72,0,-4.782,61.493
2026-01-10 16:10:00+00:00,433.2977273,0,0,20.2,12.705,0,-4.9,61.58833333
2026-01-10 16:15:00+00:00,433.9356725,0,0,20.2,12.77442424,0,-4.9,61.6
2026-01-10 16:20:00+00:00,433.6085526,0,0,20.2,12.84703297,0,-4.919910561,61.61231136
2026-01-10 16:25:00+00:00,433.3359046,0,0,20.2,12.96041667,0,-4.947445887,61.43822179
2026-01-10 16:30:00+00:00,432,0,0,20.2,13.98666667,0,-5.1,56.97166667
2026-01-10 16:35:00+00:00,431.9818182,0,0,20.2,14,0,-5.1,57.4678022
2026-01-10 16:40:00+00:00,432,0,0,20.2,14.07777778,0,-5.309563492,59.04269231
2026-01-10 16:45:00+00:00,432.8,0,0,20.2,14.0375,0,-5.514,59.67169925
2026-01-10 16:50:00+00:00,436.46,0,0,20.19369963,13.84,0,-5.676181818,60.51303916
2026-01-10 16:55:00+00:00,445.6,0,0,20.2,13.66666667,0,-5.52,60.22109091
2026-01-10 17:00:00+00:00,452.0066667,0,0,20.2,13.52,0,-5.31,59.34386243
2026-01-10 17:05:00+00:00,457.9666667,0,0,20.2,13.42,0,-5.59,62.296875
2026-01-10 17:10:00+00:00,454.4,0,0,20.2,13.25,0,-5.64,61.62127273
2026-01-10 17:15:00+00:00,451.2040404,0,0,20.2,13.14,0,-5.416,59.52877193
2026-01-10 17:20:00+00:00,448.7215909,0,0,20.2,13.1,0,-5.377777778,59.46875
2026-01-10 17:25:00+00:00,447.0857143,0,0,20.2,13.14666667,0,-5.478333333,60.006
2026-01-10 17:30:00+00:00,447.4,0,0,20.2,13.32,0,-5.679428571,60.86153846
2026-01-10 17:35:00+00:00,449.1490385,0,0,20.2,13.65,0,-5.802188034,61.54771167
2026-01-10 17:40:00+00:00,453.5480769,0,0,20.2,13.86,0,-5.882222222,61.74166667
2026-01-10 17:45:00+00:00,456.0869565,0,0,20.2,13.9,0,-5.8,61.45285714
2026-01-10 17:50:00+00:00,460.0885714,0,0,20.2,13.78,0,-5.736666667,60.8757619
2026-01-10 17:55:00+00:00,463.1,0,0,20.154,13.6,0,-5.575555556,57.94274074
2026-01-10 18:00:00+00:00,468.2,0,0,20.1,13.42,0,-5.511428571,59.55066667
2026-01-10 18:05:00+00:00,471.2,0,0,20.1,13.22,0,-5.5,60.7020554
2026-01-10 18:10:00+00:00,473,0,0,20.1263285,13.1,0,-5.48,59.79256384
2026-01-10 18:15:00+00:00,472.3928571,0,0,20.2,13.15,0,-5.4225,61.12291667
2026-01-10 18:20:00+00:00,470.0109091,0,0,20.2,13.36,0,-5.492,61.37044616
2026-01-10 18:25:00+00:00,468.9051282,0,0,20.2,13.7125,0,-5.548030303,61.09226377
2026-01-10 18:30:00+00:00,467,0,0,20.2,13.94,0,-5.646623377,61.47418681
2026-01-10 18:35:00+00:00,467.35,0,0,20.2,14.12,0,-5.58,61.71021944
2026-01-10 18:40:00+00:00,469.4107937,0,0,20.18787879,14.2,0,-5.42,62.10063492
2026-01-10 18:45:00+00:00,470.902331,0,0,20.16806899,14.11956566,0,-5.4,61.59498384
2026-01-10 18:50:00+00:00,475.0666667,0,0,20.10095238,13.98666667,0,-5.401,56.7907619
2026-01-10 18:55:00+00:00,476.9212303,0,0,20.1,13.81825397,0,-5.421617441,58.15533488
2026-01-10 19:00:00+00:00,482,0,0,20.1,13.6,0,-5.456565657,59.61647059
2026-01-10 19:05:00+00:00,482.1083333,0,0,20.1,13.52428571,0,-5.486666667,60.4155351
2026-01-10 19:10:00+00:00,482.625,0,0,20.1,13.4,0,-5.545684524,60.78125
2026-01-10 19:15:00+00:00,480.4363636,0,0,20.1,13.52,0,-5.6,61.42769697
2026-01-10 19:20:00+00:00,480.85,0,0,20.1,13.81066667,0,-5.68,62.21472727
2026-01-10 19:25:00+00:00,481.02,0,0,20.1,14.125,0,-5.716,61.83096074
2026-01-10 19:30:00+00:00,481.1149351,0,0,20.1,14.2,0,-5.798884227,60.03583333
2026-01-10 19:35:00+00:00,480.9846154,0,0,20.1,14.12,0,-5.8,60.71355474
2026-01-10 19:40:00+00:00,481.8649351,0,0,20.1,13.86,0,-5.8,59.17371575
2026-01-10 19:45:00+00:00,483.6857143,0,0,20.1,13.74,0,-5.82,58.85386243
2026-01-10 19:50:00+00:00,484,0,0,20.1,13.565,0,-5.873666667,59.89699634
2026-01-10 19:55:00+00:00,485.5460445,0,0,20.1,13.45666667,0,-5.9,60.85506817
2026-01-10 20:00:00+00:00,486.1833333,0,0,20.1,13.46,0,-5.972333333,62.46660606
2026-01-10 20:05:00+00:00,486,0,0,20.1,13.59166667,0,-5.992965278,62.29689133
2026-01-10 20:10:00+00:00,486.825,0,0,20.1,13.88,0,-5.981740909,60.38881481
2026-01-10 20:15:00+00:00,492.23,0,0,20.1,14.148,0,-5.9,60.0161204
2026-01-10 20:20:00+00:00,492.9166667,0,0,20.04279286,14.38,0,-5.94,59.93393669
2026-01-10 20:25:00+00:00,494.5957692,0,0,20,14.5,0,-6,60.21133773
2026-01-10 20:30:00+00:00,495,0,0,20,14.42,0,-5.938,60.77119048
2026-01-10 20:35:00+00:00,492.6,0,0,20,14.17142857,0,-5.98,60.79846154
2026-01-10 20:40:00+00:00,492.0666667,0,0,20,13.952,0,-5.92,62.702
2026-01-10 20:45:00+00:00,492.2433333,0,0,20,13.76,0,-5.9,60.12763636
2026-01-10 20:50:00+00:00,494.55,0,0,20,13.7,0,-5.924,59.73205128
2026-01-10 20:55:00+00:00,495.847619,0,0,20,13.66,0,-5.9,60.48795987
2026-01-10 21:00:00+00:00,496.5625,0,0,20,13.6125,0,-5.873333333,60.5
2026-01-10 21:05:00+00:00,498.1583333,0,0,20,13.92,0,-5.828333333,59.47833333
2026-01-10 21:10:00+00:00,497.1333333,0,0,20,14.2,0,-5.873472222,59.56188552
2026-01-10 21:15:00+00:00,496.6529915,0,0,20,14.27,0,-5.9,60.03885776
2026-01-10 21:20:00+00:00,498.6977778,0,0,20,14.28666667,0,-5.900285714,60.55424561
2026-01-10 21:25:00+00:00,506.2488889,0,0,20,14.10666667,0,-5.920266667,60.86792208
2026-01-10 21:30:00+00:00,512.515942,0,0,20,13.895,0,-5.977,64.46675145
2026-01-10 21:35:00+00:00,519,0,0,20,13.81,0,-5.9,59.82182751
2026-01-10 21:40:00+00:00,529.2,0,0,20,13.66,0,-5.9,60.57048329
2026-01-10 21:45:00+00:00,536.34,0,0,20,13.6,0,-5.897714286,60.25207792
2026-01-10 21:50:00+00:00,537,0,0,20,13.8,0,-5.994566667,61.18864865
2026-01-10 21:55:00+00:00,537,0,0,20,14.1,0,-6,60.5
2026-01-10 22:00:00+00:00,535,0,0,20,14.5,0,-5.990416667,60.72064394
2026-01-10 22:05:00+00:00,534,0,0,20,14.575,0,-6,60.54
2026-01-10 22:10:00+00:00,533.6638889,0,0,20,14.67314286,0,-6,60.722
2026-01-10 22:15:00+00:00,533.92,0,0,20,14.52,0,-5.972545455,61.17047619
2026-01-10 22:20:00+00:00,534.2,0,0,20,14.24,0,-5.982,62.16225108
2026-01-10 22:25:00+00:00,531.8,0,0,20,14.04,0,-5.92,61.5518051
2026-01-10 22:30:00+00:00,528.8216667,0,0,20,13.88,0,-5.96979021,59.544
2026-01-10 22:35:00+00:00,527.98,0,0,20,13.8,0,-5.996857143,59.8231968
2026-01-10 22:40:00+00:00,525.9733333,0,0,20,13.90833333,0,-5.9,60.46909091
2026-01-10 22:45:00+00:00,523.07,0,0,20,14.19333333,0,-5.9,60.106
2026-01-10 22:50:00+00:00,522.2653846,0,0,20,14.34,0,-5.872142857,59.83146667
2026-01-10 22:55:00+00:00,522.5634921,0,0,20,14.6,0,-5.853333333,59.73724747
2026-01-10 23:00:00+00:00,522.1393939,0,0,20,14.7,0,-5.9,59.772
2026-01-10 23:05:00+00:00,522,0,0,20,14.66,0,-5.9,60.28462338
2026-01-10 23:10:00+00:00,522.5428571,0,0,20,14.4,0,-5.9,59.95884615
2026-01-10 23:15:00+00:00,523.7178571,0,0,20,14.23888889,0,-5.89475,63.28918182
2026-01-10 23:20:00+00:00,523.4333333,0,0,20,14.064,0,-5.88,60.5371125
2026-01-10 23:25:00+00:00,524.8222222,0,0,20,13.9,0,-5.8,60.55357143
2026-01-10 23:30:00+00:00,523.6035714,0,0,20,13.9,0,-5.73,60.68281609
2026-01-10 23:35:00+00:00,524.2363636,0,0,20,13.96,0,-5.7,60.25969231
2026-01-10 23:40:00+00:00,524.8888889,0,0,20,14.26,0,-5.7,60.57575758
2026-01-10 23:45:00+00:00,525.2,0,0,20,14.44666667,0,-5.7164,59.77807692
2026-01-10 23:50:00+00:00,526.4666667,0,0,20,14.62,0,-5.7295,59.98712121
2026-01-10 23:55:00+00:00,528.5,0,0,20,14.7,0,-5.8,59.5475
2026-01-11 00:00:00+00:00,530.0700549,0,0,20,14.664,0,-5.794666667,60.97356517
2026-01-11 00:05:00+00:00,532.5951872,0,0,19.99363636,14.42545455,0,-5.795147059,59.83040693
2026-01-11 00:10:00+00:00,536.5571429,0,0,19.91111111,14.3,0,-5.754373626,60.67675214
2026-01-11 00:15:00+00:00,537,0,0,19.9,14.02387302,0,-5.7,60.2651927
2026-01-11 00:20:00+00:00,539.1333333,0,0,19.9,13.92,0,-5.7,59.08545455
2026-01-11 00:25:00+00:00,539,0,0,19.9,13.9,0,-5.7,59.9026087
2026-01-11 00:30:00+00:00,540.7871053,0,0,19.915,13.96,0,-5.698973684,60.0339021
2026-01-11 00:35:00+00:00,541.2657576,0,0,19.99453441,14.21,0,-5.669,60.21774892
2026-01-11 00:40:00+00:00,539.8857143,0,0,20,14.46,0,-5.61,59.8306601
2026-01-11 00:45:00+00:00,538.475,0,0,20,14.585,0,-5.5,60.22973607
2026-01-11 00:50:00+00:00,536.875,0,0,20,14.6,0,-5.43625,60.51964286
2026-01-11 00:55:00+00:00,534.9044444,0,0,20,14.5375,0,-5.5204,60.38666667
2026-01-11 01:00:00+00:00,533.3714286,0,0,20,14.38,0,-5.526703297,60.24833333
2026-01-11 01:05:00+00:00,532.9818182,0,0,20,14.23942857,0,-5.5,59.66585382
2026-01-11 01:10:00+00:00,531.2666667,0,0,20,14.2,0,-5.5,60.60227273
2026-01-11 01:15:00+00:00,531.8,0,0,20,14.072,0,-5.462,60.172
2026-01-11 01:20:00+00:00,531.22,0,0,20,14,0,-5.4,60.2748012
2026-01-11 01:25:00+00:00,531,0,0,20,14,0,-5.328571429,60.6773201
2026-01-11 01:30:00+00:00,528.9568182,0,0,20,14.39333333,0,-5.3,60.05715789
2026-01-11 01:35:00+00:00,529.4,0,0,20,14.86,0,-5.3,60.37098472
2026-01-11 01:40:00+00:00,531.2483516,0,0,20,14.8,0,-5.308444444,60.5080303
2026-01-11 01:45:00+00:00,531,0,0,20,14.8,0,-5.27,60.16250392
2026-01-11 01:50:00+00:00,530.8447552,0,0,20,14.82,0,-5.2,59.35221429
2026-01-11 01:55:00+00:00,531,0,0,20,14.88,0,-5.196,59.815
2026-01-11 02:00:00+00:00,529.0571429,0,0,20,14.7,0,-5.188142857,61.01694118
2026-01-11 02:05:00+00:00,531.3333333,0,0,19.92666667,14.58125,0,-5.1225,60.24277778
2026-01-11 02:10:00+00:00,529.5,0,0,19.95692308,14.295,0,-5.100785714,60.2424277
2026-01-11 02:15:00+00:00,527.4666667,0,0,20,14.18,0,-5.195555556,63.49866667
2026-01-11 02:20:00+00:00,527.5222222,0,0,20,14.01,0,-5.2,60.1638961
2026-01-11 02:25:00+00:00,525.325,0,0,20,13.9,0,-5.2,60.17578947
2026-01-11 02:30:00+00:00,523.3833333,0,0,20,13.9,0,-5.156666667,61.434
2026-01-11 02:35:00+00:00,522.34,0,0,20,13.9,0,-5.16,61.93409524
2026-01-11 02:40:00+00:00,521.6370321,0,0,20,14,0,-5.181746032,60.84568966
2026-01-11 02:45:00+00:00,519.8,0,0,20,14.2,0,-5.16,62.05622711
2026-01-11 02:50:00+00:00,519.0422222,0,0,20,14.27847619,0,-5.174222222,60.92099559
2026-01-11 02:55:00+00:00,518.6,0,0,20,14.484,0,-5.1025,59.05826087
2026-01-11 03:00:00+00:00,517.6672727,0,0,19.95695767,14.415,0,-5.1,59.29694587
2026-01-11 03:05:00+00:00,515.9333333,0,0,19.9,14.22,0,-5.062857143,59.31783997
2026-01-11 03:10:00+00:00,513.2444444,0,0,19.9,14.025,0,-5.000571429,60.95833333
2026-01-11 03:15:00+00:00,512.0388889,0,0,19.9,13.92,0,-4.996,61.11428571
2026-01-11 03:20:00+00:00,510.8,0,0,19.96181818,13.815,0,-4.997555556,60.03418182
2026-01-11 03:25:00+00:00,508.8458333,0,0,19.96527778,13.8,0,-5.064384615,60.65213333
2026-01-11 03:30:00+00:00,507.3717172,0,0,19.9,13.88,0,-5.1,58.92107628
2026-01-11 03:35:00+00:00,507.7142857,0,0,19.9,14.125,0,-5.09,59.17986111
2026-01-11 03:40:00+00:00,507,0,0,19.9,14.27714286,0,-5.009142857,59.44113198
2026-01-11 03:45:00+00:00,506.045,0,0,19.9,14.56,0,-5.007555556,59.89272727
2026-01-11 03:50:00+00:00,504.55,0,0,19.9,14.6,0,-4.954,59.746
2026-01-11 03:55:00+00:00,503.7571429,0,0,19.9,14.58,0,-4.9,59.47215385
2026-01-11 04:00:00+00:00,502.28,0,0,19.9,14.415,0,-4.9,59.81909091
2026-01-11 04:05:00+00:00,501.08,0,0,19.9,14.212,0,-4.9,59.765
2026-01-11 04:10:00+00:00,499.5733333,0,0,19.9,14.1,0,-4.8025,61.52222222
2026-01-11 04:15:00+00:00,499.6909091,0,0,19.9,14.05,0,-4.8,62.48564103
2026-01-11 04:20:00+00:00,497.9295455,0,0,19.9,13.86,0,-4.835833333,59.96147368
2026-01-11 04:25:00+00:00,496,0,0,19.9,13.8,0,-4.9,60.79933264
2026-01-11 04:30:00+00:00,495.25,0,0,19.9,13.84166667,0,-4.85,60.94949495
2026-01-11 04:35:00+00:00,493.7413187,0,0,19.9,13.91333333,0,-4.8,60.47095545
2026-01-11 04:40:00+00:00,489.4,0,0,19.9,14.14,0,-4.8,60.27071429
2026-01-11 04:45:00+00:00,490.8916667,0,0,19.9,14.3,0,-4.8,60.69658032
2026-01-11 04:50:00+00:00,489,0,0,19.9,14.4,0,-4.8,60.72413237
2026-01-11 04:55:00+00:00,488.8095238,0,0,19.9,14.484,0,-4.762530769,60.45621622
2026-01-11 05:00:00+00:00,487.8916883,0,0,19.9,14.41333333,0,-4.718911977,60.10533333
2026-01-11 05:05:00+00:00,486.2,0,0,19.9,14.16,0,-4.725952381,58.5324
2026-01-11 05:10:00+00:00,487.369697,0,0,19.9,13.99333333,0,-4.8,59.07283516
2026-01-11 05:15:00+00:00,487.2666667,0,0,19.9,13.89466667,0,-4.872,61.33389474
2026-01-11 05:20:00+00:00,484.8,0,0,19.9,13.824,0,-4.893777922,60.70466667
2026-01-11 05:25:00+00:00,483.95,0,0,19.9,13.8,0,-4.9,58.85681818
2026-01-11 05:30:00+00:00,483.7566667,0,0,19.9,13.8,0,-4.905714286,59.1
2026-01-11 05:35:00+00:00,483.3054545,0,0,19.9,13.925,0,-4.978888889,59.18262599
2026-01-11 05:40:00+00:00,482.9846154,0,0,19.89809524,14.16,0,-5,59.53063153
2026-01-11 05:45:00+00:00,482.7146465,0,0,19.8,14.376,0,-5,59.60216117
2026-01-11 05:50:00+00:00,481.32,0,0,19.8,14.47222222,0,-4.957142857,59.45579586
2026-01-11 05:55:00+00:00,479.3,0,0,19.8,14.5,0,-4.9,59.68384615
2026-01-11 06:00:00+00:00,477.5866667,0,0,19.8,14.44666667,0,-4.904603175,59.77030303
2026-01-11 06:05:00+00:00,476.65,0,0,19.80307692,14.22,0,-4.92,59.76555556
2026-01-11 06:10:00+00:00,474.5227273,0,0,19.88030856,14.04,0,-5,61.60087409
2026-01-11 06:15:00+00:00,476.187013,0,0,19.9,13.932,0,-4.955785714,63.41385093
2026-01-11 06:20:00+00:00,474.7017045,0,0,19.9,13.875,0,-4.91,60.35324009
2026-01-11 06:25:00+00:00,474.2,0,0,19.9,13.755,0,-4.952666667,59.97733333
2026-01-11 06:30:00+00:00,474.8,0,0,19.9,13.76,0,-4.9,60.31333333
2026-01-11 06:35:00+00:00,474.96,0,0,19.9,13.91,0,-4.84,59.81865546
2026-01-11 06:40:00+00:00,473.7180952,0,0,19.9,14.047,0,-4.731876923,60.35274074
2026-01-11 06:45:00+00:00,472.1142857,0,0,19.9,14.18,0,-4.775636364,60.48153846
2026-01-11 06:50:00+00:00,472,0,0,19.9,14.3,0,-4.718379487,60.28168288
2026-01-11 06:55:00+00:00,472,0,0,19.9,14.5,0,-4.748571429,59.90333333
2026-01-11 07:00:00+00:00,470.8564103,0,0,19.9,14.42571429,0,-4.8,60.58762238
2026-01-11 07:05:00+00:00,470.2555556,0,0,19.9,14.3,0.061614907,-4.868888889,59.11672945
2026-01-11 07:10:00+00:00,470.1422222,0,0,19.9,14,0.174,-4.893818182,56.06539869
2026-01-11 07:15:00+00:00,468.8854167,0,0,19.9,13.95,0.333653274,-4.881456044,60.96666667
2026-01-11 07:20:00+00:00,468.525,0,0,19.9,13.78,0.614876623,-4.77980303,60.83626959
2026-01-11 07:25:00+00:00,468.15,0,0,19.9,13.7,1.187090909,-4.700222222,59.12666667
2026-01-11 07:30:00+00:00,466.6333333,0,0,19.88454545,13.82285714,1.968685714,-4.7688,59.91076923
2026-01-11 07:35:00+00:00,465.4,0,0,19.9,14.02571429,3.386723569,-4.885,59.92308046
2026-01-11 07:40:00+00:00,465,0,0,19.9,14.32,4.6218,-4.932571429,61.23363636
2026-01-11 07:45:00+00:00,464.5233333,0,0,19.9,14.5,5.700938913,-4.9,60.87222944
2026-01-11 07:50:00+00:00,464.0882051,0,0,19.9,14.5,8.437117053,-4.943076923,60.07250253
2026-01-11 07:55:00+00:00,464,0,0,19.83090909,14.596,19.45262005,-4.886,59.1
2026-01-11 08:00:00+00:00,463.3833333,0,0,19.8,14.5247619,21.99981482,-4.815688889,59.44367294
2026-01-11 08:05:00+00:00,462.445,0,0,19.8,14.275,26.16652857,-4.777777778,60.28552991
2026-01-11 08:10:00+00:00,461.4,0,0,19.8,14,38.60125544,-4.733659452,61.65336364
2026-01-11 08:15:00+00:00,460.3809524,0,0,19.8,14,45.09306818,-4.7,62.07028986
2026-01-11 08:20:00+00:00,460.58,0,0,19.8,13.84,46.31148889,-4.7,60.58444444
2026-01-11 08:25:00+00:00,460,0,0,19.80320513,13.8,46.56941273,-4.698888889,59.91082799
2026-01-11 08:30:00+00:00,460,0,0,19.84755037,13.8,64.40581688,-4.457894737,60.13321138
2026-01-11 08:35:00+00:00,459.9521154,0,0,19.9,13.95,73.83643253,-4.32,59.85063349
2026-01-11 08:40:00+00:00,459.0484848,0,0,19.9,14.22,81.28566667,-4.4,61.67454545
2026-01-11 08:45:00+00:00,458.1780952,0,0,19.885,14.36,88.30137644,-4.4,59.99942857
2026-01-11 08:50:00+00:00,458.0365325,0,0,19.83782906,14.4,91.93311188,-4.371313131,59.59201429
2026-01-11 08:55:00+00:00,457.5409023,0,0,19.82428696,14.4425,98.39790761,-4.24037296,60.11467553
2026-01-11 09:00:00+00:00,456.3846154,0,0,19.8,14.36547619,109.8710417,-4.030397727,59.95
2026-01-11 09:05:00+00:00,455.2166667,0,0,19.8,14.18,115.194619,-4,59.46071429
2026-01-11 09:10:00+00:00,455.6,0,0,19.8,14,120.4575043,-3.954363636,58.98307359
2026-01-11 09:15:00+00:00,454.9166667,0,0,19.8,13.92,127.1486947,-3.9,60.46933333
2026-01-11 09:20:00+00:00,454.2433333,0,0,19.765,13.8,133.0672348,-3.885714286,61.33652174
2026-01-11 09:25:00+00:00,454.2606593,0,0,19.72108108,13.8,138.1858937,-3.838686869,61.34946362
2026-01-11 09:30:00+00:00,452.3555556,0,0,19.8,13.8,143.8169139,-3.7914,60.78254181
2026-01-11 09:35:00+00:00,451.7661111,0,0,19.8,13.89714286,148.4358793,-3.732,56.8833277
2026-01-11 09:40:00+00:00,450.3577778,0,0,19.8,14.28,153.9167879,-3.7,57.65318182
2026-01-11 09:45:00+00:00,450.4272727,0,0,19.83436364,14.44,157.7815333,-3.7,60.51527273
2026-01-11 09:50:00+00:00,449.8,0,0,19.89818182,14.5,162.2770909,-3.582222222,60.47181818
2026-01-11 09:55:00+00:00,449.75,0,0,19.86461538,14.5,166.5387247,-3.5,60.18923077
2026-01-11 10:00:00+00:00,449.9444444,0,0,19.8,14.496875,168.7,-3.5,59.5677795
2026-01-11 10:05:00+00:00,449.14,0,0,19.8,14.3775,170.4528095,-3.396666667,58.99096774
2026-01-11 10:10:00+00:00,449.74,0,0,19.80275862,14.13333333,175.340135,-3.191711111,60.16209895
2026-01-11 10:15:00+00:00,449.95,0,0,19.9,13.9,178.3252381,-3.101,58.97636364
2026-01-11 10:20:00+00:00,448.9313131,0,0,19.9,13.884,181.0258571,-3.018,57.89781818
2026-01-11 10:25:00+00:00,447.9570513,0,0,19.91666667,13.744,183.6467842,-2.938,58.36848485
2026-01-11 10:30:00+00:00,447.275,0,0,20,13.7,187.3359359,-2.78,59.5986087
2026-01-11 10:35:00+00:00,448.8590909,0,0,20,13.7,189.3691667,-2.7,59.93809524
2026-01-11 10:40:00+00:00,449,0,0,20,13.788,191.0985455,-2.66,60.43282828
2026-01-11 10:45:00+00:00,448.96,0,0,20,13.89666667,194.5298268,-2.56,60.56651515
2026-01-11 10:50:00+00:00,448.1777778,0,0,20,13.985,196.1875351,-2.46,57.74468227
2026-01-11 10:55:00+00:00,449,0,0,20,14.2,196.65,-2.41,57.36430481
2026-01-11 11:00:00+00:00,444.3,0,0,20,14.2,199.0947955,-2.335142857,57.60477273
2026-01-11 11:05:00+00:00,448,0,0,20,14.2,200.3172195,-2.30125,57.86703008
2026-01-11 11:10:00+00:00,447.9636364,0,0,20,14.14,201.0022667,-2.219,58.61428571
2026-01-11 11:15:00+00:00,447.452381,0,0,20,14.01555556,201.5611791,-2.111608392,59.38497436
2026-01-11 11:20:00+00:00,447.4266667,0,0,20,13.81428571,202.0334679,-2.119918415,59.35915018
2026-01-11 11:25:00+00:00,447.2,0,0,20.08909091,13.63533333,202.0271905,-2.146022222,57.42161129
2026-01-11 11:30:00+00:00,448.1,0,0,20.1,13.53,202.0334909,-1.966857143,59.00769231
2026-01-11 11:35:00+00:00,447.2,0,0,20.1,13.356,201.8290769,-1.98,60.21448276
2026-01-11 11:40:00+00:00,446.5356643,0,0,20.1,13.3,201.6794058,-2,60.30662321
2026-01-11 11:45:00+00:00,446,0,0,20.1,13.3,201.2892143,-1.916666667,60.17724868
2026-01-11 11:50:00+00:00,446.8181818,0,0,20.1,13.35625,201.4971825,-1.88125,60.16357143
2026-01-11 11:55:00+00:00,446.3175566,0,0,20.1,13.44,200.4686857,-1.785833333,59.90748077
2026-01-11 12:00:00+00:00,446.2235294,0,0,20.1,13.624,199.2555168,-1.72125,59.4493619
2026-01-11 12:05:00+00:00,445.0272727,0,0,20.1769216,13.73,198.7112894,-1.806,59.12475524
2026-01-11 12:10:00+00:00,443.3777778,0,0,20.2,13.84,196.4462208,-1.809333333,58.89
2026-01-11 12:15:00+00:00,443,0,0,20.2,13.9,195.2000799,-1.8,57.98328759
2026-01-11 12:20:00+00:00,445.1666667,0,0,20.2,13.9,194.1976667,-1.8,57.50742857
2026-01-11 12:25:00+00:00,446,0,0,20.2,13.9,193.1177838,-1.8,56.06753535
2026-01-11 12:30:00+00:00,445.3583333,0,0,20.2,13.728,188.546203,-1.8,57.46805159
2026-01-11 12:35:00+00:00,444.6666667,0,0,20.2,13.36,170.1838363,-1.7421,59.03305263
2026-01-11 12:40:00+00:00,446.05,0,0,20.2,13.18333333,137.3545833,-1.7,59.0530303
2026-01-11 12:45:00+00:00,446.8320879,0,0,20.2,13.12333333,123.8696308,-1.8,57.39658558
2026-01-11 12:50:00+00:00,446.1373529,0,0,20.2,12.984,114.8470768,-1.8,58.52861862
2026-01-11 12:55:00+00:00,446,0,0,20.24010101,12.9,97.26766667,-1.871,59.60713805
2026-01-11 13:00:00+00:00,446,0,0,20.28746629,12.9,90.82170918,-1.899481162,58.92356036
2026-01-11 13:05:00+00:00,445.1328571,0,0,20.3,12.9,85.62545455,-1.9,55.65150357
2026-01-11 13:10:00+00:00,444.1058824,0,0,20.3,13.06571429,69.91560317,-1.981333333,57.15674343
2026-01-11 13:15:00+00:00,443.9,0,0,20.3,13.2,71.27509091,-2.046,58.97860963
2026-01-11 13:20:00+00:00,443.8055556,0,0,20.3,13.4,68.8608419,-2.1,59.05654882
2026-01-11 13:25:00+00:00,443.125,0,0,20.3,13.56,66.06397802,-2.1,58.4052381
2026-01-11 13:30:00+00:00,442.5555556,0,0,20.3,13.6,71.5915,-2.1,57.840311
2026-01-11 13:35:00+00:00,443,0,0,20.3,13.6,82.88096078,-2.1,59.05921569
2026-01-11 13:40:00+00:00,442.34,0,0,20.3,13.6,86.6995436,-2.088888889,59.88796639
2026-01-11 13:45:00+00:00,440.6133333,0,0,20.3,13.6,89.01664021,-2,60.18666667
2026-01-11 13:50:00+00:00,440.7985348,0,0,20.3,13.504,84.04761521,-2.0032,60.25876894
2026-01-11 13:55:00+00:00,439.6666667,0,0,20.3,13.34,82.2645,-2.022,60.00710526
2026-01-11 14:00:00+00:00,440.9777778,0,0,20.3,13.148,78.5444,-2.004,59.74555556
2026-01-11 14:05:00+00:00,441.2222222,0,0,20.3,12.98,74.27015392,-2.025277778,59.06
2026-01-11 14:10:00+00:00,439.3972222,0,0,20.3,12.708,59.56551047,-2.015113636,57.52074545
2026-01-11 14:15:00+00:00,439.4,0,0,20.3,12.552,43.51135366,-2.1,58.33824111
2026-01-11 14:20:00+00:00,440,0,0,20.3,12.44,35.90210411,-2.106,58.98985714
2026-01-11 14:25:00+00:00,439.90625,0,0,20.3,12.4,26.68596154,-2.203571429,59.2
2026-01-11 14:30:00+00:00,438,0,0,20.3,12.4,19.00713939,-2.308888889,60.79862069
2026-01-11 14:35:00+00:00,438,0,0,20.3,12.44,15.43394127,-2.402181818,60.74947619
2026-01-11 14:40:00+00:00,438.4,0,0,20.3,12.64,11.59029608,-2.5,58.88833333
2026-01-11 14:45:00+00:00,439.6888889,0,0,20.3,12.84,8.122814815,-2.529511111,59.7577037
2026-01-11 14:50:00+00:00,438.5143939,0,0,20.26909091,13.08,6.199520202,-2.600333333,59.87272727
2026-01-11 14:55:00+00:00,439,0,0,20.2,13.3,4.713811183,-2.611393939,59.60176158
2026-01-11 15:00:00+00:00,440.5177778,0,0,20.2,13.34,2.9442,-2.721111111,58.46885714
2026-01-11 15:05:00+00:00,436.94,0,0,20.2,13.43,2.066220096,-2.830952381,59.08133333
2026-01-11 15:10:00+00:00,437.1684211,0,0,20.2,13.495,1.614,-2.897142857,59.20277056
2026-01-11 15:15:00+00:00,437.8,0,0,20.2,13.5,1.028095238,-2.9,58.91166667
2026-01-11 15:20:00+00:00,438.125,0,0,20.2,13.4375,0.538970588,-2.9,58.63863636
2026-01-11 15:25:00+00:00,437.2920609,0,0,20.2,13.327,0.2768,-2.96,58.9818
2026-01-11 15:30:00+00:00,438,0,0,20.2,13.1,0.112857143,-3,60.04759772
2026-01-11 15:35:00+00:00,437.911746,0,0,20.2,12.9,0.002952381,-2.908,60.01064935
2026-01-11 15:40:00+00:00,437.1171329,0,0,20.19565217,12.7,0,-2.881428571,59.979
2026-01-11 15:45:00+00:00,438.0842735,0,0,20.1,12.6,0,-2.846783217,59.47305522
2026-01-11 15:50:00+00:00,437.4266667,0,0,20.1,12.48,0,-2.812984615,59.9926294
2026-01-11 15:55:00+00:00,438.6533333,0,0,20.1,12.4,0,-2.781333333,59.42728811
2026-01-11 16:00:00+00:00,437,0,0,20.1,12.586,0,-2.659,60.69757576
2026-01-11 16:05:00+00:00,436.3115385,0,0,20.1,12.67,0,-2.6135,60.77087719
2026-01-11 16:10:00+00:00,437.2888889,0,0,20.1,12.92066667,0,-2.766964286,60.81850877
2026-01-11 16:15:00+00:00,438.9375,0,0,20.1,13.3,0,-2.696428571,60.37897727
2026-01-11 16:20:00+00:00,438.1888889,0,0,20.01818182,13.58,0,-2.717647059,57.81324022
2026-01-11 16:25:00+00:00,437.98,0,0,20,13.74,0,-2.78,58.63157406
2026-01-11 16:30:00+00:00,438.7785714,0,0,20,13.975,0,-2.751363636,58.43272727
2026-01-11 16:35:00+00:00,438.9492308,0,0,20,13.93333333,0,-2.8,58.92235294
2026-01-11 16:40:00+00:00,436.5978022,0,0,20.0824,13.84,0,-2.814285714,58.9352
2026-01-11 16:45:00+00:00,436.6363636,0,0,20.1,13.724,0,-2.74,58.83862434
2026-01-11 16:50:00+00:00,437,0,0,20.1,13.55466667,0,-2.803333333,58.92567485
2026-01-11 16:55:00+00:00,433.96,0,0,20.1,13.42,0,-2.742857143,59.05990476
2026-01-11 17:00:00+00:00,434.9466667,0,0,20.1,13.18,0,-2.534321429,59.36484848
2026-01-11 17:05:00+00:00,435,0,0,20.1,13.06,0,-2.636285714,59.1686014
2026-01-11 17:10:00+00:00,435.9142857,0,0,20.1,12.96,0,-2.629,58.62363636
2026-01-11 17:15:00+00:00,435.25,0,0,20.1,12.9,0,-2.593125,60.14541667
2026-01-11 17:20:00+00:00,435.37,0,0,20.1,12.9,0,-2.557563636,58.3794
2026-01-11 17:25:00+00:00,436.2425,0,0,20.1,12.9,0,-2.6,58.21463636
2026-01-11 17:30:00+00:00,437.3454545,0,0,20.05706462,13.08380952,0,-2.601636364,57.61429151
2026-01-11 17:35:00+00:00,437.0615385,0,0,20.00540541,13.525,0,-2.654428571,58.57762213
2026-01-11 17:40:00+00:00,437.8266667,0,0,20,13.86666667,0,-2.643666667,57.98728571
2026-01-11 17:45:00+00:00,437.8,0,0,20,14.04,0,-2.764,58.75318681
2026-01-11 17:50:00+00:00,437.4,0,0,20,14.21333333,0,-2.88,59.61915761
2026-01-11 17:55:00+00:00,437.2592532,0,0,20,14.28666667,0,-3.08,59.82096237
2026-01-11 18:00:00+00:00,436.3375,0,0,20,14.26,0,-3.1,59.36010695
2026-01-11 18:05:00+00:00,436,0,0,20,14.08,0,-3.1,59.68666667
2026-01-11 18:10:00+00:00,436.75,0,0,20,13.9,0,-3.08,59.96753247
2026-01-11 18:15:00+00:00,438.1142857,0,0,20,13.82,0,-3.014222222,58.66080808
2026-01-11 18:20:00+00:00,435.75,0,0,20,13.632,0,-2.996,58.95272727
2026-01-11 18:25:00+00:00,435.15,0,0,20,13.42,0,-2.93825,59.64202797
2026-01-11 18:30:00+00:00,435.5333333,0,0,20,13.218,0,-2.932204546,57.33010101
2026-01-11 18:35:00+00:00,436.6,0,0,20,13.14,0,-2.98425,58.15318182
2026-01-11 18:40:00+00:00,436.1636364,0,0,20,13.1,0,-3.084,59.11765568
2026-01-11 18:45:00+00:00,435.1594406,0,0,20,13.1,0,-3.182222222,59.37012172
2026-01-11 18:50:00+00:00,436.0535714,0,0,20,13.1,0,-3.18,59.67010989
2026-01-11 18:55:00+00:00,436.06,0,0,20,13.18,0,-3.093333333,59.79482838
2026-01-11 19:00:00+00:00,436.8363636,0,0,20,13.392,0,-3.098,60.04461345
2026-01-11 19:05:00+00:00,436.75,0,0,20,13.575,0,-3.075,60.36949883
2026-01-11 19:10:00+00:00,435.9777778,0,0,20,13.76,0,-2.931428571,56.63025974
2026-01-11 19:15:00+00:00,434.7,0,0,20,13.8,0,-2.9,60.16060606
2026-01-11 19:20:00+00:00,434.6735043,0,0,20,13.8,0,-2.902501943,59.44520147
2026-01-11 19:25:00+00:00,436.71,0,0,20,13.8,0,-2.713,59.02565182
2026-01-11 19:30:00+00:00,435.6547619,0,0,20,13.7,0,-2.81295,58.92029101
2026-01-11 19:35:00+00:00,435.05,0,0,20,13.56,0,-2.914727273,59.31124339
2026-01-11 19:40:00+00:00,434.5,0,0,20,13.415,0,-2.756666667,59.74166667
2026-01-11 19:45:00+00:00,435.26,0,0,20,13.25071429,0,-2.70225,59.97119048
2026-01-11 19:50:00+00:00,435.7825,0,0,20,13.16742857,0,-2.773142857,59.7325
2026-01-11 19:55:00+00:00,435.4725275,0,0,20,13.1,0,-2.796923077,58.1226087
2026-01-11 20:00:00+00:00,435.9642857,0,0,19.9921875,13.1,0,-2.802083333,58.7103125
2026-01-11 20:05:00+00:00,435.9431373,0,0,19.91836842,13.1,0,-2.885333333,59.14685507
2026-01-11 20:10:00+00:00,434.7333333,0,0,19.98956522,13.219,0,-2.902,59.68456897
2026-01-11 20:15:00+00:00,433.0235294,0,0,20,13.38838095,0,-2.933,60.3508108
2026-01-11 20:20:00+00:00,433.9666667,0,0,19.99777778,13.7,0,-3.54,58.43363118
2026-01-11 20:25:00+00:00,433.5428571,0,0,19.91548387,13.89333333,0,-3.34,58.58235297
2026-01-11 20:30:00+00:00,433.86,0,0,19.9,14,0,-3.348767677,59.00654545
2026-01-11 20:35:00+00:00,433.1350427,0,0,19.9,14,0,-3.4,59.86238636
2026-01-11 20:40:00+00:00,433.9155556,0,0,19.9,14,0,-3.351607843,60.15363418
2026-01-11 20:45:00+00:00,435.1090909,0,0,19.9,13.94,0,-3.179114286,59.75057143
2026-01-11 20:50:00+00:00,435.5111111,0,0,19.9,13.8,0,-3.116755556,58.96
2026-01-11 20:55:00+00:00,434,0,0,19.9,13.7,0,-3.038888889,58.9125
2026-01-11 21:00:00+00:00,434.4142857,0,0,19.9,13.62,0,-2.88,58.90495238
2026-01-11 21:05:00+00:00,433.3272727,0,0,19.9,13.4,0,-2.6375,60.49467532
2026-01-11 21:10:00+00:00,433.67,0,0,19.9,13.34,0,-2.536423576,60.92567766
2026-01-11 21:15:00+00:00,434,0,0,19.9,13.3,0,-2.530615385,59.25201149
2026-01-11 21:20:00+00:00,435.6,0,0,19.9,13.3,0,-2.58525,59.2045614
2026-01-11 21:25:00+00:00,435.2830769,0,0,19.9,13.3,0,-2.584590909,59.34505051
2026-01-11 21:30:00+00:00,435,0,0,19.80322589,13.34333333,0,-2.64,59.64
2026-01-11 21:35:00+00:00,435,0,0,19.8,13.56,0,-2.814222222,59.48869565
2026-01-11 21:40:00+00:00,436,0,0,19.8,13.76,0,-3.036,59.0084874
2026-01-11 21:45:00+00:00,434.8533333,0,0,19.8,13.86,0,-3.164872727,59.40888889
2026-01-11 21:50:00+00:00,434.6875,0,0,19.8,13.92857143,0,-3.238811189,59.39675844
2026-01-11 21:55:00+00:00,435.9230769,0,0,19.8,14,0,-3.3,59.30036364
2026-01-11 22:00:00+00:00,435.4,0,0,19.8,13.90666667,0,-3.214571429,59.15259399
2026-01-11 22:05:00+00:00,438.2666667,0,0,19.8,13.8,0,-2.9804,58.67602339
2026-01-11 22:10:00+00:00,438.5246753,0,0,19.8,13.73333333,0,-2.9,58.19636364
2026-01-11 22:15:00+00:00,437.6,0,0,19.87101173,13.6,0,-2.82,59.2
2026-01-11 22:20:00+00:00,436.3315789,0,0,19.9,13.6,0,-2.516298701,58.851
2026-01-11 22:25:00+00:00,437.2615385,0,0,19.9,13.52,0,-2.690909091,57.98502061
2026-01-11 22:30:00+00:00,436.7466667,0,0,19.9,13.4,0,-2.860857143,58.88118158
2026-01-11 22:35:00+00:00,436.1690909,0,0,19.9,13.4,0,-2.852,59.6
2026-01-11 22:40:00+00:00,436.5090909,0,0,19.9,13.44,0,-2.66,59.68529412
2026-01-11 22:45:00+00:00,437.0357143,0,0,19.9,13.50714286,0,-2.596153846,59.72831585
2026-01-11 22:50:00+00:00,437.0985714,0,0,19.9,13.58571429,0,-2.516923077,59.07519568
2026-01-11 22:55:00+00:00,435.6,0,0,19.9,13.8,0,-2.38,58.387
2026-01-11 23:00:00+00:00,435,0,0,19.9,13.8,0,-2.177454546,56.57745299
2026-01-11 23:05:00+00:00,436.2,0,0,19.9,13.8,0,-2.0407,56.52105263
2026-01-11 23:10:00+00:00,435.76,0,0,19.9,13.78,0,-1.626666667,58.09923077
2026-01-11 23:15:00+00:00,434.8117216,0,0,19.9,13.6975,0,-1.416923077,58.66657576
2026-01-11 23:20:00+00:00,436.9349206,0,0,19.9,13.6,0,-2.527857143,59.04030303
2026-01-11 23:25:00+00:00,437.1428571,0,0,19.9,13.595,0,-2.6,59.11171356
2026-01-11 23:30:00+00:00,436.9636364,0,0,19.85090909,13.515,0,-2.36,59.91462185
2026-01-11 23:35:00+00:00,436.5818182,0,0,19.8,13.41333333,0,-2.52,60.6047619
2026-01-11 23:40:00+00:00,436.2678571,0,0,19.8,13.4,0,-2.769421134,57.69375
2026-01-11 23:45:00+00:00,436.6416667,0,0,19.8,13.4,0,-2.7275,57.7
2026-01-11 23:50:00+00:00,436.375,0,0,19.8,13.52,0,-2.681628959,59.02757895
2026-01-11 23:55:00+00:00,436.875,0,0,19.8,13.6,0,-2.633156566,59.55244921
2026-01-12 00:00:00+00:00,436.5111111,0,0,19.8,13.6,0,-2.6,59.495
2026-01-12 00:05:00+00:00,436.6694444,0,0,19.8,13.6,0,-2.6,58.73714286
2026-01-12 00:10:00+00:00,436.9609363,0,0,19.8,13.6,0,-2.66,58.7313756
2026-01-12 00:15:00+00:00,436.8921212,0,0,19.8,13.6,0,-2.772,57.36987879
2026-01-12 00:20:00+00:00,437.44,0,0,19.8,13.6,0,-2.766857143,59.19825861
2026-01-12 00:25:00+00:00,438.2,0,0,19.75789474,13.52,0,-2.670305556,59.028
2026-01-12 00:30:00+00:00,437.2735043,0,0,19.7,13.5,0,-2.586214286,58.98297182
2026-01-12 00:35:00+00:00,438.7115385,0,0,19.7,13.5,0,-2.7,59.04067982
2026-01-12 00:40:00+00:00,437.8159091,0,0,19.7,13.552,0,-2.651428571,58.78469697
2026-01-12 00:45:00+00:00,437.9024242,0,0,19.7,13.644,0,-2.6,59.15544922
2026-01-12 00:50:00+00:00,439.4983333,0,0,19.7,13.86666667,0,-2.6816,58.83388528
2026-01-12 00:55:00+00:00,438.6403846,0,0,19.7,14,0,-2.701318182,59.17595534
2026-01-12 01:00:00+00:00,438.55,0,0,19.7,14,0,-2.5505,59.18339869
2026-01-12 01:05:00+00:00,439.695,0,0,19.7,14,0,-2.553852814,59.15956169
2026-01-12 01:10:00+00:00,438.2,0,0,19.7,14,0,-2.26,59.47663084
2026-01-12 01:15:00+00:00,437.2107143,0,0,19.7,13.86,0,-2.266321429,58.91090909
2026-01-12 01:20:00+00:00,438.000989,0,0,19.7,13.8,0,-2.3,59.75514483
2026-01-12 01:25:00+00:00,438.4972222,0,0,19.7,13.8,0,-2.3,59.51411255
2026-01-12 01:30:00+00:00,437.0400641,0,0,19.7,13.8,0,-2.25,58.80083333
2026-01-12 01:35:00+00:00,437.6,0,0,19.7,13.8,0,-2.144181818,58.41833333
2026-01-12 01:40:00+00:00,437.1375,0,0,19.7,13.8,0,-2.184,58.81619048
2026-01-12 01:45:00+00:00,438,0,0,19.69473684,13.8,0,-2.293333333,58.74705882
2026-01-12 01:50:00+00:00,436.3333333,0,0,19.6,13.9,0,-2.125714286,58.86666667
2026-01-12 01:55:00+00:00,438.3820513,0,0,19.6,13.96333333,0,-2.073818182,58.96163636
2026-01-12 02:00:00+00:00,437.3142857,0,0,19.6,14.16,0,-2.197142857,58.74157842
2026-01-12 02:05:00+00:00,436.8666667,0,0,19.6,14.2,0,-1.348571429,58.85017199
2026-01-12 02:10:00+00:00,435.0666667,0,0,19.6,14.2,0,-1.608333333,58.4987193
2026-01-12 02:15:00+00:00,435,0,0,19.6,14.2,0,-2.42,58.65712121
2026-01-12 02:20:00+00:00,435.5314286,0,0,19.6,14.07619048,0,-2.906358974,58.9991342
2026-01-12 02:25:00+00:00,434,0,0,19.6,13.9,0,-3.205482955,58.89736842
2026-01-12 02:30:00+00:00,434.8222222,0,0,19.6,13.75833333,0,-3.421333333,58.82942857
2026-01-12 02:35:00+00:00,435.6422222,0,0,19.6,13.64,0,-3.561111111,59.64558712
2026-01-12 02:40:00+00:00,434.8333333,0,0,19.6,13.6,0,-3.692920635,62.26190476
2026-01-12 02:45:00+00:00,434.3555556,0,0,19.6,13.54,0,-3.76,58.63674937
2026-01-12 02:50:00+00:00,435.1466667,0,0,19.6,13.5,0,-3.784444444,59.42041958
2026-01-12 02:55:00+00:00,434.1657143,0,0,19.6,13.5,0,-3.982857143,59.41636364
2026-01-12 03:00:00+00:00,435.85,0,0,19.6,13.615,0,-3.917435897,59.22219663
2026-01-12 03:05:00+00:00,436,0,0,19.6,13.836,0,-3.991428571,59.55455238
2026-01-12 03:10:00+00:00,435.9034848,0,0,19.6,14.01466667,0,-3.9978,59.45555556
2026-01-12 03:15:00+00:00,437.7962393,0,0,19.6,14.188,0,-3.994785714,59.34615385
2026-01-12 03:20:00+00:00,436.7878788,0,0,19.6,14.3,0,-4.05625,59.585
2026-01-12 03:25:00+00:00,435.3777778,0,0,19.6,14.26,0,-4.082628205,59.74425
2026-01-12 03:30:00+00:00,435,0,0,19.6,14.06,0,-3.94,59.4815
2026-01-12 03:35:00+00:00,434.98,0,0,19.6,13.97,0,-3.895277778,59.95156643
2026-01-12 03:40:00+00:00,436.4222222,0,0,19.6,13.73333333,0,-3.899333333,59.72377033
2026-01-12 03:45:00+00:00,436.2,0,0,19.6,13.6,0,-3.826178571,61.2019883
2026-01-12 03:50:00+00:00,436.6,0,0,19.6,13.6,0,-3.903333333,60.32031579
2026-01-12 03:55:00+00:00,437.0694444,0,0,19.6,13.6,0,-4,59.57363636
2026-01-12 04:00:00+00:00,437,0,0.06,19.53933333,13.6,0,-4,59.51
2026-01-12 04:05:00+00:00,436.6457143,0,0.02,19.5,13.6,0,-4.168,59.3469627
2026-01-12 04:10:00+00:00,436.8818182,127.5466667,0,19.5,14.52666667,0,-3.9975,58.94712121
2026-01-12 04:15:00+00:00,431.6944444,86.43333333,0,19.42515152,18.66333333,0,-1.416666667,58.32657576
2026-01-12 04:20:00+00:00,433.1909722,56.06666667,0,19.4,23.9,0,-0.216428571,58.43958333
2026-01-12 04:25:00+00:00,434.8615385,55.5875,0,19.4,26.22,0,0.118649351,58.24056731
2026-01-12 04:30:00+00:00,431.6,55.10909091,0,19.4,24.84,0,0.293,58.1
2026-01-12 04:35:00+00:00,427.87,56.03782609,0,19.4,21.28333333,0,0.113428571,57.91833333
2026-01-12 04:40:00+00:00,427.1410714,56.44409938,0,19.4,20.24,0,0,56.84578465
2026-01-12 04:45:00+00:00,427.8888889,56.16,0,19.4,22.23666667,0,-0.01,57.51521368
2026-01-12 04:50:00+00:00,428.025,56.12185592,0,19.4,24.11166667,0,-0.023426573,58.33090741
2026-01-12 04:55:00+00:00,429.3636364,56.0010582,0,19.4,24.82,0,-0.088571429,58.03185185
2026-01-12 05:00:00+00:00,431.575,55.76,0,19.4,23.22,0,-0.179555556,58.28958333
2026-01-12 05:05:00+00:00,434.0571429,56.92727273,0,19.4,21.67,0,0.052333333,57.18417112
2026-01-12 05:10:00+00:00,435,56.27272727,0,19.46,21.62,0,0.04,58.01295313
2026-01-12 05:15:00+00:00,434.0625,54.21031746,0,19.5,21.7,0,0,58.5075
2026-01-12 05:20:00+00:00,433.7269841,50.2,0,19.5,22.9,0,0.077777778,57.81090909
2026-01-12 05:25:00+00:00,433.9180952,50.95890909,0,19.5,24.13675595,0,0.002857143,57.9169697
2026-01-12 05:30:00+00:00,433,50,0,19.5,23.54,0,0.056,58.09545455
2026-01-12 05:35:00+00:00,432.5714286,49.93846154,0,19.5,22.445,0,0.145142857,58.10307692
2026-01-12 05:40:00+00:00,432.15,50.36666667,0,19.5,22.05666667,0,0.02,57.89266667
2026-01-12 05:45:00+00:00,432.0733333,50.88655462,0,19.5,22.39285714,0,-0.14955,58.05238095
2026-01-12 05:50:00+00:00,432,50.52307692,0,19.5,22.98,0,-0.298392857,58.24761905
2026-01-12 05:55:00+00:00,431.8333333,51.41333333,0,19.5,23.5275,0,-0.472,58.07423529
2026-01-12 06:00:00+00:00,432.0857143,50.935,0,19.5,23.68678571,0,-0.515371429,58.02885041
2026-01-12 06:05:00+00:00,433.2,49.87789474,0,19.5,23.3,0,-0.852380952,58.839
2026-01-12 06:10:00+00:00,432.1111111,50.18265993,0,19.5,22.82857143,0,-0.616666667,58.75514069
2026-01-12 06:15:00+00:00,434.1166667,50.76666667,0,19.5,22.6025,0,-0.54,58.21064777
2026-01-12 06:20:00+00:00,435.9636364,49.9973913,0,19.5,22.72,0,-0.544,58.338
2026-01-12 06:25:00+00:00,435.7777778,49.92727273,0,19.5,23.08,0,-0.249166667,57.92761953
2026-01-12 06:30:00+00:00,441.3151515,50.67532468,5.964444444,19.5,23.425,0,0.042666667,57.68275592
2026-01-12 06:35:00+00:00,449.9071429,50.28744939,29.80057692,19.49833333,23.35,0,0.181818182,57.47238095
2026-01-12 06:40:00+00:00,453.7333333,51.87882188,29.79833333,19.49909091,23.18,0,0.12575,59.1003509
2026-01-12 06:45:00+00:00,461.610989,50.53538462,29.85646667,19.5,22.74181818,0,0.102,57.06144444
2026-01-12 06:50:00+00:00,460.12,47.53333333,29.7608,19.5,22.58,0,0.159076923,57.69381818
2026-01-12 06:55:00+00:00,465.7428571,50.96470588,29.712375,19.50666667,22.915,0,0.2775,58.43
2026-01-12 07:00:00+00:00,467.8,50.20727273,29.62377895,19.59,23.195,0,0.262272727,58.71936508
2026-01-12 07:05:00+00:00,490,50,29.5,19.6,23.4,0.065,0.469602273,56.31346154
2026-01-12 07:10:00+00:00,487.5076923,51.64777328,29.58975,19.51222222,23.41,0.1,0.491111111,56.80631579
2026-01-12 07:15:00+00:00,493.75,49.16363636,29.3025,19.58727273,22.92333333,0.186666667,0.67375,57.13818182
2026-01-12 07:20:00+00:00,482.2222222,49.95555556,29.30444444,19.6,22.56857143,0.457894737,0.617777778,55.81401089
2026-01-12 07:25:00+00:00,479.9833333,50.75852535,29.31047059,19.60166667,22.42,0.822625,0.629166667,56.46954545
2026-01-12 07:30:00+00:00,482.2951049,50.27838828,29.1332381,19.67925439,22.58,1.449067766,0.9,57.83231894
2026-01-12 07:35:00+00:00,486.6333333,49.77835498,28.81904545,19.7,23.16,2.733551282,1.273333333,57.0119697
2026-01-12 07:40:00+00:00,493.2,48.28235294,28.61875,19.7,23.5475,3.353590909,1.37725,57.04176923
2026-01-12 07:45:00+00:00,495.9111111,48.05454545,28.414,19.7,23.51333333,4.749265632,1.515590909,57.23077441
2026-01-12 07:50:00+00:00,496.8138195,48.73527917,28.20639177,19.60887329,23.19916667,4.290855262,1.716883838,56.11497251
2026-01-12 07:55:00+00:00,495,49.62987013,28.15144471,19.6,22.81458333,4.560117345,1.7,56.35416667
2026-01-12 08:00:00+00:00,502.9071429,49.66916667,27.9107619,19.6,22.7,5.764580087,2.122857143,56.28545455
2026-01-12 08:05:00+00:00,561.8714286,50.55323077,27.9358,19.66613757,22.76,7.233219105,2.267,54.81273208
2026-01-12 08:10:00+00:00,614.9583333,50.26444444,28.0842,19.7578355,22.92,9.451311037,2.172909091,55.11290333
2026-01-12 08:15:00+00:00,624.1,49.45396825,28.12684211,19.8,23.14,11.78831559,2.136,55.6
2026-01-12 08:20:00+00:00,655.3555556,49.67333333,27.95383333,19.87333333,23.2,12.99,1.89,55.64606061
2026-01-12 08:25:00+00:00,668.4412698,48.67272727,27.86935065,19.9,23.14,14.97072727,2.075142857,55.76488889
2026-01-12 08:30:00+00:00,685.7333333,49.06666667,27.7383,19.98035088,22.94,16.49335526,2.286857143,55.61255639
2026-01-12 08:35:00+00:00,681.8952381,49.09275362,27.61008056,20,22.88,17.10846667,2.296888889,55.70935303
2026-01-12 08:40:00+00:00,689.5129293,50.57498005,27.82622222,20,22.8,17.21822511,1.71,55.77597148
2026-01-12 08:45:00+00:00,695.4623377,62.48063973,27.66135038,20.12677989,22.848,17.91033599,2.442222222,56.09294439
2026-01-12 08:50:00+00:00,685.4861111,56.74368687,27.73996429,20.2,23.0325,20.13054167,2.254,56.21613636
2026-01-12 08:55:00+00:00,680.76,54.36710526,28.02866667,20.2,23.2,21.8,2.19,55.9734
2026-01-12 09:00:00+00:00,692.68,50.39747368,28.45454545,20.2,23.168,24.02912,2.109777778,55.823663
2026-01-12 09:05:00+00:00,696.9055556,54.64848485,28.20086667,20.25642857,23,28.29943723,2.001428571,56.30655844
2026-01-12 09:10:00+00:00,723.0285714,68.2,27.88725,20.3,22.995,30.81278322,1.999333333,56.08692308
2026-01-12 09:15:00+00:00,714.9166667,68.45454545,27.90883333,20.36027273,22.915,33.4368,2.088433333,56.46278182
2026-01-12 09:20:00+00:00,690.9392857,52.97857143,28.007,20.4,23.07,36.32625664,1.912928571,55.80853147
2026-01-12 09:25:00+00:00,680.6027778,49.07272727,28.3218,20.4,23.2,38.91618182,1.996222222,54.46881119
2026-01-12 09:30:00+00:00,686,50.36883117,28.224,20.445,23.16,39.86392208,1.97,55.22861111
2026-01-12 09:35:00+00:00,753.8007792,82.44076913,27.6259026,20.56086957,22.92333333,43.03011636,2.276,56.74373077
2026-01-12 09:40:00+00:00,760.6035714,89.37878788,28.02898679,20.73777778,22.83333333,50.18384722,1.72,55.77132468
2026-01-12 09:45:00+00:00,739.2828283,79.80131579,27.60064103,20.74026316,22.9,57.069,2.852777778,55.49423077
2026-01-12 09:50:00+00:00,729.4666667,77.74877062,27.13644444,20.73600458,22.98,79.31233279,3.000839161,55.26344156
2026-01-12 09:55:00+00:00,736.28,76.06773399,27.38304762,20.85,23.08,74.71006948,2.301333333,54.82152381
2026-01-12 10:00:00+00:00,733.4040404,66.79844156,27.88718242,20.8,23.02,49.9516,2.1,55.70292208
2026-01-12 10:05:00+00:00,723.05,67.92014652,27.91574286,20.84286713,22.9,46.7,1.98,56.28757576
2026-01-12 10:10:00+00:00,727.1206349,67.44,27.7925974,20.9,22.9,46.3325,2.133714286,56.09771981
2026-01-12 10:15:00+00:00,744.66,77.4025,28.10315,20.96470588,22.96666667,46.29876136,1.904404762,55.84998818
2026-01-12 10:20:00+00:00,740.2698413,72.10586081,28.44818571,21,23.125,47.14072727,1.924,55.5412886
2026-01-12 10:25:00+00:00,731.7046465,64.08585859,28.46400167,21,23.2,48.98303804,1.749333333,55.95753412
2026-01-12 10:30:00+00:00,716.2664286,57.03043478,28.11255478,21.04805797,23.2,52.63454545,2.028,55.7164058
2026-01-12 10:35:00+00:00,716.5980519,55.76832845,27.70537946,21.09482143,23.14642857,53.77949074,2.3250625,56.23388889
2026-01-12 10:40:00+00:00,717.1777778,58.92870813,27.77662121,21.1,22.98,55.39628275,2.200893939,56.41904762
2026-01-12 10:45:00+00:00,690.6909091,55.12142857,27.46742857,21.1,22.9,57.04688593,2.396888889,56.23923426
2026-01-12 10:50:00+00:00,689.4535714,54.27070707,27.66083333,21.136,22.94,57.59307692,2.116,56.12615385
2026-01-12 10:55:00+00:00,686.2553846,54.94,27.89248571,21.2,23.06,57.18633333,1.926,56
2026-01-12 11:00:00+00:00,688.5166667,54.86238095,27.89568889,21.17095238,23.14285714,58.447825,2.178666667,56.1235
2026-01-12 11:05:00+00:00,671.7333333,52.26136364,27.91775,21.07925926,23.128,58.10822662,2.103428571,56.13608392
2026-01-12 11:10:00+00:00,619.1746032,53.39525084,27.71680808,21,22.84,57.04077249,2.228,55.67428571
2026-01-12 11:15:00+00:00,566.0166667,54.76945455,28.07425,21,22.82,54.67632364,2.015555556,55.38274286
2026-01-12 11:20:00+00:00,564.5278571,54.38190476,27.79433478,21,22.94,52.65771212,2.136363636,55.75579021
2026-01-12 11:25:00+00:00,544.6583333,53.5847619,27.64542222,20.96975,23.05,49.85235057,2.165402597,55.82720424
2026-01-12 11:30:00+00:00,516.75,52.78846154,28.04535714,20.9,23.175,47.47369048,1.935396825,55.915
2026-01-12 11:35:00+00:00,510.8666667,53.04,28.02987879,20.916,23.05,47.42578543,1.885142857,56.11014493
2026-01-12 11:40:00+00:00,519.85,51.44,28.54022222,20.984,22.88,47.48360199,1.609519231,56.25219761
2026-01-12 11:45:00+00:00,516.7801587,52.94461279,28.27801073,20.90531746,22.8,50.00425842,1.612494444,56.32777778
2026-01-12 11:50:00+00:00,510,53.93076923,27.8898,20.9,22.8,54.81779757,2.03,56.70166667
2026-01-12 11:55:00+00:00,510.7333333,53.98181818,28.389,20.9,23,56.52221053,1.622,56.278
2026-01-12 12:00:00+00:00,511.6083333,47.80350877,28.77307692,20.9,23.2,54.74925455,1.771428571,55.69866029
2026-01-12 12:05:00+00:00,559.0375758,50.94370202,28.62973333,20.9679418,23.16666667,53.59,1.3,56.17198413
2026-01-12 12:10:00+00:00,717.1416667,66.14210526,27.9812381,21.10262243,23.01466667,57.207,1.6,56.94070106
2026-01-12 12:15:00+00:00,779.6727273,101.8842105,27.79538462,21.29333333,22.9,61.52156811,2.018844444,55.54214286
2026-01-12 12:20:00+00:00,790.3626603,102.2988591,27.88487934,21.3,22.9,60.32585231,2.192791667,56.29596774
2026-01-12 12:25:00+00:00,804.5714286,148.5428571,27.9597,21.3,23,59.68659399,2.059083333,56.79168104
2026-01-12 12:30:00+00:00,796.7172222,110.5274033,28.07922929,21.3824,23,61.40816667,2.170444444,56.13813333
2026-01-12 12:35:00+00:00,802.5030303,125.8444946,28.00654545,21.57636364,22.93,63.23284848,2.133333333,55.60027972
2026-01-12 12:40:00+00:00,841.2,142.1084249,28.12272727,21.67761905,22.9,63.74578117,1.944816667,56.08940659
2026-01-12 12:45:00+00:00,828.6923077,133.5,27.96042857,21.7,23.08857143,56.53979581,1.732194444,56.41306867
2026-01-12 12:50:00+00:00,838.3384615,142.44,28.21906667,21.61866667,23.2,50.32929089,1.526114286,57.83457576
2026-01-12 12:55:00+00:00,808.6857143,123.0997262,28.45502976,21.76444444,23.08666667,46.52132209,1.646888889,57.44983165
2026-01-12 13:00:00+00:00,837.4444444,157.2511515,28.50977778,21.71090909,22.92,45.02022222,1.744285714,55.7914
2026-01-12 13:05:00+00:00,895.2,188.2,28.48613889,21.7,22.9,40.41317878,2.12625,54.98972222
2026-01-12 13:10:00+00:00,776.8456876,168.6905051,28.18584848,21.7,22.9,37.85438384,1.78,56.13483871
2026-01-12 13:15:00+00:00,690.2222222,132.4842579,28.26993007,21.62398119,22.85,37.24145833,1.628571429,56.77061129
2026-01-12 13:20:00+00:00,653.9916667,92.32,28.42230556,21.53090909,22.86,35.42330702,1.816,56.25777778
2026-01-12 13:25:00+00:00,697.5555556,62.89166667,28.1922,21.422,23.02,31.58977912,1.874,55.90468848
2026-01-12 13:30:00+00:00,764.1142857,97.08333333,28.211,21.40333333,23.16,28.22366667,1.854,56.655
2026-01-12 13:35:00+00:00,733.8,89.73333333,28.284,21.57924466,23.2,25.67363636,1.632285714,56.17619048
2026-01-12 13:40:00+00:00,652.2909091,62.79,28.10071818,21.633,23.1,25.87822051,1.878,56.446
2026-01-12 13:45:00+00:00,689,54.69333333,27.912,21.6,22.86,24.18930281,2.282222222,56.23409091
2026-01-12 13:50:00+00:00,672.6333333,53.07959866,27.985,21.52459627,22.84,20.95154545,1.9,57.7958498
2026-01-12 13:55:00+00:00,650.651655,50.75287449,28.05868687,21.49246154,22.956,18.05100405,1.9,56.585
2026-01-12 14:00:00+00:00,609.25,49.62,27.92085714,21.425,23.1,11.9161,2.097142857,56.1630303
2026-01-12 14:05:00+00:00,652.207326,50.2375,28.10322222,21.45740891,23.1,9.979142241,1.894318182,55.68882081
2026-01-12 14:10:00+00:00,759.2291667,84.1871345,28.06883523,21.5715368,23.05,8.217414188,1.866666667,56.275
2026-01-12 14:15:00+00:00,798.45,111.7108225,27.98444444,21.65906255,22.9,7.650969433,2.004,56.029
2026-01-12 14:20:00+00:00,807.7555556,123.0747475,28.1434,21.77345455,22.9,7.200753247,2.172333333,54.85003828
2026-01-12 14:25:00+00:00,809.95,121.3968421,28.30192276,21.8,22.9,6.760964286,1.925111111,55.91017857
2026-01-12 14:30:00+00:00,842.3111111,146.8,28.17444444,21.8,23.01714286,5.888533333,2.0264,55.55719298
2026-01-12 14:35:00+00:00,820.3818182,149.5254902,28.05093651,21.69989305,23.2,4.98075,1.915555556,55.89636364
2026-01-12 14:40:00+00:00,692.9333333,118.0280769,27.84191919,21.6,23.09333333,3.925769231,2.02,55.77179798
2026-01-12 14:45:00+00:00,603.0888889,84.85454545,27.9048,21.54,22.9,3.043827751,1.892857143,56.34690909
2026-01-12 14:50:00+00:00,559.1,58.37878788,28.02038462,21.5,22.9,2.387407407,2.03,55.59261111
2026-01-12 14:55:00+00:00,530.9142857,51.63076923,28.15142857,21.5,22.9,1.742480443,1.664069264,56.26917749
2026-01-12 15:00:00+00:00,537.9428571,52.78461538,23.89428571,21.44166667,23.016,1.195,2,56.96333333
2026-01-12 15:05:00+00:00,590.2142857,54.48214286,12.98625,21.54807692,23.3,0.91465035,1.4995,57.14288462
2026-01-12 15:10:00+00:00,642.4333333,54.78624339,4.2416,21.7279697,23.625,0.678259259,1.574090909,56.2167037
2026-01-12 15:15:00+00:00,767.7428571,84.61992057,0.619714286,21.83419355,23.54,0.4720625,1.477,56.93223325
2026-01-12 15:20:00+00:00,788.9123077,119.2,0,21.872,22.90666667,0.276842105,1.521333333,57.412
2026-01-12 15:25:00+00:00,769.775,96.32727273,0,21.87954545,22.12,0.121428571,1.114,57.18030303
2026-01-12 15:30:00+00:00,811.9533333,124.1375,0,21.96666667,22.3,0.027,0.932012443,57.816
2026-01-12 15:35:00+00:00,824.0916667,131.2333333,0,21.92210526,23.06,0,1.178,56.53309942
2026-01-12 15:40:00+00:00,820.5485714,134.2636364,0,22.04,23.52,0,1.134,56.40294737
2026-01-12 15:45:00+00:00,766.1538462,101.3407407,0,22.1,23.6,0,1.631666667,56.78391917
2026-01-12 15:50:00+00:00,766.8857143,95.93552381,0,22.1,23.17,0,1.080666667,56.86681319
2026-01-12 15:55:00+00:00,734.975,80.08333333,0,22.02666667,22.65,0,1.206107143,55.56431579
2026-01-12 16:00:00+00:00,701.2556818,65.9625,0,21.82705628,22.4625,0,1.294545455,55.97702381
2026-01-12 16:05:00+00:00,640.5757576,49.35924765,0,21.58241715,22.525,0,1.218,56.53996633
2026-01-12 16:10:00+00:00,592.2134615,50.8969697,0,21.48395722,23.1,0,1.2,58.10418182
2026-01-12 16:15:00+00:00,562.0444444,50.17033493,0,21.38133333,23.34,0,1.825,57.00105263
2026-01-12 16:20:00+00:00,528.8545455,49.24,0,21.3064,23.32,0,1.366666667,57.88036232
2026-01-12 16:25:00+00:00,517.5142857,49.28,0,21.279,23.15,0,1.2784,57.388
2026-01-12 16:30:00+00:00,487.0222222,50.04210526,0,21.2,22.97333333,0,1.226,55.5282838
2026-01-12 16:35:00+00:00,482.5944444,50.88809524,0,21.18060606,22.8,0,1.448,56.56486846
2026-01-12 16:40:00+00:00,473.7261905,50.06586207,0,21.10551724,22.85,0,1.63768254,57.81339464
2026-01-12 16:45:00+00:00,468.5869048,50.32929293,0,21.074,22.94,0,1.304,57.30703474
2026-01-12 16:50:00+00:00,461.0166667,51,0,21,23.02,0,1.054857143,56.67972727
2026-01-12 16:55:00+00:00,457,50.97619048,0,21,23.1,0,1.208333333,57.1
2026-01-12 17:00:00+00:00,454.6166667,50.12105263,0,21,23.1,0,1.497515152,56.99799499
2026-01-12 17:05:00+00:00,454.0307692,50.86923077,0,20.99931034,22.94,0,1.481733333,56.56697931
2026-01-12 17:10:00+00:00,452.6571429,49.19942666,0,20.9,22.9,0,1.704642857,57.23471528
2026-01-12 17:15:00+00:00,448.5568182,49.13374741,0,20.9,22.915,0,1.4364,57.61293518
2026-01-12 17:20:00+00:00,448.443956,49.71201559,0,20.89789474,23.08342857,0,1.470087912,56.81795962
2026-01-12 17:25:00+00:00,448.2888889,49.51186869,0,20.82574286,23.2,0,1.567777778,56.93698849
2026-01-12 17:30:00+00:00,446.28,50.63846154,0,20.8,23.12,0,1.596444444,56.23066138
2026-01-12 17:35:00+00:00,445.2922367,49.17496706,0,20.8,22.9,0,1.164,56.74769231
2026-01-12 17:40:00+00:00,445.975,49.17684211,0,20.8,22.7,0,1.324,56.722
2026-01-12 17:45:00+00:00,446,49.06818182,0,20.70555556,22.775,0,1.24,56.34565217
2026-01-12 17:50:00+00:00,443.6714286,50.26222222,0,20.7,22.88857143,0,1.104,56.23239766
2026-01-12 17:55:00+00:00,441.2,50.19166667,0,20.7,23.15,0,1.062,56.28658788
2026-01-12 18:00:00+00:00,441.5615385,50.54779164,0,20.7,23.2,0,0.740238095,56.70554945
2026-01-12 18:05:00+00:00,440.8,50.35,0,20.7,23.2,0,0.489714286,56.71058941
2026-01-12 18:10:00+00:00,438.4,50.08,0,20.7,23.067,0,1.112,56.752
2026-01-12 18:15:00+00:00,438.8166667,51.31643678,0,20.7,22.874,0,0.945151515,57.23065953
2026-01-12 18:20:00+00:00,438.1428571,49.62525253,0,20.7,22.72,0,0.812666667,58.10408889
2026-01-12 18:25:00+00:00,438.0181818,50.15757576,0,20.7,22.7,0,0.574428571,56.68409091
2026-01-12 18:30:00+00:00,437.4,49.30376176,0,20.7,22.82,0,0.394,56.8707837
2026-01-12 18:35:00+00:00,441.0908333,48.98823529,0,20.61764706,23.04857143,0,0.301071429,57.51389216
2026-01-12 18:40:00+00:00,444.25,49.87842049,0,20.6,23.27777778,0,0.0290625,58.12191558
2026-01-12 18:45:00+00:00,443.725,48.76470588,0,20.53647059,23.25666667,0,0.067157143,57.99694118
2026-01-12 18:50:00+00:00,443.6583333,48.68888889,0,20.43473684,23.09714286,0,-0.04,58.10231579
2026-01-12 18:55:00+00:00,443.6944444,48.65454545,0,20.4,22.85,0,-0.051,57.86805195
2026-01-12 19:00:00+00:00,442.175,48.49446302,0,20.3522458,22.7,0,0.152,57.63684211
2026-01-12 19:05:00+00:00,439.45,48.01818182,0,20.30228571,22.76,0,-0.104857143,57.92447619
2026-01-12 19:10:00+00:00,438.56,48.02669633,0,20.3,23.02,0,-0.216022727,57.92286947
2026-01-12 19:15:00+00:00,437.6444444,47.62631579,0,20.3,23.25333333,0,-0.130714286,57.67095238
2026-01-12 19:20:00+00:00,435.7,47.11714286,0,20.35771429,23.34333333,0,0,58.15766667
2026-01-12 19:25:00+00:00,431.9,47.88888889,0,20.47555556,23.095,0,0.027884615,59.46430556
2026-01-12 19:30:00+00:00,432.5487719,48.91312217,0,20.5,22.76666667,0,0.015333333,58.80545455
2026-01-12 19:35:00+00:00,433.3541667,48.82954545,0,20.5,22.7,0,-0.115125,57.78333333
2026-01-12 19:40:00+00:00,433.04,47.94,0,20.456,22.82666667,0,-0.14,58.37636364
2026-01-12 19:45:00+00:00,432.4,48.0996337,0,20.4,23.09333333,0,-0.2,58.52
2026-01-12 19:50:00+00:00,431.8384615,48.29057143,0,20.35348718,23.3,0,-0.2,58.35766667
2026-01-12 19:55:00+00:00,430.2,47.97622378,0,20.3,23.28666667,0,-0.112380952,57.24636364
2026-01-12 20:00:00+00:00,429.8181818,25.30909091,0,20.29084249,23.04666667,0,-0.0846,56.90415385
2026-01-12 20:05:00+00:00,431.1433333,0,0,20.32521978,22.7,0,-0.3,58.05423724
2026-01-12 20:10:00+00:00,432,0,0,20.4,22.4,0,-0.325619048,58.74863636
2026-01-12 20:15:00+00:00,432,0,0,20.4,22.2,0,-0.4014,59.00357143
2026-01-12 20:20:00+00:00,432.6,0,0,20.4,22.127,0,-0.554,57.94
2026-01-12 20:25:00+00:00,433,0,0,20.4,22,0,-0.583333333,58.53777778
2026-01-12 20:30:00+00:00,433.4444444,0,0,20.4,22,0,-0.6,58.72083333
2026-01-12 20:35:00+00:00,435,0,0,20.4,21.86666667,0,-0.691,58.4
2026-01-12 20:40:00+00:00,434.0333333,0,0,20.4,21.752,0,-0.7,58.39625
2026-01-12 20:45:00+00:00,432,0,0,20.4,21.595,0,-0.7,58.00126984
2026-01-12 20:50:00+00:00,433.0583333,0,0,20.4,21.435,0,-0.727085714,57.88148148
2026-01-12 20:55:00+00:00,434.7,0,0,20.4,21.22,0,-0.75475,58.05764706
2026-01-12 21:00:00+00:00,433.6857143,0,0,20.4,20.95333333,0,-0.7029,58.82666667
2026-01-12 21:05:00+00:00,433,0,0,20.4,20.62,0,-0.7,58.27880952
2026-01-12 21:10:00+00:00,433.8,0,0,20.4,20.29333333,0,-0.791428571,58.98807692
2026-01-12 21:15:00+00:00,434.1333333,0,0,20.4,20.0425,0,-0.843047619,58.36895928
2026-01-12 21:20:00+00:00,434,0,0,20.4,19.675,0,-0.899527778,57.11533333
2026-01-12 21:25:00+00:00,432.8888889,0,0,20.4,19.50833333,0,-0.814532967,57.90178571
2026-01-12 21:30:00+00:00,433.3636364,0,0,20.4,19.22,0,-0.8065,58.31147097
2026-01-12 21:35:00+00:00,434.0666667,0,0,20.4,18.98,0,-0.836,58.84793939
2026-01-12 21:40:00+00:00,435.92,0,0,20.4,18.68,0,-0.902571429,58.72495238
2026-01-12 21:45:00+00:00,434.379798,0,0,20.4,18.45,0,-0.974,58.50475862
2026-01-12 21:50:00+00:00,434.8566667,0,0,20.4,18.18,0,-0.9982,57.76315789
2026-01-12 21:55:00+00:00,433.5696104,0,0,20.4,17.78533333,0,-0.93,57.74857669
2026-01-12 22:00:00+00:00,433.090293,0,0,20.38,17.48357143,0,-0.92,58.03829753
2026-01-12 22:05:00+00:00,432.0545455,0,0,20.3,17.22,0,-0.9495,58.57075036
2026-01-12 22:10:00+00:00,432.5360411,0,0,20.3,17.0225,0,-0.907215476,58.9521352
2026-01-12 22:15:00+00:00,432.2,0,0,20.3,16.64,0,-0.9,58.83946488
2026-01-12 22:20:00+00:00,433,0,0,20.3,16.3625,0,-0.869505495,58.63181818
2026-01-12 22:25:00+00:00,433.84,0,0,20.3,16.20666667,0,-0.8,58.10276812
2026-01-12 22:30:00+00:00,433.94,0,0,20.3,16.14,0,-0.8,58.23349803
2026-01-12 22:35:00+00:00,434.0022222,0,0,20.3,15.68,0,-0.72,57.65782642
2026-01-12 22:40:00+00:00,434.0574359,0,0,20.3,15.344,0,-0.7,58.16954545
2026-01-12 22:45:00+00:00,433.0005897,0,0,20.3,15.27,0,-0.7,58.6
2026-01-12 22:50:00+00:00,432.9,0,0,20.3,14.85333333,0,-0.7,58.85145455
2026-01-12 22:55:00+00:00,432.9633333,0,0,20.3,14.672,0,-0.650222222,59.00974545
2026-01-12 23:00:00+00:00,432.3008403,0,0,20.3,14.48,0,-0.607714286,58.40923077
2026-01-12 23:05:00+00:00,431.3857143,0,0,20.3,14.18333333,0,-0.6,57.88939394
2026-01-12 23:10:00+00:00,432.4632353,0,0,20.3,14.1,0,-0.6,57.91886029
2026-01-12 23:15:00+00:00,430.7333333,0,0,20.3,13.98,0,-0.6,58.12021587
2026-01-12 23:20:00+00:00,431.3589744,0,0,20.3,13.82,0,-0.567076923,58.22053476
2026-01-12 23:25:00+00:00,431.975,0,0,20.3,13.62,0,-0.5,58.2530303
2026-01-12 23:30:00+00:00,431.9428571,0,0,20.3,13.45107143,0,-0.506785714,58.69991758
2026-01-12 23:35:00+00:00,429.9916667,0,0,20.3,13.34,0,-0.507333333,58.80880952
2026-01-12 23:40:00+00:00,431.0357143,0,0,20.3,13.12,0,-0.5,57.95287879
2026-01-12 23:45:00+00:00,429.6,0,0,20.3,12.95555556,0,-0.501666667,57.62255892
2026-01-12 23:50:00+00:00,429,0,0,20.3,12.78,0,-0.501111111,57.26933333
2026-01-12 23:55:00+00:00,429.2833333,0,0,20.3,12.62,0,-0.471428571,54.46842105
2026-01-13 00:00:00+00:00,430.15,0,0,20.3,12.5,0,-0.468,54.72761905
2026-01-13 00:05:00+00:00,429.3111111,0,0,20.3,12.52,0,-0.430666667,58.63158249
2026-01-13 00:10:00+00:00,429,0,0,20.3,12.6,0,-0.528571429,58.48244048
2026-01-13 00:15:00+00:00,429.6161616,0,0,20.3,13.2,0,-0.580357143,58.26371542
2026-01-13 00:20:00+00:00,430,0,0,20.3,13.66866667,0,-0.595138889,57.8136197
2026-01-13 00:25:00+00:00,429.3142857,0,0,20.3,13.89866667,0,-0.527818182,57.44633005
2026-01-13 00:30:00+00:00,429,0,0,20.23904762,14.14,0,-0.518111111,57.85818182
2026-01-13 00:35:00+00:00,427.8222222,0,0,20.268,14.32,0,-0.473333333,59.11988688
2026-01-13 00:40:00+00:00,428.6539683,0,0,20.3,14.42,0,-0.3,58.68978355
2026-01-13 00:45:00+00:00,429.2409091,0,0,20.3,14.5,0,-0.3,58.32775385
2026-01-13 00:50:00+00:00,430.2,0,0,20.3,14.52,0,-0.24,57.97342424
2026-01-13 00:55:00+00:00,429.7714286,0,0,20.238,14.605,0,-0.2,58.3
2026-01-13 01:00:00+00:00,429,0,0,20.2,14.7,0,-0.4,57.73973684
2026-01-13 01:05:00+00:00,428.8683333,0,0,20.2,14.7,0,-0.3052,57.90428571
2026-01-13 01:10:00+00:00,427.8142857,0,0,20.2,14.7,0,-0.2,58.31324561
2026-01-13 01:15:00+00:00,428,0,0,20.2,14.7,0,-0.196863636,57.95428571
2026-01-13 01:20:00+00:00,428.7769231,0,0,20.2,14.7,0,-0.152363636,58.1
2026-01-13 01:25:00+00:00,427.6,0,0,20.2,14.6,0,-0.1,58.25460606
2026-01-13 01:30:00+00:00,427.4166667,0,0,20.2,14.52,0,-0.1,58.62133333
2026-01-13 01:35:00+00:00,428,0,0,20.2,14.447,0,-0.1,58.13184615
2026-01-13 01:40:00+00:00,428.0931818,0,0,20.2,14.315,0,-0.094477273,57.09833333
2026-01-13 01:45:00+00:00,427.1868132,0,0,20.2,14.3,0,-0.177,57.46088889
2026-01-13 01:50:00+00:00,427.0666667,0,0,20.2,14.1,0,-0.264,57.928
2026-01-13 01:55:00+00:00,428.203125,0,0,20.2,14.1,0,-0.241507937,57.80227273
2026-01-13 02:00:00+00:00,427.6507937,0,0,20.2,14.06,0,-0.208,57.92146154
2026-01-13 02:05:00+00:00,427.578355,0,0,20.2,13.86666667,0,-0.22,57.9
2026-01-13 02:10:00+00:00,425.825,0,0,20.2,13.68,0,-0.205333333,58.37562753
2026-01-13 02:15:00+00:00,425.08,0,0,20.2,13.54,0,-0.2,58.36727273
2026-01-13 02:20:00+00:00,426.5,0,0,20.2,13.38,0,-0.118923077,57.97269231
2026-01-13 02:25:00+00:00,426,0,0,20.2,13.18,0,-0.105090909,57.9334689
2026-01-13 02:30:00+00:00,426.3333333,0,0,20.2,13.06,0,-0.094,57.33712919
2026-01-13 02:35:00+00:00,427,0,0,20.2,12.9,0,-0.1,57.64439394
2026-01-13 02:40:00+00:00,427,0,0,20.2,12.74,0,-0.1,57.71557895
2026-01-13 02:45:00+00:00,426.1818182,0,0,20.2,12.57,0,-0.025555556,57.8292087
2026-01-13 02:50:00+00:00,426.0014443,0,0,20.2,12.42166667,0,-0.0497669,58.17848006
2026-01-13 02:55:00+00:00,426.8493506,0,0,20.2,12.4,0,-0.1,59.26541063
2026-01-13 03:00:00+00:00,425.4505495,0,0,20.2,12.27333333,0,-0.082,57.54865801
2026-01-13 03:05:00+00:00,425.9636364,0,0,20.2,12.164,0,-0.041178571,57.10777778
2026-01-13 03:10:00+00:00,426,0,0,20.2,12.00380952,0,-0.058,56.88313043
2026-01-13 03:15:00+00:00,426,0,0,20.2,11.9125,0,-0.002,58.37155897
2026-01-13 03:20:00+00:00,426.73,0,0,20.2,11.9,0,-0.004,57.5490873
2026-01-13 03:25:00+00:00,426.96,0,0,20.2,11.922,0,0,56.78906111
2026-01-13 03:30:00+00:00,426,0,0,20.2,12.016,0,0,56.99643162
2026-01-13 03:35:00+00:00,425.975,0,0,20.2,12.5,0,0,57.32055556
2026-01-13 03:40:00+00:00,425.1685714,0,0,20.2,13,0,0,57.69
2026-01-13 03:45:00+00:00,425.16875,0,0,20.2,13.08857143,0,0,58.30887446
2026-01-13 03:50:00+00:00,426.315,0,0,20.2,13.4725,0,0.0012,58.105
2026-01-13 03:55:00+00:00,426.6794872,0,0,20.2,13.578,0,0,58.33797203
2026-01-13 04:00:00+00:00,427,0,0,20.2,13.6,0,0,58.30297619
2026-01-13 04:05:00+00:00,427.825,20.76923077,0,20.2,14.05,0,0,57.23958876
2026-01-13 04:10:00+00:00,424.0428571,46.99909091,0,20.10785714,20.37333333,0,0.025428571,56.96190476
2026-01-13 04:15:00+00:00,423.5043956,49.03518894,0,20.1,24.157,0,0.577722222,57.22248485
2026-01-13 04:20:00+00:00,425.103824,49.15141582,0,20.1,27.3,0,1.006857143,57.56858271
2026-01-13 04:25:00+00:00,425.8153846,49.74283224,0,20.1,24.83,0,0.917642857,57.28038721
2026-01-13 04:30:00+00:00,427.725,49.01818182,0,20.1,21.50666667,0,1.168,56.93166667
2026-01-13 04:35:00+00:00,427.2222222,49,0,20.1,20.18333333,0,1.067285714,56.69651515
2026-01-13 04:40:00+00:00,429.1085714,49.39384615,0,20.1,21.42,0,1.215555556,56.1322807
2026-01-13 04:45:00+00:00,438.25,49.22719298,0,20.1,24.245,0,1.197428571,56.99636364
2026-01-13 04:50:00+00:00,448.4285714,49.58333333,0,20.1,25.88,0,1.484666667,56.856
2026-01-13 04:55:00+00:00,447,50,0,20.16272727,24.256,0,1.34,56.78846154
2026-01-13 05:00:00+00:00,441.7846154,49.34941176,0,20.2,21.524,0,1.640777778,55.74149733
2026-01-13 05:05:00+00:00,440.8,49,0,20.2,20.7,0,1.594181818,55.47269351
2026-01-13 05:10:00+00:00,440.7636364,48.39166667,0,20.2,22.56,0,1.924,55.44167766
2026-01-13 05:15:00+00:00,440,48,0,20.2,24.45333333,0,2.148888889,56.44049123
2026-01-13 05:20:00+00:00,437.6,48.05,0,20.26148148,24.705,0,2.159206349,56.45579271
2026-01-13 05:25:00+00:00,436.7080808,48.62681583,0,20.3,24.132,0,2.37675,55.5193354
2026-01-13 05:30:00+00:00,436.6785714,49,0,20.3,21.825,0,2.25,55.73269231
2026-01-13 05:35:00+00:00,436,48.45333333,0,20.3,21.24,0,2.1,55.33047619
2026-01-13 05:40:00+00:00,436,48.19909091,0,20.3,22.37,0,2.122857143,54.87483516
2026-01-13 05:45:00+00:00,436,48.12290038,0,20.3,23.43633333,0,2.35752381,55.03411623
2026-01-13 05:50:00+00:00,435.5666667,47.98461538,0,20.3,24.24166667,0,2.48,56.53356643
2026-01-13 05:55:00+00:00,435.2358042,48.75714286,0,20.3,23.345,0,2.367525253,56.75241718
2026-01-13 06:00:00+00:00,437,46.76923077,0,20.36222222,21.992,0,2.303076923,56.30333333
2026-01-13 06:05:00+00:00,436.9714286,45.91578947,0,20.35055556,21.89047619,0,2.613888889,54.67152497
2026-01-13 06:10:00+00:00,437.9968254,48.39037433,0,20.35414141,22.81714286,0,2.698005772,53.96890572
2026-01-13 06:15:00+00:00,438.4,48.42,0,20.4,23.8,0,2.6632,56.52889952
2026-01-13 06:20:00+00:00,438.1181818,48,0,20.4,23.6,0,2.765555556,56.13384211
2026-01-13 06:25:00+00:00,439.0909091,48.09392713,0,20.4,23.2,0,2.643222222,55.25106838
2026-01-13 06:30:00+00:00,440.574359,48.18803419,10.92434188,20.4,22.7,0,2.4544,56.12269231
2026-01-13 06:35:00+00:00,440.0076923,47.71754386,27.30574026,20.4,22.76666667,0,2.506666667,56.44884712
2026-01-13 06:40:00+00:00,442.9,48.8,27.409,20.4,23.1875,0,2.562095238,55.28222222
2026-01-13 06:45:00+00:00,442.8380952,48.45811966,27.20525,20.4,23.37666667,0,2.9173,54.53006818
2026-01-13 06:50:00+00:00,443.26,47.79314286,27.2211958,20.4,23.15,0,2.451142857,54.44458874
2026-01-13 06:55:00+00:00,446.76,47.91333333,27.18920879,20.4,22.7,0,2.767142857,54.5
2026-01-13 07:00:00+00:00,450.3428571,48.09422222,27.08534091,20.43723977,22.52,0,2.825,55.644
2026-01-13 07:05:00+00:00,458.8698413,48.82761905,27.16829545,20.5,22.68571429,0,2.752,55.79
2026-01-13 07:10:00+00:00,463.4309441,49.0349041,27.24325397,20.5,22.92,0.040055315,2.804166667,55.67912698
2026-01-13 07:15:00+00:00,465.1857143,50.67571429,26.42732468,20.5,23.28,0.177166667,3.390222222,54.34
2026-01-13 07:20:00+00:00,465.6618182,48.47628823,26.98986813,20.50454545,23.34,0.273136447,3.082,53.92801136
2026-01-13 07:25:00+00:00,470.9666667,48,27.422,20.6,23.20972222,0.436923077,2.6,55.76205128
2026-01-13 07:30:00+00:00,475,48,27.41,20.6,22.808,0.63,2.622701299,55.45738095
2026-01-13 07:35:00+00:00,475.7738095,47.94848485,27.391325,20.6,22.6,0.714343434,3.12654965,55.19230769
2026-01-13 07:40:00+00:00,485.52,47.2038258,26.91831373,20.6,22.80333333,1.0433631,2.979193362,54.63006593
2026-01-13 07:45:00+00:00,493.6,47.91428571,27.13128571,20.6,23.12,1.394133333,2.516666667,54.49
2026-01-13 07:50:00+00:00,496,47.88328728,27.204,20.6,23.26,1.722645503,2.6955,55.20985991
2026-01-13 07:55:00+00:00,588,47.1044335,27.3,20.61208539,23.18,1.913148162,2.6,56.452
2026-01-13 08:00:00+00:00,626.5279371,47.75580079,27.19246352,20.69897378,22.97333333,2.52418623,2.778666667,55.96674024
2026-01-13 08:05:00+00:00,749.425,58.04166667,26.89395833,20.815,22.8,3.267024854,2.946428571,54.89355263
2026-01-13 08:10:00+00:00,732.6495238,110.2166667,26.92214286,20.90194332,22.84,3.063814737,3.198333333,55.00876637
2026-01-13 08:15:00+00:00,768.7266667,97.47272727,26.47254545,21.017,23.02,3.363671498,3.375,54.3392
2026-01-13 08:20:00+00:00,761.6821429,94.36818182,27.15730556,21.21090909,23.1,3.619825,3.087942857,53.88111111
2026-01-13 08:25:00+00:00,810.0933333,114.5863636,26.9928,21.3,23.09333333,3.695714286,3.2095,54.37428571
2026-01-13 08:30:00+00:00,803.0909091,105.1534392,26.99916667,21.38034286,23.01666667,4.691886447,3.028,54.30491429
2026-01-13 08:35:00+00:00,777.5428571,97.67076923,27.14555556,21.32712727,22.88888889,5.60024,3.016666667,54.82009158
2026-01-13 08:40:00+00:00,847.2916667,157.1384615,26.7455,21.41578947,22.9,6.699684211,3.097777778,54.89
2026-01-13 08:45:00+00:00,818.7166667,174.7098039,26.84276923,21.58857143,22.9025,7.191111111,3.36148718,54.93628571
2026-01-13 08:50:00+00:00,798.16,131.1533918,26.99896825,21.60210526,23.00666667,8.698296296,3.18,55.21381481
2026-01-13 08:55:00+00:00,817.9583333,121.3522727,26.75535714,21.68152174,23.09166667,10.11086668,3.20875,54.49581876
2026-01-13 09:00:00+00:00,777.047619,121.9357143,26.64442857,21.61223776,23.1,9.434469231,3.23,53.47719048
2026-01-13 09:05:00+00:00,791.5904762,108.0333333,26.60025397,21.76,23.1,8.652888889,3.381818182,53.39866667
2026-01-13 09:10:00+00:00,783.7583042,99.62616953,26.91304371,21.8,23.044,9.207559095,3.24527381,53.87432638
2026-01-13 09:15:00+00:00,769.5365385,105.6412698,26.56432692,21.66095238,22.88,9.534085714,3.950779487,54.42333333
2026-01-13 09:20:00+00:00,723.05,77.60714286,26.464,21.68413793,22.8,11.50971567,3.582,54.18781609
2026-01-13 09:25:00+00:00,754.8363636,92.2837037,26.53366667,21.85203762,22.8,13.15536427,3.485333333,54.55708464
2026-01-13 09:30:00+00:00,756.9865385,97.65656566,26.6926386,21.89393939,23,14.56666667,3.338571429,54.70464646
2026-01-13 09:35:00+00:00,788.68,118.6181818,26.79109091,21.906,23.18,16.19539713,3.2372,56.168
2026-01-13 09:40:00+00:00,767.0679825,117.735596,26.70104762,21.9,23.14114286,17.14166303,3.297619048,54.46995987
2026-01-13 09:45:00+00:00,798.0505051,124.5291777,26.50969697,22.02820513,23.027,15.7104666,3.184932468,54.95879487
2026-01-13 09:50:00+00:00,783.65,130.5625,26.735,22.17037037,22.95,15.65212332,2.722222222,54.92063492
2026-01-13 09:55:00+00:00,744.5428571,117.4609108,26.91522222,22.2,22.984,17.47960503,2.768133333,54.78526316
2026-01-13 10:00:00+00:00,744,91.50235397,26.72,22.2,23.1,19.71370426,3.138333333,54.61121468
2026-01-13 10:05:00+00:00,765.72,90.25732143,26.53889394,22.07054873,23.01666667,20.46983747,3.378222222,55.35462543
2026-01-13 10:10:00+00:00,711.6571429,87.63571429,26.5,21.833,22.78,20.82766667,3.506,54.8169697
2026-01-13 10:15:00+00:00,647.817094,59.41390374,26.5004902,21.8,22.744,19.83555292,3.614166667,54.38792663
2026-01-13 10:20:00+00:00,611.5442857,50.93,26.43594118,21.8,23.01257143,20.30291667,3.387538462,54.72263406
2026-01-13 10:25:00+00:00,599,50,26.4,21.8,23.26,22.45334641,3.8463,54.13672619
2026-01-13 10:30:00+00:00,589.2333333,50.8,26.22513889,21.72,23.3,20.83275686,3.6575,54.04666667
2026-01-13 10:35:00+00:00,581.44,50.37666667,26.50909091,21.7,23.19,21.27358824,3.441019231,54.65941176
2026-01-13 10:40:00+00:00,572.225,51.33421053,26.5474359,21.66,23.05,22.90305556,3.67,54.18958333
2026-01-13 10:45:00+00:00,566.2714286,51.18240707,26.47574603,21.6,22.9,18.07381489,3.2968,53.70988725
2026-01-13 10:50:00+00:00,563.1127273,49.50193985,26.48969697,21.6,22.80571429,13.22864815,3.5312,53.49865989
2026-01-13 10:55:00+00:00,557.7828571,50.52384615,26.29174286,21.6,22.925,16.82764615,3.8,53.70278388
2026-01-13 11:00:00+00:00,552,51,26.3,21.6,23,19.65689044,3.56,53.97846154
2026-01-13 11:05:00+00:00,557.3833333,50.6,26.338,21.64058824,23.02,19.895675,3.695462121,53.82411765
2026-01-13 11:10:00+00:00,573.1919192,50.83368421,26.14674747,21.81436364,23.1,19.9414386,3.783333333,53.89481119
2026-01-13 11:15:00+00:00,576.8363636,51.55235294,26.07782222,21.9,23.1,26.5133697,3.86175,54.04955556
2026-01-13 11:20:00+00:00,618.1636364,51.93246753,26.56923077,21.852,23.06,29.88430303,3.349636364,54.53333333
2026-01-13 11:25:00+00:00,670.6,52.93333333,26.66888889,21.8,22.82,23.64709091,3.408857143,54.085
2026-01-13 11:30:00+00:00,662.4705882,53,26.72423932,21.8,22.8,20.003099,3.282125,54.735119
2026-01-13 11:35:00+00:00,663.5,52.54166667,26.426875,21.85,23.05,18.32507376,3.413636364,55.10979167
2026-01-13 11:40:00+00:00,671.55,52.025,26.2830303,21.9,23.1,19.87573684,3.76,53.50397661
2026-01-13 11:45:00+00:00,693.9681818,53.73333333,26.35504274,21.9,23.16,22.76706433,3.6145,54.08157895
2026-01-13 11:50:00+00:00,703.1035714,60.36287879,26.41490196,21.91622378,23.075,29.34377389,3.499692308,54.67523699
2026-01-13 11:55:00+00:00,688.675,52.80054113,26.49823529,22.07466667,22.82666667,31.32661792,3.622025641,54.51266667
2026-01-13 12:00:00+00:00,690.8181818,52.8251462,26.51545455,22.1,22.8,23.81202339,3.579931818,55.86171717
2026-01-13 12:05:00+00:00,730.5483683,67.68660177,26.31954505,22.07866667,22.94,24.77680694,3.672,55.906
2026-01-13 12:10:00+00:00,768.2,96.81666667,26.163,22,23.1,26.11182737,3.661545455,55.73901166
2026-01-13 12:15:00+00:00,757.6388889,96.51190476,26.26691667,22.08153846,23.1,26.98205524,3.692352381,52.94651049
2026-01-13 12:20:00+00:00,760.5117949,91.18995679,26.17960449,22.2,23.05352381,29.51175753,3.757209091,53.41717866
2026-01-13 12:25:00+00:00,747.2497024,83.83979982,26.17275621,22.2,22.94880952,30.52081295,3.760474817,53.53956884
2026-01-13 12:30:00+00:00,723.8681818,67.43,26.44316667,22.2,22.8,29.08737945,3.5678,54.11741991
2026-01-13 12:35:00+00:00,729.8666667,65.49230769,26.15888889,22.2,22.875,26.61027778,3.847792208,54.50611111
2026-01-13 12:40:00+00:00,719.9783333,70.97497124,26.04388889,22.2,23,29.72794891,3.76764258,54.44589601
2026-01-13 12:45:00+00:00,720,64.70599078,25.80015909,22.182,23.028,30.02889286,3.554,53.92909959
2026-01-13 12:50:00+00:00,687.3922078,56.57846154,26.38655159,22.12073684,23.1,25.227,3.582,53.57361538
2026-01-13 12:55:00+00:00,684.1142857,49.18,25.8624,22.29894737,23.1,19.85208889,3.778571429,53.874
2026-01-13 13:00:00+00:00,681.5952381,49.48371955,25.34668566,22.29529412,23.1,21.31603753,4.386909091,53.788
2026-01-13 13:05:00+00:00,683.6857143,46.24468864,25.81748052,22.18490842,23.1,17.42128571,4.097416667,52.95414652
2026-01-13 13:10:00+00:00,679.46,46.6366517,25.63526061,22.09869142,23.06,16.76617314,4.09525,53.4008483
2026-01-13 13:15:00+00:00,663.324256,47.89493,25.8139906,22.01937169,22.95,15.09202914,3.84525,54.54038758
2026-01-13 13:20:00+00:00,631.6441558,47.26220096,25.99225,22,22.772,12.39129761,3.9175,55.32266667
2026-01-13 13:25:00+00:00,616.0942857,46.97555556,26.05475,22,22.72,10.84302068,3.913111111,55.31936027
2026-01-13 13:30:00+00:00,604.7305556,47.72270531,25.96054545,22,22.8,9.461304348,3.999555556,52.7
2026-01-13 13:35:00+00:00,608.68,45.15,25.10666667,22.1,23,9.189166667,4.8,52.58371337
2026-01-13 13:40:00+00:00,608.2,45.13333333,25.1834,22.08,23.023,9.413882035,4.648015751,53.35710623
2026-01-13 13:45:00+00:00,601.64,46.85454545,25.9995,21.91090909,22.996,9.311656566,4.326857143,54.51272727
2026-01-13 13:50:00+00:00,601.8363636,47,26.26571429,21.9,22.91333333,8.423574939,3.905454546,56.10602642
2026-01-13 13:55:00+00:00,622.0363636,45.98181818,26,21.9,22.9,7.57942957,4.06,54.82
2026-01-13 14:00:00+00:00,610.6222222,47.92,25.789,21.88888889,23.116,6.957863636,4.451238095,53.93461905
2026-01-13 14:05:00+00:00,616.359375,45.4375,25.46867647,21.80714286,23.19583333,6.80703125,4.560850694,53.72224026
2026-01-13 14:10:00+00:00,612.71,48.15384615,25.38157143,21.8,23.2,5.197863248,4.58,52.52169231
2026-01-13 14:15:00+00:00,584.935,47.64135338,25.32285714,21.87927126,23.2,4.626495727,4.6805,53.90558704
2026-01-13 14:20:00+00:00,579.5294118,48.28060606,25.16791667,21.9,23.0375,3.862799534,4.593679487,52.50630303
2026-01-13 14:25:00+00:00,585.9567308,48.95410628,25.42262185,21.83267735,22.78,2.862041844,4.2375,53.62906531
2026-01-13 14:30:00+00:00,582.8,48.31072464,25.64,21.88434783,22.7,2.135912281,4.483333333,52.19833992
2026-01-13 14:35:00+00:00,604.25,47.03333333,25.26363462,21.9,22.85,1.81244332,4.8,53.3841498
2026-01-13 14:40:00+00:00,607.52,46.00588235,25.25769231,21.9,23.03,1.530991824,4.659727273,53.07313364
2026-01-13 14:45:00+00:00,592.6733045,46.24254658,25.75,21.9,23.1,1.199723603,4.381333333,53.40827383
2026-01-13 14:50:00+00:00,576.3744164,46.07000368,25.42622969,21.9,23.1,0.991578947,4.48,53.375
2026-01-13 14:55:00+00:00,560.37,46.86666667,25.63334545,21.9,23.1,0.791787879,4.611428571,53.04333333
2026-01-13 15:00:00+00:00,558,47,25.7,21.9,22.99583333,0.608052632,4.4,53.45238095
2026-01-13 15:05:00+00:00,541.7945166,49.11738817,11.87825397,21.83855274,22.98,0.594561198,3.603636364,55.98072398
2026-01-13 15:10:00+00:00,533,50.36666667,1.584,21.8,23.48,0.45,3.23,54.65745022
2026-01-13 15:15:00+00:00,533.1777778,49.27272727,0,21.8,23.54,0.302,3.46,54.5302381
2026-01-13 15:20:00+00:00,529.9083333,49.85263158,0,21.8,23.22,0.138701754,3.42,55.63606061
2026-01-13 15:25:00+00:00,524.9615773,49.49013645,0,21.8,22.77777778,0.1,3.304761905,56.1610963
2026-01-13 15:30:00+00:00,524.08,49.61074074,0,21.8,22.34,0.010222222,3.427,55.58203831
2026-01-13 15:35:00+00:00,525.2,50,0,21.8,22.4,0,3.720285714,54.23139187
2026-01-13 15:40:00+00:00,520.507619,49.64798964,0,21.8,22.52,0,3.690769231,54.62924244
2026-01-13 15:45:00+00:00,519.72,50.47368421,0,21.72563636,23.55277778,0,3.32,54.24654545
2026-01-13 15:50:00+00:00,518.4,49.85866667,0,21.7,23.248,0,3.446,55.655
2026-01-13 15:55:00+00:00,518.4285714,49.22727273,0,21.63409091,22.7125,0,3.543,54.75606061
2026-01-13 16:00:00+00:00,517.6871795,48.96444444,0,21.55333333,22.4,0,3.550272727,53.74
2026-01-13 16:05:00+00:00,515.2716667,49.8,0,21.5,22.4,0,3.504,53.95285714
2026-01-13 16:10:00+00:00,516.5664336,50.7967033,0,21.5,22.868,0,3.490555556,54.50500478
2026-01-13 16:15:00+00:00,516,50.41948052,0,21.5,23.52,0,3.523,54.74798202
2026-01-13 16:20:00+00:00,512.7232323,49.83833333,0,21.5,23.585,0,3.595277778,54.656
2026-01-13 16:25:00+00:00,510.4,49.08,0,21.44,23.09,0,3.596,54.02545455
2026-01-13 16:30:00+00:00,508.3340909,49.27777778,0,21.4,22.57333333,0,3.5904,55.39333333
2026-01-13 16:35:00+00:00,505.6794872,50.07955228,0,21.4,22.4,0,3.6057,53.91202785
2026-01-13 16:40:00+00:00,500.6410256,49.99018519,0,21.36,22.70666667,0,3.670166667,53.77571429
2026-01-13 16:45:00+00:00,496,49.74636442,0,21.3,23.19333333,0,3.548,53.39585548
2026-01-13 16:50:00+00:00,495.9545455,49.28703704,0,21.3,23.5,0,3.7825,54.20871212
2026-01-13 16:55:00+00:00,496.4,49.96783217,0,21.265,23.32666667,0,3.735,54.94615152
2026-01-13 17:00:00+00:00,495,50.57753207,0,21.2,23,0,3.894,54.81771041
2026-01-13 17:05:00+00:00,488.22,50.09157895,0,21.2,22.66,0,3.942,53.76301347
2026-01-13 17:10:00+00:00,488.8,49.79285714,0,21.2,22.633,0,3.945454546,53.81076923
2026-01-13 17:15:00+00:00,488,49,0,21.2,23.1,0,3.645,53.79763636
2026-01-13 17:20:00+00:00,486.4,49.48421053,0,21.2,23.42,0,3.672285714,54.14780808
2026-01-13 17:25:00+00:00,479.965,50.65238095,0,21.16,23.44,0,3.562444444,54.162
2026-01-13 17:30:00+00:00,475.5675214,49.74111111,0,21.1,23.04,0,3.639666667,54.3905
2026-01-13 17:35:00+00:00,474.5818182,49.4,0,21.1,22.48,0,3.664,54.58846154
2026-01-13 17:40:00+00:00,471.6071429,50.69230769,0,21.1,22.435,0,3.693214286,54.20056561
2026-01-13 17:45:00+00:00,467.6466667,49.34817732,0,21.09944444,22.58333333,0,3.881692308,54.97321004
2026-01-13 17:50:00+00:00,469.1666667,48.96601578,0,21.01842105,23.12,0,3.944857143,54.41543956
2026-01-13 17:55:00+00:00,468.2444444,50.08333333,0,21,23.46,0,3.766666667,53.908
2026-01-13 18:00:00+00:00,467.6164103,50.60861538,0,21,23.42,0,3.796248196,53.8542069
2026-01-13 18:05:00+00:00,464,49.99047619,0,21,22.9875,0,4.072,54.18266667
2026-01-13 18:10:00+00:00,464.0307692,50.03846154,0,21,22.56,0,3.995416667,54.21752248
2026-01-13 18:15:00+00:00,464.8021978,49.32857143,0,20.98153846,22.5,0,3.955114286,53.29919946
2026-01-13 18:20:00+00:00,464.2513986,49.48095238,0,20.9018,22.92,0,3.907028571,53.36
2026-01-13 18:25:00+00:00,462.36,50.77777778,0,20.9,23.36071429,0,3.498,54.31454545
2026-01-13 18:30:00+00:00,458.9861538,49.6674965,0,20.9,23.32,0,3.521538462,55.26285714
2026-01-13 18:35:00+00:00,457.13125,50.97727273,0,20.9,23.1,0,3.7375,53.63841991
2026-01-13 18:40:00+00:00,457.0545455,50.92631579,0,20.89916667,22.8,0,3.884,53.32445455
2026-01-13 18:45:00+00:00,457,50.95494505,0,20.8,22.72,0,4.196,53.14269231
2026-01-13 18:50:00+00:00,454.9571429,50.24938462,0,20.8,22.86,0,4.172420635,53.57016171
2026-01-13 18:55:00+00:00,454.7818182,50.28793195,0,20.8,23.1,0,3.900238095,53.58956303
2026-01-13 19:00:00+00:00,455.85,49.976,0,20.805,23.24,0,3.500238095,53.80588325
2026-01-13 19:05:00+00:00,455.9555556,49.96666667,0,20.89052632,23.2,0,3.249,54.59748804
2026-01-13 19:10:00+00:00,454.2916667,50.72363636,0,20.9,22.8,0,3.216,57.11086238
2026-01-13 19:15:00+00:00,454,50.17058824,0,20.9,22.6,0,3.237384615,54.1989893
2026-01-13 19:20:00+00:00,454,50.76218083,0,20.9,22.81142857,0,3.487076923,54.43954167
2026-01-13 19:25:00+00:00,453.9666667,50.20394737,0,20.9,23.2,0,3.365714286,54.96266026
2026-01-13 19:30:00+00:00,451.4444444,49.426,0,20.9,23.43333333,0,3.3525,55.5390676
2026-01-13 19:35:00+00:00,449.16,50.03315789,0,20.81333333,23.32,0,3.139083333,54.913
2026-01-13 19:40:00+00:00,447.7777778,50,0,20.8,23,0,3.248,54.78734266
2026-01-13 19:45:00+00:00,447.6842105,50,0,20.8,22.62,0,3.283733333,54.54848485
2026-01-13 19:50:00+00:00,449.1047619,50.76,0,20.8,22.58571429,0,3.108,54.327
2026-01-13 19:55:00+00:00,447.3714286,50.16363636,0,20.8,23.06,0,3.3352,54.13696842
2026-01-13 20:00:00+00:00,447.6,18.69333333,0,20.8,23.38,0,3.292,54.77423529
2026-01-13 20:05:00+00:00,449.6,0,0,20.8,23.136,0,2.8882,55.82825321
2026-01-13 20:10:00+00:00,450.4222222,0,0,20.8,22.89047619,0,2.778657343,56.09208988
2026-01-13 20:15:00+00:00,449.2536526,0,0,20.8,22.63833333,0,2.727976191,56.505
2026-01-13 20:20:00+00:00,448.8583333,0,0,20.86833333,22.54666667,0,2.832571429,55.23654545
2026-01-13 20:25:00+00:00,449,0,0,20.9,22.45625,0,2.936,55.41321212
2026-01-13 20:30:00+00:00,449,0,0,20.9,22.4,0,2.9,55.2424642
2026-01-13 20:35:00+00:00,449.4992308,0,0,20.9,22.34,0,2.7,55.00238636
2026-01-13 20:40:00+00:00,450,0,0,20.87675832,22.292,0,2.734125874,55.02488275
2026-01-13 20:45:00+00:00,450.4666667,0,0,20.81095238,22.092,0,2.872307692,55.06389234
2026-01-13 20:50:00+00:00,450.8817308,0,0,20.8,21.98,0,2.9,55.03613087
2026-01-13 20:55:00+00:00,450.6702381,0,0,20.8,21.85,0,2.9,54.76641414
2026-01-13 21:00:00+00:00,450.9057692,0,0,20.8,21.62,0,2.9,54.8875
2026-01-13 21:05:00+00:00,451.2935065,0,0,20.8,21.38,0,3.009,54.52478632
2026-01-13 21:10:00+00:00,451,0,0,20.8,21.19444444,0,3.02625,54.44583333
2026-01-13 21:15:00+00:00,450.6742857,0,0,20.8,21,0,3.016,54.53555556
2026-01-13 21:20:00+00:00,450.4539683,0,0,20.8,20.7,0,3.060285714,54.66495238
2026-01-13 21:25:00+00:00,451,0,0,20.8,20.5,0,3.0952,54.7
2026-01-13 21:30:00+00:00,451.2766667,0,0,20.8,20.4125,0,3.06712381,55.37235274
2026-01-13 21:35:00+00:00,451.475,0,0,20.8,19.9,0,2.993777778,55.79666667
2026-01-13 21:40:00+00:00,450.6,0,0,20.8,19.66,0,2.995,55.00517241
2026-01-13 21:45:00+00:00,450.8466667,0,0,20.8,19.5,0,2.848,55.103
2026-01-13 21:50:00+00:00,451.460348,0,0,20.8,19.36438095,0,2.863481186,55.11833333
2026-01-13 21:55:00+00:00,451.56,0,0,20.8,19.05,0,3.026,55.26615385
2026-01-13 22:00:00+00:00,451,0,0,20.8,18.9,0,3.0548,54.66670115
2026-01-13 22:05:00+00:00,450.7678571,0,0,20.8,18.8,0,3.155,54.5047619
2026-01-13 22:10:00+00:00,449.7504274,0,0,20.77066667,18.62,0,3.24,52.862
2026-01-13 22:15:00+00:00,449.4,0,0,20.728,18.44571429,0,3.27,50.498
2026-01-13 22:20:00+00:00,451,0,0,20.8,18.16,0,3.29,50.10152525
2026-01-13 22:25:00+00:00,451,0,0,20.8,17.895,0,3.308,49.97995046
2026-01-13 22:30:00+00:00,451.1171429,0,0,20.8,17.71333333,0,3.389166667,51.48666667
2026-01-13 22:35:00+00:00,450.8405195,0,0,20.8,17.54,0,3.318722222,52.50187179
2026-01-13 22:40:00+00:00,450.0002778,0,0,20.8,17.5,0,3.385454546,53.83494601
2026-01-13 22:45:00+00:00,448.8187879,0,0,20.8,17.38,0,3.358333333,55.61418597
2026-01-13 22:50:00+00:00,447.4444444,0,0,20.8,17.12,0,3.348,56.83166667
2026-01-13 22:55:00+00:00,448.3680556,0,0,20.8,17,0,3.395,56.87762238
2026-01-13 23:00:00+00:00,447.8909091,0,0,20.8,16.91,0,3.4,57.17765568
2026-01-13 23:05:00+00:00,447.1538462,0,0,20.8,16.76,0,3.392,57.32307453
2026-01-13 23:10:00+00:00,447.95,0,0,20.8,16.56,0,3.3,57.75262626
2026-01-13 23:15:00+00:00,447.3269841,0,0,20.8,16.46,0,3.282,56.27363636
2026-01-13 23:20:00+00:00,447.8972727,0,0,20.8,16.3675,0,3.26525,54.60091093
2026-01-13 23:25:00+00:00,445.9,0,0,20.8,16.26285714,0,3.215642857,55.09818182
2026-01-13 23:30:00+00:00,444,0,0,20.8,16.2,0,3.202,55.25272727
2026-01-13 23:35:00+00:00,445.5166667,0,0,20.8,16.04,0,3.12,54.76609524
2026-01-13 23:40:00+00:00,444.4285714,0,0,20.81119048,15.9,0,3.13375,54.62934211
2026-01-13 23:45:00+00:00,443.9111111,0,0,20.9,15.86,0,3.1,54.29212121
2026-01-13 23:50:00+00:00,446,0,0,20.9,15.71,0,3.075,54.89375
2026-01-13 23:55:00+00:00,445.325,0,0,20.9,15.4,0,3.013133333,55.72636364
2026-01-14 00:00:00+00:00,445,0,0,20.82971429,15.38333333,0,3.053555556,55.16423529
2026-01-14 00:05:00+00:00,445,0,0,20.8,15.26666667,0,3.057777778,55.2084127
2026-01-14 00:10:00+00:00,443.6806723,0,0,20.87102632,15.10741414,0,3,54.77955639
2026-01-14 00:15:00+00:00,444.2,0,0,20.9,15.02533333,0,3.06,54.27312972
2026-01-14 00:20:00+00:00,444,0,0,20.9,14.89375,0,3.097777778,54.79803419
2026-01-14 00:25:00+00:00,442.6847222,0,0,20.89658182,14.827,0,3.049474359,54.5670756
2026-01-14 00:30:00+00:00,442.8666667,0,0,20.70307692,14.7,0,3.1,50.94615385
2026-01-14 00:35:00+00:00,440.9714286,0,0,20.9,14.69333333,0,3.1,51.51290598
2026-01-14 00:40:00+00:00,440.65625,0,0,20.9,14.59375,0,3.1,51.47676948
2026-01-14 00:45:00+00:00,440.0622222,0,0,20.9,14.5,0,3.1,49.11821053
2026-01-14 00:50:00+00:00,440.14,0,0,20.75479853,14.57866667,0,2.98,51.66850916
2026-01-14 00:55:00+00:00,440.8,0,0,20.7,14.6,0,2.90204127,53.08473118
2026-01-14 01:00:00+00:00,438.7333333,0,0,20.7,14.52,0,2.900181818,54.14264706
2026-01-14 01:05:00+00:00,438.6,0,0,20.7,14.38,0,2.87725,54.76800883
2026-01-14 01:10:00+00:00,439.3161538,0,0,20.7,14.2925,0,2.822337229,55.45028485
2026-01-14 01:15:00+00:00,438.7238095,0,0,20.7,14.2,0,2.862380952,57.37394737
2026-01-14 01:20:00+00:00,438.8088889,0,0,20.70272727,14.2,0,2.82,58.34761905
2026-01-14 01:25:00+00:00,441.6666667,0,0,20.7,14.2,0,2.824666667,58.10909091
2026-01-14 01:30:00+00:00,440.40625,0,0,20.7,14.2,0,2.8775,57.6452381
2026-01-14 01:35:00+00:00,440,0,0,20.7,14.12222222,0,2.884,56.86722689
2026-01-14 01:40:00+00:00,440,0,0,20.7,13.85,0,2.884,55.19109091
2026-01-14 01:45:00+00:00,440.8,0,0,20.7,13.76,0,2.835733333,55.48363636
2026-01-14 01:50:00+00:00,441.2,0,0,20.7,13.7,0,2.816246154,54.96266667
2026-01-14 01:55:00+00:00,440.1373016,0,0,20.7,13.64666667,0,2.8285,55.1567797
2026-01-14 02:00:00+00:00,439.5564103,0,0,20.7,13.46,0,2.8494,54.72
2026-01-14 02:05:00+00:00,439,0,0,20.7,13.26,0,2.889272727,54.31815385
2026-01-14 02:10:00+00:00,439.6222222,0,0,20.7,13.14,0,2.994892857,54.67471264
2026-01-14 02:15:00+00:00,440,0,0,20.7,12.96,0,2.998993007,54.88913043
2026-01-14 02:20:00+00:00,439.4,0,0,20.7,12.88133333,0,3,55.21693333
2026-01-14 02:25:00+00:00,438.5,0,0,20.7,12.8,0,3.00625,55.09659091
2026-01-14 02:30:00+00:00,438.4444444,0,0,20.7,12.78,0,3.088,54.19611692
2026-01-14 02:35:00+00:00,440.6207143,0,0,20.7,12.695,0,3.04,55.035
2026-01-14 02:40:00+00:00,440.15,0,0,20.7,12.6,0,3.039,54.53627706
2026-01-14 02:45:00+00:00,438.5727273,0,0,20.7,12.585,0,3.034,54.04090909
2026-01-14 02:50:00+00:00,437.645,0,0,20.7,12.45833333,0,3.046666667,54.47678261
2026-01-14 02:55:00+00:00,437.1642857,0,0,20.7,12.3,0,3.1,55.02545455
2026-01-14 03:00:00+00:00,436.5266667,0,0,20.7,12.26666667,0,3.1,56.09616591
2026-01-14 03:05:00+00:00,436.2,0,0,20.7,12.19428571,0,3.075,54.62
2026-01-14 03:10:00+00:00,437.2785714,0,0,20.7,12.12178571,0,3.026,53.895
2026-01-14 03:15:00+00:00,437.6515152,0,0,20.7,12.03,0,3.05,53.83397727
2026-01-14 03:20:00+00:00,438.1666667,0,0,20.7,11.94,0,3.052464286,54.33
2026-01-14 03:25:00+00:00,436,0,0,20.7,11.9,0,3.091666667,54.39770186
2026-01-14 03:30:00+00:00,436.2057143,0,0,20.7,11.82,0,3.019166667,54.63542296
2026-01-14 03:35:00+00:00,436.9333333,0,0,20.7,11.74,0,3.075285714,54.32820513
2026-01-14 03:40:00+00:00,437,0,0,20.7,11.69285714,0,3.097709091,53.69386146
2026-01-14 03:45:00+00:00,436.9266667,0,0,20.7,11.525,0,3.209484266,54.33533333
2026-01-14 03:50:00+00:00,437.0683333,0,0,20.7,11.42,0,3.137461539,54.85913043
2026-01-14 03:55:00+00:00,437.425,0,0,20.7,11.4,0,3.148,55.20686275
2026-01-14 04:00:00+00:00,437.1416667,17.32205882,0,20.7,11.34672727,0,3.241893939,54.83717949
2026-01-14 04:05:00+00:00,436.6,90.24444444,0,20.67444444,12.68,0,3.3,54.18555556
2026-01-14 04:10:00+00:00,435,53,0,20.6,16.4125,0,3.7,54.38333333
2026-01-14 04:15:00+00:00,432,52.84761905,0,20.6,27.7,0,3.627142857,55.33347368
2026-01-14 04:20:00+00:00,433.5636364,51.09642857,0,20.6,31.29,0,3.797171429,55.27436364
2026-01-14 04:25:00+00:00,434.7192308,49.40545455,0,20.6,28.00833333,0,3.7099,54.584
2026-01-14 04:30:00+00:00,434.8412698,49.22727273,0,20.6,21.45666667,0,3.7,54.53428571
2026-01-14 04:35:00+00:00,434.9111111,49.95555556,0,20.6,19.21,0,3.7775,52.53414141
2026-01-14 04:40:00+00:00,434.4764051,50.56058824,0,20.6,21.172,0,3.859391026,52.8785084
2026-01-14 04:45:00+00:00,434.9051515,50.20057717,0,20.6,23.95428571,0,3.847777778,53.5
2026-01-14 04:50:00+00:00,437,49.98888889,0,20.6,26.19,0,4.004657143,55.5210878
2026-01-14 04:55:00+00:00,437,50.1,0,20.6,24.46,0,4.041666667,56.26964646
2026-01-14 05:00:00+00:00,437,48.425,0,20.6,22.3,0,4.04875,52.68026316
2026-01-14 05:05:00+00:00,436.1002137,49.48888889,0,20.6,20.7,0,4,53.0846025
2026-01-14 05:10:00+00:00,436,50.64,0,20.6,21.1,0,4,54.50545455
2026-01-14 05:15:00+00:00,436.1666667,49.24615385,0,20.6,23.68,0,3.9235,55.56666667
2026-01-14 05:20:00+00:00,436,49,0,20.6,24.9,0,4.148571429,54.764
2026-01-14 05:25:00+00:00,435.1714286,49.77777778,0,20.6,24.49,0,4.133863636,54.34422222
2026-01-14 05:30:00+00:00,435.84,49.83578947,0,20.6,23.01,0,4.188730159,54.7146014
2026-01-14 05:35:00+00:00,436,49.93046154,0,20.68461538,21.298,0,4.22975,54.40444444
2026-01-14 05:40:00+00:00,437.0586713,48.48589426,0,20.7,21.36,0,4.3992,53.32355648
2026-01-14 05:45:00+00:00,435.18,48.22164502,0,20.7,23.7,0,4.692,53.078
2026-01-14 05:50:00+00:00,435,49.96363636,0,20.9,24.67083333,0,5.065714286,53.30545455
2026-01-14 05:55:00+00:00,433.8461538,50,0,20.83642857,24.265,0,5.041666667,53.66060606
2026-01-14 06:00:00+00:00,434.5333333,48.5722488,0,20.8,22.77333333,0,5.466666667,53.28175439
2026-01-14 06:05:00+00:00,435.6857143,49.18937063,0,20.8,21.62,0,5.184,52.05037757
2026-01-14 06:10:00+00:00,434.9847403,48.34799275,0,20.8,21.88,0,5.07825,50.9
2026-01-14 06:15:00+00:00,434.85,48.15555556,0,20.8,23.02,0,4.5,52.486
2026-01-14 06:20:00+00:00,435.45,49.15,0,20.8,23.74,0,4.54,54.80947368
2026-01-14 06:25:00+00:00,438.4,49.2,0,20.8,23.82916667,0,4.461583333,57.23013889
2026-01-14 06:30:00+00:00,439.5709091,46.84983278,12.55815385,20.8,23.46,0,4.44,55.81333333
2026-01-14 06:35:00+00:00,452.5733333,48.28325359,25.71241818,20.89690909,22.96,0,4.17825,53.46945455
2026-01-14 06:40:00+00:00,446.5777778,48.34,25.92618333,20.9,22.544,0,4.16,53.18948571
2026-01-14 06:45:00+00:00,445,49.05208333,26.05,20.9,22.7,0,4.021428571,53.65830556
2026-01-14 06:50:00+00:00,446.6884615,49.32045455,25.94841758,20.9,23.05714286,0,4.095730769,53.29681324
2026-01-14 06:55:00+00:00,446.7,49.6,25.91633333,20.9,23.255,0,4,53.30848485
2026-01-14 07:00:00+00:00,446.85,49.48438228,25.90583333,20.93733333,23.22,0,4.008,54.13803092
2026-01-14 07:05:00+00:00,451.6,49.31948052,25.96,21,23,0,4.008,53.693
2026-01-14 07:10:00+00:00,457.1,49.03333333,26.0545,21,22.8,0,3.97,54.85957307
2026-01-14 07:15:00+00:00,460.29,47.64,26.05084848,21,22.88,0.088016043,4.085144488,53.24178253
2026-01-14 07:20:00+00:00,463.5459957,48.76083916,26.00555628,21,23.00666667,0.103846154,4.013846154,55.1261204
2026-01-14 07:25:00+00:00,488.6363636,49.87881481,26.02333333,20.9374359,23.1,0.221481482,3.9,54.9231419
2026-01-14 07:30:00+00:00,596.0666667,48.36541353,26.1,20.75368421,23.04,0.382105263,3.9,53.44412698
2026-01-14 07:35:00+00:00,607.6,48.66956522,26.1,20.78833333,22.9,0.5,3.9,53.65410526
2026-01-14 07:40:00+00:00,561.5,47.87741228,26.1,21.0047619,22.90625,0.786756073,3.9,54.58947368
2026-01-14 07:45:00+00:00,536.1,49.07636364,26.07942857,21.055,23,1.072181818,3.96,54.48880342
2026-01-14 07:50:00+00:00,522.1488889,50.17381818,26.05046457,21.05563636,23.076,1.1,3.946,55.11130784
2026-01-14 07:55:00+00:00,525.1538462,49.736,26.03671429,21.14951049,23.06,1.149,3.9865,54.0259893
2026-01-14 08:00:00+00:00,541.1111111,48.60714286,25.91111111,21.3,22.9,1.683131579,4.136380952,54.19909524
2026-01-14 08:05:00+00:00,572.4,47.29370629,25.58666667,21.26,22.9,1.865314685,4.391976191,53.08753521
2026-01-14 08:10:00+00:00,655.2222222,50.18888889,25.5042,21.22342857,23,2.023478495,4.4675,52.6812381
2026-01-14 08:15:00+00:00,736.1666667,69.01919192,25.15744444,21.35166667,23,2.508952381,4.7,53.46466667
2026-01-14 08:20:00+00:00,762.1526316,80.20985681,25.12345455,21.48347826,23.08571429,3.341924242,4.8664,52.90357143
2026-01-14 08:25:00+00:00,766.4928571,90.65454545,25.26976623,21.65090909,23.095,4.394573084,4.706171429,53.16727273
2026-01-14 08:30:00+00:00,767.4121429,95.89766234,25.30825,21.74461538,23.027,4.94955,4.6707,52.93230769
2026-01-14 08:35:00+00:00,766.4166667,90.84027778,25.15416667,21.825,23,5.980355556,4.922272727,53.29594156
2026-01-14 08:40:00+00:00,775.68,92.5826087,25.04770085,21.9,22.94545455,7.961178363,4.927727273,53.865
2026-01-14 08:45:00+00:00,778.0142857,104.4666667,25.204,21.89443223,22.9,10.39929143,4.795555556,52.90736996
2026-01-14 08:50:00+00:00,688.3733333,88.04090909,25.27933333,21.79261905,22.9,10.93324623,4.774,53.4553399
2026-01-14 08:55:00+00:00,649.3181818,60.66891641,25.25892308,21.7,22.94,12.5129969,4.98,53.30244833
2026-01-14 09:00:00+00:00,603.9428571,48.68496393,25.18590364,21.7,23.1,15.22581602,4.876363636,52.46538724
2026-01-14 09:05:00+00:00,611.3642857,47.27090909,25.11888889,21.7,23.1,15.58273876,4.892166667,53.71895623
2026-01-14 09:10:00+00:00,609.8944444,48.56410256,25.258,21.7,22.94,23.58866752,4.88175,54.39956044
2026-01-14 09:15:00+00:00,605.3717172,47.64857143,25.23338889,21.74363636,22.84,29.75324372,4.8164,52.80952381
2026-01-14 09:20:00+00:00,580.9141414,50.71,25.20072308,21.9,22.8,32.92025664,4.824,52.94265552
2026-01-14 09:25:00+00:00,566.3125,49.10416667,25.1909375,21.9,22.9375,31.22645833,4.770625,55.1875
2026-01-14 09:30:00+00:00,567.53,49.11533181,25.12437821,21.894,23.08666667,30.43798108,4.866166667,55.4
2026-01-14 09:35:00+00:00,666.28,49.91555556,25.4459596,21.8,23.2,31.94043529,4.741666667,53.58444444
2026-01-14 09:40:00+00:00,682.7636364,48.375,25.30738462,21.8,23.12349206,33.86703333,4.64,51.04553922
2026-01-14 09:45:00+00:00,694.28,49.70695187,25.38352941,21.96052632,22.96363636,35.38695527,4.521285714,52.83133989
2026-01-14 09:50:00+00:00,694.8371041,50.76419173,25.46961153,21.91365079,22.9,38.63900376,4.503666667,52.93711111
2026-01-14 09:55:00+00:00,716.6,62.14611271,25.35947712,22.04652174,22.92666667,40.64703252,4.578321429,53.74347826
2026-01-14 10:00:00+00:00,676.28,54.66070615,25.51366667,22.08153846,23.02,41.81806061,4.56,53.93692308
2026-01-14 10:05:00+00:00,617.9333333,54.44,25.51553535,21.91473684,23.1,65.24227135,4.48,53.82085061
2026-01-14 10:10:00+00:00,590,54.98461538,25.50067308,21.9,23.06431818,84.046,4.6,53.71833333
2026-01-14 10:15:00+00:00,540.1691176,54.16818182,25.33025,21.9,22.98658009,155.0429318,4.752,53.57287679
2026-01-14 10:20:00+00:00,537,52.2,25.3,21.9,22.9,148.6274444,4.7028125,53.23214286
2026-01-14 10:25:00+00:00,540.6,54.55555556,25.11666667,21.9,22.9,103.3366667,4.91575,53.14647059
2026-01-14 10:30:00+00:00,547.8767534,55,25.18062162,21.9,22.98,81.08004683,4.850957143,53.80856293
2026-01-14 10:35:00+00:00,545.4727564,55.27136752,25.14482738,21.9,23.1,164.6553823,4.813685714,49.371293
2026-01-14 10:40:00+00:00,544.548366,53.84744589,24.97849624,21.9,23.03377778,186.6162761,4.969610294,50.89625717
2026-01-14 10:45:00+00:00,541.6,53.81664809,24.90125,21.9,22.91714286,198.5789374,5.16,52.27404306
2026-01-14 10:50:00+00:00,536.3886364,54.51052632,24.71456944,21.9,22.9,200.8436105,5.219333333,52.782
2026-01-14 10:55:00+00:00,531.3922078,55,24.64238095,21.9,22.9,200.1512121,5.364914286,52.525
2026-01-14 11:00:00+00:00,526.225,53.5,24.60052632,21.9,22.9,199.9467778,5.408888889,51.60153846
2026-01-14 11:05:00+00:00,517.6909091,54.84,24.41327273,21.9,22.9,202.7662162,5.50225,52.226
2026-01-14 11:10:00+00:00,524.2228571,48.88941176,24.34175,21.9,22.9,203.9768,5.629555556,53.23008547
2026-01-14 11:15:00+00:00,534.53125,48.54487179,24.11972222,22.08461538,23.1,203.5570833,5.731785714,52.02083333
2026-01-14 11:20:00+00:00,541.58,48.30666667,24.21722222,22.05578947,23.1,203.7648889,5.835269841,52.95001604
2026-01-14 11:25:00+00:00,543,47.68631579,24.28007018,22.04557895,23.072,204.5421895,5.916601399,52.08224812
2026-01-14 11:30:00+00:00,541.45,47.25,24.14,22.1,22.84,203.9690421,5.87,51.09557576
2026-01-14 11:35:00+00:00,560.45,47.66666667,24.19545455,22.1,22.8,203.4731462,5.9,53.60650427
2026-01-14 11:40:00+00:00,599.52,48.47333333,24.16320513,22.16166667,22.98,202.0685833,5.858,53.35516667
2026-01-14 11:45:00+00:00,639.8073232,48.9325,24.04488571,22.2,23.04,201.8282558,5.947350649,52.636
2026-01-14 11:50:00+00:00,679.495,49.85274725,23.93493333,22.27138756,22.94666667,191.7188232,6.093428571,53.9442504
2026-01-14 11:55:00+00:00,687.4846078,50.83020147,23.88603922,22.3,22.88705556,157.7534896,6.116545168,52.58943956
2026-01-14 12:00:00+00:00,694.2,49.33333333,23.72,22.3,22.8,196.5938571,6.212,52.08148918
2026-01-14 12:05:00+00:00,704.8833333,55.49789474,23.742,22.37694737,22.8,197.2777,6.295277778,50.99109974
2026-01-14 12:10:00+00:00,699.375,52.75806452,23.86388889,22.4,22.8,193.6805645,6.247727273,50.12482719
2026-01-14 12:15:00+00:00,666.0761905,47.47472527,23.91850549,22.36447368,22.75428571,189.9468085,6.086,51.76137652
2026-01-14 12:20:00+00:00,636.4,46.94545455,23.82,22.25363636,22.6,187.9249762,6.176857143,51.12955466
2026-01-14 12:25:00+00:00,610,47.12275132,23.72,22.2,22.6,185.6146743,6.313636364,52.18083333
2026-01-14 12:30:00+00:00,586.41,47.67705628,23.63757143,22.2,22.6,181.2023612,6.48,51.57851852
2026-01-14 12:35:00+00:00,570.3350649,46.46398601,23.51178701,22.30717949,22.58666667,176.7058132,6.535,48.80071429
2026-01-14 12:40:00+00:00,558.6,45.50217391,23.68092308,22.38925926,22.4,173.9242533,6.427090909,53.265
2026-01-14 12:45:00+00:00,594.4857143,45.95384615,23.64275,22.4,22.39333333,169.56675,6.33,52.02795935
2026-01-14 12:50:00+00:00,616.8472222,46.36282051,23.66786667,22.4529614,22.29428571,167.0034,6.323571429,50.89852632
2026-01-14 12:55:00+00:00,629.05,47.16856187,23.53744444,22.5,22.06,161.8137266,6.669285714,49.33498328
2026-01-14 13:00:00+00:00,640.45,46.65363636,23.47757143,22.54690476,21.9,157.6203059,6.58,52.50952381
2026-01-14 13:05:00+00:00,621.3571429,46.125,23.60464286,22.51458333,21.9,152.4282408,6.432142857,51.93731061
2026-01-14 13:10:00+00:00,587.8338095,45.98064516,23.69918182,22.37410714,21.9,148.810687,6.314444444,47.97225651
2026-01-14 13:15:00+00:00,547.6118551,45.49736534,23.66066485,22.09682216,21.80003663,145.9154986,6.374030075,49.34517659
2026-01-14 13:20:00+00:00,467.0857143,44.79809524,23.636,21.53924242,21.424,136.6392727,6.531214286,51.89365801
2026-01-14 13:25:00+00:00,507.652381,46.19444444,23.78748077,21.69777778,21.31333333,128.2876111,6.335714286,51.82666667
2026-01-14 13:30:00+00:00,552.2622222,45.88444444,23.87915556,21.98,21.3,121.4255476,6.252380952,51.34285714
2026-01-14 13:35:00+00:00,565.4495651,45.37084041,23.74571001,22.10232035,21.32146603,115.533177,6.302217893,51.9342684
2026-01-14 13:40:00+00:00,619.45,46.21103738,23.91875,22.21497608,21.3075,107.8686333,5.997368421,53.67160287
2026-01-14 13:45:00+00:00,618.925,44.79111111,24.03311111,22.216,21.04,100.8046747,6.004285714,53.84892308
2026-01-14 13:50:00+00:00,583.9555556,44.57255312,24.03711111,22.05931034,20.94,96.10112266,5.966,51.34043242
2026-01-14 13:55:00+00:00,560.0817308,45.73809524,23.97941964,22,20.75,88.47331586,5.8685,50.86625874
2026-01-14 14:00:00+00:00,539.7650794,44.15666667,24.19568182,22,20.7,80.63452174,5.904166667,53.19073684
2026-01-14 14:05:00+00:00,533.8615385,45,24.20333333,22,20.676,72.90624539,5.993690476,53.09232323
2026-01-14 14:10:00+00:00,523.18,45.10909091,24.44828283,22,20.55,66.13842424,5.592142857,51.29384615
2026-01-14 14:15:00+00:00,512.7866667,44.98974359,24.30373856,22,20.44880952,56.54074359,5.6268,53.9227568
2026-01-14 14:20:00+00:00,509.5545455,44.73196537,24.38168571,21.98357143,20.31666667,48.98529273,5.645396825,51.30559441
2026-01-14 14:25:00+00:00,503.3,49,24.30857143,21.9,20.3,40.72510541,5.621818182,54.19064454
2026-01-14 14:30:00+00:00,496.355,48.71666667,24.36,21.9,20.27714286,33.42328986,5.616507937,52.05428571
2026-01-14 14:35:00+00:00,497.0666667,48.0006993,24.6715,21.9,20.2,25.87081624,5.33,53.63095238
2026-01-14 14:40:00+00:00,490.4755556,48.8954023,24.96654444,21.89090909,20.14,20.54081167,4.98,51.26005865
2026-01-14 14:45:00+00:00,488.56,49,25.10363636,21.8,20.06,14.865815,4.9,52.61341176
2026-01-14 14:50:00+00:00,482.8928571,49,25.20555556,21.8,20,11.11328582,4.8,53.03863636
2026-01-14 14:55:00+00:00,481.531746,49.56240741,25.33887119,21.8,20,9.045203704,4.647142857,52.81441296
2026-01-14 15:00:00+00:00,480.04,49.51495879,25.30769231,21.8,20,6.520289493,4.619361111,53.38961729
2026-01-14 15:05:00+00:00,474.8,51.57777778,11.34685714,21.8,20.02333333,4.474276168,4.571277778,54.82450142
2026-01-14 15:10:00+00:00,469.6989286,51.79910501,2.408283518,21.8,20.12,3.256414442,4.062,55.97173976
2026-01-14 15:15:00+00:00,464.2428571,52.73809524,0,21.8,20.2,2.07604411,3.904,52.82557143
2026-01-14 15:20:00+00:00,463.0888889,53.76363636,0,21.8,20.05,1.327209572,3.988,48.05046584
2026-01-14 15:25:00+00:00,461,52.03076923,0,21.8,20,0.73248718,3.8,54.8821256
2026-01-14 15:30:00+00:00,461.0315789,52.53024066,0,21.7973913,20.16,0.506742009,3.9819,54.07726294
2026-01-14 15:35:00+00:00,457.1142857,52.2231352,0,21.7,20.61,0.166153846,3.866,53.94862319
2026-01-14 15:40:00+00:00,458.0277778,51.125,0,21.7,21.1,0.074553571,3.852991453,53.64543651
2026-01-14 15:45:00+00:00,463.1,51.99852632,0,21.7,21.15,0,4.02,53.7
2026-01-14 15:50:00+00:00,462.7765657,50.12901823,0,21.7,20.7,0,4.052857143,53.73044755
2026-01-14 15:55:00+00:00,460.3619048,51.80357895,0,21.63844804,20.3875,0,3.55,53.49065196
2026-01-14 16:00:00+00:00,457.4063492,51.57545455,0,21.6,20.1,0,3.366666667,54.6
2026-01-14 16:05:00+00:00,455.1426573,51.68265645,0,21.6,20.63333333,0,3.253053391,55.76498674
2026-01-14 16:10:00+00:00,447.4571429,52.73205742,0,21.6,20.9,0,3.508649351,56.26861111
2026-01-14 16:15:00+00:00,447.3318681,52.97680672,0,21.6,21.53,0,3.46441958,56.15591503
2026-01-14 16:20:00+00:00,446.8666667,52.28447205,0,21.51468531,21.56,0,3.4,56.15378882
2026-01-14 16:25:00+00:00,444.3047619,52.75578947,0,21.5,20.55333333,0,3.4,56.01690909
2026-01-14 16:30:00+00:00,443.1909722,52.25,0,21.5,20.3,0,3.396,55.31053571
2026-01-14 16:35:00+00:00,442.5692308,52.05462963,0,21.5,20.66,0,3.376666667,54.67599803
2026-01-14 16:40:00+00:00,439.9142857,51.42732867,0,21.5,22.50833333,0,3.46,53.62050989
2026-01-14 16:45:00+00:00,441.2,51.60714286,0,21.5,23.3,0,3.326,54.905997
2026-01-14 16:50:00+00:00,443.84,52.35111111,0,21.44618519,22.612,0,3.076,56.004
2026-01-14 16:55:00+00:00,445.8,50.8,0,21.4,21.32,0,2.88,56.02651515
2026-01-14 17:00:00+00:00,449.705,51.412,0,21.4,20.76,0,2.8,55.66997647
2026-01-14 17:05:00+00:00,452.8419048,52.54814815,0,21.4,21.33733333,0,2.778095238,55.86154589
2026-01-14 17:10:00+00:00,450.115,52.22235294,0,21.4,23.2,0,2.6202,54.32666667
2026-01-14 17:15:00+00:00,448.1384615,52,0,21.4,24.04571429,0,2.6,54.64600621
2026-01-14 17:20:00+00:00,446.1309524,51.80144928,0,21.4,24.1,0,2.5,55.51458333
2026-01-14 17:25:00+00:00,444.2850649,52.32060097,0,21.3518411,22.51333333,0,2.584,56.81194805
2026-01-14 17:30:00+00:00,442.4,52.88688312,0,21.3,21.21333333,0,2.483333333,57.3967051
2026-01-14 17:35:00+00:00,440.0666667,52.89444444,0,21.3,22.02666667,0,2.411666667,55.2998
2026-01-14 17:40:00+00:00,439.2666667,52.64235624,0,21.3,24,0,2.4,55.4274136
2026-01-14 17:45:00+00:00,437.5428571,52.53333333,0,21.3,24.76,0,2.34,56.11437229
2026-01-14 17:50:00+00:00,436.08,52.44615385,0,21.24333333,24.126,0,2.3,55.80187404
2026-01-14 17:55:00+00:00,434.36,52.45333333,0,21.2,22.8,0,2.3,54.84666667
2026-01-14 18:00:00+00:00,433.5242063,52.975,0,21.2,22.8,0,2.295777778,56.4865
2026-01-14 18:05:00+00:00,432.275,53.15,0,21.2,21.812,0,2.169968254,55.45833333
2026-01-14 18:10:00+00:00,431.25,52.72368421,0,21.2,23.60833333,0,2.1,55.23375
2026-01-14 18:15:00+00:00,432.0809524,52.2,0,21.2,24.885,0,2.12,55.7132
2026-01-14 18:20:00+00:00,432.9,52.95549451,0,21.19048984,24.56,0,2.196727273,56.23934801
2026-01-14 18:25:00+00:00,432.5381599,52.72477989,0,21.14630926,23.69666667,0,2.18085035,56.32576622
2026-01-14 18:30:00+00:00,430.8,52.28,0,21.1,20.927,0,2.265,54.57343434
2026-01-14 18:35:00+00:00,429.2571429,52.81666667,0,21.1,21.588,0,2.3012,55.71424242
2026-01-14 18:40:00+00:00,429.7653846,52.23434343,0,21.1,23.74,0,2.3869,55.64363636
2026-01-14 18:45:00+00:00,427.8672727,52.32272727,0,21.1,25.4,0,2.323611111,55.61236842
2026-01-14 18:50:00+00:00,427.1777778,52.81507246,0,21.07663826,24.716,0,2.3,55.75297659
2026-01-14 18:55:00+00:00,428.2909091,52.26,0,21,22.42916667,0,2.3,55.51
2026-01-14 19:00:00+00:00,426.0444444,53,0,21,20.792,0,2.3,55.696
2026-01-14 19:05:00+00:00,426.2277056,53,0,21,20.79829545,0,2.303815789,55.85558704
2026-01-14 19:10:00+00:00,425.96,52.96469935,0,21,22.11333333,0,2.437936508,55.78729104
2026-01-14 19:15:00+00:00,425.4142857,52.02371542,0,21,24.8375,0,2.42,55.84890909
2026-01-14 19:20:00+00:00,427.92,51.89755892,0,21,25.1075,0,2.396363636,56.05249216
2026-01-14 19:25:00+00:00,425.52,52.04891775,0,20.98428571,23.39330357,0,2.322363636,55.84086873
2026-01-14 19:30:00+00:00,425.5777778,51.30909091,0,20.9,21.02708333,0,2.259428571,55.38
2026-01-14 19:35:00+00:00,424,53,0,20.9,21.044,0,2.194363636,55.49627156
2026-01-14 19:40:00+00:00,424,52.96,0,20.9,22.85666667,0,2.2,55.31239827
2026-01-14 19:45:00+00:00,424.2,52.76666667,0,20.9,24.296,0,2.141365079,56.41690656
2026-01-14 19:50:00+00:00,424.630303,51.89370629,0,20.896,24.694,0,2.089277778,57.07033083
2026-01-14 19:55:00+00:00,425.9444444,53,0,20.8,23.4,0,2.016517857,55.775
2026-01-14 20:00:00+00:00,423.8126623,50.35428571,0,20.8,22,0,2.0045,56.04571429
2026-01-14 20:05:00+00:00,424.0363636,5.426086957,0,20.8,21.18,0,2,56.29090909
2026-01-14 20:10:00+00:00,426,0,0,20.8,21.06,0,1.965714286,56.27075758
2026-01-14 20:15:00+00:00,426,0,0,20.8,20.992,0,1.9,56.26564103
2026-01-14 20:20:00+00:00,427.95,0,0,20.8,20.74,0,1.896,56.03666667
2026-01-14 20:25:00+00:00,426.4333333,0,0,20.8,20.58,0,1.773230769,56.3808658
2026-01-14 20:30:00+00:00,426.0666667,0,0,20.8,20.5,0,1.7165,56.10835294
2026-01-14 20:35:00+00:00,426.5394444,0,0,20.8,20.26,0,1.7007,55.80285714
2026-01-14 20:40:00+00:00,426.3111111,0,0,20.8,20.15,0,1.702,55.86322222
2026-01-14 20:45:00+00:00,426,0,0,20.8,19.97079365,0,1.758,55.89272727
2026-01-14 20:50:00+00:00,426.0263158,0,0,20.8,19.8,0,1.8,56.24090909
2026-01-14 20:55:00+00:00,426,0,0,20.8,19.62,0,1.8,56.63367965
2026-01-14 21:00:00+00:00,425.8285714,0,0,20.8,19.29,0,1.7625,57.23555556
2026-01-14 21:05:00+00:00,425.8,0,0,20.8,19.0625,0,1.628,56.67755245
2026-01-14 21:10:00+00:00,427.24,0,0,20.8,18.86,0,1.551083333,56.41525541
2026-01-14 21:15:00+00:00,425.6685714,0,0,20.8,18.56,0,1.516380952,56.05245614
2026-01-14 21:20:00+00:00,424.9314286,0,0,20.8,18.32666667,0,1.546666667,56.271
2026-01-14 21:25:00+00:00,425.8,0,0,20.8,18.1,0,1.452666667,56.18956938
2026-01-14 21:30:00+00:00,426,0,0,20.8,17.7,0,1.433428571,56.34764444
2026-01-14 21:35:00+00:00,425.2361111,0,0,20.8,17.44,0,1.4,56.96984211
2026-01-14 21:40:00+00:00,424.7587302,0,0,20.8,17.15733333,0,1.4,56.8
2026-01-14 21:45:00+00:00,424.8928571,0,0,20.8,16.88,0,1.475,56.32285714
2026-01-14 21:50:00+00:00,425.07,0,0,20.8,16.65771429,0,1.4,56.02090909
2026-01-14 21:55:00+00:00,425.675,0,0,20.8,16.22,0,1.391857143,56.07530303
2026-01-14 22:00:00+00:00,425.3214286,0,0,20.8,15.92,0,1.31,56.16933333
2026-01-14 22:05:00+00:00,425.6607143,0,0,20.8,15.68,0,1.246,56.82086275
2026-01-14 22:10:00+00:00,424.9911111,0,0,20.8,15.44,0,1.2,58.65251462
2026-01-14 22:15:00+00:00,424.46,0,0,20.8,15.08,0,1.348333333,56.7024
2026-01-14 22:20:00+00:00,423.6004274,0,0,20.8,14.843,0,1.4,56.30685315
2026-01-14 22:25:00+00:00,423.0888889,0,0,20.8,14.62,0,1.340277778,56.3251917
2026-01-14 22:30:00+00:00,423.6444444,0,0,20.8,14.42,0,1.3,57.06922559
2026-01-14 22:35:00+00:00,425,0,0,20.8,14.2,0,1.28,56.94011364
2026-01-14 22:40:00+00:00,424.9777778,0,0,20.8,14.04333333,0,1.168571429,56.50565253
2026-01-14 22:45:00+00:00,424,0,0,20.75933333,13.84266667,0,1.093777778,56.08092641
2026-01-14 22:50:00+00:00,424,0,0,20.7,13.62,0,1.1,56.05619048
2026-01-14 22:55:00+00:00,423.6,0,0,20.7,13.42,0,1.145,56.5
2026-01-14 23:00:00+00:00,423.4,0,0,20.7,13.26,0,1.117777778,57.02523923
2026-01-14 23:05:00+00:00,423.9214286,0,0,20.7,13.095,0,1.145514286,57.72145363
2026-01-14 23:10:00+00:00,422.75,0,0,20.7,12.935,0,1.10415873,57.62190476
2026-01-14 23:15:00+00:00,422.0927273,0,0,20.7,12.8,0,1.087746853,57.69522664
2026-01-14 23:20:00+00:00,422.3318307,0,0,20.7,12.76945455,0,1.070418288,57.65917874
2026-01-14 23:25:00+00:00,422.9375,0,0,20.7,12.4,0,1.065,56.93636364
2026-01-14 23:30:00+00:00,422.3266667,0,0,20.7,12.337,0,1.049363636,56.84865265
2026-01-14 23:35:00+00:00,423.325,0,0,20.7,12.1,0,1,57.13090909
2026-01-14 23:40:00+00:00,423.7454545,0,0,20.7,12.02139683,0,1,57.26322129
2026-01-14 23:45:00+00:00,423,0,0,20.7,11.916,0,0.996,56.25833333
2026-01-14 23:50:00+00:00,422.8777778,0,0,20.7,11.76,0,0.967146853,57.57131868
2026-01-14 23:55:00+00:00,421.8909091,0,0,20.7,11.54,0,1.0482,58.20965035
2026-01-15 00:00:00+00:00,421,0,0,20.7,11.4,0,1.06,56.73296443
2026-01-15 00:05:00+00:00,421.0444444,0,0,20.66333333,11.2,0,1.054,56.71151515
2026-01-15 00:10:00+00:00,421.06,0,0,20.6,11.14,0,1.0315,56.66202445
2026-01-15 00:15:00+00:00,424,0,0,20.60737255,11,0,0.949220779,57.59694829
2026-01-15 00:20:00+00:00,423.8928571,0,0,20.7,10.92083333,0,0.971,54.06362256
2026-01-15 00:25:00+00:00,422.85,0,0,20.7,10.96,0,0.792928571,57.59990909
2026-01-15 00:30:00+00:00,422.0348485,0,0,20.7,11.1,0,0.771635065,58.35965527
2026-01-15 00:35:00+00:00,421.9142857,0,0,20.7,11.33333333,0,0.468666667,58.71730205
2026-01-15 00:40:00+00:00,421.6666667,0,0,20.685,11.9,0,0.175555556,58.25026645
2026-01-15 00:45:00+00:00,420.9142857,0,0,20.60285714,12.9,0,0.02,58.24395604
2026-01-15 00:50:00+00:00,421.8285714,0,0,20.6,13.116,0,-0.08,57.84327635
2026-01-15 00:55:00+00:00,422,0,0,20.6,13.40285714,0,-0.1,57.30566667
2026-01-15 01:00:00+00:00,421.5019841,0,0,20.6,13.5,0,-0.172972222,57.19225926
2026-01-15 01:05:00+00:00,421.9964286,0,0,20.6,13.74,0,-0.209142857,57.62252505
2026-01-15 01:10:00+00:00,422.85,0,0,20.6,13.94,0,-0.246666667,58.30445614
2026-01-15 01:15:00+00:00,421,0,0,20.6,14,0,-0.2,58.93333333
2026-01-15 01:20:00+00:00,422.7714286,0,0,20.6,14,0,-0.198285714,59.11368421
2026-01-15 01:25:00+00:00,421.1,0,0,20.6,14,0,-0.273333333,58.82
2026-01-15 01:30:00+00:00,422.6,0,0,20.6,13.94,0,-0.3875,58.48478261
2026-01-15 01:35:00+00:00,423,0,0,20.6,13.68666667,0,-0.3,58.15157895
2026-01-15 01:40:00+00:00,421,0,0,20.6,13.58,0,-0.492,58.03287879
2026-01-15 01:45:00+00:00,421.8,0,0,20.6,13.48057143,0,-0.477272727,57.84808081
2026-01-15 01:50:00+00:00,420.3333333,0,0,20.6,13.38083333,0,-0.402666667,57.6745
2026-01-15 01:55:00+00:00,421,0,0,20.6,13.296,0,-0.336,57.15837903
2026-01-15 02:00:00+00:00,421.0333333,0,0,20.6,13.21666667,0,-0.28,57.51280397
2026-01-15 02:05:00+00:00,421.0693627,0,0,20.6,13.10828571,0,-0.229609527,57.70003786
2026-01-15 02:10:00+00:00,420.1269841,0,0,20.6,12.9,0,0.5,57.61458333
2026-01-15 02:15:00+00:00,420.8,0,0,20.6,12.81,0,0.3605,58.75692308
2026-01-15 02:20:00+00:00,421.7636364,0,0,20.6,12.6,0,0.415333333,58.456
2026-01-15 02:25:00+00:00,420.7809524,0,0,20.6,12.47636364,0,0.668688597,54.66551724
2026-01-15 02:30:00+00:00,420.8,0,0,20.6,12.4,0,0.95,58.39062937
2026-01-15 02:35:00+00:00,420.3727273,0,0,20.6,12.332,0,1.06,57.41534783
2026-01-15 02:40:00+00:00,420.6666667,0,0,20.6,12.3,0,1.161666667,59.0522501
2026-01-15 02:45:00+00:00,420.2888889,0,0,20.6,12.615,0,0.8895,55.83036364
2026-01-15 02:50:00+00:00,420.6833333,0,0,20.51833333,12.9,0,1,57.20566667
2026-01-15 02:55:00+00:00,420.4,0,0,20.5,13.3,0,1.013454546,57.34022712
2026-01-15 03:00:00+00:00,420.3650794,0,0,20.5,13.66,0,1.054,56.62953846
2026-01-15 03:05:00+00:00,420.6727273,0,0,20.5,13.83333333,0,1.05,55.74969697
2026-01-15 03:10:00+00:00,421.65625,0,0,20.5,13.975,0,1.142857143,56.44583333
2026-01-15 03:15:00+00:00,421.4246154,0,0,20.5,14,0,1.23040404,56.96608485
2026-01-15 03:20:00+00:00,420.2,0,0,20.5,14,0,1.04,57.92394737
2026-01-15 03:25:00+00:00,419.625,0,0,20.5,14,0,1.177777778,56.832
2026-01-15 03:30:00+00:00,419.4769231,0,0,20.5,13.96,0,1.077777778,56.83236364
2026-01-15 03:35:00+00:00,419.5328701,0,0,20.5,13.78,0,0.9074,56.61025
2026-01-15 03:40:00+00:00,419.6210526,0,0,20.5,13.7,0,1.193854546,55.86751772
2026-01-15 03:45:00+00:00,420,0,0,20.5,13.66,0,1.239555556,56.51545455
2026-01-15 03:50:00+00:00,419.4,0,0,20.5,13.44666667,0,1.3,56.40333333
2026-01-15 03:55:00+00:00,419.4971429,0,0,20.5,13.4,0,1.33,55.77672065
2026-01-15 04:00:00+00:00,420.38,0,0,20.5,13.31,0,1.454142857,56.55703349
2026-01-15 04:05:00+00:00,420,16.39502165,0,20.5,13.1,0,1.293286713,56.84748377
2026-01-15 04:10:00+00:00,418.5444444,44.95,0,20.46770563,16.86,0,0.64,57.25766234
2026-01-15 04:15:00+00:00,418.4571429,47.77142857,0,20.4,25.84,0,0.434190476,57.98547619
2026-01-15 04:20:00+00:00,418.7085714,48.74945055,0,20.4,28.1,0,0.421333333,58.19342105
2026-01-15 04:25:00+00:00,418.9142857,48.0959603,0,20.4,27.08,0,0.09948718,57.71497835
2026-01-15 04:30:00+00:00,418.0266667,48.03887147,0,20.4,21.896,0,-0.1,57.54177325
2026-01-15 04:35:00+00:00,420.1954545,48.38729097,0,20.4,19.64,0,-0.225714286,57.58683983
2026-01-15 04:40:00+00:00,420.189899,48.76666667,0,20.4,20.95333333,0,-0.228571429,57.75846154
2026-01-15 04:45:00+00:00,421.5269619,48.38490422,0,20.4,23.59666667,0,1.6934,56.83417798
2026-01-15 04:50:00+00:00,422.0285714,48.97142857,0,20.4,26.7575,0,4.384272727,54.45891026
2026-01-15 04:55:00+00:00,422.2285714,48.80095238,0,20.4,24.5,0,4.870060606,52.54345455
2026-01-15 05:00:00+00:00,423.3555556,47.96416667,0,20.4,22.345,0,6.245001595,51.58476891
2026-01-15 05:05:00+00:00,424.05,47.05769231,0,20.4,21.4,0,6.807205357,49.76875
2026-01-15 05:10:00+00:00,424.0506787,47.86666667,0,20.4,22.16,0,5.560166667,50.21866359
2026-01-15 05:15:00+00:00,425.4153846,43.66666667,0,20.4,23.974,0,4.361571429,51.01767055
2026-01-15 05:20:00+00:00,425.4,34.47177033,0,20.4,24.32971429,0,3.6976,53.00746154
2026-01-15 05:25:00+00:00,426.6,149.4,0,20.4,21.92666667,0,2.174714286,55.05709091
2026-01-15 05:30:00+00:00,425,46.57272727,0,20.4,21.165,0,2.929666667,58.37666667
2026-01-15 05:35:00+00:00,425.52,47.97666667,0,20.4,21.54666667,0,4.702,58.01
2026-01-15 05:40:00+00:00,427.227381,47.36294538,0,20.4,22.90666667,0,5.346,55.2460302
2026-01-15 05:45:00+00:00,428.1881818,47.80333333,0,20.4,24.46,0,6.375,51.97489655
2026-01-15 05:50:00+00:00,429.9584416,46.53723308,0,20.4,24.30666667,0,5.690909091,52.32006993
2026-01-15 05:55:00+00:00,430.5619048,47.16588629,0,20.40521739,23.29333333,0,3.407,53.81327759
2026-01-15 06:00:00+00:00,428.1785714,47.11363636,0,20.5,22,0,2.5,54.09606227
2026-01-15 06:05:00+00:00,429.6990385,47.98416945,0,20.5,21.925,0,2.285714286,53.55966897
2026-01-15 06:10:00+00:00,430.15,47.22181818,0,20.5,22.27777778,0,1.421666667,54.86431016
2026-01-15 06:15:00+00:00,429.8771429,47.05799663,0,20.5,23.22666667,0,1.424,57.44481893
2026-01-15 06:20:00+00:00,431,47.23818182,0,20.5,23.7,0,1.349272727,59.35363636
2026-01-15 06:25:00+00:00,449,47.13692308,0,20.516,23.776,0,1.4,60.26385965
2026-01-15 06:30:00+00:00,446.1206349,48.04,1.7122,20.692,23.525,0,1.4,58.16277778
2026-01-15 06:35:00+00:00,450.8666667,48.1047619,28.58722222,20.61333333,22.86,0,1.5014,55.11157143
2026-01-15 06:40:00+00:00,448,48.01,28.48316667,20.798,22.55666667,0,1.543909091,55.2669697
2026-01-15 06:45:00+00:00,446.380303,48.80892308,28.45028571,20.71384615,22.69960317,0,1.62289697,56.28666667
2026-01-15 06:50:00+00:00,447.9902778,47.60689655,28.00486667,20.7,23.005,0,1.745307692,56.52675758
2026-01-15 06:55:00+00:00,448.1785714,47.16666667,27.7934375,20.7,23.105,0,2.3058125,54.97372378
2026-01-15 07:00:00+00:00,447.0820513,47.69090909,27.8,20.78041958,23.22,0.06,2.463678571,55.80922488
2026-01-15 07:05:00+00:00,449.1383838,46.08584932,27.87525524,20.8,23.2875,0.153494092,2.317301587,57.62229167
2026-01-15 07:10:00+00:00,449.4,47.35451505,27.18222857,20.8,22.94,0.343411371,2.705952381,55.59270903
2026-01-15 07:15:00+00:00,449.9230769,47.95748626,27.22084211,20.8,22.71,0.56580815,2.815555556,55.3867871
2026-01-15 07:20:00+00:00,451.3388235,47.22441558,27.09194444,20.8,22.845,0.904712211,3.264615385,55.27001347
2026-01-15 07:25:00+00:00,452.685,47.44848485,25.65666667,20.8,23.2,1.391366667,4,54.08104895
2026-01-15 07:30:00+00:00,452.2,47.2,25.42644444,20.8,23.28,2.117621212,4.318920635,53.93458333
2026-01-15 07:35:00+00:00,456.6929293,47.81,25.96689666,20.8,23.12666667,2.939,3.95665,53.32977444
2026-01-15 07:40:00+00:00,462.3916667,47.94561404,25.91597802,20.8,22.8,4.103824561,4.023636364,54.10439676
2026-01-15 07:45:00+00:00,473.575,46.5,26.14475,20.8,22.71666667,5.608356364,3.845,54.13435897
2026-01-15 07:50:00+00:00,479.9737374,46.00909091,25.84224359,20.8,22.7,6.502,3.974333333,53.52615385
2026-01-15 07:55:00+00:00,480.5339461,46.34410832,25.77929002,20.8,22.825,9.613522355,4.708185703,52.03594012
2026-01-15 08:00:00+00:00,483.3488722,47.94732448,25.889393,20.842079,22.92066667,11.56383516,4.35112381,53.37511894
2026-01-15 08:05:00+00:00,542.8,49.58918919,26.21111111,20.98315789,22.96,14.73451345,3.790464286,54.65465998
2026-01-15 08:10:00+00:00,620.168793,49,26.44312758,21.04517857,22.92571429,17.13833929,3.686246499,54.83833333
2026-01-15 08:15:00+00:00,635.7333333,47.84722222,26.348875,21.08125,23,17.85175,3.645,53.33644444
2026-01-15 08:20:00+00:00,648.4545455,47.40869565,26.30582609,21.18521739,23.04363636,18.80558178,3.7,54.35430435
2026-01-15 08:25:00+00:00,665.5,47.94099161,26.14834854,21.25244912,23.1,24.99965322,3.8517,53.75614035
2026-01-15 08:30:00+00:00,683.6636364,47.22666667,25.84782143,21.27425837,23.1,39.23825455,3.969,53.63301435
2026-01-15 08:35:00+00:00,691.8,47.75028736,25.74871429,21.37242892,23.12,54.18336006,3.958197802,54.13123563
2026-01-15 08:40:00+00:00,698.3142857,46.52167832,26.0225,21.43713287,23.16,44.5183,3.931186813,53.44607143
2026-01-15 08:45:00+00:00,694.2333333,51.37222222,26.07181818,21.52188235,23.04133333,51.90081048,3.939893048,54.99653595
2026-01-15 08:50:00+00:00,685.5,53.35714286,26.05,21.6277027,22.95,64.89319692,4,55.78716216
2026-01-15 08:55:00+00:00,692.4955556,48.87,26.06784722,21.7,22.802,65.12098553,4.144110276,53.3535
2026-01-15 09:00:00+00:00,688.9690435,48.56663741,25.95579545,21.7,22.9020979,68.1624819,4.170227273,54.15490665
2026-01-15 09:05:00+00:00,692.9111111,71.75,26.02226263,21.72866667,23.2,65.70627778,4.036666667,52.716
2026-01-15 09:10:00+00:00,726.2,81.6189441,26.03218939,21.8,23.12,71.66192367,4.018493507,53.14658009
2026-01-15 09:15:00+00:00,781.9305556,97.12098039,25.96527662,21.8,23,76.31342262,4.071153846,54.36030303
2026-01-15 09:20:00+00:00,787.4187783,132.7059358,25.86863492,21.84026483,22.8,40.90381176,4.119428571,50.18666667
2026-01-15 09:25:00+00:00,790.5342105,115.1833891,25.87740909,21.88710317,22.8,38.75433668,4.175735294,49.8776455
2026-01-15 09:30:00+00:00,628.3333333,86.72222222,25.72727273,21.9,23.15833333,24.21,4.1,54.3
2026-01-15 09:35:00+00:00,602.0952381,71.55952381,25.88541667,21.81324675,23.2,20.47809524,3.926,55.10831169
2026-01-15 09:40:00+00:00,578.4727273,49.26794872,26.03812857,21.655,23,22.39932143,3.976444444,54.48975
2026-01-15 09:45:00+00:00,571.9321429,50.77216749,25.963125,21.63363095,22.91666667,31.47137931,4.163055556,53.28958333
2026-01-15 09:50:00+00:00,553.1309524,50.1,25.78951648,21.696,22.9,34.43935543,4.325428571,53.79694286
2026-01-15 09:55:00+00:00,544.8842105,50.00625,25.89818182,21.7,22.92990476,34.30097407,4.22630507,54
2026-01-15 10:00:00+00:00,538,50.64,25.845,21.7,23,28.992,4.101,53.74258242
2026-01-15 10:05:00+00:00,554.6690476,50.3924812,25.86171429,21.72294118,23,29.21159399,4.081454546,53.9420202
2026-01-15 10:10:00+00:00,623.7421992,51.71617391,25.72675,21.78928571,22.94,33.16156054,4.376,54.11021818
2026-01-15 10:15:00+00:00,684.3142857,53.75272727,25.59522222,21.83454545,22.9,37.03646784,4.268,53.792
2026-01-15 10:20:00+00:00,689.3045455,58.75104859,25.77368333,21.9,22.976,31.74941684,4.1045,54.26472929
2026-01-15 10:25:00+00:00,708.8,74.61005974,25.4431,21.90426901,23,34.22229679,4.1817,56.07547739
2026-01-15 10:30:00+00:00,704.4593939,55.26666667,25.23185859,22.1,23,40.4478,4.7,50.8
2026-01-15 10:35:00+00:00,699.205,50.55438596,25.39058333,22.1,22.7,37.4179899,4.711785714,50.89157895
2026-01-15 10:40:00+00:00,694.7587302,52.27272727,25.37142857,22.10948718,22.58,34.45875455,4.64,52.12615385
2026-01-15 10:45:00+00:00,693.9444444,51.02777778,25.45305556,22.1175,22.5,36.73183333,4.325,53.79625
2026-01-15 10:50:00+00:00,684.9885714,51.2,25.6256,22.2,22.5,30.1364681,4.356857143,53.173
2026-01-15 10:55:00+00:00,689.9332692,51.99400127,25.58198741,22.2,22.5,22.79446019,4.499848485,52.59462869
2026-01-15 11:00:00+00:00,698.8,50.25272727,24.7378547,22.21454545,22.5,20.90650909,5.248507937,52.83257576
2026-01-15 11:05:00+00:00,702.0484266,50.79243316,25.4747771,22.26912109,22.5,23.29822959,4.788459596,53.07537778
2026-01-15 11:10:00+00:00,647.2512821,49.03052632,25.31394286,22.086,22.5425,21.54959064,4.581916667,53.1965
2026-01-15 11:15:00+00:00,583.9136364,50.80651629,25.60376068,21.895,22.6,16.58018254,4.562285714,53.808
2026-01-15 11:20:00+00:00,570.86,51.68663102,25.10081818,21.79789474,22.6,14.74326316,4.8832,53.09625731
2026-01-15 11:25:00+00:00,580.8885714,51.00507494,25.17021562,21.7925445,22.55555556,14.58548387,4.891,53.28349035
2026-01-15 11:30:00+00:00,642,51.025,25.21678462,22.10521739,22.34,10.26373684,4.565,53.98631579
2026-01-15 11:35:00+00:00,707.2545455,52.6,25.29769231,22.30666667,22.3,12.7601956,4.8,52.61714286
2026-01-15 11:40:00+00:00,725,61.9375,25.41,22.4,22.3,14.12405093,4.592083333,52.93179487
2026-01-15 11:45:00+00:00,727.975,69.83099567,25.53244444,22.4,22.36071429,14.50715325,4.525769231,53.01256209
2026-01-15 11:50:00+00:00,732,79,25.7,22.4,22.4,12.42978308,4.75,52.94772085
2026-01-15 11:55:00+00:00,725,67.92307692,25.79028571,22.58666667,22.4,10.4237042,4.387428571,53.21257576
2026-01-15 12:00:00+00:00,724.019798,58.72380952,25.86281667,22.6,22.4,8.470775,4.411,52.98836905
2026-01-15 12:05:00+00:00,724.9700699,66.25969888,25.76320563,22.6,22.38333333,8.239674823,4.47620979,53.54272655
2026-01-15 12:10:00+00:00,721.4363636,67.14013495,25.60744048,22.53508929,22.31026786,8.810636201,4.384909091,53.588875
2026-01-15 12:15:00+00:00,691.25,62.01666667,25.64103571,22.31272727,22.3,12.60873636,4.197333333,53.52545455
2026-01-15 12:20:00+00:00,641.5780494,54.50117647,25.66938375,22.20789407,22.32,10.86159963,4.243047619,53.34314235
2026-01-15 12:25:00+00:00,599.0571429,53.15,25.80739286,22.39333333,22.4,10.98425,4.494545455,54.05597403
2026-01-15 12:30:00+00:00,599.7777778,54.76,25.68215556,22.4,22.24,9.486877193,4.3575,52.89766667
2026-01-15 12:35:00+00:00,599.2083333,52.6625,25.93125,22.4,22,7.992166667,4.16,53.75602273
2026-01-15 12:40:00+00:00,590.3846154,51.57857143,25.83058824,22.2598069,21.79771429,6.852153846,4.2128,53.50035088
2026-01-15 12:45:00+00:00,570.4914286,52.49635628,25.68228571,22.02761538,21.7825,5.356738462,4.317777778,53.62952632
2026-01-15 12:50:00+00:00,565.54,54.99130435,25.95290909,22.20347826,22.2,5.083273292,4.095,53.0641204
2026-01-15 12:55:00+00:00,570.74,54.02,26.03646154,22.292,22.2,5.075492256,4.062222222,52.23173913
2026-01-15 13:00:00+00:00,576.7230769,53.83365079,26.08533333,22.34260684,22.10020202,4.510973895,4.059930847,53.33743772
2026-01-15 13:05:00+00:00,634.325,51.14090909,26.04849231,22.4,21.82666667,3.769411255,4.122,54.36412698
2026-01-15 13:10:00+00:00,654,50,26,22.4,21.76,5.875358077,4.1561,54.37158765
2026-01-15 13:15:00+00:00,664.1214286,48.24961905,26.19506667,22.53967033,21.7,7.165424908,3.854066667,53.03529304
2026-01-15 13:20:00+00:00,662.7271479,48.6,26.14490105,22.6,21.7,7.229377576,3.84,53.84787179
2026-01-15 13:25:00+00:00,665.3529672,48.82904762,26.05815724,22.6,21.7,6.13285625,3.975,53.84447758
2026-01-15 13:30:00+00:00,663.2350427,48.62008658,26.02550732,22.54666667,21.7,3.883587879,3.944615385,54.16290476
2026-01-15 13:35:00+00:00,664.1145455,48.88093842,25.94123077,22.50129032,21.66,3.150043913,4.261428571,54.49438905
2026-01-15 13:40:00+00:00,673.6420513,48.98166667,26.004,22.58373333,21.576,3.051606838,3.968,53.7718
2026-01-15 13:45:00+00:00,677.8888889,49.1,26.1794,22.7,21.38,5.659891015,3.84,54.36181818
2026-01-15 13:50:00+00:00,672.7,49.66,25.9244,22.64,21.3,8.664666667,3.997666667,54.134
2026-01-15 13:55:00+00:00,675.55,49.4,25.98904762,22.6,21.3,9.1336,3.970666667,54.04
2026-01-15 14:00:00+00:00,686.7666667,48.81428571,26.232,22.724,21.39333333,8.815868532,3.82,53.88836364
2026-01-15 14:05:00+00:00,666.2253968,49.48686869,26.21911111,22.60909091,21.5,12.5626697,4.012142857,53.31272727
2026-01-15 14:10:00+00:00,632.3083333,48.72222222,25.59142857,22.5,21.412,13.98151111,4.34825,54.27508772
2026-01-15 14:15:00+00:00,609.05,48.69333333,25.46201709,22.5,21.21333333,12.98538571,4.234085714,53.56066667
2026-01-15 14:20:00+00:00,601.5,49.63095238,25.736875,22.5,21.1,10.57571429,4.39375,52.66576244
2026-01-15 14:25:00+00:00,592.8,49.66417112,25.98425,22.5,21.1,7.774197861,4.105142857,54.44994652
2026-01-15 14:30:00+00:00,589.4,49.02575758,26.15833333,22.5,21.1,6.018344156,3.947460318,55.32575
2026-01-15 14:35:00+00:00,588.6285714,49.10909091,25.69739683,22.5,21.1,3.399777778,4.275333333,52.56939394
2026-01-15 14:40:00+00:00,596,49,25.8,22.5,21.1,1.798909091,4.571111111,52.24560606
2026-01-15 14:45:00+00:00,596,48.92190476,25.8,22.49121864,21.2,1.133225564,4.5254,53.48971241
2026-01-15 14:50:00+00:00,573.8671429,48.02864745,25.78122941,22.38360817,21.196,1.145966496,4.440615385,53.73572272
2026-01-15 14:55:00+00:00,554.1666667,46.90676768,25.7608,22.3,21.11142857,1.011220721,4.247,53.95807018
2026-01-15 15:00:00+00:00,540,47,25.71,22.3,21,0.508466667,4.1,55.1288
2026-01-15 15:05:00+00:00,534.9428571,47.04395604,25.87890476,22.3,21.1,0.499047619,4.084,52.75644145
2026-01-15 15:10:00+00:00,524.9866667,47.24019608,26.15777778,22.32232035,21.1,0.369561652,4.021818182,54.46079417
2026-01-15 15:15:00+00:00,525.0994318,48.06578947,25.748125,22.36346154,21.1,0.220454546,4.1,55.22375
2026-01-15 15:20:00+00:00,526.8985714,48.83333333,26.05199369,22.21666667,21.18,0.126,4.105714286,54.25386364
2026-01-15 15:25:00+00:00,531.2507937,48.63636364,26.05913889,22.2,21.2,0.02878022,4.091745455,51.54608706
2026-01-15 15:30:00+00:00,537.1666667,47.42,26.004,22.2,21.1,0,4.01,53.44526316
2026-01-15 15:35:00+00:00,541.4273504,49,26.0684,22.21155556,21.02,0,3.986467533,53.42533333
2026-01-15 15:40:00+00:00,546.0727273,49,25.89666667,22.3,21,0,4.1085,54.4925
2026-01-15 15:45:00+00:00,546.6609341,48.81666667,25.85183333,22.3,21.05,0,4.123939394,53.65613496
2026-01-15 15:50:00+00:00,545.1275,48.07952381,25.88257778,22.288,21.1,0,4.1,53.42866667
2026-01-15 15:55:00+00:00,544,48.96428571,25.9,22.29655172,21.1,0,4.161428571,53.47891223
2026-01-15 16:00:00+00:00,532.35,47.66666667,22.65111111,22.20181818,21.1,0,4.242857143,54.46616247
2026-01-15 16:05:00+00:00,532.1686364,51.05047847,7.111153846,22.21932776,21.42,0,3.913333333,54.895671
2026-01-15 16:10:00+00:00,520,51.79166667,0,22.3,21.6,0,3.925,55.1925
2026-01-15 16:15:00+00:00,519.8551821,52,0,22.3,21.524,0,3.88,55.52008571
2026-01-15 16:20:00+00:00,520,51.1875,0,22.29636364,21.06,0,3.81,55.14175
2026-01-15 16:25:00+00:00,515.9433613,50.91709696,0,22.19630647,20.72,0,3.846941177,54.58464865
2026-01-15 16:30:00+00:00,504.0844444,51.11818182,0,22.1,21.025,0,4.084444444,53.7890301
2026-01-15 16:35:00+00:00,502.9333333,51.18245614,0,22.014,21.93142857,0,3.909924242,53.3297619
2026-01-15 16:40:00+00:00,499.3194805,51.0799373,0,21.99384615,22.562,0,3.928571429,53.49948485
2026-01-15 16:45:00+00:00,496.0975,51.01176471,0,21.90818182,21.90019048,0,4.025396825,54.64951049
2026-01-15 16:50:00+00:00,493.7282521,51.50260755,0,21.9,21.12212482,0,4.111549526,54.59202948
2026-01-15 16:55:00+00:00,488.6166667,50.28666667,0,21.89,20.64,0,4.074285714,53.52015152
2026-01-15 17:00:00+00:00,482.9333333,51.08307692,0,21.80526316,21.395,0,4.037288889,54.09862418
2026-01-15 17:05:00+00:00,481.1428571,51.97727273,0,21.8,22.85,0,4.141071429,53.29431818
2026-01-15 17:10:00+00:00,481,51.5182689,0,21.8,23.53142857,0,4.175555556,53.52367647
2026-01-15 17:15:00+00:00,476.8711111,49.63333333,0,21.72166667,23.16285714,0,4.02,55.71439394
2026-01-15 17:20:00+00:00,476,49,0,21.7,20.13533333,0,4.0075,54.39111111
2026-01-15 17:25:00+00:00,473.525,50.89157895,0,21.7,14.74,0,4.09475,54.31111111
2026-01-15 17:30:00+00:00,472.2971429,51.14025974,0,21.7,20.768,0,4.038972222,52.22483516
2026-01-15 17:35:00+00:00,470.4,51,0,21.61928571,28.028,0,3.972888889,52.52409524
2026-01-15 17:40:00+00:00,470.0805556,51,0,21.6,29.1,0,3.953777778,57.32246154
2026-01-15 17:45:00+00:00,469.2,51.69653607,0,21.6,26.03333333,0,4.028571429,55.72614478
2026-01-15 17:50:00+00:00,468.2,51.1277592,0,21.6,21.7,0,4.094,53.50947619
2026-01-15 17:55:00+00:00,464,51.30384615,0,21.6,20.5,0,4.05875,53.89936552
2026-01-15 18:00:00+00:00,463.0833333,51.83035714,0,21.6,22.1,0,4.0975,53.71807359
2026-01-15 18:05:00+00:00,462.0490909,51.49592593,0,21.55533333,24.32,0,3.992920635,54.02943144
2026-01-15 18:10:00+00:00,461.76,51.55,0,21.5,25,0,3.96,54.12533654
2026-01-15 18:15:00+00:00,460.9616667,51.36299415,0,21.5,23.99,0,4.022,54.16461538
2026-01-15 18:20:00+00:00,458.3833333,51.61052632,0,21.5,22.6,0,4.164,53.66657343
2026-01-15 18:25:00+00:00,457.5777778,51.56338673,0,21.5,21.22,0,4.156507937,53.23345455
2026-01-15 18:30:00+00:00,456.3733333,51.605,0,21.43625,21.98285714,0,3.999292308,52.60222222
2026-01-15 18:35:00+00:00,455.2857143,52,0,21.4,24.1275,0,3.929333333,52.8020202
2026-01-15 18:40:00+00:00,453.0848485,51.53684211,0,21.4,24.6925,0,4.075,53.68109091
2026-01-15 18:45:00+00:00,451.4,51.12272727,0,21.4,23.84666667,0,4.249090909,56.17478261
2026-01-15 18:50:00+00:00,451,51,0,21.34571429,21.98,0,4.145666667,54.89792208
2026-01-15 18:55:00+00:00,450.5,51.26190476,0,21.3,21.35,0,4.2,53.96905527
2026-01-15 19:00:00+00:00,449.6,51.01333333,0,21.3,21.88,0,4.24,53.75385694
2026-01-15 19:05:00+00:00,449.7555556,50.93202614,0,21.3,23.46380952,0,4.08,43.25833333
2026-01-15 19:10:00+00:00,449.86,51,0,21.3,24.54666667,0,4.208484849,41.85111111
2026-01-15 19:15:00+00:00,447.8060606,51,0,21.25636364,24,0,4.166704546,46.85636364
2026-01-15 19:20:00+00:00,445.8,51.04444444,0,21.2,22.16,0,4.194194444,49.49309942
2026-01-15 19:25:00+00:00,446.225,51.43,0,21.2,21.14,0,4.2068,46.64815185
2026-01-15 19:30:00+00:00,445,52,0,21.2,21.73,0,4.162461539,47.048
2026-01-15 19:35:00+00:00,445,51.42222222,0,21.2,23.19,0,4.158666667,49.93307937
2026-01-15 19:40:00+00:00,444.7616667,51.19393939,0,21.17842105,24.07742857,0,4.225714286,53.29102499
2026-01-15 19:45:00+00:00,443.56,51.54444444,0,21.1,24.58,0,4.375,59.69222222
2026-01-15 19:50:00+00:00,442.6,51.02222222,0,21.1,24.43142857,0,4.4,62.36718182
2026-01-15 19:55:00+00:00,442,51.23214286,0,21.1,22.61428571,0,4.4,46.2
2026-01-15 20:00:00+00:00,442,51.28311688,0,21.1,21.4,0,4.4,46.81666667
2026-01-15 20:05:00+00:00,441.3607143,50.39,0,21.1,21.28333333,0,4.2242,52.55
2026-01-15 20:10:00+00:00,439.3194444,51.55092308,0,21.07245421,23.29666667,0,4.084666667,52.32237688
2026-01-15 20:15:00+00:00,438.9717949,50.31563158,0,21.00416667,24.99333333,0,4.066666667,52.56931849
2026-01-15 20:20:00+00:00,439.0461538,50.98761905,0,21,24.13,0,4.031428571,53.19066321
2026-01-15 20:25:00+00:00,439.09,51.16483254,0,21,22.16,0,3.923555556,53.20302392
2026-01-15 20:30:00+00:00,438.1243697,50.98654679,0,21,20.88,0,3.988,53.40623377
2026-01-15 20:35:00+00:00,436.9555556,50.77996716,0,21,21.84666667,0,4.3,51.33052545
2026-01-15 20:40:00+00:00,435.45,48.47272727,0,21,23.88,0,3.658095238,50.83083916
2026-01-15 20:45:00+00:00,437,49.875,0,21,24.36666667,0,3.827777778,52.45772727
2026-01-15 20:50:00+00:00,437.8285714,48.87090909,0,21.015,24.4,0,3.836,54.30636364
2026-01-15 20:55:00+00:00,436.06,49.55214286,0,21.09496504,23.21333333,0,3.918920635,55.69899666
2026-01-15 21:00:00+00:00,436.0666667,45.38947368,0,21.1,21.77333333,0,3.914285714,55.91777778
2026-01-15 21:05:00+00:00,438,0,0,21.1,21.5,0,3.344666667,54.95142857
2026-01-15 21:10:00+00:00,437.925,0,0,21.085,21.5,0,3.0825,53.7656
2026-01-15 21:15:00+00:00,438.2272727,0,0,21.00285714,21.34,0,3.001666667,56.93454545
2026-01-15 21:20:00+00:00,440,0,0,21,21.28888889,0,3.038805556,58.60447368
2026-01-15 21:25:00+00:00,440,0,0,21,21.14,0,3.044,58.04344289
2026-01-15 21:30:00+00:00,439.2177778,0,0,21,21.1,0,2.993166667,54.86008658
2026-01-15 21:35:00+00:00,440.9666667,0,0,21,21.04,0,2.993428571,54.70772727
2026-01-15 21:40:00+00:00,439,0,0,21,20.9275,0,2.990285714,54.86714109
2026-01-15 21:45:00+00:00,438.0671717,0,0,21,20.8,0,2.995833333,54.830625
2026-01-15 21:50:00+00:00,437.2,0,0,21.08636364,20.76,0,2.914285714,55.87370968
2026-01-15 21:55:00+00:00,437.1833333,0,0,21.1,20.5047619,0,2.9,55.87464912
2026-01-15 22:00:00+00:00,437,0,0,21.1,20.41666667,0,2.9,55.07523211
2026-01-15 22:05:00+00:00,436.0444444,0,0,21.00363636,20.3,0,2.94,54.99636364
2026-01-15 22:10:00+00:00,436.6615385,0,0,21,20.15333333,0,2.872,54.99846154
2026-01-15 22:15:00+00:00,437,0,0,21,19.91911111,0,2.868,54.84253181
2026-01-15 22:20:00+00:00,436.6222222,0,0,21,19.76,0,3.071428571,55.164
2026-01-15 22:25:00+00:00,437,0,0,21,19.6,0,3,54.61389163
2026-01-15 22:30:00+00:00,433.54,0,0,21,19.525,0,2.824,54.63819398
2026-01-15 22:35:00+00:00,434.65,0,0,21,19.18333333,0,2.8,54.75904762
2026-01-15 22:40:00+00:00,434.8386364,0,0,21,19.1,0,2.8,54.59928571
2026-01-15 22:45:00+00:00,434.3136364,0,0,21,18.95630952,0,2.923333333,54.82835556
2026-01-15 22:50:00+00:00,434.6,0,0,21,18.81,0,3,55.44190476
2026-01-15 22:55:00+00:00,435,0,0,21,18.59714286,0,3,56.10666667
2026-01-15 23:00:00+00:00,435.8,0,0,21,18.51714286,0,3,55.68909158
2026-01-15 23:05:00+00:00,435.2,0,0,21,18.23,0,2.936666667,54.94898551
2026-01-15 23:10:00+00:00,435,0,0,21,18,0,3.031363636,55.30569231
2026-01-15 23:15:00+00:00,435.0117647,0,0,21,17.89333333,0,3.084835165,55.16662581
2026-01-15 23:20:00+00:00,433.6,0,0,21,17.8,0,3.094,54.17515152
2026-01-15 23:25:00+00:00,433.0125,0,0,21,17.572,0,3.046,54.41456814
2026-01-15 23:30:00+00:00,433,0,0,21,17.36666667,0,3.058,54.83201754
2026-01-15 23:35:00+00:00,433.334127,0,0,21,17.2,0,3.1,54.85605952
2026-01-15 23:40:00+00:00,433.7751623,0,0,21,16.98266667,0,3.1,54.43470696
2026-01-15 23:45:00+00:00,433.7263889,0,0,21,16.85385714,0,3.1,54.42847239
2026-01-15 23:50:00+00:00,434.2166949,0,0,21,16.72888889,0,3.1,55.22902618
2026-01-15 23:55:00+00:00,433.8222222,0,0,21,16.6,0,3.092285714,55.73119048
2026-01-16 00:00:00+00:00,433,0,0,21,16.47142857,0,3.137285714,55.16097222
2026-01-16 00:05:00+00:00,433.265873,0,0,21,16.18,0,3.0144,55.17645455
2026-01-16 00:10:00+00:00,433.3880952,0,0,21,15.98,0,2.965285714,55.42963947
2026-01-16 00:15:00+00:00,433.4,0,0,21,15.82,0,3,55.35871429
2026-01-16 00:20:00+00:00,433.78125,0,0,21,15.675,0,2.9875,54.52291667
2026-01-16 00:25:00+00:00,433.35,0,0,21,15.52,0,2.915238095,54.6442
2026-01-16 00:30:00+00:00,433.5714286,0,0,21,15.4,0,2.893142857,54.68055556
2026-01-16 00:35:00+00:00,432.8210526,0,0,21,15.32,0,2.885357143,55.33385714
2026-01-16 00:40:00+00:00,432.7244444,0,0,21,14.96,0,2.9,55.16666667
2026-01-16 00:45:00+00:00,434.7047619,0,0,21,14.8,0,2.914,55.85163636
2026-01-16 00:50:00+00:00,433.8,0,0,21,14.78,0,2.904,55.65938596
2026-01-16 00:55:00+00:00,432.3402597,0,0,21,14.7,0,2.9,54.42829825
2026-01-16 01:00:00+00:00,431.2410714,0,0,21,14.69272727,0,2.885612587,54.50711905
2026-01-16 01:05:00+00:00,432.4,0,0,21,14.47085714,0,2.864952381,55.54619048
2026-01-16 01:10:00+00:00,433.2222222,0,0,21,14.28,0,2.8,52.59025641
2026-01-16 01:15:00+00:00,434.1833333,0,0,21,14.2,0,2.8,55.68464912
2026-01-16 01:20:00+00:00,433.9,0,0,21,14.10333333,0,2.789047619,54.70827839
2026-01-16 01:25:00+00:00,433.915,0,0,21,14.18571429,0,2.718,53.84266667
2026-01-16 01:30:00+00:00,433.7466667,0,0,21,14.3,0,2.7,54.97713287
2026-01-16 01:35:00+00:00,433.1166667,0,0,21,14.3,0,2.7,55.24704102
2026-01-16 01:40:00+00:00,433.2,0,0,21,14.3,0,2.698,55.66971014
2026-01-16 01:45:00+00:00,434,0,0,21,13.98,0,2.69475,55.66
2026-01-16 01:50:00+00:00,433.6361111,0,0,21,13.9,0,2.76,55.80757576
2026-01-16 01:55:00+00:00,432.4045455,0,0,21,13.82,0,2.673333333,55.53454545
2026-01-16 02:00:00+00:00,433.4416667,0,0,20.99333333,13.72,0,2.6,55.288
2026-01-16 02:05:00+00:00,432.0721008,0,0,20.97571429,13.544,0,2.659473684,55.21826087
2026-01-16 02:10:00+00:00,433.015625,0,0,20.9,13.225,0,2.89,54.77692308
2026-01-16 02:15:00+00:00,432.3333333,0,0,20.9,13.2,0,2.732897727,54.8875
2026-01-16 02:20:00+00:00,434.6571429,0,0,20.90857143,13.14,0,2.88,54.59554113
2026-01-16 02:25:00+00:00,432.3636364,0,0,20.99272727,13.1,0,2.781777778,55.08333333
2026-01-16 02:30:00+00:00,433.8222222,0,0,21,13.08666667,0,2.724571429,55.3
2026-01-16 02:35:00+00:00,433.925,0,0,21,13,0,2.753111111,55.47818182
2026-01-16 02:40:00+00:00,432.3875,0,0,21,13,0,2.715076923,55.78026316
2026-01-16 02:45:00+00:00,432.025,0,0,20.99777778,12.94,0,2.7955,56.82527273
2026-01-16 02:50:00+00:00,433.9088023,0,0,20.9,12.85,0,2.82,54.14838744
2026-01-16 02:55:00+00:00,434,0,0,20.9,12.66,0,2.86,55.44670768
2026-01-16 03:00:00+00:00,434,0,0,20.9,12.66,0,2.8,54.77692308
2026-01-16 03:05:00+00:00,434.1880342,0,0,20.9,12.65,0,2.867,54.79772727
2026-01-16 03:10:00+00:00,433.4004274,0,0,20.9,12.6,0,2.96620979,54.972
2026-01-16 03:15:00+00:00,434.7977273,0,0,20.9,12.575,0,2.958409091,55.43311111
2026-01-16 03:20:00+00:00,434.7523077,0,0,20.98,12.46,0,3,56.45208333
2026-01-16 03:25:00+00:00,435,0,0,21,12.4,0,2.948666667,56.21266532
2026-01-16 03:30:00+00:00,434.8286869,0,0,21,12.39428571,0,3.042275835,55.47442093
2026-01-16 03:35:00+00:00,434.5624242,0,0,21,12.2,0,3.26,54.71727273
2026-01-16 03:40:00+00:00,434,0,0,20.916,12.1775,0,3.1,54.74537063
2026-01-16 03:45:00+00:00,434.8111111,0,0,20.9,12.12,0,3.065,54.131417
2026-01-16 03:50:00+00:00,435,0,0,20.9,12.18,0,3.16,54.11324675
2026-01-16 03:55:00+00:00,435,0,0,20.9,12.11,0,3.12,54.09236842
2026-01-16 04:00:00+00:00,433.375,0,0,20.9,12.18125,0,3.1,54.20576923
2026-01-16 04:05:00+00:00,433.2,0,0,20.9,12.118,0,3.172127273,54.3027193
2026-01-16 04:10:00+00:00,433.3692308,256.0639579,0,20.9,11.86571429,0,3.231111111,53.20400192
2026-01-16 04:15:00+00:00,433.6,195.79,0,20.9,16.32,0,3.9,49.18105377
2026-01-16 04:20:00+00:00,437,52.89857143,0,20.9,23.31,0,3.790349206,51.37295088
2026-01-16 04:25:00+00:00,451.3333333,52.16713287,0,20.9,29.78333333,0,3.716666667,57.93425874
2026-01-16 04:30:00+00:00,459,51,0,20.9,29.496,0,3.694,56.9085
2026-01-16 04:35:00+00:00,456.5066667,52.01398601,0,20.9,24.86,0,3.938,54.42160839
2026-01-16 04:40:00+00:00,451.8863636,53.28,0,20.9,20.755,0,4.017611111,53.48945455
2026-01-16 04:45:00+00:00,448.7232323,53.38233264,0,20.9,19.93333333,0,4.106507937,50.26391608
2026-01-16 04:50:00+00:00,445.1948052,53.46347826,0,20.9,22.39966667,0,4.095,49.31306667
2026-01-16 04:55:00+00:00,442.1060606,53.8830037,0,20.9,24.12,0,4.037525253,49.40086667
2026-01-16 05:00:00+00:00,441.9734266,52.93384437,0,20.9,24.873,0,4.248333333,50.39575388
2026-01-16 05:05:00+00:00,438.9180952,53.01111111,0,20.9,23.78,0,4.417142857,52.45013557
2026-01-16 05:10:00+00:00,439.4666667,52.77391304,0,20.9,22.24333333,0,4.2,52.70213636
2026-01-16 05:15:00+00:00,439.8,52.38421053,0,20.9,21.37,0,4.262222222,53.1241958
2026-01-16 05:20:00+00:00,439.3568182,52.36984127,0,20.95777778,23.16111111,0,4.228658009,55.60555075
2026-01-16 05:25:00+00:00,439.1527778,52.6,0,21,23.90571429,0,4.2,56.21495238
2026-01-16 05:30:00+00:00,438.8642857,52.10461538,0,21,24.44,0,4.374444444,58.33925397
2026-01-16 05:35:00+00:00,438.525,51.66666667,0,21,23.80285714,0,4.927,58.48574163
2026-01-16 05:40:00+00:00,437.58,52.03333333,0,21,22.78,0,4.68,54.423
2026-01-16 05:45:00+00:00,437.2727273,52.25,0,21,21.98,0,5.28,53.37444444
2026-01-16 05:50:00+00:00,438.25,52.30952381,0,21,22.225,0,5.175,52.35
2026-01-16 05:55:00+00:00,438.9484848,51,0,21,23.22,0,5.07,52.86670317
2026-01-16 06:00:00+00:00,438.9728938,51.32727273,0,21,23.43666667,0,4.880512821,53.09782172
2026-01-16 06:05:00+00:00,439.8,52.49047619,0,21,23.48666667,0,4.648857143,53.54965242
2026-01-16 06:10:00+00:00,439.9727273,51.14448161,0,21,22.6,0,4.71,52.7
2026-01-16 06:15:00+00:00,441.1282051,51.61204301,0,21,22.31666667,0,4.546,53.30333333
2026-01-16 06:20:00+00:00,441.0694444,52.48896321,0,21.01424242,22.3537037,0,4.52,53.75172414
2026-01-16 06:25:00+00:00,443.4,51,0,21.1,23.18,0,4.337777778,53.705
2026-01-16 06:30:00+00:00,453.76,51.29803922,10.16,21.1,23.57085714,0,4.300571429,53.22098551
2026-01-16 06:35:00+00:00,463.0444444,52.12,25.3048,21.1,23.6,0,4.79,52.51542857
2026-01-16 06:40:00+00:00,462.4,52.1,25.49888889,21.1,23.10666667,0,4.664444444,52.24666667
2026-01-16 06:45:00+00:00,460.25,51.91071429,25.51214286,21.11964286,22.71607143,0,4.5875,52.12035714
2026-01-16 06:50:00+00:00,460.94,52.83529412,25.60709091,21.2,22.5,0,4.4975,53.21333333
2026-01-16 06:55:00+00:00,459.6,51.16923077,25.7,21.18166667,22.57666667,0,4.4745,53.37683299
2026-01-16 07:00:00+00:00,460.6,49.37342657,25.40654545,21.1,22.97333333,0,4.575633333,53.38161616
2026-01-16 07:05:00+00:00,459.7,50.61227513,25.4506,21.10857143,23.2,0,4.293777778,53.90407407
2026-01-16 07:10:00+00:00,462.88,50.85454545,25.353,21.2,23.39333333,0,4.613111111,55.50666667
2026-01-16 07:15:00+00:00,464.6348485,51.51,25.21726489,21.2,23.28,0.008,4.769865385,55.4405
2026-01-16 07:20:00+00:00,470.1211111,52.80516746,25.15352941,21.2,23.07333333,0.101153846,4.790322222,53.6979798
2026-01-16 07:25:00+00:00,474.3857143,51.32067669,25.2174,21.2,22.92,0.203805808,4.892307692,53.11333333
2026-01-16 07:30:00+00:00,477.0379085,51.46891414,25.17142105,21.2,22.9,0.371751313,4.850153846,53.47813439
2026-01-16 07:35:00+00:00,481.45,50.25520468,25.09711111,21.2,22.96,0.560740741,4.72,53.09228571
2026-01-16 07:40:00+00:00,486.1666667,49.15,25.125,21.2,23.06666667,0.859716599,4.95,55.25131579
2026-01-16 07:45:00+00:00,488.940107,50.28588235,24.88476768,21.2,23.1,1.175764706,5.015628571,53.37925
2026-01-16 07:50:00+00:00,489.8,46.87533157,24.49975,21.20153846,23.1,1.492153846,5.616,51.99246684
2026-01-16 07:55:00+00:00,492.4166667,50.92142857,24.36805556,21.3,23.04,2.541490476,5.458181818,51.5152381
2026-01-16 08:00:00+00:00,496.1444444,51.10681319,24.31550877,21.3,22.94,4.100198835,5.717025641,50.19348718
2026-01-16 08:05:00+00:00,538.9212121,51.85703339,24.66156364,21.30105263,22.9,6.305275905,5.372071429,50.96592064
2026-01-16 08:10:00+00:00,597.2527778,50.22626263,24.73841667,21.40888889,22.65,9.372745455,5.238611111,50.03015873
2026-01-16 08:15:00+00:00,610.92,51.81111111,24.64436364,21.58526316,22.6,11.58202381,5.38,51.84956459
2026-01-16 08:20:00+00:00,627.3367766,51.95131766,24.57025315,21.64947278,22.68666667,13.98344748,5.27848718,51.71165053
2026-01-16 08:25:00+00:00,676.6,50.25263158,24.46555556,21.7,23.036,18.53902924,5.524,50.50533944
2026-01-16 08:30:00+00:00,672.1607143,49.98647059,24.42712843,21.60339869,23.2,23.68444118,5.477,52.14318182
2026-01-16 08:35:00+00:00,686.45,50.79359848,24.66393007,21.75742471,23.2,25.78275,5.30775,53.35828164
2026-01-16 08:40:00+00:00,698.1721612,54.0921292,24.64017143,21.78783463,23.192,25.78907832,5.458708625,53.68977728
2026-01-16 08:45:00+00:00,719.57,55.26153846,24.44,21.88,23.11333333,26.58467582,5.561142857,54.92802198
2026-01-16 08:50:00+00:00,701.2333333,54.19176471,24.58824675,21.9,23.1,31.20113333,5.4878,55.284
2026-01-16 08:55:00+00:00,713.1538462,58.3,24.7,21.84865546,23.1,35.64445673,5.518461539,55.13176274
2026-01-16 09:00:00+00:00,739,63,24.7,21.8,23.08,35.02101299,5.5315,53.61981538
2026-01-16 09:05:00+00:00,734.2105495,64.03434343,24.31866667,21.962,23,40.45985253,5.641166667,52.06681818
2026-01-16 09:10:00+00:00,698.2,58.752,24.26,21.9322807,23,47.41364135,5.664,52.24444444
2026-01-16 09:15:00+00:00,700.6888889,50.39298246,24.23722222,21.966,23,54.35745641,5.94,52.37885619
2026-01-16 09:20:00+00:00,710.2863492,59.39730503,23.99349008,22.06166912,23.1,71.30892703,6.1,51.69877507
2026-01-16 09:25:00+00:00,693.1876923,58.98487302,24.02353186,21.95417331,23.1,74.8014305,5.9,52.25358852
2026-01-16 09:30:00+00:00,665.5686275,52.04020979,24.0484375,21.9,23.05833333,65.47288607,5.95,51.63741987
2026-01-16 09:35:00+00:00,649.3846154,48.01481481,24.04307692,21.98592593,22.8,49.06807407,5.957777778,50.86848485
2026-01-16 09:40:00+00:00,656.7142857,48.68298368,24.05862222,22.1,22.736,47.97024242,5.838181818,51.89529412
2026-01-16 09:45:00+00:00,657.6776335,49.26865178,24.1053,22.1,22.7,55.24517398,5.614285714,51.82628355
2026-01-16 09:50:00+00:00,641.4729575,49.36504831,24.29970586,22.05945946,22.7,59.85372612,5.610636364,51.95601774
2026-01-16 09:55:00+00:00,619.4142857,48.60909091,24.51958442,22.04347826,22.7,80.36556643,5.5,52.73818182
2026-01-16 10:00:00+00:00,622.5428571,48.7967033,24.56555556,22.06015873,22.86,103.0835806,5.45756993,53.26090909
2026-01-16 10:05:00+00:00,619.6428571,48.92720588,24.6,22.00668731,22.96285714,100.4701749,5.588285714,52.68928634
2026-01-16 10:10:00+00:00,740.4916667,106.7272727,24.41815385,22.24787879,23,87.01412121,5.7648,52.06265734
2026-01-16 10:15:00+00:00,846.3555556,174.1824561,24.31977778,22.518,22.92,56.98842077,5.701138889,51.69097436
2026-01-16 10:20:00+00:00,826.3653846,188.85,24.29258547,22.6,22.9,77.745375,5.37125,53.84708333
2026-01-16 10:25:00+00:00,820.425,180.9692308,24.16463889,22.64833333,22.72,126.2564444,5.679333333,53.93866667
2026-01-16 10:30:00+00:00,805.3428571,166.0079545,24.22133333,22.605,22.6,116.7914444,5.985333333,49.79777778
2026-01-16 10:35:00+00:00,734.430303,150.4967033,24.33012987,22.42895105,22.6,81.73614719,5.868,51.73858974
2026-01-16 10:40:00+00:00,688.6031933,139.4967033,24.37543062,22.3,22.6,64.07780952,5.774603175,50.91030769
2026-01-16 10:45:00+00:00,601.280163,118.7254658,24.146,22.256,22.56,79.20205542,5.712298413,51.13014493
2026-01-16 10:50:00+00:00,576.0848485,105.8049817,24.09786364,22.2,22.48,72.02959623,5.751777778,52.09388235
2026-01-16 10:55:00+00:00,571.5228571,85.88175676,24.11874545,22.23333333,22.344,82.17421064,5.811424242,52.00071459
2026-01-16 11:00:00+00:00,553.4263889,63.02477273,24.226375,22.25809524,22.3,73.77617597,5.947535354,52.01303571
2026-01-16 11:05:00+00:00,574.2642857,53.06896104,24.328,22.28,22.3,65.59364615,5.890228571,53.29625997
2026-01-16 11:10:00+00:00,614.6,53,24.42692857,22.444,22.26,55.3656123,5.579714286,52.77669565
2026-01-16 11:15:00+00:00,658.5822222,52.9826087,24.50317647,22.52732265,22.1,48.95605797,5.4727,51.13812357
2026-01-16 11:20:00+00:00,694,53.07173913,24.5,22.6,22.1,52.38002427,5.523375,53.36986607
2026-01-16 11:25:00+00:00,708.9416667,56.58,24.22472727,22.6,22.1,54.20783725,5.503636364,52.00350649
2026-01-16 11:30:00+00:00,712.25,65.34545455,24.3716,22.61833333,22.1,61.65143249,5.504563636,50.83555556
2026-01-16 11:35:00+00:00,697.8,59.17894737,24.32647059,22.72,22,63.69829231,5.524666667,51.56482456
2026-01-16 11:40:00+00:00,701.15,57.40526316,24.37301923,22.78704453,22,50.48034737,5.662,52.546
2026-01-16 11:45:00+00:00,709.6111111,63.60909091,24.3395,22.8,22,26.79827982,5.7117,53.015
2026-01-16 11:50:00+00:00,682.847619,61.00222469,24.10413793,22.8,21.9,21.71106563,5.804,52.68441049
2026-01-16 11:55:00+00:00,682.2344375,58.00001108,24.19993874,22.8,21.85047619,22.57332039,5.781147059,52.82837087
2026-01-16 12:00:00+00:00,683.9714286,55.07402597,24.20666667,22.8,21.8,24.28862839,5.735818182,54.26114833
2026-01-16 12:05:00+00:00,684.0636364,53.37888889,24.43208333,22.754,21.7,22.1474697,5.59625,53.295
2026-01-16 12:10:00+00:00,683.7272727,54.79766251,24.56678571,22.58521212,21.7,26.70236199,5.516363636,53.39263158
2026-01-16 12:15:00+00:00,666.2846154,54.56041335,24.40937267,22.52229102,21.7,27.39413288,5.608333333,52.48266254
2026-01-16 12:20:00+00:00,641.2692308,55.00740741,24.463575,22.5,21.64,26.47554667,5.575555556,51.66060606
2026-01-16 12:25:00+00:00,623.6666667,55.61054945,24.53315385,22.5,21.536,27.48387832,5.407111111,51.43095238
2026-01-16 12:30:00+00:00,612.0094118,56.49318182,24.59823529,22.51,21.5,27.26814773,5.42,52.51466667
2026-01-16 12:35:00+00:00,627.0857143,53.98644689,24.50894949,22.6,21.5,29.7558,5.545714286,52.14497436
2026-01-16 12:40:00+00:00,617.9345455,52.72,24.502,22.6,21.5,30.0659902,5.590484849,53.33933333
2026-01-16 12:45:00+00:00,608.3739577,53.22805861,24.51225556,22.6,21.46333333,29.26411868,5.5,53.02559572
2026-01-16 12:50:00+00:00,594.6571429,54.65714286,24.4475,22.6,21.34,33.55625397,5.531,53.83428571
2026-01-16 12:55:00+00:00,585.0363636,53.04049689,24.20083333,22.6,21.3,110.5837739,5.781111111,52.82316883
2026-01-16 13:00:00+00:00,575.53,53.9215311,23.90375,22.40666667,21.3,145.8341818,6.042393162,50.81059809
2026-01-16 13:05:00+00:00,569.0918964,53.29457349,23.88180124,22.4,21.3,128.1603679,6.140632095,52.64036551
2026-01-16 13:10:00+00:00,541.32,53.85454545,23.8496,22.30833333,21.3,79.64624064,6.076,49.07766667
2026-01-16 13:15:00+00:00,541.6222222,52.04380952,23.93509091,22.3,21.26,60.57216768,6.0648,50.99468729
2026-01-16 13:20:00+00:00,542,52.90761905,23.94955556,22.3,21.16,77.46386255,6.134857143,51.08936033
2026-01-16 13:25:00+00:00,539.6,53.46666667,23.963,22.3,21.1,70.41725,6.042,50.86417508
2026-01-16 13:30:00+00:00,539,53,23.98,22.3,21.14,52.10958623,6.03452381,51.52413793
2026-01-16 13:35:00+00:00,526.24,52.3030303,24.002,22.394,21.3,39.45665455,5.908,52.10577778
2026-01-16 13:40:00+00:00,519.4685714,52.77575758,24.17775,22.33809524,21.3,48.59124167,5.846285714,52.39818182
2026-01-16 13:45:00+00:00,511.375,53.04205128,24.2252,22.35712821,21.3,53.74520979,5.8117,52.61466667
2026-01-16 13:50:00+00:00,505.6557143,53.30291147,24.2,22.4,21.3,49.56237374,5.775555556,52.97901049
2026-01-16 13:55:00+00:00,506.4,53,24.2,22.32277056,21.3,35.2775,5.78,52.66467532
2026-01-16 14:00:00+00:00,505.40625,53.72368421,24.345,22.3,21.3,32.20245614,5.726666667,51.39583333
2026-01-16 14:05:00+00:00,509.05,53.26797386,24.2991,22.22654971,21.3,29.09795588,5.7,52.82333333
2026-01-16 14:10:00+00:00,506.4,53.81823529,24.27737143,22.2,21.3,25.00939474,5.62,52.7134599
2026-01-16 14:15:00+00:00,499.5393939,53.57189542,24.45481106,22.2,21.23333333,22.63695915,5.535555556,51.83992476
2026-01-16 14:20:00+00:00,489.9333333,53.65,24.548,22.2,21.2,19.28621154,5.416,52.54452381
2026-01-16 14:25:00+00:00,486.0060606,54,24.52345238,22.2,21.23833333,17.47575564,5.430484849,52.35665635
2026-01-16 14:30:00+00:00,482.72,54.1,24.57678571,22.2,21.385,13.70413333,5.444,51.92
2026-01-16 14:35:00+00:00,481.0380952,53.56053512,24.54705556,22.2,21.4,11.59655636,5.444,52.68005657
2026-01-16 14:40:00+00:00,473.4184127,53.70426447,24.49881364,22.2,21.4,9.284753594,5.501666667,52.04883052
2026-01-16 14:45:00+00:00,467.8727273,53.27754524,24.58292491,22.2,21.4825,7.692904215,5.419428571,51.4012
2026-01-16 14:50:00+00:00,464.5729167,53.36666667,24.59543651,22.2555668,21.6,5.931840909,5.459375,52.53076923
2026-01-16 14:55:00+00:00,462.2,53,24.6,22.3,21.6,4.934529555,5.482222222,52.77797512
2026-01-16 15:00:00+00:00,460.9636364,39.38404762,23.0338,22.2475664,21.525,3.740061818,5.295555556,52.80444444
2026-01-16 15:05:00+00:00,462.0071429,0,6.944,22.2145614,21.425,2.581111111,5.0454,54.78181818
2026-01-16 15:10:00+00:00,463.6,0,0,22.3,21.344,1.74728,4.902,54.26583978
2026-01-16 15:15:00+00:00,463.6,0,0,22.3,21.25,1.301666667,4.836,55.42440351
2026-01-16 15:20:00+00:00,464.8333333,0,0,22.18,21.13333333,0.940222222,4.8,53.92923077
2026-01-16 15:25:00+00:00,466.9666667,0,0,22.1,21.1,0.632466165,4.756666667,53.82577475
2026-01-16 15:30:00+00:00,469.1111111,0,0,22.1,21.04,0.373333333,4.7,53.3
2026-01-16 15:35:00+00:00,470,0,0,22.14142857,20.96,0.198382923,4.639285714,53.22
2026-01-16 15:40:00+00:00,470.6333333,0,0,22.07272727,20.83333333,0.043052632,4.546666667,53.17490909
2026-01-16 15:45:00+00:00,471.53125,0,0,22,20.74583333,0,4.5,53.32088235
2026-01-16 15:50:00+00:00,471.9380952,0,0,22,20.66,0,4.543333333,53.20778947
2026-01-16 15:55:00+00:00,472.2222222,0,0,22,20.54,0,4.6,53.31166667
2026-01-16 16:00:00+00:00,472.275,0,0,21.96929293,20.46,0,4.6,53.47939394
2026-01-16 16:05:00+00:00,472.6,0,0,21.9,20.25,0,4.6,53.5
2026-01-16 16:10:00+00:00,472.3,0,0,21.9,20.04,0,4.626,53.2855
2026-01-16 16:15:00+00:00,472.6,0,0,21.9,19.82,0,4.818857143,53.1061039
2026-01-16 16:20:00+00:00,472.8,0,0,21.86,19.665,0,4.894666667,52.97034091
2026-01-16 16:25:00+00:00,474,0,0,21.8,19.4375,0,4.949642857,53.27215686
2026-01-16 16:30:00+00:00,473.2,0,0,21.8,19.26,0,4.9636,53.055
2026-01-16 16:35:00+00:00,472.2,0,0,21.8,19.15,0,4.995333333,52.9
2026-01-16 16:40:00+00:00,473,0,0,21.8,19,0,5,52.75
2026-01-16 16:45:00+00:00,473.9428571,0,0,21.8,18.8,0,5.004761905,52.51925
2026-01-16 16:50:00+00:00,473.9350794,0,0,21.8,18.64,0,4.951111111,52.80151786
2026-01-16 16:55:00+00:00,475.6,0,0,21.78727273,18.3,0,4.88,53.52777778
2026-01-16 17:00:00+00:00,473.7428571,0,0,21.70470588,18.12857143,0,4.74,53.19411765
2026-01-16 17:05:00+00:00,473.4,0,0,21.7,17.86071429,0,4.56,53.49162424
2026-01-16 17:10:00+00:00,474.2544444,0,0,21.7,17.6,0,4.336,53.81513158
2026-01-16 17:15:00+00:00,473.9666667,0,0,21.7,17.41333333,0,4.4,53.94745455
2026-01-16 17:20:00+00:00,474.035,0,0,21.7,17.275,0,4.340357143,54.34836842
2026-01-16 17:25:00+00:00,474.9076923,0,0,21.68488889,16.9,0,4.432142857,53.81015385
2026-01-16 17:30:00+00:00,474,0,0,21.6,16.7,0,4.5025,54.99545455
2026-01-16 17:35:00+00:00,474,0,0,21.6,16.55,0,4.481,54.32822222
2026-01-16 17:40:00+00:00,474,0,0,21.6,16.3,0,4.476,53.66854386
2026-01-16 17:45:00+00:00,474.8392857,0,0,21.6,16.18,0,4.656,53.41714286
2026-01-16 17:50:00+00:00,473.0857143,0,0,21.6,15.98,0,4.7,54.59545455
2026-01-16 17:55:00+00:00,474,0,0,21.6,15.75,0,4.7,54.65111111
2026-01-16 18:00:00+00:00,474,0,0,21.6,15.58,0,4.7,54.74911111
2026-01-16 18:05:00+00:00,473.8190476,0,0,21.6,15.49428571,0,4.746868687,54.50851695
2026-01-16 18:10:00+00:00,471.2109668,0,0,21.6,15.32,0,4.942,53.4280303
2026-01-16 18:15:00+00:00,473.0285714,0,0,21.50363636,15.05,0,4.995333333,54.00836364
2026-01-16 18:20:00+00:00,473,0,0,21.5,14.87,0,4.9976,53.17583333
2026-01-16 18:25:00+00:00,473,0,0,21.5,14.8,0,5.001333333,50.46685185
2026-01-16 18:30:00+00:00,473.0869048,0,0,21.5,14.68,0,5,51.18262626
2026-01-16 18:35:00+00:00,471.7,0,0,21.5,14.57777778,0,5.1,52.67184314
2026-01-16 18:40:00+00:00,471.69,0,0,21.5,14.39714286,0,5.098,53.45395844
2026-01-16 18:45:00+00:00,472.8833333,0,0,21.5,14.23333333,0,5.046,52.68799145
2026-01-16 18:50:00+00:00,472.52,0,0,21.5,14.1,0,5.13,53.32222222
2026-01-16 18:55:00+00:00,472.1333333,0,0,21.5,14.05,0,5.11,53.19843077
2026-01-16 19:00:00+00:00,471,0,0,21.41913043,13.86,0,5,53.55021739
2026-01-16 19:05:00+00:00,470.2349206,0,0,21.4,13.76,0,4.763428571,53.5464425
2026-01-16 19:10:00+00:00,470,0,0,21.4,13.6,0,4.615555556,52.81254902
2026-01-16 19:15:00+00:00,470,0,0,21.4,13.575,0,4.697337662,53.20028409
2026-01-16 19:20:00+00:00,469.8722222,0,0,21.4,13.5,0,4.7172,53.48666667
2026-01-16 19:25:00+00:00,470.6285714,0,0,21.4,13.4,0,4.8,53.35232323
2026-01-16 19:30:00+00:00,470.2285714,0,0,21.4,13.3,0,4.81,53.075
2026-01-16 19:35:00+00:00,469.4,0,0,21.4,13.2,0,4.804,53.32376471
2026-01-16 19:40:00+00:00,467.7,0,0,21.4,13.1,0,4.865,52.75626959
2026-01-16 19:45:00+00:00,467.6,0,0,21.336,13,0,5.035466667,53.428
2026-01-16 19:50:00+00:00,467.52,0,0,21.3,12.9,0,5.1004,52.81132867
2026-01-16 19:55:00+00:00,467.352381,0,0,21.3,12.9,0,5.05,53.14363636
2026-01-16 20:00:00+00:00,467.2775794,0,0,21.3,12.8,0,4.946642857,53.08736842
2026-01-16 20:05:00+00:00,466.9333333,0,0,21.3,12.7,0,5.2,52.7225
2026-01-16 20:10:00+00:00,466.5,0,0,21.3,12.7,0,5.2,52.42916667
2026-01-16 20:15:00+00:00,466.05,0,0,21.3,12.625,0,5.250952381,52.8
2026-01-16 20:20:00+00:00,466.6587302,0,0,21.3,12.53,0,5.210476191,52.84
2026-01-16 20:25:00+00:00,466.975,0,0,21.3,12.5,0,5.36,52.96300366
2026-01-16 20:30:00+00:00,466.05,0,0,21.246,12.46666667,0,5.4,52.38763158
2026-01-16 20:35:00+00:00,465.88,0,0,21.2,12.3,0,5.433333333,52.19436113
2026-01-16 20:40:00+00:00,467,0,0,21.2,12.275,0,5.433333333,52.348
2026-01-16 20:45:00+00:00,466.1997403,0,0,21.2,12.2,0,5.283611111,52.14366667
2026-01-16 20:50:00+00:00,465.1428571,0,0,21.2,12.2,0,5.24,52.58393939
2026-01-16 20:55:00+00:00,464.3412698,0,0,21.2,12.14,0,5.36,51.95187675
2026-01-16 21:00:00+00:00,464.5555556,0,0,21.2,12.1,0,5.4,52.10530909
2026-01-16 21:05:00+00:00,464,0,0,21.2,12.075,0,5.205625,52.34077381
2026-01-16 21:10:00+00:00,464.2865385,0,0,21.2,12,0,5.2,52.99936508
2026-01-16 21:15:00+00:00,464.7492929,0,0,21.2,12,0,5.208571429,53.45628389
2026-01-16 21:20:00+00:00,461.9972028,0,0,21.2,11.98333333,0,5.293,53.79629545
2026-01-16 21:25:00+00:00,461.6153846,0,0,21.23265734,11.90666667,0,5.255,52.40651336
2026-01-16 21:30:00+00:00,460.2,0,0,21.29793103,11.825,0,5.32,50.8
2026-01-16 21:35:00+00:00,460.98,0,0,21.29563636,11.8,0,5.41,51.54576982
2026-01-16 21:40:00+00:00,459.8392857,0,0,21.2,11.8,0,5.505904762,51.84249569
2026-01-16 21:45:00+00:00,460,0,0,21.2,11.8,0,5.41,54.23111111
2026-01-16 21:50:00+00:00,460,0,0,21.2,11.77666667,0,4.46725,54.48947967
2026-01-16 21:55:00+00:00,460,0,0,21.2,11.69,0,3.912,54.65666667
2026-01-16 22:00:00+00:00,459.875,0,0,21.2,11.6,0,3.85625,54.58765934
2026-01-16 22:05:00+00:00,460,0,0,21.2,11.6,0,4.06,54.33127451
2026-01-16 22:10:00+00:00,459.9555556,0,0,21.2,11.52,0,4.1144,53.92850877
2026-01-16 22:15:00+00:00,458.125,0,0,21.2,11.5,0,4.1,53.78
2026-01-16 22:20:00+00:00,459.75,0,0,21.2,11.5,0,4.264206349,53.57366667
2026-01-16 22:25:00+00:00,459,0,0,21.2,11.5,0,4.236,53.56284615
2026-01-16 22:30:00+00:00,458.6,0,0,21.2,11.5,0,4.08,54.70712121
2026-01-16 22:35:00+00:00,456.8571429,0,0,21.2,11.42,0,4.02,54.59325
2026-01-16 22:40:00+00:00,457,0,0,21.2,11.4,0,4.053333333,53.87357143
2026-01-16 22:45:00+00:00,454.64,0,0,21.2,11.4,0,4,54.15578947
2026-01-16 22:50:00+00:00,454.0214286,0,0,21.2,11.35,0,4.06,53.83
2026-01-16 22:55:00+00:00,455.0801282,0,0,21.2,11.3,0,3.967,53.60181818
2026-01-16 23:00:00+00:00,455.6333333,0,0,21.2,11.3,0,3.797933333,53.58166667
2026-01-16 23:05:00+00:00,454.1714286,0,0,21.2,11.3,0,4.197777778,53.80768879
2026-01-16 23:10:00+00:00,454.4474359,0,0,21.2,11.3,0,4.111212121,53.59015679
2026-01-16 23:15:00+00:00,455.8,0,0,21.11538462,11.3,0,3.727333333,53.42335664
2026-01-16 23:20:00+00:00,456,0,0,21.1,11.3,0,3.52,54.0702834
2026-01-16 23:25:00+00:00,455.1178571,0,0,21.1,11.3,0,3.4,54.27107906
2026-01-16 23:30:00+00:00,454.8944341,0,0,21.12521795,11.29436364,0,3.423614379,54.76471612
2026-01-16 23:35:00+00:00,454.4369659,0,0,21.16505031,11.25212912,0,3.716680702,55.50100627
2026-01-16 23:40:00+00:00,453.9714286,0,0,21.2,11.17142857,0,3.96,54.95682115
2026-01-16 23:45:00+00:00,452.8571429,0,0,21.2,11.1,0,3.75,54.38333333
2026-01-16 23:50:00+00:00,453.0285714,0,0,21.2,11.1,0,3.585,54.5144
2026-01-16 23:55:00+00:00,453.6933333,0,0,21.12568627,11.1,0,3.51,55.19392157
2026-01-17 00:00:00+00:00,452.6611111,0,0,21.1,11.1,0,3.449047619,55.30332536
2026-01-17 00:05:00+00:00,453.6,0,0,21.1,11.1,0,3.547,54.05666667
2026-01-17 00:10:00+00:00,454,0,0,21.1,11.1,0,3.450571429,53.45
2026-01-17 00:15:00+00:00,454,0,0,21.1,11.08,0,3.556,54.15078431
2026-01-17 00:20:00+00:00,452.6,0,0,21.1,11,0,3.699666667,54.1045614
2026-01-17 00:25:00+00:00,452.725,0,0,21.1,11,0,3.69,54.02954545
2026-01-17 00:30:00+00:00,453.4694444,0,0,21.1,10.96666667,0,3.618,54.50845378
2026-01-17 00:35:00+00:00,451.735,0,0,21.1,10.9,0,3.672,55.30909091
2026-01-17 00:40:00+00:00,451.05625,0,0,21.1,10.9,0,3.732142857,54.9744213
2026-01-17 00:45:00+00:00,450.6,0,0,21.1,10.9,0,3.76,54.03953333
2026-01-17 00:50:00+00:00,450.44,0,0,21.1,10.8,0,3.602063492,54.25074747
2026-01-17 00:55:00+00:00,451.3904762,0,0,21.1,10.8,0,3.5,53.83833333
2026-01-17 01:00:00+00:00,452.56,0,0,21.1,10.8,0,3.502666667,54.3
2026-01-17 01:05:00+00:00,450.8542735,0,0,21.1,10.8,0,3.497155556,54.28492308
2026-01-17 01:10:00+00:00,450,0,0,21.1,10.8,0,3.4,53.81557029
2026-01-17 01:15:00+00:00,450.15,0,0,21.1,10.8,0,3.335,54.2701154
2026-01-17 01:20:00+00:00,449.5022222,0,0,21.1,10.8,0,3.215638889,54.53485714
2026-01-17 01:25:00+00:00,448.9142857,0,0,21.1,10.7,0,3.12,54.53325359
2026-01-17 01:30:00+00:00,449.3003968,0,0,21.1,10.7,0,3.0919,55.87709585
2026-01-17 01:35:00+00:00,448.4960317,0,0,21.1,10.61666667,0,3.114285714,55.9
2026-01-17 01:40:00+00:00,449.4,0,0,21.1,10.6,0,3.160545455,55.61538462
2026-01-17 01:45:00+00:00,449.9055556,0,0,21.1,10.6,0,3.108,55.17881119
2026-01-17 01:50:00+00:00,449.2545455,0,0,21.1,10.6,0,3.056923077,55.37117647
2026-01-17 01:55:00+00:00,448.6929412,0,0,21.1,10.6,0,3.0576,55.04727273
2026-01-17 02:00:00+00:00,449.0392857,0,0,21.1,10.6,0,3.048717949,54.86518395
2026-01-17 02:05:00+00:00,448,0,0,21.09006568,10.5975,0,2.95675,55.19688728
2026-01-17 02:10:00+00:00,448.2380952,0,0,21.02532051,10.53305556,0,2.957642857,54.41928947
2026-01-17 02:15:00+00:00,448.3269841,0,0,21,10.5,0,2.976,54.5452
2026-01-17 02:20:00+00:00,448.5136134,0,0,21.0405,10.5,0,2.883351954,54.94166304
2026-01-17 02:25:00+00:00,448.0592857,0,0,21.1,10.5,0,2.770153846,54.84572727
2026-01-17 02:30:00+00:00,447.9583333,0,0,21.1,10.475,0,2.7,54.83664773
2026-01-17 02:35:00+00:00,447.8461538,0,0,21.1,10.4,0,2.64,56.11355556
2026-01-17 02:40:00+00:00,446.1142857,0,0,21.1,10.4,0,2.54,55.97619048
2026-01-17 02:45:00+00:00,446.08,0,0,21.1,10.4,0,2.58,54.98339987
2026-01-17 02:50:00+00:00,447,0,0,21.1,10.4,0,2.679142857,54.29404762
2026-01-17 02:55:00+00:00,446.7,0,0,21.06923077,10.4,0,2.5,54.79789947
2026-01-17 03:00:00+00:00,446,0,0,21,10.4,0,2.48,54.59929829
2026-01-17 03:05:00+00:00,446,0,0,21,10.4,0,2.3575,54.18632411
2026-01-17 03:10:00+00:00,446,0,0,21,10.5,0,2.06,55.47863158
2026-01-17 03:15:00+00:00,446.0517857,0,0,21,10.505,0,1.502857143,55.6017931
2026-01-17 03:20:00+00:00,447.02,0,0,21,10.6,0,1.492,56.63157895
2026-01-17 03:25:00+00:00,447.1428571,0,0,21,10.6,0,1.408333333,57.44285714
2026-01-17 03:30:00+00:00,447.554329,0,0,21.01333333,10.6,0,1.415428571,57.40384993
2026-01-17 03:35:00+00:00,446.95,0,0,21.09535484,10.52,0,1.415428571,58.52383257
2026-01-17 03:40:00+00:00,444.9555556,0,0,21,10.5,0,1.435416667,55.62848767
2026-01-17 03:45:00+00:00,446,0,0,21,10.6,0,1.5412,56.76880952
2026-01-17 03:50:00+00:00,446.3,0,0,21,10.518,0,1.6,56.67566434
2026-01-17 03:55:00+00:00,447.4987013,0,0,21,10.42,0,1.452272727,57.28292308
2026-01-17 04:00:00+00:00,444.4,0,0,21,10.4,0,1.322857143,57.00705983
2026-01-17 04:05:00+00:00,444.792008,0,0,21,10.4,0,1.3965,56.53095975
2026-01-17 04:10:00+00:00,445.1666667,0,0,21,10.48,0,1.613714286,55.99210593
2026-01-17 04:15:00+00:00,445.94,0,0,21,10.5,0,1.7,56.24
2026-01-17 04:20:00+00:00,444.425,0,0,21,10.5,0,1.65,57.00797101
2026-01-17 04:25:00+00:00,444.7085714,0,0,21,10.44,0,1.607333333,56.60628205
2026-01-17 04:30:00+00:00,444.1692308,0,0,21,10.4,0,1.714285714,55.95232323
2026-01-17 04:35:00+00:00,443.6,0,0,21,10.4,0,1.708,54.96888889
2026-01-17 04:40:00+00:00,443.1111111,0,0,21,10.4,0,1.7,55.44273684
2026-01-17 04:45:00+00:00,443.8,0,0,21,10.488,0,1.622,55.78476923
2026-01-17 04:50:00+00:00,444,0,0,21,10.6,0,1.642,55.88007326
2026-01-17 04:55:00+00:00,444,0,0,21,10.56,0,1.7,55.59277778
2026-01-17 05:00:00+00:00,446.2857143,0,0,21,10.5,0,1.732363636,55.88309024
2026-01-17 05:05:00+00:00,444.3619048,0,0,21,10.5,0,1.733115385,56.19347222
2026-01-17 05:10:00+00:00,444.7857143,0,0,21,10.52,0,1.7,56.45428571
2026-01-17 05:15:00+00:00,444.065,0,0,21,10.6,0,1.6955,56.22815346
2026-01-17 05:20:00+00:00,443.40625,0,0,21,10.6,0,1.61,57.55923276
2026-01-17 05:25:00+00:00,441.9466667,0,0,21,10.6,0,1.628,56.95320601
2026-01-17 05:30:00+00:00,443.5142857,0,0,21,10.6,0,1.697777778,56.34045455
2026-01-17 05:35:00+00:00,444,0,0,21,10.6,0,1.6782,56.2492437
2026-01-17 05:40:00+00:00,443.9137821,0,0,21,10.6,0,1.626857143,56.68900566
2026-01-17 05:45:00+00:00,444.9286713,0,0,21,10.6,0,1.652323232,56.74923077
2026-01-17 05:50:00+00:00,446,0,0,21,10.6,0,1.6064,56.632
2026-01-17 05:55:00+00:00,444.6686869,0,0,21,10.6,0,1.65,56.03602339
2026-01-17 06:00:00+00:00,444,0,0,21,10.6,0,1.691818182,56.31932903
2026-01-17 06:05:00+00:00,443.3733333,0,0,21,10.6,0,1.7,56.24687646
2026-01-17 06:10:00+00:00,442.5857143,0,0,21,10.6,0,1.699055556,56.72071429
2026-01-17 06:15:00+00:00,443.2272727,0,0,21,10.6,0,1.748214286,56.72559524
2026-01-17 06:20:00+00:00,443.555,0,0,21,10.6,0,1.7715,54.52124845
2026-01-17 06:25:00+00:00,443.5840909,0,0,21,10.6,0,1.7715,55.61953595
2026-01-17 06:30:00+00:00,443,0,0,21,10.6,0,1.7992,56.595
2026-01-17 06:35:00+00:00,443,0,0,21,10.6,0,1.805777778,56.01190635
2026-01-17 06:40:00+00:00,443.0888889,0,0,21,10.52,0,1.8,56.16333333
2026-01-17 06:45:00+00:00,442.6928571,0,0,21,10.5,0,1.8,55.98861538
2026-01-17 06:50:00+00:00,441.6785714,0,0,21,10.58,0,1.8,55.8214018
2026-01-17 06:55:00+00:00,442.1111111,0,0,21,10.6,0,1.8,55.5
2026-01-17 07:00:00+00:00,443,0,0,21,10.6,0,1.8,56.0824
2026-01-17 07:05:00+00:00,443,0,0,21,10.6,0,1.8,56.95166667
2026-01-17 07:10:00+00:00,442.94375,0,0,21,10.6,0.1,1.8,57.33611111
2026-01-17 07:15:00+00:00,442.9777778,0,0,21,10.6,0.211666667,1.8,57.3
2026-01-17 07:20:00+00:00,443.2361111,0,0,21,10.64,0.306896958,1.8,56.38394009
2026-01-17 07:25:00+00:00,443,0,0,21,10.68,0.552631579,1.890444444,57.48633333
2026-01-17 07:30:00+00:00,442.4666667,0,0,21,10.6,0.802063348,1.846666667,57.11366667
2026-01-17 07:35:00+00:00,441.2888889,0,0,20.98166667,10.72,1.114363636,1.8,56.70722826
2026-01-17 07:40:00+00:00,441.6,0,0,20.9,10.8,1.396373626,1.8,57
2026-01-17 07:45:00+00:00,441,0,0,20.9,10.8,1.860222222,1.8,56.229
2026-01-17 07:50:00+00:00,441.3527778,0,0,20.9,10.8,2.298285714,1.8,55.78303571
2026-01-17 07:55:00+00:00,441.7466667,0,0,20.91134454,10.8,3.025555556,1.8,55.75299145
2026-01-17 08:00:00+00:00,440.9333333,0,0,20.98185185,10.8,3.520429828,1.774666667,57.01596751
2026-01-17 08:05:00+00:00,440.175,0,0,21,10.8,4.348175,1.7,56.85895238
2026-01-17 08:10:00+00:00,441.0454545,0,0,21,10.8,5.866017361,1.701607143,55.72352941
2026-01-17 08:15:00+00:00,442.3811966,0,0,21,10.8,8.82516388,1.7475,56.28545455
2026-01-17 08:20:00+00:00,441.8475,0,0,21,10.8,10.5119,1.798941177,56.50784783
2026-01-17 08:25:00+00:00,441.8,0,0,20.98153846,10.9,9.947006993,1.669111111,56.63948718
2026-01-17 08:30:00+00:00,441.2,0,0,20.901,10.9,9.718675439,1.779,56.27989474
2026-01-17 08:35:00+00:00,441.96,0,0,20.9,10.9,9.709825057,1.8,56.04967144
2026-01-17 08:40:00+00:00,442.76,0,0,20.9,10.82,10.22610782,1.8,55.87744581
2026-01-17 08:45:00+00:00,442.9436364,0,0,20.9,10.8,11.97529789,1.746318182,56.53232601
2026-01-17 08:50:00+00:00,442,0,0,20.99746154,11.1,12.73189091,1.762222222,57.26990909
2026-01-17 08:55:00+00:00,441.075,0,0,21.07818182,11.4,13.38812077,1.704984127,56.75214545
2026-01-17 09:00:00+00:00,441.6568765,0,0,20.99583333,11.4375,13.71063657,1.711714286,54.75089286
2026-01-17 09:05:00+00:00,438.8542857,0,0,20.91690909,11.38,15.63771429,1.74,56.54484848
2026-01-17 09:10:00+00:00,440.06,0,0,20.98364593,11.3,18.42186667,1.729177778,56.70930481
2026-01-17 09:15:00+00:00,441.1177778,0,0,20.91058824,11.375,19.1960641,1.736571429,55.91130769
2026-01-17 09:20:00+00:00,441.8222222,0,0,20.9,11.532,20.0174,1.76,54.86222222
2026-01-17 09:25:00+00:00,441.3942308,0,0,20.9,11.61666667,20.60586713,1.759492064,54.62321429
2026-01-17 09:30:00+00:00,442.68,0,0,20.9,11.528,15.7292,1.73,54.99709091
2026-01-17 09:35:00+00:00,444.6,0,0,20.9,11.5,13.62502778,1.7,54.70555556
2026-01-17 09:40:00+00:00,448.2,0,0,20.9,11.8,16.93289655,1.7,58.57272727
2026-01-17 09:45:00+00:00,451.58,0,0,20.9,12.18,19.01016667,1.695714286,56.64135864
2026-01-17 09:50:00+00:00,455.2,0,0,20.97994302,12.16,19.18590659,1.625714286,56.30115964
2026-01-17 09:55:00+00:00,456,0,0,20.98545455,11.89333333,18.16534545,1.749222222,56.82181818
2026-01-17 10:00:00+00:00,455.8214286,0,0,21,11.78333333,17.44167832,1.692527473,55.90227273
2026-01-17 10:05:00+00:00,455.8857143,0,0,20.92153846,11.79666667,19.27484848,1.692825397,54.92153846
2026-01-17 10:10:00+00:00,455.1282468,0,0,20.9,11.94,19.68085714,1.719365079,56.69533333
2026-01-17 10:15:00+00:00,453.5833333,0,0,20.9,12.06571429,21.81725556,1.520666667,56.85838095
2026-01-17 10:20:00+00:00,453.647619,0,0,20.9,12.15,19.78832967,1.704305556,55.90463636
2026-01-17 10:25:00+00:00,453.4461538,0,0,20.9,12,19.70626608,1.8,55.23812146
2026-01-17 10:30:00+00:00,453.3654762,0,0,20.9,12.12,20.58948913,1.8,55.79875
2026-01-17 10:35:00+00:00,454.8,0,0,20.9,12.48,22.63441765,1.8,56.28550607
2026-01-17 10:40:00+00:00,454.4685315,0,0,20.9,11.99333333,24.96345278,1.8,56.97375
2026-01-17 10:45:00+00:00,454.075,0,0,20.9,11.92142857,28.64138718,1.774,56.96168254
2026-01-17 10:50:00+00:00,453.7670996,0,0,20.9,11.9,29.39017563,1.684,56.45357143
2026-01-17 10:55:00+00:00,455.2852941,0,0,20.9,11.9,30.28715625,1.71457265,56.0625
2026-01-17 11:00:00+00:00,455.1,0,0,20.9,11.9,29.79348384,1.8325,56.87467532
2026-01-17 11:05:00+00:00,452.961039,0,0,20.9,11.9,35.50057049,1.8,56.16333333
2026-01-17 11:10:00+00:00,451.9157895,0,0,20.9,11.9,37.98747536,1.8,56.21736488
2026-01-17 11:15:00+00:00,451.7642857,0,0,20.9,11.9,45.36155556,1.8,55.94333333
2026-01-17 11:20:00+00:00,452.1542857,0,0,20.9,11.81666667,47.59157354,1.8,55.5198605
2026-01-17 11:25:00+00:00,450.6,0,0,20.9,11.8,47.07635748,1.796,55.96403263
2026-01-17 11:30:00+00:00,451,0,0,20.9,11.8,40.29788409,1.8,56.82693557
2026-01-17 11:35:00+00:00,453.0857143,0,0,20.9,11.8,36.22853048,1.8,56.28457875
2026-01-17 11:40:00+00:00,453.0681818,0,0,20.9,11.72,32.65603199,1.806666667,55.92551282
2026-01-17 11:45:00+00:00,451.3555556,0,0,20.9,11.796,32.731,1.692,56.6
2026-01-17 11:50:00+00:00,451.7095238,0,0,20.90769231,11.88333333,31.084875,1.682991071,55.94615385
2026-01-17 11:55:00+00:00,452,0,0,20.9,11.9,29.71378571,1.7,56.21255411
2026-01-17 12:00:00+00:00,451.5428571,0,0,20.9,11.9,30.36071429,1.536,56.56769231
2026-01-17 12:05:00+00:00,450.625,0,0,20.9,11.94857143,23.44787135,1.298,56.05660819
2026-01-17 12:10:00+00:00,449.6,0,0,20.9,12,21.268661,1.614,55.74888112
2026-01-17 12:15:00+00:00,448.725,0,0,20.9,12,20.95676367,1.6,55.8979021
2026-01-17 12:20:00+00:00,448.185,0,0,20.9,12,21.43255556,1.6,55.96166667
2026-01-17 12:25:00+00:00,448,0,0,20.9,12,20.48163636,1.58,56.11662338
2026-01-17 12:30:00+00:00,448.1119048,0,0,20.9,12,18.40652104,1.475,56.10606061
2026-01-17 12:35:00+00:00,447.9464286,0,0,20.9,12.088,16.82591304,1.383777778,57.37313939
2026-01-17 12:40:00+00:00,447.2,0,0,20.9,12.2,13.66346524,1.462,57.10082816
2026-01-17 12:45:00+00:00,446.33125,0,0,20.9,12.2,12.09877273,1.5,56.12741935
2026-01-17 12:50:00+00:00,447,0,0,20.9,12.2,12.27400649,1.495545455,57.80278499
2026-01-17 12:55:00+00:00,448.72,0,0,20.9,12.26,13.68206187,1.369257143,57.96195891
2026-01-17 13:00:00+00:00,447.7742857,0,0,20.9,12.47,11.94079665,1.268285714,57.34516746
2026-01-17 13:05:00+00:00,446.402381,0,0,20.9,12.25,11.84400545,1.5028,56.69393214
2026-01-17 13:10:00+00:00,447.0876623,0,0,20.9,12.164,12.19275609,1.578333333,56.61316444
2026-01-17 13:15:00+00:00,447.9272727,0,0,20.9,12.2,13.06230507,1.5,56.8
2026-01-17 13:20:00+00:00,446.1538462,0,0,20.9,12.2,13.60206484,1.446,56.57937888
2026-01-17 13:25:00+00:00,445.96,0,0,20.9,12.2,12.83151111,1.484454546,55.94630048
2026-01-17 13:30:00+00:00,444.2571429,0,0,20.9,12.2,11.89113333,1.5,56.52666667
2026-01-17 13:35:00+00:00,445.6,0,0,20.9,12.2,11.51876923,1.5,57.09702222
2026-01-17 13:40:00+00:00,447.6428571,0,0,20.9,12.2,10.54911561,1.5,57.71041667
2026-01-17 13:45:00+00:00,446.08,0,0,20.9,12.2,9.433625067,1.5,57.17251232
2026-01-17 13:50:00+00:00,444.0285714,0,0,20.9,12.2,8.893325,1.458333333,56.474
2026-01-17 13:55:00+00:00,444.1555556,0,0,20.9,12.28,7.118557758,1.465714286,56.09181818
2026-01-17 14:00:00+00:00,444.9,0,0,20.9,12.236,6.584927485,1.440051587,56.60166667
2026-01-17 14:05:00+00:00,443.3222222,0,0,20.9,12.2,6.385554546,1.408714286,57.04511111
2026-01-17 14:10:00+00:00,444.8769231,0,0,20.9,12.28,5.557791667,1.328666667,56.142
2026-01-17 14:15:00+00:00,444.96,0,0,20.9,12.3,4.880648544,1.364557143,55.9782684
2026-01-17 14:20:00+00:00,444.7166667,0,0,20.9,12.3,4.735203963,1.3036,56.6177381
2026-01-17 14:25:00+00:00,443.12,0,0,20.9,12.3,4.2692,1.3,57.05047619
2026-01-17 14:30:00+00:00,443,0,0,20.9,12.3,3.61915508,1.3,56.89895425
2026-01-17 14:35:00+00:00,443.125,0,0,20.9,12.24,3.106083333,1.3,57.52625
2026-01-17 14:40:00+00:00,444.675,0,0,20.9,12.2,2.58375,1.3,57.40421053
2026-01-17 14:45:00+00:00,443.7513725,0,0,20.9,12.32,2.235018315,1.24375,56.60095366
2026-01-17 14:50:00+00:00,442.2641958,0,0,20.9,12.45333333,1.789936188,1.250178571,55.76620452
2026-01-17 14:55:00+00:00,441.25,0,0,20.9,12.54,1.369545455,1.3,56.24928571
2026-01-17 15:00:00+00:00,441.2920635,0,0,20.9,12.46,0.894702381,1.4,56.24075758
2026-01-17 15:05:00+00:00,440.3272727,0,0,20.9,12.4,0.597,1.364038462,56.07619048
2026-01-17 15:10:00+00:00,440.7041181,0,0,20.9,12.4,0.456578004,1.3,56.1474908
2026-01-17 15:15:00+00:00,441.735,0,0,20.9,12.4,0.316666667,1.357777778,56.446
2026-01-17 15:20:00+00:00,441.9092308,0,0,20.9,12.4,0.137222222,1.302480769,57.38990385
2026-01-17 15:25:00+00:00,442,0,0,20.9,12.433,0.0862,1.030717533,57.63111111
2026-01-17 15:30:00+00:00,441.1857143,0,0,20.9,12.5,0,1.20775,56.62888889
2026-01-17 15:35:00+00:00,441,0,0,20.9,12.5,0,1.175,56.3375
2026-01-17 15:40:00+00:00,440.2333333,0,0,20.9,12.5,0,1.168214286,56.50207692
2026-01-17 15:45:00+00:00,438.8707692,0,0,20.9,12.5,0,1.295568182,55.96010172
2026-01-17 15:50:00+00:00,438.8622222,0,0,20.9,12.5,0,1.3,56.07878697
2026-01-17 15:55:00+00:00,440.1444444,0,0,20.9,12.5,0,1.354,56.43123587
2026-01-17 16:00:00+00:00,439.6277778,0,0,20.9,12.5,0,1.39775,56.305
2026-01-17 16:05:00+00:00,438.4,0,0,20.9,12.48,0,1.368,56.74469697
2026-01-17 16:10:00+00:00,439.2333333,0,0,20.9,12.42,0,1.210666667,57.01
2026-01-17 16:15:00+00:00,439.2285714,0,0,20.9,12.5,0,1.370285714,57.83015674
2026-01-17 16:20:00+00:00,439.6916667,0,0,20.9,12.5,0,1.372538462,57.6805042
2026-01-17 16:25:00+00:00,438.7361111,0,0,20.9,12.5,0,1.4,56.93454545
2026-01-17 16:30:00+00:00,439,0,0,20.9,12.5,0,1.409791667,56.38923445
2026-01-17 16:35:00+00:00,439.1448773,0,0,20.9,12.5,0,1.4196,55.48333333
2026-01-17 16:40:00+00:00,438.6538462,0,0,20.9,12.5,0,1.463,55.20182609
2026-01-17 16:45:00+00:00,439.2,0,0,20.85833333,12.5,0,1.5,55.76733716
2026-01-17 16:50:00+00:00,437.4222222,0,0,20.8,12.5,0,1.545714286,55.96666667
2026-01-17 16:55:00+00:00,438.2,0,0,20.8,12.57142857,0,1.522,56.31375
2026-01-17 17:00:00+00:00,438.1555556,0,0,20.84984615,12.535,0,1.56,57.09406699
2026-01-17 17:05:00+00:00,438.195,0,0,20.9,12.5,0,1.52,57.69984615
2026-01-17 17:10:00+00:00,439.2222222,0,0,20.9,12.44,0,1.53,56.62179894
2026-01-17 17:15:00+00:00,438.2241176,0,0,20.9,12.4,0,1.591666667,56.223
2026-01-17 17:20:00+00:00,437.6941176,0,0,20.9,12.4,0,1.682857143,56.81774682
2026-01-17 17:25:00+00:00,437.2857143,0,0,20.85769231,12.475,0,1.6475,56.79166667
2026-01-17 17:30:00+00:00,438,0,0,20.8,12.58,0,1.515345455,56.79821429
2026-01-17 17:35:00+00:00,437.8884615,0,0,20.8,12.7,0,1.596285714,56.12727273
2026-01-17 17:40:00+00:00,437.4896429,0,0,20.8,12.7,0,1.6,55.90888364
2026-01-17 17:45:00+00:00,437.1,0,0,20.8,12.68206349,0,1.6,56.13781818
2026-01-17 17:50:00+00:00,437.2285714,0,0,20.8,12.56,0,1.6,56.76327995
2026-01-17 17:55:00+00:00,436,0,0,20.82769231,12.58,0,1.618285714,56.41679487
2026-01-17 18:00:00+00:00,435.6285714,0,0,20.886,12.7,0,1.69325,57.00520635
2026-01-17 18:05:00+00:00,436.2,0,0,20.86554113,12.62,0,1.66825,56.37963636
2026-01-17 18:10:00+00:00,437.0928571,0,0,20.80257143,12.5,0,1.683714286,56.18933766
2026-01-17 18:15:00+00:00,435.6909091,0,0,20.8,12.5,0,1.698833333,55.11476923
2026-01-17 18:20:00+00:00,436,0,0,20.8,12.5,0,1.6425,56.12072981
2026-01-17 18:25:00+00:00,436.1611111,0,0,20.8,12.5,0,1.599714286,55.90776224
2026-01-17 18:30:00+00:00,436.5492351,0,0,20.8,12.52133333,0,1.7,55.93528237
2026-01-17 18:35:00+00:00,436.46,0,0,20.8,12.52933333,0,1.7,55.92235294
2026-01-17 18:40:00+00:00,437,0,0,20.8,12.51,0,1.627545454,57.17009091
2026-01-17 18:45:00+00:00,436.8,0,0,20.8,12.68,0,1.458727273,57.27384615
2026-01-17 18:50:00+00:00,436,0,0,20.8,12.7,0,1.6,57.00923077
2026-01-17 18:55:00+00:00,437,0,0,20.8,12.5,0,1.552642857,57.128
2026-01-17 19:00:00+00:00,437.0918803,0,0,20.8,12.56130952,0,1.624466667,56.51166667
2026-01-17 19:05:00+00:00,435.0333333,0,0,20.8,12.68666667,0,1.703,56.505
2026-01-17 19:10:00+00:00,436.16,0,0,20.8,12.7,0,1.510611111,55.312
2026-01-17 19:15:00+00:00,436.9161184,0,0,20.8,12.74107143,0,1.447647059,54.83130878
2026-01-17 19:20:00+00:00,436.1,0,0,20.8,12.72,0,1.760598291,55.70213958
2026-01-17 19:25:00+00:00,435.6022222,0,0,20.8,12.7,0,1.664484034,56.01598966
2026-01-17 19:30:00+00:00,436.6711111,0,0,20.8,12.7,0,1.566825397,56.86444444
2026-01-17 19:35:00+00:00,436.1555556,0,0,20.8,12.7,0,1.65535,57.41083333
2026-01-17 19:40:00+00:00,433.4727273,0,0,20.8,12.84666667,0,1.386,56.855
2026-01-17 19:45:00+00:00,435.12,0,0,20.8,13.02,0,1.235722222,56.344
2026-01-17 19:50:00+00:00,435.82,0,0,20.8,13.118,0,1.6976,55.77428571
2026-01-17 19:55:00+00:00,434.7555556,0,0,20.8,12.98,0,1.666342857,55.69833333
2026-01-17 20:00:00+00:00,434,0,0,20.8,13.08,0,1.268,55.72109524
2026-01-17 20:05:00+00:00,433.1846154,0,0,20.8,13.33,0,1.170275253,56.645
2026-01-17 20:10:00+00:00,433.8857143,0,0,20.8,13.32,0,1.407666667,55.78319902
2026-01-17 20:15:00+00:00,433.9821429,0,0,20.8,13.125,0,1.155,56.14411111
2026-01-17 20:20:00+00:00,433.2,0,0,20.8,13.06,0,1.408,57.01243402
2026-01-17 20:25:00+00:00,434.6,0,0,20.8,12.9,0,1.489666667,58.13391813
2026-01-17 20:30:00+00:00,433.4571429,0,0,20.8,13,0,1.51,57.42470588
2026-01-17 20:35:00+00:00,433,0,0,20.8,12.938,0,1.519807692,56.90375
2026-01-17 20:40:00+00:00,434.3044444,0,0,20.8,12.76,0,1.590649351,56.71722222
2026-01-17 20:45:00+00:00,434.075,0,0,20.8,12.76666667,0,1.488333333,56.18304348
2026-01-17 20:50:00+00:00,433.6,0,0,20.8,13,0,1.482,56.4
2026-01-17 20:55:00+00:00,433,0,0,20.8,13.21333333,0,1.689333333,56.68735714
2026-01-17 21:00:00+00:00,431.7789474,0,0,20.8,13.32285714,0,1.8,56.03457875
2026-01-17 21:05:00+00:00,431.167366,0,0,20.8,13.22,0,1.739090909,55.75386473
2026-01-17 21:10:00+00:00,432.8035714,0,0,20.8,13.2,0,1.6425,55.75558608
2026-01-17 21:15:00+00:00,432.5806349,0,0,20.8,13.2,0,1.8025,56.20311688
2026-01-17 21:20:00+00:00,431.1506494,0,0,20.8,12.94285714,0,1.866444444,55.92765122
2026-01-17 21:25:00+00:00,430.7666667,0,0,20.8,12.80533333,0,1.804971429,55.17663158
2026-01-17 21:30:00+00:00,431.6,0,0,20.8,12.7,0,1.8,56.32856818
2026-01-17 21:35:00+00:00,432,0,0,20.8,12.7,0,1.740366667,56.56732323
2026-01-17 21:40:00+00:00,431.6488889,0,0,20.8,12.7,0,1.7025,56.5882521
2026-01-17 21:45:00+00:00,430.4,0,0,20.8,12.7,0,1.816,56.005
2026-01-17 21:50:00+00:00,429.9388889,0,0,20.8,12.62,0,1.884,56.1297619
2026-01-17 21:55:00+00:00,430.2,0,0,20.8,12.6,0,1.931628571,55.6808464
2026-01-17 22:00:00+00:00,431,0,0,20.8,12.6,0,1.936,56.38175439
2026-01-17 22:05:00+00:00,430.5,0,0,20.8,12.54722222,0,1.875,56.70823733
2026-01-17 22:10:00+00:00,430.0971429,0,0,20.8,12.54,0,1.825771429,56.09309533
2026-01-17 22:15:00+00:00,430.4,0,0,20.8,12.6,0,1.882,56.07861404
2026-01-17 22:20:00+00:00,431,0,0,20.8,12.55,0,1.901155556,56.025528
2026-01-17 22:25:00+00:00,430.8539683,0,0,20.8,12.56,0,1.87910989,55.60982097
2026-01-17 22:30:00+00:00,430.6888889,0,0,20.8,12.645,0,1.834285714,56.34924242
2026-01-17 22:35:00+00:00,430,0,0,20.8,12.638,0,1.937777778,55.63
2026-01-17 22:40:00+00:00,429.8,0,0,20.8,12.62,0,2,55.90461538
2026-01-17 22:45:00+00:00,429.375,0,0,20.8,12.7,0,2,55.81555556
2026-01-17 22:50:00+00:00,430.2121212,0,0,20.8,12.7,0,1.951,55.63580297
2026-01-17 22:55:00+00:00,430.0512821,0,0,20.8,12.7,0,1.934989011,55.80711144
