,HTRK_VEN01_EM01_P,HTRK_VEN01_FCI01
2025-08-31 22:00:00+00:00,28.86537719,38910.06883
2025-08-31 22:05:00+00:00,26.19890426,34087.25286
2025-08-31 22:10:00+00:00,24.71511111,32447.8065
2025-08-31 22:15:00+00:00,25.02097619,32503.2823
2025-08-31 22:20:00+00:00,25.07816667,32567.54
2025-08-31 22:25:00+00:00,24.51281053,32628.55169
2025-08-31 22:30:00+00:00,24.51674864,32565.4768
2025-08-31 22:35:00+00:00,24.50984091,32594.51554
2025-08-31 22:40:00+00:00,24.76772427,32640.29892
2025-08-31 22:45:00+00:00,24.66042157,32559.21241
2025-08-31 22:50:00+00:00,24.24833333,32554.76343
2025-08-31 22:55:00+00:00,24.44304895,32562.38395
2025-08-31 23:00:00+00:00,24.7371587,32725.2628
2025-08-31 23:05:00+00:00,24.56247006,32656.6843
2025-08-31 23:10:00+00:00,24.66131548,32643.30642
2025-08-31 23:15:00+00:00,24.95545238,32727.05414
2025-08-31 23:20:00+00:00,24.64292632,32575.9965
2025-08-31 23:25:00+00:00,24.4798208,32557.90374
2025-08-31 23:30:00+00:00,24.67637556,32459.00435
2025-08-31 23:35:00+00:00,24.6610404,32542.358
2025-08-31 23:40:00+00:00,24.66381011,32535.33371
2025-08-31 23:45:00+00:00,24.63,32586.03
2025-08-31 23:50:00+00:00,24.66043627,32394.83369
2025-08-31 23:55:00+00:00,24.35547368,32408.03015
2025-09-01 00:00:00+00:00,24.58467081,32591.21075
2025-09-01 00:05:00+00:00,24.1438,32415.15291
2025-09-01 00:10:00+00:00,24.9316,32431.68
2025-09-01 00:15:00+00:00,24.0229247,32451.5225
2025-09-01 00:20:00+00:00,24.92546296,32655.18156
2025-09-01 00:25:00+00:00,24.85816667,32535.77987
2025-09-01 00:30:00+00:00,24.52471655,32379.44975
2025-09-01 00:35:00+00:00,24.33302083,32482.30523
2025-09-01 00:40:00+00:00,24.02780303,32465.50314
2025-09-01 00:45:00+00:00,24.27910723,32512.49115
2025-09-01 00:50:00+00:00,24.39988889,32556.74664
2025-09-01 00:55:00+00:00,24.35985314,32556.03308
2025-09-01 01:00:00+00:00,24.37018531,32535.53844
2025-09-01 01:05:00+00:00,24.5,32499.3
2025-09-01 01:10:00+00:00,24.39866667,32378.34567
2025-09-01 01:15:00+00:00,24.46459596,32321.76311
2025-09-01 01:20:00+00:00,24.62085419,32468.68637
2025-09-01 01:25:00+00:00,24.69394841,32601.6025
2025-09-01 01:30:00+00:00,25.24186667,32725.27772
2025-09-01 01:35:00+00:00,25.02458222,32503.51912
2025-09-01 01:40:00+00:00,24.3175961,32670.34223
2025-09-01 01:45:00+00:00,24.38116241,32648.83956
2025-09-01 01:50:00+00:00,24.58788077,32735.48549
2025-09-01 01:55:00+00:00,25.00303322,32786.65772
2025-09-01 02:00:00+00:00,24.42582626,32552.76431
2025-09-01 02:05:00+00:00,24.86965176,32515.92163
2025-09-01 02:10:00+00:00,25.39622222,32723.6814
2025-09-01 02:15:00+00:00,25.13901886,32926.33933
2025-09-01 02:20:00+00:00,25.0656357,32764.4828
2025-09-01 02:25:00+00:00,25.3538,32769.2095
2025-09-01 02:30:00+00:00,25.65051956,32925.9
2025-09-01 02:35:00+00:00,25.84891919,32861.83747
2025-09-01 02:40:00+00:00,25.76655172,33001.37792
2025-09-01 02:45:00+00:00,25.45098291,32900.19311
2025-09-01 02:50:00+00:00,25.59689469,32938.4719
2025-09-01 02:55:00+00:00,25.15476316,32628.25982
2025-09-01 03:00:00+00:00,5.417359307,4394.889509
2025-09-01 03:05:00+00:00,2.415390877,3180.126513
2025-09-01 03:10:00+00:00,7.66922408,14069.58314
2025-09-01 03:15:00+00:00,9.164212121,17673.326
2025-09-01 03:20:00+00:00,9.417555556,17720.808
2025-09-01 03:25:00+00:00,9.398812121,17793.70283
2025-09-01 03:30:00+00:00,9.409222222,17792.675
2025-09-01 03:35:00+00:00,9.386490018,17788.27
2025-09-01 03:40:00+00:00,9.53932946,17725.92414
2025-09-01 03:45:00+00:00,9.670098901,17712.192
2025-09-01 03:50:00+00:00,9.419738967,17700.38906
2025-09-01 03:55:00+00:00,9.386652174,17686.14354
2025-09-01 04:00:00+00:00,9.290603175,17751.204
2025-09-01 04:05:00+00:00,9.058355288,17734.6
2025-09-01 04:10:00+00:00,9.289815385,17682.61657
2025-09-01 04:15:00+00:00,9.281895772,17850.404
2025-09-01 04:20:00+00:00,9.585161491,17802.366
2025-09-01 04:25:00+00:00,9.471538294,17819.902
2025-09-01 04:30:00+00:00,9.384909091,17775.15414
2025-09-01 04:35:00+00:00,9.465789835,17734.11975
2025-09-01 04:40:00+00:00,9.416661905,17891.67833
2025-09-01 04:45:00+00:00,9.521293697,17884.69145
2025-09-01 04:50:00+00:00,9.535261808,17738.056
2025-09-01 04:55:00+00:00,9.540608696,17624.37139
2025-09-01 05:00:00+00:00,9.486827234,17632.12587
2025-09-01 05:05:00+00:00,9.392859091,17592.85038
2025-09-01 05:10:00+00:00,9.24074359,17565.05471
2025-09-01 05:15:00+00:00,9.406007036,17539.71
2025-09-01 05:20:00+00:00,9.197,17625.278
2025-09-01 05:25:00+00:00,9.500712782,17428.98046
2025-09-01 05:30:00+00:00,9.368296655,17451.98087
2025-09-01 05:35:00+00:00,9.347095588,17398.72958
2025-09-01 05:40:00+00:00,9.318503919,17448.86986
2025-09-01 05:45:00+00:00,9.39359478,17457.89377
2025-09-01 05:50:00+00:00,9.450439271,17547.5656
2025-09-01 05:55:00+00:00,9.549378151,17677.972
2025-09-01 06:00:00+00:00,9.857873518,17828.35978
2025-09-01 06:05:00+00:00,9.96744,18033.01667
2025-09-01 06:10:00+00:00,9.998008021,18290.82756
2025-09-01 06:15:00+00:00,10.10958619,18535.06895
2025-09-01 06:20:00+00:00,10.37,18716.07
2025-09-01 06:25:00+00:00,10.57001914,19061.71526
2025-09-01 06:30:00+00:00,10.80933333,19554.82962
2025-09-01 06:35:00+00:00,11.19498883,19863.93384
2025-09-01 06:40:00+00:00,11.64850637,20491.21844
2025-09-01 06:45:00+00:00,11.97076,20950.62886
2025-09-01 06:50:00+00:00,12.42176224,21482.3036
2025-09-01 06:55:00+00:00,12.83048718,22258.82502
2025-09-01 07:00:00+00:00,13.44071795,22622.687
2025-09-01 07:05:00+00:00,13.76585185,23115.81622
2025-09-01 07:10:00+00:00,14.58072581,23602.00417
2025-09-01 07:15:00+00:00,14.86333333,24145.81103
2025-09-01 07:20:00+00:00,15.44135576,24417.57539
2025-09-01 07:25:00+00:00,16.25513131,25376.49972
2025-09-01 07:30:00+00:00,16.53128952,25687.86617
2025-09-01 07:35:00+00:00,16.88780212,25935.98084
2025-09-01 07:40:00+00:00,17.51148148,26284.23
2025-09-01 07:45:00+00:00,18.18608333,26726.55841
2025-09-01 07:50:00+00:00,17.99351818,27113.64455
2025-09-01 07:55:00+00:00,18.59946524,27209.01456
2025-09-01 08:00:00+00:00,18.65133333,27516.73648
2025-09-01 08:05:00+00:00,18.6539445,27724.9572
2025-09-01 08:10:00+00:00,18.7865042,27912.17662
2025-09-01 08:15:00+00:00,18.86,28005.6
2025-09-01 08:20:00+00:00,19.26209109,28348.11375
2025-09-01 08:25:00+00:00,19.91466667,28560.816
2025-09-01 08:30:00+00:00,20.31611404,28703.68186
2025-09-01 08:35:00+00:00,20.31820746,28804.47782
2025-09-01 08:40:00+00:00,20.5325641,28994.55754
2025-09-01 08:45:00+00:00,20.61618959,29288.9841
2025-09-01 08:50:00+00:00,20.37844505,29185.71999
2025-09-01 08:55:00+00:00,20.78196667,29209.33826
2025-09-01 09:00:00+00:00,21.42495385,29577.06244
2025-09-01 09:05:00+00:00,21.42159011,29685.59146
2025-09-01 09:10:00+00:00,21.241925,29784.77678
2025-09-01 09:15:00+00:00,21.24392474,29850.80598
2025-09-01 09:20:00+00:00,21.72146936,29915.40763
2025-09-01 09:25:00+00:00,21.7976,30147.74458
2025-09-01 09:30:00+00:00,21.79249123,30129.03049
2025-09-01 09:35:00+00:00,22.12578901,30176.08521
2025-09-01 09:40:00+00:00,21.81730242,30337.7487
2025-09-01 09:45:00+00:00,22.26263605,30080.33265
2025-09-01 09:50:00+00:00,22.25954545,30113.46975
2025-09-01 09:55:00+00:00,21.82340909,30251.61571
2025-09-01 10:00:00+00:00,22.40458009,30352.23894
2025-09-01 10:05:00+00:00,22.32068519,30465.27563
2025-09-01 10:10:00+00:00,22.68574067,30660.66108
2025-09-01 10:15:00+00:00,23.12145098,30397.76425
2025-09-01 10:20:00+00:00,23.22573333,30753.9224
2025-09-01 10:25:00+00:00,22.22286667,30425.76178
2025-09-01 10:30:00+00:00,22.700028,30207.64444
2025-09-01 10:35:00+00:00,22.691,30157.21075
2025-09-01 10:40:00+00:00,22.97390909,30548.82036
2025-09-01 10:45:00+00:00,22.77817212,30700.14361
2025-09-01 10:50:00+00:00,22.53366667,30688.59661
2025-09-01 10:55:00+00:00,22.357675,30512.45486
2025-09-01 11:00:00+00:00,22.71362424,30682.34189
2025-09-01 11:05:00+00:00,22.8134058,30748.03844
2025-09-01 11:10:00+00:00,22.77846853,30673.84131
2025-09-01 11:15:00+00:00,22.8404292,30649.852
2025-09-01 11:20:00+00:00,23.0484491,30725.912
2025-09-01 11:25:00+00:00,22.71079048,30643.32682
2025-09-01 11:30:00+00:00,22.83648889,30808.11607
2025-09-01 11:35:00+00:00,23.10776442,30907.885
2025-09-01 11:40:00+00:00,23.065,30881.686
2025-09-01 11:45:00+00:00,23.07116346,30675.22446
2025-09-01 11:50:00+00:00,23.3056647,30837.95161
2025-09-01 11:55:00+00:00,23.66543158,30692.70402
2025-09-01 12:00:00+00:00,23.41795455,30894.89904
2025-09-01 12:05:00+00:00,23.08597222,31204.62
2025-09-01 12:10:00+00:00,23.51397178,31159.36
2025-09-01 12:15:00+00:00,23.21627273,30965.65086
2025-09-01 12:20:00+00:00,23.15906667,31153.44249
2025-09-01 12:25:00+00:00,23.15615775,31127.80314
2025-09-01 12:30:00+00:00,23.06997576,31114.50766
2025-09-01 12:35:00+00:00,23.25275641,31370.21525
2025-09-01 12:40:00+00:00,22.73,31339.99
2025-09-01 12:45:00+00:00,23.85184615,31157.61914
2025-09-01 12:50:00+00:00,23.3502244,31069.75067
2025-09-01 12:55:00+00:00,23.08566667,31031.614
2025-09-01 13:00:00+00:00,23.11666667,31419.78396
2025-09-01 13:05:00+00:00,23.38821091,31196.12517
2025-09-01 13:10:00+00:00,23.34975145,31096.81244
2025-09-01 13:15:00+00:00,23.74495694,31265.24679
2025-09-01 13:20:00+00:00,23.57772727,31162.44287
2025-09-01 13:25:00+00:00,23.29761333,31111.3294
2025-09-01 13:30:00+00:00,23.37138221,31229.74667
2025-09-01 13:35:00+00:00,23.68222222,31200.81692
2025-09-01 13:40:00+00:00,23.3421001,31277.15621
2025-09-01 13:45:00+00:00,22.97084271,31227.33438
2025-09-01 13:50:00+00:00,23.11380861,31236.99343
2025-09-01 13:55:00+00:00,23.49619222,31286.4485
2025-09-01 14:00:00+00:00,14.6154,20558.03911
2025-09-01 14:05:00+00:00,4.260981818,7108.686222
2025-09-01 14:10:00+00:00,4.3714,7254.074
2025-09-01 14:15:00+00:00,4.387688889,7236.79
2025-09-01 14:20:00+00:00,4.266114058,7236.79
2025-09-01 14:25:00+00:00,4.26234127,7212.597273
2025-09-01 14:30:00+00:00,4.131585859,7151.974708
2025-09-01 14:35:00+00:00,4.316503016,7172.824933
2025-09-01 14:40:00+00:00,4.439670588,7033.658063
2025-09-01 14:45:00+00:00,4.3026,6568.8766
2025-09-01 14:50:00+00:00,4.177297436,6864.420308
2025-09-01 14:55:00+00:00,4.241203704,6781.251
2025-09-01 15:00:00+00:00,4.24770696,6915.116717
2025-09-01 15:05:00+00:00,4.249498812,6719.0652
2025-09-01 15:10:00+00:00,4.164184982,6703.434794
2025-09-01 15:15:00+00:00,4.278909091,6756.184
2025-09-01 15:20:00+00:00,4.235857143,6967.345111
2025-09-01 15:25:00+00:00,4.253366667,6513.398222
2025-09-01 15:30:00+00:00,4.096751323,6333.913153
2025-09-01 15:35:00+00:00,4.376136899,6887.8776
2025-09-01 15:40:00+00:00,4.363844055,6751.266333
2025-09-01 15:45:00+00:00,4.253368421,6960.219636
2025-09-01 15:50:00+00:00,4.245335059,6971.94
2025-09-01 15:55:00+00:00,4.11448202,6950.546
2025-09-01 16:00:00+00:00,4.303560606,6949.42
2025-09-01 16:05:00+00:00,4.094266667,6396.442
2025-09-01 16:10:00+00:00,3.942121212,5606.882194
2025-09-01 16:15:00+00:00,4.07705641,5066.006
2025-09-01 16:20:00+00:00,4.136198701,5771.399899
2025-09-01 16:25:00+00:00,4.313051475,6080.093917
2025-09-01 16:30:00+00:00,4.279627976,6860.0625
2025-09-01 16:35:00+00:00,4.281306452,6802.675714
2025-09-01 16:40:00+00:00,4.04825641,5844.661818
2025-09-01 16:45:00+00:00,4.1746,6057.33
2025-09-01 16:50:00+00:00,4.1768867,6510.546
2025-09-01 16:55:00+00:00,4.246766447,6964.799545
2025-09-01 17:00:00+00:00,4.406991579,7471.33
2025-09-01 17:05:00+00:00,4.42762931,7615.46
2025-09-01 17:10:00+00:00,4.526353846,7755.272133
2025-09-01 17:15:00+00:00,4.267772575,7731.238
2025-09-01 17:20:00+00:00,4.320933333,7664.65025
2025-09-01 17:25:00+00:00,4.098561129,7718.591412
2025-09-01 17:30:00+00:00,4.382793103,7698.73
2025-09-01 17:35:00+00:00,4.211538462,7698.73
2025-09-01 17:40:00+00:00,4.294407843,7695.67
2025-09-01 17:45:00+00:00,4.383636364,7678.33
2025-09-01 17:50:00+00:00,4.420242857,7678.33
2025-09-01 17:55:00+00:00,4.436392607,7678.33
2025-09-01 18:00:00+00:00,4.470904762,7678.33
2025-09-01 18:05:00+00:00,4.468912077,7678.33
2025-09-01 18:10:00+00:00,4.705037037,7365.65
2025-09-01 18:15:00+00:00,4.474513287,7345.929
2025-09-01 18:20:00+00:00,4.25785348,7344.33
2025-09-01 18:25:00+00:00,4.455809524,7344.33
2025-09-01 18:30:00+00:00,4.461818179,7338.697891
2025-09-01 18:35:00+00:00,4.306381993,7251.886
2025-09-01 18:40:00+00:00,4.283674471,7236.79
2025-09-01 18:45:00+00:00,4.270255694,7018.407435
2025-09-01 18:50:00+00:00,4.3669,6904.14
2025-09-01 18:55:00+00:00,4.377330357,6904.14
2025-09-01 19:00:00+00:00,1.744272727,2761.656
2025-09-01 19:05:00+00:00,0.110100334,0
2025-09-01 19:10:00+00:00,0.03,0
2025-09-01 19:15:00+00:00,0.03,0
2025-09-01 19:20:00+00:00,0.03,0
2025-09-01 19:25:00+00:00,0.03,0
2025-09-01 19:30:00+00:00,0.030111111,0
2025-09-01 19:35:00+00:00,0.03,0
2025-09-01 19:40:00+00:00,0.03,0
2025-09-01 19:45:00+00:00,0.03,0
2025-09-01 19:50:00+00:00,0.03,0
2025-09-01 19:55:00+00:00,0.03,0
2025-09-01 20:00:00+00:00,0.03,0
2025-09-01 20:05:00+00:00,0.03,0
2025-09-01 20:10:00+00:00,0.03,0
2025-09-01 20:15:00+00:00,0.03,0
2025-09-01 20:20:00+00:00,0.03,0
2025-09-01 20:25:00+00:00,0.03,0
2025-09-01 20:30:00+00:00,0.03,0
2025-09-01 20:35:00+00:00,0.03,0
2025-09-01 20:40:00+00:00,0.03,0
2025-09-01 20:45:00+00:00,0.03,0
2025-09-01 20:50:00+00:00,0.03,0
2025-09-01 20:55:00+00:00,0.03,0
2025-09-01 21:00:00+00:00,0.03,0
2025-09-01 21:05:00+00:00,0.03,0
2025-09-01 21:10:00+00:00,23.79028947,31771.1952
2025-09-01 21:15:00+00:00,28.6181645,38837.93727
2025-09-01 21:20:00+00:00,28.62353535,38892.24341
2025-09-01 21:25:00+00:00,28.62963273,38905.6445
2025-09-01 21:30:00+00:00,28.65882674,38860.8076
2025-09-01 21:35:00+00:00,28.69535781,38834.29
2025-09-01 21:40:00+00:00,28.72931296,38848.5745
2025-09-01 21:45:00+00:00,28.7100381,38895.73969
2025-09-01 21:50:00+00:00,28.70711357,38924.29182
2025-09-01 21:55:00+00:00,28.74404286,38949.6
2025-09-01 22:00:00+00:00,28.74057172,39029.89704
2025-09-01 22:05:00+00:00,27.46304774,36480.36873
2025-09-01 22:10:00+00:00,25.40642105,32810.72386
2025-09-01 22:15:00+00:00,25.01979091,32727.0273
2025-09-01 22:20:00+00:00,24.48316581,32562.52858
2025-09-01 22:25:00+00:00,24.6965,32447.3975
2025-09-01 22:30:00+00:00,24.94611429,32451.02
2025-09-01 22:35:00+00:00,24.93767825,32602.07912
2025-09-01 22:40:00+00:00,24.65572549,32323.12109
2025-09-01 22:45:00+00:00,24.76182828,32327.08221
2025-09-01 22:50:00+00:00,24.77096364,32315.07314
2025-09-01 22:55:00+00:00,24.9699,32624.51
2025-09-01 23:00:00+00:00,24.67667732,32220.0792
2025-09-01 23:05:00+00:00,24.95145455,32253.53467
2025-09-01 23:10:00+00:00,24.97314286,32230.982
2025-09-01 23:15:00+00:00,24.7137,32494.37382
2025-09-01 23:20:00+00:00,25.32797306,32445.19113
2025-09-01 23:25:00+00:00,25.14602443,32520.59797
2025-09-01 23:30:00+00:00,25.04,32614.89
2025-09-01 23:35:00+00:00,24.93072287,32588.53877
2025-09-01 23:40:00+00:00,24.73002015,32536.17869
2025-09-01 23:45:00+00:00,24.70716667,32505.05867
2025-09-01 23:50:00+00:00,24.91975385,32330.89217
2025-09-01 23:55:00+00:00,4.864615385,6450.462
2025-09-02 00:00:00+00:00,0.03,0
2025-09-02 00:05:00+00:00,0.337351974,1242.993702
2025-09-02 00:10:00+00:00,17.041,24600.36025
2025-09-02 00:15:00+00:00,28.78001212,39516.66999
2025-09-02 00:20:00+00:00,26.69542424,36561.00622
2025-09-02 00:25:00+00:00,24.73317094,32375.78778
2025-09-02 00:30:00+00:00,25.05394787,32462.4156
2025-09-02 00:35:00+00:00,25.08043107,32444.81388
2025-09-02 00:40:00+00:00,24.63652412,32470.70233
2025-09-02 00:45:00+00:00,24.84255882,32545.7096
2025-09-02 00:50:00+00:00,24.9966501,32547.31331
2025-09-02 00:55:00+00:00,24.88810582,32698.54719
2025-09-02 01:00:00+00:00,24.80933137,32511.9009
2025-09-02 01:05:00+00:00,24.91161905,32372.33195
2025-09-02 01:10:00+00:00,24.70487692,32394.62839
2025-09-02 01:15:00+00:00,24.86763636,32251.265
2025-09-02 01:20:00+00:00,24.69432456,32352.38389
2025-09-02 01:25:00+00:00,24.67592308,32425.20975
2025-09-02 01:30:00+00:00,24.67485126,32349.63104
2025-09-02 01:35:00+00:00,25.05549333,32314.05633
2025-09-02 01:40:00+00:00,25.25056146,32356.68767
2025-09-02 01:45:00+00:00,25.57615385,32460.68
2025-09-02 01:50:00+00:00,25.40138889,32380.40752
2025-09-02 01:55:00+00:00,24.62554286,32388.75829
2025-09-02 02:00:00+00:00,24.6848,32279.84428
2025-09-02 02:05:00+00:00,24.78443522,32256.26347
2025-09-02 02:10:00+00:00,24.5132478,32103.80033
2025-09-02 02:15:00+00:00,24.70079534,32608.55189
2025-09-02 02:20:00+00:00,24.5815,32367.03875
2025-09-02 02:25:00+00:00,24.47211111,32340.30182
2025-09-02 02:30:00+00:00,24.68109091,32227.9165
2025-09-02 02:35:00+00:00,24.72191282,32207.54
2025-09-02 02:40:00+00:00,24.75598694,32263.34895
2025-09-02 02:45:00+00:00,24.7925,32538.13361
2025-09-02 02:50:00+00:00,24.63363636,32449.7618
2025-09-02 02:55:00+00:00,24.697375,32351.46307
2025-09-02 03:00:00+00:00,10.8877,14776.17808
2025-09-02 03:05:00+00:00,3.588042781,6086.82
2025-09-02 03:10:00+00:00,4.463265152,7799.9
2025-09-02 03:15:00+00:00,4.539637931,7789.000942
2025-09-02 03:20:00+00:00,4.541309524,7780.977142
2025-09-02 03:25:00+00:00,4.450508825,7763.813895
2025-09-02 03:30:00+00:00,4.134076923,7739.35
2025-09-02 03:35:00+00:00,4.126051282,7733.362571
2025-09-02 03:40:00+00:00,4.15894196,7719.07
2025-09-02 03:45:00+00:00,4.422142857,7719.07
2025-09-02 03:50:00+00:00,4.521073737,7715.5105
2025-09-02 03:55:00+00:00,4.456313597,7699.6114
2025-09-02 04:00:00+00:00,4.481412887,7724.044222
2025-09-02 04:05:00+00:00,4.75825,8188.5602
2025-09-02 04:10:00+00:00,4.903877828,9286.55
2025-09-02 04:15:00+00:00,5.351862069,10196.86427
2025-09-02 04:20:00+00:00,5.676259259,10995.85194
2025-09-02 04:25:00+00:00,6.056571429,11691.15422
2025-09-02 04:30:00+00:00,6.287055556,12286.55
2025-09-02 04:35:00+00:00,6.707785714,12931.959
2025-09-02 04:40:00+00:00,6.804625541,13463.31
2025-09-02 04:45:00+00:00,7.057519139,13761.06467
2025-09-02 04:50:00+00:00,7.38740625,13898.34026
2025-09-02 04:55:00+00:00,7.567419048,14047.27169
2025-09-02 05:00:00+00:00,7.575087407,14178.80528
2025-09-02 05:05:00+00:00,7.609484849,14406.264
2025-09-02 05:10:00+00:00,7.588171717,14436.12518
2025-09-02 05:15:00+00:00,7.569714286,14642.13733
2025-09-02 05:20:00+00:00,7.483421053,14699.33
2025-09-02 05:25:00+00:00,7.432913165,14743.1966
2025-09-02 05:30:00+00:00,7.511004049,14745.956
2025-09-02 05:35:00+00:00,7.631511278,14760.918
2025-09-02 05:40:00+00:00,7.592263158,14820.39857
2025-09-02 05:45:00+00:00,7.51,14805.62
2025-09-02 05:50:00+00:00,7.559191919,14865.08532
2025-09-02 05:55:00+00:00,7.56243984,14911.56688
2025-09-02 06:00:00+00:00,7.64268632,14971.49227
2025-09-02 06:05:00+00:00,7.908508929,15133.73398
2025-09-02 06:10:00+00:00,7.619090909,15039.8085
2025-09-02 06:15:00+00:00,7.868789681,14916.32
2025-09-02 06:20:00+00:00,7.926435897,15086.78
2025-09-02 06:25:00+00:00,8.057954546,15078.46
2025-09-02 06:30:00+00:00,7.67208547,15086.668
2025-09-02 06:35:00+00:00,7.814239316,15202.74
2025-09-02 06:40:00+00:00,7.893649436,15323.42933
2025-09-02 06:45:00+00:00,7.798304598,15161.42
2025-09-02 06:50:00+00:00,8.171181818,15143.821
2025-09-02 06:55:00+00:00,8.009983565,15130.37
2025-09-02 07:00:00+00:00,8.007815385,15221.69943
2025-09-02 07:05:00+00:00,8.050277778,15505.445
2025-09-02 07:10:00+00:00,8.262,15540.3785
2025-09-02 07:15:00+00:00,8.452177778,15622.5372
2025-09-02 07:20:00+00:00,8.324,15795.79262
2025-09-02 07:25:00+00:00,8.374498139,15768.53561
2025-09-02 07:30:00+00:00,8.565,15947.90753
2025-09-02 07:35:00+00:00,8.711142857,16135.29
2025-09-02 07:40:00+00:00,8.842638095,16459.19933
2025-09-02 07:45:00+00:00,8.876385281,16808.30075
2025-09-02 07:50:00+00:00,8.81,16865.21
2025-09-02 07:55:00+00:00,9.389904762,17025.71
2025-09-02 08:00:00+00:00,9.868515152,17430.418
2025-09-02 08:05:00+00:00,9.974483806,17731.31438
2025-09-02 08:10:00+00:00,10.18764156,18103.81878
2025-09-02 08:15:00+00:00,10.40877887,18409.05236
2025-09-02 08:20:00+00:00,10.61202339,18778.72084
2025-09-02 08:25:00+00:00,10.93674351,19078.054
2025-09-02 08:30:00+00:00,11.09777918,19314.63254
2025-09-02 08:35:00+00:00,11.27570574,19651.92025
2025-09-02 08:40:00+00:00,11.13213889,19958.29686
2025-09-02 08:45:00+00:00,11.93272121,20278.59736
2025-09-02 08:50:00+00:00,12.61047619,20637.59028
2025-09-02 08:55:00+00:00,12.50215789,21040.89944
2025-09-02 09:00:00+00:00,12.89214719,21453.94716
2025-09-02 09:05:00+00:00,13.2472823,21782.79705
2025-09-02 09:10:00+00:00,13.6195,22301.78
2025-09-02 09:15:00+00:00,13.57428571,22678.27
2025-09-02 09:20:00+00:00,14.28836014,22889.15005
2025-09-02 09:25:00+00:00,14.4247549,23138.92034
2025-09-02 09:30:00+00:00,14.49649722,23223.76103
2025-09-02 09:35:00+00:00,15.177,23506.66
2025-09-02 09:40:00+00:00,15.1954,23564.38044
2025-09-02 09:45:00+00:00,15.07583333,23673.74679
2025-09-02 09:50:00+00:00,15.00166321,23884.60005
2025-09-02 09:55:00+00:00,14.9664386,23971.666
2025-09-02 10:00:00+00:00,14.96,23969.05
2025-09-02 10:05:00+00:00,15.0492756,24084.19778
2025-09-02 10:10:00+00:00,15.12186526,24129.0189
2025-09-02 10:15:00+00:00,15.01818182,24059.11111
2025-09-02 10:20:00+00:00,14.96076364,23900.07364
2025-09-02 10:25:00+00:00,14.96127778,23844.04514
2025-09-02 10:30:00+00:00,14.91088889,23854.14314
2025-09-02 10:35:00+00:00,15.27494737,23874.35366
2025-09-02 10:40:00+00:00,15.36641484,23799.502
2025-09-02 10:45:00+00:00,15.16921852,23753.85598
2025-09-02 10:50:00+00:00,15.05433036,23710.30805
2025-09-02 10:55:00+00:00,14.93127273,23751.10091
2025-09-02 11:00:00+00:00,14.91310256,23831.29171
2025-09-02 11:05:00+00:00,14.93142857,23983.78714
2025-09-02 11:10:00+00:00,15.34657143,24056.63104
2025-09-02 11:15:00+00:00,15.09003497,24050.176
2025-09-02 11:20:00+00:00,15.55119868,24465.2885
2025-09-02 11:25:00+00:00,15.63178151,24693.14323
2025-09-02 11:30:00+00:00,15.8132035,24710.65502
2025-09-02 11:35:00+00:00,16.088,24897.2355
2025-09-02 11:40:00+00:00,16.37977129,25071.0622
2025-09-02 11:45:00+00:00,16.24577778,25106.49
2025-09-02 11:50:00+00:00,16.64552857,25257.17114
2025-09-02 11:55:00+00:00,16.95582353,25547.18455
2025-09-02 12:00:00+00:00,16.93497921,25728.02801
2025-09-02 12:05:00+00:00,16.82211905,25580.70366
2025-09-02 12:10:00+00:00,17.07489333,25801.116
2025-09-02 12:15:00+00:00,17.25053333,25938.22301
2025-09-02 12:20:00+00:00,16.98030952,26068.59
2025-09-02 12:25:00+00:00,17.41257143,26128.67
2025-09-02 12:30:00+00:00,17.43831944,26311.25124
2025-09-02 12:35:00+00:00,17.45054545,26430.15733
2025-09-02 12:40:00+00:00,17.31480909,26481.76864
2025-09-02 12:45:00+00:00,17.351375,26560.178
2025-09-02 12:50:00+00:00,17.75178495,26513.414
2025-09-02 12:55:00+00:00,17.49782609,26422.29059
2025-09-02 13:00:00+00:00,17.72310769,26544.153
2025-09-02 13:05:00+00:00,17.88536415,26603.15625
2025-09-02 13:10:00+00:00,18.1454,26622.7736
2025-09-02 13:15:00+00:00,18.14444,26559.67458
2025-09-02 13:20:00+00:00,17.81723077,26582.60125
2025-09-02 13:25:00+00:00,17.44143254,26453.35911
2025-09-02 13:30:00+00:00,17.3321008,26291.8274
2025-09-02 13:35:00+00:00,16.92659596,26107.30871
2025-09-02 13:40:00+00:00,16.42030303,25877.10434
2025-09-02 13:45:00+00:00,16.75183333,25843.1756
2025-09-02 13:50:00+00:00,16.37211336,25506.448
2025-09-02 13:55:00+00:00,16.53848276,25336.51714
2025-09-02 14:00:00+00:00,14.43425,23851.18584
2025-09-02 14:05:00+00:00,6.3328,11421.61756
2025-09-02 14:10:00+00:00,4.417272727,7080.169556
2025-09-02 14:15:00+00:00,4.475333333,7258.43
2025-09-02 14:20:00+00:00,4.270833333,7258.43
2025-09-02 14:25:00+00:00,4.307047619,7258.069333
2025-09-02 14:30:00+00:00,4.24731462,7283.027333
2025-09-02 14:35:00+00:00,4.503692256,7534.03
2025-09-02 14:40:00+00:00,4.345965517,7278.886
2025-09-02 14:45:00+00:00,4.545333333,7215.1
2025-09-02 14:50:00+00:00,4.199596774,7215.1
2025-09-02 14:55:00+00:00,4.338033868,7215.1
2025-09-02 15:00:00+00:00,4.272731161,7059.373333
2025-09-02 15:05:00+00:00,4.341664336,6881.4
2025-09-02 15:10:00+00:00,4.4178,6881.4
2025-09-02 15:15:00+00:00,4.398272727,6881.4
2025-09-02 15:20:00+00:00,4.250209677,6881.4
2025-09-02 15:25:00+00:00,4.261485071,6968.733365
2025-09-02 15:30:00+00:00,4.238205128,6858.57
2025-09-02 15:35:00+00:00,4.294429825,6858.57
2025-09-02 15:40:00+00:00,4.3735,6858.57
2025-09-02 15:45:00+00:00,4.334566667,6858.57
2025-09-02 15:50:00+00:00,3.958653595,5692.02425
2025-09-02 15:55:00+00:00,3.874394383,4817.3
2025-09-02 16:00:00+00:00,4.025143829,4926.2925
2025-09-02 16:05:00+00:00,3.998858586,5058.0075
2025-09-02 16:10:00+00:00,3.954646753,4784.64
2025-09-02 16:15:00+00:00,4.032774704,5264.954182
2025-09-02 16:20:00+00:00,3.986426667,5742.026952
2025-09-02 16:25:00+00:00,3.918333333,4786.396947
2025-09-02 16:30:00+00:00,3.990676768,4685.3
2025-09-02 16:35:00+00:00,3.94325,4685.3
2025-09-02 16:40:00+00:00,4.124177778,4685.3
2025-09-02 16:45:00+00:00,4.072752137,4685.3
2025-09-02 16:50:00+00:00,4.092929926,4936.297722
2025-09-02 16:55:00+00:00,3.978391142,6214.172833
2025-09-02 17:00:00+00:00,4.005897436,5765.55
2025-09-02 17:05:00+00:00,4.061904762,5765.55
2025-09-02 17:10:00+00:00,4.050388889,5763.988571
2025-09-02 17:15:00+00:00,3.964047273,5710.9
2025-09-02 17:20:00+00:00,4.2096,4827.649556
2025-09-02 17:25:00+00:00,3.998148718,4817.3
2025-09-02 17:30:00+00:00,4.018413308,4817.3
2025-09-02 17:35:00+00:00,3.8620338,4817.3
2025-09-02 17:40:00+00:00,4.105725,4817.3
2025-09-02 17:45:00+00:00,4.005666667,4817.3
2025-09-02 17:50:00+00:00,4.000938597,4817.3
2025-09-02 17:55:00+00:00,4.116115879,5886.749692
2025-09-02 18:00:00+00:00,4.256053806,6559.743667
2025-09-02 18:05:00+00:00,4.337454546,6194.742222
2025-09-02 18:10:00+00:00,4.2485,6583.11025
2025-09-02 18:15:00+00:00,4.230572278,6743.29
2025-09-02 18:20:00+00:00,4.318802632,6743.29
2025-09-02 18:25:00+00:00,4.317238095,6743.29
2025-09-02 18:30:00+00:00,4.258294118,6743.29
2025-09-02 18:35:00+00:00,4.2809,6377.22897
2025-09-02 18:40:00+00:00,4.386,6373.7685
2025-09-02 18:45:00+00:00,4.36004902,6696.63
2025-09-02 18:50:00+00:00,4.191316017,6696.63
2025-09-02 18:55:00+00:00,4.220568182,6510.6925
2025-09-02 19:00:00+00:00,2.989575758,4266.230667
2025-09-02 19:05:00+00:00,0.556143586,1106.535341
2025-09-02 19:10:00+00:00,0.03,0
2025-09-02 19:15:00+00:00,0.03,0
2025-09-02 19:20:00+00:00,0.03,0
2025-09-02 19:25:00+00:00,0.03,0
2025-09-02 19:30:00+00:00,0.03,0
2025-09-02 19:35:00+00:00,0.03,0
2025-09-02 19:40:00+00:00,0.03,0
2025-09-02 19:45:00+00:00,0.03,0
2025-09-02 19:50:00+00:00,0.03,0
2025-09-02 19:55:00+00:00,0.03,0
2025-09-02 20:00:00+00:00,0.03,0
2025-09-02 20:05:00+00:00,0.03,0
2025-09-02 20:10:00+00:00,0.03,0
2025-09-02 20:15:00+00:00,0.03,0
2025-09-02 20:20:00+00:00,0.03,0
2025-09-02 20:25:00+00:00,0.03,0
2025-09-02 20:30:00+00:00,0.03,0
2025-09-02 20:35:00+00:00,0.032563131,0
2025-09-02 20:40:00+00:00,0.03,0
2025-09-02 20:45:00+00:00,0.03,0
2025-09-02 20:50:00+00:00,0.03,0
2025-09-02 20:55:00+00:00,0.03,0
2025-09-02 21:00:00+00:00,0.1542,0
2025-09-02 21:05:00+00:00,14.70811364,19572.71141
2025-09-02 21:10:00+00:00,28.59648699,39154.37586
2025-09-02 21:15:00+00:00,28.77079464,39155.98
2025-09-02 21:20:00+00:00,28.69755571,39157.49213
2025-09-02 21:25:00+00:00,28.77264691,39208
2025-09-02 21:30:00+00:00,28.77008,39206.92
2025-09-02 21:35:00+00:00,28.82634524,39187.5233
2025-09-02 21:40:00+00:00,28.78985,39187.11856
2025-09-02 21:45:00+00:00,28.86970231,39137.07813
2025-09-02 21:50:00+00:00,28.87433068,39123.92
2025-09-02 21:55:00+00:00,28.85216667,39087.028
2025-09-02 22:00:00+00:00,28.78190351,39120.27455
2025-09-02 22:05:00+00:00,28.90723232,39096.69214
2025-09-02 22:10:00+00:00,28.87191582,39180.90057
2025-09-02 22:15:00+00:00,28.86411765,39163.152
2025-09-02 22:20:00+00:00,28.82,38999.49
2025-09-02 22:25:00+00:00,28.82334503,38995.64978
2025-09-02 22:30:00+00:00,28.84476923,38944.31572
2025-09-02 22:35:00+00:00,28.85267368,38995.47
2025-09-02 22:40:00+00:00,28.86,38995.47
2025-09-02 22:45:00+00:00,28.79782222,38954.03423
2025-09-02 22:50:00+00:00,28.85181613,39109.7675
2025-09-02 22:55:00+00:00,28.85728681,39071.758
2025-09-02 23:00:00+00:00,28.87543711,39050.56619
2025-09-02 23:05:00+00:00,28.89988889,39140.724
2025-09-02 23:10:00+00:00,28.97226756,39109.484
2025-09-02 23:15:00+00:00,28.96813803,39191.972
2025-09-02 23:20:00+00:00,28.92047273,39212.0706
2025-09-02 23:25:00+00:00,28.90558808,39264.9375
2025-09-02 23:30:00+00:00,28.90697013,39278.55121
2025-09-02 23:35:00+00:00,28.9457,39273.09218
2025-09-02 23:40:00+00:00,28.9448671,39271.93
2025-09-02 23:45:00+00:00,28.9544359,39292.678
2025-09-02 23:50:00+00:00,28.95155556,39287.08625
2025-09-02 23:55:00+00:00,28.93295699,39264.66409
2025-09-03 00:00:00+00:00,28.94259575,39289.88985
2025-09-03 00:05:00+00:00,28.99157535,39309.441
2025-09-03 00:10:00+00:00,28.95938147,39359.67
2025-09-03 00:15:00+00:00,28.956847,39357.96429
2025-09-03 00:20:00+00:00,28.98594246,39354.80444
2025-09-03 00:25:00+00:00,28.94446,39335.90695
2025-09-03 00:30:00+00:00,28.91236364,39273.923
2025-09-03 00:35:00+00:00,28.99557423,39266.2602
2025-09-03 00:40:00+00:00,29.06293402,39258.48216
2025-09-03 00:45:00+00:00,28.99754545,39207.28
2025-09-03 00:50:00+00:00,29.02,39204
2025-09-03 00:55:00+00:00,29.02,39204
2025-09-03 01:00:00+00:00,28.98133333,39257.46333
2025-09-03 01:05:00+00:00,29.01360976,39113.99985
2025-09-03 01:10:00+00:00,29.018181,39233.67617
2025-09-03 01:15:00+00:00,28.97077124,39256.97759
2025-09-03 01:20:00+00:00,29.07034372,39249.94582
2025-09-03 01:25:00+00:00,29.06489583,39200.79275
2025-09-03 01:30:00+00:00,28.98543457,39202.32634
2025-09-03 01:35:00+00:00,29.01884615,39137.536
2025-09-03 01:40:00+00:00,29.00916716,39111.9
2025-09-03 01:45:00+00:00,28.99426081,39134.336
2025-09-03 01:50:00+00:00,29.0603,39086.25114
2025-09-03 01:55:00+00:00,28.99214474,39133.522
2025-09-03 02:00:00+00:00,28.99882576,39152.9725
2025-09-03 02:05:00+00:00,29.0457037,39151.97
2025-09-03 02:10:00+00:00,29.03868182,39170.09095
2025-09-03 02:15:00+00:00,29.03177783,39283.5047
2025-09-03 02:20:00+00:00,29.03351724,39235.97
2025-09-03 02:25:00+00:00,29.05597657,39211.07895
2025-09-03 02:30:00+00:00,29.057125,39255.96
2025-09-03 02:35:00+00:00,29.08056897,39244.96733
2025-09-03 02:40:00+00:00,29.1191365,39277.09077
2025-09-03 02:45:00+00:00,29.18228788,39393.908
2025-09-03 02:50:00+00:00,29.05375776,39400.272
2025-09-03 02:55:00+00:00,29.09326623,39399.27933
2025-09-03 03:00:00+00:00,24.03565167,29580.62581
2025-09-03 03:05:00+00:00,4.332444444,3070.3994
2025-09-03 03:10:00+00:00,15.02749891,14602.43241
2025-09-03 03:15:00+00:00,5.184660617,8513.387429
2025-09-03 03:20:00+00:00,4.186470707,7799.9
2025-09-03 03:25:00+00:00,4.310463492,7624.122857
2025-09-03 03:30:00+00:00,4.400192308,7243.67775
2025-09-03 03:35:00+00:00,4.221555556,7449.518
2025-09-03 03:40:00+00:00,4.192747475,7729.589143
2025-09-03 03:45:00+00:00,4.11861244,7799.9
2025-09-03 03:50:00+00:00,4.239507901,7799.9
2025-09-03 03:55:00+00:00,4.494769231,7499.98025
2025-09-03 04:00:00+00:00,4.201,7492.29
2025-09-03 04:05:00+00:00,4.317872405,8057
2025-09-03 04:10:00+00:00,4.557407407,8422.319692
2025-09-03 04:15:00+00:00,5.057722488,8785.2206
2025-09-03 04:20:00+00:00,5.065911053,8911.175541
2025-09-03 04:25:00+00:00,5.122392067,9775.8424
2025-09-03 04:30:00+00:00,5.303798535,10233.2043
2025-09-03 04:35:00+00:00,5.340324776,10501.69455
2025-09-03 04:40:00+00:00,5.502769767,10899.80662
2025-09-03 04:45:00+00:00,5.655276923,11268.7314
2025-09-03 04:50:00+00:00,5.831853007,11723.73
2025-09-03 04:55:00+00:00,6.132999754,11947.538
2025-09-03 05:00:00+00:00,6.12257754,12207.23277
2025-09-03 05:05:00+00:00,6.2902,12459.4027
2025-09-03 05:10:00+00:00,6.367739899,12571.97
2025-09-03 05:15:00+00:00,6.310406593,12576.59427
2025-09-03 05:20:00+00:00,6.473754386,12670.16311
2025-09-03 05:25:00+00:00,6.468135338,12803.528
2025-09-03 05:30:00+00:00,6.497871292,13031.53714
2025-09-03 05:35:00+00:00,6.510953846,12904.32
2025-09-03 05:40:00+00:00,6.354909091,12911.25067
2025-09-03 05:45:00+00:00,6.386470588,12880
2025-09-03 05:50:00+00:00,6.418909091,12890.74444
2025-09-03 05:55:00+00:00,6.548177778,13042.64741
2025-09-03 06:00:00+00:00,6.456933027,13013.22
2025-09-03 06:05:00+00:00,6.650611111,13156.71598
2025-09-03 06:10:00+00:00,6.786112808,13173.19262
2025-09-03 06:15:00+00:00,6.906873846,13300.83571
2025-09-03 06:20:00+00:00,6.50575,13322.82
2025-09-03 06:25:00+00:00,6.510695402,13317.57233
2025-09-03 06:30:00+00:00,6.69110303,13415.80911
2025-09-03 06:35:00+00:00,7.055028571,13283.67566
2025-09-03 06:40:00+00:00,7.067309942,13570.8203
2025-09-03 06:45:00+00:00,6.931050167,13553.51125
2025-09-03 06:50:00+00:00,6.98323483,13816.23243
2025-09-03 06:55:00+00:00,7.345813671,14115.86134
2025-09-03 07:00:00+00:00,7.495877005,14176.13611
2025-09-03 07:05:00+00:00,7.558866667,14173.636
2025-09-03 07:10:00+00:00,7.604940989,14261.84308
2025-09-03 07:15:00+00:00,7.911147335,14509.562
2025-09-03 07:20:00+00:00,8.092933333,14850.5005
2025-09-03 07:25:00+00:00,8.146125,15010.515
2025-09-03 07:30:00+00:00,8.045924964,15212.0526
2025-09-03 07:35:00+00:00,8.11448,15359.32982
2025-09-03 07:40:00+00:00,8.401111111,15498.38929
2025-09-03 07:45:00+00:00,8.587614035,16114.7419
2025-09-03 07:50:00+00:00,8.708220736,16266.63563
2025-09-03 07:55:00+00:00,8.776441472,16459.694
2025-09-03 08:00:00+00:00,9.147955044,16633.84568
2025-09-03 08:05:00+00:00,9.769533333,17067.82055
2025-09-03 08:10:00+00:00,9.6875,17308.7844
2025-09-03 08:15:00+00:00,9.695459893,17556.12488
2025-09-03 08:20:00+00:00,10.15389744,18109.12006
2025-09-03 08:25:00+00:00,10.23881539,18687.67367
2025-09-03 08:30:00+00:00,10.92295455,19336.19075
2025-09-03 08:35:00+00:00,11.04295694,19651.77483
2025-09-03 08:40:00+00:00,11.87858571,20029.94358
2025-09-03 08:45:00+00:00,11.9215,20535.7032
2025-09-03 08:50:00+00:00,12.41866667,20908.54933
2025-09-03 08:55:00+00:00,12.58422246,21199.73847
2025-09-03 09:00:00+00:00,13.06715238,21569.336
2025-09-03 09:05:00+00:00,13.34657687,21892.27398
2025-09-03 09:10:00+00:00,13.99747743,22788.36052
2025-09-03 09:15:00+00:00,14.17235294,23109.06362
2025-09-03 09:20:00+00:00,14.82385548,23705.59247
2025-09-03 09:25:00+00:00,15.30812963,24107.28535
2025-09-03 09:30:00+00:00,15.55245669,24495.64413
2025-09-03 09:35:00+00:00,15.93595352,24822.60206
2025-09-03 09:40:00+00:00,16.33889881,25106.10873
2025-09-03 09:45:00+00:00,16.44495925,25222.85976
2025-09-03 09:50:00+00:00,16.70950476,25500.50863
2025-09-03 09:55:00+00:00,17.05476923,25649.08433
2025-09-03 10:00:00+00:00,17.28941839,25862.10562
2025-09-03 10:05:00+00:00,17.48566234,26273.88405
2025-09-03 10:10:00+00:00,17.6581118,26415.53257
2025-09-03 10:15:00+00:00,17.76622998,26525.05845
2025-09-03 10:20:00+00:00,17.92663495,26631.3406
2025-09-03 10:25:00+00:00,18.06793048,26812.07431
2025-09-03 10:30:00+00:00,18.15996296,26904.26885
2025-09-03 10:35:00+00:00,18.34273684,26764.296
2025-09-03 10:40:00+00:00,18.13044444,26683.13
2025-09-03 10:45:00+00:00,18.02511947,26712.642
2025-09-03 10:50:00+00:00,18.3182633,26991.73867
2025-09-03 10:55:00+00:00,18.14144539,26912.5442
2025-09-03 11:00:00+00:00,18.02021256,27152.78
2025-09-03 11:05:00+00:00,18.48071605,27388.6055
2025-09-03 11:10:00+00:00,18.67031579,27366.7548
2025-09-03 11:15:00+00:00,17.98927273,27657.65527
2025-09-03 11:20:00+00:00,18.66825,27561.13818
2025-09-03 11:25:00+00:00,18.57349091,27534.93378
2025-09-03 11:30:00+00:00,18.72039153,27713.32078
2025-09-03 11:35:00+00:00,19.2439,27872.08881
2025-09-03 11:40:00+00:00,18.69236364,27691.16267
2025-09-03 11:45:00+00:00,19.23131497,27803.88135
2025-09-03 11:50:00+00:00,19.18706897,28114.415
2025-09-03 11:55:00+00:00,18.96547826,28059.3045
2025-09-03 12:00:00+00:00,19.02940779,28071.8126
2025-09-03 12:05:00+00:00,19.53525333,28349.31488
2025-09-03 12:10:00+00:00,19.752,28383.40644
2025-09-03 12:15:00+00:00,20.01056731,28614.76176
2025-09-03 12:20:00+00:00,19.9357634,28479.8924
2025-09-03 12:25:00+00:00,19.94158761,28451.23273
2025-09-03 12:30:00+00:00,19.84899123,28521.53615
2025-09-03 12:35:00+00:00,19.72911,28596.29169
2025-09-03 12:40:00+00:00,20.20175897,28665.04552
2025-09-03 12:45:00+00:00,19.87103836,28851.25036
2025-09-03 12:50:00+00:00,19.92068309,29005.412
2025-09-03 12:55:00+00:00,20.17826443,28799.90469
2025-09-03 13:00:00+00:00,20.84381876,28950.30364
2025-09-03 13:05:00+00:00,20.4028,28855.03825
2025-09-03 13:10:00+00:00,20.66954887,28986.0246
2025-09-03 13:15:00+00:00,20.06830769,29041.82052
2025-09-03 13:20:00+00:00,20.40474863,28925.16192
2025-09-03 13:25:00+00:00,20.1725,28806.55389
2025-09-03 13:30:00+00:00,20.41675,29057.81969
2025-09-03 13:35:00+00:00,21.01497115,29168.31209
2025-09-03 13:40:00+00:00,20.42608696,29261.78767
2025-09-03 13:45:00+00:00,20.56848548,29212.89975
2025-09-03 13:50:00+00:00,20.11892308,28907.93749
2025-09-03 13:55:00+00:00,20.70603448,29116.68673
2025-09-03 14:00:00+00:00,18.08636364,25391.21333
2025-09-03 14:05:00+00:00,5.287444706,8486.734667
2025-09-03 14:10:00+00:00,4.252862745,7016.78
2025-09-03 14:15:00+00:00,4.32,7016.78
2025-09-03 14:20:00+00:00,4.359048951,7016.78
2025-09-03 14:25:00+00:00,4.492630769,7261.716
2025-09-03 14:30:00+00:00,4.594857143,7060.11
2025-09-03 14:35:00+00:00,4.28917247,7275.186286
2025-09-03 14:40:00+00:00,4.249614508,7290.906422
2025-09-03 14:45:00+00:00,4.28858683,7282.151
2025-09-03 14:50:00+00:00,4.252783217,7280
2025-09-03 14:55:00+00:00,4.194719785,7280
2025-09-03 15:00:00+00:00,4.255271472,6931.413431
2025-09-03 15:05:00+00:00,4.098574371,6887.393231
2025-09-03 15:10:00+00:00,4.013737106,6949.42
2025-09-03 15:15:00+00:00,4.213318182,6949.42
2025-09-03 15:20:00+00:00,4.210042105,6828.874691
2025-09-03 15:25:00+00:00,4.075651515,6764.56
2025-09-03 15:30:00+00:00,4.12,6926.82
2025-09-03 15:35:00+00:00,4.117285714,6787.496
2025-09-03 15:40:00+00:00,4.1734,6729.955
2025-09-03 15:45:00+00:00,4.262320261,6887.491071
2025-09-03 15:50:00+00:00,4.292909091,6904.14
2025-09-03 15:55:00+00:00,4.019198268,6893.000667
2025-09-03 16:00:00+00:00,4.027272727,6841.3375
2025-09-03 16:05:00+00:00,3.990067426,6837.90725
2025-09-03 16:10:00+00:00,4.105430223,7015.450992
2025-09-03 16:15:00+00:00,4.406007692,6666.24365
2025-09-03 16:20:00+00:00,4.135961539,6949.42
2025-09-03 16:25:00+00:00,4.263287157,6948.665333
2025-09-03 16:30:00+00:00,4.289135065,6904.14
2025-09-03 16:35:00+00:00,4.130087146,7047.033524
2025-09-03 16:40:00+00:00,4.213931677,6881.4
2025-09-03 16:45:00+00:00,4.209527273,6858.57
2025-09-03 16:50:00+00:00,4.228777778,6858.57
2025-09-03 16:55:00+00:00,4.185107843,7144.252356
2025-09-03 17:00:00+00:00,4.165229443,7171.5
2025-09-03 17:05:00+00:00,4.2034,6930.735723
2025-09-03 17:10:00+00:00,4.295353535,6835.67
2025-09-03 17:15:00+00:00,4.225877217,6835.67
2025-09-03 17:20:00+00:00,4.303944444,6835.67
2025-09-03 17:25:00+00:00,4.334980408,6835.67
2025-09-03 17:30:00+00:00,4.304454546,6779.1035
2025-09-03 17:35:00+00:00,4.313454546,6812.69
2025-09-03 17:40:00+00:00,4.246965909,6781.559746
2025-09-03 17:45:00+00:00,4.303285714,6789.64
2025-09-03 17:50:00+00:00,4.176963636,6789.64
2025-09-03 17:55:00+00:00,4.096909091,6789.64
2025-09-03 18:00:00+00:00,4.235909091,6789.64
2025-09-03 18:05:00+00:00,4.295157895,6789.64
2025-09-03 18:10:00+00:00,4.294376658,6789.64
2025-09-03 18:15:00+00:00,4.419177489,6789.64
2025-09-03 18:20:00+00:00,4.022652299,6789.64
2025-09-03 18:25:00+00:00,4.222642857,6789.64
2025-09-03 18:30:00+00:00,4.2822,6663.158222
2025-09-03 18:35:00+00:00,4.384772727,6503.079722
2025-09-03 18:40:00+00:00,4.283793651,6789.64
2025-09-03 18:45:00+00:00,4.045380952,6789.64
2025-09-03 18:50:00+00:00,4.014856506,6760.64725
2025-09-03 18:55:00+00:00,4.254952862,6766.51
2025-09-03 19:00:00+00:00,4.1803,6766.51
2025-09-03 19:05:00+00:00,0.693157895,1353.302
2025-09-03 19:10:00+00:00,0.03,0
2025-09-03 19:15:00+00:00,0.03,0
2025-09-03 19:20:00+00:00,0.03,0
2025-09-03 19:25:00+00:00,0.03,0
2025-09-03 19:30:00+00:00,0.03,0
2025-09-03 19:35:00+00:00,0.03,0
2025-09-03 19:40:00+00:00,0.03,0
2025-09-03 19:45:00+00:00,0.03,0
2025-09-03 19:50:00+00:00,0.03,0
2025-09-03 19:55:00+00:00,0.03,0
2025-09-03 20:00:00+00:00,0.03,0
2025-09-03 20:05:00+00:00,0.03,0
2025-09-03 20:10:00+00:00,0.03,0
2025-09-03 20:15:00+00:00,0.03,0
2025-09-03 20:20:00+00:00,0.03,0
2025-09-03 20:25:00+00:00,0.03,0
2025-09-03 20:30:00+00:00,0.03,0
2025-09-03 20:35:00+00:00,0.03,0
2025-09-03 20:40:00+00:00,0.03,0
2025-09-03 20:45:00+00:00,0.03,0
2025-09-03 20:50:00+00:00,0.03,0
2025-09-03 20:55:00+00:00,0.03,0
2025-09-03 21:00:00+00:00,4.550461539,5184.532917
2025-09-03 21:05:00+00:00,21.95335397,25886.19085
2025-09-03 21:10:00+00:00,28.40893846,38613.128
2025-09-03 21:15:00+00:00,28.49018681,38460.2192
2025-09-03 21:20:00+00:00,28.47313333,38505.96771
2025-09-03 21:25:00+00:00,28.4999,38513.66042
2025-09-03 21:30:00+00:00,28.47405556,38505.48822
2025-09-03 21:35:00+00:00,28.56646571,38507.13205
2025-09-03 21:40:00+00:00,28.56906719,38548.5351
2025-09-03 21:45:00+00:00,28.6307,38767.3285
2025-09-03 21:50:00+00:00,28.55756731,38718.86595
2025-09-03 21:55:00+00:00,28.68886473,38809.384
2025-09-03 22:00:00+00:00,28.59156227,38700.82
2025-09-03 22:05:00+00:00,25.74664069,33989.46844
2025-09-03 22:10:00+00:00,24.96858367,32333.84653
2025-09-03 22:15:00+00:00,24.54085205,32378.925
2025-09-03 22:20:00+00:00,24.52472222,32339.694
2025-09-03 22:25:00+00:00,24.7810938,32506.46669
2025-09-03 22:30:00+00:00,24.92,32533.06
2025-09-03 22:35:00+00:00,24.66311111,32540.18427
2025-09-03 22:40:00+00:00,24.48786222,32465.51
2025-09-03 22:45:00+00:00,24.4433447,32524.18101
2025-09-03 22:50:00+00:00,24.60553234,32531.44051
2025-09-03 22:55:00+00:00,24.58976154,32476.63103
2025-09-03 23:00:00+00:00,24.73261285,32459.74527
2025-09-03 23:05:00+00:00,24.24305556,32445.435
2025-09-03 23:10:00+00:00,24.2544,32308.143
2025-09-03 23:15:00+00:00,24.2983321,32313.73165
2025-09-03 23:20:00+00:00,25.31344444,32575.46147
2025-09-03 23:25:00+00:00,24.7405368,32480.31658
2025-09-03 23:30:00+00:00,24.41266667,32308.2675
2025-09-03 23:35:00+00:00,24.32011852,32171.28415
2025-09-03 23:40:00+00:00,24.74039141,32429.07989
2025-09-03 23:45:00+00:00,24.92407407,32388.15
2025-09-03 23:50:00+00:00,24.83930758,32350.94975
2025-09-03 23:55:00+00:00,23.98647619,32247.28687
2025-09-04 00:00:00+00:00,24.67056921,32448.97849
2025-09-04 00:05:00+00:00,24.94944444,32615.29873
2025-09-04 00:10:00+00:00,25.00501329,32792.6995
2025-09-04 00:15:00+00:00,24.62108108,32453.83028
2025-09-04 00:20:00+00:00,24.3024329,32426.55629
2025-09-04 00:25:00+00:00,25.10487321,32557.15
2025-09-04 00:30:00+00:00,24.52263159,32454.58843
2025-09-04 00:35:00+00:00,24.85296762,32494.15533
2025-09-04 00:40:00+00:00,24.1115368,32385.71565
2025-09-04 00:45:00+00:00,24.55454545,32624.59861
2025-09-04 00:50:00+00:00,24.30709699,32506.43533
2025-09-04 00:55:00+00:00,24.3516,32387.72069
2025-09-04 01:00:00+00:00,25.01100259,32432.91232
2025-09-04 01:05:00+00:00,24.8794386,32562.00667
2025-09-04 01:10:00+00:00,24.76559839,32519.69833
2025-09-04 01:15:00+00:00,24.90220047,32532.18343
2025-09-04 01:20:00+00:00,24.87880486,32372.0283
2025-09-04 01:25:00+00:00,24.73351429,32446.33039
2025-09-04 01:30:00+00:00,24.99967914,32502.6924
2025-09-04 01:35:00+00:00,24.85079762,32435.556
2025-09-04 01:40:00+00:00,24.75647475,32554.05191
2025-09-04 01:45:00+00:00,24.91744361,32693.634
2025-09-04 01:50:00+00:00,24.89506129,32646.03524
2025-09-04 01:55:00+00:00,24.91120075,32576.56881
2025-09-04 02:00:00+00:00,25.0457972,32604.70649
2025-09-04 02:05:00+00:00,24.51274242,32420.96298
2025-09-04 02:10:00+00:00,25.68827586,32702.33473
2025-09-04 02:15:00+00:00,25.51462121,32731.66935
2025-09-04 02:20:00+00:00,25.0779,32709.47458
2025-09-04 02:25:00+00:00,24.94998519,32544.99314
2025-09-04 02:30:00+00:00,24.64828019,32682.13
2025-09-04 02:35:00+00:00,24.5994965,32697.31438
2025-09-04 02:40:00+00:00,24.68024455,32531.9436
2025-09-04 02:45:00+00:00,24.40028339,32489.29911
2025-09-04 02:50:00+00:00,24.62497576,32703.8695
2025-09-04 02:55:00+00:00,24.66172222,32457.40708
2025-09-04 03:00:00+00:00,19.37445071,9454.878571
2025-09-04 03:05:00+00:00,14.92666667,17442.73628
2025-09-04 03:10:00+00:00,6.238365385,9702.307429
2025-09-04 03:15:00+00:00,4.413538462,7705.32775
2025-09-04 03:20:00+00:00,4.187857143,7637.38
2025-09-04 03:25:00+00:00,4.311848485,7653.888889
2025-09-04 03:30:00+00:00,4.494590909,7616.82
2025-09-04 03:35:00+00:00,4.401637707,7616.82
2025-09-04 03:40:00+00:00,4.493121345,7380.3375
2025-09-04 03:45:00+00:00,4.436885507,7478.33
2025-09-04 03:50:00+00:00,4.401822222,7596.21
2025-09-04 03:55:00+00:00,4.42995,7596.21
2025-09-04 04:00:00+00:00,4.394166234,7746.135867
2025-09-04 04:05:00+00:00,4.632990596,7993.991667
2025-09-04 04:10:00+00:00,4.942072549,8612.546062
2025-09-04 04:15:00+00:00,5.198875,9254.577708
2025-09-04 04:20:00+00:00,5.386035394,9816.350338
2025-09-04 04:25:00+00:00,5.688918182,10415.87025
2025-09-04 04:30:00+00:00,5.959973647,11060.01889
2025-09-04 04:35:00+00:00,6.244724868,11740.82
2025-09-04 04:40:00+00:00,6.541787879,12165.54933
2025-09-04 04:45:00+00:00,6.956329431,12575.90488
2025-09-04 04:50:00+00:00,6.801178683,12844.11863
2025-09-04 04:55:00+00:00,6.832,12923.05
2025-09-04 05:00:00+00:00,6.973743316,13183.15613
2025-09-04 05:05:00+00:00,6.979527018,13052.41516
2025-09-04 05:10:00+00:00,7.020526316,13345.91273
2025-09-04 05:15:00+00:00,7.052948718,13342.59273
2025-09-04 05:20:00+00:00,7.106333333,13311.05
2025-09-04 05:25:00+00:00,7.19997114,13636.89
2025-09-04 05:30:00+00:00,7.0896,13504.983
2025-09-04 05:35:00+00:00,7.254477099,13458.648
2025-09-04 05:40:00+00:00,7.252298657,13613.88
2025-09-04 05:45:00+00:00,7.134954546,13474.776
2025-09-04 05:50:00+00:00,6.949740385,13751.39
2025-09-04 05:55:00+00:00,7.355408502,13613.702
2025-09-04 06:00:00+00:00,7.428638234,13589.34525
2025-09-04 06:05:00+00:00,7.385857143,13712.43971
2025-09-04 06:10:00+00:00,7.401955742,13841.0425
2025-09-04 06:15:00+00:00,7.445483281,13869.32875
2025-09-04 06:20:00+00:00,7.492187166,13904.38967
2025-09-04 06:25:00+00:00,7.444640351,13925.28167
2025-09-04 06:30:00+00:00,7.421111111,13980.385
2025-09-04 06:35:00+00:00,7.46443771,14088.257
2025-09-04 06:40:00+00:00,7.929333333,14443.222
2025-09-04 06:45:00+00:00,7.906890303,14492.40344
2025-09-04 06:50:00+00:00,7.859386574,14671.388
2025-09-04 06:55:00+00:00,8.093212454,14813.7877
2025-09-04 07:00:00+00:00,8.093023805,15106.37231
2025-09-04 07:05:00+00:00,8.166071429,15192.32
2025-09-04 07:10:00+00:00,8.405976335,15269.48677
2025-09-04 07:15:00+00:00,8.350357143,15233.65
2025-09-04 07:20:00+00:00,8.341938624,15233.65
2025-09-04 07:25:00+00:00,8.602488889,15535.02549
2025-09-04 07:30:00+00:00,8.95046,15673.93188
2025-09-04 07:35:00+00:00,8.664181818,15852.158
2025-09-04 07:40:00+00:00,8.910173993,15931.379
2025-09-04 07:45:00+00:00,8.986126407,16240.24111
2025-09-04 07:50:00+00:00,9.215556818,16708.43617
2025-09-04 07:55:00+00:00,9.520576068,17125.87218
2025-09-04 08:00:00+00:00,9.607671429,17255.48083
2025-09-04 08:05:00+00:00,9.714067368,17564.52446
2025-09-04 08:10:00+00:00,10.04792593,17834.04253
2025-09-04 08:15:00+00:00,10.28405263,18223.68
2025-09-04 08:20:00+00:00,10.45565266,18600.9063
2025-09-04 08:25:00+00:00,10.52,18808
2025-09-04 08:30:00+00:00,11.46671886,19663.09062
2025-09-04 08:35:00+00:00,11.95369697,20177.16
2025-09-04 08:40:00+00:00,12.3215,20866.142
2025-09-04 08:45:00+00:00,13.00287636,21383.9543
2025-09-04 08:50:00+00:00,13.85593137,21971.83611
2025-09-04 08:55:00+00:00,14.26906667,22434.00366
2025-09-04 09:00:00+00:00,14.44221108,22909.26345
2025-09-04 09:05:00+00:00,15.12776599,23638.13578
2025-09-04 09:10:00+00:00,15.53758586,24102.07133
2025-09-04 09:15:00+00:00,16.22239633,24558.6373
2025-09-04 09:20:00+00:00,16.60937232,24982.03522
2025-09-04 09:25:00+00:00,16.72270833,25349.29083
2025-09-04 09:30:00+00:00,17.1216,25568.32848
2025-09-04 09:35:00+00:00,17.37892727,26204.7124
2025-09-04 09:40:00+00:00,17.87658627,26327.90484
2025-09-04 09:45:00+00:00,18.4049899,26469.01062
2025-09-04 09:50:00+00:00,18.53754762,26732.69036
2025-09-04 09:55:00+00:00,19.02566667,27186.30883
2025-09-04 10:00:00+00:00,19.35986842,27410.36833
2025-09-04 10:05:00+00:00,18.36353143,27328.34433
2025-09-04 10:10:00+00:00,18.79467847,27410.25321
2025-09-04 10:15:00+00:00,19.55831302,27292.02133
2025-09-04 10:20:00+00:00,18.83682456,27600.96533
2025-09-04 10:25:00+00:00,19.62945455,27897.896
2025-09-04 10:30:00+00:00,19.61291627,27893.4
2025-09-04 10:35:00+00:00,19.57467091,27940.38524
2025-09-04 10:40:00+00:00,19.16784722,27885.62583
2025-09-04 10:45:00+00:00,19.26818182,27902.83639
2025-09-04 10:50:00+00:00,19.38333453,27833.4014
2025-09-04 10:55:00+00:00,19.3808,27872.05143
2025-09-04 11:00:00+00:00,19.33261197,27817.68646
2025-09-04 11:05:00+00:00,19.33309231,27764.66559
2025-09-04 11:10:00+00:00,19.54889286,27737.50926
2025-09-04 11:15:00+00:00,19.44304762,27936.67556
2025-09-04 11:20:00+00:00,19.50394526,27979.84513
2025-09-04 11:25:00+00:00,19.97276623,28115.864
2025-09-04 11:30:00+00:00,19.93,28290.65644
2025-09-04 11:35:00+00:00,19.68177778,28119.38075
2025-09-04 11:40:00+00:00,19.62983333,28197.04857
2025-09-04 11:45:00+00:00,19.48993043,28233.26806
2025-09-04 11:50:00+00:00,19.82198529,28250.53194
2025-09-04 11:55:00+00:00,20.17,28350.6
2025-09-04 12:00:00+00:00,20.23428571,28543.64
2025-09-04 12:05:00+00:00,20.32112435,28878.22769
2025-09-04 12:10:00+00:00,20.3298961,28973.62182
2025-09-04 12:15:00+00:00,20.56878571,28799.32857
2025-09-04 12:20:00+00:00,20.64829209,28718.7507
2025-09-04 12:25:00+00:00,20.23,28773.32
2025-09-04 12:30:00+00:00,20.36501515,28800.97114
2025-09-04 12:35:00+00:00,20.72057451,28895.06593
2025-09-04 12:40:00+00:00,20.94977778,29053.10172
2025-09-04 12:45:00+00:00,21.14754464,29212.69175
2025-09-04 12:50:00+00:00,20.59833333,28884.74436
2025-09-04 12:55:00+00:00,20.74385185,29130.34185
2025-09-04 13:00:00+00:00,20.54534276,29163.577
2025-09-04 13:05:00+00:00,21.14687274,29209.66911
2025-09-04 13:10:00+00:00,20.88567341,29149.11714
2025-09-04 13:15:00+00:00,20.72090909,29339.94
2025-09-04 13:20:00+00:00,20.7,29339.94
2025-09-04 13:25:00+00:00,20.3584,28870.10262
2025-09-04 13:30:00+00:00,20.80299048,29109.47
2025-09-04 13:35:00+00:00,20.56020979,29233.92
2025-09-04 13:40:00+00:00,20.876,29258.52448
2025-09-04 13:45:00+00:00,20.77449602,29114.70913
2025-09-04 13:50:00+00:00,20.21142756,29116.84528
2025-09-04 13:55:00+00:00,20.41023923,29203.08333
2025-09-04 14:00:00+00:00,20.89171538,29175.55788
2025-09-04 14:05:00+00:00,20.81919048,29133.65422
2025-09-04 14:10:00+00:00,20.51699595,29081.77662
2025-09-04 14:15:00+00:00,20.89713054,29140.91078
2025-09-04 14:20:00+00:00,20.77026667,29227.32374
2025-09-04 14:25:00+00:00,20.623,29119.16424
2025-09-04 14:30:00+00:00,20.65156134,29140.89695
2025-09-04 14:35:00+00:00,21.08883069,29234.45653
2025-09-04 14:40:00+00:00,21.24309942,29371.24803
2025-09-04 14:45:00+00:00,21.17796172,29413.1479
2025-09-04 14:50:00+00:00,20.72078462,29299.0734
2025-09-04 14:55:00+00:00,20.92782078,29210.40633
2025-09-04 15:00:00+00:00,15.19009615,20889.29071
2025-09-04 15:05:00+00:00,4.213215385,6259.7943
2025-09-04 15:10:00+00:00,4.031893939,6212.562333
2025-09-04 15:15:00+00:00,4.282644444,7009.051143
2025-09-04 15:20:00+00:00,4.545535354,7066.31825
2025-09-04 15:25:00+00:00,4.33035101,7081.932588
2025-09-04 15:30:00+00:00,4.487763917,7039.09
2025-09-04 15:35:00+00:00,4.44,7039.09
2025-09-04 15:40:00+00:00,4.423215324,6673.17
2025-09-04 15:45:00+00:00,4.430165259,6703.247111
2025-09-04 15:50:00+00:00,4.339040404,6985.78075
2025-09-04 15:55:00+00:00,4.4209956,6649.63
2025-09-04 16:00:00+00:00,4.234666667,6994.4
2025-09-04 16:05:00+00:00,4.248409091,5899.97
2025-09-04 16:10:00+00:00,4.128708046,5623.86375
2025-09-04 16:15:00+00:00,4.147933014,5755.950333
2025-09-04 16:20:00+00:00,4.368006689,6137.874
2025-09-04 16:25:00+00:00,4.399156794,6348.272
2025-09-04 16:30:00+00:00,4.2690707,6554.63
2025-09-04 16:35:00+00:00,4.246657343,6554.63
2025-09-04 16:40:00+00:00,4.222789474,6554.63
2025-09-04 16:45:00+00:00,4.182602809,6365.400945
2025-09-04 16:50:00+00:00,4.160032389,5792.69
2025-09-04 16:55:00+00:00,4.275184849,5814.840667
2025-09-04 17:00:00+00:00,4.314317462,5846.57
2025-09-04 17:05:00+00:00,4.197707011,5846.57
2025-09-04 17:10:00+00:00,4.143109319,5844.509063
2025-09-04 17:15:00+00:00,4.226666667,6123.44125
2025-09-04 17:20:00+00:00,4.262187912,6530.1065
2025-09-04 17:25:00+00:00,4.26642207,6530.67
2025-09-04 17:30:00+00:00,4.309500523,6530.67
2025-09-04 17:35:00+00:00,4.205854251,6530.67
2025-09-04 17:40:00+00:00,4.424179724,6528.567277
2025-09-04 17:45:00+00:00,4.326622629,6394.11605
2025-09-04 17:50:00+00:00,4.065454546,6136.559455
2025-09-04 17:55:00+00:00,4.747837838,6409.49
2025-09-04 18:00:00+00:00,4.230518519,6384.98
2025-09-04 18:05:00+00:00,4.26509209,6384.98
2025-09-04 18:10:00+00:00,4.191004329,6377.387
2025-09-04 18:15:00+00:00,4.112868729,6111.98448
2025-09-04 18:20:00+00:00,4.355987013,6322.571909
2025-09-04 18:25:00+00:00,4.352922222,6285.98
2025-09-04 18:30:00+00:00,4.317333333,6310.88
2025-09-04 18:35:00+00:00,4.074452632,6649.63
2025-09-04 18:40:00+00:00,4.555741627,6649.63
2025-09-04 18:45:00+00:00,4.204375,6630.419067
2025-09-04 18:50:00+00:00,4.217916667,6626.01
2025-09-04 18:55:00+00:00,4.340307692,6626.01
2025-09-04 19:00:00+00:00,1.302923077,1325.202
2025-09-04 19:05:00+00:00,0.124642857,0
2025-09-04 19:10:00+00:00,0.03,0
2025-09-04 19:15:00+00:00,0.03,0
2025-09-04 19:20:00+00:00,0.03,0
2025-09-04 19:25:00+00:00,0.03,0
2025-09-04 19:30:00+00:00,0.03,0
2025-09-04 19:35:00+00:00,0.03,0
2025-09-04 19:40:00+00:00,0.03,0
2025-09-04 19:45:00+00:00,0.03,0
2025-09-04 19:50:00+00:00,0.03,0
2025-09-04 19:55:00+00:00,0.03,0
2025-09-04 20:00:00+00:00,0.03,0
2025-09-04 20:05:00+00:00,0.03,0
2025-09-04 20:10:00+00:00,0.03,0
2025-09-04 20:15:00+00:00,0.03,0
2025-09-04 20:20:00+00:00,0.03,0
2025-09-04 20:25:00+00:00,0.03,0
2025-09-04 20:30:00+00:00,0.03,0
2025-09-04 20:35:00+00:00,0.03,0
2025-09-04 20:40:00+00:00,0.03,0
2025-09-04 20:45:00+00:00,0.03,0
2025-09-04 20:50:00+00:00,0.03,0
2025-09-04 20:55:00+00:00,0.03,0
2025-09-04 21:00:00+00:00,0.423586207,0
2025-09-04 21:05:00+00:00,28.63863636,38467.76893
2025-09-04 21:10:00+00:00,28.74503349,38862.06435
2025-09-04 21:15:00+00:00,28.79163636,38914.68378
2025-09-04 21:20:00+00:00,28.85045455,38948.788
2025-09-04 21:25:00+00:00,28.8973641,38959.26
2025-09-04 21:30:00+00:00,28.95189819,38993.046
2025-09-04 21:35:00+00:00,28.95138462,39012.354
2025-09-04 21:40:00+00:00,28.95566123,39011.55
2025-09-04 21:45:00+00:00,28.97744932,38985.44486
2025-09-04 21:50:00+00:00,28.9761764,38955.75325
2025-09-04 21:55:00+00:00,29.01093333,38985.98537
2025-09-04 22:00:00+00:00,28.98230918,38942.00839
2025-09-04 22:05:00+00:00,28.89,38886.75
2025-09-04 22:10:00+00:00,28.92978571,38892.03254
2025-09-04 22:15:00+00:00,29.03543706,38880.7
2025-09-04 22:20:00+00:00,29.14894872,38890.68648
2025-09-04 22:25:00+00:00,28.97036364,38929.468
2025-09-04 22:30:00+00:00,29.00285877,38915.41712
2025-09-04 22:35:00+00:00,28.87425175,38862.55
2025-09-04 22:40:00+00:00,28.81415673,38860.733
2025-09-04 22:45:00+00:00,28.99085231,38857.15776
2025-09-04 22:50:00+00:00,28.95844482,38909.97048
2025-09-04 22:55:00+00:00,28.98593711,38938.94794
2025-09-04 23:00:00+00:00,29.00187097,38963.29
2025-09-04 23:05:00+00:00,28.8960084,38958.8245
2025-09-04 23:10:00+00:00,28.86037838,38955.178
2025-09-04 23:15:00+00:00,28.87498333,38951.41726
2025-09-04 23:20:00+00:00,28.81886364,38947.18
2025-09-04 23:25:00+00:00,28.8612381,38947.18
2025-09-04 23:30:00+00:00,28.85428365,38943.8635
2025-09-04 23:35:00+00:00,28.82348571,38943.16
2025-09-04 23:40:00+00:00,28.95126878,38997.61233
2025-09-04 23:45:00+00:00,28.91383333,38999.49
2025-09-04 23:50:00+00:00,28.90511111,38995.47
2025-09-04 23:55:00+00:00,28.94033333,39043.69
2025-09-05 00:00:00+00:00,28.9350142,39027.61267
2025-09-05 00:05:00+00:00,28.94921368,39007.03235
2025-09-05 00:10:00+00:00,28.90581385,39078.5264
2025-09-05 00:15:00+00:00,28.94067857,39138.35
2025-09-05 00:20:00+00:00,28.94702381,39099.866
2025-09-05 00:25:00+00:00,28.93835859,39087.84
2025-09-05 00:30:00+00:00,28.92466667,39086.09018
2025-09-05 00:35:00+00:00,28.90960575,39066.19346
2025-09-05 00:40:00+00:00,28.91720175,39040.90953
2025-09-05 00:45:00+00:00,28.9726,39073.394
2025-09-05 00:50:00+00:00,28.99282353,39045.168
2025-09-05 00:55:00+00:00,29.01761911,39020.87107
2025-09-05 01:00:00+00:00,28.90287317,39055.22792
2025-09-05 01:05:00+00:00,28.96430407,38999.45667
2025-09-05 01:10:00+00:00,29.03094406,38969.712
2025-09-05 01:15:00+00:00,29.03862,39003.51
2025-09-05 01:20:00+00:00,29.00550046,38955.194
2025-09-05 01:25:00+00:00,28.87,38882.72
2025-09-05 01:30:00+00:00,28.88125,38897.68571
2025-09-05 01:35:00+00:00,28.86911115,38934.84987
2025-09-05 01:40:00+00:00,28.94082988,38930.274
2025-09-05 01:45:00+00:00,28.94630453,38927.05
2025-09-05 01:50:00+00:00,28.94018421,38905.78394
2025-09-05 01:55:00+00:00,28.94216667,38862.36369
2025-09-05 02:00:00+00:00,28.94,38850.44
2025-09-05 02:05:00+00:00,28.90952265,38796.91883
2025-09-05 02:10:00+00:00,28.96667765,38789.85
2025-09-05 02:15:00+00:00,28.98806645,38780.4699
2025-09-05 02:20:00+00:00,28.9991,38785.81
2025-09-05 02:25:00+00:00,28.90052174,38882.682
2025-09-05 02:30:00+00:00,28.93744444,38963.29
2025-09-05 02:35:00+00:00,28.89619676,38963.29
2025-09-05 02:40:00+00:00,28.87823684,38933.94314
2025-09-05 02:45:00+00:00,28.88334454,38934.292
2025-09-05 02:50:00+00:00,28.9395,38955.24
2025-09-05 02:55:00+00:00,28.97005,38908.3786
2025-09-05 03:00:00+00:00,9.683333333,14849.20691
2025-09-05 03:05:00+00:00,0.03,0
2025-09-05 03:10:00+00:00,5.712395376,3807.219625
2025-09-05 03:15:00+00:00,8.927,10887.6259
2025-09-05 03:20:00+00:00,4.364577778,7386.91
2025-09-05 03:25:00+00:00,4.357003345,7348.453949
2025-09-05 03:30:00+00:00,4.419500784,7359.9888
2025-09-05 03:35:00+00:00,4.469959195,7365.65
2025-09-05 03:40:00+00:00,4.56,7365.65
2025-09-05 03:45:00+00:00,4.515,7356.3225
2025-09-05 03:50:00+00:00,4.498285714,7335.778
2025-09-05 03:55:00+00:00,4.363616162,7334.215017
2025-09-05 04:00:00+00:00,4.47985,7736.401402
2025-09-05 04:05:00+00:00,4.476242857,8208.913596
2025-09-05 04:10:00+00:00,4.921333333,8590.449231
2025-09-05 04:15:00+00:00,5.330739927,9009.115429
2025-09-05 04:20:00+00:00,5.612272727,9821.3975
2025-09-05 04:25:00+00:00,5.6973,10353.41267
2025-09-05 04:30:00+00:00,6.08380624,11030.72
2025-09-05 04:35:00+00:00,6.103454546,11150.11371
2025-09-05 04:40:00+00:00,6.381442857,11936.85525
2025-09-05 04:45:00+00:00,6.717012821,12387.508
2025-09-05 04:50:00+00:00,7.058,12696.08
2025-09-05 04:55:00+00:00,6.968573427,12858.27889
2025-09-05 05:00:00+00:00,7.023014286,12979.93754
2025-09-05 05:05:00+00:00,6.976397661,13277.7646
2025-09-05 05:10:00+00:00,7.104412223,13459.35444
2025-09-05 05:15:00+00:00,7.019947368,13465.78126
2025-09-05 05:20:00+00:00,7.031952381,13582.17681
2025-09-05 05:25:00+00:00,7.135979167,13625.39
2025-09-05 05:30:00+00:00,7.231790043,13579.71717
2025-09-05 05:35:00+00:00,7.295185185,13613.88
2025-09-05 05:40:00+00:00,7.345130435,13703.226
2025-09-05 05:45:00+00:00,7.284316689,13661.55767
2025-09-05 05:50:00+00:00,7.252028571,13640.12145
2025-09-05 05:55:00+00:00,7.340685185,13803.526
2025-09-05 06:00:00+00:00,7.498588517,13786.45188
2025-09-05 06:05:00+00:00,7.367333333,13624.52571
2025-09-05 06:10:00+00:00,7.28527521,13723.04479
2025-09-05 06:15:00+00:00,7.377870293,13782.88308
2025-09-05 06:20:00+00:00,7.307434912,13748.814
2025-09-05 06:25:00+00:00,7.284923077,13876.787
2025-09-05 06:30:00+00:00,7.374650718,13923.62545
2025-09-05 06:35:00+00:00,7.4385,13783.61823
2025-09-05 06:40:00+00:00,7.4069,13884.14117
2025-09-05 06:45:00+00:00,7.220916667,13902.36
2025-09-05 06:50:00+00:00,7.2302,13910.11218
2025-09-05 06:55:00+00:00,7.244555556,14134.56013
2025-09-05 07:00:00+00:00,7.383181818,14131.44657
2025-09-05 07:05:00+00:00,7.279121693,14269.05273
2025-09-05 07:10:00+00:00,7.553863636,14419.32
2025-09-05 07:15:00+00:00,7.56,14419.32
2025-09-05 07:20:00+00:00,7.423115152,14408.791
2025-09-05 07:25:00+00:00,7.446342105,14328.5596
2025-09-05 07:30:00+00:00,7.59522635,14353.93
2025-09-05 07:35:00+00:00,7.538666667,14282.178
2025-09-05 07:40:00+00:00,7.509792308,14495.24
2025-09-05 07:45:00+00:00,7.411403596,14480.75188
2025-09-05 07:50:00+00:00,7.601060606,14473.59
2025-09-05 07:55:00+00:00,7.708020468,14615.942
2025-09-05 08:00:00+00:00,7.861458194,14871.69424
2025-09-05 08:05:00+00:00,7.895673077,14936.09292
2025-09-05 08:10:00+00:00,7.928,15084.116
2025-09-05 08:15:00+00:00,7.874714286,15176.78414
2025-09-05 08:20:00+00:00,7.798374332,15190.16266
2025-09-05 08:25:00+00:00,7.767333333,15204.32644
2025-09-05 08:30:00+00:00,7.751385694,15125.30022
2025-09-05 08:35:00+00:00,7.97525,15197.077
2025-09-05 08:40:00+00:00,8.024171717,15363.63909
2025-09-05 08:45:00+00:00,7.843777778,15369.93851
2025-09-05 08:50:00+00:00,7.895103915,15318.0036
2025-09-05 08:55:00+00:00,7.966150472,15476.2473
2025-09-05 09:00:00+00:00,7.99015,15584.64309
2025-09-05 09:05:00+00:00,8.087363636,15620.57776
2025-09-05 09:10:00+00:00,8.0636,15708.90733
2025-09-05 09:15:00+00:00,8.554878788,15910.92914
2025-09-05 09:20:00+00:00,8.63026087,15928.53283
2025-09-05 09:25:00+00:00,8.535833333,16055.5
2025-09-05 09:30:00+00:00,8.72302122,15828.74
2025-09-05 09:35:00+00:00,8.417258872,15759.57867
2025-09-05 09:40:00+00:00,8.67735,16028.40852
2025-09-05 09:45:00+00:00,8.262104762,15925.66886
2025-09-05 09:50:00+00:00,8.287671905,15786.54483
2025-09-05 09:55:00+00:00,8.306401225,15693.064
2025-09-05 10:00:00+00:00,8.466375,15452.03886
2025-09-05 10:05:00+00:00,8.412149351,15538.65272
2025-09-05 10:10:00+00:00,8.491625641,15696.212
2025-09-05 10:15:00+00:00,8.410582754,15812.847
2025-09-05 10:20:00+00:00,8.259727336,15809.7687
2025-09-05 10:25:00+00:00,8.194015152,15544.2805
2025-09-05 10:30:00+00:00,8.422,15697.00604
2025-09-05 10:35:00+00:00,8.297043062,15800.78205
2025-09-05 10:40:00+00:00,8.133309524,15620.485
2025-09-05 10:45:00+00:00,8.2925,15568.17042
2025-09-05 10:50:00+00:00,8.29779798,15635.00187
2025-09-05 10:55:00+00:00,8.253050505,15755.03397
2025-09-05 11:00:00+00:00,8.2885,15837.21
2025-09-05 11:05:00+00:00,8.354569974,15847.62295
2025-09-05 11:10:00+00:00,8.442666667,16049.47283
2025-09-05 11:15:00+00:00,8.481428571,15915.292
2025-09-05 11:20:00+00:00,8.690627273,16242.127
2025-09-05 11:25:00+00:00,8.47033189,16186.645
2025-09-05 11:30:00+00:00,8.3525,16110.98222
2025-09-05 11:35:00+00:00,8.611,16236.43422
2025-09-05 11:40:00+00:00,8.59975,16332.91
2025-09-05 11:45:00+00:00,8.385303497,16319.82215
2025-09-05 11:50:00+00:00,8.4296,16224.21
2025-09-05 11:55:00+00:00,8.791214286,16431.97
2025-09-05 12:00:00+00:00,8.519266667,16278.57
2025-09-05 12:05:00+00:00,8.718998779,16255.434
2025-09-05 12:10:00+00:00,8.504644737,16246.17905
2025-09-05 12:15:00+00:00,8.55608212,16230.34
2025-09-05 12:20:00+00:00,8.602159307,16206.01284
2025-09-05 12:25:00+00:00,8.999666667,16157.28657
2025-09-05 12:30:00+00:00,8.778053333,16150.61969
2025-09-05 12:35:00+00:00,8.732363636,16349.17736
2025-09-05 12:40:00+00:00,8.641401961,16133.16543
2025-09-05 12:45:00+00:00,8.525665072,16107.49089
2025-09-05 12:50:00+00:00,8.456973684,16113.34688
2025-09-05 12:55:00+00:00,8.552888889,16116.95623
2025-09-05 13:00:00+00:00,8.8531,16055.25333
2025-09-05 13:05:00+00:00,8.666909091,15887.00229
2025-09-05 13:10:00+00:00,8.58,15898.48
2025-09-05 13:15:00+00:00,8.571666667,15981.04057
2025-09-05 13:20:00+00:00,8.621177489,15937.42949
2025-09-05 13:25:00+00:00,8.497159091,15777.70182
2025-09-05 13:30:00+00:00,8.349238095,15640.19385
2025-09-05 13:35:00+00:00,8.423099498,15604.25677
2025-09-05 13:40:00+00:00,8.594728309,15696.79629
2025-09-05 13:45:00+00:00,8.540757143,15649.856
2025-09-05 13:50:00+00:00,8.24,15529.28
2025-09-05 13:55:00+00:00,8.251640405,15541.69227
2025-09-05 14:00:00+00:00,6.594654605,13717.16755
2025-09-05 14:05:00+00:00,2.21008052,5392.3224
2025-09-05 14:10:00+00:00,0.033300866,0
2025-09-05 14:15:00+00:00,0.03,0
2025-09-05 14:20:00+00:00,0.03,0
2025-09-05 14:25:00+00:00,0.03,0
2025-09-05 14:30:00+00:00,0.03,0
2025-09-05 14:35:00+00:00,0.03,0
2025-09-05 14:40:00+00:00,0.03,0
2025-09-05 14:45:00+00:00,0.03,0
2025-09-05 14:50:00+00:00,0.03,0
2025-09-05 14:55:00+00:00,0.03,0
2025-09-05 15:00:00+00:00,0.03,0
2025-09-05 15:05:00+00:00,0.03,0
2025-09-05 15:10:00+00:00,0.03,0
2025-09-05 15:15:00+00:00,0.03,0
2025-09-05 15:20:00+00:00,0.03,0
2025-09-05 15:25:00+00:00,0.03,0
2025-09-05 15:30:00+00:00,0.03,0
2025-09-05 15:35:00+00:00,0.03,0
2025-09-05 15:40:00+00:00,0.03,0
2025-09-05 15:45:00+00:00,0.03,0
2025-09-05 15:50:00+00:00,0.03,0
2025-09-05 15:55:00+00:00,0.03,0
2025-09-05 16:00:00+00:00,0.03,0
2025-09-05 16:05:00+00:00,0.03,0
2025-09-05 16:10:00+00:00,0.03,0
2025-09-05 16:15:00+00:00,0.03,0
2025-09-05 16:20:00+00:00,0.03,0
2025-09-05 16:25:00+00:00,0.03,0
2025-09-05 16:30:00+00:00,0.03,0
2025-09-05 16:35:00+00:00,0.03,0
2025-09-05 16:40:00+00:00,0.03,0
2025-09-05 16:45:00+00:00,0.03,0
2025-09-05 16:50:00+00:00,0.03,0
2025-09-05 16:55:00+00:00,0.03,0
2025-09-05 17:00:00+00:00,0.03,0
2025-09-05 17:05:00+00:00,0.03,0
2025-09-05 17:10:00+00:00,0.03,0
2025-09-05 17:15:00+00:00,0.03,0
2025-09-05 17:20:00+00:00,0.03,0
2025-09-05 17:25:00+00:00,0.03,0
2025-09-05 17:30:00+00:00,0.03,0
2025-09-05 17:35:00+00:00,0.03,0
2025-09-05 17:40:00+00:00,0.03,0
2025-09-05 17:45:00+00:00,0.03,0
2025-09-05 17:50:00+00:00,0.03,0
2025-09-05 17:55:00+00:00,0.03,0
2025-09-05 18:00:00+00:00,0.03,0
2025-09-05 18:05:00+00:00,0.03,0
2025-09-05 18:10:00+00:00,0.03,0
2025-09-05 18:15:00+00:00,0.03,0
2025-09-05 18:20:00+00:00,0.03,0
2025-09-05 18:25:00+00:00,0.03,0
2025-09-05 18:30:00+00:00,0.03,0
2025-09-05 18:35:00+00:00,0.03,0
2025-09-05 18:40:00+00:00,0.03,0
2025-09-05 18:45:00+00:00,0.03,0
2025-09-05 18:50:00+00:00,0.03,0
2025-09-05 18:55:00+00:00,0.03,0
2025-09-05 19:00:00+00:00,0.03,0
2025-09-05 19:05:00+00:00,0.03,0
2025-09-05 19:10:00+00:00,0.03,0
2025-09-05 19:15:00+00:00,0.03,0
2025-09-05 19:20:00+00:00,0.03,0
2025-09-05 19:25:00+00:00,0.03,0
2025-09-05 19:30:00+00:00,0.03,0
2025-09-05 19:35:00+00:00,0.03,0
2025-09-05 19:40:00+00:00,0.03,0
2025-09-05 19:45:00+00:00,0.03,0
2025-09-05 19:50:00+00:00,0.03,0
2025-09-05 19:55:00+00:00,0.03,0
2025-09-05 20:00:00+00:00,0.03,0
2025-09-05 20:05:00+00:00,0.03,0
2025-09-05 20:10:00+00:00,0.03,0
2025-09-05 20:15:00+00:00,0.03,0
2025-09-05 20:20:00+00:00,0.03,0
2025-09-05 20:25:00+00:00,0.03,0
2025-09-05 20:30:00+00:00,0.03,0
2025-09-05 20:35:00+00:00,0.03,0
2025-09-05 20:40:00+00:00,0.03,0
2025-09-05 20:45:00+00:00,0.03,0
2025-09-05 20:50:00+00:00,0.03,0
2025-09-05 20:55:00+00:00,0.03,0
2025-09-05 21:00:00+00:00,0.03,0
2025-09-05 21:05:00+00:00,0.03,0
2025-09-05 21:10:00+00:00,0.03,0
2025-09-05 21:15:00+00:00,0.03,0
2025-09-05 21:20:00+00:00,0.03,0
2025-09-05 21:25:00+00:00,0.03,0
2025-09-05 21:30:00+00:00,0.03,0
2025-09-05 21:35:00+00:00,0.03,0
2025-09-05 21:40:00+00:00,0.03,0
2025-09-05 21:45:00+00:00,0.03,0
2025-09-05 21:50:00+00:00,0.03,0
2025-09-05 21:55:00+00:00,0.03,0
2025-09-05 22:00:00+00:00,0.03,0
2025-09-05 22:05:00+00:00,0.03,0
2025-09-05 22:10:00+00:00,0.03,0
2025-09-05 22:15:00+00:00,0.03,0
2025-09-05 22:20:00+00:00,0.03,0
2025-09-05 22:25:00+00:00,0.03,0
2025-09-05 22:30:00+00:00,0.03,0
2025-09-05 22:35:00+00:00,0.03,0
2025-09-05 22:40:00+00:00,0.03,0
2025-09-05 22:45:00+00:00,0.03,0
2025-09-05 22:50:00+00:00,0.03,0
2025-09-05 22:55:00+00:00,0.03,0
2025-09-05 23:00:00+00:00,0.03,0
2025-09-05 23:05:00+00:00,0.03,0
2025-09-05 23:10:00+00:00,0.03,0
2025-09-05 23:15:00+00:00,0.03,0
2025-09-05 23:20:00+00:00,0.03,0
2025-09-05 23:25:00+00:00,0.03,0
2025-09-05 23:30:00+00:00,0.03,0
2025-09-05 23:35:00+00:00,0.03,0
2025-09-05 23:40:00+00:00,0.03,0
2025-09-05 23:45:00+00:00,0.03,0
2025-09-05 23:50:00+00:00,0.03,0
2025-09-05 23:55:00+00:00,0.030414546,0
2025-09-06 00:00:00+00:00,0.03,0
2025-09-06 00:05:00+00:00,0.03,0
2025-09-06 00:10:00+00:00,0.03,0
2025-09-06 00:15:00+00:00,0.03,0
2025-09-06 00:20:00+00:00,0.03,0
2025-09-06 00:25:00+00:00,0.03,0
2025-09-06 00:30:00+00:00,0.03,0
2025-09-06 00:35:00+00:00,0.03,0
2025-09-06 00:40:00+00:00,0.03,0
2025-09-06 00:45:00+00:00,0.03,0
2025-09-06 00:50:00+00:00,0.03,0
2025-09-06 00:55:00+00:00,0.03,0
2025-09-06 01:00:00+00:00,0.031022727,0
2025-09-06 01:05:00+00:00,0.03,0
2025-09-06 01:10:00+00:00,0.03,0
2025-09-06 01:15:00+00:00,0.03,0
2025-09-06 01:20:00+00:00,0.03,0
2025-09-06 01:25:00+00:00,0.03,0
2025-09-06 01:30:00+00:00,0.03,0
2025-09-06 01:35:00+00:00,0.03,0
2025-09-06 01:40:00+00:00,0.03,0
2025-09-06 01:45:00+00:00,0.03,0
2025-09-06 01:50:00+00:00,0.03,0
2025-09-06 01:55:00+00:00,0.03,0
2025-09-06 02:00:00+00:00,0.03,0
2025-09-06 02:05:00+00:00,0.03,0
2025-09-06 02:10:00+00:00,0.03,0
2025-09-06 02:15:00+00:00,0.03,0
2025-09-06 02:20:00+00:00,0.03,0
2025-09-06 02:25:00+00:00,0.03,0
2025-09-06 02:30:00+00:00,0.03,0
2025-09-06 02:35:00+00:00,0.03,0
2025-09-06 02:40:00+00:00,0.03,0
2025-09-06 02:45:00+00:00,0.03,0
2025-09-06 02:50:00+00:00,0.03,0
2025-09-06 02:55:00+00:00,0.03,0
2025-09-06 03:00:00+00:00,0.03,0
2025-09-06 03:05:00+00:00,0.03,0
2025-09-06 03:10:00+00:00,0.03,0
2025-09-06 03:15:00+00:00,0.03,0
2025-09-06 03:20:00+00:00,0.03,0
2025-09-06 03:25:00+00:00,0.03,0
2025-09-06 03:30:00+00:00,0.03,0
2025-09-06 03:35:00+00:00,0.03,0
2025-09-06 03:40:00+00:00,0.03,0
2025-09-06 03:45:00+00:00,0.03,0
2025-09-06 03:50:00+00:00,0.03,0
2025-09-06 03:55:00+00:00,0.03,0
2025-09-06 04:00:00+00:00,0.03,0
2025-09-06 04:05:00+00:00,0.03,0
2025-09-06 04:10:00+00:00,0.03,0
2025-09-06 04:15:00+00:00,0.03,0
2025-09-06 04:20:00+00:00,0.03,0
2025-09-06 04:25:00+00:00,0.03,0
2025-09-06 04:30:00+00:00,0.03,0
2025-09-06 04:35:00+00:00,0.03,0
2025-09-06 04:40:00+00:00,0.03,0
2025-09-06 04:45:00+00:00,0.03,0
2025-09-06 04:50:00+00:00,0.03,0
2025-09-06 04:55:00+00:00,0.03,0
2025-09-06 05:00:00+00:00,0.03,0
2025-09-06 05:05:00+00:00,0.03,0
2025-09-06 05:10:00+00:00,0.03,0
2025-09-06 05:15:00+00:00,0.03,0
2025-09-06 05:20:00+00:00,0.03,0
2025-09-06 05:25:00+00:00,0.03,0
2025-09-06 05:30:00+00:00,0.03,0
2025-09-06 05:35:00+00:00,0.03,0
2025-09-06 05:40:00+00:00,0.03,0
2025-09-06 05:45:00+00:00,0.03,0
2025-09-06 05:50:00+00:00,0.03,0
2025-09-06 05:55:00+00:00,0.03,0
2025-09-06 06:00:00+00:00,0.03,0
2025-09-06 06:05:00+00:00,0.03,0
2025-09-06 06:10:00+00:00,0.03,0
2025-09-06 06:15:00+00:00,0.03,0
2025-09-06 06:20:00+00:00,0.03,0
2025-09-06 06:25:00+00:00,0.03,0
2025-09-06 06:30:00+00:00,0.03,0
2025-09-06 06:35:00+00:00,0.03,0
2025-09-06 06:40:00+00:00,0.03,0
2025-09-06 06:45:00+00:00,0.03,0
2025-09-06 06:50:00+00:00,0.03,0
2025-09-06 06:55:00+00:00,0.03,0
2025-09-06 07:00:00+00:00,0.03,0
2025-09-06 07:05:00+00:00,0.03,0
2025-09-06 07:10:00+00:00,0.03,0
2025-09-06 07:15:00+00:00,0.03,0
2025-09-06 07:20:00+00:00,0.03,0
2025-09-06 07:25:00+00:00,0.03,0
2025-09-06 07:30:00+00:00,0.03,0
2025-09-06 07:35:00+00:00,0.03,0
2025-09-06 07:40:00+00:00,0.03,0
2025-09-06 07:45:00+00:00,0.03,0
2025-09-06 07:50:00+00:00,0.03,0
2025-09-06 07:55:00+00:00,0.03,0
2025-09-06 08:00:00+00:00,0.03,0
2025-09-06 08:05:00+00:00,0.03,0
2025-09-06 08:10:00+00:00,0.03,0
2025-09-06 08:15:00+00:00,0.03,0
2025-09-06 08:20:00+00:00,0.03,0
2025-09-06 08:25:00+00:00,0.03,0
2025-09-06 08:30:00+00:00,0.03,0
2025-09-06 08:35:00+00:00,0.03,0
2025-09-06 08:40:00+00:00,0.03,0
2025-09-06 08:45:00+00:00,0.03,0
2025-09-06 08:50:00+00:00,0.03,0
2025-09-06 08:55:00+00:00,0.03,0
2025-09-06 09:00:00+00:00,0.03,0
2025-09-06 09:05:00+00:00,0.03,0
2025-09-06 09:10:00+00:00,0.03,0
2025-09-06 09:15:00+00:00,0.03,0
2025-09-06 09:20:00+00:00,0.03,0
2025-09-06 09:25:00+00:00,0.03,0
2025-09-06 09:30:00+00:00,0.03,0
2025-09-06 09:35:00+00:00,0.03,0
2025-09-06 09:40:00+00:00,0.03,0
2025-09-06 09:45:00+00:00,0.03,0
2025-09-06 09:50:00+00:00,0.03,0
2025-09-06 09:55:00+00:00,0.03,0
2025-09-06 10:00:00+00:00,0.03,0
2025-09-06 10:05:00+00:00,0.03,0
2025-09-06 10:10:00+00:00,0.03,0
2025-09-06 10:15:00+00:00,0.03,0
2025-09-06 10:20:00+00:00,0.03,0
2025-09-06 10:25:00+00:00,0.030272727,0
2025-09-06 10:30:00+00:00,0.03,0
2025-09-06 10:35:00+00:00,0.03,0
2025-09-06 10:40:00+00:00,0.03,0
2025-09-06 10:45:00+00:00,0.03,0
2025-09-06 10:50:00+00:00,0.03,0
2025-09-06 10:55:00+00:00,0.03,0
2025-09-06 11:00:00+00:00,0.03,0
2025-09-06 11:05:00+00:00,0.03,0
2025-09-06 11:10:00+00:00,0.03,0
2025-09-06 11:15:00+00:00,0.03,0
2025-09-06 11:20:00+00:00,0.03,0
2025-09-06 11:25:00+00:00,0.03,0
2025-09-06 11:30:00+00:00,0.03,0
2025-09-06 11:35:00+00:00,0.03,0
2025-09-06 11:40:00+00:00,0.03,0
2025-09-06 11:45:00+00:00,0.03,0
2025-09-06 11:50:00+00:00,0.03,0
2025-09-06 11:55:00+00:00,0.03,0
2025-09-06 12:00:00+00:00,0.03,0
2025-09-06 12:05:00+00:00,0.03,0
2025-09-06 12:10:00+00:00,0.03,0
2025-09-06 12:15:00+00:00,0.03,0
2025-09-06 12:20:00+00:00,0.03,0
2025-09-06 12:25:00+00:00,0.03,0
2025-09-06 12:30:00+00:00,0.03,0
2025-09-06 12:35:00+00:00,0.03,0
2025-09-06 12:40:00+00:00,0.03,0
2025-09-06 12:45:00+00:00,0.03,0
2025-09-06 12:50:00+00:00,0.03,0
2025-09-06 12:55:00+00:00,0.03,0
2025-09-06 13:00:00+00:00,0.03,0
2025-09-06 13:05:00+00:00,0.03,0
2025-09-06 13:10:00+00:00,0.03,0
2025-09-06 13:15:00+00:00,0.03,0
2025-09-06 13:20:00+00:00,0.03,0
2025-09-06 13:25:00+00:00,0.03,0
2025-09-06 13:30:00+00:00,0.03,0
2025-09-06 13:35:00+00:00,0.03,0
2025-09-06 13:40:00+00:00,0.03,0
2025-09-06 13:45:00+00:00,0.03,0
2025-09-06 13:50:00+00:00,0.03,0
2025-09-06 13:55:00+00:00,0.03,0
2025-09-06 14:00:00+00:00,0.03,0
2025-09-06 14:05:00+00:00,0.03,0
2025-09-06 14:10:00+00:00,0.03,0
2025-09-06 14:15:00+00:00,0.03,0
2025-09-06 14:20:00+00:00,0.03,0
2025-09-06 14:25:00+00:00,0.03,0
2025-09-06 14:30:00+00:00,0.03,0
2025-09-06 14:35:00+00:00,0.03,0
2025-09-06 14:40:00+00:00,0.03,0
2025-09-06 14:45:00+00:00,0.03,0
2025-09-06 14:50:00+00:00,0.03,0
2025-09-06 14:55:00+00:00,0.03,0
2025-09-06 15:00:00+00:00,0.03,0
2025-09-06 15:05:00+00:00,0.03,0
2025-09-06 15:10:00+00:00,0.03,0
2025-09-06 15:15:00+00:00,0.03,0
2025-09-06 15:20:00+00:00,0.03,0
2025-09-06 15:25:00+00:00,0.03,0
2025-09-06 15:30:00+00:00,0.03,0
2025-09-06 15:35:00+00:00,0.03,0
2025-09-06 15:40:00+00:00,0.03,0
2025-09-06 15:45:00+00:00,0.03,0
2025-09-06 15:50:00+00:00,0.03,0
2025-09-06 15:55:00+00:00,0.031611111,0
2025-09-06 16:00:00+00:00,0.03,0
2025-09-06 16:05:00+00:00,0.03,0
2025-09-06 16:10:00+00:00,0.03,0
2025-09-06 16:15:00+00:00,0.03,0
2025-09-06 16:20:00+00:00,0.03,0
2025-09-06 16:25:00+00:00,0.03,0
2025-09-06 16:30:00+00:00,0.03,0
2025-09-06 16:35:00+00:00,0.03,0
2025-09-06 16:40:00+00:00,0.03,0
2025-09-06 16:45:00+00:00,0.03,0
2025-09-06 16:50:00+00:00,0.03,0
2025-09-06 16:55:00+00:00,0.03,0
2025-09-06 17:00:00+00:00,0.03,0
2025-09-06 17:05:00+00:00,0.03,0
2025-09-06 17:10:00+00:00,0.03,0
2025-09-06 17:15:00+00:00,0.03,0
2025-09-06 17:20:00+00:00,0.03,0
2025-09-06 17:25:00+00:00,0.03,0
2025-09-06 17:30:00+00:00,0.03,0
2025-09-06 17:35:00+00:00,0.03,0
2025-09-06 17:40:00+00:00,0.03,0
2025-09-06 17:45:00+00:00,0.03,0
2025-09-06 17:50:00+00:00,0.03,0
2025-09-06 17:55:00+00:00,0.03,0
2025-09-06 18:00:00+00:00,0.03,0
2025-09-06 18:05:00+00:00,0.03,0
2025-09-06 18:10:00+00:00,0.03,0
2025-09-06 18:15:00+00:00,0.03,0
2025-09-06 18:20:00+00:00,0.03,0
2025-09-06 18:25:00+00:00,0.03,0
2025-09-06 18:30:00+00:00,0.03,0
2025-09-06 18:35:00+00:00,0.03,0
2025-09-06 18:40:00+00:00,0.03,0
2025-09-06 18:45:00+00:00,0.03,0
2025-09-06 18:50:00+00:00,0.03,0
2025-09-06 18:55:00+00:00,0.03,0
2025-09-06 19:00:00+00:00,0.03,0
2025-09-06 19:05:00+00:00,0.03,0
2025-09-06 19:10:00+00:00,0.03,0
2025-09-06 19:15:00+00:00,0.03,0
2025-09-06 19:20:00+00:00,0.03,0
2025-09-06 19:25:00+00:00,0.03,0
2025-09-06 19:30:00+00:00,0.03,0
2025-09-06 19:35:00+00:00,0.03,0
2025-09-06 19:40:00+00:00,0.03,0
2025-09-06 19:45:00+00:00,0.03,0
2025-09-06 19:50:00+00:00,0.030772727,0
2025-09-06 19:55:00+00:00,0.03,0
2025-09-06 20:00:00+00:00,0.03,0
2025-09-06 20:05:00+00:00,0.03,0
2025-09-06 20:10:00+00:00,0.03,0
2025-09-06 20:15:00+00:00,0.03,0
2025-09-06 20:20:00+00:00,0.03,0
2025-09-06 20:25:00+00:00,0.03,0
2025-09-06 20:30:00+00:00,0.03,0
2025-09-06 20:35:00+00:00,0.03,0
2025-09-06 20:40:00+00:00,0.03,0
2025-09-06 20:45:00+00:00,0.03,0
2025-09-06 20:50:00+00:00,0.03,0
2025-09-06 20:55:00+00:00,0.03,0
2025-09-06 21:00:00+00:00,0.03,0
2025-09-06 21:05:00+00:00,0.03,0
2025-09-06 21:10:00+00:00,0.03,0
2025-09-06 21:15:00+00:00,0.03,0
2025-09-06 21:20:00+00:00,0.03,0
2025-09-06 21:25:00+00:00,0.03,0
2025-09-06 21:30:00+00:00,0.03,0
2025-09-06 21:35:00+00:00,0.03,0
2025-09-06 21:40:00+00:00,0.03,0
2025-09-06 21:45:00+00:00,0.03,0
2025-09-06 21:50:00+00:00,0.03,0
2025-09-06 21:55:00+00:00,0.03,0
2025-09-06 22:00:00+00:00,0.03,0
2025-09-06 22:05:00+00:00,0.03,0
2025-09-06 22:10:00+00:00,0.03,0
2025-09-06 22:15:00+00:00,0.03,0
2025-09-06 22:20:00+00:00,0.03,0
2025-09-06 22:25:00+00:00,0.03,0
2025-09-06 22:30:00+00:00,0.03,0
2025-09-06 22:35:00+00:00,0.030681818,0
2025-09-06 22:40:00+00:00,0.03,0
2025-09-06 22:45:00+00:00,0.03,0
2025-09-06 22:50:00+00:00,0.03,0
2025-09-06 22:55:00+00:00,0.03,0
2025-09-06 23:00:00+00:00,0.03,0
2025-09-06 23:05:00+00:00,0.03,0
2025-09-06 23:10:00+00:00,0.03,0
2025-09-06 23:15:00+00:00,0.03,0
2025-09-06 23:20:00+00:00,0.03,0
2025-09-06 23:25:00+00:00,0.03,0
2025-09-06 23:30:00+00:00,0.03,0
2025-09-06 23:35:00+00:00,0.03,0
2025-09-06 23:40:00+00:00,0.03,0
2025-09-06 23:45:00+00:00,0.03,0
2025-09-06 23:50:00+00:00,0.03,0
2025-09-06 23:55:00+00:00,0.03,0
2025-09-07 00:00:00+00:00,0.03,0
2025-09-07 00:05:00+00:00,0.03,0
2025-09-07 00:10:00+00:00,0.03,0
2025-09-07 00:15:00+00:00,0.03,0
2025-09-07 00:20:00+00:00,0.03,0
2025-09-07 00:25:00+00:00,0.03,0
2025-09-07 00:30:00+00:00,0.03,0
2025-09-07 00:35:00+00:00,0.03,0
2025-09-07 00:40:00+00:00,0.03,0
2025-09-07 00:45:00+00:00,0.03,0
2025-09-07 00:50:00+00:00,0.03,0
2025-09-07 00:55:00+00:00,0.03,0
2025-09-07 01:00:00+00:00,0.03,0
2025-09-07 01:05:00+00:00,0.03,0
2025-09-07 01:10:00+00:00,0.03,0
2025-09-07 01:15:00+00:00,0.03,0
2025-09-07 01:20:00+00:00,0.039555556,0
2025-09-07 01:25:00+00:00,0.044586466,0
2025-09-07 01:30:00+00:00,0.03,0
2025-09-07 01:35:00+00:00,0.03,0
2025-09-07 01:40:00+00:00,0.03,0
2025-09-07 01:45:00+00:00,0.03,0
2025-09-07 01:50:00+00:00,0.03,0
2025-09-07 01:55:00+00:00,0.03,0
2025-09-07 02:00:00+00:00,0.03,0
2025-09-07 02:05:00+00:00,0.03,0
2025-09-07 02:10:00+00:00,0.03,0
2025-09-07 02:15:00+00:00,0.03,0
2025-09-07 02:20:00+00:00,0.03,0
2025-09-07 02:25:00+00:00,0.03,0
2025-09-07 02:30:00+00:00,0.03,0
2025-09-07 02:35:00+00:00,0.03,0
2025-09-07 02:40:00+00:00,0.03,0
2025-09-07 02:45:00+00:00,0.03,0
2025-09-07 02:50:00+00:00,0.03,0
2025-09-07 02:55:00+00:00,0.03,0
2025-09-07 03:00:00+00:00,0.03,0
2025-09-07 03:05:00+00:00,0.03,0
2025-09-07 03:10:00+00:00,0.03,0
2025-09-07 03:15:00+00:00,0.03,0
2025-09-07 03:20:00+00:00,0.03,0
2025-09-07 03:25:00+00:00,0.03,0
2025-09-07 03:30:00+00:00,0.03,0
2025-09-07 03:35:00+00:00,0.03,0
2025-09-07 03:40:00+00:00,0.03,0
2025-09-07 03:45:00+00:00,0.03,0
2025-09-07 03:50:00+00:00,0.03,0
2025-09-07 03:55:00+00:00,0.03,0
2025-09-07 04:00:00+00:00,0.03,0
2025-09-07 04:05:00+00:00,0.03,0
2025-09-07 04:10:00+00:00,0.03,0
2025-09-07 04:15:00+00:00,0.03,0
2025-09-07 04:20:00+00:00,0.03,0
2025-09-07 04:25:00+00:00,0.03,0
2025-09-07 04:30:00+00:00,0.03,0
2025-09-07 04:35:00+00:00,0.03,0
2025-09-07 04:40:00+00:00,0.03,0
2025-09-07 04:45:00+00:00,0.03,0
2025-09-07 04:50:00+00:00,0.03,0
2025-09-07 04:55:00+00:00,0.03,0
2025-09-07 05:00:00+00:00,0.03,0
2025-09-07 05:05:00+00:00,0.03,0
2025-09-07 05:10:00+00:00,0.031636364,0
2025-09-07 05:15:00+00:00,0.03165,0
2025-09-07 05:20:00+00:00,0.03,0
2025-09-07 05:25:00+00:00,0.03,0
2025-09-07 05:30:00+00:00,0.03,0
2025-09-07 05:35:00+00:00,0.03,0
2025-09-07 05:40:00+00:00,0.03,0
2025-09-07 05:45:00+00:00,0.03,0
2025-09-07 05:50:00+00:00,0.03,0
2025-09-07 05:55:00+00:00,0.03,0
2025-09-07 06:00:00+00:00,0.03,0
2025-09-07 06:05:00+00:00,0.03,0
2025-09-07 06:10:00+00:00,0.03,0
2025-09-07 06:15:00+00:00,0.03,0
2025-09-07 06:20:00+00:00,0.03,0
2025-09-07 06:25:00+00:00,0.03,0
2025-09-07 06:30:00+00:00,0.03,0
2025-09-07 06:35:00+00:00,0.03,0
2025-09-07 06:40:00+00:00,0.03,0
2025-09-07 06:45:00+00:00,0.03,0
2025-09-07 06:50:00+00:00,0.03,0
2025-09-07 06:55:00+00:00,0.03,0
2025-09-07 07:00:00+00:00,0.03,0
2025-09-07 07:05:00+00:00,0.03,0
2025-09-07 07:10:00+00:00,0.03,0
2025-09-07 07:15:00+00:00,0.03,0
2025-09-07 07:20:00+00:00,0.03,0
2025-09-07 07:25:00+00:00,0.03,0
2025-09-07 07:30:00+00:00,0.03,0
2025-09-07 07:35:00+00:00,0.03,0
2025-09-07 07:40:00+00:00,0.03,0
2025-09-07 07:45:00+00:00,0.03,0
2025-09-07 07:50:00+00:00,0.03,0
2025-09-07 07:55:00+00:00,0.03,0
2025-09-07 08:00:00+00:00,0.03,0
2025-09-07 08:05:00+00:00,0.03,0
2025-09-07 08:10:00+00:00,0.03,0
2025-09-07 08:15:00+00:00,0.03,0
2025-09-07 08:20:00+00:00,0.03,0
2025-09-07 08:25:00+00:00,0.03,0
2025-09-07 08:30:00+00:00,0.03,0
2025-09-07 08:35:00+00:00,0.03,0
2025-09-07 08:40:00+00:00,0.03,0
2025-09-07 08:45:00+00:00,0.03,0
2025-09-07 08:50:00+00:00,0.03,0
2025-09-07 08:55:00+00:00,0.03,0
2025-09-07 09:00:00+00:00,0.03,0
2025-09-07 09:05:00+00:00,0.032881117,0
2025-09-07 09:10:00+00:00,0.03,0
2025-09-07 09:15:00+00:00,0.03,0
2025-09-07 09:20:00+00:00,0.03,0
2025-09-07 09:25:00+00:00,0.03,0
2025-09-07 09:30:00+00:00,0.03,0
2025-09-07 09:35:00+00:00,0.03,0
2025-09-07 09:40:00+00:00,0.03,0
2025-09-07 09:45:00+00:00,0.03,0
2025-09-07 09:50:00+00:00,0.03,0
2025-09-07 09:55:00+00:00,0.03,0
2025-09-07 10:00:00+00:00,0.03,0
2025-09-07 10:05:00+00:00,0.03,0
2025-09-07 10:10:00+00:00,0.03,0
2025-09-07 10:15:00+00:00,0.03,0
2025-09-07 10:20:00+00:00,0.03,0
2025-09-07 10:25:00+00:00,0.03,0
2025-09-07 10:30:00+00:00,0.03,0
2025-09-07 10:35:00+00:00,0.03,0
2025-09-07 10:40:00+00:00,0.03,0
2025-09-07 10:45:00+00:00,0.03,0
2025-09-07 10:50:00+00:00,0.03,0
2025-09-07 10:55:00+00:00,0.03,0
2025-09-07 11:00:00+00:00,0.03,0
2025-09-07 11:05:00+00:00,0.03,0
2025-09-07 11:10:00+00:00,0.03,0
2025-09-07 11:15:00+00:00,0.03,0
2025-09-07 11:20:00+00:00,0.03,0
2025-09-07 11:25:00+00:00,0.03,0
2025-09-07 11:30:00+00:00,0.03,0
2025-09-07 11:35:00+00:00,0.03,0
2025-09-07 11:40:00+00:00,0.03,0
2025-09-07 11:45:00+00:00,0.03,0
2025-09-07 11:50:00+00:00,0.03,0
2025-09-07 11:55:00+00:00,0.03,0
2025-09-07 12:00:00+00:00,0.03,0
2025-09-07 12:05:00+00:00,0.03,0
2025-09-07 12:10:00+00:00,0.03,0
2025-09-07 12:15:00+00:00,0.03,0
2025-09-07 12:20:00+00:00,0.03,0
2025-09-07 12:25:00+00:00,0.03,0
2025-09-07 12:30:00+00:00,0.03,0
2025-09-07 12:35:00+00:00,0.03,0
2025-09-07 12:40:00+00:00,0.03,0
2025-09-07 12:45:00+00:00,0.03,0
2025-09-07 12:50:00+00:00,0.03,0
2025-09-07 12:55:00+00:00,0.03,0
2025-09-07 13:00:00+00:00,0.03,0
2025-09-07 13:05:00+00:00,0.03,0
2025-09-07 13:10:00+00:00,0.03,0
2025-09-07 13:15:00+00:00,0.03,0
2025-09-07 13:20:00+00:00,0.03,0
2025-09-07 13:25:00+00:00,0.03,0
2025-09-07 13:30:00+00:00,0.03,0
2025-09-07 13:35:00+00:00,0.03,0
2025-09-07 13:40:00+00:00,0.03,0
2025-09-07 13:45:00+00:00,0.03,0
2025-09-07 13:50:00+00:00,0.03,0
2025-09-07 13:55:00+00:00,0.03,0
2025-09-07 14:00:00+00:00,0.03,0
2025-09-07 14:05:00+00:00,0.03,0
2025-09-07 14:10:00+00:00,0.03,0
2025-09-07 14:15:00+00:00,0.03,0
2025-09-07 14:20:00+00:00,0.03,0
2025-09-07 14:25:00+00:00,0.03,0
2025-09-07 14:30:00+00:00,0.03,0
2025-09-07 14:35:00+00:00,0.03,0
2025-09-07 14:40:00+00:00,0.03,0
2025-09-07 14:45:00+00:00,0.03,0
2025-09-07 14:50:00+00:00,0.03,0
2025-09-07 14:55:00+00:00,0.03,0
2025-09-07 15:00:00+00:00,0.03,0
2025-09-07 15:05:00+00:00,0.03,0
2025-09-07 15:10:00+00:00,0.03,0
2025-09-07 15:15:00+00:00,0.03,0
2025-09-07 15:20:00+00:00,0.03,0
2025-09-07 15:25:00+00:00,0.03,0
2025-09-07 15:30:00+00:00,0.03,0
2025-09-07 15:35:00+00:00,0.03,0
2025-09-07 15:40:00+00:00,0.03,0
2025-09-07 15:45:00+00:00,0.03,0
2025-09-07 15:50:00+00:00,0.03,0
2025-09-07 15:55:00+00:00,0.03,0
2025-09-07 16:00:00+00:00,0.03,0
2025-09-07 16:05:00+00:00,0.03,0
2025-09-07 16:10:00+00:00,0.03,0
2025-09-07 16:15:00+00:00,0.03,0
2025-09-07 16:20:00+00:00,0.03,0
2025-09-07 16:25:00+00:00,0.03,0
2025-09-07 16:30:00+00:00,0.03,0
2025-09-07 16:35:00+00:00,0.03,0
2025-09-07 16:40:00+00:00,0.03,0
2025-09-07 16:45:00+00:00,0.03,0
2025-09-07 16:50:00+00:00,0.03,0
2025-09-07 16:55:00+00:00,0.03,0
2025-09-07 17:00:00+00:00,0.03,0
2025-09-07 17:05:00+00:00,0.03,0
2025-09-07 17:10:00+00:00,0.03,0
2025-09-07 17:15:00+00:00,0.03,0
2025-09-07 17:20:00+00:00,0.03,0
2025-09-07 17:25:00+00:00,0.03,0
2025-09-07 17:30:00+00:00,0.03,0
2025-09-07 17:35:00+00:00,0.03,0
2025-09-07 17:40:00+00:00,0.03,0
2025-09-07 17:45:00+00:00,0.03,0
2025-09-07 17:50:00+00:00,0.03,0
2025-09-07 17:55:00+00:00,0.03,0
2025-09-07 18:00:00+00:00,0.03,0
2025-09-07 18:05:00+00:00,0.03,0
2025-09-07 18:10:00+00:00,0.03,0
2025-09-07 18:15:00+00:00,0.03,0
2025-09-07 18:20:00+00:00,0.03,0
2025-09-07 18:25:00+00:00,0.03,0
2025-09-07 18:30:00+00:00,0.030538462,0
2025-09-07 18:35:00+00:00,0.03,0
2025-09-07 18:40:00+00:00,0.03,0
2025-09-07 18:45:00+00:00,0.03,0
2025-09-07 18:50:00+00:00,0.03,0
2025-09-07 18:55:00+00:00,0.03,0
2025-09-07 19:00:00+00:00,0.03,0
2025-09-07 19:05:00+00:00,0.03,0
2025-09-07 19:10:00+00:00,0.03,0
2025-09-07 19:15:00+00:00,0.03,0
2025-09-07 19:20:00+00:00,0.03,0
2025-09-07 19:25:00+00:00,0.03,0
2025-09-07 19:30:00+00:00,0.03,0
2025-09-07 19:35:00+00:00,0.03,0
2025-09-07 19:40:00+00:00,0.03,0
2025-09-07 19:45:00+00:00,0.03,0
2025-09-07 19:50:00+00:00,0.03,0
2025-09-07 19:55:00+00:00,0.03,0
2025-09-07 20:00:00+00:00,0.03,0
2025-09-07 20:05:00+00:00,0.03,0
2025-09-07 20:10:00+00:00,0.03,0
2025-09-07 20:15:00+00:00,0.03,0
2025-09-07 20:20:00+00:00,0.03,0
2025-09-07 20:25:00+00:00,0.03,0
2025-09-07 20:30:00+00:00,0.03,0
2025-09-07 20:35:00+00:00,0.03,0
2025-09-07 20:40:00+00:00,0.03,0
2025-09-07 20:45:00+00:00,0.03,0
2025-09-07 20:50:00+00:00,0.03,0
2025-09-07 20:55:00+00:00,0.03,0
2025-09-07 21:00:00+00:00,2.61956044,1818.339636
2025-09-07 21:05:00+00:00,29.12156154,37857.085
2025-09-07 21:10:00+00:00,29.1739697,39690.17822
2025-09-07 21:15:00+00:00,29.24636364,39686.85063
2025-09-07 21:20:00+00:00,29.28845161,39678.522
2025-09-07 21:25:00+00:00,29.2798,39690.676
2025-09-07 21:30:00+00:00,29.33686529,39723.34335
2025-09-07 21:35:00+00:00,29.33295694,39728.73656
2025-09-07 21:40:00+00:00,29.33612124,39672.22846
2025-09-07 21:45:00+00:00,29.37349855,39720.54
2025-09-07 21:50:00+00:00,29.3964,39690.915
2025-09-07 21:55:00+00:00,29.38308392,39613.81
2025-09-07 22:00:00+00:00,29.39179487,39596.7112
2025-09-07 22:05:00+00:00,26.5365974,34377.85986
2025-09-07 22:10:00+00:00,24.69138095,32252.92212
2025-09-07 22:15:00+00:00,24.41765385,32316.298
2025-09-07 22:20:00+00:00,24.09253333,32208.92544
2025-09-07 22:25:00+00:00,24.03722222,32140.75446
2025-09-07 22:30:00+00:00,24.15623443,32199.95318
2025-09-07 22:35:00+00:00,24.31268132,32260.97471
2025-09-07 22:40:00+00:00,23.76941905,32301.39235
2025-09-07 22:45:00+00:00,24.00987013,32047.32169
2025-09-07 22:50:00+00:00,23.96448529,32083.47737
2025-09-07 22:55:00+00:00,23.77877778,32142.3945
2025-09-07 23:00:00+00:00,24.29083333,32035.83909
2025-09-07 23:05:00+00:00,24.3060126,32148.25101
2025-09-07 23:10:00+00:00,24.01004762,32016.07
2025-09-07 23:15:00+00:00,24.05729825,31971.60569
2025-09-07 23:20:00+00:00,24.2276961,32226.63569
2025-09-07 23:25:00+00:00,23.75850993,32147.49908
2025-09-07 23:30:00+00:00,23.99258333,32148.2074
2025-09-07 23:35:00+00:00,23.999,32135.54878
2025-09-07 23:40:00+00:00,23.81040191,32055.56269
2025-09-07 23:45:00+00:00,24.12114545,32317.9998
2025-09-07 23:50:00+00:00,23.75485628,32330.06273
2025-09-07 23:55:00+00:00,23.48423333,32071.60453
2025-09-08 00:00:00+00:00,24.41111111,32283.14043
2025-09-08 00:05:00+00:00,24.06470395,32163.38817
2025-09-08 00:10:00+00:00,24.51553684,32145.12455
2025-09-08 00:15:00+00:00,24.24511111,32188.066
2025-09-08 00:20:00+00:00,23.77211648,32019.32744
2025-09-08 00:25:00+00:00,23.98402652,32072.19518
2025-09-08 00:30:00+00:00,24.15299567,32323.90555
2025-09-08 00:35:00+00:00,23.6966342,32106.76938
2025-09-08 00:40:00+00:00,24.01497895,32065.72436
2025-09-08 00:45:00+00:00,24.02274242,32106.13822
2025-09-08 00:50:00+00:00,23.69879922,32050.166
2025-09-08 00:55:00+00:00,23.82785998,31976.42
2025-09-08 01:00:00+00:00,24.15527268,32154.4076
2025-09-08 01:05:00+00:00,23.86502911,32063.88897
2025-09-08 01:10:00+00:00,23.67920455,31915.11974
2025-09-08 01:15:00+00:00,24.14959524,31967.21876
2025-09-08 01:20:00+00:00,24.36238508,32151.01683
2025-09-08 01:25:00+00:00,24.4815096,32183.99798
2025-09-08 01:30:00+00:00,23.8190389,31928.67544
2025-09-08 01:35:00+00:00,24.37209231,31947.34829
2025-09-08 01:40:00+00:00,24.40898148,31924.91
2025-09-08 01:45:00+00:00,23.66581232,32104.719
2025-09-08 01:50:00+00:00,23.44874821,32039.71955
2025-09-08 01:55:00+00:00,24.25016667,32253.92
2025-09-08 02:00:00+00:00,24.16358333,32191.77927
2025-09-08 02:05:00+00:00,24.22397164,32346.14744
2025-09-08 02:10:00+00:00,23.80801654,32382.21947
2025-09-08 02:15:00+00:00,23.68259615,32266.88225
2025-09-08 02:20:00+00:00,24.26113131,32278.46545
2025-09-08 02:25:00+00:00,23.95916667,32237.72
2025-09-08 02:30:00+00:00,24.51265748,32388.78097
2025-09-08 02:35:00+00:00,23.7208042,32386.29336
2025-09-08 02:40:00+00:00,24.12581818,32366.38102
2025-09-08 02:45:00+00:00,24.11729167,32237.70643
2025-09-08 02:50:00+00:00,24.37556643,32440.236
2025-09-08 02:55:00+00:00,24.8455,32639.794
2025-09-08 03:00:00+00:00,7.843575092,8962.9248
2025-09-08 03:05:00+00:00,0.06984,0
2025-09-08 03:10:00+00:00,5.629681818,9269.079227
2025-09-08 03:15:00+00:00,6.292926407,12618.99409
2025-09-08 03:20:00+00:00,6.206111111,13086.5085
2025-09-08 03:25:00+00:00,6.273846154,13101.826
2025-09-08 03:30:00+00:00,6.433533333,13168.93
2025-09-08 03:35:00+00:00,6.461975845,13162.41386
2025-09-08 03:40:00+00:00,6.3235,13157.02
2025-09-08 03:45:00+00:00,6.377083333,13157.02
2025-09-08 03:50:00+00:00,6.511512266,13227.02444
2025-09-08 03:55:00+00:00,6.527991071,13322.82
2025-09-08 04:00:00+00:00,6.681464912,13322.82
2025-09-08 04:05:00+00:00,6.440436562,13381.50425
2025-09-08 04:10:00+00:00,6.343777778,13477.278
2025-09-08 04:15:00+00:00,6.329625,13452.91708
2025-09-08 04:20:00+00:00,6.561040977,13279.7312
2025-09-08 04:25:00+00:00,6.472343546,13292.25538
2025-09-08 04:30:00+00:00,6.722390006,13489.78573
2025-09-08 04:35:00+00:00,6.570715909,13585.59625
2025-09-08 04:40:00+00:00,6.630470588,13404.95
2025-09-08 04:45:00+00:00,6.7292,13471.958
2025-09-08 04:50:00+00:00,6.869636364,13715.38143
2025-09-08 04:55:00+00:00,6.8,13739.99
2025-09-08 05:00:00+00:00,6.844166667,13728.57
2025-09-08 05:05:00+00:00,6.914444444,13843.5708
2025-09-08 05:10:00+00:00,6.711888889,13717.01867
2025-09-08 05:15:00+00:00,6.7623,13699.73867
2025-09-08 05:20:00+00:00,6.739636364,13794.13911
2025-09-08 05:25:00+00:00,6.785111111,13984.53727
2025-09-08 05:30:00+00:00,6.9997,13817.507
2025-09-08 05:35:00+00:00,6.833727748,13906.21781
2025-09-08 05:40:00+00:00,6.842663781,14020.76942
2025-09-08 05:45:00+00:00,6.817619187,14043.93316
2025-09-08 05:50:00+00:00,6.958769697,14112.5127
2025-09-08 05:55:00+00:00,7.194498169,14164.786
2025-09-08 06:00:00+00:00,7.071516815,14148.80714
2025-09-08 06:05:00+00:00,7.028924641,14207.88648
2025-09-08 06:10:00+00:00,7.0565,14153.51475
2025-09-08 06:15:00+00:00,6.987357161,14267.78675
2025-09-08 06:20:00+00:00,6.889253247,14414.78667
2025-09-08 06:25:00+00:00,6.664482759,14408.44
2025-09-08 06:30:00+00:00,6.803733333,14442.99288
2025-09-08 06:35:00+00:00,7.2,14527.66
2025-09-08 06:40:00+00:00,7.309284281,14655.81013
2025-09-08 06:45:00+00:00,7.5575,14837.99646
2025-09-08 06:50:00+00:00,7.666166667,15026.248
2025-09-08 06:55:00+00:00,7.707,15238.812
2025-09-08 07:00:00+00:00,8.004467533,15687.95086
2025-09-08 07:05:00+00:00,8.273836905,15846.8589
2025-09-08 07:10:00+00:00,8.781811594,16522.18144
2025-09-08 07:15:00+00:00,9.184833333,17426.87067
2025-09-08 07:20:00+00:00,9.449133333,17798.37778
2025-09-08 07:25:00+00:00,9.912608187,18520.3596
2025-09-08 07:30:00+00:00,10.49513333,18920.4784
2025-09-08 07:35:00+00:00,11.08306355,19682.4308
2025-09-08 07:40:00+00:00,11.40026631,20242.90672
2025-09-08 07:45:00+00:00,11.61870342,20873.51954
2025-09-08 07:50:00+00:00,12.16418806,21342.01778
2025-09-08 07:55:00+00:00,13.04001465,21957.9682
2025-09-08 08:00:00+00:00,13.48151998,22546.39003
2025-09-08 08:05:00+00:00,14.01336164,23140.45822
2025-09-08 08:10:00+00:00,14.51588571,23562.54033
2025-09-08 08:15:00+00:00,14.74619371,23979.28205
2025-09-08 08:20:00+00:00,15.32933703,24504.535
2025-09-08 08:25:00+00:00,15.90083111,24629.27582
2025-09-08 08:30:00+00:00,16.35072629,24858.81741
2025-09-08 08:35:00+00:00,16.27109707,25419.208
2025-09-08 08:40:00+00:00,16.50890023,25565.10782
2025-09-08 08:45:00+00:00,16.92776471,25673.1029
2025-09-08 08:50:00+00:00,17.10495436,25807.64199
2025-09-08 08:55:00+00:00,17.23676923,26033.42943
2025-09-08 09:00:00+00:00,17.12807407,26202.73611
2025-09-08 09:05:00+00:00,17.4878,26334.75114
2025-09-08 09:10:00+00:00,17.59601515,26497.52314
2025-09-08 09:15:00+00:00,17.80278788,26753.13
2025-09-08 09:20:00+00:00,17.99229726,26909.37446
2025-09-08 09:25:00+00:00,18.00962963,26751.82417
2025-09-08 09:30:00+00:00,17.98030885,26931.59019
2025-09-08 09:35:00+00:00,18.3829,27072.3557
2025-09-08 09:40:00+00:00,18.39512088,27350.79385
2025-09-08 09:45:00+00:00,18.41818182,27407.013
2025-09-08 09:50:00+00:00,19.18008333,27456.40543
2025-09-08 09:55:00+00:00,18.61322222,27382.4615
2025-09-08 10:00:00+00:00,18.35,27348.42
2025-09-08 10:05:00+00:00,18.66044444,27415.7558
2025-09-08 10:10:00+00:00,18.75553816,27376.19668
2025-09-08 10:15:00+00:00,18.70373968,27425.11473
2025-09-08 10:20:00+00:00,18.58163801,27423.17073
2025-09-08 10:25:00+00:00,19.02344421,27409.32953
2025-09-08 10:30:00+00:00,18.96686364,27481.59314
2025-09-08 10:35:00+00:00,18.52645202,27572.43509
2025-09-08 10:40:00+00:00,18.65925661,27569.56133
2025-09-08 10:45:00+00:00,18.79933513,27462.79
2025-09-08 10:50:00+00:00,18.58798693,27497.61596
2025-09-08 10:55:00+00:00,18.91637581,27528.24285
2025-09-08 11:00:00+00:00,19.4928,27744.40225
2025-09-08 11:05:00+00:00,19.44745994,27780.11404
2025-09-08 11:10:00+00:00,19.31484722,27659.6392
2025-09-08 11:15:00+00:00,19.25556046,27797.61372
2025-09-08 11:20:00+00:00,19.56412,27976.1172
2025-09-08 11:25:00+00:00,19.69076364,27919.1968
2025-09-08 11:30:00+00:00,19.74038095,27983.11218
2025-09-08 11:35:00+00:00,19.76927273,28161.37825
2025-09-08 11:40:00+00:00,20.11038462,28216.98719
2025-09-08 11:45:00+00:00,19.94626667,28166.79867
2025-09-08 11:50:00+00:00,20.06018182,28216.27371
2025-09-08 11:55:00+00:00,19.7477076,28279.20528
2025-09-08 12:00:00+00:00,20.28389474,28427.1816
2025-09-08 12:05:00+00:00,19.75219433,28527.402
2025-09-08 12:10:00+00:00,20.42370484,28483.59419
2025-09-08 12:15:00+00:00,20.50886364,28559.13571
2025-09-08 12:20:00+00:00,20.591,28759.27225
2025-09-08 12:25:00+00:00,20.19276923,28860.08657
2025-09-08 12:30:00+00:00,20.63006818,28930.69257
2025-09-08 12:35:00+00:00,20.75302418,28825.88585
2025-09-08 12:40:00+00:00,20.52962632,28767.87
2025-09-08 12:45:00+00:00,20.96552,28798.08748
2025-09-08 12:50:00+00:00,20.30041667,29012.11
2025-09-08 12:55:00+00:00,20.87825837,28948.09711
2025-09-08 13:00:00+00:00,20.45138889,28720.57
2025-09-08 13:05:00+00:00,20.25783333,28994.84724
2025-09-08 13:10:00+00:00,20.52184314,28874.46285
2025-09-08 13:15:00+00:00,20.62808005,28933.85309
2025-09-08 13:20:00+00:00,20.58707986,28905.36366
2025-09-08 13:25:00+00:00,20.71485565,28916.23055
2025-09-08 13:30:00+00:00,20.57505371,28906.81246
2025-09-08 13:35:00+00:00,20.4875311,28922.49576
2025-09-08 13:40:00+00:00,20.67723814,28940.676
2025-09-08 13:45:00+00:00,20.82951991,28942.844
2025-09-08 13:50:00+00:00,20.8506087,28984.3382
2025-09-08 13:55:00+00:00,20.90465279,29021.78394
2025-09-08 14:00:00+00:00,13.50848366,19041.66382
2025-09-08 14:05:00+00:00,4.304892308,6298.959556
2025-09-08 14:10:00+00:00,4.389985185,6965.420893
2025-09-08 14:15:00+00:00,4.391614035,6992.631429
2025-09-08 14:20:00+00:00,4.358571429,6980.273455
2025-09-08 14:25:00+00:00,4.382076923,7139.404286
2025-09-08 14:30:00+00:00,4.385335931,7109.984
2025-09-08 14:35:00+00:00,4.435713564,7083.5
2025-09-08 14:40:00+00:00,4.495566667,7083.5
2025-09-08 14:45:00+00:00,4.394225199,7079.066
2025-09-08 14:50:00+00:00,4.210870588,7051.529
2025-09-08 14:55:00+00:00,4.482088889,7013.112167
2025-09-08 15:00:00+00:00,4.348185897,6915.595429
2025-09-08 15:05:00+00:00,4.103095238,6649.63
2025-09-08 15:10:00+00:00,4.329349325,6649.63
2025-09-08 15:15:00+00:00,4.434923077,6649.63
2025-09-08 15:20:00+00:00,4.365568421,6649.63
2025-09-08 15:25:00+00:00,4.254228288,6649.63
2025-09-08 15:30:00+00:00,4.184317618,6649.63
2025-09-08 15:35:00+00:00,4.217,6649.63
2025-09-08 15:40:00+00:00,4.346066667,6633.111141
2025-09-08 15:45:00+00:00,4.236305263,6626.01
2025-09-08 15:50:00+00:00,4.106126984,6626.01
2025-09-08 15:55:00+00:00,4.17869697,6626.01
2025-09-08 16:00:00+00:00,4.217103896,6626.01
2025-09-08 16:05:00+00:00,4.169522727,6023.866
2025-09-08 16:10:00+00:00,4.230602564,5873.33
2025-09-08 16:15:00+00:00,4.205372292,6192.688286
2025-09-08 16:20:00+00:00,4.238929293,6602.3
2025-09-08 16:25:00+00:00,4.250691105,6601.434909
2025-09-08 16:30:00+00:00,4.239758809,6578.51
2025-09-08 16:35:00+00:00,4.272777941,6398.784659
2025-09-08 16:40:00+00:00,4.248082404,6396.936092
2025-09-08 16:45:00+00:00,4.195243507,6534.180338
2025-09-08 16:50:00+00:00,4.29687037,6099.717818
2025-09-08 16:55:00+00:00,4.222077291,6163.9284
2025-09-08 17:00:00+00:00,4.182612554,6685.242571
2025-09-08 17:05:00+00:00,4.004982143,6747.37
2025-09-08 17:10:00+00:00,4.19,6482.47
2025-09-08 17:15:00+00:00,4.19252795,6397.422156
2025-09-08 17:20:00+00:00,4.174545455,6105.977714
2025-09-08 17:25:00+00:00,4.143932143,6150.447079
2025-09-08 17:30:00+00:00,4.324516216,6429.067111
2025-09-08 17:35:00+00:00,4.214158508,6458.24
2025-09-08 17:40:00+00:00,4.072083333,6120.740357
2025-09-08 17:45:00+00:00,4.168015616,6588.877677
2025-09-08 17:50:00+00:00,4.327636364,6766.51
2025-09-08 17:55:00+00:00,4.161728571,6766.51
2025-09-08 18:00:00+00:00,4.498583333,6766.51
2025-09-08 18:05:00+00:00,4.569217391,6766.51
2025-09-08 18:10:00+00:00,4.2225,6232.055
2025-09-08 18:15:00+00:00,4.285136364,6207.72325
2025-09-08 18:20:00+00:00,4.288968254,6502.353453
2025-09-08 18:25:00+00:00,4.168981367,6299.187273
2025-09-08 18:30:00+00:00,4.184680884,6429.566492
2025-09-08 18:35:00+00:00,4.261697203,6578.51
2025-09-08 18:40:00+00:00,4.169621212,6578.51
2025-09-08 18:45:00+00:00,4.07606579,6578.51
2025-09-08 18:50:00+00:00,4.142253333,6578.51
2025-09-08 18:55:00+00:00,4.285683871,6560.754839
2025-09-08 19:00:00+00:00,1.765473684,2631.404
2025-09-08 19:05:00+00:00,0.145961539,0
2025-09-08 19:10:00+00:00,0.03,0
2025-09-08 19:15:00+00:00,0.03,0
2025-09-08 19:20:00+00:00,0.03,0
2025-09-08 19:25:00+00:00,0.03,0
2025-09-08 19:30:00+00:00,0.03,0
2025-09-08 19:35:00+00:00,0.031636364,0
2025-09-08 19:40:00+00:00,0.03,0
2025-09-08 19:45:00+00:00,0.03,0
2025-09-08 19:50:00+00:00,0.03,0
2025-09-08 19:55:00+00:00,0.03,0
2025-09-08 20:00:00+00:00,0.03,0
2025-09-08 20:05:00+00:00,0.03,0
2025-09-08 20:10:00+00:00,0.03,0
2025-09-08 20:15:00+00:00,0.03,0
2025-09-08 20:20:00+00:00,0.03,0
2025-09-08 20:25:00+00:00,0.03,0
2025-09-08 20:30:00+00:00,0.03,0
2025-09-08 20:35:00+00:00,0.03,0
2025-09-08 20:40:00+00:00,0.03,0
2025-09-08 20:45:00+00:00,0.03,0
2025-09-08 20:50:00+00:00,0.03,0
2025-09-08 20:55:00+00:00,0.03,0
2025-09-08 21:00:00+00:00,0.03,0
2025-09-08 21:05:00+00:00,19.92064704,26875.29857
2025-09-08 21:10:00+00:00,28.93781818,39294.08222
2025-09-08 21:15:00+00:00,29.00609524,39322.29644
2025-09-08 21:20:00+00:00,29.0187013,39286.39375
2025-09-08 21:25:00+00:00,28.98757895,39263.95
2025-09-08 21:30:00+00:00,29.05661111,39254.46
2025-09-08 21:35:00+00:00,29.08215385,39257.36871
2025-09-08 21:40:00+00:00,29.10847454,39254.80145
2025-09-08 21:45:00+00:00,29.14355858,39255.87002
2025-09-08 21:50:00+00:00,29.16694949,39344.68506
2025-09-08 21:55:00+00:00,29.12408529,39413.98494
2025-09-08 22:00:00+00:00,29.08966477,39437.88114
2025-09-08 22:05:00+00:00,26.58533333,35362.978
2025-09-08 22:10:00+00:00,24.27413095,31945.52
2025-09-08 22:15:00+00:00,24.48806494,31982.29382
2025-09-08 22:20:00+00:00,23.1264447,31967.46203
2025-09-08 22:25:00+00:00,23.94293668,32088.86336
2025-09-08 22:30:00+00:00,23.82102273,32055.86521
2025-09-08 22:35:00+00:00,23.71766667,31928.1046
2025-09-08 22:40:00+00:00,24.28488617,32087.02614
2025-09-08 22:45:00+00:00,23.90564706,31850.948
2025-09-08 22:50:00+00:00,24.05900326,31856.09229
2025-09-08 22:55:00+00:00,24.59233333,32027.59675
2025-09-08 23:00:00+00:00,24.27627407,32163.2194
2025-09-08 23:05:00+00:00,23.64956522,32032.78
2025-09-08 23:10:00+00:00,23.63,32032.78
2025-09-08 23:15:00+00:00,24.12985577,31834.984
2025-09-08 23:20:00+00:00,24.11608992,31865.3425
2025-09-08 23:25:00+00:00,23.87283333,31761.98467
2025-09-08 23:30:00+00:00,23.6786,31991.812
2025-09-08 23:35:00+00:00,24.2490303,32165.84771
2025-09-08 23:40:00+00:00,24.04927885,32175.45357
2025-09-08 23:45:00+00:00,23.96,32159.8
2025-09-08 23:50:00+00:00,24.1101,32125.28978
2025-09-08 23:55:00+00:00,24.0164,32030.34546
2025-09-09 00:00:00+00:00,24.11031111,32092.78031
2025-09-09 00:05:00+00:00,23.96874532,32066.733
2025-09-09 00:10:00+00:00,24.06804598,32081.02174
2025-09-09 00:15:00+00:00,24.0999976,32009.44182
2025-09-09 00:20:00+00:00,24.29411189,32028.2345
2025-09-09 00:25:00+00:00,24.32298901,32144.62235
2025-09-09 00:30:00+00:00,23.68273426,32195.714
2025-09-09 00:35:00+00:00,23.8572987,32313.65427
2025-09-09 00:40:00+00:00,24.15896667,32220.38429
2025-09-09 00:45:00+00:00,24.05459524,32109.10894
2025-09-09 00:50:00+00:00,23.65592457,32060.3282
2025-09-09 00:55:00+00:00,23.80975556,32033.24525
2025-09-09 01:00:00+00:00,23.81830303,31987.2152
2025-09-09 01:05:00+00:00,24.348,32149.18602
2025-09-09 01:10:00+00:00,23.99610256,32182.48031
2025-09-09 01:15:00+00:00,24.25913768,32021.753
2025-09-09 01:20:00+00:00,24.2405,31938.3715
2025-09-09 01:25:00+00:00,24.22535073,32005.59645
2025-09-09 01:30:00+00:00,24.56531332,31993.6
2025-09-09 01:35:00+00:00,24.616,32001.673
2025-09-09 01:40:00+00:00,23.91431818,32146.55507
2025-09-09 01:45:00+00:00,24.16934532,32092.01048
2025-09-09 01:50:00+00:00,23.53076389,32072.55643
2025-09-09 01:55:00+00:00,24.03186431,32192.6773
2025-09-09 02:00:00+00:00,24.05463429,32222.96014
2025-09-09 02:05:00+00:00,24.40856667,32233.11543
2025-09-09 02:10:00+00:00,24.49898081,32333.13064
2025-09-09 02:15:00+00:00,24.00363636,32309.604
2025-09-09 02:20:00+00:00,23.83104056,32252.42142
2025-09-09 02:25:00+00:00,24.1461244,32100.23237
2025-09-09 02:30:00+00:00,24.24951111,32069.7048
2025-09-09 02:35:00+00:00,24.23785,32090.0908
2025-09-09 02:40:00+00:00,24.1728,32165.31506
2025-09-09 02:45:00+00:00,24.17272043,32112.3515
2025-09-09 02:50:00+00:00,24.08914035,32054.05614
2025-09-09 02:55:00+00:00,23.72227273,32089.038
2025-09-09 03:00:00+00:00,13.65721739,18340.77143
2025-09-09 03:05:00+00:00,0.03,0
2025-09-09 03:10:00+00:00,4.505254546,5532.33125
2025-09-09 03:15:00+00:00,10.20518519,14643.20741
2025-09-09 03:20:00+00:00,3.975804762,7552.891846
2025-09-09 03:25:00+00:00,3.992380952,7659.403692
2025-09-09 03:30:00+00:00,3.996490385,7704.9275
2025-09-09 03:35:00+00:00,4.343978947,7513.19
2025-09-09 03:40:00+00:00,4.23159053,7513.19
2025-09-09 03:45:00+00:00,4.39083511,7570.532
2025-09-09 03:50:00+00:00,4.135205742,7769.838114
2025-09-09 03:55:00+00:00,4.176354978,7490.5084
2025-09-09 04:00:00+00:00,4.223157895,7471.33
2025-09-09 04:05:00+00:00,4.346393593,7704.111744
2025-09-09 04:10:00+00:00,4.650075758,8055.418667
2025-09-09 04:15:00+00:00,4.771904762,8506.701119
2025-09-09 04:20:00+00:00,4.940230769,8843.1165
2025-09-09 04:25:00+00:00,5.0317,9264.6576
2025-09-09 04:30:00+00:00,5.132634921,9958.4425
2025-09-09 04:35:00+00:00,5.204375661,10150.64294
2025-09-09 04:40:00+00:00,5.519473684,10558.18364
2025-09-09 04:45:00+00:00,5.609793103,10876.6414
2025-09-09 04:50:00+00:00,5.451641026,11194.15571
2025-09-09 04:55:00+00:00,5.837777778,11544.06511
2025-09-09 05:00:00+00:00,5.998456672,11627.4116
2025-09-09 05:05:00+00:00,6.24748052,12015.94686
2025-09-09 05:10:00+00:00,6.511333333,12118.74767
2025-09-09 05:15:00+00:00,6.433181818,12228.8475
2025-09-09 05:20:00+00:00,6.401090186,12290.98844
2025-09-09 05:25:00+00:00,6.382285714,12257.80267
2025-09-09 05:30:00+00:00,6.337146245,12324.48267
2025-09-09 05:35:00+00:00,6.415,12406.86975
2025-09-09 05:40:00+00:00,6.516045652,12362.58434
2025-09-09 05:45:00+00:00,6.764974945,12368.5705
2025-09-09 05:50:00+00:00,6.686964286,12433.705
2025-09-09 05:55:00+00:00,6.636047619,12521.98
2025-09-09 06:00:00+00:00,6.657645455,12540.84083
2025-09-09 06:05:00+00:00,6.627166667,12616.412
2025-09-09 06:10:00+00:00,6.662095694,12564.36917
2025-09-09 06:15:00+00:00,6.886409091,12680.69622
2025-09-09 06:20:00+00:00,6.712559829,12671.55617
2025-09-09 06:25:00+00:00,6.736458333,12675.97
2025-09-09 06:30:00+00:00,6.846498433,12542.21462
2025-09-09 06:35:00+00:00,6.8778,12523.22311
2025-09-09 06:40:00+00:00,6.895433613,12853.97247
2025-09-09 06:45:00+00:00,7.093106732,13001.17
2025-09-09 06:50:00+00:00,7.087577743,12803.6265
2025-09-09 06:55:00+00:00,7.088428571,12949.6505
2025-09-09 07:00:00+00:00,7.285116739,12977.03
2025-09-09 07:05:00+00:00,7.147797101,13147.73087
2025-09-09 07:10:00+00:00,6.999154302,13268.76256
2025-09-09 07:15:00+00:00,7.3026,13263.85
2025-09-09 07:20:00+00:00,7.26891342,13389.94404
2025-09-09 07:25:00+00:00,7.521427273,13440
2025-09-09 07:30:00+00:00,7.528466667,13708.99167
2025-09-09 07:35:00+00:00,7.819829546,14131.71623
2025-09-09 07:40:00+00:00,7.892401961,14335.04363
2025-09-09 07:45:00+00:00,8.042561905,14386.66
2025-09-09 07:50:00+00:00,8.074,14647.966
2025-09-09 07:55:00+00:00,8.145964912,14824.247
2025-09-09 08:00:00+00:00,8.082484211,14879.62901
2025-09-09 08:05:00+00:00,8.326333333,15147.18892
2025-09-09 08:10:00+00:00,8.350936147,15223.67311
2025-09-09 08:15:00+00:00,8.302421053,15304.832
2025-09-09 08:20:00+00:00,8.702695652,15692.12006
2025-09-09 08:25:00+00:00,8.913938375,15900.31807
2025-09-09 08:30:00+00:00,8.905478261,16245.14433
2025-09-09 08:35:00+00:00,8.8176,16293.5438
2025-09-09 08:40:00+00:00,8.866666667,16521.20283
2025-09-09 08:45:00+00:00,8.9725,16641.75141
2025-09-09 08:50:00+00:00,9.167165145,16750.60996
2025-09-09 08:55:00+00:00,9.410119355,17011.89393
2025-09-09 09:00:00+00:00,9.433774892,17275.06751
2025-09-09 09:05:00+00:00,9.5532,17397.83433
2025-09-09 09:10:00+00:00,9.868145185,17465.68187
2025-09-09 09:15:00+00:00,10.02767208,17841.08
2025-09-09 09:20:00+00:00,10.04937105,17972.48573
2025-09-09 09:25:00+00:00,10.11981868,18163.47577
2025-09-09 09:30:00+00:00,10.30238095,18369.60619
2025-09-09 09:35:00+00:00,10.6635,18704.82592
2025-09-09 09:40:00+00:00,10.6900202,18964.75644
2025-09-09 09:45:00+00:00,10.7822,19048.23
2025-09-09 09:50:00+00:00,11.036,19222.499
2025-09-09 09:55:00+00:00,11.54495105,19468.162
2025-09-09 10:00:00+00:00,11.64071736,19682.3005
2025-09-09 10:05:00+00:00,11.50272619,19907.09758
2025-09-09 10:10:00+00:00,11.31059394,19977.49684
2025-09-09 10:15:00+00:00,11.92884615,20179.50531
2025-09-09 10:20:00+00:00,12.11933333,20239.446
2025-09-09 10:25:00+00:00,11.73876923,20162.50889
2025-09-09 10:30:00+00:00,11.8969488,20160.13082
2025-09-09 10:35:00+00:00,12.11572907,20297.767
2025-09-09 10:40:00+00:00,11.93837524,20345.63263
2025-09-09 10:45:00+00:00,11.58205714,20400.72843
2025-09-09 10:50:00+00:00,11.53,20407.37
2025-09-09 10:55:00+00:00,11.77865882,20517.77
2025-09-09 11:00:00+00:00,12.41511765,20867.47026
2025-09-09 11:05:00+00:00,12.41675,21114.14735
2025-09-09 11:10:00+00:00,12.6411816,21173.93669
2025-09-09 11:15:00+00:00,12.72355428,21280.73349
2025-09-09 11:20:00+00:00,12.80747727,21433.86264
2025-09-09 11:25:00+00:00,12.80138824,21596.59834
2025-09-09 11:30:00+00:00,13.05737942,21762.12239
2025-09-09 11:35:00+00:00,13.1071109,21916.27363
2025-09-09 11:40:00+00:00,13.5494,22298.5478
2025-09-09 11:45:00+00:00,13.97711667,22768.97532
2025-09-09 11:50:00+00:00,14.42259615,22960
2025-09-09 11:55:00+00:00,14.56534074,23456.85597
2025-09-09 12:00:00+00:00,15.17210526,23950.46833
2025-09-09 12:05:00+00:00,15.12585287,24220.43379
2025-09-09 12:10:00+00:00,15.96977246,24610.62174
2025-09-09 12:15:00+00:00,16.18628472,24957.93758
2025-09-09 12:20:00+00:00,16.656,25075.96406
2025-09-09 12:25:00+00:00,16.6845,25417.94542
2025-09-09 12:30:00+00:00,16.4356689,25738.10149
2025-09-09 12:35:00+00:00,16.6241614,25905.45758
2025-09-09 12:40:00+00:00,16.46544643,25992.18988
2025-09-09 12:45:00+00:00,16.9002795,26120.23571
2025-09-09 12:50:00+00:00,17.24460866,26219.82197
2025-09-09 12:55:00+00:00,17.39283333,26522.66171
2025-09-09 13:00:00+00:00,17.46359151,26680.60743
2025-09-09 13:05:00+00:00,17.48873695,26826.03976
2025-09-09 13:10:00+00:00,17.61745833,26793.11855
2025-09-09 13:15:00+00:00,17.62714719,26589.7954
2025-09-09 13:20:00+00:00,17.62408748,26659.45646
2025-09-09 13:25:00+00:00,17.8648,26815.512
2025-09-09 13:30:00+00:00,18.12453157,26898.6425
2025-09-09 13:35:00+00:00,18.13924951,26923.3445
2025-09-09 13:40:00+00:00,17.84107576,26813.70448
2025-09-09 13:45:00+00:00,17.62669281,26532.36708
2025-09-09 13:50:00+00:00,17.64756842,26365.194
2025-09-09 13:55:00+00:00,17.25656667,26341.3529
2025-09-09 14:00:00+00:00,14.30382338,21882.92493
2025-09-09 14:05:00+00:00,4.413244048,5873.33
2025-09-09 14:10:00+00:00,4.314056391,6088.548
2025-09-09 14:15:00+00:00,4.286932677,6949.42
2025-09-09 14:20:00+00:00,4.404986312,6949.42
2025-09-09 14:25:00+00:00,4.343173489,6927.590857
2025-09-09 14:30:00+00:00,4.277808081,6207.839
2025-09-09 14:35:00+00:00,4.27284,6746.375
2025-09-09 14:40:00+00:00,4.453181818,6506.61
2025-09-09 14:45:00+00:00,4.415226559,6703.071111
2025-09-09 14:50:00+00:00,4.451119048,6720
2025-09-09 14:55:00+00:00,4.34677381,6422.029143
2025-09-09 15:00:00+00:00,4.286585648,6767.606
2025-09-09 15:05:00+00:00,4.21968,6783.713664
2025-09-09 15:10:00+00:00,4.435658863,6455.796
2025-09-09 15:15:00+00:00,4.241583333,6606.314375
2025-09-09 15:20:00+00:00,4.222381818,6385.0968
2025-09-09 15:25:00+00:00,4.232636364,6010.502
2025-09-09 15:30:00+00:00,4.342130435,5873.33
2025-09-09 15:35:00+00:00,4.310845254,5873.33
2025-09-09 15:40:00+00:00,4.230909091,6120.92
2025-09-09 15:45:00+00:00,4.196444939,6181.657331
2025-09-09 15:50:00+00:00,4.12,5899.97
2025-09-09 15:55:00+00:00,4.160968865,5842.066
2025-09-09 16:00:00+00:00,4.16576489,5765.55
2025-09-09 16:05:00+00:00,4.154943723,6134.903714
2025-09-09 16:10:00+00:00,4.319418827,6505.230571
2025-09-09 16:15:00+00:00,4.204025974,6482.47
2025-09-09 16:20:00+00:00,4.24125,6477.624
2025-09-09 16:25:00+00:00,4.299376786,6277.665212
2025-09-09 16:30:00+00:00,4.159153147,5699.493818
2025-09-09 16:35:00+00:00,4.168457143,5660.7288
2025-09-09 16:40:00+00:00,4.121378674,5961.981033
2025-09-09 16:45:00+00:00,4.063358974,6005.33
2025-09-09 16:50:00+00:00,4.212916667,6005.33
2025-09-09 16:55:00+00:00,4.146793522,5947.425714
2025-09-09 17:00:00+00:00,4.168636364,5614.739273
2025-09-09 17:05:00+00:00,4.278476191,5988.637714
2025-09-09 17:10:00+00:00,4.319418182,5946.493714
2025-09-09 17:15:00+00:00,4.181840909,5926.48
2025-09-09 17:20:00+00:00,4.18,5926.48
2025-09-09 17:25:00+00:00,4.303941521,6005.998833
2025-09-09 17:30:00+00:00,4.353007407,5652.104
2025-09-09 17:35:00+00:00,4.30967033,5805.69775
2025-09-09 17:40:00+00:00,4.102210606,6126.553492
2025-09-09 17:45:00+00:00,4.263818182,6539.354571
2025-09-09 17:50:00+00:00,4.196650865,6578.51
2025-09-09 17:55:00+00:00,4.169376145,6578.51
2025-09-09 18:00:00+00:00,4.19634632,6578.51
2025-09-09 18:05:00+00:00,4.202555556,6347.792818
2025-09-09 18:10:00+00:00,4.210528708,6423.9366
2025-09-09 18:15:00+00:00,4.193657754,6554.63
2025-09-09 18:20:00+00:00,4.207631938,6554.63
2025-09-09 18:25:00+00:00,4.201908865,6165.763143
2025-09-09 18:30:00+00:00,4.168697917,5792.69
2025-09-09 18:35:00+00:00,4.200521739,5939.614
2025-09-09 18:40:00+00:00,4.2746,6171.176
2025-09-09 18:45:00+00:00,4.416333333,6338.853333
2025-09-09 18:50:00+00:00,4.214084656,6447.476371
2025-09-09 18:55:00+00:00,4.200923077,6175.24
2025-09-09 19:00:00+00:00,3.191391304,4681.6
2025-09-09 19:05:00+00:00,0.03,0
2025-09-09 19:10:00+00:00,0.03,0
2025-09-09 19:15:00+00:00,0.03,0
2025-09-09 19:20:00+00:00,0.03,0
2025-09-09 19:25:00+00:00,0.03,0
2025-09-09 19:30:00+00:00,0.03,0
2025-09-09 19:35:00+00:00,0.03,0
2025-09-09 19:40:00+00:00,0.03,0
2025-09-09 19:45:00+00:00,0.03,0
2025-09-09 19:50:00+00:00,0.03,0
2025-09-09 19:55:00+00:00,0.03,0
2025-09-09 20:00:00+00:00,0.03,0
2025-09-09 20:05:00+00:00,0.03,0
2025-09-09 20:10:00+00:00,0.03,0
2025-09-09 20:15:00+00:00,0.03,0
2025-09-09 20:20:00+00:00,0.03,0
2025-09-09 20:25:00+00:00,0.03,0
2025-09-09 20:30:00+00:00,0.03,0
2025-09-09 20:35:00+00:00,0.03,0
2025-09-09 20:40:00+00:00,0.033586745,0
2025-09-09 20:45:00+00:00,0.03,0
2025-09-09 20:50:00+00:00,0.03,0
2025-09-09 20:55:00+00:00,0.03,0
2025-09-09 21:00:00+00:00,0.816844721,1578.429306
2025-09-09 21:05:00+00:00,17.5446,23912.0774
2025-09-09 21:10:00+00:00,28.7446,39089.1554
2025-09-09 21:15:00+00:00,28.74470588,39052.17115
2025-09-09 21:20:00+00:00,28.84694615,39112.805
2025-09-09 21:25:00+00:00,28.89218045,39191.582
2025-09-09 21:30:00+00:00,28.95161905,39096.72167
2025-09-09 21:35:00+00:00,28.9567619,39136.04588
2025-09-09 21:40:00+00:00,28.95497436,39183.09775
2025-09-09 21:45:00+00:00,28.91995,39110.43033
2025-09-09 21:50:00+00:00,28.93040323,38933.9375
2025-09-09 21:55:00+00:00,28.91307498,38926.0325
2025-09-09 22:00:00+00:00,28.873,38874.65
2025-09-09 22:05:00+00:00,28.95955625,38874.59243
2025-09-09 22:10:00+00:00,28.92361282,38881.36844
2025-09-09 22:15:00+00:00,28.91166667,38931.0397
2025-09-09 22:20:00+00:00,28.97334106,38980.53733
2025-09-09 22:25:00+00:00,29.04291071,38972.79364
2025-09-09 22:30:00+00:00,29.02242857,38938.11333
2025-09-09 22:35:00+00:00,28.96083333,38965.19587
2025-09-09 22:40:00+00:00,28.95876923,39012.342
2025-09-09 22:45:00+00:00,28.99766667,38963.29
2025-09-09 22:50:00+00:00,28.95425455,38959.6648
2025-09-09 22:55:00+00:00,28.953875,39047.46758
2025-09-09 23:00:00+00:00,28.96361616,39086.226
2025-09-09 23:05:00+00:00,28.98,39067.78
2025-09-09 23:10:00+00:00,28.9797917,39082.52646
2025-09-09 23:15:00+00:00,28.97861688,39093.7654
2025-09-09 23:20:00+00:00,28.99286646,39085.24556
2025-09-09 23:25:00+00:00,29.0106056,39099.17743
2025-09-09 23:30:00+00:00,28.99570106,39125.22654
2025-09-09 23:35:00+00:00,28.98992699,39186.61073
2025-09-09 23:40:00+00:00,28.98077778,39219.99
2025-09-09 23:45:00+00:00,28.89660839,39219.99
2025-09-09 23:50:00+00:00,28.926225,39218.75975
2025-09-09 23:55:00+00:00,29.01256667,39262.312
2025-09-10 00:00:00+00:00,29.05147059,39266.611
2025-09-10 00:05:00+00:00,28.98965517,39147.97
2025-09-10 00:10:00+00:00,29.02666667,39158.65525
2025-09-10 00:15:00+00:00,29.02246026,39192.11227
2025-09-10 00:20:00+00:00,28.90625589,39147.47646
2025-09-10 00:25:00+00:00,29.0802,39123.93991
2025-09-10 00:30:00+00:00,28.90309091,39077.77132
2025-09-10 00:35:00+00:00,28.95821039,39012.23486
2025-09-10 00:40:00+00:00,28.98916667,38939.13
2025-09-10 00:45:00+00:00,28.92589227,38986.32236
2025-09-10 00:50:00+00:00,28.91454066,38927.05
2025-09-10 00:55:00+00:00,29.01970909,38979.04133
2025-09-10 01:00:00+00:00,28.95716667,39034.5252
2025-09-10 01:05:00+00:00,28.9428174,38988.46699
2025-09-10 01:10:00+00:00,28.92666667,38975.36
2025-09-10 01:15:00+00:00,28.9925,39088.45438
2025-09-10 01:20:00+00:00,28.96465714,39044.456
2025-09-10 01:25:00+00:00,28.93065714,39016.82571
2025-09-10 01:30:00+00:00,28.9752619,39051.74222
2025-09-10 01:35:00+00:00,28.9286738,39014.04625
2025-09-10 01:40:00+00:00,28.82889187,39003.046
2025-09-10 01:45:00+00:00,28.80246227,38995.47
2025-09-10 01:50:00+00:00,28.89560301,38995.47
2025-09-10 01:55:00+00:00,28.91084392,38989.835
2025-09-10 02:00:00+00:00,28.91327879,39062.108
2025-09-10 02:05:00+00:00,28.92338274,39087.828
2025-09-10 02:10:00+00:00,28.91564394,39011.72918
2025-09-10 02:15:00+00:00,28.86851808,39035.47846
2025-09-10 02:20:00+00:00,28.8920118,39110.04394
2025-09-10 02:25:00+00:00,28.92950157,39118.49313
2025-09-10 02:30:00+00:00,28.91490789,39103.88
2025-09-10 02:35:00+00:00,28.84330187,39106.02521
2025-09-10 02:40:00+00:00,28.89820393,39107.22287
2025-09-10 02:45:00+00:00,28.8462,39145.65311
2025-09-10 02:50:00+00:00,28.89231522,39139.80455
2025-09-10 02:55:00+00:00,28.93815879,39137.66923
2025-09-10 03:00:00+00:00,25.06342308,39189.52923
2025-09-10 03:05:00+00:00,4.054769231,4837.268
2025-09-10 03:10:00+00:00,16.71562397,13789.45596
2025-09-10 03:15:00+00:00,4.153045455,7061.33
2025-09-10 03:20:00+00:00,4.228274877,7061.33
2025-09-10 03:25:00+00:00,4.371166667,7061.33
2025-09-10 03:30:00+00:00,4.357762238,7061.33
2025-09-10 03:35:00+00:00,4.331636364,7061.33
2025-09-10 03:40:00+00:00,4.331071475,7061.33
2025-09-10 03:45:00+00:00,4.276042885,7061.33
2025-09-10 03:50:00+00:00,4.335771429,7061.33
2025-09-10 03:55:00+00:00,4.357729604,7061.33
2025-09-10 04:00:00+00:00,4.237912121,7061.33
2025-09-10 04:05:00+00:00,4.589190476,7793.026357
2025-09-10 04:10:00+00:00,4.847878769,8098.7236
2025-09-10 04:15:00+00:00,5.026233108,8582.002893
2025-09-10 04:20:00+00:00,5.1774,9287.041286
2025-09-10 04:25:00+00:00,5.546090909,9913.206222
2025-09-10 04:30:00+00:00,5.862408539,10552.232
2025-09-10 04:35:00+00:00,6.071284314,11078.4694
2025-09-10 04:40:00+00:00,6.279998135,11443.05
2025-09-10 04:45:00+00:00,6.558181818,12023.00933
2025-09-10 04:50:00+00:00,6.7065,12275.344
2025-09-10 04:55:00+00:00,6.803589286,12385.01553
2025-09-10 05:00:00+00:00,6.82015,12508.7431
2025-09-10 05:05:00+00:00,6.816603175,12561.86025
2025-09-10 05:10:00+00:00,6.812233333,12691.81335
2025-09-10 05:15:00+00:00,6.778645161,12739.13667
2025-09-10 05:20:00+00:00,7.159484849,12911.26
2025-09-10 05:25:00+00:00,7.042909091,12779.772
2025-09-10 05:30:00+00:00,6.873961039,12768.50659
2025-09-10 05:35:00+00:00,7.048743842,13028.39417
2025-09-10 05:40:00+00:00,7.014142857,13247.282
2025-09-10 05:45:00+00:00,7.09915,13227.65229
2025-09-10 05:50:00+00:00,7.10895,13217.86529
2025-09-10 05:55:00+00:00,7.018714286,13367.472
2025-09-10 06:00:00+00:00,6.940076728,13358.08
2025-09-10 06:05:00+00:00,7.079604084,13358.08
2025-09-10 06:10:00+00:00,7.117810473,13341.86418
2025-09-10 06:15:00+00:00,7.084571429,13455.51743
2025-09-10 06:20:00+00:00,7.0743,13416.99767
2025-09-10 06:25:00+00:00,7.332037037,13556.03
2025-09-10 06:30:00+00:00,7.363654546,13440.46178
2025-09-10 06:35:00+00:00,7.362456522,13481.64991
2025-09-10 06:40:00+00:00,7.293090909,13599.55619
2025-09-10 06:45:00+00:00,7.476179487,13725.84029
2025-09-10 06:50:00+00:00,7.443145455,13822.08562
2025-09-10 06:55:00+00:00,7.416733766,13802.20233
2025-09-10 07:00:00+00:00,7.439665598,13837.46
2025-09-10 07:05:00+00:00,7.591695007,13996.55622
2025-09-10 07:10:00+00:00,7.706938416,14152.53356
2025-09-10 07:15:00+00:00,7.846157895,14329.548
2025-09-10 07:20:00+00:00,8.102479635,14532.23832
2025-09-10 07:25:00+00:00,8.157125,14952.52053
2025-09-10 07:30:00+00:00,8.308839286,15359.15879
2025-09-10 07:35:00+00:00,8.735857143,15721.569
2025-09-10 07:40:00+00:00,9.290545455,16222.31429
2025-09-10 07:45:00+00:00,9.125368421,16288.92689
2025-09-10 07:50:00+00:00,9.447395441,16840.31873
2025-09-10 07:55:00+00:00,9.830153846,17474.8845
2025-09-10 08:00:00+00:00,10.30843963,17812.59067
2025-09-10 08:05:00+00:00,10.27988302,18037.37826
2025-09-10 08:10:00+00:00,10.13781818,18426.8312
2025-09-10 08:15:00+00:00,10.18557895,18598.25327
2025-09-10 08:20:00+00:00,10.30554182,18682.88143
2025-09-10 08:25:00+00:00,10.47327273,19024.64474
2025-09-10 08:30:00+00:00,10.96,19130.37
2025-09-10 08:35:00+00:00,11.11963077,19475.4356
2025-09-10 08:40:00+00:00,11.26533333,19534.36422
2025-09-10 08:45:00+00:00,11.92769158,19651.6105
2025-09-10 08:50:00+00:00,11.48632479,19920.44408
2025-09-10 08:55:00+00:00,11.558,20293.13111
2025-09-10 09:00:00+00:00,12.28643316,20507.16701
2025-09-10 09:05:00+00:00,12.18572727,20641.56028
2025-09-10 09:10:00+00:00,12.183375,20951.238
2025-09-10 09:15:00+00:00,12.41569519,21248.08247
2025-09-10 09:20:00+00:00,13.03295238,21712.618
2025-09-10 09:25:00+00:00,13.13,21796.88
2025-09-10 09:30:00+00:00,13.49236364,22356.37044
2025-09-10 09:35:00+00:00,13.74615385,22525.36525
2025-09-10 09:40:00+00:00,13.81088012,22568.56395
2025-09-10 09:45:00+00:00,13.705,22833.26613
2025-09-10 09:50:00+00:00,13.99332143,22913.81
2025-09-10 09:55:00+00:00,14.28359111,22994.948
2025-09-10 10:00:00+00:00,14.19872727,23223.7165
2025-09-10 10:05:00+00:00,14.18672727,23181.05244
2025-09-10 10:10:00+00:00,14.269375,23083.77179
2025-09-10 10:15:00+00:00,14.67694,23128.22042
2025-09-10 10:20:00+00:00,14.38430897,23238.10686
2025-09-10 10:25:00+00:00,14.41634409,23154.92371
2025-09-10 10:30:00+00:00,14.16816667,23161.026
2025-09-10 10:35:00+00:00,14.00900439,23062.21
2025-09-10 10:40:00+00:00,14.39963636,23258.55
2025-09-10 10:45:00+00:00,14.38416667,23313.03688
2025-09-10 10:50:00+00:00,14.44400762,23586.551
2025-09-10 10:55:00+00:00,14.80004286,23797.37845
2025-09-10 11:00:00+00:00,15.18690492,24012.50609
2025-09-10 11:05:00+00:00,15.16126794,24131.10836
2025-09-10 11:10:00+00:00,15.44888889,24187.28411
2025-09-10 11:15:00+00:00,15.74,24332.63
2025-09-10 11:20:00+00:00,15.65056471,24639.31905
2025-09-10 11:25:00+00:00,15.69974,24661.19677
2025-09-10 11:30:00+00:00,15.92195455,24788.2135
2025-09-10 11:35:00+00:00,16.00195948,24795.7992
2025-09-10 11:40:00+00:00,15.77221554,24706.06
2025-09-10 11:45:00+00:00,15.73646154,24576.69575
2025-09-10 11:50:00+00:00,15.88380249,24756.34375
2025-09-10 11:55:00+00:00,16.13040984,24919.24026
2025-09-10 12:00:00+00:00,16.30891286,24947.78675
2025-09-10 12:05:00+00:00,16.2649,25087.88733
2025-09-10 12:10:00+00:00,16.1976875,25116.73578
2025-09-10 12:15:00+00:00,16.31612819,25206.70028
2025-09-10 12:20:00+00:00,16.24138351,25097.83943
2025-09-10 12:25:00+00:00,16.25016667,25010.108
2025-09-10 12:30:00+00:00,16.40279524,25129.96
2025-09-10 12:35:00+00:00,16.4961,25346.96778
2025-09-10 12:40:00+00:00,16.48022222,25238.97625
2025-09-10 12:45:00+00:00,16.64735,25238.00967
2025-09-10 12:50:00+00:00,16.81682806,25610.68364
2025-09-10 12:55:00+00:00,16.77994841,25653.69689
2025-09-10 13:00:00+00:00,16.88483137,25659.96891
2025-09-10 13:05:00+00:00,16.11558841,25692.09185
2025-09-10 13:10:00+00:00,16.71784615,25783.3032
2025-09-10 13:15:00+00:00,16.75066667,25751.5224
2025-09-10 13:20:00+00:00,17.35365152,25656.42913
2025-09-10 13:25:00+00:00,16.78828173,25406.82767
2025-09-10 13:30:00+00:00,16.26611948,25273.87069
2025-09-10 13:35:00+00:00,16.43816662,25094.51465
2025-09-10 13:40:00+00:00,15.93257018,24727.63662
2025-09-10 13:45:00+00:00,15.66449091,24416.064
2025-09-10 13:50:00+00:00,15.20687287,24231.04413
2025-09-10 13:55:00+00:00,15.24083333,24144.25
2025-09-10 14:00:00+00:00,14.87969091,23517.8021
2025-09-10 14:05:00+00:00,6.039423139,10253.28564
2025-09-10 14:10:00+00:00,4.251160839,7394.026
2025-09-10 14:15:00+00:00,4.29491384,6791.5949
2025-09-10 14:20:00+00:00,4.456425,6725.656205
2025-09-10 14:25:00+00:00,4.203203564,7204.692286
2025-09-10 14:30:00+00:00,4.077456436,7209.605
2025-09-10 14:35:00+00:00,4.203558621,7193.33
2025-09-10 14:40:00+00:00,4.322939394,7286.58975
2025-09-10 14:45:00+00:00,4.517030303,7429.24
2025-09-10 14:50:00+00:00,4.4594,7429.24
2025-09-10 14:55:00+00:00,4.379834483,7410.163
2025-09-10 15:00:00+00:00,4.335242236,7159.782719
2025-09-10 15:05:00+00:00,4.231574675,7198.124892
2025-09-10 15:10:00+00:00,4.218064935,7229.016323
2025-09-10 15:15:00+00:00,4.360413534,7328.518092
2025-09-10 15:20:00+00:00,4.483545977,7464.220667
2025-09-10 15:25:00+00:00,4.482731429,7215.1
2025-09-10 15:30:00+00:00,4.402244258,7328.583386
2025-09-10 15:35:00+00:00,4.367324561,7572.084643
2025-09-10 15:40:00+00:00,4.327316206,7516.315065
2025-09-10 15:45:00+00:00,4.379582222,7471.33
2025-09-10 15:50:00+00:00,4.371830303,7471.33
2025-09-10 15:55:00+00:00,4.308352505,7470.4896
2025-09-10 16:00:00+00:00,4.35675641,7443.092571
2025-09-10 16:05:00+00:00,4.297054546,7429.24
2025-09-10 16:10:00+00:00,4.150548128,7398.89875
2025-09-10 16:15:00+00:00,4.429384615,7398.016667
2025-09-10 16:20:00+00:00,4.44,7408.1
2025-09-10 16:25:00+00:00,4.440555556,7408.1
2025-09-10 16:30:00+00:00,4.342844444,7397.554394
2025-09-10 16:35:00+00:00,4.337316923,7113.4228
2025-09-10 16:40:00+00:00,4.392391304,7061.33
2025-09-10 16:45:00+00:00,4.291,7061.33
2025-09-10 16:50:00+00:00,4.233579028,6915.695867
2025-09-10 16:55:00+00:00,4.218899663,6701.304
2025-09-10 17:00:00+00:00,4.112630037,6696.63
2025-09-10 17:05:00+00:00,4.032333333,6696.63
2025-09-10 17:10:00+00:00,4.136066667,6696.63
2025-09-10 17:15:00+00:00,4.191095238,6696.63
2025-09-10 17:20:00+00:00,4.155467533,6696.63
2025-09-10 17:25:00+00:00,4.096422222,6540.648036
2025-09-10 17:30:00+00:00,4.022413586,6357.892308
2025-09-10 17:35:00+00:00,4.151458106,6643.690667
2025-09-10 17:40:00+00:00,4.165002677,6696.63
2025-09-10 17:45:00+00:00,4.246440137,6319.4425
2025-09-10 17:50:00+00:00,4.216646465,5952.88
2025-09-10 17:55:00+00:00,4.247769231,6289.015333
2025-09-10 18:00:00+00:00,4.289629291,6673.17
2025-09-10 18:05:00+00:00,4.157454546,6673.17
2025-09-10 18:10:00+00:00,4.127516959,6604.371495
2025-09-10 18:15:00+00:00,4.239222222,6673.17
2025-09-10 18:20:00+00:00,4.111637931,6673.17
2025-09-10 18:25:00+00:00,4.194698413,6667.8735
2025-09-10 18:30:00+00:00,3.837666667,6649.63
2025-09-10 18:35:00+00:00,4.072170936,6649.63
2025-09-10 18:40:00+00:00,3.765666667,6649.63
2025-09-10 18:45:00+00:00,4.112630357,6649.63
2025-09-10 18:50:00+00:00,4.595,6649.63
2025-09-10 18:55:00+00:00,4.353455308,6642.89431
2025-09-10 19:00:00+00:00,4.257958493,6639.427702
2025-09-10 19:05:00+00:00,0.182727273,0
2025-09-10 19:10:00+00:00,0.03,0
2025-09-10 19:15:00+00:00,0.03,0
2025-09-10 19:20:00+00:00,0.03,0
2025-09-10 19:25:00+00:00,0.03,0
2025-09-10 19:30:00+00:00,0.03,0
2025-09-10 19:35:00+00:00,0.03,0
2025-09-10 19:40:00+00:00,0.03,0
2025-09-10 19:45:00+00:00,0.03,0
2025-09-10 19:50:00+00:00,0.03,0
2025-09-10 19:55:00+00:00,0.03,0
2025-09-10 20:00:00+00:00,0.03,0
2025-09-10 20:05:00+00:00,0.03,0
2025-09-10 20:10:00+00:00,0.03,0
2025-09-10 20:15:00+00:00,0.03,0
2025-09-10 20:20:00+00:00,0.03,0
2025-09-10 20:25:00+00:00,0.03,0
2025-09-10 20:30:00+00:00,0.03,0
2025-09-10 20:35:00+00:00,0.03,0
2025-09-10 20:40:00+00:00,0.03,0
2025-09-10 20:45:00+00:00,0.03,0
2025-09-10 20:50:00+00:00,0.03,0
2025-09-10 20:55:00+00:00,0.03,0
2025-09-10 21:00:00+00:00,0.03,0
2025-09-10 21:05:00+00:00,0.03,0
2025-09-10 21:10:00+00:00,0.03,0
2025-09-10 21:15:00+00:00,0.03,0
2025-09-10 21:20:00+00:00,0.03,0
2025-09-10 21:25:00+00:00,0.03,0
2025-09-10 21:30:00+00:00,0.03,0
2025-09-10 21:35:00+00:00,0.03,0
2025-09-10 21:40:00+00:00,0.03,0
2025-09-10 21:45:00+00:00,0.03,0
2025-09-10 21:50:00+00:00,0.03,0
2025-09-10 21:55:00+00:00,0.03,0
2025-09-10 22:00:00+00:00,0.03,0
2025-09-10 22:05:00+00:00,0.03,0
2025-09-10 22:10:00+00:00,0.03,0
2025-09-10 22:15:00+00:00,0.03,0
2025-09-10 22:20:00+00:00,0.03,0
2025-09-10 22:25:00+00:00,0.03,0
2025-09-10 22:30:00+00:00,0.03,0
2025-09-10 22:35:00+00:00,0.03,0
2025-09-10 22:40:00+00:00,0.03,0
2025-09-10 22:45:00+00:00,0.03,0
2025-09-10 22:50:00+00:00,0.03,0
2025-09-10 22:55:00+00:00,0.03,0
2025-09-10 23:00:00+00:00,0.03,0
2025-09-10 23:05:00+00:00,0.03,0
2025-09-10 23:10:00+00:00,0.03,0
2025-09-10 23:15:00+00:00,0.03,0
2025-09-10 23:20:00+00:00,0.03,0
2025-09-10 23:25:00+00:00,0.03,0
2025-09-10 23:30:00+00:00,0.03,0
2025-09-10 23:35:00+00:00,0.03,0
2025-09-10 23:40:00+00:00,0.03,0
2025-09-10 23:45:00+00:00,0.03,0
2025-09-10 23:50:00+00:00,0.03,0
2025-09-10 23:55:00+00:00,0.03,0
2025-09-11 00:00:00+00:00,0.03,0
2025-09-11 00:05:00+00:00,0.03,0
2025-09-11 00:10:00+00:00,0.03,0
2025-09-11 00:15:00+00:00,0.03,0
2025-09-11 00:20:00+00:00,0.03,0
2025-09-11 00:25:00+00:00,0.03,0
2025-09-11 00:30:00+00:00,0.03,0
2025-09-11 00:35:00+00:00,0.03,0
2025-09-11 00:40:00+00:00,0.03,0
2025-09-11 00:45:00+00:00,0.03,0
2025-09-11 00:50:00+00:00,0.030857143,0
2025-09-11 00:55:00+00:00,0.03,0
2025-09-11 01:00:00+00:00,0.03,0
2025-09-11 01:05:00+00:00,0.03,0
2025-09-11 01:10:00+00:00,0.03,0
2025-09-11 01:15:00+00:00,0.03,0
2025-09-11 01:20:00+00:00,0.03,0
2025-09-11 01:25:00+00:00,0.03,0
2025-09-11 01:30:00+00:00,0.03,0
2025-09-11 01:35:00+00:00,0.03,0
2025-09-11 01:40:00+00:00,0.03,0
2025-09-11 01:45:00+00:00,0.03,0
2025-09-11 01:50:00+00:00,0.03,0
2025-09-11 01:55:00+00:00,0.03,0
2025-09-11 02:00:00+00:00,0.03,0
2025-09-11 02:05:00+00:00,0.03,0
2025-09-11 02:10:00+00:00,0.03,0
2025-09-11 02:15:00+00:00,0.03,0
2025-09-11 02:20:00+00:00,0.03,0
2025-09-11 02:25:00+00:00,0.03,0
2025-09-11 02:30:00+00:00,0.03,0
2025-09-11 02:35:00+00:00,0.03,0
2025-09-11 02:40:00+00:00,0.03,0
2025-09-11 02:45:00+00:00,0.03,0
2025-09-11 02:50:00+00:00,0.03,0
2025-09-11 02:55:00+00:00,0.03,0
2025-09-11 03:00:00+00:00,0.218947368,458.8601818
2025-09-11 03:05:00+00:00,7.951049275,9487.693555
2025-09-11 03:10:00+00:00,4.387708333,7719.07
2025-09-11 03:15:00+00:00,4.306909091,7719.07
2025-09-11 03:20:00+00:00,4.403377778,7509.748333
2025-09-11 03:25:00+00:00,4.587166667,7661.104
2025-09-11 03:30:00+00:00,4.393604598,7719.07
2025-09-11 03:35:00+00:00,4.249571429,7719.07
2025-09-11 03:40:00+00:00,4.448666667,7719.07
2025-09-11 03:45:00+00:00,4.300039683,7509.569107
2025-09-11 03:50:00+00:00,4.279573372,7412.246267
2025-09-11 03:55:00+00:00,4.304822424,7515.3444
2025-09-11 04:00:00+00:00,4.299735714,7796.877333
2025-09-11 04:05:00+00:00,4.86927579,8296.487
2025-09-11 04:10:00+00:00,5.42217493,9210.992
2025-09-11 04:15:00+00:00,5.587379121,10057.34396
2025-09-11 04:20:00+00:00,5.754296131,11104.59448
2025-09-11 04:25:00+00:00,6.01701163,11979.559
2025-09-11 04:30:00+00:00,6.293485632,12393.85108
2025-09-11 04:35:00+00:00,6.809575758,12908.63067
2025-09-11 04:40:00+00:00,6.921666955,13282.68435
2025-09-11 04:45:00+00:00,6.920666667,13613.702
2025-09-11 04:50:00+00:00,7.152978947,13733.41407
2025-09-11 04:55:00+00:00,7.270535714,13579.28
2025-09-11 05:00:00+00:00,7.231857143,13921.38
2025-09-11 05:05:00+00:00,7.269786957,13921.12956
2025-09-11 05:10:00+00:00,7.413713642,14069.08815
2025-09-11 05:15:00+00:00,7.388962636,14091.70837
2025-09-11 05:20:00+00:00,7.05744,14016.46291
2025-09-11 05:25:00+00:00,7.151048387,14128.79313
2025-09-11 05:30:00+00:00,7.168503497,14117.45
2025-09-11 05:35:00+00:00,7.247389706,14060.78548
2025-09-11 05:40:00+00:00,7.5396,13949.1508
2025-09-11 05:45:00+00:00,7.530142857,13899.47724
2025-09-11 05:50:00+00:00,7.302333427,13892.03907
2025-09-11 05:55:00+00:00,7.284022727,14011.98417
2025-09-11 06:00:00+00:00,7.22847114,14044.73
2025-09-11 06:05:00+00:00,7.309617225,14022.80175
2025-09-11 06:10:00+00:00,7.408905263,14012.746
2025-09-11 06:15:00+00:00,7.328391111,14166.39133
2025-09-11 06:20:00+00:00,7.301635556,14174.54504
2025-09-11 06:25:00+00:00,7.352944906,14056.53434
2025-09-11 06:30:00+00:00,7.373982143,14018.07188
2025-09-11 06:35:00+00:00,7.332400977,13995.62239
2025-09-11 06:40:00+00:00,7.382146154,13934.886
2025-09-11 06:45:00+00:00,7.372309524,13921.38
2025-09-11 06:50:00+00:00,7.32237468,13921.38
2025-09-11 06:55:00+00:00,7.394204244,13993.81753
2025-09-11 07:00:00+00:00,7.62,14222.24
2025-09-11 07:05:00+00:00,7.591833333,14236.83711
2025-09-11 07:10:00+00:00,7.532633644,14256.49708
2025-09-11 07:15:00+00:00,7.407939394,14148.22365
2025-09-11 07:20:00+00:00,7.685969697,14450.749
2025-09-11 07:25:00+00:00,7.879877778,14793.5365
2025-09-11 07:30:00+00:00,7.92434632,14944.27544
2025-09-11 07:35:00+00:00,8.283125,15124.50306
2025-09-11 07:40:00+00:00,8.548710477,15371.89241
2025-09-11 07:45:00+00:00,8.961714286,16144.2035
2025-09-11 07:50:00+00:00,9.101131579,16583.98217
2025-09-11 07:55:00+00:00,9.272414141,16855.37227
2025-09-11 08:00:00+00:00,9.777857143,17150.58686
2025-09-11 08:05:00+00:00,9.642166667,17633.3682
2025-09-11 08:10:00+00:00,10.02680556,17890.51115
2025-09-11 08:15:00+00:00,10.44981818,18123.27886
2025-09-11 08:20:00+00:00,10.40338817,18804.53906
2025-09-11 08:25:00+00:00,10.95659123,19058.084
2025-09-11 08:30:00+00:00,11.07569591,19195.568
2025-09-11 08:35:00+00:00,11.40193327,19598.63991
2025-09-11 08:40:00+00:00,11.59883333,20043.25271
2025-09-11 08:45:00+00:00,12.14640873,20545.265
2025-09-11 08:50:00+00:00,12.87711111,21118.958
2025-09-11 08:55:00+00:00,13.38923077,21695.976
2025-09-11 09:00:00+00:00,13.80809231,22089.22909
2025-09-11 09:05:00+00:00,14.10806461,22453.23133
2025-09-11 09:10:00+00:00,14.51557647,22975.50253
2025-09-11 09:15:00+00:00,14.94994869,23465.60276
2025-09-11 09:20:00+00:00,15.43903409,23764.24292
2025-09-11 09:25:00+00:00,16.28954697,24010.54024
2025-09-11 09:30:00+00:00,16.49842011,24548.1273
2025-09-11 09:35:00+00:00,17.38466667,25071.62554
2025-09-11 09:40:00+00:00,17.27477922,25504.85671
2025-09-11 09:45:00+00:00,17.44293016,25981.93911
2025-09-11 09:50:00+00:00,18.1008,26329.7396
2025-09-11 09:55:00+00:00,18.10230769,26414.11813
2025-09-11 10:00:00+00:00,18.28055758,26670.91855
2025-09-11 10:05:00+00:00,18.64041827,27101.29333
2025-09-11 10:10:00+00:00,18.51157895,27111.49429
2025-09-11 10:15:00+00:00,18.91686232,27165.26709
2025-09-11 10:20:00+00:00,18.78424074,27208.65596
2025-09-11 10:25:00+00:00,18.77947273,27343.93833
2025-09-11 10:30:00+00:00,19.22,27164.33
2025-09-11 10:35:00+00:00,18.76753497,27433.30292
2025-09-11 10:40:00+00:00,18.92167766,27299.60583
2025-09-11 10:45:00+00:00,18.58866667,27323.60554
2025-09-11 10:50:00+00:00,18.4207619,27256.77015
2025-09-11 10:55:00+00:00,18.49021429,27204.2475
2025-09-11 11:00:00+00:00,18.68879755,27174.4947
2025-09-11 11:05:00+00:00,18.45728333,27061.51934
2025-09-11 11:10:00+00:00,18.36648788,27103.61838
2025-09-11 11:15:00+00:00,18.45911111,27314.80693
2025-09-11 11:20:00+00:00,18.37527619,26990.3836
2025-09-11 11:25:00+00:00,18.81495906,27015.34742
2025-09-11 11:30:00+00:00,18.5784,27068.92622
2025-09-11 11:35:00+00:00,18.63263441,27158.1878
2025-09-11 11:40:00+00:00,18.98,27331.21
2025-09-11 11:45:00+00:00,18.91701534,27326.10428
2025-09-11 11:50:00+00:00,18.85168333,27490.073
2025-09-11 11:55:00+00:00,19.16,27576.8
2025-09-11 12:00:00+00:00,19.18991111,27524.85777
2025-09-11 12:05:00+00:00,19.3,27428.57
2025-09-11 12:10:00+00:00,19.43145833,27629.3075
2025-09-11 12:15:00+00:00,20.07060294,27767.74613
2025-09-11 12:20:00+00:00,19.30075368,27782.65389
2025-09-11 12:25:00+00:00,19.5418756,27719.55992
2025-09-11 12:30:00+00:00,20.04515017,27749.37154
2025-09-11 12:35:00+00:00,19.86190476,28076.693
2025-09-11 12:40:00+00:00,19.70687162,28012.9975
2025-09-11 12:45:00+00:00,19.58295773,28094.54383
2025-09-11 12:50:00+00:00,19.31735266,28131.66343
2025-09-11 12:55:00+00:00,19.86333333,28000.14119
2025-09-11 13:00:00+00:00,19.24898504,27994.94961
2025-09-11 13:05:00+00:00,19.51009524,27925.39086
2025-09-11 13:10:00+00:00,19.57053846,27847.27246
2025-09-11 13:15:00+00:00,18.93479167,27654.03722
2025-09-11 13:20:00+00:00,19.64425714,27638.76822
2025-09-11 13:25:00+00:00,19.91,27644.95
2025-09-11 13:30:00+00:00,19.65998381,27767.014
2025-09-11 13:35:00+00:00,19.53207517,28018.77023
2025-09-11 13:40:00+00:00,19.23705455,28015.81179
2025-09-11 13:45:00+00:00,19.46483333,28167.34857
2025-09-11 13:50:00+00:00,19.723125,28083.759
2025-09-11 13:55:00+00:00,19.8592369,28146.1898
2025-09-11 14:00:00+00:00,19.40083636,28098.54245
2025-09-11 14:05:00+00:00,19.39985749,28048.8671
2025-09-11 14:10:00+00:00,19.76144361,28120.09298
2025-09-11 14:15:00+00:00,19.52060526,27876.87889
2025-09-11 14:20:00+00:00,19.58904545,27954.70467
2025-09-11 14:25:00+00:00,19.60421591,28075.92653
2025-09-11 14:30:00+00:00,19.59277273,28112.07029
2025-09-11 14:35:00+00:00,19.56866667,28270.41233
2025-09-11 14:40:00+00:00,19.85610571,28386.73377
2025-09-11 14:45:00+00:00,19.20244444,28054.648
2025-09-11 14:50:00+00:00,19.38584762,28003.23156
2025-09-11 14:55:00+00:00,19.48174747,27877.3585
2025-09-11 15:00:00+00:00,16.72611111,25716.99462
2025-09-11 15:05:00+00:00,6.508318182,10098.09568
2025-09-11 15:10:00+00:00,4.243821053,6599.2073
2025-09-11 15:15:00+00:00,4.249643678,6784.725417
2025-09-11 15:20:00+00:00,4.3205,6615.690174
2025-09-11 15:25:00+00:00,4.354742512,6736.26
2025-09-11 15:30:00+00:00,4.364222222,6480.787361
2025-09-11 15:35:00+00:00,4.103863636,6744.043636
2025-09-11 15:40:00+00:00,4.304364593,6409.49
2025-09-11 15:45:00+00:00,4.366222838,6549.2195
2025-09-11 15:50:00+00:00,4.356205702,6700.7175
2025-09-11 15:55:00+00:00,4.245566667,6673.17
2025-09-11 16:00:00+00:00,4.300524292,6921.839812
2025-09-11 16:05:00+00:00,4.288042733,6603.206892
2025-09-11 16:10:00+00:00,4.189515152,5937.413667
2025-09-11 16:15:00+00:00,4.228331698,5803.466
2025-09-11 16:20:00+00:00,4.407963636,6416.095455
2025-09-11 16:25:00+00:00,4.48,6554.63
2025-09-11 16:30:00+00:00,4.365509158,6537.391247
2025-09-11 16:35:00+00:00,4.1311875,5956.83
2025-09-11 16:40:00+00:00,4.097272727,5957.8148
2025-09-11 16:45:00+00:00,4.358388889,6318.496
2025-09-11 16:50:00+00:00,4.264628571,6450.4544
2025-09-11 16:55:00+00:00,4.112807018,6419.920238
2025-09-11 17:00:00+00:00,4.202928322,6498.303958
2025-09-11 17:05:00+00:00,4.175053946,6174.402
2025-09-11 17:10:00+00:00,4.15,5873.33
2025-09-11 17:15:00+00:00,4.273636364,6192.689375
2025-09-11 17:20:00+00:00,4.455111111,6554.63
2025-09-11 17:25:00+00:00,4.2672,6488.321314
2025-09-11 17:30:00+00:00,4.272333333,6530.67
2025-09-11 17:35:00+00:00,4.334917647,6530.67
2025-09-11 17:40:00+00:00,4.249886364,6530.67
2025-09-11 17:45:00+00:00,4.359223684,6451.240714
2025-09-11 17:50:00+00:00,4.237386364,6168.66525
2025-09-11 17:55:00+00:00,4.165716475,6454.6185
2025-09-11 18:00:00+00:00,4.285504644,6496.6868
2025-09-11 18:05:00+00:00,4.389107071,6506.61
2025-09-11 18:10:00+00:00,4.160588911,6482.47
2025-09-11 18:15:00+00:00,4.350363636,6781.355
2025-09-11 18:20:00+00:00,4.107479814,6789.64
2025-09-11 18:25:00+00:00,3.992844828,6789.64
2025-09-11 18:30:00+00:00,4.206679426,6789.64
2025-09-11 18:35:00+00:00,4.295466667,6499.583231
2025-09-11 18:40:00+00:00,4.184655172,6345.069061
2025-09-11 18:45:00+00:00,4.245644056,6682.775556
2025-09-11 18:50:00+00:00,4.185385714,6652.211343
2025-09-11 18:55:00+00:00,3.976262626,6349.455
2025-09-11 19:00:00+00:00,0.954705882,1577.72
2025-09-11 19:05:00+00:00,0.03,0
2025-09-11 19:10:00+00:00,0.03,0
2025-09-11 19:15:00+00:00,0.03,0
2025-09-11 19:20:00+00:00,0.03,0
2025-09-11 19:25:00+00:00,0.03,0
2025-09-11 19:30:00+00:00,0.03,0
2025-09-11 19:35:00+00:00,0.03,0
2025-09-11 19:40:00+00:00,0.03,0
2025-09-11 19:45:00+00:00,0.03,0
2025-09-11 19:50:00+00:00,0.03,0
2025-09-11 19:55:00+00:00,0.03,0
2025-09-11 20:00:00+00:00,0.03,0
2025-09-11 20:05:00+00:00,0.03,0
2025-09-11 20:10:00+00:00,0.03,0
2025-09-11 20:15:00+00:00,0.03,0
2025-09-11 20:20:00+00:00,0.03,0
2025-09-11 20:25:00+00:00,0.03,0
2025-09-11 20:30:00+00:00,0.03,0
2025-09-11 20:35:00+00:00,0.03,0
2025-09-11 20:40:00+00:00,0.03,0
2025-09-11 20:45:00+00:00,0.03,0
2025-09-11 20:50:00+00:00,0.03,0
2025-09-11 20:55:00+00:00,0.03,0
2025-09-11 21:00:00+00:00,0.03,0
2025-09-11 21:05:00+00:00,0.03,0
2025-09-11 21:10:00+00:00,0.03,0
2025-09-11 21:15:00+00:00,0.03,0
2025-09-11 21:20:00+00:00,0.03,0
2025-09-11 21:25:00+00:00,0.03,0
2025-09-11 21:30:00+00:00,0.03,0
2025-09-11 21:35:00+00:00,0.03,0
2025-09-11 21:40:00+00:00,0.03,0
2025-09-11 21:45:00+00:00,0.03,0
2025-09-11 21:50:00+00:00,0.03,0
2025-09-11 21:55:00+00:00,0.03,0
2025-09-11 22:00:00+00:00,0.03,0
2025-09-11 22:05:00+00:00,0.03,0
2025-09-11 22:10:00+00:00,0.03,0
2025-09-11 22:15:00+00:00,0.03,0
2025-09-11 22:20:00+00:00,0.03,0
2025-09-11 22:25:00+00:00,0.03,0
2025-09-11 22:30:00+00:00,0.03,0
2025-09-11 22:35:00+00:00,0.03,0
2025-09-11 22:40:00+00:00,0.03,0
2025-09-11 22:45:00+00:00,0.03,0
2025-09-11 22:50:00+00:00,0.03,0
2025-09-11 22:55:00+00:00,0.03,0
2025-09-11 23:00:00+00:00,0.03,0
2025-09-11 23:05:00+00:00,0.03,0
2025-09-11 23:10:00+00:00,0.03,0
2025-09-11 23:15:00+00:00,0.03,0
2025-09-11 23:20:00+00:00,0.03,0
2025-09-11 23:25:00+00:00,0.03,0
2025-09-11 23:30:00+00:00,0.03,0
2025-09-11 23:35:00+00:00,0.03,0
2025-09-11 23:40:00+00:00,0.03,0
2025-09-11 23:45:00+00:00,0.03,0
2025-09-11 23:50:00+00:00,0.03,0
2025-09-11 23:55:00+00:00,0.03,0
2025-09-12 00:00:00+00:00,0.03,0
2025-09-12 00:05:00+00:00,0.03,0
2025-09-12 00:10:00+00:00,0.03,0
2025-09-12 00:15:00+00:00,0.03,0
2025-09-12 00:20:00+00:00,0.03,0
2025-09-12 00:25:00+00:00,0.03,0
2025-09-12 00:30:00+00:00,0.03,0
2025-09-12 00:35:00+00:00,0.03,0
2025-09-12 00:40:00+00:00,0.032033333,0
2025-09-12 00:45:00+00:00,0.067128205,0
2025-09-12 00:50:00+00:00,0.03,0
2025-09-12 00:55:00+00:00,0.03,0
2025-09-12 01:00:00+00:00,0.03,0
2025-09-12 01:05:00+00:00,0.03,0
2025-09-12 01:10:00+00:00,0.03,0
2025-09-12 01:15:00+00:00,0.03,0
2025-09-12 01:20:00+00:00,0.03,0
2025-09-12 01:25:00+00:00,0.03,0
2025-09-12 01:30:00+00:00,0.03,0
2025-09-12 01:35:00+00:00,0.03,0
2025-09-12 01:40:00+00:00,0.03,0
2025-09-12 01:45:00+00:00,0.030692308,0
2025-09-12 01:50:00+00:00,0.032004329,0
2025-09-12 01:55:00+00:00,0.03,0
2025-09-12 02:00:00+00:00,0.03,0
2025-09-12 02:05:00+00:00,0.03,0
2025-09-12 02:10:00+00:00,0.03,0
2025-09-12 02:15:00+00:00,0.03,0
2025-09-12 02:20:00+00:00,0.03,0
2025-09-12 02:25:00+00:00,0.03,0
2025-09-12 02:30:00+00:00,0.03,0
2025-09-12 02:35:00+00:00,0.03,0
2025-09-12 02:40:00+00:00,0.03,0
2025-09-12 02:45:00+00:00,0.03,0
2025-09-12 02:50:00+00:00,0.03,0
2025-09-12 02:55:00+00:00,0.03,0
2025-09-12 03:00:00+00:00,0.03,0
2025-09-12 03:05:00+00:00,0.03,0
2025-09-12 03:10:00+00:00,5.124638756,6796.36325
2025-09-12 03:15:00+00:00,13.82011069,16100.73571
2025-09-12 03:20:00+00:00,11.37188889,14422.776
2025-09-12 03:25:00+00:00,4.562877193,8889.72
2025-09-12 03:30:00+00:00,4.64899798,8874.842031
2025-09-12 03:35:00+00:00,4.817153846,8611.985
2025-09-12 03:40:00+00:00,4.603220779,8595.584
2025-09-12 03:45:00+00:00,4.584210526,8750.316667
2025-09-12 03:50:00+00:00,4.602,9029.114
2025-09-12 03:55:00+00:00,4.613517921,8818.89
2025-09-12 04:00:00+00:00,4.575833333,9000.58875
2025-09-12 04:05:00+00:00,4.820291866,9396.515
2025-09-12 04:10:00+00:00,5.313,10380.93125
2025-09-12 04:15:00+00:00,5.592181197,11138.4946
2025-09-12 04:20:00+00:00,5.9905,12093.06159
2025-09-12 04:25:00+00:00,6.385566322,12538.84674
2025-09-12 04:30:00+00:00,6.53680636,12924.36125
2025-09-12 04:35:00+00:00,6.679659919,13482.9744
2025-09-12 04:40:00+00:00,6.964464799,13762.16602
2025-09-12 04:45:00+00:00,6.830775439,14018.52771
2025-09-12 04:50:00+00:00,7.165673882,14301.204
2025-09-12 04:55:00+00:00,7.046120915,14303.24677
2025-09-12 05:00:00+00:00,7.151631579,14441.05
2025-09-12 05:05:00+00:00,7.226571429,14419.27662
2025-09-12 05:10:00+00:00,7.255403461,14440.32107
2025-09-12 05:15:00+00:00,7.338534635,14599.93462
2025-09-12 05:20:00+00:00,7.43646675,14707.2505
2025-09-12 05:25:00+00:00,7.445128205,14976.088
2025-09-12 05:30:00+00:00,7.555076923,15099.31467
2025-09-12 05:35:00+00:00,7.619019841,15151.08
2025-09-12 05:40:00+00:00,7.523156863,15261.02176
2025-09-12 05:45:00+00:00,7.68294389,15508.3089
2025-09-12 05:50:00+00:00,7.907994298,15598.9025
2025-09-12 05:55:00+00:00,8.024050866,15700.54083
2025-09-12 06:00:00+00:00,8.016945896,15856.11914
2025-09-12 06:05:00+00:00,7.986110367,15815.81909
2025-09-12 06:10:00+00:00,8.056847727,15564.24275
2025-09-12 06:15:00+00:00,7.965172414,15704.92
2025-09-12 06:20:00+00:00,8.177481482,15783.94185
2025-09-12 06:25:00+00:00,7.963740741,15917.599
2025-09-12 06:30:00+00:00,8.168428571,15876.64
2025-09-12 06:35:00+00:00,8.269773913,15786.518
2025-09-12 06:40:00+00:00,8.262488312,15909.91178
2025-09-12 06:45:00+00:00,8.234252101,16145.60009
2025-09-12 06:50:00+00:00,8.352019231,16000.32428
2025-09-12 06:55:00+00:00,8.428412698,16090.7275
2025-09-12 07:00:00+00:00,8.151025641,15956.16533
2025-09-12 07:05:00+00:00,8.710984615,16068.92489
2025-09-12 07:10:00+00:00,8.868338527,16194.18067
2025-09-12 07:15:00+00:00,8.45,16346.3552
2025-09-12 07:20:00+00:00,8.785,16602.84
2025-09-12 07:25:00+00:00,8.64955,16466.144
2025-09-12 07:30:00+00:00,8.683673684,16548.57727
2025-09-12 07:35:00+00:00,8.749575758,16767.4
2025-09-12 07:40:00+00:00,8.75,16827.98
2025-09-12 07:45:00+00:00,8.908353846,17030.72032
2025-09-12 07:50:00+00:00,9.306716578,17194.724
2025-09-12 07:55:00+00:00,9.354251918,17290.6275
2025-09-12 08:00:00+00:00,9.47305852,17516.36733
2025-09-12 08:05:00+00:00,9.614933333,17811.93111
2025-09-12 08:10:00+00:00,9.670233333,17989.3625
2025-09-12 08:15:00+00:00,9.962769231,18274.244
2025-09-12 08:20:00+00:00,10.08470707,18473.7792
2025-09-12 08:25:00+00:00,10.15,18547.75
2025-09-12 08:30:00+00:00,10.29287939,18532.62
2025-09-12 08:35:00+00:00,10.44615353,18653.096
2025-09-12 08:40:00+00:00,10.40601667,18896.46152
2025-09-12 08:45:00+00:00,10.52211515,18994.829
2025-09-12 08:50:00+00:00,10.63658042,19041.962
2025-09-12 08:55:00+00:00,10.73071795,19290.322
2025-09-12 09:00:00+00:00,10.65770578,19337.52971
2025-09-12 09:05:00+00:00,11.19541667,19453.91271
2025-09-12 09:10:00+00:00,11.26477296,19934.15428
2025-09-12 09:15:00+00:00,11.53676282,19949.96309
2025-09-12 09:20:00+00:00,11.58068651,20213.19891
2025-09-12 09:25:00+00:00,12.0072619,20502.04
2025-09-12 09:30:00+00:00,12.08748252,20381.59333
2025-09-12 09:35:00+00:00,12.73353846,21321.746
2025-09-12 09:40:00+00:00,12.68096,21329.49571
2025-09-12 09:45:00+00:00,12.9325,21507.65939
2025-09-12 09:50:00+00:00,12.99326305,21765.652
2025-09-12 09:55:00+00:00,13.15899896,22103.25953
2025-09-12 10:00:00+00:00,13.70829167,22280.68
2025-09-12 10:05:00+00:00,13.93396528,22585.26125
2025-09-12 10:10:00+00:00,13.82217778,22556.394
2025-09-12 10:15:00+00:00,13.75034008,22676.18629
2025-09-12 10:20:00+00:00,13.72157583,22817.5035
2025-09-12 10:25:00+00:00,13.56887368,22784.94514
2025-09-12 10:30:00+00:00,13.74171465,22708.28079
2025-09-12 10:35:00+00:00,13.82604021,22599.38
2025-09-12 10:40:00+00:00,13.75529062,22512.1896
2025-09-12 10:45:00+00:00,13.57872632,22432.64832
2025-09-12 10:50:00+00:00,13.8308,22521.84948
2025-09-12 10:55:00+00:00,14.05625418,22628.23725
2025-09-12 11:00:00+00:00,13.82541582,22655.98585
2025-09-12 11:05:00+00:00,13.07390783,22629.82
2025-09-12 11:10:00+00:00,13.49731629,22642.60171
2025-09-12 11:15:00+00:00,13.54606897,22690.772
2025-09-12 11:20:00+00:00,13.75353571,22499.25776
2025-09-12 11:25:00+00:00,13.88883401,22769.68898
2025-09-12 11:30:00+00:00,13.99706,22928.26886
2025-09-12 11:35:00+00:00,13.99945313,23082.6
2025-09-12 11:40:00+00:00,13.85674917,23075.64668
2025-09-12 11:45:00+00:00,14.11772028,23079.06743
2025-09-12 11:50:00+00:00,13.88472222,22930.37667
2025-09-12 11:55:00+00:00,14.283,22993.924
2025-09-12 12:00:00+00:00,14.4832,23394.66103
2025-09-12 12:05:00+00:00,14.59393736,23178.12236
2025-09-12 12:10:00+00:00,14.47676657,23318.07364
2025-09-12 12:15:00+00:00,14.51104775,23409.88937
2025-09-12 12:20:00+00:00,14.43450909,23204.0596
2025-09-12 12:25:00+00:00,14.98109091,23516.84069
2025-09-12 12:30:00+00:00,14.0145,23458.63876
2025-09-12 12:35:00+00:00,14.45095652,23842.06667
2025-09-12 12:40:00+00:00,14.72040515,23690.05181
2025-09-12 12:45:00+00:00,14.47306364,23493.66804
2025-09-12 12:50:00+00:00,14.49587126,23591.45275
2025-09-12 12:55:00+00:00,14.54487719,23555.4512
2025-09-12 13:00:00+00:00,14.31130909,23614.66444
2025-09-12 13:05:00+00:00,14.19,23672.84
2025-09-12 13:10:00+00:00,14.08909091,23411.384
2025-09-12 13:15:00+00:00,14.13513889,23209.11643
2025-09-12 13:20:00+00:00,14.03438095,23159.1824
2025-09-12 13:25:00+00:00,13.97854545,23055.42925
2025-09-12 13:30:00+00:00,14.19062308,22987.07333
2025-09-12 13:35:00+00:00,13.81876667,22745.62083
2025-09-12 13:40:00+00:00,13.16108,22494.87907
2025-09-12 13:45:00+00:00,12.94689344,22118.7968
2025-09-12 13:50:00+00:00,12.7746609,21759.24036
2025-09-12 13:55:00+00:00,12.4193913,21479.376
2025-09-12 14:00:00+00:00,6.894576923,12454.68
2025-09-12 14:05:00+00:00,0.03,0
2025-09-12 14:10:00+00:00,0.03,0
2025-09-12 14:15:00+00:00,0.03,0
2025-09-12 14:20:00+00:00,0.03,0
2025-09-12 14:25:00+00:00,0.031230769,0
2025-09-12 14:30:00+00:00,0.030727273,0
2025-09-12 14:35:00+00:00,0.03,0
2025-09-12 14:40:00+00:00,0.03,0
2025-09-12 14:45:00+00:00,0.03,0
2025-09-12 14:50:00+00:00,0.03,0
2025-09-12 14:55:00+00:00,0.03,0
2025-09-12 15:00:00+00:00,0.03,0
2025-09-12 15:05:00+00:00,0.03,0
2025-09-12 15:10:00+00:00,0.03,0
2025-09-12 15:15:00+00:00,0.03,0
2025-09-12 15:20:00+00:00,0.03,0
2025-09-12 15:25:00+00:00,0.03,0
2025-09-12 15:30:00+00:00,0.03,0
2025-09-12 15:35:00+00:00,0.03,0
2025-09-12 15:40:00+00:00,0.03,0
2025-09-12 15:45:00+00:00,0.03,0
2025-09-12 15:50:00+00:00,0.03,0
2025-09-12 15:55:00+00:00,0.03,0
2025-09-12 16:00:00+00:00,0.03,0
2025-09-12 16:05:00+00:00,0.03,0
2025-09-12 16:10:00+00:00,0.03,0
2025-09-12 16:15:00+00:00,0.03,0
2025-09-12 16:20:00+00:00,0.03,0
2025-09-12 16:25:00+00:00,0.03,0
2025-09-12 16:30:00+00:00,0.03,0
2025-09-12 16:35:00+00:00,0.03,0
2025-09-12 16:40:00+00:00,0.03,0
2025-09-12 16:45:00+00:00,0.03,0
2025-09-12 16:50:00+00:00,0.03,0
2025-09-12 16:55:00+00:00,0.03,0
2025-09-12 17:00:00+00:00,0.03,0
2025-09-12 17:05:00+00:00,0.03,0
2025-09-12 17:10:00+00:00,0.03,0
2025-09-12 17:15:00+00:00,0.03,0
2025-09-12 17:20:00+00:00,0.03,0
2025-09-12 17:25:00+00:00,0.03,0
2025-09-12 17:30:00+00:00,0.03,0
2025-09-12 17:35:00+00:00,0.03,0
2025-09-12 17:40:00+00:00,0.03,0
2025-09-12 17:45:00+00:00,0.03,0
2025-09-12 17:50:00+00:00,0.03,0
2025-09-12 17:55:00+00:00,0.03,0
2025-09-12 18:00:00+00:00,0.03,0
2025-09-12 18:05:00+00:00,0.03,0
2025-09-12 18:10:00+00:00,0.03,0
2025-09-12 18:15:00+00:00,0.03,0
2025-09-12 18:20:00+00:00,0.03,0
2025-09-12 18:25:00+00:00,0.03,0
2025-09-12 18:30:00+00:00,0.03,0
2025-09-12 18:35:00+00:00,0.03,0
2025-09-12 18:40:00+00:00,0.03,0
2025-09-12 18:45:00+00:00,0.03,0
2025-09-12 18:50:00+00:00,0.03,0
2025-09-12 18:55:00+00:00,0.03,0
2025-09-12 19:00:00+00:00,0.03,0
2025-09-12 19:05:00+00:00,0.03,0
2025-09-12 19:10:00+00:00,0.03,0
2025-09-12 19:15:00+00:00,0.03,0
2025-09-12 19:20:00+00:00,0.03,0
2025-09-12 19:25:00+00:00,0.03,0
2025-09-12 19:30:00+00:00,0.03,0
2025-09-12 19:35:00+00:00,0.03,0
2025-09-12 19:40:00+00:00,0.03,0
2025-09-12 19:45:00+00:00,0.03,0
2025-09-12 19:50:00+00:00,0.03,0
2025-09-12 19:55:00+00:00,0.03,0
2025-09-12 20:00:00+00:00,0.03,0
2025-09-12 20:05:00+00:00,0.03,0
2025-09-12 20:10:00+00:00,0.03,0
2025-09-12 20:15:00+00:00,0.03,0
2025-09-12 20:20:00+00:00,0.03,0
2025-09-12 20:25:00+00:00,0.03,0
2025-09-12 20:30:00+00:00,0.03,0
2025-09-12 20:35:00+00:00,0.03,0
2025-09-12 20:40:00+00:00,0.03,0
2025-09-12 20:45:00+00:00,0.03,0
2025-09-12 20:50:00+00:00,0.03,0
2025-09-12 20:55:00+00:00,0.03,0
2025-09-12 21:00:00+00:00,0.03,0
2025-09-12 21:05:00+00:00,0.033434211,0
2025-09-12 21:10:00+00:00,0.03,0
2025-09-12 21:15:00+00:00,0.03,0
2025-09-12 21:20:00+00:00,0.052758621,0
2025-09-12 21:25:00+00:00,0.11,0
2025-09-12 21:30:00+00:00,0.11,0
2025-09-12 21:35:00+00:00,0.11,0
2025-09-12 21:40:00+00:00,0.11,0
2025-09-12 21:45:00+00:00,0.097809524,0
2025-09-12 21:50:00+00:00,0.037111111,0
2025-09-12 21:55:00+00:00,0.03,0
2025-09-12 22:00:00+00:00,0.03,0
2025-09-12 22:05:00+00:00,0.03,0
2025-09-12 22:10:00+00:00,0.03,0
2025-09-12 22:15:00+00:00,0.03,0
2025-09-12 22:20:00+00:00,0.03,0
2025-09-12 22:25:00+00:00,0.033368421,0
2025-09-12 22:30:00+00:00,0.085342995,0
2025-09-12 22:35:00+00:00,0.03,0
2025-09-12 22:40:00+00:00,0.03,0
2025-09-12 22:45:00+00:00,0.03,0
2025-09-12 22:50:00+00:00,0.03,0
2025-09-12 22:55:00+00:00,0.100787879,0
2025-09-12 23:00:00+00:00,0.11,0
2025-09-12 23:05:00+00:00,0.11,0
2025-09-12 23:10:00+00:00,0.11,0
2025-09-12 23:15:00+00:00,0.11,0
2025-09-12 23:20:00+00:00,0.11,0
2025-09-12 23:25:00+00:00,0.11,0
2025-09-12 23:30:00+00:00,0.11,0
2025-09-12 23:35:00+00:00,0.11,0
2025-09-12 23:40:00+00:00,0.11,0
2025-09-12 23:45:00+00:00,0.11,0
2025-09-12 23:50:00+00:00,0.1255,0
2025-09-12 23:55:00+00:00,0.121538462,0
2025-09-13 00:00:00+00:00,0.11,0
2025-09-13 00:05:00+00:00,0.11,0
2025-09-13 00:10:00+00:00,0.076424242,0
2025-09-13 00:15:00+00:00,0.03,0
2025-09-13 00:20:00+00:00,0.03,0
2025-09-13 00:25:00+00:00,0.03,0
2025-09-13 00:30:00+00:00,0.03,0
2025-09-13 00:35:00+00:00,0.03,0
2025-09-13 00:40:00+00:00,0.03,0
2025-09-13 00:45:00+00:00,0.03,0
2025-09-13 00:50:00+00:00,0.03,0
2025-09-13 00:55:00+00:00,0.03,0
2025-09-13 01:00:00+00:00,0.03,0
2025-09-13 01:05:00+00:00,0.03,0
2025-09-13 01:10:00+00:00,0.03,0
2025-09-13 01:15:00+00:00,0.03,0
2025-09-13 01:20:00+00:00,0.03,0
2025-09-13 01:25:00+00:00,0.03,0
2025-09-13 01:30:00+00:00,0.084046823,0
2025-09-13 01:35:00+00:00,0.108117647,0
2025-09-13 01:40:00+00:00,0.11,0
2025-09-13 01:45:00+00:00,0.11,0
2025-09-13 01:50:00+00:00,0.11,0
2025-09-13 01:55:00+00:00,0.11,0
2025-09-13 02:00:00+00:00,0.11,0
2025-09-13 02:05:00+00:00,0.11,0
2025-09-13 02:10:00+00:00,0.11,0
2025-09-13 02:15:00+00:00,0.11,0
2025-09-13 02:20:00+00:00,0.11,0
2025-09-13 02:25:00+00:00,0.11,0
2025-09-13 02:30:00+00:00,0.11,0
2025-09-13 02:35:00+00:00,0.106878307,0
2025-09-13 02:40:00+00:00,0.11,0
2025-09-13 02:45:00+00:00,0.0828,0
2025-09-13 02:50:00+00:00,0.054565657,0
2025-09-13 02:55:00+00:00,0.076666667,0
2025-09-13 03:00:00+00:00,0.0544,0
2025-09-13 03:05:00+00:00,0.109615954,0
2025-09-13 03:10:00+00:00,0.03,0
2025-09-13 03:15:00+00:00,0.03,0
2025-09-13 03:20:00+00:00,0.03,0
2025-09-13 03:25:00+00:00,0.03,0
2025-09-13 03:30:00+00:00,0.03,0
2025-09-13 03:35:00+00:00,0.03,0
2025-09-13 03:40:00+00:00,0.03,0
2025-09-13 03:45:00+00:00,0.03,0
2025-09-13 03:50:00+00:00,0.03,0
2025-09-13 03:55:00+00:00,0.03,0
2025-09-13 04:00:00+00:00,0.03,0
2025-09-13 04:05:00+00:00,0.03,0
2025-09-13 04:10:00+00:00,0.03,0
2025-09-13 04:15:00+00:00,0.03,0
2025-09-13 04:20:00+00:00,0.03,0
2025-09-13 04:25:00+00:00,0.03,0
2025-09-13 04:30:00+00:00,0.03,0
2025-09-13 04:35:00+00:00,0.03,0
2025-09-13 04:40:00+00:00,0.03,0
2025-09-13 04:45:00+00:00,0.03,0
2025-09-13 04:50:00+00:00,0.03,0
2025-09-13 04:55:00+00:00,0.03,0
2025-09-13 05:00:00+00:00,0.03,0
2025-09-13 05:05:00+00:00,0.03,0
2025-09-13 05:10:00+00:00,0.03,0
2025-09-13 05:15:00+00:00,0.03,0
2025-09-13 05:20:00+00:00,0.03,0
2025-09-13 05:25:00+00:00,0.03,0
2025-09-13 05:30:00+00:00,0.03,0
2025-09-13 05:35:00+00:00,0.03,0
2025-09-13 05:40:00+00:00,0.03,0
2025-09-13 05:45:00+00:00,0.03,0
2025-09-13 05:50:00+00:00,0.03,0
2025-09-13 05:55:00+00:00,0.03,0
2025-09-13 06:00:00+00:00,0.03,0
2025-09-13 06:05:00+00:00,0.03,0
2025-09-13 06:10:00+00:00,0.03,0
2025-09-13 06:15:00+00:00,0.03,0
2025-09-13 06:20:00+00:00,0.03,0
2025-09-13 06:25:00+00:00,0.03,0
2025-09-13 06:30:00+00:00,0.03,0
2025-09-13 06:35:00+00:00,0.03,0
2025-09-13 06:40:00+00:00,0.03,0
2025-09-13 06:45:00+00:00,0.03,0
2025-09-13 06:50:00+00:00,0.03,0
2025-09-13 06:55:00+00:00,0.03,0
2025-09-13 07:00:00+00:00,0.03,0
2025-09-13 07:05:00+00:00,0.03,0
2025-09-13 07:10:00+00:00,0.03,0
2025-09-13 07:15:00+00:00,0.03,0
2025-09-13 07:20:00+00:00,0.03,0
2025-09-13 07:25:00+00:00,0.03,0
2025-09-13 07:30:00+00:00,0.03,0
2025-09-13 07:35:00+00:00,0.03,0
2025-09-13 07:40:00+00:00,0.03,0
2025-09-13 07:45:00+00:00,0.03,0
2025-09-13 07:50:00+00:00,0.03,0
2025-09-13 07:55:00+00:00,0.03,0
2025-09-13 08:00:00+00:00,0.03,0
2025-09-13 08:05:00+00:00,0.03,0
2025-09-13 08:10:00+00:00,0.03,0
2025-09-13 08:15:00+00:00,0.03,0
2025-09-13 08:20:00+00:00,0.03,0
2025-09-13 08:25:00+00:00,0.03,0
2025-09-13 08:30:00+00:00,0.03,0
2025-09-13 08:35:00+00:00,0.03,0
2025-09-13 08:40:00+00:00,0.03,0
2025-09-13 08:45:00+00:00,0.03,0
2025-09-13 08:50:00+00:00,0.03,0
2025-09-13 08:55:00+00:00,0.03,0
2025-09-13 09:00:00+00:00,0.03,0
2025-09-13 09:05:00+00:00,0.03,0
2025-09-13 09:10:00+00:00,0.03,0
2025-09-13 09:15:00+00:00,0.03,0
2025-09-13 09:20:00+00:00,0.03,0
2025-09-13 09:25:00+00:00,0.03,0
2025-09-13 09:30:00+00:00,0.03,0
2025-09-13 09:35:00+00:00,0.03,0
2025-09-13 09:40:00+00:00,0.03,0
2025-09-13 09:45:00+00:00,0.03,0
2025-09-13 09:50:00+00:00,0.03,0
2025-09-13 09:55:00+00:00,0.03,0
2025-09-13 10:00:00+00:00,0.03,0
2025-09-13 10:05:00+00:00,0.03,0
2025-09-13 10:10:00+00:00,0.03,0
2025-09-13 10:15:00+00:00,0.03,0
2025-09-13 10:20:00+00:00,0.032149451,0
2025-09-13 10:25:00+00:00,0.03234918,0
2025-09-13 10:30:00+00:00,0.030800395,0
2025-09-13 10:35:00+00:00,0.03,0
2025-09-13 10:40:00+00:00,0.03,0
2025-09-13 10:45:00+00:00,0.03,0
2025-09-13 10:50:00+00:00,0.03,0
2025-09-13 10:55:00+00:00,0.03,0
2025-09-13 11:00:00+00:00,0.03,0
2025-09-13 11:05:00+00:00,0.03,0
2025-09-13 11:10:00+00:00,0.03,0
2025-09-13 11:15:00+00:00,0.03,0
2025-09-13 11:20:00+00:00,0.03,0
2025-09-13 11:25:00+00:00,0.03,0
2025-09-13 11:30:00+00:00,0.03,0
2025-09-13 11:35:00+00:00,0.03,0
2025-09-13 11:40:00+00:00,0.03,0
2025-09-13 11:45:00+00:00,0.03,0
2025-09-13 11:50:00+00:00,0.03,0
2025-09-13 11:55:00+00:00,0.03,0
2025-09-13 12:00:00+00:00,0.03,0
2025-09-13 12:05:00+00:00,0.03,0
2025-09-13 12:10:00+00:00,0.03,0
2025-09-13 12:15:00+00:00,0.03,0
2025-09-13 12:20:00+00:00,0.03,0
2025-09-13 12:25:00+00:00,0.03,0
2025-09-13 12:30:00+00:00,0.03,0
2025-09-13 12:35:00+00:00,0.03,0
2025-09-13 12:40:00+00:00,0.03,0
2025-09-13 12:45:00+00:00,0.03,0
2025-09-13 12:50:00+00:00,0.03,0
2025-09-13 12:55:00+00:00,0.03,0
2025-09-13 13:00:00+00:00,0.03,0
2025-09-13 13:05:00+00:00,0.030171429,0
2025-09-13 13:10:00+00:00,0.03,0
2025-09-13 13:15:00+00:00,0.03,0
2025-09-13 13:20:00+00:00,0.03,0
2025-09-13 13:25:00+00:00,0.03,0
2025-09-13 13:30:00+00:00,0.03,0
2025-09-13 13:35:00+00:00,0.03,0
2025-09-13 13:40:00+00:00,0.03,0
2025-09-13 13:45:00+00:00,0.03,0
2025-09-13 13:50:00+00:00,0.03,0
2025-09-13 13:55:00+00:00,0.03,0
2025-09-13 14:00:00+00:00,0.03,0
2025-09-13 14:05:00+00:00,0.03,0
2025-09-13 14:10:00+00:00,0.03,0
2025-09-13 14:15:00+00:00,0.03,0
2025-09-13 14:20:00+00:00,0.03,0
2025-09-13 14:25:00+00:00,0.03,0
2025-09-13 14:30:00+00:00,0.03,0
2025-09-13 14:35:00+00:00,0.03,0
2025-09-13 14:40:00+00:00,0.03,0
2025-09-13 14:45:00+00:00,0.03,0
2025-09-13 14:50:00+00:00,0.03,0
2025-09-13 14:55:00+00:00,0.03,0
2025-09-13 15:00:00+00:00,0.03,0
2025-09-13 15:05:00+00:00,0.03,0
2025-09-13 15:10:00+00:00,0.03,0
2025-09-13 15:15:00+00:00,0.03,0
2025-09-13 15:20:00+00:00,0.03,0
2025-09-13 15:25:00+00:00,0.03,0
2025-09-13 15:30:00+00:00,0.03,0
2025-09-13 15:35:00+00:00,0.03,0
2025-09-13 15:40:00+00:00,0.03,0
2025-09-13 15:45:00+00:00,0.03,0
2025-09-13 15:50:00+00:00,0.03,0
2025-09-13 15:55:00+00:00,0.03,0
2025-09-13 16:00:00+00:00,0.03,0
2025-09-13 16:05:00+00:00,0.03,0
2025-09-13 16:10:00+00:00,0.03,0
2025-09-13 16:15:00+00:00,0.03,0
2025-09-13 16:20:00+00:00,0.03,0
2025-09-13 16:25:00+00:00,0.03,0
2025-09-13 16:30:00+00:00,0.03,0
2025-09-13 16:35:00+00:00,0.03,0
2025-09-13 16:40:00+00:00,0.03,0
2025-09-13 16:45:00+00:00,0.03,0
2025-09-13 16:50:00+00:00,0.03,0
2025-09-13 16:55:00+00:00,0.03,0
2025-09-13 17:00:00+00:00,0.03,0
2025-09-13 17:05:00+00:00,0.03,0
2025-09-13 17:10:00+00:00,0.03,0
2025-09-13 17:15:00+00:00,0.03,0
2025-09-13 17:20:00+00:00,0.03,0
2025-09-13 17:25:00+00:00,0.03,0
2025-09-13 17:30:00+00:00,0.03,0
2025-09-13 17:35:00+00:00,0.03,0
2025-09-13 17:40:00+00:00,0.03,0
2025-09-13 17:45:00+00:00,0.03,0
2025-09-13 17:50:00+00:00,0.03,0
2025-09-13 17:55:00+00:00,0.03,0
2025-09-13 18:00:00+00:00,0.03,0
2025-09-13 18:05:00+00:00,0.03,0
2025-09-13 18:10:00+00:00,0.03,0
2025-09-13 18:15:00+00:00,0.03,0
2025-09-13 18:20:00+00:00,0.03,0
2025-09-13 18:25:00+00:00,0.03,0
2025-09-13 18:30:00+00:00,0.03,0
2025-09-13 18:35:00+00:00,0.03,0
2025-09-13 18:40:00+00:00,0.03,0
2025-09-13 18:45:00+00:00,0.03,0
2025-09-13 18:50:00+00:00,0.03,0
2025-09-13 18:55:00+00:00,0.03,0
2025-09-13 19:00:00+00:00,0.03,0
2025-09-13 19:05:00+00:00,0.03,0
2025-09-13 19:10:00+00:00,0.03,0
2025-09-13 19:15:00+00:00,0.03,0
2025-09-13 19:20:00+00:00,0.03,0
2025-09-13 19:25:00+00:00,0.03,0
2025-09-13 19:30:00+00:00,0.03,0
2025-09-13 19:35:00+00:00,0.03,0
2025-09-13 19:40:00+00:00,0.03,0
2025-09-13 19:45:00+00:00,0.03,0
2025-09-13 19:50:00+00:00,0.03,0
2025-09-13 19:55:00+00:00,0.03,0
2025-09-13 20:00:00+00:00,0.03,0
2025-09-13 20:05:00+00:00,0.03,0
2025-09-13 20:10:00+00:00,0.03,0
2025-09-13 20:15:00+00:00,0.03,0
2025-09-13 20:20:00+00:00,0.03,0
2025-09-13 20:25:00+00:00,0.03,0
2025-09-13 20:30:00+00:00,0.03,0
2025-09-13 20:35:00+00:00,0.03,0
2025-09-13 20:40:00+00:00,0.03,0
2025-09-13 20:45:00+00:00,0.03,0
2025-09-13 20:50:00+00:00,0.03,0
2025-09-13 20:55:00+00:00,0.03,0
2025-09-13 21:00:00+00:00,0.03,0
2025-09-13 21:05:00+00:00,0.03,0
2025-09-13 21:10:00+00:00,0.03,0
2025-09-13 21:15:00+00:00,0.03,0
2025-09-13 21:20:00+00:00,0.03,0
2025-09-13 21:25:00+00:00,0.03,0
2025-09-13 21:30:00+00:00,0.03,0
2025-09-13 21:35:00+00:00,0.03,0
2025-09-13 21:40:00+00:00,0.03,0
2025-09-13 21:45:00+00:00,0.03,0
2025-09-13 21:50:00+00:00,0.03,0
2025-09-13 21:55:00+00:00,0.03,0
2025-09-13 22:00:00+00:00,0.03,0
2025-09-13 22:05:00+00:00,0.03,0
2025-09-13 22:10:00+00:00,0.03,0
2025-09-13 22:15:00+00:00,0.03,0
2025-09-13 22:20:00+00:00,0.03,0
2025-09-13 22:25:00+00:00,0.03,0
2025-09-13 22:30:00+00:00,0.0315,0
2025-09-13 22:35:00+00:00,0.03,0
2025-09-13 22:40:00+00:00,0.03,0
2025-09-13 22:45:00+00:00,0.03,0
2025-09-13 22:50:00+00:00,0.03,0
2025-09-13 22:55:00+00:00,0.03,0
2025-09-13 23:00:00+00:00,0.03,0
2025-09-13 23:05:00+00:00,0.03,0
2025-09-13 23:10:00+00:00,0.03,0
2025-09-13 23:15:00+00:00,0.03,0
2025-09-13 23:20:00+00:00,0.03,0
2025-09-13 23:25:00+00:00,0.03,0
2025-09-13 23:30:00+00:00,0.03,0
2025-09-13 23:35:00+00:00,0.030421053,0
2025-09-13 23:40:00+00:00,0.03,0
2025-09-13 23:45:00+00:00,0.03,0
2025-09-13 23:50:00+00:00,0.03,0
2025-09-13 23:55:00+00:00,0.03,0
2025-09-14 00:00:00+00:00,0.03,0
2025-09-14 00:05:00+00:00,0.03,0
2025-09-14 00:10:00+00:00,0.03,0
2025-09-14 00:15:00+00:00,0.03,0
2025-09-14 00:20:00+00:00,0.03,0
2025-09-14 00:25:00+00:00,0.03,0
2025-09-14 00:30:00+00:00,0.03,0
2025-09-14 00:35:00+00:00,0.03,0
2025-09-14 00:40:00+00:00,0.03,0
2025-09-14 00:45:00+00:00,0.03,0
2025-09-14 00:50:00+00:00,0.03,0
2025-09-14 00:55:00+00:00,0.03,0
2025-09-14 01:00:00+00:00,0.03,0
2025-09-14 01:05:00+00:00,0.03,0
2025-09-14 01:10:00+00:00,0.03,0
2025-09-14 01:15:00+00:00,0.03,0
2025-09-14 01:20:00+00:00,0.03,0
2025-09-14 01:25:00+00:00,0.03,0
2025-09-14 01:30:00+00:00,0.03,0
2025-09-14 01:35:00+00:00,0.03,0
2025-09-14 01:40:00+00:00,0.03,0
2025-09-14 01:45:00+00:00,0.03,0
2025-09-14 01:50:00+00:00,0.03,0
2025-09-14 01:55:00+00:00,0.03,0
2025-09-14 02:00:00+00:00,0.03,0
2025-09-14 02:05:00+00:00,0.03,0
2025-09-14 02:10:00+00:00,0.03,0
2025-09-14 02:15:00+00:00,0.03,0
2025-09-14 02:20:00+00:00,0.030526316,0
2025-09-14 02:25:00+00:00,0.03,0
2025-09-14 02:30:00+00:00,0.03,0
2025-09-14 02:35:00+00:00,0.03,0
2025-09-14 02:40:00+00:00,0.03,0
2025-09-14 02:45:00+00:00,0.03,0
2025-09-14 02:50:00+00:00,0.03,0
2025-09-14 02:55:00+00:00,0.03,0
2025-09-14 03:00:00+00:00,0.03,0
2025-09-14 03:05:00+00:00,0.03,0
2025-09-14 03:10:00+00:00,0.03,0
2025-09-14 03:15:00+00:00,0.03,0
2025-09-14 03:20:00+00:00,0.03,0
2025-09-14 03:25:00+00:00,0.03,0
2025-09-14 03:30:00+00:00,0.03,0
2025-09-14 03:35:00+00:00,0.03,0
2025-09-14 03:40:00+00:00,0.03,0
2025-09-14 03:45:00+00:00,0.03,0
2025-09-14 03:50:00+00:00,0.03,0
2025-09-14 03:55:00+00:00,0.03,0
2025-09-14 04:00:00+00:00,0.03,0
2025-09-14 04:05:00+00:00,0.03,0
2025-09-14 04:10:00+00:00,0.03,0
2025-09-14 04:15:00+00:00,0.03,0
2025-09-14 04:20:00+00:00,0.03,0
2025-09-14 04:25:00+00:00,0.03,0
2025-09-14 04:30:00+00:00,0.03,0
2025-09-14 04:35:00+00:00,0.03,0
2025-09-14 04:40:00+00:00,0.03,0
2025-09-14 04:45:00+00:00,0.03,0
2025-09-14 04:50:00+00:00,0.03,0
2025-09-14 04:55:00+00:00,0.03,0
2025-09-14 05:00:00+00:00,0.03,0
2025-09-14 05:05:00+00:00,0.031636364,0
2025-09-14 05:10:00+00:00,0.03,0
2025-09-14 05:15:00+00:00,0.03,0
2025-09-14 05:20:00+00:00,0.03,0
2025-09-14 05:25:00+00:00,0.03,0
2025-09-14 05:30:00+00:00,0.03,0
2025-09-14 05:35:00+00:00,0.03,0
2025-09-14 05:40:00+00:00,0.03,0
2025-09-14 05:45:00+00:00,0.03,0
2025-09-14 05:50:00+00:00,0.03,0
2025-09-14 05:55:00+00:00,0.03,0
2025-09-14 06:00:00+00:00,0.03,0
2025-09-14 06:05:00+00:00,0.03,0
2025-09-14 06:10:00+00:00,0.03,0
2025-09-14 06:15:00+00:00,0.03,0
2025-09-14 06:20:00+00:00,0.03,0
2025-09-14 06:25:00+00:00,0.03,0
2025-09-14 06:30:00+00:00,0.03,0
2025-09-14 06:35:00+00:00,0.03,0
2025-09-14 06:40:00+00:00,0.03,0
2025-09-14 06:45:00+00:00,0.03,0
2025-09-14 06:50:00+00:00,0.03,0
2025-09-14 06:55:00+00:00,0.03,0
2025-09-14 07:00:00+00:00,0.03,0
2025-09-14 07:05:00+00:00,0.03,0
2025-09-14 07:10:00+00:00,0.03,0
2025-09-14 07:15:00+00:00,0.03,0
2025-09-14 07:20:00+00:00,0.03,0
2025-09-14 07:25:00+00:00,0.03,0
2025-09-14 07:30:00+00:00,0.03,0
2025-09-14 07:35:00+00:00,0.03,0
2025-09-14 07:40:00+00:00,0.03,0
2025-09-14 07:45:00+00:00,0.03,0
2025-09-14 07:50:00+00:00,0.03,0
2025-09-14 07:55:00+00:00,0.099927273,0
2025-09-14 08:00:00+00:00,0.038909091,0
2025-09-14 08:05:00+00:00,0.03,0
2025-09-14 08:10:00+00:00,0.03,0
2025-09-14 08:15:00+00:00,0.03,0
2025-09-14 08:20:00+00:00,0.03,0
2025-09-14 08:25:00+00:00,0.03,0
2025-09-14 08:30:00+00:00,0.03,0
2025-09-14 08:35:00+00:00,0.03,0
2025-09-14 08:40:00+00:00,0.03,0
2025-09-14 08:45:00+00:00,0.03,0
2025-09-14 08:50:00+00:00,0.03,0
2025-09-14 08:55:00+00:00,0.03,0
2025-09-14 09:00:00+00:00,0.03,0
2025-09-14 09:05:00+00:00,0.03,0
2025-09-14 09:10:00+00:00,0.03,0
2025-09-14 09:15:00+00:00,0.03,0
2025-09-14 09:20:00+00:00,0.03,0
2025-09-14 09:25:00+00:00,0.03,0
2025-09-14 09:30:00+00:00,0.03,0
2025-09-14 09:35:00+00:00,0.03,0
2025-09-14 09:40:00+00:00,0.03,0
2025-09-14 09:45:00+00:00,0.03,0
2025-09-14 09:50:00+00:00,0.03,0
2025-09-14 09:55:00+00:00,0.03,0
2025-09-14 10:00:00+00:00,0.03,0
2025-09-14 10:05:00+00:00,0.03,0
2025-09-14 10:10:00+00:00,0.03,0
2025-09-14 10:15:00+00:00,0.03,0
2025-09-14 10:20:00+00:00,0.03,0
2025-09-14 10:25:00+00:00,0.03,0
2025-09-14 10:30:00+00:00,0.03,0
2025-09-14 10:35:00+00:00,0.03,0
2025-09-14 10:40:00+00:00,0.03,0
2025-09-14 10:45:00+00:00,0.03,0
2025-09-14 10:50:00+00:00,0.03,0
2025-09-14 10:55:00+00:00,0.03,0
2025-09-14 11:00:00+00:00,0.03,0
2025-09-14 11:05:00+00:00,0.03,0
2025-09-14 11:10:00+00:00,0.03,0
2025-09-14 11:15:00+00:00,0.03,0
2025-09-14 11:20:00+00:00,0.03,0
2025-09-14 11:25:00+00:00,0.03,0
2025-09-14 11:30:00+00:00,0.03,0
2025-09-14 11:35:00+00:00,0.03,0
2025-09-14 11:40:00+00:00,0.03,0
2025-09-14 11:45:00+00:00,0.033639676,0
2025-09-14 11:50:00+00:00,0.03,0
2025-09-14 11:55:00+00:00,0.03,0
2025-09-14 12:00:00+00:00,0.03,0
2025-09-14 12:05:00+00:00,0.03,0
2025-09-14 12:10:00+00:00,0.03,0
2025-09-14 12:15:00+00:00,0.03,0
2025-09-14 12:20:00+00:00,0.03,0
2025-09-14 12:25:00+00:00,0.03,0
2025-09-14 12:30:00+00:00,0.03,0
2025-09-14 12:35:00+00:00,0.03,0
2025-09-14 12:40:00+00:00,0.03,0
2025-09-14 12:45:00+00:00,0.03,0
2025-09-14 12:50:00+00:00,0.03,0
2025-09-14 12:55:00+00:00,0.03,0
2025-09-14 13:00:00+00:00,0.03,0
2025-09-14 13:05:00+00:00,0.03,0
2025-09-14 13:10:00+00:00,0.03,0
2025-09-14 13:15:00+00:00,0.03,0
2025-09-14 13:20:00+00:00,0.03,0
2025-09-14 13:25:00+00:00,0.03,0
2025-09-14 13:30:00+00:00,0.03,0
2025-09-14 13:35:00+00:00,0.03,0
2025-09-14 13:40:00+00:00,0.03,0
2025-09-14 13:45:00+00:00,0.03,0
2025-09-14 13:50:00+00:00,0.03,0
2025-09-14 13:55:00+00:00,0.03,0
2025-09-14 14:00:00+00:00,0.03,0
2025-09-14 14:05:00+00:00,0.03,0
2025-09-14 14:10:00+00:00,0.03,0
2025-09-14 14:15:00+00:00,0.03,0
2025-09-14 14:20:00+00:00,0.03,0
2025-09-14 14:25:00+00:00,0.03,0
2025-09-14 14:30:00+00:00,0.031590909,0
2025-09-14 14:35:00+00:00,0.03,0
2025-09-14 14:40:00+00:00,0.03,0
2025-09-14 14:45:00+00:00,0.03,0
2025-09-14 14:50:00+00:00,0.03,0
2025-09-14 14:55:00+00:00,0.03,0
2025-09-14 15:00:00+00:00,0.03,0
2025-09-14 15:05:00+00:00,0.03,0
2025-09-14 15:10:00+00:00,0.03,0
2025-09-14 15:15:00+00:00,0.03,0
2025-09-14 15:20:00+00:00,0.03,0
2025-09-14 15:25:00+00:00,0.03,0
2025-09-14 15:30:00+00:00,0.03,0
2025-09-14 15:35:00+00:00,0.03,0
2025-09-14 15:40:00+00:00,0.03,0
2025-09-14 15:45:00+00:00,0.03,0
2025-09-14 15:50:00+00:00,0.03,0
2025-09-14 15:55:00+00:00,0.03,0
2025-09-14 16:00:00+00:00,0.03,0
2025-09-14 16:05:00+00:00,0.03,0
2025-09-14 16:10:00+00:00,0.03,0
2025-09-14 16:15:00+00:00,0.03,0
2025-09-14 16:20:00+00:00,0.03,0
2025-09-14 16:25:00+00:00,0.03,0
2025-09-14 16:30:00+00:00,0.03,0
2025-09-14 16:35:00+00:00,0.03,0
2025-09-14 16:40:00+00:00,0.03,0
2025-09-14 16:45:00+00:00,0.03,0
2025-09-14 16:50:00+00:00,0.03,0
2025-09-14 16:55:00+00:00,0.03,0
2025-09-14 17:00:00+00:00,0.03,0
2025-09-14 17:05:00+00:00,0.03,0
2025-09-14 17:10:00+00:00,0.03,0
2025-09-14 17:15:00+00:00,0.03,0
2025-09-14 17:20:00+00:00,0.03,0
2025-09-14 17:25:00+00:00,0.03,0
2025-09-14 17:30:00+00:00,0.03,0
2025-09-14 17:35:00+00:00,0.03,0
2025-09-14 17:40:00+00:00,0.03,0
2025-09-14 17:45:00+00:00,0.03,0
2025-09-14 17:50:00+00:00,0.03,0
2025-09-14 17:55:00+00:00,0.03,0
2025-09-14 18:00:00+00:00,0.03,0
2025-09-14 18:05:00+00:00,0.03,0
2025-09-14 18:10:00+00:00,0.03,0
2025-09-14 18:15:00+00:00,0.03,0
2025-09-14 18:20:00+00:00,0.03,0
2025-09-14 18:25:00+00:00,0.03,0
2025-09-14 18:30:00+00:00,0.03,0
2025-09-14 18:35:00+00:00,0.03,0
2025-09-14 18:40:00+00:00,0.03,0
2025-09-14 18:45:00+00:00,0.03,0
2025-09-14 18:50:00+00:00,0.03,0
2025-09-14 18:55:00+00:00,0.03,0
2025-09-14 19:00:00+00:00,0.03,0
2025-09-14 19:05:00+00:00,0.03,0
2025-09-14 19:10:00+00:00,0.03,0
2025-09-14 19:15:00+00:00,0.03,0
2025-09-14 19:20:00+00:00,0.03,0
2025-09-14 19:25:00+00:00,0.03,0
2025-09-14 19:30:00+00:00,0.03,0
2025-09-14 19:35:00+00:00,0.03,0
2025-09-14 19:40:00+00:00,0.03,0
2025-09-14 19:45:00+00:00,0.03,0
2025-09-14 19:50:00+00:00,0.03,0
2025-09-14 19:55:00+00:00,0.03,0
2025-09-14 20:00:00+00:00,0.03,0
2025-09-14 20:05:00+00:00,0.03,0
2025-09-14 20:10:00+00:00,0.03,0
2025-09-14 20:15:00+00:00,0.03,0
2025-09-14 20:20:00+00:00,0.03,0
2025-09-14 20:25:00+00:00,0.03,0
2025-09-14 20:30:00+00:00,0.03,0
2025-09-14 20:35:00+00:00,0.03,0
2025-09-14 20:40:00+00:00,0.03,0
2025-09-14 20:45:00+00:00,0.03,0
2025-09-14 20:50:00+00:00,0.03,0
2025-09-14 20:55:00+00:00,0.03,0
2025-09-14 21:00:00+00:00,1.019111111,0
2025-09-14 21:05:00+00:00,24.5966,32159.69886
2025-09-14 21:10:00+00:00,28.780375,39566.284
2025-09-14 21:15:00+00:00,28.8616,39487.147
2025-09-14 21:20:00+00:00,28.91272578,39511.94977
2025-09-14 21:25:00+00:00,28.96,39534.57
2025-09-14 21:30:00+00:00,28.97866667,39471.06
2025-09-14 21:35:00+00:00,28.98336111,39467.26865
2025-09-14 21:40:00+00:00,28.67906838,39467.09
2025-09-14 21:45:00+00:00,28.99510526,39593.24909
2025-09-14 21:50:00+00:00,29.0871749,39669.28285
2025-09-14 21:55:00+00:00,29.08969761,39682.63
2025-09-14 22:00:00+00:00,29.0962,39674.22825
2025-09-14 22:05:00+00:00,29.12844175,39660.0896
2025-09-14 22:10:00+00:00,29.16783632,39642.67109
2025-09-14 22:15:00+00:00,29.16840632,39661.32367
2025-09-14 22:20:00+00:00,29.14334375,39660.95464
2025-09-14 22:25:00+00:00,29.14365455,39665.24
2025-09-14 22:30:00+00:00,29.17377622,39665.24
2025-09-14 22:35:00+00:00,29.11964976,39665.24
2025-09-14 22:40:00+00:00,29.14688745,39686.96933
2025-09-14 22:45:00+00:00,29.13652277,39698.71939
2025-09-14 22:50:00+00:00,29.15684091,39675.38045
2025-09-14 22:55:00+00:00,29.18794454,39594.86123
2025-09-14 23:00:00+00:00,29.22178355,39599.90927
2025-09-14 23:05:00+00:00,29.11617582,39641.51
2025-09-14 23:10:00+00:00,29.23166789,39641.51
2025-09-14 23:15:00+00:00,29.16739394,39639.93
2025-09-14 23:20:00+00:00,29.17269048,39636.12023
2025-09-14 23:25:00+00:00,29.22483333,39572.62413
2025-09-14 23:30:00+00:00,29.21129665,39465.382
2025-09-14 23:35:00+00:00,29.08841587,39510.52428
2025-09-14 23:40:00+00:00,29.11009524,39512.57018
2025-09-14 23:45:00+00:00,29.1166,39510.77
2025-09-14 23:50:00+00:00,29.13616077,39510.77
2025-09-14 23:55:00+00:00,29.14769231,39451.2
2025-09-15 00:00:00+00:00,29.17908966,39420.68064
2025-09-15 00:05:00+00:00,29.21237255,39513.8128
2025-09-15 00:10:00+00:00,29.15445455,39434.26498
2025-09-15 00:15:00+00:00,29.16656577,39405.1672
2025-09-15 00:20:00+00:00,29.16242982,39451.8791
2025-09-15 00:25:00+00:00,29.12022222,39434.92182
2025-09-15 00:30:00+00:00,29.16303707,39507.2976
2025-09-15 00:35:00+00:00,29.2383,39590.06
2025-09-15 00:40:00+00:00,29.29069432,39588.88123
2025-09-15 00:45:00+00:00,29.176,39583.592
2025-09-15 00:50:00+00:00,29.13047619,39585.80883
2025-09-15 00:55:00+00:00,29.24133333,39578.18
2025-09-15 01:00:00+00:00,29.2989536,39589.68636
2025-09-15 01:05:00+00:00,29.24122222,39685.61855
2025-09-15 01:10:00+00:00,29.2488,39683.408
2025-09-15 01:15:00+00:00,29.21588836,39665.824
2025-09-15 01:20:00+00:00,29.20921086,39681.42695
2025-09-15 01:25:00+00:00,29.208695,39624.85041
2025-09-15 01:30:00+00:00,29.21728663,39581.87467
2025-09-15 01:35:00+00:00,29.19789286,39577.06031
2025-09-15 01:40:00+00:00,29.16297076,39475.41133
2025-09-15 01:45:00+00:00,29.17463694,39526.72937
2025-09-15 01:50:00+00:00,29.13816259,39493.7799
2025-09-15 01:55:00+00:00,29.0531336,39443.25
2025-09-15 02:00:00+00:00,29.08733839,39442.07084
2025-09-15 02:05:00+00:00,29.15961538,39485.95333
2025-09-15 02:10:00+00:00,29.07235,39399.6614
2025-09-15 02:15:00+00:00,29.05336364,39370.824
2025-09-15 02:20:00+00:00,29.11793714,39457.14085
2025-09-15 02:25:00+00:00,29.07452174,39371.17018
2025-09-15 02:30:00+00:00,29.04675385,39289.83686
2025-09-15 02:35:00+00:00,29.07631429,39353.03178
2025-09-15 02:40:00+00:00,29.05928363,39327.10772
2025-09-15 02:45:00+00:00,29.07971071,39295.88
2025-09-15 02:50:00+00:00,29.12955789,39280.84044
2025-09-15 02:55:00+00:00,29.074,39291.89
2025-09-15 03:00:00+00:00,10.98933333,14594.13057
2025-09-15 03:05:00+00:00,0.03,0
2025-09-15 03:10:00+00:00,11.09515789,12217.66527
2025-09-15 03:15:00+00:00,11.05885714,15923.28
2025-09-15 03:20:00+00:00,6.377304187,13131.0249
2025-09-15 03:25:00+00:00,6.333512488,13156.67146
2025-09-15 03:30:00+00:00,6.577947368,13247.19406
2025-09-15 03:35:00+00:00,6.53152381,13322.82
2025-09-15 03:40:00+00:00,6.444346405,13322.82
2025-09-15 03:45:00+00:00,6.347351191,13322.82
2025-09-15 03:50:00+00:00,6.258545455,13365.41471
2025-09-15 03:55:00+00:00,6.498040134,13493.562
2025-09-15 04:00:00+00:00,6.187,13482.225
2025-09-15 04:05:00+00:00,6.629465035,13485.34586
2025-09-15 04:10:00+00:00,6.233781818,13509.63343
2025-09-15 04:15:00+00:00,6.302490909,13609.268
2025-09-15 04:20:00+00:00,6.480681818,13602.76179
2025-09-15 04:25:00+00:00,6.648287336,13637.13767
2025-09-15 04:30:00+00:00,6.555454546,13630.958
2025-09-15 04:35:00+00:00,6.607636364,13622.934
2025-09-15 04:40:00+00:00,6.634536405,13765.15711
2025-09-15 04:45:00+00:00,6.582258621,13986.88819
2025-09-15 04:50:00+00:00,6.845655844,14046.683
2025-09-15 04:55:00+00:00,6.85,14055.89
2025-09-15 05:00:00+00:00,6.6404,14316.27886
2025-09-15 05:05:00+00:00,6.565251462,14053.84717
2025-09-15 05:10:00+00:00,6.8198,14211.21867
2025-09-15 05:15:00+00:00,6.619848485,13970.38323
2025-09-15 05:20:00+00:00,6.653742424,13910.11
2025-09-15 05:25:00+00:00,6.834158249,14026.02975
2025-09-15 05:30:00+00:00,6.810576424,14040.244
2025-09-15 05:35:00+00:00,6.929726526,13914.338
2025-09-15 05:40:00+00:00,6.808313571,13919.20182
2025-09-15 05:45:00+00:00,6.628371429,14182.32398
2025-09-15 05:50:00+00:00,6.764109259,14114.97458
2025-09-15 05:55:00+00:00,6.810909091,14212.28871
2025-09-15 06:00:00+00:00,6.869138889,14222.235
2025-09-15 06:05:00+00:00,6.913848387,14222.01611
2025-09-15 06:10:00+00:00,6.895272837,14212.84183
2025-09-15 06:15:00+00:00,6.977403683,14047.77846
2025-09-15 06:20:00+00:00,6.990059048,14108.5988
2025-09-15 06:25:00+00:00,6.882725275,14136.48667
2025-09-15 06:30:00+00:00,7.058469697,14264.7492
2025-09-15 06:35:00+00:00,7.305986111,14353.3835
2025-09-15 06:40:00+00:00,7.042461539,14373.448
2025-09-15 06:45:00+00:00,7.208561086,14490.12273
2025-09-15 06:50:00+00:00,7.238655844,14472.43447
2025-09-15 06:55:00+00:00,7.13308318,14427.22227
2025-09-15 07:00:00+00:00,7.055625,14424.73689
2025-09-15 07:05:00+00:00,7.3345,14648.97458
2025-09-15 07:10:00+00:00,7.199434343,14637.92543
2025-09-15 07:15:00+00:00,7.206174603,14874.00467
2025-09-15 07:20:00+00:00,7.455783801,14862.66431
2025-09-15 07:25:00+00:00,7.670723077,14735.53333
2025-09-15 07:30:00+00:00,7.517922222,14957.95109
2025-09-15 07:35:00+00:00,7.525728938,14921.27764
2025-09-15 07:40:00+00:00,7.762386946,14900.63
2025-09-15 07:45:00+00:00,7.571333536,15011.38822
2025-09-15 07:50:00+00:00,7.499834687,14851.6444
2025-09-15 07:55:00+00:00,7.633169907,14961.99537
2025-09-15 08:00:00+00:00,7.559330065,15275.4335
2025-09-15 08:05:00+00:00,8.1187,15895.75839
2025-09-15 08:10:00+00:00,8.080051282,16195.49396
2025-09-15 08:15:00+00:00,7.941703704,15985.542
2025-09-15 08:20:00+00:00,7.945045455,16043.69174
2025-09-15 08:25:00+00:00,8.037829228,16234.122
2025-09-15 08:30:00+00:00,7.908534799,16406.4991
2025-09-15 08:35:00+00:00,8.119605769,16411.59683
2025-09-15 08:40:00+00:00,7.969004807,16519.84753
2025-09-15 08:45:00+00:00,8.091633598,16566.35446
2025-09-15 08:50:00+00:00,8.469141079,16530.67982
2025-09-15 08:55:00+00:00,8.419677444,16714.59421
2025-09-15 09:00:00+00:00,8.370714286,16748.1781
2025-09-15 09:05:00+00:00,8.529571429,17021.572
2025-09-15 09:10:00+00:00,8.689325397,17223.28589
2025-09-15 09:15:00+00:00,8.65075487,17180.25688
2025-09-15 09:20:00+00:00,8.89362963,16901.55429
2025-09-15 09:25:00+00:00,8.574666221,16873.928
2025-09-15 09:30:00+00:00,8.74240404,16857.70622
2025-09-15 09:35:00+00:00,8.639384615,16982.871
2025-09-15 09:40:00+00:00,8.801090909,16930.3
2025-09-15 09:45:00+00:00,8.76519697,16924.4696
2025-09-15 09:50:00+00:00,8.782494518,17202.79917
2025-09-15 09:55:00+00:00,8.756206061,16938.0305
2025-09-15 10:00:00+00:00,8.845225,16996.80317
2025-09-15 10:05:00+00:00,8.924762238,17023.88244
2025-09-15 10:10:00+00:00,9.031271212,17183.60028
2025-09-15 10:15:00+00:00,8.853333333,17206.8425
2025-09-15 10:20:00+00:00,8.93722807,17077.7
2025-09-15 10:25:00+00:00,8.880284091,16968.00465
2025-09-15 10:30:00+00:00,8.8482,17240.084
2025-09-15 10:35:00+00:00,9.127833333,17404.5665
2025-09-15 10:40:00+00:00,9.385381818,17287.438
2025-09-15 10:45:00+00:00,9.400296296,17410.63385
2025-09-15 10:50:00+00:00,9.743538462,17596.776
2025-09-15 10:55:00+00:00,10.03731061,17627.74717
2025-09-15 11:00:00+00:00,9.880435672,17761.42175
2025-09-15 11:05:00+00:00,9.764584074,18016.09289
2025-09-15 11:10:00+00:00,10.02115397,18159.18949
2025-09-15 11:15:00+00:00,10.334,18285.456
2025-09-15 11:20:00+00:00,10.38277419,18420.61175
2025-09-15 11:25:00+00:00,10.26866667,18640.10929
2025-09-15 11:30:00+00:00,10.47772222,18858.9223
2025-09-15 11:35:00+00:00,10.39431126,18971.23027
2025-09-15 11:40:00+00:00,10.65663598,19151.80753
2025-09-15 11:45:00+00:00,10.9367177,19389.59132
2025-09-15 11:50:00+00:00,11.273425,19630.52344
2025-09-15 11:55:00+00:00,11.20031925,19760.736
2025-09-15 12:00:00+00:00,11.40677083,19877.46467
2025-09-15 12:05:00+00:00,11.66743333,20054.43044
2025-09-15 12:10:00+00:00,11.4065848,20306.58912
2025-09-15 12:15:00+00:00,11.57400238,20298.13408
2025-09-15 12:20:00+00:00,11.7881969,20438.60593
2025-09-15 12:25:00+00:00,12.18309524,20912.89131
2025-09-15 12:30:00+00:00,12.39444815,20995.71015
2025-09-15 12:35:00+00:00,12.1872,21277.99411
2025-09-15 12:40:00+00:00,11.956125,21266.393
2025-09-15 12:45:00+00:00,12.67136667,21433.74567
2025-09-15 12:50:00+00:00,13.0555,21865.35013
2025-09-15 12:55:00+00:00,13.13533333,21964.948
2025-09-15 13:00:00+00:00,13.06272727,22097.73375
2025-09-15 13:05:00+00:00,13.139,22028.18
2025-09-15 13:10:00+00:00,13.42353846,22130.35945
2025-09-15 13:15:00+00:00,13.75008333,22245.32392
2025-09-15 13:20:00+00:00,13.6602381,22194.17016
2025-09-15 13:25:00+00:00,13.5759,22467.67307
2025-09-15 13:30:00+00:00,13.52153452,22655.3489
2025-09-15 13:35:00+00:00,13.47195187,22647.14673
2025-09-15 13:40:00+00:00,13.59600037,22630.99143
2025-09-15 13:45:00+00:00,13.44395804,22478.537
2025-09-15 13:50:00+00:00,13.39854312,22296.42061
2025-09-15 13:55:00+00:00,13.22800733,22186.38149
2025-09-15 14:00:00+00:00,7.573587879,12616.59022
2025-09-15 14:05:00+00:00,4.081027778,6620.092
2025-09-15 14:10:00+00:00,4.117797619,6671.111667
2025-09-15 14:15:00+00:00,4.202319688,6903.137333
2025-09-15 14:20:00+00:00,3.94747619,6638.496462
2025-09-15 14:25:00+00:00,4.089738095,6926.82
2025-09-15 14:30:00+00:00,4.147363636,6910.923
2025-09-15 14:35:00+00:00,4.201753579,6796.524545
2025-09-15 14:40:00+00:00,4.124181818,6604.71345
2025-09-15 14:45:00+00:00,4.153229167,6560.498901
2025-09-15 14:50:00+00:00,4.158444444,6487.754909
2025-09-15 14:55:00+00:00,4.241818182,6513.090222
2025-09-15 15:00:00+00:00,4.171318182,7014.211778
2025-09-15 15:05:00+00:00,4.39002381,6728.142967
2025-09-15 15:10:00+00:00,4.248380952,6736.8816
2025-09-15 15:15:00+00:00,4.330507177,6658.074176
2025-09-15 15:20:00+00:00,4.193828571,6637.053556
2025-09-15 15:25:00+00:00,4.195921196,6696.63
2025-09-15 15:30:00+00:00,4.286637037,6667.982381
2025-09-15 15:35:00+00:00,4.260448379,6628.109556
2025-09-15 15:40:00+00:00,4.21290166,6611.371652
2025-09-15 15:45:00+00:00,4.26749386,6602.3
2025-09-15 15:50:00+00:00,4.233526952,6860.595442
2025-09-15 15:55:00+00:00,4.166770687,6752.665
2025-09-15 16:00:00+00:00,4.19377447,6712.800116
2025-09-15 16:05:00+00:00,4.228236575,6875.791035
2025-09-15 16:10:00+00:00,4.230904483,6751.626545
2025-09-15 16:15:00+00:00,4.279478697,6750.692
2025-09-15 16:20:00+00:00,4.259447753,6867.831621
2025-09-15 16:25:00+00:00,4.049821429,6858.57
2025-09-15 16:30:00+00:00,3.925431579,6850.236944
2025-09-15 16:35:00+00:00,3.846427706,6835.67
2025-09-15 16:40:00+00:00,3.787428571,6720.734
2025-09-15 16:45:00+00:00,3.8277,6203.552045
2025-09-15 16:50:00+00:00,4.07630303,6405.77
2025-09-15 16:55:00+00:00,3.951651515,6509.654462
2025-09-15 17:00:00+00:00,3.89709375,6237.13641
2025-09-15 17:05:00+00:00,4.043194577,6697.382024
2025-09-15 17:10:00+00:00,4.177384615,6789.64
2025-09-15 17:15:00+00:00,4.082467533,6783.527071
2025-09-15 17:20:00+00:00,4.083473684,6750.642444
2025-09-15 17:25:00+00:00,4.259645933,6483.216061
2025-09-15 17:30:00+00:00,4.174431373,6789.64
2025-09-15 17:35:00+00:00,4.12,6789.64
2025-09-15 17:40:00+00:00,3.935333333,6501.103444
2025-09-15 17:45:00+00:00,3.751888889,6433.91
2025-09-15 17:50:00+00:00,4.13158,6686.173692
2025-09-15 17:55:00+00:00,4.230883117,6743.29
2025-09-15 18:00:00+00:00,4.300333333,7049.479
2025-09-15 18:05:00+00:00,3.943178744,6743.29
2025-09-15 18:10:00+00:00,4.082458333,6720
2025-09-15 18:15:00+00:00,4.285166667,6660.8892
2025-09-15 18:20:00+00:00,4.326465241,6561.15778
2025-09-15 18:25:00+00:00,4.337102397,6442.694455
2025-09-15 18:30:00+00:00,3.939381818,6728.542909
2025-09-15 18:35:00+00:00,4.178625,6794.4045
2025-09-15 18:40:00+00:00,4.011777778,6249.99575
2025-09-15 18:45:00+00:00,3.936689655,6264.841667
2025-09-15 18:50:00+00:00,4.112785714,6313.82375
2025-09-15 18:55:00+00:00,4.182708333,6273.485
2025-09-15 19:00:00+00:00,1.885,2975.308068
2025-09-15 19:05:00+00:00,0.03,0
2025-09-15 19:10:00+00:00,0.03,0
2025-09-15 19:15:00+00:00,0.03,0
2025-09-15 19:20:00+00:00,0.03,0
2025-09-15 19:25:00+00:00,0.03,0
2025-09-15 19:30:00+00:00,0.03,0
2025-09-15 19:35:00+00:00,0.03,0
2025-09-15 19:40:00+00:00,0.03,0
2025-09-15 19:45:00+00:00,0.03,0
2025-09-15 19:50:00+00:00,0.03,0
2025-09-15 19:55:00+00:00,0.03,0
2025-09-15 20:00:00+00:00,0.03,0
2025-09-15 20:05:00+00:00,0.03,0
2025-09-15 20:10:00+00:00,0.03,0
2025-09-15 20:15:00+00:00,0.03,0
2025-09-15 20:20:00+00:00,0.03,0
2025-09-15 20:25:00+00:00,0.03,0
2025-09-15 20:30:00+00:00,0.03,0
2025-09-15 20:35:00+00:00,0.03,0
2025-09-15 20:40:00+00:00,0.03,0
2025-09-15 20:45:00+00:00,0.03,0
2025-09-15 20:50:00+00:00,0.03,0
2025-09-15 20:55:00+00:00,0.03,0
2025-09-15 21:00:00+00:00,0.03,0
2025-09-15 21:05:00+00:00,0.03,0
2025-09-15 21:10:00+00:00,0.03,0
2025-09-15 21:15:00+00:00,0.03,0
2025-09-15 21:20:00+00:00,0.03,0
2025-09-15 21:25:00+00:00,0.03,0
2025-09-15 21:30:00+00:00,0.03,0
2025-09-15 21:35:00+00:00,0.03,0
2025-09-15 21:40:00+00:00,0.03,0
2025-09-15 21:45:00+00:00,0.03,0
2025-09-15 21:50:00+00:00,0.03,0
2025-09-15 21:55:00+00:00,0.03,0
2025-09-15 22:00:00+00:00,0.03,0
2025-09-15 22:05:00+00:00,0.03,0
2025-09-15 22:10:00+00:00,0.03,0
2025-09-15 22:15:00+00:00,0.03,0
2025-09-15 22:20:00+00:00,0.03,0
2025-09-15 22:25:00+00:00,0.03,0
2025-09-15 22:30:00+00:00,0.03,0
2025-09-15 22:35:00+00:00,0.03,0
2025-09-15 22:40:00+00:00,0.03,0
2025-09-15 22:45:00+00:00,0.03,0
2025-09-15 22:50:00+00:00,0.03,0
2025-09-15 22:55:00+00:00,0.03,0
2025-09-15 23:00:00+00:00,0.03,0
2025-09-15 23:05:00+00:00,0.03,0
2025-09-15 23:10:00+00:00,0.03,0
2025-09-15 23:15:00+00:00,0.03,0
2025-09-15 23:20:00+00:00,0.03,0
2025-09-15 23:25:00+00:00,0.03,0
2025-09-15 23:30:00+00:00,0.03,0
2025-09-15 23:35:00+00:00,0.03,0
2025-09-15 23:40:00+00:00,0.03,0
2025-09-15 23:45:00+00:00,0.03,0
2025-09-15 23:50:00+00:00,0.03,0
2025-09-15 23:55:00+00:00,0.03,0
2025-09-16 00:00:00+00:00,0.03,0
2025-09-16 00:05:00+00:00,0.03,0
2025-09-16 00:10:00+00:00,0.03,0
2025-09-16 00:15:00+00:00,0.03,0
2025-09-16 00:20:00+00:00,0.03,0
2025-09-16 00:25:00+00:00,0.03,0
2025-09-16 00:30:00+00:00,0.03,0
2025-09-16 00:35:00+00:00,0.03,0
2025-09-16 00:40:00+00:00,0.03,0
2025-09-16 00:45:00+00:00,0.03,0
2025-09-16 00:50:00+00:00,0.03,0
2025-09-16 00:55:00+00:00,0.03,0
2025-09-16 01:00:00+00:00,0.03,0
2025-09-16 01:05:00+00:00,0.03,0
2025-09-16 01:10:00+00:00,0.03,0
2025-09-16 01:15:00+00:00,0.03,0
2025-09-16 01:20:00+00:00,0.03,0
2025-09-16 01:25:00+00:00,0.03,0
2025-09-16 01:30:00+00:00,0.03,0
2025-09-16 01:35:00+00:00,0.03,0
2025-09-16 01:40:00+00:00,0.03,0
2025-09-16 01:45:00+00:00,0.03,0
2025-09-16 01:50:00+00:00,0.03,0
2025-09-16 01:55:00+00:00,0.03,0
2025-09-16 02:00:00+00:00,0.03,0
2025-09-16 02:05:00+00:00,0.03,0
2025-09-16 02:10:00+00:00,0.03,0
2025-09-16 02:15:00+00:00,0.03,0
2025-09-16 02:20:00+00:00,0.03,0
2025-09-16 02:25:00+00:00,0.03,0
2025-09-16 02:30:00+00:00,0.03,0
2025-09-16 02:35:00+00:00,0.03,0
2025-09-16 02:40:00+00:00,0.03,0
2025-09-16 02:45:00+00:00,0.03,0
2025-09-16 02:50:00+00:00,0.03,0
2025-09-16 02:55:00+00:00,0.03,0
2025-09-16 03:00:00+00:00,0.03,0
2025-09-16 03:05:00+00:00,0.519241379,656.1358947
2025-09-16 03:10:00+00:00,8.695504386,8740.342833
2025-09-16 03:15:00+00:00,13.19950725,14768.10443
2025-09-16 03:20:00+00:00,4.675604039,9324.122196
2025-09-16 03:25:00+00:00,4.74920078,9081.67
2025-09-16 03:30:00+00:00,4.6488,9081.67
2025-09-16 03:35:00+00:00,4.341353095,9081.67
2025-09-16 03:40:00+00:00,4.518137931,9081.67
2025-09-16 03:45:00+00:00,4.646528472,9081.67
2025-09-16 03:50:00+00:00,4.601600812,9081.67
2025-09-16 03:55:00+00:00,4.5891,9081.67
2025-09-16 04:00:00+00:00,4.609214286,9333.5308
2025-09-16 04:05:00+00:00,4.733066667,9816.232462
2025-09-16 04:10:00+00:00,5.285123077,10344.61043
2025-09-16 04:15:00+00:00,5.766279762,11476.58
2025-09-16 04:20:00+00:00,5.666666667,11471.88244
2025-09-16 04:25:00+00:00,5.794446296,11795.42172
2025-09-16 04:30:00+00:00,6.04668,12433.69903
2025-09-16 04:35:00+00:00,6.350757576,12881.93725
2025-09-16 04:40:00+00:00,6.498787879,13259.80727
2025-09-16 04:45:00+00:00,6.461076923,13488.62013
2025-09-16 04:50:00+00:00,6.764285714,13752.10173
2025-09-16 04:55:00+00:00,6.98402381,14069.434
2025-09-16 05:00:00+00:00,7.140892727,14291.55928
2025-09-16 05:05:00+00:00,7.13762987,14315.11293
2025-09-16 05:10:00+00:00,6.978536364,14198.39611
2025-09-16 05:15:00+00:00,7.043313131,14349.0508
2025-09-16 05:20:00+00:00,7.215654546,14353.138
2025-09-16 05:25:00+00:00,7.186517544,14482.714
2025-09-16 05:30:00+00:00,7.164666667,14548.71042
2025-09-16 05:35:00+00:00,7.120881323,14433.45786
2025-09-16 05:40:00+00:00,7.104841711,14227.98563
2025-09-16 05:45:00+00:00,7.349409924,14355.407
2025-09-16 05:50:00+00:00,7.035883117,14595.99885
2025-09-16 05:55:00+00:00,7.196978962,14840.64879
2025-09-16 06:00:00+00:00,7.281957659,14699.62406
2025-09-16 06:05:00+00:00,7.1891875,14643.07325
2025-09-16 06:10:00+00:00,7.340748204,14491.58174
2025-09-16 06:15:00+00:00,7.063862069,14602.89067
2025-09-16 06:20:00+00:00,7.561276923,14737.47376
2025-09-16 06:25:00+00:00,7.3735,14735.18286
2025-09-16 06:30:00+00:00,7.19,14984.58
2025-09-16 06:35:00+00:00,7.183327273,14825.11925
2025-09-16 06:40:00+00:00,7.859287879,14801.66913
2025-09-16 06:45:00+00:00,7.556231083,14899.44706
2025-09-16 06:50:00+00:00,7.662514286,14926.91517
2025-09-16 06:55:00+00:00,7.4059,14735.5012
2025-09-16 07:00:00+00:00,7.600473593,14826.29406
2025-09-16 07:05:00+00:00,7.651566667,15011.51309
2025-09-16 07:10:00+00:00,7.590681818,15036.11188
2025-09-16 07:15:00+00:00,7.650787398,15126.0344
2025-09-16 07:20:00+00:00,7.742667076,15219.59168
2025-09-16 07:25:00+00:00,7.9213687,15427.252
2025-09-16 07:30:00+00:00,8.013381818,15430.86325
2025-09-16 07:35:00+00:00,7.812812369,15554.35249
2025-09-16 07:40:00+00:00,7.795680991,15627.85955
2025-09-16 07:45:00+00:00,8.102311688,15883.30279
2025-09-16 07:50:00+00:00,8.131347692,16072.53564
2025-09-16 07:55:00+00:00,8.210375,16266.11882
2025-09-16 08:00:00+00:00,8.745384615,16402.24462
2025-09-16 08:05:00+00:00,8.74,16385.1895
2025-09-16 08:10:00+00:00,8.875666667,16746.568
2025-09-16 08:15:00+00:00,9.044364035,16841.765
2025-09-16 08:20:00+00:00,9.003398128,16917.39778
2025-09-16 08:25:00+00:00,9.021296188,17504.21943
2025-09-16 08:30:00+00:00,9.040873479,17500.828
2025-09-16 08:35:00+00:00,9.515694546,17716.37618
2025-09-16 08:40:00+00:00,9.675885714,17909.63942
2025-09-16 08:45:00+00:00,9.803418831,18055.37477
2025-09-16 08:50:00+00:00,9.685240695,17989.08923
2025-09-16 08:55:00+00:00,10.27937143,18031.82343
2025-09-16 09:00:00+00:00,9.767151515,17843.67375
2025-09-16 09:05:00+00:00,9.498923077,18058.9185
2025-09-16 09:10:00+00:00,9.459376623,18211.51725
2025-09-16 09:15:00+00:00,9.7963,18244.94878
2025-09-16 09:20:00+00:00,10.01145455,17687.875
2025-09-16 09:25:00+00:00,10.2938,18570.64489
2025-09-16 09:30:00+00:00,10.64936364,18430.60236
2025-09-16 09:35:00+00:00,10.71329293,18662.01741
2025-09-16 09:40:00+00:00,10.29254545,19025.34267
2025-09-16 09:45:00+00:00,10.57616471,18936.00547
2025-09-16 09:50:00+00:00,10.6668371,18993.00618
2025-09-16 09:55:00+00:00,10.7054,18924.20337
2025-09-16 10:00:00+00:00,10.60278286,19045.2201
2025-09-16 10:05:00+00:00,10.86196149,18997.2562
2025-09-16 10:10:00+00:00,10.98978412,19021.74882
2025-09-16 10:15:00+00:00,10.89538431,18862.24985
2025-09-16 10:20:00+00:00,10.90584615,19444.61467
2025-09-16 10:25:00+00:00,10.97722222,19338.89932
2025-09-16 10:30:00+00:00,11.3507197,19708.84126
2025-09-16 10:35:00+00:00,11.41878581,19985.31305
2025-09-16 10:40:00+00:00,11.328876,19649.23012
2025-09-16 10:45:00+00:00,11.45271429,19979.40417
2025-09-16 10:50:00+00:00,12.03326833,20701.862
2025-09-16 10:55:00+00:00,11.94322205,20766.72031
2025-09-16 11:00:00+00:00,12.0253064,20621.14341
2025-09-16 11:05:00+00:00,12.09730128,20846.77075
2025-09-16 11:10:00+00:00,11.93,21645.29
2025-09-16 11:15:00+00:00,12.2916,21788.80371
2025-09-16 11:20:00+00:00,13.11021839,22205.84231
2025-09-16 11:25:00+00:00,13.80931818,22308.74225
2025-09-16 11:30:00+00:00,13.98883333,22547.76433
2025-09-16 11:35:00+00:00,14.05633182,23394.40166
2025-09-16 11:40:00+00:00,14.33264706,23164.34911
2025-09-16 11:45:00+00:00,14.75515538,23642.46948
2025-09-16 11:50:00+00:00,14.89455411,24058.5316
2025-09-16 11:55:00+00:00,15.51469264,24439.17482
2025-09-16 12:00:00+00:00,15.33730847,23816.94446
2025-09-16 12:05:00+00:00,15.78898565,24614.58808
2025-09-16 12:10:00+00:00,15.96244664,24871.49248
2025-09-16 12:15:00+00:00,16.14206494,24797.12054
2025-09-16 12:20:00+00:00,16.1646983,25299.7416
2025-09-16 12:25:00+00:00,16.13919691,25118.72333
2025-09-16 12:30:00+00:00,16.42408027,25262.40214
2025-09-16 12:35:00+00:00,16.44979113,25126.3947
2025-09-16 12:40:00+00:00,16.57033796,25133.21549
2025-09-16 12:45:00+00:00,16.8069082,25363.8777
2025-09-16 12:50:00+00:00,16.82362121,25623.076
2025-09-16 12:55:00+00:00,16.7244963,25608.10862
2025-09-16 13:00:00+00:00,16.88741421,25508.57
2025-09-16 13:05:00+00:00,16.9888125,25672.89595
2025-09-16 13:10:00+00:00,16.99,25723.45
2025-09-16 13:15:00+00:00,16.78561905,25693.9605
2025-09-16 13:20:00+00:00,16.63051515,25587.66718
2025-09-16 13:25:00+00:00,16.70098462,25707.94583
2025-09-16 13:30:00+00:00,16.72116667,25608.45773
2025-09-16 13:35:00+00:00,16.34130909,25420.36976
2025-09-16 13:40:00+00:00,16.37125,25335.298
2025-09-16 13:45:00+00:00,16.68233333,25447.65
2025-09-16 13:50:00+00:00,16.3115,25060.28222
2025-09-16 13:55:00+00:00,15.94209091,24869.47153
2025-09-16 14:00:00+00:00,13.56030075,21140.4
2025-09-16 14:05:00+00:00,3.962363636,6459.0724
2025-09-16 14:10:00+00:00,4.146472727,6339.012
2025-09-16 14:15:00+00:00,4.267454546,6133.531111
2025-09-16 14:20:00+00:00,4.12201601,6384.296667
2025-09-16 14:25:00+00:00,4.226174603,6621.867016
2025-09-16 14:30:00+00:00,3.996552941,6068.742267
2025-09-16 14:35:00+00:00,4.175060606,6150.570154
2025-09-16 14:40:00+00:00,4.0088,6210.7
2025-09-16 14:45:00+00:00,4.190235294,6216.28025
2025-09-16 14:50:00+00:00,4.175111111,6681.068923
2025-09-16 14:55:00+00:00,3.879571429,5825.902308
2025-09-16 15:00:00+00:00,4.057580385,6097.464
2025-09-16 15:05:00+00:00,4.096979798,6215.74
2025-09-16 15:10:00+00:00,3.970716578,5906.114778
2025-09-16 15:15:00+00:00,4.063866667,6300.238
2025-09-16 15:20:00+00:00,4.081411306,5819.4749
2025-09-16 15:25:00+00:00,4.103692308,5800.552
2025-09-16 15:30:00+00:00,4.111125,5912.205385
2025-09-16 15:35:00+00:00,4.095272727,6057.412167
2025-09-16 15:40:00+00:00,4.192571429,6058.249333
2025-09-16 15:45:00+00:00,4.174875458,6073.764667
2025-09-16 15:50:00+00:00,4.027585859,6196.119067
2025-09-16 15:55:00+00:00,3.9426,5716.215083
2025-09-16 16:00:00+00:00,3.945583333,5763.516417
2025-09-16 16:05:00+00:00,4.06725,5979.105
2025-09-16 16:10:00+00:00,4.064425,5966.213333
2025-09-16 16:15:00+00:00,4.079412281,6378.63
2025-09-16 16:20:00+00:00,4.130818182,6379.7524
2025-09-16 16:25:00+00:00,4.282890476,6069.379333
2025-09-16 16:30:00+00:00,4.04897668,6548.711647
2025-09-16 16:35:00+00:00,4.143441558,6329.252
2025-09-16 16:40:00+00:00,4.264089205,6602.3
2025-09-16 16:45:00+00:00,4.088994182,6355.7785
2025-09-16 16:50:00+00:00,3.965421053,6474.737111
2025-09-16 16:55:00+00:00,3.893146285,6482.47
2025-09-16 17:00:00+00:00,3.890798299,6465.978667
2025-09-16 17:05:00+00:00,3.949412008,6449.506
2025-09-16 17:10:00+00:00,3.7972,6189.134984
2025-09-16 17:15:00+00:00,3.90725,6410.610794
2025-09-16 17:20:00+00:00,3.665979798,6458.24
2025-09-16 17:25:00+00:00,3.91824,6458.24
2025-09-16 17:30:00+00:00,4.168858333,6258.896783
2025-09-16 17:35:00+00:00,3.99906438,6436.806857
2025-09-16 17:40:00+00:00,3.935707359,6137.512
2025-09-16 17:45:00+00:00,3.689159126,6057.33
2025-09-16 17:50:00+00:00,3.842818826,6339.765
2025-09-16 17:55:00+00:00,4.139,6433.91
2025-09-16 18:00:00+00:00,3.983536113,6453.073495
2025-09-16 18:05:00+00:00,3.950844444,6409.49
2025-09-16 18:10:00+00:00,4.071942584,6360.434286
2025-09-16 18:15:00+00:00,3.954395727,6384.98
2025-09-16 18:20:00+00:00,3.848215385,6384.98
2025-09-16 18:25:00+00:00,4.031144737,6330.03
2025-09-16 18:30:00+00:00,4.263109091,6310.19013
2025-09-16 18:35:00+00:00,3.892029304,6412.508
2025-09-16 18:40:00+00:00,4.116484472,6455.74
2025-09-16 18:45:00+00:00,4.036983777,6235.9
2025-09-16 18:50:00+00:00,4.084320513,6284.753333
2025-09-16 18:55:00+00:00,4.355738095,6567.233946
2025-09-16 19:00:00+00:00,3.47265997,4914.212619
2025-09-16 19:05:00+00:00,0.118952381,0
2025-09-16 19:10:00+00:00,0.03,0
2025-09-16 19:15:00+00:00,0.03,0
2025-09-16 19:20:00+00:00,0.0315,0
2025-09-16 19:25:00+00:00,0.03,0
2025-09-16 19:30:00+00:00,0.03,0
2025-09-16 19:35:00+00:00,0.03,0
2025-09-16 19:40:00+00:00,0.03,0
2025-09-16 19:45:00+00:00,0.03,0
2025-09-16 19:50:00+00:00,0.03,0
2025-09-16 19:55:00+00:00,0.03,0
2025-09-16 20:00:00+00:00,0.03,0
2025-09-16 20:05:00+00:00,0.03,0
2025-09-16 20:10:00+00:00,0.03,0
2025-09-16 20:15:00+00:00,0.03,0
2025-09-16 20:20:00+00:00,0.03,0
2025-09-16 20:25:00+00:00,0.03,0
2025-09-16 20:30:00+00:00,0.03,0
2025-09-16 20:35:00+00:00,0.03,0
2025-09-16 20:40:00+00:00,0.03,0
2025-09-16 20:45:00+00:00,0.03,0
2025-09-16 20:50:00+00:00,0.03,0
2025-09-16 20:55:00+00:00,0.03,0
2025-09-16 21:00:00+00:00,0.03,0
2025-09-16 21:05:00+00:00,0.03,0
2025-09-16 21:10:00+00:00,0.03,0
2025-09-16 21:15:00+00:00,0.03,0
2025-09-16 21:20:00+00:00,0.03,0
2025-09-16 21:25:00+00:00,0.03,0
2025-09-16 21:30:00+00:00,0.03,0
2025-09-16 21:35:00+00:00,0.03,0
2025-09-16 21:40:00+00:00,0.03,0
2025-09-16 21:45:00+00:00,0.03,0
2025-09-16 21:50:00+00:00,0.03,0
2025-09-16 21:55:00+00:00,0.03,0
2025-09-16 22:00:00+00:00,0.03,0
2025-09-16 22:05:00+00:00,0.03,0
2025-09-16 22:10:00+00:00,0.0315,0
2025-09-16 22:15:00+00:00,0.03,0
2025-09-16 22:20:00+00:00,0.03,0
2025-09-16 22:25:00+00:00,0.03,0
2025-09-16 22:30:00+00:00,0.03,0
2025-09-16 22:35:00+00:00,0.03,0
2025-09-16 22:40:00+00:00,0.03,0
2025-09-16 22:45:00+00:00,0.03,0
2025-09-16 22:50:00+00:00,0.03,0
2025-09-16 22:55:00+00:00,0.03,0
2025-09-16 23:00:00+00:00,0.03,0
2025-09-16 23:05:00+00:00,0.03,0
2025-09-16 23:10:00+00:00,0.03,0
2025-09-16 23:15:00+00:00,0.03,0
2025-09-16 23:20:00+00:00,0.03,0
2025-09-16 23:25:00+00:00,0.03,0
2025-09-16 23:30:00+00:00,0.03,0
2025-09-16 23:35:00+00:00,0.03,0
2025-09-16 23:40:00+00:00,0.03,0
2025-09-16 23:45:00+00:00,0.03,0
2025-09-16 23:50:00+00:00,0.03,0
2025-09-16 23:55:00+00:00,0.03,0
2025-09-17 00:00:00+00:00,0.03,0
2025-09-17 00:05:00+00:00,0.03,0
2025-09-17 00:10:00+00:00,0.03,0
2025-09-17 00:15:00+00:00,0.03,0
2025-09-17 00:20:00+00:00,0.03,0
2025-09-17 00:25:00+00:00,0.03,0
2025-09-17 00:30:00+00:00,0.03575,0
2025-09-17 00:35:00+00:00,0.110408333,0
2025-09-17 00:40:00+00:00,0.11,0
2025-09-17 00:45:00+00:00,0.11,0
2025-09-17 00:50:00+00:00,0.11,0
2025-09-17 00:55:00+00:00,0.11,0
2025-09-17 01:00:00+00:00,0.11,0
2025-09-17 01:05:00+00:00,0.108545455,0
2025-09-17 01:10:00+00:00,0.038888889,0
2025-09-17 01:15:00+00:00,0.03,0
2025-09-17 01:20:00+00:00,0.03,0
2025-09-17 01:25:00+00:00,0.03,0
2025-09-17 01:30:00+00:00,0.03,0
2025-09-17 01:35:00+00:00,0.03,0
2025-09-17 01:40:00+00:00,0.03,0
2025-09-17 01:45:00+00:00,0.03,0
2025-09-17 01:50:00+00:00,0.03,0
2025-09-17 01:55:00+00:00,0.03,0
2025-09-17 02:00:00+00:00,0.031388889,0
2025-09-17 02:05:00+00:00,0.03,0
2025-09-17 02:10:00+00:00,0.03,0
2025-09-17 02:15:00+00:00,0.03,0
2025-09-17 02:20:00+00:00,0.03,0
2025-09-17 02:25:00+00:00,0.03,0
2025-09-17 02:30:00+00:00,0.03,0
2025-09-17 02:35:00+00:00,0.03,0
2025-09-17 02:40:00+00:00,0.03,0
2025-09-17 02:45:00+00:00,0.03,0
2025-09-17 02:50:00+00:00,0.03,0
2025-09-17 02:55:00+00:00,0.03,0
2025-09-17 03:00:00+00:00,0.03,0
2025-09-17 03:05:00+00:00,0.03,0
2025-09-17 03:10:00+00:00,2.730852941,3405.991333
2025-09-17 03:15:00+00:00,15.0731005,17782.65149
2025-09-17 03:20:00+00:00,5.658079179,10459.2084
2025-09-17 03:25:00+00:00,4.643037427,8722.798626
2025-09-17 03:30:00+00:00,4.587824074,8731.221875
2025-09-17 03:35:00+00:00,4.702909091,8549.392906
2025-09-17 03:40:00+00:00,4.764780952,8710.12122
2025-09-17 03:45:00+00:00,4.667636364,8945.7504
2025-09-17 03:50:00+00:00,4.699140741,8511.280278
2025-09-17 03:55:00+00:00,4.483152381,8407.431667
2025-09-17 04:00:00+00:00,4.475006494,8465.251324
2025-09-17 04:05:00+00:00,4.538895386,8563.572981
2025-09-17 04:10:00+00:00,4.7,9920.78175
2025-09-17 04:15:00+00:00,5.1,10704.35
2025-09-17 04:20:00+00:00,5.589056277,11043.9428
2025-09-17 04:25:00+00:00,5.735524805,11440.6522
2025-09-17 04:30:00+00:00,5.795181318,11659.49121
2025-09-17 04:35:00+00:00,6.127752381,12278.126
2025-09-17 04:40:00+00:00,6.381672939,12601.20233
2025-09-17 04:45:00+00:00,6.57,12928.6
2025-09-17 04:50:00+00:00,6.485328485,13057.968
2025-09-17 04:55:00+00:00,6.380173333,13288.46832
2025-09-17 05:00:00+00:00,6.606220238,13492.07846
2025-09-17 05:05:00+00:00,6.730272727,13762.5668
2025-09-17 05:10:00+00:00,7.128421405,13812.606
2025-09-17 05:15:00+00:00,6.646607618,13723.9564
2025-09-17 05:20:00+00:00,6.830013793,13734.68231
2025-09-17 05:25:00+00:00,6.718299569,14029.10285
2025-09-17 05:30:00+00:00,6.841909063,14004.64759
2025-09-17 05:35:00+00:00,6.912364734,14120.03367
2025-09-17 05:40:00+00:00,6.961162963,14175.90719
2025-09-17 05:45:00+00:00,6.860891331,14155.93
2025-09-17 05:50:00+00:00,6.817743316,14155.52267
2025-09-17 05:55:00+00:00,7.098909091,14441.78418
2025-09-17 06:00:00+00:00,7.149611638,14266.27
2025-09-17 06:05:00+00:00,7.005990843,14420.3565
2025-09-17 06:10:00+00:00,7.121596366,14423.6072
2025-09-17 06:15:00+00:00,6.996569697,14541.40833
2025-09-17 06:20:00+00:00,7.355142022,14698.4624
2025-09-17 06:25:00+00:00,7.289780702,14568.1314
2025-09-17 06:30:00+00:00,7.42317193,14535.96114
2025-09-17 06:35:00+00:00,7.3765,14889.19556
2025-09-17 06:40:00+00:00,7.409966667,14795.88775
2025-09-17 06:45:00+00:00,7.451969496,14834.53
2025-09-17 06:50:00+00:00,7.289730994,14782.7014
2025-09-17 06:55:00+00:00,7.284277778,14743.1822
2025-09-17 07:00:00+00:00,7.466790089,15015.8408
2025-09-17 07:05:00+00:00,7.655807018,14971.4888
2025-09-17 07:10:00+00:00,7.585284091,15057.25948
2025-09-17 07:15:00+00:00,7.800575439,15201.27414
2025-09-17 07:20:00+00:00,8.061983165,15548.20239
2025-09-17 07:25:00+00:00,8.041583929,15629.58524
2025-09-17 07:30:00+00:00,8.06830875,15756.80555
2025-09-17 07:35:00+00:00,8.185774892,15960.77933
2025-09-17 07:40:00+00:00,8.241825397,16196.04161
2025-09-17 07:45:00+00:00,8.397906433,16091.1239
2025-09-17 07:50:00+00:00,8.410365079,16337.926
2025-09-17 07:55:00+00:00,8.483607656,16179.83323
2025-09-17 08:00:00+00:00,8.495297297,16165.70508
2025-09-17 08:05:00+00:00,8.715028972,16666.11544
2025-09-17 08:10:00+00:00,8.712061059,16799.48912
2025-09-17 08:15:00+00:00,8.939615385,16960.46036
2025-09-17 08:20:00+00:00,9.195939546,17004.09
2025-09-17 08:25:00+00:00,8.898786765,17060.264
2025-09-17 08:30:00+00:00,9.516683983,17366.04569
2025-09-17 08:35:00+00:00,9.453084175,17512.72747
2025-09-17 08:40:00+00:00,9.435259903,17470.22265
2025-09-17 08:45:00+00:00,9.411233017,17976.46875
2025-09-17 08:50:00+00:00,9.370281385,17736.4744
2025-09-17 08:55:00+00:00,9.708224885,17731.07169
2025-09-17 09:00:00+00:00,9.520051307,17854.15739
2025-09-17 09:05:00+00:00,9.753119565,18053.37271
2025-09-17 09:10:00+00:00,10.01677778,18227.822
2025-09-17 09:15:00+00:00,10.09926667,18437.36425
2025-09-17 09:20:00+00:00,10.17621154,18652.67988
2025-09-17 09:25:00+00:00,10.10027193,18879.91287
2025-09-17 09:30:00+00:00,9.93486598,19000.2649
2025-09-17 09:35:00+00:00,10.1515303,18849.52831
2025-09-17 09:40:00+00:00,10.51284848,18968.32187
2025-09-17 09:45:00+00:00,10.30406318,19082.716
2025-09-17 09:50:00+00:00,10.056,18876.03672
2025-09-17 09:55:00+00:00,10.13098701,18610.62797
2025-09-17 10:00:00+00:00,10.1565528,18717.50892
2025-09-17 10:05:00+00:00,10.18205455,18788.9607
2025-09-17 10:10:00+00:00,10.00648442,19111.05697
2025-09-17 10:15:00+00:00,10.08176842,18745.36265
2025-09-17 10:20:00+00:00,10.1955787,18660.55321
2025-09-17 10:25:00+00:00,9.974116667,18776.04611
2025-09-17 10:30:00+00:00,10.15100308,18767.018
2025-09-17 10:35:00+00:00,10.3896835,18988.90169
2025-09-17 10:40:00+00:00,10.16242222,18429.07814
2025-09-17 10:45:00+00:00,10.39205556,18892.88731
2025-09-17 10:50:00+00:00,10.36168421,19254.294
2025-09-17 10:55:00+00:00,10.57800476,19455.47
2025-09-17 11:00:00+00:00,10.81772894,19744.16529
2025-09-17 11:05:00+00:00,11.12247964,20244.92169
2025-09-17 11:10:00+00:00,11.83821053,20811.54053
2025-09-17 11:15:00+00:00,11.61174675,20908.20009
2025-09-17 11:20:00+00:00,12.45608189,21385.29275
2025-09-17 11:25:00+00:00,12.76602273,21914.82972
2025-09-17 11:30:00+00:00,12.95413596,22401.49043
2025-09-17 11:35:00+00:00,13.70368889,23302.90356
2025-09-17 11:40:00+00:00,14.36281061,23726.24922
2025-09-17 11:45:00+00:00,14.9913,23860.79
2025-09-17 11:50:00+00:00,15.36329371,24449.61579
2025-09-17 11:55:00+00:00,15.35455227,24541.09625
2025-09-17 12:00:00+00:00,15.49516871,24505.76549
2025-09-17 12:05:00+00:00,15.76919615,24968.36858
2025-09-17 12:10:00+00:00,15.91344444,25133.22286
2025-09-17 12:15:00+00:00,16.25815742,25181.40422
2025-09-17 12:20:00+00:00,16.5467281,25298.78984
2025-09-17 12:25:00+00:00,16.49295337,25321.30485
2025-09-17 12:30:00+00:00,16.40265152,25426.88685
2025-09-17 12:35:00+00:00,16.36438555,25531.7699
2025-09-17 12:40:00+00:00,16.5342296,25717.84059
2025-09-17 12:45:00+00:00,16.38042424,25458.31733
2025-09-17 12:50:00+00:00,16.80462761,25578.13442
2025-09-17 12:55:00+00:00,17.28,25453.83
2025-09-17 13:00:00+00:00,17.18104167,25593.74571
2025-09-17 13:05:00+00:00,16.6093316,25941.92628
2025-09-17 13:10:00+00:00,17.11981858,25788.65812
2025-09-17 13:15:00+00:00,16.86399517,25742.53207
2025-09-17 13:20:00+00:00,17.43436,25962.97638
2025-09-17 13:25:00+00:00,17.11191321,25824.05833
2025-09-17 13:30:00+00:00,17.17415404,25879.39333
2025-09-17 13:35:00+00:00,17.05079654,25677.046
2025-09-17 13:40:00+00:00,16.58484848,25643.31731
2025-09-17 13:45:00+00:00,16.62544282,25865.42333
2025-09-17 13:50:00+00:00,17.10130317,25881.39861
2025-09-17 13:55:00+00:00,16.8525303,25486.44822
2025-09-17 14:00:00+00:00,16.45694384,25480.07917
2025-09-17 14:05:00+00:00,3.999285714,6578.51
2025-09-17 14:10:00+00:00,4.094571429,5757.790857
2025-09-17 14:15:00+00:00,4.178573614,5279.420286
2025-09-17 14:20:00+00:00,4.104281712,6404.15728
2025-09-17 14:25:00+00:00,4.128814706,6494.262219
2025-09-17 14:30:00+00:00,3.904245455,6614.4687
2025-09-17 14:35:00+00:00,4.259363636,6432.399618
2025-09-17 14:40:00+00:00,4.217121871,6249.305178
2025-09-17 14:45:00+00:00,4.123820979,6330.175143
2025-09-17 14:50:00+00:00,4.077435407,6506.961214
2025-09-17 14:55:00+00:00,4.091075,6309.110615
2025-09-17 15:00:00+00:00,4.152268628,6136.283971
2025-09-17 15:05:00+00:00,4.158727273,6067.662
2025-09-17 15:10:00+00:00,4.090615942,6132.646
2025-09-17 15:15:00+00:00,4.074115556,6284.725774
2025-09-17 15:20:00+00:00,4.078888889,5795.564
2025-09-17 15:25:00+00:00,4.236786325,6005.33
2025-09-17 15:30:00+00:00,4.210380952,6005.413571
2025-09-17 15:35:00+00:00,4.184664662,5894.265922
2025-09-17 15:40:00+00:00,4.213601746,5613.70815
2025-09-17 15:45:00+00:00,4.107623106,6280.811773
2025-09-17 15:50:00+00:00,3.959166667,5823.229385
2025-09-17 15:55:00+00:00,4.069148485,6049.5856
2025-09-17 16:00:00+00:00,4.2424,6091.86
2025-09-17 16:05:00+00:00,3.923977917,5800.24375
2025-09-17 16:10:00+00:00,4.084619048,6052.093273
2025-09-17 16:15:00+00:00,4.173442857,6114.66875
2025-09-17 16:20:00+00:00,4.238375,6378.679038
2025-09-17 16:25:00+00:00,4.073142857,5754.8874
2025-09-17 16:30:00+00:00,4.016572746,5905.1054
2025-09-17 16:35:00+00:00,4.092066667,6300.02
2025-09-17 16:40:00+00:00,4.077055556,6210.7
2025-09-17 16:45:00+00:00,4.183078349,6607.8023
2025-09-17 16:50:00+00:00,4.285929753,6530.67
2025-09-17 16:55:00+00:00,4.242950321,6530.67
2025-09-17 17:00:00+00:00,3.9336,6530.67
2025-09-17 17:05:00+00:00,3.933859944,6350.89505
2025-09-17 17:10:00+00:00,4.100500121,6266.674281
2025-09-17 17:15:00+00:00,3.904797101,6321.330671
2025-09-17 17:20:00+00:00,3.913272727,6402.931714
2025-09-17 17:25:00+00:00,4.004969925,6227.386
2025-09-17 17:30:00+00:00,4.000672515,6268.482222
2025-09-17 17:35:00+00:00,3.995357576,6563.657333
2025-09-17 17:40:00+00:00,4.031111111,6576.152
2025-09-17 17:45:00+00:00,4.092942983,6360.38
2025-09-17 17:50:00+00:00,3.947565559,6356.098667
2025-09-17 17:55:00+00:00,3.859454546,6538.174
2025-09-17 18:00:00+00:00,3.974657143,6577.023808
2025-09-17 18:05:00+00:00,4.062115385,6310.88
2025-09-17 18:10:00+00:00,4.018836842,6396.006026
2025-09-17 18:15:00+00:00,3.9856,6649.097175
2025-09-17 18:20:00+00:00,4.068505263,6598.335
2025-09-17 18:25:00+00:00,3.985695354,6645.832
2025-09-17 18:30:00+00:00,4.003,6897.570667
2025-09-17 18:35:00+00:00,4.051842105,6881.4
2025-09-17 18:40:00+00:00,4.048666667,6842.43
2025-09-17 18:45:00+00:00,4.003333333,6530.67
2025-09-17 18:50:00+00:00,4.064,6828.402
2025-09-17 18:55:00+00:00,3.610909091,6532.207091
2025-09-17 19:00:00+00:00,3.792569264,6430.061647
2025-09-17 19:05:00+00:00,0.6316,1156.730667
2025-09-17 19:10:00+00:00,0.03,0
2025-09-17 19:15:00+00:00,0.03,0
2025-09-17 19:20:00+00:00,0.03,0
2025-09-17 19:25:00+00:00,0.03,0
2025-09-17 19:30:00+00:00,0.03,0
2025-09-17 19:35:00+00:00,0.03,0
2025-09-17 19:40:00+00:00,0.03,0
2025-09-17 19:45:00+00:00,0.03,0
2025-09-17 19:50:00+00:00,0.03,0
2025-09-17 19:55:00+00:00,0.03,0
2025-09-17 20:00:00+00:00,0.03,0
2025-09-17 20:05:00+00:00,0.031212121,0
2025-09-17 20:10:00+00:00,0.03,0
2025-09-17 20:15:00+00:00,0.03,0
2025-09-17 20:20:00+00:00,0.03,0
2025-09-17 20:25:00+00:00,0.03,0
2025-09-17 20:30:00+00:00,0.03,0
2025-09-17 20:35:00+00:00,0.03,0
2025-09-17 20:40:00+00:00,0.03,0
2025-09-17 20:45:00+00:00,0.03,0
2025-09-17 20:50:00+00:00,0.03,0
2025-09-17 20:55:00+00:00,0.03,0
2025-09-17 21:00:00+00:00,0.03,0
2025-09-17 21:05:00+00:00,0.03,0
2025-09-17 21:10:00+00:00,0.03,0
2025-09-17 21:15:00+00:00,0.03,0
2025-09-17 21:20:00+00:00,0.03,0
2025-09-17 21:25:00+00:00,0.03,0
2025-09-17 21:30:00+00:00,0.03,0
2025-09-17 21:35:00+00:00,0.03,0
2025-09-17 21:40:00+00:00,0.03,0
2025-09-17 21:45:00+00:00,0.03,0
2025-09-17 21:50:00+00:00,0.03,0
2025-09-17 21:55:00+00:00,0.03,0
2025-09-17 22:00:00+00:00,0.03,0
2025-09-17 22:05:00+00:00,0.03,0
2025-09-17 22:10:00+00:00,0.03,0
2025-09-17 22:15:00+00:00,0.03,0
2025-09-17 22:20:00+00:00,0.03,0
2025-09-17 22:25:00+00:00,0.03,0
2025-09-17 22:30:00+00:00,0.03,0
2025-09-17 22:35:00+00:00,0.03,0
2025-09-17 22:40:00+00:00,0.03,0
2025-09-17 22:45:00+00:00,0.03,0
2025-09-17 22:50:00+00:00,0.0309,0
2025-09-17 22:55:00+00:00,0.03,0
2025-09-17 23:00:00+00:00,0.03,0
2025-09-17 23:05:00+00:00,0.03,0
2025-09-17 23:10:00+00:00,0.03,0
2025-09-17 23:15:00+00:00,0.03,0
2025-09-17 23:20:00+00:00,0.03,0
2025-09-17 23:25:00+00:00,0.03,0
2025-09-17 23:30:00+00:00,0.03,0
2025-09-17 23:35:00+00:00,0.03,0
2025-09-17 23:40:00+00:00,0.03,0
2025-09-17 23:45:00+00:00,0.03,0
2025-09-17 23:50:00+00:00,0.03,0
2025-09-17 23:55:00+00:00,0.03,0
2025-09-18 00:00:00+00:00,0.03,0
2025-09-18 00:05:00+00:00,0.03,0
2025-09-18 00:10:00+00:00,0.03,0
2025-09-18 00:15:00+00:00,0.03,0
2025-09-18 00:20:00+00:00,0.03,0
2025-09-18 00:25:00+00:00,0.03,0
2025-09-18 00:30:00+00:00,0.03,0
2025-09-18 00:35:00+00:00,0.03,0
2025-09-18 00:40:00+00:00,0.03,0
2025-09-18 00:45:00+00:00,0.03,0
2025-09-18 00:50:00+00:00,0.03,0
2025-09-18 00:55:00+00:00,0.03,0
2025-09-18 01:00:00+00:00,0.03,0
2025-09-18 01:05:00+00:00,0.03,0
2025-09-18 01:10:00+00:00,0.03,0
2025-09-18 01:15:00+00:00,0.03,0
2025-09-18 01:20:00+00:00,0.03,0
2025-09-18 01:25:00+00:00,0.03,0
2025-09-18 01:30:00+00:00,0.03,0
2025-09-18 01:35:00+00:00,0.0316,0
2025-09-18 01:40:00+00:00,0.03,0
2025-09-18 01:45:00+00:00,0.03,0
2025-09-18 01:50:00+00:00,0.03,0
2025-09-18 01:55:00+00:00,0.03,0
2025-09-18 02:00:00+00:00,0.03,0
2025-09-18 02:05:00+00:00,0.03,0
2025-09-18 02:10:00+00:00,0.03,0
2025-09-18 02:15:00+00:00,0.03,0
2025-09-18 02:20:00+00:00,0.03,0
2025-09-18 02:25:00+00:00,0.03,0
2025-09-18 02:30:00+00:00,0.03,0
2025-09-18 02:35:00+00:00,0.03,0
2025-09-18 02:40:00+00:00,0.03,0
2025-09-18 02:45:00+00:00,0.03,0
2025-09-18 02:50:00+00:00,0.03,0
2025-09-18 02:55:00+00:00,0.03,0
2025-09-18 03:00:00+00:00,0.03,0
2025-09-18 03:05:00+00:00,0.03,0
2025-09-18 03:10:00+00:00,0.222972222,0
2025-09-18 03:15:00+00:00,4.741508075,8173.78527
2025-09-18 03:20:00+00:00,4.884256293,9041.721111
2025-09-18 03:25:00+00:00,4.850295088,9320.26
2025-09-18 03:30:00+00:00,4.915166667,9320.26
2025-09-18 03:35:00+00:00,4.816526667,9320.26
2025-09-18 03:40:00+00:00,4.708666667,9320.26
2025-09-18 03:45:00+00:00,4.719945437,9311.252816
2025-09-18 03:50:00+00:00,4.799755411,9304.735124
2025-09-18 03:55:00+00:00,4.7,9303.42
2025-09-18 04:00:00+00:00,4.719796964,9365.020783
2025-09-18 04:05:00+00:00,4.808541114,9696.5952
2025-09-18 04:10:00+00:00,5.063663004,10534.502
2025-09-18 04:15:00+00:00,5.532947368,11230.1708
2025-09-18 04:20:00+00:00,5.825047619,11560.8632
2025-09-18 04:25:00+00:00,6.092772727,11984.34286
2025-09-18 04:30:00+00:00,6.044615385,12406.04
2025-09-18 04:35:00+00:00,6.379573427,12634.7718
2025-09-18 04:40:00+00:00,6.506313131,12918.66445
2025-09-18 04:45:00+00:00,6.653662388,13161.66299
2025-09-18 04:50:00+00:00,6.802527273,13587.12188
2025-09-18 04:55:00+00:00,6.712272727,13769.02556
2025-09-18 05:00:00+00:00,6.907777778,13910.11
2025-09-18 05:05:00+00:00,6.784599286,13980.00964
2025-09-18 05:10:00+00:00,7.312788531,14058.29467
2025-09-18 05:15:00+00:00,7.235852814,14194.38493
2025-09-18 05:20:00+00:00,7.235636364,14353.93
2025-09-18 05:25:00+00:00,7.172315322,14337.76326
2025-09-18 05:30:00+00:00,7.408716578,14321.12
2025-09-18 05:35:00+00:00,7.254833333,14429.4736
2025-09-18 05:40:00+00:00,7.240222222,14423.49126
2025-09-18 05:45:00+00:00,7.039818182,14401.2745
2025-09-18 05:50:00+00:00,7.202333333,14401.912
2025-09-18 05:55:00+00:00,7.380545455,14397.56
2025-09-18 06:00:00+00:00,7.427537778,14469.87367
2025-09-18 06:05:00+00:00,7.531883117,14409.55333
2025-09-18 06:10:00+00:00,7.493375,14413.0878
2025-09-18 06:15:00+00:00,7.420959596,14462.75
2025-09-18 06:20:00+00:00,7.365656566,14457.40391
2025-09-18 06:25:00+00:00,7.472717949,14530.81778
2025-09-18 06:30:00+00:00,7.467625,14520.897
2025-09-18 06:35:00+00:00,7.533083333,14477.60171
2025-09-18 06:40:00+00:00,7.67,14556.3726
2025-09-18 06:45:00+00:00,7.685449074,14555.79141
2025-09-18 06:50:00+00:00,7.615384615,14726.69127
2025-09-18 06:55:00+00:00,7.324321429,14847.92
2025-09-18 07:00:00+00:00,7.456938462,14956.94706
2025-09-18 07:05:00+00:00,7.471544156,15001.56511
2025-09-18 07:10:00+00:00,8.323819444,15120
2025-09-18 07:15:00+00:00,8.111533333,15123.83507
2025-09-18 07:20:00+00:00,8.127266968,15282.58313
2025-09-18 07:25:00+00:00,8.381756522,15552.17866
2025-09-18 07:30:00+00:00,8.429222222,15707.876
2025-09-18 07:35:00+00:00,8.324346412,15829.246
2025-09-18 07:40:00+00:00,8.31964535,15903.62046
2025-09-18 07:45:00+00:00,8.469812665,15990.03741
2025-09-18 07:50:00+00:00,8.9178,16363.4806
2025-09-18 07:55:00+00:00,8.92175,16532.749
2025-09-18 08:00:00+00:00,9.311958042,16923.92889
2025-09-18 08:05:00+00:00,9.183202944,16907.09029
2025-09-18 08:10:00+00:00,9.352136364,16878.35022
2025-09-18 08:15:00+00:00,9.360216548,16954.91
2025-09-18 08:20:00+00:00,9.372639108,17131.40646
2025-09-18 08:25:00+00:00,9.698225108,17442.996
2025-09-18 08:30:00+00:00,9.836727273,17588.31207
2025-09-18 08:35:00+00:00,10.15528517,17761.95756
2025-09-18 08:40:00+00:00,10.29897034,17897.87445
2025-09-18 08:45:00+00:00,10.26016667,18269.91658
2025-09-18 08:50:00+00:00,10.47548907,18578.23218
2025-09-18 08:55:00+00:00,11.054,19082.662
2025-09-18 09:00:00+00:00,11.12326797,19342.80305
2025-09-18 09:05:00+00:00,11.18038095,19687.49529
2025-09-18 09:10:00+00:00,11.55234818,20024.53293
2025-09-18 09:15:00+00:00,11.71480769,20249.89875
2025-09-18 09:20:00+00:00,11.63465263,20348.278
2025-09-18 09:25:00+00:00,11.98844646,20839.64844
2025-09-18 09:30:00+00:00,12.15111111,20910.3025
2025-09-18 09:35:00+00:00,12.64796364,21301.06622
2025-09-18 09:40:00+00:00,12.79892314,21428.3
2025-09-18 09:45:00+00:00,12.73077978,21636.75822
2025-09-18 09:50:00+00:00,13.2285,22195.41909
2025-09-18 09:55:00+00:00,13.52962895,22098.3125
2025-09-18 10:00:00+00:00,13.85614079,22357.09909
2025-09-18 10:05:00+00:00,13.66090049,22336.91
2025-09-18 10:10:00+00:00,13.71105314,22516.73129
2025-09-18 10:15:00+00:00,14.0362,22808.89978
2025-09-18 10:20:00+00:00,13.96823932,22754.40174
2025-09-18 10:25:00+00:00,14.09312824,22617.63836
2025-09-18 10:30:00+00:00,14.17341176,22611.52194
2025-09-18 10:35:00+00:00,14.18839134,22908.56317
2025-09-18 10:40:00+00:00,14.17613725,22989.1395
2025-09-18 10:45:00+00:00,14.16164211,23140.2865
2025-09-18 10:50:00+00:00,14.21002941,23017.65841
2025-09-18 10:55:00+00:00,14.299,23068.9206
2025-09-18 11:00:00+00:00,14.45730519,23160.86994
2025-09-18 11:05:00+00:00,14.57133333,23213.75912
2025-09-18 11:10:00+00:00,14.49779138,23289.1705
2025-09-18 11:15:00+00:00,14.62571287,23342.01889
2025-09-18 11:20:00+00:00,14.89083077,23498.80373
2025-09-18 11:25:00+00:00,15.19332381,23971.745
2025-09-18 11:30:00+00:00,15.48644755,24204.6588
2025-09-18 11:35:00+00:00,15.61682895,24373.69
2025-09-18 11:40:00+00:00,15.65335764,24470.12925
2025-09-18 11:45:00+00:00,15.6136,24380.87284
2025-09-18 11:50:00+00:00,15.56871667,24562.03668
2025-09-18 11:55:00+00:00,15.95311248,24695.47852
2025-09-18 12:00:00+00:00,16.42248052,25147.29571
2025-09-18 12:05:00+00:00,16.39215455,25230.11517
2025-09-18 12:10:00+00:00,16.72654062,25352.55499
2025-09-18 12:15:00+00:00,16.37633052,25400.51604
2025-09-18 12:20:00+00:00,16.63149412,25774.85347
2025-09-18 12:25:00+00:00,17.03510823,25794.06468
2025-09-18 12:30:00+00:00,17.25316667,25874.30867
2025-09-18 12:35:00+00:00,17.18189394,26147.37867
2025-09-18 12:40:00+00:00,17.63302857,26278.26
2025-09-18 12:45:00+00:00,17.5084,26058.28288
2025-09-18 12:50:00+00:00,17.23841156,26115.93214
2025-09-18 12:55:00+00:00,16.94589862,26026.64213
2025-09-18 13:00:00+00:00,16.33071345,26044.52
2025-09-18 13:05:00+00:00,16.67438594,25975.65886
2025-09-18 13:10:00+00:00,16.59097836,25313.86578
2025-09-18 13:15:00+00:00,16.47419412,25505.25014
2025-09-18 13:20:00+00:00,16.73525,25532.92212
2025-09-18 13:25:00+00:00,16.52586059,25288.1163
2025-09-18 13:30:00+00:00,16.5279986,25111.28494
2025-09-18 13:35:00+00:00,15.91490476,24732.32876
2025-09-18 13:40:00+00:00,15.84880078,24917.47141
2025-09-18 13:45:00+00:00,15.86,24987.55
2025-09-18 13:50:00+00:00,15.812275,24956.31249
2025-09-18 13:55:00+00:00,15.3372,24486.7663
2025-09-18 14:00:00+00:00,15.29581765,24201.0635
2025-09-18 14:05:00+00:00,14.87736607,24128.01337
2025-09-18 14:10:00+00:00,14.96626573,23918.4355
2025-09-18 14:15:00+00:00,15.18380857,23800.85444
2025-09-18 14:20:00+00:00,14.52299359,23509.62333
2025-09-18 14:25:00+00:00,14.23772222,23287.66388
2025-09-18 14:30:00+00:00,14.03447552,23065.12333
2025-09-18 14:35:00+00:00,13.66602797,22607.17921
2025-09-18 14:40:00+00:00,13.67111429,22474.82426
2025-09-18 14:45:00+00:00,13.50442857,22348.49
2025-09-18 14:50:00+00:00,13.19,22087.22867
2025-09-18 14:55:00+00:00,12.96895833,21926.64464
2025-09-18 15:00:00+00:00,12.36808571,20042.95032
2025-09-18 15:05:00+00:00,4.98567274,8178.12425
2025-09-18 15:10:00+00:00,4.055777778,6363.9188
2025-09-18 15:15:00+00:00,4.152275464,6426.335495
2025-09-18 15:20:00+00:00,3.839738095,5558.413917
2025-09-18 15:25:00+00:00,3.987453704,5241.325056
2025-09-18 15:30:00+00:00,3.993368421,6451.105333
2025-09-18 15:35:00+00:00,4.052,5979.16
2025-09-18 15:40:00+00:00,4.342066667,6296.1575
2025-09-18 15:45:00+00:00,4.154794746,6297.130641
2025-09-18 15:50:00+00:00,4.13,6285.98
2025-09-18 15:55:00+00:00,4.16925,6246.126
2025-09-18 16:00:00+00:00,4.19,6458.282727
2025-09-18 16:05:00+00:00,4.209083333,6506.61
2025-09-18 16:10:00+00:00,4.168692308,6709.108462
2025-09-18 16:15:00+00:00,4.1396,6121.8006
2025-09-18 16:20:00+00:00,4.158224479,5747.161325
2025-09-18 16:25:00+00:00,4.182691004,5666.126271
2025-09-18 16:30:00+00:00,4.081714976,5602.785385
2025-09-18 16:35:00+00:00,4.113090909,6112.572222
2025-09-18 16:40:00+00:00,4.227648555,6419.258
2025-09-18 16:45:00+00:00,4.2154,5923.796
2025-09-18 16:50:00+00:00,4.16504902,5752.076
2025-09-18 16:55:00+00:00,4.15148052,6315.74
2025-09-18 17:00:00+00:00,4.110967273,6384.490103
2025-09-18 17:05:00+00:00,4.14925,6578.51
2025-09-18 17:10:00+00:00,4.15,6578.51
2025-09-18 17:15:00+00:00,4.099714286,6462.806622
2025-09-18 17:20:00+00:00,4.217886869,6468.511444
2025-09-18 17:25:00+00:00,4.27256,6574.397315
2025-09-18 17:30:00+00:00,4.460266667,6568.958
2025-09-18 17:35:00+00:00,4.19568323,6535.422
2025-09-18 17:40:00+00:00,4.179841518,6506.0065
2025-09-18 17:45:00+00:00,4.017402797,6482.47
2025-09-18 17:50:00+00:00,4.115586207,6467.393556
2025-09-18 17:55:00+00:00,4.143880952,5791.3986
2025-09-18 18:00:00+00:00,4.119090909,6352.7735
2025-09-18 18:05:00+00:00,4.2946,6335.114582
2025-09-18 18:10:00+00:00,4.096167303,6346.4875
2025-09-18 18:15:00+00:00,4.262329546,5155.441
2025-09-18 18:20:00+00:00,4.26725,5715.147059
2025-09-18 18:25:00+00:00,4.26462,6094.396764
2025-09-18 18:30:00+00:00,4.212976191,6427.898154
2025-09-18 18:35:00+00:00,4.157668982,6405.960267
2025-09-18 18:40:00+00:00,3.980292929,6119.609474
2025-09-18 18:45:00+00:00,3.835147953,6524.903306
2025-09-18 18:50:00+00:00,3.909933333,6484.725128
2025-09-18 18:55:00+00:00,3.909166667,6353.283906
2025-09-18 19:00:00+00:00,1.5575,2534.272
2025-09-18 19:05:00+00:00,0.03,0
2025-09-18 19:10:00+00:00,0.03,0
2025-09-18 19:15:00+00:00,0.03,0
2025-09-18 19:20:00+00:00,0.03,0
2025-09-18 19:25:00+00:00,0.03,0
2025-09-18 19:30:00+00:00,0.03,0
2025-09-18 19:35:00+00:00,0.03,0
2025-09-18 19:40:00+00:00,0.03,0
2025-09-18 19:45:00+00:00,0.03,0
2025-09-18 19:50:00+00:00,0.03,0
2025-09-18 19:55:00+00:00,0.03,0
2025-09-18 20:00:00+00:00,0.03,0
2025-09-18 20:05:00+00:00,0.03,0
2025-09-18 20:10:00+00:00,0.03,0
2025-09-18 20:15:00+00:00,0.03,0
2025-09-18 20:20:00+00:00,0.03,0
2025-09-18 20:25:00+00:00,0.03,0
2025-09-18 20:30:00+00:00,0.03,0
2025-09-18 20:35:00+00:00,0.03,0
2025-09-18 20:40:00+00:00,0.03,0
2025-09-18 20:45:00+00:00,0.03,0
2025-09-18 20:50:00+00:00,0.03,0
2025-09-18 20:55:00+00:00,0.03,0
2025-09-18 21:00:00+00:00,0.03,0
2025-09-18 21:05:00+00:00,0.03,0
2025-09-18 21:10:00+00:00,0.03,0
2025-09-18 21:15:00+00:00,0.03,0
2025-09-18 21:20:00+00:00,0.03,0
2025-09-18 21:25:00+00:00,0.03,0
2025-09-18 21:30:00+00:00,0.03,0
2025-09-18 21:35:00+00:00,0.03,0
2025-09-18 21:40:00+00:00,0.03,0
2025-09-18 21:45:00+00:00,0.03,0
2025-09-18 21:50:00+00:00,0.03,0
2025-09-18 21:55:00+00:00,0.03,0
2025-09-18 22:00:00+00:00,0.03,0
2025-09-18 22:05:00+00:00,0.03,0
2025-09-18 22:10:00+00:00,0.03,0
2025-09-18 22:15:00+00:00,0.03,0
2025-09-18 22:20:00+00:00,0.03,0
2025-09-18 22:25:00+00:00,0.03,0
2025-09-18 22:30:00+00:00,0.03,0
2025-09-18 22:35:00+00:00,0.03,0
2025-09-18 22:40:00+00:00,0.03,0
2025-09-18 22:45:00+00:00,0.03,0
2025-09-18 22:50:00+00:00,0.03,0
2025-09-18 22:55:00+00:00,0.03,0
2025-09-18 23:00:00+00:00,0.03,0
2025-09-18 23:05:00+00:00,0.03,0
2025-09-18 23:10:00+00:00,0.102214286,0
2025-09-18 23:15:00+00:00,0.064092061,0
2025-09-18 23:20:00+00:00,0.03,0
2025-09-18 23:25:00+00:00,0.03,0
2025-09-18 23:30:00+00:00,0.03,0
2025-09-18 23:35:00+00:00,0.03,0
2025-09-18 23:40:00+00:00,0.03,0
2025-09-18 23:45:00+00:00,0.03,0
2025-09-18 23:50:00+00:00,0.03,0
2025-09-18 23:55:00+00:00,0.03,0
2025-09-19 00:00:00+00:00,0.03,0
2025-09-19 00:05:00+00:00,0.03,0
2025-09-19 00:10:00+00:00,0.03,0
2025-09-19 00:15:00+00:00,0.030181818,0
2025-09-19 00:20:00+00:00,0.03,0
2025-09-19 00:25:00+00:00,0.03,0
2025-09-19 00:30:00+00:00,0.03,0
2025-09-19 00:35:00+00:00,0.03,0
2025-09-19 00:40:00+00:00,0.03,0
2025-09-19 00:45:00+00:00,0.03,0
2025-09-19 00:50:00+00:00,0.03,0
2025-09-19 00:55:00+00:00,0.03,0
2025-09-19 01:00:00+00:00,0.03,0
2025-09-19 01:05:00+00:00,0.03,0
2025-09-19 01:10:00+00:00,0.03,0
2025-09-19 01:15:00+00:00,0.03,0
2025-09-19 01:20:00+00:00,0.03,0
2025-09-19 01:25:00+00:00,0.03,0
2025-09-19 01:30:00+00:00,0.03,0
2025-09-19 01:35:00+00:00,0.03,0
2025-09-19 01:40:00+00:00,0.03,0
2025-09-19 01:45:00+00:00,0.03,0
2025-09-19 01:50:00+00:00,0.03,0
2025-09-19 01:55:00+00:00,0.03,0
2025-09-19 02:00:00+00:00,0.03,0
2025-09-19 02:05:00+00:00,0.03,0
2025-09-19 02:10:00+00:00,0.03,0
2025-09-19 02:15:00+00:00,0.03,0
2025-09-19 02:20:00+00:00,0.03,0
2025-09-19 02:25:00+00:00,0.03,0
2025-09-19 02:30:00+00:00,0.03,0
2025-09-19 02:35:00+00:00,0.03,0
2025-09-19 02:40:00+00:00,0.03,0
2025-09-19 02:45:00+00:00,0.03,0
2025-09-19 02:50:00+00:00,0.03,0
2025-09-19 02:55:00+00:00,0.03,0
2025-09-19 03:00:00+00:00,0.031204013,0
2025-09-19 03:05:00+00:00,4.446590909,6069.467222
2025-09-19 03:10:00+00:00,11.29837599,13391.742
2025-09-19 03:15:00+00:00,10.49098485,13420.943
2025-09-19 03:20:00+00:00,4.613033493,8779.269333
2025-09-19 03:25:00+00:00,4.624566188,8657.39
2025-09-19 03:30:00+00:00,4.644332291,8657.39
2025-09-19 03:35:00+00:00,4.679573529,8657.39
2025-09-19 03:40:00+00:00,4.689015873,8657.39
2025-09-19 03:45:00+00:00,4.949876847,8850.098
2025-09-19 03:50:00+00:00,4.606536891,8621.09
2025-09-19 03:55:00+00:00,4.713118881,8621.09
2025-09-19 04:00:00+00:00,4.806923949,8743.54675
2025-09-19 04:05:00+00:00,4.884118266,9171.340981
2025-09-19 04:10:00+00:00,5.169928571,9856.304533
2025-09-19 04:15:00+00:00,5.276081119,10357.53673
2025-09-19 04:20:00+00:00,5.634888889,10953.89257
2025-09-19 04:25:00+00:00,5.844830409,11450.99778
2025-09-19 04:30:00+00:00,6.024552941,11892.59
2025-09-19 04:35:00+00:00,6.172566088,12104.02
2025-09-19 04:40:00+00:00,6.491052632,12403.0825
2025-09-19 04:45:00+00:00,6.5386,12721.4215
2025-09-19 04:50:00+00:00,6.546318182,12946.67
2025-09-19 04:55:00+00:00,6.805629234,13184.52851
2025-09-19 05:00:00+00:00,6.907784512,13271.27343
2025-09-19 05:05:00+00:00,6.91612357,13386.29249
2025-09-19 05:10:00+00:00,6.829117857,13451.66
2025-09-19 05:15:00+00:00,6.769367064,13451.66
2025-09-19 05:20:00+00:00,6.929946667,13519.26367
2025-09-19 05:25:00+00:00,7.107053846,13602.35
2025-09-19 05:30:00+00:00,7.150113174,13698.614
2025-09-19 05:35:00+00:00,7.182747969,13707.59413
2025-09-19 05:40:00+00:00,7.178595604,13667.60091
2025-09-19 05:45:00+00:00,7.278163462,13740.38321
2025-09-19 05:50:00+00:00,7.321353316,13947.49529
2025-09-19 05:55:00+00:00,7.27728346,14063.7622
2025-09-19 06:00:00+00:00,7.187709402,14064.88133
2025-09-19 06:05:00+00:00,7.355,14055.0415
2025-09-19 06:10:00+00:00,7.369677019,13895.32673
2025-09-19 06:15:00+00:00,7.266861284,13973.092
2025-09-19 06:20:00+00:00,7.26666476,14015.185
2025-09-19 06:25:00+00:00,7.301765182,14110.7
2025-09-19 06:30:00+00:00,7.32939881,14102.06547
2025-09-19 06:35:00+00:00,7.205413986,13991.85314
2025-09-19 06:40:00+00:00,7.15675,14108.6976
2025-09-19 06:45:00+00:00,7.594296537,14098.2553
2025-09-19 06:50:00+00:00,7.22,14244.27
2025-09-19 06:55:00+00:00,7.570938462,14063.55267
2025-09-19 07:00:00+00:00,7.742066667,14268.53129
2025-09-19 07:05:00+00:00,7.5061,14069.35473
2025-09-19 07:10:00+00:00,7.945733333,14211.21
2025-09-19 07:15:00+00:00,7.627733333,14210.53971
2025-09-19 07:20:00+00:00,7.583359065,14310.11309
2025-09-19 07:25:00+00:00,7.410862069,14460.986
2025-09-19 07:30:00+00:00,7.676833333,14474.96178
2025-09-19 07:35:00+00:00,7.60888529,14434.534
2025-09-19 07:40:00+00:00,7.669295604,14404.52886
2025-09-19 07:45:00+00:00,7.806049784,14277.663
2025-09-19 07:50:00+00:00,7.568384615,14440.06836
2025-09-19 07:55:00+00:00,7.616138462,14758.12544
2025-09-19 08:00:00+00:00,7.902271531,14994.19316
2025-09-19 08:05:00+00:00,7.984150623,15212.856
2025-09-19 08:10:00+00:00,8.001692152,15308.23183
2025-09-19 08:15:00+00:00,8.039666667,15405.594
2025-09-19 08:20:00+00:00,8.031545906,15403.24086
2025-09-19 08:25:00+00:00,8.171111111,15475.62657
2025-09-19 08:30:00+00:00,8.234466667,15534.73836
2025-09-19 08:35:00+00:00,8.163441558,15460.01875
2025-09-19 08:40:00+00:00,7.83521095,15770.91827
2025-09-19 08:45:00+00:00,8.492909091,15943.95333
2025-09-19 08:50:00+00:00,8.628454546,15905.21
2025-09-19 08:55:00+00:00,8.471173077,16136.218
2025-09-19 09:00:00+00:00,8.470024176,16195.89779
2025-09-19 09:05:00+00:00,8.559107143,16249.22179
2025-09-19 09:10:00+00:00,8.7075,16586.60511
2025-09-19 09:15:00+00:00,8.975166667,16681.14235
2025-09-19 09:20:00+00:00,8.918806723,16920.9
2025-09-19 09:25:00+00:00,9.509630769,17061.31644
2025-09-19 09:30:00+00:00,9.081448916,17027.08234
2025-09-19 09:35:00+00:00,9.442916667,17131.20016
2025-09-19 09:40:00+00:00,9.281064935,17242.28507
2025-09-19 09:45:00+00:00,9.481166667,17291.722
2025-09-19 09:50:00+00:00,9.593777778,17485.99
2025-09-19 09:55:00+00:00,9.634420102,17530.95914
2025-09-19 10:00:00+00:00,9.72025,17802.88013
2025-09-19 10:05:00+00:00,9.77745055,17673.3
2025-09-19 10:10:00+00:00,9.674363636,17648.59406
2025-09-19 10:15:00+00:00,9.899333333,17941.88624
2025-09-19 10:20:00+00:00,9.922059524,17868.738
2025-09-19 10:25:00+00:00,9.934325397,17835.70249
2025-09-19 10:30:00+00:00,10.13866312,18184.0973
2025-09-19 10:35:00+00:00,10.21331361,18268.60207
2025-09-19 10:40:00+00:00,10.24907692,18411.928
2025-09-19 10:45:00+00:00,10.34764888,18730.525
2025-09-19 10:50:00+00:00,10.51365152,18854.93686
2025-09-19 10:55:00+00:00,10.85980921,18934.8417
2025-09-19 11:00:00+00:00,10.98642577,19633.40975
2025-09-19 11:05:00+00:00,10.89855195,19738.32373
2025-09-19 11:10:00+00:00,11.07461824,19733.16023
2025-09-19 11:15:00+00:00,11.38577652,20237.108
2025-09-19 11:20:00+00:00,12.20484977,20766.678
2025-09-19 11:25:00+00:00,12.07874459,20939.16783
2025-09-19 11:30:00+00:00,12.26099655,21231.65065
2025-09-19 11:35:00+00:00,12.67213333,21389.81939
2025-09-19 11:40:00+00:00,12.64087333,21728.89471
2025-09-19 11:45:00+00:00,13.25869721,22075.25928
2025-09-19 11:50:00+00:00,13.8025,22500.61071
2025-09-19 11:55:00+00:00,14.26447475,22760.432
2025-09-19 12:00:00+00:00,14.02205392,22864.24227
2025-09-19 12:05:00+00:00,14.50316667,23076.07229
2025-09-19 12:10:00+00:00,14.23988095,23566.378
2025-09-19 12:15:00+00:00,14.7056375,23519.639
2025-09-19 12:20:00+00:00,14.22557143,23438.494
2025-09-19 12:25:00+00:00,14.86660714,23782.6025
2025-09-19 12:30:00+00:00,15.01417692,23967.82215
2025-09-19 12:35:00+00:00,14.95170905,23844.20455
2025-09-19 12:40:00+00:00,15.03704996,23826.05686
2025-09-19 12:45:00+00:00,15.16828256,23954.63431
2025-09-19 12:50:00+00:00,14.99048889,23922.87477
2025-09-19 12:55:00+00:00,14.97787374,23844.75925
2025-09-19 13:00:00+00:00,14.89,23896.98
2025-09-19 13:05:00+00:00,14.70242909,23896.98217
2025-09-19 13:10:00+00:00,14.68997594,23913.5393
2025-09-19 13:15:00+00:00,14.68479097,23764.46868
2025-09-19 13:20:00+00:00,14.02452219,23271.77776
2025-09-19 13:25:00+00:00,13.85327381,23068.71211
2025-09-19 13:30:00+00:00,13.67474026,22763.67237
2025-09-19 13:35:00+00:00,13.47490526,22330.00225
2025-09-19 13:40:00+00:00,13.32033333,22177.38
2025-09-19 13:45:00+00:00,13.07040693,21893.68933
2025-09-19 13:50:00+00:00,12.63440741,21553.28645
2025-09-19 13:55:00+00:00,12.02612554,21238.51762
2025-09-19 14:00:00+00:00,6.198105628,10682.64644
2025-09-19 14:05:00+00:00,0.03,0
2025-09-19 14:10:00+00:00,0.03,0
2025-09-19 14:15:00+00:00,0.03,0
2025-09-19 14:20:00+00:00,0.03,0
2025-09-19 14:25:00+00:00,0.03,0
2025-09-19 14:30:00+00:00,0.03,0
2025-09-19 14:35:00+00:00,0.03,0
2025-09-19 14:40:00+00:00,0.03,0
2025-09-19 14:45:00+00:00,0.03,0
2025-09-19 14:50:00+00:00,0.03,0
2025-09-19 14:55:00+00:00,0.03,0
2025-09-19 15:00:00+00:00,0.03,0
2025-09-19 15:05:00+00:00,0.03,0
2025-09-19 15:10:00+00:00,0.03,0
2025-09-19 15:15:00+00:00,0.03,0
2025-09-19 15:20:00+00:00,0.03,0
2025-09-19 15:25:00+00:00,0.03,0
2025-09-19 15:30:00+00:00,0.03,0
2025-09-19 15:35:00+00:00,0.03,0
2025-09-19 15:40:00+00:00,0.03,0
2025-09-19 15:45:00+00:00,0.03,0
2025-09-19 15:50:00+00:00,0.03,0
2025-09-19 15:55:00+00:00,0.03,0
2025-09-19 16:00:00+00:00,0.03,0
2025-09-19 16:05:00+00:00,0.03,0
2025-09-19 16:10:00+00:00,0.03,0
2025-09-19 16:15:00+00:00,0.062142857,0
2025-09-19 16:20:00+00:00,0.072107143,0
2025-09-19 16:25:00+00:00,0.03,0
2025-09-19 16:30:00+00:00,0.03,0
2025-09-19 16:35:00+00:00,0.03,0
2025-09-19 16:40:00+00:00,0.03,0
2025-09-19 16:45:00+00:00,0.03,0
2025-09-19 16:50:00+00:00,0.03,0
2025-09-19 16:55:00+00:00,0.03,0
2025-09-19 17:00:00+00:00,0.03,0
2025-09-19 17:05:00+00:00,0.03,0
2025-09-19 17:10:00+00:00,0.03,0
2025-09-19 17:15:00+00:00,0.03,0
2025-09-19 17:20:00+00:00,0.031166667,0
2025-09-19 17:25:00+00:00,0.031296842,0
2025-09-19 17:30:00+00:00,0.03,0
2025-09-19 17:35:00+00:00,0.03,0
2025-09-19 17:40:00+00:00,0.03,0
2025-09-19 17:45:00+00:00,0.03,0
2025-09-19 17:50:00+00:00,0.03,0
2025-09-19 17:55:00+00:00,0.03,0
2025-09-19 18:00:00+00:00,0.03,0
2025-09-19 18:05:00+00:00,0.03,0
2025-09-19 18:10:00+00:00,0.03,0
2025-09-19 18:15:00+00:00,0.03,0
2025-09-19 18:20:00+00:00,0.03,0
2025-09-19 18:25:00+00:00,0.03,0
2025-09-19 18:30:00+00:00,0.03,0
2025-09-19 18:35:00+00:00,0.03,0
2025-09-19 18:40:00+00:00,0.03,0
2025-09-19 18:45:00+00:00,0.03,0
2025-09-19 18:50:00+00:00,0.03,0
2025-09-19 18:55:00+00:00,0.03,0
2025-09-19 19:00:00+00:00,0.03,0
2025-09-19 19:05:00+00:00,0.03,0
2025-09-19 19:10:00+00:00,0.03,0
2025-09-19 19:15:00+00:00,0.03,0
2025-09-19 19:20:00+00:00,0.03,0
2025-09-19 19:25:00+00:00,0.03,0
2025-09-19 19:30:00+00:00,0.03,0
2025-09-19 19:35:00+00:00,0.03,0
2025-09-19 19:40:00+00:00,0.03,0
2025-09-19 19:45:00+00:00,0.03,0
2025-09-19 19:50:00+00:00,0.03,0
2025-09-19 19:55:00+00:00,0.03,0
2025-09-19 20:00:00+00:00,0.03,0
2025-09-19 20:05:00+00:00,0.03,0
2025-09-19 20:10:00+00:00,0.03,0
2025-09-19 20:15:00+00:00,0.03,0
2025-09-19 20:20:00+00:00,0.03,0
2025-09-19 20:25:00+00:00,0.03,0
2025-09-19 20:30:00+00:00,0.03,0
2025-09-19 20:35:00+00:00,0.03,0
2025-09-19 20:40:00+00:00,0.03,0
2025-09-19 20:45:00+00:00,0.03,0
2025-09-19 20:50:00+00:00,0.03,0
2025-09-19 20:55:00+00:00,0.03,0
2025-09-19 21:00:00+00:00,0.03,0
2025-09-19 21:05:00+00:00,0.03,0
2025-09-19 21:10:00+00:00,0.03,0
2025-09-19 21:15:00+00:00,0.03,0
2025-09-19 21:20:00+00:00,0.03,0
2025-09-19 21:25:00+00:00,0.03,0
2025-09-19 21:30:00+00:00,0.03,0
2025-09-19 21:35:00+00:00,0.03,0
2025-09-19 21:40:00+00:00,0.03,0
2025-09-19 21:45:00+00:00,0.03,0
2025-09-19 21:50:00+00:00,0.03,0
2025-09-19 21:55:00+00:00,0.03,0
2025-09-19 22:00:00+00:00,0.03,0
2025-09-19 22:05:00+00:00,0.03,0
2025-09-19 22:10:00+00:00,0.03,0
2025-09-19 22:15:00+00:00,0.03,0
2025-09-19 22:20:00+00:00,0.03,0
2025-09-19 22:25:00+00:00,0.03,0
2025-09-19 22:30:00+00:00,0.03,0
2025-09-19 22:35:00+00:00,0.03,0
2025-09-19 22:40:00+00:00,0.03,0
2025-09-19 22:45:00+00:00,0.03,0
2025-09-19 22:50:00+00:00,0.03,0
2025-09-19 22:55:00+00:00,0.03,0
2025-09-19 23:00:00+00:00,0.03,0
2025-09-19 23:05:00+00:00,0.03,0
2025-09-19 23:10:00+00:00,0.03,0
2025-09-19 23:15:00+00:00,0.03,0
2025-09-19 23:20:00+00:00,0.03,0
2025-09-19 23:25:00+00:00,0.03,0
2025-09-19 23:30:00+00:00,0.03,0
2025-09-19 23:35:00+00:00,0.03,0
2025-09-19 23:40:00+00:00,0.03,0
2025-09-19 23:45:00+00:00,0.03,0
2025-09-19 23:50:00+00:00,0.03,0
2025-09-19 23:55:00+00:00,0.03,0
2025-09-20 00:00:00+00:00,0.03,0
2025-09-20 00:05:00+00:00,0.03,0
2025-09-20 00:10:00+00:00,0.03,0
2025-09-20 00:15:00+00:00,0.03,0
2025-09-20 00:20:00+00:00,0.03,0
2025-09-20 00:25:00+00:00,0.03,0
2025-09-20 00:30:00+00:00,0.03,0
2025-09-20 00:35:00+00:00,0.03,0
2025-09-20 00:40:00+00:00,0.03,0
2025-09-20 00:45:00+00:00,0.03,0
2025-09-20 00:50:00+00:00,0.03,0
2025-09-20 00:55:00+00:00,0.03,0
2025-09-20 01:00:00+00:00,0.03,0
2025-09-20 01:05:00+00:00,0.03,0
2025-09-20 01:10:00+00:00,0.03,0
2025-09-20 01:15:00+00:00,0.03,0
2025-09-20 01:20:00+00:00,0.03,0
2025-09-20 01:25:00+00:00,0.03,0
2025-09-20 01:30:00+00:00,0.03,0
2025-09-20 01:35:00+00:00,0.03,0
2025-09-20 01:40:00+00:00,0.03,0
2025-09-20 01:45:00+00:00,0.03,0
2025-09-20 01:50:00+00:00,0.03,0
2025-09-20 01:55:00+00:00,0.03,0
2025-09-20 02:00:00+00:00,0.03,0
2025-09-20 02:05:00+00:00,0.03,0
2025-09-20 02:10:00+00:00,0.03,0
2025-09-20 02:15:00+00:00,0.03,0
2025-09-20 02:20:00+00:00,0.03,0
2025-09-20 02:25:00+00:00,0.03,0
2025-09-20 02:30:00+00:00,0.03,0
2025-09-20 02:35:00+00:00,0.03,0
2025-09-20 02:40:00+00:00,0.03,0
2025-09-20 02:45:00+00:00,0.03,0
2025-09-20 02:50:00+00:00,0.03,0
2025-09-20 02:55:00+00:00,0.03,0
2025-09-20 03:00:00+00:00,0.03,0
2025-09-20 03:05:00+00:00,0.03,0
2025-09-20 03:10:00+00:00,0.03,0
2025-09-20 03:15:00+00:00,0.03,0
2025-09-20 03:20:00+00:00,0.03,0
2025-09-20 03:25:00+00:00,0.03,0
2025-09-20 03:30:00+00:00,0.03,0
2025-09-20 03:35:00+00:00,0.03,0
2025-09-20 03:40:00+00:00,0.03,0
2025-09-20 03:45:00+00:00,0.03,0
2025-09-20 03:50:00+00:00,0.03,0
2025-09-20 03:55:00+00:00,0.03,0
2025-09-20 04:00:00+00:00,0.03,0
2025-09-20 04:05:00+00:00,0.03,0
2025-09-20 04:10:00+00:00,0.03,0
2025-09-20 04:15:00+00:00,0.03,0
2025-09-20 04:20:00+00:00,0.03,0
2025-09-20 04:25:00+00:00,0.03,0
2025-09-20 04:30:00+00:00,0.03,0
2025-09-20 04:35:00+00:00,0.03,0
2025-09-20 04:40:00+00:00,0.03,0
2025-09-20 04:45:00+00:00,0.03,0
2025-09-20 04:50:00+00:00,0.03,0
2025-09-20 04:55:00+00:00,0.03,0
2025-09-20 05:00:00+00:00,0.03,0
2025-09-20 05:05:00+00:00,0.03,0
2025-09-20 05:10:00+00:00,0.03,0
2025-09-20 05:15:00+00:00,0.03,0
2025-09-20 05:20:00+00:00,0.03,0
2025-09-20 05:25:00+00:00,0.03,0
2025-09-20 05:30:00+00:00,0.030952381,0
2025-09-20 05:35:00+00:00,0.030592593,0
2025-09-20 05:40:00+00:00,0.03,0
2025-09-20 05:45:00+00:00,0.03,0
2025-09-20 05:50:00+00:00,0.03,0
2025-09-20 05:55:00+00:00,0.03,0
2025-09-20 06:00:00+00:00,0.03,0
2025-09-20 06:05:00+00:00,0.03,0
2025-09-20 06:10:00+00:00,0.03,0
2025-09-20 06:15:00+00:00,0.03,0
2025-09-20 06:20:00+00:00,0.03,0
2025-09-20 06:25:00+00:00,0.03,0
2025-09-20 06:30:00+00:00,0.03,0
2025-09-20 06:35:00+00:00,0.03,0
2025-09-20 06:40:00+00:00,0.03,0
2025-09-20 06:45:00+00:00,0.03,0
2025-09-20 06:50:00+00:00,0.03,0
2025-09-20 06:55:00+00:00,0.03,0
2025-09-20 07:00:00+00:00,0.03,0
2025-09-20 07:05:00+00:00,0.03,0
2025-09-20 07:10:00+00:00,0.03,0
2025-09-20 07:15:00+00:00,0.03,0
2025-09-20 07:20:00+00:00,0.03,0
2025-09-20 07:25:00+00:00,0.03,0
2025-09-20 07:30:00+00:00,0.03,0
2025-09-20 07:35:00+00:00,0.03,0
2025-09-20 07:40:00+00:00,0.03,0
2025-09-20 07:45:00+00:00,0.03,0
2025-09-20 07:50:00+00:00,0.03,0
2025-09-20 07:55:00+00:00,0.03,0
2025-09-20 08:00:00+00:00,0.03,0
2025-09-20 08:05:00+00:00,0.03,0
2025-09-20 08:10:00+00:00,0.03,0
2025-09-20 08:15:00+00:00,0.03,0
2025-09-20 08:20:00+00:00,0.1104,0
2025-09-20 08:25:00+00:00,0.03,0
2025-09-20 08:30:00+00:00,0.03,0
2025-09-20 08:35:00+00:00,0.03,0
2025-09-20 08:40:00+00:00,0.03,0
2025-09-20 08:45:00+00:00,0.03,0
2025-09-20 08:50:00+00:00,0.03,0
2025-09-20 08:55:00+00:00,0.03,0
2025-09-20 09:00:00+00:00,0.03,0
2025-09-20 09:05:00+00:00,0.03,0
2025-09-20 09:10:00+00:00,0.03,0
2025-09-20 09:15:00+00:00,0.03,0
2025-09-20 09:20:00+00:00,0.03,0
2025-09-20 09:25:00+00:00,0.03,0
2025-09-20 09:30:00+00:00,0.03,0
2025-09-20 09:35:00+00:00,0.03,0
2025-09-20 09:40:00+00:00,0.03,0
2025-09-20 09:45:00+00:00,0.03,0
2025-09-20 09:50:00+00:00,0.03,0
2025-09-20 09:55:00+00:00,0.03,0
2025-09-20 10:00:00+00:00,0.03,0
2025-09-20 10:05:00+00:00,0.03,0
2025-09-20 10:10:00+00:00,0.03,0
2025-09-20 10:15:00+00:00,0.03,0
2025-09-20 10:20:00+00:00,0.03,0
2025-09-20 10:25:00+00:00,0.03,0
2025-09-20 10:30:00+00:00,0.03,0
2025-09-20 10:35:00+00:00,0.03,0
2025-09-20 10:40:00+00:00,0.03,0
2025-09-20 10:45:00+00:00,0.03,0
2025-09-20 10:50:00+00:00,0.03,0
2025-09-20 10:55:00+00:00,0.03,0
2025-09-20 11:00:00+00:00,0.03,0
2025-09-20 11:05:00+00:00,0.03,0
2025-09-20 11:10:00+00:00,0.03,0
2025-09-20 11:15:00+00:00,0.03,0
2025-09-20 11:20:00+00:00,0.03,0
2025-09-20 11:25:00+00:00,0.03,0
2025-09-20 11:30:00+00:00,0.03,0
2025-09-20 11:35:00+00:00,0.03,0
2025-09-20 11:40:00+00:00,0.03,0
2025-09-20 11:45:00+00:00,0.03,0
2025-09-20 11:50:00+00:00,0.03,0
2025-09-20 11:55:00+00:00,0.03,0
2025-09-20 12:00:00+00:00,0.03,0
2025-09-20 12:05:00+00:00,0.03,0
2025-09-20 12:10:00+00:00,0.03,0
2025-09-20 12:15:00+00:00,0.03,0
2025-09-20 12:20:00+00:00,0.03,0
2025-09-20 12:25:00+00:00,0.03,0
2025-09-20 12:30:00+00:00,0.03,0
2025-09-20 12:35:00+00:00,0.03,0
2025-09-20 12:40:00+00:00,0.03,0
2025-09-20 12:45:00+00:00,0.03,0
2025-09-20 12:50:00+00:00,0.03,0
2025-09-20 12:55:00+00:00,0.03,0
2025-09-20 13:00:00+00:00,0.03,0
2025-09-20 13:05:00+00:00,0.03,0
2025-09-20 13:10:00+00:00,0.03,0
2025-09-20 13:15:00+00:00,0.03,0
2025-09-20 13:20:00+00:00,0.03,0
2025-09-20 13:25:00+00:00,0.03,0
2025-09-20 13:30:00+00:00,0.03,0
2025-09-20 13:35:00+00:00,0.03,0
2025-09-20 13:40:00+00:00,0.03,0
2025-09-20 13:45:00+00:00,0.03,0
2025-09-20 13:50:00+00:00,0.03,0
2025-09-20 13:55:00+00:00,0.03,0
2025-09-20 14:00:00+00:00,0.03,0
2025-09-20 14:05:00+00:00,0.03,0
2025-09-20 14:10:00+00:00,0.03,0
2025-09-20 14:15:00+00:00,0.03,0
2025-09-20 14:20:00+00:00,0.03,0
2025-09-20 14:25:00+00:00,0.03,0
2025-09-20 14:30:00+00:00,0.03,0
2025-09-20 14:35:00+00:00,0.03,0
2025-09-20 14:40:00+00:00,0.03,0
2025-09-20 14:45:00+00:00,0.03,0
2025-09-20 14:50:00+00:00,0.03,0
2025-09-20 14:55:00+00:00,0.03,0
2025-09-20 15:00:00+00:00,0.03,0
2025-09-20 15:05:00+00:00,0.03,0
2025-09-20 15:10:00+00:00,0.03,0
2025-09-20 15:15:00+00:00,0.03,0
2025-09-20 15:20:00+00:00,0.03,0
2025-09-20 15:25:00+00:00,0.03,0
2025-09-20 15:30:00+00:00,0.03,0
2025-09-20 15:35:00+00:00,0.03,0
2025-09-20 15:40:00+00:00,0.03,0
2025-09-20 15:45:00+00:00,0.03,0
2025-09-20 15:50:00+00:00,0.03,0
2025-09-20 15:55:00+00:00,0.03,0
2025-09-20 16:00:00+00:00,0.03,0
2025-09-20 16:05:00+00:00,0.03,0
2025-09-20 16:10:00+00:00,0.03,0
2025-09-20 16:15:00+00:00,0.03,0
2025-09-20 16:20:00+00:00,0.03,0
2025-09-20 16:25:00+00:00,0.03,0
2025-09-20 16:30:00+00:00,0.03,0
2025-09-20 16:35:00+00:00,0.03,0
2025-09-20 16:40:00+00:00,0.03,0
2025-09-20 16:45:00+00:00,0.03,0
2025-09-20 16:50:00+00:00,0.03,0
2025-09-20 16:55:00+00:00,0.03,0
2025-09-20 17:00:00+00:00,0.03,0
2025-09-20 17:05:00+00:00,0.03,0
2025-09-20 17:10:00+00:00,0.03,0
2025-09-20 17:15:00+00:00,0.03,0
2025-09-20 17:20:00+00:00,0.03,0
2025-09-20 17:25:00+00:00,0.03,0
2025-09-20 17:30:00+00:00,0.03,0
2025-09-20 17:35:00+00:00,0.03,0
2025-09-20 17:40:00+00:00,0.03,0
2025-09-20 17:45:00+00:00,0.03,0
2025-09-20 17:50:00+00:00,0.03,0
2025-09-20 17:55:00+00:00,0.03,0
2025-09-20 18:00:00+00:00,0.03,0
2025-09-20 18:05:00+00:00,0.03,0
2025-09-20 18:10:00+00:00,0.03,0
2025-09-20 18:15:00+00:00,0.03,0
2025-09-20 18:20:00+00:00,0.03,0
2025-09-20 18:25:00+00:00,0.03,0
2025-09-20 18:30:00+00:00,0.03,0
2025-09-20 18:35:00+00:00,0.03,0
2025-09-20 18:40:00+00:00,0.03,0
2025-09-20 18:45:00+00:00,0.030173913,0
2025-09-20 18:50:00+00:00,0.03,0
2025-09-20 18:55:00+00:00,0.03,0
2025-09-20 19:00:00+00:00,0.03,0
2025-09-20 19:05:00+00:00,0.03,0
2025-09-20 19:10:00+00:00,0.03,0
2025-09-20 19:15:00+00:00,0.03,0
2025-09-20 19:20:00+00:00,0.03,0
2025-09-20 19:25:00+00:00,0.03,0
2025-09-20 19:30:00+00:00,0.03,0
2025-09-20 19:35:00+00:00,0.03,0
2025-09-20 19:40:00+00:00,0.03,0
2025-09-20 19:45:00+00:00,0.03,0
2025-09-20 19:50:00+00:00,0.03,0
2025-09-20 19:55:00+00:00,0.03,0
2025-09-20 20:00:00+00:00,0.03,0
2025-09-20 20:05:00+00:00,0.03,0
2025-09-20 20:10:00+00:00,0.03,0
2025-09-20 20:15:00+00:00,0.03,0
2025-09-20 20:20:00+00:00,0.03,0
2025-09-20 20:25:00+00:00,0.03,0
2025-09-20 20:30:00+00:00,0.03,0
2025-09-20 20:35:00+00:00,0.03,0
2025-09-20 20:40:00+00:00,0.03,0
2025-09-20 20:45:00+00:00,0.03,0
2025-09-20 20:50:00+00:00,0.03,0
2025-09-20 20:55:00+00:00,0.03,0
2025-09-20 21:00:00+00:00,0.03,0
2025-09-20 21:05:00+00:00,0.03,0
2025-09-20 21:10:00+00:00,0.03,0
2025-09-20 21:15:00+00:00,0.03,0
2025-09-20 21:20:00+00:00,0.03,0
2025-09-20 21:25:00+00:00,0.03,0
2025-09-20 21:30:00+00:00,0.03,0
2025-09-20 21:35:00+00:00,0.03,0
2025-09-20 21:40:00+00:00,0.03,0
2025-09-20 21:45:00+00:00,0.03,0
2025-09-20 21:50:00+00:00,0.03,0
2025-09-20 21:55:00+00:00,0.03,0
2025-09-20 22:00:00+00:00,0.03,0
2025-09-20 22:05:00+00:00,0.03,0
2025-09-20 22:10:00+00:00,0.03,0
2025-09-20 22:15:00+00:00,0.03,0
2025-09-20 22:20:00+00:00,0.03,0
2025-09-20 22:25:00+00:00,0.03,0
2025-09-20 22:30:00+00:00,0.03,0
2025-09-20 22:35:00+00:00,0.03,0
2025-09-20 22:40:00+00:00,0.03,0
2025-09-20 22:45:00+00:00,0.03,0
2025-09-20 22:50:00+00:00,0.03,0
2025-09-20 22:55:00+00:00,0.03,0
2025-09-20 23:00:00+00:00,0.03,0
2025-09-20 23:05:00+00:00,0.03,0
2025-09-20 23:10:00+00:00,0.03,0
2025-09-20 23:15:00+00:00,0.03,0
2025-09-20 23:20:00+00:00,0.03,0
2025-09-20 23:25:00+00:00,0.03,0
2025-09-20 23:30:00+00:00,0.03,0
2025-09-20 23:35:00+00:00,0.03,0
2025-09-20 23:40:00+00:00,0.03,0
2025-09-20 23:45:00+00:00,0.03,0
2025-09-20 23:50:00+00:00,0.03,0
2025-09-20 23:55:00+00:00,0.03,0
2025-09-21 00:00:00+00:00,0.03,0
2025-09-21 00:05:00+00:00,0.03,0
2025-09-21 00:10:00+00:00,0.03,0
2025-09-21 00:15:00+00:00,0.03,0
2025-09-21 00:20:00+00:00,0.03,0
2025-09-21 00:25:00+00:00,0.03,0
2025-09-21 00:30:00+00:00,0.03,0
2025-09-21 00:35:00+00:00,0.03,0
2025-09-21 00:40:00+00:00,0.03,0
2025-09-21 00:45:00+00:00,0.03,0
2025-09-21 00:50:00+00:00,0.03,0
2025-09-21 00:55:00+00:00,0.03,0
2025-09-21 01:00:00+00:00,0.03,0
2025-09-21 01:05:00+00:00,0.03,0
2025-09-21 01:10:00+00:00,0.03,0
2025-09-21 01:15:00+00:00,0.03,0
2025-09-21 01:20:00+00:00,0.03,0
2025-09-21 01:25:00+00:00,0.03,0
2025-09-21 01:30:00+00:00,0.03,0
2025-09-21 01:35:00+00:00,0.03,0
2025-09-21 01:40:00+00:00,0.03,0
2025-09-21 01:45:00+00:00,0.03,0
2025-09-21 01:50:00+00:00,0.03,0
2025-09-21 01:55:00+00:00,0.03,0
2025-09-21 02:00:00+00:00,0.03,0
2025-09-21 02:05:00+00:00,0.03,0
2025-09-21 02:10:00+00:00,0.03,0
2025-09-21 02:15:00+00:00,0.03,0
2025-09-21 02:20:00+00:00,0.03,0
2025-09-21 02:25:00+00:00,0.03,0
2025-09-21 02:30:00+00:00,0.03,0
2025-09-21 02:35:00+00:00,0.03,0
2025-09-21 02:40:00+00:00,0.03,0
2025-09-21 02:45:00+00:00,0.03,0
2025-09-21 02:50:00+00:00,0.03,0
2025-09-21 02:55:00+00:00,0.03,0
2025-09-21 03:00:00+00:00,0.03,0
2025-09-21 03:05:00+00:00,0.03,0
2025-09-21 03:10:00+00:00,0.03,0
2025-09-21 03:15:00+00:00,0.03,0
2025-09-21 03:20:00+00:00,0.03,0
2025-09-21 03:25:00+00:00,0.03,0
2025-09-21 03:30:00+00:00,0.03,0
2025-09-21 03:35:00+00:00,0.03,0
2025-09-21 03:40:00+00:00,0.03,0
2025-09-21 03:45:00+00:00,0.03,0
2025-09-21 03:50:00+00:00,0.03,0
2025-09-21 03:55:00+00:00,0.03,0
2025-09-21 04:00:00+00:00,0.03,0
2025-09-21 04:05:00+00:00,0.03,0
2025-09-21 04:10:00+00:00,0.03,0
2025-09-21 04:15:00+00:00,0.03,0
2025-09-21 04:20:00+00:00,0.03,0
2025-09-21 04:25:00+00:00,0.03,0
2025-09-21 04:30:00+00:00,0.03,0
2025-09-21 04:35:00+00:00,0.03,0
2025-09-21 04:40:00+00:00,0.03,0
2025-09-21 04:45:00+00:00,0.03,0
2025-09-21 04:50:00+00:00,0.03,0
2025-09-21 04:55:00+00:00,0.03,0
2025-09-21 05:00:00+00:00,0.03,0
2025-09-21 05:05:00+00:00,0.03,0
2025-09-21 05:10:00+00:00,0.03,0
2025-09-21 05:15:00+00:00,0.03,0
2025-09-21 05:20:00+00:00,0.03,0
2025-09-21 05:25:00+00:00,0.03,0
2025-09-21 05:30:00+00:00,0.03,0
2025-09-21 05:35:00+00:00,0.03,0
2025-09-21 05:40:00+00:00,0.03,0
2025-09-21 05:45:00+00:00,0.03,0
2025-09-21 05:50:00+00:00,0.03,0
2025-09-21 05:55:00+00:00,0.03,0
2025-09-21 06:00:00+00:00,0.03,0
2025-09-21 06:05:00+00:00,0.03,0
2025-09-21 06:10:00+00:00,0.03,0
2025-09-21 06:15:00+00:00,0.03,0
2025-09-21 06:20:00+00:00,0.03,0
2025-09-21 06:25:00+00:00,0.03,0
2025-09-21 06:30:00+00:00,0.03,0
2025-09-21 06:35:00+00:00,0.03,0
2025-09-21 06:40:00+00:00,0.03,0
2025-09-21 06:45:00+00:00,0.03,0
2025-09-21 06:50:00+00:00,0.03,0
2025-09-21 06:55:00+00:00,0.03,0
2025-09-21 07:00:00+00:00,0.03,0
2025-09-21 07:05:00+00:00,0.03,0
2025-09-21 07:10:00+00:00,0.03,0
2025-09-21 07:15:00+00:00,0.03,0
2025-09-21 07:20:00+00:00,0.03,0
2025-09-21 07:25:00+00:00,0.03,0
2025-09-21 07:30:00+00:00,0.03,0
2025-09-21 07:35:00+00:00,0.03,0
2025-09-21 07:40:00+00:00,0.03,0
2025-09-21 07:45:00+00:00,0.03,0
2025-09-21 07:50:00+00:00,0.03,0
2025-09-21 07:55:00+00:00,0.03,0
2025-09-21 08:00:00+00:00,0.03,0
2025-09-21 08:05:00+00:00,0.03,0
2025-09-21 08:10:00+00:00,0.03,0
2025-09-21 08:15:00+00:00,0.03,0
2025-09-21 08:20:00+00:00,0.03,0
2025-09-21 08:25:00+00:00,0.03,0
2025-09-21 08:30:00+00:00,0.03,0
2025-09-21 08:35:00+00:00,0.03,0
2025-09-21 08:40:00+00:00,0.03,0
2025-09-21 08:45:00+00:00,0.03,0
2025-09-21 08:50:00+00:00,0.03,0
2025-09-21 08:55:00+00:00,0.03,0
2025-09-21 09:00:00+00:00,0.03,0
2025-09-21 09:05:00+00:00,0.03,0
2025-09-21 09:10:00+00:00,0.03,0
2025-09-21 09:15:00+00:00,0.03,0
2025-09-21 09:20:00+00:00,0.03,0
2025-09-21 09:25:00+00:00,0.03,0
2025-09-21 09:30:00+00:00,0.03,0
2025-09-21 09:35:00+00:00,0.03,0
2025-09-21 09:40:00+00:00,0.03,0
2025-09-21 09:45:00+00:00,0.03,0
2025-09-21 09:50:00+00:00,0.03,0
2025-09-21 09:55:00+00:00,0.03,0
2025-09-21 10:00:00+00:00,0.03,0
2025-09-21 10:05:00+00:00,0.03,0
2025-09-21 10:10:00+00:00,0.03,0
2025-09-21 10:15:00+00:00,0.03,0
2025-09-21 10:20:00+00:00,0.03,0
2025-09-21 10:25:00+00:00,0.03,0
2025-09-21 10:30:00+00:00,0.03,0
2025-09-21 10:35:00+00:00,0.03,0
2025-09-21 10:40:00+00:00,0.03,0
2025-09-21 10:45:00+00:00,0.03,0
2025-09-21 10:50:00+00:00,0.03,0
2025-09-21 10:55:00+00:00,0.03,0
2025-09-21 11:00:00+00:00,0.03,0
2025-09-21 11:05:00+00:00,0.03,0
2025-09-21 11:10:00+00:00,0.03,0
2025-09-21 11:15:00+00:00,0.03,0
2025-09-21 11:20:00+00:00,0.03,0
2025-09-21 11:25:00+00:00,0.03,0
2025-09-21 11:30:00+00:00,0.03,0
2025-09-21 11:35:00+00:00,0.03,0
2025-09-21 11:40:00+00:00,0.03,0
2025-09-21 11:45:00+00:00,0.03,0
2025-09-21 11:50:00+00:00,0.03,0
2025-09-21 11:55:00+00:00,0.03,0
2025-09-21 12:00:00+00:00,0.03,0
2025-09-21 12:05:00+00:00,0.03,0
2025-09-21 12:10:00+00:00,0.03,0
2025-09-21 12:15:00+00:00,0.03,0
2025-09-21 12:20:00+00:00,0.03,0
2025-09-21 12:25:00+00:00,0.03,0
2025-09-21 12:30:00+00:00,0.03,0
2025-09-21 12:35:00+00:00,0.03,0
2025-09-21 12:40:00+00:00,0.03,0
2025-09-21 12:45:00+00:00,0.03,0
2025-09-21 12:50:00+00:00,0.03,0
2025-09-21 12:55:00+00:00,0.03,0
2025-09-21 13:00:00+00:00,0.03,0
2025-09-21 13:05:00+00:00,0.03,0
2025-09-21 13:10:00+00:00,0.03,0
2025-09-21 13:15:00+00:00,0.03,0
2025-09-21 13:20:00+00:00,0.03,0
2025-09-21 13:25:00+00:00,0.03,0
2025-09-21 13:30:00+00:00,0.03,0
2025-09-21 13:35:00+00:00,0.03,0
2025-09-21 13:40:00+00:00,0.03,0
2025-09-21 13:45:00+00:00,0.03,0
2025-09-21 13:50:00+00:00,0.03,0
2025-09-21 13:55:00+00:00,0.03,0
2025-09-21 14:00:00+00:00,0.03,0
2025-09-21 14:05:00+00:00,0.03,0
2025-09-21 14:10:00+00:00,0.03,0
2025-09-21 14:15:00+00:00,0.03,0
2025-09-21 14:20:00+00:00,0.03,0
2025-09-21 14:25:00+00:00,0.03,0
2025-09-21 14:30:00+00:00,0.03,0
2025-09-21 14:35:00+00:00,0.03,0
2025-09-21 14:40:00+00:00,0.03,0
2025-09-21 14:45:00+00:00,0.03,0
2025-09-21 14:50:00+00:00,0.03,0
2025-09-21 14:55:00+00:00,0.03,0
2025-09-21 15:00:00+00:00,0.03,0
2025-09-21 15:05:00+00:00,0.03,0
2025-09-21 15:10:00+00:00,0.03,0
2025-09-21 15:15:00+00:00,0.03,0
2025-09-21 15:20:00+00:00,0.03,0
2025-09-21 15:25:00+00:00,0.03,0
2025-09-21 15:30:00+00:00,0.03,0
2025-09-21 15:35:00+00:00,0.03,0
2025-09-21 15:40:00+00:00,0.03,0
2025-09-21 15:45:00+00:00,0.03,0
2025-09-21 15:50:00+00:00,0.03,0
2025-09-21 15:55:00+00:00,0.03,0
2025-09-21 16:00:00+00:00,0.03,0
2025-09-21 16:05:00+00:00,0.03,0
2025-09-21 16:10:00+00:00,0.03,0
2025-09-21 16:15:00+00:00,0.0316,0
2025-09-21 16:20:00+00:00,0.101875,0
2025-09-21 16:25:00+00:00,0.11,0
2025-09-21 16:30:00+00:00,0.088002555,0
2025-09-21 16:35:00+00:00,0.07210101,0
2025-09-21 16:40:00+00:00,0.11,0
2025-09-21 16:45:00+00:00,0.11,0
2025-09-21 16:50:00+00:00,0.11,0
2025-09-21 16:55:00+00:00,0.092,0
2025-09-21 17:00:00+00:00,0.036910053,0
2025-09-21 17:05:00+00:00,0.033164835,0
2025-09-21 17:10:00+00:00,0.03,0
2025-09-21 17:15:00+00:00,0.03,0
2025-09-21 17:20:00+00:00,0.03,0
2025-09-21 17:25:00+00:00,0.030857143,0
2025-09-21 17:30:00+00:00,0.03,0
2025-09-21 17:35:00+00:00,0.03,0
2025-09-21 17:40:00+00:00,0.03,0
2025-09-21 17:45:00+00:00,0.03,0
2025-09-21 17:50:00+00:00,0.03,0
2025-09-21 17:55:00+00:00,0.03,0
2025-09-21 18:00:00+00:00,0.03,0
2025-09-21 18:05:00+00:00,0.03,0
2025-09-21 18:10:00+00:00,0.03,0
2025-09-21 18:15:00+00:00,0.03,0
2025-09-21 18:20:00+00:00,0.03,0
2025-09-21 18:25:00+00:00,0.03,0
2025-09-21 18:30:00+00:00,0.03,0
2025-09-21 18:35:00+00:00,0.03,0
2025-09-21 18:40:00+00:00,0.03,0
2025-09-21 18:45:00+00:00,0.03,0
2025-09-21 18:50:00+00:00,0.03,0
2025-09-21 18:55:00+00:00,0.03,0
2025-09-21 19:00:00+00:00,0.03,0
2025-09-21 19:05:00+00:00,0.03,0
2025-09-21 19:10:00+00:00,0.03,0
2025-09-21 19:15:00+00:00,0.03,0
2025-09-21 19:20:00+00:00,0.084222222,0
2025-09-21 19:25:00+00:00,0.11,0
2025-09-21 19:30:00+00:00,0.11,0
2025-09-21 19:35:00+00:00,0.11,0
2025-09-21 19:40:00+00:00,0.11,0
2025-09-21 19:45:00+00:00,0.11,0
2025-09-21 19:50:00+00:00,0.11,0
2025-09-21 19:55:00+00:00,0.11,0
2025-09-21 20:00:00+00:00,0.11,0
2025-09-21 20:05:00+00:00,0.11,0
2025-09-21 20:10:00+00:00,0.11026087,0
2025-09-21 20:15:00+00:00,0.11,0
2025-09-21 20:20:00+00:00,0.11,0
2025-09-21 20:25:00+00:00,0.11,0
2025-09-21 20:30:00+00:00,0.11,0
2025-09-21 20:35:00+00:00,0.11,0
2025-09-21 20:40:00+00:00,0.11,0
2025-09-21 20:45:00+00:00,0.11,0
2025-09-21 20:50:00+00:00,0.11,0
2025-09-21 20:55:00+00:00,0.11,0
2025-09-21 21:00:00+00:00,1.607714286,0
2025-09-21 21:05:00+00:00,28.96068727,38410.54483
2025-09-21 21:10:00+00:00,28.99336667,39822.065
2025-09-21 21:15:00+00:00,29.09613636,39815.17
2025-09-21 21:20:00+00:00,29.20705,39920.64795
2025-09-21 21:25:00+00:00,29.25661538,39966.89025
2025-09-21 21:30:00+00:00,29.21458222,39946.51
2025-09-21 21:35:00+00:00,29.3112381,39910.366
2025-09-21 21:40:00+00:00,29.34132944,39909.58
2025-09-21 21:45:00+00:00,29.37934773,40006.43943
2025-09-21 21:50:00+00:00,29.40006854,39959.49321
2025-09-21 21:55:00+00:00,29.44555844,40000.324
2025-09-21 22:00:00+00:00,29.46475429,40029.80583
2025-09-21 22:05:00+00:00,29.47327759,40002.5048
2025-09-21 22:10:00+00:00,29.46061175,39999.84
2025-09-21 22:15:00+00:00,29.47344977,39996.40123
2025-09-21 22:20:00+00:00,29.48616084,40028.83
2025-09-21 22:25:00+00:00,29.46460985,40026.51571
2025-09-21 22:30:00+00:00,29.49633033,40000.48054
2025-09-21 22:35:00+00:00,29.50428571,39995.136
2025-09-21 22:40:00+00:00,29.44959596,39992
2025-09-21 22:45:00+00:00,29.48175439,39968.456
2025-09-21 22:50:00+00:00,29.40709091,39983.67778
2025-09-21 22:55:00+00:00,29.43317879,40011.75375
2025-09-21 23:00:00+00:00,29.47683547,39947.70939
2025-09-21 23:05:00+00:00,29.49004506,39839.43155
2025-09-21 23:10:00+00:00,29.42527273,39858.47
2025-09-21 23:15:00+00:00,29.40945161,39858.93956
2025-09-21 23:20:00+00:00,29.43475556,39868.13123
2025-09-21 23:25:00+00:00,29.40509312,39906.09988
2025-09-21 23:30:00+00:00,29.42804598,39910.2266
2025-09-21 23:35:00+00:00,29.41906588,39911.11325
2025-09-21 23:40:00+00:00,29.49377778,39840.7582
2025-09-21 23:45:00+00:00,29.50308271,39834.86
2025-09-21 23:50:00+00:00,29.46943333,39833.18575
2025-09-21 23:55:00+00:00,29.48,39784.43949
2025-09-22 00:00:00+00:00,29.4266,39772.81016
2025-09-22 00:05:00+00:00,29.43632353,39839.82688
2025-09-22 00:10:00+00:00,29.4644,39997.23225
2025-09-22 00:15:00+00:00,29.52025466,39979.45
2025-09-22 00:20:00+00:00,29.51918581,39934.71391
2025-09-22 00:25:00+00:00,29.51,39909.58
2025-09-22 00:30:00+00:00,29.4914,39988.6455
2025-09-22 00:35:00+00:00,29.48,40011.6
2025-09-22 00:40:00+00:00,29.51506667,40090.33764
2025-09-22 00:45:00+00:00,29.534,40134.408
2025-09-22 00:50:00+00:00,29.44787837,40079.97644
2025-09-22 00:55:00+00:00,29.48141558,40060.79214
2025-09-22 01:00:00+00:00,29.5095,40020.02968
2025-09-22 01:05:00+00:00,29.51639091,40101.18568
2025-09-22 01:10:00+00:00,29.51917535,40091.73329
2025-09-22 01:15:00+00:00,29.50470238,40027.78857
2025-09-22 01:20:00+00:00,29.4632,39944.73667
2025-09-22 01:25:00+00:00,29.43645556,39908.70506
2025-09-22 01:30:00+00:00,29.4605098,39892.89185
2025-09-22 01:35:00+00:00,29.46889069,39931.8
2025-09-22 01:40:00+00:00,29.45235931,40013.878
2025-09-22 01:45:00+00:00,29.50437787,40102.47833
2025-09-22 01:50:00+00:00,29.51009404,39942.15447
2025-09-22 01:55:00+00:00,29.38581818,39845.38091
2025-09-22 02:00:00+00:00,29.45018531,39830.92
2025-09-22 02:05:00+00:00,29.41883333,39828.82044
2025-09-22 02:10:00+00:00,29.44172772,39874.2
2025-09-22 02:15:00+00:00,29.4617619,39856.896
2025-09-22 02:20:00+00:00,29.475,39787.6
2025-09-22 02:25:00+00:00,29.60100516,39917.45379
2025-09-22 02:30:00+00:00,29.51295833,39875.47067
2025-09-22 02:35:00+00:00,29.52592424,39809.74071
2025-09-22 02:40:00+00:00,29.49806667,39819.11
2025-09-22 02:45:00+00:00,29.53488205,39821.59523
2025-09-22 02:50:00+00:00,29.56332246,39844.57397
2025-09-22 02:55:00+00:00,29.55805265,39898.03612
2025-09-22 03:00:00+00:00,29.56,39937.07
2025-09-22 03:05:00+00:00,14.41064115,21089.23047
2025-09-22 03:10:00+00:00,3.866932401,7076.322571
2025-09-22 03:15:00+00:00,4.972166667,10072.336
2025-09-22 03:20:00+00:00,4.933,10135.836
2025-09-22 03:25:00+00:00,5.000365385,10238.27875
2025-09-22 03:30:00+00:00,5.099324561,10453.14
2025-09-22 03:35:00+00:00,5.129285714,10551.21
2025-09-22 03:40:00+00:00,5.082090909,10424.85844
2025-09-22 03:45:00+00:00,5.018866667,10411.68314
2025-09-22 03:50:00+00:00,4.974511111,10412.52275
2025-09-22 03:55:00+00:00,5.203771429,10417.77912
2025-09-22 04:00:00+00:00,5.317893939,10594.69481
2025-09-22 04:05:00+00:00,5.045440994,10496.28833
2025-09-22 04:10:00+00:00,5.237942857,10669.43
2025-09-22 04:15:00+00:00,5.179333333,10617.37
2025-09-22 04:20:00+00:00,5.302,10604.6383
2025-09-22 04:25:00+00:00,5.124966667,10566.06
2025-09-22 04:30:00+00:00,5.369925,10603.46354
2025-09-22 04:35:00+00:00,5.17,10973.71
2025-09-22 04:40:00+00:00,5.370166667,10598.4111
2025-09-22 04:45:00+00:00,5.392969782,10915.88691
2025-09-22 04:50:00+00:00,5.200559006,10887.22829
2025-09-22 04:55:00+00:00,5.238121212,10873.23
2025-09-22 05:00:00+00:00,5.416518519,11011.66135
2025-09-22 05:05:00+00:00,5.469337143,11178.10465
2025-09-22 05:10:00+00:00,5.417426471,11076.45156
2025-09-22 05:15:00+00:00,5.5704,11030.72
2025-09-22 05:20:00+00:00,5.643322805,11274.22571
2025-09-22 05:25:00+00:00,5.62832674,11451.336
2025-09-22 05:30:00+00:00,5.477251748,11196.75571
2025-09-22 05:35:00+00:00,5.622808365,11391.07065
2025-09-22 05:40:00+00:00,5.718395493,11503.88
2025-09-22 05:45:00+00:00,5.684044444,11588.69411
2025-09-22 05:50:00+00:00,5.677222896,11650.144
2025-09-22 05:55:00+00:00,5.557805128,11639.30779
2025-09-22 06:00:00+00:00,5.366966688,11654.96945
2025-09-22 06:05:00+00:00,6.025397129,11989.534
2025-09-22 06:10:00+00:00,5.971623932,12076.85644
2025-09-22 06:15:00+00:00,5.937131027,12355.728
2025-09-22 06:20:00+00:00,5.933030852,12347.39362
2025-09-22 06:25:00+00:00,5.891447678,12452.71828
2025-09-22 06:30:00+00:00,5.966028526,12389.1792
2025-09-22 06:35:00+00:00,5.810261905,12494.49124
2025-09-22 06:40:00+00:00,5.8685203,12974.68519
2025-09-22 06:45:00+00:00,6.005548165,13198.56286
2025-09-22 06:50:00+00:00,6.079991903,13336.636
2025-09-22 06:55:00+00:00,6.256181818,13218.36217
2025-09-22 07:00:00+00:00,6.965163636,13878.7712
2025-09-22 07:05:00+00:00,6.529979077,14009.5181
2025-09-22 07:10:00+00:00,6.639254546,14044.73
2025-09-22 07:15:00+00:00,6.261,13900.906
2025-09-22 07:20:00+00:00,6.475415205,14169.56644
2025-09-22 07:25:00+00:00,6.993,14462.75
2025-09-22 07:30:00+00:00,7.331760684,14817.23527
2025-09-22 07:35:00+00:00,7.449606061,15221.43267
2025-09-22 07:40:00+00:00,7.559738462,15227.03453
2025-09-22 07:45:00+00:00,7.470068532,15252.31933
2025-09-22 07:50:00+00:00,7.63375,15763.43864
2025-09-22 07:55:00+00:00,7.967846154,15946.081
2025-09-22 08:00:00+00:00,7.868388278,15734.9004
2025-09-22 08:05:00+00:00,7.771969697,15975.071
2025-09-22 08:10:00+00:00,8.125391093,16148.22522
2025-09-22 08:15:00+00:00,8.403789474,16512.47462
2025-09-22 08:20:00+00:00,8.322055944,16891.42806
2025-09-22 08:25:00+00:00,8.475786667,17030.49844
2025-09-22 08:30:00+00:00,8.523555556,17055.57125
2025-09-22 08:35:00+00:00,8.709730769,17268.57333
2025-09-22 08:40:00+00:00,9.035666667,17605.018
2025-09-22 08:45:00+00:00,9.029002211,17659.10351
2025-09-22 08:50:00+00:00,9.040549708,17774.93533
2025-09-22 08:55:00+00:00,9.042681497,17904.03608
2025-09-22 09:00:00+00:00,9.076727273,17937.0144
2025-09-22 09:05:00+00:00,9.0402,18014.176
2025-09-22 09:10:00+00:00,9.195376923,18091.33648
2025-09-22 09:15:00+00:00,9.079182195,18231.30299
2025-09-22 09:20:00+00:00,9.415057143,18300.17771
2025-09-22 09:25:00+00:00,9.888,18451.7346
2025-09-22 09:30:00+00:00,9.561853002,18501.59508
2025-09-22 09:35:00+00:00,9.525538462,18747.08933
2025-09-22 09:40:00+00:00,9.215441931,18724.44
2025-09-22 09:45:00+00:00,9.650373244,18971.0984
2025-09-22 09:50:00+00:00,9.739089977,18987.63273
2025-09-22 09:55:00+00:00,9.939180556,19001.1765
2025-09-22 10:00:00+00:00,9.848,18945.195
2025-09-22 10:05:00+00:00,9.799186861,18960.4343
2025-09-22 10:10:00+00:00,9.933498095,18988.75016
2025-09-22 10:15:00+00:00,10.0204,19037.92778
2025-09-22 10:20:00+00:00,10.20582,19418.09385
2025-09-22 10:25:00+00:00,10.26,19551.94
2025-09-22 10:30:00+00:00,10.78585263,19949.67541
2025-09-22 10:35:00+00:00,10.6236936,20004.03625
2025-09-22 10:40:00+00:00,10.69466667,20144.68036
2025-09-22 10:45:00+00:00,10.61441754,20278.06917
2025-09-22 10:50:00+00:00,10.79728671,20273.53444
2025-09-22 10:55:00+00:00,10.76333597,20381.3012
2025-09-22 11:00:00+00:00,10.90214286,20593.59696
2025-09-22 11:05:00+00:00,11.06555952,20698.93715
2025-09-22 11:10:00+00:00,11.47970684,21137.7087
2025-09-22 11:15:00+00:00,11.55157143,21566.606
2025-09-22 11:20:00+00:00,11.78846077,21747.331
2025-09-22 11:25:00+00:00,12.20942199,22083.46
2025-09-22 11:30:00+00:00,12.404,22425.34349
2025-09-22 11:35:00+00:00,12.87026738,22534.10923
2025-09-22 11:40:00+00:00,13.14793464,22875.71514
2025-09-22 11:45:00+00:00,13.50677556,23224.33546
2025-09-22 11:50:00+00:00,14.00057895,23691.66579
2025-09-22 11:55:00+00:00,14.2012141,24220.91808
2025-09-22 12:00:00+00:00,14.09638722,24233.45672
2025-09-22 12:05:00+00:00,14.36156818,24353.68125
2025-09-22 12:10:00+00:00,14.70597794,24813.69693
2025-09-22 12:15:00+00:00,15.19030769,24881.91763
2025-09-22 12:20:00+00:00,16.001125,25664.53404
2025-09-22 12:25:00+00:00,15.75158559,25662.07343
2025-09-22 12:30:00+00:00,15.71097038,25677.13342
2025-09-22 12:35:00+00:00,15.73891667,25720.37498
2025-09-22 12:40:00+00:00,16.12902857,26035.20806
2025-09-22 12:45:00+00:00,16.27230359,26064.70625
2025-09-22 12:50:00+00:00,15.80533333,25899.46067
2025-09-22 12:55:00+00:00,16.45074737,26201.64489
2025-09-22 13:00:00+00:00,16.5826,26146.60267
2025-09-22 13:05:00+00:00,16.47004181,26157.30028
2025-09-22 13:10:00+00:00,16.36882515,26156.89675
2025-09-22 13:15:00+00:00,16.10798052,26161.40744
2025-09-22 13:20:00+00:00,15.94,26152.66
2025-09-22 13:25:00+00:00,15.99760034,26152.2853
2025-09-22 13:30:00+00:00,16.15316517,25981.464
2025-09-22 13:35:00+00:00,16.3007963,26168.74792
2025-09-22 13:40:00+00:00,16.62428986,26264.51701
2025-09-22 13:45:00+00:00,16.1304,25922.79667
2025-09-22 13:50:00+00:00,15.72864721,25728.244
2025-09-22 13:55:00+00:00,15.8744,25888.54021
2025-09-22 14:00:00+00:00,10.42435055,14572.53309
2025-09-22 14:05:00+00:00,5.169618424,6892.482971
2025-09-22 14:10:00+00:00,4.174569444,7596.21
2025-09-22 14:15:00+00:00,4.340291667,7280
2025-09-22 14:20:00+00:00,4.268832168,7327.418196
2025-09-22 14:25:00+00:00,4.250307692,7538.679857
2025-09-22 14:30:00+00:00,4.069596154,7295.125382
2025-09-22 14:35:00+00:00,4.0600125,7109.651197
2025-09-22 14:40:00+00:00,4.31248366,7127.64
2025-09-22 14:45:00+00:00,4.278510992,7118.812
2025-09-22 14:50:00+00:00,4.346949051,7382.2215
2025-09-22 14:55:00+00:00,4.099954305,7041.441938
2025-09-22 15:00:00+00:00,4.155524638,7061.033467
2025-09-22 15:05:00+00:00,4.133666667,7039.09
2025-09-22 15:10:00+00:00,4.193181176,7039.09
2025-09-22 15:15:00+00:00,4.19,7039.09
2025-09-22 15:20:00+00:00,4.158706961,6901.123547
2025-09-22 15:25:00+00:00,4.153906433,7080.881194
2025-09-22 15:30:00+00:00,4.227063636,6949.42
2025-09-22 15:35:00+00:00,4.014973545,6755.805978
2025-09-22 15:40:00+00:00,4.210954546,6741.85
2025-09-22 15:45:00+00:00,4.124407407,6881.4
2025-09-22 15:50:00+00:00,3.962764706,7039.343333
2025-09-22 15:55:00+00:00,3.981888889,6921.101
2025-09-22 16:00:00+00:00,4.234190476,6775.2994
2025-09-22 16:05:00+00:00,4.284465587,6615.8508
2025-09-22 16:10:00+00:00,4.114309524,6834.446667
2025-09-22 16:15:00+00:00,3.966583333,7116.949444
2025-09-22 16:20:00+00:00,3.959241071,6994.4
2025-09-22 16:25:00+00:00,4.13,6994.4
2025-09-22 16:30:00+00:00,4.071016722,6970.1108
2025-09-22 16:35:00+00:00,3.986454546,6949.42
2025-09-22 16:40:00+00:00,4.070333333,6899.831429
2025-09-22 16:45:00+00:00,4.251086275,6949.42
2025-09-22 16:50:00+00:00,4.14814693,6949.42
2025-09-22 16:55:00+00:00,4.054793522,7029.588571
2025-09-22 17:00:00+00:00,4.063691531,7236.79
2025-09-22 17:05:00+00:00,3.967363636,7128.67875
2025-09-22 17:10:00+00:00,4.066003135,6904.14
2025-09-22 17:15:00+00:00,3.9014,7019.639429
2025-09-22 17:20:00+00:00,3.991144498,7215.1
2025-09-22 17:25:00+00:00,4.074980127,7215.1
2025-09-22 17:30:00+00:00,4.065987302,7173.3875
2025-09-22 17:35:00+00:00,4.254158944,6922.342
2025-09-22 17:40:00+00:00,4.214,7127.448
2025-09-22 17:45:00+00:00,4.029132515,6895.3469
2025-09-22 17:50:00+00:00,3.895930736,6798.667429
2025-09-22 17:55:00+00:00,3.89353224,6910.119762
2025-09-22 18:00:00+00:00,4.223410663,6834.328
2025-09-22 18:05:00+00:00,4.343103963,7085.81975
2025-09-22 18:10:00+00:00,4.087080214,7349.814176
2025-09-22 18:15:00+00:00,3.927618182,7083.035333
2025-09-22 18:20:00+00:00,3.847794466,7061.33
2025-09-22 18:25:00+00:00,3.885739583,7337.12
2025-09-22 18:30:00+00:00,4.0922,7365.65
2025-09-22 18:35:00+00:00,4.23,7365.65
2025-09-22 18:40:00+00:00,4.164160243,7226.102
2025-09-22 18:45:00+00:00,4.062615591,7039.842156
2025-09-22 18:50:00+00:00,3.882545454,7322.95
2025-09-22 18:55:00+00:00,4.066656177,6881.409429
2025-09-22 19:00:00+00:00,2.133571429,3158.57425
2025-09-22 19:05:00+00:00,0.240769231,0
2025-09-22 19:10:00+00:00,0.11,0
2025-09-22 19:15:00+00:00,0.11,0
2025-09-22 19:20:00+00:00,0.11,0
2025-09-22 19:25:00+00:00,0.11,0
2025-09-22 19:30:00+00:00,0.11,0
2025-09-22 19:35:00+00:00,0.11,0
2025-09-22 19:40:00+00:00,0.11,0
2025-09-22 19:45:00+00:00,0.11,0
2025-09-22 19:50:00+00:00,0.11,0
2025-09-22 19:55:00+00:00,0.11,0
2025-09-22 20:00:00+00:00,0.11,0
2025-09-22 20:05:00+00:00,0.11,0
2025-09-22 20:10:00+00:00,0.11,0
2025-09-22 20:15:00+00:00,0.11,0
2025-09-22 20:20:00+00:00,0.11,0
2025-09-22 20:25:00+00:00,0.11,0
2025-09-22 20:30:00+00:00,0.11,0
2025-09-22 20:35:00+00:00,0.11,0
2025-09-22 20:40:00+00:00,0.11,0
2025-09-22 20:45:00+00:00,0.11,0
2025-09-22 20:50:00+00:00,0.11,0
2025-09-22 20:55:00+00:00,0.11,0
2025-09-22 21:00:00+00:00,0.11,0
2025-09-22 21:05:00+00:00,0.111393651,0
2025-09-22 21:10:00+00:00,0.11,0
2025-09-22 21:15:00+00:00,0.11,0
2025-09-22 21:20:00+00:00,0.11,0
2025-09-22 21:25:00+00:00,0.11,0
2025-09-22 21:30:00+00:00,0.11,0
2025-09-22 21:35:00+00:00,0.11,0
2025-09-22 21:40:00+00:00,0.11,0
2025-09-22 21:45:00+00:00,0.11,0
2025-09-22 21:50:00+00:00,0.11,0
2025-09-22 21:55:00+00:00,0.11,0
2025-09-22 22:00:00+00:00,0.11,0
2025-09-22 22:05:00+00:00,0.11,0
2025-09-22 22:10:00+00:00,0.11,0
2025-09-22 22:15:00+00:00,0.11,0
2025-09-22 22:20:00+00:00,0.11,0
2025-09-22 22:25:00+00:00,0.11,0
2025-09-22 22:30:00+00:00,0.11,0
2025-09-22 22:35:00+00:00,0.11,0
2025-09-22 22:40:00+00:00,0.11,0
2025-09-22 22:45:00+00:00,0.11,0
2025-09-22 22:50:00+00:00,0.11,0
2025-09-22 22:55:00+00:00,0.11,0
2025-09-22 23:00:00+00:00,0.11,0
2025-09-22 23:05:00+00:00,0.11,0
2025-09-22 23:10:00+00:00,0.11,0
2025-09-22 23:15:00+00:00,0.11,0
2025-09-22 23:20:00+00:00,0.11,0
2025-09-22 23:25:00+00:00,0.11,0
2025-09-22 23:30:00+00:00,0.11,0
2025-09-22 23:35:00+00:00,0.11,0
2025-09-22 23:40:00+00:00,0.11,0
2025-09-22 23:45:00+00:00,0.11,0
2025-09-22 23:50:00+00:00,0.112447368,0
2025-09-22 23:55:00+00:00,0.11,0
2025-09-23 00:00:00+00:00,0.11,0
2025-09-23 00:05:00+00:00,0.11,0
2025-09-23 00:10:00+00:00,0.11,0
2025-09-23 00:15:00+00:00,0.11,0
2025-09-23 00:20:00+00:00,0.11,0
2025-09-23 00:25:00+00:00,0.11,0
2025-09-23 00:30:00+00:00,0.11,0
2025-09-23 00:35:00+00:00,0.11,0
2025-09-23 00:40:00+00:00,0.11,0
2025-09-23 00:45:00+00:00,0.11,0
2025-09-23 00:50:00+00:00,0.11,0
2025-09-23 00:55:00+00:00,0.111494506,0
2025-09-23 01:00:00+00:00,0.11,0
2025-09-23 01:05:00+00:00,0.11,0
2025-09-23 01:10:00+00:00,0.11,0
2025-09-23 01:15:00+00:00,0.11,0
2025-09-23 01:20:00+00:00,0.11,0
2025-09-23 01:25:00+00:00,0.11,0
2025-09-23 01:30:00+00:00,0.11,0
2025-09-23 01:35:00+00:00,0.11,0
2025-09-23 01:40:00+00:00,0.11,0
2025-09-23 01:45:00+00:00,0.11,0
2025-09-23 01:50:00+00:00,0.11,0
2025-09-23 01:55:00+00:00,0.11,0
2025-09-23 02:00:00+00:00,0.11,0
2025-09-23 02:05:00+00:00,0.11,0
2025-09-23 02:10:00+00:00,0.11,0
2025-09-23 02:15:00+00:00,0.11,0
2025-09-23 02:20:00+00:00,0.11,0
2025-09-23 02:25:00+00:00,0.11,0
2025-09-23 02:30:00+00:00,0.11,0
2025-09-23 02:35:00+00:00,0.11,0
2025-09-23 02:40:00+00:00,0.11,0
2025-09-23 02:45:00+00:00,0.11,0
2025-09-23 02:50:00+00:00,0.11,0
2025-09-23 02:55:00+00:00,0.11,0
2025-09-23 03:00:00+00:00,0.129,0
2025-09-23 03:05:00+00:00,7.5749,8101.781607
2025-09-23 03:10:00+00:00,12.18216883,15381.43306
2025-09-23 03:15:00+00:00,4.36,9487
2025-09-23 03:20:00+00:00,4.504172249,9487
2025-09-23 03:25:00+00:00,4.764814815,9487
2025-09-23 03:30:00+00:00,4.702404762,9420.12
2025-09-23 03:35:00+00:00,4.885224599,9236.738571
2025-09-23 03:40:00+00:00,4.823866667,9423.715714
2025-09-23 03:45:00+00:00,4.532588571,9470.46
2025-09-23 03:50:00+00:00,4.778823529,9470.46
2025-09-23 03:55:00+00:00,4.823502416,9470.46
2025-09-23 04:00:00+00:00,4.64735008,9482.719
2025-09-23 04:05:00+00:00,4.806210526,9934.019968
2025-09-23 04:10:00+00:00,5.266947368,10680.69891
2025-09-23 04:15:00+00:00,5.3694,10982.94925
2025-09-23 04:20:00+00:00,5.567622378,11380.54
2025-09-23 04:25:00+00:00,5.756181818,11730.65978
2025-09-23 04:30:00+00:00,5.815928066,11904.69531
2025-09-23 04:35:00+00:00,5.8448,12096.32486
2025-09-23 04:40:00+00:00,5.894268398,12359.4905
2025-09-23 04:45:00+00:00,6.018214286,12553.47646
2025-09-23 04:50:00+00:00,6.21,12658.97
2025-09-23 04:55:00+00:00,6.063592262,12857.07687
2025-09-23 05:00:00+00:00,6.114923077,12991.81575
2025-09-23 05:05:00+00:00,6.104951299,13106.1
2025-09-23 05:10:00+00:00,6.058404762,13145.1
2025-09-23 05:15:00+00:00,6.213222222,13130.772
2025-09-23 05:20:00+00:00,6.47,13258.056
2025-09-23 05:25:00+00:00,6.47105749,13361.71356
2025-09-23 05:30:00+00:00,6.2376,13362.83
2025-09-23 05:35:00+00:00,6.329025641,13519.09417
2025-09-23 05:40:00+00:00,6.5365,13580.70944
2025-09-23 05:45:00+00:00,6.401322981,13437.3548
2025-09-23 05:50:00+00:00,6.377698515,13428.33
2025-09-23 05:55:00+00:00,6.441786096,13435.57078
2025-09-23 06:00:00+00:00,6.199342755,13413.01649
2025-09-23 06:05:00+00:00,6.428476318,13443.83891
2025-09-23 06:10:00+00:00,6.544772727,13518.6525
2025-09-23 06:15:00+00:00,6.357,13521.022
2025-09-23 06:20:00+00:00,6.540707692,13652.20412
2025-09-23 06:25:00+00:00,6.772624801,13728.63125
2025-09-23 06:30:00+00:00,6.9055,13930.8364
2025-09-23 06:35:00+00:00,6.651619048,14054.1044
2025-09-23 06:40:00+00:00,7.003581482,14045.07338
2025-09-23 06:45:00+00:00,6.91,14200.17
2025-09-23 06:50:00+00:00,6.94,14200.17
2025-09-23 06:55:00+00:00,7.056583746,14251.54619
2025-09-23 07:00:00+00:00,7.311866667,14622.13769
2025-09-23 07:05:00+00:00,7.192747826,14888.85275
2025-09-23 07:10:00+00:00,7.182166667,15026.99315
2025-09-23 07:15:00+00:00,7.739142857,15226.04364
2025-09-23 07:20:00+00:00,7.609377381,15366.8325
2025-09-23 07:25:00+00:00,7.720069597,15377.07
2025-09-23 07:30:00+00:00,7.792365079,15485.68518
2025-09-23 07:35:00+00:00,7.748380952,15692.36658
2025-09-23 07:40:00+00:00,8.002602273,16059.16265
2025-09-23 07:45:00+00:00,8.023464883,16174.26607
2025-09-23 07:50:00+00:00,8.0276,16291.92
2025-09-23 07:55:00+00:00,8.173392857,16336.265
2025-09-23 08:00:00+00:00,8.222284249,16338.52467
2025-09-23 08:05:00+00:00,8.437405405,16550.7232
2025-09-23 08:10:00+00:00,8.668393939,16946.31957
2025-09-23 08:15:00+00:00,8.899889374,17380.89691
2025-09-23 08:20:00+00:00,9.0184,17512.84657
2025-09-23 08:25:00+00:00,9.059799771,17527.80602
2025-09-23 08:30:00+00:00,9.108120984,17495.5321
2025-09-23 08:35:00+00:00,9.047628571,17763.334
2025-09-23 08:40:00+00:00,9.183323427,17946.23
2025-09-23 08:45:00+00:00,9.497022222,18303.22208
2025-09-23 08:50:00+00:00,9.50858194,18596.09806
2025-09-23 08:55:00+00:00,10.02104167,18755.89357
2025-09-23 09:00:00+00:00,9.862741936,19002.2432
2025-09-23 09:05:00+00:00,10.34905641,19320.88825
2025-09-23 09:10:00+00:00,10.26494444,19498.74311
2025-09-23 09:15:00+00:00,10.56511905,19736.32975
2025-09-23 09:20:00+00:00,11.07540741,20004.91491
2025-09-23 09:25:00+00:00,11.36071053,20653.81632
2025-09-23 09:30:00+00:00,11.49769231,20619.537
2025-09-23 09:35:00+00:00,11.94819251,21272.28883
2025-09-23 09:40:00+00:00,12.2615311,21600.50426
2025-09-23 09:45:00+00:00,12.63958042,21680.658
2025-09-23 09:50:00+00:00,12.53528462,22084.978
2025-09-23 09:55:00+00:00,12.62846724,22307.49448
2025-09-23 10:00:00+00:00,13.22263977,22360.89274
2025-09-23 10:05:00+00:00,13.1092037,22545.46129
2025-09-23 10:10:00+00:00,13.63523684,23094.85277
2025-09-23 10:15:00+00:00,13.6792601,23257.70733
2025-09-23 10:20:00+00:00,13.82190909,23440.886
2025-09-23 10:25:00+00:00,14.10922727,23712.39167
2025-09-23 10:30:00+00:00,14.3353101,23927.91238
2025-09-23 10:35:00+00:00,14.69185714,24233.39552
2025-09-23 10:40:00+00:00,14.65834848,24490.53956
2025-09-23 10:45:00+00:00,14.64233002,24385.28673
2025-09-23 10:50:00+00:00,14.96909497,24444.98511
2025-09-23 10:55:00+00:00,15.29636584,24603.00741
2025-09-23 11:00:00+00:00,15.08798747,24678.15
2025-09-23 11:05:00+00:00,15.456,24853.20243
2025-09-23 11:10:00+00:00,15.34486813,24907.26407
2025-09-23 11:15:00+00:00,15.61309091,24973.42044
2025-09-23 11:20:00+00:00,15.932,25035.194
2025-09-23 11:25:00+00:00,15.99138614,25040.09292
2025-09-23 11:30:00+00:00,16.08044834,25078.46615
2025-09-23 11:35:00+00:00,15.64449721,25067.02343
2025-09-23 11:40:00+00:00,15.73875379,25135.02648
2025-09-23 11:45:00+00:00,16.1079,25292.83813
2025-09-23 11:50:00+00:00,15.41721818,25186.3316
2025-09-23 11:55:00+00:00,15.66429545,25027.98286
2025-09-23 12:00:00+00:00,16.32311818,25175.282
2025-09-23 12:05:00+00:00,16.2245,25032.805
2025-09-23 12:10:00+00:00,15.98050229,25155
2025-09-23 12:15:00+00:00,16.43753535,25134.866
2025-09-23 12:20:00+00:00,16.24687879,25242.196
2025-09-23 12:25:00+00:00,15.97451579,25157.88689
2025-09-23 12:30:00+00:00,16.03737909,25206.83817
2025-09-23 12:35:00+00:00,16.35283333,25398.08455
2025-09-23 12:40:00+00:00,16.366425,25312.81573
2025-09-23 12:45:00+00:00,16.55572727,25315.8072
2025-09-23 12:50:00+00:00,16.45902597,25310.11927
2025-09-23 12:55:00+00:00,16.41977778,25304.56557
2025-09-23 13:00:00+00:00,16.2716,25409.943
2025-09-23 13:05:00+00:00,16.13387097,25342.85
2025-09-23 13:10:00+00:00,16.1127381,25070.39031
2025-09-23 13:15:00+00:00,16.01730702,24858.74722
2025-09-23 13:20:00+00:00,15.84208647,24925.95067
2025-09-23 13:25:00+00:00,15.81334363,24914.10479
2025-09-23 13:30:00+00:00,15.56125575,24718.55255
2025-09-23 13:35:00+00:00,15.64328889,24855.4521
2025-09-23 13:40:00+00:00,15.34964583,24754.57527
2025-09-23 13:45:00+00:00,15.62732886,24644.66036
2025-09-23 13:50:00+00:00,15.32790615,24691.467
2025-09-23 13:55:00+00:00,15.15023963,24600.69502
2025-09-23 14:00:00+00:00,13.43879798,22446.97475
2025-09-23 14:05:00+00:00,4.953446154,9049.223082
2025-09-23 14:10:00+00:00,4.597454546,7840
2025-09-23 14:15:00+00:00,4.286381579,7840
2025-09-23 14:20:00+00:00,4.329636364,7833.200667
2025-09-23 14:25:00+00:00,4.547044156,7640.131143
2025-09-23 14:30:00+00:00,4.626747899,7743.719333
2025-09-23 14:35:00+00:00,4.401733333,7799.9
2025-09-23 14:40:00+00:00,4.321571238,7805.001714
2025-09-23 14:45:00+00:00,4.142545455,7688.76975
2025-09-23 14:50:00+00:00,4.287836257,7719.07
2025-09-23 14:55:00+00:00,4.304444444,7707.018985
2025-09-23 15:00:00+00:00,4.274833333,7698.73
2025-09-23 15:05:00+00:00,4.18202906,7449.274
2025-09-23 15:10:00+00:00,4.157248246,7386.91
2025-09-23 15:15:00+00:00,4.074235294,7386.91
2025-09-23 15:20:00+00:00,4.088698565,7386.91
2025-09-23 15:25:00+00:00,4.179776786,7386.91
2025-09-23 15:30:00+00:00,4.191919732,7386.91
2025-09-23 15:35:00+00:00,4.31535,7386.91
2025-09-23 15:40:00+00:00,4.451784741,7386.91
2025-09-23 15:45:00+00:00,4.187097034,7386.91
2025-09-23 15:50:00+00:00,3.99374,7386.91
2025-09-23 15:55:00+00:00,3.852752976,7386.91
2025-09-23 16:00:00+00:00,4.039704434,7386.91
2025-09-23 16:05:00+00:00,3.833555556,7313.6545
2025-09-23 16:10:00+00:00,3.876,7122.194
2025-09-23 16:15:00+00:00,4.07655614,7365.65
2025-09-23 16:20:00+00:00,4.08184,7475.23625
2025-09-23 16:25:00+00:00,4.286034483,7650.04125
2025-09-23 16:30:00+00:00,4.328414286,7344.33
2025-09-23 16:35:00+00:00,4.013590909,7358.9825
2025-09-23 16:40:00+00:00,3.984426573,7546.315333
2025-09-23 16:45:00+00:00,4.0128,7322.95
2025-09-23 16:50:00+00:00,4.21,7322.95
2025-09-23 16:55:00+00:00,4.072515152,7374.37725
2025-09-23 17:00:00+00:00,3.912280702,7603.350958
2025-09-23 17:05:00+00:00,3.911561129,7616.82
2025-09-23 17:10:00+00:00,3.782402375,7616.82
2025-09-23 17:15:00+00:00,3.898053512,7340.6276
2025-09-23 17:20:00+00:00,4.090577778,7527.178909
2025-09-23 17:25:00+00:00,3.639384615,7575.54
2025-09-23 17:30:00+00:00,3.55,7575.54
2025-09-23 17:35:00+00:00,3.999609498,7575.54
2025-09-23 17:40:00+00:00,4.073796296,7536.437731
2025-09-23 17:45:00+00:00,3.99,7554.81
2025-09-23 17:50:00+00:00,4.147590909,7363.998
2025-09-23 17:55:00+00:00,4.0256,7236.79
2025-09-23 18:00:00+00:00,4.074333333,7382.579143
2025-09-23 18:05:00+00:00,4.058166667,7730.330079
2025-09-23 18:10:00+00:00,3.996610526,7564.204333
2025-09-23 18:15:00+00:00,3.939150595,7318.349636
2025-09-23 18:20:00+00:00,4.028536797,7492.29
2025-09-23 18:25:00+00:00,4.256918807,7455.784737
2025-09-23 18:30:00+00:00,4.152844156,7431.899606
2025-09-23 18:35:00+00:00,4.125833333,7388.785
2025-09-23 18:40:00+00:00,4.2734,7429.24
2025-09-23 18:45:00+00:00,3.977353659,7429.24
2025-09-23 18:50:00+00:00,3.991084936,7599.1827
2025-09-23 18:55:00+00:00,4.155337513,7408.1
2025-09-23 19:00:00+00:00,2.734087719,4444.86
2025-09-23 19:05:00+00:00,0.11,0
2025-09-23 19:10:00+00:00,0.11,0
2025-09-23 19:15:00+00:00,0.11,0
2025-09-23 19:20:00+00:00,0.11,0
2025-09-23 19:25:00+00:00,0.11,0
2025-09-23 19:30:00+00:00,0.11,0
2025-09-23 19:35:00+00:00,0.11,0
2025-09-23 19:40:00+00:00,0.11,0
2025-09-23 19:45:00+00:00,0.11,0
2025-09-23 19:50:00+00:00,0.11,0
2025-09-23 19:55:00+00:00,0.11,0
2025-09-23 20:00:00+00:00,0.11,0
2025-09-23 20:05:00+00:00,0.11,0
2025-09-23 20:10:00+00:00,0.11,0
2025-09-23 20:15:00+00:00,0.11,0
2025-09-23 20:20:00+00:00,0.11,0
2025-09-23 20:25:00+00:00,0.11,0
2025-09-23 20:30:00+00:00,0.11,0
2025-09-23 20:35:00+00:00,0.11,0
2025-09-23 20:40:00+00:00,0.11,0
2025-09-23 20:45:00+00:00,0.11,0
2025-09-23 20:50:00+00:00,0.11,0
2025-09-23 20:55:00+00:00,0.11,0
2025-09-23 21:00:00+00:00,0.11,0
2025-09-23 21:05:00+00:00,0.11,0
2025-09-23 21:10:00+00:00,0.110192308,0
2025-09-23 21:15:00+00:00,0.11018,0
2025-09-23 21:20:00+00:00,0.11,0
2025-09-23 21:25:00+00:00,0.11,0
2025-09-23 21:30:00+00:00,0.11,0
2025-09-23 21:35:00+00:00,0.11,0
2025-09-23 21:40:00+00:00,0.11,0
2025-09-23 21:45:00+00:00,0.11,0
2025-09-23 21:50:00+00:00,0.11,0
2025-09-23 21:55:00+00:00,0.11,0
2025-09-23 22:00:00+00:00,0.11,0
2025-09-23 22:05:00+00:00,0.11,0
2025-09-23 22:10:00+00:00,0.11,0
2025-09-23 22:15:00+00:00,0.11,0
2025-09-23 22:20:00+00:00,0.11,0
2025-09-23 22:25:00+00:00,0.11,0
2025-09-23 22:30:00+00:00,0.11,0
2025-09-23 22:35:00+00:00,0.11,0
2025-09-23 22:40:00+00:00,0.11,0
2025-09-23 22:45:00+00:00,0.11,0
2025-09-23 22:50:00+00:00,0.11,0
2025-09-23 22:55:00+00:00,0.11,0
2025-09-23 23:00:00+00:00,0.11,0
2025-09-23 23:05:00+00:00,0.11,0
2025-09-23 23:10:00+00:00,0.11,0
2025-09-23 23:15:00+00:00,0.11,0
2025-09-23 23:20:00+00:00,0.11,0
2025-09-23 23:25:00+00:00,0.11,0
2025-09-23 23:30:00+00:00,0.11,0
2025-09-23 23:35:00+00:00,0.11,0
2025-09-23 23:40:00+00:00,0.11,0
2025-09-23 23:45:00+00:00,0.11,0
2025-09-23 23:50:00+00:00,0.11,0
2025-09-23 23:55:00+00:00,0.11,0
2025-09-24 00:00:00+00:00,0.11,0
2025-09-24 00:05:00+00:00,0.11,0
2025-09-24 00:10:00+00:00,0.11,0
2025-09-24 00:15:00+00:00,0.11,0
2025-09-24 00:20:00+00:00,0.11,0
2025-09-24 00:25:00+00:00,0.11,0
2025-09-24 00:30:00+00:00,0.11,0
2025-09-24 00:35:00+00:00,0.11,0
2025-09-24 00:40:00+00:00,0.11,0
2025-09-24 00:45:00+00:00,0.11,0
2025-09-24 00:50:00+00:00,0.11,0
2025-09-24 00:55:00+00:00,0.11,0
2025-09-24 01:00:00+00:00,0.11,0
2025-09-24 01:05:00+00:00,0.11,0
2025-09-24 01:10:00+00:00,0.11,0
2025-09-24 01:15:00+00:00,0.11,0
2025-09-24 01:20:00+00:00,0.11,0
2025-09-24 01:25:00+00:00,0.11,0
2025-09-24 01:30:00+00:00,0.11,0
2025-09-24 01:35:00+00:00,0.11,0
2025-09-24 01:40:00+00:00,0.11,0
2025-09-24 01:45:00+00:00,0.11,0
2025-09-24 01:50:00+00:00,0.11,0
2025-09-24 01:55:00+00:00,0.11,0
2025-09-24 02:00:00+00:00,0.11,0
2025-09-24 02:05:00+00:00,0.11,0
2025-09-24 02:10:00+00:00,0.11,0
2025-09-24 02:15:00+00:00,0.11,0
2025-09-24 02:20:00+00:00,0.11,0
2025-09-24 02:25:00+00:00,0.11,0
2025-09-24 02:30:00+00:00,0.11,0
2025-09-24 02:35:00+00:00,0.11,0
2025-09-24 02:40:00+00:00,0.11,0
2025-09-24 02:45:00+00:00,0.11,0
2025-09-24 02:50:00+00:00,0.11,0
2025-09-24 02:55:00+00:00,0.11,0
2025-09-24 03:00:00+00:00,0.11,0
2025-09-24 03:05:00+00:00,0.11,0
2025-09-24 03:10:00+00:00,2.2925,1847.39
2025-09-24 03:15:00+00:00,19.4113,28952.93629
2025-09-24 03:20:00+00:00,7.370516667,14143.02545
2025-09-24 03:25:00+00:00,4.685363636,9365.431
2025-09-24 03:30:00+00:00,4.966478469,9559.277267
2025-09-24 03:35:00+00:00,4.869461539,9749.314
2025-09-24 03:40:00+00:00,4.826923077,9799.9975
2025-09-24 03:45:00+00:00,4.69102381,9447.073333
2025-09-24 03:50:00+00:00,4.505845299,9486.478
2025-09-24 03:55:00+00:00,4.529608991,9526.584
2025-09-24 04:00:00+00:00,4.512888889,9520
2025-09-24 04:05:00+00:00,4.46,9520
2025-09-24 04:10:00+00:00,4.942340351,10456.15225
2025-09-24 04:15:00+00:00,5.211304825,10958.015
2025-09-24 04:20:00+00:00,5.378010774,11180.18692
2025-09-24 04:25:00+00:00,5.361777778,11336.43083
2025-09-24 04:30:00+00:00,5.4078,11563.32
2025-09-24 04:35:00+00:00,5.519501087,11736.25411
2025-09-24 04:40:00+00:00,5.652221612,12010.66
2025-09-24 04:45:00+00:00,5.7025,12101.36
2025-09-24 04:50:00+00:00,5.744964103,12268.624
2025-09-24 04:55:00+00:00,5.747263636,12453.878
2025-09-24 05:00:00+00:00,5.949165236,12559.49
2025-09-24 05:05:00+00:00,5.832119048,12443.256
2025-09-24 05:10:00+00:00,5.9508,12723.7092
2025-09-24 05:15:00+00:00,6.009038462,12751.315
2025-09-24 05:20:00+00:00,6.008237658,12880
2025-09-24 05:25:00+00:00,5.803253589,12864.112
2025-09-24 05:30:00+00:00,6.081172006,13025.71271
2025-09-24 05:35:00+00:00,6.353972727,13171.24697
2025-09-24 05:40:00+00:00,6.087764706,13146.73486
2025-09-24 05:45:00+00:00,6.171375,13009.63414
2025-09-24 05:50:00+00:00,5.927242325,13206.73804
2025-09-24 05:55:00+00:00,6.250553114,13311.52533
2025-09-24 06:00:00+00:00,6.194757021,13302.99972
2025-09-24 06:05:00+00:00,6.215790866,13428.09933
2025-09-24 06:10:00+00:00,6.235823188,13290.18635
2025-09-24 06:15:00+00:00,6.598342754,13213.534
2025-09-24 06:20:00+00:00,6.333809524,13345.5165
2025-09-24 06:25:00+00:00,6.3732,13505.26675
2025-09-24 06:30:00+00:00,6.520560037,13637.91365
2025-09-24 06:35:00+00:00,6.433005229,13759.89703
2025-09-24 06:40:00+00:00,6.21,13842.31
2025-09-24 06:45:00+00:00,6.437621212,14022.1117
2025-09-24 06:50:00+00:00,6.643865132,14249.34549
2025-09-24 06:55:00+00:00,6.784853859,14301.51525
2025-09-24 07:00:00+00:00,6.869309524,14210.44875
2025-09-24 07:05:00+00:00,6.94622479,14452.061
2025-09-24 07:10:00+00:00,7.07386,14760.67298
2025-09-24 07:15:00+00:00,7.339488889,15112.21733
2025-09-24 07:20:00+00:00,7.418090909,15382.942
2025-09-24 07:25:00+00:00,7.449808201,15637.22955
2025-09-24 07:30:00+00:00,7.808614734,15869.15515
2025-09-24 07:35:00+00:00,7.698965035,15969.19821
2025-09-24 07:40:00+00:00,8.068424403,15945.3225
2025-09-24 07:45:00+00:00,7.972461539,16087.01942
2025-09-24 07:50:00+00:00,7.959333333,16175.48
2025-09-24 07:55:00+00:00,8.13702381,16354.14182
2025-09-24 08:00:00+00:00,8.2414375,16334.63985
2025-09-24 08:05:00+00:00,8.523835484,16432.43102
2025-09-24 08:10:00+00:00,8.1418,16479.09
2025-09-24 08:15:00+00:00,8.286575,16696.43457
2025-09-24 08:20:00+00:00,8.519030769,16660.49771
2025-09-24 08:25:00+00:00,8.723157895,17203.44833
2025-09-24 08:30:00+00:00,8.702421053,17386.64509
2025-09-24 08:35:00+00:00,8.939389474,17694.95656
2025-09-24 08:40:00+00:00,8.9664,17992.30829
2025-09-24 08:45:00+00:00,9.367782456,18208.12
2025-09-24 08:50:00+00:00,9.563885826,18522.12046
2025-09-24 08:55:00+00:00,9.764499546,18731.82
2025-09-24 09:00:00+00:00,10.06079485,19021.20675
2025-09-24 09:05:00+00:00,10.23630976,19382.37246
2025-09-24 09:10:00+00:00,10.66223382,20031.05441
2025-09-24 09:15:00+00:00,10.8,20152.22
2025-09-24 09:20:00+00:00,10.8,20152.22
2025-09-24 09:25:00+00:00,11.0385,20639.29467
2025-09-24 09:30:00+00:00,11.47193939,21025.32257
2025-09-24 09:35:00+00:00,11.8560119,21401.93862
2025-09-24 09:40:00+00:00,12.13193679,21658.11154
2025-09-24 09:45:00+00:00,12.51157143,22027.20218
2025-09-24 09:50:00+00:00,12.80104813,22382.87356
2025-09-24 09:55:00+00:00,12.72446753,22532.30433
2025-09-24 10:00:00+00:00,13.26173774,22966.11872
2025-09-24 10:05:00+00:00,13.57912554,23297.91437
2025-09-24 10:10:00+00:00,13.63030364,23327.92556
2025-09-24 10:15:00+00:00,13.78227972,23923.7308
2025-09-24 10:20:00+00:00,14.27036667,24205.582
2025-09-24 10:25:00+00:00,14.50798519,24421.20725
2025-09-24 10:30:00+00:00,15.1704913,24895.588
2025-09-24 10:35:00+00:00,14.71022,25082.40133
2025-09-24 10:40:00+00:00,15.01965909,25174.50568
2025-09-24 10:45:00+00:00,15.06861282,24942.67267
2025-09-24 10:50:00+00:00,15.25119192,25100.5664
2025-09-24 10:55:00+00:00,15.66688793,25361.5624
2025-09-24 11:00:00+00:00,15.74020467,25329.9452
2025-09-24 11:05:00+00:00,15.49583509,25319.4342
2025-09-24 11:10:00+00:00,15.78826923,25012.64
2025-09-24 11:15:00+00:00,15.56538095,24902.93448
2025-09-24 11:20:00+00:00,15.39149855,24910.82603
2025-09-24 11:25:00+00:00,15.47592589,24909.71231
2025-09-24 11:30:00+00:00,15.56152448,25000.31133
2025-09-24 11:35:00+00:00,15.46766667,24924.24143
2025-09-24 11:40:00+00:00,15.61745238,25128.8788
2025-09-24 11:45:00+00:00,15.89666176,25128.5425
2025-09-24 11:50:00+00:00,15.91014615,25035.62175
2025-09-24 11:55:00+00:00,15.74280952,24938.492
2025-09-24 12:00:00+00:00,15.83042513,24955.4089
2025-09-24 12:05:00+00:00,15.84598718,24933.77857
2025-09-24 12:10:00+00:00,15.60945455,24957.57234
2025-09-24 12:15:00+00:00,15.4585973,25010.79236
2025-09-24 12:20:00+00:00,15.60559091,24886.80546
2025-09-24 12:25:00+00:00,15.6338,24831.8195
2025-09-24 12:30:00+00:00,15.76225758,24906.372
2025-09-24 12:35:00+00:00,15.53335897,24883.37619
2025-09-24 12:40:00+00:00,15.46619641,25015.54652
2025-09-24 12:45:00+00:00,15.43202078,25023.86029
2025-09-24 12:50:00+00:00,15.70395833,25023.40694
2025-09-24 12:55:00+00:00,14.9437037,24873.39768
2025-09-24 13:00:00+00:00,15.77909804,25205.92936
2025-09-24 13:05:00+00:00,15.44368811,25143.94
2025-09-24 13:10:00+00:00,15.70207018,24896.80177
2025-09-24 13:15:00+00:00,15.78492151,25053.19289
2025-09-24 13:20:00+00:00,15.62482143,24952.59506
2025-09-24 13:25:00+00:00,15.49246252,24912.83921
2025-09-24 13:30:00+00:00,15.39199974,24870.02267
2025-09-24 13:35:00+00:00,15.25256149,24487.35036
2025-09-24 13:40:00+00:00,15.58440404,24851.42925
2025-09-24 13:45:00+00:00,15.01655836,24708.76447
2025-09-24 13:50:00+00:00,15.10983636,24731.80646
2025-09-24 13:55:00+00:00,15.357,24720.98375
2025-09-24 14:00:00+00:00,13.36409665,23924.98348
2025-09-24 14:05:00+00:00,8.115712181,14963.85485
2025-09-24 14:10:00+00:00,4.325169231,7698.73
2025-09-24 14:15:00+00:00,4.176268398,7422.753889
2025-09-24 14:20:00+00:00,4.15337,7418.933727
2025-09-24 14:25:00+00:00,4.222535575,7605.770385
2025-09-24 14:30:00+00:00,4.232939518,7657.88
2025-09-24 14:35:00+00:00,4.339336296,7640.909233
2025-09-24 14:40:00+00:00,4.370794427,7437.651458
2025-09-24 14:45:00+00:00,4.3377,7581.20135
2025-09-24 14:50:00+00:00,4.26071345,7840
2025-09-24 14:55:00+00:00,4.175787546,7829.376946
2025-09-24 15:00:00+00:00,4.114103896,7804.435455
2025-09-24 15:05:00+00:00,4.136561539,7782.265333
2025-09-24 15:10:00+00:00,4.215654483,7779.77
2025-09-24 15:15:00+00:00,4.007432602,7779.77
2025-09-24 15:20:00+00:00,3.969810109,7774.3214
2025-09-24 15:25:00+00:00,4.040402778,7749.281
2025-09-24 15:30:00+00:00,4.199157895,7759.59
2025-09-24 15:35:00+00:00,4.25538756,7759.59
2025-09-24 15:40:00+00:00,4.270235294,7759.59
2025-09-24 15:45:00+00:00,4.280883117,7764.222
2025-09-24 15:50:00+00:00,4.273642937,7992.161323
2025-09-24 15:55:00+00:00,4.19704262,7901.603613
2025-09-24 16:00:00+00:00,4.333966667,7714.543333
2025-09-24 16:05:00+00:00,4.0384,7678.33
2025-09-24 16:10:00+00:00,4.160461539,7661.561
2025-09-24 16:15:00+00:00,4.267288889,7657.88
2025-09-24 16:20:00+00:00,4.296215054,7655.902531
2025-09-24 16:25:00+00:00,4.2669375,7796.688214
2025-09-24 16:30:00+00:00,4.18724359,7625.975778
2025-09-24 16:35:00+00:00,4.141996731,7714.594667
2025-09-24 16:40:00+00:00,4.16602139,7859.97
2025-09-24 16:45:00+00:00,4.196711111,7859.97
2025-09-24 16:50:00+00:00,4.286096104,7588.716667
2025-09-24 16:55:00+00:00,4.258078947,7741.998345
2025-09-24 17:00:00+00:00,4.297812284,7840
2025-09-24 17:05:00+00:00,4.2326,7813.935
2025-09-24 17:10:00+00:00,4.112266667,7623.02425
2025-09-24 17:15:00+00:00,4.070333333,7664.778
2025-09-24 17:20:00+00:00,4.079333333,7649.539778
2025-09-24 17:25:00+00:00,4.074277778,7333.854
2025-09-24 17:30:00+00:00,4.096605114,7331.705938
2025-09-24 17:35:00+00:00,3.994352814,7471.33
2025-09-24 17:40:00+00:00,3.880925,7471.33
2025-09-24 17:45:00+00:00,4.014807018,7574.438385
2025-09-24 17:50:00+00:00,3.866063152,7677.118
2025-09-24 17:55:00+00:00,4.120307692,7450.32
2025-09-24 18:00:00+00:00,4.099818182,7450.32
2025-09-24 18:05:00+00:00,4.024532967,7450.32
2025-09-24 18:10:00+00:00,3.825323887,7450.32
2025-09-24 18:15:00+00:00,4.213888457,7458.306769
2025-09-24 18:20:00+00:00,4,7429.24
2025-09-24 18:25:00+00:00,4.015166667,7364.512
2025-09-24 18:30:00+00:00,4.0834205,7174.742857
2025-09-24 18:35:00+00:00,4.174833333,7402.449333
2025-09-24 18:40:00+00:00,4.273988095,7386.91
2025-09-24 18:45:00+00:00,4.293227994,7386.91
2025-09-24 18:50:00+00:00,3.765467532,7386.91
2025-09-24 18:55:00+00:00,4.050166667,7365.65
2025-09-24 19:00:00+00:00,1.105949495,1651.116732
2025-09-24 19:05:00+00:00,0.11,0
2025-09-24 19:10:00+00:00,0.11,0
2025-09-24 19:15:00+00:00,0.11,0
2025-09-24 19:20:00+00:00,0.11,0
2025-09-24 19:25:00+00:00,0.11,0
2025-09-24 19:30:00+00:00,0.11,0
2025-09-24 19:35:00+00:00,0.11,0
2025-09-24 19:40:00+00:00,0.11,0
2025-09-24 19:45:00+00:00,0.11,0
2025-09-24 19:50:00+00:00,0.11,0
2025-09-24 19:55:00+00:00,0.11,0
2025-09-24 20:00:00+00:00,0.11,0
2025-09-24 20:05:00+00:00,0.1105,0
2025-09-24 20:10:00+00:00,0.11,0
2025-09-24 20:15:00+00:00,0.11,0
2025-09-24 20:20:00+00:00,0.11,0
2025-09-24 20:25:00+00:00,0.11,0
2025-09-24 20:30:00+00:00,0.11,0
2025-09-24 20:35:00+00:00,0.11,0
2025-09-24 20:40:00+00:00,0.11,0
2025-09-24 20:45:00+00:00,0.11,0
2025-09-24 20:50:00+00:00,0.11,0
2025-09-24 20:55:00+00:00,0.11,0
2025-09-24 21:00:00+00:00,0.11,0
2025-09-24 21:05:00+00:00,0.11,0
2025-09-24 21:10:00+00:00,0.11,0
2025-09-24 21:15:00+00:00,0.11,0
2025-09-24 21:20:00+00:00,0.11,0
2025-09-24 21:25:00+00:00,0.11,0
2025-09-24 21:30:00+00:00,0.11,0
2025-09-24 21:35:00+00:00,0.11,0
2025-09-24 21:40:00+00:00,0.11,0
2025-09-24 21:45:00+00:00,0.11,0
2025-09-24 21:50:00+00:00,0.11,0
2025-09-24 21:55:00+00:00,0.11,0
2025-09-24 22:00:00+00:00,0.11,0
2025-09-24 22:05:00+00:00,0.11,0
2025-09-24 22:10:00+00:00,0.11,0
2025-09-24 22:15:00+00:00,0.11,0
2025-09-24 22:20:00+00:00,0.11,0
2025-09-24 22:25:00+00:00,0.11,0
2025-09-24 22:30:00+00:00,0.11,0
2025-09-24 22:35:00+00:00,0.11,0
2025-09-24 22:40:00+00:00,0.11,0
2025-09-24 22:45:00+00:00,0.11,0
2025-09-24 22:50:00+00:00,0.112222488,0
2025-09-24 22:55:00+00:00,0.11,0
2025-09-24 23:00:00+00:00,0.11,0
2025-09-24 23:05:00+00:00,0.11,0
2025-09-24 23:10:00+00:00,0.11,0
2025-09-24 23:15:00+00:00,0.11,0
2025-09-24 23:20:00+00:00,0.11,0
2025-09-24 23:25:00+00:00,0.11,0
2025-09-24 23:30:00+00:00,0.11,0
2025-09-24 23:35:00+00:00,0.11,0
2025-09-24 23:40:00+00:00,0.11,0
2025-09-24 23:45:00+00:00,0.11,0
2025-09-24 23:50:00+00:00,0.11,0
2025-09-24 23:55:00+00:00,0.11,0
2025-09-25 00:00:00+00:00,0.11,0
2025-09-25 00:05:00+00:00,0.11,0
2025-09-25 00:10:00+00:00,0.11,0
2025-09-25 00:15:00+00:00,0.11,0
2025-09-25 00:20:00+00:00,0.11,0
2025-09-25 00:25:00+00:00,0.11,0
2025-09-25 00:30:00+00:00,0.11,0
2025-09-25 00:35:00+00:00,0.11,0
2025-09-25 00:40:00+00:00,0.11,0
2025-09-25 00:45:00+00:00,0.11,0
2025-09-25 00:50:00+00:00,0.11,0
2025-09-25 00:55:00+00:00,0.11,0
2025-09-25 01:00:00+00:00,0.11,0
2025-09-25 01:05:00+00:00,0.11,0
2025-09-25 01:10:00+00:00,0.11,0
2025-09-25 01:15:00+00:00,0.11,0
2025-09-25 01:20:00+00:00,0.11,0
2025-09-25 01:25:00+00:00,0.11,0
2025-09-25 01:30:00+00:00,0.11,0
2025-09-25 01:35:00+00:00,0.11,0
2025-09-25 01:40:00+00:00,0.11,0
2025-09-25 01:45:00+00:00,0.11,0
2025-09-25 01:50:00+00:00,0.11,0
2025-09-25 01:55:00+00:00,0.11,0
2025-09-25 02:00:00+00:00,0.11,0
2025-09-25 02:05:00+00:00,0.11,0
2025-09-25 02:10:00+00:00,0.11,0
2025-09-25 02:15:00+00:00,0.11,0
2025-09-25 02:20:00+00:00,0.11,0
2025-09-25 02:25:00+00:00,0.11,0
2025-09-25 02:30:00+00:00,0.11,0
2025-09-25 02:35:00+00:00,0.11,0
2025-09-25 02:40:00+00:00,0.11,0
2025-09-25 02:45:00+00:00,0.11,0
2025-09-25 02:50:00+00:00,0.11,0
2025-09-25 02:55:00+00:00,0.11,0
2025-09-25 03:00:00+00:00,0.11,0
2025-09-25 03:05:00+00:00,0.283535354,1170.530133
2025-09-25 03:10:00+00:00,2.322665012,5882.227758
2025-09-25 03:15:00+00:00,4.521399039,9370.59
2025-09-25 03:20:00+00:00,4.680730159,9532.577
2025-09-25 03:25:00+00:00,4.582608824,9602
2025-09-25 03:30:00+00:00,4.458385155,9602
2025-09-25 03:35:00+00:00,4.747927273,9447.589333
2025-09-25 03:40:00+00:00,4.762911638,9407.289846
2025-09-25 03:45:00+00:00,4.67989899,9592.196
2025-09-25 03:50:00+00:00,4.649024854,9585.66
2025-09-25 03:55:00+00:00,4.626,9721.458
2025-09-25 04:00:00+00:00,4.8295,9807.726286
2025-09-25 04:05:00+00:00,4.955079546,10068.22844
2025-09-25 04:10:00+00:00,5.089,10463.13667
2025-09-25 04:15:00+00:00,5.281,10798.34944
2025-09-25 04:20:00+00:00,5.266868185,11160.372
2025-09-25 04:25:00+00:00,5.384604555,11384.57958
2025-09-25 04:30:00+00:00,5.450291667,11620.14
2025-09-25 04:35:00+00:00,5.437052381,11739.48767
2025-09-25 04:40:00+00:00,5.521590909,11919.64305
2025-09-25 04:45:00+00:00,5.637170426,12135.158
2025-09-25 04:50:00+00:00,5.6428557,12295.6345
2025-09-25 04:55:00+00:00,5.679324675,12428.84367
2025-09-25 05:00:00+00:00,6.121652778,12449.97
2025-09-25 05:05:00+00:00,6.101027778,12458.73788
2025-09-25 05:10:00+00:00,5.880222222,12478.73136
2025-09-25 05:15:00+00:00,5.955866959,12596.5926
2025-09-25 05:20:00+00:00,5.816669077,12609.33
2025-09-25 05:25:00+00:00,5.73,12609.33
2025-09-25 05:30:00+00:00,5.973647343,12769.60492
2025-09-25 05:35:00+00:00,6.057282297,12952.96
2025-09-25 05:40:00+00:00,6.006424242,12830.43556
2025-09-25 05:45:00+00:00,5.976122518,12874.69143
2025-09-25 05:50:00+00:00,5.92,12940.73
2025-09-25 05:55:00+00:00,6.011561905,13016.8626
2025-09-25 06:00:00+00:00,6.084965517,13127.84741
2025-09-25 06:05:00+00:00,6.113298621,13224.57156
2025-09-25 06:10:00+00:00,6.276434091,13323.815
2025-09-25 06:15:00+00:00,6.238101905,13384.54848
2025-09-25 06:20:00+00:00,6.221205714,13475.34996
2025-09-25 06:25:00+00:00,6.329065657,13719.53292
2025-09-25 06:30:00+00:00,6.77739011,13867.40545
2025-09-25 06:35:00+00:00,6.6383,14043.76192
2025-09-25 06:40:00+00:00,6.812292593,14142.64325
2025-09-25 06:45:00+00:00,6.772932343,14191.71127
2025-09-25 06:50:00+00:00,6.872848485,14410.96126
2025-09-25 06:55:00+00:00,6.81387025,14592.81363
2025-09-25 07:00:00+00:00,7.167208333,14741.94737
2025-09-25 07:05:00+00:00,7.0355547,14898.46146
2025-09-25 07:10:00+00:00,7.344171958,15261.25211
2025-09-25 07:15:00+00:00,7.559490909,15517.27725
2025-09-25 07:20:00+00:00,7.664777778,15744.54364
2025-09-25 07:25:00+00:00,7.505416667,15630.45714
2025-09-25 07:30:00+00:00,7.598015152,15797.50293
2025-09-25 07:35:00+00:00,7.776468961,16035.12171
2025-09-25 07:40:00+00:00,7.682506266,16026.9624
2025-09-25 07:45:00+00:00,7.733833333,16009.804
2025-09-25 07:50:00+00:00,7.91860167,16029.59867
2025-09-25 07:55:00+00:00,7.965909091,16285.91582
2025-09-25 08:00:00+00:00,8.2,16531.67575
2025-09-25 08:05:00+00:00,8.402939687,16561.05231
2025-09-25 08:10:00+00:00,8.639477778,16785.602
2025-09-25 08:15:00+00:00,8.517711765,16783.86546
2025-09-25 08:20:00+00:00,8.662393939,16856.7083
2025-09-25 08:25:00+00:00,8.864833333,17132.36943
2025-09-25 08:30:00+00:00,8.9,17196.65
2025-09-25 08:35:00+00:00,8.995844697,17548.82198
2025-09-25 08:40:00+00:00,9.202914141,17786.46204
2025-09-25 08:45:00+00:00,9.375838384,18139.42309
2025-09-25 08:50:00+00:00,9.574930303,18536.3017
2025-09-25 08:55:00+00:00,9.954237762,19020.424
2025-09-25 09:00:00+00:00,10.165,19338.38622
2025-09-25 09:05:00+00:00,10.1458,19387.544
2025-09-25 09:10:00+00:00,10.40884615,19589.36929
2025-09-25 09:15:00+00:00,10.77798437,19957.35587
2025-09-25 09:20:00+00:00,10.9684385,20233.65215
2025-09-25 09:25:00+00:00,11.1987619,20649.52711
2025-09-25 09:30:00+00:00,11.65248889,21086.20787
2025-09-25 09:35:00+00:00,11.93284848,21268.48571
2025-09-25 09:40:00+00:00,12.018,21479.82589
2025-09-25 09:45:00+00:00,12.29041667,21758.03565
2025-09-25 09:50:00+00:00,12.56424286,22060.524
2025-09-25 09:55:00+00:00,12.80483162,22320.077
2025-09-25 10:00:00+00:00,12.76222,22624.14396
2025-09-25 10:05:00+00:00,13.16140909,22810.378
2025-09-25 10:10:00+00:00,13.49368889,23179.09228
2025-09-25 10:15:00+00:00,13.80916667,23652.96
2025-09-25 10:20:00+00:00,13.89865359,23725.67265
2025-09-25 10:25:00+00:00,14.06075,23940.75459
2025-09-25 10:30:00+00:00,14.646,24071.36925
2025-09-25 10:35:00+00:00,14.242,23984.698
2025-09-25 10:40:00+00:00,14.35123333,24195.01511
2025-09-25 10:45:00+00:00,14.40552,24274.56292
2025-09-25 10:50:00+00:00,14.45433825,24287.37267
2025-09-25 10:55:00+00:00,14.60296228,24352.86356
2025-09-25 11:00:00+00:00,14.668,24315.3336
2025-09-25 11:05:00+00:00,14.9247033,24225.412
2025-09-25 11:10:00+00:00,14.74094737,24349.785
2025-09-25 11:15:00+00:00,14.92200723,24455.82834
2025-09-25 11:20:00+00:00,15.03142265,24399.5464
2025-09-25 11:25:00+00:00,15.00679924,24407.32056
2025-09-25 11:30:00+00:00,15.09607576,24466.18251
2025-09-25 11:35:00+00:00,15.28974242,24516.83575
2025-09-25 11:40:00+00:00,15.10987013,24627.148
2025-09-25 11:45:00+00:00,15.0410414,24714.8125
2025-09-25 11:50:00+00:00,15.36931757,24808.80339
2025-09-25 11:55:00+00:00,15.3357837,24839.4491
2025-09-25 12:00:00+00:00,15.32175134,24860.38917
2025-09-25 12:05:00+00:00,15.70257421,24917.78142
2025-09-25 12:10:00+00:00,15.61754839,25087.36523
2025-09-25 12:15:00+00:00,15.51875931,25037.34425
2025-09-25 12:20:00+00:00,15.66096882,24948.83434
2025-09-25 12:25:00+00:00,16.1665,24844.06141
2025-09-25 12:30:00+00:00,15.16828125,24751.82455
2025-09-25 12:35:00+00:00,15.67814135,24845.54362
2025-09-25 12:40:00+00:00,15.44207273,24976.55455
2025-09-25 12:45:00+00:00,15.69381609,24967.41765
2025-09-25 12:50:00+00:00,15.68620952,25007.33182
2025-09-25 12:55:00+00:00,15.70868,24886.94
2025-09-25 13:00:00+00:00,15.64683333,24885.50725
2025-09-25 13:05:00+00:00,15.27925,24906.875
2025-09-25 13:10:00+00:00,15.26,24912.13
2025-09-25 13:15:00+00:00,15.31704762,24682.29026
2025-09-25 13:20:00+00:00,15.22511863,24425.75998
2025-09-25 13:25:00+00:00,15.0283621,24318.03504
2025-09-25 13:30:00+00:00,14.74389254,23935.58375
2025-09-25 13:35:00+00:00,14.51237344,23784.718
2025-09-25 13:40:00+00:00,14.3068655,23642.41289
2025-09-25 13:45:00+00:00,14.24846154,23462.86933
2025-09-25 13:50:00+00:00,14.25905216,23340.574
2025-09-25 13:55:00+00:00,13.9692381,23215.274
2025-09-25 14:00:00+00:00,13.8731,23109.52918
2025-09-25 14:05:00+00:00,13.8926796,22878.73167
2025-09-25 14:10:00+00:00,13.81272272,22841.76831
2025-09-25 14:15:00+00:00,13.68671497,22823.28545
2025-09-25 14:20:00+00:00,13.58295127,22835.296
2025-09-25 14:25:00+00:00,13.70967273,22791.45851
2025-09-25 14:30:00+00:00,13.61437879,22865.23025
2025-09-25 14:35:00+00:00,13.56652941,22858.27985
2025-09-25 14:40:00+00:00,13.66229167,22872.64057
2025-09-25 14:45:00+00:00,13.30386905,22914.59111
2025-09-25 14:50:00+00:00,13.51284848,22655.04025
2025-09-25 14:55:00+00:00,13.54977778,22601.8124
2025-09-25 15:00:00+00:00,10.75880076,19257.21118
2025-09-25 15:05:00+00:00,3.734104377,7629.32569
2025-09-25 15:10:00+00:00,3.946,7532.968
2025-09-25 15:15:00+00:00,3.9985774,7308.068333
2025-09-25 15:20:00+00:00,4.033607143,7538.697209
2025-09-25 15:25:00+00:00,3.817858293,7390.01807
2025-09-25 15:30:00+00:00,4.057244444,7616.82
2025-09-25 15:35:00+00:00,4.113633893,7616.82
2025-09-25 15:40:00+00:00,4.115116883,7616.82
2025-09-25 15:45:00+00:00,3.996868233,7616.82
2025-09-25 15:50:00+00:00,4.0454,7616.82
2025-09-25 15:55:00+00:00,3.963866667,7421.901091
2025-09-25 16:00:00+00:00,3.859761905,7524.292831
2025-09-25 16:05:00+00:00,4.078537037,7558.659857
2025-09-25 16:10:00+00:00,4.068973684,7311.751857
2025-09-25 16:15:00+00:00,4.013525926,7423.897167
2025-09-25 16:20:00+00:00,3.998863636,7497.515
2025-09-25 16:25:00+00:00,4.088666667,7479.714
2025-09-25 16:30:00+00:00,4.203589076,7471.33
2025-09-25 16:35:00+00:00,4.1212,7471.33
2025-09-25 16:40:00+00:00,4.1,7471.33
2025-09-25 16:45:00+00:00,4.128545455,7632.142
2025-09-25 16:50:00+00:00,4.103749251,7739.35
2025-09-25 16:55:00+00:00,4.071611111,7739.35
2025-09-25 17:00:00+00:00,4.041669264,7730.489714
2025-09-25 17:05:00+00:00,4.263399267,7545.172
2025-09-25 17:10:00+00:00,4.056051282,7719.07
2025-09-25 17:15:00+00:00,4.043294118,7719.07
2025-09-25 17:20:00+00:00,4.041,7719.07
2025-09-25 17:25:00+00:00,3.819555556,7719.07
2025-09-25 17:30:00+00:00,4.169558824,7697.8675
2025-09-25 17:35:00+00:00,4.305688889,7507.96725
2025-09-25 17:40:00+00:00,3.987620513,7969.990462
2025-09-25 17:45:00+00:00,3.784015385,7678.33
2025-09-25 17:50:00+00:00,4.155802372,7678.33
2025-09-25 17:55:00+00:00,4.190404762,7678.33
2025-09-25 18:00:00+00:00,4.079818182,7734.484
2025-09-25 18:05:00+00:00,3.881777591,7959.1
2025-09-25 18:10:00+00:00,3.78,7959.1
2025-09-25 18:15:00+00:00,4.142725236,7546.876302
2025-09-25 18:20:00+00:00,4.169166667,7657.88
2025-09-25 18:25:00+00:00,4.052899522,7657.88
2025-09-25 18:30:00+00:00,3.976,7407.04
2025-09-25 18:35:00+00:00,4.446494118,7305.962045
2025-09-25 18:40:00+00:00,4.029647157,7566.451256
2025-09-25 18:45:00+00:00,4.007496894,7604.454
2025-09-25 18:50:00+00:00,4.070654971,7376.808908
2025-09-25 18:55:00+00:00,4.030748054,7280
2025-09-25 19:00:00+00:00,3.654558692,6819.056653
2025-09-25 19:05:00+00:00,3.249794931,5720.814815
2025-09-25 19:10:00+00:00,2.929333548,4864.159436
2025-09-25 19:15:00+00:00,0.576142857,910
2025-09-25 19:20:00+00:00,0.03,0
2025-09-25 19:25:00+00:00,0.03,0
2025-09-25 19:30:00+00:00,0.03,0
2025-09-25 19:35:00+00:00,0.03,0
2025-09-25 19:40:00+00:00,0.03,0
2025-09-25 19:45:00+00:00,0.03,0
2025-09-25 19:50:00+00:00,0.03,0
2025-09-25 19:55:00+00:00,0.03,0
2025-09-25 20:00:00+00:00,0.035,0
2025-09-25 20:05:00+00:00,0.10616,0
2025-09-25 20:10:00+00:00,0.040857143,0
2025-09-25 20:15:00+00:00,0.03,0
2025-09-25 20:20:00+00:00,0.03,0
2025-09-25 20:25:00+00:00,0.03,0
2025-09-25 20:30:00+00:00,0.03,0
2025-09-25 20:35:00+00:00,0.03,0
2025-09-25 20:40:00+00:00,0.03,0
2025-09-25 20:45:00+00:00,0.03,0
2025-09-25 20:50:00+00:00,0.03,0
2025-09-25 20:55:00+00:00,0.03,0
2025-09-25 21:00:00+00:00,0.03,0
2025-09-25 21:05:00+00:00,0.03,0
2025-09-25 21:10:00+00:00,0.030500508,0
2025-09-25 21:15:00+00:00,0.03,0
2025-09-25 21:20:00+00:00,0.03,0
2025-09-25 21:25:00+00:00,0.03,0
2025-09-25 21:30:00+00:00,0.03,0
2025-09-25 21:35:00+00:00,0.03,0
2025-09-25 21:40:00+00:00,0.03,0
2025-09-25 21:45:00+00:00,0.03,0
2025-09-25 21:50:00+00:00,0.03,0
2025-09-25 21:55:00+00:00,0.03,0
2025-09-25 22:00:00+00:00,0.03,0
2025-09-25 22:05:00+00:00,0.03,0
2025-09-25 22:10:00+00:00,0.03,0
2025-09-25 22:15:00+00:00,0.060224638,0
2025-09-25 22:20:00+00:00,0.109533333,0
2025-09-25 22:25:00+00:00,0.11,0
2025-09-25 22:30:00+00:00,0.11,0
2025-09-25 22:35:00+00:00,0.11,0
2025-09-25 22:40:00+00:00,0.11,0
2025-09-25 22:45:00+00:00,0.11,0
2025-09-25 22:50:00+00:00,0.11,0
2025-09-25 22:55:00+00:00,0.11,0
2025-09-25 23:00:00+00:00,0.11,0
2025-09-25 23:05:00+00:00,0.11,0
2025-09-25 23:10:00+00:00,0.11,0
2025-09-25 23:15:00+00:00,0.11,0
2025-09-25 23:20:00+00:00,0.11,0
2025-09-25 23:25:00+00:00,0.11,0
2025-09-25 23:30:00+00:00,0.11,0
2025-09-25 23:35:00+00:00,0.11,0
2025-09-25 23:40:00+00:00,0.11,0
2025-09-25 23:45:00+00:00,0.11,0
2025-09-25 23:50:00+00:00,0.11,0
2025-09-25 23:55:00+00:00,0.11,0
2025-09-26 00:00:00+00:00,0.11,0
2025-09-26 00:05:00+00:00,0.11,0
2025-09-26 00:10:00+00:00,0.11,0
2025-09-26 00:15:00+00:00,0.11,0
2025-09-26 00:20:00+00:00,0.11,0
2025-09-26 00:25:00+00:00,0.11,0
2025-09-26 00:30:00+00:00,0.11,0
2025-09-26 00:35:00+00:00,0.11,0
2025-09-26 00:40:00+00:00,0.11,0
2025-09-26 00:45:00+00:00,0.11,0
2025-09-26 00:50:00+00:00,0.11,0
2025-09-26 00:55:00+00:00,0.11,0
2025-09-26 01:00:00+00:00,0.11,0
2025-09-26 01:05:00+00:00,0.11,0
2025-09-26 01:10:00+00:00,0.11,0
2025-09-26 01:15:00+00:00,0.11,0
2025-09-26 01:20:00+00:00,0.11,0
2025-09-26 01:25:00+00:00,0.11,0
2025-09-26 01:30:00+00:00,0.11,0
2025-09-26 01:35:00+00:00,0.11,0
2025-09-26 01:40:00+00:00,0.11,0
2025-09-26 01:45:00+00:00,0.11,0
2025-09-26 01:50:00+00:00,0.11,0
2025-09-26 01:55:00+00:00,0.11,0
2025-09-26 02:00:00+00:00,0.11,0
2025-09-26 02:05:00+00:00,0.11,0
2025-09-26 02:10:00+00:00,0.11,0
2025-09-26 02:15:00+00:00,0.11,0
2025-09-26 02:20:00+00:00,0.11,0
2025-09-26 02:25:00+00:00,0.11,0
2025-09-26 02:30:00+00:00,0.11,0
2025-09-26 02:35:00+00:00,0.11,0
2025-09-26 02:40:00+00:00,2.496426551,0
2025-09-26 02:45:00+00:00,0.11,0
2025-09-26 02:50:00+00:00,0.11,0
2025-09-26 02:55:00+00:00,0.11,0
2025-09-26 03:00:00+00:00,0.148829431,0
2025-09-26 03:05:00+00:00,6.7394,8787.87325
2025-09-26 03:10:00+00:00,10.96237436,13544.6738
2025-09-26 03:15:00+00:00,4.537201863,9081.67
2025-09-26 03:20:00+00:00,4.636333333,9081.67
2025-09-26 03:25:00+00:00,4.529833333,9183.83
2025-09-26 03:30:00+00:00,4.659533333,9337.07
2025-09-26 03:35:00+00:00,4.706092308,9328.905143
2025-09-26 03:40:00+00:00,4.597916667,9237.10225
2025-09-26 03:45:00+00:00,4.578618288,9119.93
2025-09-26 03:50:00+00:00,4.584333333,9286.55
2025-09-26 03:55:00+00:00,4.51827195,9286.55
2025-09-26 04:00:00+00:00,4.46885098,9324.164508
2025-09-26 04:05:00+00:00,4.741257143,9801.199736
2025-09-26 04:10:00+00:00,4.995825821,10295.4533
2025-09-26 04:15:00+00:00,5.256659979,10638.89459
2025-09-26 04:20:00+00:00,5.010706061,10877.231
2025-09-26 04:25:00+00:00,5.147029303,10985.70219
2025-09-26 04:30:00+00:00,5.330592688,11223.1664
2025-09-26 04:35:00+00:00,5.533470588,11581.754
2025-09-26 04:40:00+00:00,5.5704,11802.354
2025-09-26 04:45:00+00:00,5.587962963,11839.73
2025-09-26 04:50:00+00:00,5.770709957,12086.87879
2025-09-26 04:55:00+00:00,5.674432749,12197.204
2025-09-26 05:00:00+00:00,5.717428571,12335.052
2025-09-26 05:05:00+00:00,5.7796,12360.656
2025-09-26 05:10:00+00:00,5.938180602,12468.98743
2025-09-26 05:15:00+00:00,6.0375,12526.675
2025-09-26 05:20:00+00:00,6.079271635,12521.98
2025-09-26 05:25:00+00:00,6.053692308,12514.462
2025-09-26 05:30:00+00:00,5.899636364,12598.97457
2025-09-26 05:35:00+00:00,5.928986667,12589.038
2025-09-26 05:40:00+00:00,6.182808772,12595.58692
2025-09-26 05:45:00+00:00,6.228697947,12686.188
2025-09-26 05:50:00+00:00,6.099620137,12667.02914
2025-09-26 05:55:00+00:00,5.892489879,12663.04917
2025-09-26 06:00:00+00:00,5.866440191,12689.292
2025-09-26 06:05:00+00:00,6.298545455,12801.85
2025-09-26 06:10:00+00:00,6.231230769,12831.006
2025-09-26 06:15:00+00:00,6.119331522,12977.03
2025-09-26 06:20:00+00:00,6.112898251,12986.99868
2025-09-26 06:25:00+00:00,6.319236111,13157.02
2025-09-26 06:30:00+00:00,6.4546,13167.664
2025-09-26 06:35:00+00:00,6.360586007,13332.07
2025-09-26 06:40:00+00:00,6.308423077,13463.31
2025-09-26 06:45:00+00:00,6.485684211,13476.275
2025-09-26 06:50:00+00:00,6.739195767,13863.471
2025-09-26 06:55:00+00:00,6.814562921,14117.792
2025-09-26 07:00:00+00:00,7.532045455,14519.73861
2025-09-26 07:05:00+00:00,7.143033333,14567.77943
2025-09-26 07:10:00+00:00,6.986,14518.804
2025-09-26 07:15:00+00:00,6.95,14516.86
2025-09-26 07:20:00+00:00,7.278536111,14981.41
2025-09-26 07:25:00+00:00,7.324002222,15228.18584
2025-09-26 07:30:00+00:00,7.568473214,15224.84436
2025-09-26 07:35:00+00:00,7.59934118,15281.13575
2025-09-26 07:40:00+00:00,7.55983987,15376.28759
2025-09-26 07:45:00+00:00,7.673254579,15457.99848
2025-09-26 07:50:00+00:00,7.705571429,15555.25533
2025-09-26 07:55:00+00:00,7.942654546,15608.1784
2025-09-26 08:00:00+00:00,7.876628571,15677.868
2025-09-26 08:05:00+00:00,7.957571906,15958.28422
2025-09-26 08:10:00+00:00,8.06017803,16011.3914
2025-09-26 08:15:00+00:00,8.049564103,15954.58277
2025-09-26 08:20:00+00:00,8.167906494,16057.1907
2025-09-26 08:25:00+00:00,8.145542334,16357.61018
2025-09-26 08:30:00+00:00,8.280555556,16785.052
2025-09-26 08:35:00+00:00,8.686733352,16771.29333
2025-09-26 08:40:00+00:00,8.650055123,16967.54598
2025-09-26 08:45:00+00:00,8.75008877,17241.48507
2025-09-26 08:50:00+00:00,8.654055556,17361.81453
2025-09-26 08:55:00+00:00,8.867867384,17466.55277
2025-09-26 09:00:00+00:00,9.076141126,17634.16209
2025-09-26 09:05:00+00:00,9.22,17974.73455
2025-09-26 09:10:00+00:00,9.129527852,18282.21744
2025-09-26 09:15:00+00:00,9.329847619,18231.28771
2025-09-26 09:20:00+00:00,9.310906447,18642.25435
2025-09-26 09:25:00+00:00,9.603569368,18803.08545
2025-09-26 09:30:00+00:00,9.836875,19085.6698
2025-09-26 09:35:00+00:00,10.0040543,19544.06582
2025-09-26 09:40:00+00:00,10.21532727,19476.04021
2025-09-26 09:45:00+00:00,10.54816667,19773.748
2025-09-26 09:50:00+00:00,10.91602083,20027.565
2025-09-26 09:55:00+00:00,10.88203478,20249.53875
2025-09-26 10:00:00+00:00,11.04249078,20640.94585
2025-09-26 10:05:00+00:00,11.40835692,20891.67657
2025-09-26 10:10:00+00:00,11.46433333,21043.012
2025-09-26 10:15:00+00:00,11.47588636,21082.57228
2025-09-26 10:20:00+00:00,11.94872917,21494.45585
2025-09-26 10:25:00+00:00,12.15,21630.79
2025-09-26 10:30:00+00:00,12.25661404,21889.08439
2025-09-26 10:35:00+00:00,12.52946568,22161.5805
2025-09-26 10:40:00+00:00,12.65902381,22456.75943
2025-09-26 10:45:00+00:00,12.76265152,22607.74417
2025-09-26 10:50:00+00:00,12.9141417,22798.54244
2025-09-26 10:55:00+00:00,13.10293567,22999.39281
2025-09-26 11:00:00+00:00,13.13452095,23025.47207
2025-09-26 11:05:00+00:00,12.99866667,23123.16297
2025-09-26 11:10:00+00:00,13.41999713,23118.30444
2025-09-26 11:15:00+00:00,13.60727273,23378.64483
2025-09-26 11:20:00+00:00,13.78039636,23494.5951
2025-09-26 11:25:00+00:00,13.76978947,23349.35709
2025-09-26 11:30:00+00:00,13.29145455,23616.2848
2025-09-26 11:35:00+00:00,14.11791576,23856.97617
2025-09-26 11:40:00+00:00,13.77750722,23875.42605
2025-09-26 11:45:00+00:00,14.46993939,23828.71662
2025-09-26 11:50:00+00:00,14.30412037,23886.86883
2025-09-26 11:55:00+00:00,14.28457018,23955.10105
2025-09-26 12:00:00+00:00,14.33278261,23988.04212
2025-09-26 12:05:00+00:00,14.56982727,23791.61356
2025-09-26 12:10:00+00:00,14.45934444,24060.1075
2025-09-26 12:15:00+00:00,14.54152273,23881.26292
2025-09-26 12:20:00+00:00,14.52988264,24010.46769
2025-09-26 12:25:00+00:00,14.36320192,23951.50087
2025-09-26 12:30:00+00:00,14.47676768,23941.12089
2025-09-26 12:35:00+00:00,14.2768,23812.513
2025-09-26 12:40:00+00:00,14.25165,23789.704
2025-09-26 12:45:00+00:00,14.17599465,23877.00776
2025-09-26 12:50:00+00:00,14.223975,23837.63279
2025-09-26 12:55:00+00:00,14.27722267,23749.52145
2025-09-26 13:00:00+00:00,14.23592593,23819.392
2025-09-26 13:05:00+00:00,14.38587662,23673.92375
2025-09-26 13:10:00+00:00,14.311,23521.36771
2025-09-26 13:15:00+00:00,14.14760471,23401.64901
2025-09-26 13:20:00+00:00,14.15136905,23394.25616
2025-09-26 13:25:00+00:00,14.11676923,23409.07
2025-09-26 13:30:00+00:00,13.794875,23426.53692
2025-09-26 13:35:00+00:00,13.70866667,23406.0572
2025-09-26 13:40:00+00:00,13.76315476,23291.92409
2025-09-26 13:45:00+00:00,13.8101173,23214.53937
2025-09-26 13:50:00+00:00,13.40193333,23157.63045
2025-09-26 13:55:00+00:00,13.4064,23047.732
2025-09-26 14:00:00+00:00,8.838333333,16252.39063
2025-09-26 14:05:00+00:00,0.03,0
2025-09-26 14:10:00+00:00,0.03,0
2025-09-26 14:15:00+00:00,0.03,0
2025-09-26 14:20:00+00:00,0.03,0
2025-09-26 14:25:00+00:00,0.03,0
2025-09-26 14:30:00+00:00,0.03,0
2025-09-26 14:35:00+00:00,0.03,0
2025-09-26 14:40:00+00:00,0.03,0
2025-09-26 14:45:00+00:00,0.0318,0
2025-09-26 14:50:00+00:00,0.031958333,0
2025-09-26 14:55:00+00:00,0.03,0
2025-09-26 15:00:00+00:00,0.03,0
2025-09-26 15:05:00+00:00,0.03,0
2025-09-26 15:10:00+00:00,0.03,0
2025-09-26 15:15:00+00:00,0.03,0
2025-09-26 15:20:00+00:00,0.03,0
2025-09-26 15:25:00+00:00,0.03,0
2025-09-26 15:30:00+00:00,0.03,0
2025-09-26 15:35:00+00:00,0.03,0
2025-09-26 15:40:00+00:00,0.03,0
2025-09-26 15:45:00+00:00,0.03,0
2025-09-26 15:50:00+00:00,0.03,0
2025-09-26 15:55:00+00:00,0.03,0
2025-09-26 16:00:00+00:00,0.03,0
2025-09-26 16:05:00+00:00,0.03,0
2025-09-26 16:10:00+00:00,0.03,0
2025-09-26 16:15:00+00:00,0.03,0
2025-09-26 16:20:00+00:00,0.03,0
2025-09-26 16:25:00+00:00,0.03,0
2025-09-26 16:30:00+00:00,0.03,0
2025-09-26 16:35:00+00:00,0.03,0
2025-09-26 16:40:00+00:00,0.03,0
2025-09-26 16:45:00+00:00,0.03,0
2025-09-26 16:50:00+00:00,0.03,0
2025-09-26 16:55:00+00:00,0.03,0
2025-09-26 17:00:00+00:00,0.03,0
2025-09-26 17:05:00+00:00,0.03,0
2025-09-26 17:10:00+00:00,0.03,0
2025-09-26 17:15:00+00:00,0.03,0
2025-09-26 17:20:00+00:00,0.03,0
2025-09-26 17:25:00+00:00,0.03,0
2025-09-26 17:30:00+00:00,0.03,0
2025-09-26 17:35:00+00:00,0.03,0
2025-09-26 17:40:00+00:00,0.03,0
2025-09-26 17:45:00+00:00,0.03,0
2025-09-26 17:50:00+00:00,0.03,0
2025-09-26 17:55:00+00:00,0.03,0
2025-09-26 18:00:00+00:00,0.03,0
2025-09-26 18:05:00+00:00,0.03,0
2025-09-26 18:10:00+00:00,0.03,0
2025-09-26 18:15:00+00:00,0.03,0
2025-09-26 18:20:00+00:00,0.03,0
2025-09-26 18:25:00+00:00,0.03,0
2025-09-26 18:30:00+00:00,0.03,0
2025-09-26 18:35:00+00:00,0.03,0
2025-09-26 18:40:00+00:00,0.03,0
2025-09-26 18:45:00+00:00,0.03,0
2025-09-26 18:50:00+00:00,0.03,0
2025-09-26 18:55:00+00:00,0.03,0
2025-09-26 19:00:00+00:00,0.03,0
2025-09-26 19:05:00+00:00,0.03,0
2025-09-26 19:10:00+00:00,0.03,0
2025-09-26 19:15:00+00:00,0.03,0
2025-09-26 19:20:00+00:00,0.03,0
2025-09-26 19:25:00+00:00,0.03,0
2025-09-26 19:30:00+00:00,0.03,0
2025-09-26 19:35:00+00:00,0.03,0
2025-09-26 19:40:00+00:00,0.03,0
2025-09-26 19:45:00+00:00,0.03,0
2025-09-26 19:50:00+00:00,0.03,0
2025-09-26 19:55:00+00:00,0.03,0
2025-09-26 20:00:00+00:00,0.03,0
2025-09-26 20:05:00+00:00,0.03,0
2025-09-26 20:10:00+00:00,0.03,0
2025-09-26 20:15:00+00:00,0.03,0
2025-09-26 20:20:00+00:00,0.032282609,0
2025-09-26 20:25:00+00:00,0.03,0
2025-09-26 20:30:00+00:00,0.03,0
2025-09-26 20:35:00+00:00,0.03,0
2025-09-26 20:40:00+00:00,0.03,0
2025-09-26 20:45:00+00:00,0.03,0
2025-09-26 20:50:00+00:00,0.03,0
2025-09-26 20:55:00+00:00,0.03,0
2025-09-26 21:00:00+00:00,0.03,0
2025-09-26 21:05:00+00:00,0.03,0
2025-09-26 21:10:00+00:00,0.03,0
2025-09-26 21:15:00+00:00,0.03,0
2025-09-26 21:20:00+00:00,0.03,0
2025-09-26 21:25:00+00:00,0.03,0
2025-09-26 21:30:00+00:00,0.03,0
2025-09-26 21:35:00+00:00,0.03,0
2025-09-26 21:40:00+00:00,0.03,0
2025-09-26 21:45:00+00:00,0.03,0
2025-09-26 21:50:00+00:00,0.03,0
2025-09-26 21:55:00+00:00,0.03,0
2025-09-26 22:00:00+00:00,0.03,0
2025-09-26 22:05:00+00:00,0.046,0
2025-09-26 22:10:00+00:00,0.11,0
2025-09-26 22:15:00+00:00,0.11,0
2025-09-26 22:20:00+00:00,0.11,0
2025-09-26 22:25:00+00:00,0.11,0
2025-09-26 22:30:00+00:00,0.035828571,0
2025-09-26 22:35:00+00:00,0.104666667,0
2025-09-26 22:40:00+00:00,0.11,0
2025-09-26 22:45:00+00:00,0.031454546,0
2025-09-26 22:50:00+00:00,0.1004,0
2025-09-26 22:55:00+00:00,0.11,0
2025-09-26 23:00:00+00:00,0.11,0
2025-09-26 23:05:00+00:00,0.11,0
2025-09-26 23:10:00+00:00,0.11,0
2025-09-26 23:15:00+00:00,0.11,0
2025-09-26 23:20:00+00:00,0.11,0
2025-09-26 23:25:00+00:00,0.11,0
2025-09-26 23:30:00+00:00,0.11,0
2025-09-26 23:35:00+00:00,0.11,0
2025-09-26 23:40:00+00:00,0.11,0
2025-09-26 23:45:00+00:00,0.11,0
2025-09-26 23:50:00+00:00,0.11,0
2025-09-26 23:55:00+00:00,0.11,0
2025-09-27 00:00:00+00:00,0.11,0
2025-09-27 00:05:00+00:00,0.11,0
2025-09-27 00:10:00+00:00,0.11,0
2025-09-27 00:15:00+00:00,0.11,0
2025-09-27 00:20:00+00:00,0.11,0
2025-09-27 00:25:00+00:00,0.11,0
2025-09-27 00:30:00+00:00,0.11,0
2025-09-27 00:35:00+00:00,0.11,0
2025-09-27 00:40:00+00:00,0.11,0
2025-09-27 00:45:00+00:00,0.11,0
2025-09-27 00:50:00+00:00,0.11,0
2025-09-27 00:55:00+00:00,0.11,0
2025-09-27 01:00:00+00:00,0.11,0
2025-09-27 01:05:00+00:00,0.11,0
2025-09-27 01:10:00+00:00,0.11,0
2025-09-27 01:15:00+00:00,0.11,0
2025-09-27 01:20:00+00:00,0.11,0
2025-09-27 01:25:00+00:00,0.11,0
2025-09-27 01:30:00+00:00,0.11,0
2025-09-27 01:35:00+00:00,0.11,0
2025-09-27 01:40:00+00:00,0.11,0
2025-09-27 01:45:00+00:00,0.11,0
2025-09-27 01:50:00+00:00,0.11,0
2025-09-27 01:55:00+00:00,0.11,0
2025-09-27 02:00:00+00:00,0.11,0
2025-09-27 02:05:00+00:00,0.11,0
2025-09-27 02:10:00+00:00,0.11,0
2025-09-27 02:15:00+00:00,0.11,0
2025-09-27 02:20:00+00:00,0.11,0
2025-09-27 02:25:00+00:00,0.11,0
2025-09-27 02:30:00+00:00,0.11,0
2025-09-27 02:35:00+00:00,0.11,0
2025-09-27 02:40:00+00:00,0.11,0
2025-09-27 02:45:00+00:00,0.11,0
2025-09-27 02:50:00+00:00,0.11,0
2025-09-27 02:55:00+00:00,0.110625,0
2025-09-27 03:00:00+00:00,0.11,0
2025-09-27 03:05:00+00:00,0.11,0
2025-09-27 03:10:00+00:00,0.11,0
2025-09-27 03:15:00+00:00,0.11,0
2025-09-27 03:20:00+00:00,0.11,0
2025-09-27 03:25:00+00:00,0.11,0
2025-09-27 03:30:00+00:00,0.11,0
2025-09-27 03:35:00+00:00,0.11,0
2025-09-27 03:40:00+00:00,0.11,0
2025-09-27 03:45:00+00:00,0.11,0
2025-09-27 03:50:00+00:00,0.11,0
2025-09-27 03:55:00+00:00,0.11,0
2025-09-27 04:00:00+00:00,0.11,0
2025-09-27 04:05:00+00:00,0.11,0
2025-09-27 04:10:00+00:00,0.11,0
2025-09-27 04:15:00+00:00,0.11,0
2025-09-27 04:20:00+00:00,0.11,0
2025-09-27 04:25:00+00:00,0.11,0
2025-09-27 04:30:00+00:00,0.11,0
2025-09-27 04:35:00+00:00,0.11,0
2025-09-27 04:40:00+00:00,0.11,0
2025-09-27 04:45:00+00:00,0.11,0
2025-09-27 04:50:00+00:00,0.11,0
2025-09-27 04:55:00+00:00,0.11,0
2025-09-27 05:00:00+00:00,0.11,0
2025-09-27 05:05:00+00:00,0.11,0
2025-09-27 05:10:00+00:00,0.11,0
2025-09-27 05:15:00+00:00,0.11,0
2025-09-27 05:20:00+00:00,0.11,0
2025-09-27 05:25:00+00:00,0.11,0
2025-09-27 05:30:00+00:00,0.11,0
2025-09-27 05:35:00+00:00,0.11,0
2025-09-27 05:40:00+00:00,0.11,0
2025-09-27 05:45:00+00:00,0.11,0
2025-09-27 05:50:00+00:00,0.11,0
2025-09-27 05:55:00+00:00,0.11,0
2025-09-27 06:00:00+00:00,0.11,0
2025-09-27 06:05:00+00:00,0.11,0
2025-09-27 06:10:00+00:00,0.11,0
2025-09-27 06:15:00+00:00,0.11,0
2025-09-27 06:20:00+00:00,0.11,0
2025-09-27 06:25:00+00:00,0.032666667,0
2025-09-27 06:30:00+00:00,0.03,0
2025-09-27 06:35:00+00:00,0.03,0
2025-09-27 06:40:00+00:00,0.03,0
2025-09-27 06:45:00+00:00,0.03,0
2025-09-27 06:50:00+00:00,0.03140625,0
2025-09-27 06:55:00+00:00,0.03,0
2025-09-27 07:00:00+00:00,0.03,0
2025-09-27 07:05:00+00:00,0.03,0
2025-09-27 07:10:00+00:00,0.03,0
2025-09-27 07:15:00+00:00,0.03,0
2025-09-27 07:20:00+00:00,0.03,0
2025-09-27 07:25:00+00:00,0.03,0
2025-09-27 07:30:00+00:00,0.03,0
2025-09-27 07:35:00+00:00,0.03,0
2025-09-27 07:40:00+00:00,0.03,0
2025-09-27 07:45:00+00:00,0.03,0
2025-09-27 07:50:00+00:00,0.03,0
2025-09-27 07:55:00+00:00,0.03,0
2025-09-27 08:00:00+00:00,0.03,0
2025-09-27 08:05:00+00:00,0.03,0
2025-09-27 08:10:00+00:00,0.03,0
2025-09-27 08:15:00+00:00,0.03,0
2025-09-27 08:20:00+00:00,0.03,0
2025-09-27 08:25:00+00:00,0.03,0
2025-09-27 08:30:00+00:00,0.03,0
2025-09-27 08:35:00+00:00,0.03,0
2025-09-27 08:40:00+00:00,0.03,0
2025-09-27 08:45:00+00:00,0.03,0
2025-09-27 08:50:00+00:00,0.03,0
2025-09-27 08:55:00+00:00,0.03,0
2025-09-27 09:00:00+00:00,0.03,0
2025-09-27 09:05:00+00:00,0.03,0
2025-09-27 09:10:00+00:00,0.03,0
2025-09-27 09:15:00+00:00,0.03,0
2025-09-27 09:20:00+00:00,0.03,0
2025-09-27 09:25:00+00:00,0.03,0
2025-09-27 09:30:00+00:00,0.03,0
2025-09-27 09:35:00+00:00,0.03,0
2025-09-27 09:40:00+00:00,0.03,0
2025-09-27 09:45:00+00:00,0.03,0
2025-09-27 09:50:00+00:00,0.03,0
2025-09-27 09:55:00+00:00,0.03,0
2025-09-27 10:00:00+00:00,0.03,0
2025-09-27 10:05:00+00:00,0.03,0
2025-09-27 10:10:00+00:00,0.03,0
2025-09-27 10:15:00+00:00,0.03,0
2025-09-27 10:20:00+00:00,0.03,0
2025-09-27 10:25:00+00:00,0.03,0
2025-09-27 10:30:00+00:00,0.03,0
2025-09-27 10:35:00+00:00,0.03,0
2025-09-27 10:40:00+00:00,0.03,0
2025-09-27 10:45:00+00:00,0.03,0
2025-09-27 10:50:00+00:00,0.03,0
2025-09-27 10:55:00+00:00,0.03,0
2025-09-27 11:00:00+00:00,0.03,0
2025-09-27 11:05:00+00:00,0.03,0
2025-09-27 11:10:00+00:00,0.03,0
2025-09-27 11:15:00+00:00,0.03,0
2025-09-27 11:20:00+00:00,0.03,0
2025-09-27 11:25:00+00:00,0.03,0
2025-09-27 11:30:00+00:00,0.03,0
2025-09-27 11:35:00+00:00,0.03,0
2025-09-27 11:40:00+00:00,0.03,0
2025-09-27 11:45:00+00:00,0.03,0
2025-09-27 11:50:00+00:00,0.03,0
2025-09-27 11:55:00+00:00,0.03,0
2025-09-27 12:00:00+00:00,0.03,0
2025-09-27 12:05:00+00:00,0.03,0
2025-09-27 12:10:00+00:00,0.03,0
2025-09-27 12:15:00+00:00,0.03,0
2025-09-27 12:20:00+00:00,0.03,0
2025-09-27 12:25:00+00:00,0.03,0
2025-09-27 12:30:00+00:00,0.03,0
2025-09-27 12:35:00+00:00,0.03,0
2025-09-27 12:40:00+00:00,0.03,0
2025-09-27 12:45:00+00:00,0.03,0
2025-09-27 12:50:00+00:00,0.03,0
2025-09-27 12:55:00+00:00,0.03,0
2025-09-27 13:00:00+00:00,0.03,0
2025-09-27 13:05:00+00:00,0.03,0
2025-09-27 13:10:00+00:00,0.03,0
2025-09-27 13:15:00+00:00,0.03,0
2025-09-27 13:20:00+00:00,0.03,0
2025-09-27 13:25:00+00:00,0.03,0
2025-09-27 13:30:00+00:00,0.03,0
2025-09-27 13:35:00+00:00,0.03,0
2025-09-27 13:40:00+00:00,0.03,0
2025-09-27 13:45:00+00:00,0.03,0
2025-09-27 13:50:00+00:00,0.03,0
2025-09-27 13:55:00+00:00,0.03,0
2025-09-27 14:00:00+00:00,0.03,0
2025-09-27 14:05:00+00:00,0.03,0
2025-09-27 14:10:00+00:00,0.03,0
2025-09-27 14:15:00+00:00,0.03,0
2025-09-27 14:20:00+00:00,0.03,0
2025-09-27 14:25:00+00:00,0.03,0
2025-09-27 14:30:00+00:00,0.03,0
2025-09-27 14:35:00+00:00,0.03,0
2025-09-27 14:40:00+00:00,0.03,0
2025-09-27 14:45:00+00:00,0.03,0
2025-09-27 14:50:00+00:00,0.03,0
2025-09-27 14:55:00+00:00,0.03,0
2025-09-27 15:00:00+00:00,0.03,0
2025-09-27 15:05:00+00:00,0.03,0
2025-09-27 15:10:00+00:00,0.03,0
2025-09-27 15:15:00+00:00,0.03,0
2025-09-27 15:20:00+00:00,0.03,0
2025-09-27 15:25:00+00:00,0.03,0
2025-09-27 15:30:00+00:00,0.03,0
2025-09-27 15:35:00+00:00,0.03,0
2025-09-27 15:40:00+00:00,0.03,0
2025-09-27 15:45:00+00:00,0.03,0
2025-09-27 15:50:00+00:00,0.03,0
2025-09-27 15:55:00+00:00,0.03,0
2025-09-27 16:00:00+00:00,0.03,0
2025-09-27 16:05:00+00:00,0.03,0
2025-09-27 16:10:00+00:00,0.03,0
2025-09-27 16:15:00+00:00,0.03,0
2025-09-27 16:20:00+00:00,0.03,0
2025-09-27 16:25:00+00:00,0.03,0
2025-09-27 16:30:00+00:00,0.03,0
2025-09-27 16:35:00+00:00,0.03,0
2025-09-27 16:40:00+00:00,0.03,0
2025-09-27 16:45:00+00:00,0.03,0
2025-09-27 16:50:00+00:00,0.03,0
2025-09-27 16:55:00+00:00,0.03,0
2025-09-27 17:00:00+00:00,0.03,0
2025-09-27 17:05:00+00:00,0.03,0
2025-09-27 17:10:00+00:00,0.03,0
2025-09-27 17:15:00+00:00,0.03,0
2025-09-27 17:20:00+00:00,0.03,0
2025-09-27 17:25:00+00:00,0.03,0
2025-09-27 17:30:00+00:00,0.03,0
2025-09-27 17:35:00+00:00,0.03,0
2025-09-27 17:40:00+00:00,0.03,0
2025-09-27 17:45:00+00:00,0.03,0
2025-09-27 17:50:00+00:00,0.03,0
2025-09-27 17:55:00+00:00,0.03,0
2025-09-27 18:00:00+00:00,0.03,0
2025-09-27 18:05:00+00:00,0.03,0
2025-09-27 18:10:00+00:00,0.03,0
2025-09-27 18:15:00+00:00,0.03,0
2025-09-27 18:20:00+00:00,0.03,0
2025-09-27 18:25:00+00:00,0.03,0
2025-09-27 18:30:00+00:00,0.03,0
2025-09-27 18:35:00+00:00,0.03,0
2025-09-27 18:40:00+00:00,0.03,0
2025-09-27 18:45:00+00:00,0.03,0
2025-09-27 18:50:00+00:00,0.03,0
2025-09-27 18:55:00+00:00,0.03,0
2025-09-27 19:00:00+00:00,0.03,0
2025-09-27 19:05:00+00:00,0.03,0
2025-09-27 19:10:00+00:00,0.03,0
2025-09-27 19:15:00+00:00,0.03,0
2025-09-27 19:20:00+00:00,0.03,0
2025-09-27 19:25:00+00:00,0.03,0
2025-09-27 19:30:00+00:00,0.03,0
2025-09-27 19:35:00+00:00,0.03,0
2025-09-27 19:40:00+00:00,0.03,0
2025-09-27 19:45:00+00:00,0.03,0
2025-09-27 19:50:00+00:00,0.03,0
2025-09-27 19:55:00+00:00,0.03,0
2025-09-27 20:00:00+00:00,0.03,0
2025-09-27 20:05:00+00:00,0.032814394,0
2025-09-27 20:10:00+00:00,0.03,0
2025-09-27 20:15:00+00:00,0.03,0
2025-09-27 20:20:00+00:00,0.03,0
2025-09-27 20:25:00+00:00,0.03,0
2025-09-27 20:30:00+00:00,0.03,0
2025-09-27 20:35:00+00:00,0.03,0
2025-09-27 20:40:00+00:00,0.040181818,0
2025-09-27 20:45:00+00:00,0.082153846,0
2025-09-27 20:50:00+00:00,0.11,0
2025-09-27 20:55:00+00:00,0.11,0
2025-09-27 21:00:00+00:00,0.11,0
2025-09-27 21:05:00+00:00,0.11,0
2025-09-27 21:10:00+00:00,0.11,0
2025-09-27 21:15:00+00:00,0.11,0
2025-09-27 21:20:00+00:00,0.11,0
2025-09-27 21:25:00+00:00,0.11,0
2025-09-27 21:30:00+00:00,0.11,0
2025-09-27 21:35:00+00:00,0.11,0
2025-09-27 21:40:00+00:00,0.11,0
2025-09-27 21:45:00+00:00,0.11,0
2025-09-27 21:50:00+00:00,0.11,0
2025-09-27 21:55:00+00:00,0.11,0
2025-09-27 22:00:00+00:00,0.11,0
2025-09-27 22:05:00+00:00,0.11,0
2025-09-27 22:10:00+00:00,0.11,0
2025-09-27 22:15:00+00:00,0.11,0
2025-09-27 22:20:00+00:00,0.11,0
2025-09-27 22:25:00+00:00,0.11,0
2025-09-27 22:30:00+00:00,0.11,0
2025-09-27 22:35:00+00:00,0.11,0
2025-09-27 22:40:00+00:00,0.11,0
2025-09-27 22:45:00+00:00,0.11,0
2025-09-27 22:50:00+00:00,0.11,0
2025-09-27 22:55:00+00:00,0.11,0
2025-09-27 23:00:00+00:00,0.11,0
2025-09-27 23:05:00+00:00,0.11,0
2025-09-27 23:10:00+00:00,0.11,0
2025-09-27 23:15:00+00:00,0.11,0
2025-09-27 23:20:00+00:00,0.11,0
2025-09-27 23:25:00+00:00,0.11,0
2025-09-27 23:30:00+00:00,0.11,0
2025-09-27 23:35:00+00:00,0.11,0
2025-09-27 23:40:00+00:00,0.11,0
2025-09-27 23:45:00+00:00,0.11,0
2025-09-27 23:50:00+00:00,0.11,0
2025-09-27 23:55:00+00:00,0.11,0
2025-09-28 00:00:00+00:00,0.11,0
2025-09-28 00:05:00+00:00,0.11,0
2025-09-28 00:10:00+00:00,0.11,0
2025-09-28 00:15:00+00:00,0.11,0
2025-09-28 00:20:00+00:00,0.11,0
2025-09-28 00:25:00+00:00,0.11,0
2025-09-28 00:30:00+00:00,0.11,0
2025-09-28 00:35:00+00:00,0.11,0
2025-09-28 00:40:00+00:00,0.11,0
2025-09-28 00:45:00+00:00,0.11,0
2025-09-28 00:50:00+00:00,0.11,0
2025-09-28 00:55:00+00:00,0.11,0
2025-09-28 01:00:00+00:00,0.11,0
2025-09-28 01:05:00+00:00,0.11,0
2025-09-28 01:10:00+00:00,0.11,0
2025-09-28 01:15:00+00:00,0.11,0
2025-09-28 01:20:00+00:00,0.11,0
2025-09-28 01:25:00+00:00,0.11,0
2025-09-28 01:30:00+00:00,0.11,0
2025-09-28 01:35:00+00:00,0.11,0
2025-09-28 01:40:00+00:00,0.11,0
2025-09-28 01:45:00+00:00,0.11,0
2025-09-28 01:50:00+00:00,0.11,0
2025-09-28 01:55:00+00:00,0.11,0
2025-09-28 02:00:00+00:00,0.11,0
2025-09-28 02:05:00+00:00,0.11,0
2025-09-28 02:10:00+00:00,0.11,0
2025-09-28 02:15:00+00:00,0.11,0
2025-09-28 02:20:00+00:00,0.11,0
2025-09-28 02:25:00+00:00,0.11,0
2025-09-28 02:30:00+00:00,0.11,0
2025-09-28 02:35:00+00:00,0.11,0
2025-09-28 02:40:00+00:00,0.11,0
2025-09-28 02:45:00+00:00,0.11,0
2025-09-28 02:50:00+00:00,0.11,0
2025-09-28 02:55:00+00:00,0.11,0
2025-09-28 03:00:00+00:00,0.11,0
2025-09-28 03:05:00+00:00,0.11,0
2025-09-28 03:10:00+00:00,0.11,0
2025-09-28 03:15:00+00:00,0.11,0
2025-09-28 03:20:00+00:00,0.11,0
2025-09-28 03:25:00+00:00,0.11,0
2025-09-28 03:30:00+00:00,0.11,0
2025-09-28 03:35:00+00:00,0.11,0
2025-09-28 03:40:00+00:00,0.11,0
2025-09-28 03:45:00+00:00,0.11,0
2025-09-28 03:50:00+00:00,0.11,0
2025-09-28 03:55:00+00:00,0.11,0
2025-09-28 04:00:00+00:00,0.11,0
2025-09-28 04:05:00+00:00,0.11,0
2025-09-28 04:10:00+00:00,0.11,0
2025-09-28 04:15:00+00:00,0.11,0
2025-09-28 04:20:00+00:00,0.11,0
2025-09-28 04:25:00+00:00,0.11,0
2025-09-28 04:30:00+00:00,0.11,0
2025-09-28 04:35:00+00:00,0.11,0
2025-09-28 04:40:00+00:00,0.11,0
2025-09-28 04:45:00+00:00,0.11,0
2025-09-28 04:50:00+00:00,0.11,0
2025-09-28 04:55:00+00:00,0.11,0
2025-09-28 05:00:00+00:00,0.11,0
2025-09-28 05:05:00+00:00,0.11,0
2025-09-28 05:10:00+00:00,0.11,0
2025-09-28 05:15:00+00:00,0.11,0
2025-09-28 05:20:00+00:00,0.11,0
2025-09-28 05:25:00+00:00,0.11,0
2025-09-28 05:30:00+00:00,0.11,0
2025-09-28 05:35:00+00:00,0.11,0
2025-09-28 05:40:00+00:00,0.11,0
2025-09-28 05:45:00+00:00,0.11,0
2025-09-28 05:50:00+00:00,0.11,0
2025-09-28 05:55:00+00:00,0.11,0
2025-09-28 06:00:00+00:00,0.11,0
2025-09-28 06:05:00+00:00,0.11,0
2025-09-28 06:10:00+00:00,0.11,0
2025-09-28 06:15:00+00:00,0.11,0
2025-09-28 06:20:00+00:00,0.11,0
2025-09-28 06:25:00+00:00,0.11,0
2025-09-28 06:30:00+00:00,0.11,0
2025-09-28 06:35:00+00:00,0.068966507,0
2025-09-28 06:40:00+00:00,0.03,0
2025-09-28 06:45:00+00:00,0.03,0
2025-09-28 06:50:00+00:00,0.03,0
2025-09-28 06:55:00+00:00,0.03,0
2025-09-28 07:00:00+00:00,0.03,0
2025-09-28 07:05:00+00:00,0.03,0
2025-09-28 07:10:00+00:00,0.03,0
2025-09-28 07:15:00+00:00,0.03,0
2025-09-28 07:20:00+00:00,0.03,0
2025-09-28 07:25:00+00:00,0.03,0
2025-09-28 07:30:00+00:00,0.03,0
2025-09-28 07:35:00+00:00,0.03,0
2025-09-28 07:40:00+00:00,0.03,0
2025-09-28 07:45:00+00:00,0.03,0
2025-09-28 07:50:00+00:00,0.03,0
2025-09-28 07:55:00+00:00,0.03,0
2025-09-28 08:00:00+00:00,0.03,0
2025-09-28 08:05:00+00:00,0.03,0
2025-09-28 08:10:00+00:00,0.03,0
2025-09-28 08:15:00+00:00,0.03,0
2025-09-28 08:20:00+00:00,0.03,0
2025-09-28 08:25:00+00:00,0.03,0
2025-09-28 08:30:00+00:00,0.03,0
2025-09-28 08:35:00+00:00,0.03,0
2025-09-28 08:40:00+00:00,0.03,0
2025-09-28 08:45:00+00:00,0.03,0
2025-09-28 08:50:00+00:00,0.03,0
2025-09-28 08:55:00+00:00,0.03,0
2025-09-28 09:00:00+00:00,0.03,0
2025-09-28 09:05:00+00:00,0.03,0
2025-09-28 09:10:00+00:00,0.03,0
2025-09-28 09:15:00+00:00,0.03,0
2025-09-28 09:20:00+00:00,0.03,0
2025-09-28 09:25:00+00:00,0.03,0
2025-09-28 09:30:00+00:00,0.03,0
2025-09-28 09:35:00+00:00,0.03,0
2025-09-28 09:40:00+00:00,0.03,0
2025-09-28 09:45:00+00:00,0.03,0
2025-09-28 09:50:00+00:00,0.03,0
2025-09-28 09:55:00+00:00,0.03,0
2025-09-28 10:00:00+00:00,0.03,0
2025-09-28 10:05:00+00:00,0.03,0
2025-09-28 10:10:00+00:00,0.03,0
2025-09-28 10:15:00+00:00,0.03,0
2025-09-28 10:20:00+00:00,0.03,0
2025-09-28 10:25:00+00:00,0.03,0
2025-09-28 10:30:00+00:00,0.03,0
2025-09-28 10:35:00+00:00,0.03,0
2025-09-28 10:40:00+00:00,0.03,0
2025-09-28 10:45:00+00:00,0.03,0
2025-09-28 10:50:00+00:00,0.03,0
2025-09-28 10:55:00+00:00,0.03,0
2025-09-28 11:00:00+00:00,0.102,0
2025-09-28 11:05:00+00:00,0.048333333,0
2025-09-28 11:10:00+00:00,0.03,0
2025-09-28 11:15:00+00:00,0.03,0
2025-09-28 11:20:00+00:00,0.03,0
2025-09-28 11:25:00+00:00,0.03,0
2025-09-28 11:30:00+00:00,0.03,0
2025-09-28 11:35:00+00:00,0.03,0
2025-09-28 11:40:00+00:00,0.03,0
2025-09-28 11:45:00+00:00,0.03,0
2025-09-28 11:50:00+00:00,0.03,0
2025-09-28 11:55:00+00:00,0.03,0
2025-09-28 12:00:00+00:00,0.03,0
2025-09-28 12:05:00+00:00,0.030782609,0
2025-09-28 12:10:00+00:00,0.03,0
2025-09-28 12:15:00+00:00,0.03,0
2025-09-28 12:20:00+00:00,0.03,0
2025-09-28 12:25:00+00:00,0.03,0
2025-09-28 12:30:00+00:00,0.03,0
2025-09-28 12:35:00+00:00,0.03,0
2025-09-28 12:40:00+00:00,0.03,0
2025-09-28 12:45:00+00:00,0.03,0
2025-09-28 12:50:00+00:00,0.03,0
2025-09-28 12:55:00+00:00,0.03,0
2025-09-28 13:00:00+00:00,0.03,0
2025-09-28 13:05:00+00:00,0.03,0
2025-09-28 13:10:00+00:00,0.03,0
2025-09-28 13:15:00+00:00,0.03,0
2025-09-28 13:20:00+00:00,0.03,0
2025-09-28 13:25:00+00:00,0.03,0
2025-09-28 13:30:00+00:00,0.03,0
2025-09-28 13:35:00+00:00,0.03,0
2025-09-28 13:40:00+00:00,0.03,0
2025-09-28 13:45:00+00:00,0.03,0
2025-09-28 13:50:00+00:00,0.03,0
2025-09-28 13:55:00+00:00,0.03,0
2025-09-28 14:00:00+00:00,0.03,0
2025-09-28 14:05:00+00:00,0.03,0
2025-09-28 14:10:00+00:00,0.03,0
2025-09-28 14:15:00+00:00,0.03,0
2025-09-28 14:20:00+00:00,0.03,0
2025-09-28 14:25:00+00:00,0.03,0
2025-09-28 14:30:00+00:00,0.03,0
2025-09-28 14:35:00+00:00,0.03,0
2025-09-28 14:40:00+00:00,0.03,0
2025-09-28 14:45:00+00:00,0.03,0
2025-09-28 14:50:00+00:00,0.03005,0
2025-09-28 14:55:00+00:00,0.03,0
2025-09-28 15:00:00+00:00,0.03,0
2025-09-28 15:05:00+00:00,0.03,0
2025-09-28 15:10:00+00:00,0.03,0
2025-09-28 15:15:00+00:00,0.03,0
2025-09-28 15:20:00+00:00,0.03,0
2025-09-28 15:25:00+00:00,0.03,0
2025-09-28 15:30:00+00:00,0.03,0
2025-09-28 15:35:00+00:00,0.03,0
2025-09-28 15:40:00+00:00,0.03,0
2025-09-28 15:45:00+00:00,0.03,0
2025-09-28 15:50:00+00:00,0.03,0
2025-09-28 15:55:00+00:00,0.03,0
2025-09-28 16:00:00+00:00,0.03,0
2025-09-28 16:05:00+00:00,0.03,0
2025-09-28 16:10:00+00:00,0.03,0
2025-09-28 16:15:00+00:00,0.03,0
2025-09-28 16:20:00+00:00,0.03,0
2025-09-28 16:25:00+00:00,0.03,0
2025-09-28 16:30:00+00:00,0.03,0
2025-09-28 16:35:00+00:00,0.03,0
2025-09-28 16:40:00+00:00,0.03,0
2025-09-28 16:45:00+00:00,0.03,0
2025-09-28 16:50:00+00:00,0.03,0
2025-09-28 16:55:00+00:00,0.03,0
2025-09-28 17:00:00+00:00,0.03,0
2025-09-28 17:05:00+00:00,0.03,0
2025-09-28 17:10:00+00:00,0.03,0
2025-09-28 17:15:00+00:00,0.03,0
2025-09-28 17:20:00+00:00,0.03,0
2025-09-28 17:25:00+00:00,0.03,0
2025-09-28 17:30:00+00:00,0.03,0
2025-09-28 17:35:00+00:00,0.03,0
2025-09-28 17:40:00+00:00,0.03,0
2025-09-28 17:45:00+00:00,0.03,0
2025-09-28 17:50:00+00:00,0.03,0
2025-09-28 17:55:00+00:00,0.03,0
2025-09-28 18:00:00+00:00,0.03,0
2025-09-28 18:05:00+00:00,0.03,0
2025-09-28 18:10:00+00:00,0.03,0
2025-09-28 18:15:00+00:00,0.03,0
2025-09-28 18:20:00+00:00,0.03,0
2025-09-28 18:25:00+00:00,0.03,0
2025-09-28 18:30:00+00:00,0.03,0
2025-09-28 18:35:00+00:00,0.03,0
2025-09-28 18:40:00+00:00,0.03,0
2025-09-28 18:45:00+00:00,0.03,0
2025-09-28 18:50:00+00:00,0.03,0
2025-09-28 18:55:00+00:00,0.03,0
2025-09-28 19:00:00+00:00,0.03,0
2025-09-28 19:05:00+00:00,0.03,0
2025-09-28 19:10:00+00:00,0.03,0
2025-09-28 19:15:00+00:00,0.03,0
2025-09-28 19:20:00+00:00,0.03,0
2025-09-28 19:25:00+00:00,0.03,0
2025-09-28 19:30:00+00:00,0.03,0
2025-09-28 19:35:00+00:00,0.03,0
2025-09-28 19:40:00+00:00,0.03,0
2025-09-28 19:45:00+00:00,0.03,0
2025-09-28 19:50:00+00:00,0.03,0
2025-09-28 19:55:00+00:00,0.03,0
2025-09-28 20:00:00+00:00,0.03,0
2025-09-28 20:05:00+00:00,0.03,0
2025-09-28 20:10:00+00:00,0.03,0
2025-09-28 20:15:00+00:00,0.03,0
2025-09-28 20:20:00+00:00,0.03,0
2025-09-28 20:25:00+00:00,0.03,0
2025-09-28 20:30:00+00:00,0.03,0
2025-09-28 20:35:00+00:00,0.03,0
2025-09-28 20:40:00+00:00,0.03,0
2025-09-28 20:45:00+00:00,0.03,0
2025-09-28 20:50:00+00:00,0.03,0
2025-09-28 20:55:00+00:00,0.03,0
2025-09-28 21:00:00+00:00,0.03,0
2025-09-28 21:05:00+00:00,18.73922207,25798.54307
2025-09-28 21:10:00+00:00,29.25899218,39825.93068
2025-09-28 21:15:00+00:00,29.32142829,39903.88662
2025-09-28 21:20:00+00:00,29.40502778,39863.582
2025-09-28 21:25:00+00:00,29.47333333,39916.05425
2025-09-28 21:30:00+00:00,29.49272727,39909.58
2025-09-28 21:35:00+00:00,29.47005556,39942.556
2025-09-28 21:40:00+00:00,29.44288095,39870.244
2025-09-28 21:45:00+00:00,29.457275,39857.88634
2025-09-28 21:50:00+00:00,29.48375824,39874.13415
2025-09-28 21:55:00+00:00,29.49133333,39857.76588
2025-09-28 22:00:00+00:00,29.53114815,39854.65439
2025-09-28 22:05:00+00:00,29.58109036,39889.22714
2025-09-28 22:10:00+00:00,29.56894112,39892.26695
2025-09-28 22:15:00+00:00,29.5705348,39932.17223
2025-09-28 22:20:00+00:00,29.55,39948.85
2025-09-28 22:25:00+00:00,29.56752448,39943.6668
2025-09-28 22:30:00+00:00,29.60843333,39934.266
2025-09-28 22:35:00+00:00,29.6436,39913.5
2025-09-28 22:40:00+00:00,29.65754286,39866.34
2025-09-28 22:45:00+00:00,29.61272,39863.8325
2025-09-28 22:50:00+00:00,29.67454545,39871.26691
2025-09-28 22:55:00+00:00,29.67204936,39893.04939
2025-09-28 23:00:00+00:00,29.62499649,39946.03286
2025-09-28 23:05:00+00:00,29.66123737,39871.47689
2025-09-28 23:10:00+00:00,29.66691667,39888.94361
2025-09-28 23:15:00+00:00,29.5608963,39766.8955
2025-09-28 23:20:00+00:00,29.6160543,39760
2025-09-28 23:25:00+00:00,29.63794701,39832.33198
2025-09-28 23:30:00+00:00,29.6434645,39862.33229
2025-09-28 23:35:00+00:00,29.66220952,39812.06933
2025-09-28 23:40:00+00:00,29.69406699,39854.54
2025-09-28 23:45:00+00:00,29.62841504,39854.54
2025-09-28 23:50:00+00:00,29.61831304,39854.3776
2025-09-28 23:55:00+00:00,29.67188,39894.64
2025-09-29 00:00:00+00:00,29.65418182,39905.65
2025-09-29 00:05:00+00:00,29.66151304,39905.65
2025-09-29 00:10:00+00:00,29.7415,39905.65
2025-09-29 00:15:00+00:00,29.73803004,39904.48886
2025-09-29 00:20:00+00:00,29.66336643,39913.31179
2025-09-29 00:25:00+00:00,29.61772807,39964.54
2025-09-29 00:30:00+00:00,29.628,39961.7176
2025-09-29 00:35:00+00:00,29.616875,39921.39519
2025-09-29 00:40:00+00:00,29.60235714,39912.5175
2025-09-29 00:45:00+00:00,29.61585714,39940.2588
2025-09-29 00:50:00+00:00,29.69226263,39998.81725
2025-09-29 00:55:00+00:00,29.70102894,40069.726
2025-09-29 01:00:00+00:00,29.66381481,40065.53625
2025-09-29 01:05:00+00:00,29.66529004,40073.464
2025-09-29 01:10:00+00:00,29.71948923,40064.856
2025-09-29 01:15:00+00:00,29.76296053,40062.51
2025-09-29 01:20:00+00:00,29.69652319,40061.6498
2025-09-29 01:25:00+00:00,29.63095811,40058.6
2025-09-29 01:30:00+00:00,29.61477059,40060.05257
2025-09-29 01:35:00+00:00,29.70902463,40100.842
2025-09-29 01:40:00+00:00,29.62824615,40070.33
2025-09-29 01:45:00+00:00,29.63987681,40109.45
2025-09-29 01:50:00+00:00,29.686625,40109.45
2025-09-29 01:55:00+00:00,29.68463959,40094.23857
2025-09-29 02:00:00+00:00,29.71311743,40039.06661
2025-09-29 02:05:00+00:00,29.70886709,40046.85
2025-09-29 02:10:00+00:00,29.72271429,40042.94
2025-09-29 02:15:00+00:00,29.76409412,40042.94
2025-09-29 02:20:00+00:00,29.84552778,40042.94
2025-09-29 02:25:00+00:00,29.78963959,40044.504
2025-09-29 02:30:00+00:00,29.66755808,39952.746
2025-09-29 02:35:00+00:00,29.73762567,39878.46686
2025-09-29 02:40:00+00:00,29.73770535,39936.29498
2025-09-29 02:45:00+00:00,29.76368161,39872.50057
2025-09-29 02:50:00+00:00,29.78215323,39917.99086
2025-09-29 02:55:00+00:00,29.76695833,39935.02857
2025-09-29 03:00:00+00:00,11.76399356,24079.55048
2025-09-29 03:05:00+00:00,0.11,0
2025-09-29 03:10:00+00:00,4.462262626,6425.1366
2025-09-29 03:15:00+00:00,6.825636364,12268.52533
2025-09-29 03:20:00+00:00,6.138345455,13137.88339
2025-09-29 03:25:00+00:00,6.18,12964.94
2025-09-29 03:30:00+00:00,6.173422222,13098.668
2025-09-29 03:35:00+00:00,6.151362319,13299.26
2025-09-29 03:40:00+00:00,6.159685185,13293.87029
2025-09-29 03:45:00+00:00,6.094197254,13339.4635
2025-09-29 03:50:00+00:00,5.999025,13451.66
2025-09-29 03:55:00+00:00,6.160970229,13445.0085
2025-09-29 04:00:00+00:00,6.382647727,13437.89684
2025-09-29 04:05:00+00:00,6.536163743,13429.05938
2025-09-29 04:10:00+00:00,6.515444444,13428.33
2025-09-29 04:15:00+00:00,6.484788889,13428.33
2025-09-29 04:20:00+00:00,6.394846591,13428.15031
2025-09-29 04:25:00+00:00,6.7296,13451.678
2025-09-29 04:30:00+00:00,6.45,13579.28
2025-09-29 04:35:00+00:00,6.430502424,13582.4942
2025-09-29 04:40:00+00:00,6.461230769,13567.73
2025-09-29 04:45:00+00:00,6.817527273,13726.492
2025-09-29 04:50:00+00:00,6.482052941,13576.21418
2025-09-29 04:55:00+00:00,6.463861818,13688.53383
2025-09-29 05:00:00+00:00,6.0675,13579.67045
2025-09-29 05:05:00+00:00,6.351201754,13651.74409
2025-09-29 05:10:00+00:00,6.58216,13808.33133
2025-09-29 05:15:00+00:00,6.591901116,13999.838
2025-09-29 05:20:00+00:00,6.688105263,13896.18487
2025-09-29 05:25:00+00:00,6.814748387,13840.034
2025-09-29 05:30:00+00:00,6.9602,13785.752
2025-09-29 05:35:00+00:00,6.948603261,13889.34636
2025-09-29 05:40:00+00:00,6.738086957,13966.36
2025-09-29 05:45:00+00:00,6.571288312,13966.36
2025-09-29 05:50:00+00:00,6.446939394,14056.21231
2025-09-29 05:55:00+00:00,6.44,14133.76
2025-09-29 06:00:00+00:00,6.607865241,14040.052
2025-09-29 06:05:00+00:00,6.641223932,14057.40675
2025-09-29 06:10:00+00:00,6.557416667,14069.6425
2025-09-29 06:15:00+00:00,6.869698997,14015.398
2025-09-29 06:20:00+00:00,6.904484849,14129.52257
2025-09-29 06:25:00+00:00,6.910499325,14182.57
2025-09-29 06:30:00+00:00,6.923333333,14237.49971
2025-09-29 06:35:00+00:00,6.596649573,14197.07467
2025-09-29 06:40:00+00:00,6.503402174,14120.1975
2025-09-29 06:45:00+00:00,7.037333333,14252.944
2025-09-29 06:50:00+00:00,6.998817814,14366.5488
2025-09-29 06:55:00+00:00,7.009538462,14246.5555
2025-09-29 07:00:00+00:00,7.019454546,14482.49467
2025-09-29 07:05:00+00:00,7.2196,14353.0168
2025-09-29 07:10:00+00:00,7.067473684,14516.53125
2025-09-29 07:15:00+00:00,7.175897436,14861.632
2025-09-29 07:20:00+00:00,7.361375,14942.66
2025-09-29 07:25:00+00:00,7.465686869,15053.772
2025-09-29 07:30:00+00:00,7.418589372,14959.082
2025-09-29 07:35:00+00:00,7.756727273,15259.39
2025-09-29 07:40:00+00:00,7.814630769,15621.42417
2025-09-29 07:45:00+00:00,7.758618182,15639.95
2025-09-29 07:50:00+00:00,7.6762,15631.74364
2025-09-29 07:55:00+00:00,7.764106294,15715.84972
2025-09-29 08:00:00+00:00,8.031883885,15743.87
2025-09-29 08:05:00+00:00,7.89356,15892.17837
2025-09-29 08:10:00+00:00,8.00675,16095.978
2025-09-29 08:15:00+00:00,8.291333333,16268.4534
2025-09-29 08:20:00+00:00,8.320815385,16347.24373
2025-09-29 08:25:00+00:00,8.603781566,16603.00696
2025-09-29 08:30:00+00:00,8.775203297,16721.418
2025-09-29 08:35:00+00:00,8.536594165,16747.30915
2025-09-29 08:40:00+00:00,8.817582435,16823.61217
2025-09-29 08:45:00+00:00,8.739611111,17000.25
2025-09-29 08:50:00+00:00,8.998484127,16974.14003
2025-09-29 08:55:00+00:00,8.817751736,17230.58286
2025-09-29 09:00:00+00:00,8.950566667,17556.02514
2025-09-29 09:05:00+00:00,9.141347826,17908.386
2025-09-29 09:10:00+00:00,9.322076923,18138.88178
2025-09-29 09:15:00+00:00,9.6132,18323.422
2025-09-29 09:20:00+00:00,9.744330769,18525.974
2025-09-29 09:25:00+00:00,9.819357143,18485.026
2025-09-29 09:30:00+00:00,9.774166667,18697.72875
2025-09-29 09:35:00+00:00,9.819,18694.54467
2025-09-29 09:40:00+00:00,9.846488613,18749.41087
2025-09-29 09:45:00+00:00,9.961536364,19035.604
2025-09-29 09:50:00+00:00,10.02526316,19007.03
2025-09-29 09:55:00+00:00,10.22237433,19135.95015
2025-09-29 10:00:00+00:00,10.40346667,19214.75091
2025-09-29 10:05:00+00:00,10.58583455,19388.47912
2025-09-29 10:10:00+00:00,10.6541,19690.83267
2025-09-29 10:15:00+00:00,10.6688584,19704.40229
2025-09-29 10:20:00+00:00,10.73180193,19713.76982
2025-09-29 10:25:00+00:00,10.80770046,19815.46533
2025-09-29 10:30:00+00:00,10.87131313,19939.9122
2025-09-29 10:35:00+00:00,10.60803292,19933.165
2025-09-29 10:40:00+00:00,10.83125146,20118.10755
2025-09-29 10:45:00+00:00,10.98187879,20131.85965
2025-09-29 10:50:00+00:00,11.05491429,20198.77567
2025-09-29 10:55:00+00:00,11.09705893,20351.22532
2025-09-29 11:00:00+00:00,11.21840909,20551.07943
2025-09-29 11:05:00+00:00,11.14269261,20601.546
2025-09-29 11:10:00+00:00,11.11237484,20638.48971
2025-09-29 11:15:00+00:00,11.27682517,20736.55019
2025-09-29 11:20:00+00:00,11.403505,20799.97776
2025-09-29 11:25:00+00:00,11.42253333,20923.322
2025-09-29 11:30:00+00:00,11.6408,21080.31811
2025-09-29 11:35:00+00:00,11.66785781,21285.04764
2025-09-29 11:40:00+00:00,11.26575,21242.97857
2025-09-29 11:45:00+00:00,11.38137333,21402.4175
2025-09-29 11:50:00+00:00,11.4618,21393.22973
2025-09-29 11:55:00+00:00,11.66010965,21288.25212
2025-09-29 12:00:00+00:00,11.66749708,21429.77486
2025-09-29 12:05:00+00:00,11.81956539,21440.83967
2025-09-29 12:10:00+00:00,11.78408302,21363.73336
2025-09-29 12:15:00+00:00,11.82783333,21469.32
2025-09-29 12:20:00+00:00,11.87188095,21287.37
2025-09-29 12:25:00+00:00,11.82576323,21250.77997
2025-09-29 12:30:00+00:00,11.21747692,20843.74911
2025-09-29 12:35:00+00:00,11.50987413,20915.312
2025-09-29 12:40:00+00:00,11.73343939,20811.85916
2025-09-29 12:45:00+00:00,11.71776623,20892.91054
2025-09-29 12:50:00+00:00,11.592425,21055.00849
2025-09-29 12:55:00+00:00,11.44927273,21117.4086
2025-09-29 13:00:00+00:00,11.40754343,21040.44057
2025-09-29 13:05:00+00:00,11.69300699,20982.35746
2025-09-29 13:10:00+00:00,11.48792135,20932.29638
2025-09-29 13:15:00+00:00,11.21385385,20846.15943
2025-09-29 13:20:00+00:00,11.35280303,20727.455
2025-09-29 13:25:00+00:00,11.19950357,20674.65598
2025-09-29 13:30:00+00:00,11.17613636,20753.242
2025-09-29 13:35:00+00:00,11.17092308,20542.766
2025-09-29 13:40:00+00:00,11.10040576,20496.44075
2025-09-29 13:45:00+00:00,11.03595902,20533.51286
2025-09-29 13:50:00+00:00,10.93714015,20122.78712
2025-09-29 13:55:00+00:00,10.9276,19918.806
2025-09-29 14:00:00+00:00,8.881985714,16587.62348
2025-09-29 14:05:00+00:00,3.940830769,7612.6635
2025-09-29 14:10:00+00:00,3.886769231,7688.898
2025-09-29 14:15:00+00:00,3.901631579,7363.974
2025-09-29 14:20:00+00:00,3.935749482,7230.75559
2025-09-29 14:25:00+00:00,4.266375,7471.33
2025-09-29 14:30:00+00:00,4.030851904,7476.046
2025-09-29 14:35:00+00:00,4.088402778,7479.4584
2025-09-29 14:40:00+00:00,3.926448485,7476.939222
2025-09-29 14:45:00+00:00,4.0537,7524.934
2025-09-29 14:50:00+00:00,3.966294737,7702.1368
2025-09-29 14:55:00+00:00,3.864220582,7496.044776
2025-09-29 15:00:00+00:00,3.989981345,7568.644103
2025-09-29 15:05:00+00:00,3.899909091,7401.21475
2025-09-29 15:10:00+00:00,3.995,7959.1
2025-09-29 15:15:00+00:00,4.311103847,7637.38
2025-09-29 15:20:00+00:00,4.300909091,7596.21
2025-09-29 15:25:00+00:00,4.122444444,7609.219714
2025-09-29 15:30:00+00:00,4.084722222,7596.21
2025-09-29 15:35:00+00:00,4.019090909,7823.162
2025-09-29 15:40:00+00:00,4.158666667,7659.304034
2025-09-29 15:45:00+00:00,4.22473262,7698.793
2025-09-29 15:50:00+00:00,4.118401914,7836.528182
2025-09-29 15:55:00+00:00,4.039166667,7840
2025-09-29 16:00:00+00:00,4.059145929,7838.389745
2025-09-29 16:05:00+00:00,4.263470737,7821.175831
2025-09-29 16:10:00+00:00,4.120987854,7758.287722
2025-09-29 16:15:00+00:00,3.94768365,7627.45
2025-09-29 16:20:00+00:00,3.920988889,7424.072444
2025-09-29 16:25:00+00:00,3.96820181,7338.74747
2025-09-29 16:30:00+00:00,4.166091374,7553.441921
2025-09-29 16:35:00+00:00,4.079176421,7372.263563
2025-09-29 16:40:00+00:00,3.744928571,7238.116
2025-09-29 16:45:00+00:00,3.925307692,7515.726
2025-09-29 16:50:00+00:00,3.937062271,7223.24
2025-09-29 16:55:00+00:00,3.928166667,6827.494
2025-09-29 17:00:00+00:00,3.923689655,7259.282159
2025-09-29 17:05:00+00:00,3.986557692,7623.741136
2025-09-29 17:10:00+00:00,4.093771429,8095.83
2025-09-29 17:15:00+00:00,4.342555556,8094.934615
2025-09-29 17:20:00+00:00,4.483166667,8076.43
2025-09-29 17:25:00+00:00,3.994609428,8076.43
2025-09-29 17:30:00+00:00,4.004666667,8076.43
2025-09-29 17:35:00+00:00,4.163152941,7786.624667
2025-09-29 17:40:00+00:00,4.201428571,8021.766111
2025-09-29 17:45:00+00:00,4.264742236,8076.43
2025-09-29 17:50:00+00:00,4.204397414,8076.43
2025-09-29 17:55:00+00:00,4.242806061,8076.43
2025-09-29 18:00:00+00:00,3.930527273,8017.98
2025-09-29 18:05:00+00:00,4.157809524,8247.494897
2025-09-29 18:10:00+00:00,4.160253411,8062.166667
2025-09-29 18:15:00+00:00,4.137458442,7959.1
2025-09-29 18:20:00+00:00,4.1676,7778.368
2025-09-29 18:25:00+00:00,4.1425,8101.49775
2025-09-29 18:30:00+00:00,4.196668398,8025.932343
2025-09-29 18:35:00+00:00,4.125890909,7939.37
2025-09-29 18:40:00+00:00,4.167916667,7939.37
2025-09-29 18:45:00+00:00,4.125172727,7939.37
2025-09-29 18:50:00+00:00,4.080937778,7916.625511
2025-09-29 18:55:00+00:00,4.148761905,7919.6
2025-09-29 19:00:00+00:00,3.236678261,6828.455111
2025-09-29 19:05:00+00:00,0.440430122,1029.548
2025-09-29 19:10:00+00:00,0.104514286,0
2025-09-29 19:15:00+00:00,0.11,0
2025-09-29 19:20:00+00:00,0.11,0
2025-09-29 19:25:00+00:00,0.11,0
2025-09-29 19:30:00+00:00,0.11,0
2025-09-29 19:35:00+00:00,0.11,0
2025-09-29 19:40:00+00:00,0.11,0
2025-09-29 19:45:00+00:00,0.11,0
2025-09-29 19:50:00+00:00,0.11,0
2025-09-29 19:55:00+00:00,0.11,0
2025-09-29 20:00:00+00:00,0.11,0
2025-09-29 20:05:00+00:00,0.11,0
2025-09-29 20:10:00+00:00,0.11,0
2025-09-29 20:15:00+00:00,0.11,0
2025-09-29 20:20:00+00:00,0.11,0
2025-09-29 20:25:00+00:00,0.11,0
2025-09-29 20:30:00+00:00,0.11,0
2025-09-29 20:35:00+00:00,0.11,0
2025-09-29 20:40:00+00:00,0.11,0
2025-09-29 20:45:00+00:00,0.11,0
2025-09-29 20:50:00+00:00,0.11,0
2025-09-29 20:55:00+00:00,0.11,0
2025-09-29 21:00:00+00:00,0.11,0
2025-09-29 21:05:00+00:00,0.11,0
2025-09-29 21:10:00+00:00,0.11,0
2025-09-29 21:15:00+00:00,0.11,0
2025-09-29 21:20:00+00:00,0.11,0
2025-09-29 21:25:00+00:00,0.11,0
2025-09-29 21:30:00+00:00,0.11,0
2025-09-29 21:35:00+00:00,0.11,0
2025-09-29 21:40:00+00:00,0.11,0
2025-09-29 21:45:00+00:00,0.11,0
2025-09-29 21:50:00+00:00,0.11,0
2025-09-29 21:55:00+00:00,0.11,0
2025-09-29 22:00:00+00:00,0.11,0
2025-09-29 22:05:00+00:00,0.11,0
2025-09-29 22:10:00+00:00,0.11,0
2025-09-29 22:15:00+00:00,0.11,0
2025-09-29 22:20:00+00:00,0.11,0
2025-09-29 22:25:00+00:00,0.11,0
2025-09-29 22:30:00+00:00,0.11,0
2025-09-29 22:35:00+00:00,0.11,0
2025-09-29 22:40:00+00:00,0.11,0
2025-09-29 22:45:00+00:00,0.11,0
2025-09-29 22:50:00+00:00,0.11,0
2025-09-29 22:55:00+00:00,0.11,0
2025-09-29 23:00:00+00:00,0.11,0
2025-09-29 23:05:00+00:00,0.11,0
2025-09-29 23:10:00+00:00,0.11,0
2025-09-29 23:15:00+00:00,0.11,0
2025-09-29 23:20:00+00:00,0.11,0
2025-09-29 23:25:00+00:00,0.110181818,0
2025-09-29 23:30:00+00:00,0.11,0
2025-09-29 23:35:00+00:00,0.11,0
2025-09-29 23:40:00+00:00,0.11,0
2025-09-29 23:45:00+00:00,0.11,0
2025-09-29 23:50:00+00:00,0.11,0
2025-09-29 23:55:00+00:00,0.11,0
2025-09-30 00:00:00+00:00,0.11,0
2025-09-30 00:05:00+00:00,0.11,0
2025-09-30 00:10:00+00:00,0.11,0
2025-09-30 00:15:00+00:00,0.11,0
2025-09-30 00:20:00+00:00,0.11,0
2025-09-30 00:25:00+00:00,0.11,0
2025-09-30 00:30:00+00:00,0.11,0
2025-09-30 00:35:00+00:00,0.11,0
2025-09-30 00:40:00+00:00,0.11,0
2025-09-30 00:45:00+00:00,0.11,0
2025-09-30 00:50:00+00:00,0.11,0
2025-09-30 00:55:00+00:00,0.11,0
2025-09-30 01:00:00+00:00,0.11,0
2025-09-30 01:05:00+00:00,0.11,0
2025-09-30 01:10:00+00:00,0.11,0
2025-09-30 01:15:00+00:00,0.11,0
2025-09-30 01:20:00+00:00,0.11,0
2025-09-30 01:25:00+00:00,0.11,0
2025-09-30 01:30:00+00:00,0.11,0
2025-09-30 01:35:00+00:00,0.11,0
2025-09-30 01:40:00+00:00,0.11,0
2025-09-30 01:45:00+00:00,0.11,0
2025-09-30 01:50:00+00:00,0.11,0
2025-09-30 01:55:00+00:00,0.11,0
2025-09-30 02:00:00+00:00,0.11,0
2025-09-30 02:05:00+00:00,0.11,0
2025-09-30 02:10:00+00:00,0.112181818,0
2025-09-30 02:15:00+00:00,0.11,0
2025-09-30 02:20:00+00:00,0.11,0
2025-09-30 02:25:00+00:00,0.11,0
2025-09-30 02:30:00+00:00,0.11,0
2025-09-30 02:35:00+00:00,0.11,0
2025-09-30 02:40:00+00:00,0.11,0
2025-09-30 02:45:00+00:00,0.11,0
2025-09-30 02:50:00+00:00,0.11,0
2025-09-30 02:55:00+00:00,0.11,0
2025-09-30 03:00:00+00:00,0.143700535,0
2025-09-30 03:05:00+00:00,2.162394737,4068.517361
2025-09-30 03:10:00+00:00,4.78505042,9614.624
2025-09-30 03:15:00+00:00,4.770722689,9796
2025-09-30 03:20:00+00:00,4.724733333,9796
2025-09-30 03:25:00+00:00,4.712126973,9840.316
2025-09-30 03:30:00+00:00,4.726809091,10017.58
2025-09-30 03:35:00+00:00,4.891361653,9965.308
2025-09-30 03:40:00+00:00,4.863611111,9779.98
2025-09-30 03:45:00+00:00,4.27075,9779.98
2025-09-30 03:50:00+00:00,4.793929825,9779.98
2025-09-30 03:55:00+00:00,4.837176335,9779.98
2025-09-30 04:00:00+00:00,4.759703081,9779.98
2025-09-30 04:05:00+00:00,4.839638889,10346.3782
2025-09-30 04:10:00+00:00,5.163433333,10839.03216
2025-09-30 04:15:00+00:00,5.280208333,11073.28
2025-09-30 04:20:00+00:00,5.416133333,11389.1162
2025-09-30 04:25:00+00:00,5.599363636,11610.1135
2025-09-30 04:30:00+00:00,5.653,11802.354
2025-09-30 04:35:00+00:00,5.674617647,11986.914
2025-09-30 04:40:00+00:00,5.666275862,12139.02545
2025-09-30 04:45:00+00:00,6.032876923,12357.96286
2025-09-30 04:50:00+00:00,5.938863636,12538.30929
2025-09-30 04:55:00+00:00,5.912910256,12571.97
2025-09-30 05:00:00+00:00,6.026203956,12661.238
2025-09-30 05:05:00+00:00,6.105348571,12767.39644
2025-09-30 05:10:00+00:00,6.140378788,12971.67833
2025-09-30 05:15:00+00:00,6.169550281,13049.32
2025-09-30 05:20:00+00:00,6.154985254,13100.72526
2025-09-30 05:25:00+00:00,6.319141842,13221.84081
2025-09-30 05:30:00+00:00,6.216427696,13277.05622
2025-09-30 05:35:00+00:00,6.391253846,13260.39633
2025-09-30 05:40:00+00:00,6.577825641,13372.78714
2025-09-30 05:45:00+00:00,6.228304094,13483.098
2025-09-30 05:50:00+00:00,6.214047619,13475.31175
2025-09-30 05:55:00+00:00,6.355384615,13471.27985
2025-09-30 06:00:00+00:00,6.366142857,13470.292
2025-09-30 06:05:00+00:00,6.248897436,13464.5815
2025-09-30 06:10:00+00:00,6.263333333,13569.45
2025-09-30 06:15:00+00:00,6.29112381,13426.066
2025-09-30 06:20:00+00:00,6.276537191,13461.19873
2025-09-30 06:25:00+00:00,6.337,13705.71
2025-09-30 06:30:00+00:00,6.350405482,13768.89943
2025-09-30 06:35:00+00:00,6.492,14013.19658
2025-09-30 06:40:00+00:00,6.945095238,14310.16
2025-09-30 06:45:00+00:00,6.593666667,14117.45
2025-09-30 06:50:00+00:00,6.701484849,14257.04339
2025-09-30 06:55:00+00:00,6.740647004,14299.56543
2025-09-30 07:00:00+00:00,6.749892241,14370.75057
2025-09-30 07:05:00+00:00,6.734294591,14519.03984
2025-09-30 07:10:00+00:00,6.858422222,14557.28733
2025-09-30 07:15:00+00:00,6.998,14613.604
2025-09-30 07:20:00+00:00,7.23750641,14707.39679
2025-09-30 07:25:00+00:00,7.272717491,14867.05852
2025-09-30 07:30:00+00:00,7.285303644,14954.18817
2025-09-30 07:35:00+00:00,7.2918,15079.912
2025-09-30 07:40:00+00:00,7.319666667,15184.085
2025-09-30 07:45:00+00:00,7.495235556,15237.6
2025-09-30 07:50:00+00:00,7.519742105,15290.24644
2025-09-30 07:55:00+00:00,7.462444444,15400.3041
2025-09-30 08:00:00+00:00,7.511460623,15687.02134
2025-09-30 08:05:00+00:00,7.641087727,15660.34142
2025-09-30 08:10:00+00:00,7.5293,15881.63846
2025-09-30 08:15:00+00:00,7.803366667,15822.51689
2025-09-30 08:20:00+00:00,7.977888889,15958.09467
2025-09-30 08:25:00+00:00,8.121777778,16109.95425
2025-09-30 08:30:00+00:00,8.091552941,16315.82371
2025-09-30 08:35:00+00:00,8.319748804,16684.65834
2025-09-30 08:40:00+00:00,8.591034875,16982.77491
2025-09-30 08:45:00+00:00,8.600884497,17024.26098
2025-09-30 08:50:00+00:00,8.682,17225.92314
2025-09-30 08:55:00+00:00,8.992763636,17428.08422
2025-09-30 09:00:00+00:00,8.941636364,17665.61
2025-09-30 09:05:00+00:00,9.49,17954.97
2025-09-30 09:10:00+00:00,9.2953,17950.4148
2025-09-30 09:15:00+00:00,9.261434211,18196.24375
2025-09-30 09:20:00+00:00,9.410816054,18429.57956
2025-09-30 09:25:00+00:00,9.897592381,18839.25003
2025-09-30 09:30:00+00:00,10.08891242,18993.77429
2025-09-30 09:35:00+00:00,9.733033835,19306.889
2025-09-30 09:40:00+00:00,10.18700962,19668.70963
2025-09-30 09:45:00+00:00,10.4455,19803.76933
2025-09-30 09:50:00+00:00,10.54993345,19930.04262
2025-09-30 09:55:00+00:00,10.47759495,20082.83413
2025-09-30 10:00:00+00:00,10.65033333,20459.65964
2025-09-30 10:05:00+00:00,11.09312121,20723.06733
2025-09-30 10:10:00+00:00,11.02196875,20911.96227
2025-09-30 10:15:00+00:00,10.92828814,20909.42096
2025-09-30 10:20:00+00:00,11.21766667,21272.15575
2025-09-30 10:25:00+00:00,11.62865079,21198.726
2025-09-30 10:30:00+00:00,11.56617112,21175.41017
2025-09-30 10:35:00+00:00,11.59179487,21245.80829
2025-09-30 10:40:00+00:00,11.65729697,21338.5467
2025-09-30 10:45:00+00:00,11.53591346,21487.32719
2025-09-30 10:50:00+00:00,11.61776923,21737.72653
2025-09-30 10:55:00+00:00,11.57917619,21664.05031
2025-09-30 11:00:00+00:00,11.92165775,21755.48183
2025-09-30 11:05:00+00:00,12.01451818,21898.3589
2025-09-30 11:10:00+00:00,12.15800791,21711.96645
2025-09-30 11:15:00+00:00,12.3437,21995.99154
2025-09-30 11:20:00+00:00,12.12697917,22126.19125
2025-09-30 11:25:00+00:00,12.52983333,22157.90381
2025-09-30 11:30:00+00:00,12.56216923,22237.40086
2025-09-30 11:35:00+00:00,12.79361508,22812.00192
2025-09-30 11:40:00+00:00,13.09933333,23029.24533
2025-09-30 11:45:00+00:00,13.41514815,23101.5868
2025-09-30 11:50:00+00:00,13.36920606,23261.37039
2025-09-30 11:55:00+00:00,13.03295455,23449.24719
2025-09-30 12:00:00+00:00,13.68398851,23619.04649
2025-09-30 12:05:00+00:00,13.90050952,23789.106
2025-09-30 12:10:00+00:00,14.40904348,23953.26654
2025-09-30 12:15:00+00:00,13.88125134,23872.07117
2025-09-30 12:20:00+00:00,14.18166667,23912.694
2025-09-30 12:25:00+00:00,13.97949474,23964.95056
2025-09-30 12:30:00+00:00,13.97647727,23952.66
2025-09-30 12:35:00+00:00,14.31066895,24092.11369
2025-09-30 12:40:00+00:00,14.5586881,24324.72181
2025-09-30 12:45:00+00:00,14.41796661,24310.314
2025-09-30 12:50:00+00:00,14.53796989,24243.508
2025-09-30 12:55:00+00:00,14.68378752,24188.92
2025-09-30 13:00:00+00:00,14.43823077,24195.33567
2025-09-30 13:05:00+00:00,14.47022989,24257.66
2025-09-30 13:10:00+00:00,14.59184979,24370.16724
2025-09-30 13:15:00+00:00,14.92205018,24304.77892
2025-09-30 13:20:00+00:00,14.44051659,24279.31908
2025-09-30 13:25:00+00:00,14.542625,24196.14356
2025-09-30 13:30:00+00:00,14.51898496,24223.91857
2025-09-30 13:35:00+00:00,14.49230769,24163.13351
2025-09-30 13:40:00+00:00,14.18397151,24130.35257
2025-09-30 13:45:00+00:00,13.89954545,24023.0192
2025-09-30 13:50:00+00:00,14.24694361,24144.029
2025-09-30 13:55:00+00:00,13.89898065,24100.29073
2025-09-30 14:00:00+00:00,11.27410633,19940.0085
2025-09-30 14:05:00+00:00,4.106254348,7534.03
2025-09-30 14:10:00+00:00,4.02875,7534.03
2025-09-30 14:15:00+00:00,4.070968227,7534.03
2025-09-30 14:20:00+00:00,4.22684132,7534.03
2025-09-30 14:25:00+00:00,4.215447368,7533.509
2025-09-30 14:30:00+00:00,4.157437321,7513.19
2025-09-30 14:35:00+00:00,4.123495727,7513.19
2025-09-30 14:40:00+00:00,4.136515664,7606.134451
2025-09-30 14:45:00+00:00,4.190072727,7699.138533
2025-09-30 14:50:00+00:00,4.147457143,7492.749444
2025-09-30 14:55:00+00:00,3.991151515,7692.378667
2025-09-30 15:00:00+00:00,4.047547619,7779.77
2025-09-30 15:05:00+00:00,4.019416667,7533.018
2025-09-30 15:10:00+00:00,4.185033333,7557.207458
2025-09-30 15:15:00+00:00,4.172296703,7752.703143
2025-09-30 15:20:00+00:00,4.023407843,7739.35
2025-09-30 15:25:00+00:00,4.192717949,7568.7895
2025-09-30 15:30:00+00:00,4.37122807,7415.851333
2025-09-30 15:35:00+00:00,4.285038961,7594.682
2025-09-30 15:40:00+00:00,4.134,7889.128333
2025-09-30 15:45:00+00:00,3.9975,7771.346875
2025-09-30 15:50:00+00:00,4.099784615,7408.1
2025-09-30 15:55:00+00:00,4.146547619,7408.1
2025-09-30 16:00:00+00:00,4.030819876,7408.1
2025-09-30 16:05:00+00:00,3.954354523,7408.1
2025-09-30 16:10:00+00:00,4.027692308,7408.1
2025-09-30 16:15:00+00:00,4.197523511,7408.1
2025-09-30 16:20:00+00:00,3.909,7337.09375
2025-09-30 16:25:00+00:00,3.794228571,7154.169692
2025-09-30 16:30:00+00:00,3.864782609,7386.91
2025-09-30 16:35:00+00:00,3.896210526,7385.695143
2025-09-30 16:40:00+00:00,4.029022999,7374.529176
2025-09-30 16:45:00+00:00,3.916498169,7326.4628
2025-09-30 16:50:00+00:00,3.9,7039.09
2025-09-30 16:55:00+00:00,3.806909091,7637.38
2025-09-30 17:00:00+00:00,4.122401818,7637.38
2025-09-30 17:05:00+00:00,4.047373427,7472.705277
2025-09-30 17:10:00+00:00,4.023892157,7568.653636
2025-09-30 17:15:00+00:00,4.01726,7596.21
2025-09-30 17:20:00+00:00,4.108636364,7596.21
2025-09-30 17:25:00+00:00,4.062428571,7632.883333
2025-09-30 17:30:00+00:00,4.113472222,7364.572
2025-09-30 17:35:00+00:00,4.110057355,7721.255886
2025-09-30 17:40:00+00:00,3.969736364,7721.6328
2025-09-30 17:45:00+00:00,3.963021017,7569.478638
2025-09-30 17:50:00+00:00,3.938350241,7546.389305
2025-09-30 17:55:00+00:00,3.921893939,7748.485
2025-09-30 18:00:00+00:00,3.947479532,7819.97
2025-09-30 18:05:00+00:00,3.928666667,7635.902
2025-09-30 18:10:00+00:00,3.972991453,7513.19
2025-09-30 18:15:00+00:00,4.011280702,7782.0015
2025-09-30 18:20:00+00:00,3.957118172,7953.202
2025-09-30 18:25:00+00:00,3.927247596,7684.865385
2025-09-30 18:30:00+00:00,3.987648429,7471.33
2025-09-30 18:35:00+00:00,3.991242424,7517.189333
2025-09-30 18:40:00+00:00,3.871674706,7614.406458
2025-09-30 18:45:00+00:00,3.859540936,7342.638
2025-09-30 18:50:00+00:00,3.91633969,7183.968
2025-09-30 18:55:00+00:00,4.058975439,7229.493857
2025-09-30 19:00:00+00:00,3.170833333,5794.693333
2025-09-30 19:05:00+00:00,0.175909091,149.0064
2025-09-30 19:10:00+00:00,0.11,0
2025-09-30 19:15:00+00:00,0.11,0
2025-09-30 19:20:00+00:00,0.11,0
2025-09-30 19:25:00+00:00,0.11,0
2025-09-30 19:30:00+00:00,0.11,0
2025-09-30 19:35:00+00:00,0.11,0
2025-09-30 19:40:00+00:00,0.11,0
2025-09-30 19:45:00+00:00,0.11,0
2025-09-30 19:50:00+00:00,0.11,0
2025-09-30 19:55:00+00:00,0.11,0
2025-09-30 20:00:00+00:00,0.11,0
2025-09-30 20:05:00+00:00,0.11,0
2025-09-30 20:10:00+00:00,0.11,0
2025-09-30 20:15:00+00:00,0.11,0
2025-09-30 20:20:00+00:00,0.11,0
2025-09-30 20:25:00+00:00,0.11,0
2025-09-30 20:30:00+00:00,0.11,0
2025-09-30 20:35:00+00:00,0.11,0
2025-09-30 20:40:00+00:00,0.11,0
2025-09-30 20:45:00+00:00,0.11,0
2025-09-30 20:50:00+00:00,0.11,0
2025-09-30 20:55:00+00:00,0.11,0
2025-09-30 21:00:00+00:00,0.11,0
2025-09-30 21:05:00+00:00,0.11,0
2025-09-30 21:10:00+00:00,0.11,0
2025-09-30 21:15:00+00:00,0.11,0
2025-09-30 21:20:00+00:00,0.11,0
2025-09-30 21:25:00+00:00,0.11,0
2025-09-30 21:30:00+00:00,0.11,0
2025-09-30 21:35:00+00:00,0.11,0
2025-09-30 21:40:00+00:00,0.11,0
2025-09-30 21:45:00+00:00,0.11,0
2025-09-30 21:50:00+00:00,0.11,0
2025-09-30 21:55:00+00:00,0.11,0
