,R01_07_CO201,R01_07_FCI01,R01_07_TRU01,HTR9_VES01_AZ01,HTR9_VES01_SI01,HTR9_VES01_SV01,HTR9_VES01_TUD01,HTRK_VEN01_TI01,R01_06_TRU01,R01_08_TRU01
2025-05-01 00:00:00+00:00,422.7701697,0.0,24.3,14.51682292,0.0,-18.80925926,11.14471667,14.86266667,24.4,23.9
2025-05-01 00:15:00+00:00,423.0472667,0.0,24.24959677,18.09544147,0.0,-18.25244093,11.11804496,14.64902304,24.4,23.8233817
2025-05-01 00:30:00+00:00,422.6897321,0.0,24.2,21.94564553,0.0,-17.478125,11.27933036,14.41785714,24.41290509,23.8
2025-05-01 00:45:00+00:00,422.9363566,0.0,24.2,25.67896401,0.0,-16.60058036,11.46003314,14.18888889,24.44084581,23.8
2025-05-01 01:00:00+00:00,423.6687879,0.0,24.2,29.33532738,0.0,-15.62706926,11.45238095,13.95444444,24.3,23.8
2025-05-01 01:15:00+00:00,424.0,0.0,24.12331731,32.54194712,0.0,-14.63098984,11.34624199,13.80867063,24.3,23.79385417
2025-05-01 01:30:00+00:00,423.8757307,0.0,24.1,35.98815359,0.0,-13.4403612,11.20480903,13.67020833,24.30579529,23.70340909
2025-05-01 01:45:00+00:00,423.6651144,0.0,24.1,39.61409395,0.0,-12.09201007,11.27213507,13.5140873,24.23919822,23.7
2025-05-01 02:00:00+00:00,424.0768254,0.0,24.06121497,42.88419625,0.0,-10.68157744,11.04096441,13.35407407,24.2,23.7
2025-05-01 02:15:00+00:00,424.3175666,0.0,24.00125078,46.15172311,0.0,-9.206846105,10.766039,13.21197917,24.2,23.66875
2025-05-01 02:30:00+00:00,423.7731431,0.0,24.0,49.72698909,0.0,-7.484305556,10.98922917,13.13333333,24.2,23.6
2025-05-01 02:45:00+00:00,424.3290879,0.0,24.0,52.8569281,0.0,-5.817083333,11.26891791,13.04375,24.16899038,23.6
2025-05-01 03:00:00+00:00,424.3224664,35.51086957,23.99090909,56.04493651,0.184462626,-4.053333333,11.08552381,13.09444444,24.13147741,23.59809524
2025-05-01 03:15:00+00:00,425.9555352,56.77879655,23.90364583,59.01261259,1.070735454,-2.360869733,11.08472222,17.85486111,24.1,23.5078125
2025-05-01 03:30:00+00:00,430.0227273,56.21248196,23.86369048,62.40694444,4.755249783,-0.330902778,10.90762311,16.99404762,24.03020833,23.5
2025-05-01 03:45:00+00:00,431.6239645,56.38399239,23.8,65.65555556,14.85992839,1.643162393,11.27102564,16.29418803,24.0,23.44615385
2025-05-01 04:00:00+00:00,436.6770037,81.641173,23.79333333,68.61136508,26.18622762,3.557142857,11.59809524,16.80939394,24.0,23.4
2025-05-01 04:15:00+00:00,454.5941558,134.351255,23.70595238,71.55473641,61.56751052,5.470606303,11.64036458,17.36041667,23.9071158,23.4
2025-05-01 04:30:00+00:00,462.8731864,191.9962639,23.6421875,74.58733732,94.60687667,7.600235528,11.63561966,16.9493006,23.87607323,23.3375
2025-05-01 04:45:00+00:00,477.1532786,237.1422397,23.6,77.71979458,112.8007912,9.742775974,11.80289773,16.88616071,23.77229167,23.3
2025-05-01 05:00:00+00:00,462.5984897,265.0411703,23.54119048,80.62803419,144.0841928,11.73034188,12.00825397,17.00766667,23.7,23.2125
2025-05-01 05:15:00+00:00,449.494835,267.6384134,23.50625,83.72513602,167.6826917,13.85008658,11.46183712,17.11458333,23.74589828,23.15
2025-05-01 05:30:00+00:00,456.124527,268.4206793,23.41197917,86.7789736,196.5062678,16.06919795,11.45625,16.80625,23.65625,23.1
2025-05-01 05:45:00+00:00,450.1836958,266.4297172,23.34580699,89.83020563,228.7964191,18.23824743,11.85039778,16.77333333,23.5391226,23.01210938
2025-05-01 06:00:00+00:00,444.5884967,263.8172058,23.30025641,92.9234127,267.2518797,20.36253968,12.48554762,17.00111111,23.6,22.91266667
2025-05-01 06:15:00+00:00,445.0390152,269.2884226,23.23541667,95.99535714,290.9819208,22.44876488,13.0775,17.0375,23.54849498,22.9
2025-05-01 06:30:00+00:00,442.8998983,267.3447108,23.20625,99.25298345,325.2725159,24.67597403,13.90389886,17.18125,23.5,22.85583333
2025-05-01 06:45:00+00:00,435.5050069,266.6111154,23.18248106,102.6575876,359.0894174,26.75486111,14.64395979,17.14270833,23.38349802,22.8
2025-05-01 07:00:00+00:00,431.2006173,265.2691297,23.1,106.0595238,393.8760013,28.88413757,14.85947302,16.925,23.4,22.8
2025-05-01 07:15:00+00:00,429.5114565,268.1468764,23.14383681,109.4658964,419.8029585,30.95000286,15.33325893,17.05,23.4,22.8
2025-05-01 07:30:00+00:00,427.2125,267.9528367,23.0,112.8665932,441.3485095,32.83741139,15.8250132,17.11614899,23.37650847,22.80625
2025-05-01 07:45:00+00:00,427.1905154,268.1978029,23.0,116.7065325,483.1789498,34.91530619,15.91939103,17.2,23.3,22.9
2025-05-01 08:00:00+00:00,427.580303,270.7318008,23.07179487,120.3683854,489.73334,36.78112963,15.98938889,17.16755556,23.3,22.9
2025-05-01 08:15:00+00:00,429.3738193,271.5192983,23.07896741,124.2947371,495.4689322,38.4690817,16.03033752,17.0125,23.3,22.9
2025-05-01 08:30:00+00:00,430.1445799,272.5915599,23.0026815,128.6862582,516.8875244,40.39736111,16.67036616,17.1015625,23.3,22.9
2025-05-01 08:45:00+00:00,425.9643413,267.9491483,22.9,132.9486459,541.814651,42.03695617,16.98036601,17.08125,23.3,22.9
2025-05-01 09:00:00+00:00,423.5334731,255.1841519,22.9,137.4217006,556.413676,43.52030362,17.15183925,17.14666667,23.3,22.9
2025-05-01 09:15:00+00:00,425.0555177,246.1110783,22.9,141.7136386,549.2869328,44.78594733,17.37628534,17.109375,23.3,22.9
2025-05-01 09:30:00+00:00,427.553236,241.1936097,22.9,146.9435003,601.3970031,46.24946049,17.68055556,17.23166667,23.3,22.9
2025-05-01 09:45:00+00:00,424.2203968,237.405526,22.965,151.9296229,620.1612569,47.31916157,18.16557314,17.25186869,23.3,22.98505556
2025-05-01 10:00:00+00:00,421.8245301,231.5458628,22.97528021,156.9383987,630.241337,48.28125,18.36700521,17.31919643,23.3,23.0
2025-05-01 10:15:00+00:00,420.6642628,226.2078828,23.00885417,162.2712753,591.7041186,48.99552557,18.33807664,17.29517857,23.3,23.0
2025-05-01 10:30:00+00:00,419.8342026,222.4943506,23.0,167.9593275,659.7512804,49.65234089,18.8928311,17.305,23.3,23.0
2025-05-01 10:45:00+00:00,418.8830371,222.8194426,23.0,172.7664238,693.3491849,49.94703199,18.97472759,17.334367,23.3,23.06272727
2025-05-01 11:00:00+00:00,417.6328125,227.5184848,23.0,178.6704429,681.4610821,50.15998264,19.58560162,18.2,23.3,23.08125
2025-05-01 11:15:00+00:00,417.2964947,224.5287257,23.0,184.1801733,698.4779052,50.1199586,20.02338954,18.5,23.3,23.1
2025-05-01 11:30:00+00:00,417.4474769,221.0465786,23.0,190.0702932,702.9852354,49.89866071,20.75711806,18.55625,23.3,23.11535791
2025-05-01 11:45:00+00:00,416.5098677,222.1312851,23.0,195.2853084,697.8404542,49.42,21.00077778,17.728,23.3,23.12
2025-05-01 12:00:00+00:00,416.463199,224.81056,23.0,200.8535502,696.6740535,48.69059028,20.53381076,14.976875,23.3,23.1
2025-05-01 12:15:00+00:00,416.9304423,227.1256323,23.0,205.7398669,664.8634989,47.95986111,21.15860317,14.54357143,23.3,23.1
2025-05-01 12:30:00+00:00,416.2951049,223.7918898,23.0,211.1803221,540.9198033,46.83880952,21.03234402,16.64,23.3,23.1
2025-05-01 12:45:00+00:00,416.7131762,224.5068681,23.0,215.9855112,607.1250567,45.67194853,20.84336483,16.9375,23.3,23.16875
2025-05-01 13:00:00+00:00,417.2387716,223.5906734,23.0425,220.6860623,635.1181447,44.32121325,19.82263573,17.0,23.3,23.2
2025-05-01 13:15:00+00:00,417.09073,229.8602505,23.10625,225.1644374,541.9803464,42.85352183,19.80384673,17.68107143,23.29704019,23.27307788
2025-05-01 13:30:00+00:00,417.0878819,244.2731202,23.17179487,229.297316,448.8648173,41.36736508,19.95384393,17.65324844,23.39229551,23.30256209
2025-05-01 13:45:00+00:00,417.7770483,258.3145729,23.23382353,233.7958223,498.4861703,39.5852629,19.45536324,17.5,23.46339286,23.39055944
2025-05-01 14:00:00+00:00,417.6113564,264.3135976,23.35,237.9200976,344.6875957,37.76022727,20.40700758,17.45791667,23.5375,23.4
2025-05-01 14:15:00+00:00,418.3655263,266.9045625,23.63255181,241.6908597,514.6343084,35.92983822,20.42276879,17.34561012,23.66850478,23.55729167
2025-05-01 14:30:00+00:00,418.7388889,267.0366022,23.89197439,245.5657986,503.4760646,33.9440582,21.57996104,17.31766667,23.79714286,23.6362963
2025-05-01 14:45:00+00:00,419.5469742,266.6663999,23.99382321,249.1266853,469.9413972,32.08294643,21.00716315,16.96354167,23.89375,23.78475877
2025-05-01 15:00:00+00:00,418.3169463,72.26184764,24.24651747,252.5450569,444.6293544,30.05886371,21.18816356,14.9590616,23.99572169,23.84895833
2025-05-01 15:15:00+00:00,417.5589402,51.00793651,24.58105159,256.3027049,383.997661,27.78820112,21.22073951,15.10684524,24.34355159,24.10651515
2025-05-01 15:30:00+00:00,419.1608187,51.1748366,24.91860428,259.4255026,344.4160869,25.78354497,21.07947619,17.06222222,24.60868271,24.277595
2025-05-01 15:45:00+00:00,418.1875,51.20663003,25.11384755,262.4838711,339.1195992,23.80093434,20.84743398,17.29546131,24.80135646,24.37410714
2025-05-01 16:00:00+00:00,418.5354242,50.72130542,25.32729167,265.6420155,314.7627187,21.65684727,20.70004972,17.22642857,24.99737908,24.51875
2025-05-01 16:15:00+00:00,418.5870126,50.98562411,25.50717949,268.8710119,278.0533332,19.45269841,20.8324,17.87142857,25.16532346,24.67222222
2025-05-01 16:30:00+00:00,418.6257726,52.12839407,25.63780488,271.7492361,244.2256774,17.45874469,20.40709651,17.62175595,25.31111842,24.85291484
2025-05-01 16:45:00+00:00,419.03375,51.12227368,25.60109749,274.9294118,208.4188577,15.353125,19.89333333,16.575,25.32013158,24.82194602
2025-05-01 17:00:00+00:00,418.3519345,50.96448724,25.5,278.1611615,175.6727724,12.9684503,19.92563101,15.836875,25.3,24.8
2025-05-01 17:15:00+00:00,419.0461905,51.08123067,25.5,281.2901563,144.4895923,10.81222222,20.36997802,16.10666667,25.2544127,24.8
2025-05-01 17:30:00+00:00,419.2414611,51.4805401,25.5,284.1360452,114.2387358,8.81189693,19.20946637,17.40128307,25.20290896,24.8
2025-05-01 17:45:00+00:00,419.1021353,51.20630569,25.5,287.0057292,81.41263176,6.779166667,18.3,16.64285714,25.2,24.8
2025-05-01 18:00:00+00:00,419.3188235,11.67745536,25.5,290.1444054,27.38245042,4.67324026,16.45220779,16.8447619,25.268,24.8
2025-05-01 18:15:00+00:00,418.9114583,0.0,25.5,293.1980456,10.73030407,2.739348846,15.40582747,17.0,25.4,24.8
2025-05-01 18:30:00+00:00,418.2455181,0.0,25.5,296.2850607,5.076169484,0.789087302,14.75846429,17.0,25.32980421,24.8
2025-05-01 18:45:00+00:00,418.2745098,0.0,25.48888889,299.5047321,2.01885012,-1.084196429,14.21280357,17.08732143,25.295,24.8
2025-05-01 19:00:00+00:00,418.1395914,0.0,25.40139037,302.5663219,0.47363595,-2.864084656,13.93567196,17.15714286,25.20139037,24.8
2025-05-01 19:15:00+00:00,416.467638,0.0,25.4,305.7012223,0.032414767,-4.661731151,13.50928125,17.2,25.2,24.73236226
2025-05-01 19:30:00+00:00,416.2724096,0.0,25.34172055,308.7994652,0.0,-6.328047213,13.28366477,17.2,25.2,24.7
2025-05-01 19:45:00+00:00,416.1110918,0.0,25.26987737,312.1058617,0.0,-7.975364598,13.03132937,17.26055556,25.1800361,24.7
2025-05-01 20:00:00+00:00,416.5054825,0.0,25.2,315.5345378,0.0,-9.613392857,12.89732143,17.3,25.1,24.61818182
2025-05-01 20:15:00+00:00,418.7901467,0.0,25.13933081,318.9813462,0.0,-11.02343074,12.85375,17.3,25.1,24.6
2025-05-01 20:30:00+00:00,419.7931974,0.0,25.09375,322.4717188,0.0,-12.503125,12.80142857,17.27375,25.07759615,24.57578125
2025-05-01 20:45:00+00:00,420.1163018,0.0,25.01770635,325.6483681,0.0,-13.637,12.77333333,17.2,25.0,24.5
2025-05-01 21:00:00+00:00,419.1510965,0.0,24.97716667,329.2358467,0.0,-14.77799851,12.66468137,17.0925,25.0165625,24.48125
2025-05-01 21:15:00+00:00,418.3056078,0.0,24.90086619,332.8823656,0.0,-15.87729167,12.45971771,16.975,24.9263931,24.4
2025-05-01 21:30:00+00:00,418.0192814,0.0,24.85212641,336.6978987,0.0,-16.83949157,12.57578125,16.7859375,24.88125,24.4
2025-05-01 21:45:00+00:00,417.2570458,0.0,24.8,340.4647321,0.0,-17.65771429,12.72266667,16.58333333,24.8,24.38666667
2025-05-01 22:00:00+00:00,416.4647476,0.0,24.719375,344.0990686,0.0,-18.25894097,12.85673611,16.42121693,24.8,24.3
2025-05-01 22:15:00+00:00,415.8848732,0.0,24.7,347.7671732,0.0,-18.79902192,12.85145833,16.11005208,24.72256579,24.3
2025-05-01 22:30:00+00:00,415.5828205,0.0,24.65538462,351.5662698,0.0,-19.20095238,12.81977778,15.80666667,24.7,24.23333333
2025-05-01 22:45:00+00:00,415.3985144,0.0,24.6,355.2371148,0.0,-19.48442708,12.70617708,15.56510417,24.7,24.2
2025-05-01 23:00:00+00:00,415.0352381,0.0,24.58723958,249.8029248,0.0,-19.59895833,12.45959147,15.3153125,24.69325,24.2
2025-05-01 23:15:00+00:00,414.5716576,0.0,24.5,2.874264706,0.0,-19.54722222,12.1156942,15.08035714,24.6,24.130625
2025-05-01 23:30:00+00:00,414.2913242,0.0,24.5,6.841493246,0.0,-19.33596825,12.04551111,14.9,24.6,24.1
2025-05-01 23:45:00+00:00,413.5364583,0.0,24.5,10.52656176,0.0,-19.05606218,12.27959575,14.9,24.53125,24.1
2025-05-02 00:00:00+00:00,413.2281328,0.0,24.4639227,14.37497666,0.0,-18.53125,12.4796875,14.9,24.5,24.0
2025-05-02 00:15:00+00:00,412.48,0.0,24.4,18.19740334,0.0,-17.95768519,12.5,14.89222222,24.5,24.0
2025-05-02 00:30:00+00:00,411.883941,0.0,24.4,21.56174561,0.0,-17.30446429,12.5,14.753125,24.5,24.0
2025-05-02 00:45:00+00:00,412.2743056,0.0,24.33541667,25.60197996,0.0,-16.34240083,12.41869589,14.5671875,24.5,23.9046875
2025-05-02 01:00:00+00:00,412.4664693,0.0,24.3,29.14997666,0.0,-15.36386409,12.35818452,14.35714286,24.50387546,23.9
2025-05-02 01:15:00+00:00,412.6799603,0.0,24.3,32.56541546,0.0,-14.31473665,12.53817691,14.21428571,24.4,23.9
2025-05-02 01:30:00+00:00,412.19224,0.0,24.29375,35.83865977,0.0,-13.2085451,12.62994277,14.14910714,24.4,23.9
2025-05-02 01:45:00+00:00,412.0,0.0,24.21236888,39.75071895,0.0,-11.78294643,13.62720644,14.03125,24.41736111,23.84930556
2025-05-02 02:00:00+00:00,412.3075181,0.0,24.2,43.12352431,0.0,-10.27734375,13.59875,14.0,24.3246875,23.8
2025-05-02 02:15:00+00:00,411.7840456,0.0,24.2,46.42256944,0.0,-8.812592593,13.64346667,13.90666667,24.3,23.8
2025-05-02 02:30:00+00:00,412.64536,0.0,24.2,49.45942573,0.0,-7.284791216,13.18197335,13.8375,24.3,23.8
2025-05-02 02:45:00+00:00,412.0706522,0.0,24.14846154,52.81245544,0.0,-5.51958649,13.24971433,13.78645833,24.3,23.8
2025-05-02 03:00:00+00:00,412.4265205,37.3030303,24.09333333,55.92518519,0.170008772,-3.862777778,13.13194444,14.140625,24.24909091,23.75555556
2025-05-02 03:15:00+00:00,414.4277184,58.05101812,24.02065789,59.16241406,1.17657906,-2.001741748,12.94506714,18.23059524,24.2,23.63645833
2025-05-02 03:30:00+00:00,418.3215104,58.16431188,24.0,62.28745739,4.231647068,-0.160989583,12.75824179,16.62843137,24.2,23.6
2025-05-02 03:45:00+00:00,421.7609954,57.84279754,23.98261905,65.36786458,11.11986477,1.715555556,12.54674762,17.30444444,24.11619048,23.6
2025-05-02 04:00:00+00:00,424.9871402,83.48603149,23.90151429,67.91358325,27.11569759,3.401380897,12.61751323,16.29666667,24.1,23.59333333
2025-05-02 04:15:00+00:00,428.9030808,151.3031712,23.88806818,71.39575172,42.94837008,5.689092245,12.83142502,16.61369048,24.08396627,23.5
2025-05-02 04:30:00+00:00,431.6897091,218.9063979,23.79193155,74.49563492,37.90923727,7.803931052,12.90034226,17.02325149,23.97099673,23.49886364
2025-05-02 04:45:00+00:00,433.5947156,266.2718076,23.7054647,77.50008681,42.37215001,9.848240741,12.70866667,17.02333333,23.9,23.41090909
2025-05-02 05:00:00+00:00,435.1461538,266.9269256,23.61302309,80.52712302,105.5544874,11.93153274,12.86913393,16.93111111,23.80833333,23.4
2025-05-02 05:15:00+00:00,433.7471065,264.8658305,23.59184028,83.54005547,156.6537407,14.09983974,13.35973611,17.05104167,23.75912037,23.37981771
2025-05-02 05:30:00+00:00,433.3361729,270.6060661,23.56923077,86.53899196,196.8315906,16.21925054,13.87962847,16.92833333,23.6592967,23.16160756
2025-05-02 05:45:00+00:00,432.5580128,271.5012917,23.5,89.63883333,239.5739242,18.35416667,14.66563889,17.20577778,23.6,23.1
2025-05-02 06:00:00+00:00,431.0881616,269.3314391,23.49375,92.44236228,259.704969,20.33020833,15.58298611,17.11,23.6,23.1
2025-05-02 06:15:00+00:00,427.4239897,270.4945057,23.40580357,95.8931114,216.399225,22.71705048,16.34869792,17.13777778,23.52825423,23.1
2025-05-02 06:30:00+00:00,426.4501672,270.9601003,23.34574713,99.15499256,279.7465199,24.88988095,16.27480952,17.08461538,23.57093333,23.00892857
2025-05-02 06:45:00+00:00,424.8654387,267.6123131,23.3,102.3921078,226.2407642,26.86020833,16.28697917,17.1375,23.44548611,22.96774488
2025-05-02 07:00:00+00:00,422.2909926,267.9787595,23.24793028,105.6958333,279.5041306,28.98541667,16.5804375,17.30625,23.5,22.9
2025-05-02 07:15:00+00:00,419.8779439,268.3978961,23.2,109.1067227,281.8397708,30.96264881,16.94013393,17.20125,23.5,22.9
2025-05-02 07:30:00+00:00,419.0271206,269.9529414,23.19017804,112.9071057,243.4072807,33.07946561,17.27945926,17.24583333,23.41941223,22.82924579
2025-05-02 07:45:00+00:00,418.388244,268.537145,23.1,116.3802009,424.7505864,35.00953087,17.78012277,17.22307692,23.4,22.8
2025-05-02 08:00:00+00:00,419.8214286,265.7233402,23.05926573,120.2745612,247.407772,36.98234127,18.27855903,17.31875,23.37375,22.8
2025-05-02 08:15:00+00:00,420.7397379,271.8865334,23.0,124.1221153,107.5563808,38.71072917,17.17327178,16.33214286,23.28472222,22.8
2025-05-02 08:30:00+00:00,424.7451852,269.3061303,22.956,128.5811086,63.79317308,40.56207407,16.23486667,16.695,23.3,22.8
2025-05-02 08:45:00+00:00,454.2339669,258.9632669,22.90364583,132.5957869,70.42563231,42.13766457,15.02643546,16.659375,23.27482397,22.80729167
2025-05-02 09:00:00+00:00,461.9131164,253.7068215,22.92416667,137.1109093,60.29473291,43.70836386,14.0036859,17.02142857,23.23650568,22.88213213
2025-05-02 09:15:00+00:00,433.4936673,249.5581543,22.9,142.0298958,65.40216929,45.20711111,13.27552222,16.80595238,23.22506514,22.8
2025-05-02 09:30:00+00:00,427.6380682,238.069697,22.9,146.8001217,85.3743714,46.46040102,12.81443376,17.0675,23.19772727,22.8
2025-05-02 09:45:00+00:00,427.483428,227.3599703,22.9,151.9452076,130.1836819,47.62062386,12.51875,17.0,23.19464286,22.8
2025-05-02 10:00:00+00:00,428.0784271,225.8146773,22.97352381,157.0086218,128.0002422,48.51873737,12.6332096,17.11533333,23.2,22.8
2025-05-02 10:15:00+00:00,428.9918155,227.461638,23.06030238,162.1610229,178.8760647,49.275,12.77915551,17.20803571,23.2,22.8
2025-05-02 10:30:00+00:00,428.4134102,227.4223843,23.04954545,167.8277778,242.0563118,49.91989087,13.08326786,17.05625,23.14397727,22.8
2025-05-02 10:45:00+00:00,427.0171915,224.8502698,22.96499518,173.3540945,111.7931057,50.26547619,12.92859896,16.82004464,23.18239408,22.8515625
2025-05-02 11:00:00+00:00,426.0,223.35815,22.99076923,179.0619105,228.0371264,50.44777778,12.88768001,16.8,23.11702381,22.9
2025-05-02 11:15:00+00:00,426.119581,223.5029608,22.99831439,184.3268978,231.4161386,50.38046875,13.36718998,16.91547619,23.08907724,22.9
2025-05-02 11:30:00+00:00,427.3900366,214.0536519,22.9322862,189.97977,425.2658011,50.17003348,13.86461682,17.161875,23.2,22.9
2025-05-02 11:45:00+00:00,424.3326892,209.8000555,23.0,195.6257011,612.3143565,49.72570393,14.67098473,17.22857143,23.24660819,22.90922559
2025-05-02 12:00:00+00:00,422.5670686,210.765548,22.97255892,200.9141482,366.9576515,49.04743506,14.48097321,17.10833333,23.11869739,23.0
2025-05-02 12:15:00+00:00,421.2461515,209.0174803,23.0,206.155498,696.2183072,48.22076231,14.7756664,16.95833333,23.1,23.0
2025-05-02 12:30:00+00:00,419.8896707,208.4210904,23.0,211.4652381,663.2861641,47.14026786,14.78590104,17.08541667,23.1,23.0
2025-05-02 12:45:00+00:00,420.4063973,203.8656774,22.97057239,216.0520486,740.3235075,45.99996825,14.99013175,16.9217033,23.1,23.01219048
2025-05-02 13:00:00+00:00,419.3987034,201.8373166,23.0,220.850887,505.028041,44.6546875,15.28212455,17.07142857,23.1,23.1
2025-05-02 13:15:00+00:00,419.4998873,209.5008629,23.11009615,225.4654451,459.2015162,43.16938808,15.09072321,16.81510417,23.11274038,23.1125
2025-05-02 13:30:00+00:00,418.9975463,217.7548921,23.1,229.711875,470.4861548,41.71959596,14.97725185,17.0162963,23.2,23.2
2025-05-02 13:45:00+00:00,416.978125,223.1600396,23.1,233.993211,433.0155254,39.9234375,15.48292208,17.15916667,23.20295139,23.27267857
2025-05-02 14:00:00+00:00,415.9230403,82.90447794,23.25292468,238.088784,412.6568073,38.04945783,15.14464286,17.30277778,23.36343908,23.3375
2025-05-02 14:15:00+00:00,414.771092,53.08466093,23.53712783,241.9509804,398.3330981,36.18625,14.8890625,17.05416667,23.64419471,23.47067308
2025-05-02 14:30:00+00:00,415.0074074,53.65108181,23.70445614,245.7262897,298.5262736,34.27669841,14.84228571,16.64395604,23.776,23.6
2025-05-02 14:45:00+00:00,415.3228456,53.41160278,23.80088384,249.4929537,353.6346153,32.23063222,15.14346591,17.25875,23.87234848,23.63238636
2025-05-02 15:00:00+00:00,415.8240949,53.45571127,24.06148568,252.8016744,466.2364851,30.28086806,15.28368059,16.88541667,24.06498988,23.76875
2025-05-02 15:15:00+00:00,415.5790943,53.15106596,24.0,256.4180462,384.8568192,28.10953125,15.4234995,16.93191964,24.08313492,23.76875
2025-05-02 15:30:00+00:00,415.8031155,53.3086451,24.1,259.6086772,369.3262649,26.06138889,15.43541667,17.15333333,24.09925926,23.7
2025-05-02 15:45:00+00:00,415.2509581,53.08576108,24.1,262.6203888,353.9779629,24.09464286,15.66493957,17.20625,24.1,23.7
2025-05-02 16:00:00+00:00,415.4040998,53.29391685,24.1,266.004256,318.2151474,21.8283631,15.27130952,17.07857143,24.10233918,23.79375
2025-05-02 16:15:00+00:00,415.2177156,53.20427787,24.1902442,269.1032738,261.3721113,19.71210317,15.09575397,16.65333333,24.12637363,23.8
2025-05-02 16:30:00+00:00,415.5941842,53.56501151,24.2,272.0849479,244.9350562,17.62872768,15.02264757,17.02592929,24.2,23.8
2025-05-02 16:45:00+00:00,415.3625229,53.45217566,24.2,275.3049673,211.0340354,15.45359375,14.78292783,17.19333333,24.16972133,23.8
2025-05-02 17:00:00+00:00,415.0003342,53.79086107,24.28181818,278.4908333,179.079063,13.18770833,14.50299107,16.8875,24.29889706,23.8
2025-05-02 17:15:00+00:00,414.6505917,52.78878985,24.3,281.3673438,148.7447615,11.21811905,14.51657857,17.09053968,24.3,23.8
2025-05-02 17:30:00+00:00,414.9784873,53.21325945,24.3,284.3225205,117.3708768,9.063431187,14.4440812,16.74791667,24.3,23.8
2025-05-02 17:45:00+00:00,415.3609359,53.21720865,24.290625,287.2773077,85.65038552,7.135657051,14.15849159,17.059375,24.3,23.8
2025-05-02 18:00:00+00:00,415.9860605,16.4519492,24.25169994,290.2212247,55.40639346,5.121569865,13.4848729,15.72277778,24.3,23.8
2025-05-02 18:15:00+00:00,415.4252857,0.0,24.3,293.1524008,26.46008875,3.137991071,13.0010535,16.12613636,24.3,23.8
2025-05-02 18:30:00+00:00,414.3909091,0.0,24.3,296.4917223,8.766329082,1.019599567,12.22189331,16.37953869,24.29444444,23.8
2025-05-02 18:45:00+00:00,413.6815476,0.0,24.3,299.6175813,2.860212918,-0.769091117,11.7197123,16.4790625,24.27400366,23.8
2025-05-02 19:00:00+00:00,413.2563215,0.0,24.22533333,302.6667411,0.670821098,-2.542698413,11.31185992,16.5,24.3,23.8
2025-05-02 19:15:00+00:00,413.1130355,0.0,24.2,305.8077482,0.085989583,-4.332524351,11.11538516,16.45,24.3,23.72819602
2025-05-02 19:30:00+00:00,413.5673701,0.0,24.2,309.1058987,0.0,-6.149496528,10.88406791,16.125,24.29708333,23.7
2025-05-02 19:45:00+00:00,412.4761905,0.0,24.2,312.3910004,0.0,-7.695957792,10.58452941,15.62533333,24.1,23.7
2025-05-02 20:00:00+00:00,412.4301399,0.0,24.143,315.5314683,0.0,-9.200483631,10.32290397,15.1871875,24.1,23.7
2025-05-02 20:15:00+00:00,411.9375,0.0,24.1,319.1423553,0.0,-10.72734375,10.14817411,14.8072381,24.1,23.7
2025-05-02 20:30:00+00:00,411.8855097,0.0,24.1,322.4470527,0.0,-12.11660083,10.07175505,14.48270833,24.1,23.6145542
2025-05-02 20:45:00+00:00,411.201589,0.0,24.1,325.685625,0.0,-13.29294444,9.99974359,14.14133333,24.1,23.6
2025-05-02 21:00:00+00:00,411.6308542,0.0,24.009375,329.3785587,0.0,-14.46223958,9.929968434,13.76592262,24.0375,23.6
2025-05-02 21:15:00+00:00,412.638353,0.0,24.0,333.0683383,0.0,-15.58409091,9.768423611,13.44999008,24.0,23.57375
2025-05-02 21:30:00+00:00,412.5391979,0.0,24.0,336.6448553,0.0,-16.4780754,9.564238839,13.19333333,24.0,23.5
2025-05-02 21:45:00+00:00,413.7496296,0.0,23.97866667,340.4931861,0.0,-17.32227513,9.529665609,12.93948413,24.0,23.5
2025-05-02 22:00:00+00:00,413.7275549,0.0,23.9,344.0740079,0.0,-17.96116815,9.410244048,12.79375,24.03248971,23.48247768
2025-05-02 22:15:00+00:00,413.9403409,0.0,23.9,347.9894444,0.0,-18.48394841,9.22896645,12.66,23.91210938,23.4
2025-05-02 22:30:00+00:00,413.5426667,0.0,23.85305556,351.4992222,0.0,-18.93214286,9.366014815,12.41333333,23.9,23.4
2025-05-02 22:45:00+00:00,413.5808931,0.0,23.8,355.2365456,0.0,-19.14375,9.338125,12.27842262,23.9,23.4
2025-05-02 23:00:00+00:00,414.47125,0.0,23.8,221.1090202,0.0,-19.25625,9.330625,12.10625,23.82125,23.4
2025-05-02 23:15:00+00:00,414.34039,0.0,23.77979167,3.003970588,0.0,-19.225,9.136697115,11.94375,23.8,23.32795759
2025-05-02 23:30:00+00:00,414.5714286,0.0,23.7,6.922135417,0.0,-19.04583333,8.8625,11.9,23.8,23.3
2025-05-02 23:45:00+00:00,414.0329861,0.0,23.7,10.60548563,0.0,-18.75757813,8.71875,11.88125,23.8,23.3
2025-05-03 00:00:00+00:00,413.6567079,0.0,23.7,14.4024095,0.0,-18.26319056,8.588665913,11.8,23.8084375,23.3
2025-05-03 00:15:00+00:00,412.9206525,0.0,23.7,18.34963542,0.0,-17.64129464,8.417983631,11.7875,23.74583333,23.3
2025-05-03 00:30:00+00:00,412.22,0.0,23.7,21.8328869,0.0,-16.93511111,8.294031746,11.7,23.7,23.29939394
2025-05-03 00:45:00+00:00,411.2501241,0.0,23.63811275,25.54192344,0.0,-16.06215278,8.182279762,11.62666667,23.7,23.2
2025-05-03 01:00:00+00:00,410.7638889,0.0,23.6,29.259169,0.0,-15.02973214,7.889133185,11.6,23.7,23.2
2025-05-03 01:15:00+00:00,410.0392857,0.0,23.6,32.60537037,0.0,-14.00861111,7.616111111,11.6,23.7,23.2
2025-05-03 01:30:00+00:00,410.8181619,0.0,23.6,36.09588235,0.0,-12.7884375,7.367708333,11.5875,23.7,23.2
2025-05-03 01:45:00+00:00,409.9178813,0.0,23.6,39.6029422,0.0,-11.51497065,7.2,11.44885417,23.7986489,23.2
2025-05-03 02:00:00+00:00,408.6985116,0.0,23.57083333,43.05362441,0.0,-9.998794868,7.161841067,11.36666667,23.73741987,23.2
2025-05-03 02:15:00+00:00,408.0148966,0.0,23.5,46.22281126,0.0,-8.609801587,6.951811508,11.28,23.6,23.2
2025-05-03 02:30:00+00:00,408.5128861,0.0,23.5,49.42972222,0.0,-7.011979167,6.573576389,11.14791667,23.6,23.14296875
2025-05-03 02:45:00+00:00,408.2217647,0.0,23.5,52.65997261,0.0,-5.37479867,6.500443376,10.98454545,23.6,23.1
2025-05-03 03:00:00+00:00,408.3047619,0.0,23.5,55.73314815,0.078421679,-3.65037037,6.561067033,10.9,23.6,23.1
2025-05-03 03:15:00+00:00,407.9677083,0.0,23.5,59.03228615,0.714649906,-1.765373377,6.55787334,10.83125,23.625,23.1
2025-05-03 03:30:00+00:00,408.2477904,0.0,23.5,61.871875,1.627229771,-0.082291667,6.689732143,10.7,23.67171875,23.1
2025-05-03 03:45:00+00:00,408.4642562,0.0,23.5,65.03470588,4.311669344,1.785138889,6.935085227,10.6,23.5,23.1
2025-05-03 04:00:00+00:00,408.2901811,0.0,23.5,68.20719192,6.733564373,3.885505051,7.217720058,10.57031746,23.5,23.1
2025-05-03 04:15:00+00:00,408.3088672,0.0,23.48861422,71.39901027,9.306473001,6.002559524,7.536619318,10.46875,23.5,23.1
2025-05-03 04:30:00+00:00,407.5631439,0.0,23.4,74.32177331,19.76901662,7.995657242,7.748348214,10.3375,23.5,23.0928125
2025-05-03 04:45:00+00:00,407.7155556,0.0,23.4,77.11638095,21.62987364,9.991309524,7.800412698,10.29809524,23.5,23.00307692
2025-05-03 05:00:00+00:00,408.7119361,0.0,23.4,80.07877218,31.61708576,12.01250992,7.853475797,10.21184276,23.5,23.0
2025-05-03 05:15:00+00:00,409.1209821,0.0,23.4,83.44303156,32.40912847,14.36974826,8.042708333,10.2,23.5,23.0
2025-05-03 05:30:00+00:00,408.9052092,0.0,23.4,86.43445378,104.2463628,16.54033613,8.349630838,10.2,23.5,23.0
2025-05-03 05:45:00+00:00,408.6172727,0.0,23.4,89.53596296,119.5671607,18.77015873,8.821497355,10.28,23.5,23.0
2025-05-03 06:00:00+00:00,408.5340203,0.0,23.4,92.61134454,251.3251312,20.88355655,9.470136905,10.33333333,23.5,23.0
2025-05-03 06:15:00+00:00,406.7326394,0.0,23.4,95.56227965,357.3254144,22.8919805,10.11185893,10.42230688,23.5,23.06362592
2025-05-03 06:30:00+00:00,406.598438,0.0,23.49233631,98.98859127,301.2839029,25.1626831,10.42438999,10.5,23.5,23.1
2025-05-03 06:45:00+00:00,406.0040161,0.0,23.5,102.1692063,200.8813054,27.24507937,10.48,10.64968254,23.50473437,23.1
2025-05-03 07:00:00+00:00,406.6155379,0.0,23.5,105.6285411,85.91582517,29.33727183,9.134816865,10.77053571,23.64708428,23.1
2025-05-03 07:15:00+00:00,407.2558761,0.0,23.5,109.1631092,128.3549146,31.37926587,8.209409722,10.96919643,23.57459416,23.1
2025-05-03 07:30:00+00:00,407.3540342,0.0,23.5,112.7734882,210.0392173,33.38494589,8.301079004,11.15266667,23.6923569,23.1
2025-05-03 07:45:00+00:00,406.9096032,0.0,23.5,116.1986633,476.7374659,35.31820865,9.191109776,11.23184524,23.64524038,23.1
2025-05-03 08:00:00+00:00,405.8127444,0.0,23.5,120.0720261,546.1114823,37.29809028,10.00743056,11.3,23.6,23.15083333
2025-05-03 08:15:00+00:00,405.6599907,0.0,23.51291624,124.2732161,407.8210674,39.1831592,10.88579728,11.3,23.6,23.2
2025-05-03 08:30:00+00:00,404.5033015,0.0,23.59225649,128.0110073,157.9960027,40.79717172,10.88843956,11.3,23.60234127,23.2
2025-05-03 08:45:00+00:00,403.175,0.0,23.6,132.5661438,397.8823097,42.53193452,10.9528063,11.3,23.76708333,23.2
2025-05-03 09:00:00+00:00,403.7983193,0.0,23.6,137.1539753,172.1108856,44.09676834,11.13594271,11.3625,23.8,23.21875
2025-05-03 09:15:00+00:00,403.207721,0.0,23.605,141.9318915,435.4018134,45.54916915,11.34560783,11.43385417,23.74558081,23.3
2025-05-03 09:30:00+00:00,403.4345811,0.0,23.68190476,146.7044746,244.3803311,46.75953846,11.44693846,11.61922799,23.7,23.3
2025-05-03 09:45:00+00:00,404.4428529,0.0,23.7,151.8104978,481.3170525,47.89767857,11.62532589,11.825,23.7,23.3
2025-05-03 10:00:00+00:00,403.2733974,0.0,23.7,157.1389579,269.0127366,48.89619859,12.20994754,12.04375,23.85137837,23.3
2025-05-03 10:15:00+00:00,402.9983292,0.0,23.70272727,162.304183,459.4909294,49.64925397,11.95786219,12.16266667,23.85562771,23.375
2025-05-03 10:30:00+00:00,403.844246,0.0,23.8,167.6450946,408.8779024,50.17383523,12.30179905,12.309375,23.8,23.4
2025-05-03 10:45:00+00:00,402.3052399,0.0,23.80661765,173.3777778,605.2149765,50.613125,12.64813447,12.47946429,23.93125,23.4
2025-05-03 11:00:00+00:00,402.0107143,0.0,23.9,179.1433796,614.3939929,50.79375,13.023125,12.606875,23.93318452,23.4
2025-05-03 11:15:00+00:00,401.9442089,0.0,23.9,184.4886504,782.4197936,50.71596154,13.25781162,12.76420635,23.9,23.43333333
2025-05-03 11:30:00+00:00,401.9797144,0.0,23.9,190.1685384,685.4434522,50.44434524,13.70606027,12.90625,24.03625,23.5
2025-05-03 11:45:00+00:00,401.09375,0.0,23.9,195.8661346,604.224961,49.97562906,13.80236012,13.10178571,24.1,23.5
2025-05-03 12:00:00+00:00,400.8422612,0.0,23.95625,201.206484,350.9378277,49.28671875,13.66892361,13.32801816,24.1,23.5
2025-05-03 12:15:00+00:00,400.4516945,0.0,24.0,206.1524367,192.7538164,48.49316936,13.4655817,13.55115873,24.1,23.5
2025-05-03 12:30:00+00:00,399.7817235,0.0,24.0,211.6375894,95.30031505,47.39175347,13.17936508,13.76375,24.00965909,23.5
2025-05-03 12:45:00+00:00,398.8555556,0.0,24.0,216.5303632,70.72712083,46.17255952,13.02722222,13.97272727,24.0,23.5
2025-05-03 13:00:00+00:00,398.4929507,0.0,24.0,220.8087338,131.1013606,44.9023468,12.77490423,14.04666667,24.0,23.55428571
2025-05-03 13:15:00+00:00,397.2021791,0.0,24.0,225.4491452,66.65955615,43.46089744,12.68358428,14.1,24.0,23.6
2025-05-03 13:30:00+00:00,397.3442157,0.0,24.0,230.1579645,47.11998215,41.76178571,12.53544643,14.1,24.0,23.6
2025-05-03 13:45:00+00:00,397.2574443,0.0,24.0,234.4661802,28.06194516,40.02455335,12.26324601,14.1,24.00149411,23.6
2025-05-03 14:00:00+00:00,395.9333333,0.0,24.0,238.1082143,96.61729521,38.3327381,12.03942724,14.1,24.14325397,23.6
2025-05-03 14:15:00+00:00,396.0599534,0.0,24.0,242.0788072,147.1525289,36.38987847,11.75277778,14.0396875,24.17556818,23.6
2025-05-03 14:30:00+00:00,396.5198309,0.0,24.0,245.8128936,122.7889733,34.46527778,11.59107955,14.0,24.15359449,23.6
2025-05-03 14:45:00+00:00,396.6678132,0.0,24.0,249.2938562,80.52836536,32.65234127,11.44854487,13.88671875,24.1,23.6
2025-05-03 15:00:00+00:00,396.580306,0.0,24.0,253.1189418,46.31092393,30.3929127,11.27386243,13.74666667,24.1,23.6
2025-05-03 15:15:00+00:00,396.4280303,0.0,24.0,256.4698984,49.84241922,28.36898043,10.98051989,13.68625,24.1,23.6
2025-05-03 15:30:00+00:00,396.5945888,0.0,24.0,259.7495688,56.82916776,26.24949824,10.8003745,13.58055556,24.14159357,23.6
2025-05-03 15:45:00+00:00,395.947635,0.0,24.0,262.8393229,35.07408553,24.22064815,10.35462121,13.49333333,24.12,23.6
2025-05-03 16:00:00+00:00,397.3105114,0.0,24.0,266.1656046,32.86346699,22.06649306,9.936488095,13.4,24.0,23.6
2025-05-03 16:15:00+00:00,398.2150717,0.0,24.0,269.4488393,32.95960505,19.78672619,9.424735187,13.359375,24.0,23.6
2025-05-03 16:30:00+00:00,398.2390335,0.0,24.0,272.1167487,36.74001741,17.90397986,9.266636489,13.3,24.0,23.59921875
2025-05-03 16:45:00+00:00,398.2974747,0.0,24.0,275.5445337,30.44029401,15.56125661,9.258522751,13.24,24.0,23.54318182
2025-05-03 17:00:00+00:00,398.7395833,0.0,24.0,278.5630208,22.2930268,13.41171875,9.23146875,13.2,24.0,23.5
2025-05-03 17:15:00+00:00,397.7368467,0.0,24.0,281.5887785,14.3714569,11.26333874,9.070803571,13.08125,24.0,23.5
2025-05-03 17:30:00+00:00,397.4691609,0.0,23.91516863,284.4201376,7.0778038,9.288677249,8.851878788,13.0,24.0,23.5
2025-05-03 17:45:00+00:00,397.067234,0.0,23.9,287.6630208,6.751320431,7.05001443,8.667962963,12.90833333,24.06156863,23.5
2025-05-03 18:00:00+00:00,398.3140351,0.0,23.9,290.5991243,8.517490874,5.078153617,8.388122329,12.8,24.1,23.5
2025-05-03 18:15:00+00:00,397.2771916,0.0,23.9,293.8242992,3.474636454,3.071502456,8.264129464,12.61875,23.95089286,23.5
2025-05-03 18:30:00+00:00,397.9586811,0.0,23.9,296.7671455,0.859405666,1.140978836,8.166,12.47384615,23.9,23.47769048
2025-05-03 18:45:00+00:00,398.2810786,0.0,23.9,299.7372049,0.24921875,-0.585416667,8.055255682,12.325,23.9,23.4
2025-05-03 19:00:00+00:00,398.846875,0.0,23.851875,302.9366457,0.03125,-2.458256448,8.012094156,12.26666667,23.9,23.43458333
2025-05-03 19:15:00+00:00,398.8279891,0.0,23.8,306.257598,0.0,-4.297048611,7.92139881,12.12,23.9,23.4
2025-05-03 19:30:00+00:00,399.0,0.0,23.8,308.9124853,0.0,-5.693454823,7.868666667,12.07333333,23.9,23.4
2025-05-03 19:45:00+00:00,399.0625,0.0,23.8,312.5833172,0.0,-7.557825126,7.850049603,11.975,23.9,23.4
2025-05-03 20:00:00+00:00,398.7961604,0.0,23.8,315.8493894,0.0,-9.107917222,7.756378344,11.9,23.90676215,23.4
2025-05-03 20:15:00+00:00,399.0622246,0.0,23.73835362,319.2099232,0.0,-10.5055385,7.602328042,11.83071429,23.8,23.4
2025-05-03 20:30:00+00:00,400.1395531,0.0,23.7,322.5500496,0.0,-11.84910714,7.256006944,11.69230769,23.8,23.3
2025-05-03 20:45:00+00:00,399.8616071,0.0,23.7,325.9781513,0.0,-13.18690476,7.108035714,11.58571429,23.8,23.3
2025-05-03 21:00:00+00:00,400.4118808,0.0,23.7,329.6404015,0.0,-14.34770833,7.013248016,11.48125,23.8,23.3
2025-05-03 21:15:00+00:00,399.6772222,0.0,23.7,333.1274775,0.0,-15.34056318,7.073222222,11.4,23.8,23.3
2025-05-03 21:30:00+00:00,400.3650742,0.0,23.7,336.7426362,0.0,-16.27211535,7.1,11.24453125,23.77901344,23.3
2025-05-03 21:45:00+00:00,400.9803571,0.0,23.7,340.4461858,0.0,-17.02616319,7.095216346,11.1640625,23.7,23.3
2025-05-03 22:00:00+00:00,400.3662115,0.0,23.66917763,344.2224599,0.0,-17.73390152,7.013229167,10.93375,23.7,23.3
2025-05-03 22:15:00+00:00,399.7562611,0.0,23.6,347.4100935,0.0,-18.14853175,6.889008715,10.88257937,23.7,23.29031746
2025-05-03 22:30:00+00:00,399.3277778,0.0,23.6,351.7061607,0.0,-18.65454155,6.725,10.74236111,23.7,23.225
2025-05-03 22:45:00+00:00,399.0687157,0.0,23.6,355.4289814,0.0,-18.87270833,6.600633929,10.6246875,23.7,23.23738839
2025-05-03 23:00:00+00:00,399.7407799,0.0,23.6,311.5363393,0.0,-19.0,6.509142857,10.5,23.7,23.2
2025-05-03 23:15:00+00:00,399.2741302,0.0,23.6,2.69746732,0.0,-18.9625,6.6,10.40125,23.7,23.2
2025-05-03 23:30:00+00:00,399.8513078,0.0,23.6,6.672343604,0.0,-18.76180556,6.6,10.21875,23.7,23.2
2025-05-03 23:45:00+00:00,398.8626814,0.0,23.53771446,10.62912303,0.0,-18.41644383,6.575430195,10.04375,23.62933729,23.2
2025-05-04 00:00:00+00:00,399.0397727,0.0,23.5,14.54231704,0.0,-17.96572487,6.369210826,9.96,23.6,23.19210582
2025-05-04 00:15:00+00:00,398.9165406,0.0,23.5,18.05241839,0.0,-17.34514557,6.193059845,9.9,23.6,23.1
2025-05-04 00:30:00+00:00,399.0487224,0.0,23.5,21.73509783,0.0,-16.59850579,5.724874504,9.9,23.6,23.1
2025-05-04 00:45:00+00:00,400.5703452,0.0,23.5,25.5112538,0.0,-15.71718261,5.432947917,9.9,23.64485245,23.1
2025-05-04 01:00:00+00:00,400.5908046,0.0,23.5,29.08844418,0.0,-14.77713675,5.520024328,9.9,23.7,23.1
2025-05-04 01:15:00+00:00,399.7784091,0.0,23.5,32.47184659,0.0,-13.67893348,5.507502841,9.9,23.6235119,23.1
2025-05-04 01:30:00+00:00,400.5036605,0.0,23.45885417,36.08448969,0.0,-12.46766827,5.762355769,9.9,23.52510033,23.1
2025-05-04 01:45:00+00:00,400.327343,0.0,23.4,39.5931392,0.0,-11.19818182,5.99735,9.9,23.5,23.03111111
2025-05-04 02:00:00+00:00,399.7003517,0.0,23.4,42.84879712,0.0,-9.724900794,6.105144593,9.88125,23.5,23.0
2025-05-04 02:15:00+00:00,399.8303217,0.0,23.4,46.17638799,0.0,-8.257558761,6.198611111,9.8,23.5,23.003125
2025-05-04 02:30:00+00:00,398.950901,0.0,23.4,49.35418366,0.0,-6.661420455,6.192625,9.8,23.53819444,23.0
2025-05-04 02:45:00+00:00,398.6877193,0.0,23.4,52.63986359,0.005246684,-4.920653439,6.072380952,9.8,23.6,23.0
2025-05-04 03:00:00+00:00,399.7258772,0.0,23.4,55.69611111,0.339651262,-3.3,5.718055556,9.76875,23.6,23.0
2025-05-04 03:15:00+00:00,400.0,0.0,23.4,58.95153595,1.611327652,-1.42811756,5.568870116,9.7,23.6,23.0
2025-05-04 03:30:00+00:00,400.0044361,0.0,23.38199692,61.92908921,4.321819064,0.293927045,5.62390625,9.614704861,23.6,23.0
2025-05-04 03:45:00+00:00,400.2027972,0.0,23.3,65.23361945,8.775277004,2.312162338,5.69,9.506666667,23.55881804,23.0
2025-05-04 04:00:00+00:00,400.2713942,0.0,23.3,68.13929888,14.33189734,4.261805556,5.695888889,9.475,23.41160714,23.0
2025-05-04 04:15:00+00:00,400.607082,0.0,23.3,71.23434343,28.51121547,6.239348846,5.785379464,9.375,23.4,22.90625
2025-05-04 04:30:00+00:00,400.8415584,0.0,23.3,73.98831779,91.7127962,8.177619464,6.045544372,9.284333333,23.4,22.9
2025-05-04 04:45:00+00:00,401.0,0.0,23.3,76.82358631,142.4876785,10.17686012,6.682560764,9.153888889,23.4,22.9
2025-05-04 05:00:00+00:00,400.9776316,0.0,23.3,79.99460282,178.8524508,12.34160038,7.17320329,9.1,23.4,22.91875
2025-05-04 05:15:00+00:00,400.4015496,0.0,23.3,83.27782452,203.4372726,14.64349817,7.517479396,9.1,23.4,23.0
2025-05-04 05:30:00+00:00,400.4900433,0.0,23.34500611,86.33313244,247.2655483,16.75587302,7.946222222,9.1,23.40805556,23.0
2025-05-04 05:45:00+00:00,399.5224582,0.0,23.4,89.09733383,276.2006982,18.76649687,8.500310268,9.16,23.58028846,23.0
2025-05-04 06:00:00+00:00,399.7301391,0.0,23.4,91.92757662,217.1723843,20.70248958,8.793930612,9.228645833,23.6,23.0
2025-05-04 06:15:00+00:00,400.0,0.0,23.4,95.51534626,240.3543083,23.20224308,8.881126299,9.326666667,23.6,23.0
2025-05-04 06:30:00+00:00,399.6154234,0.0,23.4,98.73529412,352.9576694,25.34799107,9.469890873,9.47375,23.6,23.0
2025-05-04 06:45:00+00:00,399.6957725,0.0,23.4,102.0071429,104.4915884,27.4828869,9.65781746,9.638461539,23.6,23.0
2025-05-04 07:00:00+00:00,400.0101563,0.0,23.4,105.6156419,136.0862623,29.65918651,9.062562658,9.8,23.6,23.0
2025-05-04 07:15:00+00:00,400.3558923,0.0,23.4,109.0611384,329.7939332,31.68861111,9.015055556,9.929444444,23.52634503,23.0
2025-05-04 07:30:00+00:00,399.4943182,0.0,23.42846814,112.3687111,500.7678967,33.59728537,9.785703125,10.00625,23.5,23.00089286
2025-05-04 07:45:00+00:00,400.1272821,0.0,23.5,116.1846639,358.8779894,35.66522817,9.986071429,10.175,23.5,23.07988054
2025-05-04 08:00:00+00:00,398.7780388,0.0,23.5,120.007189,335.3853654,37.54937921,9.705473823,10.31479167,23.5,23.1
2025-05-04 08:15:00+00:00,400.0220654,0.0,23.5,123.2459505,405.1271532,38.99169973,9.639177989,10.53134392,23.55235043,23.1
2025-05-04 08:30:00+00:00,400.3663871,0.0,23.5,128.2072326,517.6191677,41.08974432,10.06171875,10.79583333,23.63660714,23.1
2025-05-04 08:45:00+00:00,401.9719173,0.0,23.5,132.5862045,503.6673802,42.81830357,9.981692708,11.015,23.6,23.1
2025-05-04 09:00:00+00:00,402.6768474,0.0,23.59563492,136.9622285,620.6156647,44.39243579,9.951297739,11.22666667,23.65493333,23.14809524
2025-05-04 09:15:00+00:00,401.7406822,0.0,23.6,141.4812815,321.0087498,45.68842484,9.791894184,11.35,23.8,23.2
2025-05-04 09:30:00+00:00,401.7754308,0.0,23.6,146.6336337,531.6647697,47.04578678,9.981472285,11.45,23.71203704,23.2
2025-05-04 09:45:00+00:00,403.1309524,0.0,23.64829545,151.8857085,550.9777971,48.19084821,10.02985615,11.57666667,23.7,23.2
2025-05-04 10:00:00+00:00,403.3166051,0.0,23.7,156.5953125,576.1516553,49.07508418,9.913705556,11.64333333,23.7,23.2
2025-05-04 10:15:00+00:00,403.3276515,0.0,23.7,162.2073506,540.5779788,49.92384586,10.23302714,11.77333333,23.7,23.24375
2025-05-04 10:30:00+00:00,403.0143939,0.0,23.7,167.8268351,481.8437366,50.5359602,10.13320767,11.875,23.82497396,23.3
2025-05-04 10:45:00+00:00,402.3324392,0.0,23.7,173.5654243,636.5390465,50.90577381,10.28625668,11.9,23.85371117,23.3
2025-05-04 11:00:00+00:00,401.9818967,0.0,23.70270396,179.0731369,582.9818501,51.03393939,10.43059259,11.92833333,23.8,23.3
2025-05-04 11:15:00+00:00,402.4826333,0.0,23.72098214,184.1796452,493.4430546,50.9875,10.58515873,12.0,23.8,23.3
2025-05-04 11:30:00+00:00,402.1805556,0.0,23.71145833,190.1689683,477.4781932,50.7678125,10.67624008,12.06,23.8,23.3
2025-05-04 11:45:00+00:00,403.1010083,0.0,23.79722222,195.922903,490.6498977,50.25338528,10.55735897,12.1,23.8,23.3
2025-05-04 12:00:00+00:00,402.7062346,0.0,23.7,200.8736661,540.6743375,49.65094066,10.49104167,12.19895833,23.8,23.3
2025-05-04 12:15:00+00:00,403.2113602,0.0,23.7,206.579236,823.4893244,48.71972489,11.027625,12.3,23.8,23.3
2025-05-04 12:30:00+00:00,404.5486842,0.0,23.7,211.7960682,428.5923598,47.68141988,10.57225877,12.41875,23.8,23.3
2025-05-04 12:45:00+00:00,403.6557939,0.0,23.7,216.1094738,450.6795599,46.55751923,10.62731216,12.58,23.8,23.3
2025-05-04 13:00:00+00:00,403.5925815,0.0,23.79735109,221.2690931,489.5844158,45.16760417,10.34510119,12.7125,23.8,23.3
2025-05-04 13:15:00+00:00,404.3753311,0.0,23.8,225.9611018,545.1276463,43.61555804,10.33677809,12.84375,23.84079257,23.3
2025-05-04 13:30:00+00:00,405.2266667,0.0,23.8,230.5001612,611.0448121,41.9842328,10.57595767,12.9552381,23.9,23.3
2025-05-04 13:45:00+00:00,405.0625,0.0,23.8,234.5623389,640.9858645,40.34563492,10.71437351,13.03125,23.9,23.39248737
2025-05-04 14:00:00+00:00,405.0,0.0,23.84540878,238.5585408,540.8914725,38.56521577,10.75534755,13.1471875,23.9,23.4
2025-05-04 14:15:00+00:00,404.0176903,0.0,23.9,242.354354,528.7327646,36.65497526,10.94975641,13.27125,24.06043171,23.4
2025-05-04 14:30:00+00:00,405.2332282,0.0,23.9,246.2225206,424.9653642,34.62464469,10.63783333,13.43805556,24.09563492,23.4
2025-05-04 14:45:00+00:00,406.6392736,0.0,23.9,249.7901426,450.7970739,32.71037563,10.29933428,13.55041667,24.0309375,23.4
2025-05-04 15:00:00+00:00,407.6080026,0.0,23.9,253.3222917,414.9717422,30.62643849,10.46303373,13.7,24.08125,23.4
2025-05-04 15:15:00+00:00,408.6731516,0.0,23.91037879,256.7780392,445.2816857,28.54272321,10.46306818,13.7,24.0,23.45714286
2025-05-04 15:30:00+00:00,409.8714654,0.0,24.0,260.1736226,220.4421234,26.43060726,10.18522222,13.7,24.16383838,23.5
2025-05-04 15:45:00+00:00,410.3020931,0.0,24.0,263.233761,367.4790482,24.40883845,10.11278201,13.795,24.13852644,23.5
2025-05-04 16:00:00+00:00,411.9615792,0.0,24.0075,266.4765266,276.1354654,22.26047619,10.45222527,13.8,24.1,23.5
2025-05-04 16:15:00+00:00,411.2943847,0.0,24.1,269.4014473,309.3688232,20.23416667,10.45398942,13.8,24.18161616,23.53333333
2025-05-04 16:30:00+00:00,411.200051,0.0,24.1,272.5384127,167.5136457,18.09356647,9.89584375,13.7125,24.3,23.6
2025-05-04 16:45:00+00:00,411.7121205,0.0,24.1,275.6785408,143.4516253,15.8825744,9.71966674,13.7,24.3,23.6
2025-05-04 17:00:00+00:00,412.4302423,0.0,24.109375,278.7698462,109.1405315,13.66067212,9.669930556,13.7,24.29034091,23.6
2025-05-04 17:15:00+00:00,411.7616667,0.0,24.13833333,281.7077305,71.63419529,11.63289906,9.463807265,13.55714286,24.2,23.6
2025-05-04 17:30:00+00:00,412.6096257,0.0,24.16988636,284.5392406,66.64101898,9.651614358,9.244166216,13.43910714,24.2,23.6
2025-05-04 17:45:00+00:00,412.6684492,0.0,24.2,287.8047432,36.64642419,7.401349206,9.092572037,13.17109375,24.2,23.6
2025-05-04 18:00:00+00:00,413.181713,0.0,24.2,290.6703535,23.96588033,5.438401876,8.894012821,12.96333333,24.2,23.6
2025-05-04 18:15:00+00:00,412.921715,0.0,24.2,293.8482301,14.87429539,3.414356061,8.562893331,12.73416667,24.2,23.6
2025-05-04 18:30:00+00:00,413.6983902,0.0,24.17045455,296.8389889,7.815757788,1.533771368,8.326932692,12.49375,24.29403409,23.6
2025-05-04 18:45:00+00:00,413.3723621,0.0,24.1,300.0662543,3.110031409,-0.348042582,8.268864183,12.21866667,24.10138889,23.54910714
2025-05-04 19:00:00+00:00,414.3735076,0.0,24.1,303.0789689,0.853185298,-2.132751323,8.235619048,12.00916667,24.1,23.5
2025-05-04 19:15:00+00:00,414.4298686,0.0,24.1,306.2123177,0.16193546,-3.87568109,8.141523081,11.82842262,24.1,23.5
2025-05-04 19:30:00+00:00,414.7779998,0.0,24.06015452,309.2986059,0.0,-5.568155889,7.791906656,11.59833333,24.14623465,23.5
2025-05-04 19:45:00+00:00,415.3907314,0.0,24.0,312.813226,0.0,-7.321897759,7.103982143,11.38875,24.08455882,23.47986111
2025-05-04 20:00:00+00:00,415.3716179,0.0,24.0,315.9877351,0.0,-8.807885522,6.432026094,11.15180952,24.0,23.4
2025-05-04 20:15:00+00:00,414.7229167,0.0,23.95,319.3663235,0.0,-10.2365483,6.391853693,10.90038095,24.02447917,23.4
2025-05-04 20:30:00+00:00,415.1796875,0.0,23.9,322.798192,0.0,-11.63308306,6.53659835,10.58962054,24.00084154,23.4
2025-05-04 20:45:00+00:00,416.3853334,0.0,23.88435922,326.2675174,0.0,-12.91840526,6.7109375,10.23071429,23.9,23.35511364
2025-05-04 21:00:00+00:00,417.380844,0.0,23.8016466,329.5907486,0.0,-13.9961924,7.08011544,9.905912698,23.9,23.3
2025-05-04 21:15:00+00:00,417.6354167,0.0,23.79322917,333.3226619,0.0,-15.05177083,7.077790647,9.7,23.90989583,23.3
2025-05-04 21:30:00+00:00,417.643441,0.0,23.7,336.97065,0.0,-15.98825893,7.176138618,9.48,23.84369518,23.2225
2025-05-04 21:45:00+00:00,418.2150956,0.0,23.7,340.2419795,0.0,-16.72904074,7.392121795,9.305,23.8,23.2
2025-05-04 22:00:00+00:00,418.6835227,0.0,23.7,343.9405812,0.0,-17.34910714,7.390327381,9.164791667,23.76107955,23.163125
2025-05-04 22:15:00+00:00,418.7095588,0.0,23.7,348.0665686,0.0,-17.96334325,7.755729167,9.077367424,23.81616162,23.2
2025-05-04 22:30:00+00:00,418.8744351,0.0,23.6684375,351.7622088,0.0,-18.34079241,7.561279762,11.27232143,23.7,23.2
2025-05-04 22:45:00+00:00,418.3521825,0.0,23.6,355.4257738,0.0,-18.59481481,7.139690236,13.97619048,23.7,23.2
2025-05-04 23:00:00+00:00,418.1894313,0.0,23.6,216.3353884,0.0,-18.71510417,7.185826465,14.03979167,23.7,23.17
2025-05-04 23:15:00+00:00,417.6357955,0.0,23.6,2.869828431,0.0,-18.6625,6.517820391,12.67046379,23.7,23.1
2025-05-04 23:30:00+00:00,417.8864231,0.0,23.5464214,6.815967262,0.0,-18.44966402,5.816836508,11.12228571,23.7,23.1
2025-05-04 23:45:00+00:00,418.2666667,0.0,23.5,10.84659544,0.0,-18.11446886,5.574668367,10.4975,23.68282828,23.1
2025-05-05 00:00:00+00:00,418.7958333,0.0,23.5,14.34813749,0.0,-17.7258477,5.33861507,12.32103175,23.6,23.1
2025-05-05 00:15:00+00:00,419.1032461,0.0,23.5,17.48701706,0.0,-17.18832246,5.104920619,13.44692063,23.6,23.1
2025-05-05 00:30:00+00:00,420.2165244,0.0,23.5,21.73291667,0.0,-16.34,5.018095238,12.31015873,23.6,23.00808081
2025-05-05 00:45:00+00:00,420.7921311,0.0,23.5,25.24203125,0.0,-15.59745265,5.143986708,12.39864583,23.52427938,23.0
2025-05-05 01:00:00+00:00,422.3395833,0.0,23.44645337,29.06276844,0.0,-14.4875,5.081944444,13.82440476,23.5,23.0
2025-05-05 01:15:00+00:00,423.0979153,0.0,23.4,32.33990079,0.0,-13.4611756,4.95752116,12.84497024,23.5,23.0
2025-05-05 01:30:00+00:00,423.5644671,0.0,23.4,36.05396892,0.0,-12.20583333,4.917333333,12.70484127,23.5,22.95846154
2025-05-05 01:45:00+00:00,423.705794,0.0,23.3859878,39.34821037,0.0,-10.9311683,5.292604167,13.99139194,23.58385417,22.9
2025-05-05 02:00:00+00:00,425.3730263,0.0,23.3,42.85946779,0.0,-9.47827381,5.636309524,13.04160714,23.57222222,22.9
2025-05-05 02:15:00+00:00,425.2029468,0.0,23.3,46.13685764,0.0,-7.992148148,5.691957407,13.27571429,23.4,22.9
2025-05-05 02:30:00+00:00,426.6170833,0.0,23.26830357,49.08744949,0.0,-6.516327336,5.819494048,14.23714286,23.4,22.86875
2025-05-05 02:45:00+00:00,425.8036495,0.0,23.2,52.43211421,0.043933824,-4.81190138,4.905208333,14.2275,23.475,22.8
2025-05-05 03:00:00+00:00,425.0476039,0.0,23.2,55.61115057,0.656077093,-3.047053571,4.636875,14.38839286,23.44425389,22.8
2025-05-05 03:15:00+00:00,424.7272727,0.0,23.2,58.91433757,3.305514676,-1.17544733,4.904847985,14.49,23.3,22.8
2025-05-05 03:30:00+00:00,423.6507177,0.0,23.2,61.89645147,11.77255026,0.578289072,4.808413462,14.65,23.31210227,22.86805556
2025-05-05 03:45:00+00:00,423.0722033,0.0,23.2,64.94883754,27.69121962,2.399293155,4.664850774,14.78003472,23.49768519,22.9
2025-05-05 04:00:00+00:00,422.085784,0.0,23.2,67.97499645,50.35048995,4.394133367,4.621599919,14.88914286,23.34343176,22.9
2025-05-05 04:15:00+00:00,421.628483,0.0,23.2,70.80747768,76.26139488,6.33499504,4.845545635,14.9,23.3,22.9
2025-05-05 04:30:00+00:00,422.6789773,0.0,23.2,73.90079365,108.4987001,8.5146875,5.294242064,14.9375,23.3,22.9
2025-05-05 04:45:00+00:00,422.3130856,0.0,23.2,77.12608631,135.9345475,10.70764137,5.668474702,15.0359375,23.3,22.86233974
2025-05-05 05:00:00+00:00,423.4321637,0.0,23.25878788,80.1143315,165.0856824,12.77750712,6.539408947,15.1,23.34444444,22.9
2025-05-05 05:15:00+00:00,431.165573,54.22532739,23.3,82.80259816,195.86375,14.64679888,6.870208333,15.15625,23.49908982,22.9
2025-05-05 05:30:00+00:00,439.5320118,185.4230112,23.24270833,86.13421102,230.1041563,16.92581349,8.624479167,15.28421053,23.37291667,22.88068182
2025-05-05 05:45:00+00:00,443.2984149,289.5888712,23.1128,89.15748311,262.3233113,19.08602381,9.627174936,19.80704365,23.264,22.8
2025-05-05 06:00:00+00:00,447.5738012,264.0397888,23.0121875,92.19065567,294.5908919,21.18577009,10.23954545,17.084375,23.25048077,22.93181818
2025-05-05 06:15:00+00:00,453.4996203,265.9871669,23.03584821,95.44600694,328.5288187,23.42994792,9.848828125,16.95666667,23.22016775,23.02109375
2025-05-05 06:30:00+00:00,483.520523,270.4712658,23.0,98.76740196,360.3661939,25.60989426,10.23493304,17.2,23.18846154,23.09598214
2025-05-05 06:45:00+00:00,490.9050523,267.4377343,22.95055556,101.9350952,393.4206084,27.68488095,10.2862619,17.12666667,23.1962963,23.1
2025-05-05 07:00:00+00:00,496.888448,264.9477534,22.975,105.1852555,423.4290752,29.73180556,9.97666022,16.9275,23.23645833,23.02173611
2025-05-05 07:15:00+00:00,516.5578067,193.5045768,22.97618347,108.7803355,450.9137047,31.81613839,10.37410714,15.885,23.48630757,23.16384657
2025-05-05 07:30:00+00:00,497.707322,257.4478904,22.98245791,111.9431674,477.4411394,33.68855315,10.4164941,16.80844444,23.6,23.21561953
2025-05-05 07:45:00+00:00,454.0805799,237.4937043,22.52639959,115.8151471,504.4715969,35.77802083,10.32354167,17.08463542,23.6,22.51131944
2025-05-05 08:00:00+00:00,499.7853671,197.5060642,22.51485776,119.8278178,531.3584361,37.775,10.45126389,16.9296875,23.36730642,22.59823099
2025-05-05 08:15:00+00:00,587.2597447,172.5023844,22.7375,123.917479,556.8070325,39.56181593,10.84458333,17.02380952,23.43766892,23.11572724
2025-05-05 08:30:00+00:00,575.5633134,157.8239222,22.83530303,128.1409524,596.5981499,41.39955267,11.57089899,17.06907937,23.54259649,23.39686598
2025-05-05 08:45:00+00:00,573.2071443,150.3042115,22.90397727,132.2497759,590.5024265,42.97762248,11.27285793,16.96821429,23.54287068,23.44635449
2025-05-05 09:00:00+00:00,581.3843202,147.2789022,23.0,136.9281296,448.6800344,44.60433983,10.89736111,17.1625,23.49866959,23.431813
2025-05-05 09:15:00+00:00,580.4685945,144.998186,23.0,141.643352,567.8923066,46.05737037,11.16278095,17.11142857,23.3325641,23.42955128
2025-05-05 09:30:00+00:00,564.1064887,146.0919533,23.05146531,145.8811586,699.9546009,47.13940476,10.8766665,17.03625,23.3,23.44223039
2025-05-05 09:45:00+00:00,527.5364907,153.3971388,23.0534639,151.457284,714.6186052,48.34609375,11.54201389,16.83895833,23.3,23.4
2025-05-05 10:00:00+00:00,546.1111903,155.8136921,23.05681818,156.9902941,632.5564457,49.41208333,12.23590625,17.00095238,23.23755482,23.3675
2025-05-05 10:15:00+00:00,583.1033889,162.5987983,23.15167734,162.1740141,714.6641634,50.19303776,11.92884127,17.08301587,23.3,23.3
2025-05-05 10:30:00+00:00,570.9068666,171.600947,23.10625,167.785028,724.5839106,50.80059524,11.1015625,17.075,23.26770833,23.27005208
2025-05-05 10:45:00+00:00,519.5411599,181.6292645,23.1,173.1523964,692.1782847,51.13859127,11.60084821,17.16777778,23.2115,23.2398539
2025-05-05 11:00:00+00:00,521.9503472,191.1769418,23.11592593,179.1970518,591.3181356,51.28,11.42033333,17.17142857,23.33434343,23.20388889
2025-05-05 11:15:00+00:00,525.2816328,201.9322905,23.11363636,183.8678595,751.7738494,51.27144097,11.73420139,16.9675,23.49338235,23.1
2025-05-05 11:30:00+00:00,544.0379819,210.0671296,23.1109375,189.8488889,726.6862692,51.01541667,11.35291667,17.02888889,23.54270833,23.04375
2025-05-05 11:45:00+00:00,506.2285979,220.5969308,23.1,196.0117647,756.801005,50.56833333,11.63306667,17.04285714,23.6,22.99444444
2025-05-05 12:00:00+00:00,491.3261082,218.9691384,23.02459677,200.7305247,716.4802303,49.9649427,11.81473249,16.98802083,23.6,22.9
2025-05-05 12:15:00+00:00,523.1730654,225.6973806,23.06893939,206.2255682,697.8450278,49.06323052,11.70285556,17.01458333,23.59981618,22.9
2025-05-05 12:30:00+00:00,528.8971856,234.9197268,23.1,211.5907266,685.5768605,47.99171447,11.57997723,17.19154762,23.564375,22.8875
2025-05-05 12:45:00+00:00,494.1151996,238.9617032,23.03,216.7419444,672.3391042,46.74192857,12.06517857,17.03333333,23.58484848,22.82650794
2025-05-05 13:00:00+00:00,504.8804417,244.3212185,23.06718434,221.3816843,657.6694441,45.46807788,11.65858631,16.91538462,23.47537534,22.89433824
2025-05-05 13:15:00+00:00,558.7505424,252.1643509,23.20252632,226.1362904,645.660191,43.88362148,12.12595915,17.09160714,23.6,23.0996777
2025-05-05 13:30:00+00:00,517.9781074,261.2405273,23.30576461,230.3207043,623.9757511,42.45524554,12.25051683,16.92008929,23.52605519,23.23580638
2025-05-05 13:45:00+00:00,450.9069331,267.69098,23.3,234.7880975,601.9330947,40.62542761,12.22085276,16.876,23.43036075,23.37333333
2025-05-05 14:00:00+00:00,461.3993064,94.36148437,23.47948445,238.5794551,575.2932025,38.90597718,12.1967767,17.98055556,23.43315972,23.37405927
2025-05-05 14:15:00+00:00,656.9555424,56.72366707,24.07535855,242.5857143,549.0925155,36.93839286,12.55714286,16.27444444,23.57135417,23.75877976
2025-05-05 14:30:00+00:00,766.2326639,100.5039821,24.50420406,246.4515686,520.6201505,34.88031116,12.14144814,16.87797619,23.60073529,23.70044643
2025-05-05 14:45:00+00:00,771.2923361,104.6563259,24.77887812,250.0887457,492.3130585,32.94877898,12.23702912,16.41972538,23.71537255,23.85032662
2025-05-05 15:00:00+00:00,797.3742356,122.8062581,25.07249793,253.5830416,463.7828076,30.97109375,12.58766295,16.55130719,23.84180958,23.95881944
2025-05-05 15:15:00+00:00,767.8046937,107.8568335,25.39524896,256.9213183,434.0041725,28.85380099,12.76177083,16.96,23.92123016,24.11958333
2025-05-05 15:30:00+00:00,626.8148312,53.96266234,25.60901961,260.2747317,400.9699704,26.78785185,12.72102564,17.01066667,24.00787879,24.27
2025-05-05 15:45:00+00:00,522.8387496,52.50182492,25.70919383,263.3981275,367.57134,24.66736111,12.90446429,16.44196078,24.11896078,24.42178571
2025-05-05 16:00:00+00:00,450.3923077,50.94737743,25.62213462,266.714944,332.3662838,22.46800595,12.99260962,17.00285714,24.21915323,24.50721726
2025-05-05 16:15:00+00:00,441.2400245,51.57216762,25.72946573,269.68625,296.9767425,20.43914931,12.78183333,16.94285714,24.31895161,24.63504464
2025-05-05 16:30:00+00:00,436.4680141,51.6210138,25.81946886,272.803174,262.0711509,18.30928571,12.84863161,16.35948661,24.45384615,24.71333333
2025-05-05 16:45:00+00:00,434.1549324,52.33905499,25.73366477,275.5157986,224.5037573,16.30643791,12.9292415,17.09466667,24.5,24.66265083
2025-05-05 17:00:00+00:00,430.9799849,52.14716919,25.65953388,278.9440699,173.0534092,13.84923002,12.77008771,17.04046131,24.47896505,24.6
2025-05-05 17:15:00+00:00,429.1062468,52.0856257,25.52194139,281.6704655,142.5586651,11.8788673,12.72600394,16.1328869,24.55640212,24.59064891
2025-05-05 17:30:00+00:00,428.7697829,51.86968328,25.45795455,284.763373,75.39236895,9.696537698,12.56154688,16.99970238,24.6,24.5
2025-05-05 17:45:00+00:00,426.7370379,52.22599206,25.35932018,287.9549673,70.77244814,7.5046875,12.11255997,17.24039216,24.5875,24.45625
2025-05-05 18:00:00+00:00,425.1131943,13.41503748,25.3,290.9708114,65.61319721,5.486607143,11.745625,15.36688312,24.5,24.44375
2025-05-05 18:15:00+00:00,424.7484657,0.0,25.3,293.8712942,40.07345426,3.670291246,11.43059428,15.488,24.5,24.5
2025-05-05 18:30:00+00:00,424.1991129,0.0,25.29427083,296.8025839,16.56045408,1.728185877,11.01966315,15.440625,24.5,24.43482143
2025-05-05 18:45:00+00:00,423.1114232,0.0,25.20054762,300.2517019,3.724555533,-0.222569444,10.43346688,15.34626623,24.5,24.4
2025-05-05 19:00:00+00:00,421.6422727,0.0,25.13908046,303.1983492,1.102239041,-1.986396825,10.11013757,15.15396825,24.5,24.4
2025-05-05 19:15:00+00:00,421.0445634,0.0,25.04369118,306.3456863,0.178285208,-3.754861111,9.656371862,14.92857143,24.5,24.36875
2025-05-05 19:30:00+00:00,420.2085302,0.0,24.97470238,309.398006,0.0,-5.372891865,9.256198413,14.6590625,24.56651786,24.3
2025-05-05 19:45:00+00:00,421.1132576,0.0,24.89895833,312.8117087,0.0,-7.078333333,8.82482197,14.32589286,24.53942308,24.2375
2025-05-05 20:00:00+00:00,419.6031463,0.0,24.80628655,315.9563095,0.0,-8.57952381,8.474666667,14.02,24.4,24.2
2025-05-05 20:15:00+00:00,419.611257,0.0,24.74261364,319.5733543,0.0,-10.10484375,8.282098214,13.63777778,24.4,24.13671875
2025-05-05 20:30:00+00:00,418.5,0.0,24.65,200.6669206,0.0,-6.775441919,4.736111111,5.964434524,24.35,24.05
2025-05-05 20:45:00+00:00,418.1751768,0.0,24.62263567,326.2498214,0.0,-12.63048604,7.986428571,12.88654762,24.3,24.02105655
2025-05-05 21:00:00+00:00,418.1487168,0.0,24.53005495,329.5998795,0.0,-13.70636693,7.843260813,12.58892857,24.3,24.0
2025-05-05 21:15:00+00:00,417.4184193,0.0,24.5,333.3545822,0.0,-14.75264137,7.789329365,12.19875,24.34851831,23.93761817
2025-05-05 21:30:00+00:00,417.5447609,0.0,24.45909091,336.9598929,0.0,-15.71547394,7.772521333,11.89386161,24.2,23.9
2025-05-05 21:45:00+00:00,416.7822222,0.0,24.4,340.6542219,0.0,-16.51030303,7.594127706,11.59904762,24.2,23.9
2025-05-05 22:00:00+00:00,416.7483497,0.0,24.36731579,344.20394,0.0,-17.16888799,7.44124053,11.3014881,24.23893421,23.83636364
2025-05-05 22:15:00+00:00,416.3494078,0.0,24.3,348.0151519,0.0,-17.68806999,7.26173906,11.0297247,24.12864583,23.8
2025-05-05 22:30:00+00:00,415.9927803,0.0,24.2328125,351.5974822,0.0,-18.0347123,7.06542577,10.77819444,24.1,23.74305556
2025-05-05 22:45:00+00:00,415.7625,0.0,24.2,355.4712187,0.0,-18.29083333,7.106004762,10.53296703,24.13121569,23.7
2025-05-05 23:00:00+00:00,416.1275237,0.0,24.10324379,211.0779972,0.0,-18.375,7.390428571,10.34375,24.01297515,23.67291667
2025-05-05 23:15:00+00:00,415.7164691,0.0,24.1,2.924607843,0.0,-18.34515625,7.237367086,10.04375,24.0,23.6
2025-05-05 23:30:00+00:00,416.0,0.0,24.0032463,6.851180417,0.0,-18.17257937,6.743806397,9.9,24.0,23.6
2025-05-05 23:45:00+00:00,416.4904741,0.0,24.0,10.5549079,0.0,-17.85864426,6.489488935,9.804305556,24.00095747,23.6
2025-05-06 00:00:00+00:00,416.9110963,0.0,23.95085938,14.38058824,0.0,-17.37485119,6.336770833,9.7,23.9,23.53854167
2025-05-06 00:15:00+00:00,416.9662532,0.0,23.9,18.07375,0.0,-16.78645833,6.279166667,9.62,23.9,23.5
2025-05-06 00:30:00+00:00,416.3351622,0.0,23.9,20.90803571,0.0,-16.2247619,6.347037037,9.466666667,23.89479328,23.48666667
2025-05-06 00:45:00+00:00,416.7896825,0.0,23.81464286,24.17042017,0.0,-15.52875,6.3140625,9.4,23.8,23.4
2025-05-06 01:00:00+00:00,416.9375,0.0,23.8,27.53071895,0.0,-14.68263889,6.244513889,9.3375,23.8,23.4
2025-05-06 01:15:00+00:00,416.862963,0.0,23.78518519,32.12286772,0.0,-13.20031746,6.111190476,9.213333333,23.8,23.4
2025-05-06 01:30:00+00:00,416.8693182,0.0,23.7,35.79938842,0.0,-11.94666667,6.370727164,9.2,23.78678571,23.4
2025-05-06 01:45:00+00:00,416.039055,0.0,23.7,39.26505304,0.0,-10.61651786,6.636116186,9.1209375,23.7,23.38697917
2025-05-06 02:00:00+00:00,415.2757786,0.0,23.7,42.71207856,0.0,-9.133252841,6.897970328,9.1,23.7,23.3
2025-05-06 02:15:00+00:00,415.4325926,0.0,23.69301587,46.04070076,0.0,-7.695050505,7.121594589,9.1,23.7,23.3
2025-05-06 02:30:00+00:00,415.315625,0.0,23.6,49.06263889,0.0,-6.174925144,7.42125,9.1,23.7,23.3
2025-05-06 02:45:00+00:00,415.3090278,0.0,23.6,52.39973731,0.017390289,-4.407820513,7.845775423,9.1375,23.77250631,23.23579545
2025-05-06 03:00:00+00:00,415.1982212,45.60010711,23.56388158,55.58451986,0.375313437,-2.68631967,8.394134581,12.55238095,23.63352404,23.2
2025-05-06 03:15:00+00:00,415.5058333,51.77615123,23.5,58.82251488,2.285485948,-0.849340548,8.665173232,24.15272619,23.57655556,23.17655678
2025-05-06 03:30:00+00:00,417.924212,51.34779325,23.5,61.70934975,4.822071604,0.784030258,8.774052083,16.99900298,23.50178571,23.1
2025-05-06 03:45:00+00:00,418.8393552,51.90699005,23.5,64.80334325,7.986943316,2.803730159,8.634980272,19.63770833,23.5,23.1
2025-05-06 04:00:00+00:00,420.4464962,65.97707199,23.43055556,67.73802083,14.33962346,4.738306878,8.62,17.25425926,23.5,23.1
2025-05-06 04:15:00+00:00,423.1950135,96.19574517,23.4,70.6827877,21.26937668,6.639422123,8.740714414,18.29977273,23.5,23.040625
2025-05-06 04:30:00+00:00,423.9013441,128.4477978,23.4,73.7894385,29.0844039,8.771800595,8.940842803,17.2186756,23.55878497,23.01927083
2025-05-06 04:45:00+00:00,426.9460131,156.7811052,23.34358553,76.78377804,31.58288671,10.86998798,9.148742655,17.23708333,23.54665472,23.1
2025-05-06 05:00:00+00:00,427.6603865,182.0712593,23.28318139,79.84936508,33.48790987,12.96934921,9.185047619,17.03333333,23.49692308,23.00285714
2025-05-06 05:15:00+00:00,430.1715643,195.5366102,23.20769946,82.72666396,67.10024884,14.97873377,9.469159091,17.0,23.5,23.0
2025-05-06 05:30:00+00:00,444.9927054,216.7291813,23.29198864,86.01596554,219.8399411,17.22543651,10.18115079,17.05,23.39796053,23.0
2025-05-06 05:45:00+00:00,436.124183,235.8933333,23.244375,89.09970486,272.6461272,19.43798115,10.61393353,17.2,23.4,23.0
2025-05-06 06:00:00+00:00,431.5192968,249.8285128,23.1974359,92.11906266,162.9976398,21.55392008,10.80395876,17.22321429,23.3579703,22.9875
2025-05-06 06:15:00+00:00,436.1395389,262.4752381,23.12929688,95.20774172,138.2890995,23.71108631,10.38145912,16.85645833,23.3,22.9
2025-05-06 06:30:00+00:00,468.8425926,270.4326923,23.1,98.74205882,369.7061871,26.06637255,10.79582522,17.01818182,23.29166667,22.9
2025-05-06 06:45:00+00:00,492.7391754,273.563216,23.1,101.660119,420.3816431,27.95050529,11.25688095,17.2,23.24658383,22.9
2025-05-06 07:00:00+00:00,595.4057162,273.6928543,23.16690558,105.0438492,336.6312559,29.98376736,11.48623264,17.06614583,23.4814752,23.0116211
2025-05-06 07:15:00+00:00,630.778189,269.6966098,23.33069225,108.6977515,391.9727923,32.15620755,11.44798113,16.71875,23.87277473,23.2
2025-05-06 07:30:00+00:00,610.6837466,271.1783331,23.5096776,111.9563874,337.3575712,34.07240408,11.79607961,17.07455357,24.12373586,23.31760462
2025-05-06 07:45:00+00:00,593.7022238,272.1395129,23.5,115.9535869,414.1071222,36.22632234,12.37378788,16.78571429,24.3762836,23.4
2025-05-06 08:00:00+00:00,650.5175609,266.8912851,23.59336261,119.4469011,498.8292285,37.92804123,12.44468531,16.71374369,24.31563131,23.34603175
2025-05-06 08:15:00+00:00,674.7454942,274.1405423,23.72569329,123.7117965,522.3916142,39.8946733,12.75980091,17.01169508,24.42909025,23.60259241
2025-05-06 08:30:00+00:00,667.3426196,266.4654472,23.89790476,127.5732143,475.6467434,41.47133333,12.95768254,17.14062937,24.59968254,23.9
2025-05-06 08:45:00+00:00,660.2782034,268.3022533,23.90119048,131.8297386,588.3076192,43.14236111,12.86381845,17.1609375,24.54781815,23.9
2025-05-06 09:00:00+00:00,633.9869573,267.4352966,23.90520468,136.4311111,532.9303555,44.83486111,13.00186869,17.21333333,24.43027099,23.95354167
2025-05-06 09:15:00+00:00,549.1598124,267.6711084,23.8675,141.2178792,688.186168,46.27958333,13.22107143,17.1275641,24.5,23.5375
2025-05-06 09:30:00+00:00,490.6112142,265.0586081,23.7997807,145.9100293,664.0255089,47.459375,13.26582942,16.90833333,24.47390351,23.4
2025-05-06 09:45:00+00:00,463.7487923,265.8155922,23.67509317,151.598265,684.6510728,48.77047619,13.62316349,17.04,24.07509317,23.6768254
2025-05-06 10:00:00+00:00,474.6938082,270.0662002,23.51439076,156.3316394,708.6467986,49.63320313,13.88452298,17.075,24.02845455,23.76813328
2025-05-06 10:15:00+00:00,484.3467073,264.3363333,23.45229167,161.5573231,715.2991702,50.38678075,14.25350801,17.20364583,24.30144231,23.85822917
2025-05-06 10:30:00+00:00,480.5324716,259.8032911,23.4,167.7494754,709.7040547,51.04910256,13.82642857,16.99904762,24.12762445,23.85733333
2025-05-06 10:45:00+00:00,478.3076087,262.81875,23.4,173.0241071,717.2282639,51.47015625,13.82378348,16.96071429,23.84664063,23.7125
2025-05-06 11:00:00+00:00,542.6735825,269.5955219,23.42173611,179.2256313,703.7845483,51.625,13.56274012,17.021875,24.11336806,23.70714286
2025-05-06 11:15:00+00:00,665.6832897,276.280017,23.72634821,184.2365675,715.3846687,51.6,13.78933333,17.18395238,24.13878788,23.73418687
2025-05-06 11:30:00+00:00,672.0003731,274.9576844,23.80711174,189.7944372,720.5534391,51.30483225,13.75336039,17.225,24.1,23.60872596
2025-05-06 11:45:00+00:00,665.8208729,275.1724946,24.02195139,195.7072405,713.6821559,50.86392705,13.43061626,17.12410714,24.13697917,23.7618852
2025-05-06 12:00:00+00:00,635.7193817,271.5538267,23.97193826,201.3406863,622.5335093,50.12482639,13.28972917,17.09583333,24.15026358,23.73215278
2025-05-06 12:15:00+00:00,618.9321713,277.6469421,23.81453086,206.7990913,656.7763437,49.26288889,13.26737928,17.05233333,24.17625926,23.70066667
2025-05-06 12:30:00+00:00,610.4451894,275.1627778,23.71291667,211.9849643,618.7882915,48.213125,13.16846591,17.14125,23.77170455,23.62120536
2025-05-06 12:45:00+00:00,594.2497364,273.3175781,23.8061899,216.9341821,621.9934262,46.9571131,12.92946007,16.80625,23.8,23.39455128
2025-05-06 13:00:00+00:00,559.6902568,270.9763921,23.88171503,221.3992831,645.4444432,45.70870727,13.11352036,17.09022222,23.8,23.27409226
2025-05-06 13:15:00+00:00,460.7909711,268.2990916,23.68661173,225.9630434,646.6109349,44.25801606,13.05553953,17.21922222,23.73934869,23.25726318
2025-05-06 13:30:00+00:00,501.4036797,271.0171878,23.6717292,230.5880112,620.3067093,42.56657738,13.05184821,17.014375,23.78797314,23.32888258
2025-05-06 13:45:00+00:00,571.6811904,273.4500486,23.82602759,234.6732003,592.2490411,40.89792163,13.50084697,17.16458333,23.90168407,23.32609321
2025-05-06 14:00:00+00:00,662.2024602,102.2818704,24.24066667,239.0769762,564.6349367,38.92647297,13.15740263,16.88977778,24.038,23.39777778
2025-05-06 14:15:00+00:00,768.8303404,102.1411071,24.72526042,242.8119716,526.1348961,37.1197601,13.43326389,16.73705357,24.26325,23.59419643
2025-05-06 14:30:00+00:00,633.5022222,73.02585227,24.84958333,246.5255366,512.480283,35.12728175,13.42209821,16.76875,24.53087713,23.73125
2025-05-06 14:45:00+00:00,480.3136364,51.84578544,24.79611111,249.9388685,504.2968603,33.30935897,13.07060256,16.89528571,24.68722222,23.91566667
2025-05-06 15:00:00+00:00,461.4134336,51.96521831,25.03556855,253.1541176,482.8457787,31.5225,13.34875,17.10071925,24.86493389,24.10178637
2025-05-06 15:15:00+00:00,449.7738796,51.86150547,25.16643664,257.1916071,443.6870895,28.95196429,13.24333401,16.97261905,25.10877318,24.25069444
2025-05-06 15:30:00+00:00,448.6078431,52.0783046,25.235,260.5457983,371.3751567,26.82486607,13.14860119,16.97743056,25.23125,24.39375
2025-05-06 15:45:00+00:00,452.8679735,51.86842392,25.43331421,263.5853333,356.2785424,24.78216667,13.13574259,17.26666667,25.39999044,24.54166667
2025-05-06 16:00:00+00:00,448.3258994,51.38248146,25.51288876,266.7392857,295.1313509,22.71741071,13.13469494,16.97692308,25.49621711,24.61681548
2025-05-06 16:15:00+00:00,444.7396242,52.05078431,25.59463235,269.8707692,255.481622,20.52023275,12.97294643,17.0578125,25.55625,24.7
2025-05-06 16:30:00+00:00,441.1333333,51.85736468,25.75179487,273.0409846,213.8727188,18.37607346,12.66960784,16.85166667,25.58666667,24.78666667
2025-05-06 16:45:00+00:00,439.8166789,50.83749316,25.6991342,276.0259944,143.6544772,16.29265188,12.67170928,16.8875,25.55844156,24.79951923
2025-05-06 17:00:00+00:00,444.6648985,51.79255992,25.52725,278.9706496,87.4881125,14.25793136,12.43232704,16.40208333,25.56522917,24.70535714
2025-05-06 17:15:00+00:00,445.9474984,50.84918637,25.5,281.8974912,91.38171974,12.17009425,11.99131629,16.76606376,25.51911953,24.7
2025-05-06 17:30:00+00:00,440.8514442,51.95703721,25.5,285.0883333,101.0231472,9.905634921,11.69047619,15.88333333,25.42842328,24.7
2025-05-06 17:45:00+00:00,437.0045408,52.48150178,25.5,287.9370603,70.2704494,7.917182765,11.5694212,17.29704861,25.4,24.66145833
2025-05-06 18:00:00+00:00,437.096356,21.7350915,25.44976801,290.8076117,39.65801767,5.977363366,11.26188304,17.12953125,25.32996795,24.6206044
2025-05-06 18:15:00+00:00,440.3702652,0.0,25.4,294.1994366,19.36223846,3.906388889,10.85775758,17.74222222,25.2620411,24.6
2025-05-06 18:30:00+00:00,447.8619675,0.0,25.3025,297.1514773,8.865172084,1.97453125,10.5119839,18.09107143,25.2,24.6
2025-05-06 18:45:00+00:00,458.4718733,0.0,25.23269601,300.2870053,3.794346016,0.11427399,10.21409091,18.1,25.19813913,24.6
2025-05-06 19:00:00+00:00,476.5999216,0.0,25.19868421,303.4290826,1.034224321,-1.737938936,9.827743428,17.99375,25.1,24.5602983
2025-05-06 19:15:00+00:00,488.9579797,0.0,25.10384615,306.553543,0.16847756,-3.508203186,9.552450143,17.51148148,25.03961988,24.52839087
2025-05-06 19:30:00+00:00,476.7080484,0.0,25.04867241,309.6517609,0.0,-5.187896825,9.262070189,16.88883929,25.02650828,24.44848039
2025-05-06 19:45:00+00:00,472.7819656,0.0,25.0,312.7446703,0.0,-6.685989358,9.089305289,16.31785714,24.94629187,24.4
2025-05-06 20:00:00+00:00,466.2478079,0.0,24.90227273,316.0035906,0.0,-8.255138889,8.973066604,15.63958333,24.87176316,24.4
2025-05-06 20:15:00+00:00,459.2462356,0.0,24.81027778,319.4621875,0.0,-9.715166667,8.867,15.19133333,24.8,24.34
2025-05-06 20:30:00+00:00,452.3559028,0.0,24.74973958,322.8864052,0.0,-11.026875,8.7203125,14.78802083,24.74325,24.3
2025-05-06 20:45:00+00:00,447.7642441,0.0,24.7,326.1780303,0.0,-12.30123106,8.600252525,14.46041667,24.7,24.21423611
2025-05-06 21:00:00+00:00,444.4366089,0.0,24.649375,330.0125458,0.0,-13.56111111,8.383349931,14.14208333,24.65135417,24.2
2025-05-06 21:15:00+00:00,442.1908065,0.0,24.58492754,333.623471,0.0,-14.58993651,8.5643,13.909,24.6,24.11301587
2025-05-06 21:30:00+00:00,439.8019202,0.0,24.5,337.0752746,0.0,-15.45770089,8.923229843,13.74348958,24.54616477,24.1
2025-05-06 21:45:00+00:00,436.7257902,0.0,24.5,340.7408409,0.0,-16.20376603,8.920074405,13.5796875,24.5,24.018125
2025-05-06 22:00:00+00:00,435.3186594,0.0,24.46583333,344.0848738,0.0,-16.81369516,9.215159127,13.346,24.5,24.0
2025-05-06 22:15:00+00:00,434.126875,0.0,24.4,348.109785,0.0,-17.42035342,9.397267157,13.00416667,24.50016835,23.92578125
2025-05-06 22:30:00+00:00,432.9285256,0.0,24.330625,351.629342,0.0,-17.75541823,9.389264734,12.75,24.4,23.9
2025-05-06 22:45:00+00:00,431.7129121,0.0,24.3,355.1455556,0.0,-17.9975,9.451666667,12.525,24.45934725,23.9
2025-05-06 23:00:00+00:00,431.0981646,0.0,24.23333333,201.8098859,0.0,-18.09333333,9.413352381,12.30916667,24.3,23.86
2025-05-06 23:15:00+00:00,428.6558491,0.0,24.2,2.847938434,0.0,-18.06822917,9.521237547,12.014375,24.36790995,23.8
2025-05-06 23:30:00+00:00,429.0543614,0.0,24.16858766,6.546578283,0.0,-17.93499053,9.728459851,11.72838542,24.21682842,23.77121212
2025-05-06 23:45:00+00:00,428.3502802,0.0,24.1,10.35185185,0.0,-17.66060606,9.490909091,11.54141414,24.2,23.7
2025-05-07 00:00:00+00:00,428.0,0.0,24.1,14.22174242,0.0,-17.145005,9.15974026,11.28452381,24.27142857,23.67605519
2025-05-07 00:15:00+00:00,428.0359023,0.0,24.00363303,17.81354167,0.0,-16.53780849,8.815634921,11.128125,24.10363303,23.6
2025-05-07 00:30:00+00:00,427.7739846,0.0,24.0,21.62806213,0.0,-15.84663149,8.396889656,10.95625,24.1,23.6
2025-05-07 00:45:00+00:00,427.7075,0.0,23.97073529,25.3914377,0.0,-14.94415675,8.150653409,10.6921875,24.0717777,23.6
2025-05-07 01:00:00+00:00,428.9773806,0.0,23.9,28.55488095,0.0,-14.02711111,8.748531926,10.47222222,24.0,23.57263158
2025-05-07 01:15:00+00:00,428.4358883,0.0,23.9,32.10511841,0.0,-12.94990869,9.277909226,10.22083333,24.0,23.5
2025-05-07 01:30:00+00:00,429.1283679,0.0,23.81537416,35.52031674,0.0,-11.75201923,8.962987013,10.05625,24.01926253,23.5
2025-05-07 01:45:00+00:00,429.3056651,0.0,23.8,39.29051513,0.0,-10.33209681,9.748241568,9.81875,23.9,23.4375
2025-05-07 02:00:00+00:00,429.2141754,0.0,23.8,42.59428571,0.0,-8.95407672,8.747133333,9.670666667,23.9,23.46743146
2025-05-07 02:15:00+00:00,430.0454545,0.0,23.71677083,45.8750648,0.0,-7.499582362,7.420364583,9.50625,23.88723958,23.4
2025-05-07 02:30:00+00:00,429.0935272,0.0,23.7,48.74954703,0.0,-6.095408775,7.105794071,9.475,23.8,23.4
2025-05-07 02:45:00+00:00,430.3061497,0.0,23.7,52.40295139,0.149565657,-4.203730159,7.447138889,9.306666667,23.8,23.35444444
2025-05-07 03:00:00+00:00,430.6694444,24.62367725,23.65568182,55.17270833,0.89506016,-2.630871212,8.213058824,10.16466165,23.78930556,23.3
2025-05-07 03:15:00+00:00,430.7604551,56.18385331,23.58636364,58.42740501,4.236027499,-0.792787889,10.33701786,22.18276515,23.7,23.22526042
2025-05-07 03:30:00+00:00,431.5743862,56.34447375,23.5,61.5576572,13.22974429,1.017083333,10.17964461,17.99441103,23.70868463,23.2
2025-05-07 03:45:00+00:00,433.3323954,56.01301935,23.5,64.55273016,24.82567074,2.869320411,9.74785263,19.72857143,23.65185185,23.19777778
2025-05-07 04:00:00+00:00,434.5334694,68.36816755,23.5,67.26958249,44.42367269,4.599929138,10.1809127,18.80909091,23.6,23.10625
2025-05-07 04:15:00+00:00,437.3009868,107.5288949,23.5,70.99193311,77.98333088,7.15819161,9.925178571,17.98394558,23.6,23.1
2025-05-07 04:30:00+00:00,442.9708604,145.8618893,23.47105114,73.55491087,106.5957336,8.893154762,9.872083333,17.69919643,23.62985577,23.1
2025-05-07 04:45:00+00:00,445.9916182,180.182519,23.4,76.63150746,132.6696319,11.09037037,9.861558923,17.40666667,23.50051282,23.09916667
2025-05-07 05:00:00+00:00,444.8501814,208.9585397,23.34821429,79.01732026,157.8540127,12.61770833,9.716666667,17.4,23.41040476,23.00593891
2025-05-07 05:15:00+00:00,447.8672269,228.7877739,23.3,82.82962798,196.5482113,15.38196181,9.84390625,17.34375,23.46903409,23.0
2025-05-07 05:30:00+00:00,455.3850984,248.426604,23.21111111,85.75969888,228.7391596,17.34424603,10.56643849,16.9468254,23.5,23.03125
2025-05-07 05:45:00+00:00,446.8390523,264.3127103,23.2,88.61496897,257.4142797,19.42087846,10.89240563,17.06666667,23.5,23.00604396
2025-05-07 06:00:00+00:00,452.0318709,269.0633256,23.18016304,91.80901321,290.9044243,21.70816822,10.80380428,17.1,23.88377926,22.98035714
2025-05-07 06:15:00+00:00,461.0076479,270.7972121,23.1,94.68151664,311.9581702,23.64782625,11.19406277,16.895625,24.2561351,22.9
2025-05-07 06:30:00+00:00,495.6340343,269.9273276,23.11892857,98.2103998,351.7597415,25.94651786,11.63464353,16.92303571,24.34660252,22.9
2025-05-07 06:45:00+00:00,521.1609041,266.9045069,23.2,101.5398889,393.3970076,28.14242593,11.71051323,16.78520635,24.43981554,22.9
2025-05-07 07:00:00+00:00,509.8528571,267.8890783,23.1809375,104.799125,424.092112,30.06890625,12.32029688,16.73899554,24.55664063,23.01375
2025-05-07 07:15:00+00:00,493.3923301,268.057419,23.1,108.3130517,452.8864762,32.25866293,12.56910112,16.93819444,24.59375,23.38389051
2025-05-07 07:30:00+00:00,493.5569281,272.4063053,23.1,111.9183917,485.5263721,34.33026786,12.93579343,16.7999442,24.65041667,23.62296875
2025-05-07 07:45:00+00:00,489.9088889,272.1633127,23.1,115.674422,505.9210504,36.2918157,13.04153824,16.89491272,24.78117647,23.75429476
2025-05-07 08:00:00+00:00,515.2337688,266.5449784,23.1099774,119.4828758,575.214516,38.19423217,13.28711013,17.00957589,24.52486301,23.64925789
2025-05-07 08:15:00+00:00,505.8710309,266.8177778,23.12611111,123.4807831,540.2302327,40.0251376,13.42822748,16.91832265,24.08530382,23.36255176
2025-05-07 08:30:00+00:00,529.877657,266.0265152,23.2,127.8193728,603.3967855,41.90368114,13.59689601,16.9,24.04914773,23.35011161
2025-05-07 08:45:00+00:00,563.5173938,265.3382309,23.28725955,132.0401024,633.4494286,43.5555371,13.82047377,17.08976094,23.98028986,23.293
2025-05-07 09:00:00+00:00,583.9218457,264.1807578,23.42727543,136.3889479,636.0108881,45.02558788,14.17579004,16.9,24.06964286,23.2
2025-05-07 09:15:00+00:00,592.6646385,268.457037,23.55388889,141.0547685,656.6770618,46.40572917,14.09297396,16.87901786,24.1665625,23.17933177
2025-05-07 09:30:00+00:00,592.9451152,266.4527853,23.5775,146.144573,677.7343724,47.86113899,14.59726299,17.13849432,24.19926587,23.42421081
2025-05-07 09:45:00+00:00,591.0321195,271.6337662,23.60436508,151.2865855,658.2061426,49.01297142,14.44783478,17.1,24.18831169,23.45352966
2025-05-07 10:00:00+00:00,594.4804894,261.7824837,23.63111111,156.4345495,663.4516516,49.95199689,14.28823972,17.07861111,23.86412359,23.5
2025-05-07 10:15:00+00:00,557.5252899,265.1340224,23.5348836,161.9294448,711.8180799,50.73235605,14.30973763,16.92388889,23.74122222,23.27545635
2025-05-07 10:30:00+00:00,481.465735,267.5930272,23.47672619,167.4974867,721.3143839,51.3355887,14.55959663,17.05190476,23.8,23.21074114
2025-05-07 10:45:00+00:00,488.865713,266.7077529,23.45444444,172.8951262,677.5607466,51.67557818,13.94063959,16.92210256,23.71201178,23.22780186
2025-05-07 11:00:00+00:00,632.0664134,269.3993502,23.49943215,178.8198046,717.9098929,51.9,14.4869007,17.35498413,23.95118502,23.33496709
2025-05-07 11:15:00+00:00,691.0190896,272.5403968,23.65541667,184.6139135,785.526409,51.845,15.45510924,17.49377778,24.17333333,23.445
2025-05-07 11:30:00+00:00,675.3262755,273.5943878,23.75714286,190.225873,613.2509308,51.58538795,14.90928102,17.19285714,24.1,23.45026786
2025-05-07 11:45:00+00:00,681.3497529,273.6544037,23.8,195.7415563,569.5808658,51.08611391,14.9468963,17.07492063,24.1,23.41079121
2025-05-07 12:00:00+00:00,625.5375267,271.4165539,23.81326023,201.4061884,747.7564277,50.41757439,15.59935119,17.20356172,24.1,23.21002849
2025-05-07 12:15:00+00:00,498.7459471,269.6097667,23.6437037,206.7516635,740.8786967,49.52543334,16.01703267,17.18555556,23.94152439,23.28379054
2025-05-07 12:30:00+00:00,471.0753968,272.4653536,23.55,211.7489479,711.6315565,48.51618696,15.9586515,17.13095238,23.7484127,23.11607143
2025-05-07 12:45:00+00:00,465.4792157,282.2637121,23.5,217.014248,725.2366769,47.24063916,15.95482563,17.19582621,23.7,23.09603175
2025-05-07 13:00:00+00:00,460.611572,275.1313929,23.5,221.5070811,328.861546,45.97496296,15.66561481,16.6137963,23.7,23.18886071
2025-05-07 13:15:00+00:00,455.3405142,266.7702307,23.48555556,226.4502602,682.8799244,44.37596032,15.77161852,17.01830688,23.7,23.3
2025-05-07 13:30:00+00:00,449.7496316,274.846495,23.47952381,230.0580265,574.4765853,43.03511578,15.75426504,16.81313187,23.61054904,23.3468254
2025-05-07 13:45:00+00:00,445.0227536,271.0947631,23.5,233.3937831,609.7367967,41.7108042,15.00846561,16.87466667,23.67204482,23.4
2025-05-07 14:00:00+00:00,441.0777808,103.1615184,23.625,238.9175767,423.3932376,39.33081481,15.69539972,17.31444444,23.85055556,23.49333333
2025-05-07 14:15:00+00:00,443.8781328,55.07187519,23.77230408,242.5851084,197.1141241,37.5601964,16.0179189,16.6088664,24.0,23.56074074
2025-05-07 14:30:00+00:00,443.6917167,53.99208285,23.87007743,246.6645833,209.0736522,35.43472222,16.30755013,17.3135436,24.10257743,23.5360989
2025-05-07 14:45:00+00:00,442.9168137,54.4652352,24.1,250.0777131,155.1257009,33.56467603,15.69284656,16.70171754,24.19875,23.59709402
2025-05-07 15:00:00+00:00,440.96491,54.61210707,24.03305556,253.7469233,90.77384555,31.43640212,15.12177249,16.94027056,24.1672,23.53203042
2025-05-07 15:15:00+00:00,441.7655071,53.43511745,24.0,257.0542668,77.21636023,29.39459318,14.64686802,17.28763533,24.2,23.50177778
2025-05-07 15:30:00+00:00,441.6762805,54.27143642,24.0,260.0398333,80.88048086,27.51877241,14.30967782,16.1789933,24.2,23.50839172
2025-05-07 15:45:00+00:00,438.6649346,53.65098039,24.0,263.8386688,133.9117125,25.01355459,14.00410053,16.51121212,24.16814815,23.6
2025-05-07 16:00:00+00:00,436.76,54.56442217,24.0,267.0798283,142.7319775,22.83207648,14.22054113,16.77857143,24.192,23.6
2025-05-07 16:15:00+00:00,436.5397207,53.90416667,24.07792208,269.6425794,113.1399613,21.07539683,14.06370851,16.89047619,24.3,23.6
2025-05-07 16:30:00+00:00,442.7810194,53.84335888,24.08916667,272.9291821,229.9501283,18.77723674,14.38821351,16.54359163,24.33881599,23.63852548
2025-05-07 16:45:00+00:00,440.2043651,54.81753968,24.37140476,276.0030202,230.4409054,16.61528199,14.71561995,17.35486508,24.50735714,23.80687879
2025-05-07 17:00:00+00:00,437.6517908,53.60380303,24.51491429,278.9707598,197.8709945,14.53797384,14.53782766,16.51461905,24.62666667,23.9845
2025-05-07 17:15:00+00:00,434.8520369,54.93107993,24.50844671,282.2295406,165.4675236,12.24589438,14.09872802,17.13214286,24.75436508,24.00952381
2025-05-07 17:30:00+00:00,433.6468783,54.82376029,24.55333333,284.9500609,131.2061712,10.34571945,13.95177449,16.94121693,24.828,24.1
2025-05-07 17:45:00+00:00,430.8730556,54.13890212,24.6,288.2012894,97.20846833,8.10163431,13.53636697,16.7824359,24.7,24.1
2025-05-07 18:00:00+00:00,429.1311793,16.07001949,24.6,291.0055488,63.96063655,6.197706044,13.19810671,18.18564935,24.7,24.1
2025-05-07 18:15:00+00:00,429.8845779,0.0,24.6,294.2333858,40.59586941,4.111303855,12.78413265,18.3,24.7,24.1
2025-05-07 18:30:00+00:00,427.7212121,0.0,24.6,297.3222143,12.65223089,2.178134921,12.2928254,18.14186508,24.7,24.1
2025-05-07 18:45:00+00:00,426.4733333,0.0,24.55212121,300.3593896,4.826476652,0.307538126,11.83444444,17.76263144,24.71316667,24.1
2025-05-07 19:00:00+00:00,427.0115741,0.0,24.5,303.5513046,1.513023828,-1.501264025,11.42560559,17.37055556,24.6,24.1
2025-05-07 19:15:00+00:00,425.6736406,0.0,24.5,306.6349033,0.355247882,-3.220643591,11.17691477,17.07919442,24.6,24.02821429
2025-05-07 19:30:00+00:00,425.273629,0.0,24.5,309.7632065,0.012444444,-4.893323533,11.02292231,16.76330303,24.59568627,24.0
2025-05-07 19:45:00+00:00,424.0839947,0.0,24.42883333,312.84111,0.0,-6.432140403,10.90846063,16.38861111,24.5,24.0
2025-05-07 20:00:00+00:00,424.6525661,0.0,24.4,316.4146598,0.0,-8.105368978,10.80714536,15.97166667,24.5,23.96
2025-05-07 20:15:00+00:00,424.4045984,0.0,24.4,319.1781937,0.0,-9.302765699,10.69581044,15.52091837,24.57071429,23.9
2025-05-07 20:30:00+00:00,423.7141667,0.0,24.30176852,322.9799471,0.0,-10.84834921,10.58445185,15.09466667,24.41591667,23.9
2025-05-07 20:45:00+00:00,423.8266747,0.0,24.3,326.5308332,0.0,-12.12559168,10.495,14.79479121,24.43333333,23.83767196
2025-05-07 21:00:00+00:00,423.9904762,0.0,24.27809524,329.7199611,0.0,-13.17915429,10.37638284,14.49501374,24.5,23.8
2025-05-07 21:15:00+00:00,424.04,0.0,24.2,333.3258041,0.0,-14.22733405,10.14075794,14.24294733,24.32088889,23.8
2025-05-07 21:30:00+00:00,423.6741414,0.0,24.2,336.9787712,0.0,-15.14780797,10.05927051,14.0337037,24.3,23.8
2025-05-07 21:45:00+00:00,423.987971,0.0,24.14517391,340.4677399,0.0,-15.9212381,10.06565692,13.76451852,24.39266667,23.708
2025-05-07 22:00:00+00:00,424.4152301,0.0,24.1,343.8888329,0.0,-16.5435925,9.942807329,13.59428571,24.22517007,23.7
2025-05-07 22:15:00+00:00,423.8558702,0.0,24.1,347.5611264,0.0,-17.04871052,9.717072105,13.43615633,24.2,23.68298148
2025-05-07 22:30:00+00:00,424.2472335,0.0,24.01533333,351.5466842,0.0,-17.4809532,9.367046805,13.36537037,24.28533333,23.60109253
2025-05-07 22:45:00+00:00,424.5528512,0.0,24.0,355.3711667,0.0,-17.75451984,9.037958333,13.14277778,24.3,23.6
2025-05-07 23:00:00+00:00,424.192658,0.0,24.0,205.0148922,0.0,-17.87276786,8.678404762,12.98412698,24.14061821,23.6
2025-05-07 23:15:00+00:00,424.112963,0.0,23.95533333,2.998428164,0.0,-17.81285714,8.609666667,12.87333333,24.14466667,23.6
2025-05-07 23:30:00+00:00,424.442963,0.0,23.9,6.855787749,0.0,-17.64632021,8.415351852,12.71333333,24.105,23.52428571
2025-05-07 23:45:00+00:00,425.1260417,0.0,23.9,10.77827381,0.0,-17.29148479,8.306388889,12.52424242,24.0,23.5
2025-05-08 00:00:00+00:00,424.437415,0.0,23.86536546,14.11634101,0.0,-16.88953973,8.367660425,12.33571429,24.07857143,23.5
2025-05-08 00:15:00+00:00,424.5463276,0.0,23.8,17.72433842,0.0,-16.27517338,7.980094434,12.15277778,24.09884058,23.499
2025-05-08 00:30:00+00:00,424.0422222,0.0,23.8,21.46977116,0.0,-15.5391561,7.885543643,11.96095238,23.92666667,23.4
2025-05-08 00:45:00+00:00,424.011501,0.0,23.76,25.15076923,0.0,-14.68835826,8.101025641,11.78403846,23.9,23.4
2025-05-08 01:00:00+00:00,423.6467713,0.0,23.7,28.5791083,0.0,-13.77028099,8.028952922,11.6015873,23.96569517,23.4
2025-05-08 01:15:00+00:00,425.5430556,0.0,23.7,31.93549552,0.0,-12.72740741,8.002166667,11.468,23.93185185,23.4
2025-05-08 01:30:00+00:00,425.2917521,0.0,23.7,35.55986416,0.0,-11.45052605,8.01464184,11.26522751,23.8,23.33754267
2025-05-08 01:45:00+00:00,426.2709921,0.0,23.64167558,38.9834064,0.0,-10.12912465,8.123583567,11.04851852,23.83116667,23.3
2025-05-08 02:00:00+00:00,426.0,0.0,23.6,42.36373355,0.0,-8.762679562,8.1,10.97944444,23.85383677,23.3
2025-05-08 02:15:00+00:00,426.9035189,0.0,23.6,45.4914411,0.0,-7.346594313,7.968856293,10.84945055,23.7,23.24149958
2025-05-08 02:30:00+00:00,426.9474747,0.0,23.6,48.90200142,0.0,-5.667276353,7.901514449,10.8,23.7,23.2
2025-05-08 02:45:00+00:00,426.7185386,0.0,23.54474074,51.99508203,0.1356,-4.073161297,7.956595341,10.8,23.7,23.2
2025-05-08 03:00:00+00:00,427.2979266,22.14666667,23.5,55.23510185,0.746567118,-2.276634921,8.276846021,10.88778245,23.75433092,23.2
2025-05-08 03:15:00+00:00,427.503288,60.62985158,23.5,58.19315476,2.183189033,-0.622857143,8.470238095,20.1322248,23.66198565,23.13462385
2025-05-08 03:30:00+00:00,429.3383333,58.46668534,23.5,61.38246825,4.523492196,1.254660053,8.614878307,19.50910823,23.6,23.1
2025-05-08 03:45:00+00:00,431.7636544,53.24837662,23.5,64.34212302,8.552048573,3.094799499,8.465827922,18.01460137,23.6,23.1
2025-05-08 04:00:00+00:00,433.9291667,63.36148148,23.41481481,67.57638523,15.59244767,5.192549858,8.448814815,17.26700337,23.6,23.1
2025-05-08 04:15:00+00:00,438.0867063,93.75042017,23.4,70.3207592,23.62598794,7.043216902,8.558516484,17.93115646,23.5210084,23.1
2025-05-08 04:30:00+00:00,442.6982944,123.0592538,23.4,73.4929127,36.81349859,9.198489011,8.664857937,16.82444444,23.5,23.1
2025-05-08 04:45:00+00:00,445.8679545,157.8106927,23.4,76.35529101,57.80507734,11.16823413,8.751074074,16.89098124,23.53611953,23.08813187
2025-05-08 05:00:00+00:00,446.9958222,187.1098371,23.36581159,79.44974554,65.58423799,13.34433271,8.80431297,16.94844444,23.51830155,23.0
2025-05-08 05:15:00+00:00,449.7989414,214.7527459,23.29233333,82.62160095,78.27779008,15.58862504,8.815021466,17.02529101,23.49653531,23.0
2025-05-08 05:30:00+00:00,458.8333333,227.0821637,23.2,85.5534232,114.7894362,17.62996885,8.974868796,16.9,23.49428571,23.0
2025-05-08 05:45:00+00:00,456.6933333,239.9432697,23.19884058,88.55510826,157.8468804,19.76311111,9.541831339,16.9,23.40083333,22.96666667
2025-05-08 06:00:00+00:00,457.4937037,250.5798246,23.13263158,91.75074165,247.1841702,21.96075066,10.30722222,16.90666667,23.3962963,22.9
2025-05-08 06:15:00+00:00,459.9708333,259.1669444,23.1,94.71237025,333.5726222,23.98031015,11.00637702,17.075,23.32211111,22.9030303
2025-05-08 06:30:00+00:00,509.6527603,273.3217437,23.1297619,98.100054,309.9503131,26.24707194,11.29583269,17.15915584,23.3,22.96508296
2025-05-08 06:45:00+00:00,648.9324897,268.9114588,23.22044942,101.1931091,221.8268556,28.273065,11.26131185,17.168,23.3,23.0
2025-05-08 07:00:00+00:00,670.3733333,268.7396104,23.49214286,104.8450192,475.2261837,30.57733838,11.20504294,17.02642857,23.39680375,23.31079321
2025-05-08 07:15:00+00:00,664.8870905,271.6382287,23.50170652,108.1758443,465.6733615,32.55474459,12.28993147,16.92740741,23.52518519,23.88297792
2025-05-08 07:30:00+00:00,596.6841349,266.6382256,23.43571429,111.7901291,485.6599077,34.60499321,13.19314493,16.87767857,23.62642857,23.97380952
2025-05-08 07:45:00+00:00,567.7462081,267.3759436,23.4,115.3807828,506.7419029,36.53791801,13.21765424,16.83481481,23.7,23.93385455
2025-05-08 08:00:00+00:00,572.0894017,266.474735,23.42615385,119.0632804,528.4276944,38.39922222,13.90703704,17.03333333,23.64769231,23.7232381
2025-05-08 08:15:00+00:00,565.4266667,266.8545455,23.5,122.614228,552.456818,40.02730159,14.80079103,17.07222222,23.5,23.7
2025-05-08 08:30:00+00:00,571.331677,265.4499293,23.5,127.4146927,580.7530006,42.07639031,14.45735974,16.85496032,23.55831693,23.69312833
2025-05-08 08:45:00+00:00,543.9835979,267.8688126,23.5,131.7125416,604.1588984,43.74915013,15.29796567,16.90266667,23.78592593,24.08377778
2025-05-08 09:00:00+00:00,613.0803922,271.4435088,23.63003934,136.3778036,626.4121108,45.36637517,14.29875577,17.03666667,23.8,24.386
2025-05-08 09:15:00+00:00,689.7909179,266.1409742,23.80533333,140.5935503,641.5474799,46.69014274,14.68309011,17.12472816,23.7309968,24.48666667
2025-05-08 09:30:00+00:00,671.0752801,269.6253576,23.9,146.0307256,664.1785679,48.10612245,14.65346677,17.10816327,23.55883929,24.55348214
2025-05-08 09:45:00+00:00,557.0395238,259.1005808,23.78465954,151.0396452,678.2739444,49.21,16.07430409,17.0067862,23.5,24.82103704
2025-05-08 10:00:00+00:00,524.7628956,261.3824837,23.72539683,156.3364828,693.5090878,50.19389652,15.1920394,16.98405622,23.61440359,24.43202988
2025-05-08 10:15:00+00:00,581.819793,267.8973638,23.65964912,161.7040055,598.6622372,51.01641541,15.51606866,17.06209957,23.97578898,23.78476296
2025-05-08 10:30:00+00:00,603.6183532,269.9023539,23.6,167.3404507,658.5921857,51.59250541,15.57534303,17.0,24.10380952,23.77959184
2025-05-08 10:45:00+00:00,612.0190476,269.8360269,23.67333333,173.1331994,719.6371484,51.99161681,16.30125218,17.18611111,24.20878788,24.12063492
2025-05-08 11:00:00+00:00,624.4961616,267.6407568,23.73866667,177.8458333,728.4914118,52.17375,17.07673056,17.37466667,24.27721362,24.2
2025-05-08 11:15:00+00:00,591.1797331,271.7267119,23.8,184.4897488,723.8854853,52.08377611,17.16037583,17.21247042,24.3007304,24.2
2025-05-08 11:30:00+00:00,605.6257746,274.1638868,23.79893048,190.1763152,733.6918567,51.83620181,17.08024943,16.89265615,24.03095663,24.08944444
2025-05-08 11:45:00+00:00,596.2654384,270.112555,23.8,195.8449344,740.7198006,51.38980159,16.93594246,17.02571429,24.10041667,23.99623932
2025-05-08 12:00:00+00:00,601.3859156,268.7419269,23.8,201.2004704,757.2310538,50.72033084,17.2358658,17.23474747,24.1,23.946
2025-05-08 12:15:00+00:00,603.3335152,275.3021064,23.8,206.8584127,802.5888118,49.78244444,17.38171429,17.08547881,24.07527778,23.82857143
2025-05-08 12:30:00+00:00,600.2459649,267.964929,23.77918616,212.1775015,542.4834264,48.72177271,17.55811153,17.44021825,23.78466165,23.65253968
2025-05-08 12:45:00+00:00,502.367198,265.2109841,23.67973333,216.9531088,197.2655035,47.5489427,16.16776106,16.1907037,24.03322751,23.4387146
2025-05-08 13:00:00+00:00,488.3651462,265.5505263,23.59226316,221.5483077,310.0290094,46.26767521,14.41747993,16.58631313,24.10230263,23.3973545
2025-05-08 13:15:00+00:00,525.6896653,267.3862745,23.65851852,226.6446686,533.5566362,44.58434318,14.51610317,17.07134615,24.10148148,23.40866667
2025-05-08 13:30:00+00:00,546.9248462,271.9498377,23.75267857,230.4214286,492.7519366,43.22857143,13.83238095,16.99744898,23.93887085,23.53320527
2025-05-08 13:45:00+00:00,519.3122744,268.1098144,23.74775,234.861641,188.9196285,41.44672894,13.23355311,16.50845238,23.87185185,23.7625641
2025-05-08 14:00:00+00:00,479.1161483,270.8088672,23.74099415,239.1842363,640.3310811,39.50869626,13.28922082,17.16666667,23.82525731,23.81988567
2025-05-08 14:15:00+00:00,467.8026852,264.4803439,23.88153947,243.1972989,490.813897,37.57044974,14.17290608,17.198,23.94835714,23.95026455
2025-05-08 14:30:00+00:00,455.5585084,267.4972521,24.04265306,246.6089059,299.1634412,35.80105087,13.67872139,16.78511905,23.96675483,24.06193476
2025-05-08 14:45:00+00:00,450.087037,265.7736111,24.01182407,250.4614226,335.004551,33.64099663,13.15295623,16.72489796,23.78841667,23.98703704
2025-05-08 15:00:00+00:00,543.4850794,98.5137037,24.15050794,254.1027824,575.177668,31.52555089,14.39397436,18.05654642,24.02168254,23.80736842
2025-05-08 15:15:00+00:00,778.4723312,106.2351852,24.59055556,257.5685205,464.3597265,29.43070707,15.38410199,16.80777778,24.10981481,23.89047619
2025-05-08 15:30:00+00:00,816.9348639,137.2128543,24.76133929,260.7503933,402.8063637,27.38282858,15.68065896,16.57294372,24.2,23.8
2025-05-08 15:45:00+00:00,762.0425872,104.518473,24.66157937,263.8488554,366.9850217,25.35351346,15.27591734,16.94,24.23496429,23.8737037
2025-05-08 16:00:00+00:00,539.5815119,53.68228769,24.50704805,266.7848122,337.9917192,23.38571419,14.91290598,16.93049206,24.3,23.9
2025-05-08 16:15:00+00:00,471.1258552,54.38611833,24.5,270.0410053,302.9647544,21.1210582,14.88349074,17.03285714,24.33851852,23.9
2025-05-08 16:30:00+00:00,452.5548773,53.94397392,24.5,273.2305669,267.5072087,18.89321368,14.88490757,17.02897698,24.4,23.95906537
2025-05-08 16:45:00+00:00,442.6462963,54.32111111,24.5,276.3984762,232.5931777,16.65235979,14.56444762,16.67733333,24.4,24.0
2025-05-08 17:00:00+00:00,439.9713624,54.72256092,24.5,279.3029227,202.1645883,14.62303521,14.65165221,17.18148291,24.48066051,24.0
2025-05-08 17:15:00+00:00,438.4125769,54.33962751,24.5,282.07774,173.151761,12.67856826,14.20851813,16.46892651,24.5,24.0
2025-05-08 17:30:00+00:00,435.1452381,53.35547619,24.5,285.3297222,131.1874537,10.40972222,14.21034829,16.85371429,24.5,24.0
2025-05-08 17:45:00+00:00,433.2679987,54.68179646,24.5,288.1367436,111.5210575,8.504223184,13.88080663,17.3645671,24.5,24.0
2025-05-08 18:00:00+00:00,431.8520816,14.17013496,24.5,291.470235,72.12444651,6.264871795,14.43283189,15.95,24.5881589,24.0
2025-05-08 18:15:00+00:00,432.420266,0.0,24.5,294.3418252,46.10362185,4.343575584,14.26332969,15.96913087,24.55395408,24.00340336
2025-05-08 18:30:00+00:00,431.6228903,0.0,24.5,297.3502896,22.13345095,2.442670755,13.98250362,15.85737374,24.6,24.09149758
2025-05-08 18:45:00+00:00,431.934099,0.0,24.5,300.4794964,7.589413801,0.555174964,13.39328248,15.72509259,24.55466667,24.0775
2025-05-08 19:00:00+00:00,431.8325926,0.0,24.5,303.7067188,1.89802328,-1.276863619,12.77687762,15.56484848,24.40414815,24.0677381
2025-05-08 19:15:00+00:00,430.6160667,0.0,24.5,306.7280754,0.457453103,-2.980555556,11.81263889,15.5,24.4,24.0
2025-05-08 19:30:00+00:00,430.0543386,0.0,24.5,309.897932,0.050296296,-4.674294058,11.3970816,15.41333333,24.4,24.0
2025-05-08 19:45:00+00:00,429.5293122,0.0,24.5,313.1751449,0.0,-6.29390639,11.351116,15.42666667,24.4,24.0
2025-05-08 20:00:00+00:00,431.2584749,0.0,24.5,316.4495667,0.0,-7.819015298,11.41518519,15.5,24.4,24.0
2025-05-08 20:15:00+00:00,433.8155446,0.0,24.5,319.396369,0.0,-9.083174603,11.33337302,15.5877551,24.4,24.0
2025-05-08 20:30:00+00:00,432.2152778,0.0,24.42333333,323.0559073,0.0,-10.54475568,10.98184034,15.6,24.4,23.99396825
2025-05-08 20:45:00+00:00,431.1259259,0.0,24.4,326.6636296,0.0,-11.89414021,10.67924444,15.51866667,24.44,23.9
2025-05-08 21:00:00+00:00,429.5879819,0.0,24.4,329.9602917,0.0,-12.93969697,10.65209977,15.38509942,24.36883117,23.9
2025-05-08 21:15:00+00:00,429.7037037,0.0,24.32962963,333.5620187,0.0,-13.99136752,11.11879528,15.09111111,24.3,23.9
2025-05-08 21:30:00+00:00,429.1879428,0.0,24.3,337.0356322,0.0,-14.90313533,10.42609955,14.8967366,24.3,23.89964912
2025-05-08 21:45:00+00:00,429.3011765,0.0,24.29777778,340.7052041,0.0,-15.67092775,10.0072146,14.68008628,24.33184314,23.8
2025-05-08 22:00:00+00:00,429.2478405,0.0,24.2,344.2957051,0.0,-16.28430054,10.71842103,14.40868275,24.23616071,23.8
2025-05-08 22:15:00+00:00,428.6940087,0.0,24.2,348.1076303,0.0,-16.86286338,10.46987139,14.10884848,24.2,23.8
2025-05-08 22:30:00+00:00,428.6444444,0.0,24.17137009,351.8266495,0.0,-17.2555194,11.07028758,13.73302448,24.2,23.73555556
2025-05-08 22:45:00+00:00,428.5902646,0.0,24.1,355.51765,0.0,-17.48040476,10.30090476,13.37703704,24.25888889,23.7
2025-05-08 23:00:00+00:00,428.1396104,0.0,24.1,224.3332984,0.0,-17.59894035,9.952894427,13.04869048,24.18571429,23.7
2025-05-08 23:15:00+00:00,428.1727778,0.0,24.08501587,2.848773109,0.0,-17.5454902,9.808580802,12.77066667,24.1,23.7
2025-05-08 23:30:00+00:00,428.6621268,0.0,24.0,6.598439487,0.0,-17.37777778,9.88620309,12.51726984,24.1,23.67888889
2025-05-08 23:45:00+00:00,428.2484308,0.0,24.0,10.55264672,0.0,-17.03384046,10.11113818,12.28355556,24.12533333,23.6
2025-05-09 00:00:00+00:00,429.0406396,0.0,23.98973214,14.00837217,0.0,-16.60631377,9.877060266,12.16761905,24.04003822,23.6
2025-05-09 00:15:00+00:00,429.7598865,0.0,23.9,17.71449044,0.0,-16.04555463,9.964662125,12.006,24.0,23.55807407
2025-05-09 00:30:00+00:00,428.4908333,0.0,23.9,21.53239418,0.0,-15.27669312,10.12041667,11.86666667,24.0,23.5
2025-05-09 00:45:00+00:00,428.3792947,0.0,23.8837037,25.14926698,0.0,-14.3987049,9.867509153,11.76666667,24.02951014,23.5
2025-05-09 01:00:00+00:00,428.238777,0.0,23.8,28.47845099,0.0,-13.48093304,9.256381561,11.7,23.9,23.5
2025-05-09 01:15:00+00:00,428.2050121,0.0,23.8,31.98804274,0.0,-12.41355556,9.097258974,11.7,23.9,23.42222222
2025-05-09 01:30:00+00:00,427.7208333,0.0,23.8,35.68131766,0.0,-11.15024929,9.279107346,11.6125,23.9,23.4
2025-05-09 01:45:00+00:00,427.6566138,0.0,23.72577778,39.01883489,0.0,-9.87563986,9.195328932,11.51333333,23.95051852,23.4
2025-05-09 02:00:00+00:00,428.4522589,0.0,23.7,42.4141804,0.0,-8.425799756,9.114739487,11.43892857,23.8,23.4
2025-05-09 02:15:00+00:00,428.0133333,0.0,23.7,45.53576313,0.0,-6.996798572,9.150259158,11.28866667,23.8,23.4
2025-05-09 02:30:00+00:00,427.8576618,0.0,23.7,48.68535568,0.0,-5.48040543,8.73522399,11.12517179,23.8,23.36270757
2025-05-09 02:45:00+00:00,429.0075828,0.0,23.7,52.08956125,0.216444444,-3.697606838,8.491999749,11.00533333,23.8,23.30444444
2025-05-09 03:00:00+00:00,428.3622449,25.31746032,23.66964286,55.21383929,1.288123016,-2.002876984,9.04968254,10.9,23.76428571,23.3329932
2025-05-09 03:15:00+00:00,428.8715457,55.99068783,23.6,58.30596212,4.154698413,-0.258301837,9.625072799,20.83044974,23.7,23.23794872
2025-05-09 03:30:00+00:00,430.0771693,55.5424736,23.50133333,61.36069228,10.84203545,1.513024133,10.09575165,19.60814286,23.75304525,23.2
2025-05-09 03:45:00+00:00,432.26,55.68148148,23.5,64.41578227,18.32396136,3.462927391,9.506257345,17.599819,23.73807407,23.2
2025-05-09 04:00:00+00:00,433.0063776,64.45657596,23.5,67.43360119,23.94430275,5.422202381,9.718338278,18.76577664,23.6,23.14902597
2025-05-09 04:15:00+00:00,437.0191994,102.6085233,23.47833333,70.24570476,27.82626874,7.310604122,9.594666667,17.39074747,23.6,23.1
2025-05-09 04:30:00+00:00,441.0562037,139.2993747,23.4,73.48464646,58.5793,9.520871332,9.723562963,17.23714286,23.58063492,23.1
2025-05-09 04:45:00+00:00,440.3205437,163.7353417,23.31806061,76.47246296,82.34194117,11.5540048,9.93679892,17.19606349,23.552,23.019
2025-05-09 05:00:00+00:00,442.7857143,187.2003968,23.3,79.44738619,90.87082481,13.66719519,10.20103022,16.82142857,23.50813492,23.0
2025-05-09 05:15:00+00:00,442.325303,210.0195791,23.28222222,82.36585185,172.1971761,15.74471429,10.38664286,16.8087619,23.46740741,22.99516667
2025-05-09 05:30:00+00:00,448.2407722,227.8420658,23.2,85.46708405,229.9128504,17.9129127,11.08485979,17.1107963,23.34525794,22.915
2025-05-09 05:45:00+00:00,458.8610544,242.9981726,23.2,88.46485784,273.8074216,20.02810122,11.74471119,17.09239332,23.4,22.98302808
2025-05-09 06:00:00+00:00,454.477567,252.499015,23.19266286,91.45538483,299.3395457,22.09883772,12.26271412,16.88095238,23.33449503,23.00551821
2025-05-09 06:15:00+00:00,459.8915517,264.6327208,23.10238095,94.65208242,338.1675119,24.28291143,12.60687521,17.18666667,23.53550899,23.17172697
2025-05-09 06:30:00+00:00,485.3763687,266.2404089,23.1,97.72368668,366.4739336,26.36529175,13.14757638,16.93259524,23.88366058,23.73760443
2025-05-09 06:45:00+00:00,537.7262459,264.0061824,23.1764787,101.2088466,404.0537009,28.61619048,13.37074123,16.9,24.07616071,24.03933023
2025-05-09 07:00:00+00:00,541.8444444,265.1945948,23.29555556,104.5197611,436.6852206,30.68512291,13.95677905,17.02116402,24.20518519,24.19725279
2025-05-09 07:15:00+00:00,533.7516628,264.5461936,23.3,108.0148237,462.0324853,32.78116465,14.31700299,17.14314038,24.28277413,24.1677347
2025-05-09 07:30:00+00:00,529.2325132,266.6644048,23.34066667,111.7031944,489.4160326,34.88067643,15.09743783,17.13174892,24.30830952,23.9486455
2025-05-09 07:45:00+00:00,526.3295202,266.5008929,23.4,115.2883565,516.3262315,36.81020267,15.50270181,17.015,24.32928571,23.60041115
2025-05-09 08:00:00+00:00,518.675817,269.5896296,23.40066667,118.1553836,533.4454545,38.26036415,15.65826455,17.17380952,24.40066667,23.56666667
2025-05-09 08:15:00+00:00,542.3765079,264.245,23.40814815,123.2379745,560.3525081,40.62791595,15.79341614,17.0,24.56525,23.62164907
2025-05-09 08:30:00+00:00,549.8279952,265.8302483,23.43166667,127.4421791,584.7569815,42.37379953,16.3828106,17.10827778,24.6,23.6
2025-05-09 08:45:00+00:00,547.560731,264.1662415,23.4,131.7138606,606.9658501,44.04087235,16.68494125,17.1476862,24.6,23.62857143
2025-05-09 09:00:00+00:00,532.4453786,267.7044009,23.42283333,136.21763,631.7581188,45.61174023,16.93490741,17.09321693,24.56732437,23.69681481
2025-05-09 09:15:00+00:00,552.8811795,263.3715037,23.52740741,140.9831925,647.3782331,47.06548071,17.06863151,17.0089899,24.6,23.7
2025-05-09 09:30:00+00:00,549.7488722,262.6591639,23.55120594,145.8752435,663.6510318,48.36394841,16.86669267,17.20704082,24.48223949,23.64632653
2025-05-09 09:45:00+00:00,564.4571429,264.982363,23.5311463,151.0482275,680.5382254,49.52935897,16.37370106,16.7447619,24.31512821,23.6
2025-05-09 10:00:00+00:00,555.6673198,267.5483854,23.54571576,156.2345232,689.7581265,50.46967949,15.89087637,16.78696296,24.06638853,23.73450061
2025-05-09 10:15:00+00:00,543.0294128,272.1280125,23.45825,161.824476,705.2398488,51.25447623,15.65856308,17.02747475,24.02066667,23.6378758
2025-05-09 10:30:00+00:00,547.9148586,274.0724112,23.46571429,167.3131677,708.0944063,51.85257313,14.88798115,16.7,24.24571429,23.5
2025-05-09 10:45:00+00:00,544.9592426,275.015111,23.51973141,172.6299382,713.1493683,52.25583505,14.46516421,16.86430159,24.14844454,23.41218559
2025-05-09 11:00:00+00:00,515.3294372,264.9851392,23.48812576,178.7853122,705.565948,52.4,14.14308307,16.89666667,23.89185185,23.25714286
2025-05-09 11:15:00+00:00,480.6491667,263.846746,23.41333333,184.7172398,767.1116871,52.36909804,14.00481481,17.08666667,23.8,23.2
2025-05-09 11:30:00+00:00,531.848574,265.026442,23.5,190.3440427,751.9856657,52.0880102,13.97797016,16.99162028,23.80811688,23.1922619
2025-05-09 11:45:00+00:00,637.4446358,268.2777957,23.54095673,195.9549216,746.4612223,51.61932976,14.03692982,17.09833333,23.93732065,23.13491893
2025-05-09 12:00:00+00:00,646.6033124,270.9356032,23.64446561,201.6333619,715.7094495,50.93378788,13.75319655,16.96357431,24.00473651,23.09458333
2025-05-09 12:15:00+00:00,639.1639119,272.6144046,23.7,207.0430334,598.5440012,50.05420468,13.78925326,17.1427101,24.06093661,23.16273054
2025-05-09 12:30:00+00:00,642.1994564,266.9435412,23.76147399,212.220335,539.903188,48.99009388,13.70182104,16.78731061,24.00035021,23.52355567
2025-05-09 12:45:00+00:00,672.33356,268.2251599,23.89784127,217.1631685,461.3636585,47.77033883,13.55641901,16.92666667,23.83140741,23.66013675
2025-05-09 13:00:00+00:00,644.9018771,269.9597222,23.9,221.8054518,411.8497454,46.45510985,13.49080577,16.88933333,23.79611111,23.7
2025-05-09 13:15:00+00:00,640.5001801,267.502267,23.9,226.6877045,270.0673315,44.87582112,13.43152438,16.84488946,23.70162338,23.7
2025-05-09 13:30:00+00:00,621.9604189,268.4588591,23.9,230.4697789,189.454098,43.48044896,13.12967383,16.76497802,23.7,23.7
2025-05-09 13:45:00+00:00,546.9336174,260.0611743,23.82071689,235.3772527,268.9152025,41.51811572,13.22484231,16.96388889,23.60266667,23.46713351
2025-05-09 14:00:00+00:00,440.7451852,78.04571429,23.63269841,239.5209758,293.6096083,39.66600427,13.36720798,18.0180873,23.6,23.13322751
2025-05-09 14:15:00+00:00,433.775974,51.53619048,23.7,243.2696899,326.5292222,37.84213822,13.14064245,16.39120748,23.68436038,23.2
2025-05-09 14:30:00+00:00,432.9130952,51.8832303,23.7,247.0589373,313.196439,35.86250265,13.19959788,16.73269841,23.7,23.2
2025-05-09 14:45:00+00:00,431.9497627,51.87968254,23.7,250.7112871,197.4348816,33.87460022,12.89970355,16.75969444,23.61210707,23.2
2025-05-09 15:00:00+00:00,431.2333333,51.09206349,23.7,254.2915146,96.87280816,31.75490741,12.89674669,16.69925926,23.70929497,23.2
2025-05-09 15:15:00+00:00,431.1966387,52.04308356,23.7,257.7065533,70.01880566,29.66724332,12.77699639,17.0984127,23.74429087,23.2
2025-05-09 15:30:00+00:00,430.7205556,51.14126984,23.64084656,260.9578848,75.34278611,27.59438566,12.65712795,17.135,23.8,23.2
2025-05-09 15:45:00+00:00,429.5780538,51.8493266,23.6,264.0309254,92.17905458,25.55470849,13.01715686,16.22374074,23.8,23.15333333
2025-05-09 16:00:00+00:00,428.4607143,51.61349206,23.6,267.2680442,71.72893892,23.34798404,13.09914966,17.46888528,23.8,23.1
2025-05-09 16:15:00+00:00,427.8927778,51.21838969,23.6,270.3212804,40.91068425,21.27798413,12.72604253,17.27360127,23.8,23.1
2025-05-09 16:30:00+00:00,428.3006105,51.97102453,23.6,273.4619276,23.85727659,19.08636532,12.49290455,16.75166667,23.8,23.1
2025-05-09 16:45:00+00:00,426.9939394,52.34910394,23.6,276.4818492,31.63412562,16.94432701,12.61897884,17.01666667,23.8,23.1
2025-05-09 17:00:00+00:00,425.9734796,52.76553869,23.52202381,279.6035737,44.28659412,14.73990363,12.63649528,17.43644689,23.64583333,23.1
2025-05-09 17:15:00+00:00,425.1900654,52.12378145,23.5,282.5320079,32.09748434,12.70136508,12.61533333,16.77087912,23.6,23.1
2025-05-09 17:30:00+00:00,423.9540883,51.53055883,23.5,285.3275967,21.21958232,10.72274762,12.56,16.0982963,23.6,23.1
2025-05-09 17:45:00+00:00,423.9858197,51.02307692,23.5,288.7169444,11.26978866,8.407814815,12.4351,16.90769231,23.57757576,23.0925
2025-05-09 18:00:00+00:00,424.0824784,22.25102041,23.5,291.4938736,7.693549717,6.534203297,12.3277551,16.14529762,23.67057143,23.07142857
2025-05-09 18:15:00+00:00,424.01,0.0,23.5,294.4583098,5.04312263,4.588166667,12.18284596,17.15384615,23.6,23.1
2025-05-09 18:30:00+00:00,423.3352269,0.0,23.5,297.3714276,2.94683707,2.721097643,12.192,17.36666667,23.6,23.1
2025-05-09 18:45:00+00:00,422.6035976,0.0,23.5,300.5320689,1.549478575,0.754107143,12.2,17.00583333,23.6,23.1
2025-05-09 19:00:00+00:00,421.4293651,0.0,23.5,303.6674233,0.501410806,-0.968351852,12.12823519,16.48311111,23.6,23.1
2025-05-09 19:15:00+00:00,421.3161563,0.0,23.5,306.7604542,0.10531862,-2.677977079,12.15536678,15.9452381,23.6,23.1
2025-05-09 19:30:00+00:00,421.1281866,0.0,23.5,310.1159392,0.0,-4.471555556,12.13422222,15.46383838,23.6,23.1
2025-05-09 19:45:00+00:00,420.452381,0.0,23.5,313.3594359,0.0,-6.098979592,12.1,15.03827839,23.6,23.1
2025-05-09 20:00:00+00:00,420.0706281,0.0,23.5,316.4613126,0.0,-7.539238095,12.1,14.82,23.6,23.1
2025-05-09 20:15:00+00:00,420.1297875,0.0,23.5,319.8382354,0.0,-9.014730159,12.1164,14.71757576,23.6,23.1
2025-05-09 20:30:00+00:00,420.9850725,0.0,23.5,323.3834007,0.0,-10.40808081,11.96037037,14.6,23.6,23.1
2025-05-09 20:45:00+00:00,420.8738095,0.0,23.5,326.63211,0.0,-11.57015977,11.87142857,14.52142857,23.6,23.1
2025-05-09 21:00:00+00:00,420.6336877,0.0,23.5,330.137904,0.0,-12.74323232,11.75333333,14.6,23.6,23.10266667
2025-05-09 21:15:00+00:00,419.612069,0.0,23.5,333.6601667,0.0,-13.77598413,11.62430476,14.76666667,23.6,23.1
2025-05-09 21:30:00+00:00,418.9649242,0.0,23.5,337.0650053,0.0,-14.59170635,11.5311037,14.83333333,23.6,23.1
2025-05-09 21:45:00+00:00,419.0319328,0.0,23.5,340.8820437,0.0,-15.43173186,11.5,14.9,23.6,23.1
2025-05-09 22:00:00+00:00,419.0,0.0,23.5,344.5727513,0.0,-16.0852381,11.46143506,14.9,23.6,23.1
2025-05-09 22:15:00+00:00,418.8198095,0.0,23.5,348.0700556,0.0,-16.57074074,11.40142619,14.9,23.6,23.1
2025-05-09 22:30:00+00:00,418.6723214,0.0,23.5,351.9061224,0.0,-16.96921769,11.4,14.81428571,23.6,23.1
2025-05-09 22:45:00+00:00,419.3973504,0.0,23.5,355.5321693,0.0,-17.22761905,11.376,14.8,23.69494253,23.1
2025-05-09 23:00:00+00:00,419.6495448,0.0,23.5,308.1896032,0.0,-17.3,11.4,14.70833333,23.7,23.1
2025-05-09 23:15:00+00:00,418.7863248,0.0,23.5,2.971190476,0.0,-17.27185185,11.39940741,14.62666667,23.7,23.1
2025-05-09 23:30:00+00:00,418.5973389,0.0,23.5,6.738331583,0.0,-17.08329082,11.34873469,14.6,23.7,23.1
2025-05-09 23:45:00+00:00,418.5132376,0.0,23.5,10.45921429,0.0,-16.78611905,11.24606061,14.5,23.7,23.1
2025-05-10 00:00:00+00:00,419.0205128,0.0,23.5,14.2172619,0.0,-16.32329365,11.20703704,14.40666667,23.7,23.1
2025-05-10 00:15:00+00:00,419.6096925,0.0,23.5,17.89085281,0.0,-15.70877706,11.20065476,14.38181818,23.64389694,23.1
2025-05-10 00:30:00+00:00,419.0950835,0.0,23.5,21.49113946,0.0,-14.99952381,11.09857143,14.275,23.56634199,23.1
2025-05-10 00:45:00+00:00,419.4737484,0.0,23.5,24.9775,0.0,-14.18,11.085,14.2,23.60402834,23.1
2025-05-10 01:00:00+00:00,419.1254902,0.0,23.47911111,28.50745351,0.0,-13.22744794,10.97725356,14.11333333,23.58693296,23.1
2025-05-10 01:15:00+00:00,419.064059,0.0,23.4,31.98997296,0.0,-12.14185527,10.85941043,14.09285714,23.5,23.1
2025-05-10 01:30:00+00:00,418.7439655,0.0,23.4,35.46118221,0.0,-10.94159907,10.79747619,14.0,23.5,23.1
2025-05-10 01:45:00+00:00,418.4394077,0.0,23.4,38.87369769,0.0,-9.624075758,10.74821104,13.92666667,23.5,23.1
2025-05-10 02:00:00+00:00,418.3822521,0.0,23.4,42.26606349,0.0,-8.188964286,10.70400635,13.9,23.5,23.1
2025-05-10 02:15:00+00:00,418.7903848,0.0,23.4,45.45403366,0.0,-6.756741671,10.61342857,13.86964286,23.5,23.1
2025-05-10 02:30:00+00:00,417.9896296,0.0,23.4,48.64393577,0.0,-5.21559596,10.59344933,13.74266667,23.5,23.1
2025-05-10 02:45:00+00:00,418.4480368,0.0,23.4,51.90238095,0.144508438,-3.515555556,10.56437037,13.7,23.5,23.1
2025-05-10 03:00:00+00:00,418.7552867,0.0,23.4,54.97461905,0.79209835,-1.82931746,10.53449091,13.7,23.5,23.1
2025-05-10 03:15:00+00:00,418.340404,0.0,23.4,58.11384921,3.180410092,-0.071924603,10.56453306,13.68,23.5,23.1
2025-05-10 03:30:00+00:00,418.6670575,0.0,23.4,60.89090909,5.88772381,1.547272727,10.6,13.6,23.5,23.1
2025-05-10 03:45:00+00:00,418.6933385,0.0,23.4,64.19571984,5.223304201,3.636179654,10.59619048,13.6,23.5,23.1
2025-05-10 04:00:00+00:00,417.8951765,0.0,23.4,67.07753553,8.47888555,5.491358493,10.59798129,13.56153846,23.53571429,23.1
2025-05-10 04:15:00+00:00,418.9492698,0.0,23.4,70.04183333,15.6399697,7.493055556,10.66,13.5,23.57230769,23.1
2025-05-10 04:30:00+00:00,420.2327327,0.0,23.4,73.08402172,29.16701709,9.580509607,10.7,13.5,23.5,23.1
2025-05-10 04:45:00+00:00,419.739356,0.0,23.4,76.2205291,27.14936264,11.74493343,10.76959048,13.5,23.5,23.1
2025-05-10 05:00:00+00:00,418.8303955,0.0,23.4,79.15518707,30.88811788,13.79935993,10.9350157,13.5,23.52327731,23.1
2025-05-10 05:15:00+00:00,419.1968461,0.0,23.4,82.05619264,49.85728553,15.85931073,11.05847456,13.5,23.51171123,23.1
2025-05-10 05:30:00+00:00,418.2505722,0.0,23.4,85.21981241,64.50552942,18.07508297,11.15522619,13.5,23.5,23.1
2025-05-10 05:45:00+00:00,418.9714286,0.0,23.4,88.1297619,93.28153653,20.12202381,11.30714286,13.5,23.5,23.1
2025-05-10 06:00:00+00:00,418.6403165,0.0,23.4,91.33544781,183.8523647,22.35171717,11.5858963,13.5,23.5,23.1
2025-05-10 06:15:00+00:00,417.3422194,0.0,23.42055556,94.55019312,132.1174684,24.54880159,12.28176838,13.58035714,23.50583732,23.1
2025-05-10 06:30:00+00:00,417.3824084,0.0,23.5,97.93388552,127.1422581,26.82436364,12.49225556,13.6,23.60996799,23.1
2025-05-10 06:45:00+00:00,416.9,0.0,23.5,101.0919263,163.8035503,28.86679154,12.61365646,13.6,23.64702381,23.1
2025-05-10 07:00:00+00:00,416.1973384,0.0,23.5,104.3851532,142.7468771,30.92098413,13.10466595,13.6,23.6,23.1
2025-05-10 07:15:00+00:00,416.0453216,0.0,23.5,107.588,117.26989,32.85466667,13.42,13.6,23.6,23.11532468
2025-05-10 07:30:00+00:00,416.0,0.0,23.5,111.365737,139.4144721,35.00280612,13.62068646,13.67142857,23.6,23.2
2025-05-10 07:45:00+00:00,416.5169591,0.0,23.5,115.0160673,111.0610732,36.97473593,13.4584844,13.7,23.6,23.2
2025-05-10 08:00:00+00:00,417.6793451,0.0,23.50039216,118.858227,93.68281226,38.90558824,13.54206863,13.7,23.67358827,23.2
2025-05-10 08:15:00+00:00,417.2317647,0.0,23.57688889,123.0511561,93.79317604,40.83798942,13.46155652,13.7,23.8,23.2
2025-05-10 08:30:00+00:00,417.6207978,0.0,23.6,127.1779705,64.05035786,42.60489796,13.31979167,13.71571429,23.73467262,23.2
2025-05-10 08:45:00+00:00,417.5951362,0.0,23.6,131.3677707,61.22093961,44.21192857,11.61733598,13.88666667,23.8,23.2
2025-05-10 09:00:00+00:00,417.6491228,0.0,23.6,135.8677767,91.55560421,45.79186131,10.41709716,13.9,23.8,23.2
2025-05-10 09:15:00+00:00,417.0396825,0.0,23.6,140.8234014,120.9051623,47.28095238,9.948401361,13.9,23.73509317,23.26428571
2025-05-10 09:30:00+00:00,417.7263636,0.0,23.6,145.7485498,101.1714567,48.58811833,9.582928775,13.96666667,23.7,23.3
2025-05-10 09:45:00+00:00,418.5593333,0.0,23.6,150.8587302,116.9934802,49.72331502,9.52075,14.03511905,23.7,23.3
2025-05-10 10:00:00+00:00,418.3870827,0.0,23.6,156.2812939,195.9131198,50.73515988,9.514810582,14.1,23.7,23.3
2025-05-10 10:15:00+00:00,418.0461402,0.0,23.68918719,161.8783399,172.7500634,51.56811224,9.614268708,14.16428571,23.7,23.3
2025-05-10 10:30:00+00:00,418.6031746,0.0,23.7,167.2389497,167.3651853,52.11428356,9.814000754,14.2,23.76214971,23.3
2025-05-10 10:45:00+00:00,418.34036,0.0,23.7,173.3426323,170.3606335,52.50768417,9.6195523,14.25481481,23.9,23.3
2025-05-10 11:00:00+00:00,418.9264502,0.0,23.7,178.9387339,145.9838961,52.69487179,9.46044289,14.3,23.87973333,23.3
2025-05-10 11:15:00+00:00,419.1502463,0.0,23.7,184.5149167,147.8254267,52.63303571,9.44467366,14.3,23.8,23.35303571
2025-05-10 11:30:00+00:00,418.7608464,0.0,23.7,190.4020413,157.6871048,52.37918519,9.482400414,14.3,23.8,23.4
2025-05-10 11:45:00+00:00,418.5641026,0.0,23.7,196.2734259,186.6038889,51.85416667,9.304824074,14.25833333,23.8,23.4
2025-05-10 12:00:00+00:00,418.0430556,0.0,23.72635209,201.5840476,183.7623094,51.20142857,9.616309524,14.13571429,23.8,23.4
2025-05-10 12:15:00+00:00,417.5333333,0.0,23.76601098,206.9033333,209.1286914,50.32,9.358666667,14.1,23.82974359,23.4
2025-05-10 12:30:00+00:00,416.9901698,0.0,23.8,212.1727705,166.6450547,49.2609707,9.306468074,14.1,24.0,23.4
2025-05-10 12:45:00+00:00,415.8385929,0.0,23.8,217.4673232,186.2896729,48.00453704,9.2249709,14.1,24.0,23.4
2025-05-10 13:00:00+00:00,414.8569925,0.0,23.8,222.4211735,179.1500058,46.57738095,9.617602041,14.07142857,23.92142857,23.4
2025-05-10 13:15:00+00:00,415.8595062,0.0,23.8,226.8368932,227.223705,45.11016162,9.404994444,13.97333333,23.9,23.4
2025-05-10 13:30:00+00:00,415.0797151,0.0,23.8,231.2198254,147.9524401,43.516,9.245619048,13.98177778,23.9,23.4
2025-05-10 13:45:00+00:00,415.8665198,0.0,23.8,235.4459632,117.0645736,41.77609307,9.216597985,14.00357143,23.9,23.4
2025-05-10 14:00:00+00:00,415.9678347,0.0,23.8,239.1296667,153.8985709,40.12192593,8.859588745,13.96533333,23.9,23.4
2025-05-10 14:15:00+00:00,415.3275092,0.0,23.80538019,243.5014815,119.9820599,38.03089947,8.966402116,13.9,23.9,23.42987013
2025-05-10 14:30:00+00:00,415.3692308,0.0,23.8,247.2741799,113.0174852,36.06910053,8.760414815,13.9,23.9,23.5
2025-05-10 14:45:00+00:00,415.1141259,0.0,23.88804529,250.6870942,104.2960051,34.17380952,8.849675325,13.9,23.9,23.5
2025-05-10 15:00:00+00:00,415.9344226,0.0,23.9,254.1564411,108.016361,32.161367,8.783656566,13.9,23.9,23.5
2025-05-10 15:15:00+00:00,415.512852,0.0,23.9,257.6814815,98.75612896,29.98444444,8.812,13.87,23.9,23.5
2025-05-10 15:30:00+00:00,415.9445752,0.0,23.9,260.9298214,103.7306546,27.92285714,8.870476191,13.8,23.9,23.5
2025-05-10 15:45:00+00:00,415.3504473,0.0,23.9,263.8548384,69.433873,25.99416667,8.959678571,13.8,23.9,23.5
2025-05-10 16:00:00+00:00,415.6152597,0.0,23.87466667,267.5744848,69.36236671,23.48496104,8.955535714,13.71346154,23.9,23.5
2025-05-10 16:15:00+00:00,415.9685714,0.0,23.8,270.6734068,91.23886581,21.32913553,8.913492165,13.7,23.9,23.5
2025-05-10 16:30:00+00:00,415.3908942,0.0,23.8,273.7046259,58.55987961,19.20437925,9.045526884,13.7,23.9,23.5
2025-05-10 16:45:00+00:00,414.8607387,0.0,23.8,276.5793333,53.99989327,17.19666667,8.936666667,13.69333333,23.9,23.45444444
2025-05-10 17:00:00+00:00,414.7894812,0.0,23.8,279.4918651,51.93405261,15.18,8.912444444,13.6,23.9,23.4
2025-05-10 17:15:00+00:00,415.50224,0.0,23.8,282.6872821,56.61504048,12.90792308,8.860025253,13.6302381,23.9,23.4
2025-05-10 17:30:00+00:00,415.2610544,0.0,23.8,285.8124201,47.16159864,10.69274892,8.830612245,13.51785714,23.9,23.4
2025-05-10 17:45:00+00:00,415.1503367,0.0,23.8,288.6977633,33.60684375,8.702194805,8.710583333,13.42666667,23.9122963,23.4
2025-05-10 18:00:00+00:00,413.9951431,0.0,23.8,291.6209829,23.28411571,6.797457265,8.589824641,13.43571429,23.99943563,23.4
2025-05-10 18:15:00+00:00,414.303619,0.0,23.8,294.8127244,18.32824462,4.644119769,8.635571429,13.4,23.96479254,23.4
2025-05-10 18:30:00+00:00,414.0213972,0.0,23.8,297.4982434,16.43387965,2.964842301,8.649041783,13.4,23.91504517,23.4
2025-05-10 18:45:00+00:00,414.9107535,0.0,23.79679654,300.7266923,6.537112079,0.972367725,8.661197691,13.38444444,23.8,23.4
2025-05-10 19:00:00+00:00,414.0803571,0.0,23.70561477,303.8118095,1.885515857,-0.740465609,8.612285714,13.3,23.8,23.4
2025-05-10 19:15:00+00:00,414.3117896,0.0,23.7,306.7358102,0.572268908,-2.416317809,8.513928571,13.21964286,23.8,23.4
2025-05-10 19:30:00+00:00,414.470984,0.0,23.7,310.0025118,0.056239973,-4.13840404,8.410222222,13.2,23.8,23.4
2025-05-10 19:45:00+00:00,414.7251082,0.0,23.7,313.4178509,0.0,-5.836258778,8.342510053,13.2,23.8,23.4
2025-05-10 20:00:00+00:00,414.5414429,0.0,23.7,316.5288889,0.0,-7.292777778,8.339555556,13.08571429,23.79904762,23.30606061
2025-05-10 20:15:00+00:00,414.6586999,0.0,23.7,320.0081491,0.0,-8.760941043,8.243853458,13.0,23.725111,23.3
2025-05-10 20:30:00+00:00,414.7737255,0.0,23.69860963,323.2836264,0.0,-10.08820513,8.074417582,13.0,23.7,23.3
2025-05-10 20:45:00+00:00,415.3114388,0.0,23.63734603,326.8148016,0.0,-11.35559524,7.940083333,12.94,23.7,23.3
2025-05-10 21:00:00+00:00,415.3449495,0.0,23.6,330.3555661,0.0,-12.53368783,7.997916017,12.84,23.7,23.3
2025-05-10 21:15:00+00:00,415.0501443,0.0,23.6,333.5774907,0.0,-13.46050789,8.054693878,12.78482143,23.7,23.3
2025-05-10 21:30:00+00:00,414.3092904,0.0,23.6,337.1449663,0.0,-14.36653199,7.826363636,12.7,23.7,23.21333333
2025-05-10 21:45:00+00:00,415.0,0.0,23.58455717,340.5074074,0.0,-15.1212963,7.71962963,12.65333333,23.78666667,23.2
2025-05-10 22:00:00+00:00,415.4668894,0.0,23.5,344.2211905,0.0,-15.78035714,7.697098536,12.5547619,23.73455688,23.2
2025-05-10 22:15:00+00:00,415.0731855,0.0,23.5,348.1947354,0.0,-16.34029101,7.629167857,12.49,23.6,23.2
2025-05-10 22:30:00+00:00,415.8424242,0.0,23.5,351.7865709,0.0,-16.73245238,7.625087037,12.39888889,23.6,23.2
2025-05-10 22:45:00+00:00,415.0321835,0.0,23.5,355.7178694,0.0,-16.96488889,7.990598413,12.30555556,23.6,23.15333333
2025-05-10 23:00:00+00:00,415.297619,0.0,23.5,277.6142857,0.0,-17.02244898,8.032936508,12.3,23.67892857,23.1
2025-05-10 23:15:00+00:00,414.3936842,0.0,23.5,3.020592593,0.0,-17.01383333,7.848179894,12.27333333,23.7,23.1
2025-05-10 23:30:00+00:00,414.1455734,0.0,23.49711111,6.812051948,0.0,-16.84116162,7.841833333,12.2,23.55307692,23.1
2025-05-10 23:45:00+00:00,414.3130966,0.0,23.40363636,10.40664611,0.0,-16.53001933,7.71337037,12.10666667,23.5,23.1
2025-05-11 00:00:00+00:00,414.0079365,0.0,23.4,14.24282029,0.0,-16.04965136,7.61594697,12.00833333,23.5,23.1
2025-05-11 00:15:00+00:00,414.4176289,0.0,23.4,17.79477249,0.0,-15.50333333,7.351333333,11.98,23.56644636,23.1
2025-05-11 00:30:00+00:00,414.389782,0.0,23.4,21.15167869,0.0,-14.81281385,7.296702808,11.9,23.6,23.09771429
2025-05-11 00:45:00+00:00,414.0,0.0,23.4,24.97973138,0.0,-13.89780678,7.292288961,11.85384615,23.6,23.00634921
2025-05-11 01:00:00+00:00,413.689649,0.0,23.37333333,28.27785859,0.0,-13.01335354,7.349206349,11.8,23.6,23.0
2025-05-11 01:15:00+00:00,414.2781676,0.0,23.3,32.0087963,0.0,-11.86969841,7.493476191,11.8,23.6,23.0
2025-05-11 01:30:00+00:00,414.0540831,0.0,23.3,35.47329437,0.0,-10.66821861,7.359464286,11.79666667,23.56952381,23.0
2025-05-11 01:45:00+00:00,414.9010394,0.0,23.3,38.96032967,0.0,-9.306318681,7.206192308,11.7,23.4,23.0
2025-05-11 02:00:00+00:00,413.8412082,0.0,23.3,42.12422222,0.0,-7.983714286,7.200039683,11.64,23.4,23.0
2025-05-11 02:15:00+00:00,413.8942063,0.0,23.3,45.34175935,0.0,-6.509280719,7.147710623,11.6,23.48064164,23.0
2025-05-11 02:30:00+00:00,414.780102,0.0,23.3,48.36416667,0.004313187,-5.075595238,7.224206349,11.6,23.5,22.91958874
2025-05-11 02:45:00+00:00,413.6900952,0.0,23.28066667,51.53538251,0.299632775,-3.422066933,7.391905228,11.53402015,23.5,22.9
2025-05-11 03:00:00+00:00,414.0459171,0.0,23.267,54.95259524,1.406679487,-1.542476191,7.459407407,11.5,23.5,22.90166667
2025-05-11 03:15:00+00:00,414.4232223,0.0,23.2,58.01445286,3.701382683,0.180858586,7.500706553,11.44768254,23.5,22.9
2025-05-11 03:30:00+00:00,414.0416667,0.0,23.2,61.05371934,8.263148915,1.989114358,7.563650794,11.3,23.45708874,22.9
2025-05-11 03:45:00+00:00,413.9684127,0.0,23.2,64.13533333,13.29182243,3.905968254,7.6,11.3,23.35611111,22.9
2025-05-11 04:00:00+00:00,413.7970195,0.0,23.2,67.19709871,19.15911132,5.868393939,7.620490843,12.05111111,23.3,22.9
2025-05-11 04:15:00+00:00,414.4039442,0.0,23.2,69.98916667,26.87418365,7.762777778,7.701925926,12.80333333,23.3,22.9
2025-05-11 04:30:00+00:00,414.5286099,0.0,23.2,73.04384921,41.19592237,9.857497166,7.803611111,11.66080586,23.3,22.9
2025-05-11 04:45:00+00:00,413.9996781,0.0,23.2,76.04952381,58.49297197,11.90888889,7.940048942,11.48,23.3,22.9
2025-05-11 05:00:00+00:00,413.7765432,0.0,23.2,79.08425926,68.13280612,14.06934656,8.086981482,11.44666667,23.3,22.9
2025-05-11 05:15:00+00:00,413.9465969,0.0,23.2,82.13035714,71.7666064,16.17942177,8.078571429,11.48857143,23.33327381,22.9
2025-05-11 05:30:00+00:00,413.0142857,0.0,23.2,85.09232804,89.4513323,18.31442641,8.317333333,11.5,23.36533333,22.9
2025-05-11 05:45:00+00:00,413.1590846,0.0,23.2,88.15772126,113.3077615,20.46902477,8.301333333,11.5,23.3,22.9
2025-05-11 06:00:00+00:00,413.5264762,0.0,23.2,91.12625084,147.6914078,22.54098966,8.391557713,11.54615385,23.3,22.9
2025-05-11 06:15:00+00:00,413.3365661,0.0,23.2,94.38796769,158.8103333,24.75889739,8.604226191,11.6,23.32543966,22.9
2025-05-11 06:30:00+00:00,413.7955195,0.0,23.2,97.5946859,178.2365446,26.92754558,8.369409544,11.70454545,23.4935,22.9
2025-05-11 06:45:00+00:00,413.2407828,0.0,23.29666667,100.7474784,226.3590647,28.95846154,8.693243053,11.7,23.5,22.92142857
2025-05-11 07:00:00+00:00,412.853888,0.0,23.3,104.2535714,452.2065088,31.13782468,9.053404928,11.8,23.48218644,23.0
2025-05-11 07:15:00+00:00,412.3113521,0.0,23.3,107.1880236,346.3047115,32.93177545,9.586250328,11.8,23.4,23.0
2025-05-11 07:30:00+00:00,411.8795365,0.0,23.3,111.3719365,291.3770266,35.31910053,9.289824074,11.82666667,23.51076479,23.0
2025-05-11 07:45:00+00:00,411.8108048,0.0,23.35553333,114.9656898,398.2167861,37.25984848,9.699904029,11.9,23.6,23.0
2025-05-11 08:00:00+00:00,411.8087126,0.0,23.4,118.7528571,553.6420354,39.14928571,9.980857143,11.98461538,23.6,23.05510204
2025-05-11 08:15:00+00:00,410.9199539,0.0,23.4,122.9290794,393.4036595,41.07470899,9.848105291,12.00444444,23.52566667,23.1
2025-05-11 08:30:00+00:00,410.0,0.0,23.47612721,126.9341243,352.7009299,42.80720899,9.32507585,12.10622222,23.5,23.1
2025-05-11 08:45:00+00:00,409.8657509,0.0,23.5,131.3370993,485.2882676,44.50396697,9.348055722,12.24461538,23.50629058,23.1
2025-05-11 09:00:00+00:00,409.2152593,0.0,23.5,135.7037963,497.1586524,46.00511111,9.3422,12.3,23.66639538,23.13916667
2025-05-11 09:15:00+00:00,409.4102564,0.0,23.5,140.6617612,511.8731516,47.54636558,9.782488216,12.3,23.655,23.2
2025-05-11 09:30:00+00:00,408.990031,0.0,23.57809524,145.4970705,604.0169513,48.79640878,10.03870126,12.39333333,23.63950836,23.21238095
2025-05-11 09:45:00+00:00,408.7653061,0.0,23.6110366,150.7264574,500.7703208,49.98414792,9.751716902,12.48452381,23.76076623,23.3
2025-05-11 10:00:00+00:00,408.9791667,0.0,23.7,155.9411638,547.2421473,50.94315385,9.763100529,12.5,23.7,23.3
2025-05-11 10:15:00+00:00,408.5586723,0.0,23.7,161.4510794,555.6129723,51.73677778,10.40987115,12.56733333,23.83068376,23.37251462
2025-05-11 10:30:00+00:00,408.283859,0.0,23.76595238,167.2464286,615.9318599,52.37857143,10.26438776,12.68333333,23.80539461,23.4
2025-05-11 10:45:00+00:00,407.3540681,0.0,23.8,173.0864552,524.7721221,52.78928451,10.26905556,12.7,23.85335814,23.4
2025-05-11 11:00:00+00:00,406.7152995,0.0,23.89333333,178.9210598,521.310148,52.95076923,10.01558974,12.78095238,23.93111111,23.49333333
2025-05-11 11:15:00+00:00,406.4354002,0.0,23.9,184.5927513,463.2052787,52.885,9.706891534,12.93666667,23.9,23.5
2025-05-11 11:30:00+00:00,405.5093168,0.0,23.92896825,190.7145833,563.6464718,52.61760204,10.24374008,13.0,24.05436885,23.52857143
2025-05-11 11:45:00+00:00,405.0284382,0.0,24.0,195.9221476,602.6841941,52.16622222,10.676,13.00333333,24.01076023,23.6
2025-05-11 12:00:00+00:00,405.8929311,0.0,24.0,201.6236126,722.5179021,51.4700103,10.7396811,13.12566667,24.09951988,23.6
2025-05-11 12:15:00+00:00,404.5992658,0.0,24.08768523,207.2481209,701.1234823,50.53892536,10.71111678,13.2,24.17821429,23.6
2025-05-11 12:30:00+00:00,404.0986865,0.0,24.1,212.5308303,689.2956671,49.46353846,10.64380952,13.30733333,24.12409812,23.68206972
2025-05-11 12:45:00+00:00,405.0408299,0.0,24.1877193,217.6729444,678.7442487,48.17516667,11.33851567,13.4,24.27964912,23.7
2025-05-11 13:00:00+00:00,404.3395286,0.0,24.28285714,222.4751905,665.3475627,46.82633333,11.27207407,13.47857143,24.37269841,23.78825397
2025-05-11 13:15:00+00:00,405.1468254,0.0,24.39900794,227.2858844,646.2285143,45.24622449,11.24696429,13.65102041,24.48095238,23.87928571
2025-05-11 13:30:00+00:00,406.1365497,0.0,24.5,231.5242732,627.5319347,43.65544901,10.90880471,13.75555556,24.5962037,23.99647436
2025-05-11 13:45:00+00:00,406.0944356,0.0,24.59888889,235.8243889,609.8789339,41.92397355,11.25320924,13.91333333,24.71851852,24.11833333
2025-05-11 14:00:00+00:00,407.0834318,0.0,24.75341031,239.8210119,583.4627639,40.11936508,10.83604888,14.07142857,24.88101244,24.29220522
2025-05-11 14:15:00+00:00,408.1991496,0.0,24.94278788,243.5251111,560.9553791,38.31490188,10.47062495,14.14038462,25.04219978,24.43714286
2025-05-11 14:30:00+00:00,410.7659973,0.0,25.18875985,247.4279127,534.9451759,36.28598413,11.27244408,14.33846154,25.21742356,24.58148148
2025-05-11 14:45:00+00:00,415.2497835,0.0,25.40898226,251.1543889,506.8324075,34.19222222,11.42995046,14.456,25.38010865,24.74708874
2025-05-11 15:00:00+00:00,417.7616071,0.0,25.55825333,254.4681441,477.1129019,32.26446276,11.17483394,14.6,25.53614719,24.97142857
2025-05-11 15:15:00+00:00,419.3742424,0.0,25.71460317,258.0092085,446.3112051,30.08832227,10.75333333,14.69196429,25.63825397,25.11583333
2025-05-11 15:30:00+00:00,421.3155687,0.0,25.91615253,261.2415873,412.8373283,28.02349206,11.12,14.77428571,25.80118519,25.22888889
2025-05-11 15:45:00+00:00,424.1650481,0.0,26.15624087,264.5125344,382.480294,25.86834127,11.07495979,14.95714286,25.9362963,25.39703704
2025-05-11 16:00:00+00:00,423.966835,0.0,26.33026592,267.5731759,349.0249761,23.80169939,11.33845315,15.15,26.05426319,25.45464686
2025-05-11 16:15:00+00:00,424.2586782,0.0,26.46040404,270.6743439,313.4856958,21.66725397,12.06521982,15.26222222,26.16040404,25.63945455
2025-05-11 16:30:00+00:00,423.2971344,0.0,26.59037037,273.8881481,277.7698863,19.42795238,11.94417725,15.37766667,26.25946667,25.65605128
2025-05-11 16:45:00+00:00,423.0859054,0.0,26.57626696,276.9219643,242.0143276,17.27373016,11.83616071,15.52946429,26.35916306,25.75857143
2025-05-11 17:00:00+00:00,422.2188198,0.0,26.63349282,279.8671486,209.9948821,15.18555123,11.61627894,15.66533333,26.42175439,25.8
2025-05-11 17:15:00+00:00,421.6395809,0.0,26.60246568,282.8589444,179.393009,13.07621212,11.28608333,15.79642857,26.5,25.89138889
2025-05-11 17:30:00+00:00,421.3415697,0.0,26.6,285.8933995,143.9470176,10.98477513,11.37230489,15.8,26.55097002,25.9
2025-05-11 17:45:00+00:00,419.737013,0.0,26.6,288.73125,114.6499333,9.026964286,11.37166071,15.8,26.6,25.9
2025-05-11 18:00:00+00:00,420.6468174,0.0,26.54946032,291.7314286,79.70591453,7.005714286,10.7828254,15.8,26.42621478,25.88833333
2025-05-11 18:15:00+00:00,420.1284314,0.0,26.48066667,294.8636667,52.05303921,4.951055556,10.78563636,15.8,26.284,25.8
2025-05-11 18:30:00+00:00,420.1090114,0.0,26.35258974,297.9322126,27.58590373,2.970619288,10.40905916,15.78333333,26.18205128,25.71333333
2025-05-11 18:45:00+00:00,421.5265873,0.0,26.25,300.9962302,13.2571751,1.099702381,9.876190476,15.56474359,26.1,25.61868132
2025-05-11 19:00:00+00:00,420.0,0.0,26.1,183.5395354,3.86058669,-0.060484849,5.990912088,9.27,26.0,25.5
2025-05-11 19:15:00+00:00,419.7220131,0.0,26.02666667,307.2377778,1.097931529,-2.359166667,9.337592593,15.09333333,25.96350877,25.42666667
2025-05-11 19:30:00+00:00,420.3662821,0.0,25.92431373,310.4969192,0.175044167,-4.103807119,9.107236652,14.81333333,25.83254902,25.37257143
2025-05-11 19:45:00+00:00,420.7181054,0.0,25.8,313.6456293,0.0,-5.650267986,8.960667904,14.56964286,25.73319328,25.2702381
2025-05-11 20:00:00+00:00,422.2362101,0.0,25.7141435,316.4995976,0.0,-6.995714286,8.935809524,14.33344444,25.666,25.175
2025-05-11 20:15:00+00:00,422.7315244,0.0,25.57541156,320.0383199,0.0,-8.537991823,8.766921116,14.07890476,25.57531156,25.09631803
2025-05-11 20:30:00+00:00,422.9438776,0.0,25.5,323.4387075,0.0,-9.878655462,8.890742213,13.85,25.5,24.96544486
2025-05-11 20:45:00+00:00,422.3585185,0.0,25.40641026,326.8301402,0.0,-11.09812698,8.853219577,13.555,25.44249123,24.86907407
2025-05-11 21:00:00+00:00,421.8602234,0.0,25.32809281,330.1094916,0.0,-12.19813214,8.824602863,13.34888889,25.35118981,24.8305314
2025-05-11 21:15:00+00:00,421.9522488,0.0,25.24222222,333.8754815,0.0,-13.29437037,8.976767677,13.15777778,25.24222222,24.68933333
2025-05-11 21:30:00+00:00,422.2207792,0.0,25.17792208,337.3856293,0.0,-14.16385281,8.754166667,13.1,25.2,24.69285714
2025-05-11 21:45:00+00:00,422.6956972,0.0,25.08,341.008373,0.0,-14.9552381,8.737333333,12.86020408,25.11708333,24.58222222
2025-05-11 22:00:00+00:00,422.2261905,0.0,25.0,344.50295,0.0,-15.56435083,8.967622944,12.60177778,25.04633333,24.54944444
2025-05-11 22:15:00+00:00,422.9826897,0.0,24.90183221,348.3635762,0.0,-16.1046633,8.854116402,12.31015873,24.97939394,24.4745
2025-05-11 22:30:00+00:00,422.7874163,0.0,24.8,351.6377778,0.0,-16.43083694,8.810212843,11.97673469,24.89101597,24.4
2025-05-11 22:45:00+00:00,423.3659981,0.0,24.71964912,355.0889418,0.0,-16.67351852,8.719759259,11.68933333,24.8,24.38444444
2025-05-11 23:00:00+00:00,423.7881481,0.0,24.68596491,191.4245556,0.0,-16.8,8.813091311,11.40269841,24.72,24.3
2025-05-11 23:15:00+00:00,423.3729128,0.0,24.59642857,2.757211836,0.0,-16.77761905,8.657118249,11.19488095,24.7,24.23297258
2025-05-11 23:30:00+00:00,423.0311943,0.0,24.52003865,5.834047619,0.0,-16.66190476,8.571798319,10.95,24.624,24.19047619
2025-05-11 23:45:00+00:00,423.0,0.0,24.5,10.27301515,0.0,-16.25583333,9.999310606,10.76153846,24.59308807,24.1
2025-05-12 00:00:00+00:00,423.0,0.0,24.5,14.1502963,0.0,-15.82577778,10.986,10.62051282,24.50330159,24.1
2025-05-12 00:15:00+00:00,423.0151786,0.0,24.4333584,17.72249098,0.0,-15.22773449,9.997619048,10.59183673,24.5,24.03392857
2025-05-12 00:30:00+00:00,423.5939766,0.0,24.36674074,21.31062169,0.0,-14.53441799,9.526357143,10.19642857,24.5289899,23.9647619
2025-05-12 00:45:00+00:00,425.2521886,0.0,24.3,24.86890212,0.0,-13.68387566,9.166759259,9.933333333,24.4,23.9
2025-05-12 01:00:00+00:00,425.8985752,0.0,24.3,28.4271746,0.0,-12.7342381,10.16601111,9.745666667,24.4,23.9
2025-05-12 01:15:00+00:00,427.1470663,0.0,24.23181818,31.95013292,0.0,-11.6051468,11.65066177,9.615714286,24.33181818,23.87595238
2025-05-12 01:30:00+00:00,427.4045688,0.0,24.2,35.27827513,0.0,-10.4608254,10.83103704,9.5,24.3,23.8
2025-05-12 01:45:00+00:00,428.27,0.0,24.168,38.77666667,0.0,-9.086069024,9.142492064,9.370816327,24.24,23.77477273
2025-05-12 02:00:00+00:00,428.7544444,0.0,24.1,41.94227041,0.0,-7.773318646,10.1327432,9.245555556,24.2,23.7
2025-05-12 02:15:00+00:00,429.161044,0.0,24.04860806,45.07671958,0.0,-6.363756614,8.315055556,9.2,24.20303585,23.7
2025-05-12 02:30:00+00:00,428.4494003,0.0,24.0,47.85007937,0.063521084,-5.044920635,7.684206349,9.2,24.1,23.61444444
2025-05-12 02:45:00+00:00,429.2765432,0.0,24.0,51.5240368,0.577173596,-3.134058442,7.315666667,9.193333333,24.1,23.6
2025-05-12 03:00:00+00:00,430.0442905,44.04451346,23.98509317,54.71460317,2.064109426,-1.397734488,6.77244898,9.1,24.12403727,23.6
2025-05-12 03:15:00+00:00,432.826892,264.3838997,23.85101343,57.71683502,5.650952216,0.300181818,10.3629899,18.90904762,24.00202932,23.46533333
2025-05-12 03:30:00+00:00,442.7994561,263.2673293,23.74460606,61.02104714,16.62293428,2.244031746,9.523568376,19.32022222,23.91466667,23.4
2025-05-12 03:45:00+00:00,445.9943414,264.2138799,23.69959184,63.82200964,37.92067785,3.990263605,9.565681689,18.00952381,23.82261905,23.31428571
2025-05-12 04:00:00+00:00,449.442885,265.8962771,23.60296296,66.7240873,63.14075664,5.873587709,9.521054131,17.87333333,23.78263588,23.25532977
2025-05-12 04:15:00+00:00,452.2727803,265.4425502,23.61820511,69.904,90.35877106,8.019407407,9.187987013,17.62277778,23.67891813,23.2
2025-05-12 04:30:00+00:00,451.1715412,266.5945731,23.5,73.03089658,132.4322713,10.14774603,10.53130101,17.50222222,23.66469708,23.12127273
2025-05-12 04:45:00+00:00,449.6427052,264.0374182,23.4261978,75.87553114,151.6430881,12.13395604,9.754175824,17.3547619,23.547142,23.10153585
2025-05-12 05:00:00+00:00,459.3691765,266.7476068,23.33288889,78.77342574,180.9063541,14.14569712,9.461825304,17.11916667,23.6,23.03288889
2025-05-12 05:15:00+00:00,452.2768934,267.8108595,23.26502374,82.03699471,136.5845617,16.44725926,9.41502381,17.13392857,23.56502374,23.0
2025-05-12 05:30:00+00:00,446.5581392,270.0486999,23.2,85.09560053,220.314301,18.60986243,9.776329966,17.27333333,23.5,22.92666667
2025-05-12 05:45:00+00:00,443.3598878,265.8543124,23.16105769,88.07591436,182.4937758,20.73014486,11.53676116,17.05769231,23.39791667,22.87197567
2025-05-12 06:00:00+00:00,486.6492949,266.8824266,23.16143707,91.06729101,157.5450354,22.79544974,11.71844127,17.0,23.4,22.83968254
2025-05-12 06:15:00+00:00,532.7868889,271.4902609,23.27403672,94.0882963,125.4170262,24.8777037,11.63031323,17.05333333,23.51615652,22.8
2025-05-12 06:30:00+00:00,532.6537482,268.4703982,23.2,97.44071429,199.3981623,27.13924861,11.16,16.98333333,23.62661376,22.82857143
2025-05-12 06:45:00+00:00,526.1923312,272.6516667,23.14957706,100.6350758,238.8760219,29.20492063,10.6760464,17.0,23.69266667,22.86547619
2025-05-12 07:00:00+00:00,587.0561905,269.1472829,23.34377966,104.0918651,202.3318795,31.35703704,11.082,17.0,23.45018182,23.3537037
2025-05-12 07:15:00+00:00,636.4487749,266.4142326,23.540633,107.631963,132.3700621,33.49925637,11.51366667,16.94095238,23.4,23.86622054
2025-05-12 07:30:00+00:00,561.528728,269.3699226,23.33204365,111.1990221,86.84546514,35.53005952,10.69979592,16.86054422,23.59830191,24.11254143
2025-05-12 07:45:00+00:00,541.7733785,268.5468672,23.3,114.7417037,119.5783307,37.40277778,10.60511111,16.9,23.78482287,23.92755556
2025-05-12 08:00:00+00:00,541.0356014,268.8340229,23.30214921,118.4781534,130.1417527,39.2955873,10.6536291,16.78571429,23.73428889,23.62814107
2025-05-12 08:15:00+00:00,547.0116919,267.5972944,23.35542053,122.3105355,190.4000136,41.11281397,9.629828188,17.2,23.61327922,23.66882515
2025-05-12 08:30:00+00:00,548.4620877,267.4466087,23.44770943,126.4250226,196.0875456,42.8310582,10.45401376,17.2,23.62520803,23.63069597
2025-05-12 08:45:00+00:00,586.2700281,268.1484761,23.58178992,131.1746216,204.21006,44.67673684,10.36265949,17.2,23.66177383,23.63523148
2025-05-12 09:00:00+00:00,591.1543572,264.2523549,23.69615385,135.4826245,239.2109014,46.21977273,10.21932359,17.2,23.74258027,23.60167224
2025-05-12 09:15:00+00:00,593.9893791,271.2982407,23.7,140.7970238,282.5283865,47.81527778,10.45868056,17.14166667,24.07965741,23.48333333
2025-05-12 09:30:00+00:00,572.4002055,262.3373925,23.7,145.3812381,231.6205561,49.04657407,10.5030303,17.11857143,23.79772619,23.65439394
2025-05-12 09:45:00+00:00,504.3730738,268.1266578,23.61422222,150.7997778,150.6717345,50.244,10.37283333,17.01055556,23.62555556,23.5675
2025-05-12 10:00:00+00:00,524.5221306,274.3439039,23.5,156.1279762,138.485136,51.25402116,10.56945286,16.90769231,23.54583894,23.3
2025-05-12 10:15:00+00:00,570.4595142,273.4412878,23.5,161.7675935,126.9269088,52.05435993,10.76934218,16.96666667,23.8,23.22755102
2025-05-12 10:30:00+00:00,586.9785664,270.2744821,23.5037037,167.1333094,178.758382,52.62392344,10.80955723,16.81,23.80666667,23.19333333
2025-05-12 10:45:00+00:00,579.9994248,265.4722326,23.53585061,173.1877593,195.6543818,53.00516667,11.15475926,17.07166667,23.9,23.1
2025-05-12 11:00:00+00:00,630.3069048,264.2512082,23.63341688,179.0506458,153.3523157,53.2,11.31552144,17.14251748,23.90746382,23.1
2025-05-12 11:15:00+00:00,744.3889567,266.1495837,23.93223502,184.5721212,160.4948471,53.14611111,11.27479215,17.00444444,23.92267296,23.07801587
2025-05-12 11:30:00+00:00,720.2654292,265.1641259,24.03449165,190.4546667,199.8032905,52.88283598,11.16406772,17.08266667,23.94304302,23.14423993
2025-05-12 11:45:00+00:00,720.0636166,264.062721,24.13766701,196.5706999,203.6052527,52.34314815,11.74284512,17.10035714,23.96666667,23.26
2025-05-12 12:00:00+00:00,723.9478402,263.3867338,24.24489796,201.7046303,189.618146,51.72233267,11.74658936,16.93083333,24.00772929,23.34994898
2025-05-12 12:15:00+00:00,722.1532621,265.9426361,24.31057778,207.339823,242.9313405,50.79690171,12.00509861,17.152,24.20203069,23.3
2025-05-12 12:30:00+00:00,673.0675602,273.1022603,24.3105572,212.5440507,380.3366976,49.72999186,12.75955495,17.15166667,24.4091341,23.34
2025-05-12 12:45:00+00:00,530.1738437,272.5908849,24.07106858,217.1561688,681.7367959,48.58977273,12.76646465,17.32,24.52727273,23.40909091
2025-05-12 13:00:00+00:00,584.7144246,268.3324449,24.0,222.6059524,612.0458325,47.0462585,13.56159864,17.31307692,24.44399586,23.37214286
2025-05-12 13:15:00+00:00,593.7685714,270.2137398,24.00039216,227.155082,445.1670359,45.56440741,14.52958442,16.99489796,24.04490799,23.23642857
2025-05-12 13:30:00+00:00,516.9280472,266.1016644,23.9368511,231.6101058,362.4677878,43.93019048,14.26416931,16.91833333,23.93438596,23.23212121
2025-05-12 13:45:00+00:00,558.4684214,263.9718412,23.93655012,236.0162674,493.9832046,42.11673687,14.85487546,17.47966667,24.08264164,23.19231265
2025-05-12 14:00:00+00:00,677.1391864,94.87546382,24.25847866,239.9867489,636.4793869,40.32912415,15.46615646,17.53353742,24.24573687,23.48601954
2025-05-12 14:15:00+00:00,804.5939683,130.4494965,24.59019841,243.9021772,641.0747569,38.43901058,15.74513889,16.92,24.3,23.825
2025-05-12 14:30:00+00:00,836.8614733,149.8349259,24.62491228,247.5928782,545.0536101,36.49453782,16.45889984,16.92666667,24.3047504,23.7
2025-05-12 14:45:00+00:00,768.2206911,114.4285714,24.6,251.2295934,545.2125028,34.5092033,16.84522078,16.76696429,24.4,23.7
2025-05-12 15:00:00+00:00,551.3820891,54.43166401,24.52988759,254.5661823,368.7380059,32.53495727,16.34462963,17.00644444,24.4,23.7
2025-05-12 15:15:00+00:00,467.9568939,54.69479425,24.43305556,258.138816,184.9588691,30.31266667,15.10647222,16.66666667,24.4,23.7
2025-05-12 15:30:00+00:00,451.1921368,54.63538462,24.4,261.0,188.0,28.63339407,14.68173743,16.95533333,24.4,23.7
2025-05-12 15:45:00+00:00,443.8838384,54.76753247,24.4,264.7695011,191.2425567,26.02451814,14.73093112,16.72857143,24.43596059,23.7
2025-05-12 16:00:00+00:00,439.7083295,55.31006282,24.4,267.7743723,116.747093,23.97905724,14.70245118,16.46266667,24.5,23.76666667
2025-05-12 16:15:00+00:00,435.7595844,54.11033154,24.30051282,270.7930317,103.2005073,21.89097436,13.98171469,17.473,24.5,23.79466667
2025-05-12 16:30:00+00:00,433.3414815,54.92106377,24.32931384,274.0898424,139.4531731,19.56957287,13.97634921,16.924,24.5,23.8
2025-05-12 16:45:00+00:00,431.685512,54.36371185,24.44837573,277.0571267,225.3009031,17.49476241,14.29123821,16.66717687,24.5288961,23.82857143
2025-05-12 17:00:00+00:00,430.077193,55.14604289,24.5605614,279.9753451,200.1413958,15.40964646,14.43362121,17.45347985,24.624,23.922
2025-05-12 17:15:00+00:00,429.0805556,54.78531469,24.69111111,282.8833466,170.9764841,13.37099206,14.18104444,17.01303704,24.76121212,24.02666667
2025-05-12 17:30:00+00:00,428.9655758,54.60218775,24.79372549,286.031904,139.7009083,11.18124846,14.10937322,16.622,24.77306667,24.12722222
2025-05-12 17:45:00+00:00,428.79732,54.2132781,24.8,288.8346475,97.28883212,9.242258813,13.33375312,17.24285714,24.8838961,24.2
2025-05-12 18:00:00+00:00,428.3383838,13.52070973,24.8,291.9740242,71.84361902,7.119166667,13.20988095,16.12,24.9,24.2
2025-05-12 18:15:00+00:00,427.7864802,0.0,24.8,295.0226587,47.42664272,5.13765873,13.35965608,16.77619048,24.82462963,24.2
2025-05-12 18:30:00+00:00,426.7753601,0.0,24.8,297.8258182,29.35397785,3.344471381,13.5973266,17.10133333,24.7,24.2
2025-05-12 18:45:00+00:00,426.0,0.0,24.75974359,300.9272006,12.79538853,1.448723201,13.0860938,17.23309524,24.7,24.2
2025-05-12 19:00:00+00:00,425.2495072,0.0,24.7,304.1006852,4.32485644,-0.339566138,12.95230053,17.275,24.7,24.2
2025-05-12 19:15:00+00:00,424.4941467,0.0,24.7,307.3205794,1.194208243,-2.154251082,12.72196958,17.04642857,24.7,24.2
2025-05-12 19:30:00+00:00,424.3480159,0.0,24.7,310.3559963,0.237692497,-3.747768501,11.70138681,16.6974026,24.7,24.2
2025-05-12 19:45:00+00:00,425.1986532,0.0,24.7,313.561205,0.0,-5.353320827,11.91534921,16.36666667,24.69875758,24.19929825
2025-05-12 20:00:00+00:00,425.3368074,0.0,24.61790987,317.1570414,0.0,-6.99948718,11.80038039,16.16923077,24.6,24.1
2025-05-12 20:15:00+00:00,424.2886667,0.0,24.6,320.2125493,0.0,-8.329226792,11.99437951,15.932,24.6,24.1
2025-05-12 20:30:00+00:00,423.6904904,0.0,24.56450549,323.446131,0.0,-9.62849026,12.38222619,15.72357143,24.57021978,24.1
2025-05-12 20:45:00+00:00,423.2777345,0.0,24.5,326.597037,0.0,-10.73744974,11.49759788,15.41333333,24.5,24.1
2025-05-12 21:00:00+00:00,423.3827677,0.0,24.5,330.3368939,0.0,-11.98697811,10.93502189,15.09733333,24.5,24.00611111
2025-05-12 21:15:00+00:00,422.6281777,0.0,24.496,333.6409524,0.0,-12.94571429,10.54247619,14.81866667,24.5,24.0
2025-05-12 21:30:00+00:00,423.314832,0.0,24.4015873,337.1178571,0.0,-13.84920635,10.16265306,14.51479592,24.53203463,24.0
2025-05-12 21:45:00+00:00,422.6256569,0.0,24.4,340.8179524,0.0,-14.65333333,10.00339683,14.32571429,24.48452525,23.90564103
2025-05-12 22:00:00+00:00,422.4116318,0.0,24.37022222,344.3627451,0.0,-15.27120731,9.769121212,14.05666667,24.4,23.9
2025-05-12 22:15:00+00:00,422.5243506,0.0,24.3,348.2702284,0.0,-15.83142045,9.619318182,13.77142857,24.46190476,23.9
2025-05-12 22:30:00+00:00,422.0454985,0.0,24.3,351.7451693,0.0,-16.22666667,10.06833333,13.51428571,24.39741063,23.9
2025-05-12 22:45:00+00:00,422.117953,0.0,24.21465769,355.379,0.0,-16.45157407,10.22168519,13.239,24.3,23.81282051
2025-05-12 23:00:00+00:00,421.9962963,0.0,24.2,199.686381,0.0,-16.58066667,10.87663228,13.00666667,24.35224172,23.8
2025-05-12 23:15:00+00:00,422.4636304,0.0,24.18482143,2.89737451,0.0,-16.51795635,10.89120362,12.8247619,24.3047619,23.8
2025-05-12 23:30:00+00:00,422.41954,0.0,24.1,6.543386243,0.0,-16.35996825,10.55759764,12.67733333,24.2,23.78
2025-05-12 23:45:00+00:00,420.7375099,0.0,24.1,10.43472944,0.0,-16.03280303,10.90596977,12.53333333,24.209,23.7
2025-05-13 00:00:00+00:00,421.3646676,0.0,24.05173333,14.10010678,0.0,-15.56563203,10.17685606,12.53733333,24.3,23.7
2025-05-13 00:15:00+00:00,421.5804113,0.0,24.03173895,17.62368742,0.0,-15.00337302,9.761595238,12.5,24.24156037,23.7
2025-05-13 00:30:00+00:00,422.8352564,0.0,24.00042596,21.23398513,0.0,-14.29900026,9.779173382,12.446,24.10042596,23.6878836
2025-05-13 00:45:00+00:00,421.5808717,0.0,24.0,24.79653846,0.0,-13.42786325,9.621211111,12.37333333,24.1,23.60039216
2025-05-13 01:00:00+00:00,422.4514286,0.0,23.99920635,28.10960557,0.0,-12.50471612,10.03691052,12.3,24.09571429,23.6
2025-05-13 01:15:00+00:00,422.7904023,0.0,23.92666667,31.66496032,0.0,-11.44165344,9.697383117,12.22555556,24.00283847,23.6
2025-05-13 01:30:00+00:00,423.2181923,0.0,23.9,35.19546256,0.0,-10.21101669,9.34372381,12.11422222,24.0,23.6
2025-05-13 01:45:00+00:00,423.5913481,0.0,23.9,38.42252196,0.0,-8.954009206,9.321481138,11.91777778,24.0,23.58680114
2025-05-13 02:00:00+00:00,423.5796943,0.0,23.89928571,41.71996882,0.0,-7.609750567,9.275408163,11.79428571,24.03642857,23.5
2025-05-13 02:15:00+00:00,423.8556277,0.0,23.8063587,45.16234921,0.0,-6.055555556,9.486015873,11.63119048,23.9637037,23.5
2025-05-13 02:30:00+00:00,425.2664616,0.0,23.8,48.33674459,0.099017382,-4.512506013,9.203030303,11.51333333,23.9,23.5
2025-05-13 02:45:00+00:00,425.6512605,0.0,23.8,51.53743328,0.621360435,-2.84151753,9.003076923,11.37857143,23.9,23.5
2025-05-13 03:00:00+00:00,425.4648649,25.31829574,23.74666667,54.57071429,2.411476053,-1.189855219,9.159969048,12.72833333,23.8484127,23.44666667
2025-05-13 03:15:00+00:00,427.6981481,52.04866162,23.7,57.76503704,7.907895243,0.567407407,9.839053704,22.76328042,23.8,23.4
2025-05-13 03:30:00+00:00,430.476427,52.28322233,23.64277278,60.87674603,21.90696881,2.439126984,9.767037037,17.03922222,23.8,23.4
2025-05-13 03:45:00+00:00,430.95,52.4871986,23.6,63.67599206,41.83146671,4.230994898,10.06053391,18.53904762,23.78549107,23.4
2025-05-13 04:00:00+00:00,434.0514554,68.12264015,23.62750553,66.83141919,67.34837014,6.246562771,10.23465,17.16,23.75810196,23.4
2025-05-13 04:15:00+00:00,435.1534034,105.9077436,23.6,69.48351515,90.88873212,7.992,10.29462222,17.28166667,23.87166667,23.38666667
2025-05-13 04:30:00+00:00,436.3443771,163.0422042,23.57575758,72.81506161,125.5284596,10.28402015,10.25078644,17.24356061,23.7,23.3
2025-05-13 04:45:00+00:00,438.4504379,203.2974257,23.5,75.62628968,146.4415696,12.27870671,10.6047619,16.85816327,23.6164938,23.3
2025-05-13 05:00:00+00:00,438.3403175,245.4151897,23.5,78.67289755,177.9116326,14.36819048,11.25112698,16.93991534,23.6468168,23.25496581
2025-05-13 05:15:00+00:00,441.613709,265.8570254,23.46245494,81.70278379,210.5493461,16.52699182,11.64250907,17.19914286,23.58550757,23.2
2025-05-13 05:30:00+00:00,449.7157081,265.2008622,23.4,84.74123543,242.6765549,18.65550325,11.98324652,16.88063492,23.54327731,23.2
2025-05-13 05:45:00+00:00,440.4075523,271.2858009,23.33897507,87.60422652,273.5280747,20.67486447,12.3685564,16.98666667,23.6,23.14385281
2025-05-13 06:00:00+00:00,439.0034858,263.8560784,23.3,90.99848148,307.2154186,23.06237037,12.8,17.092,23.45439216,23.13055556
2025-05-13 06:15:00+00:00,449.3567095,267.2395311,23.29042981,93.91033333,337.5454627,25.04774603,13.11573485,16.9,23.5,23.5405291
2025-05-13 06:30:00+00:00,465.518062,272.211605,23.25970628,97.09734075,371.4396445,27.20777288,13.55464286,16.95,23.5,23.63789425
2025-05-13 06:45:00+00:00,494.9320244,274.8616723,23.3,100.5513492,398.4872799,29.4547619,13.91177778,17.06777778,23.53666667,23.7632634
2025-05-13 07:00:00+00:00,582.9011713,266.7468437,23.4022903,103.7862771,426.1758118,31.48859019,14.17395033,17.14366667,23.79708681,23.93466667
2025-05-13 07:15:00+00:00,636.6559122,268.5417895,23.7244898,107.1818236,461.8464262,33.5405754,14.58116883,17.25102041,24.19071527,24.0
2025-05-13 07:30:00+00:00,637.6428014,266.6268454,23.86488889,110.8747715,488.2118711,35.65768387,14.7656835,16.935,24.32343593,24.09102506
2025-05-13 07:45:00+00:00,649.3246627,266.2495059,23.9446893,113.5362211,510.8980002,37.08568571,15.00715359,16.9,24.42180787,24.05406416
2025-05-13 08:00:00+00:00,601.2276638,269.2231679,24.06433824,118.6606085,525.4699919,39.66494974,15.26183175,17.02333333,24.5,24.02666667
2025-05-13 08:15:00+00:00,557.9930808,263.4935897,24.22587912,122.6257086,562.0639409,41.51990559,15.57957908,17.18928571,24.59151099,23.99440781
2025-05-13 08:30:00+00:00,553.6805598,267.3314501,24.18082362,126.4040476,574.8472818,43.11261905,15.996,17.16522222,24.78745098,23.9
2025-05-13 08:45:00+00:00,545.5373737,271.7643271,24.25671186,130.9641979,599.1424822,44.88783297,16.27211928,17.028,24.98510101,23.73448114
2025-05-13 09:00:00+00:00,590.2550748,268.6923476,24.0723779,135.7113459,612.1960762,46.55925196,16.56060155,17.15,24.90167012,23.54429886
2025-05-13 09:15:00+00:00,655.1778471,264.2389662,23.95550802,140.3495767,635.2604893,47.97325397,16.64162698,17.35,24.83172718,23.48961538
2025-05-13 09:30:00+00:00,591.394785,265.0145051,23.95196779,145.5574502,644.3865672,49.34813191,16.9853077,17.24444444,24.99541707,23.4
2025-05-13 09:45:00+00:00,522.9542484,263.2896209,23.88515152,150.38895,652.3656426,50.44186739,17.12016783,17.13833333,25.02301403,23.4
2025-05-13 10:00:00+00:00,479.7318135,265.2271806,23.75455728,156.0222392,653.2289426,51.49993506,17.28912925,17.36845238,24.827968,23.4
2025-05-13 10:15:00+00:00,474.1140512,269.9572384,23.7,161.276731,650.1126691,52.23784427,17.82643158,17.23873016,24.73443876,23.35515152
2025-05-13 10:30:00+00:00,497.8162529,265.3555399,23.63599124,166.9403746,645.6232813,52.8510077,18.0708512,17.45687037,24.68972593,23.34603246
2025-05-13 10:45:00+00:00,508.5028642,263.282895,23.61333333,172.3813095,647.6956954,53.26483516,18.25416667,17.80214286,24.6,23.45714286
2025-05-13 11:00:00+00:00,617.7013889,269.0692308,23.68589744,179.3993132,678.1098597,53.45833333,18.3355815,17.67272727,24.69954545,23.55277778
2025-05-13 11:15:00+00:00,615.0912821,271.7488889,23.706,184.7549609,655.5127308,53.37748677,18.09201852,17.51657143,24.84166667,23.65214286
2025-05-13 11:30:00+00:00,594.2311383,271.1923868,23.80676923,190.7932367,650.6548632,53.07462121,17.83654762,17.1151746,24.90911111,23.81619048
2025-05-13 11:45:00+00:00,612.8935065,266.9029582,23.835671,196.5732804,683.8465896,52.61855026,18.35215873,15.98911111,24.89015873,23.72966667
2025-05-13 12:00:00+00:00,619.2369097,271.6833689,23.87101648,202.2454223,653.4792483,51.87404762,18.17161196,16.1,24.55219119,23.6
2025-05-13 12:15:00+00:00,581.5141414,271.7940504,23.77616262,207.3168942,692.0366945,51.02555297,18.32812821,16.53444444,24.66994032,23.6
2025-05-13 12:30:00+00:00,552.9505387,262.8751716,23.7952381,212.782104,625.8896451,49.93385429,18.44128661,16.70809524,24.60725035,23.63851852
2025-05-13 12:45:00+00:00,542.0538102,269.2243015,23.76699495,217.9479206,606.2647935,48.6730671,18.40462093,16.76444444,24.83361111,23.89531169
2025-05-13 13:00:00+00:00,538.4245898,266.1605901,23.79428571,222.5531236,614.942379,47.35507937,18.53480159,16.93380952,24.9,23.8240333
2025-05-13 13:15:00+00:00,482.4787516,266.2201288,23.73979221,227.3814074,653.3823821,45.75810317,18.79937927,17.65238095,24.98522589,23.9625
2025-05-13 13:30:00+00:00,465.9060821,262.1735315,23.76324526,231.695772,571.4415698,44.14806638,19.08618855,18.40927778,24.96350802,24.0
2025-05-13 13:45:00+00:00,500.0869404,271.1004226,23.97088567,236.0431716,561.5084189,42.39338508,19.13103704,18.56571429,25.03136186,24.05833333
2025-05-13 14:00:00+00:00,515.3506115,75.62559499,24.18542542,240.2846483,561.6899848,40.49788265,19.18977273,18.21428571,25.19160438,24.12103175
2025-05-13 14:15:00+00:00,566.5284233,55.00427874,24.637525,243.8501212,535.3303959,38.73349832,19.43665127,17.09690476,25.65320643,24.12271795
2025-05-13 14:30:00+00:00,507.6643997,53.64440657,24.76712893,247.8649725,489.7920097,36.65076923,19.48413509,16.65952381,25.75000513,24.46842053
2025-05-13 14:45:00+00:00,513.3501401,53.43428571,24.88712088,251.1128571,443.1246531,34.82357143,19.12199134,15.47857143,25.59886813,24.5852381
2025-05-13 15:00:00+00:00,484.2281211,54.46701147,25.05143427,254.6856421,444.0111302,32.75709402,19.1272972,13.67346939,25.5,24.55
2025-05-13 15:15:00+00:00,450.2707364,53.36052102,25.18606061,258.1725913,408.3436685,30.59577381,19.10604563,16.59220446,25.58424242,24.64618182
2025-05-13 15:30:00+00:00,442.2471126,53.22870919,25.3395098,261.6748987,365.3504718,28.37612528,18.93050359,16.4664966,25.6,24.80285714
2025-05-13 15:45:00+00:00,437.4716605,53.02063217,25.48368067,264.6584314,340.2060546,26.37744309,19.09824317,17.53253968,25.60510924,24.90252101
2025-05-13 16:00:00+00:00,437.1940576,53.95595365,25.59261905,267.9632222,306.7938756,24.18014763,18.89192892,17.19117708,25.70547619,25.07635854
2025-05-13 16:15:00+00:00,435.2875439,53.78056885,25.6,271.1088644,247.6495932,21.97213083,18.72830609,17.06968254,25.8,25.17596154
2025-05-13 16:30:00+00:00,431.3702564,53.70959436,25.6,274.2607054,152.163505,19.75279966,18.34422751,16.94507937,25.79239506,25.1984188
2025-05-13 16:45:00+00:00,429.008658,54.03824675,25.59480519,277.1618947,124.0792863,17.71580731,18.03255267,17.08333333,25.6345469,25.10561224
2025-05-13 17:00:00+00:00,427.6151359,53.90003646,25.50318168,279.8292924,117.6902865,15.85837303,17.82329837,17.04,25.6,25.1
2025-05-13 17:15:00+00:00,426.6412261,52.89740741,25.5,283.1543942,82.28846917,13.484,17.53569755,16.53416667,25.6,25.06
2025-05-13 17:30:00+00:00,425.3541259,54.25388889,25.5,286.2209928,57.60535967,11.31892063,17.19680375,15.93,25.53767521,25.0
2025-05-13 17:45:00+00:00,424.0888889,53.62961571,25.47028571,289.1148166,33.27838271,9.342868045,16.82646825,17.28302412,25.5,24.93571429
2025-05-13 18:00:00+00:00,423.9756614,13.69722623,25.4,292.0047632,21.9945839,7.413691113,16.46399694,16.63928571,25.52373898,24.9
2025-05-13 18:15:00+00:00,422.7474672,1.488111888,25.4,295.0779979,14.4034153,5.389149211,16.15970635,16.655,25.41566434,24.84502646
2025-05-13 18:30:00+00:00,422.4235349,0.0,25.30428571,298.2378648,7.636480909,3.398442074,16.02027778,16.83846154,25.37653061,24.8
2025-05-13 18:45:00+00:00,422.8352778,0.0,25.3,300.7906667,4.504919892,1.867272727,15.69712121,17.04361111,25.3,24.70981481
2025-05-13 19:00:00+00:00,421.4472884,0.0,25.21166667,304.2099683,1.502802116,-0.143547379,15.39487742,17.18571429,25.30222222,24.7
2025-05-13 19:15:00+00:00,420.6168356,0.0,25.17555556,307.4489983,0.429428519,-1.898030303,15.124,17.28,25.24,24.61948718
2025-05-13 19:30:00+00:00,420.1879447,0.0,25.1,310.5328422,0.046955455,-3.540744969,14.94794009,17.3,25.2,24.6
2025-05-13 19:45:00+00:00,420.9101604,0.0,25.1,313.7430303,0.0,-5.15194894,14.75321212,17.3,25.18267677,24.54991667
2025-05-13 20:00:00+00:00,419.8194339,0.0,25.01754386,316.7049471,0.0,-6.539251859,14.54986497,17.15583333,25.1,24.5
2025-05-13 20:15:00+00:00,418.8280199,0.0,24.97857143,320.3073448,0.0,-8.120269274,14.39002396,17.03544372,25.10267857,24.45561224
2025-05-13 20:30:00+00:00,418.8466165,0.0,24.9,323.655638,0.0,-9.458589205,14.15142857,16.87142857,25.0,24.4
2025-05-13 20:45:00+00:00,418.4856017,0.0,24.85982906,326.8798803,0.0,-10.61950855,13.99382857,16.70666667,25.04017094,24.4
2025-05-13 21:00:00+00:00,418.8067251,0.0,24.8,330.5842593,0.0,-11.8135,13.74912587,16.53238624,25.07222222,24.4
2025-05-13 21:15:00+00:00,417.4566069,0.0,24.79583333,333.8505102,0.0,-12.77011441,13.48877551,16.34583333,24.9,24.35920493
2025-05-13 21:30:00+00:00,416.5371233,0.0,24.7,337.4987464,0.0,-13.68177778,13.27458689,16.19333333,24.86246642,24.3
2025-05-13 21:45:00+00:00,415.3299876,0.0,24.7,341.0692896,0.0,-14.46781041,13.13212121,16.0,24.8,24.3
2025-05-13 22:00:00+00:00,416.1177489,0.0,24.7,344.6002381,0.0,-15.07580952,12.8556788,15.76,24.8,24.23657641
2025-05-13 22:15:00+00:00,415.6552773,0.0,24.65631689,348.1868933,0.0,-15.59007326,12.65659341,15.51390306,24.72857143,24.2
2025-05-13 22:30:00+00:00,416.2284397,0.0,24.6,351.2869854,0.0,-15.90376462,12.39612941,15.26425926,24.7,24.2
2025-05-13 22:45:00+00:00,416.3496626,0.0,24.6,355.7446065,0.0,-16.25,12.17875,15.0074537,24.7,24.2
2025-05-13 23:00:00+00:00,414.0235172,0.0,24.56898396,272.2204387,0.0,-16.3,11.9489036,14.84,24.7,24.2
2025-05-13 23:15:00+00:00,413.4261149,0.0,24.5,2.953724952,0.0,-16.27495152,11.73142857,14.8,24.63896104,24.11
2025-05-13 23:30:00+00:00,413.5768271,0.0,24.5,6.554787879,0.0,-16.09653704,11.63450269,14.89022222,24.6,24.1
2025-05-13 23:45:00+00:00,413.7692308,0.0,24.5,10.24595309,0.0,-15.77623626,11.52230769,14.84615385,24.6,24.1
2025-05-14 00:00:00+00:00,413.264,0.0,24.5,14.13538889,0.0,-15.31627225,11.40533333,14.59111111,24.54406061,24.07614815
2025-05-14 00:15:00+00:00,413.5344454,0.0,24.45666667,17.63684292,0.0,-14.73520022,11.35714286,14.31309524,24.5,24.0
2025-05-14 00:30:00+00:00,412.3990643,0.0,24.4,21.16848124,0.0,-14.05203704,11.10426296,14.112,24.5,24.0
2025-05-14 00:45:00+00:00,413.2591885,0.0,24.4,24.71943242,0.0,-13.21640171,10.85300899,13.92,24.5,24.0
2025-05-14 01:00:00+00:00,413.1495927,0.0,24.38506494,27.99314574,0.0,-12.30774067,10.77376533,13.77857143,24.5,24.0
2025-05-14 01:15:00+00:00,412.6018124,0.0,24.3,31.17020018,0.0,-11.32978038,10.74754431,13.59444444,24.51481481,23.97057407
2025-05-14 01:30:00+00:00,412.9948148,0.0,24.3,35.11348148,0.0,-9.98537037,10.56898502,13.42972222,24.50768421,23.9
2025-05-14 01:45:00+00:00,414.2081481,0.0,24.3,38.53408466,0.0,-8.668195767,10.46914444,13.34666667,24.4,23.9
2025-05-14 02:00:00+00:00,414.0541671,0.0,24.3,41.82305512,0.0,-7.301346867,10.29585383,13.17857143,24.4,23.9
2025-05-14 02:15:00+00:00,414.5153566,0.0,24.22,44.80138003,0.0,-5.956811485,10.20082179,13.04763757,24.4090404,23.9
2025-05-14 02:30:00+00:00,413.695,0.0,24.2,47.96341581,0.070266082,-4.459227358,10.04794024,12.88,24.3525,23.8562963
2025-05-14 02:45:00+00:00,414.2401891,0.0,24.2,51.20822344,0.648099349,-2.748406191,9.835714286,12.74571429,24.3,23.8
2025-05-14 03:00:00+00:00,414.1148148,16.65420875,24.16211765,54.39140848,2.415963818,-1.015670163,9.685928571,12.84545455,24.3,23.79851852
2025-05-14 03:15:00+00:00,415.7306319,52.72893773,24.09794872,57.61870574,6.830013305,0.744652015,9.630448718,20.55224359,24.23710407,23.70384615
2025-05-14 03:30:00+00:00,419.0240036,53.48180135,24.0,60.41805556,12.53180556,2.402777778,9.609166667,17.8587037,24.2,23.7
2025-05-14 03:45:00+00:00,420.3413847,53.39815009,24.0,63.63851899,21.81705917,4.470419719,9.730892857,18.55320235,24.2312395,23.63428571
2025-05-14 04:00:00+00:00,423.4262037,78.89935185,24.0,66.6899085,25.52696444,6.441204482,9.836784031,17.75311111,24.24416667,23.6
2025-05-14 04:15:00+00:00,425.5131854,158.3905971,23.97136364,69.71528902,36.45129189,8.460930736,9.890725108,16.89962121,24.1,23.6
2025-05-14 04:30:00+00:00,428.254851,225.9162619,23.86866667,72.4322001,65.25220969,10.31667725,9.9757,17.0,24.03632799,23.59842593
2025-05-14 04:45:00+00:00,428.1596625,265.7374567,23.8397656,75.62335789,77.509207,12.51837995,10.20658279,16.95625,24.02176871,23.54211425
2025-05-14 05:00:00+00:00,427.288604,264.4751085,23.71283951,78.50984343,70.92681248,14.57105556,10.22777778,17.0,23.94507295,23.47777778
2025-05-14 05:15:00+00:00,430.2569082,271.8984813,23.64148148,81.55497919,86.08563094,16.74858869,10.5035237,17.0,23.89305817,23.34666667
2025-05-14 05:30:00+00:00,438.3817801,264.8313612,23.6,84.7132381,93.02190243,18.97467725,10.90489947,17.13095238,23.85688312,23.24161905
2025-05-14 05:45:00+00:00,430.9490946,269.4844154,23.51428571,87.69761621,230.389848,21.03910147,11.33321287,17.21818182,23.74378882,23.2
2025-05-14 06:00:00+00:00,450.0244589,266.930859,23.5,90.68535897,283.9872278,23.14552991,11.7885235,17.0,23.76307692,23.12633191
2025-05-14 06:15:00+00:00,551.7801044,263.3332815,23.48580147,93.8848288,181.62489,25.37318639,11.82738336,16.95164835,23.62456691,23.0525
2025-05-14 06:30:00+00:00,569.5477628,263.6354301,23.61524444,97.1936608,172.0343641,27.56324501,11.7310005,16.90338624,23.65442023,23.01832977
2025-05-14 06:45:00+00:00,574.9670591,268.23301,23.6,100.4359454,166.4809295,29.65810745,11.74344898,16.80714286,23.5862101,23.01587753
2025-05-14 07:00:00+00:00,544.4,274.6222222,23.67888889,103.5605533,205.821277,31.66591427,11.88587181,16.8,23.67444444,23.0
2025-05-14 07:15:00+00:00,648.8312228,269.0205778,23.99049074,107.0638672,238.3280984,33.73048701,12.18841667,16.72333333,23.69659551,23.0
2025-05-14 07:30:00+00:00,666.2082057,269.6210526,24.12037121,110.9109836,201.7746603,35.93021164,12.1729608,16.96933333,23.7,22.96262821
2025-05-14 07:45:00+00:00,671.6902898,262.5241342,24.21773144,114.5258947,248.0359138,37.90769878,12.5461039,16.98333333,23.69350649,22.93983636
2025-05-14 08:00:00+00:00,663.2265909,265.8529412,24.38784314,118.3426278,305.3901689,39.80206053,12.68758038,16.98266667,23.6368366,23.12227513
2025-05-14 08:15:00+00:00,653.1973503,268.8048822,24.36191919,122.0825893,525.4348035,41.57482143,12.955,16.97314815,23.69484848,23.4
2025-05-14 08:30:00+00:00,478.4927695,274.69849,23.99277742,126,427.1715718,43,13.4,17.0,23.60436906,23.4
2025-05-14 08:45:00+00:00,503.1546353,272.6547619,23.9,130.1,415.8292237,44.825,13.6,16.85,23.69420485,23.4
2025-05-14 09:00:00+00:00,524.771162,266.4366959,23.9,136.2531746,537.9280852,46.98730159,13.78412698,16.75238095,23.7,23.56190476
2025-05-14 09:15:00+00:00,518.140488,267.0543756,23.9,140.1709028,681.9140267,48.19539021,13.84166667,16.96445106,23.69091846,23.65628034
2025-05-14 09:30:00+00:00,528.1902761,267.6433437,23.9,145.1462143,521.7438745,49.47904762,14.09,17.2,23.7,23.55533333
2025-05-14 09:45:00+00:00,490.628993,270.2949957,23.83538961,150.5580907,486.4312107,50.73398905,14.2855017,17.22857143,23.7,23.31982143
2025-05-14 10:00:00+00:00,488.5680236,272.705917,23.90284438,155.6493489,451.0022979,51.67200661,14.16128466,17.212,23.72518519,23.30503704
2025-05-14 10:15:00+00:00,602.2600951,273.5510161,24.11622982,161.6600317,407.7519539,52.56705026,14.36583333,17.22,23.97694042,23.40820273
2025-05-14 10:30:00+00:00,621.2198113,275.9769276,24.08898551,167.293748,540.6950239,53.13010228,14.76380208,17.19333333,24.01787879,23.40851852
2025-05-14 10:45:00+00:00,611.6880952,267.6099567,24.0,172.5306349,483.0494358,53.47301587,14.7711039,17.04591837,24.1,23.36428571
2025-05-14 11:00:00+00:00,600.2035185,279.0216782,24.0,178.4817857,404.870118,53.68111111,15.02981481,17.19611111,24.11016043,23.55513228
2025-05-14 11:15:00+00:00,613.1167159,271.1442595,24.0,184.8191402,550.5667881,53.63622896,15.35784149,17.15111111,24.26980857,23.71333333
2025-05-14 11:30:00+00:00,566.5485791,262.220404,23.99830925,190.8457828,511.8701331,53.3529329,15.80605897,17.47651515,24.33541311,23.77095238
2025-05-14 11:45:00+00:00,501.8015597,259.2212862,24.00442902,196.6488095,540.1576666,52.83571429,16.04367347,17.50464286,24.36511054,23.77142857
2025-05-14 12:00:00+00:00,690.1060907,271.9127263,24.21428902,201.9946561,579.5987382,52.17342857,16.2958,17.21597884,24.20999008,23.63248317
2025-05-14 12:15:00+00:00,712.5307348,271.1907563,24.3,206.9143492,540.3413183,51.36190476,16.30490159,17.24375758,23.94421569,23.56
2025-05-14 12:30:00+00:00,646.2963431,273.5746753,24.33506494,212.7686691,503.5344976,50.18189679,15.92845702,17.22295918,23.90899351,23.51428571
2025-05-14 12:45:00+00:00,731.2719003,266.9173155,24.37370199,217.7795238,458.4021271,48.96005291,15.46155055,16.80040741,23.9,23.5302963
2025-05-14 13:00:00+00:00,707.5283766,274.7440857,24.44625095,222.3794974,625.5233889,47.66689177,15.53726984,16.81326531,23.86662542,23.47459829
2025-05-14 13:15:00+00:00,709.033468,271.6927778,24.60777778,227.7575661,589.2382347,45.88859524,15.35116138,16.58,23.93222222,23.42977778
2025-05-14 13:30:00+00:00,680.3954284,278.3084014,24.57032967,231.5246753,567.9684269,44.49064935,14.80227922,16.20873016,23.86597802,23.4
2025-05-14 13:45:00+00:00,599.4086722,274.1135709,24.56705882,236.0935714,509.784232,42.64047619,14.41110317,16.416,23.96813072,23.3636976
2025-05-14 14:00:00+00:00,539.3903009,124.3571593,24.56751111,240.2490926,527.1133585,40.78511905,14.12274442,16.96316667,24.05436394,23.43481481
2025-05-14 14:15:00+00:00,459.3355768,56.09580946,24.51270184,244.0913333,499.809878,38.90078571,13.68051852,17.17142857,24.14371061,23.54797619
2025-05-14 14:30:00+00:00,425.1725885,54.56197374,24.33452381,247.8607143,479.4132481,36.93809524,13.53928571,16.30549451,24.1,23.52857143
2025-05-14 14:45:00+00:00,424.671456,54.10028986,24.27512121,251.3884524,376.9203262,34.9679127,13.10323647,16.79324074,23.88845455,23.5447619
2025-05-14 15:00:00+00:00,425.6285657,55.75726665,24.18646489,254.8905673,287.9216554,32.92834342,12.63782418,17.33496208,23.786007,23.5
2025-05-14 15:15:00+00:00,426.2606074,55.37913201,24.04682422,258.4078373,221.8949381,30.76327381,12.3427381,17.08549784,23.64672456,23.45151316
2025-05-14 15:30:00+00:00,429.6619821,55.64134946,23.88090909,261.4831169,214.4732108,28.83513915,12.24935065,16.77190476,23.57571429,23.4
2025-05-14 15:45:00+00:00,427.6894303,55.19718615,23.74634921,264.9152249,203.733715,26.51606085,12.16177489,16.74380952,23.44606061,23.31791005
2025-05-14 16:00:00+00:00,426.0967386,55.35031746,23.61111111,268.1861852,244.8742273,24.29462963,12.04421549,17.20511111,23.31111111,23.24971429
2025-05-14 16:15:00+00:00,425.6088591,54.91380006,23.56440809,271.1162895,243.5537589,22.24216074,11.98677756,17.08214286,23.22,23.2
2025-05-14 16:30:00+00:00,426.8193737,54.98878746,23.6,274.2114615,234.5836812,20.08434941,12.05831258,16.40888889,23.22549708,23.2
2025-05-14 16:45:00+00:00,423.8049917,54.14211449,23.69420168,277.260404,104.0861559,17.9372102,11.81699487,17.45722222,23.52872232,23.29473504
2025-05-14 17:00:00+00:00,425.9999506,54.32502507,23.78566667,280.2962104,92.2632682,15.81301282,11.45504429,16.76309524,23.66522177,23.38571429
2025-05-14 17:15:00+00:00,433.1588075,55.96111111,23.74785714,283.4045635,97.76032651,13.61190476,11.31365079,16.02142857,23.7,23.30684524
2025-05-14 17:30:00+00:00,432.4105944,56.12986874,23.8,286.30942,58.81235002,11.57099206,11.19626984,16.93444444,23.65869048,23.4
2025-05-14 17:45:00+00:00,428.0168752,56.49774407,23.8,289.3014371,41.28714485,9.504175325,10.82762992,16.97847619,23.7769697,23.4
2025-05-14 18:00:00+00:00,425.2180952,20.8324515,23.8,292.2782662,35.26046113,7.542034632,10.476,16.51466667,23.8,23.4
2025-05-14 18:15:00+00:00,423.6184006,0.0,23.8,295.2939031,19.2629912,5.542678571,10.26299603,16.16709184,23.8,23.4
2025-05-14 18:30:00+00:00,421.8423347,0.0,23.8,297.56327,12.85827802,4.105599929,10.09072953,15.74081169,23.8,23.4
2025-05-14 18:45:00+00:00,419.7444693,0.0,23.8,301.3208519,5.142534976,1.741203704,9.894407407,15.29587302,23.73230769,23.4
2025-05-14 19:00:00+00:00,419.0374699,0.0,23.8,304.425729,3.3406777,-0.008556919,9.791457432,14.88857143,23.7,23.4
2025-05-14 19:15:00+00:00,418.8071726,0.0,23.8,307.1286667,1.180555892,-1.459088702,9.771174603,14.65714286,23.7,23.4
2025-05-14 19:30:00+00:00,417.7264531,0.0,23.8,310.6494603,0.213595767,-3.346486773,9.713809524,14.45333333,23.7,23.4
2025-05-14 19:45:00+00:00,417.6431738,0.0,23.77214928,313.9816799,0.0,-5.01489418,9.72587037,14.23380952,23.7,23.4
2025-05-14 20:00:00+00:00,416.8008929,0.0,23.7,317.0354762,0.0,-6.432152015,9.819413038,14.11765306,23.7,23.4
2025-05-14 20:15:00+00:00,416.0328628,0.0,23.7,320.4272487,0.0,-7.888888889,9.837607143,13.98,23.7,23.4
2025-05-14 20:30:00+00:00,416.1008791,0.0,23.7,323.6117633,0.0,-9.162892737,9.773333333,13.8,23.7,23.4
2025-05-14 20:45:00+00:00,414.8149574,0.0,23.7,327.2097727,0.0,-10.46794613,9.584709596,13.68222222,23.7,23.4
2025-05-14 21:00:00+00:00,415.0353668,0.0,23.7,330.5167517,0.0,-11.56144558,9.563319573,13.55642857,23.7,23.4
2025-05-14 21:15:00+00:00,414.1654404,0.0,23.7,333.9597315,0.0,-12.54280342,9.423613636,13.48928571,23.7,23.38467949
2025-05-14 21:30:00+00:00,414.165641,0.0,23.7,337.4870542,0.0,-13.44388624,9.287507143,13.36016667,23.7,23.30041667
2025-05-14 21:45:00+00:00,414.2783476,0.0,23.7,341.2367778,0.0,-14.23177778,9.101577778,13.3,23.7,23.3
2025-05-14 22:00:00+00:00,414.5566038,0.0,23.7,344.327518,0.0,-14.8031062,9.036335674,13.2302381,23.7,23.3
2025-05-14 22:15:00+00:00,414.0269587,0.0,23.69179487,348.2714021,0.0,-15.36233766,8.889121212,13.1,23.70826667,23.3
2025-05-14 22:30:00+00:00,413.766156,0.0,23.6,351.8828571,0.0,-15.76011111,8.927559764,13.07714286,23.8,23.3
2025-05-14 22:45:00+00:00,414.0777675,0.0,23.6,355.6733496,0.0,-15.97755102,9.129761905,12.97857143,23.79642857,23.3
2025-05-14 23:00:00+00:00,414.0655869,0.0,23.6,305.1929051,0.0,-16.09833333,8.968227273,12.8431746,23.66777575,23.3
2025-05-14 23:15:00+00:00,414.2907469,0.0,23.6,2.97252381,0.0,-16.04,8.807783333,12.78571429,23.60507246,23.26488889
2025-05-14 23:30:00+00:00,413.9469697,0.0,23.6,6.788611111,0.0,-15.83416667,8.867351852,12.65259259,23.6,23.2
2025-05-14 23:45:00+00:00,413.9774436,0.0,23.53469388,10.3267316,0.0,-15.53131313,8.942857143,12.6,23.6,23.2
2025-05-15 00:00:00+00:00,413.5604069,0.0,23.5,13.93189033,0.0,-15.12400481,8.691138889,12.50777778,23.6,23.2
2025-05-15 00:15:00+00:00,413.02,0.0,23.5,17.29355556,0.0,-14.56311111,8.451911111,12.36,23.6,23.2
2025-05-15 00:30:00+00:00,412.95,0.0,23.5,21.07252381,0.0,-13.81849898,8.397341799,12.3,23.7,23.2
2025-05-15 00:45:00+00:00,412.917423,0.0,23.5,24.94862795,0.0,-12.90801347,8.384095238,12.3,23.56666667,23.13462963
2025-05-15 01:00:00+00:00,413.1820428,0.0,23.5,28.15957535,0.0,-12.02028448,8.548809524,12.22857143,23.5,23.1
2025-05-15 01:15:00+00:00,413.1122807,0.0,23.5,31.66804205,0.0,-10.93767295,8.396236539,12.10388889,23.5,23.1
2025-05-15 01:30:00+00:00,413.5646141,0.0,23.41230769,34.80555556,0.0,-9.838888889,8.250809524,12.03833333,23.52031746,23.1
2025-05-15 01:45:00+00:00,414.4105204,0.0,23.4,38.2190004,0.0,-8.552491842,8.006871915,11.92,23.6,23.1
2025-05-15 02:00:00+00:00,414.1725301,0.0,23.4,41.55927721,0.0,-7.164821429,7.994914966,11.9,23.6,23.1
2025-05-15 02:15:00+00:00,414.1706212,0.0,23.4,44.90395238,0.0,-5.662671958,8.032857143,11.9,23.6,23.01921569
2025-05-15 02:30:00+00:00,413.603199,0.0,23.4,47.87231805,0.185695906,-4.213328153,7.898133333,11.85333333,23.6,23.0
2025-05-15 02:45:00+00:00,413.7233333,0.0,23.31553846,51.30860306,1.185015711,-2.400538906,7.59995338,11.75809524,23.50169584,23.0
2025-05-15 03:00:00+00:00,413.5268255,5.883116883,23.3,54.28736472,4.864544304,-0.779989178,7.45644898,11.7,23.4025974,23.0
2025-05-15 03:15:00+00:00,414.3102816,48.34973798,23.3,57.34828011,14.57395251,0.882730464,7.368452194,18.76428571,23.5,23.0
2025-05-15 03:30:00+00:00,415.5026166,52.51040006,23.22727273,60.51256854,31.98674801,2.788359788,7.346666667,17.29316667,23.41587641,22.92825641
2025-05-15 03:45:00+00:00,417.2118909,52.29244234,23.2,63.62454978,54.74420286,4.723015152,7.298976191,18.24857143,23.3,22.9
2025-05-15 04:00:00+00:00,419.4608238,55.83391569,23.2,66.66087302,80.89179228,6.7119161,7.418877551,17.12307692,23.37714286,22.9
2025-05-15 04:15:00+00:00,421.4306276,70.25660874,23.2,69.46691453,106.1209396,8.59646276,7.77182906,17.29666667,23.4,22.9
2025-05-15 04:30:00+00:00,424.4281046,88.17212121,23.2,72.57322955,143.2376439,10.71630444,8.220375254,16.93111111,23.4,22.9
2025-05-15 04:45:00+00:00,426.8212121,99.95627892,23.17022312,75.59777778,162.3901927,12.80191919,8.480512821,16.91333333,23.2819991,22.9
2025-05-15 05:00:00+00:00,427.2638471,109.0998377,23.1,78.44966422,190.7363487,14.8204823,8.755314626,17.12261905,23.3,22.9
2025-05-15 05:15:00+00:00,425.316835,118.5523194,23.1,81.53605556,221.940135,16.99078307,9.207777778,17.2,23.18738688,22.9
2025-05-15 05:30:00+00:00,429.6486355,128.6361044,23.1,84.56624339,254.1530551,19.14285714,9.440613757,17.20222222,23.2,22.868
2025-05-15 05:45:00+00:00,439.1201425,133.5408892,23.03956989,87.6047619,285.7063304,21.28608466,9.452213675,17.07777778,23.22261905,22.84
2025-05-15 06:00:00+00:00,458.1560915,133.1964286,23.0,90.54053288,317.4515028,23.35719955,9.633225881,16.85790816,23.27222222,22.96488095
2025-05-15 06:15:00+00:00,464.9268152,132.751603,23.0,93.6511746,348.1925449,25.45644444,9.788071429,17.17666667,23.22335116,23.604
2025-05-15 06:30:00+00:00,592.6341667,132.7078431,23.084,97.12271429,383.415166,27.7931746,10.02333333,17.13333333,23.34666667,23.58666667
2025-05-15 06:45:00+00:00,701.1761416,151.7508357,23.26190476,100.0438312,411.9829153,29.73450835,10.19136364,16.99230769,23.4,23.08352758
2025-05-15 07:00:00+00:00,685.8767283,171.596489,23.398,103.5271878,440.3812674,31.9105873,10.22128871,16.88,23.34866667,22.97489011
2025-05-15 07:15:00+00:00,640.9643194,196.8914039,23.37309585,106.9888258,472.2810393,34.00381665,10.36031339,16.77142857,23.38883502,23.33047619
2025-05-15 07:30:00+00:00,626.9355742,224.1857143,23.4,110.7772131,496.0392605,36.1494536,10.48615133,16.85208333,23.61238095,23.36739683
2025-05-15 07:45:00+00:00,601.1651231,256.8601817,23.4,114.0832908,521.9802186,37.95522959,10.7425,17.06428571,23.69820135,23.45918367
2025-05-15 08:00:00+00:00,584.0869162,269.8406926,23.4,118.1049603,546.8126834,39.96388889,10.97693059,17.00666667,23.68666667,23.51333333
2025-05-15 08:15:00+00:00,514.6280517,272.8725954,23.30614141,121.9378644,570.6383756,41.75907398,11.065999,16.9877037,23.69385142,23.46787879
2025-05-15 08:30:00+00:00,494.2881341,264.5609828,23.215,126.4443992,592.2690659,43.69932636,11.17958571,16.85416667,23.8,23.57142857
2025-05-15 08:45:00+00:00,488.4652778,263.6472923,23.3,130.8095351,613.4182373,45.38352608,11.39861678,16.83714286,23.79878618,23.42959184
2025-05-15 09:00:00+00:00,507.7141554,259.9587351,23.25897576,134.9177778,631.4889576,46.82888889,11.35055556,16.74,23.84611672,23.48
2025-05-15 09:15:00+00:00,512.7169258,263.1396212,23.2,140.1188836,653.4021541,48.43259259,11.56518519,17.08,24.06779545,23.63333333
2025-05-15 09:30:00+00:00,495.6834432,257.3712528,23.2,144.6618519,666.4314983,49.63888889,11.66501538,16.94923077,23.99550926,23.6
2025-05-15 09:45:00+00:00,473.0219303,267.8085591,23.2,150.2515873,681.7532146,50.9064059,11.91333333,16.95,23.66428571,23.56414835
2025-05-15 10:00:00+00:00,468.6436847,269.0459316,23.2,155.6210741,692.5292845,51.91022222,11.78866667,16.95333333,23.6,23.59878788
2025-05-15 10:15:00+00:00,472.0290855,264.8888696,23.16297531,161.3797963,702.9276267,52.74888889,12.374,16.9,23.57190355,23.35481481
2025-05-15 10:30:00+00:00,463.2314153,260.4005387,23.14180135,167.3513095,712.5253579,53.368,12.66583333,16.94857143,23.56641544,23.14282051
2025-05-15 10:45:00+00:00,462.8668315,265.4224082,23.1,172.5144218,716.603528,53.68433673,12.5562585,16.99166667,23.57024378,23.1
2025-05-15 11:00:00+00:00,486.6982593,267.0268191,23.07365079,178.153037,718.6853809,53.9,12.57493651,17.09285714,23.83909956,23.14533333
2025-05-15 11:15:00+00:00,499.9098635,268.6156929,23.09407224,184.2240067,718.816017,53.86111111,13.04301732,17.32690476,23.87301961,23.34910101
2025-05-15 11:30:00+00:00,558.0865385,267.1234737,23.12319902,190.4121985,575.1670612,53.59047619,13.39884354,17.27358974,23.77814408,23.3
2025-05-15 11:45:00+00:00,554.9384532,264.6063274,23.28876665,196.4152778,719.4500412,53.08351852,13.43880556,17.01653439,23.68205128,23.37285714
2025-05-15 12:00:00+00:00,537.0036683,260.0033333,23.20966667,202.2392804,714.2015877,52.36448942,13.11409704,17.08,23.837,23.40984127
2025-05-15 12:15:00+00:00,525.8140514,255.4503205,23.20833333,207.1592857,708.4222272,51.56761905,13.395,17.15,24.16606061,23.55138889
2025-05-15 12:30:00+00:00,541.9874687,270.7950758,23.21958333,212.6690731,695.7908192,50.45702381,13.65194643,17.17428571,24.10659632,23.52967033
2025-05-15 12:45:00+00:00,550.7516321,270.0848298,23.2151049,217.8993917,684.8688719,49.16389744,13.81535486,17.08847619,24.0648951,23.70764215
2025-05-15 13:00:00+00:00,526.4376505,271.6344623,23.385,222.9467677,670.2123772,47.72027389,13.9793007,16.94,24.03818627,23.77340069
2025-05-15 13:15:00+00:00,561.7743703,268.5473084,23.54137566,227.5768519,654.7102341,46.21268519,14.23361905,17.3,23.94698413,24.29333333
2025-05-15 13:30:00+00:00,560.7286063,267.4003504,23.64482143,232.1239899,635.739543,44.55325397,14.60561779,17.44642857,24.01214286,24.41160714
2025-05-15 13:45:00+00:00,562.8767394,270.3848789,23.8037949,236.324754,612.9944774,42.80705739,14.39083333,17.18,24.16699875,24.54
2025-05-15 14:00:00+00:00,543.7454959,274.477476,23.75930757,240.5395437,589.6034038,40.90113889,14.63915409,17.25555556,24.2737931,24.6
2025-05-15 14:15:00+00:00,540.1392929,275.6578487,23.79660464,244.3952593,565.6029139,39.04325421,14.56023889,17.19371429,24.35349172,24.67383333
2025-05-15 14:30:00+00:00,557.6253642,273.7695106,24.07596546,248.0813209,549.7602169,37.08286565,14.77104875,17.18571429,24.499519,24.78738095
2025-05-15 14:45:00+00:00,551.9515205,263.1842307,24.3634574,251.5251852,517.538188,35.15292208,15.12468946,17.16888889,24.50410256,24.48424242
2025-05-15 15:00:00+00:00,583.2521799,137.4072255,24.63905534,255.1908148,489.5496831,33.018,14.888,16.51333333,24.57832397,24.28940689
2025-05-15 15:15:00+00:00,602.2479461,55.84041847,25.07,258.8041455,451.648835,30.80504449,14.71899471,16.56396825,24.83940981,24.30327561
2025-05-15 15:30:00+00:00,479.3538012,56.46983696,24.9429391,261.9453144,339.914716,28.77830433,14.46766392,17.25,24.934375,24.44952381
2025-05-15 15:45:00+00:00,450.3489263,55.97957361,24.77388889,264.8199761,389.4584162,26.87229622,14.43564265,16.86785714,24.79868949,24.24418825
2025-05-15 16:00:00+00:00,438.2222222,55.6431746,24.76465079,268.3400714,360.8947668,24.4683254,14.56265734,17.1982906,24.73857143,24.2
2025-05-15 16:15:00+00:00,434.4322802,56.3877551,24.7256044,271.4209145,321.0721319,22.3666342,14.44122711,16.95178571,24.7,24.2
2025-05-15 16:30:00+00:00,431.4706007,55.82103896,24.8,274.3968889,291.8453965,20.25566667,14.032,16.68809524,24.75821641,24.2
2025-05-15 16:45:00+00:00,429.3850101,56.41483254,24.71282051,277.4240159,236.8528935,18.08684127,13.84840476,17.16923077,24.88717949,24.2
2025-05-15 17:00:00+00:00,429.2121922,56.05572612,24.7,280.4148196,183.4561555,16.00858586,13.45707143,16.6144898,24.9,24.2
2025-05-15 17:15:00+00:00,428.3814757,55.75270563,24.7,283.382381,87.36919237,13.905,12.58800866,16.97857143,24.72913475,24.2
2025-05-15 17:30:00+00:00,427.3790876,54.76787879,24.7,286.3161738,89.77072039,11.87376943,12.8430158,17.26233333,24.72690476,24.2
2025-05-15 17:45:00+00:00,427.3086765,53.07655502,24.7,289.3223377,52.81112893,9.770566378,12.62832021,16.09230769,24.7,24.2
2025-05-15 18:00:00+00:00,426.1506942,16.50059478,24.7,292.1539881,40.75444268,7.877083333,12.57576548,17.30714286,24.7,24.2
2025-05-15 18:15:00+00:00,424.5267878,0.0,24.7,295.1873791,57.2675738,5.887053595,12.53149206,16.77777778,24.7,24.2
2025-05-15 18:30:00+00:00,424.3116414,0.0,24.7,298.3786936,35.43180106,3.841185185,12.53224108,16.48066667,24.70725926,24.2
2025-05-15 18:45:00+00:00,422.5971735,0.0,24.65266667,301.1636364,18.65366871,2.118066378,12.27518519,16.14766667,24.64251095,24.15272727
2025-05-15 19:00:00+00:00,422.6788033,0.0,24.6,304.3917444,7.446416184,0.275057839,11.98812529,15.9222583,24.6,24.1
2025-05-15 19:15:00+00:00,422.7244755,0.0,24.6,307.509267,2.200476342,-1.427363155,11.66252997,15.68333333,24.6,24.1
2025-05-15 19:30:00+00:00,422.7481186,0.0,24.53206349,310.8144286,0.50780609,-3.185238095,11.33115053,15.6245,24.60569201,24.1
2025-05-15 19:45:00+00:00,422.9419841,0.0,24.5,314.0078783,0.051527778,-4.771698413,11.07221429,15.7,24.58711988,24.09666667
2025-05-15 20:00:00+00:00,421.9511441,0.0,24.5,317.1715845,0.0,-6.234736395,10.81969388,15.66041667,24.5,24.02777778
2025-05-15 20:15:00+00:00,421.9079606,0.0,24.46615385,320.1471414,0.0,-7.53446128,10.49867366,15.49714286,24.50616016,24.0
2025-05-15 20:30:00+00:00,421.0584204,0.0,24.4,323.5817143,0.0,-8.907445887,10.18387879,15.10793651,24.59205387,24.0
2025-05-15 20:45:00+00:00,420.2209402,0.0,24.4,326.934328,0.0,-10.12060317,10.08838095,14.81666667,24.46964444,23.93639177
2025-05-15 21:00:00+00:00,420.4499814,67.33863636,24.30688776,330.5140476,0.0,-11.28755102,9.859055556,13.48602564,24.42962038,23.9
2025-05-15 21:15:00+00:00,422.1021505,111.6873192,24.23733333,333.9940741,0.0,-12.30314815,9.808148148,11.7,24.34412346,23.81151515
2025-05-15 21:30:00+00:00,422.4008276,106.2222321,24.10555556,337.5370525,0.0,-13.17419913,10.03191575,11.88447552,24.30047387,23.70444444
2025-05-15 21:45:00+00:00,425.2936289,109.3385007,23.98464052,341.1803741,0.0,-14.00204082,9.846845238,11.72142857,24.26945505,23.60725624
2025-05-15 22:00:00+00:00,424.2666667,110.9473545,23.88,344.5522169,0.0,-14.5928735,9.884560847,11.77692308,24.14493952,23.54666667
2025-05-15 22:15:00+00:00,424.3354248,110.4209606,23.77757576,348.0455556,0.0,-15.08753691,9.862690476,11.78,24.05965608,23.42
2025-05-15 22:30:00+00:00,425.4954466,110.9469712,23.7,352.1431825,0.0,-15.49022222,10.19466667,12.00666667,24.06450758,23.34630952
2025-05-15 22:45:00+00:00,425.0395563,109.037349,23.6139881,355.7070624,0.0,-15.74047619,10.30053571,12.2,23.84965986,23.29230769
2025-05-15 23:00:00+00:00,424.0847523,110.4503504,23.52358505,263.35,0.0,-15.8,10.32083333,12.2,23.8428796,23.18666667
2025-05-15 23:15:00+00:00,424.0439242,108.6451746,23.48383333,2.952055556,0.0,-15.79851852,10.23333333,12.07733333,23.78962963,23.1
2025-05-15 23:30:00+00:00,423.6268519,109.4522196,23.38421053,6.464640693,0.0,-15.66495238,10.28,12.11785714,23.73667863,23.015
2025-05-15 23:45:00+00:00,424.0164835,112.4316603,23.25218045,10.18535714,0.0,-15.33705215,10.52187951,12.34880952,23.67993197,22.9851461
2025-05-16 00:00:00+00:00,424.3617063,116.8109957,23.2,13.98425709,0.0,-14.85756205,11.04,12.90666667,23.62268519,22.9
2025-05-16 00:15:00+00:00,423.9854545,115.2822617,23.12666667,17.47050794,0.0,-14.31636845,11.10285714,13.0,23.55256209,22.85416667
2025-05-16 00:30:00+00:00,424.2151876,115.2833665,23.09428571,20.82854614,0.0,-13.63904762,11.1655873,13.06153846,23.50612934,22.79464286
2025-05-16 00:45:00+00:00,425.0066667,122.8550877,23.0,24.66207792,0.0,-12.75152137,11.15346032,13.1,23.46,22.7
2025-05-16 01:00:00+00:00,425.0508522,121.5283243,22.96647059,28.0187751,0.0,-11.83165235,11.15007904,13.08571429,23.39313725,22.66666667
2025-05-16 01:15:00+00:00,425.9907895,126.0307407,22.9,31.67606349,0.0,-10.67301587,11.13326667,13.0,23.27866667,22.6
2025-05-16 01:30:00+00:00,425.6973304,131.1573864,22.8297619,34.8905102,0.0,-9.595748299,11.09746173,13.0,23.29908964,22.57032967
2025-05-16 01:45:00+00:00,425.9602469,147.7727243,22.77656741,38.17828571,0.0,-8.316015873,11.09333333,13.0,23.21951253,22.48
2025-05-16 02:00:00+00:00,425.9112856,152.8452253,22.7,41.51674054,0.0,-6.934557387,11.15919921,13.04,23.06433969,22.4
2025-05-16 02:15:00+00:00,426.1970788,164.6924283,22.6,44.71204365,0.0,-5.49952381,11.17857143,13.13688672,23.22043849,22.4
2025-05-16 02:30:00+00:00,426.5790842,177.0489277,22.50733333,48.04219841,0.042653968,-3.872248677,11.29866667,13.2,23.1,22.31719577
2025-05-16 02:45:00+00:00,427.2134576,164.2889934,22.46710835,51.21084371,0.491274363,-2.197634717,11.31179091,13.2,22.98261072,22.2
2025-05-16 03:00:00+00:00,426.1499192,52.38740751,22.45447735,54.29908874,1.866418336,-0.533280719,11.30480952,13.22166667,22.89128205,22.2
2025-05-16 03:15:00+00:00,425.1243506,55.35093537,22.4567517,57.45586623,4.567487889,1.19224026,11.25714286,17.98663265,22.8,22.2
2025-05-16 03:30:00+00:00,425.562924,54.18682803,22.42574163,60.49722944,8.956108081,3.038322511,11.11628571,19.52711111,22.82,22.2
2025-05-16 03:45:00+00:00,425.9776471,50.70849673,22.5,63.46531746,15.54789496,4.932298942,10.93642593,17.48,22.9,22.21454545
2025-05-16 04:00:00+00:00,426.6273016,50.42564103,22.5,66.5257963,23.21843951,6.895462963,10.71733333,18.96222222,22.9,22.3
2025-05-16 04:15:00+00:00,434.074227,49.50974026,22.54935065,69.26387987,28.40271008,8.733928571,10.62063492,18.03461538,22.90909091,22.35
2025-05-16 04:30:00+00:00,431.5688378,49.72926333,22.6,72.33223088,46.98088652,10.78685281,10.58403427,18.64666667,23.0,22.4
2025-05-16 04:45:00+00:00,430.2749288,48.758557,22.64666667,75.35036843,69.92164529,12.93603665,10.74550894,18.32972222,23.0,22.40761905
2025-05-16 05:00:00+00:00,433.8204894,49.38471844,22.7,78.38025734,91.02406109,15.03792063,10.88547619,18.62722222,23.0,22.42
2025-05-16 05:15:00+00:00,436.7639704,58.66924603,22.70824176,81.36841837,223.9724885,17.17806122,11.41391156,18.30357143,23.00015873,22.48015873
2025-05-16 05:30:00+00:00,441.3703263,56.64207623,22.8,84.3337963,251.89077,19.28112698,12.17530159,18.11571429,23.1,22.5
2025-05-16 05:45:00+00:00,444.9671684,55.62791261,22.92909635,87.45861476,138.7128881,21.4918543,13.252,18.22433333,23.13197242,22.60030159
2025-05-16 06:00:00+00:00,475.8020052,57.6090035,23.04758442,90.53589827,98.56758111,23.64294192,13.37704167,18.28333333,23.2,22.7
2025-05-16 06:15:00+00:00,529.9445543,60.47938974,23.09413179,93.42676923,137.1294488,25.62774074,13.18915897,18.1,23.2,22.76265079
2025-05-16 06:30:00+00:00,501.8328275,68.07087645,23.1,96.79374315,153.2083214,27.86621693,13.35185159,18.0,23.22867606,23.11796551
2025-05-16 06:45:00+00:00,479.4402539,77.36375146,23.1,98.86026012,163.6878796,29.21783538,13.65151532,18.0,23.4060966,23.3678264
2025-05-16 07:00:00+00:00,605.2172142,89.7338474,23.30822574,103.3541198,226.8873384,32.08541667,13.32397102,17.55714286,23.75511905,23.5879557
2025-05-16 07:15:00+00:00,787.6181456,135.9597037,23.67779181,106.8855736,439.0343301,34.20638095,13.90778788,17.5375,23.85702495,23.60055556
2025-05-16 07:30:00+00:00,788.1336694,198.849773,23.71004662,110.4922835,522.9119909,36.30712747,14.6544697,17.27244898,23.94099018,23.37919014
2025-05-16 07:45:00+00:00,771.7318146,254.1080572,23.80581483,113.865102,566.2459933,38.12002036,14.58963069,16.94285714,23.66312769,23.38242424
2025-05-16 08:00:00+00:00,758.5981967,266.8094223,23.91186667,117.9674921,428.6314315,40.19295238,14.50956323,16.9,23.65300055,23.25560736
2025-05-16 08:15:00+00:00,711.7697056,269.6178737,24.0,121.9563651,588.6155694,42.04331746,14.8006734,16.93,24.09773262,23.08239316
2025-05-16 08:30:00+00:00,693.0116401,268.9502437,23.94702493,126.4121534,606.0881198,43.94555556,15.71107407,17.15595238,24.22199134,23.04574074
2025-05-16 08:45:00+00:00,581.9897186,267.1144506,23.76771542,130.5942112,551.5522931,45.58771514,16.00115197,17.2,24.3,23.28997253
2025-05-16 09:00:00+00:00,561.7020908,270.0422837,23.6621702,134.8521544,689.2648628,47.08781674,15.99863535,17.02133333,24.32211731,23.41185923
2025-05-16 09:15:00+00:00,580.7628918,268.6493089,23.7,139.9391472,711.3774513,48.64380592,15.6129881,17.00036075,24.0219883,23.21384615
2025-05-16 09:30:00+00:00,567.3693182,266.2001044,23.61726973,144.9263979,662.0347933,49.93304344,15.8234042,17.14230769,23.66039367,22.92132653
2025-05-16 09:45:00+00:00,568.8579826,262.6149383,23.59222222,150.0915344,629.262583,51.1121164,16.00074074,17.13904762,23.60277778,22.82444444
2025-05-16 10:00:00+00:00,553.3171476,265.6487911,23.52986667,155.8245,810.8021699,52.1852381,15.77583333,17.20666667,23.78065786,22.81133333
2025-05-16 10:15:00+00:00,498.1655546,266.1892053,23.5,161.3888545,469.1890178,52.9812963,16.16630303,17.1127381,23.9,23.18
2025-05-16 10:30:00+00:00,487.2673465,270.2583393,23.4612782,167.147333,734.6109155,53.58651902,16.40855023,17.16660714,23.9,23.20908948
2025-05-16 10:45:00+00:00,471.9763956,271.4720147,23.36102564,172.6730658,528.768024,53.97977778,16.00007431,16.99777778,23.90317949,23.27970008
2025-05-16 11:00:00+00:00,472.673135,267.2451689,23.3,178.6452525,952.4768939,54.14666667,16.13935185,17.16611111,23.93128403,23.29641026
2025-05-16 11:15:00+00:00,492.7274637,269.1435363,23.2987013,184.7126786,341.8418487,54.08333333,16.17166667,17.23461538,23.99340659,23.1814881
2025-05-16 11:30:00+00:00,461.535,270.889152,23.203,190.8412013,537.1747914,53.81692816,15.85187472,16.79066667,23.84055263,23.00179894
2025-05-16 11:45:00+00:00,447.9738961,268.2126099,23.14516525,195.4022778,760.4674188,53.43247619,16.05192778,17.31026361,23.60484848,22.805
2025-05-16 12:00:00+00:00,460.8703704,267.5255556,23.1,202.5774264,472.7380793,52.56284873,15.91407407,16.89066667,23.66911111,22.7
2025-05-16 12:15:00+00:00,451.9088245,269.267316,23.00625,207.7022547,294.4856384,51.6777417,16.04672619,17.25952381,24.24954941,22.63482143
2025-05-16 12:30:00+00:00,445.7623899,273.516831,23.0,212.7430926,621.9281112,50.67485714,16.66931313,17.35785714,24.54660551,22.6
2025-05-16 12:45:00+00:00,441.8111455,272.4281097,22.97980952,218.1278836,420.3346342,49.3797037,16.16837037,17.26672619,24.48523871,22.66
2025-05-16 13:00:00+00:00,436.930217,269.7288481,22.9,222.7561766,172.031412,48.03737503,15.71654092,16.19047619,24.60923501,22.7
2025-05-16 13:15:00+00:00,436.2117915,256.871993,22.9,227.7470608,163.9929291,46.42404233,15.80634524,16.87238095,24.39613956,22.7
2025-05-16 13:30:00+00:00,435.5008213,250.1022282,22.9,232.3213228,339.0847032,44.72293122,16.32803968,17.23302198,23.99821096,22.72055556
2025-05-16 13:45:00+00:00,430.0881162,248.4818577,22.9,236.2111608,286.6951578,43.1352992,16.39806844,17.20863492,23.77481834,22.8
2025-05-16 14:00:00+00:00,430.025565,130.7469561,22.99642857,239.7538446,268.2780719,41.52156462,16.31363903,16.79544836,23.730689,22.8567095
2025-05-16 14:15:00+00:00,429.0567534,52.10804534,23.33699159,244.5119709,583.1589761,39.27100529,16.50722787,17.16,23.86154218,22.96956614
2025-05-16 14:30:00+00:00,428.5226667,52.78316475,23.57866667,247.9582937,444.3476029,37.41765873,16.92212302,17.81777778,24.0,23.12625
2025-05-16 14:45:00+00:00,426.0106179,52.28997217,23.45414116,251.8895918,150.2250961,35.24340136,15.905,16.68214286,23.92652961,23.1
2025-05-16 15:00:00+00:00,425.1689613,52.24886447,23.61989983,255.246835,475.1445644,33.25834477,16.28925926,16.17780952,24.02783254,23.12912092
2025-05-16 15:15:00+00:00,423.9726086,52.61385925,23.8,258.8829286,328.7586252,31.04666667,16.83488889,17.48266667,24.1,23.3
2025-05-16 15:30:00+00:00,423.3815068,52.64976608,23.78777778,262.1063004,339.9619068,28.94157509,16.4985119,16.19007937,24.1,23.3
2025-05-16 15:45:00+00:00,422.4319479,52.41590522,23.7,265.1960227,392.4216849,26.89071429,17.07431548,17.72272727,24.1,23.3
2025-05-16 16:00:00+00:00,421.8325758,53.03315087,23.7,268.1818214,364.1864003,24.874378,17.30739823,17.268,24.1,23.3
2025-05-16 16:15:00+00:00,421.6662033,52.76356834,23.73360502,271.5274074,327.4379307,22.55296296,17.16301905,16.53777778,24.1,23.30666667
2025-05-16 16:30:00+00:00,420.6801757,52.95710077,23.8,274.5482851,287.276704,20.45323129,16.78352608,17.21538462,24.1,23.36558442
2025-05-16 16:45:00+00:00,420.4896212,52.01932669,23.8,277.5395,253.4432614,18.29038889,16.32643939,16.74,24.09964912,23.4
2025-05-16 17:00:00+00:00,419.6818519,53.23896775,23.80060606,280.647,220.3455827,16.12983333,15.99416667,16.88711111,24.00121212,23.4
2025-05-16 17:15:00+00:00,419.0,52.695042,23.89371345,283.7534259,188.1317673,13.92677249,15.70972751,17.06709524,24.18764912,23.4
2025-05-16 17:30:00+00:00,418.4328328,52.78225716,23.9,286.5669388,159.3351096,11.98892857,15.53553571,16.49163265,24.2,23.4
2025-05-16 17:45:00+00:00,418.9328304,52.34496134,23.9,289.5089259,124.2775672,9.943719577,15.28087619,17.05488889,24.2,23.4
2025-05-16 18:00:00+00:00,417.8020202,13.09037037,23.96,292.3923333,87.54201514,7.980824916,14.91111111,16.94285714,24.2,23.4
2025-05-16 18:15:00+00:00,418.3130423,0.0,24.0,295.3113379,57.08001511,6.066629601,14.56026208,17.0,24.18544974,23.49285714
2025-05-16 18:30:00+00:00,416.2924483,0.0,24.0,298.48,40.48357302,4.038690476,14.08171958,17.0,24.1,23.5
2025-05-16 18:45:00+00:00,415.5385827,0.0,24.0,301.4440658,22.82116433,2.241518674,13.7868011,17.0,24.1,23.5
2025-05-16 19:00:00+00:00,414.9825784,0.0,24.0,304.3351282,9.617809505,0.541299145,13.44760317,16.97857143,24.1,23.5
2025-05-16 19:15:00+00:00,414.3990683,0.0,24.0,307.3063736,3.093787834,-1.089880952,13.08071429,16.9,24.1,23.5
2025-05-16 19:30:00+00:00,414.4698135,0.0,24.0,310.9053651,0.602909095,-2.942222222,12.76757672,16.84666667,24.11347319,23.5
2025-05-16 19:45:00+00:00,414.7252618,0.0,24.0,313.8809806,0.085273596,-4.450294872,12.54882857,16.7125,24.2,23.5
2025-05-16 20:00:00+00:00,414.9183317,0.0,24.0,316.8602701,0.0,-5.8477353,12.2358975,16.55357143,24.2,23.5
2025-05-16 20:15:00+00:00,414.1259259,0.0,24.0,320.4532381,0.0,-7.434878307,11.85614286,16.35888889,24.2,23.5
2025-05-16 20:30:00+00:00,414.5555556,0.0,23.95583333,323.8596667,0.0,-8.776190476,11.63133333,16.2,24.08214912,23.46081481
2025-05-16 20:45:00+00:00,414.4033346,0.0,23.9,327.2032354,0.0,-9.995212288,11.52944134,16.2,24.0,23.4
2025-05-16 21:00:00+00:00,414.6811998,0.0,23.9,330.6972109,0.0,-11.11938776,11.37295918,16.2,24.0,23.4
2025-05-16 21:15:00+00:00,415.0402665,0.0,23.9,334.1320106,0.0,-12.11111111,11.33661857,16.05510204,24.05920635,23.4
2025-05-16 21:30:00+00:00,414.0831039,0.0,23.86518519,337.6448148,0.0,-13.00677609,11.29378836,15.83333333,24.062,23.4
2025-05-16 21:45:00+00:00,414.9708333,0.0,23.8,341.2083333,0.0,-13.755,11.35664815,15.53733333,23.90225,23.4
2025-05-16 22:00:00+00:00,415.0149451,0.0,23.8,344.7379577,0.0,-14.39200855,11.24284864,15.29230769,23.9,23.33394002
2025-05-16 22:15:00+00:00,414.4089747,0.0,23.7836303,348.2606778,0.0,-14.9044744,11.26444444,15.05440212,23.9,23.3
2025-05-16 22:30:00+00:00,413.6466667,0.0,23.7,352.0377597,0.0,-15.281,11.1437037,14.83076923,23.9,23.3
2025-05-16 22:45:00+00:00,414.9183132,0.0,23.7,355.6770694,0.0,-15.52857143,11.00688776,14.68571429,23.90866103,23.3
2025-05-16 23:00:00+00:00,413.8048431,0.0,23.7,287.2333333,0.0,-15.6,11.00666667,14.6,23.8,23.3
2025-05-16 23:15:00+00:00,413.6311929,0.0,23.7,2.770050061,0.0,-15.58229992,10.82451421,14.43638889,23.8,23.3
2025-05-16 23:30:00+00:00,414.0097259,0.0,23.7,6.776944444,0.0,-15.37666667,10.87674074,14.28630952,23.8,23.20761905
2025-05-16 23:45:00+00:00,413.971192,0.0,23.64357143,10.38620269,0.0,-15.09004121,11.02380952,14.10428571,23.8,23.2
2025-05-17 00:00:00+00:00,413.8129389,0.0,23.6,13.82557816,0.0,-14.64309507,11.133421,14.02972222,23.71809524,23.2
2025-05-17 00:15:00+00:00,414.1407407,0.0,23.6,17.52648148,0.0,-14.06169312,10.89518519,13.825,23.7,23.2
2025-05-17 00:30:00+00:00,413.1178021,0.0,23.59545455,21.11931973,0.0,-13.33570295,10.79580499,13.7,23.7,23.11369048
2025-05-17 00:45:00+00:00,413.4027804,0.0,23.54935209,24.55928999,0.0,-12.53019658,10.65638889,13.60666667,23.7,23.1
2025-05-17 01:00:00+00:00,412.8143827,0.0,23.50050476,27.94936508,0.0,-11.61670635,10.49075926,13.49333333,23.70866667,23.1
2025-05-17 01:15:00+00:00,413.5945034,0.0,23.5,31.51980423,0.0,-10.49471429,10.388,13.4,23.69137401,23.1
2025-05-17 01:30:00+00:00,413.0,0.0,23.5,34.95765306,0.0,-9.320176252,10.25338095,13.37032967,23.66445578,23.1
2025-05-17 01:45:00+00:00,413.1184989,0.0,23.5,38.20003175,0.0,-8.044190476,10.20133333,13.24,23.6,23.03588889
2025-05-17 02:00:00+00:00,413.9777778,0.0,23.49306667,41.4817713,0.0,-6.701776094,10.26351861,13.2,23.6,23.0
2025-05-17 02:15:00+00:00,413.4284596,0.0,23.4,44.76592961,0.00125,-5.197989418,10.45005963,13.10222222,23.6,23.0
2025-05-17 02:30:00+00:00,413.6912088,0.0,23.4,47.94159951,0.219249295,-3.662442002,10.63412698,13.025,23.60274725,23.0
2025-05-17 02:45:00+00:00,413.7233687,0.0,23.4,50.91888889,0.87397986,-2.141148148,10.73291111,13.0,23.57418895,23.0
2025-05-17 03:00:00+00:00,413.6935663,0.0,23.4,54.14248677,2.398346887,-0.400768398,10.77373545,13.0,23.5,23.0
2025-05-17 03:15:00+00:00,412.7391817,0.0,23.4,57.01886286,3.981757263,1.212741187,10.8,13.0,23.5,23.0
2025-05-17 03:30:00+00:00,412.9729517,0.0,23.4,60.4517094,7.298598829,3.2753663,10.91888889,13.0,23.5,23.0
2025-05-17 03:45:00+00:00,413.2814815,0.0,23.4,63.32823713,13.18732484,5.065505051,10.98410185,13.0,23.52814815,23.0
2025-05-17 04:00:00+00:00,411.8891295,0.0,23.39810628,66.42166667,17.36110734,7.09,10.902,13.0,23.6,23.0
2025-05-17 04:15:00+00:00,411.4726912,0.0,23.30578231,69.35306818,22.10339107,9.063854618,10.93165533,13.03076923,23.6,23.0
2025-05-17 04:30:00+00:00,412.2253374,0.0,23.3,72.35358177,30.90240404,11.11936508,10.92133333,13.1,23.6,22.96963675
2025-05-17 04:45:00+00:00,411.9347971,0.0,23.3,75.26304077,32.8875073,13.11598195,11.05746032,13.18355556,23.6,23.0
2025-05-17 05:00:00+00:00,412.0198413,0.0,23.3,78.26960317,36.71816193,15.26051587,11.26388889,13.2,23.6,22.90857143
2025-05-17 05:15:00+00:00,411.5542691,0.0,23.3,81.23894444,41.13308009,17.34194444,11.375,13.2,23.6,22.9
2025-05-17 05:30:00+00:00,411.776146,0.0,23.3,84.13985092,58.15441897,19.4227493,11.47738258,13.27481481,23.6,22.9
2025-05-17 05:45:00+00:00,411.6169043,0.0,23.3,87.17026263,65.40278951,21.55683333,11.58885269,13.3431746,23.6,22.9
2025-05-17 06:00:00+00:00,410.4755004,0.0,23.3,90.16379149,73.00092536,23.65366342,11.68452381,13.4,23.6,22.9
2025-05-17 06:15:00+00:00,411.4,0.0,23.3,93.37409812,92.80264445,25.84060317,11.8035671,13.4,23.6,22.9
2025-05-17 06:30:00+00:00,410.4004528,0.0,23.3,96.41547619,92.88169412,27.86440476,11.8,13.4,23.6,22.97333333
2025-05-17 06:45:00+00:00,409.3897751,0.0,23.37583333,99.74182927,147.7646302,30.11085606,11.86898519,13.43388889,23.6,23.0
2025-05-17 07:00:00+00:00,409.3204796,0.0,23.4,103.3068254,508.7566063,32.35230159,12.47082653,13.5,23.59395604,23.0
2025-05-17 07:15:00+00:00,408.5276627,0.0,23.4,106.5862005,592.9054158,34.3207397,13.35644988,13.56666667,23.50057971,23.0
2025-05-17 07:30:00+00:00,408.7394506,0.0,23.40354312,110.3821929,397.8751546,36.47074331,13.66788978,13.66666667,23.64296296,23.04
2025-05-17 07:45:00+00:00,408.2928571,0.0,23.5,114.0834447,332.9164208,38.5052381,13.7948355,13.7,23.7,23.1
2025-05-17 08:00:00+00:00,407.6208369,0.0,23.5,117.872,452.5342302,40.40333333,14.16213333,13.7,23.69944444,23.1
2025-05-17 08:15:00+00:00,407.4034392,0.0,23.5,121.903159,611.3022574,42.28056397,14.79723737,13.71866667,23.61698974,23.1
2025-05-17 08:30:00+00:00,405.8245151,0.0,23.53191919,126.0145641,401.0589629,44.07376068,15.14377778,13.8,23.79481481,23.2
2025-05-17 08:45:00+00:00,406.0269608,0.0,23.6,130.4285147,442.7112041,45.79546485,14.43015873,13.8,23.73849206,23.2
2025-05-17 09:00:00+00:00,405.1524201,0.0,23.6,134.2405123,492.8706914,47.09711111,14.67624126,13.88666667,23.7,23.2
2025-05-17 09:15:00+00:00,405.7643372,0.0,23.62127165,139.6268407,615.1466785,48.76882784,15.38308095,14.04,23.74122222,23.25809829
2025-05-17 09:30:00+00:00,405.1010629,0.0,23.7,145.0242914,680.151759,50.21044785,15.52156044,14.1,23.88445378,23.3
2025-05-17 09:45:00+00:00,404.5139912,0.0,23.7,149.973789,796.0768494,51.34569687,15.55978701,14.28291919,23.8,23.3
2025-05-17 10:00:00+00:00,405.0416667,0.0,23.7,155.7852381,775.5609703,52.41772727,15.66360979,14.42666667,23.8,23.3
2025-05-17 10:15:00+00:00,405.2959906,0.0,23.78413461,160.9173333,653.3590237,53.13733333,15.72485137,14.62,23.94821296,23.37217172
2025-05-17 10:30:00+00:00,405.0277032,0.0,23.8,167.0701232,531.0659311,53.80170918,15.85079082,14.74666667,23.92997836,23.4
2025-05-17 10:45:00+00:00,405.1034856,0.0,23.84126543,172.9522682,332.8438323,54.20685185,15.14508664,14.90952381,24.1,23.4
2025-05-17 11:00:00+00:00,405.0177778,0.0,23.9,178.9944493,263.4702637,54.38666667,15.15800144,15.08666667,24.09345594,23.4
2025-05-17 11:15:00+00:00,405.1271493,0.0,23.9,184.8278989,218.3494343,54.32958153,14.96456736,15.23571429,24.0,23.48303571
2025-05-17 11:30:00+00:00,404.5799397,0.0,23.9737037,190.8938326,153.5097569,54.04088889,14.75506397,15.34311111,24.04736364,23.5
2025-05-17 11:45:00+00:00,403.5369235,0.0,24.0,196.4627222,98.07442186,53.56003256,14.64520147,15.49866667,24.2,23.5
2025-05-17 12:00:00+00:00,403.5011235,0.0,24.0,202.3513551,92.95371445,52.84017949,14.48425001,15.52803419,24.2,23.5
2025-05-17 12:15:00+00:00,402.4290491,0.0,24.0,207.8857872,81.31904325,51.92520194,14.45490505,15.63571429,24.125,23.5
2025-05-17 12:30:00+00:00,402.7523865,0.0,24.0,212.8504473,58.48048208,50.8902672,14.13585952,15.72266667,24.1,23.52121212
2025-05-17 12:45:00+00:00,402.4068926,0.0,24.0,218.4191667,61.47854251,49.54083333,12.20666667,15.8,24.1,23.6
2025-05-17 13:00:00+00:00,401.4299644,0.0,24.0,223.3099259,79.23744893,48.12560847,11.72371217,15.8,24.1,23.6
2025-05-17 13:15:00+00:00,401.0707719,0.0,24.0,227.5244811,74.58617075,46.74492063,11.05949051,15.8,24.1,23.6
2025-05-17 13:30:00+00:00,402.5405813,0.0,24.0,232.4262143,121.115388,44.92238095,10.66144444,15.82142857,24.1,23.6
2025-05-17 13:45:00+00:00,400.5961306,0.0,24.0,236.4408687,168.5276862,43.28778355,10.69070871,15.9,24.1,23.6
2025-05-17 14:00:00+00:00,400.6469057,0.0,24.0,240.7507143,207.3225927,41.35470238,10.90911797,15.9,24.1,23.6
2025-05-17 14:15:00+00:00,402.0644689,0.0,24.0,244.5191154,264.9101269,39.51866089,11.15439153,15.9,24.1,23.6
2025-05-17 14:30:00+00:00,402.0784804,0.0,24.06,248.4644815,169.1966001,37.44012963,11.51298701,15.8975,24.1,23.6
2025-05-17 14:45:00+00:00,401.4052247,0.0,24.1,251.9030657,231.6188535,35.5425404,12.13546296,15.80416667,24.15515152,23.6
2025-05-17 15:00:00+00:00,401.3571429,0.0,24.1,255.6013935,197.8063753,33.30729746,13.07201269,15.73809524,24.29285714,23.6
2025-05-17 15:15:00+00:00,401.356455,0.0,24.1,258.9787857,99.6697774,31.24701587,12.95195873,15.55916667,24.3,23.6
2025-05-17 15:30:00+00:00,400.1389513,0.0,24.1,262.2263519,50.05581111,29.18366667,12.74736667,15.347,24.3,23.6
2025-05-17 15:45:00+00:00,400.601921,0.0,24.1,265.4960544,64.60773834,26.98680272,12.55508967,15.24183673,24.3,23.6
2025-05-17 16:00:00+00:00,400.5116959,0.0,24.1,268.3949812,147.8669463,25.03049049,12.4451817,15.04833333,24.3,23.60035088
2025-05-17 16:15:00+00:00,400.8167558,0.0,24.1,271.6689211,141.2246276,22.75322194,12.80463659,14.87333333,24.25333333,23.694
2025-05-17 16:30:00+00:00,401.7356935,0.0,24.1,274.8308571,70.33727599,20.52111905,12.97951587,14.8,24.2,23.7
2025-05-17 16:45:00+00:00,402.0733766,0.0,24.17866883,277.6442857,128.4640105,18.52668367,13.09241071,14.8,24.31714286,23.7
2025-05-17 17:00:00+00:00,401.2844444,0.0,24.2,280.7531085,152.9130641,16.33322222,13.28743013,14.72666667,24.4,23.71
2025-05-17 17:15:00+00:00,401.7244179,0.0,24.27575758,283.8117302,124.1478886,14.14374747,13.61765079,14.7,24.32424242,23.8
2025-05-17 17:30:00+00:00,402.747114,0.0,24.29821429,286.6306277,51.64856506,12.20593692,13.4505089,14.7,24.3,23.8
2025-05-17 17:45:00+00:00,402.3869931,0.0,24.20031056,289.4480808,72.50444713,10.25775613,13.06486549,14.67857143,24.3,23.8
2025-05-17 18:00:00+00:00,402.6025641,0.0,24.28924444,292.5824986,104.0967699,8.119169312,13.17244709,14.6,24.43376344,23.8
2025-05-17 18:15:00+00:00,402.6134624,0.0,24.3,295.6850397,76.18074403,6.104452381,13.18666667,14.6,24.5,23.8
2025-05-17 18:30:00+00:00,402.2253247,0.0,24.3,298.6307738,25.49951544,4.226938776,12.87138605,14.6,24.37884013,23.8
2025-05-17 18:45:00+00:00,403.1951552,0.0,24.3,301.43867,11.72518527,2.522080808,12.54287941,14.6,24.3,23.8
2025-05-17 19:00:00+00:00,403.3661715,0.0,24.20920974,304.7725924,5.144594035,0.55738961,12.21733301,14.6,24.35802366,23.8
2025-05-17 19:15:00+00:00,403.2864699,0.0,24.2,307.7804249,2.221871681,-1.012564103,11.73457143,14.68,24.4,23.8
2025-05-17 19:30:00+00:00,403.5778924,0.0,24.2,310.770102,0.70927779,-2.625412802,11.3413767,14.70641026,24.37964286,23.74935065
2025-05-17 19:45:00+00:00,404.0255263,0.0,24.18132366,314.0066693,0.060714671,-4.256663559,10.96911648,14.79904762,24.21,23.7
2025-05-17 20:00:00+00:00,404.8503497,0.0,24.1,317.4079365,0.0,-5.849264069,10.68884921,14.8,24.2,23.7
2025-05-17 20:15:00+00:00,406.4367483,0.0,24.1,320.7623016,0.0,-7.308730159,10.30079762,14.8,24.27896745,23.68
2025-05-17 20:30:00+00:00,407.2444155,0.0,24.1,323.8157967,0.0,-8.506776557,10.19313187,14.8,24.26739448,23.6
2025-05-17 20:45:00+00:00,407.9180519,0.0,24.01709091,327.1973341,0.0,-9.746642857,10.1018399,14.78611111,24.10033333,23.6
2025-05-17 21:00:00+00:00,408.1563743,0.0,24.0,330.4787374,0.0,-10.83021645,10.0139,14.6547619,24.1,23.6
2025-05-17 21:15:00+00:00,408.4273449,0.0,24.0,333.8336611,0.0,-11.7756174,9.602046614,14.53571429,24.11233766,23.6
2025-05-17 21:30:00+00:00,409.0,0.0,23.98953748,337.5353114,0.0,-12.73905576,9.607714286,14.38666667,24.17877193,23.58822511
2025-05-17 21:45:00+00:00,408.5994454,0.0,23.9,341.2103704,0.0,-13.52296296,9.287740741,14.17582418,24.0,23.5
2025-05-17 22:00:00+00:00,408.5489533,0.0,23.9,344.9016082,0.0,-14.18787879,9.036880952,14.01671958,24.0,23.5
2025-05-17 22:15:00+00:00,409.4066261,0.0,23.9,348.4225085,0.0,-14.69418677,9.082571429,13.86904762,24.0010582,23.5
2025-05-17 22:30:00+00:00,409.5819107,0.0,23.82777778,351.6431111,0.0,-15.04088889,9.121777778,13.7,24.1,23.4275
2025-05-17 22:45:00+00:00,408.7066176,0.0,23.8,355.7336684,0.0,-15.29212963,8.879132155,13.5,23.96148148,23.4
2025-05-17 23:00:00+00:00,409.9333333,0.0,23.8,253.1801003,0.0,-15.4,8.613968254,13.33571429,23.9,23.4
2025-05-17 23:15:00+00:00,408.8017487,0.0,23.8,3.077562616,0.0,-15.35994898,8.609836037,13.2,23.9,23.4
2025-05-17 23:30:00+00:00,408.3560606,0.0,23.71140369,6.38738197,0.0,-15.17948718,8.409232133,13.06837037,23.93237356,23.4
2025-05-17 23:45:00+00:00,409.4978802,0.0,23.7,10.21776239,0.0,-14.88347932,8.071204314,12.94035714,23.80181818,23.33596515
2025-05-18 00:00:00+00:00,409.5738916,0.0,23.7,13.80968254,0.0,-14.43709648,7.981990311,12.71428571,23.8,23.3
2025-05-18 00:15:00+00:00,409.105302,0.0,23.7,17.25265468,0.0,-13.90428904,7.96005,12.61904762,23.8,23.3
2025-05-18 00:30:00+00:00,410.1332148,0.0,23.63506076,20.66666234,0.0,-13.21762012,8.049760823,12.49444444,23.82138557,23.3
2025-05-18 00:45:00+00:00,409.1655123,0.0,23.6,24.54760606,0.0,-12.33061448,7.900664038,12.36,23.73672727,23.23916667
2025-05-18 01:00:00+00:00,409.8212981,0.0,23.6,27.89865079,0.0,-11.39063776,7.95252551,12.26428571,23.7,23.2
2025-05-18 01:15:00+00:00,410.1913043,0.0,23.6,31.33314815,0.0,-10.34031746,7.956296296,12.14666667,23.7,23.2
2025-05-18 01:30:00+00:00,409.9722727,0.0,23.6,34.65549784,0.0,-9.186695527,7.85687963,12.0,23.7,23.2
2025-05-18 01:45:00+00:00,410.0,0.0,23.51428571,38.23564626,0.0,-7.801020408,7.686091837,11.97571429,23.74017857,23.2
2025-05-18 02:00:00+00:00,410.036045,0.0,23.5,41.26783333,0.0,-6.533809524,7.659851852,11.88444444,23.79884058,23.192
2025-05-18 02:15:00+00:00,410.5192525,0.0,23.5,44.57321693,0.029890909,-5.054126984,7.616004448,11.8,23.63692308,23.1
2025-05-18 02:30:00+00:00,409.8096868,0.0,23.5,47.90975108,0.383705628,-3.448095238,7.618941177,11.8,23.6,23.1
2025-05-18 02:45:00+00:00,410.0,0.0,23.5,50.91398449,1.488179906,-1.868050917,7.649169719,11.71428571,23.6,23.1
2025-05-18 03:00:00+00:00,410.4529825,0.0,23.5,53.98344626,4.145316686,-0.233174603,7.672092796,11.62666667,23.6,23.1
2025-05-18 03:15:00+00:00,411.0215936,0.0,23.5,57.24934103,7.969665015,1.589393939,7.649178063,11.6,23.67391304,23.1
2025-05-18 03:30:00+00:00,410.8928056,0.0,23.45726231,60.04033333,9.468686483,3.254761905,7.527625708,11.57984127,23.69925926,23.1
2025-05-18 03:45:00+00:00,410.4708288,0.0,23.40091185,63.18630756,15.91488453,5.240544178,7.576187967,11.5034188,23.53331117,23.1
2025-05-18 04:00:00+00:00,411.1497267,0.0,23.4,66.23232143,48.25654585,7.229296296,7.700257236,11.44714286,23.5,23.03277778
2025-05-18 04:15:00+00:00,410.6577778,0.0,23.4,69.23103535,128.2195737,9.269084416,8.323915344,11.34230769,23.5,23.0
2025-05-18 04:30:00+00:00,410.6535714,0.0,23.4,71.99848485,146.4671556,11.15157699,8.687329932,11.3,23.5,23.0
2025-05-18 04:45:00+00:00,410.7361742,0.0,23.4,75.01349001,169.599787,13.24697355,9.002977578,11.3,23.5,23.02666667
2025-05-18 05:00:00+00:00,410.5226544,0.0,23.4,78.20731361,197.4342447,15.45906686,9.463636364,11.3,23.5,23.1
2025-05-18 05:15:00+00:00,409.0396445,0.0,23.4,81.07167832,200.117989,17.51235366,9.839285714,11.3,23.5,23.1
2025-05-18 05:30:00+00:00,408.1899484,0.0,23.4,84.10654762,108.8343805,19.66189626,9.803253968,11.3,23.5,23.1
2025-05-18 05:45:00+00:00,407.6466711,0.0,23.4,87.06722157,185.0413017,21.78743007,9.991232984,11.3,23.5,23.1
2025-05-18 06:00:00+00:00,406.2786765,0.0,23.4,90.23488889,298.8347451,23.95077778,10.52538889,11.30666667,23.50114286,23.1
2025-05-18 06:15:00+00:00,406.3854427,0.0,23.45818182,93.48019456,262.1591386,26.22493579,10.95813095,11.42898148,23.53587879,23.1
2025-05-18 06:30:00+00:00,405.2049887,0.0,23.5,95.94099408,212.7827191,27.86540963,11.34713122,11.50367965,23.65916306,23.1
2025-05-18 06:45:00+00:00,404.9305266,0.0,23.5,97.96000164,246.3200464,29.21063826,11.49231434,11.57874823,23.7,23.1
2025-05-18 07:00:00+00:00,404.1972632,0.0,23.5,102.815873,483.9998592,32.30952381,12.04444444,11.79591837,23.68516484,23.14404762
2025-05-18 07:15:00+00:00,403.618941,0.0,23.5,106.191452,525.1907718,34.35342996,12.06583333,11.8,23.6,23.2
2025-05-18 07:30:00+00:00,404.1748039,0.0,23.5,110.2136111,505.7308737,36.67394444,12.30953704,11.90083333,23.6,23.19878788
2025-05-18 07:45:00+00:00,404.6160253,0.0,23.5,113.5588889,490.1777966,38.48141414,12.88696581,12.06,23.60873706,23.2
2025-05-18 08:00:00+00:00,404.2402597,0.0,23.54285714,117.7046273,396.8871364,40.57201814,13.01661314,12.24387755,23.77705357,23.2
2025-05-18 08:15:00+00:00,404.7558201,0.0,23.6,121.598,436.4573402,42.421,13.00846561,12.34,23.79827451,23.20140351
2025-05-18 08:30:00+00:00,404.3842144,0.0,23.6,125.8300097,549.5001468,44.22519493,13.10026984,12.4875,23.70890435,23.29128788
2025-05-18 08:45:00+00:00,403.855125,0.0,23.64271429,130.5508466,603.8422618,46.04825397,13.11132143,12.65076923,23.7,23.3
2025-05-18 09:00:00+00:00,404.6754083,0.0,23.7,134.8729592,711.5637454,47.55712285,13.39063832,12.93571429,23.84714286,23.33571429
2025-05-18 09:15:00+00:00,404.7754209,0.0,23.7,139.2031667,600.1090172,48.89066667,13.77191036,12.9,23.8062963,23.4
2025-05-18 09:30:00+00:00,406.1938274,0.0,23.7,144.6316205,655.7579867,50.3419798,13.43006926,12.98396825,23.8,23.4
2025-05-18 09:45:00+00:00,407.0039683,0.0,23.72896825,150.055462,640.0850855,51.57747449,13.94536565,13.14632653,23.85793651,23.4
2025-05-18 10:00:00+00:00,407.6268376,0.0,23.8,155.0118519,353.0185657,52.51015873,14.13988228,13.27066667,23.97423977,23.4
2025-05-18 10:15:00+00:00,407.7475541,0.0,23.8,161.1938608,162.1739317,53.38442424,13.66778283,13.42,23.9,23.42613636
2025-05-18 10:30:00+00:00,409.0551814,0.0,23.85839465,166.7754996,119.730048,54.00532051,13.38201659,13.54666667,23.9,23.5
2025-05-18 10:45:00+00:00,410.1153846,0.0,23.9,172.564195,154.6308348,54.38571429,13.13390023,13.67857143,24.08019481,23.5
2025-05-18 11:00:00+00:00,410.8068474,0.0,23.9,178.6582914,215.9020132,54.58459259,13.27150794,13.77333333,24.1,23.5
2025-05-18 11:15:00+00:00,413.1533333,0.0,23.9,185.0203492,210.1901094,54.5237037,13.47542222,13.86404762,24.07615152,23.5
2025-05-18 11:30:00+00:00,413.5081636,0.0,23.9,190.9116087,152.4819524,54.25341837,13.5755907,13.9,24.0,23.58571429
2025-05-18 11:45:00+00:00,413.1195555,0.0,23.97867945,195.8899259,183.9490777,53.832,13.70957576,14.00087302,24.0,23.6
2025-05-18 12:00:00+00:00,413.6487815,0.0,24.0,202.3339084,250.4324786,53.03378788,13.31067929,14.1,24.0,23.6
2025-05-18 12:15:00+00:00,413.4689422,0.0,24.0,207.9088973,336.7497802,52.14138889,13.60661111,14.20366667,24.16466667,23.6
2025-05-18 12:30:00+00:00,414.4639048,0.0,24.0,213.3770751,241.1037518,51.02148732,13.77710743,14.36153846,24.2,23.6
2025-05-18 12:45:00+00:00,414.0477193,0.0,24.0,218.5645079,180.5754848,49.7228254,13.54847619,14.45333333,24.2,23.6
2025-05-18 13:00:00+00:00,414.8868687,0.0,24.0,223.4119312,170.8354064,48.34350529,13.41693333,14.58571429,24.1230303,23.6
2025-05-18 13:15:00+00:00,415.0942857,0.0,24.0,228.1715741,214.433716,46.77291005,13.42514286,14.6,24.1,23.6
2025-05-18 13:30:00+00:00,415.3389674,0.0,24.06016696,232.3841577,205.3806651,45.1840954,13.5291203,14.65940476,24.1,23.6
2025-05-18 13:45:00+00:00,415.7794613,0.0,24.1,236.8773968,164.8364943,43.35034392,13.55318889,14.74,24.1,23.6
2025-05-18 14:00:00+00:00,416.0875638,0.0,24.1,240.8357363,125.782948,41.57365568,13.47989744,14.8,24.13333245,23.6
2025-05-18 14:15:00+00:00,417.0,0.0,24.1,244.7412018,140.3377857,39.67374433,13.37706633,14.8,24.13140991,23.6
2025-05-18 14:30:00+00:00,417.2429585,0.0,24.1,248.4919663,145.5478666,37.68914286,13.65799184,14.8,24.2924183,23.6
2025-05-18 14:45:00+00:00,417.4475253,0.0,24.1,252.0498519,190.8307879,35.75375661,14.33319658,14.8,24.3,23.62322365
2025-05-18 15:00:00+00:00,417.5937063,0.0,24.1,255.6621013,327.0271545,33.53844047,14.86692877,14.8,24.3,23.7
2025-05-18 15:15:00+00:00,417.3706769,0.0,24.19334975,258.8238467,215.8638092,31.5890472,15.12077534,14.8,24.38997966,23.7
2025-05-18 15:30:00+00:00,417.1459592,0.0,24.2,261.926812,172.236672,29.59161661,14.97968468,14.80704365,24.4,23.7
2025-05-18 15:45:00+00:00,417.9060606,0.0,24.2,265.3708812,206.2162526,27.33548633,15.09916545,14.93595238,24.4,23.72666667
2025-05-18 16:00:00+00:00,418.0237623,0.0,24.25375877,268.4126942,267.4080498,25.26944996,15.34233817,15.08666667,24.34624123,23.8
2025-05-18 16:15:00+00:00,418.2709125,0.0,24.32142857,271.7509354,181.2495406,22.96407029,15.36761905,15.26785714,24.48571429,23.85
2025-05-18 16:30:00+00:00,418.744697,0.0,24.4,274.9038942,127.4241154,20.75230952,15.25555556,15.37666667,24.42340326,23.9
2025-05-18 16:45:00+00:00,418.9875106,0.0,24.4,277.8562795,69.91978235,18.64368543,14.8562316,15.52444444,24.4,23.9
2025-05-18 17:00:00+00:00,418.5308271,0.0,24.4,280.8828831,57.19002619,16.50186224,14.80011256,15.65714286,24.4,23.9
2025-05-18 17:15:00+00:00,418.4186399,0.0,24.4,283.80567,40.82041283,14.42193939,14.7,15.78285714,24.4,23.9
2025-05-18 17:30:00+00:00,418.4043952,0.0,24.4,286.4850289,27.64063342,12.57876984,14.7050696,15.8,24.4,23.9
2025-05-18 17:45:00+00:00,417.7168803,0.0,24.4,289.9810941,25.88369536,10.16299603,14.72446429,15.82142857,24.4,23.9
2025-05-18 18:00:00+00:00,418.7144867,0.0,24.39857143,292.627491,16.83092176,8.351179396,14.57785153,15.9,24.4,23.9
2025-05-18 18:15:00+00:00,419.6861168,0.0,24.30765812,295.6822222,7.680027836,6.36030303,14.06960317,15.9,24.40337474,23.9
2025-05-18 18:30:00+00:00,419.3152678,0.0,24.3,298.7687826,4.869201584,4.401494709,13.7623545,15.96984127,24.49408179,23.9
2025-05-18 18:45:00+00:00,419.3419857,0.0,24.3,301.6722104,2.972806324,2.60756734,13.41920707,16.0,24.49358586,23.9
2025-05-18 19:00:00+00:00,418.332884,0.0,24.3,304.8204582,1.334219464,0.769352711,13.15714286,16.0,24.36774333,23.9
2025-05-18 19:15:00+00:00,415.0,0.0,24.35,198.5752914,0.354568714,-0.337889803,8.410888334,9.846153846,24.0,23.7
2025-05-18 19:30:00+00:00,410.5858015,0.0,23.69814815,311.1806609,0.1155523,-2.61989899,12.87053187,15.64444444,23.76,23.34666667
2025-05-18 19:45:00+00:00,419.1178571,0.0,24.2,314.142517,0.0,-4.100510204,12.71742543,16.0,24.3,23.8
2025-05-18 20:00:00+00:00,418.4256854,0.0,24.2,317.3512381,0.0,-5.584510342,12.69088333,15.95851852,24.3,23.8
2025-05-18 20:15:00+00:00,420.0531519,0.0,24.2,320.6228571,0.0,-6.986926407,12.64437186,15.88181818,24.3,23.8
2025-05-18 20:30:00+00:00,419.0730728,0.0,24.2,323.9469872,0.0,-8.331440781,13.26039601,15.8,24.38982203,23.8
2025-05-18 20:45:00+00:00,418.313354,0.0,24.2,327.0636224,0.0,-9.441071429,13.14928571,15.75714286,24.28961039,23.78253968
2025-05-18 21:00:00+00:00,418.0692308,51.13825911,24.14871795,330.8006996,0.0,-10.66433333,12.6313568,14.94751323,24.2,23.7
2025-05-18 21:15:00+00:00,418.9402681,104.7933541,24.04666667,334.18112,0.0,-11.65600622,12.31715954,13.73866667,24.2471169,23.61333333
2025-05-18 21:30:00+00:00,420.4487552,102.5112554,23.98777778,337.8713901,0.0,-12.60725349,12.43280736,13.96111111,24.1,23.53591667
2025-05-18 21:45:00+00:00,420.7887371,104.4769902,23.9,341.319898,0.0,-13.35144558,12.19279221,13.94404762,24.05666624,23.42480159
2025-05-18 22:00:00+00:00,421.0139029,101.7234097,23.9,344.7636614,0.0,-13.96236312,12.03356581,13.80444444,24.0,23.38666667
2025-05-18 22:15:00+00:00,421.1443333,104.7457347,23.86042951,348.452443,0.0,-14.46428571,11.80016667,13.70357143,23.98564638,23.33728438
2025-05-18 22:30:00+00:00,421.271978,104.5291847,23.8,351.9453908,0.0,-14.8361955,11.74600583,13.6,23.9,23.29489796
2025-05-18 22:45:00+00:00,421.599888,104.7516589,23.73864035,355.5391429,0.0,-15.06095238,11.548,13.52773893,23.83849807,23.25939394
2025-05-18 23:00:00+00:00,421.8123737,106.2278184,23.69685185,358.4685022,0.0,-15.18933333,11.40106667,13.34333333,23.80185185,23.12592593
2025-05-18 23:15:00+00:00,422.0102564,108.2391797,23.6,2.932506315,0.0,-15.13333333,11.27403846,13.2,23.7645614,23.1
2025-05-18 23:30:00+00:00,424.2221379,107.2321563,23.5989011,4.959153662,0.0,-15.03853646,11.17686024,13.11180556,23.7,23.03571429
2025-05-18 23:45:00+00:00,425.2293827,110.2454522,23.5,9.197706024,0.0,-14.71333333,10.97714286,12.93333333,23.6673824,22.99925926
2025-05-19 00:00:00+00:00,428.1067725,107.4441444,23.46634921,12.96161905,0.0,-14.28555556,11.06666667,12.90333333,23.63365079,22.89777778
2025-05-19 00:15:00+00:00,431.95,109.9350649,23.4,17.43951505,0.0,-13.65176252,11.16167347,13.0,23.7,22.8
2025-05-19 00:30:00+00:00,433.0018182,115.182498,23.28266667,20.84753277,0.0,-12.95576708,11.17459299,13.05333333,23.604,22.78
2025-05-19 00:45:00+00:00,435.2534151,121.5625476,23.2,24.40679798,0.0,-12.13699338,11.2,13.1,23.44691944,22.7
2025-05-19 01:00:00+00:00,435.5727096,123.3671527,23.14,28.00107143,0.0,-11.12892857,11.34283333,13.19333333,23.40717349,22.64177778
2025-05-19 01:15:00+00:00,434.6047482,122.4993654,23.04107143,31.19652778,0.0,-10.12721088,11.45378685,13.27987013,23.39679144,22.6
2025-05-19 01:30:00+00:00,433.2261728,123.6464462,23.0,34.57589947,0.0,-8.981777778,11.72252381,13.42566667,23.28090909,22.56908333
2025-05-19 01:45:00+00:00,430.8965459,121.2350411,22.93165898,37.92131422,0.0,-7.710715877,11.80044444,13.59729592,23.3,22.53032357
2025-05-19 02:00:00+00:00,429.209452,128.3419881,22.88186813,41.41005102,0.0,-6.255,11.69669643,13.58857143,23.21055556,22.44553571
2025-05-19 02:15:00+00:00,429.3063791,129.8079566,22.8,44.57136508,0.004,-4.80431746,11.57402381,13.42571429,23.1836038,22.35933333
2025-05-19 02:30:00+00:00,429.1051515,133.6200791,22.73313047,47.6537619,0.188711733,-3.297505291,11.40877143,13.24285714,23.1,22.31555556
2025-05-19 02:45:00+00:00,430.43367,137.8762546,22.7,50.35079365,0.772722222,-1.900411255,11.39914286,13.2,23.07092593,22.22807576
2025-05-19 03:00:00+00:00,430.8831169,43.61272054,22.66525974,53.665,2.903767753,-0.122959184,11.26791126,13.11714286,22.98360949,22.24619048
2025-05-19 03:15:00+00:00,430.5790412,59.93074693,22.7,57.0487963,5.915092284,1.736878307,11.14633889,17.69148148,23.07185024,22.31333333
2025-05-19 03:30:00+00:00,429.0704675,53.55360557,22.7,59.54333333,7.392,3.235,10.98391667,17.23066667,23.1,22.4
2025-05-19 03:45:00+00:00,430.493007,53.03496504,22.7,63.13800366,10.4971654,5.480128205,10.895,17.38333333,23.1,22.4
2025-05-19 04:00:00+00:00,438.6641582,53.03360469,22.7,64.73214286,10.6616698,6.512418831,10.84594156,17.50428571,23.1,22.4
2025-05-19 04:15:00+00:00,442.699871,53.0904121,22.7,68.54539532,9.687142998,9.039643526,10.69333333,17.50666667,23.1,22.4
2025-05-19 04:30:00+00:00,436.3756725,53.26121212,22.7,71.71558442,12.20848485,11.21238095,10.6,17.44693878,22.99820875,22.4
2025-05-19 04:45:00+00:00,434.7178932,52.97732969,22.7,74.68660714,15.95384127,13.27232143,10.56964286,17.5,23.0,22.4
2025-05-19 05:00:00+00:00,439.091354,52.96952455,22.7,77.88160053,24.6807714,15.5190873,10.3693373,17.5,23.0,22.4
2025-05-19 05:15:00+00:00,454.130177,53.29562271,22.75920635,80.95158634,42.75921546,17.69393651,10.3,17.43277778,23.09891667,22.45738095
2025-05-19 05:30:00+00:00,444.6802469,53.23558442,22.8,84.0692328,66.29499649,19.92016498,10.44027778,17.43333333,23.09757576,22.5
2025-05-19 05:45:00+00:00,443.374162,52.40987972,22.8,86.85057591,73.70558923,21.86870081,10.63888462,17.5,23.06418949,22.55269017
2025-05-19 06:00:00+00:00,454.5556456,52.34496393,22.8,89.80587914,90.39981391,23.95612573,10.82541294,17.58666667,23.1,22.6
2025-05-19 06:15:00+00:00,492.4015152,53.46969697,22.88666667,92.88315851,125.1177102,26.07287879,11.08788767,17.36888889,23.13333333,22.6
2025-05-19 06:30:00+00:00,564.8763778,55.11382452,23.07907502,96.06892857,191.6241886,28.21357143,11.51293333,17.37464286,23.48541574,22.62209605
2025-05-19 06:45:00+00:00,690.9973184,78.38814162,23.52512059,99.67404453,198.4959767,30.59826531,11.79657143,17.20952381,24.011141,22.7
2025-05-19 07:00:00+00:00,695.5167578,126.7106782,23.62210101,102.9039311,268.7494816,32.60420163,12.06557472,17.06866667,24.0007215,22.72
2025-05-19 07:15:00+00:00,637.2083464,168.2071123,23.59783425,106.4739339,305.7002013,34.78551587,12.42583007,17.136,23.79939394,22.85111111
2025-05-19 07:30:00+00:00,599.6660946,216.1921769,23.63181818,109.9575126,447.3596276,36.79258503,12.88561735,16.95714286,23.7,23.13650794
2025-05-19 07:45:00+00:00,571.0559794,259.0015584,23.58775,113.2692044,489.3126615,38.58697145,13.30714834,16.96533333,23.718,23.36295788
2025-05-19 08:00:00+00:00,533.5344298,273.4766667,23.53022222,117.5473545,561.8825858,40.76145503,13.97804714,17.03126984,23.974,23.33715608
2025-05-19 08:15:00+00:00,594.6081614,271.9303773,23.76202023,120.8197877,586.108543,42.30088092,14.37936586,17.1,24.06220491,23.4
2025-05-19 08:30:00+00:00,604.2240407,270.4337852,23.70469925,125.7891319,621.3379068,44.45904143,14.7153082,16.83571429,24.02460317,23.4
2025-05-19 08:45:00+00:00,595.7161527,268.6724895,23.73562771,129.7162771,637.4642772,45.996,15.43398936,17.0,24.0,23.40166667
2025-05-19 09:00:00+00:00,611.8564912,265.8565512,23.78151948,134.2988889,654.5070307,47.6,15.738,17.22666667,24.0752381,23.41950938
2025-05-19 09:15:00+00:00,632.0868427,269.1813931,24.02223395,138.9327381,674.459573,49.06277056,16.11510989,16.87142857,24.16326387,23.30675325
2025-05-19 09:30:00+00:00,624.0548503,270.9645118,24.10688119,144.1994841,663.6018828,50.48138889,16.25333333,17.08,24.26606061,23.3362963
2025-05-19 09:45:00+00:00,624.5178682,272.680126,24.22593732,149.9569444,711.70319,51.79646465,16.78133333,17.30933333,24.3,23.5457037
2025-05-19 10:00:00+00:00,538.2254715,263.5898986,23.92237762,155.2147727,709.8870272,52.77462121,17.24545455,17.24181818,24.3034965,23.65568182
2025-05-19 10:15:00+00:00,476.2857143,265.7345301,23.70285714,160.8111093,717.4987473,53.56913781,17.36913781,17.28340909,24.46179504,23.7
2025-05-19 10:30:00+00:00,525.5805398,273.1460256,23.68361779,166.4943584,723.7987964,54.19654518,17.8396453,17.47866667,24.54823077,23.65471612
2025-05-19 10:45:00+00:00,682.6444742,271.9760809,23.86902197,172.3351154,728.4876697,54.60041667,18.5480844,18.16234432,24.62094389,23.65613596
2025-05-19 11:00:00+00:00,673.6992063,264.6465368,23.90571429,178.9315476,733.1859709,54.8,18.91013228,18.24166667,24.27445887,23.72944444
2025-05-19 11:15:00+00:00,675.3457792,258.6914541,23.99831812,184.3192602,733.8490465,54.7557398,18.85471939,18.23397436,24.3,23.72197802
2025-05-19 11:30:00+00:00,664.7623097,267.7139782,24.12384413,190.2011111,733.2459153,54.49333333,18.958,16.88464286,24.25631173,23.6
2025-05-19 11:45:00+00:00,674.0054288,272.3136364,24.26975812,196.4236825,733.8745768,53.97047619,19.06533333,15.66,24.20493007,23.6
2025-05-19 12:00:00+00:00,687.7874796,269.6084202,24.28392857,202.3440869,727.6025191,53.26694139,19.19230586,15.96923077,23.96060318,23.6
2025-05-19 12:15:00+00:00,676.2335354,264.1281746,24.3,207.6744709,720.8006172,52.38388889,19.26064021,16.48571429,23.9,23.6
2025-05-19 12:30:00+00:00,651.242963,271.4995365,24.12666667,213.1161457,711.1739559,51.29225071,19.73566952,17.31912088,23.80734403,23.5815873
2025-05-19 12:45:00+00:00,667.4971497,269.4436304,24.28474467,217.2815873,701.8664388,50.26736508,19.99223529,17.522,23.8,23.78571429
2025-05-19 13:00:00+00:00,631.1355072,274.8872326,24.21,223.4573415,682.2558726,48.54212662,19.80066481,17.6125,23.8,23.80212585
2025-05-19 13:15:00+00:00,573.5213043,268.1925866,24.1,227.7678687,666.3410962,47.13345887,19.67259091,17.284,23.8,23.90820513
2025-05-19 13:30:00+00:00,553.604329,276.1546293,24.26,232.3386905,647.4872071,45.48869048,19.84613333,17.34,23.8,23.87777778
2025-05-19 13:45:00+00:00,558.3164596,278.5151394,24.34930483,236.2650794,632.9430129,43.86507937,19.58282653,17.33076923,23.77625646,23.58966658
2025-05-19 14:00:00+00:00,523.886248,185.9823206,24.47608889,240.6346494,606.5749422,41.91974868,19.93116667,15.94190476,24.01150997,23.73217172
2025-05-19 14:15:00+00:00,557.0835472,51.61448413,24.76635317,244.9238535,577.9102205,39.81484343,20.10140582,14.82261905,24.36635317,23.80648773
2025-05-19 14:30:00+00:00,592.3938677,52.84627317,25.07023569,248.7992721,552.0499245,37.79597436,20.20064491,17.60766667,24.67062037,24.0026677
2025-05-19 14:45:00+00:00,485.8981734,53.48750026,25.07864583,252.320096,525.0092955,35.81517857,19.63469388,18.41071429,24.8918349,24.15970805
2025-05-19 15:00:00+00:00,448.1392847,54.70502239,25.2146774,255.2313439,499.2237121,34.12584423,19.545481,18.02205195,25.11535494,24.4060303
2025-05-19 15:15:00+00:00,440.9933014,53.92372483,25.35104944,258.9015014,468.3210346,31.81941534,19.44623362,17.748779,25.30012759,24.40783069
2025-05-19 15:30:00+00:00,435.4854167,53.2242236,25.525,262.1825397,437.0414738,29.71901361,19.52560091,17.77142857,25.525,24.59230056
2025-05-19 15:45:00+00:00,428.9630888,53.02747551,25.59810777,265.6583119,401.8964762,27.40776823,19.69750945,17.48733333,25.58536341,24.6
2025-05-19 16:00:00+00:00,421.4995693,54.19623503,25.42999987,268.3854762,372.8750256,25.54052381,19.53917752,14.77044444,25.5950604,24.63097603
2025-05-19 16:15:00+00:00,424.8233203,54.97535382,25.58799221,271.6009236,337.6312394,23.31960784,19.11022222,14.36755556,25.76559552,24.76111765
2025-05-19 16:30:00+00:00,426.2698859,53.73778276,25.74092204,274.8850974,300.1310402,21.0322162,19.26733772,16.85751701,25.92204969,24.92207792
2025-05-19 16:45:00+00:00,428.6603486,54.17436859,25.86555828,277.846,265.9281127,18.90318519,18.84462121,16.57333333,26.11005714,25.02515468
2025-05-19 17:00:00+00:00,432.8002936,53.90095394,25.94296452,280.935629,232.8507459,16.71863203,18.6515641,17.45555556,26.22148226,25.10538462
2025-05-19 17:15:00+00:00,433.50994,53.28779688,26.05046944,283.8779939,204.7276798,14.64908092,18.25073139,16.49155844,26.29917582,25.21121849
2025-05-19 17:30:00+00:00,431.295894,53.84176062,26.0,286.8237041,177.2406509,12.57786203,17.92681108,16.87209524,26.3,25.3
2025-05-19 17:45:00+00:00,433.3585145,53.13450683,26.0,289.5662698,150.5987775,10.71240741,17.65177778,16.69904762,26.28937909,25.3
2025-05-19 18:00:00+00:00,433.7950451,12.36041083,26.07705568,292.7974495,119.1908046,8.484010101,17.12502661,17.09285714,26.28030812,25.35083333
2025-05-19 18:15:00+00:00,434.2543978,0.0,26.1,295.3464286,93.92952362,6.829220779,16.7239881,17.1297619,26.25860105,25.4
2025-05-19 18:30:00+00:00,433.1728205,0.0,26.08944444,298.5225118,63.09110896,4.778321308,16.34181818,17.22857143,26.12203509,25.35794152
2025-05-19 18:45:00+00:00,432.385293,0.0,26.0,301.8367138,36.19730981,2.767948718,15.78340714,17.46,26.0317866,25.3
2025-05-19 19:00:00+00:00,436.2032462,0.0,25.9237037,304.8388462,17.20215093,0.990897436,15.20596154,17.57361111,26.05889978,25.29190476
2025-05-19 19:15:00+00:00,439.7013445,0.0,25.85953213,307.9485467,4.94626148,-0.6673624,14.28095238,17.7,25.89489796,25.2
2025-05-19 19:30:00+00:00,443.4756021,0.0,25.76793178,310.90867,1.39468192,-2.231954065,13.61205541,17.75238095,25.80121212,25.16484848
2025-05-19 19:45:00+00:00,444.0,0.0,25.7,314.1554762,0.315387879,-3.847328042,13.51180556,17.8,25.72666667,25.1
2025-05-19 20:00:00+00:00,441.5694077,0.0,25.63014944,317.0535807,0.010275181,-5.232225314,13.44429499,17.8,25.66928571,25.04859268
2025-05-19 20:15:00+00:00,440.760171,0.0,25.53787777,319.7987712,0.0,-6.427177489,13.2099029,17.71642857,25.6,25.0
2025-05-19 20:30:00+00:00,439.3838849,0.0,25.5,324.0740524,0.0,-8.162150072,13.04493549,17.364,25.50627451,24.90666667
2025-05-19 20:45:00+00:00,437.9870123,0.0,25.40953425,327.4871482,0.0,-9.389737781,13.04769101,17.03333333,25.47310023,24.87328449
2025-05-19 21:00:00+00:00,437.096,47.17333333,25.34266667,330.0188889,0.0,-10.21,13.12,15.82,25.38,24.79
2025-05-19 21:15:00+00:00,438.9378698,103.3141474,25.1704142,334.2925991,0.0,-11.48173493,12.88703297,14.40833333,25.1704142,24.60769231
2025-05-19 21:30:00+00:00,435.5296296,99.53242063,24.95039394,337.4936508,0.0,-12.28021164,12.49322751,14.10066667,25.1,24.50666667
2025-05-19 21:45:00+00:00,434.7968254,106.2919192,24.78575758,341.2497348,0.0,-13.12448371,12.32695378,13.85388889,25.07909091,24.36533333
2025-05-19 22:00:00+00:00,432.9632301,108.0646846,24.65640078,344.7145238,0.0,-13.72863095,12.26806548,13.86428571,24.92841676,24.2
2025-05-19 22:15:00+00:00,431.9666667,105.2036861,24.58,347.9544974,0.0,-14.1812037,12.14415873,13.79238095,24.81433333,24.0975
2025-05-19 22:30:00+00:00,432.7299301,104.0048341,24.5,352.1125185,0.0,-14.60244444,12.05502808,13.71333333,24.77706349,23.98333333
2025-05-19 22:45:00+00:00,432.2857955,106.2298829,24.41428571,355.4464731,0.0,-14.84945055,12.00054945,13.52408163,24.76316909,23.89582973
2025-05-19 23:00:00+00:00,433.3871414,105.5302343,24.32649011,252.8358466,0.0,-14.98492593,12.24906349,13.58666667,24.6552348,23.76322714
2025-05-19 23:15:00+00:00,432.4894363,109.0087736,24.21344444,2.755333333,0.0,-14.92845238,12.01287831,13.39404762,24.57377778,23.62625
2025-05-19 23:30:00+00:00,432.590101,108.0480781,24.1,6.585303585,0.0,-14.75054113,11.96517649,13.36857143,24.44380752,23.55333333
2025-05-19 23:45:00+00:00,433.8108235,109.4273685,24.02025,9.792559524,0.0,-14.44857143,11.92470238,13.3,24.35976536,23.49835165
2025-05-20 00:00:00+00:00,432.4927603,107.7002808,23.9,13.7751835,0.0,-14.00425445,12.04216961,13.33111111,24.1504662,23.4
2025-05-20 00:15:00+00:00,432.2773351,113.4899849,23.79725409,16.80074074,0.0,-13.51703704,11.78281481,13.12,24.13028448,23.34833944
2025-05-20 00:30:00+00:00,432.2679486,117.4669126,23.67119444,20.89280388,0.0,-12.75239782,11.78837909,13.0,23.9536585,23.22990476
2025-05-20 00:45:00+00:00,432.9152578,118.7789107,23.5275,24.2274093,0.0,-11.93598356,11.65366213,13.07142857,23.85246178,23.13178571
2025-05-20 01:00:00+00:00,432.7875556,136.9827602,23.446,27.71934471,0.0,-10.98618418,11.55941799,12.97333333,23.78920696,23.0456
2025-05-20 01:15:00+00:00,433.5207891,132.331416,23.33055556,30.49111111,0.0,-10.15,11.32375,12.64,23.58978032,22.89714286
2025-05-20 01:30:00+00:00,434.3203744,147.5176685,23.24168038,33.98646389,0.0,-8.968065476,11.00922077,12.36083333,23.55828202,22.81061177
2025-05-20 01:45:00+00:00,435.8055519,176.9614159,23.06850327,37.67465849,0.0,-7.579219577,10.95286797,12.19148148,23.75060458,22.64577778
2025-05-20 02:00:00+00:00,435.5637688,216.3524957,22.98390572,41.11759259,0.0,-6.152592593,10.75371429,12.13026455,23.74446784,22.50507937
2025-05-20 02:15:00+00:00,436.8013736,222.132549,22.81682353,44.31302253,0.103031506,-4.683495727,10.33618803,11.86713953,23.61682353,22.41750305
2025-05-20 02:30:00+00:00,437.7543761,265.0359096,22.63869048,47.68792027,0.746948567,-3.066111111,10.14285714,11.7,23.34603175,22.2453373
2025-05-20 02:45:00+00:00,437.0,285.2356741,22.52455128,50.44907407,2.538833333,-1.659027778,10.22796992,11.79766667,23.17549036,22.15077441
2025-05-20 03:00:00+00:00,435.0655633,61.50360104,22.41328291,53.73805556,9.007310438,0.070833333,10.65092593,12.09466667,22.86066119,22.04757382
2025-05-20 03:15:00+00:00,433.0,51.83333333,22.47797619,56.37798521,21.96585736,1.59586039,10.74945055,17.7699093,22.79047619,22.15
2025-05-20 03:30:00+00:00,431.6962626,52.97058081,22.415,59.84905051,45.22673429,3.669587641,11.145,20.6711746,22.81611111,22.2
2025-05-20 03:45:00+00:00,431.0162931,51.99671717,22.5,62.74557143,68.40097041,5.467142857,11.41511111,18.46477778,22.9,22.24666667
2025-05-20 04:00:00+00:00,435.6508677,51.72943044,22.50594709,65.84905038,97.22911045,7.501543771,11.88782921,19.23071429,22.94571895,22.3
2025-05-20 04:15:00+00:00,439.5661183,50.23418211,22.56817043,68.62497882,122.3938067,9.340306122,12.2118394,19.20396825,23.0,22.3698489
2025-05-20 04:30:00+00:00,445.2251403,50.52745112,22.6,71.56571717,153.155746,11.31163636,13.04705411,19.12252381,23.00059418,22.4
2025-05-20 04:45:00+00:00,436.7915152,49.31790284,22.609,74.75370106,178.8937481,13.58359788,13.77662879,19.348,23.1,22.4
2025-05-20 05:00:00+00:00,438.3881897,50.65250361,22.7,77.33333333,205.3226715,15.41984127,14.6835,19.52440476,23.13567821,22.44923088
2025-05-20 05:15:00+00:00,436.9119048,50.46143979,22.73906061,80.33954762,236.5967877,17.54998677,15.42914868,19.41333333,23.2,22.76105051
2025-05-20 05:30:00+00:00,450.9899832,50.09891607,22.80615385,83.40808081,269.1496876,19.67425926,15.83998252,19.13333333,23.29377778,23.08597552
2025-05-20 05:45:00+00:00,455.7547751,51.60377668,22.89946708,86.11833333,297.901648,21.58,15.94283333,18.98583333,23.3,23.1260202
2025-05-20 06:00:00+00:00,452.708806,53.19685447,22.9,89.62260771,333.0843413,24.13264172,15.58402098,19.07857143,23.3,22.86890756
2025-05-20 06:15:00+00:00,470.5059799,53.03604926,22.92230864,92.77988441,366.1239575,26.27432947,15.67656095,18.80992593,23.26732323,22.73706716
2025-05-20 06:30:00+00:00,473.7900695,52.00444444,23.0,96.03966459,397.8867033,28.44184327,15.96229253,18.7,23.35065791,22.8
2025-05-20 06:45:00+00:00,511.047799,54.72740415,23.06820513,99.52749687,429.3574082,30.75588167,16.19890596,18.39333333,23.56820513,23.12897884
2025-05-20 07:00:00+00:00,637.6445894,72.12332112,23.37828907,102.7073016,458.3036956,32.77952381,16.17219336,18.21959184,23.56318681,23.48452381
2025-05-20 07:15:00+00:00,853.5449809,212.3237698,23.83684903,105.7036566,484.9316738,34.56530793,16.27914021,17.84127778,23.71336283,23.53704364
2025-05-20 07:30:00+00:00,622.7925866,267.6827855,23.74088023,109.9291878,517.2426445,36.99068519,16.82998148,17.62307692,23.8,23.64484848
2025-05-20 07:45:00+00:00,487.0706996,262.8783288,23.44350649,113.4939124,542.5267697,38.93237245,16.99076299,17.41326531,23.85649351,23.75535714
2025-05-20 08:00:00+00:00,480.3397734,276.394608,23.4,117.2062626,569.4481946,40.84946128,17.5182963,17.3004786,23.9,23.5654851
2025-05-20 08:15:00+00:00,486.2058244,268.6866313,23.31328321,121.4856017,592.1078004,42.85743795,17.69704762,17.24666667,23.66860399,23.67979798
2025-05-20 08:30:00+00:00,484.2244898,262.2805326,23.25169411,125.2310149,612.3070331,44.4531746,17.98392857,17.3647619,23.6,23.62616247
2025-05-20 08:45:00+00:00,602.4513131,263.9824599,23.42840404,129.8374074,636.326604,46.28282828,18.37670519,17.12880952,23.54933333,23.43615385
2025-05-20 09:00:00+00:00,743.0775518,276.9659174,23.80923971,134.2956111,655.0055492,47.85833333,18.80133333,17.60333333,23.56113131,23.3764881
2025-05-20 09:15:00+00:00,613.5484536,264.2531811,23.67411477,139.779127,678.9018009,49.53019841,19.09264286,17.63698413,23.7,23.41882353
2025-05-20 09:30:00+00:00,499.1416667,265.4407627,23.49015152,144.2519345,689.8557091,50.72261905,19.09469697,17.24166667,23.7,23.4
2025-05-20 09:45:00+00:00,480.854503,264.0000061,23.4,148.6526587,701.3904607,51.70533333,19.16549405,16.94444444,23.64683643,23.43014329
2025-05-20 10:00:00+00:00,483.6895932,275.019083,23.3483798,155.3678998,715.1195702,53.00631317,19.78296603,16.92444444,23.48998779,23.35031746
2025-05-20 10:15:00+00:00,487.3009782,264.9283463,23.20098765,160.8847179,723.5384297,53.79212121,19.81666667,17.23866667,23.40098765,23.26177778
2025-05-20 10:30:00+00:00,503.8653104,263.7183564,23.2,166.8483333,730.8022662,54.44892857,19.93548413,17.06428571,23.41285714,23.38571429
2025-05-20 10:45:00+00:00,511.3736806,267.6099815,23.19980392,172.3912312,736.1468254,54.80828042,19.90882109,17.01333333,23.76155192,23.3
2025-05-20 11:00:00+00:00,584.8705965,267.3472027,23.27051666,178.8092593,737.8180121,55.0,19.93381766,17.26,23.75940546,23.20831761
2025-05-20 11:15:00+00:00,658.0995261,262.1446861,23.50584485,184.6032738,740.0742296,54.95952381,20.54692532,17.46666667,23.68794859,23.32301587
2025-05-20 11:30:00+00:00,657.6959064,266.9003906,23.57596459,190.7503992,741.7434274,54.6567037,20.44922946,17.39794872,23.85368742,23.27159836
2025-05-20 11:45:00+00:00,648.3464069,261.5381197,23.60187879,196.6045426,735.9479231,54.19911111,20.55306397,17.265,23.9,23.26312771
2025-05-20 12:00:00+00:00,615.0321372,262.4691131,23.56858054,202.8573492,733.4423541,53.41493651,20.86100673,17.17833333,23.73524721,23.3805
2025-05-20 12:15:00+00:00,530.7507738,258.9934599,23.38563776,208.0101315,726.6541918,52.526332,20.85295288,17.08650794,23.6,23.65779221
2025-05-20 12:30:00+00:00,521.8780598,267.5984517,23.4,213.3593771,717.4802224,51.48194444,21.39144444,17.13980952,23.6,23.7
2025-05-20 12:45:00+00:00,525.4863494,274.6678573,23.4,218.6900529,704.2115033,50.17,21.29392593,17.05142857,23.72652955,23.68596491
2025-05-20 13:00:00+00:00,543.1843001,269.1660317,23.4,223.2720899,693.8649384,48.8389418,21.51762857,16.75333333,23.93933333,23.67957576
2025-05-20 13:15:00+00:00,511.4261222,269.9622624,23.48478664,228.4145473,671.0536735,47.16294192,21.63565476,16.77857143,23.78540373,23.4
2025-05-20 13:30:00+00:00,489.3361783,270.5342085,23.61106935,232.5992196,651.5115263,45.62472222,21.49764141,17.09683333,23.76406059,23.38666667
2025-05-20 13:45:00+00:00,524.1587615,270.0314914,23.80347058,236.3341703,644.2500415,44.04780952,21.59130159,16.90666667,23.94896215,23.32
2025-05-20 14:00:00+00:00,566.2408163,80.69051227,24.01237013,240.482381,618.5919694,42.23396825,21.43790476,15.18412698,24.03299577,23.43346861
2025-05-20 14:15:00+00:00,521.3883191,52.17216611,24.40182336,245.086037,587.6832041,39.96891534,21.44933333,14.96055556,24.30209877,23.63636364
2025-05-20 14:30:00+00:00,454.2264014,53.30683174,24.65396825,248.6078333,561.6368716,38.16166667,21.95333333,16.93396825,24.57743202,23.77602874
2025-05-20 14:45:00+00:00,439.5676309,54.5122409,24.84095238,251.8748571,536.4049172,36.340666,21.88776335,17.902,24.78192157,23.945
2025-05-20 15:00:00+00:00,431.8249874,55.19494484,25.02029221,255.9550074,503.454573,33.89748777,21.82547959,17.60943826,24.9436988,24.1774196
2025-05-20 15:15:00+00:00,429.7089596,54.61015263,25.20543282,258.9841789,474.7272938,32.04101587,21.75558896,17.25645299,25.15870264,24.31210907
2025-05-20 15:30:00+00:00,428.5176502,55.42192192,25.37188889,262.2475285,445.0417517,29.92542735,21.76196032,16.85,25.34688889,24.43777778
2025-05-20 15:45:00+00:00,426.5949675,55.85763641,25.56892857,265.6480693,410.0623568,27.66849366,21.67695617,16.53717949,25.53285714,24.53253968
2025-05-20 16:00:00+00:00,424.3756493,55.82426703,25.69632868,268.7246853,377.124013,25.5679798,21.53238095,16.55428571,25.66766667,24.66666667
2025-05-20 16:15:00+00:00,426.8102586,54.41475055,25.86249158,271.973539,341.4571935,23.31682684,21.37146825,16.62,25.7968551,24.80180952
2025-05-20 16:30:00+00:00,427.3647908,53.65215189,26.01567462,274.8464784,308.1270033,21.31835699,21.40554828,16.99444444,25.96716049,25.01928362
2025-05-20 16:45:00+00:00,426.3705739,52.89206349,26.12559524,277.8309295,272.6617629,19.16696429,21.08262755,17.30547619,26.02714286,25.07289377
2025-05-20 17:00:00+00:00,424.3384205,53.01646173,26.23055556,281.1348961,237.6916787,16.84045455,20.970867,17.1,26.1,25.13037037
2025-05-20 17:15:00+00:00,421.2866667,53.20064214,26.273,284.1317664,207.6018203,14.71498557,20.94533968,16.91611111,26.12788889,25.22308547
2025-05-20 17:30:00+00:00,420.2541356,52.01717697,26.31718474,287.0592388,178.105237,12.65240019,20.5284723,16.53890476,26.2,25.3
2025-05-20 17:45:00+00:00,419.0211941,52.32645816,26.34258242,289.8617063,151.5573052,10.7221627,20.26113095,16.37847403,26.25740741,25.32619048
2025-05-20 18:00:00+00:00,418.6666033,22.26,26.3,292.8681481,120.916199,8.695925926,19.68080616,16.74222222,26.3,25.4
2025-05-20 18:15:00+00:00,421.295523,0.0,26.3,296.0034735,90.10170044,6.637851852,19.19565152,16.96880952,26.3,25.4
2025-05-20 18:30:00+00:00,422.0933957,0.0,26.3,298.7496825,63.63232792,4.911904762,18.77643785,17.43400794,26.26890756,25.4
2025-05-20 18:45:00+00:00,422.0,0.0,26.21978495,301.7750996,37.15866017,3.058594961,18.35090635,18.00666667,26.10933333,25.4
2025-05-20 19:00:00+00:00,422.1622989,0.0,26.15090909,304.6779206,17.45468252,1.290140693,17.74969206,18.272,26.03908046,25.4
2025-05-20 19:15:00+00:00,423.1047619,0.0,26.08619048,307.8136616,5.761329444,-0.367121212,17.10704545,18.60666667,25.95333333,25.38583333
2025-05-20 19:30:00+00:00,423.6581409,0.0,26.0,311.1152336,1.366412951,-2.119237695,16.33302971,18.7,25.9,25.3
2025-05-20 19:45:00+00:00,422.2540604,0.0,25.92857143,314.0594987,0.367032433,-3.578646617,15.73553839,18.7812987,25.82857143,25.28461538
2025-05-20 20:00:00+00:00,420.1601852,0.0,25.82470588,317.2050794,0.034478115,-5.065833333,15.18,18.8,25.78814815,25.2
2025-05-20 20:15:00+00:00,420.332162,0.0,25.75714286,320.3141876,0.0,-6.444868524,14.5320247,18.86428571,25.7,25.2
2025-05-20 20:30:00+00:00,420.277208,0.0,25.69487179,323.9348308,0.0,-7.859691919,14.14506181,18.80052015,25.63259259,25.1
2025-05-20 20:45:00+00:00,419.647619,0.0,25.59954738,326.9297222,0.0,-8.982380952,13.83870769,18.46544444,25.5645614,25.09904762
2025-05-20 21:00:00+00:00,418.9097247,67.42643418,25.47077973,329.9666667,0.0,-9.973333333,13.41333333,16.75944444,25.46350877,24.96749206
2025-05-20 21:15:00+00:00,418.8132937,104.0572355,25.27220238,334.1353827,0.0,-11.23430891,12.68014521,14.51420068,25.30485714,24.73014985
2025-05-20 21:30:00+00:00,418.4314815,100.4057239,25.10462963,337.8102597,0.0,-12.1583064,12.41096681,14.20666667,25.20018519,24.66814815
2025-05-20 21:45:00+00:00,418.0865015,101.2337648,24.97185185,341.1659435,0.0,-12.89421637,12.13147689,13.97857143,25.1,24.53809524
2025-05-20 22:00:00+00:00,417.2925926,105.7776071,24.80146032,344.900791,0.0,-13.5370101,11.68913632,13.65,25.00578495,24.43333333
2025-05-20 22:15:00+00:00,416.5981241,105.0053108,24.68752834,348.2040179,0.0,-14.0190051,11.24334184,13.10952381,24.8737013,24.4
2025-05-20 22:30:00+00:00,416.9759575,103.7693413,24.55136174,351.4174762,0.0,-14.33842424,10.89293447,12.83561111,24.78378507,24.22358974
2025-05-20 22:45:00+00:00,417.0090123,104.9509269,24.43818182,355.7643697,0.0,-14.64666667,10.65472675,12.53571429,24.67944444,24.13851852
2025-05-20 23:00:00+00:00,415.3747218,102.7846443,24.30714286,283.005267,0.0,-14.77857143,10.40714286,12.5,24.58079435,23.99285714
2025-05-20 23:15:00+00:00,416.3635036,107.7377881,24.21133333,2.657222222,0.0,-14.73037037,10.73185185,12.65480769,24.5,23.8287037
2025-05-20 23:30:00+00:00,417.2798221,105.8335277,24.1071765,6.491549895,0.0,-14.53477958,11.01362721,12.84666667,24.48590707,23.8087138
2025-05-20 23:45:00+00:00,416.852005,107.1876081,23.98978448,10.24140524,0.0,-14.19872191,11.09414045,12.98035714,24.36164145,23.61897436
2025-05-21 00:00:00+00:00,415.6941591,108.0393035,23.88673958,12.17119408,0.0,-13.97558442,11.03090729,13.0,24.2813392,23.52047619
2025-05-21 00:15:00+00:00,415.5872585,112.2395077,23.78664141,17.19730968,0.0,-13.24989102,11.13234326,13.08,24.18453561,23.45447811
2025-05-21 00:30:00+00:00,416.0592593,109.6291656,23.7,20.76042308,0.0,-12.54290909,11.09542222,13.1,24.11807574,23.39518519
2025-05-21 00:45:00+00:00,415.3553719,113.9966942,23.63272727,24.82840909,0.0,-11.56477273,11.14242424,13.1,24.06280992,23.33434343
2025-05-21 01:00:00+00:00,415.2680465,113.3960756,23.58569739,27.29577922,0.0,-10.87218615,11.08107143,13.1,24.01864788,23.25510204
2025-05-21 01:15:00+00:00,415.3891294,127.9343408,23.5,31.17168939,0.0,-9.705472222,11.31420021,13.1,24.03071303,23.2
2025-05-21 01:30:00+00:00,415.0027778,123.1125604,23.432,34.5780724,0.0,-8.53384127,11.28100362,13.1,23.99913043,23.12374269
2025-05-21 01:45:00+00:00,415.5872222,136.3100505,23.3569697,38.05204762,0.0,-7.188060606,11.10027778,13.0352381,23.82263889,22.95666667
2025-05-21 02:00:00+00:00,415.6881145,152.4358579,23.27025181,40.82735503,0.0,-6.032868798,11.16892007,13.04248252,23.73095238,22.89928571
2025-05-21 02:15:00+00:00,415.9277778,158.4156683,23.13,44.33367605,0.0,-4.457671958,11.14587989,13.1,23.66510101,22.80161202
2025-05-21 02:30:00+00:00,415.9253435,167.1903587,23.03263158,47.58075099,0.089369231,-2.875,11.07258103,13.01333333,23.63636977,22.67457062
2025-05-21 02:45:00+00:00,416.5882712,184.9279121,23.0,50.54113095,0.392931445,-1.33,11.06071429,12.92,23.6,22.6015873
2025-05-21 03:00:00+00:00,417.0,86.06121826,22.90897025,53.6968254,1.058834652,0.323253968,11.10269841,13.10166667,23.40654971,22.5925
2025-05-21 03:15:00+00:00,417.2393911,61.01269841,22.9,56.72178877,2.397389579,2.006595238,10.95775765,18.39203704,23.32666667,22.6
2025-05-21 03:30:00+00:00,416.593997,58.5957877,22.96181327,59.90672222,4.170567575,3.910714286,10.94049573,18.18428571,23.30902998,22.6
2025-05-21 03:45:00+00:00,416.3157144,59.53456331,22.94970658,62.54579757,6.207622687,5.588322392,10.72676674,17.86547619,23.3,22.60071429
2025-05-21 04:00:00+00:00,416.4904727,57.9601426,23.0,65.67190476,9.168867258,7.607936508,10.71890278,17.99518519,23.38823529,22.6
2025-05-21 04:15:00+00:00,415.690392,55.53490098,23.0,68.71753439,12.44997141,9.677200855,10.7053638,18.19648485,23.4,22.63533333
2025-05-21 04:30:00+00:00,415.9434343,55.81018075,23.0,71.83027719,16.57728553,11.80961156,10.58492151,18.17722222,23.4,22.62312821
2025-05-21 04:45:00+00:00,417.6436108,55.31667082,23.0,74.64602762,21.09033098,13.76122449,10.62430839,18.54285714,23.4,22.7
2025-05-21 05:00:00+00:00,417.4210526,52.09613428,23.0,77.43936645,27.7284863,15.71414141,10.56501587,18.3475,23.4,22.7
2025-05-21 05:15:00+00:00,437.2417544,49.59419234,23.05259259,80.64309051,40.43785774,18.00169895,10.65919342,18.26666667,23.34733333,22.7
2025-05-21 05:30:00+00:00,442.3836295,57.06453634,23.1,83.54962664,58.78029902,20.06336201,10.69399657,18.40384615,23.33958647,22.71084957
2025-05-21 05:45:00+00:00,429.7493942,65.34323762,23.1,86.58604365,84.01264788,22.1902381,10.84062338,18.42,23.59217391,22.8
2025-05-21 06:00:00+00:00,478.69,76.17695273,23.16414899,89.69382197,103.7434262,24.39704165,10.90640909,18.3,23.56664899,23.15083333
2025-05-21 06:15:00+00:00,590.2189455,98.61681351,23.4404267,92.85967016,126.1540011,26.576669,11.09320346,18.3,23.78709524,23.6114077
2025-05-21 06:30:00+00:00,596.8033957,136.1552839,23.5312394,96.07579932,168.6519752,28.74657898,11.83142857,18.26904762,23.63281389,23.66663086
2025-05-21 06:45:00+00:00,563.4553671,178.5374799,23.50037037,99.20376352,170.1703427,30.81332381,11.79757949,18.33333333,23.596,23.43688889
2025-05-21 07:00:00+00:00,535.652413,218.2846187,23.59619608,102.5524387,174.3928394,32.91127706,11.56389971,18.29477778,23.45354684,23.19833333
2025-05-21 07:15:00+00:00,480.7304851,253.458017,23.44052397,106.0667612,211.6838592,35.05099751,11.51640191,17.98571429,23.37307453,23.1
2025-05-21 07:30:00+00:00,442.7477666,262.6297803,23.33245695,109.6215741,298.2818734,37.11385582,11.81762963,17.82,23.4,23.06740741
2025-05-21 07:45:00+00:00,448.2742399,267.4918683,23.34307359,113.3385799,333.3200753,39.0952381,12.37142857,17.64,23.4,23.04488889
2025-05-21 08:00:00+00:00,508.4170884,270.5364815,23.40333333,117.338931,276.6244667,41.13337542,12.33488889,17.65714286,23.4,23.2322037
2025-05-21 08:15:00+00:00,572.2549068,264.1358974,23.55,121.2456387,323.2527667,42.95189637,12.372875,17.6,23.35,23.35
2025-05-21 08:30:00+00:00,595.0638528,265.137664,23.64282572,125.3997409,567.4854875,44.76329792,13.13225543,17.42666667,23.35287879,23.4
2025-05-21 08:45:00+00:00,654.2453551,266.5078398,23.77684795,129.6549143,539.6356126,46.42199042,13.58982624,17.15003205,23.35216711,23.44378499
2025-05-21 09:00:00+00:00,670.9537364,268.5101783,23.92805435,134.4900519,606.8517142,48.14313148,13.79527154,16.86222222,23.54500781,23.5
2025-05-21 09:15:00+00:00,684.0243917,266.7106608,23.97647059,138.8258001,473.3807567,49.46194805,13.88753556,16.96183673,23.76692642,23.56326531
2025-05-21 09:30:00+00:00,668.1301274,272.9203463,24.0,144.218836,458.246553,50.90647619,14.3075469,17.19333333,23.83649184,23.58881481
2025-05-21 09:45:00+00:00,563.9482621,274.661295,23.89362452,149.6571897,783.3362853,52.15452442,14.73542619,17.141,23.84402107,23.64362745
2025-05-21 10:00:00+00:00,533.0076923,275.1129089,23.7,155.3418041,733.883322,53.19815201,15.18240566,16.82809491,23.93438671,23.7
2025-05-21 10:15:00+00:00,558.4209025,271.9124809,23.71904526,160.4970862,630.4338574,53.96894594,15.34720578,16.94946429,23.98250491,23.7
2025-05-21 10:30:00+00:00,553.0157419,266.3495174,23.7,166.7669312,589.6563653,54.6231339,15.74061376,17.09,23.93675439,23.442
2025-05-21 10:45:00+00:00,549.7527583,262.6919258,23.67076471,172.4145675,775.089419,55.01552778,16.20813671,17.17434921,23.74242523,23.45697939
2025-05-21 11:00:00+00:00,554.2276823,268.3129755,23.7,178.7429695,663.0517826,55.2,16.67285714,16.95489899,23.62549784,23.41252551
2025-05-21 11:15:00+00:00,553.2666667,264.2112584,23.66356351,184.8887267,752.3365626,55.15988034,16.79486905,17.16666667,23.6,23.54006993
2025-05-21 11:30:00+00:00,531.5421633,265.348055,23.56844828,190.9007937,796.4025347,54.84777778,17.47,17.63266667,23.72896017,23.50685185
2025-05-21 11:45:00+00:00,474.0757524,270.8825586,23.49,196.7131696,756.7569173,54.37292558,17.13447407,17.24311111,24.13913403,23.6
2025-05-21 12:00:00+00:00,476.1958295,276.3869581,23.4,202.1753541,701.3083917,53.70278912,16.84702922,17.02357143,24.03697255,23.6
2025-05-21 12:15:00+00:00,464.9865111,270.022987,23.32225982,208.2740714,668.6597242,52.71292857,16.97304762,17.015,24.09589744,23.6
2025-05-21 12:30:00+00:00,450.3909091,268.1854475,23.2,213.6816003,649.2994016,51.6102544,17.12095127,17.11451852,24.00463768,23.6
2025-05-21 12:45:00+00:00,477.8820901,274.4120879,23.2,218.7222995,534.4795899,50.37844388,16.70393656,17.13248299,24.19175824,23.16055195
2025-05-21 13:00:00+00:00,486.4312916,271.8422508,23.22641511,223.5784179,754.4403404,48.97407407,16.71554002,17.40444444,24.00909091,23.5832381
2025-05-21 13:15:00+00:00,486.5408184,265.2457009,23.33952862,228.3877071,698.8115387,47.38084055,16.43885214,17.26571429,24.00333333,24.05851852
2025-05-21 13:30:00+00:00,493.2224144,272.4201831,23.43357781,232.9553355,425.6300581,45.73605099,16.32727009,16.74666667,24.03497636,24.26251852
2025-05-21 13:45:00+00:00,486.4717079,270.5260301,23.44106759,237.0274549,395.8253517,44.02719517,16.06699542,16.29872449,23.89301564,24.40512951
2025-05-21 14:00:00+00:00,513.1735294,82.01767677,23.50116247,241.2814495,317.3588111,42.10038384,16.44108913,15.7247619,23.79246032,24.33329125
2025-05-21 14:15:00+00:00,473.9763035,51.84190045,23.64392157,245.212963,254.5098616,40.14701058,16.35355556,17.12761905,23.75245852,23.90933333
2025-05-21 14:30:00+00:00,423.3435185,51.76810697,23.56233276,248.889617,143.400631,38.2399247,15.70247993,16.89277778,23.67108148,23.61037037
2025-05-21 14:45:00+00:00,421.8392857,49.02151361,23.6552381,252.6910856,297.967594,36.1136763,15.27272495,16.49285714,23.81313776,23.6
2025-05-21 15:00:00+00:00,422.2889033,51.66326995,23.7,255.8286852,172.3097849,34.21897368,15.04391534,16.78190741,23.9,23.6
2025-05-21 15:15:00+00:00,422.6111418,51.82523879,23.74172549,259.4428379,147.3009236,31.99992063,14.80877778,17.00980159,23.89971491,23.6
2025-05-21 15:30:00+00:00,422.9641604,51.49126616,23.74945055,262.6332206,37.60746458,29.943683,12.9789856,16.27857143,23.8989011,23.6
2025-05-21 15:45:00+00:00,430.3671383,53.07128335,23.7,265.757564,52.46013103,27.86150337,10.9808683,17.162,23.86349679,23.52
2025-05-21 16:00:00+00:00,444.1297821,54.04686869,23.77757576,268.9929524,83.51223344,25.65044444,11.0069,17.47580952,23.91474747,23.56592593
2025-05-21 16:15:00+00:00,445.4025962,53.63818608,23.8,271.6226515,100.0314676,23.7987629,11.02788069,16.72105288,24.0,23.5
2025-05-21 16:30:00+00:00,438.0897025,52.91904762,23.8,275.135202,128.6194957,21.32673701,11.35352732,17.1762963,23.99388889,23.5
2025-05-21 16:45:00+00:00,428.1787546,52.88413571,23.758,278.1279233,187.0251844,19.24653439,12.05073713,17.25071429,23.85733333,23.53388889
2025-05-21 17:00:00+00:00,423.2780755,53.33296608,23.73786519,281.29207,106.8310625,16.99039538,12.0411362,16.49873016,23.83640779,23.5
2025-05-21 17:15:00+00:00,422.2079022,56.88762014,23.83097358,284.0835897,235.4722377,14.99194303,12.46134199,16.82435897,23.96580679,23.53163265
2025-05-21 17:30:00+00:00,422.9204493,57.2875094,23.99309042,286.8581525,174.7347677,13.06082584,12.49555556,17.54666667,24.22169597,23.6288655
2025-05-21 17:45:00+00:00,422.9272727,56.88,24.004,290.1021032,69.02098877,10.81583333,12.21833333,16.86530612,24.3,23.7
2025-05-21 18:00:00+00:00,421.2279834,19.89797466,24.1,292.7525943,47.48167535,9.012525253,11.83120034,16.82666667,24.16741053,23.7
2025-05-21 18:15:00+00:00,428.5997102,0.0,24.1,295.9968975,68.70691287,6.880808081,11.87342857,16.30952381,24.1,23.7
2025-05-21 18:30:00+00:00,430.5832247,0.0,24.00592593,298.8113454,42.25545205,5.100336589,11.92,15.76603704,24.12361905,23.64156192
2025-05-21 18:45:00+00:00,434.3194407,0.0,24.0,301.7801587,27.13159613,3.253333333,11.8237037,15.25714286,24.2,23.6
2025-05-21 19:00:00+00:00,437.8921297,0.0,24.0,305.1247201,9.360368427,1.290570354,11.41734682,15.00642857,24.16321429,23.6
2025-05-21 19:15:00+00:00,437.1008333,0.0,24.0,308.0765471,3.448126829,-0.314471251,11.23632035,14.86666667,24.0,23.6
2025-05-21 19:30:00+00:00,435.1327778,0.0,24.0,311.2962049,1.152037968,-1.966854257,11.12349872,14.67833333,24.0,23.6
2025-05-21 19:45:00+00:00,431.8486338,0.0,24.0,314.4316296,0.225130295,-3.552687831,10.816,14.54,24.0,23.6
2025-05-21 20:00:00+00:00,428.5676177,0.0,23.91028139,317.4391432,0.029705882,-4.965542929,10.63150794,14.47857143,24.0,23.51904762
2025-05-21 20:15:00+00:00,426.98,0.0,23.9,320.9595238,0.0,-6.488359788,10.63944974,14.31698413,24.0,23.5
2025-05-21 20:30:00+00:00,425.634149,0.0,23.9,324.1265199,0.0,-7.729555556,10.95564046,14.28,24.07599535,23.5
2025-05-21 20:45:00+00:00,424.2656635,0.0,23.9,327.5188254,0.0,-9.004074074,10.36025,14.15055556,23.93179487,23.5
2025-05-21 21:00:00+00:00,423.196847,0.0,23.9,330.7999056,0.0,-10.0509861,10.18043036,14.06166667,23.9,23.49901051
2025-05-21 21:15:00+00:00,422.0650335,0.0,23.82603232,334.0981682,0.0,-11.02729942,10.71752699,13.77662338,23.90191264,23.4057971
2025-05-21 21:30:00+00:00,422.1266667,0.0,23.8,337.9196481,0.0,-11.98027513,10.32928312,13.41031746,23.984,23.4
2025-05-21 21:45:00+00:00,421.0073892,0.0,23.75963203,340.7011489,0.0,-12.55929071,9.902840909,12.92539683,23.83223786,23.4
2025-05-21 22:00:00+00:00,421.6299267,0.0,23.7,344.7704016,0.0,-13.3177381,9.326666667,12.4712381,23.8,23.37067806
2025-05-21 22:15:00+00:00,420.4631176,0.0,23.7,348.4148254,0.0,-13.83936508,9.009980952,12.20063492,23.8,23.4
2025-05-21 22:30:00+00:00,419.2932143,0.0,23.7,352.161921,0.0,-14.21155556,8.310735185,12.00714286,23.8,23.39416667
2025-05-21 22:45:00+00:00,418.5511215,0.0,23.7,355.7890613,0.0,-14.45,7.903095238,11.70535714,23.82763158,23.30130952
2025-05-21 23:00:00+00:00,418.6883838,0.0,23.7,244.5745014,0.0,-14.57388889,7.64910114,11.50461111,23.77368421,23.3
2025-05-21 23:15:00+00:00,418.0521055,0.0,23.65528822,2.762231102,0.0,-14.52666667,7.327561236,11.30888889,23.7,23.3
2025-05-21 23:30:00+00:00,417.425974,0.0,23.6,6.558545381,0.0,-14.33662027,7.168910053,11.03833333,23.7,23.29933333
2025-05-21 23:45:00+00:00,417.075,0.0,23.6,10.13865646,0.0,-14.01349206,7.091475907,10.81660714,23.72792208,23.2
2025-05-22 00:00:00+00:00,415.6386032,0.0,23.6,13.67684982,0.0,-13.61866667,6.928322511,10.62,23.8,23.2
2025-05-22 00:15:00+00:00,415.9721133,0.0,23.54,17.24758482,0.0,-13.04777778,6.604444444,10.43433333,23.72021289,23.2
2025-05-22 00:30:00+00:00,415.3080808,0.0,23.5,20.81393773,0.0,-12.32124359,6.223477778,10.30083333,23.6,23.2
2025-05-22 00:45:00+00:00,414.0987146,0.0,23.5,24.32301766,0.0,-11.49675047,5.989489796,10.13690476,23.6,23.10928571
2025-05-22 01:00:00+00:00,413.816317,0.0,23.5,27.66112795,0.0,-10.61853535,5.844301645,10.04571429,23.65333333,23.1
2025-05-22 01:15:00+00:00,413.218759,0.0,23.5,31.14953463,0.0,-9.522374218,5.948045584,9.906666667,23.64827202,23.1
2025-05-22 01:30:00+00:00,413.1581774,0.0,23.44666667,34.58640912,0.0,-8.323122471,5.685693122,9.88,23.51983333,23.1
2025-05-22 01:45:00+00:00,413.0,0.0,23.4,37.75500611,0.0,-7.093559219,5.544191523,9.707117347,23.5,23.02927644
2025-05-22 02:00:00+00:00,412.7201252,0.0,23.4,41.08120106,0.0,-5.716266955,5.856324786,9.6,23.58055556,23.03509972
2025-05-22 02:15:00+00:00,412.968254,0.0,23.4,44.17008333,0.090026087,-4.306650794,5.831722145,9.569018519,23.6,23.0
2025-05-22 02:30:00+00:00,412.8866527,0.0,23.3572549,47.3238258,0.70704127,-2.795522996,5.690884819,9.426666667,23.58815686,23.0
2025-05-22 02:45:00+00:00,411.9748232,0.0,23.3,50.51947279,2.436524749,-1.154589002,5.687190934,9.4,23.4047619,23.0
2025-05-22 03:00:00+00:00,411.9666667,39.29166667,23.29875,53.64941148,6.317125893,0.488780627,5.392754416,10.33444444,23.40208333,22.962
2025-05-22 03:15:00+00:00,410.817265,52.33603239,23.2,56.17257143,14.22044302,1.881481482,6.875242424,21.07887831,23.46019231,22.9
2025-05-22 03:30:00+00:00,412.9859649,52.14768144,23.2,59.63660292,35.39326905,4.030401801,7.25862195,18.32763636,23.30070175,22.9
2025-05-22 03:45:00+00:00,413.1567987,51.73854618,23.2,62.44763605,49.90123846,5.753910792,7.696305716,19.538188,23.3,22.9
2025-05-22 04:00:00+00:00,414.8898054,53.4121164,23.19944444,65.68757407,24.50039481,7.856111111,7.354109788,18.55642857,23.38857143,22.81333333
2025-05-22 04:15:00+00:00,415.2299274,66.71797602,23.1,68.44363054,36.78525181,9.704741259,7.099501321,17.656,23.29635928,22.8
2025-05-22 04:30:00+00:00,416.0334343,76.08944889,23.1,71.49555556,44.13158227,11.81111111,7.738222222,17.864,23.27133333,22.8
2025-05-22 04:45:00+00:00,415.5893223,83.16526228,23.1,74.43294971,44.79699274,13.83951485,8.112756737,17.76428571,23.2,22.77063492
2025-05-22 05:00:00+00:00,418.7043948,86.89202513,23.03939394,77.33213399,39.25960749,15.85816449,8.118273569,17.69833333,23.1689343,22.7
2025-05-22 05:15:00+00:00,433.4584092,85.81411177,23.0,80.17606838,54.27561929,17.88495727,8.388609687,17.6,23.1663997,22.7
2025-05-22 05:30:00+00:00,423.7589208,92.20804874,23.0,83.35261321,68.169194,20.16459872,8.591566776,17.6,23.13936027,22.7
2025-05-22 05:45:00+00:00,422.2850418,92.92585339,23.0,86.57002373,55.03631013,22.42852237,9.204386883,17.6,23.15954835,22.7
2025-05-22 06:00:00+00:00,423.4793516,90.40491551,23.0,89.16980057,148.7154608,24.27433048,9.133606024,17.54666667,23.09935484,22.7
2025-05-22 06:15:00+00:00,430.9759802,89.97340548,23.0,92.64896663,170.8857144,26.69090781,8.95346626,17.5,23.1,22.7
2025-05-22 06:30:00+00:00,445.1582887,92.7865882,23.01438596,95.97470298,84.64104877,28.93493506,8.419894877,17.46666667,23.1,22.7
2025-05-22 06:45:00+00:00,528.6635745,94.53197695,23.17867371,99.08279054,303.0826979,30.953253,8.666951771,17.60769231,23.1,22.7
2025-05-22 07:00:00+00:00,584.5299703,114.6747292,23.33776224,102.3682251,246.1758918,33.03774892,8.912694444,17.74944444,23.23697701,23.14757835
2025-05-22 07:15:00+00:00,585.0491251,143.6027603,23.40786189,105.9027143,296.109335,35.20231746,7.962746032,17.704,23.61767491,23.73308262
2025-05-22 07:30:00+00:00,567.0836815,175.3643174,23.45555556,109.1026667,107.8935175,37.03066667,6.561222222,17.26533333,23.76915608,23.9
2025-05-22 07:45:00+00:00,523.005848,207.6879498,23.43422711,113.2800108,130.2300702,39.32714286,6.688315296,17.32321429,23.84357143,23.94340659
2025-05-22 08:00:00+00:00,477.9414719,244.5163404,23.3298913,116.7185307,77.18347297,41.0612143,6.631862434,17.32,23.93833004,23.95901754
2025-05-22 08:15:00+00:00,477.9543531,255.7649422,23.26239766,120.9139416,291.605869,43.045886,6.956821128,17.15656085,24.0354386,23.89904762
2025-05-22 08:30:00+00:00,473.5011183,270.7991663,23.13576782,125.0840084,564.2957276,44.83938889,7.738924178,17.07466667,24.11547687,23.54629197
2025-05-22 08:45:00+00:00,468.6503063,267.494583,23.1,129.8810629,214.037506,46.75470522,7.91852381,16.96329365,24.2,23.16428571
2025-05-22 09:00:00+00:00,470.3396241,268.3817146,23.08487109,133.8565852,126.0495181,48.12997253,7.533673197,16.9859707,24.19951852,23.04
2025-05-22 09:15:00+00:00,499.819121,277.2225659,23.09538462,139.3223968,207.2693481,49.8463254,7.586,17.14366667,24.06837194,23.0
2025-05-22 09:30:00+00:00,503.7752657,261.4335213,23.12946429,144.0802659,348.7075619,51.12183055,8.410606061,17.24795918,23.64481046,22.97047619
2025-05-22 09:45:00+00:00,465.5851396,271.6747553,23.2,149.1514762,291.7860191,52.22571429,8.701828571,17.1,23.62672379,22.9
2025-05-22 10:00:00+00:00,448.8078746,270.8617235,23.138,154.8202249,167.6007797,53.30232804,8.712518519,17.01333333,23.53777778,23.0032443
2025-05-22 10:15:00+00:00,457.0383838,274.7111111,23.1,161.0359577,373.3221731,54.23496296,8.563534392,16.77133333,23.6,23.27185185
2025-05-22 10:30:00+00:00,464.3648018,268.2036866,23.0452381,166.7163492,695.348479,54.83785714,8.658831169,17.08163265,23.6,23.14365079
2025-05-22 10:45:00+00:00,477.511762,274.7119563,23.0,172.6689874,538.3408996,55.24032334,9.487788462,17.15027778,23.52007459,23.1
2025-05-22 11:00:00+00:00,496.7620746,268.6571259,23.0,178.5582463,851.029041,55.4,10.01239152,16.92261905,23.65510411,23.02343122
2025-05-22 11:15:00+00:00,496.823511,269.04962,23.0,184.7483983,796.3776306,55.35333333,10.67170155,17.18571429,23.79955556,22.90051282
2025-05-22 11:30:00+00:00,469.5716215,262.9581408,22.99859539,187.479472,578.5711641,55.24657532,10.70172577,17.1978022,23.82345231,22.83486702
2025-05-22 11:45:00+00:00,462.0691486,258.3460199,22.90573643,196.502037,243.4360343,54.59208777,9.280005291,16.85261905,24.08106397,22.83148427
2025-05-22 12:00:00+00:00,483.0138847,255.1094251,22.9,202.7454483,565.9417491,53.83878211,8.646109946,16.90386772,24.24848485,22.81666667
2025-05-22 12:15:00+00:00,487.8194949,243.4592746,22.81978495,208.2702116,785.2024889,52.94238095,9.781981482,17.10488889,24.28771317,23.04157768
2025-05-22 12:30:00+00:00,487.9933051,231.3141942,22.839905,213.6649236,252.0394849,51.80882937,9.35965812,16.9,24.11929209,23.06428571
2025-05-22 12:45:00+00:00,485.3849654,219.7996357,22.86013404,218.5380688,192.1602192,50.6397619,8.011833333,16.91083333,24.17333333,23.1
2025-05-22 13:00:00+00:00,482.7027178,210.8057634,22.89397179,223.1044587,279.2922766,49.29655556,7.717581197,16.94835979,23.81108378,23.02626781
2025-05-22 13:15:00+00:00,482.2257416,203.7691479,22.89563492,228.6886732,617.8002446,47.50725275,8.281646465,17.09222222,23.73396825,23.0
2025-05-22 13:30:00+00:00,504.8828327,197.7196014,22.97662338,232.3011111,743.0084256,46.18474206,8.832686508,17.06476757,23.79622996,23.13077381
2025-05-22 13:45:00+00:00,482.0403363,196.6403009,23.0,237.3340652,268.7308876,44.1177037,9.049626984,16.88,23.49450908,23.26212263
2025-05-22 14:00:00+00:00,465.9857185,196.2336139,23.0,241.4711579,286.0125538,42.22935185,8.13880374,16.95428571,23.805993,23.16766667
2025-05-22 14:15:00+00:00,461.6594354,200.7481644,23.09835165,245.2837019,733.9296619,40.35420327,8.537453209,17.23095805,24.38030052,23.34196429
2025-05-22 14:30:00+00:00,446.1112458,214.1286784,23.31253885,248.7837399,614.3623589,38.52540764,8.699576883,16.97813399,24.65191875,23.34237892
2025-05-22 14:45:00+00:00,445.6830942,241.9567107,23.27590387,252.457203,405.2949521,36.48732684,8.816442733,16.828,24.67315456,23.15651404
2025-05-22 15:00:00+00:00,461.0278884,84.66278303,23.13340741,256.1909176,370.6663793,34.25818152,8.756152381,17.85211111,24.62675634,22.93933333
2025-05-22 15:15:00+00:00,459.6730942,54.94269374,23.29489796,259.4471655,257.4722238,32.25544218,8.883316327,16.40327381,24.08286565,23.09350649
2025-05-22 15:30:00+00:00,450.9769231,53.22438339,23.3,262.745,236.6485363,30.12252808,8.119174437,17.92761905,24.048,23.1
2025-05-22 15:45:00+00:00,441.5866667,52.51402918,23.35358025,266.0001914,265.0171037,27.93017929,8.323993796,16.4462906,23.94888889,23.12416667
2025-05-22 16:00:00+00:00,435.3195222,53.12988506,23.48964368,268.9873016,237.4845881,25.91270443,8.759211881,16.90563131,23.99244444,23.2
2025-05-22 16:15:00+00:00,431.7168923,52.72980702,23.5,272.3303049,159.886348,23.57812816,8.664852335,17.5880303,23.9181573,23.17857143
2025-05-22 16:30:00+00:00,427.0791544,53.08370996,23.5,275.2263419,270.006706,21.53273504,8.653703134,15.92088889,23.97145478,23.1
2025-05-22 16:45:00+00:00,423.5939316,53.31871668,23.5,278.2168645,209.8912602,19.36689949,7.833860306,17.21066667,23.89568627,23.14888889
2025-05-22 17:00:00+00:00,421.7164021,53.28248616,23.56056085,281.4227564,58.62875993,17.13660256,7.873846154,16.50444444,23.96621693,23.2
2025-05-22 17:15:00+00:00,420.7805299,53.46785714,23.51357143,284.0810047,104.2146097,15.21680891,7.836734694,16.3120068,23.96321429,23.2
2025-05-22 17:30:00+00:00,424.1914362,53.88095442,23.63851852,287.1846588,188.882169,13.08414925,8.143356892,17.79972222,24.02576852,23.2884127
2025-05-22 17:45:00+00:00,423.7648148,54.64254902,23.7745098,290.2394444,114.6254127,10.97291005,8.354847375,16.25285714,24.02618736,23.4
2025-05-22 18:00:00+00:00,422.2122549,18.14358974,23.8,292.8919731,49.03071983,9.165080808,8.305454546,18.74833333,24.13440216,23.4
2025-05-22 18:15:00+00:00,420.2963935,0.0,23.79480519,295.7109274,11.66099243,7.325218115,8.00250527,18.73316683,24.00519481,23.4
2025-05-22 18:30:00+00:00,417.6624771,0.0,23.7,298.89515,11.61059026,5.287341085,6.981093166,17.29022222,24.02581674,23.36
2025-05-22 18:45:00+00:00,417.6327778,0.0,23.7,302.1898571,10.83761143,3.24205291,6.915563492,15.35333333,23.9,23.3
2025-05-22 19:00:00+00:00,417.2537972,0.0,23.7,304.9387755,6.935826673,1.590943878,6.978571429,14.06392857,23.9,23.3
2025-05-22 19:15:00+00:00,417.4102564,0.0,23.7,307.8825926,3.541788295,0.026666667,6.867407407,13.08703704,23.96123457,23.3
2025-05-22 19:30:00+00:00,416.360859,0.0,23.63917508,311.4197499,1.130168687,-1.825084175,7.026080808,12.39818182,23.80975155,23.29952381
2025-05-22 19:45:00+00:00,416.342959,0.0,23.6,314.5738738,0.188552304,-3.395371997,6.921918994,11.79077778,23.8,23.20583333
2025-05-22 20:00:00+00:00,415.4839208,0.0,23.6,317.7768254,0.0,-4.873015873,7.084145022,11.40153061,23.76152597,23.2
2025-05-22 20:15:00+00:00,415.0022714,0.0,23.6,320.5316402,0.0,-6.103399471,7.423888889,11.13813986,23.72260579,23.2
2025-05-22 20:30:00+00:00,415.6978271,0.0,23.54512821,324.0179934,0.0,-7.514238262,6.974601623,10.766,23.7,23.17953937
2025-05-22 20:45:00+00:00,415.9211108,0.0,23.5,327.157568,0.0,-8.644608844,6.362094388,10.5,23.7,23.1
2025-05-22 21:00:00+00:00,414.8948252,0.0,23.5,330.635181,0.0,-9.802738095,6.274684096,10.35726984,23.76863636,23.1
2025-05-22 21:15:00+00:00,415.2931513,0.0,23.5,334.1527713,0.0,-10.81320954,6.115404102,10.01944444,23.61811364,23.1
2025-05-22 21:30:00+00:00,414.9700307,0.0,23.48583333,337.5009117,0.0,-11.69583333,5.77354386,9.795309524,23.6,23.1
2025-05-22 21:45:00+00:00,414.631746,0.0,23.4,341.4174206,0.0,-12.52785714,5.412808442,9.514285714,23.61753247,23.01291209
2025-05-22 22:00:00+00:00,414.1733333,0.0,23.4,344.8006032,0.0,-13.12036508,5.219934704,10.33386243,23.53407407,23.0
2025-05-22 22:15:00+00:00,413.512852,0.0,23.4,348.1947517,0.0,-13.62268162,5.116103531,13.0715,23.5,23.0
2025-05-22 22:30:00+00:00,413.3253968,0.0,23.31777778,352.104229,0.0,-14.00939971,5.198015022,13.73303704,23.51333333,22.98666667
2025-05-22 22:45:00+00:00,412.3006792,0.0,23.3,355.0816327,0.0,-14.24489796,5.252244898,12.72142857,23.6,22.9
2025-05-22 23:00:00+00:00,412.7528283,0.0,23.3,260.8352381,0.0,-14.38,5.416904762,11.28323413,23.53467593,22.9
2025-05-22 23:15:00+00:00,412.4198689,0.0,23.26519841,2.860740741,0.0,-14.32666667,5.610954416,10.49238095,23.4,22.9
2025-05-22 23:30:00+00:00,412.0412698,0.0,23.2,6.510026455,0.0,-14.16285714,5.563375661,11.35733333,23.44166667,22.9
2025-05-22 23:45:00+00:00,412.5554422,0.0,23.2,9.582618275,0.0,-13.91945346,5.515214286,12.71247166,23.47327541,22.841163
2025-05-23 00:00:00+00:00,412.0396825,0.0,23.2,13.64638095,0.0,-13.41909957,5.529407407,13.3,23.3,22.8
2025-05-23 00:15:00+00:00,411.6908832,0.0,23.13931034,17.2487963,0.0,-12.82712963,5.49762963,12.84666667,23.3,22.8
2025-05-23 00:30:00+00:00,411.635974,0.0,23.1,20.68763636,0.0,-12.17084848,5.337933333,12.16111111,23.33733333,22.8
2025-05-23 00:45:00+00:00,411.68723,0.0,23.1,23.17210884,0.0,-11.56503497,5.2,11.57261905,23.4,22.8
2025-05-23 01:00:00+00:00,411.0089549,0.0,23.1,27.57848942,0.0,-10.41916831,5.139320113,10.85785714,23.31802917,22.70666667
2025-05-23 01:15:00+00:00,410.8964146,0.0,23.1,30.76608466,0.0,-9.439801587,5.11310463,10.28174074,23.20269841,22.7
2025-05-23 01:30:00+00:00,410.3253968,0.0,23.00324675,34.2984127,0.0,-8.207142857,4.988333333,9.814357864,23.2,22.7
2025-05-23 01:45:00+00:00,410.0,0.0,23.0,37.4424329,0.0,-7.031991342,4.891066667,9.536296296,23.25675,22.7
2025-05-23 02:00:00+00:00,409.7694372,0.0,23.0,40.93658586,0.0,-5.567,4.821333333,11.04347619,23.3,22.7
2025-05-23 02:15:00+00:00,409.7956217,0.0,23.0,44.09406987,0.127675084,-4.154674603,4.800571429,13.08122222,23.23201784,22.61188889
2025-05-23 02:30:00+00:00,410.2022336,0.0,23.0,46.94004241,0.638894036,-2.748088043,4.778072629,13.2034632,23.1,22.6
2025-05-23 02:45:00+00:00,409.7439568,0.0,23.0,50.3251937,2.032342129,-1.001339494,4.667166667,12.4182381,23.1,22.6
2025-05-23 03:00:00+00:00,410.6948634,14.55238095,22.9847619,53.49866402,5.120511635,0.59473545,4.6,11.38666667,23.1,22.6
2025-05-23 03:15:00+00:00,410.737057,65.18545862,22.9,56.45937186,8.048110894,2.310946368,4.738875817,19.50857624,23.07559678,22.59259259
2025-05-23 03:30:00+00:00,412.0018693,53.20275887,22.9,59.23717222,11.51179843,3.981275857,4.634556273,21.11363095,23.0,22.5
2025-05-23 03:45:00+00:00,413.3258652,54.02832492,22.85613354,62.48292298,14.57725083,6.007369048,4.64312605,18.24187037,23.0,22.5
2025-05-23 04:00:00+00:00,415.0124579,52.84920635,22.8,65.54106566,15.07269569,8.013083694,4.779427597,19.3962963,23.0,22.5
2025-05-23 04:15:00+00:00,415.4047619,51.58940243,22.8,68.56893398,18.03585187,9.993571429,4.965827922,18.1,23.00396825,22.56666667
2025-05-23 04:30:00+00:00,417.1574933,50.64297786,22.8,71.39096296,46.86945665,11.94422727,5.080643875,18.26607143,23.00310606,22.6
2025-05-23 04:45:00+00:00,420.8666667,50.05511111,22.86833333,74.483571,115.5446841,14.08864815,5.270640693,18.395,23.09666667,22.6
2025-05-23 05:00:00+00:00,420.0568545,48.19870835,22.9,77.43767599,147.8571941,16.22172848,5.883664239,18.4,23.1,22.6
2025-05-23 05:15:00+00:00,428.9655685,51.76062361,22.9,80.29422194,204.5217934,18.23258503,6.41987395,18.4,23.07032967,22.6
2025-05-23 05:30:00+00:00,440.869,51.71026316,22.9,83.23737348,286.4448943,20.32182205,7.160797018,18.38,23.0,22.6
2025-05-23 05:45:00+00:00,435.772746,50.4504478,22.9,86.41722222,386.4454372,22.59322751,7.574166667,18.11703704,23.0,22.57133333
2025-05-23 06:00:00+00:00,441.1368157,50.05844919,22.9,89.46554978,363.0725776,24.73171429,7.816766234,18.1,23.02244739,22.67313903
2025-05-23 06:15:00+00:00,457.6969888,50.01643991,22.9,92.60700758,390.0100057,26.88961039,8.200597171,18.1,23.0966811,22.92246642
2025-05-23 06:30:00+00:00,828.2015535,161.2307368,23.53374798,95.58280812,278.7504053,28.89095938,9.026123345,18.02933333,23.1654269,23.0552381
2025-05-23 06:45:00+00:00,1002.213333,263.3947475,24.13787879,99.04868302,256.4900383,31.18148363,9.27706229,17.65,23.14545455,23.1302963
2025-05-23 07:00:00+00:00,928.4297258,265.7311189,24.32060606,102.434862,144.471118,33.33437836,9.520333333,17.57857143,23.2,23.19333333
2025-05-23 07:15:00+00:00,837.805854,265.8199256,24.41722689,105.553869,155.9811506,35.21607143,9.6375,17.18714286,23.28168473,23.18512688
2025-05-23 07:30:00+00:00,823.9143106,268.6336317,24.5,109.0223598,160.9874994,37.19911376,9.501343915,17.07333333,23.15883041,22.99761905
2025-05-23 07:45:00+00:00,741.9620731,268.4396152,24.45866667,113.1788042,262.6892615,39.48562169,9.886694444,17.03333333,23.18379585,22.9
2025-05-23 08:00:00+00:00,616.234746,273.0516706,24.22956938,116.9498915,402.9910476,41.4252735,10.1834812,17.1,23.21087719,23.058
2025-05-23 08:15:00+00:00,512.8416821,269.6612277,23.96029685,120.7010204,223.0700958,43.21213152,10.44365079,17.18571429,23.30680272,23.43571429
2025-05-23 08:30:00+00:00,466.4441854,266.8524252,23.79270483,125.0546141,128.6254626,45.05961979,9.033518519,16.97333333,23.20186308,23.3047619
2025-05-23 08:45:00+00:00,471.2111772,270.2233651,23.75859848,129.3091532,31.20369425,46.74151491,7.459359141,16.62592593,23.22212121,23.01626984
2025-05-23 09:00:00+00:00,480.4826635,265.2133329,23.65672269,133.8784694,65.68084314,48.35234694,6.92244898,16.85384615,23.11990281,22.9
2025-05-23 09:15:00+00:00,474.7154052,270.4169943,23.59666667,138.6566724,112.2325825,49.85166348,7.482305322,17.12666667,23.25427609,22.92803922
2025-05-23 09:30:00+00:00,471.6521212,271.4195393,23.5074334,144.1882892,122.9430022,51.31755556,7.505833333,16.90190476,23.30193939,22.9
2025-05-23 09:45:00+00:00,458.8797813,264.3344567,23.45735178,149.4761111,152.4165495,52.51866667,8.096916667,17.09419048,23.36825466,22.9
2025-05-23 10:00:00+00:00,487.2495983,261.9138523,23.27732918,155.0920929,85.57372533,53.57143991,7.764371307,17.05714286,23.35128571,22.87644558
2025-05-23 10:15:00+00:00,514.0987374,265.291644,23.2,160.2375,263.6997403,54.34962963,7.843114286,17.03846154,23.264,22.9
2025-05-23 10:30:00+00:00,479.0869162,267.654157,23.26689977,166.5232831,444.4693177,55.01863248,8.26952381,17.19190476,23.26871795,22.93671958
2025-05-23 10:45:00+00:00,456.742963,270.827037,23.16548148,172.4801111,411.0935852,55.40955556,8.997396154,17.15015873,23.23920228,23.0
2025-05-23 11:00:00+00:00,478.5373095,278.7959983,23.15889132,178.2244202,341.0298428,55.59285714,9.744897959,17.00714286,23.15703467,23.0
2025-05-23 11:15:00+00:00,636.9403963,271.2041441,23.30375879,184.7559579,460.6519752,55.54,10.52252381,17.20119048,23.1048714,23.0
2025-05-23 11:30:00+00:00,714.5226884,271.3458096,23.565492,191.0949497,234.0618397,55.23648677,11.72848042,17.02266667,23.044,23.02814815
2025-05-23 11:45:00+00:00,660.6527288,273.7361369,23.57897809,197.0888355,188.1566323,54.74835826,8.302465812,16.465,22.98268908,23.12666667
2025-05-23 12:00:00+00:00,637.4537338,270.015003,23.60714286,202.3959694,313.2151954,54.08392857,7.378149351,16.87884615,23.0,23.16339286
2025-05-23 12:15:00+00:00,578.8683128,269.9275036,23.52730392,208.2187513,341.8115234,53.14,7.299555556,17.09538462,23.0,23.1222619
2025-05-23 12:30:00+00:00,451.6454234,276.2521202,23.29905935,213.6786481,213.6123132,52.00666667,7.342056902,17.1,22.89416667,23.1
2025-05-23 12:45:00+00:00,426.1039305,269.8229497,23.2,218.5444048,159.0967278,50.85772894,7.332199634,17.1,22.83953435,23.1
2025-05-23 13:00:00+00:00,423.3792847,270.387066,23.18768421,223.255783,613.6692232,49.48703086,7.977830834,17.2002619,22.90463235,23.10728703
2025-05-23 13:15:00+00:00,420.6209535,273.5062698,23.1,228.5785847,638.4074856,47.73910053,9.018,17.354,22.95255556,23.16
2025-05-23 13:30:00+00:00,419.631417,271.3124134,23.09287302,232.9560582,107.1267415,46.15466667,8.393866667,16.81098901,22.97388889,23.1955
2025-05-23 13:45:00+00:00,419.7445321,272.097878,23.0,237.2694388,71.22150369,44.35031463,7.751749433,16.91428571,22.80438125,22.98373626
2025-05-23 14:00:00+00:00,420.0127167,113.475958,22.93519505,241.4159418,316.0956288,42.45440741,7.811160847,17.61777778,22.90971691,22.84133333
2025-05-23 14:15:00+00:00,419.2294187,52.09443825,23.0,245.6304683,261.0931298,40.42140476,8.692282107,16.92790476,23.07825397,22.9
2025-05-23 14:30:00+00:00,417.7776016,53.07335901,23.0,249.027667,154.9984229,38.6267316,9.036274376,17.54430272,23.1,22.9
2025-05-23 14:45:00+00:00,417.3187088,54.04666565,23.00060606,252.7821753,190.8723495,36.49861905,8.733123377,16.506,23.1,22.9
2025-05-23 15:00:00+00:00,416.2245423,54.42505214,23.1,256.2980173,234.0415583,34.38030423,9.168291819,17.53111111,23.11652214,22.9
2025-05-23 15:15:00+00:00,415.7662096,54.15712976,23.12436335,259.5243561,214.4890445,32.39661719,9.330366568,17.10237179,23.2,22.9
2025-05-23 15:30:00+00:00,415.3863587,54.05133746,23.2,262.8773889,127.2591336,30.26066667,9.252222222,16.48222222,23.26244483,22.9
2025-05-23 15:45:00+00:00,414.9577723,54.71425005,23.2,265.9130712,96.0239343,28.23087302,8.974788552,17.99634921,23.3,22.9
2025-05-23 16:00:00+00:00,414.2783995,53.82616954,23.133,269.0573651,61.99618677,26.08895382,8.76906936,15.8467033,23.25413191,22.9
2025-05-23 16:15:00+00:00,414.3038961,54.30654068,23.1,272.32178,55.20830427,23.80688776,7.632290249,17.31047619,23.14565226,22.83571429
2025-05-23 16:30:00+00:00,415.0146465,54.09143979,23.1,275.2943624,35.15156484,21.74496056,7.171355676,15.79146032,23.10036036,22.8
2025-05-23 16:45:00+00:00,415.0024691,54.40693242,23.1,278.4793384,41.61262852,19.44788384,7.336383333,17.047,23.12916667,22.77238095
2025-05-23 17:00:00+00:00,415.7268572,55.25415677,23.04977679,281.1140685,41.17063616,17.57757937,7.39933725,17.1442432,23.14915966,22.7
2025-05-23 17:15:00+00:00,414.4747281,54.11313977,23.0,284.0166099,47.37968373,15.51543545,7.804339744,16.32922222,23.18146825,22.7
2025-05-23 17:30:00+00:00,413.974359,54.65383815,23.0,287.3559594,64.19632694,13.19645191,8.513197503,17.85,23.2,22.7
2025-05-23 17:45:00+00:00,413.5684958,54.46633403,23.0,290.0286091,39.31235074,11.36463448,8.055139565,15.47151515,23.2,22.69183673
2025-05-23 18:00:00+00:00,413.4689757,18.90853687,23.0,292.9285012,24.38764359,9.366574722,8.56357672,16.08666667,23.2,22.67055556
2025-05-23 18:15:00+00:00,414.3237374,0.0,23.0,296.265513,22.14951804,7.186587302,8.388375902,18.32678571,23.03333333,22.7
2025-05-23 18:30:00+00:00,413.5244451,0.0,23.0,299.1979332,15.02313019,5.30500592,8.185191919,17.74189947,23.0,22.7
2025-05-23 18:45:00+00:00,412.7628788,0.0,23.0,302.2618367,5.88459127,3.429365852,7.668290816,16.99693878,23.0,22.7
2025-05-23 19:00:00+00:00,412.753,0.0,23.0,305.1755209,2.671737742,1.694205942,7.303703704,16.03714286,23.0,22.7
2025-05-23 19:15:00+00:00,411.9592923,0.0,22.99579173,308.2872407,1.701173858,0.021346801,7.266296296,14.9647619,23.0,22.69818182
2025-05-23 19:30:00+00:00,411.3707431,0.0,22.90365591,311.468669,0.71775941,-1.617864521,7.320606061,14.258,23.04444444,22.60410256
2025-05-23 19:45:00+00:00,410.6249321,0.0,22.9,314.5623286,0.132909664,-3.185714286,7.430969388,13.70714286,23.1,22.6
2025-05-23 20:00:00+00:00,410.3264053,0.0,22.9,317.1764286,0.0,-4.390476191,7.488,13.26971429,23.1,22.6
2025-05-23 20:15:00+00:00,409.9612987,0.0,22.9,321.0292063,0.0,-6.113333333,7.388666667,12.79952381,23.1,22.6
2025-05-23 20:30:00+00:00,410.1447509,0.0,22.9,323.9408135,0.0,-7.254861111,7.244588745,12.51369048,23.03551587,22.6
2025-05-23 20:45:00+00:00,409.6995656,0.0,22.9,327.2246326,0.0,-8.465594877,7.039888344,12.22285714,22.9,22.6
2025-05-23 21:00:00+00:00,408.515526,0.0,22.9,330.8455023,0.0,-9.655777778,6.858403175,11.9504127,22.9,22.6
2025-05-23 21:15:00+00:00,409.2724638,0.0,22.87272727,334.2883675,0.0,-10.65726647,6.830448292,11.72259259,22.9,22.5985348
2025-05-23 21:30:00+00:00,409.2849958,0.0,22.8,337.8121642,0.0,-11.55734127,6.778571429,11.49761905,22.9,22.50357143
2025-05-23 21:45:00+00:00,409.3145299,0.0,22.8,341.125754,0.0,-12.30242063,6.645357143,11.34601852,22.9,22.5
2025-05-23 22:00:00+00:00,408.6276709,0.0,22.8,344.9478477,0.0,-12.95384615,6.713846154,11.12738095,22.9,22.5
2025-05-23 22:15:00+00:00,409.4878068,0.0,22.8,348.1747218,0.0,-13.42622378,6.989809924,10.97857143,22.9,22.5
2025-05-23 22:30:00+00:00,409.3835145,0.0,22.8,351.5234267,0.0,-13.75960684,7.138972136,10.96555556,22.9,22.5
2025-05-23 22:45:00+00:00,409.7946043,0.0,22.8,355.5389497,0.0,-14.07388889,6.909193904,10.83385633,22.9,22.5
2025-05-23 23:00:00+00:00,409.5568543,0.0,22.8,239.2723118,0.0,-14.19481481,6.978630342,10.8,22.87016232,22.5
2025-05-23 23:15:00+00:00,408.9936508,0.0,22.8,2.989107143,0.0,-14.15142857,7.153714286,10.63571429,22.8,22.5
2025-05-23 23:30:00+00:00,409.3463463,0.0,22.76055056,6.431333333,0.0,-13.992,7.0232,10.6,22.8,22.48863636
2025-05-23 23:45:00+00:00,408.5987114,0.0,22.7,10.00180231,0.0,-13.68886869,6.839518519,10.6,22.8,22.4
2025-05-24 00:00:00+00:00,408.7954585,0.0,22.7,13.70183842,0.0,-13.22588052,6.863025641,10.6,22.8,22.4
2025-05-24 00:15:00+00:00,408.3026786,0.0,22.7,17.25642857,0.0,-12.62650794,6.523269841,10.50892857,22.8,22.4
2025-05-24 00:30:00+00:00,407.9648485,0.0,22.7,20.20887108,0.0,-12.04389957,6.165047619,10.5,22.8,22.4
2025-05-24 00:45:00+00:00,407.6974321,0.0,22.7,24.06059091,0.0,-11.17151515,6.013388889,10.5,22.8,22.4
2025-05-24 01:00:00+00:00,408.3410682,0.0,22.7,27.60557823,0.0,-10.19133787,6.114077381,10.43333333,22.8,22.4
2025-05-24 01:15:00+00:00,409.0455649,0.0,22.7,30.97351587,0.0,-9.168444444,6.338996032,10.4,22.8,22.4
2025-05-24 01:30:00+00:00,408.969697,0.0,22.7,34.25453704,0.0,-8.057777778,6.435703704,10.4,22.72933333,22.4
2025-05-24 01:45:00+00:00,409.6984912,0.0,22.7,37.64857143,0.0,-6.727619048,6.36248254,10.33571429,22.7,22.4
2025-05-24 02:00:00+00:00,409.3404762,0.0,22.7,40.85221372,0.0,-5.409348073,6.275476191,10.22820513,22.7,22.4
2025-05-24 02:15:00+00:00,409.362037,0.0,22.65004635,44.09425685,0.216722222,-3.945422078,6.055717533,10.108,22.7,22.4
2025-05-24 02:30:00+00:00,409.6613553,0.0,22.65557479,47.01,0.887291246,-2.544666667,6.002363636,10.1,22.7,22.4
2025-05-24 02:45:00+00:00,409.9342857,0.0,22.6,50.39516723,2.918018346,-0.787882653,5.832946429,10.02,22.7,22.4
2025-05-24 03:00:00+00:00,409.0577097,0.0,22.6,53.38301743,7.222790714,0.755163399,5.667921569,9.937777778,22.7,22.4
2025-05-24 03:15:00+00:00,410.1282775,0.0,22.6,56.45990476,19.501021,2.514761905,5.645311355,9.9,22.7,22.4
2025-05-24 03:30:00+00:00,409.6251779,0.0,22.6,59.56255556,40.94088758,4.421030303,5.814926984,9.896984127,22.7,22.4
2025-05-24 03:45:00+00:00,410.7572308,0.0,22.6,62.54163059,39.62257676,6.264014478,5.903984492,9.764285714,22.7,22.4
2025-05-24 04:00:00+00:00,410.301908,0.0,22.6,65.26506294,63.5837716,8.038694639,5.948670707,9.7,22.7,22.4
2025-05-24 04:15:00+00:00,410.8689662,0.0,22.6,68.31863248,68.22830588,10.07922507,6.34,9.7,22.7,22.4
2025-05-24 04:30:00+00:00,410.6038462,0.0,22.6,71.35552154,75.91711459,12.15045351,6.481215986,9.638095238,22.7,22.4
2025-05-24 04:45:00+00:00,410.6137935,0.0,22.6,74.21352381,160.8038982,14.15333333,6.723032468,9.576571429,22.7,22.4
2025-05-24 05:00:00+00:00,409.8342713,0.0,22.6,77.28291667,165.6290932,16.34333333,7.328333333,9.5,22.7,22.4
2025-05-24 05:15:00+00:00,409.0895388,0.0,22.6,80.22179487,125.2922634,18.41742424,7.686157102,9.5,22.7,22.4
2025-05-24 05:30:00+00:00,409.1308464,0.0,22.66580296,82.79886905,272.1382044,20.23935374,8.208868275,9.5,22.7,22.4
2025-05-24 05:45:00+00:00,408.8698327,0.0,22.7,86.18967033,264.7256075,22.67663004,8.453724054,9.5,22.7,22.4
2025-05-24 06:00:00+00:00,407.3356162,0.0,22.7,89.18203913,274.5256937,24.77061477,9.02667699,9.54,22.70666667,22.4
2025-05-24 06:15:00+00:00,407.2010823,0.0,22.7,92.34553418,267.0964104,26.94552218,9.282946429,9.6,22.8,22.4
2025-05-24 06:30:00+00:00,405.637037,0.0,22.7,95.15457552,240.4277565,28.84548822,9.509333333,9.633333333,22.8,22.4
2025-05-24 06:45:00+00:00,404.6492185,0.0,22.76564103,98.86808249,507.6569874,31.30296633,9.82006734,9.7,22.8,22.40555556
2025-05-24 07:00:00+00:00,404.8567606,0.0,22.8,102.2461876,385.9871199,33.46677321,10.40307407,9.826666667,22.87151515,22.49575758
2025-05-24 07:15:00+00:00,404.7695716,0.0,22.8,105.3106149,366.6823765,35.27449067,10.30880495,9.903231293,22.98528783,22.5
2025-05-24 07:30:00+00:00,404.1764335,0.0,22.8,108.7260073,403.551939,37.28710623,10.45969858,10.0802037,22.90890353,22.5
2025-05-24 07:45:00+00:00,404.0198381,0.0,22.85634278,112.5052381,529.3279513,39.32197802,10.70647619,10.34,22.9,22.5
2025-05-24 08:00:00+00:00,404.0,0.0,22.9,116.8321582,165.5667899,41.56900168,10.94127009,10.49340659,22.9,22.52436616
2025-05-24 08:15:00+00:00,404.2440476,0.0,22.9,120.6904945,269.7386095,43.37006868,10.01781181,10.64375,23.08961039,22.6
2025-05-24 08:30:00+00:00,405.0604433,0.0,22.9,124.9740873,237.4328592,45.24,10.32754365,10.8422963,23.1,22.6
2025-05-24 08:45:00+00:00,407.0059201,0.0,22.95416667,129.0666823,344.8094383,46.82910053,10.22154497,11.07940741,23.08254856,22.6
2025-05-24 09:00:00+00:00,407.3236956,0.0,23.0,134.0248995,488.4389662,48.59750567,10.90344218,11.25895692,23.00142857,22.6
2025-05-24 09:15:00+00:00,408.1039346,0.0,23.0,138.14975,280.4810625,49.916,11.01035897,11.39333333,23.16740741,22.65142857
2025-05-24 09:30:00+00:00,409.7003044,0.0,23.01555556,143.8593939,315.118095,51.44718831,11.19928265,11.5,23.18571429,22.7
2025-05-24 09:45:00+00:00,410.4387478,0.0,23.1,149.2460063,272.4795762,52.67232295,11.01515201,11.65924908,23.1,22.7
2025-05-24 10:00:00+00:00,410.1880845,0.0,23.1,154.9838481,240.7579586,53.74361155,11.08952381,11.83073593,23.18937075,22.71428571
2025-05-24 10:15:00+00:00,409.9887184,0.0,23.11333333,160.4672914,362.3067317,54.52083333,11.32270299,11.955,23.3,22.8
2025-05-24 10:30:00+00:00,409.347337,0.0,23.2,166.5071252,364.1344097,55.17180647,11.70620238,12.14428571,23.26,22.8
2025-05-24 10:45:00+00:00,409.6390283,0.0,23.2,172.7515354,420.323986,55.62994949,11.57527946,12.24977778,23.20757895,22.80355556
2025-05-24 11:00:00+00:00,409.6811861,0.0,23.26742192,178.7087138,341.5087261,55.79285714,11.98859236,12.43785714,23.39220779,22.89548872
2025-05-24 11:15:00+00:00,409.0401692,0.0,23.3,184.977619,321.8393793,55.73561905,11.83643598,12.50333333,23.4,22.9
2025-05-24 11:30:00+00:00,409.3730769,0.0,23.3,190.9528704,186.9294445,55.4346633,11.89447798,12.63333333,23.32907437,22.9
2025-05-24 11:45:00+00:00,409.6600982,0.0,23.30119048,196.3409323,144.4342909,55.0202323,11.17083333,12.7131746,23.3,22.9
2025-05-24 12:00:00+00:00,410.5304891,0.0,23.4,202.6483833,301.614947,54.24669902,11.19087163,12.86666667,23.45676768,22.95756614
2025-05-24 12:15:00+00:00,410.3444444,0.0,23.4,208.2687112,746.4295491,53.30632198,12.52879484,12.9163431,23.5,23.0
2025-05-24 12:30:00+00:00,411.3277778,0.0,23.47403072,214.010939,173.6312267,52.1448705,12.93216614,13.07861905,23.40275556,23.0
2025-05-24 12:45:00+00:00,410.5895382,0.0,23.5,219.1798186,152.6367878,50.86910714,12.17282287,13.15714286,23.48434398,23.0
2025-05-24 13:00:00+00:00,410.6865506,0.0,23.5,223.8579868,753.7217796,49.51300794,12.3862094,13.20909091,23.6,23.01568315
2025-05-24 13:15:00+00:00,407.8777778,0.0,23.52022989,228.5256305,455.7517274,47.98906778,12.90647306,13.34821429,23.54,23.1
2025-05-24 13:30:00+00:00,407.0,0.0,23.6,232.8651058,331.8233632,46.39066911,13.04742436,13.4,23.53564103,23.11505051
2025-05-24 13:45:00+00:00,406.5757576,0.0,23.618125,237.5821003,406.0831088,44.44213435,13.30441752,13.43839286,23.61588412,23.2
2025-05-24 14:00:00+00:00,407.8209014,0.0,23.7,241.4870046,711.2438409,42.67557835,13.84656111,13.57333333,23.75282107,23.28133333
2025-05-24 14:15:00+00:00,407.1675926,0.0,23.7,245.2611204,321.4974079,40.81977513,14.23481481,13.60074074,23.7290606,23.3
2025-05-24 14:30:00+00:00,407.2668582,0.0,23.7,248.8819174,422.583082,38.89628942,13.90210498,13.71833333,23.7,23.3
2025-05-24 14:45:00+00:00,406.613578,0.0,23.7,252.7669339,465.7207994,36.71548433,14.32322222,13.88666667,23.7,23.3
2025-05-24 15:00:00+00:00,407.0766499,0.0,23.77348485,256.2271958,484.6767977,34.68146842,14.58747815,13.99907937,23.7,23.34717949
2025-05-24 15:15:00+00:00,406.2219529,0.0,23.81533333,259.8356306,551.0571642,32.44266088,14.83797243,14.18,23.83563889,23.4
2025-05-24 15:30:00+00:00,406.1206229,0.0,23.9,263.0488322,315.1198057,30.37192744,14.77582908,14.30918367,23.8,23.4
2025-05-24 15:45:00+00:00,406.0,0.0,23.90583333,266.1148077,413.5978129,28.34865385,14.6,14.52051282,23.8,23.4
2025-05-24 16:00:00+00:00,406.6460317,0.0,23.99757576,269.453341,318.7945381,26.03934151,14.71866667,14.72844444,23.94888889,23.47454545
2025-05-24 16:15:00+00:00,404.3928042,0.0,24.0,271.8493547,304.0384474,24.34470034,14.79973203,14.91666667,23.92879853,23.5
2025-05-24 16:30:00+00:00,404.8476909,0.0,24.06477925,275.5205806,326.3233217,21.87594428,14.99778659,15.11769918,23.99954982,23.50119048
2025-05-24 16:45:00+00:00,404.75,0.0,24.12362092,278.3437222,290.7407937,19.76966667,15.10422222,15.32791317,24.0325,23.6
2025-05-24 17:00:00+00:00,404.3247318,0.0,24.2,281.4226314,237.4059486,17.59715196,14.80624487,15.5306259,24.12078947,23.6
2025-05-24 17:15:00+00:00,403.0533333,0.0,24.2,284.5033564,126.0548429,15.40383838,14.76148571,15.7,24.16966667,23.6
2025-05-24 17:30:00+00:00,402.1802448,0.0,24.2,287.2548611,63.40807446,13.50138889,14.39652778,15.86061508,24.1,23.65416667
2025-05-24 17:45:00+00:00,401.7142857,0.0,24.3,290.7416667,33.06285714,11.1,12.7,16.05,24.18571429,23.7
2025-05-24 18:00:00+00:00,402.5856832,0.0,24.3,293.3358809,31.66561503,9.325442972,12.09175117,16.18777778,24.3,23.7
2025-05-24 18:15:00+00:00,401.5248196,0.0,24.3,296.3104295,25.94786966,7.373799016,11.85150707,16.25027778,24.3,23.7
2025-05-24 18:30:00+00:00,401.3339872,0.0,24.3,299.202381,18.90318573,5.524352731,11.71675465,16.38269231,24.27692308,23.7
2025-05-24 18:45:00+00:00,401.6818182,0.0,24.3,302.07,12.14681818,3.735,11.59775,16.4,24.2,23.7
2025-05-24 19:00:00+00:00,401.0,0.0,24.28616717,305.5236594,6.575699093,1.701805556,11.5,16.4,24.28942308,23.7
2025-05-24 19:15:00+00:00,401.0,0.0,24.2,308.1573038,2.752338384,0.263070869,11.18982372,16.4,24.12083333,23.7
2025-05-24 19:30:00+00:00,401.0530292,0.0,24.2,311.4044923,0.567246153,-1.411687552,10.96633543,16.37809023,24.1,23.7
2025-05-24 19:45:00+00:00,400.4865035,0.0,24.18340909,314.5642756,0.127222222,-2.990085165,10.94687546,16.29833333,24.1,23.7
2025-05-24 20:00:00+00:00,400.4612596,0.0,24.1,317.9417941,0.0,-4.574056561,10.98846154,16.2,24.08818182,23.63
2025-05-24 20:15:00+00:00,400.2692641,0.0,24.1,320.9965635,0.0,-5.887083333,10.85361667,16.18111111,24.0,23.6
2025-05-24 20:30:00+00:00,399.7285714,0.0,24.1,324.347619,0.0,-7.209179894,10.86066667,16.04666667,24.0,23.6
2025-05-24 20:45:00+00:00,399.486077,0.0,24.06395238,327.3609455,0.0,-8.339289375,10.90366667,15.97888889,24.0,23.6
2025-05-24 21:00:00+00:00,398.2920635,0.0,24.0,331.0661671,0.0,-9.539047619,10.98807923,15.84857143,24.0,23.6
2025-05-24 21:15:00+00:00,398.2846394,0.0,24.0,334.2162222,0.0,-10.47119826,10.90333333,15.72,23.96627451,23.6
2025-05-24 21:30:00+00:00,398.3887831,0.0,23.93874854,337.7296964,0.0,-11.34816667,10.82561438,15.62327073,23.9,23.5
2025-05-24 21:45:00+00:00,398.6607906,0.0,23.9,341.7421551,0.0,-12.23906982,10.94982906,15.5,23.9,23.5
2025-05-24 22:00:00+00:00,398.4211111,0.0,23.9,345.4852237,0.0,-12.86215565,11.01276168,15.40909091,23.9,23.5
2025-05-24 22:15:00+00:00,398.0775781,0.0,23.83365385,348.2900102,0.0,-13.23948718,11.06028846,15.3,23.83548951,23.48428094
2025-05-24 22:30:00+00:00,397.0960834,0.0,23.8,351.8660995,0.0,-13.62545788,10.90713287,15.18461538,23.8,23.4
2025-05-24 22:45:00+00:00,397.3198001,0.0,23.8,355.4632168,0.0,-13.88797619,10.97293122,15.01372222,23.8,23.4
2025-05-24 23:00:00+00:00,397.6742341,0.0,23.79919732,239.238373,0.0,-14.0,11.00380688,14.98,23.8,23.4
2025-05-24 23:15:00+00:00,397.3645257,0.0,23.70183983,2.925376984,0.0,-13.95191327,11.0894898,14.87857143,23.70183983,23.4
2025-05-24 23:30:00+00:00,397.3481861,0.0,23.7,6.398666667,0.0,-13.79333333,11.1,14.8,23.7,23.4
2025-05-24 23:45:00+00:00,397.7400103,0.0,23.7,10.00997863,0.0,-13.49060847,11.06168519,14.76704545,23.7,23.4
2025-05-25 00:00:00+00:00,397.0211812,0.0,23.7,13.53061224,0.0,-13.06204082,11.05119048,14.65714286,23.7,23.37695578
2025-05-25 00:15:00+00:00,396.7501461,0.0,23.7,16.82106741,0.0,-12.54485151,11.15773148,14.6,23.7,23.34666667
2025-05-25 00:30:00+00:00,396.8444444,0.0,23.7,20.51986772,0.0,-11.82282011,11.28758567,14.56666667,23.7,23.3
2025-05-25 00:45:00+00:00,396.18575,0.0,23.65308642,23.99287037,0.0,-11.00462963,11.4,14.5,23.7,23.3
2025-05-25 01:00:00+00:00,396.3679976,0.0,23.6,27.3388542,0.0,-10.12217116,11.44010907,14.44761905,23.67278858,23.3
2025-05-25 01:15:00+00:00,396.4096356,0.0,23.6,30.83752381,0.0,-9.021333333,11.5056381,14.38351648,23.62319484,23.3
2025-05-25 01:30:00+00:00,396.4397751,0.0,23.6,34.24166546,0.0,-7.844641414,11.49683614,14.3,23.6,23.23458393
2025-05-25 01:45:00+00:00,396.4444646,0.0,23.6,37.52279446,0.0,-6.602283454,11.4005567,14.3,23.6,23.2
2025-05-25 02:00:00+00:00,397.530102,0.0,23.52619048,40.79285714,0.0,-5.221428571,11.48642857,14.3,23.6,23.2
2025-05-25 02:15:00+00:00,396.6784658,0.0,23.5,43.96903439,0.044909091,-3.806989418,11.55138095,14.25333333,23.6,23.2
2025-05-25 02:30:00+00:00,396.5177771,0.0,23.5,47.04314014,0.327184647,-2.319738128,11.68403518,14.2,23.56363636,23.2
2025-05-25 02:45:00+00:00,396.9642857,0.0,23.5,50.25178571,0.687343358,-0.670238095,11.73166667,14.19897959,23.5,23.2
2025-05-25 03:00:00+00:00,396.7592784,0.0,23.5,53.00801058,1.292985674,0.778176512,11.74672593,14.11344444,23.5,23.2
2025-05-25 03:15:00+00:00,396.016317,0.0,23.5,56.0925,3.927666098,2.542833333,11.67345,14.1,23.5,23.13166667
2025-05-25 03:30:00+00:00,395.6292681,0.0,23.5,59.50037037,6.819210567,4.541481482,11.6,14.1,23.5,23.13428571
2025-05-25 03:45:00+00:00,395.6396555,0.0,23.5,62.28265873,7.162058122,6.338134921,11.51666667,14.1,23.5,23.17823129
2025-05-25 04:00:00+00:00,395.7069446,0.0,23.5,64.96924218,10.0519568,8.077369889,11.41888757,14.1,23.5,23.1
2025-05-25 04:15:00+00:00,395.5078182,0.0,23.5,68.03379365,25.00832171,10.12486243,11.28540659,14.08533333,23.5,23.1
2025-05-25 04:30:00+00:00,395.4604729,0.0,23.5,71.26696429,40.07651936,12.29589286,11.11690476,14.0,23.5,23.1
2025-05-25 04:45:00+00:00,395.5685426,0.0,23.444,73.97954497,42.63417155,14.22084921,11.11166667,14.0,23.51392157,23.1
2025-05-25 05:00:00+00:00,395.902193,0.0,23.4,77.07888889,26.14174544,16.4012963,10.94915741,13.98666667,23.6,23.1
2025-05-25 05:15:00+00:00,395.6902585,0.0,23.4,80.20307239,26.74987135,18.63188432,10.59927778,13.9,23.6,23.1
2025-05-25 05:30:00+00:00,394.7976031,0.0,23.4,82.99920472,47.28202858,20.62482458,10.45870467,13.9,23.6,23.1
2025-05-25 05:45:00+00:00,395.1345238,0.0,23.4,86.12244898,41.61903994,22.80612245,10.62641582,13.9,23.6,23.1
2025-05-25 06:00:00+00:00,394.3612308,0.0,23.4,89.06686243,35.18682516,24.87327778,10.67874074,13.9,23.6,23.1
2025-05-25 06:15:00+00:00,394.2419625,0.0,23.4,92.38886243,49.47232199,27.15853704,10.66326455,13.9,23.6,23.1
2025-05-25 06:30:00+00:00,393.9375,0.0,23.4,95.04119048,49.7838533,28.95568876,10.57987013,13.9,23.6,23.1
2025-05-25 06:45:00+00:00,393.2520202,0.0,23.4,98.66910712,73.99543973,31.38336638,10.51296011,13.9,23.6,23.1
2025-05-25 07:00:00+00:00,393.7959524,0.0,23.40666667,102.1045529,78.16199607,33.58092186,10.67321978,13.87925926,23.6,23.1
2025-05-25 07:15:00+00:00,394.5317673,0.0,23.49285714,105.4938062,64.92513432,35.60241758,10.7,13.8,23.56547619,23.1
2025-05-25 07:30:00+00:00,393.6396154,0.0,23.4,109.0768206,66.3859766,37.73644093,10.69562843,13.79030303,23.57198718,23.1
2025-05-25 07:45:00+00:00,393.5722222,0.0,23.4,112.7420366,60.3034,39.698884,10.72117576,13.7,23.6,23.1
2025-05-25 08:00:00+00:00,392.8522998,0.0,23.4,116.1172209,53.02632125,41.42720452,10.74090474,13.7,23.6,23.1
2025-05-25 08:15:00+00:00,393.3535714,0.0,23.4,120.5742177,74.53217726,43.5692249,10.90676665,13.7,23.6,23.1
2025-05-25 08:30:00+00:00,393.2742857,0.0,23.4,124.8386746,67.99081667,45.38869841,10.94943571,13.67,23.6,23.1
2025-05-25 08:45:00+00:00,393.0422436,0.0,23.4,129.33634,83.16350676,47.17599628,11.03282935,13.6,23.6,23.1
2025-05-25 09:00:00+00:00,392.6214286,0.0,23.4,133.9905556,78.62333333,48.74285714,11.16,13.6,23.6,23.1
2025-05-25 09:15:00+00:00,392.447479,0.0,23.4,138.8458037,105.5740174,50.24468864,11.30744048,13.6,23.6,23.1
2025-05-25 09:30:00+00:00,392.3916667,0.0,23.42714286,144.0369872,115.6569231,51.72388889,11.45715326,13.6,23.6,23.1
2025-05-25 09:45:00+00:00,392.1833333,0.0,23.5,149.1007407,100.5873192,52.82388889,11.64796296,13.6,23.6,23.1
2025-05-25 10:00:00+00:00,392.7077778,0.0,23.5,154.8835948,97.09634887,53.90092308,11.75840163,13.6,23.6,23.1
2025-05-25 10:15:00+00:00,392.6034921,0.0,23.5,160.6126425,90.94027734,54.74603175,11.85777125,13.64755556,23.6,23.1
2025-05-25 10:30:00+00:00,392.0918367,0.0,23.5,166.6609244,82.44954887,55.3875,11.91628151,13.7,23.51254252,23.1
2025-05-25 10:45:00+00:00,391.2159524,0.0,23.5,172.37681,68.61096413,55.74279365,12.02088889,13.76876547,23.5,23.17365079
2025-05-25 11:00:00+00:00,391.7,0.0,23.5,178.8094204,118.4898389,55.99,12.11315556,13.80242424,23.5,23.1651241
2025-05-25 11:15:00+00:00,391.1639037,0.0,23.5,184.991619,133.4086211,55.90780952,12.33771429,13.9,23.5,23.16658333
2025-05-25 11:30:00+00:00,391.0857955,0.0,23.5,191.04375,122.8878056,55.625,12.5398125,13.9,23.5,23.2
2025-05-25 11:45:00+00:00,391.6459987,0.0,23.5,196.7076976,112.8351524,55.16130322,12.83649283,13.9,23.5,23.2
2025-05-25 12:00:00+00:00,391.802963,0.0,23.5,202.7949103,97.18975556,54.39780741,12.94737037,13.9,23.5,23.2
2025-05-25 12:15:00+00:00,392.039899,0.0,23.5,208.6608081,91.38858418,53.40061111,12.9973,13.9,23.5,23.2
2025-05-25 12:30:00+00:00,391.7005952,0.0,23.5,213.6994777,89.27101789,52.40741445,13.08854064,13.91428571,23.53313492,23.2
2025-05-25 12:45:00+00:00,391.1341565,0.0,23.5,218.9841442,88.87270357,51.09160361,13.11818571,14.0,23.62512309,23.2
2025-05-25 13:00:00+00:00,391.7,0.0,23.5,224.0744974,96.47273131,49.64014815,13.1,14.06425397,23.7,23.2
2025-05-25 13:15:00+00:00,391.3039683,0.0,23.5,228.9691667,123.6657222,48.01507576,13.21146753,14.1,23.7,23.2
2025-05-25 13:30:00+00:00,391.3654762,0.0,23.56587912,233.3810444,114.5864297,46.35492424,13.35200433,14.10071429,23.7,23.2
2025-05-25 13:45:00+00:00,391.3459836,0.0,23.6,237.6023954,133.9662243,44.63387302,13.5402,14.2,23.60380952,23.2
2025-05-25 14:00:00+00:00,390.9623932,0.0,23.6,241.6463568,73.10572421,42.81357775,13.587511,14.2647619,23.6,23.2
2025-05-25 14:15:00+00:00,390.9818182,0.0,23.6,245.7967999,82.19658153,40.75890035,13.6622037,14.3,23.6,23.20555556
2025-05-25 14:30:00+00:00,390.5909341,0.0,23.6,249.4100471,66.85239966,38.85287807,13.77447017,14.3,23.6,23.2978022
2025-05-25 14:45:00+00:00,391.1845938,0.0,23.6,253.0080532,109.5786068,36.80757843,13.96029496,14.31407407,23.6,23.3
2025-05-25 15:00:00+00:00,390.7583918,0.0,23.6,256.5085661,97.85139815,34.7668836,14.44569418,14.44833333,23.6,23.3
2025-05-25 15:15:00+00:00,391.0285714,0.0,23.6,260.1633333,64.4159765,32.4675,14.56260897,14.55277778,23.6,23.3
2025-05-25 15:30:00+00:00,390.9272176,0.0,23.6,263.3606296,65.68946667,30.38440741,14.60533333,14.6,23.6,23.3
2025-05-25 15:45:00+00:00,391.5238095,0.0,23.6,266.4944133,63.95136735,28.32249433,14.50178571,14.6,23.62232143,23.3
2025-05-25 16:00:00+00:00,391.385355,0.0,23.6,269.4032761,61.18409128,26.33189295,14.46564103,14.62307692,23.67300296,23.3
2025-05-25 16:15:00+00:00,391.155947,0.0,23.6,272.4555262,51.41364792,24.10252331,14.94326923,14.7,23.77708333,23.3
2025-05-25 16:30:00+00:00,391.088955,0.0,23.6,275.4474527,43.17722588,22.06817675,14.93650631,14.77089519,23.8,23.3
2025-05-25 16:45:00+00:00,391.4672188,0.0,23.67857143,278.5822009,239.3034177,19.8162719,15.11615002,14.8,23.75959596,23.30982143
2025-05-25 17:00:00+00:00,391.1345798,0.0,23.7,281.5956806,88.25167396,17.69103295,15.35582593,14.8,23.7,23.4
2025-05-25 17:15:00+00:00,392.3172727,0.0,23.70460317,284.3419584,106.3312407,15.76053151,15.59855644,14.85777778,23.70769841,23.4
2025-05-25 17:30:00+00:00,392.7939394,0.0,23.81,287.660303,162.484293,13.41394772,15.92833333,14.9,23.84592593,23.40962963
2025-05-25 17:45:00+00:00,391.7091165,0.0,23.9,290.4431736,35.762856,11.50684395,15.6944494,14.90938776,23.8556391,23.5
2025-05-25 18:00:00+00:00,391.9552707,0.0,23.9,293.3111958,56.16938033,9.558195767,15.49818547,15.0,23.86641975,23.5
2025-05-25 18:15:00+00:00,391.4093827,0.0,23.9,296.3909048,71.74569143,7.508674603,15.58518254,15.0,23.9,23.5
2025-05-25 18:30:00+00:00,391.7638678,0.0,23.9,299.4257354,33.62458384,5.578648148,15.47185185,15.0,23.9,23.5
2025-05-25 18:45:00+00:00,391.6442763,0.0,23.9,302.4525781,20.33273178,3.746401515,15.11602273,15.0,23.9,23.5
2025-05-25 19:00:00+00:00,391.5863337,0.0,23.9,305.1085248,10.04616315,2.154889166,14.89096508,15.0,23.9,23.5
2025-05-25 19:15:00+00:00,391.288834,0.0,23.9,308.4218836,4.228712765,0.362925926,14.72392552,15.0,23.9,23.5
2025-05-25 19:30:00+00:00,391.9816017,0.0,23.9,311.5271274,1.625376304,-1.268565244,14.5749931,15.0,23.9,23.5
2025-05-25 19:45:00+00:00,391.3220279,0.0,23.9,314.57008,0.373090075,-2.777826246,14.4654537,15.011,23.9,23.5
2025-05-25 20:00:00+00:00,391.9973684,0.0,23.9,317.9804667,0.054814815,-4.388333333,14.3080381,15.1,23.9,23.5
2025-05-25 20:15:00+00:00,391.7902168,0.0,23.87997558,320.5582646,0.0,-5.504447811,14.35976864,15.1,23.9,23.5
2025-05-25 20:30:00+00:00,391.95604,0.0,23.83417668,324.3265295,0.0,-7.02797292,13.98052329,15.1,23.88421053,23.5
2025-05-25 20:45:00+00:00,392.3025086,0.0,23.8,327.2231298,0.0,-8.068527066,13.73930779,15.1,23.80413917,23.5
2025-05-25 21:00:00+00:00,392.1566667,0.0,23.8,330.6998117,0.0,-9.223071429,13.69116402,15.06,23.8,23.5
2025-05-25 21:15:00+00:00,392.8701994,0.0,23.8,334.5855503,0.0,-10.37621958,13.63702857,15.0,23.8,23.4847619
2025-05-25 21:30:00+00:00,392.1792085,0.0,23.8,337.8450622,0.0,-11.19207638,13.51178629,15.0,23.8,23.40714286
2025-05-25 21:45:00+00:00,393.0226324,0.0,23.8,341.309867,0.0,-11.97130471,13.30666667,15.0,23.8,23.49655678
2025-05-25 22:00:00+00:00,392.0537879,0.0,23.8,344.8150159,0.0,-12.57956349,13.14644021,14.94444444,23.8,23.4047619
2025-05-25 22:15:00+00:00,392.7129293,0.0,23.8,348.4303428,0.0,-13.10144263,12.72304615,14.87833333,23.8,23.4
2025-05-25 22:30:00+00:00,392.9042705,0.0,23.8,352.035,0.0,-13.50553571,12.33285714,14.8,23.8,23.4
2025-05-25 22:45:00+00:00,393.0519509,0.0,23.72878431,355.6333638,0.0,-13.70288889,12.00177778,14.76555556,23.8,23.4
2025-05-25 23:00:00+00:00,393.9347447,0.0,23.7,254.9519896,0.0,-13.8,11.78772381,14.7,23.8,23.4
2025-05-25 23:15:00+00:00,393.8823099,0.0,23.7,2.887055556,0.0,-13.78583333,11.53833026,14.7,23.75925848,23.4
2025-05-25 23:30:00+00:00,393.6371537,0.0,23.7,6.442857143,0.0,-13.61326531,11.31842586,14.7,23.7,23.4
2025-05-25 23:45:00+00:00,394.7849753,0.0,23.7,9.968476191,0.0,-13.29587302,11.06666667,14.69333333,23.7,23.4
2025-05-26 00:00:00+00:00,394.4541636,0.0,23.7,13.43586053,0.0,-12.90111111,10.90798368,14.59,23.7,23.4
2025-05-26 00:15:00+00:00,395.5377398,0.0,23.7,17.14285714,0.0,-12.29761905,10.721,14.34666667,23.7,23.4
2025-05-26 00:30:00+00:00,394.8616018,0.0,23.7,20.61614358,0.0,-11.61488095,10.44757488,14.22142857,23.7,23.4
2025-05-26 00:45:00+00:00,396.2953846,0.0,23.7,24.02111111,0.0,-10.82644444,10.31374603,14.015,23.7,23.37648148
2025-05-26 01:00:00+00:00,396.6224325,0.0,23.7,27.34865584,0.0,-9.897126577,10.09634913,13.82,23.7,23.3
2025-05-26 01:15:00+00:00,397.0386905,0.0,23.7,30.82982864,0.0,-8.836456401,9.878571429,13.65,23.7,23.31984127
2025-05-26 01:30:00+00:00,397.6044289,0.0,23.65638327,34.10207143,0.0,-7.727595238,9.798333333,13.48,23.7,23.36
2025-05-26 01:45:00+00:00,398.0,0.0,23.6,37.36231093,0.0,-6.477661228,9.705660173,13.36311111,23.7,23.3
2025-05-26 02:00:00+00:00,397.697922,0.0,23.6,40.67960317,0.024777778,-5.102476191,9.600126496,13.25619048,23.7,23.3
2025-05-26 02:15:00+00:00,398.6404952,0.0,23.6,43.54619048,0.331418122,-3.765714286,9.574571429,13.13571429,23.62930542,23.3
2025-05-26 02:30:00+00:00,398.34155,0.0,23.6,46.95762963,1.472360353,-2.159259259,9.481857143,12.96740741,23.6,23.3
2025-05-26 02:45:00+00:00,399.3944551,0.0,23.6,49.98665825,4.348100775,-0.604057239,9.4,12.9,23.6,23.26
2025-05-26 03:00:00+00:00,400.4272727,126.8754899,23.55212121,52.87065967,10.47821435,0.90996152,9.338379085,15.10374868,23.58613333,23.2
2025-05-26 03:15:00+00:00,408.6526779,277.169387,23.45676692,56.39530277,26.82704948,2.889645176,9.465612245,19.0452381,23.5,23.19863946
2025-05-26 03:30:00+00:00,420.4235726,258.1940783,23.38078369,59.13185354,47.10532003,4.55454329,9.496296296,17.33721429,23.55108764,23.1
2025-05-26 03:45:00+00:00,424.1035499,277.8417163,23.32815238,62.33078348,74.71513687,6.562920635,9.574814815,17.18952381,23.47826667,23.06606061
2025-05-26 04:00:00+00:00,424.6192938,269.8033685,23.29821429,65.15755952,100.8664238,8.396258503,9.761327423,17.1,23.44435877,23.0
2025-05-26 04:15:00+00:00,424.0830422,267.1343771,23.2,68.18310317,126.1989525,10.44062554,10.01333333,17.18761905,23.4,22.97272727
2025-05-26 04:30:00+00:00,424.9081481,269.794083,23.2,70.98509804,152.2492346,12.3232549,10.35833333,17.00719312,23.37093814,22.9
2025-05-26 04:45:00+00:00,423.9978582,265.2505749,23.1,74.06587302,188.5665113,14.49529762,10.69991604,17.03955507,23.3,22.9
2025-05-26 05:00:00+00:00,423.5118068,263.1303804,23.11568182,76.8470653,218.9186629,16.45385797,11.10180715,17.05714286,23.2466342,22.89716117
2025-05-26 05:15:00+00:00,422.6101452,270.0139292,23.03055096,79.59633455,248.4968132,18.4074823,11.34994286,17.055,23.21151921,22.81305556
2025-05-26 05:30:00+00:00,434.9444425,270.5573936,22.97888889,82.96823016,287.488312,20.80504762,11.71851852,17.11616667,23.28361721,22.8460077
2025-05-26 05:45:00+00:00,437.2575142,258.2968358,22.9,85.94894841,295.9361255,22.92050685,12.22943723,17.04873016,23.4,22.948757
2025-05-26 06:00:00+00:00,449.7432284,247.4614004,22.9,89.01864286,325.9043905,25.08346154,12.28651111,17.05785714,23.51147222,23.29965795
2025-05-26 06:15:00+00:00,476.8508333,251.7103969,22.99,92.02874579,385.0345447,27.15979927,12.50959599,16.96909091,23.61866667,23.5841921
2025-05-26 06:30:00+00:00,488.2388705,251.8500367,23.02484848,95.13216524,424.1045538,29.26259259,12.86090761,16.82,23.64937163,23.62357672
2025-05-26 06:45:00+00:00,487.0727444,252.0770392,23.1,98.55880102,434.8008265,31.53495181,13.48079004,16.9,23.71578947,23.51571429
2025-05-26 07:00:00+00:00,653.8669456,264.0080231,23.34499109,101.9080423,483.409556,33.65216931,13.61884199,17.02,23.7461022,23.66669841
2025-05-26 07:15:00+00:00,745.2340397,269.1871795,23.59617225,105.2865714,512.3857303,35.72552381,14.14178571,17.10666667,23.90993007,23.90976852
2025-05-26 07:30:00+00:00,742.8106349,266.4368298,23.77635431,109.0279365,561.6859704,37.90888889,14.49310606,17.22048148,24.01916084,23.96
2025-05-26 07:45:00+00:00,740.6159541,273.3947427,23.8772068,112.5246939,585.5316585,39.81862245,14.91959184,17.21666667,24.14434524,24.05408163
2025-05-26 08:00:00+00:00,615.0453687,267.142358,23.81440171,116.3523651,611.017133,41.76422222,15.39168095,16.92444444,24.12111111,24.02444444
2025-05-26 08:15:00+00:00,508.0292837,273.1176595,23.5245614,120.4552391,715.2518515,43.71124625,15.69459274,17.14571429,24.12688703,24.2752381
2025-05-26 08:30:00+00:00,494.820018,269.1150897,23.5,124.6248824,382.1768943,45.51535714,15.89380952,16.92040816,24.16875077,24.37857143
2025-05-26 08:45:00+00:00,500.9599327,266.9413001,23.46644444,128.9345519,601.5675961,47.22605128,15.93071795,16.88738095,24.13311828,24.43085714
2025-05-26 09:00:00+00:00,513.6140449,271.7324893,23.5,133.1627275,509.8938512,48.71507143,16.17172288,17.18988889,24.16715073,24.5
2025-05-26 09:15:00+00:00,510.6410836,266.1875997,23.48435833,138.0068591,711.188151,50.24244969,16.05301769,17.02157209,24.41053277,24.5
2025-05-26 09:30:00+00:00,498.8955805,261.6386709,23.5,143.8504422,500.9955287,51.83930118,16.38262657,17.21309524,24.6010989,24.36845238
2025-05-26 09:45:00+00:00,494.1456475,266.1799556,23.5,149.0186508,512.0027892,53.0097037,16.57878788,17.1,24.69650794,23.85777778
2025-05-26 10:00:00+00:00,506.4671169,270.9512146,23.43333333,154.8325568,675.1232932,54.08389226,16.26826768,17.07436508,24.70197802,23.7
2025-05-26 10:15:00+00:00,523.0167092,271.1187979,23.42857143,160.5240917,246.0437049,54.9147619,16.05076786,17.03571429,24.7,23.57142857
2025-05-26 10:30:00+00:00,513.4921559,271.5501759,23.44830941,166.0895767,475.8434631,55.52370635,17.02082078,17.28142857,24.47982235,23.41118881
2025-05-26 10:45:00+00:00,480.0360731,280.1773333,23.34375556,171.9436667,488.5558538,55.92657407,16.65020875,17.25333333,24.05242222,23.4
2025-05-26 11:00:00+00:00,481.8541027,269.8248599,23.26698039,178.474607,540.5199802,56.16533333,17.30731852,17.39037037,23.9696732,23.65089744
2025-05-26 11:15:00+00:00,498.4395755,273.9443179,23.30204713,184.8104167,65.48253727,56.08214286,14.25098214,15.51909014,24.20594486,23.99165121
2025-05-26 11:30:00+00:00,483.7430403,271.9117005,23.46978182,190.7585659,103.500591,55.83006494,11.84504261,15.64266667,24.20382833,24.0
2025-05-26 11:45:00+00:00,483.8694872,266.2874269,23.39353846,197.2346032,220.3321303,55.25666667,11.47507143,16.91866667,24.05033333,23.94623377
2025-05-26 12:00:00+00:00,486.3936646,265.9691083,23.26049436,202.8304119,176.861872,54.5664591,11.81090909,17.20857143,24.12897542,23.70250262
2025-05-26 12:15:00+00:00,486.6808217,274.6488086,23.25055556,208.4734259,266.8214232,53.63300265,12.3237381,16.86638889,24.19888889,23.85083333
2025-05-26 12:30:00+00:00,554.3203573,276.7786525,23.27987253,213.7317354,409.1475712,52.56648535,13.55568616,17.28705495,24.20065877,23.97718954
2025-05-26 12:45:00+00:00,594.6639461,275.6122368,23.31438596,219.2225303,749.0997088,51.20275926,14.25656239,17.47016667,24.20314194,24.01393939
2025-05-26 13:00:00+00:00,596.9882337,274.4911056,23.40807453,224.2487222,719.705259,49.79187796,15.45634936,17.47857143,24.10134,23.91208791
2025-05-26 13:15:00+00:00,602.4768588,278.1423546,23.50666667,228.6838903,697.9685983,48.32156999,16.07833333,17.68222222,24.34237374,23.53805556
2025-05-26 13:30:00+00:00,601.8124149,267.8259124,23.6,233.2751491,289.9645484,46.58840308,16.05605657,16.99777778,24.46540611,23.75538462
2025-05-26 13:45:00+00:00,499.4287549,270.5420924,23.525,237.6989815,116.5529685,44.80814815,16.13407407,16.72,24.44512644,23.97388889
2025-05-26 14:00:00+00:00,476.6271357,109.2127233,23.57301094,241.7622835,163.0499054,42.95522444,16.1674026,16.39285714,24.53499622,24.06230159
2025-05-26 14:15:00+00:00,466.362192,53.17941919,23.69594964,245.7215034,578.4184215,41.00682295,16.97513571,16.97719577,24.40524062,24.39980471
2025-05-26 14:30:00+00:00,469.3384211,53.49826211,23.96430499,249.5639116,514.0898366,38.97797619,17.74728355,17.73166667,24.43174359,24.27729365
2025-05-26 14:45:00+00:00,459.8411052,53.59535354,24.07612121,253.3107985,408.6417441,36.85364598,17.60186243,16.14777778,24.50424242,24.02518519
2025-05-26 15:00:00+00:00,442.843254,54.81690287,24.19863492,256.3206674,179.1758034,35.11596681,17.35465729,17.20444444,24.56628307,24.06479592
2025-05-26 15:15:00+00:00,434.0130336,53.51064443,24.23102652,259.9158254,419.3423441,32.86521429,16.98961905,17.06488889,24.53102652,24.1
2025-05-26 15:30:00+00:00,428.7838545,53.43267532,24.3,263.3728373,372.1496423,30.5999603,17.56602116,17.66866667,24.6,24.1
2025-05-26 15:45:00+00:00,427.6670431,54.32433653,24.3,266.4795337,122.7315054,28.52461735,16.8809127,16.63785714,24.6,24.08323413
2025-05-26 16:00:00+00:00,427.3174713,55.2956705,24.31591111,269.4327273,275.4059752,26.4991342,16.66066667,16.22666667,24.6,24.01435897
2025-05-26 16:15:00+00:00,425.9866449,52.86598227,24.4,272.5926902,315.0684891,24.30944863,17.09386739,17.16,24.5235905,24.1
2025-05-26 16:30:00+00:00,436.5745551,54.64171886,24.48330369,275.6621869,269.7609603,22.10171789,17.02709091,17.15166667,24.54313725,24.14708333
2025-05-26 16:45:00+00:00,439.6557496,53.70789993,24.58338185,278.6390004,278.2551567,20.01081914,16.9042505,16.21309524,24.72302395,24.28616071
2025-05-26 17:00:00+00:00,432.7796544,54.07380952,24.685,281.6592891,57.03433284,17.85601099,16.3078871,17.06533333,24.715,24.38533333
2025-05-26 17:15:00+00:00,430.9096983,54.46277778,24.64777778,284.6102165,73.15692347,15.76758598,15.70446898,16.68083333,24.7,24.34740741
2025-05-26 17:30:00+00:00,429.4076389,53.24029431,24.6,287.4856151,38.40328373,13.71706349,15.3335,17.19357143,24.70736607,24.3
2025-05-26 17:45:00+00:00,426.5564098,53.26229278,24.6,290.338143,39.88833937,11.74720676,14.90216492,17.0470805,24.8,24.21507937
2025-05-26 18:00:00+00:00,426.1309524,14.16774194,24.64272727,293.3880505,121.8159607,9.701983165,15.02865586,17.44269841,24.75727273,24.27384615
2025-05-26 18:15:00+00:00,425.3799874,0.0,24.7,296.2803602,70.16397157,7.781382244,15.20919591,17.26666667,24.7,24.3
2025-05-26 18:30:00+00:00,424.0058142,0.0,24.7,299.5128485,19.69671512,5.724310005,14.52373148,17.18533333,24.7,24.3
2025-05-26 18:45:00+00:00,422.318627,0.0,24.62553239,302.454623,13.75481276,3.918344077,13.93414116,17.1,24.69248094,24.3
2025-05-26 19:00:00+00:00,422.6355357,0.0,24.6,305.2487009,8.624531096,2.305555556,13.53332445,17.05733333,24.6025641,24.3
2025-05-26 19:15:00+00:00,422.9390278,0.0,24.6,308.4959916,5.191000544,0.450011304,13.10476823,16.89444444,24.6,24.20555556
2025-05-26 19:30:00+00:00,422.5735065,0.0,24.53310041,311.5926098,2.059939394,-1.095634921,12.78374562,16.73571429,24.6,24.2
2025-05-26 19:45:00+00:00,423.3523392,0.0,24.5,314.5796104,0.731955934,-2.599471862,12.55442078,16.55485714,24.50109162,24.2
2025-05-26 20:00:00+00:00,422.6490643,0.0,24.5,317.8537559,0.126849062,-4.133632997,12.20136633,16.356,24.5,24.13472222
2025-05-26 20:15:00+00:00,422.6844444,0.0,24.5,321.1086984,0.0,-5.53452381,11.97933333,16.15444444,24.5,24.1
2025-05-26 20:30:00+00:00,421.5122877,0.0,24.44183673,324.4139381,0.0,-6.870570055,11.70435941,15.93341837,24.6,24.1
2025-05-26 20:45:00+00:00,420.7212149,0.0,24.4,327.5519843,0.0,-8.023753968,11.38639459,15.9,24.41645852,24.04115741
2025-05-26 21:00:00+00:00,421.652058,0.0,24.4,331.1176748,0.0,-9.155,11.15203297,15.9,24.4,24.0
2025-05-26 21:15:00+00:00,421.1347706,0.0,24.34939158,334.475925,0.0,-10.15283886,10.81266667,15.76785714,24.450725,24.0
2025-05-26 21:30:00+00:00,420.950326,0.0,24.3,337.5558584,0.0,-10.95342158,10.61428571,15.66326531,24.32642857,23.91428571
2025-05-26 21:45:00+00:00,421.5212121,0.0,24.24424242,340.7073543,0.0,-11.62902381,10.56565584,15.35066667,24.32039216,23.9
2025-05-26 22:00:00+00:00,421.2667256,0.0,24.2,344.8958333,0.0,-12.42921717,10.42354209,15.05916667,24.4,23.9
2025-05-26 22:15:00+00:00,419.8304918,0.0,24.2,348.6763651,0.0,-12.96190476,9.939633333,14.80666667,24.23024242,23.885
2025-05-26 22:30:00+00:00,419.8794705,0.0,24.14857143,352.1199758,0.0,-13.32190476,9.690155372,14.5297619,24.2,23.8
2025-05-26 22:45:00+00:00,419.4824982,0.0,24.1,355.5273535,0.0,-13.55416667,9.644098485,14.32,24.24391342,23.8
2025-05-26 23:00:00+00:00,418.8181818,0.0,24.1,215.1597935,0.0,-13.65812121,9.867279915,14.13388889,24.20555556,23.75333333
2025-05-26 23:15:00+00:00,419.4580201,0.0,24.02153846,2.568562925,0.0,-13.6103022,9.888452381,13.90887446,24.1,23.7
2025-05-26 23:30:00+00:00,419.2197531,0.0,24.0,6.101561457,0.0,-13.47302231,9.921880342,13.8,24.10575,23.7
2025-05-26 23:45:00+00:00,418.2036364,0.0,24.0,9.856809524,0.0,-13.17679762,9.746722222,13.62692308,24.1125,23.66083333
2025-05-27 00:00:00+00:00,418.2913929,0.0,23.96098884,13.49423521,0.0,-12.71117845,9.605369963,13.445,24.0,23.6
2025-05-27 00:15:00+00:00,417.6678571,0.0,23.9,16.97588075,0.0,-12.175,9.405415584,13.37692308,24.0,23.6
2025-05-27 00:30:00+00:00,417.4266667,0.0,23.9,20.38753225,0.0,-11.50822955,9.275435897,13.24666667,24.05716049,23.6
2025-05-27 00:45:00+00:00,417.7457855,0.0,23.9,23.80119459,0.0,-10.70758594,9.245619048,13.12050866,23.93242424,23.6
2025-05-27 01:00:00+00:00,417.7356217,0.0,23.83272727,27.33931543,0.0,-9.751925926,9.858574359,13.08666667,23.9,23.53259259
2025-05-27 01:15:00+00:00,417.4169341,0.0,23.8,30.38280664,0.0,-8.826825397,10.6795689,12.95,23.9,23.5
2025-05-27 01:30:00+00:00,418.9481481,0.0,23.8,33.98651681,0.0,-7.574764706,10.27226902,12.86444444,23.8694264,23.5
2025-05-27 01:45:00+00:00,419.2710106,0.0,23.70498169,37.26754131,0.0,-6.307378618,10.0908671,12.73,23.8,23.45349123
2025-05-27 02:00:00+00:00,418.4877778,0.0,23.7,40.30897619,0.000909091,-5.015833333,10.19333333,12.58361111,23.8,23.4
2025-05-27 02:15:00+00:00,417.7142857,0.0,23.7,43.4219009,0.147333239,-3.667954545,10.36969459,12.45,23.8,23.4
2025-05-27 02:30:00+00:00,418.1094803,0.0,23.7,46.601,0.49691333,-2.147666667,10.40767677,12.37333333,23.77073684,23.4
2025-05-27 02:45:00+00:00,418.0160535,0.0,23.7,50.08553704,1.892085838,-0.368425926,10.01666667,12.3,23.7,23.4
2025-05-27 03:00:00+00:00,417.2950726,27.29074198,23.64141876,53.19375,4.851983703,1.265943878,10.77057115,14.58333333,23.7,23.34375
2025-05-27 03:15:00+00:00,419.6326651,55.52810405,23.59753846,56.02742126,8.394640657,2.906374269,11.64354009,20.64761905,23.74691358,23.3
2025-05-27 03:30:00+00:00,421.8242424,54.95805676,23.51777778,59.0698468,11.41405192,4.720688552,11.51776768,15.88604025,23.63555556,23.3
2025-05-27 03:45:00+00:00,423.1074412,55.92323232,23.5,61.98683333,16.08181323,6.54431746,11.70742857,18.32210582,23.6,23.29333333
2025-05-27 04:00:00+00:00,423.413363,65.9752381,23.5,65.18764533,20.68190339,8.608194187,12.09686688,17.14393939,23.64285714,23.2
2025-05-27 04:15:00+00:00,424.4334319,103.5093472,23.49295322,67.92114702,28.22872911,10.44903173,11.92519788,17.31269841,23.57614548,23.2
2025-05-27 04:30:00+00:00,424.9687779,135.7151485,23.4,70.85603439,35.93835008,12.43183333,11.97418333,16.97333333,23.5,23.12380952
2025-05-27 04:45:00+00:00,425.3691527,168.5945595,23.39933036,73.82977106,47.00004819,14.51994048,11.95104739,17.02270872,23.57380952,23.1
2025-05-27 05:00:00+00:00,426.265152,195.0233887,23.3198946,76.63605067,86.97100571,16.52229243,12.16083333,17.0140404,23.49302326,23.1
2025-05-27 05:15:00+00:00,427.1696599,216.0756826,23.3,79.71720796,177.5684802,18.68788889,12.81804235,17.02,23.43689678,23.06324144
2025-05-27 05:30:00+00:00,427.8688317,241.717285,23.26191919,82.88139372,186.5154671,20.94318071,13.46314478,17.16410101,23.5,23.0
2025-05-27 05:45:00+00:00,429.3397245,257.4602041,23.2,85.13044289,232.3643225,22.53044289,13.87142857,17.05714286,23.46971429,23.0
2025-05-27 06:00:00+00:00,438.352679,267.8048082,23.2,88.56894444,310.7599456,25.00194444,14.65455,17.04,23.53454545,23.02125641
2025-05-27 06:15:00+00:00,442.9587141,273.7093116,23.2,92.03880952,297.2919879,27.38255256,15.13466667,17.12101587,23.82242632,23.03654575
2025-05-27 06:30:00+00:00,473.1414502,267.0295788,23.12706916,95.17737049,348.3849261,29.53110152,15.53986395,16.90714286,23.92417582,23.38347222
2025-05-27 06:45:00+00:00,525.6375841,269.1672727,23.202,98.45682011,275.3505553,31.68938889,16.00372698,17.07333333,24.06,23.74992424
2025-05-27 07:00:00+00:00,528.3608578,267.7154327,23.26222222,101.6739351,255.6724057,33.72816162,15.71217778,17.17909524,24.13997585,23.71781218
2025-05-27 07:15:00+00:00,588.0030345,276.277569,23.38224732,105.1113319,314.9153266,35.81113636,15.75349206,16.87333333,24.15425926,23.73333333
2025-05-27 07:30:00+00:00,649.7946582,275.9779411,23.5543956,108.7310658,262.6343953,37.955839,15.82566095,16.89489796,24.14183673,23.81330009
2025-05-27 07:45:00+00:00,641.5355895,268.0037938,23.68622222,112.3625,263.8970516,39.90116402,15.9594697,16.95333333,23.82801537,23.79937463
2025-05-27 08:00:00+00:00,653.4107671,269.349282,23.75458333,116.3955873,270.9859265,41.97857143,15.99786797,17.11299145,23.9,23.92573219
2025-05-27 08:15:00+00:00,636.2108658,273.3743386,23.84714286,120.2688544,275.7582288,43.817718,16.62292208,17.15952381,23.89428571,24.210646
2025-05-27 08:30:00+00:00,641.0928872,274.8147597,23.94286275,124.5109235,224.1745421,45.67257335,16.83842785,16.9,23.61728583,24.2764127
2025-05-27 08:45:00+00:00,632.2978437,270.5591111,23.97037576,128.9376217,266.9392516,47.41686772,16.58023266,16.81222222,23.6,24.31203704
2025-05-27 09:00:00+00:00,534.4382496,271.7658615,23.78225675,133.717254,478.7366586,49.09537037,16.82131999,16.98196825,23.6976336,24.41531746
2025-05-27 09:15:00+00:00,536.7437642,270.2494331,23.79365079,138.4052381,302.8500236,50.546678,16.82329563,17.2,23.9,24.15367347
2025-05-27 09:30:00+00:00,572.7962842,270.7865723,23.95662488,142.5652551,240.8667374,51.66439394,16.45451587,17.06666667,23.98368254,24.14294444
2025-05-27 09:45:00+00:00,584.8205987,275.9646843,23.94710655,148.820735,206.2637848,53.14307692,16.31083761,16.79656566,24.0972043,23.91047619
2025-05-27 10:00:00+00:00,569.9167876,269.0993383,23.90257151,152.9816093,239.5938446,53.93406633,15.82885831,16.86738095,24.07102802,24.012722
2025-05-27 10:15:00+00:00,469.5453181,269.061949,23.63134834,159.8833004,204.5524252,54.97992063,15.33188492,17.02,24.26869495,24.35324074
2025-05-27 10:30:00+00:00,466.1702729,274.5735972,23.53306763,166.3837804,131.4248309,55.70917857,15.15207011,17.06080808,24.33375,24.4
2025-05-27 10:45:00+00:00,482.1388372,270.2225296,23.6,172.275362,87.69454158,56.12141414,14.9654632,16.93809524,24.4,24.5
2025-05-27 11:00:00+00:00,532.4174559,271.0080933,23.56914739,177.9938431,283.0250849,56.3,15.303878,16.92857143,24.32925021,24.47142857
2025-05-27 11:15:00+00:00,622.201672,264.8387496,23.77724603,184.4027706,177.4130001,56.25904762,15.92581061,17.14888889,24.13944444,24.58029256
2025-05-27 11:30:00+00:00,616.4269838,268.628419,23.9,189.7144649,128.0331028,56.07910139,15.317465,16.99833444,24.09521409,24.32482956
2025-05-27 11:45:00+00:00,610.6903851,268.6791557,23.97894961,196.3159758,106.3554394,55.50213109,14.09191866,16.89504552,24.01504068,24.00534966
2025-05-27 12:00:00+00:00,543.3257434,267.5335735,23.88862745,202.8443539,135.5353129,54.73384336,13.54191534,16.84564103,24.02727273,24.11472371
2025-05-27 12:15:00+00:00,491.7069608,267.5636658,23.72968904,208.6141231,140.3877765,53.79012928,13.53059039,16.95222222,23.97382456,24.1
2025-05-27 12:30:00+00:00,518.4136752,274.0238095,23.8,214.178042,129.7247591,52.6658547,13.38719697,17.1,23.94904762,24.12361111
2025-05-27 12:45:00+00:00,520.5050291,276.0979918,23.7425,219.0056264,139.8559513,51.45975057,13.77187358,17.1,23.88293018,24.07090826
2025-05-27 13:00:00+00:00,510.9297788,279.4950643,23.74449717,224.1691077,149.7151897,49.98228307,14.08136419,17.13766667,23.87059297,23.9087013
2025-05-27 13:15:00+00:00,490.4377375,271.1769084,23.65593536,228.5202778,119.6585499,48.56916667,14.09375238,17.2,23.63151515,23.675
2025-05-27 13:30:00+00:00,506.2829,276.5551197,23.59398932,233.5902822,183.3697266,46.69575341,14.50292063,17.148,23.66192409,23.57904762
2025-05-27 13:45:00+00:00,502.8418157,275.798994,23.59834184,237.64875,194.7457991,45.00863946,14.76677381,17.21428571,23.50898626,23.48643579
2025-05-27 14:00:00+00:00,628.5278946,111.7490625,23.85201336,240.9630827,688.0211143,43.51124461,15.0191542,17.72558201,23.64270422,23.35515152
2025-05-27 14:15:00+00:00,760.8434313,87.45881978,24.23066667,245.9660005,212.5619571,41.07206878,15.9787583,16.63755556,23.77915152,23.4
2025-05-27 14:30:00+00:00,771.5592646,102.4338134,24.31803175,249.767467,191.8147113,39.07541005,15.83544974,16.89666667,23.8,23.4
2025-05-27 14:45:00+00:00,758.224343,93.82505468,24.56138528,253.2454082,287.5279977,37.1377551,16.3942674,16.46517857,23.72616828,23.43673469
2025-05-27 15:00:00+00:00,719.2420142,84.57920228,24.58152819,256.72688,334.8363103,35.0325873,16.35976207,17.394,23.90711111,23.50389744
2025-05-27 15:15:00+00:00,494.2996535,54.62184027,24.32484848,259.7842502,241.3824815,33.15972727,16.75740171,16.61892857,23.98040542,23.6
2025-05-27 15:30:00+00:00,452.2813512,54.94803183,24.3,263.2394981,183.6711918,30.88391234,16.59407699,17.30744048,24.0508394,23.67380952
2025-05-27 15:45:00+00:00,439.9514305,54.08514491,24.3,266.454537,235.7512223,28.75527778,16.63566234,16.65166667,24.06666667,23.7
2025-05-27 16:00:00+00:00,431.7168509,55.35343709,24.3,269.6415046,130.5110898,26.54760847,16.73362778,17.1302381,24.0,23.7
2025-05-27 16:15:00+00:00,426.9548876,54.15893788,24.36186667,272.6598974,157.6449498,24.44559259,16.57279487,16.64619048,24.12850679,23.76
2025-05-27 16:30:00+00:00,426.9330669,53.725,24.33214286,275.8432596,122.6057971,22.21634199,16.52609977,17.17428571,24.16526099,23.8
2025-05-27 16:45:00+00:00,427.454359,53.83065095,24.36242424,278.4143074,239.8939339,20.34567172,16.5287133,16.83055556,24.1,23.8
2025-05-27 17:00:00+00:00,426.4205416,54.65981296,24.46255189,281.5093098,167.5086249,18.17483333,16.56683502,17.062,24.25688769,23.88777778
2025-05-27 17:15:00+00:00,427.758547,54.18090643,24.47333333,284.0135238,93.55037835,16.39528571,16.43712843,16.64133333,24.30385965,23.9
2025-05-27 17:30:00+00:00,426.7176026,54.30240023,24.4,287.7556475,89.22856946,13.77176613,16.4642004,16.97142857,24.2843985,23.9
2025-05-27 17:45:00+00:00,425.1303419,54.16859058,24.38253247,290.4559594,56.54631043,11.90359524,15.96037037,17.11133333,24.3,23.85294406
2025-05-27 18:00:00+00:00,426.6097508,7.513368984,24.3545783,293.220404,36.41820323,10.0205303,15.99550427,16.59933333,24.3,23.8
2025-05-27 18:15:00+00:00,427.4479024,0.0,24.4,296.5901919,32.78118346,7.787266955,15.01371429,16.88666667,24.23672258,23.8
2025-05-27 18:30:00+00:00,425.3691438,0.0,24.35663265,299.4930646,19.32666297,5.95406746,14.94259524,16.91153846,24.3,23.8
2025-05-27 18:45:00+00:00,428.2684492,0.0,24.3,302.3353242,10.5622076,4.190993895,14.66410256,17.0,24.29495767,23.8
2025-05-27 19:00:00+00:00,429.8209668,0.0,24.3,305.5115476,5.41715953,2.308018759,14.3356355,17.0,24.11087719,23.8
2025-05-27 19:15:00+00:00,429.9038919,0.0,24.3,308.4275741,2.439980224,0.66701937,14.16739683,17.0,24.1,23.8
2025-05-27 19:30:00+00:00,428.9475173,0.0,24.28948485,311.4857436,0.731766182,-0.878871795,14.09417778,17.0,24.1,23.8
2025-05-27 19:45:00+00:00,428.6379552,0.0,24.20089286,314.8513889,0.116230579,-2.554487735,14.01428571,16.97692308,24.1,23.75
2025-05-27 20:00:00+00:00,428.1019608,0.0,24.2,318.0541383,0.0,-4.041575758,13.90270952,16.9,24.1,23.7
2025-05-27 20:15:00+00:00,427.5454545,0.0,24.2,320.9356009,0.0,-5.315873016,13.96888667,16.77857143,24.14155844,23.7
2025-05-27 20:30:00+00:00,426.6414252,0.0,24.2,322.6046496,0.0,-6.025151515,13.9144188,16.61333333,24.19952381,23.7
2025-05-27 20:45:00+00:00,425.599697,0.0,24.12848485,327.8183032,0.0,-7.927136752,13.60846154,16.49,24.0,23.7
2025-05-27 21:00:00+00:00,425.766807,0.0,24.1,330.822619,0.0,-8.94526455,13.49074074,16.37333333,24.0,23.69878788
2025-05-27 21:15:00+00:00,424.9634938,0.0,24.1,334.4506105,0.0,-9.96978022,13.19213675,16.22142857,24.0,23.6
2025-05-27 21:30:00+00:00,425.8964912,0.0,24.1,337.8995517,0.0,-10.86978999,13.32245116,16.11809524,24.0,23.6
2025-05-27 21:45:00+00:00,424.0925926,0.0,24.0397619,341.4386852,0.0,-11.612,13.09853101,15.94,24.0,23.6
2025-05-27 22:00:00+00:00,423.6368672,0.0,24.0,344.8514643,0.0,-12.25833333,13.03655691,15.85714286,24.0564823,23.6
2025-05-27 22:15:00+00:00,423.4163211,0.0,24.0,348.3420661,0.0,-12.7537037,13.06878644,15.73333333,23.98,23.6
2025-05-27 22:30:00+00:00,422.0060606,0.0,24.0,351.9248632,0.0,-13.12032764,12.82944119,15.69833333,23.9,23.6
2025-05-27 22:45:00+00:00,422.4741358,0.0,24.0,355.4659933,0.0,-13.35592593,12.51943598,15.54531025,23.9,23.6
2025-05-27 23:00:00+00:00,422.9943809,0.0,23.95539683,290.4390097,0.0,-13.49553571,12.49174124,15.4837013,23.9,23.54285714
2025-05-27 23:15:00+00:00,421.4165335,0.0,23.9,2.637333333,0.0,-13.46189744,11.91399068,15.31555556,23.9,23.5
2025-05-27 23:30:00+00:00,420.6833333,0.0,23.9,6.370555556,0.0,-13.27892857,11.5168,15.2,23.9,23.5
2025-05-27 23:45:00+00:00,420.6033208,0.0,23.9,9.700419719,0.0,-12.99382146,11.22493687,15.2,23.9,23.5
2025-05-28 00:00:00+00:00,420.1624786,0.0,23.9,13.06193362,0.0,-12.59616667,10.95530225,15.28,23.85212121,23.5
2025-05-28 00:15:00+00:00,418.4655637,0.0,23.88777778,16.27083333,0.0,-12.12952381,10.97907143,15.3,23.8,23.5
2025-05-28 00:30:00+00:00,418.4014395,0.0,23.8,20.34402116,0.0,-11.33955556,11.36985118,15.256,23.8,23.45488791
2025-05-28 00:45:00+00:00,417.1377531,0.0,23.8,23.47711941,0.0,-10.63598485,11.06540751,15.2,23.8,23.40069728
2025-05-28 01:00:00+00:00,417.7230649,0.0,23.8,26.95015873,0.0,-9.65,10.66317308,15.04422222,23.8,23.4
2025-05-28 01:15:00+00:00,417.1300764,0.0,23.8,30.25612554,0.0,-8.659124579,10.53367857,14.94,23.8,23.4
2025-05-28 01:30:00+00:00,416.9357143,0.0,23.8,33.69372318,0.0,-7.476059655,10.67072586,14.81318681,23.8,23.4
2025-05-28 01:45:00+00:00,416.2268254,0.0,23.76429293,37.25896008,0.0,-6.158280664,10.7,14.75333333,23.79828283,23.4
2025-05-28 02:00:00+00:00,415.6600926,0.0,23.7,39.9225,0.0,-5.0275,10.7,14.64190476,23.70066667,23.4
2025-05-28 02:15:00+00:00,415.6814815,0.0,23.7,43.75819024,0.055660173,-3.332222222,10.66,14.51333333,23.7,23.4
2025-05-28 02:30:00+00:00,415.7148352,0.0,23.7,46.86,0.361767818,-1.825952381,10.57609524,14.5,23.7,23.4
2025-05-28 02:45:00+00:00,415.3331217,0.0,23.7,49.88944613,0.955771157,-0.295188552,10.33667793,14.42857143,23.7,23.4
2025-05-28 03:00:00+00:00,414.6801426,0.0,23.7,52.84178969,1.780906417,1.277700855,10.24404762,14.38761905,23.7,23.4
2025-05-28 03:15:00+00:00,414.7686876,49.22477829,23.67571429,56.04872373,6.008626022,3.080616813,11.12950835,17.13306277,23.7,23.30079365
2025-05-28 03:30:00+00:00,416.1397306,54.50138482,23.6,58.97858201,13.25402299,4.86031746,13.38578095,17.24444444,23.70837037,23.27925926
2025-05-28 03:45:00+00:00,417.9953674,52.9984127,23.6,61.79888889,12.54411228,6.6175,12.525,17.39888889,23.6,23.2
2025-05-28 04:00:00+00:00,419.1895294,68.48218254,23.57791667,64.91014815,10.39908992,8.634666667,11.13291101,17.17333333,23.6,23.2
2025-05-28 04:15:00+00:00,422.1164304,110.0280817,23.5,67.50809524,11.63789256,10.37285714,11.12056277,17.06,23.6,23.14935065
2025-05-28 04:30:00+00:00,424.8142344,148.7753684,23.48090643,70.80794444,15.65740387,12.60279365,10.77165952,17.04426984,23.55086667,23.1
2025-05-28 04:45:00+00:00,425.2002944,178.9816389,23.4,73.85978042,33.81051236,14.75533598,11.18678692,17.07333333,23.54982456,23.1
2025-05-28 05:00:00+00:00,426.1278698,213.1264225,23.33767857,76.74324579,42.28901976,16.78464646,11.75753846,17.13925926,23.5063254,23.08142857
2025-05-28 05:15:00+00:00,426.1175824,222.7443276,23.34926854,79.81411565,45.57057699,18.97108844,12.13086735,17.07428571,23.5,23.0
2025-05-28 05:30:00+00:00,427.8499054,251.0744265,23.28555556,82.5677619,66.55605663,20.937587,12.09413814,16.85688889,23.492,22.98723733
2025-05-28 05:45:00+00:00,447.1936027,270.6269608,23.2,85.46495238,49.34673788,22.99130159,11.87467677,16.98857143,23.4,23.0
2025-05-28 06:00:00+00:00,450.8810733,272.9697949,23.16100752,88.3281746,88.39672767,25.0452381,11.98267007,17.18571429,23.41558442,23.0
2025-05-28 06:15:00+00:00,467.9227949,271.1480539,23.0946183,91.75229533,80.44129965,27.40115079,11.53180261,16.93396825,23.6,23.0
2025-05-28 06:30:00+00:00,502.7781153,262.5931259,23.03985024,95.05472751,109.1362103,29.63761905,12.02675613,17.10571429,23.60666667,23.06907672
2025-05-28 06:45:00+00:00,472.635596,263.3460535,23.1,98.31470779,176.3703066,31.78901082,12.00023414,17.11,23.7,23.29976621
2025-05-28 07:00:00+00:00,459.9408265,269.5987662,23.1025974,101.5404762,206.6252872,33.8702381,11.94579082,17.09761905,23.7025974,23.33142857
2025-05-28 07:15:00+00:00,550.368302,266.6949116,23.2264899,104.8021667,220.3930019,35.82152116,12.085,16.88733333,23.80030303,23.13518519
2025-05-28 07:30:00+00:00,557.9698368,268.0106925,23.30222222,108.2713064,192.9277698,37.85800385,12.37681847,17.07166667,23.85220205,23.1
2025-05-28 07:45:00+00:00,543.8082492,271.4871573,23.4,112.345526,272.1086235,40.10267867,13.07632222,17.05983333,23.8,23.20037037
2025-05-28 08:00:00+00:00,544.1100198,262.2900129,23.40544643,115.9987585,215.1983824,41.98401361,12.91214973,16.86410256,23.86512605,23.29631519
2025-05-28 08:15:00+00:00,550.5674537,265.6589248,23.49525926,119.7204286,181.6951133,43.73247619,12.76612698,16.86,24.03429966,23.31245967
2025-05-28 08:30:00+00:00,551.2570451,263.4796734,23.5,124.3316056,205.7228866,45.76283405,12.95203656,17.07066667,23.91554523,23.15009524
2025-05-28 08:45:00+00:00,543.2918427,272.4082886,23.5,127.9228896,209.1100923,47.18758117,13.20460227,16.9,23.90885615,23.11330782
2025-05-28 09:00:00+00:00,533.2456912,266.0615152,23.5,133.2922222,254.5168346,49.13232804,13.80415476,16.95111111,23.86470258,23.1
2025-05-28 09:15:00+00:00,548.9488711,264.1046556,23.5,138.1865043,322.6981774,50.66777778,14.18864615,16.99366667,23.92031373,23.08032086
2025-05-28 09:30:00+00:00,476.5706792,271.2079889,23.41441667,143.2479596,268.5579549,52.01405556,14.40984848,17.1,23.91254902,23.0
2025-05-28 09:45:00+00:00,463.012987,270.6629419,23.31341991,148.889246,340.5141587,53.32470238,15.25683622,17.15281385,23.89516865,23.15498016
2025-05-28 10:00:00+00:00,470.6290797,273.5905229,23.32481481,154.183619,275.8182445,54.29542857,15.628,17.2,23.93114884,23.18851852
2025-05-28 10:15:00+00:00,501.1233832,270.694893,23.40870506,160.3904564,169.5373357,55.23787879,14.86460317,17.17710317,23.77027396,23.20648693
2025-05-28 10:30:00+00:00,575.036062,271.4393871,23.52583281,165.6809164,123.7073414,55.80249584,14.03433545,17.06428571,23.77797102,23.3335798
2025-05-28 10:45:00+00:00,507.2428017,267.188465,23.42152294,172.2412097,84.41215686,56.25886003,13.5516895,16.86980159,23.8,23.44944336
2025-05-28 11:00:00+00:00,594.3240583,267.1769774,23.48187275,178.3833689,127.6355491,56.46051948,13.42804082,16.8,23.6866411,23.61313776
2025-05-28 11:15:00+00:00,600.6393434,270.9432473,23.63822222,184.6579461,155.4164361,56.41119658,13.3752381,17.1,23.84222222,23.74285714
2025-05-28 11:30:00+00:00,597.5882668,270.1796908,23.7,190.7428319,217.089897,56.13185185,13.61985185,17.1512963,23.9,23.84111111
2025-05-28 11:45:00+00:00,581.7274074,266.0281428,23.76533333,197.1637037,315.7016487,55.60518519,14.09333333,16.98571429,23.75287356,23.8775
2025-05-28 12:00:00+00:00,507.673641,270.8352443,23.62642857,202.8821825,395.8306358,54.90964286,14.30279221,16.94285714,23.80787594,23.6
2025-05-28 12:15:00+00:00,493.4626566,267.0166769,23.50576659,208.4057784,436.7430894,54.0106453,14.47701948,17.1,23.93088889,23.69425977
2025-05-28 12:30:00+00:00,480.5774435,272.612394,23.4813921,213.7373069,493.5520035,52.90162867,14.83079552,17.15912698,23.90403766,23.69866667
2025-05-28 12:45:00+00:00,476.2252588,274.5629696,23.40222222,219.3811152,443.2846379,51.55132275,14.6674823,16.96222222,23.96691358,23.68888889
2025-05-28 13:00:00+00:00,544.4495769,272.9799851,23.46355042,224.1066234,427.5204931,50.17493506,14.57560606,17.09642857,23.93546798,23.34962894
2025-05-28 13:15:00+00:00,603.5387615,273.8986561,23.56,229.0821225,362.1040211,48.54387464,14.63754986,16.90133333,23.89733333,23.3
2025-05-28 13:30:00+00:00,603.6113975,269.6675714,23.62603908,232.9490849,353.6378585,47.11733935,14.70095767,17.1,23.9,23.18803535
2025-05-28 13:45:00+00:00,617.2941246,273.0907029,23.65753968,237.9989172,292.9616411,45.04778628,14.32775227,16.98333333,23.9,23.1
2025-05-28 14:00:00+00:00,608.6611353,80.24400398,23.7,241.8565185,276.2564273,43.29312169,14.2910709,17.3152381,23.95071429,23.14787879
2025-05-28 14:15:00+00:00,496.3688227,52.55631889,23.66592308,245.9214935,318.4837777,41.29223569,14.16949495,16.76333333,24.12695049,23.28962963
2025-05-28 14:30:00+00:00,462.2171087,52.90386215,23.7,249.6846818,613.6790067,39.27530303,14.77600606,17.25880952,23.93899564,23.34245421
2025-05-28 14:45:00+00:00,449.5527478,52.26010051,23.7,253.3257143,485.3210941,37.22969388,15.48305357,17.07607143,23.8567892,23.4
2025-05-28 15:00:00+00:00,442.831931,51.54023693,23.7,256.1859029,273.457411,35.5644372,15.0946626,16.93448718,23.83064705,23.4
2025-05-28 15:15:00+00:00,439.26044,51.15455026,23.71422222,260.0625476,304.8810968,33.14866667,14.9428,16.66460317,23.8,23.4
2025-05-28 15:30:00+00:00,435.4027017,51.73890967,23.8,263.44,264.7595122,30.96977778,14.96707937,17.14703704,23.8,23.4
2025-05-28 15:45:00+00:00,433.0812139,52.37981192,23.8,266.5297619,315.9561675,28.8952381,15.1,16.74777778,23.8,23.4
2025-05-28 16:00:00+00:00,430.0439675,51.86938559,23.8,269.6156429,242.5794304,26.77237855,15.0924246,17.23846154,23.8,23.4
2025-05-28 16:15:00+00:00,426.7364225,51.83905579,23.8,272.9328178,211.1139628,24.48392593,14.87818384,16.68,23.83041853,23.4
2025-05-28 16:30:00+00:00,426.6829273,52.15810752,23.8,275.6077551,186.8075347,22.5531746,14.83207931,16.99285714,23.86041408,23.4
2025-05-28 16:45:00+00:00,426.449947,51.9097754,23.8,278.8236672,141.5473068,20.26861001,14.48799966,16.77523191,23.8,23.4
2025-05-28 17:00:00+00:00,425.294327,51.27937989,23.8,281.8417778,88.18921338,18.13216667,14.10165741,17.28133333,23.94148448,23.4
2025-05-28 17:15:00+00:00,425.1523832,51.57154363,23.8,284.7488889,129.4802589,16.07453704,13.90657431,16.635,24.0037037,23.43428571
2025-05-28 17:30:00+00:00,424.8616246,52.45510015,23.8670068,287.8157256,209.9366729,13.94586168,14.1208869,17.20089286,24.1,23.56267857
2025-05-28 17:45:00+00:00,423.0497354,52.87003367,23.99191919,290.6243482,101.5005652,11.99882155,13.99867484,16.77111111,24.19191919,23.6
2025-05-28 18:00:00+00:00,423.9129412,21.40607407,24.03046252,293.7036931,114.2979053,9.877261905,13.60502751,17.14027778,24.22888889,23.65566667
2025-05-28 18:15:00+00:00,424.6555317,0.0,24.1,296.6251905,94.37832168,7.963476191,13.32809524,16.89777778,24.3,23.7
2025-05-28 18:30:00+00:00,423.4004409,0.0,24.1,299.3553571,31.81207922,6.197687075,13.09204082,16.69571429,24.3,23.7
2025-05-28 18:45:00+00:00,422.5515374,0.0,24.1,302.5480392,19.65740833,4.268692641,12.63280899,16.42412698,24.3,23.7
2025-05-28 19:00:00+00:00,421.6319962,0.0,24.1,305.4254652,19.04901975,2.526444822,12.42787142,16.23168519,24.18824807,23.7
2025-05-28 19:15:00+00:00,420.7802198,0.0,24.1,308.5164286,7.089754412,0.81375,12.10951531,16.01626984,24.1,23.7
2025-05-28 19:30:00+00:00,419.9511008,0.0,24.1,311.4461837,3.328239394,-0.66037037,11.85573586,15.83916667,24.1,23.7
2025-05-28 19:45:00+00:00,420.1747129,0.0,24.1,314.1267609,1.467124183,-2.007630592,11.70814286,15.70666667,24.1,23.7
2025-05-28 20:00:00+00:00,419.3560637,0.0,24.1,318.0432407,0.229209604,-3.871897547,11.45896032,15.72,24.1,23.65783974
2025-05-28 20:15:00+00:00,417.983007,0.0,24.09285714,320.6201555,0.01569489,-5.025650909,11.50894132,15.79285714,24.10714286,23.64548714
2025-05-28 20:30:00+00:00,417.7557576,0.0,24.0,324.2271958,0.0,-6.433439153,11.52,15.68761905,24.17873684,23.6
2025-05-28 20:45:00+00:00,417.8848485,0.0,24.0,327.8593704,0.0,-7.771851852,11.26777778,15.4974359,24.0,23.6
2025-05-28 21:00:00+00:00,417.715484,0.0,24.0,331.0347364,0.0,-8.845467687,11.14654082,15.28598639,24.0,23.6
2025-05-28 21:15:00+00:00,418.6424908,0.0,24.0,334.4133624,0.0,-9.82681746,11.11607593,15.09111111,24.0,23.6
2025-05-28 21:30:00+00:00,417.9377778,0.0,23.99013889,337.711453,0.0,-10.64345902,11.05497905,14.89333333,24.04,23.6
2025-05-28 21:45:00+00:00,417.6860606,0.0,23.9,341.613664,0.0,-11.5204888,11.45770621,14.75714286,24.05,23.52666667
2025-05-28 22:00:00+00:00,418.268759,0.0,23.9,344.9189528,0.0,-12.11384921,11.30934014,14.5775,23.9,23.5
2025-05-28 22:15:00+00:00,417.9964658,0.0,23.9,348.3565965,0.0,-12.58059524,10.99132011,14.47688889,23.9,23.5
2025-05-28 22:30:00+00:00,418.3833686,0.0,23.9,351.8762896,0.0,-12.96719192,10.90185094,14.30888889,23.9,23.5
2025-05-28 22:45:00+00:00,418.3544218,0.0,23.86881868,355.5302597,0.0,-13.20918367,10.87287755,14.18877551,23.9,23.5
2025-05-28 23:00:00+00:00,418.5944114,0.0,23.8,226.9511138,0.0,-13.3,10.83333333,14.09285714,23.9,23.5
2025-05-28 23:15:00+00:00,418.6479337,0.0,23.8,2.720814815,0.0,-13.28074074,10.6800177,13.96366667,23.9,23.41222222
2025-05-28 23:30:00+00:00,419.6295489,0.0,23.8,6.292860269,0.0,-13.12883333,10.50807801,13.82787037,23.80942982,23.4
2025-05-28 23:45:00+00:00,419.745614,0.0,23.8,9.931018519,0.0,-12.84861111,10.38333333,13.75833333,23.8,23.4
2025-05-29 00:00:00+00:00,418.7492458,0.0,23.74317647,12.76504762,0.0,-12.47916667,10.3,13.67666667,23.8,23.4
2025-05-29 00:15:00+00:00,419.2231111,0.0,23.7,16.95311039,0.0,-11.8402862,10.23290043,13.6,23.8,23.4
2025-05-29 00:30:00+00:00,419.2459259,0.0,23.7,20.39416667,0.0,-11.16203463,10.1528,13.47857143,23.74211765,23.4
2025-05-29 00:45:00+00:00,419.8198766,0.0,23.7,23.88313025,0.0,-10.36092787,10.10810714,13.4,23.7,23.35330357
2025-05-29 01:00:00+00:00,419.0798644,0.0,23.7,26.82743242,0.0,-9.554373737,10.20244848,13.30646825,23.7,23.3
2025-05-29 01:15:00+00:00,419.2863915,0.0,23.68287081,30.25853114,0.0,-8.517743266,10.22503704,13.08911111,23.7,23.3
2025-05-29 01:30:00+00:00,419.2325853,0.0,23.60128146,33.94771368,0.0,-7.253412698,10.21257778,12.95866667,23.7,23.26908683
2025-05-29 01:45:00+00:00,418.4669643,0.0,23.6,36.99357478,0.0,-6.093424036,10.1554329,12.85,23.71088235,23.2
2025-05-29 02:00:00+00:00,418.4897062,0.0,23.6,40.15197247,0.078822093,-4.78616317,9.973447811,12.74247863,23.75667234,23.2
2025-05-29 02:15:00+00:00,418.0977625,0.0,23.6,43.43640212,0.542480392,-3.306624339,9.786222222,12.7,23.6,23.2
2025-05-29 02:30:00+00:00,416.9459929,0.0,23.55746032,46.8201835,2.182487293,-1.673026455,9.643333333,12.7,23.6,23.2
2025-05-29 02:45:00+00:00,417.6776274,0.0,23.5,49.57069597,6.29021274,-0.315290662,9.564285714,12.63571429,23.6,23.2
2025-05-29 03:00:00+00:00,416.7624025,17.4202729,23.5,52.94599737,17.57730958,1.489309524,9.651142496,13.49555556,23.6,23.16740741
2025-05-29 03:15:00+00:00,416.2975389,53.22817524,23.5,55.94367965,36.52164446,3.213917749,9.915887446,20.42938776,23.56766284,23.1
2025-05-29 03:30:00+00:00,417.2563202,52.49557095,23.5,58.66930952,59.00657803,4.863258131,9.998475641,17.96144012,23.5,23.1
2025-05-29 03:45:00+00:00,417.3422601,53.60783586,23.46534014,61.95892857,90.10070024,6.911011905,10.07281746,18.52414966,23.5,23.1
2025-05-29 04:00:00+00:00,417.2799911,60.89679924,23.4,64.75645238,85.28541652,8.709825397,10.25276243,16.67160606,23.5,23.1
2025-05-29 04:15:00+00:00,418.3013442,93.75315055,23.4,67.82294974,106.7612354,10.73777778,10.42130832,17.24361111,23.56059259,23.00545455
2025-05-29 04:30:00+00:00,417.7496048,122.7336783,23.36666667,70.72833333,192.1061132,12.74692857,10.74816859,17.09095238,23.47140351,23.0
2025-05-29 04:45:00+00:00,418.6015382,151.8277902,23.3,73.66684524,136.6233287,14.77390538,10.92753571,17.21452381,23.42480159,22.97857143
2025-05-29 05:00:00+00:00,419.0506424,171.3321373,23.3,76.52107407,243.5976574,16.84018494,11.14,16.86428571,23.38777778,22.9
2025-05-29 05:15:00+00:00,419.0,192.8878429,23.27640331,79.26196729,168.5012911,18.76248196,11.27327273,16.94904762,23.32361433,22.9
2025-05-29 05:30:00+00:00,419.5164342,212.4987612,23.2,82.65264171,233.5272421,21.18661394,11.47657804,16.89333333,23.4,22.9
2025-05-29 05:45:00+00:00,421.6037415,222.4448905,23.10811404,85.36182359,189.7598929,23.13383503,11.42380952,17.0,23.38333333,22.9
2025-05-29 06:00:00+00:00,429.8627879,227.8782836,23.08256842,88.58234454,364.5129216,25.37545971,11.48173675,17.0,23.3,22.9
2025-05-29 06:15:00+00:00,429.7912698,236.2426846,23.0,91.62296465,230.1966802,27.53135185,11.79888889,17.01428571,23.3,22.9
2025-05-29 06:30:00+00:00,429.2059233,234.9365585,23.0,94.86845934,489.0066449,29.70912963,12.04558082,16.94666667,23.21333333,22.9
2025-05-29 06:45:00+00:00,429.8602151,235.3416667,22.9875,97.88942898,333.9928855,31.68922129,12.19544539,16.9404932,23.2,22.9
2025-05-29 07:00:00+00:00,429.1450683,222.8349814,22.9,101.4282143,525.0905875,33.99428571,11.89978175,17.04711111,23.12393939,22.9
2025-05-29 07:15:00+00:00,429.257754,220.169833,22.9,104.6631667,329.4815614,35.95266667,12.40888889,16.74,23.1,22.82666667
2025-05-29 07:30:00+00:00,429.5313131,211.7818182,22.9,108.5872619,417.0992961,38.21047619,12.68533333,17.13206349,23.04821637,22.81672559
2025-05-29 07:45:00+00:00,429.362013,202.1298701,22.8577381,112.2266672,544.1832262,40.21039451,12.77564651,17.075,22.97797619,22.8
2025-05-29 08:00:00+00:00,428.8358779,194.0813492,22.8382906,115.8977902,631.1133595,42.09138395,13.21569347,17.02666667,22.97444444,22.8
2025-05-29 08:15:00+00:00,428.3111572,179.6224935,22.85993939,120.0705212,620.7439466,44.09775467,13.7136745,17.1,23.0,22.8
2025-05-29 08:30:00+00:00,427.3533333,164.0453846,22.80190476,124.4240537,570.009872,45.99669048,13.55213498,17.1,23.0,22.8
2025-05-29 08:45:00+00:00,426.9902534,155.2459302,22.84456324,128.4199586,512.274731,47.56539354,13.65814626,17.15596655,23.0,22.8
2025-05-29 09:00:00+00:00,426.6097195,148.0230157,22.89650794,133.3582063,762.2223825,49.33724074,14.07969789,17.21071429,22.99878788,22.8
2025-05-29 09:15:00+00:00,426.9948718,137.5300988,22.9,138.1995743,505.7633759,50.82470788,14.30709428,17.10666667,22.86948485,22.8
2025-05-29 09:30:00+00:00,425.9273537,129.7526252,22.9,143.0689726,621.0709714,52.1223356,14.5107166,16.8702381,22.9,22.8
2025-05-29 09:45:00+00:00,426.0734643,121.8694829,22.84180952,147.8043454,794.8397777,53.23665608,14.67983333,16.84184127,22.9,22.8
2025-05-29 10:00:00+00:00,425.7890582,113.1798668,22.89333333,153.7905983,772.8882267,54.39815385,14.50627381,17.13539683,22.9,22.8
2025-05-29 10:15:00+00:00,425.1407407,105.9725146,22.9,159.5552963,831.4246813,55.29473545,14.50914815,16.94,22.9,22.8
2025-05-29 10:30:00+00:00,424.9285714,98.13751319,22.91110585,165.0039456,817.375857,55.92267574,15.09214286,17.17892857,22.90133598,22.8314881
2025-05-29 10:45:00+00:00,424.0327445,90.31476591,22.95333333,169.6994938,797.31978,56.26666667,15.45029258,17.0,22.9,22.9
2025-05-29 11:00:00+00:00,424.4811958,88.78589433,23.0,178.590381,774.7788687,56.6,15.62386905,17.065,22.91523238,22.9
2025-05-29 11:15:00+00:00,424.2969629,88.35310913,23.0,184.4666667,740.8138637,56.57333333,15.59866667,17.14351852,22.91828898,22.9
2025-05-29 11:30:00+00:00,425.1897321,88.85562771,23.0,190.0900758,702.3040315,56.35554113,15.47918831,17.14365079,23.0,22.9
2025-05-29 11:45:00+00:00,424.223156,88.6720842,23.0,196.9201058,795.0231101,55.79068783,15.59637037,17.04533333,23.0,22.9
2025-05-29 12:00:00+00:00,423.5463305,86.67010047,22.97855106,202.8703704,557.4068213,55.05008547,15.88411508,17.16,22.96499094,22.9
2025-05-29 12:15:00+00:00,424.1588345,85.89021565,22.97836251,208.6341667,705.9754221,54.09778836,15.77547355,17.12103175,23.0,22.9
2025-05-29 12:30:00+00:00,425.1127827,86.38540827,23.0,213.8457699,764.4032245,53.04244898,15.80724141,17.34380952,22.93173309,22.9
2025-05-29 12:45:00+00:00,424.2615385,86.53730159,23.0,219.2235295,684.7543641,51.74361111,16.13007407,17.36031746,22.95912698,22.9
2025-05-29 13:00:00+00:00,424.0328624,85.27009818,23.0,224.1519444,607.7078459,50.31872222,16.08486667,17.1647619,22.93505376,22.9
2025-05-29 13:15:00+00:00,423.1309308,85.69413296,23.0,228.6351809,571.4235754,48.86530612,15.92142857,16.95,23.0,22.9
2025-05-29 13:30:00+00:00,422.4864029,85.20248311,23.0,233.4340973,487.102461,47.07552177,16.04180521,16.74978632,23.0,22.9
2025-05-29 13:45:00+00:00,422.5808236,86.31079598,23.0,237.7466916,642.2055779,45.33286291,16.17442814,16.89453968,23.0,22.9
2025-05-29 14:00:00+00:00,422.2584249,86.19376461,23.00025641,242.0517328,572.5526999,43.38916787,16.6779899,17.51825397,22.90184615,22.9
2025-05-29 14:15:00+00:00,422.4521431,89.32213719,23.09441964,245.2848052,470.2955776,41.82571429,16.88831169,17.08809524,23.03914541,22.95769231
2025-05-29 14:30:00+00:00,422.0331738,97.13594169,23.1,249.4520922,363.6916548,39.60628571,16.74059745,16.81055556,22.97306734,23.0
2025-05-29 14:45:00+00:00,421.8341172,104.1944869,23.1,253.3905279,298.8915363,37.40234969,16.66047278,16.70655556,23.08838612,23.0
2025-05-29 15:00:00+00:00,421.8159071,59.91215686,23.1,256.7220261,268.1193579,35.4448366,16.68648148,16.54592593,23.1,23.0
2025-05-29 15:15:00+00:00,421.7703074,52.76388309,23.15793651,260.1910617,228.7180896,33.26291003,16.44334899,16.91020408,23.1105163,23.0
2025-05-29 15:30:00+00:00,420.8785185,53.57844432,23.2,263.3236691,249.2628735,31.23156177,16.66374766,17.2,23.1972043,23.0
2025-05-29 15:45:00+00:00,420.9217028,52.28942374,23.2,266.6958492,170.7994554,28.97346825,16.69910582,17.13,23.21376814,23.0
2025-05-29 16:00:00+00:00,420.5409035,52.97161782,23.21964286,269.7069048,151.5393336,26.90309524,16.04672344,16.78,23.29451128,23.0
2025-05-29 16:15:00+00:00,421.0858974,53.13608466,23.3,272.8533911,117.1338746,24.71266667,15.71535873,17.22666667,23.31888889,23.0
2025-05-29 16:30:00+00:00,420.7835979,53.2029098,23.3,276.0320197,93.16449763,22.46486508,15.48941434,16.7622619,23.4,23.0
2025-05-29 16:45:00+00:00,420.9554259,52.73653372,23.3,278.698199,78.41711815,20.55416361,15.28270421,16.9622449,23.4,23.05396825
2025-05-29 17:00:00+00:00,420.9860698,52.15801222,23.3,281.893424,80.61046903,18.29066893,15.5413321,17.14375,23.4,23.1
2025-05-29 17:15:00+00:00,420.7166667,53.30338164,23.30388889,284.8621538,79.13805886,16.17828755,15.86449122,16.8475,23.40666667,23.1
2025-05-29 17:30:00+00:00,419.8700104,52.98721045,23.37277778,287.739138,63.27026121,14.13128427,16.15431722,17.26309524,23.47288451,23.1
2025-05-29 17:45:00+00:00,418.9481481,53.16215488,23.4,290.5367593,45.18374704,12.18222222,15.85394206,17.06933333,23.5,23.1
2025-05-29 18:00:00+00:00,418.0035714,29.14285714,23.4,293.6928571,26.13360544,10.10293367,15.475,17.23076923,23.5,23.1
2025-05-29 18:15:00+00:00,418.24,0.0,23.4,296.3376787,16.86912789,8.335093074,15.24695257,17.2,23.5,23.1
2025-05-29 18:30:00+00:00,416.962987,0.0,23.4,299.3595984,10.18668738,6.381279461,15.01007126,17.2,23.5,23.1
2025-05-29 18:45:00+00:00,416.3368178,0.0,23.42574697,302.6005519,6.690990916,4.378104515,14.85897278,17.13340659,23.47425303,23.1
2025-05-29 19:00:00+00:00,415.0664989,0.0,23.5,305.522941,5.359515152,2.655040328,14.73249487,17.01166667,23.4,23.1
2025-05-29 19:15:00+00:00,414.2364762,0.0,23.5,308.5818571,2.597878996,0.953595238,14.37150476,16.9752381,23.43388889,23.1
2025-05-29 19:30:00+00:00,414.0030303,0.0,23.5,311.5432852,1.230751282,-0.549747475,14.0817803,16.88571429,23.59478261,23.10161905
2025-05-29 19:45:00+00:00,414.3005651,0.0,23.5,314.8705705,0.354498439,-2.204076994,13.86160067,16.75,23.6,23.19282967
2025-05-29 20:00:00+00:00,413.6521912,0.0,23.5,317.9213636,0.0385895,-3.642103896,13.81151349,16.7,23.6,23.2
2025-05-29 20:15:00+00:00,413.450048,0.0,23.5,320.9191111,0.0,-4.949222222,13.8,16.62533333,23.6,23.17830688
2025-05-29 20:30:00+00:00,413.2443362,0.0,23.5,324.3541909,0.0,-6.354094017,13.54495983,16.526,23.54074074,23.17357887
2025-05-29 20:45:00+00:00,412.6603175,0.0,23.5,327.868254,0.0,-7.628571429,13.46193995,16.46428571,23.5,23.10222222
2025-05-29 21:00:00+00:00,413.7798687,0.0,23.5,330.9942923,0.0,-8.6427886,13.41238095,16.34333333,23.5,23.1
2025-05-29 21:15:00+00:00,413.990885,0.0,23.5,334.2768798,0.0,-9.613131313,13.30845118,16.25515873,23.51117124,23.1
2025-05-29 21:30:00+00:00,412.9747907,0.0,23.5,337.9110624,0.0,-10.5522114,13.18767406,16.05,23.6,23.1
2025-05-29 21:45:00+00:00,412.6655048,0.0,23.5,341.3641667,0.0,-11.31222222,13.08666667,15.94666667,23.55643098,23.16441558
2025-05-29 22:00:00+00:00,413.4143929,0.0,23.5,344.9068623,0.0,-11.95436532,12.83195767,15.81288889,23.5,23.11952381
2025-05-29 22:15:00+00:00,412.0,0.0,23.5,348.5159434,0.0,-12.45956044,12.62337996,15.7046627,23.5,23.1
2025-05-29 22:30:00+00:00,412.778355,0.0,23.5,351.9513527,0.0,-12.8295962,12.23922976,15.6,23.5,23.1
2025-05-29 22:45:00+00:00,412.2388889,0.0,23.5,355.5333504,0.0,-13.05904762,12.049,15.52142857,23.5,23.1
2025-05-29 23:00:00+00:00,412.0,0.0,23.5,256.64,0.0,-13.19333333,12.0865098,15.37851852,23.56955556,23.1
2025-05-29 23:15:00+00:00,411.3253968,0.0,23.49871854,2.404181818,0.0,-13.17333333,12.19839899,15.3,23.6,23.1
2025-05-29 23:30:00+00:00,411.241324,0.0,23.49567399,6.128968254,0.0,-12.98918367,12.2575,15.27714286,23.6,23.1
2025-05-29 23:45:00+00:00,411.4152137,0.0,23.40259259,9.529986532,0.0,-12.69156566,12.39444949,15.17333333,23.6,23.1
2025-05-30 00:00:00+00:00,411.974359,0.0,23.4,13.22844156,0.0,-12.27911111,12.49954762,15.1,23.6,23.1
2025-05-30 00:15:00+00:00,410.516369,0.0,23.4,16.56403095,0.0,-11.73408063,12.58130102,15.03928571,23.6,23.1
2025-05-30 00:30:00+00:00,410.3607871,0.0,23.4,20.11635017,0.0,-11.04965079,12.55183786,14.95111111,23.6,23.1
2025-05-30 00:45:00+00:00,410.2769231,0.0,23.4,23.39861905,0.0,-10.28492063,12.53261538,14.9,23.56746032,23.1
2025-05-30 01:00:00+00:00,409.3988694,0.0,23.4,27.23876984,0.0,-9.295555556,12.58590313,14.9,23.50599663,23.1
2025-05-30 01:15:00+00:00,409.3820924,0.0,23.4,30.26877551,0.0,-8.356190476,12.58468584,14.85833333,23.45924839,23.1
2025-05-30 01:30:00+00:00,409.8955733,0.0,23.4,33.62525149,0.0,-7.206871184,12.74023,14.8,23.57333333,23.1
2025-05-30 01:45:00+00:00,409.8819005,0.0,23.4,37.14147985,0.0,-5.87452381,13.0257974,14.8,23.47505128,23.1
2025-05-30 02:00:00+00:00,409.2115751,0.0,23.4,40.22649471,0.0,-4.602976191,13.25694444,14.728,23.4,23.1
2025-05-30 02:15:00+00:00,408.4571429,0.0,23.4,43.57215658,0.041152461,-3.097986633,13.45245972,14.7,23.4,23.1
2025-05-30 02:30:00+00:00,408.5515054,0.0,23.4,46.29199586,0.207462244,-1.78440676,13.5,14.7,23.4,23.1
2025-05-30 02:45:00+00:00,408.8073016,0.0,23.4,49.66920085,0.892349742,-0.065235043,13.60287987,14.7,23.4,23.1
2025-05-30 03:00:00+00:00,408.6465817,21.59446072,23.4,52.95615079,1.82029642,1.680460318,13.778,15.78555556,23.4,23.05281481
2025-05-30 03:15:00+00:00,409.5323954,50.48030916,23.39282297,55.86776644,1.734065856,3.334895125,14.00512492,18.25204082,23.4,23.0
2025-05-30 03:30:00+00:00,413.0690505,52.50160684,23.38757778,58.91185185,3.31219398,5.166772487,14.168,16.49428571,23.41055556,23.0
2025-05-30 03:45:00+00:00,417.9650505,50.82588426,23.3,61.97983333,6.457284434,7.108740741,14.34041667,16.99038462,23.5,23.0
2025-05-30 04:00:00+00:00,419.4316925,60.27638344,23.3,64.70543032,13.07151164,8.873404195,14.57040816,16.9589881,23.5,23.0
2025-05-30 04:15:00+00:00,422.1795881,80.8161257,23.3,67.59418182,15.07729245,10.78254545,14.50751515,16.50305556,23.5,23.0
2025-05-30 04:30:00+00:00,422.9757576,105.47662,23.3,70.6666219,32.69589335,12.89155483,14.69458333,16.92355556,23.35333333,22.94063131
2025-05-30 04:45:00+00:00,424.2,130.7681481,23.3,73.4918254,50.64320193,14.87582251,14.86053571,16.94815873,23.30606061,22.9
2025-05-30 05:00:00+00:00,426.3791222,153.1048454,23.3,76.56594388,79.0365111,17.04630102,14.97034439,17.16027778,23.39932644,22.90037594
2025-05-30 05:15:00+00:00,426.9933333,172.5110387,23.24783558,79.36273148,128.6429815,19.02308062,15.1076627,17.2,23.29526054,22.9
2025-05-30 05:30:00+00:00,425.9186795,190.5985507,23.2,82.45,175.7382302,21.23828571,15.40975108,17.2,23.2,22.9
2025-05-30 05:45:00+00:00,425.1136683,205.1836125,23.2,85.41428571,141.1617393,23.36206349,15.59285714,17.2,23.22585859,22.9
2025-05-30 06:00:00+00:00,424.456198,220.987752,23.2,88.2225,166.8068012,25.34888889,16.02222222,17.158,23.3,22.9
2025-05-30 06:15:00+00:00,424.4054877,231.5666667,23.14151515,91.59920513,183.502426,27.67146154,16.16985897,17.0,23.3,22.9
2025-05-30 06:30:00+00:00,424.0288878,241.4645159,23.1,94.71435979,165.4851234,29.78763252,16.37022,17.08222222,23.20786355,22.9
2025-05-30 06:45:00+00:00,424.5615079,251.6828307,23.07958791,97.93027984,159.1181241,31.9225219,16.37800325,17.16285714,23.2,22.9
2025-05-30 07:00:00+00:00,425.1225527,255.8005628,23.03286436,101.0155185,266.6358051,33.89339683,16.6437619,17.28119048,23.2,22.9
2025-05-30 07:15:00+00:00,424.8389339,255.1516142,23.0,104.7345979,435.10758,36.16528571,17.01258778,17.005,23.2,22.9
2025-05-30 07:30:00+00:00,424.7180389,259.4891643,23.0,107.9492352,348.0298378,38.02893939,17.22394063,17.15017857,23.2,22.9
2025-05-30 07:45:00+00:00,423.8266667,260.0822511,22.94945455,111.7876386,571.3415814,40.1705464,17.0828943,17.21904762,23.2,22.9
2025-05-30 08:00:00+00:00,426.536151,251.4579089,22.9,115.7329125,610.7259938,42.20248413,17.98962121,17.208,23.11660819,22.9
2025-05-30 08:15:00+00:00,425.0508772,244.4293179,22.9,119.9445926,625.8939442,44.22622222,18.16506667,17.11428571,23.1,22.90055556
2025-05-30 08:30:00+00:00,422.8186492,237.6293222,22.9,123.9214408,597.8188044,45.93771909,18.41043581,17.35265306,23.1,22.9762706
2025-05-30 08:45:00+00:00,420.6813587,226.9187701,22.9,128.12,744.9114757,47.61666667,18.98203333,17.5125,23.1,23.0
2025-05-30 09:00:00+00:00,421.2193182,218.2613889,22.9,133.1622994,733.3171715,49.44032612,19.09698189,17.49285714,23.1,23.0
2025-05-30 09:15:00+00:00,419.3613003,211.0514947,22.9,138.185091,658.7941363,50.98919374,19.46467103,17.67415873,23.07888889,23.0
2025-05-30 09:30:00+00:00,418.9789334,203.2008813,22.90075188,142.841562,574.718485,52.23900564,19.19284632,17.84285714,22.97779839,23.0
2025-05-30 09:45:00+00:00,418.0802681,197.1568588,22.99155862,148.1931421,557.5800607,53.47442857,19.86130303,15.26454082,23.03257143,23.0620098
2025-05-30 10:00:00+00:00,419.1508616,193.554996,22.9335942,153.9978519,611.1084331,54.60734007,19.90392593,16.17066667,22.9,23.1
2025-05-30 10:15:00+00:00,418.9526263,190.9255345,22.98932592,159.9254008,583.8382829,55.45863482,19.67720971,16.96590909,22.9,23.1
2025-05-30 10:30:00+00:00,418.5777778,187.0941176,23.0,165.500127,785.7832111,56.08888889,19.94822222,17.29496296,22.9572549,23.1
2025-05-30 10:45:00+00:00,418.8077922,191.1829,23.0,172.164009,438.8416015,56.56924298,19.66049711,17.79333333,23.1,23.1
2025-05-30 11:00:00+00:00,418.5591451,193.7384574,23.03197109,178.0112251,682.4885898,56.74,19.48887464,17.80944444,23.1,23.1
2025-05-30 11:15:00+00:00,417.1369048,183.8672439,23.00190476,184.7196471,374.7111834,56.73261905,19.35678571,17.45,23.1,23.1
2025-05-30 11:30:00+00:00,418.417216,205.1594383,23.0832172,190.7374762,610.319244,56.44595238,19.59807071,17.32,23.12619129,23.18285714
2025-05-30 11:45:00+00:00,419.2184242,210.5261331,23.1,196.4521296,274.4074944,55.98433117,19.9945232,17.17455556,23.2,23.2
2025-05-30 12:00:00+00:00,418.6531077,217.5338095,23.1,202.0345573,312.1620772,55.30963513,19.44373895,16.53095238,23.2,23.2
2025-05-30 12:15:00+00:00,418.6548618,230.5539912,23.1,208.0919153,375.4377249,54.3725175,19.32173743,16.38059163,23.2,23.2
2025-05-30 12:30:00+00:00,418.8525839,240.4466383,23.1,212.9066019,306.1024936,53.38764081,19.64789207,16.75313564,23.2,23.2
2025-05-30 12:45:00+00:00,418.1342424,240.3500575,23.06712821,219.6628877,179.9207222,51.7845177,19.10028327,16.63,23.2,23.2
2025-05-30 13:00:00+00:00,419.593692,243.8413982,23.03021978,224.1304288,308.5653321,50.51277056,18.83824287,16.77692308,23.2,23.18308081
2025-05-30 13:15:00+00:00,422.7478795,248.4697198,23.1,228.0713333,384.748957,49.21153175,18.90344444,17.29333333,23.2,23.1
2025-05-30 13:30:00+00:00,420.17482,256.9511964,23.1,233.8043386,309.183255,47.13858634,19.07590743,17.33559524,23.2,23.1
2025-05-30 13:45:00+00:00,420.005234,263.4925338,23.1,237.9914353,505.2569755,45.38768842,19.05181539,17.01734694,23.18968254,23.1
2025-05-30 14:00:00+00:00,420.8283488,115.9527778,23.12117647,241.8774707,340.5023295,43.65907143,18.83475505,16.10207407,23.14527393,23.1
2025-05-30 14:15:00+00:00,422.0,50.16213737,23.33152141,245.3233333,162.6817026,41.97666667,18.52333333,15.71904762,23.36865016,23.10916667
2025-05-30 14:30:00+00:00,422.3911953,54.31699441,23.3712298,249.9074545,71.15988829,39.57103319,17.72850777,17.61527778,23.43656566,23.2
2025-05-30 14:45:00+00:00,422.7786817,54.2923839,23.4,253.0825142,97.28919889,37.77226523,17.50160747,16.78856293,23.5,23.2
2025-05-30 15:00:00+00:00,423.6174688,51.00721468,23.4,256.3865919,104.7288323,35.77056301,17.30298903,16.56666667,23.5,23.2
2025-05-30 15:15:00+00:00,423.098547,52.4325641,23.436,260.377598,162.057098,33.31189615,16.5428922,17.20857143,23.537,23.2
2025-05-30 15:30:00+00:00,424.012987,53.81175801,23.52857143,263.5983766,359.3699743,31.22509019,16.9625907,16.75089286,23.62983193,23.26428571
2025-05-30 15:45:00+00:00,424.8185544,53.32586485,23.6,266.3146472,172.9561081,29.41428283,17.05517316,17.29536508,23.7297076,23.39388889
2025-05-30 16:00:00+00:00,426.6977778,53.62745038,23.6,269.9611785,117.0771932,26.88768013,17.00420484,16.71619048,23.8,23.4
2025-05-30 16:15:00+00:00,425.2432451,53.74969136,23.65571581,273.0053333,111.1381321,24.75683333,16.77244444,16.97925926,23.8,23.4
2025-05-30 16:30:00+00:00,425.961582,53.23704747,23.7,276.0067551,124.2670086,22.64438492,16.78538674,17.2,23.78906445,23.4
2025-05-30 16:45:00+00:00,426.1458393,53.63197736,23.7,278.7947382,121.0815169,20.67127965,16.70428821,17.2,23.70298246,23.4
2025-05-30 17:00:00+00:00,426.3553927,54.24931209,23.75904306,281.957164,239.3369913,18.41687398,16.86726113,17.27857143,23.8438997,23.4586532
2025-05-30 17:15:00+00:00,426.1249329,53.57345346,23.8,284.8886905,111.9835526,16.32882653,16.40505952,16.95648352,23.99175824,23.55625
2025-05-30 17:30:00+00:00,425.868254,53.65909091,23.85277778,287.8540317,140.7619724,14.27630159,16.32861111,16.73866667,24.014,23.6
2025-05-30 17:45:00+00:00,426.5059164,52.4023088,23.9,290.8207725,83.14388294,12.20529101,16.37325541,17.26888889,24.1,23.6
2025-05-30 18:00:00+00:00,427.3030952,9.241111111,23.95333333,293.9030926,40.92903952,10.11117196,15.82104046,16.70133333,24.1,23.6
2025-05-30 18:15:00+00:00,426.2225023,0.0,24.0,296.6115842,76.05857094,8.320253794,15.69917582,16.7,24.1,23.6377451
2025-05-30 18:30:00+00:00,425.1900535,0.0,24.0,299.5921581,17.81632198,6.420499593,15.42512821,16.75428571,24.05686671,23.7
2025-05-30 18:45:00+00:00,424.5878788,0.0,24.0,302.645138,24.67127753,4.53096128,15.28635703,16.8,24.05855072,23.7
2025-05-30 19:00:00+00:00,423.9529866,0.0,24.0,305.5097436,16.6780564,2.820947802,15.15296703,16.88571429,24.0,23.7
2025-05-30 19:15:00+00:00,423.9559653,0.0,24.0,308.3867143,6.663214028,1.18242328,15.00448629,16.9,24.0,23.7
2025-05-30 19:30:00+00:00,422.6299132,0.0,24.0,311.6946263,2.14826391,-0.470262626,14.82217778,16.85816327,24.03185185,23.7
2025-05-30 19:45:00+00:00,422.1363617,0.0,24.0,314.9763492,0.662358777,-2.105396825,14.70666667,16.72583333,24.0054359,23.65595442
2025-05-30 20:00:00+00:00,422.0365546,0.0,24.0,318.1140211,0.25466792,-3.567242678,14.55841837,16.66428571,24.06904762,23.6
2025-05-30 20:15:00+00:00,421.9466667,0.0,24.0,321.0284367,0.04,-4.819761905,14.34,16.5,24.1,23.6
2025-05-30 20:30:00+00:00,422.1175161,0.0,24.0,324.3848942,0.0,-6.186449014,14.22666667,16.34333333,24.1,23.6
2025-05-30 20:45:00+00:00,422.404188,0.0,24.0,327.9100423,0.0,-7.474285714,14.2,16.14444444,24.07102339,23.6
2025-05-30 21:00:00+00:00,421.9323308,0.0,24.0,331.1508532,0.0,-8.562857143,14.06928571,15.94107143,23.90413534,23.6
2025-05-30 21:15:00+00:00,421.7939394,0.0,23.98090643,334.5546118,0.0,-9.532507937,13.93561905,15.78,23.9,23.6
2025-05-30 21:30:00+00:00,421.8802088,0.0,23.9,337.8627513,0.0,-10.39143671,13.79465608,15.64666667,23.9,23.6
2025-05-30 21:45:00+00:00,421.6982029,0.0,23.9,341.394898,0.0,-11.12795918,13.75492857,15.59285714,23.9,23.6
2025-05-30 22:00:00+00:00,421.3948444,0.0,23.9,344.1792982,0.0,-11.6534386,13.73189084,15.46615385,23.9,23.58512821
2025-05-30 22:15:00+00:00,421.91292,0.0,23.9,348.2298413,0.0,-12.2626164,13.67780952,15.32983333,23.9,23.5
2025-05-30 22:30:00+00:00,422.6015475,0.0,23.9,351.9417922,0.0,-12.63442424,13.50124842,15.26571429,23.9,23.52333333
2025-05-30 22:45:00+00:00,422.1202198,0.0,23.9,355.4754732,0.0,-12.912814,13.3097488,15.13904762,23.9,23.51428571
2025-05-30 23:00:00+00:00,421.9512352,0.0,23.85590982,226.8902063,0.0,-13.0,13.13333333,15.07692308,23.81955556,23.5
2025-05-30 23:15:00+00:00,421.3157484,0.0,23.8,2.647044733,0.0,-13.0,13.01333333,14.94666667,23.8,23.5
2025-05-30 23:30:00+00:00,420.969998,0.0,23.8,5.906106988,0.0,-12.87048547,12.93279221,14.88461538,23.8,23.5
2025-05-30 23:45:00+00:00,420.9180027,0.0,23.8,9.6704403,0.0,-12.57434632,12.82692761,14.75066667,23.8,23.46169312
2025-05-31 00:00:00+00:00,420.8388862,0.0,23.8,13.26550144,0.0,-12.12768519,12.90505769,14.61428571,23.8,23.4
2025-05-31 00:15:00+00:00,420.9540741,0.0,23.8,16.88511111,0.0,-11.55266667,13.07266667,14.6,23.8,23.4
2025-05-31 00:30:00+00:00,420.6233766,0.0,23.72714286,20.2195756,0.0,-10.90028912,13.18575487,14.52857143,23.7952381,23.4
2025-05-31 00:45:00+00:00,420.0115741,0.0,23.7,23.43333333,0.0,-10.16,13.218,14.5,23.72666667,23.4
2025-05-31 01:00:00+00:00,418.9858974,0.0,23.7,27.04656085,0.0,-9.188333333,13.16399411,14.49904762,23.7,23.4
2025-05-31 01:15:00+00:00,419.0173913,0.0,23.7,30.44539438,0.0,-8.159128205,13.1875,14.4,23.7,23.4
2025-05-31 01:30:00+00:00,419.0,0.0,23.7,33.19435941,0.0,-7.213095238,13.20162982,14.4,23.7,23.4
2025-05-31 01:45:00+00:00,420.2140351,0.0,23.7,36.8420289,0.0,-5.833089133,13.20083333,14.4,23.7,23.4
2025-05-31 02:00:00+00:00,419.7410169,0.0,23.7,40.13781602,0.0,-4.492819865,13.25402525,14.4,23.7,23.4
2025-05-31 02:15:00+00:00,420.0051282,0.0,23.7,43.50417196,0.060097466,-2.943666667,13.25576667,14.4,23.7,23.4
2025-05-31 02:30:00+00:00,420.0064935,0.0,23.7,46.67322743,0.42322694,-1.427516234,13.13379329,14.4,23.7,23.4
2025-05-31 02:45:00+00:00,419.7716683,0.0,23.7,49.51373637,1.024909937,-0.01529902,13.09666667,14.4,23.7,23.34611111
2025-05-31 03:00:00+00:00,420.3329966,0.0,23.66703704,52.80091005,2.306357864,1.768142857,13.03199519,14.44,23.7,23.3
2025-05-31 03:15:00+00:00,420.0232143,0.0,23.60952381,55.48529762,2.984073043,3.270833333,13.04460317,14.5,23.7,23.3
2025-05-31 03:30:00+00:00,420.6608791,0.0,23.6,58.68123136,7.182582897,5.201071669,13.03764176,14.5,23.7,23.3
2025-05-31 03:45:00+00:00,420.510989,0.0,23.6,61.8121761,14.71967648,7.151020408,13.03877551,14.5,23.7,23.3
2025-05-31 04:00:00+00:00,421.0,0.0,23.6,64.69094709,23.92241893,9.048214286,13.1,14.5,23.69906061,23.3
2025-05-31 04:15:00+00:00,420.7698832,0.0,23.6,67.53884766,24.62147102,10.930839,13.12541383,14.5,23.68824985,23.3
2025-05-31 04:30:00+00:00,420.2225316,0.0,23.6,70.48947619,36.06742283,12.96953175,13.16666667,14.5,23.67,23.3
2025-05-31 04:45:00+00:00,420.6112563,0.0,23.6,73.28012954,78.48902514,14.91717593,13.30783689,14.5,23.60885937,23.3
2025-05-31 05:00:00+00:00,419.8926081,0.0,23.6,76.05583524,92.47981178,16.83364244,13.43665969,14.44,23.7195183,23.3
2025-05-31 05:15:00+00:00,419.6051204,0.0,23.6,79.3662585,90.02866804,19.23366213,13.65218254,14.4,23.7782563,23.3
2025-05-31 05:30:00+00:00,419.7117065,0.0,23.6,82.28414111,89.83095575,21.29023718,13.60475626,14.4,23.77506061,23.3
2025-05-31 05:45:00+00:00,419.8136905,0.0,23.63151365,85.21709091,107.4215325,23.36935043,13.59906667,14.4,23.72588235,23.3
2025-05-31 06:00:00+00:00,420.4768013,0.0,23.63778641,87.97304869,107.2321691,25.30197726,13.72134821,14.4,23.7,23.3
2025-05-31 06:15:00+00:00,420.3087758,0.0,23.6,91.36182051,62.23167497,27.68773219,13.76024524,14.4,23.7,23.3
2025-05-31 06:30:00+00:00,419.0510903,0.0,23.6025641,94.563652,140.2290737,29.87362867,13.55237884,14.46404762,23.7,23.3
2025-05-31 06:45:00+00:00,419.3502778,0.0,23.7,97.8644222,363.3388053,32.05262278,13.82712815,14.52666667,23.7,23.3
2025-05-31 07:00:00+00:00,419.2615873,0.0,23.7,101.1084419,266.7369522,34.11765306,13.94481633,14.6,23.7,23.3
2025-05-31 07:15:00+00:00,420.1472108,0.0,23.7,104.6190149,413.2610103,36.30050794,14.13703819,14.6,23.7,23.36
2025-05-31 07:30:00+00:00,418.7897531,0.0,23.7,108.2024399,544.3522468,38.37580085,14.23547863,14.6,23.7,23.4
2025-05-31 07:45:00+00:00,419.2413618,0.0,23.7,112.0067004,358.7409241,40.46545543,14.48821587,14.6,23.7,23.4
2025-05-31 08:00:00+00:00,418.1052325,0.0,23.7,115.5344228,479.6006104,42.2882858,14.71953782,14.6,23.78824693,23.4
2025-05-31 08:15:00+00:00,418.4275974,0.0,23.72111111,119.7357057,512.181531,44.28192659,15.02527778,14.6,23.8,23.4
2025-05-31 08:30:00+00:00,417.9846154,0.0,23.8,123.782735,456.6976859,46.03867521,15.12391534,14.6,23.8,23.4
2025-05-31 08:45:00+00:00,418.098547,0.0,23.8,128.0753439,619.6100943,47.78179894,15.26134259,14.66666667,23.8,23.42
2025-05-31 09:00:00+00:00,418.2357282,0.0,23.8,133.0944444,670.0162853,49.54960317,15.55992063,14.73571429,23.96893389,23.5
2025-05-31 09:15:00+00:00,418.8215365,0.0,23.85030303,137.8508376,703.4699336,51.0445,15.48543492,14.83333333,23.90314815,23.5
2025-05-31 09:30:00+00:00,419.4526625,0.0,23.9,142.713754,524.9841283,52.35827778,15.2373373,14.9,23.9,23.5
2025-05-31 09:45:00+00:00,419.2811137,0.0,23.9,147.9225837,692.5751524,53.60796079,15.22696145,14.92142857,23.98849206,23.50816327
2025-05-31 10:00:00+00:00,419.5754052,0.0,23.90851728,153.8009849,588.0621228,54.71659341,15.47562352,15.04888889,24.09148272,23.6
2025-05-31 10:15:00+00:00,418.9477339,0.0,24.0,159.2411178,767.7301429,55.51617588,15.67261687,15.1,24.0,23.6
2025-05-31 10:30:00+00:00,418.062715,0.0,24.0,166.0325,658.2803015,56.294,16.08131481,15.20666667,24.0,23.6
2025-05-31 10:45:00+00:00,417.4592803,0.0,24.0,172.1099235,724.4670043,56.67741497,16.46190476,15.3,24.1508658,23.60535714
2025-05-31 11:00:00+00:00,416.3179554,0.0,24.03555556,177.5402778,725.8451051,56.89816667,16.31975783,15.30148148,24.1,23.7
2025-05-31 11:15:00+00:00,416.7329606,0.0,24.1,183.4814153,748.5116575,56.87333333,16.52899369,15.42548148,24.11,23.7
2025-05-31 11:30:00+00:00,416.0037037,0.0,24.1,190.6835238,738.1020476,56.60557576,16.67166667,15.56833333,24.3,23.7
2025-05-31 11:45:00+00:00,416.2769481,0.0,24.16795455,196.9108135,706.3221692,56.10321429,16.63218112,15.67142857,24.23204545,23.76929113
2025-05-31 12:00:00+00:00,415.5039721,0.0,24.2,202.1963492,722.1150243,55.45314815,16.72677249,15.83296703,24.38215488,23.8
2025-05-31 12:15:00+00:00,415.654359,0.0,24.29888889,208.7098095,706.852908,54.44104762,17.14090696,16.0952381,24.335,23.86380952
2025-05-31 12:30:00+00:00,414.4899072,0.0,24.3,213.7166241,698.8416886,53.38599258,17.12233631,16.29910714,24.49698172,23.9
2025-05-31 12:45:00+00:00,415.1099581,0.0,24.38641813,218.9755455,693.679709,52.15196729,17.16682218,16.49727273,24.4544152,23.92044444
2025-05-31 13:00:00+00:00,414.0734524,0.0,24.48877193,224.495,674.5071653,50.53914286,17.64994017,16.70545635,24.54102564,24.0
2025-05-31 13:15:00+00:00,413.0078431,0.0,24.5,229.3694963,629.9431649,48.95351648,17.43838736,16.99809524,24.64666667,24.08871795
2025-05-31 13:30:00+00:00,413.0610998,0.0,24.58857143,233.1039342,626.1126828,47.56095904,17.46094017,17.20357143,24.77689815,24.18630952
2025-05-31 13:45:00+00:00,414.2458353,0.0,24.68555556,237.9879754,601.4013218,45.57179315,17.40700366,17.36220491,24.8438995,24.28666667
2025-05-31 14:00:00+00:00,414.0047619,0.0,24.78717949,242.1310885,550.1500302,43.69708741,17.33546906,17.62666667,25.04044444,24.38666667
2025-05-31 14:15:00+00:00,413.9800224,0.0,24.90666667,246.1383333,527.8701926,41.73509259,17.61146465,17.775,25.14273548,24.47022222
2025-05-31 14:30:00+00:00,413.7494359,0.0,25.01587302,249.7358135,501.3848355,39.79301304,17.46021259,17.92142857,25.2336421,24.58035714
2025-05-31 14:45:00+00:00,412.3155556,0.0,25.14158974,253.2288889,466.387564,37.82851852,17.61315556,18.09555556,25.34583639,24.64666667
2025-05-31 15:00:00+00:00,412.0462573,0.0,25.24328671,257.1178948,429.777723,35.56805556,17.73263571,18.29111111,25.46718182,24.78083333
2025-05-31 15:15:00+00:00,411.0887879,0.0,25.37261386,260.285619,374.0435208,33.58130447,17.82842222,18.4,25.54777778,24.88074074
2025-05-31 15:30:00+00:00,411.8029412,0.0,25.41428571,263.6950183,353.5126553,31.33627664,17.98467297,18.4,25.59285714,24.97469388
2025-05-31 15:45:00+00:00,411.7456976,0.0,25.56164502,266.833,326.6673614,29.25711111,17.95884596,18.52857143,25.57670996,25.03564815
2025-05-31 16:00:00+00:00,412.2574603,0.0,25.53906061,270.034023,294.400069,27.05590873,17.88445602,18.6,25.73461616,25.1
2025-05-31 16:15:00+00:00,412.5986534,0.0,25.63105159,273.0079783,220.7973191,24.97637868,17.82741667,18.6,25.76894841,25.17142857
2025-05-31 16:30:00+00:00,412.9892063,0.0,25.7,276.0648677,223.2388869,22.79296296,17.78208995,18.6,25.7,25.2
2025-05-31 16:45:00+00:00,412.65,0.0,25.73538462,278.9271984,199.2601061,20.73879365,17.86923201,18.6,25.77111111,25.2962963
2025-05-31 17:00:00+00:00,411.6840523,0.0,25.8,282.1066566,179.8868475,18.45636508,18.05370851,18.6,25.83291667,25.3
2025-05-31 17:15:00+00:00,410.9906463,0.0,25.8,284.925873,160.9165745,16.50638889,18.20503195,18.6,25.8,25.3
2025-05-31 17:30:00+00:00,411.3842424,0.0,25.892,287.8987273,140.4750561,14.35632323,18.02519697,18.6,25.89038462,25.39174359
2025-05-31 17:45:00+00:00,410.5382247,0.0,25.9,290.8140308,113.4423028,12.35508506,18.33644792,18.6,25.9156015,25.4
2025-05-31 18:00:00+00:00,410.0612325,0.0,25.9,293.7774963,75.91694955,10.35527069,18.16833333,18.6,25.9,25.4
2025-05-31 18:15:00+00:00,410.2151587,0.0,25.9,296.3872024,50.3154115,8.640503247,18.44285714,18.6,25.87857143,25.4
2025-05-31 18:30:00+00:00,410.4644982,0.0,25.88146589,299.5492222,29.01544011,6.603551079,18.0690754,18.6,25.8,25.4
2025-05-31 18:45:00+00:00,411.6687159,0.0,25.8,302.7497982,19.46783588,4.623156085,17.55915608,18.6,25.8,25.34444444
2025-05-31 19:00:00+00:00,410.6931469,0.0,25.8,305.6603337,11.82246601,2.885952381,16.4433781,18.6,25.74388889,25.3
2025-05-31 19:15:00+00:00,410.862847,0.0,25.71331169,308.7407242,5.678570887,1.187343074,15.07640056,18.6,25.7,25.3
2025-05-31 19:30:00+00:00,409.9080247,0.0,25.7,311.7787399,2.41195122,-0.357365079,14.43913305,18.6,25.7,25.21851852
2025-05-31 19:45:00+00:00,410.886835,0.0,25.6555,315.0064072,0.820426966,-1.97019166,14.19538462,18.6,25.61818182,25.2
2025-05-31 20:00:00+00:00,410.847906,0.0,25.58637681,317.8029031,0.221990741,-3.25565812,14.08482051,18.6,25.55238095,25.11952381
2025-05-31 20:15:00+00:00,412.3280711,0.0,25.5,321.3170368,0.006766917,-4.835714286,13.93897207,18.54285714,25.5,25.1
2025-05-31 20:30:00+00:00,411.8067736,0.0,25.5,324.5453352,0.0,-6.107726718,13.906,18.44666667,25.49275362,25.05871795
2025-05-31 20:45:00+00:00,411.4848485,0.0,25.42848485,327.8897222,0.0,-7.360351852,14.04345556,18.34,25.4,24.99205128
2025-05-31 21:00:00+00:00,411.9405984,0.0,25.4,330.8347195,0.0,-8.29446908,14.03674623,18.15333333,25.36092593,24.9
2025-05-31 21:15:00+00:00,412.1009034,0.0,25.32706767,334.690462,0.0,-9.428287982,14.2,17.9752551,25.3,24.89642857
2025-05-31 21:30:00+00:00,412.6697803,0.0,25.26637681,337.9693843,0.0,-10.26288841,14.17858333,17.85833333,25.26637681,24.8
2025-05-31 21:45:00+00:00,413.6354727,0.0,25.2,341.1800641,0.0,-10.99620513,14.08807692,17.67066667,25.2,24.79333333
2025-05-31 22:00:00+00:00,413.697273,0.0,25.16561404,344.971465,0.0,-11.68003241,13.74061905,17.49111111,25.16561404,24.68999327
2025-05-31 22:15:00+00:00,413.7319528,0.0,25.1,348.1167878,0.0,-12.13810426,13.61859578,17.33571429,25.1,24.64089286
2025-05-31 22:30:00+00:00,413.6902742,0.0,25.04206628,351.5634764,0.0,-12.50555556,13.61523077,17.15101852,25.07469979,24.59333333
2025-05-31 22:45:00+00:00,412.9045642,0.0,25.0,355.1090663,0.0,-12.75322222,13.5459697,16.97888889,25.0,24.6
2025-05-31 23:00:00+00:00,411.1999903,0.0,25.0,333.3121291,0.0,-12.9,13.6453141,16.75714286,25.0,24.6
2025-05-31 23:15:00+00:00,412.0472838,0.0,24.94515152,2.606365079,0.0,-12.87428571,13.58092857,16.68,24.94959684,24.51296296
2025-05-31 23:30:00+00:00,412.2958807,0.0,24.9,6.04397941,0.0,-12.70545455,13.14483012,16.51777778,24.9,24.5
2025-05-31 23:45:00+00:00,411.9220909,0.0,24.80666667,9.645833333,0.0,-12.39957143,13.1497963,16.41333333,24.84641026,24.44666667
