,R01_07_CO201,R01_07_FCI01,R01_07_TRU01,HTR9_VES01_AZ01,HTR9_VES01_SI01,HTR9_VES01_SV01,HTR9_VES01_TUD01,HTRK_VEN01_TI01,R01_06_TRU01,R01_08_TRU01
2025-06-01 00:00:00+00:00,410.9477319,0.0,24.8,13.19931973,0.0,-12.00190476,13.39006803,16.3,24.8,24.4
2025-06-01 00:15:00+00:00,411.063362,0.0,24.71764211,16.59083333,0.0,-11.46545455,13.62661111,16.16,24.79251627,24.4
2025-06-01 00:30:00+00:00,410.3654266,0.0,24.7,19.87308469,0.0,-10.82847575,13.40993084,16.03333333,24.70783289,24.4
2025-06-01 00:45:00+00:00,411.387451,0.0,24.7,23.78582336,0.0,-9.931925926,13.35422222,16.0,24.7,24.34888889
2025-06-01 01:00:00+00:00,410.7003652,0.0,24.62535714,26.94875464,0.0,-9.093812616,13.30347403,15.87678571,24.7,24.3
2025-06-01 01:15:00+00:00,410.6915841,0.0,24.6,29.89238095,0.0,-8.158095238,13.24438095,15.8,24.65814815,24.3
2025-06-01 01:30:00+00:00,411.51861,0.0,24.6,33.71945406,0.0,-6.862626263,13.1235974,15.8,24.6,24.22844444
2025-06-01 01:45:00+00:00,411.8125911,0.0,24.55545098,36.96445709,0.0,-5.648740684,12.96755556,15.7,24.6,24.2
2025-06-01 02:00:00+00:00,412.9927168,0.0,24.5,40.21549784,0.034415584,-4.303138528,12.8,15.6,24.5636646,24.2
2025-06-01 02:15:00+00:00,412.6879579,0.0,24.5,42.88333333,0.337383244,-3.106666667,12.76717949,15.51964286,24.5,24.2
2025-06-01 02:30:00+00:00,411.9109861,0.0,24.5,46.52656301,1.13010303,-1.331818182,12.82029293,15.42666667,24.5,24.19888889
2025-06-01 02:45:00+00:00,412.3168605,0.0,24.5,49.59925824,3.351306761,0.19017094,12.9,15.4,24.5,24.1
2025-06-01 03:00:00+00:00,412.2550265,0.0,24.5,52.36980952,8.428755067,1.619047619,12.85979048,15.34,24.5,24.1
2025-06-01 03:15:00+00:00,411.6607085,0.0,24.40827202,55.60728956,12.6147732,3.502996633,12.906,15.3,24.5,24.1
2025-06-01 03:30:00+00:00,411.2183915,0.0,24.4,58.7735878,26.87874772,5.414025974,13.06180556,15.3,24.5,24.07815385
2025-06-01 03:45:00+00:00,411.7047274,0.0,24.4,61.59586941,36.04860029,7.182115801,13.33214286,15.3,24.5,24.0
2025-06-01 04:00:00+00:00,411.0024629,0.0,24.4,64.33966667,31.61409688,8.954074074,13.94172222,15.34968254,24.4075,24.0
2025-06-01 04:15:00+00:00,410.2077471,0.0,24.4,67.34581164,28.55789842,10.99078607,14.14507937,15.4,24.4,24.0
2025-06-01 04:30:00+00:00,409.3422619,0.0,24.31272727,70.4847619,25.48142027,13.10912698,14.1475873,15.4,24.4,24.0
2025-06-01 04:45:00+00:00,409.0221533,0.0,24.3,73.3018764,48.16665039,15.09039443,14.08723639,15.32857143,24.4,24.0
2025-06-01 05:00:00+00:00,408.3690236,0.0,24.3,76.23170996,97.43251486,17.16510823,14.4385,15.3,24.4,24.0
2025-06-01 05:15:00+00:00,408.2418023,0.0,24.3,79.21087061,112.969283,19.25650072,14.59631987,15.3,24.4,24.0
2025-06-01 05:30:00+00:00,408.5632467,0.0,24.3,82.04624359,62.96800207,21.27863021,14.77767007,15.37571429,24.4,24.0
2025-06-01 05:45:00+00:00,407.8633333,0.0,24.33762238,85.04333333,140.9183636,23.44722222,14.69450427,15.4,24.4,24.0
2025-06-01 06:00:00+00:00,406.9502273,0.0,24.30083333,87.99535243,176.8927231,25.52663448,14.73025079,15.42666667,24.4,24.0
2025-06-01 06:15:00+00:00,407.0433167,0.0,24.35796179,91.23522825,202.199739,27.77970996,14.95306349,15.5,24.4,24.0
2025-06-01 06:30:00+00:00,406.9659197,0.0,24.4,94.52494331,258.5276054,30.01130952,15.11238404,15.55952381,24.4,24.0
2025-06-01 06:45:00+00:00,406.9595521,0.0,24.4,97.35265873,216.2871455,31.9023545,15.20307204,15.70666667,24.40981814,24.0
2025-06-01 07:00:00+00:00,406.29,0.0,24.4,101.1111825,187.3881107,34.31597619,15.27228571,15.76533333,24.59188406,24.0
2025-06-01 07:15:00+00:00,404.8616402,0.0,24.4,104.6073918,226.9607889,36.43951659,15.28691919,15.78,24.52388889,24.04
2025-06-01 07:30:00+00:00,404.0503663,0.0,24.4,107.7615608,271.4782968,38.32539425,15.3825,15.6897619,24.5,24.1
2025-06-01 07:45:00+00:00,403.6929768,0.0,24.43666667,111.7713336,307.5939145,40.52101876,15.3544786,15.68416667,24.5,24.1
2025-06-01 08:00:00+00:00,403.6515873,0.0,24.5,115.6162564,279.7600145,42.46698653,15.21810053,15.65089947,24.5,24.1
2025-06-01 08:15:00+00:00,402.8477739,0.0,24.5,119.4572066,242.4006326,44.30274235,14.97690888,15.89893836,24.5,24.1
2025-06-01 08:30:00+00:00,402.5498889,0.0,24.5,123.4744705,239.0621329,46.06432967,15.02666667,15.73333333,24.52388889,24.14923633
2025-06-01 08:45:00+00:00,402.0100273,0.0,24.5,127.8169524,212.0696113,47.85866667,14.99988889,15.72166667,24.6,24.2
2025-06-01 09:00:00+00:00,401.4921053,0.0,24.51868908,132.7197908,233.0337928,49.58755772,15.50554902,15.59037698,24.6,24.2
2025-06-01 09:15:00+00:00,401.2678805,0.0,24.6,136.8762147,251.3015728,50.92204984,15.69914958,15.50892857,24.6,24.20864662
2025-06-01 09:30:00+00:00,400.0695971,0.0,24.6,142.7931385,317.5922491,52.54606421,15.97496296,15.6,24.64018946,24.3
2025-06-01 09:45:00+00:00,399.6717949,0.0,24.6,148.475254,391.8070449,53.83133333,15.93733333,15.71071429,24.74666667,24.3
2025-06-01 10:00:00+00:00,398.8818462,0.0,24.62307692,154.1713598,314.8376871,54.92079365,15.79218681,15.94666667,24.7,24.3
2025-06-01 10:15:00+00:00,398.3410993,0.0,24.7,159.9067744,450.364294,55.75773526,16.04118056,15.9947619,24.7,24.33644134
2025-06-01 10:30:00+00:00,398.5168606,0.0,24.7,165.4853054,538.1735453,56.39317532,16.67788552,16.09205556,24.76894535,24.4
2025-06-01 10:45:00+00:00,397.9596115,0.0,24.7,172.0906032,755.0925555,56.86722222,17.64466667,16.0952381,24.80245614,24.4
2025-06-01 11:00:00+00:00,398.2333333,0.0,24.78428571,178.3304052,746.7435868,57.06709957,18.3995959,16.2,24.89365079,24.41255102
2025-06-01 11:15:00+00:00,398.6876986,0.0,24.81333333,184.0063333,743.2227407,57.02666667,17.86,16.41677778,24.92666667,24.5
2025-06-01 11:30:00+00:00,397.5609594,0.0,24.9,190.9397143,732.352036,56.69632072,18.44192381,16.77692308,25.0876431,24.5121164
2025-06-01 11:45:00+00:00,398.7034577,0.0,24.96184456,196.4260734,729.4929543,56.26423143,18.39465397,16.616,25.05032277,24.59781914
2025-06-01 12:00:00+00:00,398.3958385,0.0,25.0,202.7957341,736.4940906,55.5,19.00621032,16.81142857,25.19357143,24.6
2025-06-01 12:15:00+00:00,397.3901829,0.0,25.07,208.2306926,732.1113176,54.62743257,19.13039369,16.855,25.24088624,24.66787879
2025-06-01 12:30:00+00:00,397.5822222,0.0,25.16666667,214.0681162,639.8550335,53.4580303,19.29045887,16.71950794,25.23333333,24.73074074
2025-06-01 12:45:00+00:00,396.9310297,0.0,25.2,218.9259768,720.7127617,52.27270408,19.2595181,16.53571429,25.34489796,24.8
2025-06-01 13:00:00+00:00,397.6925445,0.0,25.29952381,224.4780362,608.2736879,50.71111111,19.41235836,16.6,25.49809524,24.86483333
2025-06-01 13:15:00+00:00,396.9728494,0.0,25.39994949,229.2091641,617.8688064,49.15618651,20.03087626,16.79777778,25.59883838,24.93198718
2025-06-01 13:30:00+00:00,396.3721301,0.0,25.49568627,233.822464,392.3769056,47.42806624,19.98772487,16.73,25.63764706,25.03333333
2025-06-01 13:45:00+00:00,396.7745959,0.0,25.5,237.6760838,425.3474843,45.86362334,19.61350488,17.16607143,25.68130829,25.1
2025-06-01 14:00:00+00:00,396.4053061,0.0,25.59526827,242.0099316,493.7751145,43.91240456,19.69125593,16.98114286,25.7769025,25.17694678
2025-06-01 14:15:00+00:00,397.5619048,0.0,25.7,246.0430476,462.5267654,41.90456878,20.01366984,16.9,25.84190476,25.29136364
2025-06-01 14:30:00+00:00,396.7280093,0.0,25.78010204,249.5924083,512.7294744,40.0821602,21.06971283,16.89438776,25.97990596,25.35714286
2025-06-01 14:45:00+00:00,395.8333333,0.0,25.85201804,252.6824916,361.9415721,38.3486532,21.81254209,16.7,26.06787879,25.4
2025-06-01 15:00:00+00:00,395.7935484,0.0,25.9,257.0672273,149.8315364,35.74143939,21.55388889,16.7,26.1,25.4
2025-06-01 15:15:00+00:00,394.849188,0.0,25.9,260.2469774,85.31204998,33.75896296,21.21864646,16.7115,26.04342906,25.4
2025-06-01 15:30:00+00:00,394.9735215,0.0,25.9,262.6028267,90.53392126,32.19112507,21.08273135,16.90785714,25.9,25.4
2025-06-01 15:45:00+00:00,394.5892411,0.0,25.9,266.8673471,95.92599163,29.39044587,20.65601807,17.03333333,25.9,25.4
2025-06-01 16:00:00+00:00,394.6642814,0.0,25.9,270.1123528,51.28029382,27.14975577,20.57394709,17.16964286,25.9,25.4
2025-06-01 16:15:00+00:00,395.4459191,0.0,25.9,272.52,78.05935808,25.4465404,20.79781987,17.35892857,25.9,25.4
2025-06-01 16:30:00+00:00,395.6065244,0.0,25.9,276.1790646,88.55649281,22.88772263,20.08043819,17.525,25.9,25.4
2025-06-01 16:45:00+00:00,395.3213475,0.0,25.89626667,279.1263932,51.68536483,20.78116667,19.89593079,17.69333333,25.89626667,25.4
2025-06-01 17:00:00+00:00,396.2288889,0.0,25.8,281.9388537,50.49729129,18.77867907,19.68888238,17.76,25.8,25.4
2025-06-01 17:15:00+00:00,395.7236864,0.0,25.8,285.0229762,60.47511506,16.56005291,19.76925926,17.85222222,25.8,25.4
2025-06-01 17:30:00+00:00,396.9352459,0.0,25.8,288.0190193,94.56546484,14.48438209,19.90267857,17.94880952,25.8,25.4
2025-06-01 17:45:00+00:00,396.633349,0.0,25.8,290.9165269,59.66255815,12.46549158,19.94685714,18.068,25.8,25.39444444
2025-06-01 18:00:00+00:00,396.2600791,0.0,25.7315942,293.9236676,40.8262689,10.41751323,19.67613757,18.1,25.7315942,25.30074074
2025-06-01 18:15:00+00:00,395.0391363,0.0,25.7,296.5618711,30.75635248,8.699852158,19.52483785,18.17142857,25.7,25.3
2025-06-01 18:30:00+00:00,395.7958483,0.0,25.7,299.5506825,18.38664907,6.749222222,19.20764286,18.3,25.7,25.3
2025-06-01 18:45:00+00:00,394.4380014,0.0,25.7,302.6766465,15.22670936,4.832444444,19.04703205,18.42266667,25.7,25.3
2025-06-01 19:00:00+00:00,393.8608719,0.0,25.61809326,305.6376696,11.33943675,3.093560606,18.76724231,18.68380952,25.6308574,25.22686203
2025-06-01 19:15:00+00:00,394.4714073,0.0,25.67758621,308.7832622,5.97286641,1.273855906,18.57142857,18.81947279,25.66274872,25.27857143
2025-06-01 19:30:00+00:00,394.4582751,0.0,25.6,311.8701587,1.88929324,-0.265714286,18.1807619,18.89333333,25.6,25.2
2025-06-01 19:45:00+00:00,394.8750178,0.0,25.51393939,314.8791173,0.657562884,-1.753901404,17.83010321,18.84333333,25.55083333,25.2
2025-06-01 20:00:00+00:00,395.6640632,0.0,25.5,318.1721102,0.227899267,-3.308387464,17.37792157,18.78571429,25.5,25.11333333
2025-06-01 20:15:00+00:00,395.9642857,0.0,25.5,321.3536436,0.006722689,-4.659005102,16.86720238,18.66428571,25.5,25.1
2025-06-01 20:30:00+00:00,395.9397674,0.0,25.5,324.4194628,0.0,-5.92957265,16.21269943,18.55532828,25.5,25.1
2025-06-01 20:45:00+00:00,396.9174133,0.0,25.44848485,327.7233333,0.0,-7.117333333,15.71847619,18.36311111,25.51869875,25.09611111
2025-06-01 21:00:00+00:00,397.4426954,0.0,25.4,331.1004683,0.0,-8.27223436,15.45647619,18.1970068,25.42666667,25.0
2025-06-01 21:15:00+00:00,397.9928571,0.0,25.4,334.6647789,0.0,-9.292244898,15.31959184,17.94183673,25.4,25.0
2025-06-01 21:30:00+00:00,398.4276994,0.0,25.35449074,337.4715098,0.0,-10.02902894,15.14492997,17.745,25.39761404,25.0
2025-06-01 21:45:00+00:00,399.4081794,67.89058164,25.25928571,341.2311285,0.0,-10.85106153,14.88216287,16.80055556,25.32698924,24.89145455
2025-06-01 22:00:00+00:00,403.5363445,35.78165266,25.2,344.7856066,0.0,-11.48730159,14.8522038,16.30714286,25.2,24.73021978
2025-06-01 22:15:00+00:00,407.4638109,128.5177778,25.16,348.3700114,0.0,-12.02216524,14.55651746,16.01037037,25.19333333,24.75074074
2025-06-01 22:30:00+00:00,424.0349471,264.4817656,24.96617827,351.6373333,0.0,-12.39580952,14.18453333,15.21944444,25.01939394,24.48836538
2025-06-01 22:45:00+00:00,428.5175859,257.7892318,24.67024191,355.5483042,0.0,-12.64742857,14.25565657,14.86533333,24.79630252,24.252
2025-06-01 23:00:00+00:00,431.0049036,262.3904415,24.53676471,328.1547109,0.0,-12.77487245,13.99972222,14.60615385,24.63676471,24.03166667
2025-06-01 23:15:00+00:00,431.0784206,266.1961988,24.37197643,2.284141414,0.0,-12.72666667,13.49222222,14.39027778,24.56759259,24.00969697
2025-06-01 23:30:00+00:00,432.5286063,262.7903227,24.23776224,5.35819697,0.0,-12.58943939,13.04735606,14.11333333,24.50290123,23.84
2025-06-01 23:45:00+00:00,435.5838668,265.1654601,24.05857298,9.729666667,0.0,-12.24992593,12.66759259,13.81666667,24.43361328,23.66666667
2025-06-02 00:00:00+00:00,436.8857217,266.4240105,23.88246753,13.17470779,0.0,-11.85887755,12.30995761,13.59230769,24.2696274,23.53928571
2025-06-02 00:15:00+00:00,437.3524544,263.6240371,23.74239766,16.16098942,0.0,-11.42838095,12.42696296,13.35777778,24.12263198,23.41288889
2025-06-02 00:30:00+00:00,438.7188617,262.6672265,23.6454321,19.93902686,0.0,-10.70138126,11.98727833,13.30466667,23.95077095,23.2942213
2025-06-02 00:45:00+00:00,439.1839914,264.2953227,23.51385281,23.27116704,0.0,-9.945821662,11.89710114,13.07933673,23.86058465,23.11983333
2025-06-02 01:00:00+00:00,440.1555556,263.2593492,23.41333333,26.55626068,0.0,-9.053611111,11.71358547,12.9,23.78666667,22.96222222
2025-06-02 01:15:00+00:00,439.7674742,265.7051282,23.29509818,30.18789174,0.0,-7.939267399,11.27825397,12.74740741,23.71956989,22.87809524
2025-06-02 01:30:00+00:00,440.5157679,261.0355659,23.14717949,33.63996633,0.0,-6.760481482,11.00555556,12.51377778,23.61090909,22.79277778
2025-06-02 01:45:00+00:00,441.2125295,266.2941761,23.01308405,36.69694139,0.0,-5.612254571,10.86694496,12.35964286,23.52191539,22.6452381
2025-06-02 02:00:00+00:00,441.255462,264.1408754,22.86228889,39.11916667,0.0,-4.629814815,10.79111667,12.3,23.40598752,22.55468531
2025-06-02 02:15:00+00:00,441.8024526,272.8406648,22.75066667,42.54616667,0.600124726,-3.076666667,10.65242792,12.2317037,23.25066667,22.4
2025-06-02 02:30:00+00:00,442.5907563,268.8775616,22.64138078,45.94987356,2.023156138,-1.510725886,10.4500344,12.03711929,23.15959728,22.38648148
2025-06-02 02:45:00+00:00,444.3469127,271.3305877,22.5,49.44844863,5.297828705,0.226995505,10.21964286,11.83809524,23.02753189,22.26215986
2025-06-02 03:00:00+00:00,444.9186508,96.26452991,22.43418082,52.28690632,11.32657102,1.734506069,10.08222896,11.72740741,22.86629236,22.15991667
2025-06-02 03:15:00+00:00,442.2554906,53.79740369,22.50734403,55.5412963,28.30514525,3.62770202,10.16681481,18.43,23.04878788,22.28111111
2025-06-02 03:30:00+00:00,440.3458747,53.99931457,22.59795918,58.23142857,48.32790104,5.260139147,10.42445918,21.26886905,23.09030176,22.3981203
2025-06-02 03:45:00+00:00,439.7552054,54.21422175,22.60024691,61.24926479,71.31995001,7.11983165,10.71847513,19.75425926,23.1,22.4
2025-06-02 04:00:00+00:00,440.3941463,54.64623685,22.7,64.41644637,99.48073276,9.16590861,11.1101664,19.6,23.1,22.46708333
2025-06-02 04:15:00+00:00,439.4701652,53.48552576,22.7,67.34652941,123.3412754,11.12005135,11.3409085,19.66666667,23.16484848,22.5
2025-06-02 04:30:00+00:00,439.1995234,53.14847776,22.79715666,69.56723646,150.7228798,12.64508739,11.70083389,19.48132812,23.2,22.50565873
2025-06-02 04:45:00+00:00,437.9069476,53.45549393,22.8,73.23838095,176.6420121,15.19047619,12.03,19.25904762,23.13777778,22.6
2025-06-02 05:00:00+00:00,437.3143983,53.16132942,22.85717621,76.18813131,198.4131641,17.27608586,12.32605051,19.10904762,23.19419355,22.6
2025-06-02 05:15:00+00:00,438.8292465,52.49808768,22.9,79.0438925,222.1807426,19.31046176,12.56401876,19.2,23.2,22.69285714
2025-06-02 05:30:00+00:00,447.8475204,51.74717278,22.9245,81.83027778,246.0539178,21.31583333,13.07555556,18.98533333,23.2,22.72537037
2025-06-02 05:45:00+00:00,456.1514452,53.14690425,23.0,84.6425404,261.1789669,23.31190548,13.51925253,18.85266667,23.2,22.8
2025-06-02 06:00:00+00:00,525.2388889,58.15603757,23.20666667,88.16046825,252.3335055,25.78486243,14.14363413,18.53714286,23.2,22.8
2025-06-02 06:15:00+00:00,604.9809524,87.81359649,23.53889635,91.18291085,238.8740149,27.91177229,14.29398496,18.3,23.19397601,22.85037594
2025-06-02 06:30:00+00:00,596.3286869,129.469596,23.60356744,94.28054545,329.0312152,30.00845887,14.5423359,18.15333333,23.45090909,23.11916667
2025-06-02 06:45:00+00:00,579.3820457,177.2538295,23.58611111,97.59329101,406.370564,32.19899206,14.88482222,17.61888889,23.37942779,23.44705882
2025-06-02 07:00:00+00:00,632.1739066,220.5050895,23.63693734,100.8405387,374.9153632,34.3013468,15.71815873,17.33169048,23.57530256,23.6283676
2025-06-02 07:15:00+00:00,675.1804113,265.1237528,23.78571429,104.0448683,541.031877,36.27592893,15.88447872,17.07071429,23.92309524,23.74285714
2025-06-02 07:30:00+00:00,668.5166592,270.6644063,23.87061538,107.7251708,554.5956683,38.41216354,16.19333333,16.90933333,24.03673826,23.67333333
2025-06-02 07:45:00+00:00,533.6401501,268.6686869,23.67175214,111.5868024,490.5158899,40.55106943,16.6487412,17.21214286,24.08015152,23.7752381
2025-06-02 08:00:00+00:00,504.7825032,271.8613938,23.6,115.3327842,527.6086789,42.49858328,16.80732488,17.24320124,23.90493023,23.92111638
2025-06-02 08:15:00+00:00,520.5466667,265.2472391,23.58666667,119.4471373,532.5950198,44.45461538,16.90808333,17.18702381,23.964,24.18305556
2025-06-02 08:30:00+00:00,518.358503,265.4734545,23.53545455,123.69994,458.6096154,46.31734392,17.11164713,17.4,23.9,24.30125
2025-06-02 08:45:00+00:00,497.1888342,271.0808567,23.5,127.9831633,466.3419271,48.07440476,17.125,17.18764172,23.94276609,24.06450288
2025-06-02 09:00:00+00:00,507.5359644,271.4582764,23.50153846,132.6443681,278.431672,49.69433333,16.5949206,16.92222222,23.97893162,23.96232804
2025-06-02 09:15:00+00:00,497.5007753,270.3285409,23.56694444,137.5669501,291.4102346,51.24275804,16.64844862,17.02687075,24.09964286,24.0
2025-06-02 09:30:00+00:00,492.763268,271.1045295,23.57085965,143.3653076,408.2968616,52.81858466,16.34299945,17.125,24.13091264,24.0
2025-06-02 09:45:00+00:00,489.5114796,262.524947,23.50976754,148.4476257,209.3609809,53.98329097,16.76509391,17.1,24.16102805,23.94464286
2025-06-02 10:00:00+00:00,494.3624555,263.3633667,23.5,152.5546905,257.4808333,54.76,16.71790476,16.88666667,24.07317662,23.51167039
2025-06-02 10:15:00+00:00,488.727381,262.414153,23.5,159.8334509,93.8301132,55.88732143,15.99514652,16.43571429,24.02545113,23.5064832
2025-06-02 10:30:00+00:00,532.6442121,267.887239,23.45619048,165.4572588,61.00219933,56.50524531,13.80949837,15.80936508,23.92638909,23.65897143
2025-06-02 10:45:00+00:00,607.5503848,272.4670803,23.36685123,171.8905088,178.1850124,56.97496866,12.94544339,16.90873016,23.90930193,23.95538462
2025-06-02 11:00:00+00:00,602.8599767,271.755567,23.49100951,178.3565476,363.025364,57.17142857,13.54806548,17.32122449,24.0,23.70076531
2025-06-02 11:15:00+00:00,612.6339729,272.6762928,23.46949093,184.3489392,643.5633284,57.1556229,14.69111111,17.39387755,24.08736842,23.51333333
2025-06-02 11:30:00+00:00,614.8118379,270.6834565,23.50295676,190.0448165,153.6743169,56.90672748,15.75680839,17.29583333,24.1,23.4984127
2025-06-02 11:45:00+00:00,631.5665893,270.4337579,23.68852669,196.8012249,275.9096868,56.37887037,14.41565873,16.61642857,24.1,23.46083333
2025-06-02 12:00:00+00:00,601.8746392,273.0533151,23.68630952,202.8902262,451.428978,55.62142342,14.48670635,17.17142857,24.27435065,23.49488456
2025-06-02 12:15:00+00:00,587.0404028,268.1787103,23.64711905,208.3208972,458.361751,54.76342307,15.48890851,17.29766667,24.53002536,23.64456085
2025-06-02 12:30:00+00:00,630.9806397,267.814553,23.84648287,214.3820238,396.6061556,53.52952381,16.30962963,17.40111111,24.55,23.47279461
2025-06-02 12:45:00+00:00,667.7845725,265.1210247,24.03173778,219.1187925,426.0431017,52.39061224,16.56283305,17.43571429,24.55945587,23.66269445
2025-06-02 13:00:00+00:00,644.0251968,267.477189,24.13883175,224.4850926,384.2531976,50.8447381,16.64812646,17.25111111,24.28298644,23.67916667
2025-06-02 13:15:00+00:00,637.2523074,269.3720117,24.18795706,229.2665749,487.1330273,49.27564626,17.72655844,17.6,24.29502165,23.7
2025-06-02 13:30:00+00:00,577.8741431,272.0521152,24.13335764,233.4237037,145.545771,47.75342593,17.28749074,17.33928571,24.33367965,23.79722222
2025-06-02 13:45:00+00:00,468.2252798,272.6649483,23.88958923,238.0707784,19.44781006,45.84044872,14.55409615,15.69933333,24.36715924,23.56074074
2025-06-02 14:00:00+00:00,461.8918599,113.6759794,23.83214286,241.9285147,35.69816115,44.12029478,12.18250567,15.60446429,24.44492699,23.4047952
2025-06-02 14:15:00+00:00,467.682834,55.73435075,23.93777778,246.2378296,85.02194054,41.99791764,11.64074074,16.98114286,24.3294525,23.5
2025-06-02 14:30:00+00:00,460.1472714,56.46552498,24.0,249.9486676,278.0890119,39.99855311,12.02811813,17.37612245,24.15747408,23.55774725
2025-06-02 14:45:00+00:00,455.2417486,55.9973841,24.086002,253.2888889,568.1289473,38.10666667,13.02842424,16.64622222,24.28713187,23.62761905
2025-06-02 15:00:00+00:00,451.3520667,55.12603896,24.26190476,257.1615079,524.2581575,35.83983844,14.51017857,17.39857143,24.36885714,23.8270872
2025-06-02 15:15:00+00:00,447.3403714,55.93663414,24.31641623,260.3979798,297.3250166,33.81575758,15.26812121,16.61407407,24.40225761,23.9
2025-06-02 15:30:00+00:00,443.4531401,56.22019316,24.3,263.875871,144.8636259,31.55615163,15.45119341,17.38,24.4,23.9
2025-06-02 15:45:00+00:00,439.3310162,55.11975813,24.34534161,266.8315646,292.0553559,29.58266156,15.93863946,16.92166667,24.47217437,23.92232143
2025-06-02 16:00:00+00:00,434.3256283,55.56911765,24.53386111,270.2200926,331.0332377,27.24565344,16.9213,17.70457143,24.6,24.09333333
2025-06-02 16:15:00+00:00,432.6739927,55.60045252,24.5,273.1961538,373.0298451,25.14600384,17.43685679,17.07619048,24.6,24.1
2025-06-02 16:30:00+00:00,433.4620299,55.46008202,24.5,276.0100269,357.3609854,23.18393771,17.81876441,17.47880952,24.6,24.1
2025-06-02 16:45:00+00:00,433.2562817,56.43913919,24.5,279.1620833,316.5140457,20.91040584,17.83820391,17.6,24.51011905,24.1
2025-06-02 17:00:00+00:00,437.017006,55.5399933,24.5,282.0881866,268.5748105,18.82097643,17.83271878,17.504,24.5,24.1
2025-06-02 17:15:00+00:00,440.6836876,55.57500541,24.5,285.0405703,129.263665,16.74146568,17.23883993,17.14206349,24.50358442,24.13715659
2025-06-02 17:30:00+00:00,436.8442941,55.30117205,24.5,287.9635498,93.98149009,14.63433918,16.79306838,16.69136508,24.50930504,24.1
2025-06-02 17:45:00+00:00,432.8619969,55.10524754,24.5,291.0015476,168.9425098,12.55402381,17.13031111,15.2367619,24.66070175,24.1
2025-06-02 18:00:00+00:00,430.9064693,13.05525734,24.5,293.9170592,70.45066152,10.57077098,16.61705045,14.71242063,24.6453154,24.1
2025-06-02 18:15:00+00:00,432.0831453,0.172222222,24.5,296.8510714,83.38564204,8.634603175,16.37345238,15.28283333,24.5,24.1
2025-06-02 18:30:00+00:00,436.8522227,0.0,24.5,299.5863654,23.67674084,6.879167182,15.73069805,15.80309524,24.5,24.1475383
2025-06-02 18:45:00+00:00,455.9334018,0.0,24.5,302.781218,17.10034365,4.90580112,15.08593669,16.42153704,24.5,24.2
2025-06-02 19:00:00+00:00,468.5962265,0.0,24.5,305.7126515,17.31277291,3.167407407,14.80352137,16.773,24.5,24.2
2025-06-02 19:15:00+00:00,484.0992987,0.0,24.5,308.8389247,6.899266269,1.424081633,14.34514018,16.9,24.5,24.2
2025-06-02 19:30:00+00:00,491.8177674,0.0,24.5,311.9210028,3.747479069,-0.160763588,13.89402116,16.9,24.5,24.2
2025-06-02 19:45:00+00:00,492.5284595,0.0,24.5,314.9115672,1.477799029,-1.628553391,13.49986905,16.9,24.5,24.2
2025-06-02 20:00:00+00:00,482.3348875,0.0,24.5,318.1156412,0.321721248,-3.124900794,12.99046212,16.89792593,24.5,24.13878788
2025-06-02 20:15:00+00:00,471.9688853,0.0,24.5,321.2876801,0.036634199,-4.538089054,12.81591837,16.73571429,24.5,24.1
2025-06-02 20:30:00+00:00,461.8799638,0.0,24.5,324.449119,0.0,-5.780901876,12.64233772,16.51126984,24.5,24.1
2025-06-02 20:45:00+00:00,453.5339478,0.0,24.5,327.8666936,0.0,-7.059944444,12.62860741,16.3,24.5,24.1
2025-06-02 21:00:00+00:00,447.1998227,61.30811942,24.43896104,331.3076786,0.0,-8.169897959,12.41944898,15.1077381,24.55898268,24.04285714
2025-06-02 21:15:00+00:00,441.94838,107.7670832,24.31306667,334.5134086,0.0,-9.113528139,12.46551804,14.22666667,24.4,23.9775507
2025-06-02 21:30:00+00:00,438.0575176,104.3668228,24.22,337.811148,0.0,-9.95622449,12.74971514,14.36709184,24.31625,23.9
2025-06-02 21:45:00+00:00,437.1076923,103.542963,24.14546066,341.3183889,0.0,-10.74305556,12.95259259,14.58444444,24.25433333,23.9
2025-06-02 22:00:00+00:00,435.2817916,104.6971795,24.04666667,344.8931929,0.0,-11.38111111,12.89615568,14.6,24.21366667,23.76285714
2025-06-02 22:15:00+00:00,435.1997565,103.4886185,24.0,348.3575577,0.0,-11.8992298,12.92916446,14.5625,24.12777778,23.7
2025-06-02 22:30:00+00:00,433.7169225,107.5667065,23.95206349,351.8395635,0.0,-12.24380423,12.84281061,14.49133333,24.01933039,23.62152381
2025-06-02 22:45:00+00:00,433.9588174,98.33858655,23.88927263,355.309153,0.0,-12.51352041,12.90428571,14.4,24.0,23.50714286
2025-06-02 23:00:00+00:00,434.3994977,103.4537674,23.76602771,314.7819078,0.0,-12.6,12.78429792,14.33166667,24.003822,23.47454545
2025-06-02 23:15:00+00:00,435.826052,100.1184949,23.65714286,2.408329171,0.0,-12.6,12.37197279,14.13846154,23.85714286,23.43308123
2025-06-02 23:30:00+00:00,436.9873395,106.1782516,23.6,5.906684575,0.0,-12.47266667,12.132,13.89047619,23.8,23.36336182
2025-06-02 23:45:00+00:00,438.3317547,104.8709528,23.52928571,9.599050505,0.0,-12.1533468,11.74912963,13.67269841,23.77150666,23.31619048
2025-06-03 00:00:00+00:00,440.1243697,110.6964286,23.5,13.15502394,0.0,-11.74280878,11.31833056,13.27785714,23.73283313,23.23571429
2025-06-03 00:15:00+00:00,441.1818182,108.0654506,23.49555556,16.65271664,0.0,-11.18596121,10.88397403,12.91266667,23.72479244,23.13416667
2025-06-03 00:30:00+00:00,441.3210184,113.4791452,23.37227891,20.0187281,0.0,-10.55210034,10.68428571,12.66623932,23.63730674,23.03711735
2025-06-03 00:45:00+00:00,442.6397879,121.4224664,23.27205128,23.2407963,0.0,-9.77411544,10.50491111,12.49433333,23.6631746,22.93818182
2025-06-03 01:00:00+00:00,442.8496534,124.2242246,23.19757576,26.97554497,0.0,-8.801375661,10.24295238,12.17488889,23.64365079,22.84176471
2025-06-03 01:15:00+00:00,442.6569728,134.3000036,23.07244898,30.2025,0.0,-7.8,10.07530612,11.99285714,23.56433067,22.61190476
2025-06-03 01:30:00+00:00,441.3991414,151.1805094,22.94,33.54921795,0.0,-6.646522792,9.97225,11.86,23.32521392,22.50886772
2025-06-03 01:45:00+00:00,440.7337662,152.3137927,22.8475,36.62061224,0.0,-5.479631519,10.048322,11.8,23.20782468,22.4
2025-06-03 02:00:00+00:00,439.5730458,172.9576552,22.77444444,39.94855411,0.202306438,-4.119444444,10.8118254,11.77222222,23.13075665,22.30984127
2025-06-03 02:15:00+00:00,440.8719192,182.7739766,22.64,43.18251852,0.989654945,-2.679555556,10.35602407,11.53892857,22.98,22.18437037
2025-06-03 02:30:00+00:00,443.5011607,209.434942,22.54220779,46.30181319,2.981747733,-1.164761905,9.652514914,11.33142857,22.86452922,22.09203019
2025-06-03 02:45:00+00:00,446.6222222,254.4697413,22.44410256,49.38000956,8.690039616,0.367723647,9.206095238,11.01888889,22.78454791,22.07507937
2025-06-03 03:00:00+00:00,448.0046133,65.82236165,22.32646259,52.42257937,20.63522329,1.990442177,8.971428571,10.84285714,22.62857143,22.05857143
2025-06-03 03:15:00+00:00,446.326158,58.91559171,22.4,55.37432194,39.07316275,3.633689459,9.000606061,18.22222222,22.76354345,22.1
2025-06-03 03:30:00+00:00,446.9777118,55.33431696,22.39533512,58.44834184,62.25085739,5.524617347,9.175637755,19.61209184,22.88035714,22.18010204
2025-06-03 03:45:00+00:00,448.6571429,54.14662885,22.4,61.24357576,86.31928845,7.267530303,9.421272727,18.02619048,22.9,22.2
2025-06-03 04:00:00+00:00,447.2544037,53.52503871,22.47874564,64.21422292,112.7331936,9.198639456,9.695318749,18.87857143,22.9,22.27912088
2025-06-03 04:15:00+00:00,447.9973545,54.08393445,22.5,67.228,139.1869219,11.18487607,9.976,18.63333333,22.9,22.3
2025-06-03 04:30:00+00:00,446.4236213,51.97361111,22.50989899,70.29143569,173.5801393,13.3079477,10.52907672,18.62,22.86367251,22.37454545
2025-06-03 04:45:00+00:00,446.113825,49.85916089,22.59773946,73.40954823,197.1657979,15.48619048,10.89233405,18.87777778,22.8877193,22.4
2025-06-03 05:00:00+00:00,445.9046465,49.16830918,22.64173913,75.8387037,223.3219598,17.19130556,11.24926786,18.7297619,23.0,22.4
2025-06-03 05:15:00+00:00,442.367896,49.15842147,22.7,78.98459751,260.0800391,19.42909297,11.66818821,18.52142857,22.93729323,22.42666667
2025-06-03 05:30:00+00:00,455.3032523,53.26594517,22.7,81.93825397,290.247371,21.53940476,11.65746032,18.6,23.03079365,22.5
2025-06-03 05:45:00+00:00,458.8387335,51.88292757,22.75875,84.88809524,321.7824326,23.67829365,11.6358664,18.6,23.1,22.5
2025-06-03 06:00:00+00:00,468.7648952,51.31453159,22.74977667,88.03309524,359.1295434,25.87369048,12.11486678,18.16153846,23.1,22.5
2025-06-03 06:15:00+00:00,491.4689681,50.59902835,22.82171598,90.92701798,409.8816407,27.90197802,12.54311081,18.08782051,23.1,22.55144399
2025-06-03 06:30:00+00:00,530.5538462,51.01538462,23.03128205,94.28363858,260.3635128,30.17002442,12.51117216,18.07833333,23.16564103,22.6
2025-06-03 06:45:00+00:00,545.6457383,58.57937524,23.00769231,97.37006882,373.3473626,32.21854396,12.63411602,17.65769231,23.47923552,22.6
2025-06-03 07:00:00+00:00,595.6852356,62.96803245,23.27492813,100.6302333,526.552738,34.29054335,12.85089473,17.63714286,23.61860192,22.69882785
2025-06-03 07:15:00+00:00,628.7419623,89.15250072,23.415338,104.094577,599.7705179,36.45811111,13.27590525,17.22,23.75628594,23.35639187
2025-06-03 07:30:00+00:00,603.6237499,118.5615433,23.42036444,107.5113318,558.4103326,38.46104657,13.7668631,17.2,23.77346008,23.62206349
2025-06-03 07:45:00+00:00,561.2718713,155.7731728,23.46760095,111.3089815,391.9314018,40.58726852,13.45439815,17.18,23.8,23.14687446
2025-06-03 08:00:00+00:00,541.7789322,190.6107837,23.44049784,115.397963,477.8262662,42.67481481,13.72369048,17.09102564,23.95454967,23.05444444
2025-06-03 08:15:00+00:00,525.8277319,223.3787739,23.51321429,119.2865085,265.6798208,44.54044374,13.4499279,17.04357143,24.59008817,23.18937866
2025-06-03 08:30:00+00:00,531.5071141,259.6431054,23.41985348,123.5586328,732.7680523,46.40725637,13.86477778,17.06,24.85408133,23.34486772
2025-06-03 08:45:00+00:00,529.6604352,269.3551243,23.4,127.7777211,701.3977343,48.09166667,14.83503401,17.2,25.03452965,23.35022009
2025-06-03 09:00:00+00:00,534.2587711,270.2663646,23.44266277,132.4935633,724.9572955,49.79746439,15.38298576,17.23555556,24.91670762,23.39933333
2025-06-03 09:15:00+00:00,571.6616562,275.8618109,23.65820314,137.5180754,728.0276345,51.38106576,15.22025046,17.05,24.59852217,23.22142857
2025-06-03 09:30:00+00:00,618.5848889,270.0573333,23.67534886,142.5626394,635.6612517,52.73569088,16.00960317,17.04766667,24.50272727,23.36185185
2025-06-03 09:45:00+00:00,620.2307208,265.7557413,23.78274564,147.7595583,803.0116491,53.97493357,17.25130952,17.018,24.5012488,23.76687749
2025-06-03 10:00:00+00:00,674.6426407,265.5783351,23.98976102,153.0403175,744.9713095,54.98619048,17.32539683,16.85714286,24.35297172,23.9
2025-06-03 10:15:00+00:00,620.5469767,271.8690304,23.89230682,159.3467937,750.8376399,55.95308099,17.98112373,17.13634921,24.3663587,23.37636364
2025-06-03 10:30:00+00:00,634.4155844,269.2753494,23.7,164.3141865,758.001324,56.49671202,18.37339569,17.26607143,24.36892857,23.52857143
2025-06-03 10:45:00+00:00,652.3565268,266.2697341,23.7,171.0003333,764.5021539,57.03922222,18.68686071,17.11880952,24.37156578,23.86666667
2025-06-03 11:00:00+00:00,646.6451942,268.9701799,23.62673991,178.3790923,768.9669309,57.3,18.50700899,17.34,24.3501465,23.95167458
2025-06-03 11:15:00+00:00,643.2004906,261.5511583,23.65905445,184.4942063,773.7633181,57.27777778,18.51849206,17.65714286,24.59428571,24.04309524
2025-06-03 11:30:00+00:00,634.2454498,266.4721219,23.66465789,190.5118681,775.2819826,57.00564103,17.96418132,17.29777778,24.62700855,23.84833333
2025-06-03 11:45:00+00:00,571.4194994,265.3990424,23.7,196.3547887,782.3666018,56.54543651,19.03098296,17.62964286,24.79186766,23.44357143
2025-06-03 12:00:00+00:00,610.3752822,269.6176439,23.83903743,202.6932253,671.1494262,55.79196261,18.81271746,17.65837037,24.80333333,23.48490196
2025-06-03 12:15:00+00:00,674.8049885,271.193322,24.00430861,207.8708485,480.4776598,54.98309703,17.70644004,17.4457483,24.70845583,23.52085714
2025-06-03 12:30:00+00:00,665.1529913,271.803257,24.16348839,214.1800238,672.7364681,53.70864286,18.45355237,17.58244444,24.51944756,23.5
2025-06-03 12:45:00+00:00,619.7179309,264.1908064,24.04897959,219.6308071,739.3200081,52.3692602,18.7808331,17.55,24.51520821,23.5204932
2025-06-03 13:00:00+00:00,601.2814312,269.7571752,24.11873397,224.5374298,694.5396366,50.96854457,19.05788675,17.4,24.55168991,23.6
2025-06-03 13:15:00+00:00,471.4893939,268.5693213,23.89029812,229.391045,659.89222,49.36286676,18.7387,15.66380952,25.03084775,23.6
2025-06-03 13:30:00+00:00,453.2168367,271.3242773,23.8,233.764488,515.7007721,47.74500222,18.4389025,16.07128685,25.1,23.49880952
2025-06-03 13:45:00+00:00,448.2206189,271.4038462,23.71722222,238.114987,477.2808475,45.94106878,17.85880952,16.22444444,24.74231013,23.31777778
2025-06-03 14:00:00+00:00,444.1426446,106.2496039,23.83844784,242.2579252,520.9582402,44.07854592,18.01695027,16.42013889,24.82495907,23.43573094
2025-06-03 14:15:00+00:00,449.2420005,51.78762312,24.10107162,246.1950998,520.5478501,42.13143723,19.12976862,17.76821429,25.12169816,23.66666667
2025-06-03 14:30:00+00:00,465.3093885,51.88804318,24.22965595,249.4941497,478.2934923,40.42339089,19.70781179,16.84517007,25.0065698,23.81073763
2025-06-03 14:45:00+00:00,471.3741962,51.00730381,24.37268783,253.7759127,358.2939469,38.03733333,18.96933333,16.84539683,24.9,23.9
2025-06-03 15:00:00+00:00,458.8958978,52.72018722,24.46587924,257.1452041,376.7943764,35.97653061,19.27052688,17.37857143,24.9005291,23.97571429
2025-06-03 15:15:00+00:00,453.4435724,51.5395174,24.53403367,260.3664815,350.561476,33.99277778,19.10525505,17.75166667,25.01843098,24.05888889
2025-06-03 15:30:00+00:00,447.2413119,51.05796485,24.60660936,263.9064626,334.6072681,31.70442177,19.31428571,17.5,25.1,24.2
2025-06-03 15:45:00+00:00,445.8807793,52.02679543,24.68887989,267.0708889,360.7651575,29.568,20.0244,17.34888889,25.16194872,24.30031746
2025-06-03 16:00:00+00:00,445.6911001,51.2962963,24.7762963,270.1909744,336.0998721,27.40594139,20.10786081,17.17857143,25.29458333,24.4
2025-06-03 16:15:00+00:00,443.6043367,51.74665775,24.90168067,273.2555924,246.2229225,25.26644558,20.04357143,16.95897436,25.36493506,24.46428571
2025-06-03 16:30:00+00:00,442.4580897,2.838596491,24.96166667,276.1943704,180.7620475,23.20725926,19.428,16.8,25.4,24.5
2025-06-03 16:45:00+00:00,442.0005966,0.0,25.0,279.2362642,178.8331868,20.9920068,18.94595238,16.91666667,25.37724868,24.52142857
2025-06-03 17:00:00+00:00,444.4131871,0.0,25.09277778,282.0993276,152.205437,18.97772006,18.67805556,17.31333333,25.48,24.6
2025-06-03 17:15:00+00:00,462.4712729,0.0,25.1,285.2092778,117.1452438,16.75983333,16.9903545,17.89166667,25.5,24.6
2025-06-03 17:30:00+00:00,463.4429959,0.0,25.1,288.0539683,86.68065947,14.75556973,16.35691327,17.6875,25.44920635,24.6
2025-06-03 17:45:00+00:00,455.5218545,0.0,25.1,290.9622222,62.57114851,12.74638889,16.14671481,17.60714286,25.3,24.6
2025-06-03 18:00:00+00:00,461.0511603,0.0,25.1,293.8649134,45.4215543,10.77084225,15.39144365,18.28401361,25.3,24.6
2025-06-03 18:15:00+00:00,487.879328,0.0,25.1,296.8308832,32.82497593,8.793476801,14.6906254,18.40888889,25.27888889,24.6
2025-06-03 18:30:00+00:00,483.4088697,0.0,25.1,299.7927509,22.73102896,6.880713334,14.27305901,18.37214286,25.2,24.55
2025-06-03 18:45:00+00:00,480.0392414,0.0,25.0337504,302.7199444,15.43652244,5.10676455,14.11778114,18.35665079,25.21378307,24.5
2025-06-03 19:00:00+00:00,479.9500378,0.0,25.0,305.6800649,9.352089172,3.335647547,14.05630231,18.0255102,25.13751526,24.5
2025-06-03 19:15:00+00:00,479.5908514,0.0,24.9708832,308.7441859,4.845301822,1.576862674,13.8536464,18.35022222,25.1068254,24.45333333
2025-06-03 19:30:00+00:00,481.0562191,0.0,24.9,311.8403175,1.958519772,-0.006439909,13.74061224,17.96428571,25.04444898,24.4
2025-06-03 19:45:00+00:00,473.3641519,0.0,24.87165342,314.8500002,0.736918597,-1.457296777,13.68849339,17.82,25.0,24.4
2025-06-03 20:00:00+00:00,466.4554192,0.0,24.8,318.2136171,0.189781269,-3.037858586,13.73695758,17.9,24.99333333,24.39833333
2025-06-03 20:15:00+00:00,465.3028571,0.0,24.76346154,321.4538974,0.003401361,-4.454761905,13.74514881,17.9,24.9,24.3
2025-06-03 20:30:00+00:00,463.310565,0.0,24.7,324.6537169,0.0,-5.749259259,13.74808519,17.9,24.83651888,24.3
2025-06-03 20:45:00+00:00,459.3238095,0.0,24.7,327.6751255,0.0,-6.85359129,13.79285714,17.9375,24.8,24.22857143
2025-06-03 21:00:00+00:00,455.4092641,64.08352814,24.63090909,331.256119,0.0,-8.043862434,13.80037037,16.73333333,24.73090909,24.16583333
2025-06-03 21:15:00+00:00,450.6784262,102.5183891,24.50549398,334.3919643,0.0,-8.966428571,13.86006494,15.14285714,24.60538575,24.03571429
2025-06-03 21:30:00+00:00,445.4523656,46.98498061,24.43520833,337.7810053,0.0,-9.838624339,13.97115873,15.18,24.50852665,23.91333333
2025-06-03 21:45:00+00:00,444.0912698,0.0,24.5,341.3757733,0.0,-10.64784257,14.03134921,15.64357143,24.5,24.0
2025-06-03 22:00:00+00:00,440.0409812,0.0,24.41133333,344.7911508,0.0,-11.26688095,13.99959788,15.92,24.5,23.94444444
2025-06-03 22:15:00+00:00,437.0927924,0.0,24.4,348.4556197,0.0,-11.79083333,14.07205556,15.872,24.5,23.9
2025-06-03 22:30:00+00:00,435.1317237,0.0,24.4,351.8311111,0.0,-12.14747166,14.03571429,15.96428571,24.55761905,23.9
2025-06-03 22:45:00+00:00,433.9703852,15.55286195,24.34478062,355.2846519,0.0,-12.39333333,13.99077381,15.92,24.55447811,23.9
2025-06-03 23:00:00+00:00,432.3146327,79.48250916,24.25202381,303.8691558,0.0,-12.5,13.84220238,15.34460317,24.35185714,23.76797258
2025-06-03 23:15:00+00:00,433.0589498,3.171428571,24.2,2.373753968,0.0,-12.47333333,13.81812866,15.36688889,24.3,23.74698413
2025-06-03 23:30:00+00:00,431.0482956,73.93482792,24.14861244,6.120171958,0.0,-12.32,13.76695476,15.31866667,24.24861244,23.66240944
2025-06-03 23:45:00+00:00,429.9838435,0.0,24.1,9.616790353,0.0,-12.04464286,13.90313492,15.40714286,24.2,23.64920635
2025-06-04 00:00:00+00:00,428.530165,0.0,24.1,12.97494974,0.0,-11.65934921,13.97687157,15.64074074,24.2,23.62
2025-06-04 00:15:00+00:00,427.3741547,0.0,24.1,16.55790249,0.0,-11.08111111,14.03034601,15.78154762,24.21142857,23.6
2025-06-04 00:30:00+00:00,426.589836,0.0,24.02916667,19.92477513,0.0,-10.44371429,13.97136508,15.89714286,24.29916667,23.6
2025-06-04 00:45:00+00:00,426.3066628,0.0,24.0,23.20481859,0.0,-9.662443311,14.02528345,15.86904762,24.29821429,23.6
2025-06-04 01:00:00+00:00,425.1088908,0.0,24.0,26.60506061,0.0,-8.792848485,14.42755556,15.8,24.16377411,23.6
2025-06-04 01:15:00+00:00,423.9975739,0.0,24.0,29.9435034,0.0,-7.778163265,15.00497288,15.8,24.1,23.6
2025-06-04 01:30:00+00:00,423.4027778,0.0,24.0,33.42846561,0.0,-6.583333333,15.32111111,15.8,24.1,23.6
2025-06-04 01:45:00+00:00,422.676874,0.0,24.0,36.73289683,0.0,-5.33052381,15.21307143,15.8,24.1,23.6
2025-06-04 02:00:00+00:00,422.3136364,0.0,23.96493506,39.871414,0.0,-4.006489899,15.18311905,15.87451299,24.1,23.6
2025-06-04 02:15:00+00:00,422.0642424,0.0,23.9,43.04951058,0.0,-2.587222222,15.22075556,15.9,24.16574659,23.6
2025-06-04 02:30:00+00:00,422.0508353,0.0,23.9,46.03571429,0.058453202,-1.164285714,15.24285714,15.98571429,24.2,23.6
2025-06-04 02:45:00+00:00,421.6495316,0.0,23.9,49.38263757,0.644845118,0.487603175,15.13571429,16.04666667,24.01383575,23.58861905
2025-06-04 03:00:00+00:00,420.331784,11.70464204,23.9,52.32061224,3.624045625,2.081751701,15.28227211,16.11309524,24.0,23.58214286
2025-06-04 03:15:00+00:00,419.8266667,48.58222222,23.84488889,55.31062963,6.160427687,3.77187037,16.31940741,17.39316667,24.02666667,23.5
2025-06-04 03:30:00+00:00,421.7242578,52.58678922,23.8,58.32340043,7.84718698,5.566564935,16.42316142,16.88212963,24.07111111,23.40666667
2025-06-04 03:45:00+00:00,424.2757576,53.43702645,23.8,61.37590516,17.27161643,7.471900826,15.70217532,17.142,23.90952381,23.4
2025-06-04 04:00:00+00:00,426.3651282,75.1077577,23.8,64.25025132,20.60021156,9.329193122,15.49442143,16.84166667,23.9,23.4
2025-06-04 04:15:00+00:00,431.4080532,135.2096662,23.71217532,67.09660972,38.58312462,11.24950397,15.44906463,16.81666667,23.88549784,23.4
2025-06-04 04:30:00+00:00,432.6948148,188.2721378,23.7,70.06829798,47.88192139,13.26441534,15.80622771,17.16266667,23.80117647,23.4
2025-06-04 04:45:00+00:00,433.1434436,234.8533814,23.7,72.91348639,61.58220712,15.24716837,16.09088984,17.05952381,23.96141108,23.39464286
2025-06-04 05:00:00+00:00,435.2567228,272.1879774,23.58497143,75.73274074,68.65789302,17.26103704,16.22859259,17.04507937,23.96951675,23.33111111
2025-06-04 05:15:00+00:00,437.0352092,271.4128966,23.5,78.93866667,82.91560649,19.53809524,16.22773333,17.24666667,23.88863636,23.18666667
2025-06-04 05:30:00+00:00,446.1974743,272.3074468,23.42148744,81.85002551,99.8496679,21.63979592,16.59959184,17.13826531,23.79531659,23.27674784
2025-06-04 05:45:00+00:00,468.790883,265.2484159,23.4,84.79705607,111.2743935,23.72453945,17.00221535,17.16045918,23.8,23.19681481
2025-06-04 06:00:00+00:00,451.3409146,267.9544754,23.32666667,87.77398352,145.6461029,25.82291994,16.89308096,17.29035714,23.75928035,23.32321429
2025-06-04 06:15:00+00:00,449.7128109,268.2336929,23.3,90.9140464,171.2431133,28.0364184,17.11763675,17.3,23.6585926,23.431
2025-06-04 06:30:00+00:00,455.9433346,264.1900319,23.3,94.07748343,110.5519242,30.20489025,17.3012355,17.15,23.55287099,23.46439909
2025-06-04 06:45:00+00:00,459.8899192,263.8464707,23.3,97.4175,162.1858747,32.40027778,17.26925,16.91333333,23.87278788,23.26157407
2025-06-04 07:00:00+00:00,484.4394695,268.1554372,23.2473835,100.5794558,341.699727,34.43477891,17.58553146,17.02224026,24.035,23.31162132
2025-06-04 07:15:00+00:00,546.7025546,269.0312037,23.25473131,103.8388441,343.8651373,36.47072456,18.58300457,17.25146032,24.1,23.47688889
2025-06-04 07:30:00+00:00,573.5629604,274.0436257,23.2387076,107.7099675,321.918713,38.69674603,19.27241636,17.27174603,24.13172355,23.4
2025-06-04 07:45:00+00:00,600.4444471,266.7159273,23.29834127,111.4318029,212.6129323,40.76456658,19.07006223,17.33846154,23.88986508,23.31048701
2025-06-04 08:00:00+00:00,569.9422007,267.1311746,23.47061111,115.0845238,125.3335989,42.66204229,18.79228571,17.2,23.76937884,23.48649806
2025-06-04 08:15:00+00:00,518.0562828,267.4382192,23.46619048,119.2871967,258.2923621,44.68188415,18.62559694,16.99285714,24.1212765,23.8614011
2025-06-04 08:30:00+00:00,570.9484575,268.6786665,23.54746324,123.0481296,478.2004395,46.34607744,19.03583528,16.94533333,24.12696104,24.02083333
2025-06-04 08:45:00+00:00,564.2160703,269.3736697,23.6,127.5815051,420.7122923,48.18414443,19.45031463,17.14615385,24.17005724,24.14453782
2025-06-04 09:00:00+00:00,569.3184816,272.1924284,23.64294643,132.2781229,422.2254564,49.85606734,19.8251152,17.39348148,24.2465982,24.22416667
2025-06-04 09:15:00+00:00,614.1179236,271.5676084,23.71657268,137.3487247,289.6567015,51.45057359,19.72155612,17.21428571,23.95868307,24.38784014
2025-06-04 09:30:00+00:00,605.1447637,269.7678671,23.83007974,142.3990741,288.0004155,52.83316667,19.41559259,17.16314815,23.85554157,24.27795455
2025-06-04 09:45:00+00:00,582.2856209,268.9286616,23.85418301,148.0692593,389.2964895,54.16496296,19.95859788,17.15897436,23.82593286,24.17866667
2025-06-04 10:00:00+00:00,543.7663573,270.029217,23.86964286,153.5694511,331.8809382,55.19562719,19.71746995,17.1025,23.88461627,24.11488095
2025-06-04 10:15:00+00:00,576.1810843,263.7359827,23.7642735,159.5560334,330.9677976,56.09444444,19.59968898,16.96777778,24.02411966,24.13333333
2025-06-04 10:30:00+00:00,709.9011544,269.8881674,23.98142857,165.5273413,453.6959844,56.74853638,19.82658552,17.00793651,24.06087302,24.10634921
2025-06-04 10:45:00+00:00,735.2130144,266.4750564,24.07666667,171.4354895,719.7518688,57.17414336,20.18032104,17.20666667,24.30444444,24.17303648
2025-06-04 11:00:00+00:00,604.4273493,266.178358,23.98420965,178.1207407,552.8175416,57.39904762,20.72622143,17.32857143,24.30717949,24.1562963
2025-06-04 11:15:00+00:00,523.741584,266.4296128,23.82087912,184.5331138,630.4113472,57.36785714,20.83797922,17.37142857,24.40300752,24.04120879
2025-06-04 11:30:00+00:00,501.709172,265.4961777,23.8,190.8548736,613.2026024,57.08094444,20.74413228,17.36938776,24.57109731,23.91442761
2025-06-04 11:45:00+00:00,488.6036486,264.9560522,23.76646659,196.9026474,630.8144473,56.5955102,20.91289116,17.29089286,24.59945055,23.94767857
2025-06-04 12:00:00+00:00,509.3473448,271.5806142,23.7939033,202.6992381,804.4659977,55.90952381,20.90247619,17.11333333,24.56828289,24.03333333
2025-06-04 12:15:00+00:00,650.4567866,269.3675778,23.96116995,208.1577119,778.943121,55.01683519,21.52481893,17.22222222,24.53581781,23.94147409
2025-06-04 12:30:00+00:00,644.1711146,265.5162457,24.0,214.2200266,765.3040998,53.80690738,21.72987441,17.14545455,24.11548095,24.01349206
2025-06-04 12:45:00+00:00,647.8707803,267.6491208,24.09888889,219.7529312,782.0416331,52.46732275,21.39508571,16.98,23.93987669,24.1
2025-06-04 13:00:00+00:00,504.0653989,266.265423,24.0390674,224.6168367,691.3231063,51.05598901,22.38203571,17.13214286,23.86933842,23.7133658
2025-06-04 13:15:00+00:00,505.0556297,265.7892476,24.0,229.245803,723.4832561,49.53399832,22.38684091,17.10309524,24.0,23.66
2025-06-04 13:30:00+00:00,573.8430908,274.2684066,24.26176823,234.046369,530.8151077,47.74976139,21.53824481,16.95041667,23.94626041,23.77043908
2025-06-04 13:45:00+00:00,583.7303968,271.2820758,24.2,238.3287507,336.3853054,45.99271083,20.88896296,16.49102041,23.97904762,24.1682915
2025-06-04 14:00:00+00:00,498.3830096,77.11778884,24.23545264,242.2554816,267.1471302,44.22041126,20.57149351,15.01428571,24.09110836,24.3
2025-06-04 14:15:00+00:00,475.1649183,55.76087269,24.40962584,246.3898844,570.9781754,42.19059019,21.02120346,15.01122222,24.63969231,24.41662819
2025-06-04 14:30:00+00:00,462.474938,55.62117548,24.51977202,250.0048268,294.2714555,40.26075835,21.35820055,17.71941392,24.90189342,24.41631303
2025-06-04 14:45:00+00:00,448.5065791,52.92879368,24.5,253.6764392,155.8401501,38.21208201,21.21355352,16.84666667,25.13981007,24.62796537
2025-06-04 15:00:00+00:00,450.2127778,17.44658136,24.5,257.3279815,131.5485488,36.0312963,21.08359259,17.5,25.185,24.41416667
2025-06-04 15:15:00+00:00,460.4910685,0.0,24.54600531,260.4435714,53.70720665,34.08420068,20.3902381,17.5,25.08835688,24.5012987
2025-06-04 15:30:00+00:00,469.5090554,0.0,24.6,264.008064,109.1227918,31.77077201,19.97724868,17.5,25.01184149,24.68
2025-06-04 15:45:00+00:00,475.2613124,0.0,24.60892857,267.0897194,104.8076628,29.68369898,19.95743622,17.58571429,25.26,24.72494331
2025-06-04 16:00:00+00:00,481.00477,0.0,24.7,270.1988215,68.24842042,27.53611111,19.90515238,17.82884615,25.11192982,24.59666667
2025-06-04 16:15:00+00:00,485.2902494,0.0,24.7,273.0519785,37.23647452,25.55475624,19.43945578,18.33530612,24.94106727,24.5125
2025-06-04 16:30:00+00:00,479.2307246,0.0,24.7,276.2566234,25.66230802,23.29102481,17.49578602,18.84666667,24.85589078,24.49230769
2025-06-04 16:45:00+00:00,476.4036075,0.0,24.7,279.2268651,55.97115006,21.15547619,16.81425604,19.29037037,24.8,24.40074074
2025-06-04 17:00:00+00:00,471.7410431,0.0,24.7,282.1580088,55.72812794,19.06280677,16.73034716,19.58979592,24.8,24.4
2025-06-04 17:15:00+00:00,470.1220357,0.0,24.7,285.197037,44.20285266,16.89305556,16.35666667,19.63846154,24.8,24.4
2025-06-04 17:30:00+00:00,467.9021586,0.0,24.7,288.0207228,5.569694814,14.90202922,15.72343878,19.61928571,24.73458647,24.4
2025-06-04 17:45:00+00:00,464.0426524,0.0,24.7,291.037966,15.50987716,12.81140332,14.94219426,18.98087302,24.7,24.4
2025-06-04 18:00:00+00:00,459.7664458,0.0,24.7,293.8363636,10.59546164,10.93272727,14.44545455,18.43333333,24.7,24.33407407
2025-06-04 18:15:00+00:00,457.4589163,0.0,24.69842687,296.8861296,29.83183869,8.918400052,14.23439691,17.98145563,24.7,24.3
2025-06-04 18:30:00+00:00,457.5226699,0.0,24.6956015,299.664857,33.32967704,7.1187607,14.1580374,17.72377622,24.7,24.3
2025-06-04 18:45:00+00:00,455.8618693,0.0,24.68411034,302.7154365,23.50463506,5.220420844,14.1334127,17.42606421,24.7,24.3
2025-06-04 19:00:00+00:00,454.15671,0.0,24.6,305.7928187,14.38122708,3.409648148,13.86324495,17.13333333,24.67658333,24.3
2025-06-04 19:15:00+00:00,452.9244777,0.0,24.6,308.7472665,7.60031093,1.756305599,13.68059949,16.93571429,24.6,24.24494398
2025-06-04 19:30:00+00:00,450.9309205,0.0,24.6,311.7781978,2.117454532,0.162809524,13.5127453,16.80666667,24.6,24.2
2025-06-04 19:45:00+00:00,447.7473684,0.0,24.6,315.0261364,0.516883117,-1.427272727,13.59344697,16.57454545,24.6,24.2
2025-06-04 20:00:00+00:00,447.3434854,0.0,24.52392157,318.0540476,0.23625,-2.853214286,13.74,16.43,24.52198292,24.17
2025-06-04 20:15:00+00:00,447.1348148,0.0,24.5,321.2586667,0.042558357,-4.240357143,13.73253968,16.3,24.5,24.1
2025-06-04 20:30:00+00:00,445.6641795,0.0,24.5,324.5380231,0.0,-5.582284512,13.56988519,16.21111111,24.5,24.1
2025-06-04 20:45:00+00:00,443.9934114,0.0,24.5,327.8687075,0.0,-6.792857143,13.52891156,16.09795918,24.5,24.1
2025-06-04 21:00:00+00:00,442.8181333,71.34999049,24.45833333,331.1771429,0.0,-7.896880342,13.18805556,15.30160714,24.52018219,24.045
2025-06-04 21:15:00+00:00,443.0801698,109.1509197,24.32176871,334.4508532,0.0,-8.856349206,13.28007937,14.18238095,24.39968944,23.85714286
2025-06-04 21:30:00+00:00,443.7943001,109.5337746,24.16599888,337.7369036,0.0,-9.707925926,12.99560455,14.00592593,24.32282284,23.59992816
2025-06-04 21:45:00+00:00,442.9142857,111.4920635,24.06031746,341.233529,0.0,-10.45,12.34807692,13.9,24.33968254,23.6
2025-06-04 22:00:00+00:00,441.4670838,112.2082457,23.965,344.1650907,0.0,-11.01619691,12.19173943,13.87777778,24.32697355,23.50416445
2025-06-04 22:15:00+00:00,440.6493506,112.758602,23.84205182,348.2532993,0.0,-11.64445578,11.93461538,13.88571429,24.18410364,23.36517857
2025-06-04 22:30:00+00:00,440.3552876,108.9862193,23.76785714,351.8526786,0.0,-12.0502551,11.67212302,13.59761905,24.05714286,23.3
2025-06-04 22:45:00+00:00,439.1282616,109.7064606,23.67785714,355.1819233,0.0,-12.26586735,11.46084864,13.35127551,24.04193122,23.21326531
2025-06-04 23:00:00+00:00,440.2345241,111.236093,23.5748314,342.8107381,0.0,-12.396,11.28082143,13.02833333,23.92666667,23.19672222
2025-06-04 23:15:00+00:00,440.7855487,110.9657081,23.48510474,15.61496296,0.0,-12.38424242,10.996,12.85285714,23.82920808,23.09111111
2025-06-04 23:30:00+00:00,440.9167011,110.412307,23.44018759,5.904437229,0.0,-12.21904762,10.9047619,12.8,23.78246753,22.94285714
2025-06-04 23:45:00+00:00,441.1944444,113.1022222,23.34222222,9.444151034,0.0,-11.94808081,10.76349841,12.73733333,23.70433333,22.9
2025-06-05 00:00:00+00:00,442.0659341,112.9619833,23.27967033,13.02784864,0.0,-11.56232143,10.68416234,12.6,23.64065934,22.86309524
2025-06-05 00:15:00+00:00,441.8281807,121.1863994,23.2,16.34540909,0.0,-10.99812121,11.05687879,12.30538721,23.68632924,22.78123103
2025-06-05 00:30:00+00:00,442.5222222,120.9264957,23.17692308,19.93632275,0.0,-10.32295238,10.51361046,12.1,23.58888889,22.61142857
2025-06-05 00:45:00+00:00,443.8638167,134.8991597,23.02063492,23.2367517,0.0,-9.559030612,10.13469388,12.00714286,23.51281513,22.5809833
2025-06-05 01:00:00+00:00,444.4509091,133.5503463,22.97272727,26.31363636,0.0,-8.722727273,10.04613636,11.9,23.43526936,22.44318182
2025-06-05 01:15:00+00:00,444.2043055,158.0621903,22.85814815,30.14339683,0.0,-7.6,9.804031746,11.74615385,23.30059644,22.4
2025-06-05 01:30:00+00:00,445.2937453,158.1692375,22.75659341,33.24714286,0.0,-6.503968254,9.692857143,11.6,23.19011475,22.32053571
2025-06-05 01:45:00+00:00,446.3269096,162.9918413,22.65277778,36.56539683,0.0,-5.253333333,9.625555556,11.53571429,23.06874991,22.20857143
2025-06-05 02:00:00+00:00,447.2663265,182.5888528,22.55995671,39.66751701,0.073809524,-4.020238095,9.698928571,11.5,23.03785714,22.18047619
2025-06-05 02:15:00+00:00,447.9635465,207.4094719,22.43697138,42.63685859,0.405332766,-2.640747475,9.700285714,11.5,22.82808653,22.01150529
2025-06-05 02:30:00+00:00,447.1825015,265.6246908,22.2814453,45.67003663,1.233500708,-1.197802198,9.788378852,11.63316017,22.78635664,22.0
2025-06-05 02:45:00+00:00,445.2900794,269.8677421,22.12896895,49.20274603,4.023531746,0.496436508,10.01498095,11.86288889,22.66583333,22.0
2025-06-05 03:00:00+00:00,442.964891,66.90492997,21.97152505,52.35409524,9.530078947,2.168428571,10.1292,14.34833333,22.56807407,22.0
2025-06-05 03:15:00+00:00,442.5105981,53.1041138,22.22123101,54.81636399,16.17816793,3.612220161,10.17010829,19.97253358,22.61481272,22.0
2025-06-05 03:30:00+00:00,441.1220778,53.71343804,22.13095238,58.18197279,29.124721,5.601743197,10.20021429,19.34464286,22.66823412,22.06428571
2025-06-05 03:45:00+00:00,442.5407407,53.82351515,22.2,61.15111111,44.67336833,7.492142857,10.29428571,18.55650794,22.7,22.1
2025-06-05 04:00:00+00:00,441.0165923,53.48235892,22.23333333,64.05166667,62.43161345,9.357259259,10.41022857,19.24927249,22.7,22.1
2025-06-05 04:15:00+00:00,440.4041512,52.69480519,22.3,67.10547619,80.29701888,11.38488095,10.51153571,18.98285714,22.7,22.1
2025-06-05 04:30:00+00:00,439.789888,52.16663818,22.36366472,69.92738889,108.411413,13.35093098,10.77954561,19.00666667,22.7,22.12
2025-06-05 04:45:00+00:00,438.3557195,52.41145506,22.4,72.35632035,140.444227,15.06244589,10.94099284,19.27857143,22.74021406,22.2
2025-06-05 05:00:00+00:00,438.6702646,51.33333014,22.49061404,75.83066952,163.2784122,17.46011905,11.50975092,19.3015873,22.8,22.2
2025-06-05 05:15:00+00:00,437.7039827,50.16824258,22.5,78.7101136,142.4156108,19.51327381,11.97559524,19.39401709,22.8,22.21975881
2025-06-05 05:30:00+00:00,435.4864483,49.04546681,22.5,81.54017749,139.993785,21.53184848,12.2254697,19.15555556,22.7907827,22.3
2025-06-05 05:45:00+00:00,434.8783419,49.35924426,22.51555556,84.84444444,220.3546758,23.90022222,12.40419394,19.1,22.87333333,22.3
2025-06-05 06:00:00+00:00,431.2224609,50.18636126,22.6,87.80418213,298.7179294,26.01226036,12.99535714,19.1,22.9,22.3
2025-06-05 06:15:00+00:00,429.1514677,49.98908318,22.6,90.70145936,265.8767486,28.01343939,13.49606147,19.1,22.85315079,22.38133333
2025-06-05 06:30:00+00:00,428.3018062,49.73250044,22.68406593,93.97047104,299.0939908,30.24631416,14.13794643,18.95,22.96813187,22.4
2025-06-05 06:45:00+00:00,426.2877891,49.1961524,22.7,97.22196759,341.2081856,32.41761875,14.28366667,18.72307692,22.99122807,22.4
2025-06-05 07:00:00+00:00,425.2302198,49.10205628,22.7,100.4360969,310.8003339,34.49420918,14.56301531,18.74166667,22.91558442,22.4
2025-06-05 07:15:00+00:00,424.3391813,48.96994152,22.77444444,103.8307143,369.526905,36.55813492,15.10504497,18.76533333,23.1,22.43333333
2025-06-05 07:30:00+00:00,423.8816567,48.97540741,22.8,107.4540519,351.3812865,38.73542569,15.16393506,18.432,23.1,22.5
2025-06-05 07:45:00+00:00,422.5945378,48.86963897,22.84040816,111.302381,546.8259243,40.85757937,15.73373016,18.25694444,23.1,22.5
2025-06-05 08:00:00+00:00,421.7551834,48.74848485,22.9,115.024127,546.0647188,42.76285714,16.56,18.3,23.07718182,22.5
2025-06-05 08:15:00+00:00,420.3440476,48.40241703,22.93296228,118.6335756,601.1803719,44.50389739,16.83625541,18.095,23.2,22.6
2025-06-05 08:30:00+00:00,420.1002461,50.83887551,23.0,122.9310034,629.1902303,46.42756734,17.07539394,17.85333333,23.21571654,22.6
2025-06-05 08:45:00+00:00,419.9627946,53.68845316,23.0,127.7468254,517.4379167,48.32311111,17.22121296,17.65238095,23.3,22.6
2025-06-05 09:00:00+00:00,419.0,53.99332011,23.02283803,132.4096542,507.3593337,50.01730159,17.45770323,17.71285714,23.32278439,22.62392857
2025-06-05 09:15:00+00:00,419.2739899,56.59036519,23.1,137.267049,407.5011461,51.55583333,17.49730647,17.45462585,23.34813152,22.7
2025-06-05 09:30:00+00:00,420.3591934,64.46468605,23.1,142.2460098,243.6153542,52.93546202,17.02527855,17.47692308,23.3,22.7
2025-06-05 09:45:00+00:00,420.5543932,73.5671505,23.1,147.6853006,192.7995995,54.17807193,17.00005782,17.32051282,23.35529412,22.7
2025-06-05 10:00:00+00:00,420.6523655,81.22789116,23.15073892,153.2179356,645.9902064,55.27813972,17.25528454,17.33353175,23.32780612,22.72142857
2025-06-05 10:15:00+00:00,421.1989703,95.6222981,23.2,159.3514286,504.3595779,56.19164021,18.03377778,17.40527778,23.05275175,22.8
2025-06-05 10:30:00+00:00,420.7577441,111.2439286,23.18,165.3719758,598.320211,56.84621083,18.00493395,17.36622222,23.07948718,22.8
2025-06-05 10:45:00+00:00,422.5994468,119.6642266,23.1,171.678239,732.6588274,57.29577149,17.79910354,16.9297619,23.1,22.8
2025-06-05 11:00:00+00:00,423.0542797,130.9068668,23.1,177.7713942,421.2096765,57.49904762,17.99291751,17.12177778,23.1,22.8
2025-06-05 11:15:00+00:00,423.7129271,135.9352741,23.1,184.132323,403.3594192,57.48323413,17.48736464,16.91047619,22.9978022,22.8
2025-06-05 11:30:00+00:00,423.1888733,142.4675926,23.08622222,189.9897314,702.5218824,57.22605698,17.56557143,17.38095238,22.93444444,22.8
2025-06-05 11:45:00+00:00,424.0,143.1833333,23.0,196.7536667,571.2709115,56.71118687,17.68081111,17.30555556,22.928,22.8
2025-06-05 12:00:00+00:00,424.3313075,145.2089129,23.0,202.8614796,198.0046401,55.97359694,17.04122449,16.47928571,23.01758242,22.8
2025-06-05 12:15:00+00:00,424.8521997,144.1350313,23.0,208.7790741,246.1416743,55.05650794,17.03226455,16.17333333,22.9772807,22.8
2025-06-05 12:30:00+00:00,424.2637372,144.850804,23.0,214.2561838,204.2340348,53.92750666,17.2872449,16.86190476,23.02513154,22.8
2025-06-05 12:45:00+00:00,424.0455676,146.0144829,23.0,219.2498519,211.5072521,52.73025926,17.79587205,17.10666667,23.09118759,22.8
2025-06-05 13:00:00+00:00,423.4007937,142.747619,23.03652661,224.4485948,676.3792534,51.26462694,17.75596939,17.57802198,22.85619048,22.87193878
2025-06-05 13:15:00+00:00,422.6441389,153.0077256,23.11268176,229.2295873,289.9068247,49.6917963,17.58890342,17.20833333,22.91240093,22.90117647
2025-06-05 13:30:00+00:00,422.0324675,165.4071429,23.2,233.9454347,447.023326,47.95555968,17.44163187,17.05238095,22.99821429,23.0
2025-06-05 13:45:00+00:00,421.6756368,178.4779416,23.2,237.8438215,214.2276297,46.33843098,17.26438148,17.07011905,23.0,23.0
2025-06-05 14:00:00+00:00,423.1600935,198.2469824,23.20262238,242.3960884,421.3552309,44.2776644,17.56162389,16.79380952,23.0,23.02857143
2025-06-05 14:15:00+00:00,423.412,217.0356221,23.27477809,246.3533333,530.535682,42.3384127,18.08406349,17.52,23.07474012,23.116
2025-06-05 14:30:00+00:00,423.527269,234.5572161,23.27515152,250.0294901,197.4908665,40.3584608,18.00605013,16.76962963,23.04315789,23.2
2025-06-05 14:45:00+00:00,423.2731827,257.4492063,23.17428571,253.8276276,171.2601458,38.2319898,18.21910714,16.5725,22.92571429,23.17142857
2025-06-05 15:00:00+00:00,422.9186355,52.50512899,23.07018946,257.1508519,53.47930281,36.26905556,17.40994613,16.82,23.02666667,23.14222222
2025-06-05 15:15:00+00:00,422.1262728,0.0,23.19430249,260.2775397,104.0187382,34.33007937,15.73321262,16.90142857,23.15733591,23.2172449
2025-06-05 15:30:00+00:00,420.7404759,0.0,23.32126984,263.9232554,195.1228337,31.9652381,15.15302564,16.99777778,23.25592982,23.29916667
2025-06-05 15:45:00+00:00,419.5954167,0.0,23.41470588,267.0519643,195.6360811,29.86875,15.70053571,17.15,23.31470588,23.31428571
2025-06-05 16:00:00+00:00,419.2179461,0.0,23.56611111,270.2604615,377.3988346,27.65392308,16.34654103,17.22959184,23.46622222,23.44666667
2025-06-05 16:15:00+00:00,418.6373016,0.0,23.76794949,273.3486162,299.6623533,25.46633333,17.1505072,17.39333333,23.64984127,23.62851852
2025-06-05 16:30:00+00:00,418.6317457,0.0,23.95064935,276.3545351,255.7011274,23.36143707,17.74603175,17.42410714,23.78,23.79415584
2025-06-05 16:45:00+00:00,418.3672689,0.0,24.05506543,279.3461111,251.1711431,21.22655556,17.54666667,17.58666667,23.84191858,23.90484127
2025-06-05 17:00:00+00:00,417.9761905,0.0,24.29448421,282.1556524,240.4037308,19.20361987,17.78843128,17.6125,24.01157827,24.03833333
2025-06-05 17:15:00+00:00,417.5820202,0.0,24.3,285.1517139,75.81858604,17.08858584,16.88237912,17.7475,24.1,24.1
2025-06-05 17:30:00+00:00,417.3585257,0.0,24.3,288.0473214,42.60945773,15.02155612,16.22348214,17.8,24.1,24.1
2025-06-05 17:45:00+00:00,417.3826729,0.0,24.3,290.6906301,33.25418708,13.19602666,15.75242771,17.86740741,24.1,24.1
2025-06-05 18:00:00+00:00,417.0637592,0.0,24.3,294.1056587,17.35761919,10.84989683,15.67126984,17.9,24.09407843,24.1
2025-06-05 18:15:00+00:00,416.0088852,0.0,24.3,296.7782601,12.77473981,9.101522463,15.51582189,17.9,24.00227273,24.04780161
2025-06-05 18:30:00+00:00,417.2313725,0.0,24.3,299.8324134,11.68488169,7.132817701,15.08118182,17.9,24.0,24.0
2025-06-05 18:45:00+00:00,420.9220238,0.0,24.3,302.7784459,7.195895743,5.33512505,14.93571429,17.92214286,24.0,24.0
2025-06-05 19:00:00+00:00,420.9674074,0.0,24.20199643,305.6597483,4.65636134,3.593417001,14.97087831,18.0,24.0,23.94128655
2025-06-05 19:15:00+00:00,421.2750569,0.0,24.2,308.8941204,2.109226362,1.778558201,15.20334982,18.01634921,24.0,23.9
2025-06-05 19:30:00+00:00,422.1199241,0.0,24.2,311.8134253,1.326848967,0.244877345,15.51613276,18.1,24.0,23.9
2025-06-05 19:45:00+00:00,421.1546698,0.0,24.2,314.8427071,0.842909943,-1.222693936,15.4077314,18.1,24.0,23.9
2025-06-05 20:00:00+00:00,421.3030921,0.0,24.2,318.112122,0.206122449,-2.761411406,15.07868481,18.1,24.0,23.84546485
2025-06-05 20:15:00+00:00,421.0,0.0,24.17544643,321.1380113,0.014170041,-4.103289072,14.93273891,18.1,24.0,23.8
2025-06-05 20:30:00+00:00,420.3893519,0.0,24.1,324.6551182,0.0,-5.513142729,14.97098576,18.02666667,24.0,23.8
2025-06-05 20:45:00+00:00,420.4750567,0.0,24.1,327.6732754,0.0,-6.628160801,14.79876348,17.93492063,24.0,23.8
2025-06-05 21:00:00+00:00,419.5165775,0.0,24.1,330.727517,0.0,-7.614192245,14.58802891,17.86666667,24.0,23.8
2025-06-05 21:15:00+00:00,419.4493985,0.0,24.1,334.3452321,0.0,-8.718836996,14.35493023,17.68550757,24.0,23.71626984
2025-06-05 21:30:00+00:00,418.8862269,0.0,24.1,337.7690411,0.0,-9.63014921,14.01917143,17.54614815,24.0,23.7
2025-06-05 21:45:00+00:00,418.4936111,0.0,24.05296296,341.0857659,0.0,-10.32083333,14.0083451,17.38555556,23.91703704,23.7
2025-06-05 22:00:00+00:00,417.4839054,0.0,24.0,344.740609,0.0,-11.0231283,13.95442368,17.24285714,23.9,23.7
2025-06-05 22:15:00+00:00,418.0,0.0,24.0,348.1625926,0.0,-11.53124183,13.9635614,17.10878529,23.9,23.66428571
2025-06-05 22:30:00+00:00,417.9444444,0.0,24.0,351.583836,0.0,-11.90999598,13.90078571,16.92670635,23.9,23.6
2025-06-05 22:45:00+00:00,416.9791667,0.0,24.0,355.216564,0.0,-12.15417989,13.95237255,16.85305556,23.9,23.6
2025-06-05 23:00:00+00:00,417.2746716,0.0,23.96422222,291.70629,0.0,-12.3,13.76660991,16.7,23.9,23.6
2025-06-05 23:15:00+00:00,417.7,0.0,23.9,2.341007891,0.0,-12.27380952,13.51285496,16.60354308,23.9,23.6
2025-06-05 23:30:00+00:00,417.2085714,0.0,23.9,5.812891534,0.0,-12.12018519,13.33872149,16.5,23.90634503,23.6
2025-06-05 23:45:00+00:00,417.2401559,0.0,23.9,9.492035816,0.0,-11.83676923,13.2150359,16.34666667,23.80666667,23.6
2025-06-06 00:00:00+00:00,417.0142857,0.0,23.9,12.8234188,0.0,-11.45729167,13.04079945,16.20714286,23.8,23.6
2025-06-06 00:15:00+00:00,416.6310582,0.0,23.9,16.43458874,0.0,-10.9,12.95447619,16.15145455,23.8,23.57333333
2025-06-06 00:30:00+00:00,416.7473514,0.0,23.88012845,19.59759435,0.0,-10.28602512,12.94115301,16.01369048,23.8,23.5
2025-06-06 00:45:00+00:00,416.7267122,0.0,23.8,22.97208332,0.0,-9.522527088,12.87690844,15.90984127,23.8,23.5
2025-06-06 01:00:00+00:00,416.0391478,0.0,23.8,26.64521775,0.0,-8.53832256,12.78327878,15.78777778,23.8,23.5
2025-06-06 01:15:00+00:00,416.4597854,0.0,23.8,29.92101732,0.0,-7.544500579,12.74991837,15.65714286,23.8,23.5
2025-06-06 01:30:00+00:00,416.6088889,0.0,23.8,33.27338072,0.0,-6.391423586,13.04568698,15.53214202,23.8,23.5
2025-06-06 01:45:00+00:00,416.4551821,0.0,23.8,36.38898483,0.0,-5.225452647,13.04270957,15.39080919,23.72018478,23.5
2025-06-06 02:00:00+00:00,416.8910714,0.0,23.8,39.64746599,0.109494048,-3.886860007,12.57564626,15.3,23.7,23.5
2025-06-06 02:15:00+00:00,417.4509728,0.0,23.75262963,42.95565758,0.819827358,-2.420346922,12.2645974,15.16944444,23.7,23.41822222
2025-06-06 02:30:00+00:00,416.9767857,0.0,23.7,45.96448413,2.82255102,-0.940079365,12.2,15.1,23.7,23.4
2025-06-06 02:45:00+00:00,416.9575852,0.0,23.7,47.89859731,5.839048779,0.006868052,12.2,15.1,23.7,23.4
2025-06-06 03:00:00+00:00,416.8785714,28.98953824,23.7,52.28526622,20.64847334,2.304005894,12.1830348,15.74690476,23.7,23.4
2025-06-06 03:15:00+00:00,418.3767118,58.03603827,23.68852041,55.14506323,26.8579789,3.930361991,12.93830769,18.20627511,23.76610923,23.33786281
2025-06-06 03:30:00+00:00,422.5525,54.11424837,23.6,58.18519877,38.93744167,5.747299607,13.44119741,16.92001347,23.68018799,23.3
2025-06-06 03:45:00+00:00,425.4388893,54.34324081,23.6,60.92491712,62.36145,7.49187053,13.98850443,17.03155709,23.6,23.3
2025-06-06 04:00:00+00:00,428.6523148,68.0227496,23.6,63.98914815,68.90989886,9.432772133,14.82418704,17.31876496,23.6,23.3
2025-06-06 04:15:00+00:00,431.4396218,113.1169089,23.53333333,66.97644093,33.60899361,11.44015618,14.97702051,16.73793254,23.6,23.21153899
2025-06-06 04:30:00+00:00,434.8798701,153.4061278,23.5,69.90567633,24.75284952,13.42828695,14.61998413,17.06926771,23.52792208,23.2
2025-06-06 04:45:00+00:00,434.5219841,186.9352676,23.41033553,72.74722521,36.34824818,15.4170814,14.83109292,17.04015657,23.53054545,23.11309524
2025-06-06 05:00:00+00:00,435.8079365,215.6497011,23.30380952,75.74702381,64.86927357,17.51785714,14.92209184,17.03839286,23.6,23.1
2025-06-06 05:15:00+00:00,434.6080541,234.2698834,23.3,78.67431827,50.67670269,19.63438191,14.73631746,16.9131746,23.46757576,23.03602694
2025-06-06 05:30:00+00:00,435.9451563,262.5924171,23.26982456,81.69416667,41.20418728,21.79416667,14.3774,16.96666667,23.5,23.0
2025-06-06 05:45:00+00:00,436.6868293,269.1651024,23.16888112,84.67979409,45.97379987,23.91529915,14.0630641,16.99358974,23.36374678,23.0
2025-06-06 06:00:00+00:00,437.8810041,270.9237438,23.097,87.74766138,45.67861562,26.07994709,13.97442434,17.1015873,23.31911471,23.0
2025-06-06 06:15:00+00:00,437.9733689,267.0766649,23.04133694,90.70825732,58.44720027,28.14748892,14.00138889,17.2,23.28463245,22.91860119
2025-06-06 06:30:00+00:00,442.7534398,270.160804,23.0,93.90792796,74.01477619,30.33763248,14.29671111,17.10266667,23.3,22.9
2025-06-06 06:45:00+00:00,438.2325297,266.3187305,23.0,96.84374579,70.05022791,32.27851852,14.25322222,16.85333333,23.3,22.87483333
2025-06-06 07:00:00+00:00,437.5382086,269.3320623,22.94736842,100.3936002,42.35321785,34.59243197,14.21095408,17.08571429,23.24736842,22.87698413
2025-06-06 07:15:00+00:00,437.1673123,261.245369,22.9,103.7904192,70.53338771,36.69196892,13.95390693,17.07995238,23.2,22.8
2025-06-06 07:30:00+00:00,457.3152115,253.9672025,22.9,107.3067602,85.2882724,38.74336735,13.91565051,16.91714286,23.2,22.84671202
2025-06-06 07:45:00+00:00,451.8543634,245.4947099,22.9,110.7132564,68.37630755,40.67192955,13.92468298,17.04,23.14365189,22.9267033
2025-06-06 08:00:00+00:00,442.9280561,236.0287206,22.9,114.796153,96.42655616,42.79585611,13.95259508,17.09761905,23.15578231,22.9
2025-06-06 08:15:00+00:00,438.9926219,226.9707188,22.82666667,118.8582778,76.91550943,44.73458301,13.97869157,16.96666667,23.1,22.9
2025-06-06 08:30:00+00:00,437.8188889,213.9609833,22.8,122.8666138,91.09503492,46.51497355,14.10074074,16.95333333,23.1,22.9
2025-06-06 08:45:00+00:00,435.8532044,199.6294479,22.8,127.524504,69.26358711,48.38313492,14.27006708,16.91734694,23.1,22.9
2025-06-06 09:00:00+00:00,435.5579004,183.0537063,22.8,132.567741,116.2209862,50.21491342,14.73336219,17.15454545,22.98595041,22.9
2025-06-06 09:15:00+00:00,436.6313561,169.1259398,22.8,137.2798719,82.33147644,51.65873377,15.18504954,17.01266667,22.96448739,22.9
2025-06-06 09:30:00+00:00,435.4381987,155.4108942,22.8,142.2702381,480.8151374,53.0,15.78571429,16.92142857,22.9143079,22.87142857
2025-06-06 09:45:00+00:00,434.5718336,136.8399835,22.80555556,147.5057035,321.2771867,54.26000712,16.66606614,17.29777778,23.13654603,22.9
2025-06-06 10:00:00+00:00,438.2598897,125.0995899,22.83160119,152.9108329,418.2323755,55.30443136,16.53130473,17.16964286,23.19927315,22.82991453
2025-06-06 10:15:00+00:00,433.1911012,116.5480952,22.89650794,159.1018626,791.2321086,56.24732084,16.64685908,16.93571429,23.47964286,22.8295
2025-06-06 10:30:00+00:00,429.5484031,108.5578321,22.9593985,165.3656566,821.1187654,56.955,17.32652365,17.26292517,23.62407563,22.9
2025-06-06 10:45:00+00:00,425.2348984,104.6287744,23.0,171.4214815,541.6265043,57.39144444,17.02914444,17.19033333,23.72473022,22.9
2025-06-06 11:00:00+00:00,424.2980014,104.8652244,23.02489418,177.9936243,176.9761071,57.60656085,16.28703704,16.62933333,23.79666667,22.93066667
2025-06-06 11:15:00+00:00,423.2489777,107.15,23.02581169,184.4247817,755.1280425,57.56928571,15.62683333,16.71493506,23.8,22.90672269
2025-06-06 11:30:00+00:00,422.1520669,113.6366026,23.1,190.5287783,459.8887645,57.33272727,16.54475136,17.34,23.83309764,22.9
2025-06-06 11:45:00+00:00,420.8968254,116.9368132,23.1,196.5467136,380.7231195,56.86361111,15.74977701,16.97653061,23.70934066,22.91530612
2025-06-06 12:00:00+00:00,423.0543607,131.6781959,23.1,202.7288889,325.856167,56.12035714,16.24721111,17.06518519,23.21213969,23.0
2025-06-06 12:15:00+00:00,421.3763047,139.5081652,23.1,208.585746,319.3562648,55.18166667,16.27460047,16.96902646,23.16420296,23.0
2025-06-06 12:30:00+00:00,421.9125471,150.8168427,23.1,214.1831064,130.8431896,54.04986264,15.47233059,16.80612245,23.2,23.0
2025-06-06 12:45:00+00:00,422.6150469,151.3013523,23.1,219.4362511,296.3241015,52.76678788,14.73742191,16.8437037,23.18424242,23.0
2025-06-06 13:00:00+00:00,422.2063218,158.8203265,23.1,224.4166667,411.5462579,51.37698413,15.4468254,17.09566327,22.96125848,23.0
2025-06-06 13:15:00+00:00,421.6050899,167.8711135,23.14574315,229.3984444,360.8486411,49.72649573,15.77151111,17.26111111,23.03611778,23.0
2025-06-06 13:30:00+00:00,421.4711535,181.9186819,23.2,233.8576228,548.6459924,48.08891856,16.80896425,17.36880952,23.09753695,23.0310034
2025-06-06 13:45:00+00:00,421.4014719,193.3792902,23.2,238.1737912,248.9328222,46.3287037,16.43473932,17.385,22.95292929,23.1
2025-06-06 14:00:00+00:00,422.5484623,51.27272727,23.2,242.5196498,189.8780891,44.34787879,16.22829091,17.01888889,23.08691919,23.1
2025-06-06 14:15:00+00:00,421.5932468,5.654761905,23.31419414,246.4117063,476.9051776,42.42006803,16.38406888,17.04615385,23.37776557,23.17967033
2025-06-06 14:30:00+00:00,420.3025641,0.180952381,23.4672549,250.2321429,509.6245296,40.42987302,16.8649881,17.16666667,23.56647186,23.33333333
2025-06-06 14:45:00+00:00,418.684058,0.113095238,23.57142857,253.7957383,452.2152743,38.44093637,16.27976791,17.34107143,23.70178571,23.40102041
2025-06-06 15:00:00+00:00,418.9707692,0.684,23.68961111,257.3090456,422.4899668,36.29402523,16.76957143,17.682,23.83126667,23.49328671
2025-06-06 15:15:00+00:00,419.3608011,7.670236507,23.76818182,260.6262566,198.9578985,34.21308939,16.54191558,17.96412698,23.9,23.54641137
2025-06-06 15:30:00+00:00,420.0,0.0,23.8,263.9597268,113.3453721,32.05757576,16.38881061,18.1,23.9,23.6
2025-06-06 15:45:00+00:00,419.5577273,0.0,23.8,266.7877094,71.65765903,30.16458888,16.06175238,18.08,23.9,23.6
2025-06-06 16:00:00+00:00,419.627381,0.601020408,23.82428571,270.2876276,136.460162,27.7422619,15.77216837,17.85714286,23.83571429,23.6
2025-06-06 16:15:00+00:00,420.3968785,0.0,23.92497585,273.333963,309.809199,25.6037037,16.16884596,17.49615385,24.04160296,23.62296296
2025-06-06 16:30:00+00:00,420.6715498,0.0,24.0,276.4676263,121.3051539,23.3969697,15.87412698,17.38,24.03933333,23.7
2025-06-06 16:45:00+00:00,419.739918,0.0,24.02171429,279.3712121,134.6784478,21.31976912,15.98434066,17.3,24.1052381,23.7
2025-06-06 17:00:00+00:00,419.9318519,0.738888889,24.1,282.3415714,96.8620755,19.18486003,15.88342857,17.3,24.16531111,23.78666667
2025-06-06 17:15:00+00:00,419.5734127,0.0,24.15139752,285.2374072,164.5409785,17.13545918,15.83973485,17.3,24.3,23.8
2025-06-06 17:30:00+00:00,419.2130781,0.0,24.21939394,288.0703889,195.2335235,15.14376335,16.00424242,17.3,24.37949238,23.85333333
2025-06-06 17:45:00+00:00,419.6873188,0.0,24.31636364,291.1528083,158.4070025,12.99039683,15.81756614,17.3,24.48611111,23.91416667
2025-06-06 18:00:00+00:00,420.3383041,5.928246753,24.41558442,293.9988265,133.5261288,11.05467687,15.60610969,17.3,24.57893773,24.0
2025-06-06 18:15:00+00:00,420.1267249,0.0,24.5,296.7887302,87.63235446,9.19973545,15.38873401,17.3,24.6,24.04010989
2025-06-06 18:30:00+00:00,420.4707774,0.0,24.5,299.7453061,86.3143004,7.294795918,15.16071429,17.24285714,24.6,24.1
2025-06-06 18:45:00+00:00,419.3671456,0.0,24.5,302.5866832,58.96033301,5.538513228,14.97103816,17.14885781,24.6,24.1
2025-06-06 19:00:00+00:00,418.4329984,0.0,24.5,305.7566327,27.33044479,3.656967636,14.59044501,16.95494505,24.6,24.09761905
2025-06-06 19:15:00+00:00,418.5960065,0.0,24.46547619,308.7174074,12.24165525,1.979693122,14.27008995,16.82445455,24.5616317,24.0
2025-06-06 19:30:00+00:00,418.7359003,0.0,24.4,312.0014815,5.330685949,0.271296296,13.91796296,16.69333333,24.40109989,24.0
2025-06-06 19:45:00+00:00,418.7565889,0.0,24.4,314.7245965,1.931610398,-1.053223562,13.7059747,16.57689602,24.4,24.0
2025-06-06 20:00:00+00:00,418.9819427,0.0,24.39814815,317.8812865,0.660687734,-2.555027365,13.38534002,16.50274725,24.45002178,24.0
2025-06-06 20:15:00+00:00,417.9920635,0.0,24.3,321.2054138,0.075549096,-4.026870748,13.05805272,16.37142857,24.43928571,23.97142857
2025-06-06 20:30:00+00:00,418.0,0.0,24.3,324.4460317,0.0,-5.307174603,12.7436,16.29071429,24.3,23.9
2025-06-06 20:45:00+00:00,417.1323713,0.0,24.3,327.7331025,0.0,-6.518095238,12.56511544,16.2,24.3,23.9
2025-06-06 21:00:00+00:00,417.968305,0.0,24.23757576,331.181791,0.0,-7.6835,12.47257275,16.092,24.39298701,23.9
2025-06-06 21:15:00+00:00,417.3964131,0.0,24.2,334.3409091,0.0,-8.62100907,12.53016865,15.98333333,24.21428571,23.80238404
2025-06-06 21:30:00+00:00,417.565812,0.0,24.2,337.7723307,0.0,-9.493544974,12.30046296,15.82,24.2,23.8
2025-06-06 21:45:00+00:00,417.822429,0.0,24.18181818,340.8905844,0.0,-10.18623377,12.16733766,15.71272727,24.21818182,23.8
2025-06-06 22:00:00+00:00,417.3390152,0.0,24.1,344.8387493,0.0,-10.93915489,12.16428571,15.51666667,24.19360639,23.7847619
2025-06-06 22:15:00+00:00,416.2137417,0.0,24.1,348.1606582,0.0,-11.41428775,12.09240693,15.33644444,24.1,23.7
2025-06-06 22:30:00+00:00,415.9175101,0.0,24.08401361,351.7095238,0.0,-11.8297619,11.87997024,15.16923077,24.14857143,23.7
2025-06-06 22:45:00+00:00,415.79,0.0,24.0,355.2267593,0.0,-12.06041667,11.69322222,15.12857143,24.10084848,23.7
2025-06-06 23:00:00+00:00,415.4723427,0.0,24.0,282.0576323,0.0,-12.2,11.41447035,15.3,24.0,23.65033138
2025-06-06 23:15:00+00:00,414.8061496,0.0,24.0,2.402542517,0.0,-12.16696429,11.16594558,15.3,24.0,23.6
2025-06-06 23:30:00+00:00,414.8541792,0.0,23.98977778,5.893650794,0.0,-12.01933333,10.88076768,15.21555556,24.04297258,23.6
2025-06-06 23:45:00+00:00,414.4716649,0.0,23.9,9.32231576,0.0,-11.74180403,10.63174745,15.05170068,24.09561602,23.6
2025-06-07 00:00:00+00:00,415.2002197,0.0,23.9,12.7779733,0.0,-11.34361111,10.4932619,14.86833333,23.90833333,23.6
2025-06-07 00:15:00+00:00,415.249551,0.0,23.9,16.10785714,0.0,-10.84642857,10.26178571,14.76285714,23.9,23.56547619
2025-06-07 00:30:00+00:00,414.2398874,0.0,23.86,19.49333333,0.0,-10.20055556,10.00772593,14.6,23.9,23.5
2025-06-07 00:45:00+00:00,414.6145997,0.0,23.8,22.85236395,0.0,-9.393520408,9.805357143,14.51651515,23.87293554,23.5
2025-06-07 01:00:00+00:00,416.1281252,0.0,23.8,26.38534392,0.0,-8.486388889,9.778392857,14.36153846,23.8,23.5
2025-06-07 01:15:00+00:00,416.1849735,0.0,23.8,29.93910317,0.0,-7.414650794,9.680561905,14.17044444,23.8,23.5
2025-06-07 01:30:00+00:00,416.1644349,0.0,23.74214286,33.10005824,0.0,-6.346303855,9.590289984,14.05833333,23.8,23.48109127
2025-06-07 01:45:00+00:00,416.011393,0.0,23.7,36.43877778,0.005185185,-5.096111111,9.482,13.91111111,23.8,23.4
2025-06-07 02:00:00+00:00,417.1581727,0.0,23.7,39.6447619,0.228151261,-3.759642857,9.365357143,13.79285714,23.74047619,23.4
2025-06-07 02:15:00+00:00,417.0857872,0.0,23.7,42.63818226,0.826656296,-2.463204449,9.183453704,13.69259259,23.7,23.4
2025-06-07 02:30:00+00:00,416.8912703,0.0,23.7,45.88306122,2.635508893,-0.893571429,9.043571429,13.50166667,23.7,23.4
2025-06-07 02:45:00+00:00,418.1959829,0.0,23.67929825,48.76459259,6.749606346,0.501865079,9.034074074,13.39333333,23.7,23.4
2025-06-07 03:00:00+00:00,418.7470635,0.0,23.6,51.95662698,18.33462719,2.210396825,9.015904762,13.22333333,23.7,23.34571429
2025-06-07 03:15:00+00:00,418.2239965,0.0,23.6,55.0582326,40.33565286,3.967811355,9.150627747,13.16285714,23.7,23.3
2025-06-07 03:30:00+00:00,418.6201837,0.0,23.6,57.73984512,61.37837877,5.587193362,9.460724342,13.02666667,23.78688889,23.3
2025-06-07 03:45:00+00:00,418.560692,0.0,23.6,61.17040816,61.19627631,7.724081633,9.807142857,12.97272727,23.74263724,23.3
2025-06-07 04:00:00+00:00,418.7216844,0.0,23.6,63.88457912,44.15185911,9.468196248,9.925925926,12.9,23.6,23.3
2025-06-07 04:15:00+00:00,417.6349151,0.0,23.6,66.92570836,54.92511657,11.52866935,9.925178571,12.8,23.6,23.3
2025-06-07 04:30:00+00:00,418.1468492,0.0,23.57252778,69.5792862,115.3439544,13.31766845,10.21742222,12.70666667,23.6,23.3
2025-06-07 04:45:00+00:00,418.4294191,0.0,23.6,72.73765306,134.176894,15.50510204,10.69168651,12.7,23.6,23.3
2025-06-07 05:00:00+00:00,417.0313131,0.0,23.6,75.62222222,144.5248291,17.59492063,11.05164021,12.7,23.6,23.3
2025-06-07 05:15:00+00:00,416.3686178,0.0,23.6,78.65962169,91.61678032,19.71261905,11.24343704,12.7,23.6,23.3
2025-06-07 05:30:00+00:00,415.6607643,0.0,23.6,81.55734385,152.4005894,21.80555556,11.19662956,12.7,23.6,23.3
2025-06-07 05:45:00+00:00,414.61361,0.0,23.6,84.70333333,130.2754281,24.12272727,11.44378788,12.7,23.6,23.3
2025-06-07 06:00:00+00:00,415.25,0.0,23.6,87.55011338,120.5915453,26.07847222,11.529,12.77380952,23.60297619,23.3
2025-06-07 06:15:00+00:00,414.7219019,0.0,23.6,90.36436508,312.6394426,28.05007937,11.83104762,12.86666667,23.71519124,23.3
2025-06-07 06:30:00+00:00,414.9336995,0.0,23.6,93.64285714,319.9805149,30.27257653,12.45340136,13.0,23.8,23.3
2025-06-07 06:45:00+00:00,414.1873873,0.0,23.6,96.88515079,373.1939842,32.44145503,12.92093333,13.0,23.73857143,23.3
2025-06-07 07:00:00+00:00,413.7017172,0.0,23.6,100.2984762,315.9784633,34.65092593,13.47823035,13.1,23.7,23.3
2025-06-07 07:15:00+00:00,413.2351264,0.0,23.68992272,103.61329,506.7205264,36.70458874,13.36064007,13.1,23.7,23.36428571
2025-06-07 07:30:00+00:00,412.8754174,0.0,23.7,107.1986091,537.5775093,38.77762922,13.58232323,13.17692308,23.7,23.4
2025-06-07 07:45:00+00:00,413.241262,0.0,23.7,110.8683983,437.8293634,40.80587302,14.04080664,13.25,23.72019765,23.4
2025-06-07 08:00:00+00:00,412.3024006,0.0,23.7,114.5656465,399.4411677,42.77115657,14.20681515,13.36857143,23.87878095,23.4
2025-06-07 08:15:00+00:00,411.8463219,0.0,23.7,118.6375,625.3091661,44.77450397,14.66618197,13.43,23.8,23.4
2025-06-07 08:30:00+00:00,411.559247,0.0,23.77141349,122.6777116,782.4413789,46.52896825,15.32469947,13.50666667,23.8,23.43839538
2025-06-07 08:45:00+00:00,412.3012181,0.0,23.8,127.4596154,782.5445856,48.44293706,15.35795325,13.66666667,23.97333333,23.49619048
2025-06-07 09:00:00+00:00,413.65,0.0,23.8,132.215119,405.5274571,50.15738095,15.40696429,13.77692308,23.98285714,23.5
2025-06-07 09:15:00+00:00,412.8382056,0.0,23.84666667,136.7749524,800.616688,51.65492063,15.78071429,13.88329082,23.9,23.5
2025-06-07 09:30:00+00:00,413.211039,0.0,23.9,142.0955736,814.3409466,53.09849722,16.38105751,13.92857143,23.98785714,23.50042017
2025-06-07 09:45:00+00:00,412.9587719,0.0,23.9,147.6455322,892.3321736,54.39133333,16.52402222,14.08666667,24.1,23.58
2025-06-07 10:00:00+00:00,412.3116044,0.0,23.96633062,153.1447479,729.6813985,55.4377551,17.02459184,14.20769231,24.03326118,23.6
2025-06-07 10:15:00+00:00,411.5964646,0.0,24.0,159.1619023,608.213481,56.3550696,16.76712216,14.38111111,24.14234114,23.6
2025-06-07 10:30:00+00:00,411.2509572,0.0,24.0,165.3061111,658.5618468,57.045,16.95255556,14.54642857,24.1620119,23.62338462
2025-06-07 10:45:00+00:00,410.6268665,0.0,24.06690095,170.8054924,530.2776548,57.46507937,16.81193182,14.78571429,24.17357143,23.7
2025-06-07 11:00:00+00:00,411.2886753,0.0,24.1,177.793381,654.5800484,57.7,17.14469444,14.98333333,24.3,23.7
2025-06-07 11:15:00+00:00,410.675492,0.0,24.13122727,183.7614093,710.4056044,57.67767857,17.3107517,15.13845238,24.30369544,23.72855288
2025-06-07 11:30:00+00:00,410.8351412,0.0,24.2,190.4635094,813.3048752,57.42975397,17.72609632,15.32208995,24.4,23.8
2025-06-07 11:45:00+00:00,412.0158168,0.0,24.2,196.8123214,940.4004352,56.92547619,18.09011905,15.47142857,24.4,23.8
2025-06-07 12:00:00+00:00,412.5219625,0.0,24.20133333,202.3746044,441.7039176,56.26077946,17.94374916,15.61388889,24.4,23.8
2025-06-07 12:15:00+00:00,411.9533333,0.0,24.26088889,208.4711111,489.5341178,55.30611111,17.44666667,15.79333333,24.4,23.8
2025-06-07 12:30:00+00:00,410.7580782,0.0,24.3,213.7839634,270.8256564,54.2585119,17.0599178,15.95,24.4,23.8
2025-06-07 12:45:00+00:00,410.2886003,0.0,24.3,219.478037,251.2140067,52.85042593,17.50308148,16.125,24.4,23.8275
2025-06-07 13:00:00+00:00,409.4218398,0.0,24.3,224.53911,195.0806649,51.44289116,17.02930836,16.33974359,24.34065934,23.9
2025-06-07 13:15:00+00:00,409.9233249,0.0,24.3,229.2712456,128.0996844,49.88900855,15.70191871,16.54428571,24.3,23.9
2025-06-07 13:30:00+00:00,409.4846088,0.0,24.3,233.9304422,128.8049303,48.14634354,15.48005102,16.7,24.42370105,23.9
2025-06-07 13:45:00+00:00,408.5688406,0.0,24.3,238.2748968,134.0029569,46.39179894,15.26799048,16.82666667,24.5,23.9
2025-06-07 14:00:00+00:00,407.4762406,0.0,24.30688259,242.2444164,94.97937509,44.57558983,14.97452381,16.9297619,24.5,23.9
2025-06-07 14:15:00+00:00,407.7538294,0.0,24.35985989,246.4217566,109.8953386,42.53387037,14.73326551,17.06666667,24.5,23.9
2025-06-07 14:30:00+00:00,407.9739583,0.0,24.4,250.1493254,193.82047,40.56948413,14.62879058,17.15576923,24.45714286,23.9
2025-06-07 14:45:00+00:00,407.315303,0.0,24.4,253.5383333,215.8294384,38.68985185,14.80722751,17.2,24.4,23.94102564
2025-06-07 15:00:00+00:00,405.6746194,0.0,24.4,257.1367973,196.3207583,36.51840727,15.16727249,17.28666667,24.40129032,24.0
2025-06-07 15:15:00+00:00,405.6122838,0.0,24.4,260.7157313,164.4012726,34.2975907,15.36048753,17.39230769,24.55670842,24.0
2025-06-07 15:30:00+00:00,404.0251963,0.0,24.4,264.057381,112.4031331,32.14107143,14.99777857,17.4,24.6,24.0
2025-06-07 15:45:00+00:00,404.6079571,0.0,24.4,267.0753735,106.8328977,30.09426062,15.029169,17.40714286,24.6,24.0
2025-06-07 16:00:00+00:00,403.6407407,0.0,24.4,270.2599206,115.2469598,27.89238095,15.011,17.5,24.6,24.0
2025-06-07 16:15:00+00:00,403.2740741,0.0,24.44432344,273.4560065,116.1952822,25.66130952,15.13591372,17.50666667,24.56466667,24.0
2025-06-07 16:30:00+00:00,403.3238531,0.0,24.5,276.4234411,121.5582993,23.56882173,15.3025974,17.6,24.5,24.0
2025-06-07 16:45:00+00:00,402.6942716,0.0,24.5,279.4183636,102.0802004,21.409,15.39511111,17.6,24.5,24.0
2025-06-07 17:00:00+00:00,402.8880454,0.0,24.5,282.3478146,100.4032522,19.32737245,15.33725224,17.6,24.52301587,24.0
2025-06-07 17:15:00+00:00,402.1133903,0.0,24.5,285.2175926,71.82131397,17.25183333,15.2498,17.6,24.6,24.0
2025-06-07 17:30:00+00:00,401.5408939,0.0,24.5,288.0840057,35.07152486,15.23734563,15.03941915,17.6,24.6,24.0
2025-06-07 17:45:00+00:00,402.4302756,0.0,24.47032428,291.2575702,31.26056993,13.02205128,14.69807692,17.6,24.6,24.0
2025-06-07 18:00:00+00:00,402.8809596,0.0,24.4,293.9155219,26.38822536,11.23063973,14.41775741,17.69,24.6,24.0
2025-06-07 18:15:00+00:00,402.1851625,0.0,24.4,296.9345408,28.2334416,9.22457483,14.33393367,17.7,24.5,24.0
2025-06-07 18:30:00+00:00,402.8018759,0.0,24.4,299.9387302,20.91221281,7.321111111,14.1878,17.7,24.4,24.0
2025-06-07 18:45:00+00:00,403.2084209,0.0,24.4,302.7510289,10.33864825,5.5575,13.93363776,17.7,24.4,24.0
2025-06-07 19:00:00+00:00,402.8827778,0.0,24.4,305.9138095,4.166838135,3.718062771,13.73566667,17.74,24.4,24.0
2025-06-07 19:15:00+00:00,402.7004284,0.0,24.4,308.6370748,3.500242447,2.145238095,13.60127551,17.8,24.4,24.0
2025-06-07 19:30:00+00:00,403.6564723,0.0,24.39309524,311.6647672,1.745217685,0.507513228,13.4307619,17.8,24.4,24.0
2025-06-07 19:45:00+00:00,404.2046777,0.0,24.3,314.9192177,0.572164113,-1.028174603,13.33482143,17.8,24.43836996,23.99285714
2025-06-07 20:00:00+00:00,403.0710314,0.0,24.3,318.1516284,0.140907407,-2.565714286,13.22,17.8,24.32540567,23.9
2025-06-07 20:15:00+00:00,402.6915344,0.0,24.3,321.248355,0.0,-3.907272727,13.08626623,17.8,24.3,23.9
2025-06-07 20:30:00+00:00,401.6449911,0.0,24.3,324.4714378,0.0,-5.227272727,12.92863736,17.8,24.3,23.9
2025-06-07 20:45:00+00:00,402.0265816,0.0,24.3,327.8434381,0.0,-6.471215208,12.84017629,17.8,24.3,23.9
2025-06-07 21:00:00+00:00,403.2493603,0.0,24.26613333,331.1705438,0.0,-7.581080808,12.78065152,17.8,24.3,23.9
2025-06-07 21:15:00+00:00,403.3439755,0.0,24.2,334.4197503,0.0,-8.560505018,12.72837302,17.8,24.3,23.9
2025-06-07 21:30:00+00:00,402.9870611,0.0,24.2,337.8123223,0.0,-9.432063289,12.65031099,17.8,24.36304855,23.9
2025-06-07 21:45:00+00:00,403.672488,0.0,24.2,341.1701531,0.0,-10.16734694,12.70142857,17.8,24.2,23.9
2025-06-07 22:00:00+00:00,403.2780471,0.0,24.2,344.7338307,0.0,-10.82895238,12.56895334,17.8,24.2,23.86777778
2025-06-07 22:15:00+00:00,402.4777778,0.0,24.2,348.3548571,0.0,-11.34761905,12.53895238,17.8,24.2,23.86555556
2025-06-07 22:30:00+00:00,402.4148951,0.0,24.2,351.7006777,0.0,-11.72659632,12.45444573,17.8,24.2,23.80714286
2025-06-07 22:45:00+00:00,401.6019786,0.0,24.10592593,355.2568519,0.0,-11.96814815,12.48696296,17.8,24.2,23.8
2025-06-07 23:00:00+00:00,401.9670274,0.0,24.1,291.0638435,0.0,-12.1,12.40819728,17.8,24.22184874,23.8
2025-06-07 23:15:00+00:00,401.3852469,0.0,24.1,2.035949014,0.0,-12.07333333,12.22511569,17.8,24.29353651,23.8
2025-06-07 23:30:00+00:00,402.0075693,0.0,24.1,5.693806689,0.0,-11.95657596,12.12732143,17.8,24.12429903,23.8
2025-06-07 23:45:00+00:00,401.9673131,0.0,24.1,9.01762963,0.0,-11.66522222,12.13761039,17.8,24.1,23.8
2025-06-08 00:00:00+00:00,402.236517,0.0,24.1,12.65449206,0.0,-11.27887372,12.06611447,17.8,24.1,23.8
2025-06-08 00:15:00+00:00,402.3173888,0.0,24.08676113,16.34045558,0.0,-10.70030612,12.00051123,17.8,24.1,23.71577381
2025-06-08 00:30:00+00:00,402.767962,0.0,24.0,19.65788889,0.0,-10.05033333,11.87238095,17.83333333,24.11561905,23.7
2025-06-08 00:45:00+00:00,403.1000254,0.0,24.0,23.11071429,0.0,-9.273809524,11.91,17.9,24.2,23.7
2025-06-08 01:00:00+00:00,403.0154545,0.0,24.0,26.53458466,0.0,-8.365714286,11.84547222,17.9,24.19703888,23.7
2025-06-08 01:15:00+00:00,403.7337662,0.0,24.0,29.85532313,0.0,-7.366505102,11.7349127,17.9,24.02477522,23.7
2025-06-08 01:30:00+00:00,403.7125654,0.0,24.0,33.04330159,0.0,-6.272825397,11.61343095,17.9,24.0,23.7
2025-06-08 01:45:00+00:00,404.4071976,0.0,24.0,36.37281085,0.000666667,-5.023246032,11.39313029,17.9,24.00210101,23.7
2025-06-08 02:00:00+00:00,404.6908687,0.0,24.0,39.48493197,0.173670199,-3.785119048,11.22,17.9,24.0,23.7
2025-06-08 02:15:00+00:00,404.9732415,0.0,24.0,42.76113492,0.78875781,-2.286296296,11.13512593,17.9,24.0,23.69833333
2025-06-08 02:30:00+00:00,404.6267264,0.0,24.0,45.85748222,2.230799287,-0.788627087,10.96090754,17.9,24.0,23.6
2025-06-08 02:45:00+00:00,405.1920671,0.0,23.96229629,48.82328042,4.553428806,0.629444444,10.71908995,17.9,24.0,23.6
2025-06-08 03:00:00+00:00,405.8167567,0.0,23.9,51.76925685,8.723213322,2.2388322,10.66973027,17.9,24.0,23.6
2025-06-08 03:15:00+00:00,405.9666667,0.0,23.9,55.0988254,10.38496828,4.116857143,10.82666667,17.9,24.0969697,23.6
2025-06-08 03:30:00+00:00,405.6376952,0.0,23.9,57.92401515,13.63076951,5.785946197,10.92638528,17.9,24.04780952,23.6
2025-06-08 03:45:00+00:00,406.2364706,0.0,23.9,60.8537963,24.98033091,7.649708995,10.93611111,17.9,24.0,23.6
2025-06-08 04:00:00+00:00,405.8104196,0.0,23.9,63.72547619,39.04545445,9.477777778,11.00330952,17.9,24.0,23.6
2025-06-08 04:15:00+00:00,406.1868826,0.0,23.9,66.78746599,57.34884246,11.51054422,11.11055311,17.9,24.0,23.6
2025-06-08 04:30:00+00:00,406.5703146,0.0,23.9,69.72536917,58.10215713,13.56122896,11.33907879,17.9,24.0,23.6
2025-06-08 04:45:00+00:00,406.4828113,0.0,23.9,72.65954545,66.31829068,15.62906308,11.365,17.9,24.0,23.6
2025-06-08 05:00:00+00:00,406.3075002,0.0,23.9,75.53528571,90.30441071,17.63281746,11.53980952,17.9,24.0,23.6
2025-06-08 05:15:00+00:00,406.3974493,0.0,23.9,78.35957601,115.3390323,19.6278338,12.01753183,17.9,24.0,23.6
2025-06-08 05:30:00+00:00,406.6934007,0.0,23.9,81.41584175,206.5001576,21.8367037,12.49771652,17.9,24.0,23.6
2025-06-08 05:45:00+00:00,406.5412716,0.0,23.9,84.25230159,178.7942068,23.87277778,12.99080087,17.9,24.0,23.6
2025-06-08 06:00:00+00:00,405.392546,0.0,23.96761905,87.37337786,181.7255556,26.07215727,13.35220718,17.9,24.0,23.6
2025-06-08 06:15:00+00:00,405.109213,0.0,24.0,90.59638075,216.6809334,28.32808466,13.83567857,17.9,24.0,23.6
2025-06-08 06:30:00+00:00,405.7123969,0.0,24.0,93.64103278,240.0680815,30.41355932,14.0936096,17.9,24.0,23.66826923
2025-06-08 06:45:00+00:00,404.3006444,0.0,24.0,96.9223165,318.530581,32.59838889,14.88184512,17.9,24.00727273,23.7
2025-06-08 07:00:00+00:00,403.3550575,0.0,24.0,100.07641,191.8721842,34.62387755,15.30342716,17.9,24.18905896,23.7
2025-06-08 07:15:00+00:00,404.2558725,0.0,24.0,103.5390921,188.4021434,36.75700938,15.21298485,17.9,24.1,23.7
2025-06-08 07:30:00+00:00,403.1862103,0.0,24.03438596,107.1085926,199.4942061,38.89079101,14.91533333,17.9,24.1,23.7
2025-06-08 07:45:00+00:00,403.012987,0.0,24.1,110.8523025,150.8496293,40.98452381,14.83527473,17.9,24.1,23.7
2025-06-08 08:00:00+00:00,403.257423,0.0,24.1,114.6945286,173.2663513,42.94346032,14.66609392,17.9,24.1,23.73259259
2025-06-08 08:15:00+00:00,402.7820954,0.0,24.1,118.2733992,191.6211737,44.68623895,14.42229459,17.9,24.15765306,23.8
2025-06-08 08:30:00+00:00,403.2832708,0.0,24.1,122.6874074,226.2952194,46.64488696,14.28118519,17.9,24.3,23.8
2025-06-08 08:45:00+00:00,402.5009425,0.0,24.12785714,126.9783889,180.3854055,48.41704867,14.18176217,17.9,24.24017857,23.8
2025-06-08 09:00:00+00:00,402.2814815,0.0,24.2,131.839914,206.1285422,50.14829358,13.85748522,17.9,24.2,23.8
2025-06-08 09:15:00+00:00,402.0917512,0.0,24.2,136.3351247,278.8366448,51.61049036,14.37428425,17.9,24.2,23.8
2025-06-08 09:30:00+00:00,402.1524131,0.0,24.2,141.8988333,194.5819658,53.12711111,14.31423502,17.9,24.22538462,23.88916667
2025-06-08 09:45:00+00:00,402.21591,0.0,24.2,147.3932462,219.719662,54.4215873,14.10315873,17.9,24.39067669,23.9
2025-06-08 10:00:00+00:00,402.1435844,0.0,24.28181818,152.8791799,161.1853304,55.50752525,13.9642328,17.9,24.4,23.9
2025-06-08 10:15:00+00:00,401.3098076,0.0,24.3,159.0173733,139.4110588,56.42141026,13.74798812,17.98,24.31925926,23.9
2025-06-08 10:30:00+00:00,401.7828389,0.0,24.3,165.2188396,121.0236077,57.11648352,13.50256868,18.0,24.3,23.9
2025-06-08 10:45:00+00:00,402.6094229,0.0,24.3,171.1819094,99.07891441,57.57277442,13.24499222,18.0,24.3,23.9
2025-06-08 11:00:00+00:00,402.3658009,0.0,24.3,177.7713706,80.56879656,57.8,13.02591734,18.0,24.3,23.9
2025-06-08 11:15:00+00:00,402.5122222,0.0,24.3,184.1142328,69.52342446,57.76666667,12.75149206,18.0,24.3,23.9
2025-06-08 11:30:00+00:00,402.6113553,0.0,24.3,190.0461586,52.35935418,57.56274499,12.71508209,18.0,24.3,23.9
2025-06-08 11:45:00+00:00,401.9133333,0.0,24.3,196.7723413,68.69323184,57.02453704,12.46888889,18.0,24.31818182,23.93030303
2025-06-08 12:00:00+00:00,401.8276136,0.0,24.3,202.9135729,104.3379411,56.29085185,12.33037374,18.0,24.49553086,24.0
2025-06-08 12:15:00+00:00,402.318072,0.0,24.3,208.7085573,121.573415,55.3531746,12.52944444,18.0,24.46284993,24.0
2025-06-08 12:30:00+00:00,402.0111111,0.0,24.3,214.2887918,109.4093308,54.2352381,12.66625,18.0,24.5,24.0
2025-06-08 12:45:00+00:00,402.9557823,0.0,24.3,219.5773377,105.7863727,52.9337013,12.70011905,18.0,24.5,24.0
2025-06-08 13:00:00+00:00,402.0173882,0.0,24.3,224.3633501,91.23013476,51.58375685,12.42958333,18.0,24.5,24.0
2025-06-08 13:15:00+00:00,401.7095792,0.0,24.3,229.2855468,116.5435463,49.9545756,11.59774754,18.0,24.5,24.0
2025-06-08 13:30:00+00:00,401.946657,0.0,24.302,234.0410139,91.78147959,48.23809836,11.35192381,18.0,24.5,24.0
2025-06-08 13:45:00+00:00,401.0583333,0.0,24.3,238.3599603,92.68361084,46.45346825,11.35093621,17.90666667,24.5,24.0
2025-06-08 14:00:00+00:00,401.7446519,0.0,24.3,242.6373724,92.13035301,44.4976801,11.52149747,17.9,24.5,24.0
2025-06-08 14:15:00+00:00,402.2497489,0.0,24.3,246.4479259,80.62578028,42.63690043,11.63211111,17.9,24.5,24.0
2025-06-08 14:30:00+00:00,401.8398512,0.0,24.3,250.2278935,78.38888253,40.63729306,11.8600572,17.9,24.5,24.0
2025-06-08 14:45:00+00:00,403.0188552,0.0,24.3,253.8867338,89.98326849,38.56428978,12.05305556,17.9,24.5,24.0
2025-06-08 15:00:00+00:00,402.268839,0.0,24.3,257.2989377,105.4413556,36.55583791,12.40579976,17.9,24.5,24.0
2025-06-08 15:15:00+00:00,401.1540307,0.0,24.34420827,260.6164063,135.2689647,34.48787037,12.7628287,17.9,24.48376692,24.0
2025-06-08 15:30:00+00:00,400.6462397,0.0,24.4,263.761057,116.3091421,32.43784271,12.87234416,17.9,24.45439694,24.0
2025-06-08 15:45:00+00:00,401.5065348,0.0,24.4,267.015855,114.3289038,30.24099206,12.74543419,17.9,24.5,24.0
2025-06-08 16:00:00+00:00,401.0,0.0,24.4,269.9461039,112.9113247,28.21714286,12.69157143,17.9,24.48581197,24.0
2025-06-08 16:15:00+00:00,401.4033962,0.0,24.4,273.4494841,97.5136009,25.77439909,12.63449258,17.9,24.4,24.0
2025-06-08 16:30:00+00:00,401.0,0.0,24.4,276.2453583,90.4592935,23.79075397,12.69299663,17.9,24.4,24.0
2025-06-08 16:45:00+00:00,400.7624787,0.0,24.4,279.3140164,78.56187929,21.58749433,12.78664541,17.9,24.4,24.0
2025-06-08 17:00:00+00:00,400.9916412,0.0,24.4,281.8677962,69.15137243,19.73973424,12.90066667,17.9,24.4,24.0
2025-06-08 17:15:00+00:00,400.6067473,0.0,24.4,285.3282455,54.99030644,17.32020975,12.90330357,17.9,24.4,24.0
2025-06-08 17:30:00+00:00,400.309051,0.0,24.4,288.019303,46.42017819,15.36479461,12.89,17.9,24.4,24.0
2025-06-08 17:45:00+00:00,400.5413444,0.0,24.38123453,291.1231097,33.55378975,13.23240013,12.95831493,17.9,24.4,24.0
2025-06-08 18:00:00+00:00,400.6869949,0.0,24.3,293.9494814,22.65780633,11.3364517,12.9237987,17.9,24.40027778,24.0
2025-06-08 18:15:00+00:00,400.1562286,0.0,24.3,296.7203831,21.58689499,9.486577381,12.69041071,17.9,24.49413265,24.0
2025-06-08 18:30:00+00:00,401.2637708,0.0,24.3,299.8765079,19.1052344,7.452777778,12.672,17.9,24.47389061,24.0
2025-06-08 18:45:00+00:00,400.3777778,0.0,24.33195286,302.8680159,19.50141637,5.577539683,12.63701323,17.9,24.45962201,24.0
2025-06-08 19:00:00+00:00,400.4925553,0.0,24.3,305.7252778,10.4984553,3.906309524,12.63261905,17.9,24.34375661,24.0
2025-06-08 19:15:00+00:00,400.7598122,0.0,24.3,308.6110606,6.623045979,2.278326118,12.4110101,17.9,24.3,24.0
2025-06-08 19:30:00+00:00,400.2965939,0.0,24.3,311.6842956,2.252629574,0.611042826,12.34092812,17.9,24.3,23.99732143
2025-06-08 19:45:00+00:00,399.9628723,0.0,24.3,315.0088225,0.453626869,-0.991274651,12.55877778,17.9,24.3,23.91343915
2025-06-08 20:00:00+00:00,399.9857579,0.0,24.3,317.8230027,0.357439046,-2.316717687,12.53228458,17.9,24.3,23.9
2025-06-08 20:15:00+00:00,399.4666667,0.0,24.3,321.3894497,0.062566667,-3.874574074,12.26359418,17.9,24.3,23.9
2025-06-08 20:30:00+00:00,399.4768514,0.0,24.25354497,324.4662546,0.0,-5.14502442,12.02545788,17.9,24.3,23.9
2025-06-08 20:45:00+00:00,399.2,0.0,24.2,327.7699182,0.0,-6.362201058,11.93187037,17.9,24.38031746,23.9
2025-06-08 21:00:00+00:00,399.3431391,0.0,24.2,330.9851804,0.0,-7.450190476,11.7608658,17.9,24.2873931,23.9
2025-06-08 21:15:00+00:00,399.7625202,0.0,24.2,334.4978942,0.0,-8.477268089,11.61951221,17.9,24.2,23.9
2025-06-08 21:30:00+00:00,399.9296032,0.0,24.2,337.8990476,0.0,-9.354166667,11.70644048,17.9,24.2,23.9
2025-06-08 21:45:00+00:00,400.4250262,0.0,24.2,341.2873344,0.0,-10.10190476,11.77709166,17.9,24.2,23.9
2025-06-08 22:00:00+00:00,400.0872515,0.0,24.2,344.7030544,0.0,-10.74062169,11.74021645,17.9,24.2,23.9
2025-06-08 22:15:00+00:00,400.0333333,0.0,24.2,348.112373,0.0,-11.2309536,11.59797619,17.9,24.2,23.89444444
2025-06-08 22:30:00+00:00,399.2785714,0.0,24.12755102,351.7600833,0.0,-11.64294692,11.39409864,17.9,24.2,23.8
2025-06-08 22:45:00+00:00,399.3557263,0.0,24.1,355.0999639,0.0,-11.85740741,11.23826936,17.9,24.25872423,23.8
2025-06-08 23:00:00+00:00,400.0798701,0.0,24.1,319.2093723,0.0,-12.0,10.97214286,17.9,24.15844156,23.8
2025-06-08 23:15:00+00:00,400.9925926,0.0,24.1,2.113062271,0.0,-11.99333333,10.894829,17.9,24.1,23.8
2025-06-08 23:30:00+00:00,399.6239229,0.0,24.1,5.744996135,0.0,-11.83979592,10.7827551,17.9,24.1,23.8
2025-06-08 23:45:00+00:00,400.0,0.0,24.1,9.235198413,0.0,-11.54,10.66858333,17.9,24.1,23.8
2025-06-09 00:00:00+00:00,400.9301248,0.0,24.07754386,12.73975641,0.0,-11.1570641,10.58551282,17.84626984,24.1,23.8
2025-06-09 00:15:00+00:00,401.7611278,0.0,24.0,16.15017857,0.0,-10.63619048,10.55186607,17.8,24.1,23.70416667
2025-06-09 00:30:00+00:00,402.369697,0.0,24.0,19.69126984,0.0,-9.992222222,10.3858709,17.8,24.14835859,23.7
2025-06-09 00:45:00+00:00,402.4964808,0.0,24.0,22.99372088,0.0,-9.219506803,10.29880952,17.8,24.0,23.7
2025-06-09 01:00:00+00:00,402.1796385,0.0,24.0,26.37273329,0.0,-8.319217172,10.29775397,17.8,24.0,23.7
2025-06-09 01:15:00+00:00,402.310101,0.0,24.0,29.89736488,0.0,-7.257617216,10.44000488,17.8,24.0,23.7
2025-06-09 01:30:00+00:00,402.7181818,0.0,24.0,33.19047619,0.0,-6.139285714,10.39857143,17.70769231,24.0,23.7
2025-06-09 01:45:00+00:00,402.1843511,0.0,24.0,36.31694444,0.000645161,-4.950873016,10.38069444,17.7,24.0,23.7
2025-06-09 02:00:00+00:00,403.0182073,0.0,23.95205058,39.53249613,0.167396035,-3.622562358,10.30385488,17.7,24.0,23.61428571
2025-06-09 02:15:00+00:00,403.8444444,0.0,23.9,42.64246296,0.749888462,-2.254021164,10.19391111,17.7,24.04666667,23.6
2025-06-09 02:30:00+00:00,404.5049775,0.0,23.9,45.65438492,1.963533506,-0.802414966,10.02643182,17.7,24.0952048,23.6
2025-06-09 02:45:00+00:00,405.2875,0.0,23.9,48.7351649,4.546406462,0.662301946,9.85999283,17.7,24.02969298,23.6
2025-06-09 03:00:00+00:00,404.9946387,0.0,23.9,51.84705892,9.817792578,2.362565657,9.868094276,17.7,23.9,23.6
2025-06-09 03:15:00+00:00,406.0,0.0,23.9,55.05500611,17.90216644,4.182653061,9.957761905,17.7,23.9,23.6
2025-06-09 03:30:00+00:00,406.0143036,0.0,23.9,57.6944305,27.93549184,5.80076455,9.953113035,17.7,23.9,23.6
2025-06-09 03:45:00+00:00,405.6148119,0.0,23.9,60.83527003,41.45578142,7.713201281,10.09732143,17.7,23.9,23.6
2025-06-09 04:00:00+00:00,406.2959276,0.0,23.9,63.78195046,61.00141033,9.646640212,10.24666667,17.7,23.9,23.6
2025-06-09 04:15:00+00:00,406.7324462,0.0,23.9,66.61693485,89.30860309,11.50398548,10.45232143,17.7,23.9,23.6
2025-06-09 04:30:00+00:00,406.5109606,0.0,23.9,69.14466531,108.8150629,13.25265296,10.65923516,17.7,23.9,23.6
2025-06-09 04:45:00+00:00,406.5634161,0.0,23.9,72.4387899,150.797168,15.55277015,11.12669152,17.66309524,23.9,23.6
2025-06-09 05:00:00+00:00,406.3507031,0.0,23.9,75.46563252,138.7718392,17.67617196,11.34542629,17.6,23.9,23.6
2025-06-09 05:15:00+00:00,406.3628579,0.0,23.9,78.21011905,114.9536556,19.64572511,11.38377345,17.6,23.9,23.6
2025-06-09 05:30:00+00:00,406.4195286,0.0,23.9,81.22512169,95.66383583,21.82908466,11.13932698,17.6,23.9,23.6
2025-06-09 05:45:00+00:00,405.445753,0.0,23.9,84.26257143,105.8109678,23.972,11.18865079,17.6,23.9,23.6
2025-06-09 06:00:00+00:00,405.6940816,0.0,23.9,87.38714286,120.5134178,26.15829082,11.1793254,17.6,23.9,23.6
2025-06-09 06:15:00+00:00,405.5568763,0.0,23.9,90.49767196,167.4687704,28.36884921,11.39676751,17.6,23.91692788,23.6
2025-06-09 06:30:00+00:00,406.3241355,0.0,23.9,93.53339259,292.4507572,30.46404471,11.55342736,17.6,24.08740602,23.6
2025-06-09 06:45:00+00:00,406.7727573,0.0,23.9,96.74087179,407.9192908,32.60082784,12.05555094,17.6,24.05333333,23.6
2025-06-09 07:00:00+00:00,405.9246032,0.0,23.91470588,100.2243112,381.6565372,34.80613095,12.11696429,17.6,24.0,23.6
2025-06-09 07:15:00+00:00,404.7264836,0.0,24.0,103.5505368,318.7273973,36.85860317,12.28564038,17.6,24.0,23.64592593
2025-06-09 07:30:00+00:00,404.844764,0.0,24.0,107.1930185,401.3083302,39.03192593,12.37134343,17.6,24.0,23.7
2025-06-09 07:45:00+00:00,404.7404116,0.0,24.0,110.7652664,455.4982705,41.0199982,12.56561224,17.6,24.01571429,23.7
2025-06-09 08:00:00+00:00,404.9945071,0.0,24.0,113.9466629,532.2884043,42.6715701,12.78960847,17.6,24.17034543,23.7
2025-06-09 08:15:00+00:00,404.9940145,0.0,24.07255639,118.58288,377.6570513,44.94041821,12.91844156,17.6,24.10062112,23.705
2025-06-09 08:30:00+00:00,405.6561969,0.0,24.1,122.8308184,265.0176212,46.82382958,12.87455898,17.6,24.17866667,23.79732143
2025-06-09 08:45:00+00:00,405.7210884,0.0,24.1,127.1504422,430.2716853,48.54431973,13.01893682,17.6,24.29928571,23.8
2025-06-09 09:00:00+00:00,406.9659544,0.0,24.16724638,131.8828095,539.9250275,50.2557381,13.37877441,17.6,24.2,23.8
2025-06-09 09:15:00+00:00,406.75,0.0,24.2,136.6442319,422.6478148,51.775411,13.27673469,17.6,24.2,23.86483516
2025-06-09 09:30:00+00:00,407.9288034,0.0,24.2,141.7187461,556.6265907,53.19625339,13.49694721,17.6,24.2957265,23.9
2025-06-09 09:45:00+00:00,408.6126699,0.0,24.20165869,147.2766667,464.1277996,54.48777778,13.73282051,17.6,24.36015427,23.9
2025-06-09 10:00:00+00:00,408.867517,0.0,24.3,152.8805556,448.6440996,55.55153061,13.74173872,17.6,24.3,23.9
2025-06-09 10:15:00+00:00,408.8857143,0.0,24.3,158.818963,654.2542463,56.4833082,14.14410505,17.6,24.3,23.9
2025-06-09 10:30:00+00:00,408.4285714,0.0,24.3,164.9468349,396.3503852,57.20562376,14.09403495,17.57845118,24.47851648,23.95779221
2025-06-09 10:45:00+00:00,408.8369048,0.0,24.3127417,171.2504762,366.5087567,57.67026455,13.92544444,17.5,24.48697094,24.0
2025-06-09 11:00:00+00:00,409.0835623,0.0,24.4,177.6545493,668.4964081,57.88571429,14.21867262,17.5,24.4,24.0
2025-06-09 11:15:00+00:00,409.0472112,0.0,24.4,183.7433889,391.756917,57.87060317,14.32812698,17.5,24.57230769,24.05031746
2025-06-09 11:30:00+00:00,408.8244444,0.0,24.41666667,190.2706898,352.0013014,57.61511111,14.35309668,17.5,24.515,24.1
2025-06-09 11:45:00+00:00,408.9591911,0.0,24.5,196.2978175,570.9532309,57.14967186,14.71010989,17.49795918,24.5,24.1
2025-06-09 12:00:00+00:00,409.5029386,0.0,24.5,202.7589466,496.1173691,56.4028735,14.8988862,17.4,24.5,24.1
2025-06-09 12:15:00+00:00,407.7712843,0.0,24.5,208.3467851,332.321324,55.50024975,14.81178571,17.4,24.5,24.1
2025-06-09 12:30:00+00:00,408.8015873,0.0,24.5,214.2578704,498.0957826,54.32829365,15.18525,17.4,24.5,24.1
2025-06-09 12:45:00+00:00,409.567547,0.0,24.5,219.6363605,342.7120399,53.0415873,15.23085343,17.4,24.5,24.1
2025-06-09 13:00:00+00:00,408.4410712,0.0,24.5,224.6324524,606.4761976,51.60562771,15.20303571,17.4,24.5,24.1
2025-06-09 13:15:00+00:00,408.9642857,0.0,24.5,229.4892344,624.2804063,50.01037827,16.03489867,17.4,24.5,24.1
2025-06-09 13:30:00+00:00,408.2610831,0.0,24.5,233.8598917,380.9987013,48.40573127,15.68859969,17.4,24.5,24.1
2025-06-09 13:45:00+00:00,408.8150321,0.0,24.5,238.2314935,605.4268917,46.61397135,15.71323683,17.4,24.5,24.1
2025-06-09 14:00:00+00:00,408.652286,0.0,24.5,242.593619,569.748546,44.64994709,15.98349206,17.4,24.5,24.13481481
2025-06-09 14:15:00+00:00,408.9625874,0.0,24.5,246.3199461,447.0073383,42.81636345,15.77948718,17.4,24.5,24.2
2025-06-09 14:30:00+00:00,408.2620655,0.0,24.5,250.3134184,335.8886169,40.65339286,15.64462755,17.4,24.5,24.2
2025-06-09 14:45:00+00:00,407.9298701,0.0,24.59369697,253.8833925,490.8872676,38.66456878,16.04305079,17.4,24.53789082,24.2
2025-06-09 15:00:00+00:00,408.0,0.0,24.6,257.3243362,472.4410665,36.61991342,16.11295238,17.4,24.62495715,24.2
2025-06-09 15:15:00+00:00,407.6670163,0.0,24.6,260.6691414,420.2964556,34.5567756,16.16033317,17.4,24.6052381,24.25366667
2025-06-09 15:30:00+00:00,406.1411565,0.0,24.6,264.0411629,406.2588187,32.3589611,16.3896846,17.4,24.6,24.3
2025-06-09 15:45:00+00:00,406.8260192,0.0,24.68851728,267.0795812,349.7337044,30.30970899,16.08228068,17.4,24.62216585,24.3
2025-06-09 16:00:00+00:00,407.1602488,0.0,24.7,270.4396667,316.4301282,27.98381481,16.15863818,17.4,24.78353175,24.3
2025-06-09 16:15:00+00:00,406.7181319,0.0,24.7,273.5213889,262.7830872,25.81777778,15.99359637,17.4,24.70909091,24.35714286
2025-06-09 16:30:00+00:00,406.7416659,0.0,24.78769231,276.3645,256.5955732,23.81322222,16.16188095,17.48666667,24.82324176,24.4
2025-06-09 16:45:00+00:00,407.2464071,0.0,24.85,279.2496435,264.4948475,21.7504932,16.01054422,17.5,24.8,24.4
2025-06-09 17:00:00+00:00,407.8484848,0.0,24.9,282.3097719,223.3328184,19.53430556,15.95570513,17.5,24.82053476,24.40984127
2025-06-09 17:15:00+00:00,407.0599364,0.0,24.9,285.1585214,191.4392453,17.5153996,15.77985209,17.5,24.95059524,24.5
2025-06-09 17:30:00+00:00,407.5498706,0.0,24.9,288.1753382,146.4329985,15.36027441,15.49676013,17.5,24.9,24.5
2025-06-09 17:45:00+00:00,406.9712924,0.0,24.97273752,291.1762963,107.3589137,13.29814815,15.34622222,17.5,24.9,24.5
2025-06-09 18:00:00+00:00,406.6182922,0.0,25.0,294.0785045,79.0768441,11.32368734,15.06735119,17.5,24.9462688,24.50235589
2025-06-09 18:15:00+00:00,407.2872952,0.0,25.0,296.7756014,65.72082501,9.535380471,14.86837374,17.5,25.1,24.6
2025-06-09 18:30:00+00:00,406.7232804,0.0,25.0,299.9095261,45.62063206,7.514951299,14.56034632,17.56428571,25.06428571,24.6
2025-06-09 18:45:00+00:00,406.8453333,0.0,25.03851852,302.7139793,24.68472463,5.782833333,14.18731775,17.6,25.0,24.6
2025-06-09 19:00:00+00:00,406.0220761,0.0,25.07534014,305.7032529,8.902816208,3.999616812,13.87292208,17.6,25.0,24.6
2025-06-09 19:15:00+00:00,407.4077933,0.0,25.0,308.8778409,2.987558702,2.226717542,13.51904762,17.6,25.0,24.6
2025-06-09 19:30:00+00:00,408.9643044,0.0,25.0,312.0487593,3.37021337,0.521851852,13.54147903,17.6,25.02761905,24.6
2025-06-09 19:45:00+00:00,408.5871019,0.0,25.0,315.1380102,1.487811828,-0.968877551,13.54738095,17.6,24.90408163,24.6
2025-06-09 20:00:00+00:00,409.6484848,0.0,24.97133333,318.1779894,0.497209923,-2.395478596,13.09390909,17.6,24.9,24.6
2025-06-09 20:15:00+00:00,409.0642857,0.0,24.9,321.3255584,0.121142857,-3.759183674,12.60510513,17.6,24.9,24.545671
2025-06-09 20:30:00+00:00,409.2055808,0.0,24.9,324.5567393,0.0,-5.074900285,12.4494359,17.6,24.87664884,24.5
2025-06-09 20:45:00+00:00,409.7837243,0.0,24.86050933,327.5570305,0.0,-6.200855395,12.28418303,17.64217687,24.8,24.5
2025-06-09 21:00:00+00:00,408.2466667,0.0,24.8,331.115037,0.0,-7.400925926,11.91728704,17.7,24.8,24.5
2025-06-09 21:15:00+00:00,407.3595144,0.0,24.8,334.2243803,0.0,-8.344942308,11.60954832,17.7,24.8,24.44095238
2025-06-09 21:30:00+00:00,407.0954537,0.0,24.8,337.6657998,0.0,-9.224518141,11.59284276,17.7,24.74410173,24.4
2025-06-09 21:45:00+00:00,407.5065052,0.0,24.71333333,341.0939538,0.0,-9.984585859,11.52478095,17.7,24.7,24.4
2025-06-09 22:00:00+00:00,407.3885285,0.0,24.7,344.5247188,0.0,-10.62895833,11.55597591,17.7,24.7,24.4
2025-06-09 22:15:00+00:00,407.6742816,0.0,24.7,348.1578704,0.0,-11.17169312,11.44245791,17.7,24.7,24.4
2025-06-09 22:30:00+00:00,408.038878,0.0,24.7,351.1509394,0.0,-11.52589619,11.20695624,17.76815476,24.7,24.4
2025-06-09 22:45:00+00:00,406.9379325,0.0,24.68933333,354.682963,0.0,-11.75960784,11.3158,17.8,24.66489462,24.38740741
2025-06-09 23:00:00+00:00,407.1766917,0.0,24.6,302.6690418,0.0,-11.9,11.40214064,17.8,24.6,24.3
2025-06-09 23:15:00+00:00,407.3809404,0.0,24.6,2.123655881,0.0,-11.89916667,10.81553704,17.8,24.6,24.3
2025-06-09 23:30:00+00:00,407.277921,0.0,24.6,5.648939486,0.0,-11.75,11.04144493,17.8,24.6,24.3
2025-06-09 23:45:00+00:00,408.2561328,0.0,24.59415584,9.215263605,0.0,-11.52834467,11.16321712,17.8,24.5961039,24.295
2025-06-10 00:00:00+00:00,407.9809524,0.0,24.5,12.59076174,0.0,-11.10464557,10.80054098,17.8,24.50311111,24.2
2025-06-10 00:15:00+00:00,407.968157,0.0,24.5,16.07549603,0.0,-10.6023984,10.87158333,17.8,24.5,24.2
2025-06-10 00:30:00+00:00,407.3337461,0.0,24.5,19.50308923,0.0,-9.938223906,10.84949242,17.8,24.5,24.2
2025-06-10 00:45:00+00:00,407.7134723,0.0,24.5,22.88395692,0.0,-9.167375283,11.46558815,17.8,24.5,24.2
2025-06-10 01:00:00+00:00,407.369697,0.0,24.5,25.94327056,0.0,-8.352423521,11.55749832,17.8,24.5,24.2
2025-06-10 01:15:00+00:00,407.4007928,0.0,24.5,29.51593601,0.0,-7.302356532,12.06409555,17.8,24.5,24.15587142
2025-06-10 01:30:00+00:00,407.2737742,0.0,24.5,32.94063866,0.0,-6.125098039,11.08003704,17.8,24.5,24.10801347
2025-06-10 01:45:00+00:00,408.0220668,0.0,24.40829837,36.2850873,0.0,-4.902634921,10.96619048,17.8,24.44528694,24.1
2025-06-10 02:00:00+00:00,408.4377403,0.0,24.4,39.4812585,0.114415584,-3.57952381,10.60760204,17.8,24.4,24.1
2025-06-10 02:15:00+00:00,409.4992063,0.0,24.4,42.56811415,0.31387265,-2.196111111,10.42666667,17.8,24.4,24.1
2025-06-10 02:30:00+00:00,409.893562,0.0,24.4,45.72982169,1.3650741,-0.707142857,10.575,17.8,24.4,24.1
2025-06-10 02:45:00+00:00,409.85,0.0,24.4,48.84661111,2.890072727,0.796888889,10.87222222,17.8,24.4,24.07878788
2025-06-10 03:00:00+00:00,411.7896745,0.0,24.4,51.85221203,5.952755019,2.427312555,10.94,17.8,24.4,24.002
2025-06-10 03:15:00+00:00,412.2034941,0.0,24.31298701,54.83371375,7.699440939,4.151154672,10.99964286,17.8,24.41558442,24.0
2025-06-10 03:30:00+00:00,412.9569821,0.0,24.3,57.83053872,8.762528904,5.937508418,10.97516809,17.8,24.37188889,24.0
2025-06-10 03:45:00+00:00,412.4707863,0.0,24.3,60.68775946,16.70818235,7.722291994,11.00179062,17.8,24.3,24.0
2025-06-10 04:00:00+00:00,412.6945304,0.0,24.3,63.67126984,17.68237534,9.669444444,11.22823942,17.8,24.3,24.0
2025-06-10 04:15:00+00:00,413.7655844,0.0,24.3,66.68752834,23.80575508,11.63973923,11.58174603,17.8,24.3,24.0
2025-06-10 04:30:00+00:00,414.6907407,0.0,24.3,69.59251924,38.84174599,13.65258658,11.82841751,17.8,24.3,24.0
2025-06-10 04:45:00+00:00,415.0059524,0.0,24.3,72.4069161,37.11900583,15.62743764,12.15588555,17.8,24.3,24.0
2025-06-10 05:00:00+00:00,416.2226923,0.0,24.3,75.32461279,30.58380421,17.66784512,12.32303704,17.8,24.3,24.0
2025-06-10 05:15:00+00:00,417.7104126,0.0,24.3,78.37930808,27.11605742,19.85983333,12.42095238,17.8,24.3,24.0
2025-06-10 05:30:00+00:00,418.0073038,0.0,24.3,81.25973094,27.75887897,21.91397809,12.56091837,17.8,24.3,24.0
2025-06-10 05:45:00+00:00,426.5964103,0.0,24.3,84.18703704,32.46896648,24.00916667,12.61774505,17.8,24.3,24.0
2025-06-10 06:00:00+00:00,455.9823214,0.0,24.32629121,87.19533163,54.71341353,26.18230442,12.63035714,17.8,24.35258242,24.09736395
2025-06-10 06:15:00+00:00,503.1320623,0.0,24.30466667,90.18984343,65.96073886,28.25709764,12.73533333,17.8,24.5,24.52188456
2025-06-10 06:30:00+00:00,553.2311395,0.0,24.39214141,93.4994416,117.5411938,30.52906061,12.91318519,17.8,24.47230303,25.06901099
2025-06-10 06:45:00+00:00,719.4914097,0.0,24.58475057,96.57711233,137.874914,32.58000698,13.13905112,17.87142857,24.4,25.36186355
2025-06-10 07:00:00+00:00,1215.31425,0.0,25.14719243,100.012672,106.8874789,34.79185897,13.31436905,17.9,24.55264493,25.55847884
2025-06-10 07:15:00+00:00,1671.683352,0.0,25.4978182,103.1558442,79.12272057,36.74733045,13.32117383,17.9,25.1179202,25.03385662
2025-06-10 07:30:00+00:00,1546.12808,0.0,25.32819589,106.8123016,177.8927078,38.90746032,13.42022222,17.9,25.24680057,24.72611111
2025-06-10 07:45:00+00:00,1010.200345,0.0,25.00015088,110.5830048,148.5325855,41.00608439,13.44132653,17.9,24.84821429,24.71128852
2025-06-10 08:00:00+00:00,1113.671578,0.0,25.15272209,114.4530556,157.7321964,43.01892569,13.54216667,17.9,24.8,24.92896296
2025-06-10 08:15:00+00:00,1497.77738,1.326984127,25.65432408,118.4091508,105.4593337,44.95350122,13.61082937,17.88666667,24.8,24.8492886
2025-06-10 08:30:00+00:00,1396.967949,52.72714286,25.63553571,122.5921344,261.1168453,46.80470238,13.76489796,17.52589286,25.00154762,24.7
2025-06-10 08:45:00+00:00,1020.5663,105.5798175,25.27822222,126.9639683,185.4503432,48.54966089,13.62199784,17.0140873,25.50947043,24.6245584
2025-06-10 09:00:00+00:00,761.3572447,227.7131221,25.1578954,131.6166966,156.0123287,50.24680756,13.48079271,16.6,25.52897255,24.87913855
2025-06-10 09:15:00+00:00,615.0198006,269.5765221,25.2,136.5104528,153.6134887,51.82223545,13.14480984,16.89444444,25.3157558,24.92666667
2025-06-10 09:30:00+00:00,575.0109604,269.1231552,25.2,141.0889377,109.4604646,53.08604396,13.05340143,16.92616883,25.06352279,24.9
2025-06-10 09:45:00+00:00,576.5965756,270.0771778,25.2,147.0690617,161.6445285,54.52220818,12.85457875,16.95714286,24.79893378,24.72925926
2025-06-10 10:00:00+00:00,547.7952783,266.8174109,25.08519658,153.1067421,111.1201673,55.70929762,12.95777381,16.89615385,24.78960521,24.54950794
2025-06-10 10:15:00+00:00,516.1620776,270.9165404,24.89899267,158.6249964,112.3905072,56.52846939,12.72559524,16.82047619,25.03841089,24.61290684
2025-06-10 10:30:00+00:00,501.5922828,271.7737298,24.75324554,164.6717786,177.5933463,57.21262898,12.81485644,17.06,25.1,24.6
2025-06-10 10:45:00+00:00,494.3120301,272.9092182,24.66778499,171.1262515,166.0999601,57.70820578,12.87483516,17.10867347,25.16237374,24.6
2025-06-10 11:00:00+00:00,621.6165595,274.557208,24.77335865,176.495697,112.4940462,57.96666667,12.82994872,17.01238095,24.95836411,24.6
2025-06-10 11:15:00+00:00,729.1504275,270.6268213,25.0,184.129942,99.60424384,57.96135204,12.63207058,16.95714286,25.09365634,24.62219495
2025-06-10 11:30:00+00:00,725.0233685,270.008096,25.06190476,190.3589235,95.66896814,57.66571429,12.55389744,16.97285714,25.1835015,24.6
2025-06-10 11:45:00+00:00,710.2668881,273.011406,25.1,196.1007646,127.4613043,57.26164566,12.64095719,17.05962302,25.39376496,24.54714286
2025-06-10 12:00:00+00:00,650.4570185,272.7104052,25.07922655,202.3588244,67.82719322,56.51548533,12.81644541,17.16938776,25.45692296,24.60083333
2025-06-10 12:15:00+00:00,595.5057627,269.0541439,24.99915966,208.346904,78.835764,55.58159014,12.64389717,17.03571429,25.51533613,24.98571429
2025-06-10 12:30:00+00:00,571.1751966,273.605616,24.91525589,214.0671032,159.6900566,54.45904762,12.91301587,17.12,25.25826159,25.08833333
2025-06-10 12:45:00+00:00,564.4225379,270.0867408,24.8866342,219.3834288,116.414424,53.19397567,13.17901273,17.2,24.71225616,25.18821429
2025-06-10 13:00:00+00:00,582.9882716,270.6357729,24.85745647,224.4053704,132.416237,51.74412698,13.35140741,17.2,24.76445574,25.15450794
2025-06-10 13:15:00+00:00,596.6567287,272.4268477,24.99107192,229.4227058,59.92862776,50.12522963,12.98498155,16.97857143,24.79296743,25.18412698
2025-06-10 13:30:00+00:00,663.2927641,274.1585213,24.94238892,233.7227778,85.29327543,48.52339438,12.70354167,16.87,24.77866193,25.2
2025-06-10 13:45:00+00:00,699.0523821,272.6443908,25.00672619,237.9351587,124.3006313,46.83095238,12.93853016,17.10714286,24.84340663,25.2
2025-06-10 14:00:00+00:00,778.6221693,150.6327549,25.18379716,242.5317432,94.96122579,44.75020408,13.64692486,18.06663265,24.68910328,24.99910714
2025-06-10 14:15:00+00:00,888.40486,183.0557621,25.34049383,246.3327222,64.43403925,42.8862963,14.91105707,16.56195238,24.55171429,24.99333333
2025-06-10 14:30:00+00:00,834.1597403,160.0535714,25.43345238,250.4011933,235.6136323,40.71078231,15.12859423,17.09583333,24.50916667,24.98650794
2025-06-10 14:45:00+00:00,621.5692593,56.8870671,25.27823232,253.9647143,265.1372314,38.70071429,14.84626984,16.415,24.62186667,24.9
2025-06-10 15:00:00+00:00,505.202886,54.56969697,25.06164502,257.3612037,88.54979524,36.69657407,14.93866667,16.89733333,24.56106061,24.86404762
2025-06-10 15:15:00+00:00,481.2524507,54.04964876,24.9997449,260.8208333,120.5229536,34.51746032,14.52540816,16.90615385,24.5,24.76904762
2025-06-10 15:30:00+00:00,473.0416938,53.92964824,24.9,263.4156444,86.15079074,32.82121656,14.82970934,15.94593407,24.5,24.55663983
2025-06-10 15:45:00+00:00,462.8403497,53.76003376,24.83333333,266.5763374,56.59315634,30.71608356,14.59666444,16.13612418,24.5,24.52434331
2025-06-10 16:00:00+00:00,453.461925,54.00811688,24.8,270.3264141,80.49688931,28.17140797,14.36620421,17.34642857,24.5,24.43469388
2025-06-10 16:15:00+00:00,449.0691087,53.68785635,24.71082251,273.456,62.75776858,25.99606349,13.89511111,16.28288889,24.5,24.4
2025-06-10 16:30:00+00:00,444.8702304,53.83744393,24.7,276.5012698,74.26334507,23.79957672,13.72585185,16.80333333,24.47833333,24.37807407
2025-06-10 16:45:00+00:00,442.8885274,54.10570909,24.64270186,279.1325758,46.14526455,21.90863636,13.44987013,17.38738611,24.4,24.3
2025-06-10 17:00:00+00:00,441.280284,54.06119081,24.6,282.1267767,53.07679681,19.75247719,13.36337292,16.5220671,24.4,24.3
2025-06-10 17:15:00+00:00,439.6477201,54.10295963,24.58169082,285.2067989,58.48443312,17.59801587,13.52051282,16.88411111,24.4,24.21333333
2025-06-10 17:30:00+00:00,437.8559702,53.42426369,24.5,288.3034444,38.7861502,15.38668519,13.53859444,17.22433333,24.4,24.17960114
2025-06-10 17:45:00+00:00,436.6821429,53.24512472,24.5,291.2155499,27.5759186,13.38527494,13.81809073,17.10209184,24.3825,24.1
2025-06-10 18:00:00+00:00,434.6818713,53.96063492,24.5,293.8497804,18.83342222,11.56656614,13.68572222,16.11666667,24.3,24.1
2025-06-10 18:15:00+00:00,433.2997657,53.79191767,24.5,296.8830164,11.15311352,9.551113173,13.5484127,17.41267574,24.3,24.09761905
2025-06-10 18:30:00+00:00,432.7306037,53.32805766,24.46152947,299.7033333,8.272356614,7.704722222,13.55833333,16.6674709,24.3,24.0
2025-06-10 18:45:00+00:00,433.0850245,53.870038,24.4,302.7816667,9.3481795,5.818367347,13.45657823,16.13555556,24.34650927,24.0
2025-06-10 19:00:00+00:00,432.4363636,11.7,24.4,305.6059656,7.891992554,4.142912698,13.45012169,17.78888889,24.2571897,24.0
2025-06-10 19:15:00+00:00,432.5949992,0.0,24.4,308.833266,5.128702646,2.311130351,13.1532037,18.44358974,24.4,24.0
2025-06-10 19:30:00+00:00,431.6910975,0.0,24.4,311.9234371,3.980888695,0.634409341,13.06349206,18.5,24.4,24.0
2025-06-10 19:45:00+00:00,431.9210944,0.0,24.4,314.9855017,1.052699219,-0.773907407,13.00140741,18.5,24.4,24.0
2025-06-10 20:00:00+00:00,430.3744192,0.0,24.4,317.9984609,0.375323172,-2.239912132,13.03544321,18.36984127,24.4,24.0
2025-06-10 20:15:00+00:00,430.3106902,0.0,24.4,321.3496104,0.085055556,-3.682424242,13.06727273,18.01333333,24.4,24.0
2025-06-10 20:30:00+00:00,429.9910242,0.0,24.4,324.4770434,0.0,-4.989533086,13.17528345,17.62176871,24.335078,24.0
2025-06-10 20:45:00+00:00,428.929053,0.0,24.36592593,327.4113254,0.0,-6.064111111,13.27505,17.18944444,24.4,24.0
2025-06-10 21:00:00+00:00,428.4265969,62.55770677,24.3,330.8808957,0.0,-7.24202381,13.28928571,15.79261905,24.27335498,23.9375
2025-06-10 21:15:00+00:00,431.6940677,98.05963664,24.18659357,334.182,0.0,-8.228,13.24555505,14.9552381,24.2,23.87282051
2025-06-10 21:30:00+00:00,433.2782378,101.181324,24.1,337.6889235,0.0,-9.13704823,13.13914367,14.96928571,24.16625455,23.8
2025-06-10 21:45:00+00:00,433.3755897,101.6647765,24.0,341.1257699,0.0,-9.900829726,12.76198377,14.625,24.1,23.8
2025-06-10 22:00:00+00:00,433.4251976,100.1197352,23.90998217,344.4413889,0.0,-10.53033333,12.64254921,14.52,24.1631456,23.77587879
2025-06-10 22:15:00+00:00,433.7027621,102.1929685,23.9,348.1636905,0.0,-11.08650794,12.51015873,14.4,24.08020259,23.72781385
2025-06-10 22:30:00+00:00,432.2091368,104.5369524,23.84184423,351.4278172,0.0,-11.46071762,12.41231217,14.33333333,24.0,23.65071429
2025-06-10 22:45:00+00:00,432.512918,100.1796674,23.8,355.0954131,0.0,-11.73636364,12.25844156,14.18290816,24.0375687,23.55716141
2025-06-10 23:00:00+00:00,432.5833189,101.1742857,23.74766667,282.2335498,0.0,-11.85126984,12.13457407,14.05444444,24.00326984,23.5
2025-06-10 23:15:00+00:00,432.4880952,103.2830974,23.7,1.82775974,0.0,-11.83752834,11.90067532,13.94395604,23.8984225,23.41689342
2025-06-10 23:30:00+00:00,432.6418733,102.8826982,23.7,4.89329963,0.0,-11.72135642,11.97412587,13.9,23.85087398,23.37272727
2025-06-10 23:45:00+00:00,431.9683909,108.7074315,23.68918193,9.14010101,0.0,-11.4267619,11.92340741,13.88,23.81081807,23.33871412
2025-06-11 00:00:00+00:00,432.8827739,107.1812298,23.56061224,12.59192177,0.0,-11.06190476,11.74517347,13.7,23.78966807,23.2922619
2025-06-11 00:15:00+00:00,432.4023285,108.4047379,23.5,16.11115079,0.0,-10.49362434,11.76242222,13.7,23.79245115,23.2
2025-06-11 00:30:00+00:00,433.3867347,107.0814352,23.50554446,19.41239713,0.0,-9.841893424,11.8,13.7,23.78891109,23.15774028
2025-06-11 00:45:00+00:00,433.993986,114.5527848,23.46315381,22.79815364,0.0,-9.109398046,11.73771251,13.7,23.67546013,23.1
2025-06-11 01:00:00+00:00,434.3099365,116.5249107,23.32732919,26.17142857,0.0,-8.228571429,11.57053571,13.50785714,23.69901478,23.07488226
2025-06-11 01:15:00+00:00,436.0884737,126.6686269,23.26688645,29.56401852,0.0,-7.194021886,11.47794646,13.4,23.62613126,22.96037879
2025-06-11 01:30:00+00:00,435.1285335,130.6124042,23.1989011,32.81655896,0.0,-6.106740363,11.3854195,13.3039966,23.50826923,22.83116832
2025-06-11 01:45:00+00:00,436.2255773,133.2532756,23.1,36.19119048,0.006666667,-4.838835979,11.26,13.23259259,23.50533333,22.8
2025-06-11 02:00:00+00:00,435.9911484,135.7499395,23.03333333,39.44585426,0.206909091,-3.526984127,11.07622222,13.04666667,23.44166368,22.73333333
2025-06-11 02:15:00+00:00,436.1036715,126.6712845,22.97018634,42.60044218,0.740884999,-2.099013605,11.09576531,13.0,23.39494048,22.67
2025-06-11 02:30:00+00:00,437.2089031,144.0187466,22.87421053,45.62468509,1.666549984,-0.655389681,11.21019048,13.12419048,23.20929923,22.6
2025-06-11 02:45:00+00:00,438.9612917,148.8916195,22.80885052,48.65902778,2.788414777,0.796726191,11.38029762,13.24375,23.26705664,22.6
2025-06-11 03:00:00+00:00,437.8039627,45.32909699,22.79925926,51.76207665,7.56359938,2.452459893,11.58409842,13.63866667,23.08889632,22.53749206
2025-06-11 03:15:00+00:00,437.221494,52.1929434,22.8,54.7211039,15.27845631,4.190538033,11.68922078,18.12153846,23.19323308,22.59285714
2025-06-11 03:30:00+00:00,436.875604,54.51164078,22.8,57.65050265,20.76744891,5.946596922,11.64776852,16.20055556,23.2,22.6
2025-06-11 03:45:00+00:00,437.1799867,53.75659674,22.82212121,60.79899471,21.34645078,7.869808802,11.75933333,17.65833333,23.2,22.6
2025-06-11 04:00:00+00:00,437.0260871,54.80382591,22.9,63.4307483,34.28700936,9.574174397,11.72357143,16.49183673,23.2,22.69285714
2025-06-11 04:15:00+00:00,437.6256729,51.10213335,22.9,66.39512138,84.38286713,11.5721066,11.82578913,17.25388889,23.21351351,22.7
2025-06-11 04:30:00+00:00,437.6396733,51.07460593,22.9,69.2516009,93.42147345,13.48754856,11.76525528,17.54980159,23.3,22.7
2025-06-11 04:45:00+00:00,437.204956,49.43841138,22.98017094,72.23832886,122.3485507,15.57938462,11.92979418,17.22822344,23.3,22.71866667
2025-06-11 05:00:00+00:00,437.0894689,48.32659246,23.0,75.26821429,106.6028404,17.70654762,12.15451587,16.87238095,23.19401979,22.8
2025-06-11 05:15:00+00:00,442.8415396,49.77553715,23.04463158,77.99068182,89.70548658,19.69316667,12.19238095,16.98247619,23.27958042,22.8
2025-06-11 05:30:00+00:00,468.2319312,60.16379666,23.1,80.93117882,134.2808164,21.7720696,12.41910502,16.92986395,23.18052721,22.86591837
2025-06-11 05:45:00+00:00,457.9085104,66.68415284,23.1,84.2028456,99.99549495,24.08542857,12.44055556,17.13333333,23.2,22.88933333
2025-06-11 06:00:00+00:00,452.9642857,74.82435065,23.1,87.0740873,114.5762273,26.15607143,12.35186111,17.13,23.2,22.88928571
2025-06-11 06:15:00+00:00,470.4014235,81.20916239,23.10545455,90.20513757,163.4070061,28.3549151,12.47921111,17.0,23.2,23.45782828
2025-06-11 06:30:00+00:00,547.7145679,101.7466378,23.31266667,93.15333333,326.3566653,30.32666667,12.6675,17.0,23.38158442,23.60424242
2025-06-11 06:45:00+00:00,564.2538995,137.8231293,23.50076531,96.39778345,253.8281011,32.54354308,13.06322279,17.0,23.69515306,23.60178571
2025-06-11 07:00:00+00:00,526.4339273,169.5625617,23.47231869,99.92658608,346.1079022,34.82881868,13.03066748,16.94666667,23.82737814,23.58232906
2025-06-11 07:15:00+00:00,479.428085,198.2759927,23.38441347,102.8195671,467.1280526,36.58547619,13.11314502,16.9,23.86853651,23.28412698
2025-06-11 07:30:00+00:00,547.7347735,226.9948201,23.3054282,106.8519577,490.6506639,39.00956349,13.33292814,16.84952381,23.61066667,23.10235897
2025-06-11 07:45:00+00:00,599.5344737,248.3001919,23.36250654,110.4186918,404.1803,40.98955318,13.47936944,16.83911565,23.53749346,23.1
2025-06-11 08:00:00+00:00,589.9266667,267.0398501,23.427,114.2261176,490.8850459,43.00889947,13.68202849,16.9,23.58381834,23.12666667
2025-06-11 08:15:00+00:00,552.1990884,266.822894,23.5,118.3281519,597.5606808,44.97306122,13.69889683,16.85190476,23.79350649,23.40923541
2025-06-11 08:30:00+00:00,532.4990522,269.9539927,23.5,122.3411905,545.488374,46.79061905,14.15578571,17.05617172,23.8,23.45166667
2025-06-11 08:45:00+00:00,583.9446348,267.5817172,23.55939394,127.0384704,724.4658449,48.70355556,14.32996032,16.8,23.83252525,23.5
2025-06-11 09:00:00+00:00,575.6076392,270.0887248,23.6278701,131.6369019,767.1335553,50.32692744,14.37276136,16.8,23.87386334,23.60070227
2025-06-11 09:15:00+00:00,575.84,269.704828,23.6335291,136.319531,730.0030687,51.85111111,14.42639827,16.99466667,24.0,23.68615385
2025-06-11 09:30:00+00:00,577.783548,265.7505009,23.6,141.7587294,815.3288842,53.38642007,14.50477814,17.16637363,24.03873469,23.64367162
2025-06-11 09:45:00+00:00,577.7270617,264.7273869,23.61682353,146.4279693,662.9647443,54.4595699,14.80493477,17.12414286,24.09788235,23.68353846
2025-06-11 10:00:00+00:00,573.0731055,267.2288574,23.7,152.7619297,824.8903532,55.7038961,14.96601732,16.90714286,23.91362156,23.43628633
2025-06-11 10:15:00+00:00,575.6999115,271.9481128,23.7263784,158.5866865,672.975767,56.61426547,15.73883449,17.09311111,23.73102901,23.22
2025-06-11 10:30:00+00:00,563.9897321,265.969684,23.72377622,164.5593452,756.7288167,57.30051587,15.34982993,16.8,23.61727618,23.16031746
2025-06-11 10:45:00+00:00,494.9440229,266.4036499,23.52666667,171.220791,502.5575324,57.81961111,15.49834524,16.93466667,23.61333333,23.1
2025-06-11 11:00:00+00:00,549.6757076,272.2688504,23.57797619,177.3258998,840.7646112,58.04428571,15.62207792,16.93095238,23.90589545,23.10428571
2025-06-11 11:15:00+00:00,628.7415359,271.0522006,23.73663492,183.8367857,753.9967438,58.03281746,15.88346429,17.17538462,23.93458333,23.16868347
2025-06-11 11:30:00+00:00,559.1039241,269.4822325,23.56560279,190.2320468,479.1094045,57.76452488,15.82386492,16.98810941,23.96165882,23.42194949
2025-06-11 11:45:00+00:00,576.8161572,269.7755495,23.6,196.4942007,844.7602304,57.25556586,15.85978355,17.19494048,23.86669414,23.4
2025-06-11 12:00:00+00:00,614.9464514,268.0704906,23.53925248,202.4956122,644.600657,56.57232634,16.51102888,17.51428571,23.9,23.50064426
2025-06-11 12:15:00+00:00,534.1521477,268.6222981,23.58722978,208.5042022,790.678084,55.63197588,16.37345238,17.35,23.93021704,23.59546459
2025-06-11 12:30:00+00:00,449.1849773,270.4416374,23.37561965,214.0567831,809.3629559,54.51379894,16.64119673,17.12888889,23.9241514,23.44742665
2025-06-11 12:45:00+00:00,446.4451692,268.8298448,23.22233801,219.464908,771.0864654,53.24501804,17.09528345,17.44553571,24.05538723,23.33055556
2025-06-11 13:00:00+00:00,539.0098567,270.5143114,23.55705152,224.3905556,653.9778375,51.83339683,17.22597186,17.53055556,23.87849784,23.10666667
2025-06-11 13:15:00+00:00,654.3350529,273.166754,23.70721427,229.4202215,784.7919347,50.22083385,17.45246398,17.51466667,23.78913133,23.02168254
2025-06-11 13:30:00+00:00,686.6681329,271.8309717,23.80256536,233.9230442,668.707341,48.54771455,16.77635269,17.29547619,23.70349439,23.0
2025-06-11 13:45:00+00:00,645.2188167,271.1595209,24.04061161,238.4721111,701.4127831,46.67927778,17.00158333,17.67104762,23.8,23.10909091
2025-06-11 14:00:00+00:00,660.9865626,81.41910173,24.35892857,242.6090476,698.4809529,44.79970238,16.87638095,16.78067766,24.08154762,23.31428571
2025-06-11 14:15:00+00:00,570.461408,55.26119337,24.5,246.4171082,703.0525581,42.93984127,16.68438889,15.40266667,24.65596688,23.55522274
2025-06-11 14:30:00+00:00,469.9330222,52.86878729,24.44455782,250.3362725,623.811258,40.8361678,16.768663,15.31571429,24.90037106,23.9
2025-06-11 14:45:00+00:00,453.9919018,53.7425938,24.63564432,253.5358333,586.6892228,39.01351852,16.86766667,17.47384127,25.06428904,24.10638889
2025-06-11 15:00:00+00:00,451.6142136,53.84724724,24.75843648,257.222033,549.9639276,36.86462454,16.42102112,16.85453515,25.22441585,24.31834184
2025-06-11 15:15:00+00:00,457.9821465,53.57201471,24.73770704,260.199047,517.011506,35.01321368,16.29725589,16.57722222,25.05581225,24.52842603
2025-06-11 15:30:00+00:00,449.4144573,53.91764103,24.80746667,263.9177037,484.486942,32.60439683,16.2563165,17.1,24.90137778,24.61799423
2025-06-11 15:45:00+00:00,447.3281136,54.23099123,25.00169553,267.1857841,448.7607635,30.41813389,15.94894999,17.0325,25.10119048,24.74733894
2025-06-11 16:00:00+00:00,448.1000228,53.9789134,25.19427108,270.1881944,412.8679854,28.35390476,15.96217778,17.47439153,25.2050303,24.95025602
2025-06-11 16:15:00+00:00,451.7189893,53.70038577,25.30506535,273.5388152,381.9430646,26.01082967,16.01887613,17.16071429,25.30595238,25.21322838
2025-06-11 16:30:00+00:00,451.5385968,52.49886072,25.49999664,276.4215873,349.4181946,23.94238095,16.24766667,16.83777778,25.40176491,25.30202292
2025-06-11 16:45:00+00:00,457.5510927,54.07717655,25.52857143,279.327155,307.0034987,21.86955911,16.09563265,16.95793651,25.5,25.42857143
2025-06-11 17:00:00+00:00,471.3958221,54.49785884,25.5,282.3977564,270.3347651,19.65748725,16.22731667,16.74444444,25.52643927,25.46981481
2025-06-11 17:15:00+00:00,453.0323696,54.12372961,25.56035088,285.2383952,238.743842,17.64311224,16.08903525,16.35714286,25.57872301,25.6
2025-06-11 17:30:00+00:00,445.8869184,54.91048593,25.66666667,287.9912106,207.1530899,15.7032634,15.96328042,17.11144444,25.55571429,25.66592593
2025-06-11 17:45:00+00:00,441.1137578,55.34379078,25.7,290.9942149,171.3840268,13.63636364,15.88471074,16.98181818,25.65215311,25.7
2025-06-11 18:00:00+00:00,439.8606838,54.14259259,25.7,293.8091759,138.0935958,11.6562963,15.86166667,16.53080952,25.6,25.7
2025-06-11 18:15:00+00:00,439.8181818,54.09090909,25.7,296.4707071,110.4024226,9.878787879,15.48848485,17.04155844,25.6,25.69090909
2025-06-11 18:30:00+00:00,437.7460099,54.62307302,25.7,299.7091249,76.96947037,7.81533859,15.3,16.75198413,25.6,25.6
2025-06-11 18:45:00+00:00,437.2437772,54.6952062,25.64883558,302.8772487,51.18952925,5.853677249,14.95916402,17.03111111,25.57777778,25.55185185
2025-06-11 19:00:00+00:00,437.2583697,6.907967033,25.6,305.8453061,30.02589286,4.062244898,14.57428571,17.24464286,25.5,25.5
2025-06-11 19:15:00+00:00,435.6570315,0.0,25.6,308.7636402,15.87689777,2.441746032,14.24653968,17.46133333,25.5,25.42611111
2025-06-11 19:30:00+00:00,436.2623481,0.0,25.54761905,311.815846,7.203323166,0.776650433,13.90751082,17.5,25.5,25.4
2025-06-11 19:45:00+00:00,435.787623,0.0,25.5,314.8480204,2.93250099,-0.678371332,13.66034732,17.38666667,25.4522854,25.31939394
2025-06-11 20:00:00+00:00,435.3651593,0.0,25.49285714,317.9071429,1.053371654,-2.114587199,13.38571429,17.29220779,25.4,25.29285714
2025-06-11 20:15:00+00:00,433.8430055,0.0,25.4,321.2226753,0.254908263,-3.56032153,13.46628002,17.11019048,25.35822222,25.2
2025-06-11 20:30:00+00:00,435.6546061,0.0,25.33219907,324.0481349,0.026649832,-4.733888889,13.3302381,16.95333333,25.3,25.13285714
2025-06-11 20:45:00+00:00,434.3809524,0.0,25.3,327.823818,0.0,-6.158647959,13.06134019,16.79333333,25.25714286,25.09464286
2025-06-11 21:00:00+00:00,433.2929217,67.55721966,25.19287725,330.8933333,0.0,-7.176190476,12.93685137,15.71233333,25.165,24.90768254
2025-06-11 21:15:00+00:00,435.2380952,111.370496,25.02099567,334.4235088,0.0,-8.213818027,12.83732143,14.52857143,25.02467532,24.70727041
2025-06-11 21:30:00+00:00,435.5238665,110.5743738,24.88297681,337.5262089,0.0,-9.046340326,12.81333333,14.5,24.93426032,24.53169312
2025-06-11 21:45:00+00:00,437.3607124,105.4193995,24.72961571,341.0592949,0.0,-9.793949503,12.7598013,14.42988095,24.83458647,24.39484127
2025-06-11 22:00:00+00:00,439.2484175,111.7428674,24.63365079,344.5196825,0.0,-10.47388889,12.6230545,14.24,24.73365079,24.30724747
2025-06-11 22:15:00+00:00,442.1597403,108.6311859,24.53458647,347.940252,0.0,-11.00181045,12.35313853,14.04880952,24.63533835,24.1047619
2025-06-11 22:30:00+00:00,445.2335664,112.2555223,24.5,351.5180317,0.0,-11.37611111,12.1229899,13.86666667,24.53809524,24.01212121
2025-06-11 22:45:00+00:00,446.5999445,110.5376191,24.37475265,355.149828,0.0,-11.66,11.96711111,13.74977778,24.5,23.94
2025-06-11 23:00:00+00:00,448.6518726,113.9117687,24.27142857,275.7783326,0.0,-11.78714286,11.85128571,13.525,24.37771429,23.76888112
2025-06-11 23:15:00+00:00,451.0865503,112.6186404,24.2,2.042638482,0.0,-11.78761905,11.69039194,13.44178571,24.25723684,23.70666667
2025-06-11 23:30:00+00:00,452.4396267,111.9778061,24.09171358,5.680280612,0.0,-11.63571429,11.4636267,13.25833333,24.18039543,23.65
2025-06-11 23:45:00+00:00,452.6335027,114.4032141,23.99761245,8.802584305,0.0,-11.40467748,11.43800249,13.10444444,24.09753558,23.59372849
2025-06-12 00:00:00+00:00,451.619425,120.0642188,23.86528206,12.33730785,0.0,-11.01020996,11.52630229,13.1,24.03801657,23.49120565
2025-06-12 00:15:00+00:00,452.2074539,120.572148,23.8,15.94338095,0.0,-10.45416931,11.28231999,12.97333333,23.94518476,23.43589542
2025-06-12 00:30:00+00:00,451.4940495,120.3598876,23.71066289,19.34136905,0.0,-9.83,11.00119048,12.74285714,23.88306635,23.34660731
2025-06-12 00:45:00+00:00,450.6194263,124.2040399,23.55564749,22.72416433,0.0,-9.073921569,10.8925,12.67333333,23.72782374,23.24761905
2025-06-12 01:00:00+00:00,449.9251125,129.435204,23.4989899,25.94368403,0.0,-8.206236858,10.86590046,12.6,23.77912088,23.12091837
2025-06-12 01:15:00+00:00,450.8587723,150.8556404,23.35277778,29.49138502,0.0,-7.16269697,11.12870476,12.61904762,23.68277425,22.95333333
2025-06-12 01:30:00+00:00,449.8618465,152.5441817,23.3,32.88394444,0.0,-6.006420635,11.06883838,12.65333333,23.57787879,22.84466667
2025-06-12 01:45:00+00:00,449.3956044,178.5333366,23.21686391,36.09583333,0.038736264,-4.814358974,10.96766667,12.58461538,23.53014464,22.69038462
2025-06-12 02:00:00+00:00,449.8577778,183.0992461,23.09285714,39.1426431,0.287151515,-3.556340067,10.7430596,12.42833333,23.49396968,22.59285714
2025-06-12 02:15:00+00:00,449.1237013,196.9642548,22.92959184,42.4635034,1.212462406,-2.103628118,10.7104932,12.25384615,23.28307359,22.42714286
2025-06-12 02:30:00+00:00,450.0,218.9914246,22.80007407,45.5517619,3.087618946,-0.637587302,10.79050216,12.1,23.18053531,22.32
2025-06-12 02:45:00+00:00,451.9665947,264.669228,22.5902906,48.45030688,6.362633484,0.761619048,10.63212121,12.00666667,22.92992973,22.03833333
2025-06-12 03:00:00+00:00,451.5940958,114.4793724,22.50035714,51.61619898,12.50513139,2.473979592,10.7252381,14.05297619,22.88786665,22.08181548
2025-06-12 03:15:00+00:00,450.0737476,53.38519177,22.6,54.62218457,21.40674081,4.213275132,10.78011734,19.78990476,23.0,22.20444444
2025-06-12 03:30:00+00:00,449.0482143,53.72170868,22.6,57.65573696,37.03951878,6.003075397,11.01474206,18.1772619,23.0,22.3
2025-06-12 03:45:00+00:00,449.612963,54.54087302,22.67957672,60.44912169,51.73661919,7.713465609,11.2,18.68571429,22.98287037,22.33333333
2025-06-12 04:00:00+00:00,449.3129829,53.62296027,22.7,63.42925352,72.05584311,9.672476888,11.32307127,18.92480159,23.03231293,22.4
2025-06-12 04:15:00+00:00,448.5594613,53.58373988,22.7,66.41037389,99.28037247,11.66036676,11.5205812,18.64333333,23.1,22.4
2025-06-12 04:30:00+00:00,449.0033709,52.83432294,22.7,68.85719697,132.0160416,13.32386364,11.67272727,18.71818182,23.1,22.4
2025-06-12 04:45:00+00:00,447.1092146,52.60772006,22.76,72.34900794,163.645162,15.73990079,11.98767857,18.54505495,23.1,22.49017857
2025-06-12 05:00:00+00:00,446.0222222,50.87925926,22.8,75.254,203.8241677,17.78642857,12.3252,18.47238095,23.1,22.5
2025-06-12 05:15:00+00:00,459.3089678,50.40178571,22.88862179,78.11884354,242.7576785,19.84057823,12.76155357,18.71333333,23.18125,22.57936508
2025-06-12 05:30:00+00:00,464.9343798,49.03437815,22.91693182,81.024,274.8684405,21.9102963,13.08596248,18.4,23.2,22.6
2025-06-12 05:45:00+00:00,470.1708533,49.22789683,22.96759066,84.11113946,295.8037821,24.1275085,13.38584184,18.4,23.22,22.65386905
2025-06-12 06:00:00+00:00,483.1079365,48.73481756,23.0,87.15369048,339.644888,26.2921627,13.83283929,18.31818182,23.31428571,22.76074263
2025-06-12 06:15:00+00:00,505.9091919,52.57050137,23.09704762,90.24571429,366.1861848,28.45878307,14.28480952,17.93428571,23.46533333,22.98
2025-06-12 06:30:00+00:00,543.2702226,68.75035316,23.24237379,93.33174887,403.3805395,30.58596939,14.79409722,17.91547619,23.68642857,22.95642857
2025-06-12 06:45:00+00:00,501.2363792,92.48376339,23.20819398,96.39304762,447.2018374,32.63893651,15.18277656,17.54035714,23.78766667,22.9
2025-06-12 07:00:00+00:00,507.8545062,110.8062098,23.2,99.82802462,479.8367009,34.8261044,16.14294007,17.38555556,23.5786,22.99333333
2025-06-12 07:15:00+00:00,526.5845103,124.291226,23.2,103.2058602,507.9961013,36.92055445,16.8122449,17.01646259,23.46258503,23.19964411
2025-06-12 07:30:00+00:00,542.1969697,143.8794193,23.23239394,106.8645608,532.672069,39.09867725,17.85744921,17.24,23.4,23.37483333
2025-06-12 07:45:00+00:00,522.3228247,160.0197034,23.2,110.3739074,555.7347441,41.05740569,18.77686219,17.25,23.4,23.4
2025-06-12 08:00:00+00:00,516.7689895,173.600318,23.2,114.0790238,577.1333787,43.00296825,19.20087037,17.22380952,23.4505981,23.4
2025-06-12 08:15:00+00:00,521.2032967,188.4889074,23.2,118.1526733,606.6701275,44.98592781,19.51921972,17.41428571,23.66535714,23.4
2025-06-12 08:30:00+00:00,496.5559495,207.2969066,23.23090188,122.4356229,627.903174,46.8777619,19.5670164,17.61428571,23.79070346,23.25333333
2025-06-12 08:45:00+00:00,452.507108,215.7276864,23.08843687,126.4179618,644.4089875,48.5189495,20.07946939,17.375,23.77142857,23.21466165
2025-06-12 09:00:00+00:00,613.6669421,226.6619163,23.25056499,131.4739524,668.9462059,50.35329101,19.85023889,17.66865579,23.39971705,23.38233333
2025-06-12 09:15:00+00:00,885.1078952,266.4446162,24.15976347,136.1622257,696.6175807,51.85253185,20.30834417,17.79821429,23.04285714,23.19265306
2025-06-12 09:30:00+00:00,881.0713968,271.2784821,24.54309127,140.5375065,711.8804075,53.12046753,20.3229697,17.30257143,22.94666667,22.96499939
2025-06-12 09:45:00+00:00,885.2691781,272.8819777,24.69454545,147.0980899,733.9635443,54.66495238,20.42488132,15.775,22.90258333,22.88189662
2025-06-12 10:00:00+00:00,780.3901058,270.811812,24.55861781,152.8901105,742.9612965,55.8076644,20.68902494,16.18974359,22.75277675,22.8234127
2025-06-12 10:15:00+00:00,705.7286936,271.2293524,24.20574207,157.7453333,745.7967836,56.52044444,20.7612,16.40666667,22.8290754,22.71833333
2025-06-12 10:30:00+00:00,687.3827317,272.078996,24.04505257,164.6200938,752.608605,57.35045455,20.39767934,16.88285714,23.20559678,22.65
2025-06-12 10:45:00+00:00,669.7224303,273.1261573,23.98512821,170.5301659,761.7733627,57.79422799,20.58068013,17.5331746,23.35094076,22.54365873
2025-06-12 11:00:00+00:00,606.1392463,272.8935603,23.84483083,177.4232143,768.8017627,58.08571429,20.69893849,17.34038462,23.4462406,22.56722222
2025-06-12 11:15:00+00:00,597.8220463,271.9234615,23.7,183.2741816,774.199396,58.08373296,20.70783833,18.08461538,23.5,23.10666667
2025-06-12 11:30:00+00:00,595.1778726,268.9768664,23.65512166,189.9781585,770.9667118,57.85193452,20.76203146,17.98166667,23.5337535,23.37327935
2025-06-12 11:45:00+00:00,607.8187037,269.1127384,23.62498169,196.1869444,767.098571,57.356,20.52932407,18.18555556,23.55737871,23.5
2025-06-12 12:00:00+00:00,571.4259836,270.1553617,23.56066667,202.656873,763.1234904,56.60980471,20.80409632,18.17538462,23.6803326,23.35715812
2025-06-12 12:15:00+00:00,458.7403274,267.6209785,23.31741613,208.1013326,758.0248872,55.76628788,20.61860317,16.04807359,24.00318783,23.45535714
2025-06-12 12:30:00+00:00,455.8280247,268.2278474,23.19308642,214.0079971,754.6801232,54.58646465,20.81333333,15.44333333,24.17228406,23.5
2025-06-12 12:45:00+00:00,442.0921053,266.3555282,23.05944444,219.5812755,745.5886585,53.27901099,20.65367347,16.27884615,24.22732579,23.46994563
2025-06-12 13:00:00+00:00,586.1420234,269.0883062,23.29392929,224.4750476,727.9148007,51.88,20.74541667,16.97777778,23.99842424,23.43333333
2025-06-12 13:15:00+00:00,788.1360544,274.8231293,23.76298701,229.3453571,710.4839764,50.30357143,20.8240051,17.42738095,24.32244898,23.34285714
2025-06-12 13:30:00+00:00,805.9174899,271.2522565,24.05245123,233.9520977,684.567432,48.61237179,20.75069902,17.58095238,24.66727273,23.33333333
2025-06-12 13:45:00+00:00,661.901335,267.7181119,24.13681319,238.358801,659.9382574,46.79447279,20.85892857,17.12387755,24.7,23.44819625
2025-06-12 14:00:00+00:00,560.670629,269.8740092,24.02489719,242.4467511,640.8736306,44.93873016,20.8299077,17.15595238,24.50304898,23.47277778
2025-06-12 14:15:00+00:00,569.8796441,269.3234728,24.15878788,246.6188163,606.9022394,42.88693492,20.60457989,17.16888889,24.75818182,23.426
2025-06-12 14:30:00+00:00,567.4648587,267.8763321,24.19971429,250.0988889,575.5334904,41.06585317,20.93362698,17.45714286,24.82857143,23.45714286
2025-06-12 14:45:00+00:00,540.5783282,268.6851482,24.32769231,253.8422049,572.0938823,38.94858249,20.7629366,17.25960317,24.94802632,23.54722222
2025-06-12 15:00:00+00:00,456.3594538,56.79995088,24.46988224,257.4497619,530.2387603,36.80747449,21.05108059,14.88005952,24.82811918,23.66631345
2025-06-12 15:15:00+00:00,449.689596,52.42888889,24.76561905,260.7511397,510.4798931,34.7299697,21.31491107,14.46727273,25.01133333,23.94
2025-06-12 15:30:00+00:00,445.2072321,55.47329989,25.08498567,263.7742063,475.0,32.76061508,21.57056548,17.82884615,25.15178571,24.15498995
2025-06-12 15:45:00+00:00,442.8225641,55.72711295,25.35061186,266.9750904,443.9883967,30.66023077,21.26859524,16.75333333,25.2815873,24.34836467
2025-06-12 16:00:00+00:00,441.2492063,53.85350877,25.63231579,270.4377534,406.5822036,28.25140965,21.53376068,17.50866667,25.39579365,24.46416667
2025-06-12 16:15:00+00:00,440.3417711,55.50869963,25.84415446,273.4526601,368.6740498,26.15132086,21.58318665,17.41428571,25.51126984,24.66964286
2025-06-12 16:30:00+00:00,438.6683909,54.87653562,26.11684916,276.3075,333.3748653,24.10583333,21.40205,17.50193452,25.6,24.73661279
2025-06-12 16:45:00+00:00,437.9683773,54.43194347,26.31734694,279.3113039,302.3853614,21.94864512,21.31385488,16.89602564,25.60939299,24.89761905
2025-06-12 17:00:00+00:00,437.5513155,54.64965285,26.446,281.9483916,272.4579959,20.08398169,21.06578688,16.72964286,25.66,24.9837619
2025-06-12 17:15:00+00:00,436.3137363,55.26007326,26.58516484,285.1582058,236.5892454,17.79204932,20.80726648,16.44081633,25.75714286,25.07857143
2025-06-12 17:30:00+00:00,436.3474007,55.1849969,26.74052073,287.5541534,210.9480215,16.09555556,20.70857143,16.49,25.80440171,25.14190476
2025-06-12 17:45:00+00:00,436.2701699,53.52103205,26.77604167,290.9543537,173.4657187,13.73598901,20.33190476,16.66153846,25.87008929,25.2
2025-06-12 18:00:00+00:00,434.2492963,54.95119489,26.87170833,293.9822619,141.0251028,11.62916667,19.86613564,16.82666667,25.8,25.2
2025-06-12 18:15:00+00:00,435.7614779,54.47235564,26.93817062,296.5867999,114.4572075,9.918976757,19.5699698,16.87,25.8,25.2
2025-06-12 18:30:00+00:00,435.5322059,54.25674671,26.87779892,299.6841078,85.28609931,7.894980392,19.16515033,17.11478307,25.8,25.17812121
2025-06-12 18:45:00+00:00,435.0362595,54.68340434,26.7662963,302.9035877,56.63091356,5.902586488,18.77119048,16.84,25.73833775,25.0975
2025-06-12 19:00:00+00:00,436.7496308,5.983069086,26.7,305.9204082,34.24426644,4.119387755,18.48270408,17.02142857,25.7,25.06666667
2025-06-12 19:15:00+00:00,436.0504473,0.0,26.7,308.9218163,18.61225836,2.427949014,18.16606136,17.108,25.7,25.08057887
2025-06-12 19:30:00+00:00,434.7442058,0.0,26.7,311.8856421,8.498777724,0.800119048,17.71238095,17.21428571,25.61226773,25.0
2025-06-12 19:45:00+00:00,433.9053883,0.0,26.60835749,314.7945238,3.404968254,-0.575238095,17.246,17.31333333,25.54636364,24.91380952
2025-06-12 20:00:00+00:00,434.2975223,0.0,26.6,318.0360405,1.05605527,-2.09952381,16.74030952,17.46133333,25.5,24.9
2025-06-12 20:15:00+00:00,433.0169414,0.0,26.54783835,321.3910804,0.242063492,-3.566197691,16.36424964,17.60142857,25.5,24.81088435
2025-06-12 20:30:00+00:00,433.1245766,0.0,26.5,324.464151,0.023333333,-4.812554113,16.17159981,17.77333333,25.44409579,24.6986532
2025-06-12 20:45:00+00:00,432.1258208,0.0,26.45145724,327.7735261,0.0,-6.072590703,15.92777976,17.8625,25.4,24.66011905
2025-06-12 21:00:00+00:00,431.0642424,0.0,26.39178187,330.9613593,0.0,-7.118246032,15.69205556,18.0,25.31533333,24.585
2025-06-12 21:15:00+00:00,429.9041435,0.0,26.3,334.3092857,0.0,-8.14077381,15.45123377,18.0,25.25584416,24.58571429
2025-06-12 21:30:00+00:00,430.1876181,0.0,26.25917889,337.7549418,0.0,-9.017095238,15.38666667,18.02481481,25.2,24.5
2025-06-12 21:45:00+00:00,429.3683862,0.0,26.2,340.9852381,0.0,-9.758571429,15.20904762,18.1,25.1538961,24.45714286
2025-06-12 22:00:00+00:00,428.4146168,0.0,26.12333333,344.606582,0.0,-10.41583333,14.94501667,18.01333333,25.1,24.4
2025-06-12 22:15:00+00:00,427.4974359,0.0,26.05911111,348.1177778,0.0,-10.93210317,14.81695767,17.98809524,25.05911111,24.4
2025-06-12 22:30:00+00:00,427.3428571,0.0,25.99357143,351.4785629,0.0,-11.32416383,14.72234127,17.85714286,25.0,24.4
2025-06-12 22:45:00+00:00,426.9480117,0.0,25.9,355.0184127,0.0,-11.58,15.03025,17.8,24.96181287,24.3325
2025-06-12 23:00:00+00:00,426.0293878,0.0,25.87522736,294.1180465,0.0,-11.7,15.62056818,17.71794872,24.9,24.3
2025-06-12 23:15:00+00:00,426.4132231,0.0,25.8,1.960919913,0.0,-11.7,15.97556244,17.6,24.85515604,24.24545455
2025-06-12 23:30:00+00:00,425.3256156,0.0,25.73269841,5.588571429,0.0,-11.60770452,15.0584127,17.53333333,24.8,24.2
2025-06-12 23:45:00+00:00,424.4394267,0.0,25.7,8.891587302,0.0,-11.33166667,14.9525,17.35510204,24.7738967,24.19928571
2025-06-13 00:00:00+00:00,423.8652095,0.0,25.63762238,12.51725397,0.0,-10.9318254,14.73435714,17.3,24.7,24.10666667
2025-06-13 00:15:00+00:00,423.8377813,0.0,25.57252747,15.98951788,0.0,-10.39885024,14.25734828,17.27857143,24.7,24.1
2025-06-13 00:30:00+00:00,423.6056827,0.0,25.5,19.40162597,0.0,-9.770779221,14.01604762,17.12433333,24.68547619,24.03925926
2025-06-13 00:45:00+00:00,428.8977883,99.64166373,25.40677265,22.7620594,0.0,-8.979191438,13.58914266,15.63092593,24.57501961,23.97548077
2025-06-13 01:00:00+00:00,451.8284272,143.8933729,25.12482053,26.20028694,0.0,-8.082308565,13.5137943,14.55,24.5,23.80634921
2025-06-13 01:15:00+00:00,458.6330537,42.61327617,24.91420038,29.37871062,0.0,-7.155990232,13.63473403,14.50993197,24.50440171,23.72666667
2025-06-13 01:30:00+00:00,459.2563489,72.34848863,24.84962062,32.72017399,0.0,-6.007447552,13.61132756,14.40714286,24.42137455,23.71171335
2025-06-13 01:45:00+00:00,458.578022,0.0,24.8,35.98480159,0.045952381,-4.786468254,13.65282011,14.5,24.4,23.7
2025-06-13 02:00:00+00:00,457.6985378,0.0,24.8,39.09659864,0.388353432,-3.51890873,13.7272996,14.6,24.40226891,23.7
2025-06-13 02:15:00+00:00,456.2931631,0.0,24.8,42.28917216,1.414926049,-2.115128205,13.95309656,14.7,24.32173005,23.64888889
2025-06-13 02:30:00+00:00,452.5219376,0.0,24.8,45.52619048,4.060635779,-0.591452992,14.23169312,14.76333333,24.30930956,23.6
2025-06-13 02:45:00+00:00,452.5314014,0.0,24.8,48.65083617,10.13323328,0.927267574,14.35744048,14.8,24.32275724,23.6
2025-06-13 03:00:00+00:00,451.3524387,7.036363636,24.72116667,51.6781746,20.53995119,2.590912698,14.1026746,14.82666667,24.2,23.6
2025-06-13 03:15:00+00:00,445.8826183,54.13411672,24.66786122,54.64849476,38.67809152,4.285178571,14.71072428,17.38137755,24.2077381,23.52142857
2025-06-13 03:30:00+00:00,444.6956566,54.34997277,24.59969697,57.60844444,59.79951227,6.02068759,16.04327958,16.40380952,24.29321821,23.5
2025-06-13 03:45:00+00:00,444.2819582,54.10734294,24.5,60.57278454,84.66526001,7.91050846,15.13311807,17.41607143,24.1,23.5
2025-06-13 04:00:00+00:00,442.7646737,99.2152381,24.5,63.36568314,108.3577935,9.688539683,16.08366667,16.92911111,24.13419048,23.43565527
2025-06-13 04:15:00+00:00,442.240706,213.0130417,24.44533496,66.43594517,136.2486759,11.73799284,17.23914136,16.78755556,24.06352941,23.42229371
2025-06-13 04:30:00+00:00,442.6729923,269.044426,24.16791667,69.45079082,165.9355417,13.78020692,16.94314922,16.96517094,23.96309524,23.40079365
2025-06-13 04:45:00+00:00,441.3263158,265.1292539,23.96882321,72.21610317,182.9899184,15.71748413,16.94628704,16.96518519,23.86882321,23.4
2025-06-13 05:00:00+00:00,440.1778055,272.3854088,23.9,75.00759957,222.5744848,17.67464223,16.7580417,17.15142857,23.8,23.4
2025-06-13 05:15:00+00:00,453.8813691,268.0985536,23.82955922,78.04182284,245.0603004,19.85083333,17.06454762,17.09555556,23.73766667,23.31849026
2025-06-13 05:30:00+00:00,456.6686332,262.2120512,23.7058152,80.737285,269.7858917,21.80292208,17.29986763,16.9,23.7,23.32476917
2025-06-13 05:45:00+00:00,445.8888781,273.1788323,23.64039636,83.87184507,320.224621,24.05795515,17.14640476,16.95311111,23.78698413,23.18680952
2025-06-13 06:00:00+00:00,444.7149206,267.1882229,23.50357143,87.08913853,357.0198988,26.31222222,17.27342581,17.09666667,23.74603175,23.1026087
2025-06-13 06:15:00+00:00,450.9676085,271.488935,23.5,90.20042517,388.7637033,28.50102041,17.7234127,17.19365079,23.74081451,23.04582766
2025-06-13 06:30:00+00:00,466.9856418,273.5971033,23.44429293,93.16425926,422.9341203,30.53203704,18.34357407,17.10666667,24.02583439,23.0
2025-06-13 06:45:00+00:00,457.5749601,273.2611115,23.4,96.37301587,456.0228082,32.68911565,18.33993878,16.92857143,24.50470161,23.0
2025-06-13 07:00:00+00:00,535.6419981,274.9734975,23.44905792,99.42306397,486.4811096,34.65300337,18.36667879,17.07690476,24.64490998,23.01353846
2025-06-13 07:15:00+00:00,607.6219743,271.7279762,23.53952381,103.1246032,517.716186,36.9452381,17.87071429,17.1,24.74755952,23.41755952
2025-06-13 07:30:00+00:00,609.4438961,266.5437262,23.63223221,106.519417,547.1768146,38.97320346,18.44010101,17.2152381,24.76869131,23.45361111
2025-06-13 07:45:00+00:00,534.372135,271.4906443,23.55686813,110.2413605,572.8510401,41.04607143,19.56176948,17.21714286,24.8,23.55714286
2025-06-13 08:00:00+00:00,561.6052056,274.0778998,23.61677973,114.0322857,598.9166688,43.04334343,18.80670635,17.10694444,24.77756863,23.56111111
2025-06-13 08:15:00+00:00,576.8976425,275.1111913,23.7,118.0952259,624.0942762,45.00220024,19.14867009,17.01244444,24.59766554,23.60718013
2025-06-13 08:30:00+00:00,570.723788,271.3625642,23.70952381,121.5195148,640.4806765,46.56709418,18.68905148,16.97077922,24.5,23.68639233
2025-06-13 08:45:00+00:00,585.3308588,272.6580374,23.75133333,126.677645,667.2094878,48.68431746,18.8295266,17.04666667,24.50307692,23.66560606
2025-06-13 09:00:00+00:00,572.5924784,271.5267483,23.69817429,131.28,687.1881655,50.37960317,18.55625275,16.96464286,24.60263158,23.71404151
2025-06-13 09:15:00+00:00,561.1428001,269.8100013,23.7,136.238129,708.572481,51.96660922,18.68628091,16.9,24.7,23.83754274
2025-06-13 09:30:00+00:00,552.9440953,267.4969619,23.69928571,141.3461905,726.1174529,53.37761905,19.55784341,17.23571429,24.76272904,23.9
2025-06-13 09:45:00+00:00,503.5248265,269.21169,23.6,146.8049928,740.9562108,54.6908658,19.63449423,17.27157937,25.04989656,23.9627381
2025-06-13 10:00:00+00:00,493.8917266,273.1783045,23.5,152.7774573,749.0029063,55.84692308,19.49644444,17.3,24.87158515,23.83973626
2025-06-13 10:15:00+00:00,498.7289916,270.2120301,23.5,158.4680357,755.7582911,56.74285714,19.75714286,17.24107143,24.50122807,23.8237013
2025-06-13 10:30:00+00:00,492.7582859,266.6499336,23.5,164.7488889,759.6472858,57.44968254,19.05147619,17.11428571,24.40363636,23.96060606
2025-06-13 10:45:00+00:00,495.3807601,266.3225934,23.5,170.9583333,763.7497404,57.92702922,19.51069444,17.15714286,24.26875819,24.0
2025-06-13 11:00:00+00:00,488.9385502,265.9209449,23.5,177.3003968,769.494897,58.15714286,19.31873333,17.09,24.3,24.0
2025-06-13 11:15:00+00:00,493.9077054,273.8279994,23.5,183.7628005,774.1828308,58.15555556,19.91959184,17.465,24.26503259,24.02602041
2025-06-13 11:30:00+00:00,489.9138781,273.3659257,23.5,189.8238889,766.09044,57.88101852,19.61327407,17.28,24.20143832,24.04666667
2025-06-13 11:45:00+00:00,473.4235417,269.3223688,23.5,196.1968821,776.7019357,57.42790249,19.8020282,17.26428571,24.22331957,24.00183983
2025-06-13 12:00:00+00:00,475.0077243,269.6183384,23.5,202.2129851,776.6090889,56.7286791,19.36619459,17.33522222,24.11864803,24.06410989
2025-06-13 12:15:00+00:00,469.79637,269.2636364,23.5,208.2923469,764.573792,55.7964881,20.02501984,17.15732143,24.36547619,24.06043084
2025-06-13 12:30:00+00:00,459.1842361,266.7693113,23.5,213.3105952,762.0950404,54.79365079,19.84132143,17.18566667,24.4,23.63962185
2025-06-13 12:45:00+00:00,453.2677411,269.8437229,23.5,219.5510714,732.7969468,53.29916667,18.96291582,17.02190476,24.39175758,23.38140572
2025-06-13 13:00:00+00:00,451.2669325,271.3850852,23.5,224.4722831,653.2923984,51.92522158,19.31366758,17.06620748,24.24963485,23.3
2025-06-13 13:15:00+00:00,448.8807998,267.6781167,23.5,229.3258932,700.8161442,50.35583117,18.97660824,17.01260606,24.13179011,23.33616667
2025-06-13 13:30:00+00:00,445.1678288,268.0274008,23.5,233.9918457,697.5493502,48.64715659,18.72515306,16.98607143,24.13337321,23.4
2025-06-13 13:45:00+00:00,442.6830906,266.7732939,23.5027886,236.643904,690.8539778,47.57646964,18.75352341,16.98149557,24.11533785,23.41637165
2025-06-13 14:00:00+00:00,439.3426954,79.20203463,23.7570194,242.2353834,657.8184685,45.08442039,17.63777907,17.16082051,24.24158874,23.62921905
2025-06-13 14:15:00+00:00,441.4494875,0.0,24.1931092,246.5060684,634.0285237,43.01675214,16.46830769,17.50560847,24.49876309,23.80580882
2025-06-13 14:30:00+00:00,444.2683525,0.0,24.39350754,250.1206051,612.0706374,41.09515034,16.28451554,17.93086735,24.69371675,23.9988896
2025-06-13 14:45:00+00:00,447.2332173,0.0,24.59858081,253.9456926,574.5945524,38.93547619,16.56470455,17.87111111,24.89616993,24.21097924
2025-06-13 15:00:00+00:00,452.0057143,0.0,24.75867347,257.2147817,532.0791284,37.02738095,16.42826757,17.96428571,25.05874224,24.39865003
2025-06-13 15:15:00+00:00,457.8574739,0.0,24.95485802,260.7564947,520.9697921,34.80219312,16.0396532,18.63166667,25.28495635,24.56666667
2025-06-13 15:30:00+00:00,462.2966767,0.0,25.15031746,264.0468326,495.9116403,32.66981035,16.09583333,19.01642857,25.48793614,24.73952381
2025-06-13 15:45:00+00:00,464.4571429,0.0,25.34761905,267.3466534,462.7656902,30.45275926,16.05170977,18.73733333,25.62757576,24.88
2025-06-13 16:00:00+00:00,463.956859,0.0,25.57261905,270.3093196,432.7091378,28.4246287,16.09028912,18.77119048,25.79642857,25.09353742
2025-06-13 16:15:00+00:00,461.9061802,0.0,25.71527941,273.4075817,402.4098997,26.23306999,16.25618301,18.32448413,25.94788592,25.31879798
2025-06-13 16:30:00+00:00,459.1202823,0.0,25.87462057,276.4388217,346.5620924,24.08719841,15.79308846,18.43752381,26.11713485,25.38431909
2025-06-13 16:45:00+00:00,455.6834884,0.0,25.98358894,279.3208759,264.6523103,22.03073718,15.68527636,18.52946886,26.2,25.4
2025-06-13 17:00:00+00:00,453.4406371,0.0,26.06461662,282.4826342,242.4517416,19.73757215,15.76885556,18.38,26.28705882,25.5031746
2025-06-13 17:15:00+00:00,450.9606675,0.0,26.14873333,285.3104978,216.6634083,17.75595238,15.58333333,18.47607143,26.35357143,25.6
2025-06-13 17:30:00+00:00,449.942727,0.0,26.21571429,288.1817003,188.5885525,15.72507407,15.55298942,18.19285714,26.40245752,25.60389226
2025-06-13 17:45:00+00:00,448.5057933,0.0,26.31320147,291.1098214,169.0245995,13.6739229,15.41438776,18.1,26.5,25.7
2025-06-13 18:00:00+00:00,446.4127479,0.0,26.30540305,293.9687619,152.6701228,11.68518519,15.34684127,18.1,26.51368421,25.7
2025-06-13 18:15:00+00:00,445.5669643,0.0,26.398,296.8731421,118.1500753,9.767857143,15.3318254,18.03333333,26.53104134,25.70238095
2025-06-13 18:30:00+00:00,445.0248209,0.0,26.38777778,299.8401349,92.55197189,7.854743146,15.08021833,18.15333333,26.53493128,25.75779887
2025-06-13 18:45:00+00:00,443.1924834,0.0,26.3,302.6083802,61.80377085,6.152489178,14.84831981,18.2,26.35995671,25.7
2025-06-13 19:00:00+00:00,442.0565249,0.0,26.2325641,305.6135661,40.87336214,4.348904762,14.6768,18.23628571,26.29885057,25.63333333
2025-06-13 19:15:00+00:00,441.2823129,0.0,26.2,308.78402,22.1624066,2.566419295,14.51356859,18.3,26.2,25.6
2025-06-13 19:30:00+00:00,440.2803419,0.0,26.1717866,311.7955118,10.04006779,0.925373737,14.22944865,18.3,26.1717866,25.57175214
2025-06-13 19:45:00+00:00,438.794716,0.0,26.0,315.0854076,3.906508293,-0.67870671,13.8202381,18.3,26.1,25.4725239
2025-06-13 20:00:00+00:00,439.3326738,0.0,25.94068878,318.0079762,1.578651097,-2.019761905,13.70180952,18.35714286,26.0,25.4
2025-06-13 20:15:00+00:00,438.5998122,0.0,25.85104955,321.0379518,0.464065398,-3.421697309,13.74550388,18.4,25.99954996,25.36666667
2025-06-13 20:30:00+00:00,437.98305,0.0,25.74706522,324.4121939,0.058847403,-4.755694444,13.57046241,18.4,25.8467761,25.3
2025-06-13 20:45:00+00:00,437.535614,0.0,25.67392593,327.7745529,0.0,-6.012380952,13.54571429,18.4,25.77392593,25.2075
2025-06-13 21:00:00+00:00,436.8895281,0.0,25.6,330.9972678,0.0,-7.052672915,13.50545299,18.30877273,25.7,25.10666667
2025-06-13 21:15:00+00:00,436.3615646,0.0,25.51922449,334.1897704,0.0,-8.035612245,13.35568254,18.21428571,25.6185081,25.04477041
2025-06-13 21:30:00+00:00,435.0419087,0.0,25.5,337.4496667,0.0,-8.891168831,13.24730159,18.0684949,25.53975309,25.0
2025-06-13 21:45:00+00:00,433.1507937,0.0,25.40649351,340.9239974,0.0,-9.705983937,13.29127341,17.95571429,25.5,24.90714286
2025-06-13 22:00:00+00:00,432.6431009,0.0,25.31389075,344.3191667,0.0,-10.33416667,13.09101852,17.78666667,25.44848485,24.9
2025-06-13 22:15:00+00:00,432.4970115,0.0,25.25571429,347.9021537,0.0,-10.88980519,12.9107326,17.62440476,25.4,24.81331169
2025-06-13 22:30:00+00:00,432.8232881,0.0,25.2,351.4189939,0.0,-11.28455433,12.70730375,17.50365079,25.32276316,24.72494949
2025-06-13 22:45:00+00:00,432.9450136,0.0,25.18549784,354.9767084,0.0,-11.54285714,12.45812783,17.28928571,25.28549107,24.7
2025-06-13 23:00:00+00:00,432.1032179,0.0,25.1,358.4817875,0.0,-11.68666667,12.09887179,17.05769231,25.2,24.58009259
2025-06-13 23:15:00+00:00,431.8071429,0.0,25.05803244,33.88885204,0.0,-11.66964286,11.91744501,16.88095238,25.1579932,24.6
2025-06-13 23:30:00+00:00,431.8533333,0.0,24.99233333,5.405836922,0.0,-11.5437814,11.87397929,16.67888889,25.1,24.56555556
2025-06-13 23:45:00+00:00,430.6803419,0.0,24.9,9.055603175,0.0,-11.30025397,11.8270119,16.6,25.03154918,24.49698413
2025-06-14 00:00:00+00:00,430.5194683,0.0,24.89928571,12.44928571,0.0,-10.87484127,11.7968254,16.6,25.0,24.4
2025-06-14 00:15:00+00:00,430.6840829,0.0,24.8,15.74818722,0.0,-10.38589418,11.66213333,16.6,24.92643678,24.4
2025-06-14 00:30:00+00:00,430.9201957,0.0,24.79846939,19.29589002,0.0,-9.700632086,11.54972833,16.49333333,24.9,24.4
2025-06-14 00:45:00+00:00,431.1133969,0.0,24.71122896,22.55183709,0.0,-8.967759389,11.44666667,16.36722222,24.81122896,24.33333333
2025-06-14 01:00:00+00:00,430.0962261,0.0,24.7,26.09513605,0.0,-8.047687075,11.34290232,16.16428571,24.8,24.3
2025-06-14 01:15:00+00:00,430.4291846,0.0,24.67469136,29.45774074,0.0,-7.03743771,11.33889499,15.93755556,24.73944444,24.29916667
2025-06-14 01:30:00+00:00,429.6997327,0.0,24.6,32.63417208,0.0,-5.987916667,11.3,15.74142857,24.7,24.20384615
2025-06-14 01:45:00+00:00,429.9759837,0.0,24.6,35.69230037,0.051178746,-4.844730769,11.4025,15.57738095,24.7,24.2
2025-06-14 02:00:00+00:00,428.9896408,0.0,24.54678571,39.19378092,0.413350757,-3.429946145,11.56382766,15.33714286,24.7,24.2
2025-06-14 02:15:00+00:00,429.4212698,0.0,24.5,42.01466931,1.356783243,-2.168002646,11.72221958,15.18555556,24.64100915,24.11657143
2025-06-14 02:30:00+00:00,428.9210008,0.0,24.5,45.32862338,3.897778078,-0.607116883,11.86324786,15.04666667,24.6,24.1
2025-06-14 02:45:00+00:00,428.3853892,0.0,24.5,48.38522727,9.252714032,0.855032468,12.06814484,14.95,24.57642857,24.1
2025-06-14 03:00:00+00:00,427.8108608,0.0,24.47945136,51.32304762,19.35601235,2.463047619,12.20516667,14.832,24.5,24.0297619
2025-06-14 03:15:00+00:00,427.1547619,0.0,24.4,54.507072,36.24229272,4.262743764,12.2533256,14.71785714,24.5,24.0
2025-06-14 03:30:00+00:00,426.6318182,0.0,24.4,57.74719017,57.81997222,6.18146978,12.308375,14.59,24.5,24.0
2025-06-14 03:45:00+00:00,425.5867663,0.0,24.4,60.40092975,78.81212163,7.820454546,12.43,14.5,24.5,24.0
2025-06-14 04:00:00+00:00,425.2089286,0.0,24.4,63.38781506,106.4466959,9.754226306,12.68651386,14.43571429,24.5,24.0
2025-06-14 04:15:00+00:00,424.3481926,0.0,24.3286631,66.28851282,133.497643,11.68029487,13.1211453,14.33866667,24.53781566,24.0
2025-06-14 04:30:00+00:00,424.3214149,0.0,24.3,69.22464286,163.7144803,13.69732143,13.67660714,14.3,24.50281385,24.0
2025-06-14 04:45:00+00:00,423.756229,0.0,24.3,72.03314634,189.0686772,15.65853554,14.03752015,14.35714286,24.53409524,24.0
2025-06-14 05:00:00+00:00,423.2680534,0.0,24.3,74.99107143,220.8957033,17.74540816,14.26259921,14.40868132,24.6,24.0
2025-06-14 05:15:00+00:00,422.6060606,0.0,24.33939394,77.6611746,252.2969227,19.65208059,14.5079873,14.48817094,24.59666667,24.0
2025-06-14 05:30:00+00:00,422.3001701,0.0,24.4,80.7774818,287.3104616,21.88389643,14.81863969,14.5,24.59327206,24.0
2025-06-14 05:45:00+00:00,421.3398686,0.0,24.4,83.88572621,319.0000058,24.10237608,15.07907449,14.58111111,24.5997619,24.0
2025-06-14 06:00:00+00:00,421.3451237,0.0,24.4,86.93871693,352.7596236,26.25759259,15.25636508,14.72533333,24.5,24.0
2025-06-14 06:15:00+00:00,419.7040043,0.0,24.4,90.10244821,386.8132688,28.47475314,15.32698413,14.7,24.5,24.0
2025-06-14 06:30:00+00:00,419.6943298,0.0,24.4,93.13266667,419.0755936,30.57266667,15.15538889,14.75833333,24.5,24.0
2025-06-14 06:45:00+00:00,419.5014177,0.0,24.4,96.15366333,449.4626846,32.60017559,15.38841725,14.80833333,24.5,24.0
2025-06-14 07:00:00+00:00,419.3387464,0.0,24.4,99.61837037,479.2953601,34.83362963,15.50151852,14.99333333,24.5,24.0
2025-06-14 07:15:00+00:00,418.9968944,0.0,24.45750204,102.7758741,505.0761051,36.78690476,15.90391156,15.17321429,24.5,24.09350649
2025-06-14 07:30:00+00:00,418.1148272,0.0,24.5,106.2807862,536.484626,38.8982149,15.90910172,15.07320106,24.52015152,24.1
2025-06-14 07:45:00+00:00,417.2857143,0.0,24.5,110.1871638,563.3122096,41.070822,16.26019558,15.28571429,24.6,24.1
2025-06-14 08:00:00+00:00,417.5907535,0.0,24.5,113.962441,589.0651053,43.06767196,16.35491168,15.39555556,24.6,24.1
2025-06-14 08:15:00+00:00,417.8176923,0.0,24.5,118.1713144,614.5434539,45.09709524,16.05716667,15.87142857,24.6,24.1
2025-06-14 08:30:00+00:00,416.3716706,0.0,24.5,122.3122285,637.2816139,46.9521978,15.97568146,15.97692308,24.63024892,24.15612245
2025-06-14 08:45:00+00:00,416.3717934,0.0,24.5,126.828627,659.0742326,48.81542857,16.08315238,16.1,24.75121212,24.2
2025-06-14 09:00:00+00:00,416.1544643,0.0,24.58461851,131.4052211,678.5016336,50.46452381,16.28542659,16.25813776,24.7,24.2
2025-06-14 09:15:00+00:00,415.8650794,0.0,24.6,136.1812381,696.625143,51.98055556,16.52486349,16.14888889,24.7,24.2
2025-06-14 09:30:00+00:00,414.214966,0.0,24.6,141.3572761,712.9013563,53.42913832,16.69897704,16.23214286,24.7,24.20666667
2025-06-14 09:45:00+00:00,413.8081754,0.0,24.64222222,146.6025036,726.8730614,54.68424501,17.49707051,16.36916667,24.7437037,24.3
2025-06-14 10:00:00+00:00,413.9259989,0.0,24.7,152.272597,735.6227328,55.79577056,16.97428928,17.15380952,24.8,24.3
2025-06-14 10:15:00+00:00,412.3807556,0.0,24.7,158.4958333,744.4460043,56.76130952,17.19813776,17.43263889,24.80649351,24.34196429
2025-06-14 10:30:00+00:00,411.8876679,0.0,24.74,164.5404444,752.5669572,57.47074074,17.44522222,17.24634921,24.9,24.4
2025-06-14 10:45:00+00:00,412.0864033,0.0,24.8,170.7888546,758.0176465,57.9296158,17.07157576,19.12410714,24.90084034,24.4
2025-06-14 11:00:00+00:00,411.4765846,0.0,24.83445887,177.1797884,762.9423807,58.18,17.83230199,18.53981481,25.0553824,24.4
2025-06-14 11:15:00+00:00,412.3658333,0.0,24.9,183.7043042,763.8133566,58.18666667,18.38190199,17.15595238,25.0,24.42784314
2025-06-14 11:30:00+00:00,411.336039,0.0,24.9,190.046131,764.3415479,57.95049603,17.95767262,17.44119048,25.13428571,24.5
2025-06-14 11:45:00+00:00,411.3803922,0.0,24.99388889,195.7891746,761.656839,57.51501587,17.46787143,17.76869048,25.10611111,24.5
2025-06-14 12:00:00+00:00,411.7085458,0.0,25.06451613,202.3605159,761.5095839,56.77261905,17.84583333,18.63393939,25.26787023,24.6
2025-06-14 12:15:00+00:00,411.6209524,0.0,25.1,208.4126099,754.1225101,55.79724054,17.57225794,19.4784127,25.2,24.6
2025-06-14 12:30:00+00:00,411.3095482,0.0,25.18589981,213.9363095,748.6340593,54.71958333,17.57816829,20.08877551,25.36101491,24.65892857
2025-06-14 12:45:00+00:00,410.2478211,0.0,25.2,219.3927513,736.2080538,53.41507143,17.94502357,19.43095238,25.34424242,24.7
2025-06-14 13:00:00+00:00,410.5223021,0.0,25.28796992,224.2745516,724.0377894,52.06062925,17.10782784,20.19444444,25.49014838,24.74718407
2025-06-14 13:15:00+00:00,410.0060606,0.0,25.38181818,229.3305573,708.2430269,50.39660101,17.80813434,20.34056277,25.55212121,24.8
2025-06-14 13:30:00+00:00,410.0201874,0.0,25.48177544,233.7252073,688.2586059,48.79252044,17.2498343,19.97053571,25.6324186,24.88602453
2025-06-14 13:45:00+00:00,410.5938466,0.0,25.55647859,238.2707143,667.2545383,46.97315476,17.21742063,21.05778061,25.7891981,25.01696429
2025-06-14 14:00:00+00:00,410.0342305,0.0,25.7162,242.5857804,645.9474982,45.02040476,17.79857778,20.43333333,25.97240093,25.14933333
2025-06-14 14:15:00+00:00,410.0428395,0.0,25.84427629,246.3741551,630.2390889,43.14872475,17.66291306,20.6175,26.11670552,25.28527211
2025-06-14 14:30:00+00:00,410.442437,0.0,26.0116194,249.7164433,616.7480384,41.36465812,17.90946277,20.18990476,26.27778253,25.40058123
2025-06-14 14:45:00+00:00,410.4106529,0.0,26.10760989,253.7687358,282.0248559,39.09662698,17.45808849,20.62142857,26.38959459,25.49103554
2025-06-14 15:00:00+00:00,410.6452214,0.0,26.21612256,257.3676667,517.5923941,36.99278571,17.86652143,20.16968254,26.44205128,25.60583333
2025-06-14 15:15:00+00:00,410.4761905,0.0,26.41385681,260.7094629,597.5143236,34.89276455,18.21731948,18.91793651,26.57489255,25.77272727
2025-06-14 15:30:00+00:00,409.8644227,0.0,26.52238469,263.8396145,496.8049869,32.85433132,18.40682874,19.29571429,26.72167299,25.87438776
2025-06-14 15:45:00+00:00,411.1073333,0.0,26.70838095,267.2568918,448.6348367,30.56993386,17.78434773,19.38095238,26.83933333,26.03933333
2025-06-14 16:00:00+00:00,410.9873016,0.0,26.79300534,270.278315,414.2826226,28.46141026,18.54355632,19.80277778,26.96638655,26.19438776
2025-06-14 16:15:00+00:00,410.3530481,0.0,26.88727273,273.2952104,361.3618678,26.36568013,18.52652422,19.74007937,27.06722222,26.28761905
2025-06-14 16:30:00+00:00,410.2976642,0.0,27.07385059,276.2667234,333.294512,24.25080782,18.41510771,19.24119048,27.09452579,26.4
2025-06-14 16:45:00+00:00,411.0490741,0.0,27.03185185,279.3556909,306.5667744,22.0427849,18.40314387,19.6647619,27.16548148,26.46407407
2025-06-14 17:00:00+00:00,411.2224656,0.0,27.12733333,282.404828,266.5490042,19.85607143,18.55253175,19.05333333,27.26477656,26.56060606
2025-06-14 17:15:00+00:00,410.9350649,0.0,27.2,285.3113178,231.6081438,17.79444444,18.28095718,19.40952381,27.32971188,26.6
2025-06-14 17:30:00+00:00,411.0253411,0.0,27.25940741,288.2421162,192.7922503,15.70152525,18.31512727,19.03033069,27.4,26.65616667
2025-06-14 17:45:00+00:00,410.7396877,0.0,27.3,291.0705385,160.6153786,13.72857143,18.09623129,18.31805556,27.36524983,26.7
2025-06-14 18:00:00+00:00,410.248623,0.0,27.3,294.0277143,116.9725289,11.73942761,17.92935997,18.0835,27.36160483,26.7
2025-06-14 18:15:00+00:00,410.1141775,0.0,27.3,296.9505705,100.2210889,9.796831233,17.71278568,18.08714286,27.3,26.71761905
2025-06-14 18:30:00+00:00,410.7080694,0.0,27.29185185,299.8397619,58.7987729,7.926878307,17.44031481,17.9,27.3,26.7475
2025-06-14 18:45:00+00:00,410.1462963,0.0,27.2,302.8721296,43.67004409,6.031521164,17.17379286,17.9,27.21333333,26.64666667
2025-06-14 19:00:00+00:00,410.3714286,0.0,27.11819728,305.8510513,26.34477794,4.287724181,17.07798701,17.89761905,27.11819728,26.6
2025-06-14 19:15:00+00:00,410.6158508,0.0,27.02,308.7852006,14.61877196,2.600122729,16.84974359,17.8,27.05294118,26.55407407
2025-06-14 19:30:00+00:00,410.7867876,0.0,26.99047619,311.6939332,7.296401706,1.0121337,16.54872449,17.74166667,27.0,26.49092971
2025-06-14 19:45:00+00:00,411.3913915,0.0,26.89583333,314.7418615,3.066447421,-0.460503848,16.39428571,17.73795238,27.0214103,26.4
2025-06-14 20:00:00+00:00,411.5919476,0.0,26.79395604,318.1059014,1.053380855,-2.032142857,15.90966128,17.77857143,26.86190476,26.36190476
2025-06-14 20:15:00+00:00,410.9528752,0.0,26.70149873,321.2129363,0.28879085,-3.41346633,15.62644444,17.7,26.79861111,26.26
2025-06-14 20:30:00+00:00,412.6283816,0.0,26.633125,324.3502363,0.042641026,-4.690098901,15.52638823,17.77,26.7,26.16619048
2025-06-14 20:45:00+00:00,411.6445991,0.0,26.56349206,327.6729906,0.0,-5.906613327,15.25133929,17.84047619,26.62950549,26.1
2025-06-14 21:00:00+00:00,411.5904527,0.0,26.5,330.7570973,0.0,-6.977286404,15.00263586,17.9,26.56433333,26.066
2025-06-14 21:15:00+00:00,412.3078022,0.0,26.43457143,334.251335,0.0,-7.99140873,15.03330797,17.9,26.5,25.93571429
2025-06-14 21:30:00+00:00,414.2190476,0.0,26.36611111,337.5713333,0.0,-8.874666667,14.85244444,17.9,26.47165715,25.9
2025-06-14 21:45:00+00:00,413.0795376,0.0,26.27582135,340.9812664,0.0,-9.632910344,14.60895692,17.9,26.30396825,25.84155844
2025-06-14 22:00:00+00:00,414.3272727,0.0,26.2,344.3851943,0.0,-10.29433455,14.39106349,17.9,26.24523906,25.74492308
2025-06-14 22:15:00+00:00,413.5200409,0.0,26.11161111,347.9096961,0.0,-10.8282209,14.16228241,17.9,26.2,25.67794872
2025-06-14 22:30:00+00:00,413.0345464,0.0,26.00238095,351.3520635,0.0,-11.20365079,14.07163265,17.9,26.10238095,25.6
2025-06-14 22:45:00+00:00,412.9577283,0.0,25.97640542,354.7821243,0.0,-11.47283069,14.0,17.9,26.07619444,25.57618013
2025-06-14 23:00:00+00:00,413.1361369,0.0,25.90080627,358.3257937,0.0,-11.59095238,14.0256737,17.88333333,26.0007841,25.50114469
2025-06-14 23:15:00+00:00,413.5988095,0.0,25.82610256,1.965,0.0,-11.6,13.93563333,17.8,25.98402227,25.42071429
2025-06-14 23:30:00+00:00,413.4944154,0.0,25.78441558,5.476662802,0.0,-11.49632653,13.9,17.75285714,25.9,25.4
2025-06-14 23:45:00+00:00,413.7473684,0.0,25.7,8.60052381,0.0,-11.24380952,13.9302381,17.7,25.82383333,25.38
2025-06-15 00:00:00+00:00,413.7532978,0.0,25.7,12.23140023,0.0,-10.86478175,13.98393579,17.62653061,25.8,25.3
2025-06-15 00:15:00+00:00,413.142963,0.0,25.62424242,15.76330159,0.0,-10.33667725,13.68444815,17.46833333,25.72,25.28444444
2025-06-15 00:30:00+00:00,412.3869219,0.0,25.6,19.01114815,0.0,-9.734781145,13.68836277,17.4,25.7,25.27244444
2025-06-15 00:45:00+00:00,412.0710868,0.0,25.58981545,22.34991437,0.0,-8.974489796,13.58144712,17.31769841,25.68981545,25.2
2025-06-15 01:00:00+00:00,412.5432565,0.0,25.50295238,25.80321264,0.0,-8.100454546,13.54349184,17.21904762,25.60295238,25.15547578
2025-06-15 01:15:00+00:00,411.6762014,0.0,25.5,29.19808723,0.0,-7.082984694,13.58196709,17.15,25.59340659,25.1
2025-06-15 01:30:00+00:00,411.5411773,0.0,25.5,32.56227025,0.0,-5.961563973,13.59933333,17.02692063,25.50030303,25.1
2025-06-15 01:45:00+00:00,410.0059172,0.0,25.46785714,35.89434898,0.075182186,-4.717948718,13.56153846,16.96171329,25.5,25.06923077
2025-06-15 02:00:00+00:00,409.8567449,0.0,25.4,38.8887037,0.376299059,-3.518194444,13.64733333,16.886,25.5,25.0
2025-06-15 02:15:00+00:00,410.0,0.0,25.3745614,42.21773509,1.407721997,-2.048029212,13.67016807,16.79285714,25.5,25.0
2025-06-15 02:30:00+00:00,410.1129426,0.0,25.3,45.43231842,3.448521537,-0.529419192,13.59291667,16.7,25.40111993,24.94555556
2025-06-15 02:45:00+00:00,409.3545455,0.0,25.3,48.52909163,7.64432964,0.968329966,13.49945238,16.625,25.4,24.9
2025-06-15 03:00:00+00:00,409.3536559,0.0,25.28417298,51.35565476,15.12805947,2.513690476,13.58607143,16.50892857,25.4,24.9
2025-06-15 03:15:00+00:00,409.8536601,0.0,25.2,54.40979894,29.56756697,4.260190476,13.57642944,16.5,25.30444444,24.9
2025-06-15 03:30:00+00:00,409.1823832,0.0,25.2,57.55958333,50.07838419,6.118095238,13.63234694,16.47692308,25.3,24.86836735
2025-06-15 03:45:00+00:00,409.7382803,0.0,25.2,60.25200794,73.25257743,7.768928571,13.80459524,16.4,25.3,24.89222222
2025-06-15 04:00:00+00:00,409.2551012,0.0,25.2,63.37862245,101.8155714,9.822380952,14.26771429,16.4,25.3,24.82040816
2025-06-15 04:15:00+00:00,409.7383783,0.0,25.2,66.18262005,125.2957509,11.67473952,14.78793016,16.4,25.3,24.8
2025-06-15 04:30:00+00:00,408.9355326,0.0,25.2,69.0085119,149.1784806,13.61604592,15.30197704,16.4,25.3,24.8
2025-06-15 04:45:00+00:00,408.6136071,0.0,25.2,72.0927619,200.606004,15.76407937,15.81142857,16.48141026,25.3,24.8
2025-06-15 05:00:00+00:00,408.2780037,0.0,25.2,74.79479365,217.1458388,17.67525397,16.11012381,16.5,25.3,24.8
2025-06-15 05:15:00+00:00,407.3070055,0.0,25.2,77.81428571,205.842557,19.8152381,16.27755102,16.50178571,25.3,24.8
2025-06-15 05:30:00+00:00,406.5907959,0.0,25.2,80.88571429,218.5314763,21.9947619,16.34277778,16.62714286,25.3,24.8
2025-06-15 05:45:00+00:00,406.2324786,0.0,25.2,83.66360531,303.5415831,23.99654707,16.57401549,16.56923077,25.3,24.8
2025-06-15 06:00:00+00:00,406.2201965,0.0,25.2,86.54418874,357.2992422,26.03849967,17.18954233,16.5,25.3,24.8
2025-06-15 06:15:00+00:00,405.8269903,0.0,25.2,89.91527211,396.0967087,28.40710884,17.4854949,16.68571429,25.3,24.87333333
2025-06-15 06:30:00+00:00,405.6009524,0.0,25.2,92.88087302,442.6455632,30.4506746,17.62677963,16.7,25.3,24.9
2025-06-15 06:45:00+00:00,404.0,0.0,25.26596877,96.25916667,473.6226219,32.7110119,17.65453373,16.83785714,25.40342394,24.9
2025-06-15 07:00:00+00:00,404.1618451,0.0,25.3,99.58832804,523.8778642,34.85668783,18.076,16.84833333,25.47583278,24.9
2025-06-15 07:15:00+00:00,404.1703704,0.0,25.3,103.0696032,535.7096862,37.02290476,18.25214286,16.81634921,25.4,24.9
2025-06-15 07:30:00+00:00,403.0891053,0.0,25.3,106.5946939,441.0136907,39.15510204,18.64255102,16.92083333,25.4,24.92959184
2025-06-15 07:45:00+00:00,403.0,0.0,25.3,110.1887778,432.8832635,41.16528571,18.24707937,16.8,25.4,25.0
2025-06-15 08:00:00+00:00,403.0225564,0.0,25.38805838,113.8357143,519.2772596,43.03333333,17.76428571,17.02727273,25.54932331,25.0
2025-06-15 08:15:00+00:00,402.6836536,0.0,25.4,117.7174105,661.940434,44.95973036,18.05672405,17.0,25.6,25.0
2025-06-15 08:30:00+00:00,401.1782114,0.0,25.4,121.92381,445.375232,46.83213203,18.66582406,17.07858844,25.53585948,25.02675737
2025-06-15 08:45:00+00:00,401.0,0.0,25.4,126.3665346,287.33446,48.68934271,18.81539683,16.86526984,25.5,25.1
2025-06-15 09:00:00+00:00,400.7755556,0.0,25.45124579,131.2555556,185.9008092,50.46837037,17.75867725,16.81177778,25.5,25.1
2025-06-15 09:15:00+00:00,400.3381766,0.0,25.5,135.9630952,223.7319163,51.97460317,17.41040476,16.88333333,25.5,25.1
2025-06-15 09:30:00+00:00,399.6159091,0.0,25.5,141.2454545,230.5185589,53.43333333,17.30909091,16.8,25.5,25.1
2025-06-15 09:45:00+00:00,399.3462563,0.0,25.5,146.0543908,298.4516844,54.6152082,17.62130159,16.8,25.57638126,25.12535714
2025-06-15 10:00:00+00:00,399.382963,0.0,25.5,152.02,426.9106243,55.7852381,17.73583333,16.875,25.6,25.2
2025-06-15 10:15:00+00:00,399.4010589,0.0,25.5487013,158.112551,477.6453804,56.76142857,18.33914286,16.94017857,25.67366071,25.2
2025-06-15 10:30:00+00:00,398.4744444,0.0,25.6,164.2237778,533.3088501,57.46911111,18.78466667,17.07142857,25.7,25.24666667
2025-06-15 10:45:00+00:00,398.0767267,0.0,25.65074074,170.8583413,537.4123824,57.99647619,18.58609524,17.12666667,25.70653595,25.3
2025-06-15 11:00:00+00:00,397.4730392,0.0,25.7,177.120805,854.5179693,58.24285714,19.49108163,17.1,25.8,25.3
2025-06-15 11:15:00+00:00,397.4722222,0.0,25.7,183.4901905,761.2995272,58.25533333,20.25120238,17.18928571,25.8,25.3
2025-06-15 11:30:00+00:00,397.6661255,0.0,25.7,189.6520022,574.279813,58.04391156,20.33761882,17.20833333,25.8,25.3
2025-06-15 11:45:00+00:00,397.3222222,0.0,25.7,195.9822222,822.5118716,57.52972222,20.99507937,17.22142857,25.8,25.33910823
2025-06-15 12:00:00+00:00,396.5808081,0.0,25.74055556,202.1138228,685.60241,56.81819048,21.4849037,17.34,25.8,25.4
2025-06-15 12:15:00+00:00,396.0,0.0,25.8,208.3041481,322.2724787,55.88741497,20.67581463,17.4422619,25.8,25.4
2025-06-15 12:30:00+00:00,396.2866667,0.0,25.8,213.9104444,342.4121678,54.77666667,20.07142857,17.4,25.83355556,25.4
2025-06-15 12:45:00+00:00,395.4285714,0.0,25.82857143,219.1107359,592.8284008,53.54553443,19.5685679,17.4,25.9,25.4
2025-06-15 13:00:00+00:00,395.7776561,0.0,25.9,224.353828,454.1067957,52.05533862,20.40203704,17.4,26.07211283,25.48888889
2025-06-15 13:15:00+00:00,394.9536935,0.0,25.98419872,229.0178571,410.6658926,50.54980159,20.2099001,17.4,26.02884615,25.52857143
2025-06-15 13:30:00+00:00,395.2841484,0.0,26.02020833,233.5039718,437.3384012,48.92290609,20.47553398,17.4,26.17090909,25.6
2025-06-15 13:45:00+00:00,395.7786281,0.0,26.1,237.8091837,638.2291103,47.19591837,21.12071429,17.4,26.28650034,25.66326531
2025-06-15 14:00:00+00:00,394.7076959,0.0,26.23568945,242.2982671,608.4331557,45.18471828,22.03324444,17.4,26.43738504,25.73079365
2025-06-15 14:15:00+00:00,395.5714286,0.0,26.44143554,246.2343084,640.085077,43.27393424,21.53819444,17.53571429,26.60034231,25.90059524
2025-06-15 14:30:00+00:00,396.0740741,0.0,26.51928571,250.059292,325.5273548,41.25741799,21.79491486,17.52,26.7,26.00666667
2025-06-15 14:45:00+00:00,396.202004,0.0,26.58210279,253.7545871,499.9212512,39.17966667,21.4832963,17.56911111,26.75122054,26.11333333
2025-06-15 15:00:00+00:00,395.6593045,0.0,26.68869048,257.3277778,388.2377177,37.04744898,21.21376984,17.6,26.88869048,26.20944056
2025-06-15 15:15:00+00:00,396.6188947,0.0,26.78592593,260.8451587,354.4857902,34.86075397,22.04928571,17.6,26.90466032,26.3
2025-06-15 15:30:00+00:00,395.65932,0.0,26.8,263.8305357,263.7898191,32.93739796,22.43163265,17.6,26.99709821,26.38482143
2025-06-15 15:45:00+00:00,395.9945962,0.0,26.87772222,267.1982222,123.8235228,30.66488889,22.00308571,17.68461538,26.97905882,26.4
2025-06-15 16:00:00+00:00,396.0118983,0.0,26.83472068,270.2644444,79.9644416,28.56894841,21.60511905,17.7,26.8,26.4
2025-06-15 16:15:00+00:00,395.60556,0.0,26.8,273.1119365,98.16918242,26.55655556,21.33083069,17.82423521,26.8,26.35869048
2025-06-15 16:30:00+00:00,396.6628226,0.0,26.8,276.5340741,65.243842,24.1112672,21.00114286,18.12545455,26.8,26.3
2025-06-15 16:45:00+00:00,396.8680022,0.0,26.8,279.2696429,51.61743303,22.18392857,20.65357143,18.55,26.7975,26.3
2025-06-15 17:00:00+00:00,396.4281796,0.0,26.8,282.1673333,47.43357151,20.07219048,20.4037037,18.84266667,26.70941468,26.3
2025-06-15 17:15:00+00:00,396.6480899,0.0,26.77127662,285.0066657,30.61149152,18.00944508,20.10306122,19.03631868,26.7,26.27735761
2025-06-15 17:30:00+00:00,395.9666667,0.0,26.7,287.949504,13.44430385,15.95664683,19.69377976,19.26666667,26.7,26.2
2025-06-15 17:45:00+00:00,396.0,0.0,26.7,291.1467007,16.94034125,13.71938776,19.09892857,19.54047619,26.66403596,26.2
2025-06-15 18:00:00+00:00,395.6016679,0.0,26.69855263,293.7242262,14.52267633,12.00416667,18.36415675,19.77142857,26.6,26.18367347
2025-06-15 18:15:00+00:00,396.6274071,0.0,26.6,296.9995238,9.474980325,9.807142857,17.43342857,19.82142857,26.6,26.1
2025-06-15 18:30:00+00:00,396.649428,0.0,26.5887384,299.7271429,2.678656148,8.037599206,16.33064007,19.8,26.50130385,26.1
2025-06-15 18:45:00+00:00,398.0027778,0.0,26.5,302.7008974,2.971525451,6.192094017,15.76218681,19.712,26.5,26.04344628
2025-06-15 19:00:00+00:00,398.751461,0.0,26.5,305.6607143,2.624931524,4.407142857,15.64695918,19.475,26.52172619,26.0
2025-06-15 19:15:00+00:00,399.5809269,0.0,26.5,308.6082424,2.209354209,2.719087542,15.52904545,19.30952381,26.58305556,26.0
2025-06-15 19:30:00+00:00,399.1353535,0.0,26.40866667,311.9348307,1.065436182,0.96523545,15.6,19.14666667,26.40866667,25.94566667
2025-06-15 19:45:00+00:00,399.9285714,0.0,26.4,314.8317574,0.480194236,-0.450963719,15.49387755,18.95833333,26.44437543,25.9
2025-06-15 20:00:00+00:00,399.5272352,0.0,26.31791667,318.0978095,0.135742424,-1.980555556,15.35884921,18.75042735,26.41039216,25.9
2025-06-15 20:15:00+00:00,398.9474868,0.0,26.3,321.238818,0.0,-3.366468254,15.30521542,18.58928571,26.3,25.88571429
2025-06-15 20:30:00+00:00,400.5893724,0.0,26.26106539,324.2293246,0.0,-4.614124972,15.45299298,18.43166667,26.31227203,25.8
2025-06-15 20:45:00+00:00,400.4539019,0.0,26.2,327.4127543,0.0,-5.803412698,15.46785714,18.28052721,26.2,25.8
2025-06-15 21:00:00+00:00,400.5636364,55.40222222,26.17888889,330.8352381,0.0,-6.94,15.43049524,17.55619048,26.18666667,25.775
2025-06-15 21:15:00+00:00,403.7393985,29.3540293,26.00833333,333.7364598,0.0,-7.830342971,15.52167543,17.2,26.1,25.6
2025-06-15 21:30:00+00:00,405.485755,0.0,26.09263158,337.6052795,0.0,-8.840102564,15.62253247,17.22666667,26.1,25.6
2025-06-15 21:45:00+00:00,406.9597466,0.0,26.0,340.9877227,0.0,-9.619905002,15.62418651,17.3,26.16121212,25.6
2025-06-15 22:00:00+00:00,408.7762515,0.0,26.0,344.4907937,0.0,-10.2735119,15.76294558,17.3,26.0,25.6
2025-06-15 22:15:00+00:00,409.9742063,0.0,26.0,347.8381058,0.0,-10.78615873,15.72276825,17.34666667,26.0,25.6
2025-06-15 22:30:00+00:00,413.686233,171.2402646,25.935,351.1511054,0.0,-11.17261905,15.32353432,17.15238095,25.935,25.50464286
2025-06-15 22:45:00+00:00,427.4176699,269.4104284,25.73775599,354.934463,0.0,-11.44777778,15.22684029,17.0,25.74084444,25.20416589
2025-06-15 23:00:00+00:00,435.7595985,108.6766858,25.6,358.2540958,0.0,-11.59081633,15.20387755,17.0,25.63872315,25.24315476
2025-06-15 23:15:00+00:00,431.1041657,140.4870062,25.6,1.746488697,0.0,-11.6,15.16833838,17.0,25.6,25.16954545
2025-06-15 23:30:00+00:00,438.372306,189.6360646,25.47342383,5.282338143,0.0,-11.46401852,15.11683175,16.94533333,25.54565926,25.07368421
2025-06-15 23:45:00+00:00,438.2441659,1.733147805,25.4,8.987363946,0.0,-11.19638605,15.13027211,16.93571429,25.5,25.0
2025-06-16 00:00:00+00:00,436.4690214,6.954320988,25.46863075,12.29680782,0.0,-10.80312121,15.152,17.0,25.5,25.00590443
2025-06-16 00:15:00+00:00,435.5358225,0.0,25.40928719,15.75777159,0.0,-10.29887523,15.22901786,17.0,25.5,25.04035044
2025-06-16 00:30:00+00:00,433.9170533,0.0,25.4,18.89271484,0.0,-9.754602953,15.46498468,17.0,25.5,25.05845917
2025-06-16 00:45:00+00:00,432.1205247,0.0,25.4,22.27407509,0.0,-8.950029891,15.53713599,17.0,25.5,25.02576709
2025-06-16 01:00:00+00:00,431.4157706,0.0,25.4,25.81021164,0.0,-8.046455027,15.58488889,17.0,25.5,25.054
2025-06-16 01:15:00+00:00,430.5924057,0.0,25.4,29.19321429,0.0,-7.05,15.54482143,17.0,25.5,25.1
2025-06-16 01:30:00+00:00,430.2601253,0.251746032,25.4,32.3770202,0.0,-5.989412458,15.26058704,16.99537037,25.53921106,25.0985348
2025-06-16 01:45:00+00:00,429.621118,235.3909275,25.39223602,35.84964002,0.0,-4.696734694,14.98517226,16.42142857,25.57589286,24.98428571
2025-06-16 02:00:00+00:00,441.4355556,270.3358586,25.17011111,39.07635642,0.100388889,-3.395615681,14.67165368,16.26428571,25.29,24.86606061
2025-06-16 02:15:00+00:00,443.7185771,269.5369697,24.95333333,42.29023665,0.697229365,-1.966285714,14.43606349,16.09155556,25.12575758,24.7275
2025-06-16 02:30:00+00:00,443.7198496,267.7929322,24.83074114,45.17402597,1.699868297,-0.590223665,14.29094589,15.98928571,25.04220634,24.54036281
2025-06-16 02:45:00+00:00,444.8227658,270.4148221,24.7,48.16536186,3.696465006,0.830360037,14.1975155,15.89277958,24.93052605,24.3879551
2025-06-16 03:00:00+00:00,446.4900322,85.30994833,24.64307003,51.35862963,8.757139888,2.572611111,14.03071032,15.67055556,24.84680851,24.32580952
2025-06-16 03:15:00+00:00,445.700966,268.3653727,24.66480075,54.35075926,16.08905339,4.235777778,13.81018182,16.68777778,24.76589123,24.27726984
2025-06-16 03:30:00+00:00,446.6138455,275.5129011,24.50336134,57.41692641,19.61217662,6.064006133,13.63744697,16.8625,24.7647619,24.17047619
2025-06-16 03:45:00+00:00,446.7918565,273.5539335,24.46592593,60.39060541,49.1064283,7.92496633,13.7,17.11190476,24.60333333,24.13158466
2025-06-16 04:00:00+00:00,447.0486111,269.8613611,24.4,63.36304113,43.77237044,9.829336735,13.72755102,17.2,24.64553125,24.1
2025-06-16 04:15:00+00:00,447.3479614,269.4230303,24.326337,66.1521135,44.42883485,11.70255957,13.69578011,17.2,24.56192593,24.1
2025-06-16 04:30:00+00:00,447.9897949,270.766675,24.2812929,68.90787879,99.73988866,13.61140693,13.81658342,17.16428571,24.6,24.03571429
2025-06-16 04:45:00+00:00,450.8820176,273.5461996,24.2,71.96608275,76.3452136,15.68022145,13.82666667,17.0,24.56529825,23.85925591
2025-06-16 05:00:00+00:00,449.7731987,273.3775447,24.14875421,75.00814286,93.04652515,17.8777381,14.02592143,17.02666667,24.45242424,23.8
2025-06-16 05:15:00+00:00,466.2151859,272.0447559,24.1,77.86848727,101.9271933,19.89026252,14.21392622,17.19047619,24.43503401,23.82542517
2025-06-16 05:30:00+00:00,459.7104476,271.6499585,24.1,80.89944974,45.35996676,22.08938889,14.32346667,17.05428571,24.4352107,23.75807407
2025-06-16 05:45:00+00:00,455.4562595,273.6898969,24.0591815,83.56999279,51.95193138,23.98978355,14.18278499,16.97857143,24.4,23.77402597
2025-06-16 06:00:00+00:00,456.661193,272.1491057,24.0,86.79411833,78.40307907,26.24649471,14.22250505,16.95333333,24.33418558,23.71933048
2025-06-16 06:15:00+00:00,454.9022882,269.330994,23.91785714,89.93216553,35.52616133,28.46758787,14.25595238,17.0,24.31392857,23.68571429
2025-06-16 06:30:00+00:00,468.8146625,272.303866,23.9,92.71449735,77.27519264,30.41,14.17259259,16.96,24.3,23.60874074
2025-06-16 06:45:00+00:00,478.7572638,267.1279862,23.9,95.88318556,146.9942308,32.55243328,14.32455128,17.04285714,24.27922078,23.85789472
2025-06-16 07:00:00+00:00,488.2355556,269.2928571,23.9,99.17859158,166.4854395,34.66323443,14.68,17.1437037,24.38283333,23.74402564
2025-06-16 07:15:00+00:00,505.072328,268.4003976,23.91166667,102.8356111,227.5677559,36.93844444,14.87043687,17.04,24.548,23.7
2025-06-16 07:30:00+00:00,504.8418934,267.253785,24.0,106.4715986,137.6999399,39.0825,15.00958101,17.16904762,24.64217578,23.69801587
2025-06-16 07:45:00+00:00,513.1486857,269.0068564,24.06773179,110.0621748,145.3465761,41.13459816,14.74078632,17.025,24.709,23.93029882
2025-06-16 08:00:00+00:00,518.5622091,273.5752059,24.02826087,113.4519643,201.5203739,42.88005102,14.72721088,17.0,24.61944691,24.09904762
2025-06-16 08:15:00+00:00,494.9583838,270.5246154,23.928,117.8155556,188.4927375,45.03735043,14.95622222,17.09285714,24.6,24.02909091
2025-06-16 08:30:00+00:00,487.5398557,269.6047619,23.96834921,122.1968571,268.4133227,47.01736508,15.1287037,17.18392857,24.68013228,24.16740741
2025-06-16 08:45:00+00:00,502.7934106,266.6627347,23.963317,126.0406979,412.8658689,48.54596297,15.50880733,17.19010989,24.86062962,24.24849928
2025-06-16 09:00:00+00:00,530.275392,266.9509373,24.0,130.977131,500.7850314,50.3963664,15.89822222,17.14222222,24.94,24.3821164
2025-06-16 09:15:00+00:00,522.2763728,268.6171895,24.0,135.8188095,428.2078772,51.95738095,16.18664286,17.19951437,25.1,24.77632653
2025-06-16 09:30:00+00:00,534.941244,271.9081481,24.06518519,141.2340664,396.1113102,53.47658009,16.3675695,17.13928571,25.03481481,24.96518519
2025-06-16 09:45:00+00:00,548.8961251,268.9464286,24.1,146.518605,325.2873598,54.74224359,16.42070238,17.23571429,24.90064935,24.68843537
2025-06-16 10:00:00+00:00,548.5372475,272.0232026,24.19035354,151.9514596,803.4695745,55.81098485,16.94305387,17.52466667,24.86150327,24.33925926
2025-06-16 10:15:00+00:00,549.4694862,273.2666962,24.2,158.0983562,765.3600075,56.79636927,17.51413457,17.27701465,24.89756684,24.24039116
2025-06-16 10:30:00+00:00,513.4408889,270.4741413,24.15244444,164.0341709,279.1003176,57.50357998,17.33973993,17.46857143,24.9,24.11333333
2025-06-16 10:45:00+00:00,597.1745803,271.7401156,24.22144589,170.7019663,873.0827941,58.03609428,18.08678889,17.78576007,24.81817837,24.12761905
2025-06-16 11:00:00+00:00,732.7331505,270.2299367,24.5525,177.0585714,408.9521269,58.26247166,18.43402041,17.325,24.8,24.12362637
2025-06-16 11:15:00+00:00,741.3179987,271.5558025,24.51719298,183.4331061,826.0413792,58.26666667,18.574,17.07066667,24.86714286,24.39619048
2025-06-16 11:30:00+00:00,723.2574102,267.9280432,24.64562204,189.8355159,559.7737477,58.04751984,18.93755952,17.20433673,24.83450835,24.5
2025-06-16 11:45:00+00:00,685.9822444,269.4199423,24.56448892,196.2658492,799.405501,57.56324074,19.17372222,17.18928571,24.6807229,24.5
2025-06-16 12:00:00+00:00,662.6714286,267.6526517,24.5552795,202.328373,581.6900372,56.84172078,19.13115079,17.08690476,24.70105795,24.31281746
2025-06-16 12:15:00+00:00,657.8526638,270.3013569,24.57310559,208.0045743,638.1522712,55.97333333,19.61431674,17.28666667,24.9,24.08
2025-06-16 12:30:00+00:00,618.7395423,269.7648569,24.64367791,213.6927891,613.5657538,54.85738379,19.54817319,17.09166667,24.9,24.05714286
2025-06-16 12:45:00+00:00,587.4007419,269.7458845,24.61933333,219.084404,704.3631488,53.59359596,19.97244444,17.27433333,24.94190476,24.0
2025-06-16 13:00:00+00:00,601.978662,270.0029871,24.560622,223.8491156,579.2605875,52.24496599,20.15710544,17.23979592,24.9989011,24.05625
2025-06-16 13:15:00+00:00,608.4195767,269.340404,24.6,229.0998413,777.3044927,50.59174603,20.36585185,17.38666667,24.96107744,24.40148148
2025-06-16 13:30:00+00:00,610.6016215,271.1459057,24.6347786,233.6668201,775.8220469,48.92673687,20.70498413,17.12142857,24.9,24.49503704
2025-06-16 13:45:00+00:00,593.1711111,269.8706349,24.7,238.2085743,379.7673588,47.06876417,20.6134127,16.74285714,24.89857143,24.54244505
2025-06-16 14:00:00+00:00,624.4323199,127.4065952,24.82160251,242.4945317,272.8538681,45.13310606,20.46422222,14.57619048,24.98856725,24.30218374
2025-06-16 14:15:00+00:00,697.366009,52.1783713,25.18599317,246.2627268,585.7034397,43.30715316,20.62994048,15.32525641,25.28175107,24.41571429
2025-06-16 14:30:00+00:00,620.5065098,53.3354588,25.36105263,249.9862482,538.9984887,41.35257335,21.03402597,17.75396825,25.46391111,24.53333333
2025-06-16 14:45:00+00:00,495.3208347,55.95664226,25.3,253.6981293,423.2107621,39.2622449,20.8452381,16.49285714,25.6,24.69751984
2025-06-16 15:00:00+00:00,469.0107937,56.63333333,25.39349206,256.9676515,336.6493317,37.35662626,20.61231818,17.64014815,25.56120202,24.72661765
2025-06-16 15:15:00+00:00,468.7954416,55.73682984,25.49288889,260.4677249,539.006784,35.15867725,20.675,16.84761905,25.81676923,24.86111111
2025-06-16 15:30:00+00:00,472.5912873,55.55110251,25.58745038,264.0123029,496.3166799,32.84357587,20.86207483,17.73035714,25.99464286,24.99375
2025-06-16 15:45:00+00:00,476.0018492,55.22101282,25.74979261,266.9670187,390.681081,30.8505873,20.50470238,17.38774603,26.14115134,25.12144444
2025-06-16 16:00:00+00:00,505.07349,54.59439671,25.9425737,270.1877399,346.1649747,28.62795062,20.37793367,16.51758242,26.32168367,25.31428571
2025-06-16 16:15:00+00:00,518.3441353,54.33719688,26.10276061,273.3285317,384.6464507,26.44057672,20.11875344,16.44507937,26.48409812,25.4
2025-06-16 16:30:00+00:00,502.0810405,53.63082624,26.21648119,276.1943805,333.7926604,24.4090474,20.09448547,16.57007215,26.54928571,25.44910714
2025-06-16 16:45:00+00:00,517.8927674,53.91416778,26.30796989,279.3981578,295.3198439,22.12225589,19.95533333,16.84380952,26.67336813,25.56666667
2025-06-16 17:00:00+00:00,528.1240149,52.54472866,26.40567581,282.2253392,196.4050523,20.10372405,19.60624098,17.16410256,26.71114719,25.65768398
2025-06-16 17:15:00+00:00,530.0869804,52.35348772,26.45578089,285.0667963,209.3462151,18.02953704,19.57599016,17.07692308,26.77889008,25.71333333
2025-06-16 17:30:00+00:00,545.0167139,55.16242155,26.56111111,288.0744444,141.8699965,15.93769841,19.6218127,17.06071429,26.75853878,25.8
2025-06-16 17:45:00+00:00,560.3598992,55.05784987,26.5542029,291.0272109,79.59718005,13.83971088,18.89693878,16.91428571,26.7728452,25.79183673
2025-06-16 18:00:00+00:00,555.3137151,53.97205818,26.4,293.8680079,77.44341389,11.9424127,18.61379338,16.92166667,26.71259259,25.70243386
2025-06-16 18:15:00+00:00,532.9047417,54.48734158,26.4,296.8241523,86.65300794,9.966220565,18.3944898,16.97380952,26.6,25.7
2025-06-16 18:30:00+00:00,508.6955556,53.92997627,26.3717284,299.8199416,65.6010942,8.022780664,18.17333333,17.05622222,26.63631216,25.7
2025-06-16 18:45:00+00:00,485.4255952,54.10625,26.3,302.7553734,40.49031746,6.189692213,17.78998463,16.77091837,26.50089286,25.7
2025-06-16 19:00:00+00:00,474.7480099,29.09391661,26.25871345,305.6715804,25.78815883,4.461541933,17.46935287,17.15866667,26.595,25.7
2025-06-16 19:15:00+00:00,467.3547298,0.306412698,26.2647619,308.7338834,12.72228561,2.697929792,17.10515633,17.46428571,26.46904762,25.63792593
2025-06-16 19:30:00+00:00,463.6767007,5.091658342,26.2,311.829033,6.173403704,1.04860566,16.85283447,17.79230769,26.40846154,25.6
2025-06-16 19:45:00+00:00,461.4738872,0.0,26.17179487,314.8981566,2.838571609,-0.434636364,16.48824786,17.93333333,26.3,25.6
2025-06-16 20:00:00+00:00,458.7588846,0.0,26.1,317.6691651,1.190639273,-1.753407069,16.17755102,18.0,26.30575265,25.6
2025-06-16 20:15:00+00:00,457.0551235,0.0,26.04150384,320.8819259,0.30432528,-3.156296296,15.97525926,17.96666667,26.2,25.54
2025-06-16 20:30:00+00:00,454.9153629,0.0,26.0,324.0548341,0.037983193,-4.500740827,15.84152293,17.87547619,26.21919364,25.5
2025-06-16 20:45:00+00:00,451.5961039,0.0,25.98190476,327.4061111,0.0,-5.769742924,15.61966123,17.74005102,26.1,25.48
2025-06-16 21:00:00+00:00,451.6960907,0.0,25.9,330.5672959,0.0,-6.816581633,15.42321429,17.63917234,26.14954365,25.4
2025-06-16 21:15:00+00:00,450.3130125,0.0,25.9,334.1583181,0.0,-7.920985959,15.26435897,17.44615385,26.0,25.4
2025-06-16 21:30:00+00:00,449.6116081,0.0,25.85333333,337.6191667,0.0,-8.819620972,15.09744444,17.38,26.02,25.4
2025-06-16 21:45:00+00:00,448.6450216,15.1984127,25.78571429,340.7081859,0.0,-9.504761905,14.91371429,17.17767857,25.97696178,25.36269841
2025-06-16 22:00:00+00:00,446.6027484,103.4032219,25.66182855,343.9723704,0.0,-10.14718519,14.76742037,16.40652381,25.78302074,25.17263181
2025-06-16 22:15:00+00:00,445.2075326,7.265608466,25.6,347.7209854,0.0,-10.72771284,14.86213203,16.21459184,25.7,25.19285714
2025-06-16 22:30:00+00:00,443.4876004,76.56713065,25.52533333,351.2067965,0.0,-11.13459046,14.78082524,15.92666667,25.65954023,25.05966667
2025-06-16 22:45:00+00:00,441.8485607,226.8544859,25.39042213,354.793933,0.0,-11.42321429,14.4613094,15.74892857,25.51043956,24.80682256
2025-06-16 23:00:00+00:00,442.3020744,162.6670087,25.19393939,349.1252564,0.0,-11.55416667,14.43758048,15.50933333,25.3693787,24.70030627
2025-06-16 23:15:00+00:00,442.0672174,267.0004745,24.98194252,1.863756244,0.0,-11.55948718,14.2505553,15.3,25.14579023,24.67952381
2025-06-16 23:30:00+00:00,442.8698855,265.0142792,24.77638361,5.355843522,0.0,-11.42583333,14.03840703,15.27857143,24.91112894,24.47627976
2025-06-16 23:45:00+00:00,444.0157186,267.9770128,24.65299145,9.070759369,0.0,-11.17847633,13.89127219,15.17692308,24.72731386,24.32130178
2025-06-17 00:00:00+00:00,443.7183793,268.3347989,24.47633929,12.16950397,0.0,-10.8,13.93764286,15.1,24.53884793,24.11133866
2025-06-17 00:15:00+00:00,442.7162963,261.1482671,24.26809821,15.55295455,0.0,-10.29553134,13.81350427,15.05166667,24.43381329,23.89833333
2025-06-17 00:30:00+00:00,443.7098214,192.1931992,24.14427632,19.0494839,0.0,-9.681972789,13.74622541,14.97279942,24.42113848,23.76607143
2025-06-17 00:45:00+00:00,443.7469313,240.8044665,24.04470394,22.58833862,0.0,-8.864637566,13.66658624,14.86666667,24.21142857,23.73583333
2025-06-17 01:00:00+00:00,443.3383333,266.4556232,23.87983333,25.92622304,0.0,-7.994080778,13.53827839,14.9,24.04661574,23.57477778
2025-06-17 01:15:00+00:00,444.5274455,136.1459033,23.82207792,29.27605769,0.0,-6.992566719,13.70950942,14.9,24.05536123,23.4727685
2025-06-17 01:30:00+00:00,443.5214181,158.5383749,23.87664884,32.52051178,0.0,-5.893611833,13.70882537,14.93555556,24.17714845,23.57490909
2025-06-17 01:45:00+00:00,444.5639532,47.14754657,23.8,35.71835128,0.032902909,-4.712109617,13.83263476,15.1,24.11012987,23.50714286
2025-06-17 02:00:00+00:00,444.1542602,138.1701608,23.8,38.68722222,0.219324675,-3.527777778,13.752,15.00666667,24.2,23.5
2025-06-17 02:15:00+00:00,443.9487507,142.4357143,23.8,42.11733947,0.908770202,-2.020111317,13.70739177,14.90714286,24.24642857,23.5
2025-06-17 02:30:00+00:00,442.3555556,267.8244444,23.71555556,45.18315522,2.451589782,-0.570814815,13.69285755,14.9,24.38444444,23.33777778
2025-06-17 02:45:00+00:00,441.6149096,193.9674594,23.65200936,48.2052672,4.967758482,0.8975,13.44733333,14.79333333,24.09450968,23.34619048
2025-06-17 03:00:00+00:00,442.5476292,98.96382784,23.57005495,51.47693646,7.886628314,2.613577098,13.31700026,14.84285714,24.07115385,23.27012987
2025-06-17 03:15:00+00:00,441.8598082,53.15172414,23.61055556,54.45566595,15.29859181,4.324077682,13.46320322,17.81009259,24.00827586,23.37609668
2025-06-17 03:30:00+00:00,442.9995136,53.13513035,23.7,57.42261905,22.93017232,6.111071429,13.70180556,16.07440476,24.1,23.4
2025-06-17 03:45:00+00:00,442.2685609,53.23515298,23.7,60.26303463,29.48549364,7.894948385,13.6870512,16.41222222,24.1,23.4
2025-06-17 04:00:00+00:00,442.8242879,73.51823747,23.7,63.14071429,46.6938913,9.704421769,13.87326531,17.2994898,24.13214356,23.4
2025-06-17 04:15:00+00:00,443.3572391,126.8091686,23.7,65.99259259,73.75985497,11.62972222,13.67080957,16.66006349,24.3,23.4
2025-06-17 04:30:00+00:00,444.0155873,178.1345235,23.6678,69.02608431,79.29148491,13.67694267,13.75268697,16.9244709,24.11903232,23.40217949
2025-06-17 04:45:00+00:00,446.3836442,225.3700888,23.62781955,71.86957963,79.94950031,15.66550596,13.78809431,17.16071429,23.95639098,23.5
2025-06-17 05:00:00+00:00,444.8129342,269.0109681,23.66651408,74.88656844,68.34631726,17.78881041,13.84807815,17.09161905,23.98052106,23.49651515
2025-06-17 05:15:00+00:00,446.5390131,267.008085,23.6,77.65165681,90.4282356,19.78811532,13.81106057,16.87916667,23.89641102,23.41198801
2025-06-17 05:30:00+00:00,454.267199,267.4769018,23.59890909,80.57604575,149.6645842,21.84922222,14.05858333,17.10642857,23.89693895,23.34847222
2025-06-17 05:45:00+00:00,462.3451965,274.7032836,23.59598901,83.47477342,193.6010979,23.93809524,14.42156477,16.81964286,23.82371873,23.41602766
2025-06-17 06:00:00+00:00,463.5320606,272.342328,23.50555556,86.71940476,279.2946941,26.26992063,14.99293254,17.04388889,23.72759259,23.3
2025-06-17 06:15:00+00:00,465.5648613,273.0425984,23.5,89.735,317.8978087,28.35595238,15.57714286,17.15918367,23.8,23.27173233
2025-06-17 06:30:00+00:00,471.0710887,272.8678025,23.5,92.85870574,286.2742734,30.51522589,15.80084961,17.00222222,23.8,23.55777778
2025-06-17 06:45:00+00:00,501.0787766,266.3612903,23.5,96.02709096,338.6372945,32.64096764,16.15208621,17.17885714,23.8,24.05652505
2025-06-17 07:00:00+00:00,611.4752896,266.1778254,23.81591369,99.25723206,295.5029565,34.72514957,16.50584764,17.26190476,23.82988095,24.28826596
2025-06-17 07:15:00+00:00,672.4442032,270.8655794,24.05111131,102.7122771,379.836219,36.90951948,16.7097127,17.06355556,23.8310399,24.4
2025-06-17 07:30:00+00:00,686.9588254,268.2703658,24.22448052,106.3193903,406.7723721,39.04487734,17.23752786,17.38571429,23.85634987,24.48901361
2025-06-17 07:45:00+00:00,664.3160023,264.3516611,24.40051282,109.9759827,494.2046508,41.06916158,17.79127169,17.45714286,24.0515873,24.33585498
2025-06-17 08:00:00+00:00,652.6210049,268.7353667,24.39191808,113.759538,567.2845154,43.09494615,18.4595,17.23931973,24.48857634,24.06734694
2025-06-17 08:15:00+00:00,632.3423661,274.9297966,24.20406692,117.6655291,598.0528039,45.01033021,18.70442857,17.72952381,24.67240352,24.21135579
2025-06-17 08:30:00+00:00,587.9654547,266.0810948,24.10815018,121.8889286,616.0515044,46.90801948,18.86132756,17.83571429,24.71714286,24.02534014
2025-06-17 08:45:00+00:00,555.8356847,269.7171018,24.0,126.4660741,653.275539,48.76385185,19.19315152,17.41428571,24.73630528,24.03962963
2025-06-17 09:00:00+00:00,577.5446473,270.7464419,24.14760926,130.7112677,731.5967885,50.31979756,19.79310636,17.02244898,24.73988095,24.10761905
2025-06-17 09:15:00+00:00,603.6348773,269.6389177,24.18845599,135.8259553,566.7914671,52.02214815,19.92629533,17.23137755,24.81271717,24.06666667
2025-06-17 09:30:00+00:00,586.8353859,270.6030217,24.14075787,141.0155754,808.1057201,53.45320295,20.20427012,17.2,24.8994898,23.89449023
2025-06-17 09:45:00+00:00,565.0297667,268.5171028,24.10104054,146.0662219,708.7828362,54.66464904,20.5032751,17.10204082,24.80063714,24.16722222
2025-06-17 10:00:00+00:00,552.3769661,264.4922814,24.10714286,151.8947917,760.2404987,55.81770833,20.73239583,17.45833333,24.64015152,24.36574074
2025-06-17 10:15:00+00:00,523.9969697,268.282197,24.05965909,158.1918388,759.1027245,56.83697757,20.67679654,17.17225,24.6,24.39834711
2025-06-17 10:30:00+00:00,527.6782537,268.0297749,24.03836681,164.0509091,768.3001221,57.5306734,20.91059259,17.0,24.39548311,24.17733333
2025-06-17 10:45:00+00:00,519.2514386,269.5142965,24.0,170.0433375,795.3066229,58.01339105,21.1676461,17.15571429,24.5955068,23.92377337
2025-06-17 11:00:00+00:00,546.9570016,274.2871811,23.97268262,176.8177778,703.9779359,58.28666667,21.421,17.24444444,24.68478469,24.22050505
2025-06-17 11:15:00+00:00,613.0089893,271.5148383,24.0625641,183.1548292,727.9260271,58.29684848,21.4180101,17.24647619,24.77514087,24.42425397
2025-06-17 11:30:00+00:00,586.5566662,268.6109543,24.1,189.7573857,619.3774904,58.03998543,21.80444728,17.11428571,24.8,24.46824961
2025-06-17 11:45:00+00:00,472.1905168,268.9720127,23.95638136,195.8514883,744.4708274,57.62618104,21.5577868,17.02490909,24.91441417,24.4537037
2025-06-17 12:00:00+00:00,466.9098516,264.1438204,23.8047619,202.2518707,755.2382461,56.88,22.31003401,16.74119048,24.80437075,24.53571429
2025-06-17 12:15:00+00:00,498.1819144,272.4142182,23.85547661,207.9820741,771.6962961,55.99772968,22.24746693,17.08409524,24.60303535,24.59142857
2025-06-17 12:30:00+00:00,490.4563874,267.5548483,23.86538462,213.6694403,767.2597201,54.89951041,22.45767502,17.50769231,24.67471655,24.57312925
2025-06-17 12:45:00+00:00,506.5651655,266.5810127,23.9188345,219.232619,759.9052202,53.57238095,22.61352381,17.43587302,24.62418926,24.5
2025-06-17 13:00:00+00:00,505.1063811,263.9537423,24.0,223.8850288,432.6273672,52.28201204,22.49594104,17.26547619,24.65208476,24.54639805
2025-06-17 13:15:00+00:00,499.6652829,268.6553359,23.95851852,228.4539394,482.5508531,50.82909091,22.19944444,16.68944444,24.58633333,24.6
2025-06-17 13:30:00+00:00,490.0629296,271.2112689,23.97960397,233.6688397,530.9785176,48.96951671,22.20685907,16.67873064,24.55,24.65083333
2025-06-17 13:45:00+00:00,486.5661835,268.5686254,24.12938601,238.017792,693.6024185,47.1845068,22.26399253,17.07363946,24.6,24.77392857
2025-06-17 14:00:00+00:00,513.0896994,129.7476353,24.41832204,241.8783444,476.232894,45.42876984,22.29341529,15.1380102,24.68431013,24.86340954
2025-06-17 14:15:00+00:00,700.9614673,67.36391414,24.94794913,246.3595952,442.0186541,43.28405556,22.10671417,14.31142857,24.9352381,24.9337037
2025-06-17 14:30:00+00:00,800.9053502,122.3278661,25.20752354,249.8607121,387.46776,41.46463636,21.66848485,17.67666667,25.04551356,25.17331987
2025-06-17 14:45:00+00:00,817.5508682,137.8209721,25.3793609,253.8630102,382.4198205,39.22219388,22.17662801,16.39061224,25.17107143,25.19011905
2025-06-17 15:00:00+00:00,629.5363969,72.39101876,25.29555556,257.3017532,209.4140454,37.13888528,22.01303333,16.83571429,25.2,24.89896296
2025-06-17 15:15:00+00:00,463.2073533,51.58356566,25.167479,260.502752,208.0571821,35.14851577,21.85537132,17.33928571,25.2,24.78110526
2025-06-17 15:30:00+00:00,447.2537936,51.7192805,25.1003252,263.9968677,222.8619321,32.88047619,21.58505291,17.82516667,25.23169591,24.702
2025-06-17 15:45:00+00:00,445.4393785,51.01174642,25.19354914,267.0141497,326.3594781,30.8835034,21.4970805,17.10880952,25.33181818,24.75765306
2025-06-17 16:00:00+00:00,443.2642136,50.98604711,25.25607246,270.2664683,410.6031447,28.65111111,21.76557275,17.37777778,25.54165387,24.8275
2025-06-17 16:15:00+00:00,444.9045029,52.62996781,25.39433333,273.4228162,341.5256579,26.43856838,22.00131469,17.39111111,25.66566667,24.93166667
2025-06-17 16:30:00+00:00,449.4718589,51.03309615,25.49391534,275.9374292,285.437635,24.62062265,21.68330757,16.99983509,25.73852238,25.0
2025-06-17 16:45:00+00:00,445.9689455,51.50961913,25.5,279.3364591,235.3162032,22.17835041,21.64804656,16.57009524,25.81576868,25.0
2025-06-17 17:00:00+00:00,443.5733016,52.82741187,25.59357143,282.3636905,188.7764679,20.02628968,21.7781746,16.64285714,25.9,25.08988095
2025-06-17 17:15:00+00:00,454.6250017,51.88398115,25.6,285.1789841,188.6347173,18.01385714,21.6708474,16.63333333,25.87294137,25.1
2025-06-17 17:30:00+00:00,453.0623367,51.25284993,25.69142857,288.1122449,143.6037956,15.94217687,21.92381378,16.79761905,25.84467893,25.1
2025-06-17 17:45:00+00:00,454.4502806,51.37507252,25.7,291.02366,140.7187992,13.90622812,21.61464233,16.952,25.8,25.1
2025-06-17 18:00:00+00:00,454.846079,51.16195559,25.7,293.8817552,90.26414912,11.93692177,21.2846651,16.85833333,25.81878595,25.14758503
2025-06-17 18:15:00+00:00,450.9051663,52.28780137,25.7,296.5529406,43.13231356,10.16840197,20.91272769,16.77079739,25.88131696,25.2
2025-06-17 18:30:00+00:00,441.912517,51.98462675,25.7,299.6746779,29.66382544,8.133717513,20.48653656,16.67803121,25.80272109,25.1211424
2025-06-17 18:45:00+00:00,437.4551727,51.37886003,25.65746032,302.4788146,23.7113422,6.404740981,20.13910623,17.15547619,25.75746032,25.1
2025-06-17 19:00:00+00:00,436.3894206,24.38203305,25.62915594,305.1191471,13.77030484,4.796822729,19.90468556,17.25844156,25.7,25.1
2025-06-17 19:15:00+00:00,435.741914,0.0,25.7,308.5710888,8.029849706,2.850316017,19.54421662,17.51056878,25.7,25.1
2025-06-17 19:30:00+00:00,433.6800763,0.0,25.66020408,311.6285714,4.13473069,1.13,19.11714286,17.94615385,25.66666667,25.1
2025-06-17 19:45:00+00:00,432.7224709,0.0,25.6,314.8508968,2.001333333,-0.38228836,18.7920558,18.41944444,25.6,25.1
2025-06-17 20:00:00+00:00,431.6046032,0.0,25.6,318.0625794,0.77161911,-1.899373016,18.48608974,18.82444444,25.6,25.1
2025-06-17 20:15:00+00:00,430.3500287,0.0,25.5983017,320.8839729,0.240894085,-3.176907096,18.25832521,19.08571429,25.56018208,25.1
2025-06-17 20:30:00+00:00,430.3989418,0.0,25.506,324.2831508,0.008717949,-4.561166667,18.09546825,19.26888889,25.50555556,25.1
2025-06-17 20:45:00+00:00,430.510426,0.0,25.5,327.455723,0.0,-5.734558775,17.90277438,19.40071429,25.5,25.01083333
2025-06-17 21:00:00+00:00,429.5807792,0.0,25.5,330.7543468,0.0,-6.860111222,17.78544103,19.494,25.5,25.0
2025-06-17 21:15:00+00:00,430.0100649,0.0,25.5,333.9245484,0.0,-7.82017205,17.63129109,19.5,25.5,25.0
2025-06-17 21:30:00+00:00,428.6807059,0.0,25.40631579,337.5126667,0.0,-8.772529101,17.626,19.5,25.59368421,25.0
2025-06-17 21:45:00+00:00,429.6990265,0.0,25.4,340.7796801,0.0,-9.536229396,17.6,19.38571429,25.45903135,25.0
2025-06-17 22:00:00+00:00,428.8563483,0.0,25.4,344.164026,0.0,-10.17051948,17.45734127,19.19285714,25.4,24.94529273
2025-06-17 22:15:00+00:00,430.7178404,0.129251701,25.38303571,347.7193182,0.0,-10.70430195,17.39034091,18.89461538,25.4,24.9
2025-06-17 22:30:00+00:00,430.1083333,0.0,25.3,351.2051481,0.0,-11.09211111,17.20619606,18.64333333,25.41944444,24.9
2025-06-17 22:45:00+00:00,429.3655936,6.763232323,25.3,354.7238846,0.0,-11.38666667,17.02109524,18.44266667,25.3,24.84972222
2025-06-17 23:00:00+00:00,428.6481299,7.155591237,25.25,358.2284055,0.0,-11.5,16.62518955,18.33892857,25.30683523,24.8
2025-06-17 23:15:00+00:00,429.9830688,0.477692308,25.2,102.2863081,0.0,-11.5,16.46053776,18.16352381,25.35074893,24.8
2025-06-17 23:30:00+00:00,429.298802,6.133847806,25.2,5.31742115,0.0,-11.39285714,16.37418367,18.06428571,25.21722907,24.77571429
2025-06-17 23:45:00+00:00,429.4161946,0.0,25.19185185,8.670883394,0.0,-11.1677265,16.2228817,17.92,25.2,24.7
2025-06-18 00:00:00+00:00,430.3632119,0.0,25.1,11.96792208,0.0,-10.77534091,16.08726551,17.82142857,25.22051907,24.7
2025-06-18 00:15:00+00:00,428.8040404,0.0,25.1,15.54187302,0.0,-10.25361905,15.81671734,17.7,25.21959596,24.7
2025-06-18 00:30:00+00:00,430.340368,0.0,25.09415584,19.20577446,0.0,-9.620500611,15.50806803,17.6,25.1,24.625
2025-06-18 00:45:00+00:00,428.9041457,0.0,25.00106952,22.63186639,0.0,-8.818688811,15.3578171,17.41,25.1,24.6
2025-06-18 01:00:00+00:00,430.2939316,0.0,25.0,26.0205772,0.0,-7.932196489,15.28162963,17.37888889,25.17066667,24.6
2025-06-18 01:15:00+00:00,430.7064777,0.0,25.0,29.30804873,0.0,-6.957219619,15.39455357,17.23571429,25.1406015,24.6
2025-06-18 01:30:00+00:00,430.7947949,0.0,24.9997619,32.37658333,0.0,-5.92723052,15.16014771,17.12,25.0,24.6
2025-06-18 01:45:00+00:00,430.745697,0.0,24.9,35.8525,0.0,-4.654761905,15.12875631,17.0,25.0,24.50119048
2025-06-18 02:00:00+00:00,432.2507071,0.0,24.9,38.79978788,0.002161616,-3.434,15.19355556,16.88253968,25.0,24.5
2025-06-18 02:15:00+00:00,430.9830285,0.0,24.9,41.96642703,0.216140564,-2.069345238,15.14056122,16.71428571,25.05151125,24.5
2025-06-18 02:30:00+00:00,430.7680995,0.0,24.9,45.15992857,0.602348005,-0.546349206,15.08255556,16.65333333,25.1,24.5
2025-06-18 02:45:00+00:00,431.1777077,0.0,24.80686869,48.38629398,1.963474357,1.001714952,15.2041,16.53166667,25.04013072,24.5
2025-06-18 03:00:00+00:00,431.1865079,34.11961246,24.8,51.38295635,3.623939065,2.600198413,15.1837851,16.81428571,24.9,24.48482143
2025-06-18 03:15:00+00:00,432.6649383,55.73721909,24.71853175,54.35947355,6.979692977,4.293128427,15.39956553,17.14666667,24.81853175,24.4
2025-06-18 03:30:00+00:00,433.3805632,56.66234971,24.7,57.32955782,9.078710166,6.073185941,15.49381293,17.10166667,24.78195489,24.31920635
2025-06-18 03:45:00+00:00,435.906488,56.47175243,24.7,60.08953704,19.54911629,7.812592593,15.50774359,17.00444444,24.7,24.3
2025-06-18 04:00:00+00:00,439.7035392,104.1875477,24.68693659,63.18214286,16.99579884,9.771428571,15.42832955,16.97142857,24.72394958,24.28871148
2025-06-18 04:15:00+00:00,443.0231745,216.5050712,24.60148148,66.07273016,25.25422448,11.72625397,15.43200741,16.84,24.74038267,24.20222222
2025-06-18 04:30:00+00:00,445.6775724,268.0480402,24.47126207,69.00808081,42.49137313,13.70678571,15.70402597,17.04102564,24.78977689,24.18571429
2025-06-18 04:45:00+00:00,446.4823274,269.5858885,24.3592,71.77532828,69.46881519,15.65527778,15.80888889,17.2,24.77782306,24.0639011
2025-06-18 05:00:00+00:00,445.3135793,266.584071,24.25676692,74.65330808,107.943073,17.66428571,15.88886905,17.23520408,24.75164704,24.0
2025-06-18 05:15:00+00:00,450.0091116,270.4089308,24.16374086,77.68021312,142.1185252,19.82932967,16.21137648,17.1265,24.66515229,23.95681481
2025-06-18 05:30:00+00:00,464.104258,268.117127,24.12222222,80.81698413,258.2778246,22.06060317,16.362,16.94888889,24.37657265,23.72296296
2025-06-18 05:45:00+00:00,458.128426,265.7146465,24.02478632,83.74662698,279.9354629,24.18035714,16.50610119,16.96666667,24.21874126,23.62708333
2025-06-18 06:00:00+00:00,454.9314165,269.517074,23.99929825,86.61274206,346.6206841,26.20617063,16.50671569,17.05333333,24.19936194,23.56115845
2025-06-18 06:15:00+00:00,457.0111809,270.1933614,23.9245278,89.72641766,419.8208215,28.40370607,16.63742442,17.1,24.13630952,23.6
2025-06-18 06:30:00+00:00,466.3090476,267.1312592,23.9,92.70194444,313.7921323,30.45012155,17.15732612,17.28955556,24.19897436,23.435
2025-06-18 06:45:00+00:00,463.5867916,267.046988,23.83659104,96.03352055,483.0355958,32.69469038,16.76374074,17.03666667,24.13659104,23.50390476
2025-06-18 07:00:00+00:00,493.7882808,271.7739742,23.81170747,99.21494375,481.4967891,34.7261787,17.1555235,17.16392496,24.1,23.42912088
2025-06-18 07:15:00+00:00,532.0870476,273.6562271,23.8328,102.6838056,504.8123552,36.91208333,17.27080317,17.21566667,24.1,23.69599564
2025-06-18 07:30:00+00:00,568.0459714,274.1793614,23.86428571,106.3264646,496.5715066,39.09904272,17.02017063,17.18869048,24.24423559,23.61921102
2025-06-18 07:45:00+00:00,565.8448306,272.815493,23.92016755,109.7885774,550.9458342,41.032424,17.34134747,17.28777778,24.4493109,23.5
2025-06-18 08:00:00+00:00,573.2367337,273.2094245,23.9106297,113.6818459,635.5274661,43.10711996,17.48457745,17.17714286,24.41653822,23.72882653
2025-06-18 08:15:00+00:00,554.5107048,269.4659372,23.92153439,117.6252778,640.6062178,45.01492063,17.66039286,17.15,24.48758621,23.81518615
2025-06-18 08:30:00+00:00,500.4486874,269.0628299,23.83763566,121.8784405,710.7600092,46.92974451,17.7070269,17.36666667,24.59214286,23.76198413
2025-06-18 08:45:00+00:00,498.1843408,272.6078202,23.81024244,126.2342988,740.8059703,48.71149035,17.90578042,17.34666667,24.51744896,23.799329
2025-06-18 09:00:00+00:00,561.4970817,269.7793002,23.87255326,130.4697594,725.7680071,50.26781829,17.9971308,17.15571429,24.5074172,23.78749414
2025-06-18 09:15:00+00:00,573.2720275,265.8723195,23.9,135.8451217,727.9932489,52.02688095,18.19639731,17.32,24.3,23.7
2025-06-18 09:30:00+00:00,575.2571284,265.4792547,23.9,140.8634854,737.7675003,53.46185297,18.56635436,17.34081633,24.3,23.56904762
2025-06-18 09:45:00+00:00,567.5012223,268.2714625,23.9,146.1796296,769.2825046,54.72697619,18.7657963,17.2,24.3430303,23.57479039
2025-06-18 10:00:00+00:00,555.1367591,271.9758782,23.89618182,151.8489868,764.8713446,55.84730159,19.11808247,17.22378205,24.40227879,23.60243506
2025-06-18 10:15:00+00:00,534.1865361,265.7556407,23.96258684,157.5513933,779.7144857,56.7706317,19.23528339,17.14218074,24.44281313,23.88729396
2025-06-18 10:30:00+00:00,510.2761234,267.8708985,23.87473684,164.2319444,784.0394707,57.57606614,19.20909235,17.16166667,24.4,23.9
2025-06-18 10:45:00+00:00,511.036714,268.3805202,23.80570411,170.4052721,759.1873419,58.04285714,19.54816327,17.22857143,24.35676428,23.94220779
2025-06-18 11:00:00+00:00,511.7303865,269.5009784,23.70942529,176.997619,690.8970266,58.32666667,19.8330754,17.19333333,24.37237662,23.94332667
2025-06-18 11:15:00+00:00,506.8742646,267.6368007,23.72747253,182.4110714,655.0687887,58.32321429,19.77305556,17.17826531,24.64227891,24.12959184
2025-06-18 11:30:00+00:00,515.5677531,266.6796795,23.80780952,187.5470671,729.7381066,58.14316017,19.55488961,17.15571429,24.6,24.2
2025-06-18 11:45:00+00:00,537.1042017,268.3691081,23.64780195,195.5147568,819.0824069,57.65574481,19.65168831,17.04956916,24.6,24.2
2025-06-18 12:00:00+00:00,567.7996064,267.9330808,23.81630125,201.8413704,728.5385288,56.96322222,20.12643651,17.18784014,24.50890043,24.42
2025-06-18 12:15:00+00:00,583.9626623,265.1562457,24.03285714,207.8933534,433.1518644,56.06349206,19.68179847,16.9530303,24.64397309,24.68313492
2025-06-18 12:30:00+00:00,579.3277778,267.2084902,24.07090909,213.7512862,551.3728152,54.89022222,19.85725926,16.75333333,24.94816399,24.75887446
2025-06-18 12:45:00+00:00,555.7843637,267.3062438,24.0,219.0659655,582.3923513,53.6436176,20.15871551,16.73648352,25.08933333,24.86666722
2025-06-18 13:00:00+00:00,548.9842348,262.5322542,24.00273148,224.4319996,573.8628653,52.13357501,20.61579468,17.33400488,25.28393275,24.63792763
2025-06-18 13:15:00+00:00,603.1082708,264.1356734,24.22551002,229.1644589,690.0935357,50.60099567,20.69764286,17.37266667,25.11464103,24.245
2025-06-18 13:30:00+00:00,645.5797231,266.2470315,24.41495536,233.6189399,575.0311567,48.97653628,20.86366837,17.4,24.92193878,24.09285714
2025-06-18 13:45:00+00:00,572.1050902,263.3088688,24.36788889,238.1772778,738.9535037,47.13588384,20.89711111,17.21222222,24.82744088,24.03755556
2025-06-18 14:00:00+00:00,607.8417272,86.72854458,24.52463783,242.0915306,653.9708755,45.37918651,20.40169785,15.47702381,24.75421533,24.15816636
2025-06-18 14:15:00+00:00,599.47877,57.38458127,24.73137608,245.7542294,734.1247467,43.59399689,20.80574033,14.78267496,24.9869894,24.34595357
2025-06-18 14:30:00+00:00,497.8525046,57.78736264,24.95857143,250.1449717,616.0499326,41.26530612,21.05234694,16.70357143,25.235,24.46071429
2025-06-18 14:45:00+00:00,466.1797082,56.17607456,25.15659674,253.6836488,604.9968246,39.3073545,21.39446032,17.28444444,25.43697036,24.62238095
2025-06-18 15:00:00+00:00,455.1777778,56.99,25.3,257.2203704,586.2610642,37.22849003,21.14859259,17.41416667,25.614,24.72666667
2025-06-18 15:15:00+00:00,454.3219945,56.71028257,25.27529951,260.4664953,484.2072013,35.20148217,21.62757576,17.29479167,25.7,24.85595238
2025-06-18 15:30:00+00:00,453.3164507,53.81079254,25.47388889,263.9637037,583.7028183,32.95637037,21.4292329,17.38333333,25.82132479,24.90417444
2025-06-18 15:45:00+00:00,450.9271617,53.67476811,25.48571429,267.12339,215.6401207,30.80480726,21.1646542,16.62222222,25.81302521,24.9847619
2025-06-18 16:00:00+00:00,461.2642952,53.12280003,25.33012987,270.2253776,283.2249603,28.6836075,21.19114815,16.09714286,25.66412281,24.9
2025-06-18 16:15:00+00:00,458.4554779,54.12270396,25.42269231,273.3337778,368.9492805,26.507,21.11053333,16.635,25.69454545,24.9
2025-06-18 16:30:00+00:00,454.7233487,53.49477226,25.4,276.3422314,394.2043283,24.36771978,21.15802808,17.24047619,25.60079365,24.9
2025-06-18 16:45:00+00:00,449.4185141,53.90002464,25.4,279.2739735,325.5730858,22.25631746,20.99499145,17.28,25.60190476,24.9
2025-06-18 17:00:00+00:00,445.7191837,54.5983086,25.4,282.2200848,293.5328872,20.12719697,20.69207341,17.1427381,25.76141497,24.9
2025-06-18 17:15:00+00:00,444.0127818,52.83098451,25.46615385,285.042352,279.6284109,18.1619108,20.51662513,17.01428571,25.8,24.9
2025-06-18 17:30:00+00:00,442.1278139,53.72781955,25.5,288.0310128,215.2680871,15.98946609,20.27039072,16.93636364,25.8,24.9
2025-06-18 17:45:00+00:00,442.2899825,52.48813492,25.5,290.9852308,205.6403776,13.95611722,19.92866154,16.87482993,25.79942029,24.92516667
2025-06-18 18:00:00+00:00,441.3858543,53.06410376,25.5,293.7205854,151.6063098,12.07634508,19.56584344,16.51952381,25.78445378,24.90357143
2025-06-18 18:15:00+00:00,440.6254144,53.5529481,25.42412184,296.7711473,143.2891064,10.06693122,19.26805413,16.73077381,25.61203749,24.9
2025-06-18 18:30:00+00:00,441.3947368,54.06549629,25.4,299.3952381,58.54874475,8.333333333,18.83388889,17.2377551,25.6,24.9
2025-06-18 18:45:00+00:00,439.8459341,52.57875938,25.4,302.7293228,42.96967818,6.28126455,18.24340741,16.76666667,25.6,24.9
2025-06-18 19:00:00+00:00,439.8094381,25.68877528,25.4,305.6221696,27.65881478,4.530604442,17.58925369,17.16761905,25.6,24.9
2025-06-18 19:15:00+00:00,445.7164876,3.704395604,25.4,308.6810516,13.74587875,2.768253968,16.95724206,17.61785714,25.57316327,24.9
2025-06-18 19:30:00+00:00,445.0621212,0.0,25.4,311.7912698,6.732040219,1.127195767,16.5687013,18.04807692,25.5,24.9
2025-06-18 19:45:00+00:00,443.2334145,0.0,25.35880952,314.7332468,3.582219066,-0.316489323,16.1795118,18.1,25.5,24.82142857
2025-06-18 20:00:00+00:00,442.3779224,0.0,25.3,317.7718659,1.410149791,-1.753886003,15.88666667,18.00222222,25.42244755,24.8
2025-06-18 20:15:00+00:00,440.9980159,0.0,25.26389961,320.755637,0.337347135,-3.052869511,15.62402015,17.78666667,25.40037594,24.76428571
2025-06-18 20:30:00+00:00,439.8869912,0.0,25.2,324.1774451,0.036111111,-4.48474359,15.49154762,17.51428571,25.35122807,24.7
2025-06-18 20:45:00+00:00,439.1373482,0.0,25.2,327.4924449,0.0,-5.737335086,15.35897727,17.28041667,25.3,24.7
2025-06-18 21:00:00+00:00,436.9287408,0.0,25.13796093,330.6971667,0.0,-6.818252747,15.13162175,17.09333333,25.33287654,24.62666667
2025-06-18 21:15:00+00:00,435.5796032,0.0,25.1,334.1481442,0.0,-7.850293962,14.83701567,16.9262963,25.2,24.6
2025-06-18 21:30:00+00:00,434.0981263,0.0,25.1,337.274694,0.0,-8.683207418,14.72623563,16.72857143,25.2,24.6
2025-06-18 21:45:00+00:00,434.4650757,13.51523223,25.07085714,340.7247619,0.0,-9.471031746,14.57785714,16.5347619,25.2,24.6
2025-06-18 22:00:00+00:00,434.518743,114.0605099,24.96851371,344.1741667,0.0,-10.12648148,14.52361905,16.1,25.19269521,24.51354779
2025-06-18 22:15:00+00:00,434.6061713,5.443650794,24.92531746,347.6789797,0.0,-10.68566834,14.48009524,16.19333333,25.10166667,24.46666667
2025-06-18 22:30:00+00:00,433.1631434,5.68956044,24.9,351.1120748,0.0,-11.09342404,14.52301587,16.2,25.10997976,24.5
2025-06-18 22:45:00+00:00,432.7665503,111.1379683,24.87883921,354.6728836,0.0,-11.36833333,14.44626667,15.85609524,25.0,24.44666667
2025-06-18 23:00:00+00:00,434.2162939,126.0379402,24.74159664,346.7673469,0.0,-11.5,14.33607504,15.66428571,24.94159664,24.34151786
2025-06-18 23:15:00+00:00,436.2498934,235.280537,24.62797074,18.28252228,0.0,-11.5,14.21101007,15.64666667,24.82767208,24.22685185
2025-06-18 23:30:00+00:00,437.6625,134.8702149,24.5,5.16031746,0.0,-11.39325397,14.08961039,15.62857143,24.64530844,24.02450724
2025-06-18 23:45:00+00:00,438.1648016,151.5328939,24.361276,8.52402676,0.0,-11.11748918,13.99006667,15.5,24.56,23.91333333
2025-06-19 00:00:00+00:00,437.8829992,182.0624746,24.3,12.12886905,0.0,-10.75089286,14.01116071,15.25714286,24.52568825,23.88199717
2025-06-19 00:15:00+00:00,437.2607839,177.2808005,24.21890196,15.38850607,0.0,-10.27060606,13.80598413,15.0205,24.46929612,23.82064327
2025-06-19 00:30:00+00:00,436.8332522,240.1580618,24.13404762,19.21063492,0.0,-9.575529101,13.80719048,14.8827381,24.64801587,23.70340909
2025-06-19 00:45:00+00:00,437.6098015,136.0205377,24.0,22.46963719,0.0,-8.859761905,13.72087686,14.7547619,24.4388443,23.6
2025-06-19 01:00:00+00:00,437.65722,192.1942509,23.92567901,25.77481818,0.0,-7.977944444,13.54683333,14.68955556,24.36179661,23.52340326
2025-06-19 01:15:00+00:00,437.5198106,271.3869837,23.8922619,28.8769898,0.0,-7.07452381,13.56761565,14.69807692,24.42328078,23.42702381
2025-06-19 01:30:00+00:00,439.5457464,169.7998008,23.69259885,32.4111746,0.0,-5.913506494,13.53088889,14.87733333,24.19184506,23.32820202
2025-06-19 01:45:00+00:00,439.2823117,203.2217987,23.68212121,35.71120635,0.0166,-4.664238095,13.49009524,14.90809524,24.15211853,23.28949735
2025-06-19 02:00:00+00:00,439.7828727,49.34459994,23.58475353,38.72310508,0.24621189,-3.444415683,13.56620115,14.99637188,23.89815253,23.2
2025-06-19 02:15:00+00:00,439.2331384,256.3093544,23.52589933,41.82331213,1.066566619,-2.102154425,13.30130278,14.8346164,24.09475676,23.14745098
2025-06-19 02:30:00+00:00,440.0973381,262.7657804,23.3722858,45.00708333,2.797349392,-0.576626984,13.09241071,14.63968254,24.06788462,23.03089286
2025-06-19 02:45:00+00:00,440.0397514,200.7354536,23.2692803,48.10464646,6.42548435,0.903577441,13.04747879,14.53333333,23.8076115,22.93333333
2025-06-19 03:00:00+00:00,441.4025974,126.7784434,23.21441836,51.15147959,11.70924931,2.517942177,12.87911139,14.45538462,23.63233766,22.9
2025-06-19 03:15:00+00:00,438.907962,55.66244779,23.26425219,54.04657407,20.67648714,4.137724868,12.77337037,17.78418367,23.59492063,22.96583333
2025-06-19 03:30:00+00:00,437.6915873,53.84619048,23.36428571,57.24444444,49.69666259,6.033611111,12.82078333,16.76377778,23.63111111,23.0
2025-06-19 03:45:00+00:00,438.4535891,53.56172044,23.4,60.28901099,55.71243115,7.928388278,12.92360806,17.07179487,23.7,23.0
2025-06-19 04:00:00+00:00,437.9506667,62.65492144,23.4,63.09455556,88.23811649,9.771509158,13.00026282,17.1672381,23.72962963,23.04740741
2025-06-19 04:15:00+00:00,438.45671,89.96611722,23.4,65.79957612,111.8759614,11.53768038,13.10684292,16.67933673,23.85714286,23.1
2025-06-19 04:30:00+00:00,438.0504214,125.1338713,23.36874351,68.81687542,156.0009826,13.61576431,13.24225185,16.97222222,23.9,23.1
2025-06-19 04:45:00+00:00,438.8857166,146.8404186,23.35508871,71.71672869,167.0592402,15.57760335,13.50173548,17.06538462,23.87809524,23.1
2025-06-19 05:00:00+00:00,439.3680515,173.1370423,23.28595238,74.74271044,179.941287,17.76518038,13.64333333,17.04666667,23.8,23.1
2025-06-19 05:15:00+00:00,441.9598477,192.9743535,23.2,77.69462963,164.2301955,19.86153968,13.86447924,17.2,23.8,23.1
2025-06-19 05:30:00+00:00,450.4548056,206.8407162,23.2,80.66791066,174.4037199,21.98555968,13.93571429,17.09857143,23.71468254,23.1
2025-06-19 05:45:00+00:00,457.8793025,234.3549529,23.2,83.42562475,176.3232642,23.96624675,13.93356177,17.11166667,23.65077104,23.10231481
2025-06-19 06:00:00+00:00,453.1433616,236.3017772,23.2,86.67535714,269.7758091,26.25732143,14.08297619,16.69433107,23.72719223,23.1
2025-06-19 06:15:00+00:00,455.9752945,249.5245791,23.2,89.65766041,404.7773827,28.34798413,14.44789259,16.76666667,23.91212121,23.14541311
2025-06-19 06:30:00+00:00,504.4045027,271.554853,23.2799506,92.3694898,330.0585355,30.2487415,14.63380068,16.97142857,24.02825025,23.27184874
2025-06-19 06:45:00+00:00,553.7235242,273.5517399,23.29635918,95.84364646,368.2899683,32.58316667,14.3238,16.91428571,23.73375097,23.38912088
2025-06-19 07:00:00+00:00,556.8099973,261.8956494,23.27693295,99.21924887,388.3301587,34.76432823,14.23619593,16.8,23.74858534,23.57084184
2025-06-19 07:15:00+00:00,551.7599499,267.4444455,23.2982,102.5804257,240.4549597,36.87965079,14.04177489,16.8,24.03574386,24.06847763
2025-06-19 07:30:00+00:00,627.1821062,261.6863025,23.40678663,105.8846485,240.7384309,38.81351268,14.00704127,16.83974359,24.17518454,24.21176304
2025-06-19 07:45:00+00:00,805.9679806,263.7261444,23.97018565,109.3357267,330.0757564,40.75205748,14.06524332,17.02339153,24.28221749,24.34991595
2025-06-19 08:00:00+00:00,843.8183502,267.2839794,24.45784072,113.6281359,327.0735424,43.05035294,14.46912656,17.16,24.43331509,24.494
2025-06-19 08:15:00+00:00,838.7788827,268.7816361,24.5937788,117.7303571,319.3163572,45.09757937,14.88081807,17.18214286,24.30709097,24.5
2025-06-19 08:30:00+00:00,843.8810428,267.3796645,24.63158435,121.6211538,373.0130229,46.84313326,14.81729404,16.94666667,24.34279851,24.58136508
2025-06-19 08:45:00+00:00,692.3518375,268.9606805,24.48915665,126.1700283,608.2097484,48.72440476,15.05279592,16.95793651,24.38966545,24.61380772
2025-06-19 09:00:00+00:00,591.9595029,263.6956288,24.21504026,130.6801282,522.8472429,50.36602823,15.23207733,17.01116667,24.5571073,24.55194444
2025-06-19 09:15:00+00:00,576.3325365,272.1369169,24.29797378,135.4002041,651.3534558,51.8888322,15.58757143,17.11587302,24.80984936,24.36713168
2025-06-19 09:30:00+00:00,559.2170875,268.1523572,24.30727834,140.8109048,796.4216951,53.46761111,15.51455628,17.13869048,24.7425445,24.34925926
2025-06-19 09:45:00+00:00,540.5647271,270.6600783,24.13910044,146.1731627,839.3143643,54.74730597,15.61733135,17.2,24.34577625,24.05508787
2025-06-19 10:00:00+00:00,481.4992077,274.8241007,23.88703091,151.9358396,715.5492131,55.88549708,15.68568049,17.23698894,24.02824996,23.94063492
2025-06-19 10:15:00+00:00,484.1717022,266.6021425,23.87990909,157.8338148,578.3299329,56.81871958,15.78653704,17.03777778,24.1,24.05583333
2025-06-19 10:30:00+00:00,494.6592313,266.4063306,23.85203541,163.300295,660.4987246,57.49126226,15.84242533,17.19026224,24.1,24.15955431
2025-06-19 10:45:00+00:00,506.525,272.061871,23.80975068,170.3546465,909.9592272,58.04777778,15.99806512,17.2,24.03290553,24.17627778
2025-06-19 11:00:00+00:00,514.9983862,270.0863732,23.77057006,175.3882576,908.6469471,58.27169913,16.17117216,17.17346939,24.26621965,24.15956349
2025-06-19 11:15:00+00:00,515.8484058,269.1784535,23.8,183.2447193,829.7038221,58.35238095,16.41513288,17.45585034,24.58619819,24.08282828
2025-06-19 11:30:00+00:00,506.8424159,269.1778519,23.76067504,189.667928,849.5250949,58.1289966,16.6567517,17.26363636,24.74428571,24.1
2025-06-19 11:45:00+00:00,502.9943116,266.287064,23.7,195.9282466,669.664966,57.65405372,16.62765568,17.32747355,24.8,24.1
2025-06-19 12:00:00+00:00,584.0794805,269.7217106,23.91587912,201.9640079,836.7104142,56.96746032,16.53252976,17.53928571,24.80659341,23.89393939
2025-06-19 12:15:00+00:00,747.1191383,269.0343434,24.37358586,207.6199286,822.460929,56.10533333,16.46785836,17.52678571,24.89969697,23.72
2025-06-19 12:30:00+00:00,771.1494076,272.3941868,24.47107143,213.2182792,802.4786854,55.0337996,16.75531444,17.38423469,24.96908163,23.85361111
2025-06-19 12:45:00+00:00,755.2347107,269.0467506,24.566475,218.7446296,778.4613818,53.72895623,16.60831481,17.15714286,24.86674881,23.96066667
2025-06-19 13:00:00+00:00,607.0808257,270.0170184,24.33588954,224.2399312,666.871358,52.20877778,16.71384127,16.89333333,24.705,23.91714286
2025-06-19 13:15:00+00:00,687.2858708,273.8790616,24.58968956,229.0728515,638.9750165,50.67501701,16.93782313,16.71795918,24.7,23.70871212
2025-06-19 13:30:00+00:00,686.7494113,274.2357355,24.62902294,233.6674471,622.8245245,49.0169709,17.06460582,16.89190476,24.60794062,23.7
2025-06-19 13:45:00+00:00,657.7167111,273.1039849,24.6,238.1696378,726.11467,47.16645617,17.02452806,16.96362637,24.6,23.81302431
2025-06-19 14:00:00+00:00,652.8334603,266.3294853,24.66477646,241.975982,667.407492,45.43997243,17.49117308,17.42922222,24.63790364,23.83316235
2025-06-19 14:15:00+00:00,639.6884249,264.0351954,24.82825397,246.3236349,660.1769405,43.33628571,17.351,16.87250601,24.72825397,23.75333333
2025-06-19 14:30:00+00:00,606.9868728,266.2262515,24.9,249.6755215,537.6639604,41.56469955,17.24565816,16.50329932,24.72585034,23.9
2025-06-19 14:45:00+00:00,483.0722331,268.7171745,24.9,253.7346693,563.2686465,39.30861111,17.10447619,16.9087619,24.88066667,23.9
2025-06-19 15:00:00+00:00,457.0399425,74.394859,24.9,257.137987,577.7219008,37.28910714,17.2602381,16.34835165,24.92671245,23.91121032
2025-06-19 15:15:00+00:00,468.363967,55.1829887,24.99675152,260.5565281,522.4271211,35.16939153,17.0619619,16.1271164,25.13407692,24.04451696
2025-06-19 15:30:00+00:00,476.1524424,55.30233285,25.19807359,263.7659977,503.0804475,33.09611961,17.16631746,17.33095238,25.29963684,24.24516484
2025-06-19 15:45:00+00:00,488.2151235,55.04622567,25.3,267.0578939,368.3459558,30.88638889,17.33333333,16.87714286,25.45166667,24.43851852
2025-06-19 16:00:00+00:00,476.2986576,55.80953877,25.46942473,270.0583333,422.1210141,28.81746032,17.20095238,17.51581633,25.5810559,24.4602685
2025-06-19 16:15:00+00:00,463.8034452,55.48275327,25.6,273.3444894,389.8095291,26.49469312,16.95011111,16.93214286,25.64079657,24.54222222
2025-06-19 16:30:00+00:00,461.5618795,56.46189972,25.68142857,276.2810245,236.7874911,24.4289966,16.77767857,16.55805861,25.74357143,24.64285714
2025-06-19 16:45:00+00:00,458.0088889,56.75771284,25.6230303,279.2438333,229.3454221,22.3065582,17.07391667,16.66428571,25.8,24.7
2025-06-19 17:00:00+00:00,452.5874966,57.01631746,25.68206972,282.2303232,236.7013581,20.15752862,17.0181598,17.21522222,25.8032172,24.74234848
2025-06-19 17:15:00+00:00,449.1673057,56.77128751,25.71183294,285.0243509,122.2281388,18.13103521,16.65439512,16.82571429,25.81115412,24.8
2025-06-19 17:30:00+00:00,447.0950617,56.36779227,25.69538462,288.0606481,76.80882191,16.00801852,16.31893148,16.84898148,25.7,24.8
2025-06-19 17:45:00+00:00,443.2254203,57.22227875,25.60283495,291.0646465,64.16990225,13.88409091,16.16232323,17.01272727,25.70757177,24.8
2025-06-19 18:00:00+00:00,442.4293162,56.91664716,25.53333333,293.8576111,54.1552135,12.01388889,15.95866667,16.82,25.62892136,24.8
2025-06-19 18:15:00+00:00,440.9772727,57.08942052,25.5,296.5201948,61.49408501,10.20628788,15.96363636,17.2,25.59545455,24.7
2025-06-19 18:30:00+00:00,440.2554179,56.32017308,25.5,299.8933761,67.55145608,8.058211233,16.11928571,17.2,25.5,24.7
2025-06-19 18:45:00+00:00,438.7619048,57.66605475,25.47801587,302.7258485,64.21746605,6.28068759,16.36029021,17.2,25.5,24.7
2025-06-19 19:00:00+00:00,438.2589408,30.42057256,25.4,305.5485714,40.09000357,4.582857143,15.97071429,17.02714286,25.5,24.7
2025-06-19 19:15:00+00:00,436.8580848,0.0,25.4,308.6551246,21.00262152,2.821015873,15.4777824,17.0,25.50769538,24.7
2025-06-19 19:30:00+00:00,435.6769151,0.0,25.4,311.6211967,9.986313289,1.194197073,15.18667092,17.0,25.4,24.7
2025-06-19 19:45:00+00:00,435.4399848,0.0,25.34518519,314.7033175,4.108109993,-0.294015873,14.95797469,17.0,25.42035328,24.7
2025-06-19 20:00:00+00:00,435.4430199,0.0,25.3,317.8764921,1.397910612,-1.774293651,14.68655556,17.0,25.3,24.64666667
2025-06-19 20:15:00+00:00,433.9441777,0.0,25.21190476,321.0844924,0.379426771,-3.222363946,14.39599817,17.0,25.32532468,24.6
2025-06-19 20:30:00+00:00,432.9533546,0.0,25.18561404,324.185625,0.052046346,-4.484306256,14.23026082,17.0,25.2,24.6
2025-06-19 20:45:00+00:00,432.5692972,0.0,25.1,327.3988881,0.0,-5.705120078,13.9510794,17.0,25.19251701,24.6
2025-06-19 21:00:00+00:00,432.4596825,60.51053968,25.03835165,330.4938415,0.0,-6.736847708,13.74225796,16.26325397,25.05269841,24.51670518
2025-06-19 21:15:00+00:00,433.9204882,110.3633333,24.82101754,333.8013278,0.0,-7.73,13.64241026,15.44230769,25.0,24.35231818
2025-06-19 21:30:00+00:00,433.9752165,109.8438215,24.71507937,337.4522635,0.0,-8.710306122,13.50203571,15.38461538,25.03260068,24.26964286
2025-06-19 21:45:00+00:00,435.8355892,110.2157576,24.688,340.9589695,0.0,-9.505740741,13.36657937,15.15722222,24.98127273,24.1875
2025-06-19 22:00:00+00:00,436.667946,112.7139799,24.59214286,344.2320408,0.0,-10.12517007,13.125,14.96428571,24.8642706,24.09285714
2025-06-19 22:15:00+00:00,438.14772,110.7358061,24.5,347.4609524,0.0,-10.65057143,12.97111111,14.77777778,24.84691841,23.99698413
2025-06-19 22:30:00+00:00,438.3688964,103.6875651,24.46753085,351.1601837,0.0,-11.10133557,12.83382689,14.7,24.635,23.89497253
2025-06-19 22:45:00+00:00,439.5912902,110.0599645,24.39555556,354.711381,0.0,-11.35164021,12.68121032,14.59333333,24.63027778,23.80501068
2025-06-19 23:00:00+00:00,440.5617169,107.8668382,24.30126984,335.781166,0.0,-11.49333333,12.46251474,14.36119048,24.56873016,23.72666667
2025-06-19 23:15:00+00:00,440.1758488,108.7339959,24.23768074,1.564145735,0.0,-11.5,12.33621429,14.2,24.53963274,23.64025974
2025-06-19 23:30:00+00:00,440.9913666,111.8173493,24.10634921,4.84000962,0.0,-11.40066667,12.24276094,14.13333333,24.47062281,23.6
2025-06-19 23:45:00+00:00,440.4295954,107.1407915,24.01569681,8.669717326,0.0,-11.10570681,12.06035714,14.00642857,24.38069173,23.5428757
2025-06-20 00:00:00+00:00,440.997619,111.4803591,23.96740741,12.00635574,0.0,-10.74673016,11.92681002,14.02380952,24.26917772,23.47416667
2025-06-20 00:15:00+00:00,441.3985455,109.7415983,23.84220779,15.51545635,0.0,-10.24271825,11.84928373,13.8,24.19498747,23.38511905
2025-06-20 00:30:00+00:00,442.3925314,115.0496714,23.68838931,18.94985714,0.0,-9.641481482,11.62755556,13.58733333,24.23424032,23.3
2025-06-20 00:45:00+00:00,443.161228,114.7745658,23.6,22.41708333,0.0,-8.852888889,11.534075,13.44880952,24.08044127,23.25205556
2025-06-20 01:00:00+00:00,443.5571429,114.5493775,23.57827381,25.78392857,0.0,-7.984880952,11.4647619,13.45892857,23.92529956,23.17857143
2025-06-20 01:15:00+00:00,443.0286499,121.7397505,23.47666667,29.21870491,0.0,-6.937218134,11.27333333,13.36101852,23.80570986,23.1
2025-06-20 01:30:00+00:00,444.0796881,123.8234607,23.450802,32.11988453,0.0,-5.96525913,11.3,13.2,23.73090005,23.00595238
2025-06-20 01:45:00+00:00,444.9028684,126.8387594,23.41845238,35.6156432,0.067301207,-4.712299922,11.13916667,13.03333333,23.75154764,22.9
2025-06-20 02:00:00+00:00,444.9539622,132.8365801,23.32012987,38.67404762,0.390893418,-3.487460318,11.15040873,13.0,23.67541126,22.85714286
2025-06-20 02:15:00+00:00,445.3565302,133.1399104,23.29093734,41.87431878,1.376307917,-2.043088023,11.11708665,12.97888889,23.54405124,22.72564103
2025-06-20 02:30:00+00:00,445.6172784,139.0098079,23.15238095,45.15952357,4.106022965,-0.521300459,10.96136364,12.87428571,23.6139418,22.7
2025-06-20 02:45:00+00:00,447.5598864,143.7721145,23.05555556,48.08047619,8.542897938,0.894852608,10.86634921,12.79751984,23.6,22.65714286
2025-06-20 03:00:00+00:00,447.5934609,50.72686849,23.0,51.30820147,18.5709902,2.634091575,10.8769083,12.99666667,23.44769231,22.6
2025-06-20 03:15:00+00:00,446.5877225,54.28764038,23.00870192,54.11035714,33.21952636,4.217321429,11.01344156,17.67321429,23.47116831,22.6
2025-06-20 03:30:00+00:00,445.782792,51.37727937,23.0777619,57.01373954,52.72907548,5.942237281,11.32754266,18.29666667,23.5,22.6
2025-06-20 03:45:00+00:00,445.7310136,51.36035306,23.08373449,60.17242063,76.92812583,7.908802824,11.95146825,17.13069728,23.5,22.6
2025-06-20 04:00:00+00:00,446.3730507,51.94403533,23.04053744,62.97277441,100.4079439,9.695092593,11.74375,17.91577778,23.5,22.6
2025-06-20 04:15:00+00:00,447.2408696,59.06069001,23.1,65.91721106,127.8804373,11.65545187,11.79630952,17.8477381,23.5,22.6
2025-06-20 04:30:00+00:00,447.7763032,68.77140365,23.1,68.78338889,159.9346313,13.60155556,11.93248333,16.93714286,23.59373737,22.63083333
2025-06-20 04:45:00+00:00,451.6082183,76.33164667,23.1,71.75985185,188.6822063,15.64444444,12.15837879,17.25111111,23.598,22.6637037
2025-06-20 05:00:00+00:00,451.1540279,83.85680272,23.1,74.73152855,221.0295189,17.7558461,12.54388765,17.02857143,23.5,22.6
2025-06-20 05:15:00+00:00,448.4127778,92.058554,23.1,77.67098148,250.8633554,19.83800265,12.85641667,17.0974359,23.462,22.6
2025-06-20 05:30:00+00:00,470.9487477,97.4853383,23.1,80.60928571,279.5563037,21.95285714,13.31864007,17.06768707,23.38214286,22.69761905
2025-06-20 05:45:00+00:00,469.372619,108.4298535,23.1,83.52755102,326.8471667,24.06088435,13.59583673,16.97142857,23.3,22.79196429
2025-06-20 06:00:00+00:00,468.0455026,115.7264006,23.15125146,86.71904762,362.2409825,26.31795635,13.70349735,16.96785714,23.3,22.92467787
2025-06-20 06:15:00+00:00,515.5976965,125.6498591,23.21699134,89.41331169,394.033916,28.21333333,14.14661255,17.19666667,23.3,22.90714286
2025-06-20 06:30:00+00:00,547.6952936,160.8627323,23.44013295,92.67183069,429.949577,30.46031481,14.46784127,16.93071429,23.3,22.9
2025-06-20 06:45:00+00:00,577.2897795,200.7103731,23.55295657,95.88777778,462.4960888,32.62107297,14.99462662,16.93010204,23.3,22.93952381
2025-06-20 07:00:00+00:00,556.2746303,234.2311031,23.5,99.11575541,490.2060579,34.69646561,15.1312393,17.0,23.32299577,23.10666667
2025-06-20 07:15:00+00:00,542.7341837,267.642782,23.5,102.6600794,519.4321518,36.91630669,15.44121032,17.12307692,23.59329291,23.4752381
2025-06-20 07:30:00+00:00,542.7874421,272.044037,23.5,105.8410488,547.0622395,38.83434343,15.90672241,17.15030952,23.75293331,23.59493939
2025-06-20 07:45:00+00:00,549.6747623,271.4681426,23.55156216,109.6083333,573.071622,40.94722222,16.00119048,17.10625,23.95384615,23.7462963
2025-06-20 08:00:00+00:00,511.7586243,265.1818769,23.5,113.4668624,597.1391005,43.01292304,16.32505868,17.23866667,23.95660819,23.60611111
2025-06-20 08:15:00+00:00,498.3626984,265.3249012,23.5,117.54,622.9172113,45.0,16.74921905,17.08219048,24.0198946,23.33500248
2025-06-20 08:30:00+00:00,533.2642857,269.3363093,23.5,121.7482993,645.6897386,46.89416667,17.04078912,17.23321429,24.14674923,23.19104539
2025-06-20 08:45:00+00:00,510.4157829,265.9724926,23.5,125.3040577,666.9790658,48.38146224,17.3245198,17.18622222,24.29366667,23.1
2025-06-20 09:00:00+00:00,536.4730007,270.0210147,23.5,130.7752126,690.9149389,50.41201814,17.51419553,17.17838828,24.23119991,23.1
2025-06-20 09:15:00+00:00,539.3828539,269.5314186,23.50051282,135.5909537,708.3311058,51.98444914,17.87270779,17.46974206,24.27418182,23.07884656
2025-06-20 09:30:00+00:00,530.4604848,269.3152597,23.50032468,140.6755014,725.32172,53.39799062,18.13474481,17.34188034,24.030338,23.23994898
2025-06-20 09:45:00+00:00,536.3427706,268.306155,23.50498169,146.0617742,736.6500202,54.70064602,18.16552076,17.69444444,23.89592075,23.26805556
2025-06-20 10:00:00+00:00,522.3607003,264.4399343,23.50681605,151.966443,751.5124786,55.91542208,18.61071152,17.7,23.74207956,23.29912169
2025-06-20 10:15:00+00:00,484.7887474,269.3628551,23.5,157.8552211,763.6891172,56.83857143,18.75212925,17.58571429,23.89374673,23.20595238
2025-06-20 10:30:00+00:00,484.6141436,272.5089636,23.5,163.9873413,774.3700872,57.57416931,19.02313492,17.15333333,24.05379665,23.21538528
2025-06-20 10:45:00+00:00,477.6457143,269.8388627,23.47392517,170.195814,790.119376,58.05,18.83673469,15.59583333,24.08095238,23.25646782
2025-06-20 11:00:00+00:00,567.1055147,271.5983278,23.5866538,176.4252143,752.468238,58.32,18.95828206,16.04333333,24.00702573,23.28216931
2025-06-20 11:15:00+00:00,666.3598055,268.190869,23.83086756,183.051233,776.3217347,58.35714286,19.01256378,16.56547619,23.78778191,23.16306818
2025-06-20 11:30:00+00:00,581.0509921,268.2209871,23.66461039,189.2590556,776.802276,58.14178644,19.18202222,17.02333333,23.8,23.25333333
2025-06-20 11:45:00+00:00,471.1566188,275.5258073,23.42666667,195.8166234,778.8877336,57.65857047,19.34877778,17.44888889,23.8,23.17333333
2025-06-20 12:00:00+00:00,450.6131388,270.0223477,23.30164576,201.760119,772.2146261,56.9920068,19.44381293,17.4897619,23.73080499,23.09095805
2025-06-20 12:15:00+00:00,445.2927057,267.2337807,23.3,207.9514074,773.6687775,56.03481481,19.67111429,18.40285714,23.7,23.16655844
2025-06-20 12:30:00+00:00,445.0122556,272.3143959,23.3,213.1386003,764.2537882,55.06790353,19.70545455,18.40833333,23.7,23.1124026
2025-06-20 12:45:00+00:00,444.2197661,269.6468321,23.3,218.7118889,751.1736501,53.75755556,19.84011111,17.69333333,23.7,23.12
2025-06-20 13:00:00+00:00,442.5824342,270.7954605,23.30297619,224.1257596,739.5379501,52.24299036,19.97140873,16.74857143,23.7,23.1
2025-06-20 13:15:00+00:00,439.2300325,269.2112554,23.3084623,228.8755219,722.6844612,50.73255892,19.99153343,15.96488889,23.7292785,23.1
2025-06-20 13:30:00+00:00,437.21,269.7078231,23.39928571,233.6474924,705.0142341,48.98690476,20.08392857,16.19909297,23.62079365,23.1
2025-06-20 13:45:00+00:00,434.0073511,267.2939064,23.32747997,238.0781111,684.9682886,47.201,19.99487619,16.67809524,23.70666667,23.0762963
2025-06-20 14:00:00+00:00,433.4255784,123.7925971,23.53369326,242.0453061,623.0446756,45.45045068,20.12028231,17.01714286,23.88778293,23.28494898
2025-06-20 14:15:00+00:00,433.0492157,12.08277778,23.99120321,246.0821905,415.623326,43.4492381,20.08662698,16.97857143,24.12404792,23.4973545
2025-06-20 14:30:00+00:00,433.3206494,0.0,24.30249367,250.0840159,611.7560053,41.4152381,19.91485926,17.21333333,24.36515873,23.67
2025-06-20 14:45:00+00:00,434.1986676,0.0,24.58848411,253.5937075,583.5062777,39.40534014,20.02344388,17.55952381,24.55905554,23.87767857
2025-06-20 15:00:00+00:00,434.7310866,0.0,24.81849642,257.0442251,551.2614732,37.35943179,20.21235827,18.14750567,24.75477013,24.11544012
2025-06-20 15:15:00+00:00,434.4632505,0.0,25.08444976,260.613801,522.3544264,35.15830782,19.93384921,18.80583333,24.88908809,24.33949907
2025-06-20 15:30:00+00:00,434.8880952,0.0,25.37651201,263.9623492,489.1894089,32.97507937,20.0614381,19.40357143,25.1191046,24.46972222
2025-06-20 15:45:00+00:00,435.1431708,0.0,25.61283613,266.8936224,456.567027,30.97780612,19.92856293,19.75811791,25.31386335,24.61147186
2025-06-20 16:00:00+00:00,434.5480221,0.0,25.86279051,270.1307571,419.4502016,28.78332852,20.19480847,19.98666667,25.50763158,24.80412076
2025-06-20 16:15:00+00:00,435.2023569,0.0,26.11083333,273.3997937,381.6743914,26.48278571,20.18119444,20.17333333,25.65555556,24.9475
2025-06-20 16:30:00+00:00,435.1920029,0.0,26.34633341,276.2874915,344.8561856,24.4160771,20.04563492,20.33285714,25.79175824,25.13297258
2025-06-20 16:45:00+00:00,433.7838055,0.0,26.53313131,279.3116429,303.924237,22.25329004,19.95525397,20.52916667,25.89316835,25.19478535
2025-06-20 17:00:00+00:00,432.9744898,0.0,26.6936107,282.2428571,258.3712412,20.15340136,19.88983844,20.74153846,26.05306122,25.40357143
2025-06-20 17:15:00+00:00,432.7756614,0.0,26.78333333,285.0451587,231.5013856,18.15544012,19.79947532,20.80666667,26.11666667,25.41373219
2025-06-20 17:30:00+00:00,432.0313423,0.0,26.77749882,288.013733,198.6964112,16.1035856,19.69380244,20.9,26.2,25.5
2025-06-20 17:45:00+00:00,431.0199153,0.0,26.82645161,290.6663704,161.6546447,14.20797619,19.6,20.9,26.21185965,25.58780952
2025-06-20 18:00:00+00:00,430.5840826,0.0,26.8,293.9147222,128.2047676,11.96125,19.54088745,20.95384615,26.3,25.6
2025-06-20 18:15:00+00:00,429.9136711,0.0,26.8,296.7425,96.46305409,10.09083333,19.25102381,20.94666667,26.3,25.6
2025-06-20 18:30:00+00:00,429.3193082,0.0,26.8,299.687,69.86299666,8.191071429,19.06227778,20.9,26.3,25.6
2025-06-20 18:45:00+00:00,428.8451299,0.0,26.76321429,302.7037415,49.07791484,6.304931973,18.79375,20.9,26.3,25.6
2025-06-20 19:00:00+00:00,427.9331217,0.0,26.69393939,305.6852778,30.10363592,4.520833333,18.4845,20.85,26.21851852,25.6
2025-06-20 19:15:00+00:00,427.993254,0.0,26.60039683,308.5794643,18.61855936,2.832780612,18.275,20.77142857,26.10035714,25.56984127
2025-06-20 19:30:00+00:00,427.8700408,0.0,26.53845802,311.403431,10.12040771,1.326154882,18.04811919,20.7,26.10721294,25.5
2025-06-20 19:45:00+00:00,427.5862192,0.0,26.5,314.4694076,4.043973994,-0.209331046,17.64691116,20.6,26.0,25.43930861
2025-06-20 20:00:00+00:00,426.1633633,0.0,26.41076692,317.5377017,1.590291197,-1.620760432,17.31798363,20.51744108,26.01970697,25.4
2025-06-20 20:15:00+00:00,427.5742395,0.0,26.30727513,320.6913898,0.49092766,-3.017914704,16.88903669,20.47797619,25.92145594,25.4
2025-06-20 20:30:00+00:00,430.914886,0.0,26.20607143,324.0064175,0.066813544,-4.391128871,16.57142857,20.26904762,25.87642857,25.35802296
2025-06-20 20:45:00+00:00,431.2711111,0.0,26.11064734,327.4475385,0.0,-5.690666667,16.34666667,20.12,25.8,25.3
2025-06-20 21:00:00+00:00,430.3887446,0.0,26.04,330.659026,0.0,-6.793984127,16.03787879,19.93642857,25.7122963,25.20666667
2025-06-20 21:15:00+00:00,429.636393,0.0,25.94776786,333.9951661,0.0,-7.792701049,15.88967818,19.75892857,25.7,25.17928571
2025-06-20 21:30:00+00:00,429.9203868,0.0,25.8797031,337.3183406,0.0,-8.675072464,15.67333333,19.54518519,25.65204301,25.1
2025-06-20 21:45:00+00:00,428.9714286,0.0,25.8,340.4563917,0.0,-9.407369615,15.44170068,19.3075641,25.58401361,25.08571429
2025-06-20 22:00:00+00:00,428.0699263,0.0,25.72268939,344.0452309,0.0,-10.12135642,15.16095455,19.06,25.5,25.0
2025-06-20 22:15:00+00:00,427.129972,0.0,25.68452381,347.455839,0.0,-10.63931406,14.84640023,18.76428571,25.5,24.98482143
2025-06-20 22:30:00+00:00,427.2638348,0.0,25.58847953,350.8433737,0.0,-11.07571717,14.5472,18.51777778,25.43232975,24.9
2025-06-20 22:45:00+00:00,426.1051546,0.0,25.5,354.3745455,0.0,-11.32787879,14.3169697,18.21,25.4,24.8845
2025-06-20 23:00:00+00:00,426.5144274,0.0,25.5,356.82125,0.0,-11.49285714,14.05519841,17.95428571,25.32308234,24.8
2025-06-20 23:15:00+00:00,425.9572537,0.0,25.4306985,1.509142857,0.0,-11.5,13.86337037,17.725,25.3,24.8
2025-06-20 23:30:00+00:00,426.5876679,0.0,25.35816327,5.166314935,0.0,-11.38482143,13.68625,17.45714286,25.22440476,24.72755102
2025-06-20 23:45:00+00:00,426.948507,0.0,25.29733333,8.625714286,0.0,-11.096,13.63032381,17.27619048,25.2069697,24.66
2025-06-21 00:00:00+00:00,426.0834935,0.0,25.20557197,12.04155844,0.0,-10.74397959,13.65116071,17.07666667,25.19477738,24.6
2025-06-21 00:15:00+00:00,426.6155556,0.0,25.2,15.46619048,0.0,-10.25666667,13.6682963,16.87384615,25.10592593,24.6
2025-06-21 00:30:00+00:00,427.3069136,0.0,25.13308642,18.91357143,0.0,-9.65452381,13.7,16.66,25.18627451,24.53333333
2025-06-21 00:45:00+00:00,427.3722611,0.0,25.1,22.39325397,0.0,-8.850721501,13.67738095,16.53856838,25.0,24.5
2025-06-21 01:00:00+00:00,425.7245546,0.0,25.06555556,25.5943082,0.0,-7.994254505,13.55717649,16.42666667,25.06065131,24.46533333
2025-06-21 01:15:00+00:00,427.2125375,0.0,25.0,29.0709042,0.0,-6.961666667,13.57651786,16.3,25.03690476,24.4
2025-06-21 01:30:00+00:00,425.3962072,0.0,25.0,32.31626512,0.0,-5.906904355,13.51258333,16.17797619,24.9,24.4
2025-06-21 01:45:00+00:00,425.2140769,0.0,24.90079365,35.30505952,0.012872422,-4.816258503,13.4833631,16.04285714,24.92285714,24.4
2025-06-21 02:00:00+00:00,425.1258249,0.0,24.9,38.59766545,0.313718247,-3.510025641,13.35754579,16.0,24.81575758,24.4
2025-06-21 02:15:00+00:00,425.3174789,0.0,24.84616071,41.5285503,1.066174301,-2.23188724,13.26839152,15.9202381,24.8,24.32836386
2025-06-21 02:30:00+00:00,425.2125074,0.0,24.8,44.85376984,3.06530285,-0.654222222,13.14666667,15.82444444,24.8,24.3
2025-06-21 02:45:00+00:00,425.7880952,0.0,24.8,48.13272222,7.354399752,0.898,13.16,15.8,24.77554404,24.3
2025-06-21 03:00:00+00:00,425.0651927,0.0,24.74972527,51.23804654,13.89238636,2.556746032,13.21574134,15.8,24.7,24.28474026
2025-06-21 03:15:00+00:00,424.4520976,0.0,24.7,54.06634921,23.71148014,4.158730159,13.29190476,15.7,24.7,24.2
2025-06-21 03:30:00+00:00,424.2554594,0.0,24.7,57.11719388,37.85117515,5.993956916,13.26314626,15.64638889,24.7,24.2
2025-06-21 03:45:00+00:00,423.275817,0.0,24.7,60.1965873,56.97117003,7.913280423,13.41668783,15.6,24.71555556,24.2
2025-06-21 04:00:00+00:00,422.6678726,0.0,24.7,63.00516595,65.17670836,9.700505051,13.46673469,15.53571429,24.78961039,24.2
2025-06-21 04:15:00+00:00,423.2962963,0.0,24.7,65.85066667,82.00805868,11.5954127,13.60211905,15.42857143,24.62666667,24.2
2025-06-21 04:30:00+00:00,422.9583333,0.0,24.65251146,68.71086735,101.5472486,13.55714286,13.89987245,15.31666667,24.6,24.2
2025-06-21 04:45:00+00:00,422.7723906,0.0,24.63240829,71.67737037,151.5093917,15.61733333,14.48211111,15.26666667,24.6,24.2
2025-06-21 05:00:00+00:00,423.3883838,0.0,24.6,74.62377778,207.0346646,17.70977778,15.10234921,15.17083333,24.6,24.2
2025-06-21 05:15:00+00:00,423.4270457,0.0,24.6,77.54389301,258.8434287,19.74508503,15.66545351,15.1,24.6,24.2
2025-06-21 05:30:00+00:00,421.926994,0.0,24.6,80.13686508,221.3857927,21.6352381,16.07630952,15.1,24.6,24.2
2025-06-21 05:45:00+00:00,420.4188776,0.0,24.6,83.37882756,306.9844369,23.94531591,16.12083694,15.1,24.6,24.2
2025-06-21 06:00:00+00:00,420.0026667,0.0,24.69866667,86.39866667,342.9352833,26.09666667,16.68904762,15.1,24.6,24.2
2025-06-21 06:15:00+00:00,420.0280574,0.0,24.7,89.16928571,368.8961233,28.06405071,16.91220805,15.13333333,24.60194805,24.2
2025-06-21 06:30:00+00:00,419.7965764,0.0,24.7,92.69944444,402.6690835,30.49444974,17.37739646,15.26666667,24.74822222,24.2
2025-06-21 06:45:00+00:00,420.0,0.0,24.7,95.87574459,435.1104558,32.60426587,17.7493491,15.3625,24.8,24.2
2025-06-21 07:00:00+00:00,419.7639744,0.0,24.7,99.00428571,464.8357644,34.64039827,17.84576923,15.55064815,24.8,24.2
2025-06-21 07:15:00+00:00,419.4072149,0.0,24.7,102.552227,501.9503027,36.86735738,18.29378307,15.67724868,24.8,24.2
2025-06-21 07:30:00+00:00,419.6471262,0.0,24.7,105.824908,538.5416689,38.79741522,19.08596429,15.80698413,24.77989927,24.2
2025-06-21 07:45:00+00:00,418.8288889,0.0,24.7,109.6751111,420.6169233,41.03222222,19.41285859,15.99333333,24.7,24.2
2025-06-21 08:00:00+00:00,418.5774559,0.0,24.70760544,113.2098196,439.3229705,42.84108725,19.59613623,16.13714286,24.7,24.28571429
2025-06-21 08:15:00+00:00,419.0349517,0.0,24.8,117.4879259,395.1391635,44.99216667,19.60975758,16.37428571,24.7,24.3
2025-06-21 08:30:00+00:00,422.6063492,0.0,24.8,121.7020707,364.3583186,46.87548985,19.46172417,16.57142857,24.80959184,24.3
2025-06-21 08:45:00+00:00,421.7014815,0.0,24.8,125.7434343,445.1781468,48.57,19.5969697,16.83844444,24.8,24.3
2025-06-21 09:00:00+00:00,422.8427064,0.0,24.84811125,130.3948148,554.4552149,50.28007407,19.8704,17.09085714,24.8,24.34136575
2025-06-21 09:15:00+00:00,422.5140787,0.0,24.9,135.7235392,684.3508257,52.01731227,20.59068027,17.35714286,24.82380952,24.4
2025-06-21 09:30:00+00:00,422.0666667,0.0,24.93939394,140.7868254,707.501619,53.44803175,20.82816931,17.67481481,24.958,24.4
2025-06-21 09:45:00+00:00,423.3809524,0.0,25.0,146.0980867,761.6722977,54.73632653,21.28833333,17.94302808,24.9,24.4
2025-06-21 10:00:00+00:00,423.6611111,0.0,25.0,151.8694853,696.8103223,55.90821549,21.88775957,18.05,25.04769231,24.40416667
2025-06-21 10:15:00+00:00,423.0357143,0.0,25.00238095,157.192602,716.5855561,56.75102041,21.66827438,18.19761905,25.09761905,24.48511905
2025-06-21 10:30:00+00:00,423.4033434,0.0,25.1,163.8840996,734.8931623,57.53409524,22.02254074,18.39595238,25.00333333,24.5
2025-06-21 10:45:00+00:00,424.073942,0.0,25.1,169.9067438,735.5044441,58.04238961,22.21143545,18.75022222,25.19438095,24.5
2025-06-21 11:00:00+00:00,424.9251888,0.0,25.13453927,176.1578372,748.0178955,58.30801587,22.20140399,19.00464853,25.2,24.56218254
2025-06-21 11:15:00+00:00,423.9363023,0.0,25.2,182.8861111,747.5336481,58.35277778,22.48217778,19.23666667,25.10321678,24.6
2025-06-21 11:30:00+00:00,423.4242572,0.0,25.2,188.4003966,750.1411693,58.14334184,22.63168135,19.42307692,25.3,24.6
2025-06-21 11:45:00+00:00,423.3687088,0.0,25.28345991,195.4126944,746.7107394,57.69351852,22.99452129,19.76666667,25.2414082,24.62208333
2025-06-21 12:00:00+00:00,422.3789336,0.0,25.3,201.9945292,744.1360388,56.95675789,23.22581981,19.90714286,25.32380952,24.7
2025-06-21 12:15:00+00:00,422.1123301,0.0,25.39166667,207.716627,742.8030739,56.12288095,23.6051164,20.09766667,25.3840132,24.7
2025-06-21 12:30:00+00:00,421.8700116,0.0,25.41805489,212.6748583,716.9115526,55.12148526,23.53654195,20.2575,25.41190476,24.78165584
2025-06-21 12:45:00+00:00,421.1325597,0.0,25.49880357,218.6411534,752.5050909,53.77822222,23.76865026,20.8017619,25.48,24.85333333
2025-06-21 13:00:00+00:00,420.1763024,0.0,25.56715643,224.1324048,786.1352515,52.26489433,24.05854343,21.19911111,25.55976836,24.9
2025-06-21 13:15:00+00:00,419.5867399,0.0,25.685,228.934623,710.2850201,50.72410714,23.78744048,21.97936508,25.6104305,24.94659091
2025-06-21 13:30:00+00:00,420.5352942,0.0,25.80258741,233.6202285,676.5566548,49.01126984,24.03965224,22.26714286,25.74660349,25.0525
2025-06-21 13:45:00+00:00,420.2605842,0.0,25.97443609,238.0491182,664.5039131,47.23094594,24.17957431,22.52421769,25.8902381,25.14340659
2025-06-21 14:00:00+00:00,419.5637234,0.0,26.15040431,241.8577143,644.4413283,45.5527619,24.29219048,22.76666667,26.03779953,25.29333333
2025-06-21 14:15:00+00:00,419.1774929,0.0,26.3081794,246.2217508,594.8616825,43.39060606,24.71523232,22.68194444,26.14128205,25.40777778
2025-06-21 14:30:00+00:00,418.7414691,0.0,26.54392857,250.0966553,567.1240581,41.36241497,24.68829801,22.8,26.27861345,25.58571429
2025-06-21 14:45:00+00:00,418.4626906,0.0,26.65972863,253.5149033,532.39558,39.43319151,24.69647475,22.99333333,26.36537884,25.75765385
2025-06-21 15:00:00+00:00,417.2099557,0.0,26.84628483,256.9872024,515.3991892,37.43434524,24.81955822,23.03076923,26.57268908,25.86434371
2025-06-21 15:15:00+00:00,418.1736349,0.0,27.00037203,260.3262716,447.8037451,35.32954254,24.70539174,23.16051178,26.64,25.95511874
2025-06-21 15:30:00+00:00,417.1658811,0.0,27.10425974,263.7060761,393.0022791,33.14482839,25.01256169,23.20238095,26.77380952,26.10803571
2025-06-21 15:45:00+00:00,416.9387037,0.0,27.237348,266.9952222,385.4022815,30.9347037,24.85118519,23.35555556,26.83333333,26.23669516
2025-06-21 16:00:00+00:00,418.8830782,0.0,27.39789116,270.1952845,355.2975198,28.7358171,24.77963822,23.57464286,26.93190476,26.26571429
2025-06-21 16:15:00+00:00,418.7237485,0.0,27.55841751,273.175254,304.0124076,26.63494709,24.7592,23.70038095,27.029,26.40844444
2025-06-21 16:30:00+00:00,418.114,0.0,27.50350877,276.1793333,217.2328185,24.52,24.3447619,23.86,27.1,26.4
2025-06-21 16:45:00+00:00,417.3977857,0.0,27.55812808,278.7863095,270.7276533,22.67202381,24.5026044,23.73333333,27.1,26.42857143
2025-06-21 17:00:00+00:00,417.5587463,0.0,27.69173789,281.9931467,246.120469,20.32351323,24.50190127,23.80666667,27.07333333,26.5
2025-06-21 17:15:00+00:00,416.580372,0.0,27.81768707,284.9772109,217.4534527,18.20364229,24.51191412,23.87916667,27.16021948,26.62409091
2025-06-21 17:30:00+00:00,417.3932838,0.0,27.80871795,287.8818725,184.6197517,16.12261877,24.48206187,23.75333333,27.17533333,26.6
2025-06-21 17:45:00+00:00,415.8366641,0.0,27.87427953,290.8045125,153.4506972,14.08503401,24.31227778,23.75238095,27.17595547,26.61632653
2025-06-21 18:00:00+00:00,415.8666667,0.0,27.88,293.7302703,118.0505099,12.11394998,24.14049339,23.68666667,27.3,26.7
2025-06-21 18:15:00+00:00,415.6505051,0.0,27.82850517,296.687127,90.3031126,10.12981481,23.90190741,23.54166667,27.3,26.7
2025-06-21 18:30:00+00:00,415.0873016,0.0,27.8,299.6254365,69.3534395,8.229783163,23.61864087,23.5,27.12945698,26.7
2025-06-21 18:45:00+00:00,415.0,0.0,27.72236332,302.4928826,47.98404377,6.43471621,23.29660774,23.4725,27.1,26.66495238
2025-06-21 19:00:00+00:00,414.2206926,0.0,27.62142857,305.5797468,29.97392723,4.572992038,23.03795857,23.3252381,27.06847205,26.6
2025-06-21 19:15:00+00:00,413.614927,0.0,27.55828283,308.5123822,16.92560864,2.934436508,22.67304762,23.245,27.0,26.59111111
2025-06-21 19:30:00+00:00,413.0164835,0.0,27.45649351,311.5750186,8.150238919,1.203877551,22.2624329,23.08303571,27.0,26.5
2025-06-21 19:45:00+00:00,412.855314,0.0,27.37209091,314.4216693,3.976623542,-0.181402764,21.84212857,23.0,27.06247475,26.49333333
2025-06-21 20:00:00+00:00,412.0052579,0.0,27.26428571,317.1382143,1.685527717,-1.438452381,21.4316829,22.94468254,26.9,26.4
2025-06-21 20:15:00+00:00,411.7063539,0.0,27.19393939,320.7855626,0.418053705,-3.070426165,20.93175649,22.8,26.86381123,26.4
2025-06-21 20:30:00+00:00,411.5569128,0.0,27.09372549,324.175537,0.041376906,-4.467833333,20.45772727,22.70952381,26.79333333,26.33333333
2025-06-21 20:45:00+00:00,411.3264533,0.0,27.0,327.2654762,0.0,-5.641071429,20.0286039,22.59285714,26.7,26.29693878
2025-06-21 21:00:00+00:00,411.3622096,0.0,26.99894737,330.6030281,0.0,-6.767476191,19.73504762,22.45333333,26.7296672,26.20638029
2025-06-21 21:15:00+00:00,410.0,0.0,26.9,333.8665211,0.0,-7.778740803,19.51485776,22.37053571,26.6,26.17142857
2025-06-21 21:30:00+00:00,410.0,0.0,26.83659674,337.1176825,0.0,-8.646666667,19.26414286,22.25333333,26.63367965,26.1
2025-06-21 21:45:00+00:00,410.0251775,0.0,26.8,340.1529252,0.0,-9.335034014,19.04710884,22.07142857,26.50811688,26.1
2025-06-21 22:00:00+00:00,410.1783488,0.0,26.71506734,344.1463598,0.0,-10.13035409,18.7830754,21.84285714,26.58493266,26.01632576
2025-06-21 22:15:00+00:00,409.6266045,0.0,26.63757576,347.5696795,0.0,-10.65931624,18.52412698,21.58344444,26.44017631,25.97863492
2025-06-21 22:30:00+00:00,410.5049019,0.0,26.57966721,351.1080917,0.0,-11.07472789,18.14106518,21.325,26.45428571,25.9
2025-06-21 22:45:00+00:00,411.6099916,0.0,26.5,354.6052051,0.0,-11.33435897,17.82,21.13527778,26.3254,25.87725926
2025-06-21 23:00:00+00:00,410.8847753,0.0,26.5,332.2634853,0.0,-11.49375,17.58475377,20.89530612,26.36082251,25.8
2025-06-21 23:15:00+00:00,409.7596419,0.0,26.42386364,1.115916861,0.0,-11.5,17.48355512,20.71688312,26.20909091,25.79090909
2025-06-21 23:30:00+00:00,408.9789766,0.0,26.38673469,4.956405896,0.0,-11.3955267,17.48414683,20.56428571,26.28826531,25.7
2025-06-21 23:45:00+00:00,409.0262202,0.0,26.3,9.10961039,0.0,-11.12727273,17.35308442,20.34545455,26.1,25.68181818
2025-06-22 00:00:00+00:00,409.7024284,0.0,26.25275362,11.93153102,0.0,-10.75812454,17.30764574,20.19,26.17233862,25.6
2025-06-22 00:15:00+00:00,410.3494468,0.0,26.2,15.26989229,0.0,-10.28433673,17.19423727,19.99142857,26.03586435,25.6
2025-06-22 00:30:00+00:00,409.9289958,0.0,26.12433333,18.82669336,0.0,-9.650272246,16.95608333,19.9,26.00306667,25.59897436
2025-06-22 00:45:00+00:00,409.3571268,0.0,26.1,22.1178258,0.0,-8.917486085,16.89092857,19.74285714,26.1,25.57678571
2025-06-22 01:00:00+00:00,409.2689938,0.0,26.06,25.61911616,0.0,-8.025483406,16.82033838,19.55333333,25.95333333,25.5
2025-06-22 01:15:00+00:00,408.6991698,0.0,26.0,29.00911477,0.0,-7.030051282,16.62668376,19.5,25.9,25.46
2025-06-22 01:30:00+00:00,409.1571477,0.0,26.0,32.32866342,0.0,-5.916428571,16.67142857,19.37285714,25.89123177,25.4
2025-06-22 01:45:00+00:00,408.6619048,0.0,25.92923077,35.5719899,0.042541241,-4.710887446,16.85994815,19.28244444,25.80047619,25.4
2025-06-22 02:00:00+00:00,408.2984127,0.0,25.9,38.61865079,0.37158781,-3.462202381,16.78428571,19.15428571,25.8,25.4
2025-06-22 02:15:00+00:00,408.9330144,0.0,25.9,41.82929004,1.529469904,-2.091166667,15.99901026,19.09925926,25.76555556,25.36666667
2025-06-22 02:30:00+00:00,409.0127104,0.0,25.80205058,44.93772817,3.795114544,-0.626547619,15.8012585,18.96428571,25.7,25.3
2025-06-22 02:45:00+00:00,408.9160256,0.0,25.8,48.05388889,8.289058056,0.856666667,15.37638095,18.83791209,25.7,25.3
2025-06-22 03:00:00+00:00,409.8468627,0.0,25.76666667,51.1346746,17.02518271,2.520238095,15.59965741,18.76444444,25.7,25.3
2025-06-22 03:15:00+00:00,409.5330357,0.0,25.7,54.10489621,33.92710311,4.232342687,16.00294797,18.64312925,25.75428571,25.24619048
2025-06-22 03:30:00+00:00,409.2704875,0.0,25.7,57.10593884,59.46619953,5.976393939,16.66275103,18.57333333,25.6640216,25.2
2025-06-22 03:45:00+00:00,410.0,0.0,25.7,59.92131133,77.15073193,7.69406308,17.18976381,18.45634921,25.6,25.22207792
2025-06-22 04:00:00+00:00,410.1899911,0.0,25.7,62.94377145,105.3202166,9.644094424,17.17562338,18.38666667,25.6,25.2
2025-06-22 04:15:00+00:00,410.1561355,0.0,25.7,65.89111395,139.8114918,11.63847789,17.2002381,18.28571429,25.6,25.2
2025-06-22 04:30:00+00:00,410.5852012,0.0,25.7,68.72056878,140.1246387,13.5387963,17.2465,18.2,25.6,25.2
2025-06-22 04:45:00+00:00,409.5236097,0.0,25.7,71.73910019,149.4475869,15.64560529,17.08022472,18.13454545,25.6,25.2
2025-06-22 05:00:00+00:00,409.4575397,0.0,25.7,74.62691558,188.3409623,17.67424603,17.31444444,18.1,25.6,25.2
2025-06-22 05:15:00+00:00,409.6434074,0.0,25.7,77.54416667,177.073855,19.79101852,17.54271164,18.09333333,25.6,25.2
2025-06-22 05:30:00+00:00,410.2830087,0.0,25.7,80.38690476,258.0568551,21.80178571,17.93345238,18.0,25.6,25.2
2025-06-22 05:45:00+00:00,409.3476768,0.0,25.7,83.48353291,330.80739,24.01995238,18.71211429,18.06366667,25.6,25.2
2025-06-22 06:00:00+00:00,408.645351,0.0,25.7,86.39071429,324.1173366,26.11337302,19.45185714,18.1,25.6,25.2
2025-06-22 06:15:00+00:00,408.3795238,0.0,25.7,89.46199165,304.3574763,28.24707978,19.85843672,18.10769231,25.6,25.2
2025-06-22 06:30:00+00:00,408.2329768,0.0,25.7,92.68351852,420.1481269,30.48154762,20.20094118,18.2,25.6,25.2
2025-06-22 06:45:00+00:00,407.6566441,0.0,25.7,95.78238095,455.4061626,32.53780045,20.78790476,18.12142857,25.68171342,25.22908163
2025-06-22 07:00:00+00:00,407.5949495,0.0,25.7,99.09980952,480.108184,34.68736508,20.46167619,18.51190476,25.8,25.3
2025-06-22 07:15:00+00:00,407.7235086,0.0,25.7,102.5867687,476.7790952,36.88030612,20.53375696,18.8,25.8,25.3
2025-06-22 07:30:00+00:00,412.8555556,0.0,25.7,105.8627249,542.7768511,38.86640212,20.73408713,18.72857143,25.79888889,25.29866667
2025-06-22 07:45:00+00:00,411.7517007,0.0,25.79698052,109.3969799,562.9087279,40.82251921,20.22143968,18.76159864,25.70301948,25.3
2025-06-22 08:00:00+00:00,410.481882,0.0,25.8,113.3836825,591.137732,42.95780952,19.97304762,18.67948718,25.7,25.3
2025-06-22 08:15:00+00:00,409.9801016,0.0,25.8,117.0742857,603.2274639,44.78849206,20.19001587,18.50595238,25.7,25.3
2025-06-22 08:30:00+00:00,410.563531,0.0,25.8,121.5361349,636.1533024,46.79376263,20.24474747,18.53142857,25.7,25.3
2025-06-22 08:45:00+00:00,409.9915638,0.0,25.84951961,125.8562673,658.7948785,48.5875,20.50974373,18.47142857,25.7,25.3453373
2025-06-22 09:00:00+00:00,408.3460809,0.0,25.9,130.5671852,684.2337002,50.331,20.59067929,18.4,25.85179293,25.4
2025-06-22 09:15:00+00:00,407.2467532,0.0,25.9,135.4652494,704.8859565,51.94478458,19.8179932,18.79807692,25.8,25.4
2025-06-22 09:30:00+00:00,407.6697957,0.0,25.9,140.1366619,695.7082187,53.27343712,19.79971717,18.805,25.8,25.4
2025-06-22 09:45:00+00:00,407.877193,0.0,25.98666667,146.2240873,719.000737,54.7645,19.49915476,19.46,25.95333333,25.4
2025-06-22 10:00:00+00:00,407.0089286,0.0,26.0,151.7687698,658.1985827,55.83503401,19.91462978,19.52346939,25.9,25.4
2025-06-22 10:15:00+00:00,407.7059778,0.0,26.0,157.6957454,749.2524362,56.81268182,19.17554986,19.54285714,25.92807018,25.43695238
2025-06-22 10:30:00+00:00,407.5493117,0.0,26.07988722,163.277381,756.494504,57.48472222,19.68606151,19.5,26.1,25.5
2025-06-22 10:45:00+00:00,408.4151125,0.0,26.1,169.9880688,746.455068,58.05777778,19.62992593,19.24305556,26.09804784,25.5
2025-06-22 11:00:00+00:00,407.4008174,0.0,26.13002874,175.8288023,769.0783411,58.30035714,19.8830285,19.86194805,26.15947154,25.57142857
2025-06-22 11:15:00+00:00,408.1012698,0.0,26.2,182.8289286,761.7896047,58.36179894,19.87805491,20.01734694,26.2,25.6
2025-06-22 11:30:00+00:00,407.2899093,0.0,26.2,189.0088095,756.3762859,58.13785714,19.81238095,20.45,26.23589744,25.6
2025-06-22 11:45:00+00:00,405.821833,0.0,26.2690404,195.5919206,782.0787318,57.66936508,19.76860053,20.68,26.3,25.67009524
2025-06-22 12:00:00+00:00,406.5937622,0.0,26.33555556,201.7665079,660.8546095,56.97507937,19.84243333,21.11555556,26.33555556,25.7
2025-06-22 12:15:00+00:00,406.2855616,0.0,26.4,207.6927721,610.4438027,56.09948623,19.59377551,20.92083333,26.4,25.77142857
2025-06-22 12:30:00+00:00,406.0639376,0.0,26.52494737,213.3002647,665.2997045,55.02663725,19.72960065,21.18571429,26.43888889,25.8
2025-06-22 12:45:00+00:00,406.6292004,0.0,26.5,218.6676136,738.8364807,53.74775433,19.92216991,19.94428571,26.5,25.8577381
2025-06-22 13:00:00+00:00,406.5845742,0.0,26.59330144,223.8055885,749.4115071,52.35589588,19.62890394,21.06722222,26.59330144,25.9
2025-06-22 13:15:00+00:00,406.3744451,0.0,26.6603409,228.2658279,476.2816279,50.94280823,19.92399594,20.87640415,26.62142857,25.9576257
2025-06-22 13:30:00+00:00,405.5866638,0.0,26.7,233.3608333,317.2100609,49.09315476,18.85582407,20.21785714,26.7,26.0
2025-06-22 13:45:00+00:00,405.2787173,0.0,26.7907483,237.6701863,496.1226461,47.36447804,18.9310948,20.04910714,26.75210708,26.08564214
2025-06-22 14:00:00+00:00,405.3967107,0.0,26.8,242.0389286,290.3185574,45.43611111,19.34841667,20.53666667,26.8,26.1
2025-06-22 14:15:00+00:00,405.1454843,0.0,26.88974359,246.1534139,463.272494,43.40768905,19.5782559,19.47142857,26.78019928,26.11960114
2025-06-22 14:30:00+00:00,405.3130047,0.0,27.01986447,249.8838203,366.9132339,41.50454545,20.07765801,19.20047619,26.87664835,26.2
2025-06-22 14:45:00+00:00,405.655929,0.0,27.00767677,253.5925,394.4783812,39.39,19.90940741,19.21666667,26.90987734,26.28296296
2025-06-22 15:00:00+00:00,403.8643202,0.0,27.1,257.0300897,281.6606303,37.36488868,19.97835444,19.48188776,27.0,26.36712454
2025-06-22 15:15:00+00:00,403.1755556,0.0,27.14866667,260.3525556,411.8648007,35.30315657,20.06224916,19.13238095,27.01589744,26.4
2025-06-22 15:30:00+00:00,403.1363636,0.0,27.23494232,263.8029169,307.0592586,33.04671769,19.65262229,19.25357143,27.1,26.40714286
2025-06-22 15:45:00+00:00,402.7671415,0.0,27.34220033,266.8946296,311.4520031,30.98996296,19.89853462,19.44666667,27.10834154,26.55333333
2025-06-22 16:00:00+00:00,402.8556616,0.0,27.4,270.1472342,149.2355499,28.74871573,19.62675132,19.34952381,27.05014493,26.5937037
2025-06-22 16:15:00+00:00,403.0460278,0.0,27.4,273.209618,148.6436503,26.61081633,19.44469702,19.07714286,27.0,26.50297619
2025-06-22 16:30:00+00:00,403.0021335,0.0,27.39333333,276.0703794,102.9550505,24.56260406,19.31008334,18.93685185,27.06245421,26.5
2025-06-22 16:45:00+00:00,402.9456654,0.0,27.3,279.2204082,92.89916653,22.31947279,18.729375,18.80714286,27.1,26.5
2025-06-22 17:00:00+00:00,401.8250327,0.0,27.29944444,282.1186645,45.16767453,20.23421765,18.39754141,18.88,27.1,26.5
2025-06-22 17:15:00+00:00,402.3285222,0.0,27.2,285.0282937,41.49517658,18.17453968,18.41145608,18.9,27.1,26.49939394
2025-06-22 17:30:00+00:00,401.078022,0.0,27.2,287.7956504,96.65980644,16.23809524,18.71717893,18.90204082,26.98928571,26.40595238
2025-06-22 17:45:00+00:00,401.7350476,0.0,27.13333333,290.812683,63.86448874,14.11479365,18.47470125,19.07466667,26.9,26.4
2025-06-22 18:00:00+00:00,401.6978291,0.0,27.1,293.7535714,61.52209946,12.05285714,18.53386039,19.06309524,26.9,26.4
2025-06-22 18:15:00+00:00,401.0763829,0.0,27.1,296.6939048,30.88510342,10.12380952,17.82190476,18.99880952,26.87266667,26.4
2025-06-22 18:30:00+00:00,400.0461893,0.0,27.00772727,299.8549278,17.32401177,8.061237374,17.38722078,18.9,26.8,26.4
2025-06-22 18:45:00+00:00,400.9438776,0.0,27.0,302.4971821,14.91106415,6.421185897,17.13403042,18.83846154,26.8,26.4
2025-06-22 19:00:00+00:00,401.3314021,0.0,26.98518637,305.5586688,9.019165511,4.560884461,16.73953517,18.85503968,26.74390374,26.34315468
2025-06-22 19:15:00+00:00,400.6102564,0.0,26.90557064,308.3490965,7.154321796,2.980384615,16.82240126,18.9,26.7,26.3
2025-06-22 19:30:00+00:00,400.0,0.0,26.85,192.201337,1.09020054,0.495604396,10.32884615,11.38846154,26.65,26.25
2025-06-22 19:45:00+00:00,400.3766465,0.0,26.8,314.657537,0.63184596,-0.283460318,16.83955556,18.9,26.61533333,26.2
2025-06-22 20:00:00+00:00,399.6486014,0.0,26.76269841,317.7383362,0.181122449,-1.724007937,16.87450397,18.93660714,26.6,26.2
2025-06-22 20:15:00+00:00,399.7777778,0.0,26.7,320.6817778,0.098,-3.037333333,16.86406633,19.0,26.58854642,26.12
2025-06-22 20:30:00+00:00,399.7575492,0.0,26.68851852,324.2020551,0.0,-4.498095238,16.89310317,19.0,26.5,26.1
2025-06-22 20:45:00+00:00,399.6787582,0.0,26.6,327.461746,0.0,-5.726349206,16.81911147,19.0,26.5782726,26.08666667
2025-06-22 21:00:00+00:00,398.8444225,0.0,26.59357143,330.5093112,0.0,-6.761380386,16.69643084,19.0,26.59285714,26.0
2025-06-22 21:15:00+00:00,399.0053509,0.0,26.5,333.6931111,0.0,-7.72,16.53333333,19.0,26.43547619,26.0
2025-06-22 21:30:00+00:00,399.0464646,0.0,26.5,337.1374286,0.0,-8.635044974,16.49831304,19.0,26.43614035,26.0
2025-06-22 21:45:00+00:00,399.6327018,0.0,26.5,340.7362703,0.0,-9.457548822,16.45803836,19.0,26.43590601,25.93692308
2025-06-22 22:00:00+00:00,399.3899579,0.0,26.42967033,344.1458645,0.0,-10.12857143,16.24866071,19.0,26.3,25.9
2025-06-22 22:15:00+00:00,399.5696675,0.0,26.4,347.5324591,0.0,-10.65643337,16.11468041,19.0,26.3,25.9
2025-06-22 22:30:00+00:00,399.6298012,0.0,26.4,351.004373,0.0,-11.03512963,16.20579259,19.0,26.3052024,25.87133333
2025-06-22 22:45:00+00:00,399.3698092,0.0,26.31071334,354.4914815,0.0,-11.34621083,16.19682621,18.99166667,26.2,25.8
2025-06-22 23:00:00+00:00,398.7115385,0.0,26.3,358.012551,0.0,-11.5,16.23709184,18.9,26.22922078,25.8
2025-06-22 23:15:00+00:00,398.669042,0.0,26.28591503,69.18319572,0.0,-11.5,16.54055304,18.80666667,26.3,25.78564912
2025-06-22 23:30:00+00:00,399.0,0.0,26.2,4.97037518,0.0,-11.37703704,16.5507696,18.76666667,26.18133333,25.7
2025-06-22 23:45:00+00:00,399.0,0.0,26.2,7.853061225,0.0,-11.23469388,16.76326531,18.64166667,26.1,25.7
2025-06-23 00:00:00+00:00,399.0,0.0,26.2,11.4352381,0.0,-10.82761905,17.26952381,18.6,26.1,25.7
2025-06-23 00:15:00+00:00,400.0054545,0.0,26.14815851,15.33983405,0.0,-10.2838634,17.45024242,18.48866667,26.15184149,25.7
2025-06-23 00:30:00+00:00,399.9953402,0.0,26.1,18.98049423,0.0,-9.619414099,16.98632913,18.4,26.16,25.68
2025-06-23 00:45:00+00:00,399.4087653,0.0,26.1,21.69260204,0.0,-9.036098465,16.91602994,18.31785714,26.0,25.6
2025-06-23 01:00:00+00:00,399.1968254,0.0,26.1,25.56680423,0.0,-8.03831746,17.1388254,18.16,26.0,25.6
2025-06-23 01:15:00+00:00,398.8606912,0.0,26.1,28.97895971,0.0,-7.0494709,17.28539683,18.1,26.0,25.6
2025-06-23 01:30:00+00:00,397.7332498,0.0,26.02453263,32.31526213,0.0,-5.926925907,17.2941317,18.09444444,26.0,25.6
2025-06-23 01:45:00+00:00,398.7347068,0.0,26.0,35.40149531,0.0,-4.780473098,17.12448736,18.00603175,26.03630952,25.6
2025-06-23 02:00:00+00:00,399.304891,0.0,26.0,38.43653073,0.028571141,-3.549251119,17.17415747,18.0,26.09566667,25.59511111
2025-06-23 02:15:00+00:00,399.9836966,0.0,26.0,41.92209341,0.313452795,-2.045262145,17.1585,17.94,25.92424242,25.55909091
2025-06-23 02:30:00+00:00,401.3676218,0.0,26.0,44.63626446,1.28820178,-0.765578489,16.92457243,17.9,25.9,25.5
2025-06-23 02:45:00+00:00,403.5103725,0.0,26.0,47.66511905,3.340380382,0.630740741,16.79188889,17.9,25.9,25.5
2025-06-23 03:00:00+00:00,404.179293,39.8324209,25.90555556,50.80036052,7.321792289,2.291455338,16.5649974,17.84587102,25.88485828,25.48902478
2025-06-23 03:15:00+00:00,429.6743819,265.6238135,25.77042781,54.11450929,14.26229022,4.180349206,16.12025658,17.47333333,25.77064426,25.29791667
2025-06-23 03:30:00+00:00,449.7135696,265.708271,25.63608225,57.05595238,23.23970804,5.934821429,15.93339286,17.29428571,25.67035714,25.13320965
2025-06-23 03:45:00+00:00,452.9391214,264.9284187,25.50498717,59.862,29.27952997,7.688666667,15.85933333,17.0747619,25.58191836,25.00822222
2025-06-23 04:00:00+00:00,454.5986532,262.8495623,25.43666667,62.94016667,68.04498367,9.629833333,15.8,16.62429822,25.50861953,24.9352381
2025-06-23 04:15:00+00:00,454.9075163,267.7018354,25.27492877,65.90392593,106.9905236,11.6237191,15.74216667,16.51666667,25.44418354,24.77444444
2025-06-23 04:30:00+00:00,456.4214286,267.6300595,25.13809524,68.92478742,182.9084161,13.6682398,15.959375,16.91,25.35366071,24.7
2025-06-23 04:45:00+00:00,455.8678871,268.6914597,25.08294432,71.75804762,214.0884817,15.62617388,16.29224459,17.06666667,25.37145464,24.60064408
2025-06-23 05:00:00+00:00,453.5585859,266.262,24.84915152,74.67284392,214.0268675,17.71891534,16.51074074,17.24071429,25.29266667,24.4075
2025-06-23 05:15:00+00:00,464.4230617,269.0912086,24.8,77.53594568,174.6238,19.74749021,16.6344867,17.28589744,25.19502165,24.43107143
2025-06-23 05:30:00+00:00,469.9145109,268.24,24.715,80.33447293,245.3638871,21.75653968,16.88829182,17.52055556,25.002,24.49166667
2025-06-23 05:45:00+00:00,458.7287325,268.9140357,24.7,83.05020183,194.8885404,23.70418574,17.06846823,17.46343939,24.85538313,24.68195286
2025-06-23 06:00:00+00:00,494.7600622,268.7449761,24.72833333,86.48843074,365.8237443,26.1621645,17.62078788,17.67142857,24.8,24.84666667
2025-06-23 06:15:00+00:00,566.7085979,269.0823438,24.81972789,89.48890306,396.9970857,28.26288265,18.35673469,17.69880952,24.8,24.85844156
2025-06-23 06:30:00+00:00,568.5352956,269.988318,24.86740593,92.16264069,338.9120926,30.1018355,18.71213276,17.44555556,24.80840049,24.78286003
2025-06-23 06:45:00+00:00,556.8789462,268.9570984,24.87650794,95.61919048,285.9229122,32.39574074,18.9685,17.16090909,24.90666667,24.89610256
2025-06-23 07:00:00+00:00,563.1794162,271.3570924,24.9,98.99404762,289.4144177,34.61428571,18.89761905,17.0,24.88215594,24.64657509
2025-06-23 07:15:00+00:00,555.3193627,270.5189017,24.9,102.3145455,259.2587277,36.69492063,18.9,16.93469388,25.25869951,24.59794872
2025-06-23 07:30:00+00:00,539.5317946,270.5259277,24.96835017,105.5782751,383.8997603,38.63787413,19.51792358,16.99333333,25.57350168,24.5674775
2025-06-23 07:45:00+00:00,550.6263797,270.7461894,24.92648387,109.560409,697.2032941,40.8867316,21.00361221,17.29333333,25.67333333,24.49666667
2025-06-23 08:00:00+00:00,530.3545918,266.5339482,24.89740973,113.4327411,394.5118049,42.96144841,20.49280458,17.32857143,25.77197802,24.55833333
2025-06-23 08:15:00+00:00,506.5674151,269.3645835,24.8,117.1158348,307.646971,44.819038,19.70307843,17.11833333,25.66590476,24.67333333
2025-06-23 08:30:00+00:00,510.1227253,269.8528052,24.7,121.632381,405.9808333,46.81392857,20.14909091,16.745,25.52985185,24.62496439
2025-06-23 08:45:00+00:00,511.4115359,269.5534532,24.63884058,125.9680669,416.7976098,48.61829578,20.59176557,16.74148148,25.43778795,24.60769231
2025-06-23 09:00:00+00:00,530.5673469,268.6408266,24.66190476,130.6497619,273.4778019,50.31089286,20.76402597,16.84285714,25.45357143,24.5952381
2025-06-23 09:15:00+00:00,569.6864931,266.956833,24.79454545,135.3532407,256.6170419,51.87777778,20.19433825,16.79285714,25.5368365,24.7636685
2025-06-23 09:30:00+00:00,551.3194006,268.5378066,24.89035152,140.3182491,192.8772158,53.33153787,19.59784684,16.70333333,25.40143717,25.09525397
2025-06-23 09:45:00+00:00,556.7629187,269.0277306,24.9,146.1456555,150.4476568,54.73540816,18.80438095,16.52627551,25.44128571,25.2
2025-06-23 10:00:00+00:00,530.5365362,271.8481507,24.83822067,151.5549216,218.9807874,55.83156566,17.85018519,16.185,25.4,25.18230159
2025-06-23 10:15:00+00:00,573.6044807,273.9013118,24.91790741,157.5893929,291.9477975,56.78080159,17.72753506,16.42,25.25129905,24.93224846
2025-06-23 10:30:00+00:00,564.3038105,269.6983683,24.96889214,163.670245,405.7144287,57.53292023,18.21123932,16.67777778,24.97685401,24.84929959
2025-06-23 10:45:00+00:00,499.3741651,271.8543521,24.78293393,169.716249,559.2669964,58.01098356,18.99435924,17.51918367,24.91583798,25.32857143
2025-06-23 11:00:00+00:00,552.1233502,265.8768279,24.84445614,176.0318674,467.4314478,58.26993007,18.81934888,18.04820106,25.10109865,25.40135043
2025-06-23 11:15:00+00:00,691.7757576,263.0777778,25.12711111,182.5878808,348.9968616,58.34856481,19.18245614,17.63166667,25.21355556,25.06
2025-06-23 11:30:00+00:00,713.6014499,264.88105,25.22511905,188.7475116,145.2962664,58.12863095,19.16698529,17.36984127,25.29937539,24.75441103
2025-06-23 11:45:00+00:00,705.939094,267.4176253,25.35659096,195.1633862,66.25079318,57.70668519,18.00060684,16.61666667,25.34123321,24.66007937
2025-06-23 12:00:00+00:00,712.8719778,266.8333987,25.43172549,201.7336667,70.91303601,56.98309524,16.9987619,15.76857143,25.40888889,24.58895238
2025-06-23 12:15:00+00:00,707.3580188,265.9455487,25.47348485,207.5158248,643.856053,56.08234127,15.68491283,15.27076923,25.43541667,24.5
2025-06-23 12:30:00+00:00,740.5442295,264.4377726,25.53435897,212.8311643,425.7187641,55.07568302,16.19323302,16.80133333,25.33234432,24.49952381
2025-06-23 12:45:00+00:00,711.4713297,265.4473543,25.56261905,218.5993175,414.9359446,53.76138095,16.84958791,17.3,25.06042897,24.40899595
2025-06-23 13:00:00+00:00,683.9161481,268.515101,25.49703704,223.9533651,245.4338411,52.29083333,17.13316084,17.2647619,25.02775455,24.395
2025-06-23 13:15:00+00:00,576.1510204,270.9238095,25.31507866,228.8292857,255.562365,50.72977041,17.36312874,17.51663832,25.03970238,24.33041126
2025-06-23 13:30:00+00:00,457.8077999,266.2335433,25.18023002,232.8761164,226.7497119,49.25046032,17.58759259,17.63,24.77744949,24.23925926
2025-06-23 13:45:00+00:00,443.9412997,269.7074734,24.87620547,237.5940798,147.5981757,47.37417749,17.18105455,17.4,24.67128427,24.29183761
2025-06-23 14:00:00+00:00,439.3976843,143.6380754,24.74177259,241.5827273,169.3426227,45.62651515,15.04987339,15.07076923,24.67719598,24.1356402
2025-06-23 14:15:00+00:00,440.40853,59.1461396,24.98666667,245.6234286,348.6335962,43.65619048,15.42333333,15.95793651,25.0368,24.3396633
2025-06-23 14:30:00+00:00,442.842351,52.70499423,25.0,249.4804329,365.7533842,41.69202381,16.28591667,17.17606061,25.1,24.4
2025-06-23 14:45:00+00:00,441.5212121,50.99611672,25.0,253.5649343,170.331448,39.38369841,15.90244957,16.5,25.1,24.4
2025-06-23 15:00:00+00:00,440.1076938,50.55245643,25.09387755,256.8082845,246.6176488,37.47759463,15.80785955,17.2952381,25.19387755,24.49387755
2025-06-23 15:15:00+00:00,438.6727273,51.43534363,25.1,260.4416667,277.5951468,35.22666667,15.97,16.59466667,25.22,24.58285714
2025-06-23 15:30:00+00:00,439.3163997,50.52294436,25.15287719,263.5421685,258.1936515,33.21767677,16.18250712,17.28538095,25.3,24.6
2025-06-23 15:45:00+00:00,436.7611111,51.05613276,25.2,266.6423148,169.7336796,31.11416667,16.05325926,16.534,25.24714286,24.6
2025-06-23 16:00:00+00:00,435.3502622,50.33007236,25.2,269.7704082,19.83938872,29.02142857,15.21142857,16.97545788,25.2,24.6
2025-06-23 16:15:00+00:00,433.6522367,51.75724868,25.15333333,273.0720413,25.05573398,26.69838889,12.43464672,16.81733333,25.2,24.6
2025-06-23 16:30:00+00:00,432.2648762,51.89570737,25.13853333,276.0646496,267.1696229,24.53738462,12.88366551,16.39833333,25.27706667,24.63511111
2025-06-23 16:45:00+00:00,430.6350529,50.67658249,25.248,279.2314273,288.5190566,22.30221693,13.88828571,17.50756614,25.47787879,24.74740741
2025-06-23 17:00:00+00:00,430.0832865,50.11545003,25.37809524,282.0760913,192.6415674,20.26103175,14.51674603,16.07278912,25.57809524,24.87738095
2025-06-23 17:15:00+00:00,431.0603057,51.09319217,25.4736,284.8352442,162.8194579,18.27040765,15.04257672,17.60166667,25.52812043,24.93046296
2025-06-23 17:30:00+00:00,430.1012713,50.34904903,25.5,287.605049,42.06166552,16.31224359,14.74771097,16.25164835,25.67748098,25.0
2025-06-23 17:45:00+00:00,429.7272727,50.173444,25.43692593,290.7822586,103.3674022,14.05753968,14.68833333,17.25,25.57385185,24.93852814
2025-06-23 18:00:00+00:00,430.2933368,50.68418273,25.46781278,293.3664399,150.4558731,12.30198413,15.23229308,16.55714286,25.60635537,24.96625438
2025-06-23 18:15:00+00:00,430.0258009,50.84042735,25.5,296.3803968,102.3742085,10.28666667,15.27666667,16.72807937,25.60472727,25.0
2025-06-23 18:30:00+00:00,430.7077441,50.2016636,25.5,299.4027828,74.35546607,8.358888889,15.15093333,17.23590136,25.66789744,25.0
2025-06-23 18:45:00+00:00,432.5030736,50.22305038,25.5,302.6122222,57.23917361,6.323359788,14.97596212,16.26333333,25.6,25.0
2025-06-23 19:00:00+00:00,432.5189061,14.88599748,25.5,305.5351446,32.47359448,4.571260684,14.49371173,17.40357143,25.56753247,25.0
2025-06-23 19:15:00+00:00,431.430106,1.372222222,25.5,308.5198675,16.09213408,2.853387446,14.18565307,18.5,25.54008617,25.0
2025-06-23 19:30:00+00:00,430.6546709,0.0,25.5,311.4925079,7.632906526,1.227724868,13.96833333,17.87111111,25.5,25.0
2025-06-23 19:45:00+00:00,431.0954619,0.0,25.40688776,314.2098214,3.750284735,-0.147321429,13.82663265,16.89107143,25.5,25.0
2025-06-23 20:00:00+00:00,430.1844287,0.0,25.4,317.5116667,1.378277775,-1.629880952,13.68197407,16.28,25.58811594,25.0
2025-06-23 20:15:00+00:00,429.4120734,0.0,25.4,320.7832804,0.368333764,-3.095905483,13.20349512,15.81511905,25.6,24.91444444
2025-06-23 20:30:00+00:00,428.7575758,0.0,25.4,323.9046461,0.057289474,-4.395517732,12.89683996,15.52,25.49333333,24.9
2025-06-23 20:45:00+00:00,428.8817664,0.0,25.31380952,327.3427721,0.0,-5.696428571,12.85623214,15.3,25.4,24.9
2025-06-23 21:00:00+00:00,427.9626908,55.33917572,25.25333333,330.1575873,0.0,-6.658253968,12.80745397,15.03333333,25.48274447,24.85238095
2025-06-23 21:15:00+00:00,430.049386,101.205468,25.15431111,333.4770101,0.0,-7.686212121,12.84074074,14.58666667,25.33606061,24.75828283
2025-06-23 21:30:00+00:00,431.4630266,104.8849802,25.09470529,336.9858418,0.0,-8.629537982,12.95788961,14.65785714,25.23451577,24.66285714
2025-06-23 21:45:00+00:00,432.9757748,105.478182,25.003125,340.0766667,0.0,-9.335555556,12.90076923,14.604,25.20104801,24.6
2025-06-23 22:00:00+00:00,435.8984127,236.3219048,24.86581818,344.0062963,0.0,-10.10740741,13.07988889,14.6,25.07334343,24.46633333
2025-06-23 22:15:00+00:00,438.2449618,266.9623793,24.57813019,347.2684259,0.0,-10.62202381,13.46195128,14.6,24.8759899,24.22760684
2025-06-23 22:30:00+00:00,439.5459596,176.0605991,24.45844156,350.8353788,0.0,-11.026443,13.67009998,14.6,24.71377252,24.04920635
2025-06-23 22:45:00+00:00,440.6462882,249.3833566,24.36569697,354.1503968,0.0,-11.31457143,13.7221812,14.6,24.57597295,23.96615385
2025-06-23 23:00:00+00:00,439.7946865,273.7416865,24.16153846,357.9292857,0.0,-11.5,13.52438889,14.6,24.46600299,23.84290598
2025-06-23 23:15:00+00:00,440.6607143,273.4001001,24.00535714,52.86699366,0.0,-11.5,13.37169202,14.57692308,24.33428571,23.8
2025-06-23 23:30:00+00:00,440.6933333,272.6419227,23.84385057,4.708902116,0.0,-11.445,13.06136376,14.44666667,24.08739812,23.69016317
2025-06-23 23:45:00+00:00,440.7840522,274.0671783,23.70541667,7.82036852,0.0,-11.22773626,12.89981074,14.22666667,24.06994792,23.59103872
2025-06-24 00:00:00+00:00,441.1442467,269.0986966,23.61975208,11.88368254,0.0,-10.81609524,12.44904762,14.10659341,23.92894931,23.44435185
2025-06-24 00:15:00+00:00,440.6149591,266.1818313,23.48659974,15.46108766,0.0,-10.29897959,12.49278827,13.84285714,23.79620255,23.35464286
2025-06-24 00:30:00+00:00,441.0444444,276.1419202,23.3774963,18.84414001,0.0,-9.686410256,12.7346735,13.87333333,23.7774963,23.21266667
2025-06-24 00:45:00+00:00,440.3127527,220.502,23.18338095,22.254,0.0,-8.94,13.01547222,14.12055556,23.67893333,23.10666667
2025-06-24 01:00:00+00:00,440.0610661,177.8941808,23.10274725,25.61814214,0.0,-8.061233766,13.03540584,14.27692308,23.6,23.04166667
2025-06-24 01:15:00+00:00,439.0400785,182.8289676,23.06944621,28.064,0.0,-7.34,13.1444,14.42793651,23.56177723,22.91333333
2025-06-24 01:30:00+00:00,437.5685081,32.60751547,23.14051422,31.69904762,0.0,-6.17,13.28433333,14.49859259,23.54735632,22.948
2025-06-24 01:45:00+00:00,436.0714907,161.9188782,23.1253911,35.25054233,0.0,-4.870185185,13.27159259,14.59333333,23.54751515,22.94719697
2025-06-24 02:00:00+00:00,437.8937975,68.10860847,23.00256766,38.62132833,0.136010101,-3.526825139,13.21021429,14.64285714,23.45800642,22.85871272
2025-06-24 02:15:00+00:00,435.9309889,41.28849409,23.0009009,41.76766667,0.532532051,-2.143555556,13.284,14.60555556,23.5,22.9
2025-06-24 02:30:00+00:00,434.8071885,34.64732922,23.09391787,44.91179654,1.563384156,-0.658549303,13.33608249,14.6,23.5327894,22.97515152
2025-06-24 02:45:00+00:00,433.929363,13.08144527,23.2,47.81797619,5.017992854,0.701087999,13.46543205,14.6,23.6,23.0
2025-06-24 03:00:00+00:00,433.7897907,27.14031395,23.2,50.79294853,10.702962,2.30831746,13.3783771,14.66666667,23.6,23.0
2025-06-24 03:15:00+00:00,433.4937622,51.47809086,23.2,53.96681385,18.05190619,4.103224627,13.38520147,18.37325397,23.6,23.0
2025-06-24 03:30:00+00:00,434.4462759,53.84958335,23.2,56.86022959,43.05768837,5.816488095,13.41002806,18.0744898,23.60248151,23.08571429
2025-06-24 03:45:00+00:00,434.3941667,54.02229102,23.23578947,59.47272727,56.32208708,7.431547619,13.64125974,17.71,23.69431373,23.1
2025-06-24 04:00:00+00:00,434.9694084,57.13372294,23.3,62.78215873,67.38535516,9.537190476,13.87292374,17.60666667,23.7,23.1
2025-06-24 04:15:00+00:00,433.9728655,83.16374269,23.30280702,65.92106634,129.5477241,11.60048637,14.02556878,17.01,23.73666667,23.1
2025-06-24 04:30:00+00:00,435.9498385,112.3408226,23.44022948,68.54492063,81.828817,13.40367063,14.14783099,17.09845238,23.77314859,23.1
2025-06-24 04:45:00+00:00,434.0957903,136.5339394,23.3,71.60821744,159.9388953,15.5258623,14.52095292,17.148,23.7,23.16533333
2025-06-24 05:00:00+00:00,432.4707457,163.6189282,23.3,74.58278139,100.8578735,17.62809968,14.7579228,16.82095238,23.60597701,23.2
2025-06-24 05:15:00+00:00,431.9942088,178.4747475,23.23441847,77.06266667,82.9255819,19.37500105,14.83583069,16.95333333,23.6,23.2
2025-06-24 05:30:00+00:00,444.3869009,198.8921181,23.29371429,80.26244331,94.53673888,21.67480311,14.58812658,17.0,23.59701691,23.2
2025-06-24 05:45:00+00:00,441.3888889,224.2275027,23.27333333,83.37027177,89.34703683,23.90467725,14.36892063,16.91733333,23.50611111,23.2
2025-06-24 06:00:00+00:00,463.5414311,233.4461591,23.22017656,86.44238937,55.79258549,26.0713254,14.21386869,17.05361111,23.56052967,23.2
2025-06-24 06:15:00+00:00,546.2460104,270.608208,23.36556391,89.15130952,57.8483065,27.96117347,13.34209524,16.89285714,24.04263158,23.2
2025-06-24 06:30:00+00:00,514.3599663,276.9393182,23.35066667,92.56313228,118.1116153,30.3547252,13.57781795,16.96428571,24.11071212,23.28997151
2025-06-24 06:45:00+00:00,478.0258065,267.2053922,23.3,95.70222415,465.3922262,32.44755772,14.54324363,17.105,23.8698358,23.4647619
2025-06-24 07:00:00+00:00,535.1956777,263.0742312,23.43098504,99.09890741,231.2501672,34.64803704,15.20318889,17.04177778,23.68533333,23.61388889
2025-06-24 07:15:00+00:00,646.7825793,265.7265213,23.77177365,102.3766255,355.319861,36.70402549,15.67946429,17.2,23.7,23.64782313
2025-06-24 07:30:00+00:00,668.9093201,269.3465281,23.92323511,105.9304339,283.7968708,38.84127249,15.88761667,17.02666667,23.86241337,23.77713131
2025-06-24 07:45:00+00:00,688.992901,270.0861126,24.08603175,109.1832282,276.4782388,40.67565871,16.05385839,17.07416667,24.10674465,23.8
2025-06-24 08:00:00+00:00,699.2801114,267.6979882,24.09345238,112.3931973,332.8854073,42.39965986,16.46717687,17.2952381,24.30358917,23.8
2025-06-24 08:15:00+00:00,742.2597347,270.9979168,24.33730614,116.7832576,336.2961273,44.58777489,17.08599242,17.06920635,24.61385638,23.8
2025-06-24 08:30:00+00:00,736.1904035,269.3790535,24.47231518,121.5397978,399.8740481,46.76131799,16.66471611,16.97111111,24.80260317,23.69494601
2025-06-24 08:45:00+00:00,709.060369,264.5772566,24.51869279,125.8753228,393.3479222,48.55025926,16.74981296,17.04666667,24.85546798,23.457099
2025-06-24 09:00:00+00:00,729.1725854,269.3741497,24.48370748,130.6584489,369.2487031,50.34338152,17.06774376,17.2375,24.55437539,23.3
2025-06-24 09:15:00+00:00,767.8579857,266.7466667,24.56191163,135.2445299,335.4339469,51.82575214,16.98956902,17.15212121,24.298,23.29916667
2025-06-24 09:30:00+00:00,766.5945945,270.376345,24.60991768,140.4969302,363.4795035,53.33416667,17.1446572,17.24777778,24.20412821,23.54050505
2025-06-24 09:45:00+00:00,686.2616762,269.3023805,24.57640476,145.8763178,479.0075412,54.64093157,17.40994401,17.45809524,24.20014921,23.73379986
2025-06-24 10:00:00+00:00,571.9825766,268.342674,24.36928571,151.6236905,393.2476814,55.80187075,17.38431973,17.22142857,24.09214286,23.8
2025-06-24 10:15:00+00:00,512.4728381,104.0200688,24.14075758,157.3197593,792.6893795,56.74533069,17.60773148,17.20377104,24.4552381,23.54888889
2025-06-24 10:30:00+00:00,564.9186949,187.0213552,24.30167481,163.657119,339.7313715,57.4952381,17.60952381,18.01444444,24.63934448,23.74566667
2025-06-24 10:45:00+00:00,560.8437813,265.9102641,24.21620898,169.4041412,284.4548763,57.95751701,17.56843027,17.32857143,24.63894938,23.79071429
2025-06-24 11:00:00+00:00,512.8730159,262.6272025,24.01121212,176.0929854,280.1227217,58.27333333,17.36769678,17.2,24.65021854,23.58466667
2025-06-24 11:15:00+00:00,506.9259405,266.9975196,23.97678812,182.3867397,237.7038647,58.3,17.39079626,17.13333333,24.74424255,23.529187
2025-06-24 11:30:00+00:00,518.9237091,269.6679894,23.92962963,189.3580657,243.8831407,58.0847619,17.566,17.06428571,24.8,23.49018519
2025-06-24 11:45:00+00:00,569.4932296,273.508327,23.94532565,195.4806903,195.8963938,57.66722944,17.08789194,17.01582418,24.59006298,23.48205651
2025-06-24 12:00:00+00:00,572.0819338,268.6465707,24.08059587,201.163165,188.5098371,57.0412672,16.27294935,16.48977778,24.35921318,23.6359902
2025-06-24 12:15:00+00:00,537.4968969,265.2424265,24.0414359,207.5464118,307.1029457,56.07684127,16.12322413,16.06777778,24.47592297,23.88433862
2025-06-24 12:30:00+00:00,561.8286415,266.5845052,23.89395833,213.0777778,363.7654403,55.01536797,16.80987179,16.27244898,24.7890985,24.0
2025-06-24 12:45:00+00:00,741.2965057,266.7313943,24.34790471,217.9049293,278.1209658,53.89947571,17.03038384,17.36659259,24.9268682,23.80666667
2025-06-24 13:00:00+00:00,757.9208225,269.8885093,24.53892754,223.7519603,472.0414709,52.3282328,17.5886119,17.065,24.96790476,23.62666667
2025-06-24 13:15:00+00:00,756.9377778,269.1695307,24.63101131,228.8096905,343.9251068,50.72480952,17.8182381,17.52333333,24.99293651,23.60121212
2025-06-24 13:30:00+00:00,488.5324526,258.8774067,24.29774436,233.2330442,330.401765,49.11039966,18.18251469,17.17559524,24.72868481,23.86418581
2025-06-24 13:45:00+00:00,456.7606705,270.9890144,24.10196117,237.6075556,246.512985,47.35492593,18.01441481,17.48,24.70666667,23.79339683
2025-06-24 14:00:00+00:00,453.5546473,119.4433598,24.00727273,241.7552381,352.2632137,45.50952381,18.00666667,16.99466667,24.66453333,23.53990741
2025-06-24 14:15:00+00:00,453.3214263,53.52991866,24.13129787,245.7840608,144.5531197,43.56066931,17.3169247,16.03571429,24.6,23.6
2025-06-24 14:30:00+00:00,455.4181741,50.82996289,24.2,249.8108751,66.72811343,41.46217687,16.79642857,15.8,24.6,23.6
2025-06-24 14:45:00+00:00,456.9251334,51.87496071,24.2,253.4056349,104.2180138,39.44959596,16.58885714,17.21388889,24.47987879,23.62961538
2025-06-24 15:00:00+00:00,456.0699717,53.7536646,24.2,256.866,113.536721,37.41185185,16.07821376,16.81866667,24.597,23.6
2025-06-24 15:15:00+00:00,457.1611529,51.72670068,24.2,260.3987124,161.441644,35.22507937,15.51141002,16.8287415,24.6,23.69920635
2025-06-24 15:30:00+00:00,457.2442369,51.74752429,24.2,263.4295714,93.7812812,33.27404762,15.3772381,17.1782381,24.6,23.7
2025-06-24 15:45:00+00:00,447.6401194,52.33299729,24.2,266.7296862,90.9582654,31.05705628,15.51203102,16.62,24.6,23.7
2025-06-24 16:00:00+00:00,442.2561008,50.58062124,24.2,270.1301417,79.13306156,28.73344638,15.53267681,17.35,24.6,23.7
2025-06-24 16:15:00+00:00,438.0012247,50.74266091,24.2,272.7845238,63.65219526,26.85833333,14.96428571,16.62285714,24.54596784,23.7
2025-06-24 16:30:00+00:00,434.6183072,51.24873349,24.2,276.03017,45.75244899,24.56426768,14.27787879,17.03616667,24.4159425,23.7
2025-06-24 16:45:00+00:00,433.0483184,52.59813933,24.2,278.7248319,28.59707135,22.63571078,13.8934736,16.96941558,24.4,23.7
2025-06-24 17:00:00+00:00,430.1296154,52.09536138,24.2,281.9211825,30.6613912,20.32485714,14.09078718,16.93809524,24.4,23.7
2025-06-24 17:15:00+00:00,431.151273,51.89767465,24.2,284.7968197,37.78966633,18.31870748,14.16806838,16.61142857,24.4127619,23.7
2025-06-24 17:30:00+00:00,430.7295928,51.98482317,24.17191944,287.8316988,24.95348879,16.08711389,13.94859524,16.37019048,24.5,23.7
2025-06-24 17:45:00+00:00,432.6925229,52.01992567,24.14601276,290.6368834,14.89206654,14.13739316,13.94965812,16.85085193,24.48438228,23.7
2025-06-24 18:00:00+00:00,433.6039174,51.77947894,24.1,293.630636,17.26451437,12.11609153,13.81679035,16.8200641,24.325,23.7
2025-06-24 18:15:00+00:00,433.3380086,52.27820073,24.1,295.9034235,15.81193711,10.56588345,13.8,16.39391941,24.36784993,23.7
2025-06-24 18:30:00+00:00,433.6231976,51.73048303,24.1,299.5429765,5.709560033,8.240314648,13.91843162,17.21466667,24.4,23.7
2025-06-24 18:45:00+00:00,433.9888206,52.26424637,24.06276316,302.2430446,4.953513346,6.508309929,13.78560493,15.70160847,24.4,23.63864444
2025-06-24 19:00:00+00:00,433.7623225,19.1884037,24.07623225,305.4704102,3.560746924,4.576428571,13.50178571,17.93061224,24.4,23.63571429
2025-06-24 19:15:00+00:00,432.9510101,0.0,24.1,307.619963,4.003636364,3.326136364,13.42537885,17.53333333,24.26285714,23.66666667
2025-06-24 19:30:00+00:00,431.436543,0.0,24.1,311.4115372,2.347756635,1.270666667,13.40055556,17.40666667,24.2,23.6
2025-06-24 19:45:00+00:00,430.3202208,0.0,24.1,314.6341799,0.761983887,-0.293989418,13.43609524,17.33833333,24.2,23.6
2025-06-24 20:00:00+00:00,428.2022939,0.0,24.1,317.4589824,0.23478261,-1.636251288,13.63829583,17.18095238,24.2,23.65690254
2025-06-24 20:15:00+00:00,427.1838998,0.0,24.1,320.4470643,0.019620614,-2.985861472,13.85465801,16.95625589,24.2,23.7
2025-06-24 20:30:00+00:00,426.3812521,0.0,24.1,324.1186111,0.0,-4.512047952,13.91866667,16.66488095,24.2,23.7
2025-06-24 20:45:00+00:00,425.7321429,0.0,24.1,327.2435714,0.0,-5.673384354,13.8945068,16.52142857,24.2,23.7
2025-06-24 21:00:00+00:00,425.8244274,0.0,24.1,330.3619078,0.0,-6.754136974,13.99346673,16.39031746,24.2,23.7
2025-06-24 21:15:00+00:00,426.2241994,0.0,24.1,333.8596667,0.0,-7.820666667,14.1062963,16.22142857,24.2,23.7
2025-06-24 21:30:00+00:00,425.1288235,0.0,24.1,337.1746667,0.0,-8.693904762,14.18666667,16.07333333,24.2,23.7
2025-06-24 21:45:00+00:00,424.6360691,0.0,24.1,340.5582973,0.0,-9.476705834,14.3,16.0,24.2,23.7
2025-06-24 22:00:00+00:00,424.0395483,0.0,24.1,343.8194173,0.0,-10.12828571,14.32836055,15.94,24.2,23.7
2025-06-24 22:15:00+00:00,423.0142857,0.0,24.1,347.4994096,0.0,-10.68015873,14.41591111,15.8,24.2,23.7
2025-06-24 22:30:00+00:00,423.4956522,0.0,24.1,351.008798,0.0,-11.11846737,14.37536508,15.8,24.2,23.7
2025-06-24 22:45:00+00:00,423.2337093,0.0,24.1,354.3572031,0.0,-11.38015873,14.40208929,15.7202381,24.2,23.7
2025-06-24 23:00:00+00:00,423.3401481,0.0,24.1,357.5233516,0.0,-11.53746405,14.412,15.64864469,24.2,23.7
2025-06-24 23:15:00+00:00,422.4699432,0.0,24.1,102.7565146,0.0,-11.57566667,14.48703963,15.6,24.2,23.7
2025-06-24 23:30:00+00:00,422.9738317,0.0,24.1,4.625207848,0.0,-11.43461538,14.56264172,15.6,24.2,23.7
2025-06-24 23:45:00+00:00,421.8883033,0.0,24.1,8.218540793,0.0,-11.17939394,14.39697436,15.6,24.2,23.7
2025-06-25 00:00:00+00:00,421.0411477,0.0,24.1,11.47,0.0,-10.85918519,14.20321667,15.6,24.2,23.7
2025-06-25 00:15:00+00:00,422.0,0.0,24.1,15.36350289,0.0,-10.32895382,14.26667172,15.6,24.2,23.7
2025-06-25 00:30:00+00:00,422.0147377,0.0,24.1,18.76137755,0.0,-9.690031179,14.21886029,15.6,24.2,23.7
2025-06-25 00:45:00+00:00,421.7196099,0.0,24.1,22.11137446,0.0,-8.977840308,14.32594139,15.6,24.2,23.7
2025-06-25 01:00:00+00:00,420.9324176,0.0,24.1,25.50111111,0.0,-8.110705497,14.48855556,15.6,24.23047059,23.7
2025-06-25 01:15:00+00:00,420.5977395,0.0,24.1,28.26940865,0.0,-7.256805361,14.81566667,15.6,24.3,23.7
2025-06-25 01:30:00+00:00,420.779841,0.0,24.1,32.14964105,0.0,-6.032619048,14.52506258,15.50714286,24.3,23.7
2025-06-25 01:45:00+00:00,421.2640067,0.0,24.1,35.3617963,0.0,-4.845407407,14.41192766,15.5,24.3,23.7
2025-06-25 02:00:00+00:00,420.8088558,0.0,24.1,38.60223401,0.12099537,-3.516548822,14.44766667,15.5,24.23205387,23.7
2025-06-25 02:15:00+00:00,420.4149464,0.0,24.1,41.72921347,0.471062841,-2.166,14.60500253,15.5,24.3,23.7
2025-06-25 02:30:00+00:00,420.5215591,0.0,24.1,44.91620491,1.105733802,-0.674151721,14.5,15.5,24.20612245,23.7
2025-06-25 02:45:00+00:00,421.1259259,0.568983957,24.1,47.80326007,2.750725926,0.730899267,14.24825641,15.38444444,24.2,23.7
2025-06-25 03:00:00+00:00,422.8979902,11.29555556,24.1,50.79956281,4.161517094,2.26644807,14.24973333,15.34047619,24.21776014,23.7
2025-06-25 03:15:00+00:00,424.7622882,54.39878858,24.09061355,53.98760771,6.15137381,4.067928005,14.40790559,18.10357143,24.28122711,23.65517419
2025-06-25 03:30:00+00:00,427.6488935,53.1273319,24.0,56.92475794,10.24465261,5.807087912,14.46004167,16.75904762,24.1,23.6
2025-06-25 03:45:00+00:00,430.1645079,53.19395441,24.0,59.79641174,14.56279956,7.604804625,14.67866667,17.41333333,24.1,23.6
2025-06-25 04:00:00+00:00,434.0904483,87.01122507,24.0,63.01359933,9.433850106,9.634111111,14.10730525,16.89849206,24.142,23.6
2025-06-25 04:15:00+00:00,437.131211,159.6802529,23.92108844,65.76577316,16.5956649,11.47662546,13.79014129,16.675,24.18571429,23.58928571
2025-06-25 04:30:00+00:00,437.0222222,221.0364748,23.89,68.72238624,28.33043045,13.47699471,13.89087196,17.025,24.03473969,23.5
2025-06-25 04:45:00+00:00,437.192751,262.2176036,23.76803922,71.67066667,41.71832286,15.5333189,13.84204579,17.2,23.95624434,23.42222222
2025-06-25 05:00:00+00:00,436.8840559,269.4005,23.72541667,74.52261336,44.89157558,17.5325812,13.92394716,17.12,23.99373333,23.3582381
2025-06-25 05:15:00+00:00,445.9712349,269.5153076,23.69857143,77.37460317,59.32753221,19.59594388,13.69990363,17.02285714,23.87452285,23.3
2025-06-25 05:30:00+00:00,445.6557732,263.9900504,23.6,80.29954416,75.25392213,21.66981481,13.49925926,16.99888889,23.83442016,23.26666667
2025-06-25 05:45:00+00:00,442.8892774,270.8228155,23.53671569,83.31215079,134.4099214,23.82310317,13.85707893,17.09857143,23.76,23.19703909
2025-06-25 06:00:00+00:00,453.6256125,267.6271904,23.5,86.1331919,124.2439147,25.82926677,14.39046393,17.12857143,23.73051948,23.32951727
2025-06-25 06:15:00+00:00,463.0135641,267.584178,23.5,89.17982684,166.1040106,27.95961905,14.60228571,16.91266667,23.7687746,23.64226263
2025-06-25 06:30:00+00:00,459.3027012,267.547558,23.5,92.57408862,282.4380322,30.29747721,14.98826323,16.9,23.85748474,23.69109788
2025-06-25 06:45:00+00:00,457.3024696,270.3091244,23.44090697,95.84932468,205.0554938,32.51066667,15.44697143,17.07722222,24.05909303,23.8
2025-06-25 07:00:00+00:00,535.7962963,271.0369922,23.59519481,98.96286848,523.0633369,34.55567177,15.51664811,17.21428571,23.99920068,23.87880411
2025-06-25 07:15:00+00:00,605.1184921,273.7207692,23.94896697,102.3853492,259.6402618,36.6817619,15.70969475,16.96552381,23.88593395,24.14367003
2025-06-25 07:30:00+00:00,619.395848,270.8848099,24.0286666,105.8073704,394.4440807,38.76055556,15.98628349,17.10695971,23.811922,24.22195238
2025-06-25 07:45:00+00:00,573.7266372,267.2472925,24.04801961,109.7206917,366.3217258,40.96030423,16.14895206,16.92571429,23.8,23.58555556
2025-06-25 08:00:00+00:00,567.5815873,268.1251928,23.83961466,113.3977041,336.6541326,42.89895692,16.17749433,16.9,23.83759399,23.44386555
2025-06-25 08:15:00+00:00,692.1432083,270.8614272,24.04475843,116.3583956,308.9271106,44.35623545,15.80413757,16.89484127,24.09537922,23.70436674
2025-06-25 08:30:00+00:00,672.5178451,265.4399666,24.15147653,121.6196667,312.9180452,46.78033333,16.20536667,17.15384615,24.21703456,23.71333333
2025-06-25 08:45:00+00:00,638.3819514,268.1050934,24.33416667,125.9211565,336.9340251,48.55873299,16.15732143,17.04196429,24.31054945,23.93163781
2025-06-25 09:00:00+00:00,533.7183336,268.1533633,23.98619024,130.3217701,546.5067889,50.18784127,16.2541847,16.99650794,24.37540236,24.08410256
2025-06-25 09:15:00+00:00,504.025631,269.6891329,23.8,134.9161759,649.3746547,51.71722222,17.08675926,17.34,24.3670758,24.38459502
2025-06-25 09:30:00+00:00,532.7539394,270.9842741,23.78666667,140.545873,340.3173602,53.32928571,16.66307619,17.18733333,24.39315018,24.508
2025-06-25 09:45:00+00:00,565.2676871,272.7786797,23.7,145.8830952,311.5481082,54.61464286,16.77914286,17.15714286,24.48051948,24.6
2025-06-25 10:00:00+00:00,577.1344737,269.7216667,23.76566667,150.4567273,238.5731344,55.57122222,16.71454545,17.08,24.38166667,24.6
2025-06-25 10:15:00+00:00,657.8006898,269.2265964,23.90698413,157.3335688,761.756222,56.69697403,16.67006061,16.86666667,24.4,24.63538462
2025-06-25 10:30:00+00:00,606.3469942,269.5677103,23.96666667,163.6627196,327.2553032,57.48092593,17.07768519,17.167,24.457151,24.59407407
2025-06-25 10:45:00+00:00,507.1890693,267.5189576,23.83549784,169.4878015,597.6874759,57.94724541,17.03896671,17.23571429,24.43256803,24.2077381
2025-06-25 11:00:00+00:00,490.5153564,266.5612802,23.8,174.6968416,937.5986205,58.22944322,17.4202193,17.1297619,24.52910847,24.14020537
2025-06-25 11:15:00+00:00,480.7761536,274.6329361,23.7110119,182.2264317,830.999547,58.3,17.80739173,17.29841077,24.50354809,24.2925
2025-06-25 11:30:00+00:00,539.5199549,274.7290882,23.7,185.7222817,509.42572,58.27178571,17.22116968,17.37285714,24.50488656,24.26998626
2025-06-25 11:45:00+00:00,554.7352858,270.4704196,23.7,195.1585041,481.7574246,57.67939394,17.6630303,17.24148148,24.46662787,24.27732601
2025-06-25 12:00:00+00:00,555.583546,271.4700985,23.69501283,201.526754,231.3597763,56.96835979,17.14542857,17.2,24.47212121,23.975
2025-06-25 12:15:00+00:00,516.0029339,270.7552674,23.60627234,206.9608653,669.8006921,56.12442424,17.42936364,17.06044444,24.47549512,24.02892491
2025-06-25 12:30:00+00:00,597.2555847,267.1945023,23.84145031,212.9031859,881.395696,55.03270692,18.14875992,17.24353742,24.4,23.8637987
2025-06-25 12:45:00+00:00,708.9552631,268.2773032,24.18565079,218.3168086,828.125285,53.76298535,18.47115873,17.59333333,24.40848485,23.66666667
2025-06-25 13:00:00+00:00,672.956793,267.8733695,24.3,223.8410758,468.8134793,52.24998317,18.14364815,17.14404762,24.63037037,23.64583333
2025-06-25 13:15:00+00:00,532.7024229,267.8610632,23.99455478,228.6155,636.7292177,50.75272222,17.95918069,17.049,24.3257702,23.54666667
2025-06-25 13:30:00+00:00,506.8641447,272.1448298,23.87066421,233.2415842,630.5499113,49.11255411,18.31835601,17.13571429,24.05419815,23.41589286
2025-06-25 13:45:00+00:00,498.3102345,264.7590385,23.96926271,237.1596609,576.896292,47.50544733,18.06642063,17.158,23.98420051,23.39266667
2025-06-25 14:00:00+00:00,450.6158087,123.089093,23.91505005,241.6298223,610.3728632,45.54197619,18.22178684,16.22314815,23.98816339,23.42111228
2025-06-25 14:15:00+00:00,450.2439782,53.92172712,24.2184978,245.8971795,638.259314,43.46807692,18.44476923,15.49730159,24.25722222,23.70416002
2025-06-25 14:30:00+00:00,451.584851,54.63054938,24.44110269,249.6722944,354.114173,41.53085034,18.58534993,17.70515873,24.43856061,23.89458874
2025-06-25 14:45:00+00:00,448.6310079,54.71814941,24.5,253.3154218,558.9033876,39.47038828,18.88813774,16.75638889,24.5,23.90140171
2025-06-25 15:00:00+00:00,446.5246738,56.30414319,24.42333333,256.9347222,576.8031904,37.3206746,18.78471429,17.36611111,24.51037037,23.91037037
2025-06-25 15:15:00+00:00,444.6692522,55.77702674,24.57653187,260.1471063,559.5955491,35.33167388,19.09114612,16.99333333,24.63166071,24.10984462
2025-06-25 15:30:00+00:00,441.6473304,55.6574439,24.60153846,263.0533333,506.7496386,33.48666667,19.11240741,17.27142857,24.7,24.2
2025-06-25 15:45:00+00:00,439.4730001,55.99098682,24.6,266.4485426,473.1748038,31.22715729,19.31202381,16.83666667,24.7,24.2
2025-06-25 16:00:00+00:00,438.6681385,55.95301995,24.6,269.7548889,450.2992869,28.94044444,19.31892857,16.70355556,24.69939394,24.2
2025-06-25 16:15:00+00:00,437.4378832,55.40686726,24.62908163,273.0029576,404.2209163,26.68356102,19.51859103,16.50989011,24.70829782,24.2
2025-06-25 16:30:00+00:00,437.4691739,54.21268608,24.7,275.21514,377.1775375,25.11700899,19.53876371,16.88019048,24.8,24.2
2025-06-25 16:45:00+00:00,433.115229,55.49714741,24.7,278.987037,313.1865993,22.39694444,19.42391667,16.83333333,24.8,24.2
2025-06-25 17:00:00+00:00,433.1502184,55.68672601,24.7,281.6530976,299.7490048,20.48907407,19.29705556,16.8684127,24.73626263,24.26257576
2025-06-25 17:15:00+00:00,431.5497294,54.88632733,24.7,284.6782967,264.4107854,18.34171703,19.18733384,16.88571429,24.80283325,24.3
2025-06-25 17:30:00+00:00,431.3781884,54.34545033,24.75944533,287.6712792,231.114223,16.20969697,19.0701426,17.16440476,24.9,24.3
2025-06-25 17:45:00+00:00,431.0106949,55.80681313,24.8,290.6977548,200.9836803,14.11003968,19.13698604,17.03037037,24.9,24.3
2025-06-25 18:00:00+00:00,430.1077538,55.15847412,24.8,293.5031667,171.4412068,12.16355556,19.23892981,16.99333333,24.8432107,24.36
2025-06-25 18:15:00+00:00,428.4500276,55.62551498,24.8,295.9398397,145.5473089,10.53308338,19.23857631,16.80750916,24.80225013,24.4
2025-06-25 18:30:00+00:00,429.4809016,55.7523405,24.8,299.1446786,111.6863857,8.438351852,19.01346349,16.7,24.94420666,24.4
2025-06-25 18:45:00+00:00,428.6420276,55.76023932,24.8,302.4053757,79.74031764,6.406878307,18.73313743,17.12963435,24.96376303,24.4
2025-06-25 19:00:00+00:00,428.9681539,21.33941825,24.8282822,304.8115681,57.83151524,4.964984539,18.53066352,16.94909091,25.0,24.4
2025-06-25 19:15:00+00:00,428.7058417,0.0,24.9,308.357381,30.84697192,2.938902116,17.7617,17.02444444,24.92102564,24.4
2025-06-25 19:30:00+00:00,428.9066667,0.0,24.9,311.4415344,14.52607901,1.232380952,17.34111111,17.12142857,24.9,24.4
2025-06-25 19:45:00+00:00,427.486075,0.0,24.9,314.5075565,5.613096325,-0.259351852,16.8562963,17.2,24.9,24.4
2025-06-25 20:00:00+00:00,425.584845,0.0,24.9,317.2394841,2.318555138,-1.561880282,16.60392857,17.25,24.9,24.4
2025-06-25 20:15:00+00:00,424.6349807,0.0,24.9,320.3628898,0.641931967,-2.996711867,16.44219966,17.38666667,24.9,24.4
2025-06-25 20:30:00+00:00,425.5913952,0.0,24.9,323.6420635,0.137910534,-4.352777778,16.32296296,17.58,24.89928571,24.4
2025-06-25 20:45:00+00:00,424.6788298,0.0,24.9,327.2484892,0.0,-5.691739316,15.91768454,17.76428571,24.86536325,24.4
2025-06-25 21:00:00+00:00,425.0254866,0.0,24.9,330.1905612,0.0,-6.731887755,15.39371032,17.9,24.83285714,24.4
2025-06-25 21:15:00+00:00,423.9826037,0.0,24.83388889,333.3204233,0.0,-7.688809524,15.04766111,18.06533333,24.8,24.4
2025-06-25 21:30:00+00:00,423.0320513,0.0,24.8,337.0978095,0.0,-8.711,14.99172222,18.1,24.8,24.4
2025-06-25 21:45:00+00:00,423.9822222,0.0,24.8,339.9072616,0.0,-9.385545889,14.78550981,18.1,24.8,24.4
2025-06-25 22:00:00+00:00,423.8730175,0.0,24.8,343.8808766,0.0,-10.16470588,14.53714286,18.1,24.8,24.4
2025-06-25 22:15:00+00:00,423.1398835,0.0,24.74,347.4916058,0.0,-10.71980159,14.34978246,18.1,24.8,24.4
2025-06-25 22:30:00+00:00,423.0,0.0,24.7,350.7657879,0.0,-11.14026768,14.14455556,17.25738095,24.70512821,24.3047619
2025-06-25 22:45:00+00:00,436.8389899,241.9911096,24.49434657,354.3789683,0.0,-11.41714286,13.78443175,15.24,24.50009662,23.90536195
2025-06-25 23:00:00+00:00,443.8986995,272.8425247,24.25766946,357.839664,0.0,-11.56166667,13.7681366,15.19083694,24.30805556,23.73743558
2025-06-25 23:15:00+00:00,447.3659259,273.595614,24.06748538,70.30916667,0.0,-11.6,13.56114815,14.99333333,24.08608187,23.58811111
2025-06-25 23:30:00+00:00,448.9423883,272.9303182,23.90530151,4.108379269,0.0,-11.52551581,13.46666667,14.9,24.08346394,23.52348549
2025-06-25 23:45:00+00:00,450.9648358,259.8176657,23.76089551,8.249997522,0.0,-11.26330564,13.38596906,14.87142857,23.99799692,23.40808081
2025-06-26 00:00:00+00:00,450.1310631,138.2615789,23.73351515,11.64545503,0.0,-10.88143651,13.4453463,14.8,23.90255556,23.3572619
2025-06-26 00:15:00+00:00,449.9808303,272.019084,23.62583761,14.73470987,0.0,-10.46011855,13.2927902,14.69,23.77325139,23.26823443
2025-06-26 00:30:00+00:00,452.386114,273.0902655,23.45878788,18.52029101,0.0,-9.8,13.03962963,14.49333333,23.61606235,23.08543915
2025-06-26 00:45:00+00:00,452.6671603,268.6437761,23.31851653,21.88005952,0.0,-9.022321429,12.96517857,14.4,23.54065934,22.95873016
2025-06-26 01:00:00+00:00,452.7981287,271.0987879,23.165,25.25203704,0.0,-8.224074074,12.836,14.28571429,23.52478788,22.9
2025-06-26 01:15:00+00:00,455.036987,267.7864815,23.03064426,28.16070491,0.0,-7.360420635,12.62666667,14.03154762,23.43190476,22.83090909
2025-06-26 01:30:00+00:00,456.3399534,271.8421445,22.89449417,32.09055556,0.0,-6.101505051,12.52660606,13.97925926,23.29960494,22.67128205
2025-06-26 01:45:00+00:00,456.7260182,266.4021207,22.77116071,35.48365079,0.056666667,-4.834761905,12.57015873,13.80133333,23.2,22.59916667
2025-06-26 02:00:00+00:00,455.338543,271.0357149,22.67530612,38.37473717,0.372009463,-3.676496599,12.56734127,13.84769231,23.10595238,22.48262363
2025-06-26 02:15:00+00:00,455.5886382,271.2381141,22.5381486,41.73459259,1.461307206,-2.222555556,12.56859259,13.72857143,22.96925839,22.4
2025-06-26 02:30:00+00:00,454.8403752,49.45987709,22.56071429,44.18303846,3.635762482,-1.055555556,13.13834858,13.88842593,22.94047308,22.37465201
2025-06-26 02:45:00+00:00,450.6268376,12.48344988,22.63035088,47.80824387,11.69639478,0.657528139,13.6355,13.96666667,23.06166667,22.42703704
2025-06-26 03:00:00+00:00,448.7869408,0.0,22.7,50.68650794,24.29166503,2.157615546,13.9297619,14.05714286,23.1,22.5
2025-06-26 03:15:00+00:00,449.0377778,29.66072712,22.75490196,54.04233618,44.83001507,4.057899878,13.56518559,17.87404762,23.11848889,22.5
2025-06-26 03:30:00+00:00,450.2611075,54.1826456,22.8,56.98474074,67.33431359,5.805968254,13.71912169,20.468,23.2,22.58761905
2025-06-26 03:45:00+00:00,451.7868531,55.11352822,22.8,59.94881481,91.37624327,7.650579125,14.19333333,18.52,23.2,22.6
2025-06-26 04:00:00+00:00,452.6275437,53.41118326,22.85333333,62.99528864,120.852549,9.59994113,14.18819194,18.37918367,23.21928571,22.6
2025-06-26 04:15:00+00:00,454.1973585,52.80294635,22.9,65.83977778,149.3239479,11.48111111,14.39028889,18.52365079,23.3,22.65133333
2025-06-26 04:30:00+00:00,455.4004605,52.16123231,22.98,68.37175214,179.1648641,13.19626873,14.92667949,18.16888889,23.3,22.7
2025-06-26 04:45:00+00:00,455.68139,50.90799066,23.0,71.48021867,207.6502537,15.34470418,15.77320546,18.11555556,23.31625962,22.7
2025-06-26 05:00:00+00:00,457.9857031,53.56846561,23.06369048,74.56478458,243.3831283,17.51422902,16.64018849,17.859375,23.35889683,22.78571429
2025-06-26 05:15:00+00:00,474.4795864,59.02097705,23.1,77.30060606,253.7517807,19.4985974,16.57946667,17.69333333,23.37130731,22.8
2025-06-26 05:30:00+00:00,462.9050505,68.10513709,23.11240981,79.86333333,261.4555455,21.32333333,16.49670707,17.355,23.35289899,22.84518519
2025-06-26 05:45:00+00:00,473.5832828,78.51853557,23.13680098,83.31050594,306.0440012,23.80438889,16.49496546,17.46,23.3,22.9
2025-06-26 06:00:00+00:00,559.2333439,97.0114616,23.35854416,85.18111111,299.2566196,25.12960317,16.7669178,16.97857143,23.27328934,22.91071429
2025-06-26 06:15:00+00:00,671.6073926,135.586431,23.63636364,89.37269902,367.6933265,28.05029762,17.08936111,16.89,23.202,23.43266667
2025-06-26 06:30:00+00:00,675.6709319,182.9321096,23.671,92.48555556,439.1111014,30.22678978,17.52204487,17.29626984,23.19120789,23.52923977
2025-06-26 06:45:00+00:00,638.4149318,233.9298026,23.7,95.65138889,458.5615809,32.33822222,18.12198095,17.28266667,23.16265936,23.65404762
2025-06-26 07:00:00+00:00,612.0766499,264.4710041,23.7,99.01208369,405.9275149,34.54251701,18.23875,17.13571429,23.27046083,23.43333333
2025-06-26 07:15:00+00:00,564.9949018,269.4737326,23.66522145,102.2871481,400.7947338,36.56909259,17.83029762,16.91,23.19615176,23.26583333
2025-06-26 07:30:00+00:00,554.6690454,275.6634239,23.6,105.8543871,434.5949225,38.71877123,17.93107505,17.02888889,23.35334738,23.26655789
2025-06-26 07:45:00+00:00,562.1554765,269.834638,23.59841906,109.3539021,440.4494106,40.69349206,17.89925926,17.14761905,23.73479772,23.27878788
2025-06-26 08:00:00+00:00,571.7316017,268.4635711,23.69142857,113.0770408,479.0973853,42.68475057,17.97379149,17.51428571,24.02268908,23.14285714
2025-06-26 08:15:00+00:00,584.2768036,268.248489,23.92498169,116.9021772,528.2233892,44.56212037,18.48915295,17.39714286,24.09128205,23.15197778
2025-06-26 08:30:00+00:00,581.5718359,267.493905,23.98902232,120.9758385,466.0907365,46.42467252,19.05518491,17.19148148,24.02994882,23.33796717
2025-06-26 08:45:00+00:00,577.0685401,267.8320304,24.1,125.5648129,707.1613052,48.36689626,18.52580952,17.16428571,24.02657716,23.51535714
2025-06-26 09:00:00+00:00,565.7285992,271.1189973,23.98407071,130.3108677,426.2851036,50.10528571,18.72727273,17.365,24.01294613,23.64437037
2025-06-26 09:15:00+00:00,515.6503224,269.6864198,23.71333333,135.1508333,659.091793,51.72416667,18.61,17.30666667,24.1,23.78666667
2025-06-26 09:30:00+00:00,506.0897504,263.9721491,23.60446465,140.482031,776.8763101,53.26213083,19.30462811,17.40619048,24.15448711,23.8
2025-06-26 09:45:00+00:00,505.9534077,266.3942539,23.54086835,145.792207,755.3263117,54.5703927,19.31083203,17.25204082,24.2,23.84910714
2025-06-26 10:00:00+00:00,500.2679762,267.283987,23.5,149.7160758,844.1050476,55.39740909,20.13881212,17.36666667,24.24585082,23.7536778
2025-06-26 10:15:00+00:00,538.0008133,265.8500845,23.55320261,156.4429365,805.5029141,56.54940495,20.09169801,17.17,24.3,23.46205128
2025-06-26 10:30:00+00:00,560.1575483,269.6179532,23.7,163.4275,800.6006484,57.40027778,20.24611111,17.04,24.34055556,23.47384615
2025-06-26 10:45:00+00:00,556.9454545,269.3398567,23.706981,169.3898932,788.7183355,57.92661107,20.120758,17.01964286,24.35689655,23.49285714
2025-06-26 11:00:00+00:00,559.761455,270.5784392,23.7,175.2797671,786.5000205,58.20493506,20.76846908,17.16,24.15392857,23.52041478
2025-06-26 11:15:00+00:00,547.7166247,270.0839494,23.63307692,182.2605851,809.802244,58.27212121,21.47789822,17.38759259,24.03969697,23.6
2025-06-26 11:30:00+00:00,509.351249,268.5487665,23.57509389,189.0416947,805.0174591,58.0782351,21.55460269,17.47464286,24.11004575,23.56153319
2025-06-26 11:45:00+00:00,509.1301381,267.5614497,23.6,194.1684475,801.509934,57.70892956,21.10819999,17.28181818,24.28367604,23.51431889
2025-06-26 12:00:00+00:00,503.2578956,270.5292593,23.6,201.2287879,792.5398833,56.95498317,21.70162393,17.07333333,24.09508796,23.46
2025-06-26 12:15:00+00:00,491.6770468,272.0613333,23.6,207.288152,730.6505106,56.03365201,21.83577037,16.7565873,23.69579259,23.5
2025-06-26 12:30:00+00:00,679.7492603,270.5677875,23.94384868,212.3994444,755.8935667,55.08944444,22.57623016,16.60533333,23.93333333,23.48
2025-06-26 12:45:00+00:00,749.6173232,274.0163124,24.29113058,218.4401871,542.1255572,53.69596939,21.36188312,16.48238095,23.94599174,23.4
2025-06-26 13:00:00+00:00,718.8912121,267.8244444,24.42055556,222.9185185,380.3106667,52.48814815,21.09637037,16.0745,24.16503663,23.45333333
2025-06-26 13:15:00+00:00,620.6397558,271.110628,24.32333333,228.3721667,270.2451639,50.7812037,21.00280392,16.63481481,24.1884058,23.77481481
2025-06-26 13:30:00+00:00,501.0186591,268.7862985,23.92966507,233.1416667,420.5802166,49.1037037,20.86437172,16.99785185,24.21622222,23.78840796
2025-06-26 13:45:00+00:00,486.9841991,269.3012626,23.8711039,237.7105172,250.049869,47.23714054,20.47492579,17.54047619,24.2266342,23.89691558
2025-06-26 14:00:00+00:00,482.5902092,270.7916049,23.75234568,241.7372196,233.1291446,45.4653836,20.00747804,17.22344444,24.08316667,23.91453102
2025-06-26 14:15:00+00:00,475.806468,268.7659218,23.70424242,245.7797778,173.8167559,43.51355556,20.46594833,17.03777778,23.94722222,23.92533333
2025-06-26 14:30:00+00:00,468.1902326,267.8058045,23.7,249.6632222,174.8246752,41.47951178,20.45283333,16.88666667,23.83248889,23.90533333
2025-06-26 14:45:00+00:00,462.0354422,271.1557339,23.7,252.9,137.9235936,39.68571429,20.02,16.89076923,23.9,23.61913087
2025-06-26 15:00:00+00:00,461.8509264,179.5981818,23.7416,256.4140741,92.31518899,37.61714815,18.65800606,15.72923077,23.94165709,23.515
2025-06-26 15:15:00+00:00,462.6180556,54.60184818,23.88060606,260.025168,75.89072992,35.39608333,17.78372087,15.62711538,24.08060606,23.6
2025-06-26 15:30:00+00:00,460.1684867,55.84166723,23.93875,263.0311433,46.76918325,33.45832458,17.48507353,17.21987179,24.1,23.6
2025-06-26 15:45:00+00:00,458.2793799,54.97417367,24.0,266.5621104,50.48338715,31.07731136,17.67355897,16.71333333,24.1,23.6
2025-06-26 16:00:00+00:00,455.4414717,55.21885217,24.0,269.9239271,56.36929197,28.79166955,17.25914574,16.815,24.03692308,23.6
2025-06-26 16:15:00+00:00,453.8376711,55.24433862,24.0,272.9299683,42.78731396,26.68546032,17.00953968,16.77866667,24.0514979,23.6
2025-06-26 16:30:00+00:00,452.237659,55.25097029,24.0,275.7227891,42.97591991,24.7110119,17.12954082,17.11818182,24.14761905,23.6
2025-06-26 16:45:00+00:00,449.714303,54.99620434,24.0,278.5385126,37.29273736,22.6815873,17.25096359,17.18666667,24.2,23.6
2025-06-26 17:00:00+00:00,447.1090752,54.89231454,24.0,281.797619,15.92687462,20.37915344,17.69728307,17.05516667,24.2,23.6
2025-06-26 17:15:00+00:00,444.4457143,55.10685445,24.0,284.404,17.02223248,18.44990476,18.29186667,16.78571429,24.2,23.6
2025-06-26 17:30:00+00:00,443.3838036,55.45496351,24.0,287.1495805,14.66791374,16.53120748,17.87658617,17.1,24.2,23.6
2025-06-26 17:45:00+00:00,442.9309524,55.31750248,24.0,290.5621111,8.402986241,14.14754762,17.53829841,17.07083333,24.2,23.6
2025-06-26 18:00:00+00:00,443.0246447,55.60311943,24.0,293.6224906,6.252076949,12.0499919,17.23537668,16.7047619,24.2,23.6
2025-06-26 18:15:00+00:00,441.7489116,55.98160173,24.0,296.409614,4.599473036,10.18993506,16.78464286,17.31428571,24.2,23.6
2025-06-26 18:30:00+00:00,440.7024245,55.72785146,23.90888889,299.1930917,5.284612059,8.38796892,16.8687235,16.63234921,24.15889833,23.6
2025-06-26 18:45:00+00:00,439.2253748,54.48343704,23.9,302.0079856,3.176200794,6.613514329,16.41150794,17.244,24.17620225,23.6
2025-06-26 19:00:00+00:00,439.6079779,12.55988874,23.9,304.9118519,2.696052628,4.808,16.32325926,16.69349206,24.02093105,23.6
2025-06-26 19:15:00+00:00,439.9179762,0.0,23.9,307.6278388,1.477922078,3.308105704,14.87857143,16.8,24.0,23.59285714
2025-06-26 19:30:00+00:00,438.9091133,0.0,23.92,309.7181217,1.040207654,2.106952381,14.67903175,16.8,24.0,23.53674603
2025-06-26 19:45:00+00:00,437.5333333,0.0,23.95157895,314.4357864,0.253238731,-0.270937951,14.51828788,16.8,24.0,23.6
2025-06-26 20:00:00+00:00,436.7794317,0.0,23.9,317.3423404,0.090491022,-1.669336735,14.44434975,16.8,24.0,23.6
2025-06-26 20:15:00+00:00,435.8748395,0.0,23.9,320.5926111,0.0,-3.139513228,14.50417857,16.70416667,24.03564406,23.6
2025-06-26 20:30:00+00:00,435.4204793,0.0,23.9,323.6904762,0.0,-4.409761905,14.5,16.7,24.02955182,23.6
2025-06-26 20:45:00+00:00,434.2,0.0,23.9,326.9979762,0.0,-5.633555556,14.584,16.7,24.0,23.6
2025-06-26 21:00:00+00:00,433.4742063,0.0,23.9,329.8917582,0.0,-6.647738095,14.57120879,16.7,24.0,23.6
2025-06-26 21:15:00+00:00,433.3752437,0.0,23.9,333.4718995,0.0,-7.779603175,14.5,16.7,24.0,23.6
2025-06-26 21:30:00+00:00,433.3555331,0.0,23.9,337.067671,0.0,-8.748,14.5,16.7,24.0,23.6
2025-06-26 21:45:00+00:00,432.5614588,0.0,23.97212121,340.5455185,0.0,-9.554444444,14.5,16.7,24.0,23.6
2025-06-26 22:00:00+00:00,432.6512413,0.0,23.99700687,343.6796233,0.0,-10.1714144,14.5964319,16.7,24.0,23.6
2025-06-26 22:15:00+00:00,432.9383838,0.0,24.0,347.0238519,0.0,-10.69755556,14.79468519,16.7,24.0,23.6
2025-06-26 22:30:00+00:00,432.7619048,0.0,24.0,350.5955556,0.0,-11.12836364,14.80588131,16.7,24.0,23.6
2025-06-26 22:45:00+00:00,431.6782068,0.0,24.0,354.10721,0.0,-11.44470391,15.00435081,16.63142857,24.0,23.6
2025-06-26 23:00:00+00:00,430.6710443,0.0,24.0,357.7368449,0.0,-11.6,15.11983846,16.6,24.0,23.6
2025-06-26 23:15:00+00:00,431.2061935,0.0,24.0,43.10348148,0.0,-11.6,15.19941212,16.6,24.0,23.6
2025-06-26 23:30:00+00:00,431.8797739,0.0,24.0,4.940825397,0.0,-11.52,15.18253367,16.50444444,24.0,23.6
2025-06-26 23:45:00+00:00,430.7150445,0.0,24.0,8.177063492,0.0,-11.2760119,15.16449206,16.5,24.0,23.6
2025-06-27 00:00:00+00:00,430.0458078,0.0,23.98108081,11.49481481,0.0,-10.94185185,15.15193333,16.5,24.0,23.6
2025-06-27 00:15:00+00:00,429.3512829,0.0,23.9,15.16880808,0.0,-10.43754113,15.10298836,16.5,24.0,23.6
2025-06-27 00:30:00+00:00,428.7143704,0.0,23.9,18.48054422,0.0,-9.81031746,15.17142078,16.5,24.0,23.6
2025-06-27 00:45:00+00:00,428.0,0.0,23.9,21.80899471,0.0,-9.097783069,15.12339312,16.5,24.0,23.6
2025-06-27 01:00:00+00:00,427.6327953,0.0,23.9,25.48185185,0.0,-8.172486773,15.05009735,16.5,24.0,23.6
2025-06-27 01:15:00+00:00,427.3652644,0.0,23.9,28.42036243,0.0,-7.350174603,15.01591599,16.5,24.0,23.6
2025-06-27 01:30:00+00:00,427.4278285,0.0,23.9,32.03407313,0.0,-6.133979592,15.10912075,16.5,24.0,23.6
2025-06-27 01:45:00+00:00,427.325096,0.0,23.9,35.10376575,0.0,-5.026120731,15.21457186,16.5,24.0,23.6
2025-06-27 02:00:00+00:00,426.7720784,0.0,23.9,38.55766667,0.00202381,-3.667739316,15.43195346,16.5,24.04444444,23.6
2025-06-27 02:15:00+00:00,426.5482051,0.0,23.9,41.74668254,0.341558042,-2.267169312,15.73133333,16.5,24.1,23.6
2025-06-27 02:30:00+00:00,425.8238022,0.0,23.9,44.54607143,2.128107789,-0.967528345,15.90040747,16.5,24.1,23.6
2025-06-27 02:45:00+00:00,426.3440576,0.0,23.9,47.42320124,3.792111819,0.376058275,16.06711111,16.5,24.1,23.6
2025-06-27 03:00:00+00:00,426.7480728,27.90227774,23.9,50.65357937,8.355225253,2.13865873,16.12495238,16.59333333,24.1,23.59416667
2025-06-27 03:15:00+00:00,426.4277778,50.89016773,23.9,53.95718795,15.00876805,3.988492757,16.04293559,17.32747253,24.1,23.5
2025-06-27 03:30:00+00:00,429.9213131,54.11636364,23.9,56.93104762,12.00018426,5.733142857,16.1,17.08666667,24.1,23.5
2025-06-27 03:45:00+00:00,434.6875209,54.29123339,23.87777778,59.65022222,28.5688586,7.421333333,16.33553175,16.75333333,24.09166667,23.5
2025-06-27 04:00:00+00:00,439.8410155,78.1784188,23.87433761,62.71260317,24.02493725,9.343589744,16.55142857,17.30777778,23.90410256,23.40555556
2025-06-27 04:15:00+00:00,446.9762722,140.4009785,23.8,65.82558081,36.4913386,11.41776644,16.29417234,16.93142857,23.9,23.4
2025-06-27 04:30:00+00:00,450.9367677,200.9000084,23.71098039,68.54338095,43.37587133,13.25206349,16.56305238,16.81571429,23.84222222,23.4
2025-06-27 04:45:00+00:00,452.1388432,248.5093567,23.67522876,71.43805556,60.30957469,15.24,16.70975,17.128,23.7445614,23.4
2025-06-27 05:00:00+00:00,455.6265555,267.3562324,23.58173333,74.55351486,52.08175948,17.49389485,16.67353898,17.13066667,23.80007843,23.30917379
2025-06-27 05:15:00+00:00,455.7857143,272.691276,23.5,77.46069548,67.67723342,19.53942589,16.62627551,17.0,23.8,23.21238095
2025-06-27 05:30:00+00:00,465.7159596,273.8274584,23.5,80.33915873,79.64942102,21.6281746,16.98666667,17.01333333,23.7554152,23.2
2025-06-27 05:45:00+00:00,460.8095512,271.0203673,23.48595758,83.37049495,91.99567499,23.7742963,17.22823906,17.18977778,23.64102424,23.24363636
2025-06-27 06:00:00+00:00,462.8723494,267.6399276,23.45578917,86.22904762,113.48306,25.80823413,17.34154762,17.33657738,23.7,23.52032967
2025-06-27 06:15:00+00:00,470.8642545,271.1608525,23.36645774,89.25188095,115.0363906,27.92592857,17.43788095,17.31555556,23.65975123,23.64666667
2025-06-27 06:30:00+00:00,545.36,273.2972178,23.52947368,92.5027405,95.1443861,30.16445503,17.42264812,17.03005952,23.68950558,23.7
2025-06-27 06:45:00+00:00,596.4951842,268.056999,23.73703568,95.34112296,84.39715873,32.07853684,17.26603742,16.87189239,23.98348757,23.69780844
2025-06-27 07:00:00+00:00,584.3772706,277.6269274,23.6,98.74065608,117.6612642,34.32210582,17.01087831,16.53390476,24.15063868,23.5936835
2025-06-27 07:15:00+00:00,597.387848,269.4737357,23.60736842,102.3401852,263.8202098,36.57182419,16.775,16.83821429,24.2,23.27561772
2025-06-27 07:30:00+00:00,593.2955468,273.6523812,23.69333333,105.8822646,223.6074888,38.68715873,17.02008466,17.2,24.2,23.35101852
2025-06-27 07:45:00+00:00,604.0359136,266.7489796,23.73035714,109.3555926,231.8327579,40.66018184,17.01768544,17.11819728,24.23357143,23.42888322
2025-06-27 08:00:00+00:00,599.1049103,274.4832764,23.74510343,112.785,302.6307926,42.49142857,16.91466667,17.025,24.03244444,23.29777778
2025-06-27 08:15:00+00:00,563.3585336,266.6852276,23.71144444,117.1285476,332.1601704,44.65647619,17.07433095,17.15561224,24.0,23.47266138
2025-06-27 08:30:00+00:00,551.352206,265.7509286,23.6957265,120.9691764,296.5316597,46.42013209,17.09886558,17.18909091,23.97668269,23.52377622
2025-06-27 08:45:00+00:00,530,268.056999,23.73703568,125,330,48,17.26603742,17.2,23.98348757,23.4
2025-06-27 09:00:00+00:00,515,269.0,23.5,130.0,380.0,50.0,17.3,17.2,24.0,23.3
2025-06-27 09:15:00+00:00,493.8304762,269.6186466,23.45884354,136.3857143,396.025102,52.06326531,17.30321429,17.2,24.04197802,23.26825397
2025-06-27 09:30:00+00:00,481.8510808,274.4686257,23.4,140.0825397,438.8519824,53.09711111,17.65755556,17.24,24.13425439,23.472
2025-06-27 09:45:00+00:00,479.8543533,266.7929559,23.38113333,145.6687778,484.1861793,54.50815873,17.97605556,17.48106061,24.12163743,23.48571429
2025-06-27 10:00:00+00:00,524.880802,268.4861706,23.48825926,151.2986614,632.1498351,55.61301587,18.07211111,17.36133333,24.21574074,23.49333333
2025-06-27 10:15:00+00:00,584.8499115,271.5359007,23.67734912,157.2010828,810.321015,56.60117063,18.32673469,17.36826007,24.16087173,23.35395973
2025-06-27 10:30:00+00:00,554.5859829,272.4648242,23.58920635,163.3070878,595.1276188,57.37738112,18.74135952,17.3619898,24.1,23.25127778
2025-06-27 10:45:00+00:00,490.5098781,273.8560034,23.39241326,169.573141,690.8066995,57.87575758,18.81083333,17.01588889,24.08,23.3637037
2025-06-27 11:00:00+00:00,478.5578289,272.8118226,23.31519231,175.9206122,798.3794045,58.175,18.76204082,16.80192308,23.95617761,23.2
2025-06-27 11:15:00+00:00,476.3834921,270.9576061,23.3,182.1285794,801.3437832,58.19933333,18.67925162,17.0,23.9,23.13074561
2025-06-27 11:30:00+00:00,464.8458888,268.0541711,23.29265597,188.9346032,808.5526138,57.99115832,18.99259524,17.272,23.85419192,23.10585185
2025-06-27 11:45:00+00:00,462.5919192,271.1497054,23.27521325,195.2341833,812.7381719,57.56738562,18.97245503,17.43333333,23.71391919,23.12862927
2025-06-27 12:00:00+00:00,457.9091876,272.1701365,23.22300752,200.7760771,829.5055453,56.97678571,19.09842404,17.32142857,23.59950739,23.06156463
2025-06-27 12:15:00+00:00,451.1756209,269.2266934,23.2,207.0654127,848.6478418,56.04257143,19.26648918,17.20666667,23.52633333,23.1151431
2025-06-27 12:30:00+00:00,447.2984615,273.3861783,23.19333333,212.8352778,817.0536222,54.97321429,19.25349206,17.22935714,23.5,23.08185185
2025-06-27 12:45:00+00:00,445.619859,276.5777778,23.1,217.9192737,845.180916,53.78947577,19.51471995,17.20666667,23.50080808,23.2
2025-06-27 13:00:00+00:00,443.2974451,268.2848285,23.12987013,223.5077239,602.3030853,52.28441043,19.68672815,17.2,23.5725469,23.17142857
2025-06-27 13:15:00+00:00,442.9800658,270.3799595,23.2,228.5385387,452.4294538,50.69731506,19.6532619,17.04,23.53272727,23.2
2025-06-27 13:30:00+00:00,442.0688215,275.6479875,23.2,233.2247619,760.5856766,49.01785185,19.68673016,16.75325397,23.50166667,23.2
2025-06-27 13:45:00+00:00,437.9125368,272.7082275,23.16752342,237.4527636,759.2922269,47.30952381,20.42230159,16.68095238,23.59421429,23.00316919
2025-06-27 14:00:00+00:00,436.3378705,91.82236985,23.41908481,241.6048809,773.1009001,45.48350505,20.31851501,16.93381868,23.74111888,23.12733333
2025-06-27 14:15:00+00:00,435.445098,18.5214899,23.79474589,245.5658333,375.7306539,43.57988095,19.77955556,17.788,24.01860952,23.43333333
2025-06-27 14:30:00+00:00,434.4239766,1.752222222,23.9035089,249.3121481,468.0075992,41.61222222,19.5802963,19.41611111,24.18915776,23.476633
2025-06-27 14:45:00+00:00,436.0169913,0.0,24.11592098,253.2032182,441.7761186,39.45626391,19.97454867,20.12142857,24.38301282,23.70046769
2025-06-27 15:00:00+00:00,436.6624503,0.0,24.34306818,256.7818519,511.4735651,37.34208995,20.00009524,20.575,24.61085562,23.919133
2025-06-27 15:15:00+00:00,439.4626976,0.0,24.51056853,260.2421634,323.7607014,35.20118987,19.81102046,20.72666667,24.78789474,24.01965368
2025-06-27 15:30:00+00:00,444.6359668,0.493506494,24.58189033,263.5204256,377.8788848,33.0680839,19.86428571,20.80076923,24.93909564,24.15492063
2025-06-27 15:45:00+00:00,449.3881236,0.0,24.71715983,266.5856614,331.1936405,31.04032764,19.9327037,20.89777778,25.08654167,24.31735598
2025-06-27 16:00:00+00:00,452.8277823,0.0,24.89226922,269.5091534,427.7356306,29.04125,20.17846465,20.82666667,25.3294754,24.47729345
2025-06-27 16:15:00+00:00,454.9813955,0.0,25.2326546,272.6588745,404.5108504,26.81928692,20.08669312,20.8,25.5940397,24.65271053
2025-06-27 16:30:00+00:00,452.775907,0.0,25.44564327,275.7601757,365.8095152,24.60912698,19.95535714,20.87987013,25.82800599,24.86684164
2025-06-27 16:45:00+00:00,449.4787519,0.0,25.63175,278.6414408,333.9277621,22.53593568,19.87652338,21.02857143,26.08461538,25.06791667
2025-06-27 17:00:00+00:00,446.9070529,0.0,25.73531746,281.8122963,290.2469819,20.27416667,19.92318519,21.1,26.24545455,25.1847619
2025-06-27 17:15:00+00:00,444.4391608,0.0,25.78814675,284.5037002,259.1319856,18.33648596,19.75376551,21.1,26.3813461,25.28536508
2025-06-27 17:30:00+00:00,443.257489,0.0,25.93831169,287.5746627,223.6975008,16.16663113,19.58211233,21.1,26.50595238,25.4
2025-06-27 17:45:00+00:00,442.0,0.0,26.09939394,290.4378332,184.8308768,14.16970539,19.43032582,21.00714286,26.6,25.4
2025-06-27 18:00:00+00:00,441.8066667,0.0,26.006,293.3371044,149.3183388,12.17251852,19.22931111,21.0,26.6,25.40740741
2025-06-27 18:15:00+00:00,439.0,0.0,26.1,296.2187075,111.5560332,10.23673469,18.80607143,20.95,26.6,25.46298701
2025-06-27 18:30:00+00:00,438.0561311,0.0,26.1,299.1647114,51.12532374,8.343612101,18.43183704,20.77142857,26.6,25.4
2025-06-27 18:45:00+00:00,435.6709402,0.0,26.1,302.0724277,44.94268556,6.551504718,18.00441667,20.47744444,26.53733333,25.4
2025-06-27 19:00:00+00:00,435.001533,0.0,26.03333333,305.1344848,31.75080236,4.667333333,17.81212121,20.10666667,26.4,25.4
2025-06-27 19:15:00+00:00,434.0595238,0.0,25.93928571,308.3331787,13.2494867,2.849965213,17.49317744,19.86153846,26.30383009,25.33936688
2025-06-27 19:30:00+00:00,432.953373,0.0,25.9,311.1413549,7.977849404,1.297619048,17.28404762,19.62678571,26.22142857,25.28571429
2025-06-27 19:45:00+00:00,432.4896868,0.0,25.81578564,314.3856313,3.83403119,-0.289478115,17.05171429,19.41822222,26.13157127,25.2
2025-06-27 20:00:00+00:00,431.9198268,0.0,25.73977778,317.5620106,1.508595238,-1.807619048,16.77992593,19.26666667,26.07208621,25.14
2025-06-27 20:15:00+00:00,431.8686869,0.0,25.7,320.6641667,0.405732601,-3.208423006,16.4251511,19.10571429,26.03100649,25.1
2025-06-27 20:30:00+00:00,430.2879798,0.0,25.61846561,323.8083148,0.028984127,-4.504338624,16.27287037,18.9344709,25.9,25.08169312
2025-06-27 20:45:00+00:00,430.0511768,0.0,25.54666667,327.0590873,0.0,-5.720873016,16.05195556,18.73634921,25.84666667,25.0
2025-06-27 21:00:00+00:00,430.0,0.0,25.5,330.1732441,0.0,-6.798855219,15.67551431,18.58,25.77984848,24.91716667
2025-06-27 21:15:00+00:00,429.2691672,0.0,25.45578231,333.6687822,0.0,-7.869130076,15.29041506,18.45714286,25.7,24.85580357
2025-06-27 21:30:00+00:00,429.1761952,0.0,25.38733333,336.9906657,0.0,-8.745387488,15.13311373,18.29206349,25.65809524,24.8
2025-06-27 21:45:00+00:00,428.3686402,0.0,25.3,340.4792302,0.0,-9.576923077,14.92,18.19333333,25.59545455,24.72
2025-06-27 22:00:00+00:00,428.9555556,0.0,25.22084615,343.7596429,0.0,-10.21820106,14.83283333,17.925,25.5,24.7
2025-06-27 22:15:00+00:00,429.0,0.0,25.19285714,346.9902259,0.0,-10.7251862,14.67382479,17.76557887,25.50714286,24.675387
2025-06-27 22:30:00+00:00,429.0060606,0.0,25.1,350.5432037,0.0,-11.12916667,14.40642593,17.535,25.45818182,24.6
2025-06-27 22:45:00+00:00,428.8404463,0.0,25.05888889,354.1214444,0.0,-11.46666667,14.12885714,17.35955556,25.44120858,24.56111111
2025-06-27 23:00:00+00:00,428.2537106,0.0,25.0,357.6447029,0.0,-11.64761905,13.99329016,17.12974359,25.36904762,24.5
2025-06-27 23:15:00+00:00,426.6629168,0.0,24.99929825,93.60630495,0.0,-11.67416667,13.85409316,16.93142857,25.32659649,24.5
2025-06-27 23:30:00+00:00,426.6888889,0.0,24.9,4.774674955,0.0,-11.55805387,13.68829197,16.73333333,25.2,24.43287879
2025-06-27 23:45:00+00:00,425.9933333,0.0,24.86610526,8.382761905,0.0,-11.32,13.6,16.50355556,25.201,24.4
2025-06-28 00:00:00+00:00,425.4472799,0.0,24.8,11.79115385,0.0,-10.94655844,13.67428571,16.31309524,25.23087131,24.4
2025-06-28 00:15:00+00:00,425.3830075,0.0,24.8,15.1499697,0.0,-10.46901852,13.84666667,16.14861111,25.1,24.4
2025-06-28 00:30:00+00:00,425.6589715,0.0,24.70701299,18.66436147,0.0,-9.849004329,13.9,16.0,25.15983165,24.30995671
2025-06-28 00:45:00+00:00,425.0270588,0.0,24.7,22.28424363,0.0,-9.058756614,13.94816667,16.0,25.00933333,24.3
2025-06-28 01:00:00+00:00,424.2416195,0.0,24.7,25.10178571,0.0,-8.308333333,13.90357143,15.87142857,25.0,24.3
2025-06-28 01:15:00+00:00,424.5735238,0.0,24.64461461,28.61060533,0.0,-7.282028388,13.90923611,15.8,25.05611111,24.24412698
2025-06-28 01:30:00+00:00,424.7245172,0.0,24.6,31.79909764,0.0,-6.254111111,13.91511111,15.8,25.00849524,24.2
2025-06-28 01:45:00+00:00,425.2256854,0.0,24.6,35.16444444,0.0,-5.052844774,14.03325809,15.8,24.9,24.2
2025-06-28 02:00:00+00:00,424.19,0.0,24.59123016,38.31035113,0.036075862,-3.761341991,14.02851893,15.8,24.9,24.2
2025-06-28 02:15:00+00:00,423.8090962,0.0,24.5,41.69848148,0.428349928,-2.315476191,14.15041667,15.8,24.87866584,24.15464646
2025-06-28 02:30:00+00:00,424.6535907,0.0,24.5,44.89910726,1.110716029,-0.814239538,14.2259519,15.8,24.8,24.1
2025-06-28 02:45:00+00:00,424.1323248,0.0,24.5,47.96869898,1.686374141,0.620096372,14.28272727,15.8,24.8,24.1
2025-06-28 03:00:00+00:00,422.8342326,0.0,24.5,50.79306397,2.086317615,2.123943835,14.36851852,15.8,24.8,24.1
2025-06-28 03:15:00+00:00,422.1463402,0.0,24.5,53.99961448,5.957397193,3.947878788,14.42676768,15.8,24.79846154,24.1
2025-06-28 03:30:00+00:00,422.613817,0.0,24.5,56.88840115,7.768701773,5.639040404,14.47081385,15.8,24.7257971,24.1
2025-06-28 03:45:00+00:00,422.6385281,0.0,24.45941176,59.93159166,9.209104963,7.509480202,14.47700549,15.82857143,24.7,24.05968254
2025-06-28 04:00:00+00:00,421.3324444,0.0,24.4,62.82495149,14.13745441,9.372403744,14.43492223,15.9,24.7,24.0
2025-06-28 04:15:00+00:00,421.6851436,0.0,24.4,65.54830159,23.13863242,11.21437374,14.48841905,15.9,24.7,24.0
2025-06-28 04:30:00+00:00,420.7335043,0.0,24.4,68.75706614,19.85503334,13.37444444,14.55211818,15.99111111,24.7,24.0
2025-06-28 04:45:00+00:00,420.750963,0.0,24.4,71.43732323,40.1392065,15.24909091,14.56411089,16.0,24.7,24.0
2025-06-28 05:00:00+00:00,420.9255829,0.0,24.4,74.31616667,32.65765223,17.28342857,14.36473485,16.0,24.7,24.0
2025-06-28 05:15:00+00:00,420.9403704,0.0,24.4,77.43288889,39.06799683,19.47777778,14.41350084,16.01333333,24.76166667,24.0
2025-06-28 05:30:00+00:00,420.1864768,0.0,24.4,80.30984127,40.18445255,21.53571429,14.52404824,16.1,24.8,24.0
2025-06-28 05:45:00+00:00,419.9901515,0.0,24.30806763,83.13111111,33.4069263,23.53518519,14.6,16.13571429,24.77676698,24.0
2025-06-28 06:00:00+00:00,419.0,0.0,24.3,86.22718975,36.03724185,25.7516734,14.66028571,16.2,24.61884904,24.0
2025-06-28 06:15:00+00:00,419.6030859,0.0,24.3,89.40956277,70.67902795,27.9813999,14.86758504,16.25333333,24.64678095,24.0
2025-06-28 06:30:00+00:00,418.641478,0.0,24.31549165,92.53805451,94.91069444,30.15324854,15.16635706,16.3,24.7637544,24.0
2025-06-28 06:45:00+00:00,418.1334713,0.0,24.4,95.68906972,103.1305445,32.26389947,15.64,16.3,24.8,24.0
2025-06-28 07:00:00+00:00,417.8112711,0.0,24.4,98.51731579,138.2730499,34.10443256,15.98117041,16.30222222,24.71691718,24.0
2025-06-28 07:15:00+00:00,418.9637037,0.0,24.4,102.4637751,139.9403247,36.5992619,16.53516178,16.4,24.7,24.0
2025-06-28 07:30:00+00:00,418.498892,0.0,24.4,105.9268579,166.1553513,38.63212894,16.98063312,16.44404762,24.7,24.0
2025-06-28 07:45:00+00:00,418.069367,0.0,24.4,109.4718148,267.3241221,40.64285714,17.50815079,16.5,24.7,24.0
2025-06-28 08:00:00+00:00,417.0529956,0.0,24.4,113.082963,356.198649,42.59705026,18.27083598,16.5,24.7,24.0
2025-06-28 08:15:00+00:00,415.952381,0.0,24.40748299,117.1979422,466.0279666,44.66259354,18.96204082,16.62142857,24.7,24.00714286
2025-06-28 08:30:00+00:00,415.5691969,0.0,24.5,121.006358,497.4035324,46.3700812,19.62934106,16.7,24.78530286,24.1
2025-06-28 08:45:00+00:00,415.2255711,0.0,24.5,125.3038418,427.3965086,48.17749624,19.83190692,16.75,24.8,24.1
2025-06-28 09:00:00+00:00,415.07,0.0,24.5,130.0847172,424.1307263,49.99185185,20.2004899,16.92948413,24.81460317,24.10666667
2025-06-28 09:15:00+00:00,416.3571429,0.0,24.53571429,135.2767262,664.6964225,51.6927381,20.05373214,17.0,24.93357143,24.2
2025-06-28 09:30:00+00:00,415.6017399,0.0,24.6,140.2436481,612.5717789,53.08839394,20.93921058,17.14,24.96730159,24.20166667
2025-06-28 09:45:00+00:00,414.6023465,0.0,24.66730159,145.0501481,625.2883231,54.28,20.96420513,17.24133333,25.09757576,24.3
2025-06-28 10:00:00+00:00,415.0957357,0.0,24.7,151.2304762,606.2571916,55.5980928,21.73490476,17.40666667,25.00777778,24.33259259
2025-06-28 10:15:00+00:00,414.5763988,0.0,24.75310849,156.9806122,638.6649698,56.55646259,21.72537698,17.59404762,25.19473684,24.4
2025-06-28 10:30:00+00:00,414.6262299,0.0,24.8,162.0365983,722.7427412,57.1777094,21.710125,17.78888889,25.17181818,24.4
2025-06-28 10:45:00+00:00,414.3929825,0.0,24.86074074,169.5554762,609.9188336,57.84504762,22.40088889,18.06333333,25.156,24.4
2025-06-28 11:00:00+00:00,414.3780224,0.0,24.92091837,175.9396338,570.4722789,58.14214286,22.94213977,18.3,25.28078231,24.45714286
2025-06-28 11:15:00+00:00,414.2614815,0.0,25.0,181.9927339,488.308768,58.17903175,23.46988274,18.69589744,25.24,24.5
2025-06-28 11:30:00+00:00,414.722958,0.0,25.02333333,188.0854996,449.3006204,58.02390883,23.23612351,19.37810606,25.4,24.53611146
2025-06-28 11:45:00+00:00,415.369697,0.0,25.11983165,194.9177273,823.0703452,57.55069192,23.40656616,20.1792381,25.4123883,24.6
2025-06-28 12:00:00+00:00,416.109127,0.0,25.2,200.7868122,597.2419993,56.92960373,23.29052198,20.67142857,25.5,24.6
2025-06-28 12:15:00+00:00,416.1252018,0.0,25.24666667,206.4321993,425.1256961,56.11451881,23.29858586,20.8,25.57867524,24.67637951
2025-06-28 12:30:00+00:00,415.5416448,0.0,25.31707071,212.7362698,364.4906199,54.94063492,23.43092371,21.39698413,25.55609649,24.74233333
2025-06-28 12:45:00+00:00,416.306574,0.0,25.4,218.3404436,312.9280262,53.62522122,23.43415644,21.89333333,25.60103676,24.8
2025-06-28 13:00:00+00:00,417.0384796,0.0,25.4,222.8685281,179.1118069,52.40552154,23.03428571,22.18785714,25.7,24.8
2025-06-28 13:15:00+00:00,417.0357978,0.0,25.4,228.182963,148.6083769,50.75206349,22.6987619,22.3,25.6245614,24.87393939
2025-06-28 13:30:00+00:00,416.6739146,0.0,25.4,232.5820185,120.1024638,49.18501684,22.412,22.37805556,25.6,24.9
2025-06-28 13:45:00+00:00,417.3535714,0.0,25.4,237.3969048,109.2594775,47.25698413,21.82572511,22.6,25.6,24.9
2025-06-28 14:00:00+00:00,417.4846876,0.0,25.43142857,241.3725466,216.9681534,45.52447882,21.5210871,22.54666667,25.6,24.9
2025-06-28 14:15:00+00:00,417.0,0.0,25.5,245.5630159,494.510531,43.51618254,21.75381825,22.11761905,25.71059116,24.9386532
2025-06-28 14:30:00+00:00,416.5398699,0.0,25.57121784,249.4214652,537.0936971,41.49686325,22.23495952,22.1,25.99428638,25.06722222
2025-06-28 14:45:00+00:00,415.3174603,0.0,25.7,253.1935374,357.9844401,39.39098639,22.4767517,22.1,26.17142857,25.2
2025-06-28 15:00:00+00:00,415.9276235,0.0,25.72406085,256.1122222,209.0952793,37.70962963,22.31133333,22.16111111,26.13966115,25.2
2025-06-28 15:15:00+00:00,417.2268498,0.0,25.8,260.1652138,165.407909,35.18578571,22.48454545,22.26,26.07174603,25.2
2025-06-28 15:30:00+00:00,416.079932,0.0,25.8,263.2876314,170.6578863,33.16593151,22.53265731,22.24285714,26.03690476,25.22755102
2025-06-28 15:45:00+00:00,416.3360629,0.0,25.8,266.5425639,162.4343666,31.00078439,22.53564912,22.3,26.1847619,25.3
2025-06-28 16:00:00+00:00,415.9747024,0.0,25.8,269.0733333,145.0003061,29.22761905,22.16747253,22.3,26.02509804,25.3
2025-06-28 16:15:00+00:00,416.0074074,0.0,25.8,272.3231111,94.91777905,27.00348148,21.74267244,22.3,26.0,25.3
2025-06-28 16:30:00+00:00,416.8015873,0.0,25.8,275.8130063,58.50966842,24.50611163,21.21655844,22.3,26.01607143,25.3
2025-06-28 16:45:00+00:00,418.5266667,0.0,25.8,278.3623443,52.90555279,22.7010463,20.99170455,22.18333333,26.1,25.3
2025-06-28 17:00:00+00:00,417.4763553,0.0,25.78533333,281.4601058,42.17927286,20.452,20.58824339,21.99166667,26.1,25.224
2025-06-28 17:15:00+00:00,417.0,0.0,25.7,284.509,41.34725098,18.26955556,20.27346667,21.82311111,25.99128205,25.2
2025-06-28 17:30:00+00:00,417.3156843,0.0,25.7,287.4805002,23.61520038,16.17076105,20.16198708,21.7,25.9,25.2
2025-06-28 17:45:00+00:00,416.6985792,0.0,25.7,290.3473371,19.61678173,14.15656223,19.89207835,21.49395604,25.9,25.2
2025-06-28 18:00:00+00:00,417.6692024,0.0,25.7,293.247855,16.74302919,12.19689755,19.72934573,21.30233333,25.9,25.2
2025-06-28 18:15:00+00:00,417.3549202,0.0,25.6592,296.2724747,8.156420086,10.14446465,19.56049495,21.07688889,25.85806667,25.19333333
2025-06-28 18:30:00+00:00,418.1584952,0.0,25.6,299.3432398,7.874965317,8.169387755,19.4,20.89761905,25.8,25.1
2025-06-28 18:45:00+00:00,417.5434343,0.0,25.6,301.8622222,4.83485679,6.594444444,19.29764502,20.7347619,25.8,25.1
2025-06-28 19:00:00+00:00,416.6512756,0.0,25.52884361,305.1897446,4.25675958,4.563492064,19.13520707,20.55037037,25.8,25.1
2025-06-28 19:15:00+00:00,416.2360544,0.0,25.5,308.0101343,3.141400168,2.986864683,19.11369481,20.41428571,25.74076554,25.1
2025-06-28 19:30:00+00:00,416.9202614,0.0,25.5,311.1658598,1.906540024,1.23037037,19.01037037,20.24666667,25.7,25.1
2025-06-28 19:45:00+00:00,416.6336865,0.0,25.5,313.9037798,1.757663641,-0.119771825,18.93218487,20.14681122,25.7,25.1
2025-06-28 20:00:00+00:00,416.017037,0.0,25.5,317.4007619,0.437057778,-1.793333333,18.843,20.01698413,25.7,25.00484848
2025-06-28 20:15:00+00:00,415.3919864,0.0,25.5,320.1949459,0.124693637,-3.042653319,18.77008658,19.9224026,25.7,25.0
2025-06-28 20:30:00+00:00,416.0885951,0.0,25.44519781,323.5587479,0.028183184,-4.455575758,18.682,19.8,25.64382528,25.0
2025-06-28 20:45:00+00:00,415.1540275,0.0,25.4,326.9529286,0.0,-5.753489178,18.61015873,19.75714286,25.6,25.0
2025-06-28 21:00:00+00:00,415.9812979,0.0,25.4,330.3555413,0.0,-6.895636527,18.68952991,19.61428571,25.6,24.97277778
2025-06-28 21:15:00+00:00,415.7857143,0.0,25.4,333.3366316,0.0,-7.807142857,18.74285714,19.5,25.6,24.9
2025-06-28 21:30:00+00:00,416.3311111,0.0,25.34641026,336.7879262,0.0,-8.773363118,18.67302137,19.47777778,25.5821939,24.9
2025-06-28 21:45:00+00:00,415.7818971,0.0,25.3,340.4639286,0.0,-9.596666667,18.60715,19.33866667,25.5,24.9
2025-06-28 22:00:00+00:00,416.1291981,0.0,25.3,343.818563,0.0,-10.26280423,18.53925926,19.3,25.5,24.9
2025-06-28 22:15:00+00:00,415.535074,0.0,25.3,347.2077976,0.0,-10.78901238,18.29163488,19.24821429,25.5,24.9
2025-06-28 22:30:00+00:00,416.3020256,0.0,25.25133575,350.6670839,0.0,-11.25379121,18.10655,19.15702381,25.5,24.86701852
2025-06-28 22:45:00+00:00,417.1059672,0.0,25.2,353.8798461,0.0,-11.49333333,17.9732,19.1,25.50910755,24.8
2025-06-28 23:00:00+00:00,417.905306,0.0,25.2,357.8546954,0.0,-11.68,17.84398016,19.1,25.6,24.8
2025-06-28 23:15:00+00:00,417.8935063,0.0,25.2,27.00645408,0.0,-11.7,17.64375,19.06153846,25.59615385,24.8
2025-06-28 23:30:00+00:00,417.89571,0.0,25.2,4.751053391,0.0,-11.61333333,17.56061905,19.0,25.4606903,24.8
2025-06-28 23:45:00+00:00,418.1647186,0.0,25.2,8.277476191,0.0,-11.34719048,17.36666667,18.89333333,25.4,24.79333333
2025-06-29 00:00:00+00:00,417.3961039,0.0,25.13190476,11.78677232,0.0,-11.00255102,17.19964286,18.8,25.4,24.7
2025-06-29 00:15:00+00:00,418.2094028,0.0,25.1,15.11777778,0.0,-10.51194444,17.10583333,18.8,25.4,24.7
2025-06-29 00:30:00+00:00,417.6789112,0.0,25.1,18.58791392,0.0,-9.892148962,17.18790873,18.65642857,25.46689826,24.7
2025-06-29 00:45:00+00:00,416.7386983,0.0,25.1,22.15220571,0.0,-9.12875969,17.2,18.58666667,25.5,24.7
2025-06-29 01:00:00+00:00,415.8662744,0.0,25.1,25.30443146,0.0,-8.331104164,17.16865027,18.45,25.41177319,24.7
2025-06-29 01:15:00+00:00,415.6946068,0.0,25.1,28.5286455,0.0,-7.385486773,17.18933333,18.4,25.3,24.7
2025-06-29 01:30:00+00:00,417.3818004,0.0,25.00121212,32.01228205,0.0,-6.265666667,17.18728205,18.392,25.3,24.7
2025-06-29 01:45:00+00:00,417.9692096,0.0,25.0,35.26317338,0.0,-5.081092796,16.95634341,18.3,25.3,24.61487463
2025-06-29 02:00:00+00:00,417.7217069,0.0,25.0,38.35459184,0.111759113,-3.809994331,16.84514286,18.2984127,25.3,24.6
2025-06-29 02:15:00+00:00,417.2120104,0.0,25.0,41.66949074,0.375,-2.391296296,16.94378333,18.2,25.3,24.64143275
2025-06-29 02:30:00+00:00,417.4143334,0.0,25.0,44.79203896,0.559533149,-0.918148148,17.03602564,18.2,25.32533476,24.6
2025-06-29 02:45:00+00:00,417.4360462,0.0,25.0,47.81622059,3.701245246,0.493679894,17.09933333,18.1,25.4,24.6
2025-06-29 03:00:00+00:00,417.5347577,0.0,25.0,51.04502831,7.048286921,2.212844061,17.09928571,18.1,25.4,24.6
2025-06-29 03:15:00+00:00,417.5229371,0.0,25.0,53.88369312,16.29287433,3.811661376,17.00666667,18.04666667,25.32703463,24.6
2025-06-29 03:30:00+00:00,417.3121549,0.0,25.0,56.76035859,21.28765994,5.517694444,16.95521667,18.0,25.2,24.6
2025-06-29 03:45:00+00:00,417.4608553,0.0,25.0,59.86911977,30.63421121,7.440483921,16.9,17.98553571,25.2,24.6
2025-06-29 04:00:00+00:00,417.3440476,0.0,25.0,62.74681481,51.37711234,9.284814815,16.95002694,17.9,25.2,24.6
2025-06-29 04:15:00+00:00,417.7012213,0.0,25.0,65.6323779,140.6034622,11.17445442,17.3139258,17.9,25.2,24.6
2025-06-29 04:30:00+00:00,416.8877248,0.0,25.0,68.61255556,99.09594012,13.20621068,17.46661111,17.88666667,25.24827567,24.6
2025-06-29 04:45:00+00:00,416.7195432,0.0,25.0,71.41962482,157.2334557,15.17386364,17.60820346,17.75882937,25.39766313,24.6
2025-06-29 05:00:00+00:00,416.4303119,0.0,25.0,74.48278571,209.3293311,17.30872222,17.83837566,17.7,25.37084211,24.6
2025-06-29 05:15:00+00:00,416.3557932,0.0,25.0,77.4911544,227.9168971,19.44276575,17.93864935,17.60133333,25.4,24.6
2025-06-29 05:30:00+00:00,416.6818394,0.0,25.0,80.31487302,327.0599383,21.47072872,18.02695065,17.6,25.4,24.6
2025-06-29 05:45:00+00:00,418.1963254,0.0,25.0,83.32565193,234.339281,23.63087095,18.27222635,17.6,25.4,24.6
2025-06-29 06:00:00+00:00,418.459437,0.0,25.0,86.17129915,364.5072864,25.6574416,18.53869048,17.69333333,25.4,24.6
2025-06-29 06:15:00+00:00,419.6366667,0.0,25.0,89.41478571,404.7426877,27.92186508,18.40722487,17.75333333,25.4,24.62888889
2025-06-29 06:30:00+00:00,419.5712219,0.0,25.05762779,92.541163,451.6955455,30.07759354,18.61978571,17.87692308,25.37597735,24.7
2025-06-29 06:45:00+00:00,419.1097289,0.0,25.1,95.56931624,477.3280349,32.11557265,18.8089362,17.90666667,25.3,24.7
2025-06-29 07:00:00+00:00,418.8813734,0.0,25.1,98.84647543,500.2913048,34.26841354,18.87213352,18.00666667,25.3,24.7
2025-06-29 07:15:00+00:00,419.0068559,0.0,25.1,102.3547143,527.951363,36.464329,18.89376923,18.1,25.3,24.7
2025-06-29 07:30:00+00:00,417.6587117,0.0,25.1,105.6791837,558.5254675,38.4255102,18.90204082,18.1,25.3,24.7
2025-06-29 07:45:00+00:00,418.6803049,0.0,25.1,109.1033704,586.3360084,40.42355556,18.93489418,18.13333333,25.32510857,24.7
2025-06-29 08:00:00+00:00,417.7461097,6.175,25.1,113.1931746,634.8370524,42.59822222,19.14104497,18.2,25.48121212,24.7
2025-06-29 08:15:00+00:00,417.4092408,0.0,25.18528736,117.1507123,666.0168212,44.54164021,18.83334066,18.29333333,25.4,24.76996633
2025-06-29 08:30:00+00:00,417.7863684,0.0,25.2,120.916614,672.4564983,46.26529042,18.8591562,18.39285714,25.4,24.8
2025-06-29 08:45:00+00:00,418.6484168,0.0,25.2,125.577,620.0703653,48.21759259,18.79046667,18.4,25.4,24.8
2025-06-29 09:00:00+00:00,418.7639673,0.0,25.2,130.4098413,718.5877818,50.02884921,19.16533333,18.4,25.4,24.8
2025-06-29 09:15:00+00:00,415.9350649,0.0,25.2,135.1737103,498.5112871,51.59680556,19.04049603,18.4,25.4,24.8
2025-06-29 09:30:00+00:00,417.4,0.0,25.2,139.863254,743.8143496,52.95142857,18.8802963,18.4,25.4,24.8
2025-06-29 09:45:00+00:00,419.135935,0.0,25.2,145.5474074,784.9582611,54.37478175,19.39681686,18.4,25.4,24.77392157
2025-06-29 10:00:00+00:00,420.6425394,0.0,25.2,151.4487121,783.1482193,55.57198391,19.71711366,18.43583333,25.4,24.8
2025-06-29 10:15:00+00:00,420.2724775,0.0,25.2,157.1704422,782.0692602,56.51456633,19.7060119,18.53571429,25.51409026,24.8
2025-06-29 10:30:00+00:00,419.7924658,0.422222222,25.2,163.1045152,642.8329521,57.21195767,19.55940741,18.6,25.6,24.8
2025-06-29 10:45:00+00:00,421.0115912,0.77030303,25.2,169.642463,737.2800371,57.8075,19.5307647,18.71666667,25.6,24.8
2025-06-29 11:00:00+00:00,422.6868742,0.432,25.205,175.6644444,682.1554989,58.06709259,19.59660969,18.81111111,25.6,24.8
2025-06-29 11:15:00+00:00,424.3306174,0.0,25.29887218,182.4025987,768.5041759,58.09910714,19.58619202,18.91190476,25.6,24.83328558
2025-06-29 11:30:00+00:00,423.4989204,0.0,25.3,188.3884459,565.7584322,57.96611544,19.83729088,19.03301587,25.6,24.82143939
2025-06-29 11:45:00+00:00,422.3960384,0.0,25.3,194.8324127,827.5289277,57.50936508,19.83096142,19.13822222,25.56965328,24.9
2025-06-29 12:00:00+00:00,421.59199,0.0,25.3,200.7486905,802.1436815,56.90714286,19.81938776,19.41801587,25.5,24.9
2025-06-29 12:15:00+00:00,422.8777778,0.0,25.32714286,206.6997407,788.2631222,56.02338889,20.271,19.61406593,25.5,24.9
2025-06-29 12:30:00+00:00,423.2856061,0.0,25.4,212.8148333,772.6274727,54.87933333,19.95353175,19.84666667,25.52570973,24.9
2025-06-29 12:45:00+00:00,422.737037,0.266666667,25.42787879,218.370627,763.8214118,53.57761905,20.03732381,20.04285714,25.6362794,24.95515152
2025-06-29 13:00:00+00:00,422.7204259,0.0,25.5,223.3394655,745.0300657,52.20632653,20.04482143,20.2,25.72827398,25.0
2025-06-29 13:15:00+00:00,424.6190476,0.0,25.51939394,228.2378148,730.4334385,50.67809259,19.85068718,20.26666667,25.80777778,25.05333333
2025-06-29 13:30:00+00:00,424.8069946,0.0,25.62060606,233.0146667,715.8636804,48.97481481,19.75434947,20.64444444,26.0,25.12
2025-06-29 13:45:00+00:00,424.5508121,1.583333333,25.74285027,237.3157029,695.4680369,47.25527211,19.89591837,20.7,26.11096681,25.24083333
2025-06-29 14:00:00+00:00,425.3083195,4.795238095,25.8747619,241.3392227,676.2562808,45.48540404,19.78043771,20.74244444,26.24106462,25.374
2025-06-29 14:15:00+00:00,425.1624774,5.193333333,26.04003899,245.5734259,652.4028584,43.44157407,19.65365079,20.88666667,26.39518519,25.44666667
2025-06-29 14:30:00+00:00,426.6742015,0.519741936,26.13252028,249.02,629.4363119,41.6285291,19.63465628,20.9,26.50357372,25.57487179
2025-06-29 14:45:00+00:00,426.2857341,12.14642857,26.35093248,253.0490976,597.6656775,39.40233239,19.54036674,21.0,26.64020308,25.71343795
2025-06-29 15:00:00+00:00,427.4060606,0.0,26.54060606,256.4831859,570.0822755,37.40003108,19.48922559,21.0,26.84228706,25.84261111
2025-06-29 15:15:00+00:00,427.5434779,0.0,26.6782716,259.9697778,538.9003722,35.25315832,19.37060769,21.0,27.04,26.0435
2025-06-29 15:30:00+00:00,427.0776484,0.0,26.82019169,263.1667251,508.2073069,33.176443,19.1818215,21.0,27.14688995,26.15270899
2025-06-29 15:45:00+00:00,427.7158684,0.0,26.88559184,266.4528309,496.7076923,30.98528448,19.20377551,20.97755102,27.32841316,26.42395604
2025-06-29 16:00:00+00:00,428.0267677,0.36,27.09866667,269.4776667,386.7948848,28.87464286,18.67502116,20.9,27.46779798,26.43416667
2025-06-29 16:15:00+00:00,428.7149026,0.587647059,27.10926159,272.7488042,383.5352913,26.61748677,18.61865,20.75333333,27.63163198,26.49375
2025-06-29 16:30:00+00:00,428.5238462,0.0,27.29673584,275.7462857,349.6109797,24.49404762,18.67604815,20.55333333,27.83004069,26.69593651
2025-06-29 16:45:00+00:00,428.6905799,0.0,27.34269103,278.5914909,231.5012873,22.44107401,18.40022196,20.49196429,27.9,26.74285714
2025-06-29 17:00:00+00:00,429.3319514,0.0,27.4466946,281.4754234,284.6013146,20.40893246,18.37694041,20.3525,28.00867941,26.79660053
2025-06-29 17:15:00+00:00,429.0471428,0.0,27.51892407,283.9896537,256.364367,18.60377778,18.3264632,20.19027778,28.13519947,26.92
2025-06-29 17:30:00+00:00,428.4478664,0.0,27.5,287.43875,139.7195533,16.13196429,17.83119048,20.06428571,28.1,26.82857143
2025-06-29 17:45:00+00:00,428.612617,0.0,27.5,290.3908148,152.4467597,14.0626455,17.68825397,19.90571429,28.1,26.82
2025-06-29 18:00:00+00:00,430.2862696,0.0,27.5,292.9086722,151.5394775,12.32490415,17.39945876,19.63066667,28.1,26.82402673
2025-06-29 18:15:00+00:00,428.8185535,0.0,27.5,296.1917491,140.5781934,10.15815324,17.25102234,19.396,28.1,26.8
2025-06-29 18:30:00+00:00,429.7035905,0.0,27.41534993,299.1011905,105.1308898,8.241870748,17.02259122,19.21105442,28.1,26.8
2025-06-29 18:45:00+00:00,429.0348371,0.0,27.35925926,301.7551364,77.38148942,6.573358396,16.70435253,18.9287037,27.8822809,26.71555556
2025-06-29 19:00:00+00:00,428.0606061,0.0,27.28545455,305.173137,36.30161305,4.511055149,16.42501425,18.6,27.68539683,26.61583333
2025-06-29 19:15:00+00:00,428.3352879,0.0,27.18619048,308.0545387,26.59724011,2.895941318,16.16606061,18.32303571,27.58619048,26.58666667
2025-06-29 19:30:00+00:00,428.9343337,0.0,27.05523088,311.2673469,11.14400641,1.109982993,15.86039116,18.02361111,27.45453782,26.48857143
2025-06-29 19:45:00+00:00,429.4890172,0.0,27.0,314.1343598,4.101333422,-0.277108706,15.55899716,17.79071429,27.36639259,26.4
2025-06-29 20:00:00+00:00,429.6562812,0.0,26.92242424,317.1278042,1.570926635,-1.718412698,15.31768519,17.50111111,27.25688889,26.32666667
2025-06-29 20:15:00+00:00,430.6867974,0.0,26.8290414,320.2031169,0.552336135,-3.086666667,15.19794872,17.28666667,27.1575641,26.23134921
2025-06-29 20:30:00+00:00,431.0253998,0.0,26.70386768,323.3567293,0.083359724,-4.445020099,14.98460557,17.03571429,27.02748724,26.17142857
2025-06-29 20:45:00+00:00,430.608252,0.0,26.6,326.7466667,0.0,-5.707833333,14.78577778,16.82111111,27.02895944,26.06213187
2025-06-29 21:00:00+00:00,431.1327731,73.96890272,26.53701958,330.0306878,0.0,-6.856366013,14.604,16.39904762,26.80917473,25.96633333
2025-06-29 21:15:00+00:00,432.0233918,106.4583712,26.38018157,333.4246232,0.0,-7.931694415,14.5127551,16.37857143,26.66428571,25.796897
2025-06-29 21:30:00+00:00,429.9637142,108.4933924,26.17816768,336.6752011,0.0,-8.804537037,14.34023925,16.24666667,26.65450187,25.63333333
2025-06-29 21:45:00+00:00,430.7111239,105.2822624,26.03950877,340.2460943,0.0,-9.639848485,14.23785714,16.112,26.56134211,25.54606061
2025-06-29 22:00:00+00:00,435.3444452,207.3916561,25.87982336,343.7666243,0.0,-10.33492593,14.06621693,15.80222222,26.24974553,25.40259259
2025-06-29 22:15:00+00:00,444.955028,264.3676703,25.63055316,347.30604,0.0,-10.87857143,14.10714286,15.6,25.87755664,25.25132885
2025-06-29 22:30:00+00:00,446.8070739,266.7938993,25.4168254,350.5715256,0.0,-11.2548658,14.16247436,15.56,25.5535254,25.02541026
2025-06-29 22:45:00+00:00,447.8058333,266.7503577,25.13195129,353.803,0.0,-11.5621746,14.1115,15.43071429,25.33006218,24.85369437
2025-06-29 23:00:00+00:00,448.2331653,274.8646225,24.8983683,357.7468122,0.0,-11.74740741,13.96299254,15.32730159,25.13319876,24.66314286
2025-06-29 23:15:00+00:00,448.7396645,276.6236872,24.75007258,26.94217404,0.0,-11.8,13.71327072,15.13392857,24.94799157,24.54724784
2025-06-29 23:30:00+00:00,447.4555556,274.6632906,24.59935897,4.708592593,0.0,-11.66245238,13.52216667,15.1,24.76602564,24.36857143
2025-06-29 23:45:00+00:00,447.4360119,274.5942685,24.41538462,8.143948413,0.0,-11.44593254,13.44542659,14.93076923,24.57692308,24.2
2025-06-30 00:00:00+00:00,446.2884366,275.1024936,24.25790727,11.59211348,0.0,-11.08039064,13.38329365,14.9,24.51335034,24.03454082
2025-06-30 00:15:00+00:00,446.9366022,272.3044156,24.11574524,15.03706975,0.0,-10.59698581,13.35272407,14.84666667,24.40682484,23.62419872
2025-06-30 00:30:00+00:00,447.3333333,275.8312821,23.94751282,18.64049735,0.0,-9.928086081,13.21101587,14.78666667,24.27491453,23.55333333
2025-06-30 00:45:00+00:00,448.7666667,272.9436508,23.84673993,22.03762465,0.0,-9.21062963,13.27001852,14.7,24.11539683,23.40518519
2025-06-30 01:00:00+00:00,447.3679119,267.024047,23.69220779,25.26037415,0.0,-8.39872449,13.24854649,14.62142857,24.04285714,23.17695578
2025-06-30 01:15:00+00:00,448.5397284,266.96159,23.53282906,28.44480427,0.0,-7.484136752,12.97073915,14.56,24.02473526,23.17488215
2025-06-30 01:30:00+00:00,447.6128703,269.9193086,23.46996296,31.80444567,0.0,-6.377981741,12.98116548,14.5,23.89744978,23.0712381
2025-06-30 01:45:00+00:00,447.5533333,268.7463164,23.49111111,35.25090557,0.019443711,-5.113228242,12.90803009,14.48111111,23.79555556,23.03388889
2025-06-30 02:00:00+00:00,447.0238043,271.0874616,23.32796992,38.55626417,0.343603445,-3.808302412,12.84862245,14.4,23.6968216,22.97423469
2025-06-30 02:15:00+00:00,447.5727273,268.3285235,23.26666667,41.62333333,1.331318549,-2.485,12.84,14.4,23.59833333,22.95361111
2025-06-30 02:30:00+00:00,447.8952541,271.1368103,23.16847375,44.75902381,3.887488951,-0.98830784,12.743495,14.34666667,23.56680796,22.9
2025-06-30 02:45:00+00:00,447.3292776,275.0467532,23.0,47.9317033,9.950532255,0.491814436,12.83323078,14.3,23.5,22.87867063
2025-06-30 03:00:00+00:00,448.7902868,107.219215,23.0,50.84461392,22.61599575,2.027484294,12.81242275,14.3,23.40484848,22.8
2025-06-30 03:15:00+00:00,447.7121567,119.2893939,23.15948052,53.85279461,39.78978329,3.734763533,12.946,17.26666667,23.5219697,22.83322751
2025-06-30 03:30:00+00:00,445.670367,126.7643372,23.21062558,56.79449735,61.08417104,5.478349206,13.10206032,17.30571429,23.6,22.9
2025-06-30 03:45:00+00:00,444.6318749,148.3446076,23.3,59.63106794,89.39716386,7.239240017,13.32126173,17.1,23.63050752,22.96371753
2025-06-30 04:00:00+00:00,445.8933371,168.518575,23.3,62.39784512,60.78103184,8.98195614,13.34674339,17.1,23.64717653,23.0
2025-06-30 04:15:00+00:00,445.5742076,190.1114286,23.23324786,65.59486772,89.09187415,11.10249327,13.30343651,17.1,23.66295727,23.05026455
2025-06-30 04:30:00+00:00,445.3997682,207.5777699,23.22207882,68.72211111,133.6918164,13.21353704,13.48422222,17.10166667,23.7,23.1
2025-06-30 04:45:00+00:00,447.6164046,225.1373556,23.20542672,71.53575397,149.8371716,15.18793651,13.45949802,17.19375,23.68181818,23.1
2025-06-30 05:00:00+00:00,458.9806568,229.4886368,23.1,74.434,178.4128838,17.22531481,13.62604444,17.19247619,23.47847059,23.10666667
2025-06-30 05:15:00+00:00,457.6292485,238.0279654,23.1,77.47857143,213.0554997,19.3585,13.92865801,17.02867133,23.36820202,23.2
2025-06-30 05:30:00+00:00,453.9003419,245.9561207,23.1,80.14166667,169.6630692,21.26879252,14.10744589,16.99047619,23.4,23.16233766
2025-06-30 05:45:00+00:00,452.5453968,254.3878788,23.1,83.27152381,117.0551956,23.51784656,13.97101296,16.85961538,23.32343434,23.16717949
2025-06-30 06:00:00+00:00,451.8404384,259.4401792,23.1,86.32923232,157.7980183,25.67522367,14.16545455,16.95,23.3,23.39598075
2025-06-30 06:15:00+00:00,458.8249158,265.6037678,23.1,89.2635,162.3149377,27.72984127,14.26797619,17.0,23.3,23.54074074
2025-06-30 06:30:00+00:00,487.7734108,267.0708101,23.25059524,92.56704082,215.5423602,30.03222789,14.29692641,17.07619048,23.3,23.58952922
2025-06-30 06:45:00+00:00,503.0173913,267.5484963,23.26978313,95.66814286,242.4042807,32.1337672,14.45628653,17.13333333,23.3627956,23.66872222
2025-06-30 07:00:00+00:00,487.0657183,269.0720125,23.30494505,98.96739057,253.9923545,34.25347475,14.74259259,17.18333333,23.36685805,23.57952936
2025-06-30 07:15:00+00:00,469.6856406,269.6876287,23.4,102.3775926,395.6433307,36.39878307,15.18593484,17.04884848,23.39933333,23.861
2025-06-30 07:30:00+00:00,507.1150352,268.9045384,23.43333333,105.8507537,329.0520357,38.48655612,15.415625,17.16043084,23.39907738,23.99285714
2025-06-30 07:45:00+00:00,602.8690732,265.752963,23.56841404,109.5234815,543.3119877,40.57453175,15.5327037,17.15333333,23.47790123,24.09838095
2025-06-30 08:00:00+00:00,617.2777178,265.3364893,23.73315751,112.9963333,538.9198975,42.38486532,15.62878205,17.10166667,23.677,24.1
2025-06-30 08:15:00+00:00,599.3511289,268.6801307,23.70444444,117.3073112,657.5481376,44.55693279,16.02594084,17.11247619,24.05938242,24.19384615
2025-06-30 08:30:00+00:00,522.5054806,271.9369267,23.60319444,121.2382795,501.4042097,46.35378401,16.49688492,17.3745671,24.22228383,24.2
2025-06-30 08:45:00+00:00,503.4796041,270.3557179,23.51047619,125.7081061,741.0273924,48.20829304,16.68570085,17.25285714,24.15505952,24.28787879
2025-06-30 09:00:00+00:00,509.7090906,269.9370723,23.52409091,129.9109798,496.5041826,49.78313468,16.93053199,17.2438073,24.2358143,24.32666667
2025-06-30 09:15:00+00:00,513.3262588,268.2665602,23.6,135.1398647,801.2018396,51.52307359,17.26616883,17.39714286,24.52687966,24.31121934
2025-06-30 09:30:00+00:00,503.8773867,272.3388717,23.59708625,140.1250433,776.2335309,52.94953968,17.26636508,17.04285714,24.6770252,24.3
2025-06-30 09:45:00+00:00,493.7883405,270.6950442,23.5,145.5291337,777.5654443,54.29253922,17.45911687,17.24143915,24.61388889,24.07374074
2025-06-30 10:00:00+00:00,485.6546117,270.3786165,23.5,151.2852737,770.6878319,55.47956061,17.46905176,17.3437037,24.6,23.8
2025-06-30 10:15:00+00:00,500.2774725,273.9584656,23.5,157.0385204,762.4269453,56.41600057,17.9075,17.62583333,24.6,23.75659341
2025-06-30 10:30:00+00:00,663.2960318,273.3004921,23.83575984,162.5357698,770.1233567,57.12483333,17.98324074,17.36428571,24.64078431,23.89136364
2025-06-30 10:45:00+00:00,815.8902631,271.8691471,24.22305556,169.4664947,779.1867609,57.70185185,18.43021905,17.10472222,24.7,23.98477778
2025-06-30 11:00:00+00:00,781.9767965,270.6714286,24.37793651,175.7651111,787.848951,57.99688889,18.64531653,17.12884615,24.7,24.10722222
2025-06-30 11:15:00+00:00,720.7950383,272.3196078,24.51199634,182.2604553,783.1393201,58.06428571,18.39973915,17.21547619,24.65142857,24.40833333
2025-06-30 11:30:00+00:00,700.2302338,269.5308355,24.55020636,188.5905847,781.9521698,57.86914286,18.69986429,17.215,24.39066667,24.5
2025-06-30 11:45:00+00:00,710.1994002,266.8645687,24.51838807,194.9326737,809.5425678,57.45282051,18.64557071,17.26,24.29282828,24.56824786
2025-06-30 12:00:00+00:00,680.7981496,269.7200397,24.59960317,200.8360884,782.5223372,56.81431973,18.82594898,17.18346939,24.370625,24.34346775
2025-06-30 12:15:00+00:00,706.7801616,273.6739036,24.59599962,206.356963,775.9671721,55.98718519,18.89269841,17.15111111,24.37206268,24.07166667
2025-06-30 12:30:00+00:00,726.6721856,272.9173789,24.63062271,212.7906138,767.9812606,54.80111111,19.27111111,17.16533333,24.52940837,24.0
2025-06-30 12:45:00+00:00,720.3819048,271.6786201,24.68092097,218.0060714,755.6905434,53.62869048,19.33141905,17.09230769,24.59666667,23.96587302
2025-06-30 13:00:00+00:00,697.7055933,271.4244848,24.67718931,222.8470238,744.8704123,52.29961735,19.65680272,17.07142857,24.4,24.15918367
2025-06-30 13:15:00+00:00,553.975534,270.5396782,24.41306667,228.0791508,729.7515021,50.67362963,19.76553539,17.03061905,24.31444444,24.131
2025-06-30 13:30:00+00:00,522.9105731,271.7326297,24.31207373,232.8049383,709.858871,48.99762963,19.93583497,17.29535714,24.30575,24.23019048
2025-06-30 13:45:00+00:00,517.7228311,268.8450396,24.41229126,237.2563095,696.1897354,47.20059524,20.21825926,17.20888889,24.39388581,24.2
2025-06-30 14:00:00+00:00,530.5601957,86.33249137,24.59154851,241.4749405,555.9437091,45.33109694,19.88523397,15.45007326,24.546141,24.225
2025-06-30 14:15:00+00:00,552.9870193,53.50905781,24.93831217,245.367281,662.4860344,43.47226414,20.16001903,14.65142857,24.75427177,24.43754386
2025-06-30 14:30:00+00:00,495.4279102,53.87891262,25.06804622,249.0724339,630.3524817,41.52079365,20.09287157,17.49577778,24.96808484,24.56673913
2025-06-30 14:45:00+00:00,466.4707028,53.11343022,25.23681818,252.4697078,524.6940229,39.64756494,20.2743321,17.10443878,25.1413474,24.6778971
2025-06-30 15:00:00+00:00,457.2342994,53.04071787,25.39333588,256.3217566,530.2990174,37.40080423,20.34688889,17.41333333,25.294548,24.8017948
2025-06-30 15:15:00+00:00,455.8503251,53.28579254,25.56385142,259.5464226,507.7466564,35.38493266,20.22821238,17.23453968,25.49840404,25.10068376
2025-06-30 15:30:00+00:00,455.2451875,52.31614652,25.71300855,263.1136835,522.9031906,33.12546489,20.46719709,17.36333333,25.64725641,25.21899567
2025-06-30 15:45:00+00:00,450.4668314,52.90306122,25.76051054,265.9684941,443.9298997,31.20093151,20.39393318,17.01721088,25.79198052,25.33355573
2025-06-30 16:00:00+00:00,446.9428571,52.46155797,25.92134848,269.2387055,448.389531,29.00017416,20.03728519,16.70891005,25.94173913,25.4334269
2025-06-30 16:15:00+00:00,446.3309162,53.39649123,26.13333333,272.657664,391.3779134,26.6193254,20.06508862,16.62,26.091,25.57022222
2025-06-30 16:30:00+00:00,445.8419785,53.41233083,26.23674755,275.6727838,348.2646032,24.46744709,20.07250909,16.61222222,26.20521645,25.67016595
2025-06-30 16:45:00+00:00,443.2733587,53.375,26.37190194,278.483631,307.8103969,22.42024943,19.9455102,16.91071429,26.30095238,25.73058442
2025-06-30 17:00:00+00:00,443.7794401,53.01334512,26.50242424,281.4960735,292.8556892,20.29183333,19.93863387,16.81557692,26.36716049,25.8387037
2025-06-30 17:15:00+00:00,442.4711111,53.82404222,26.6,284.371275,272.2007221,18.26361656,20.04575842,16.97166667,26.47427609,26.01444976
2025-06-30 17:30:00+00:00,441.3125653,53.69262589,26.53724868,287.4451465,237.0666511,16.05162338,20.09636447,16.86795918,26.5962963,26.0
2025-06-30 17:45:00+00:00,440.9323077,52.70677315,26.66719236,290.3612735,205.3309818,14.0102381,20.08183291,16.9,26.6,26.11535354
2025-06-30 18:00:00+00:00,440.6688889,53.30151515,26.632,293.1440999,174.2521364,12.10123436,19.9434532,16.87066667,26.69566667,26.1
2025-06-30 18:15:00+00:00,440.1915212,53.07528227,26.735147,296.1818131,142.5565183,10.07671212,19.71498283,16.75492063,26.7,26.1
2025-06-30 18:30:00+00:00,440.0428469,52.4514506,26.7,299.0690208,113.164959,8.208197794,19.74550228,16.92285714,26.7,26.1
2025-06-30 18:45:00+00:00,440.2841206,53.30857143,26.644,301.9960317,84.60171567,6.352202351,19.38698023,17.1,26.7,26.07333333
2025-06-30 19:00:00+00:00,439.6993585,12.27091588,26.6,305.0255656,57.03207782,4.532526036,19.39023489,17.06481481,26.7,26.02466667
2025-06-30 19:15:00+00:00,438.0120614,0.0,26.6,307.9516498,33.59886404,2.899698742,18.93098643,17.56,26.52526338,26.00828571
2025-06-30 19:30:00+00:00,436.3246011,0.0,26.58367347,310.8577819,17.16404341,1.295871985,18.59771008,17.66428571,26.51632653,25.98357143
2025-06-30 19:45:00+00:00,435.9803862,0.0,26.5,314.1507593,5.989816065,-0.366018519,18.162,17.6,26.58646465,25.9
2025-06-30 20:00:00+00:00,434.528538,0.0,26.5,317.1859748,2.211244986,-1.834125395,17.82357332,17.56666667,26.43087719,25.88592593
2025-06-30 20:15:00+00:00,434.8826436,0.0,26.41780117,320.6046619,0.634090909,-3.333333333,17.45904502,17.5,26.43515152,25.8
2025-06-30 20:30:00+00:00,433.1969042,0.0,26.35,323.528582,0.156973153,-4.558420944,17.16408782,17.50192308,26.3,25.75634921
2025-06-30 20:45:00+00:00,432.4349541,0.0,26.29366667,326.8677052,0.0,-5.834480247,16.94756394,17.65444444,26.29822078,25.7
2025-06-30 21:00:00+00:00,431.4407504,0.0,26.2,330.1246284,0.0,-6.973030303,16.73181818,17.7,26.24494949,25.62877493
2025-06-30 21:15:00+00:00,429.408917,0.0,26.13517816,333.2623663,0.0,-7.93859127,16.66269841,17.8,26.17024828,25.6
2025-06-30 21:30:00+00:00,430.0393939,0.0,26.03309524,336.7229127,0.0,-8.859693122,16.59461279,17.9,26.15983908,25.53333333
2025-06-30 21:45:00+00:00,430.4291526,0.0,25.99333333,340.2632239,0.0,-9.698804233,16.64384574,18.01333333,26.0,25.46
2025-06-30 22:00:00+00:00,430.8215137,0.0,25.9,343.6283968,0.0,-10.36219048,16.89283886,18.14766667,25.99465127,25.4
2025-06-30 22:15:00+00:00,429.6952298,0.0,25.86952381,347.0486642,0.0,-10.89889456,16.95978896,18.3702381,25.9,25.4
2025-06-30 22:30:00+00:00,430.1437469,0.0,25.8,350.3869392,0.0,-11.34441077,16.94271801,18.46,25.86666667,25.36666667
2025-06-30 22:45:00+00:00,429.2350427,0.0,25.74165398,353.9849524,0.0,-11.63833333,16.70388889,18.59833333,25.8,25.3
2025-06-30 23:00:00+00:00,429.3525874,0.0,25.7,357.4922937,0.0,-11.8,16.45996825,18.6,25.7407906,25.26666667
2025-06-30 23:15:00+00:00,429.8122721,0.0,25.63847403,101.8556936,0.0,-11.8,16.29184228,18.57857143,25.7,25.2
2025-06-30 23:30:00+00:00,430.5781663,0.0,25.6,4.501508899,0.0,-11.75111111,16.32865224,18.41333333,25.7,25.2
2025-06-30 23:45:00+00:00,430.7300466,0.0,25.5400319,8.05107672,0.0,-11.52708995,16.18087963,18.2747619,25.61864035,25.11904762
